tier,target_year,horizon_days,seed,mask,parties,p_majority,certified_indicator,certified_coalition_seats,brier
tier3,2018,112,12345,1,M,0.0,0,70,0.0
tier3,2018,112,12345,2,L,0.0,0,20,0.0
tier3,2018,112,12345,3,M+L,0.0,0,90,0.0
tier3,2018,112,12345,4,C,0.0,0,31,0.0
tier3,2018,112,12345,5,M+C,0.0,0,101,0.0
tier3,2018,112,12345,6,L+C,0.0,0,51,0.0
tier3,2018,112,12345,7,M+L+C,0.0,0,121,0.0
tier3,2018,112,12345,8,KD,0.0,0,22,0.0
tier3,2018,112,12345,9,M+KD,0.0,0,92,0.0
tier3,2018,112,12345,10,L+KD,0.0,0,42,0.0
tier3,2018,112,12345,11,M+L+KD,0.0,0,112,0.0
tier3,2018,112,12345,12,C+KD,0.0,0,53,0.0
tier3,2018,112,12345,13,M+C+KD,0.0,0,123,0.0
tier3,2018,112,12345,14,L+C+KD,0.0,0,73,0.0
tier3,2018,112,12345,15,M+L+C+KD,0.0,0,143,0.0
tier3,2018,112,12345,16,S,0.0,0,100,0.0
tier3,2018,112,12345,17,M+S,0.64085,0,170,0.41068872250000005
tier3,2018,112,12345,18,L+S,0.0,0,120,0.0
tier3,2018,112,12345,19,M+L+S,0.9516,1,190,0.00234256
tier3,2018,112,12345,20,C+S,0.0,0,131,0.0
tier3,2018,112,12345,21,M+C+S,1.0,1,201,0.0
tier3,2018,112,12345,22,L+C+S,0.0119,0,151,0.00014161000000000002
tier3,2018,112,12345,23,M+L+C+S,1.0,1,221,0.0
tier3,2018,112,12345,24,KD+S,0.0,0,122,0.0
tier3,2018,112,12345,25,M+KD+S,0.64395,1,192,0.1267716025
tier3,2018,112,12345,26,L+KD+S,0.0,0,142,0.0
tier3,2018,112,12345,27,M+L+KD+S,0.95285,1,212,0.0022231225000000025
tier3,2018,112,12345,28,C+KD+S,0.0,0,153,0.0
tier3,2018,112,12345,29,M+C+KD+S,1.0,1,223,0.0
tier3,2018,112,12345,30,L+C+KD+S,0.01345,0,173,0.0001809025
tier3,2018,112,12345,31,M+L+C+KD+S,1.0,1,243,0.0
tier3,2018,112,12345,32,V,0.0,0,28,0.0
tier3,2018,112,12345,33,M+V,0.0,0,98,0.0
tier3,2018,112,12345,34,L+V,0.0,0,48,0.0
tier3,2018,112,12345,35,M+L+V,0.0,0,118,0.0
tier3,2018,112,12345,36,C+V,0.0,0,59,0.0
tier3,2018,112,12345,37,M+C+V,0.02275,0,129,0.0005175625
tier3,2018,112,12345,38,L+C+V,0.0,0,79,0.0
tier3,2018,112,12345,39,M+L+C+V,0.19795,0,149,0.039184202499999994
tier3,2018,112,12345,40,KD+V,0.0,0,50,0.0
tier3,2018,112,12345,41,M+KD+V,0.0,0,120,0.0
tier3,2018,112,12345,42,L+KD+V,0.0,0,70,0.0
tier3,2018,112,12345,43,M+L+KD+V,0.0,0,140,0.0
tier3,2018,112,12345,44,C+KD+V,0.0,0,81,0.0
tier3,2018,112,12345,45,M+C+KD+V,0.02275,0,151,0.0005175625
tier3,2018,112,12345,46,L+C+KD+V,0.0,0,101,0.0
tier3,2018,112,12345,47,M+L+C+KD+V,0.20205,0,171,0.040824202500000004
tier3,2018,112,12345,48,S+V,0.0,0,128,0.0
tier3,2018,112,12345,49,M+S+V,0.9981,1,198,3.6100000000000484e-06
tier3,2018,112,12345,50,L+S+V,0.0,0,148,0.0
tier3,2018,112,12345,51,M+L+S+V,1.0,1,218,0.0
tier3,2018,112,12345,52,C+S+V,0.16,0,159,0.0256
tier3,2018,112,12345,53,M+C+S+V,1.0,1,229,0.0
tier3,2018,112,12345,54,L+C+S+V,0.69675,1,179,0.09196056250000001
tier3,2018,112,12345,55,M+L+C+S+V,1.0,1,249,0.0
tier3,2018,112,12345,56,KD+S+V,0.0,0,150,0.0
tier3,2018,112,12345,57,M+KD+S+V,0.9981,1,220,3.6100000000000484e-06
tier3,2018,112,12345,58,L+KD+S+V,0.0007,0,170,4.9e-07
tier3,2018,112,12345,59,M+L+KD+S+V,1.0,1,240,0.0
tier3,2018,112,12345,60,C+KD+S+V,0.1663,1,181,0.69505569
tier3,2018,112,12345,61,M+C+KD+S+V,1.0,1,251,0.0
tier3,2018,112,12345,62,L+C+KD+S+V,0.6979,1,201,0.09126441000000002
tier3,2018,112,12345,63,M+L+C+KD+S+V,1.0,1,271,0.0
tier3,2018,112,12345,64,MP,0.0,0,16,0.0
tier3,2018,112,12345,65,M+MP,0.0,0,86,0.0
tier3,2018,112,12345,66,L+MP,0.0,0,36,0.0
tier3,2018,112,12345,67,M+L+MP,0.0,0,106,0.0
tier3,2018,112,12345,68,C+MP,0.0,0,47,0.0
tier3,2018,112,12345,69,M+C+MP,0.0,0,117,0.0
tier3,2018,112,12345,70,L+C+MP,0.0,0,67,0.0
tier3,2018,112,12345,71,M+L+C+MP,0.0,0,137,0.0
tier3,2018,112,12345,72,KD+MP,0.0,0,38,0.0
tier3,2018,112,12345,73,M+KD+MP,0.0,0,108,0.0
tier3,2018,112,12345,74,L+KD+MP,0.0,0,58,0.0
tier3,2018,112,12345,75,M+L+KD+MP,0.0,0,128,0.0
tier3,2018,112,12345,76,C+KD+MP,0.0,0,69,0.0
tier3,2018,112,12345,77,M+C+KD+MP,0.0,0,139,0.0
tier3,2018,112,12345,78,L+C+KD+MP,0.0,0,89,0.0
tier3,2018,112,12345,79,M+L+C+KD+MP,0.0,0,159,0.0
tier3,2018,112,12345,80,S+MP,0.0,0,116,0.0
tier3,2018,112,12345,81,M+S+MP,0.8933,1,186,0.011384890000000003
tier3,2018,112,12345,82,L+S+MP,0.0,0,136,0.0
tier3,2018,112,12345,83,M+L+S+MP,0.9988,1,206,1.4399999999999494e-06
tier3,2018,112,12345,84,C+S+MP,0.00125,0,147,1.5625e-06
tier3,2018,112,12345,85,M+C+S+MP,1.0,1,217,0.0
tier3,2018,112,12345,86,L+C+S+MP,0.17185,0,167,0.029532422500000002
tier3,2018,112,12345,87,M+L+C+S+MP,1.0,1,237,0.0
tier3,2018,112,12345,88,KD+S+MP,0.0,0,138,0.0
tier3,2018,112,12345,89,M+KD+S+MP,0.89735,1,208,0.010537022500000003
tier3,2018,112,12345,90,L+KD+S+MP,0.0,0,158,0.0
tier3,2018,112,12345,91,M+L+KD+S+MP,0.99885,1,228,1.322499999999964e-06
tier3,2018,112,12345,92,C+KD+S+MP,0.00125,0,169,1.5625e-06
tier3,2018,112,12345,93,M+C+KD+S+MP,1.0,1,239,0.0
tier3,2018,112,12345,94,L+C+KD+S+MP,0.1755,1,189,0.67980025
tier3,2018,112,12345,95,M+L+C+KD+S+MP,1.0,1,259,0.0
tier3,2018,112,12345,96,V+MP,0.0,0,44,0.0
tier3,2018,112,12345,97,M+V+MP,0.0,0,114,0.0
tier3,2018,112,12345,98,L+V+MP,0.0,0,64,0.0
tier3,2018,112,12345,99,M+L+V+MP,0.00085,0,134,7.225e-07
tier3,2018,112,12345,100,C+V+MP,0.0,0,75,0.0
tier3,2018,112,12345,101,M+C+V+MP,0.1481,0,145,0.021933610000000003
tier3,2018,112,12345,102,L+C+V+MP,0.0,0,95,0.0
tier3,2018,112,12345,103,M+L+C+V+MP,0.5691,0,165,0.32387481000000007
tier3,2018,112,12345,104,KD+V+MP,0.0,0,66,0.0
tier3,2018,112,12345,105,M+KD+V+MP,0.0,0,136,0.0
tier3,2018,112,12345,106,L+KD+V+MP,0.0,0,86,0.0
tier3,2018,112,12345,107,M+L+KD+V+MP,0.00085,0,156,7.225e-07
tier3,2018,112,12345,108,C+KD+V+MP,0.0,0,97,0.0
tier3,2018,112,12345,109,M+C+KD+V+MP,0.14815,0,167,0.021948422500000002
tier3,2018,112,12345,110,L+C+KD+V+MP,0.0,0,117,0.0
tier3,2018,112,12345,111,M+L+C+KD+V+MP,0.57535,1,187,0.18032762249999998
tier3,2018,112,12345,112,S+V+MP,0.0,0,144,0.0
tier3,2018,112,12345,113,M+S+V+MP,1.0,1,214,0.0
tier3,2018,112,12345,114,L+S+V+MP,0.0377,0,164,0.0014212899999999997
tier3,2018,112,12345,115,M+L+S+V+MP,1.0,1,234,0.0
tier3,2018,112,12345,116,C+S+V+MP,0.57215,1,175,0.18305562249999996
tier3,2018,112,12345,117,M+C+S+V+MP,1.0,1,245,0.0
tier3,2018,112,12345,118,L+C+S+V+MP,0.8642,1,195,0.01844164000000001
tier3,2018,112,12345,119,M+L+C+S+V+MP,1.0,1,265,0.0
tier3,2018,112,12345,120,KD+S+V+MP,0.0,0,166,0.0
tier3,2018,112,12345,121,M+KD+S+V+MP,1.0,1,236,0.0
tier3,2018,112,12345,122,L+KD+S+V+MP,0.0398,1,186,0.9219840399999999
tier3,2018,112,12345,123,M+L+KD+S+V+MP,1.0,1,256,0.0
tier3,2018,112,12345,124,C+KD+S+V+MP,0.5772,1,197,0.17875983999999995
tier3,2018,112,12345,125,M+C+KD+S+V+MP,1.0,1,267,0.0
tier3,2018,112,12345,126,L+C+KD+S+V+MP,0.865,1,217,0.018225
tier3,2018,112,12345,127,M+L+C+KD+S+V+MP,1.0,1,287,0.0
tier3,2018,112,12345,128,SD,0.0,0,62,0.0
tier3,2018,112,12345,129,M+SD,0.135,0,132,0.018225
tier3,2018,112,12345,130,L+SD,0.0,0,82,0.0
tier3,2018,112,12345,131,M+L+SD,0.4228,0,152,0.17875984
tier3,2018,112,12345,132,C+SD,0.0,0,93,0.0
tier3,2018,112,12345,133,M+C+SD,0.9602,0,163,0.9219840400000001
tier3,2018,112,12345,134,L+C+SD,0.0,0,113,0.0
tier3,2018,112,12345,135,M+L+C+SD,1.0,1,183,0.0
tier3,2018,112,12345,136,KD+SD,0.0,0,84,0.0
tier3,2018,112,12345,137,M+KD+SD,0.1358,0,154,0.018441640000000002
tier3,2018,112,12345,138,L+KD+SD,0.0,0,104,0.0
tier3,2018,112,12345,139,M+L+KD+SD,0.42785,0,174,0.18305562250000001
tier3,2018,112,12345,140,C+KD+SD,0.0,0,115,0.0
tier3,2018,112,12345,141,M+C+KD+SD,0.9623,1,185,0.0014212899999999967
tier3,2018,112,12345,142,L+C+KD+SD,0.0,0,135,0.0
tier3,2018,112,12345,143,M+L+C+KD+SD,1.0,1,205,0.0
tier3,2018,112,12345,144,S+SD,0.42465,0,162,0.18032762250000003
tier3,2018,112,12345,145,M+S+SD,1.0,1,232,0.0
tier3,2018,112,12345,146,L+S+SD,0.85185,1,182,0.021948422500000002
tier3,2018,112,12345,147,M+L+S+SD,1.0,1,252,0.0
tier3,2018,112,12345,148,C+S+SD,0.99915,1,193,7.225000000000296e-07
tier3,2018,112,12345,149,M+C+S+SD,1.0,1,263,0.0
tier3,2018,112,12345,150,L+C+S+SD,1.0,1,213,0.0
tier3,2018,112,12345,151,M+L+C+S+SD,1.0,1,283,0.0
tier3,2018,112,12345,152,KD+S+SD,0.4309,1,184,0.32387480999999996
tier3,2018,112,12345,153,M+KD+S+SD,1.0,1,254,0.0
tier3,2018,112,12345,154,L+KD+S+SD,0.8519,1,204,0.021933610000000003
tier3,2018,112,12345,155,M+L+KD+S+SD,1.0,1,274,0.0
tier3,2018,112,12345,156,C+KD+S+SD,0.99915,1,215,7.225000000000296e-07
tier3,2018,112,12345,157,M+C+KD+S+SD,1.0,1,285,0.0
tier3,2018,112,12345,158,L+C+KD+S+SD,1.0,1,235,0.0
tier3,2018,112,12345,159,M+L+C+KD+S+SD,1.0,1,305,0.0
tier3,2018,112,12345,160,V+SD,0.0,0,90,0.0
tier3,2018,112,12345,161,M+V+SD,0.8245,0,160,0.67980025
tier3,2018,112,12345,162,L+V+SD,0.0,0,110,0.0
tier3,2018,112,12345,163,M+L+V+SD,0.99875,1,180,1.5624999999999334e-06
tier3,2018,112,12345,164,C+V+SD,0.00115,0,121,1.3225e-06
tier3,2018,112,12345,165,M+C+V+SD,1.0,1,191,0.0
tier3,2018,112,12345,166,L+C+V+SD,0.10265,0,141,0.010537022500000002
tier3,2018,112,12345,167,M+L+C+V+SD,1.0,1,211,0.0
tier3,2018,112,12345,168,KD+V+SD,0.0,0,112,0.0
tier3,2018,112,12345,169,M+KD+V+SD,0.82815,1,182,0.02953242249999998
tier3,2018,112,12345,170,L+KD+V+SD,0.0,0,132,0.0
tier3,2018,112,12345,171,M+L+KD+V+SD,0.99875,1,202,1.5624999999999334e-06
tier3,2018,112,12345,172,C+KD+V+SD,0.0012,0,143,1.4399999999999998e-06
tier3,2018,112,12345,173,M+C+KD+V+SD,1.0,1,213,0.0
tier3,2018,112,12345,174,L+C+KD+V+SD,0.1067,0,163,0.01138489
tier3,2018,112,12345,175,M+L+C+KD+V+SD,1.0,1,233,0.0
tier3,2018,112,12345,176,S+V+SD,1.0,1,190,0.0
tier3,2018,112,12345,177,M+S+V+SD,1.0,1,260,0.0
tier3,2018,112,12345,178,L+S+V+SD,1.0,1,210,0.0
tier3,2018,112,12345,179,M+L+S+V+SD,1.0,1,280,0.0
tier3,2018,112,12345,180,C+S+V+SD,1.0,1,221,0.0
tier3,2018,112,12345,181,M+C+S+V+SD,1.0,1,291,0.0
tier3,2018,112,12345,182,L+C+S+V+SD,1.0,1,241,0.0
tier3,2018,112,12345,183,M+L+C+S+V+SD,1.0,1,311,0.0
tier3,2018,112,12345,184,KD+S+V+SD,1.0,1,212,0.0
tier3,2018,112,12345,185,M+KD+S+V+SD,1.0,1,282,0.0
tier3,2018,112,12345,186,L+KD+S+V+SD,1.0,1,232,0.0
tier3,2018,112,12345,187,M+L+KD+S+V+SD,1.0,1,302,0.0
tier3,2018,112,12345,188,C+KD+S+V+SD,1.0,1,243,0.0
tier3,2018,112,12345,189,M+C+KD+S+V+SD,1.0,1,313,0.0
tier3,2018,112,12345,190,L+C+KD+S+V+SD,1.0,1,263,0.0
tier3,2018,112,12345,191,M+L+C+KD+S+V+SD,1.0,1,333,0.0
tier3,2018,112,12345,192,MP+SD,0.0,0,78,0.0
tier3,2018,112,12345,193,M+MP+SD,0.3021,0,148,0.09126440999999999
tier3,2018,112,12345,194,L+MP+SD,0.0,0,98,0.0
tier3,2018,112,12345,195,M+L+MP+SD,0.8337,0,168,0.69505569
tier3,2018,112,12345,196,C+MP+SD,0.0,0,109,0.0
tier3,2018,112,12345,197,M+C+MP+SD,0.9993,1,179,4.900000000000475e-07
tier3,2018,112,12345,198,L+C+MP+SD,0.0019,0,129,3.61e-06
tier3,2018,112,12345,199,M+L+C+MP+SD,1.0,1,199,0.0
tier3,2018,112,12345,200,KD+MP+SD,0.0,0,100,0.0
tier3,2018,112,12345,201,M+KD+MP+SD,0.30325,0,170,0.09196056250000001
tier3,2018,112,12345,202,L+KD+MP+SD,0.0,0,120,0.0
tier3,2018,112,12345,203,M+L+KD+MP+SD,0.84,1,190,0.02560000000000001
tier3,2018,112,12345,204,C+KD+MP+SD,0.0,0,131,0.0
tier3,2018,112,12345,205,M+C+KD+MP+SD,1.0,1,201,0.0
tier3,2018,112,12345,206,L+C+KD+MP+SD,0.0019,0,151,3.61e-06
tier3,2018,112,12345,207,M+L+C+KD+MP+SD,1.0,1,221,0.0
tier3,2018,112,12345,208,S+MP+SD,0.79795,1,178,0.04082420249999998
tier3,2018,112,12345,209,M+S+MP+SD,1.0,1,248,0.0
tier3,2018,112,12345,210,L+S+MP+SD,0.97725,1,198,0.0005175625000000022
tier3,2018,112,12345,211,M+L+S+MP+SD,1.0,1,268,0.0
tier3,2018,112,12345,212,C+S+MP+SD,1.0,1,209,0.0
tier3,2018,112,12345,213,M+C+S+MP+SD,1.0,1,279,0.0
tier3,2018,112,12345,214,L+C+S+MP+SD,1.0,1,229,0.0
tier3,2018,112,12345,215,M+L+C+S+MP+SD,1.0,1,299,0.0
tier3,2018,112,12345,216,KD+S+MP+SD,0.80205,1,200,0.03918420249999999
tier3,2018,112,12345,217,M+KD+S+MP+SD,1.0,1,270,0.0
tier3,2018,112,12345,218,L+KD+S+MP+SD,0.97725,1,220,0.0005175625000000022
tier3,2018,112,12345,219,M+L+KD+S+MP+SD,1.0,1,290,0.0
tier3,2018,112,12345,220,C+KD+S+MP+SD,1.0,1,231,0.0
tier3,2018,112,12345,221,M+C+KD+S+MP+SD,1.0,1,301,0.0
tier3,2018,112,12345,222,L+C+KD+S+MP+SD,1.0,1,251,0.0
tier3,2018,112,12345,223,M+L+C+KD+S+MP+SD,1.0,1,321,0.0
tier3,2018,112,12345,224,V+MP+SD,0.0,0,106,0.0
tier3,2018,112,12345,225,M+V+MP+SD,0.98655,1,176,0.000180902499999999
tier3,2018,112,12345,226,L+V+MP+SD,0.0,0,126,0.0
tier3,2018,112,12345,227,M+L+V+MP+SD,1.0,1,196,0.0
tier3,2018,112,12345,228,C+V+MP+SD,0.04715,0,137,0.0022231225
tier3,2018,112,12345,229,M+C+V+MP+SD,1.0,1,207,0.0
tier3,2018,112,12345,230,L+C+V+MP+SD,0.35605,0,157,0.1267716025
tier3,2018,112,12345,231,M+L+C+V+MP+SD,1.0,1,227,0.0
tier3,2018,112,12345,232,KD+V+MP+SD,0.0,0,128,0.0
tier3,2018,112,12345,233,M+KD+V+MP+SD,0.9881,1,198,0.0001416100000000005
tier3,2018,112,12345,234,L+KD+V+MP+SD,0.0,0,148,0.0
tier3,2018,112,12345,235,M+L+KD+V+MP+SD,1.0,1,218,0.0
tier3,2018,112,12345,236,C+KD+V+MP+SD,0.0484,0,159,0.00234256
tier3,2018,112,12345,237,M+C+KD+V+MP+SD,1.0,1,229,0.0
tier3,2018,112,12345,238,L+C+KD+V+MP+SD,0.35915,1,179,0.4106887224999999
tier3,2018,112,12345,239,M+L+C+KD+V+MP+SD,1.0,1,249,0.0
tier3,2018,112,12345,240,S+V+MP+SD,1.0,1,206,0.0
tier3,2018,112,12345,241,M+S+V+MP+SD,1.0,1,276,0.0
tier3,2018,112,12345,242,L+S+V+MP+SD,1.0,1,226,0.0
tier3,2018,112,12345,243,M+L+S+V+MP+SD,1.0,1,296,0.0
tier3,2018,112,12345,244,C+S+V+MP+SD,1.0,1,237,0.0
tier3,2018,112,12345,245,M+C+S+V+MP+SD,1.0,1,307,0.0
tier3,2018,112,12345,246,L+C+S+V+MP+SD,1.0,1,257,0.0
tier3,2018,112,12345,247,M+L+C+S+V+MP+SD,1.0,1,327,0.0
tier3,2018,112,12345,248,KD+S+V+MP+SD,1.0,1,228,0.0
tier3,2018,112,12345,249,M+KD+S+V+MP+SD,1.0,1,298,0.0
tier3,2018,112,12345,250,L+KD+S+V+MP+SD,1.0,1,248,0.0
tier3,2018,112,12345,251,M+L+KD+S+V+MP+SD,1.0,1,318,0.0
tier3,2018,112,12345,252,C+KD+S+V+MP+SD,1.0,1,259,0.0
tier3,2018,112,12345,253,M+C+KD+S+V+MP+SD,1.0,1,329,0.0
tier3,2018,112,12345,254,L+C+KD+S+V+MP+SD,1.0,1,279,0.0
tier3,2018,112,24680,1,M,0.0,0,70,0.0
tier3,2018,112,24680,2,L,0.0,0,20,0.0
tier3,2018,112,24680,3,M+L,0.0,0,90,0.0
tier3,2018,112,24680,4,C,0.0,0,31,0.0
tier3,2018,112,24680,5,M+C,0.0,0,101,0.0
tier3,2018,112,24680,6,L+C,0.0,0,51,0.0
tier3,2018,112,24680,7,M+L+C,0.0,0,121,0.0
tier3,2018,112,24680,8,KD,0.0,0,22,0.0
tier3,2018,112,24680,9,M+KD,0.0,0,92,0.0
tier3,2018,112,24680,10,L+KD,0.0,0,42,0.0
tier3,2018,112,24680,11,M+L+KD,0.0,0,112,0.0
tier3,2018,112,24680,12,C+KD,0.0,0,53,0.0
tier3,2018,112,24680,13,M+C+KD,0.0,0,123,0.0
tier3,2018,112,24680,14,L+C+KD,0.0,0,73,0.0
tier3,2018,112,24680,15,M+L+C+KD,0.0,0,143,0.0
tier3,2018,112,24680,16,S,0.0,0,100,0.0
tier3,2018,112,24680,17,M+S,0.64325,0,170,0.4137705625
tier3,2018,112,24680,18,L+S,0.0,0,120,0.0
tier3,2018,112,24680,19,M+L+S,0.9538,1,190,0.0021344400000000018
tier3,2018,112,24680,20,C+S,0.0,0,131,0.0
tier3,2018,112,24680,21,M+C+S,1.0,1,201,0.0
tier3,2018,112,24680,22,L+C+S,0.01125,0,151,0.0001265625
tier3,2018,112,24680,23,M+L+C+S,1.0,1,221,0.0
tier3,2018,112,24680,24,KD+S,0.0,0,122,0.0
tier3,2018,112,24680,25,M+KD+S,0.64735,1,192,0.12436202250000002
tier3,2018,112,24680,26,L+KD+S,0.0,0,142,0.0
tier3,2018,112,24680,27,M+L+KD+S,0.95535,1,212,0.001993622499999997
tier3,2018,112,24680,28,C+KD+S,0.0,0,153,0.0
tier3,2018,112,24680,29,M+C+KD+S,1.0,1,223,0.0
tier3,2018,112,24680,30,L+C+KD+S,0.01305,0,173,0.00017030250000000003
tier3,2018,112,24680,31,M+L+C+KD+S,1.0,1,243,0.0
tier3,2018,112,24680,32,V,0.0,0,28,0.0
tier3,2018,112,24680,33,M+V,0.0,0,98,0.0
tier3,2018,112,24680,34,L+V,0.0,0,48,0.0
tier3,2018,112,24680,35,M+L+V,0.0,0,118,0.0
tier3,2018,112,24680,36,C+V,0.0,0,59,0.0
tier3,2018,112,24680,37,M+C+V,0.02065,0,129,0.0004264225000000001
tier3,2018,112,24680,38,L+C+V,0.0,0,79,0.0
tier3,2018,112,24680,39,M+L+C+V,0.19215,0,149,0.036921622499999994
tier3,2018,112,24680,40,KD+V,0.0,0,50,0.0
tier3,2018,112,24680,41,M+KD+V,0.0,0,120,0.0
tier3,2018,112,24680,42,L+KD+V,0.0,0,70,0.0
tier3,2018,112,24680,43,M+L+KD+V,0.0,0,140,0.0
tier3,2018,112,24680,44,C+KD+V,0.0,0,81,0.0
tier3,2018,112,24680,45,M+C+KD+V,0.0209,0,151,0.00043680999999999993
tier3,2018,112,24680,46,L+C+KD+V,0.0,0,101,0.0
tier3,2018,112,24680,47,M+L+C+KD+V,0.1971,0,171,0.03884841
tier3,2018,112,24680,48,S+V,0.0,0,128,0.0
tier3,2018,112,24680,49,M+S+V,0.99865,1,198,1.8224999999998983e-06
tier3,2018,112,24680,50,L+S+V,0.0,0,148,0.0
tier3,2018,112,24680,51,M+L+S+V,1.0,1,218,0.0
tier3,2018,112,24680,52,C+S+V,0.15545,0,159,0.024164702500000003
tier3,2018,112,24680,53,M+C+S+V,1.0,1,229,0.0
tier3,2018,112,24680,54,L+C+S+V,0.69365,1,179,0.09385032250000001
tier3,2018,112,24680,55,M+L+C+S+V,1.0,1,249,0.0
tier3,2018,112,24680,56,KD+S+V,0.0,0,150,0.0
tier3,2018,112,24680,57,M+KD+S+V,0.99865,1,220,1.8224999999998983e-06
tier3,2018,112,24680,58,L+KD+S+V,0.001,0,170,1e-06
tier3,2018,112,24680,59,M+L+KD+S+V,1.0,1,240,0.0
tier3,2018,112,24680,60,C+KD+S+V,0.1635,1,181,0.6997322500000001
tier3,2018,112,24680,61,M+C+KD+S+V,1.0,1,251,0.0
tier3,2018,112,24680,62,L+C+KD+S+V,0.6955,1,201,0.09272024999999999
tier3,2018,112,24680,63,M+L+C+KD+S+V,1.0,1,271,0.0
tier3,2018,112,24680,64,MP,0.0,0,16,0.0
tier3,2018,112,24680,65,M+MP,0.0,0,86,0.0
tier3,2018,112,24680,66,L+MP,0.0,0,36,0.0
tier3,2018,112,24680,67,M+L+MP,0.0,0,106,0.0
tier3,2018,112,24680,68,C+MP,0.0,0,47,0.0
tier3,2018,112,24680,69,M+C+MP,0.0,0,117,0.0
tier3,2018,112,24680,70,L+C+MP,0.0,0,67,0.0
tier3,2018,112,24680,71,M+L+C+MP,0.0,0,137,0.0
tier3,2018,112,24680,72,KD+MP,0.0,0,38,0.0
tier3,2018,112,24680,73,M+KD+MP,0.0,0,108,0.0
tier3,2018,112,24680,74,L+KD+MP,0.0,0,58,0.0
tier3,2018,112,24680,75,M+L+KD+MP,0.0,0,128,0.0
tier3,2018,112,24680,76,C+KD+MP,0.0,0,69,0.0
tier3,2018,112,24680,77,M+C+KD+MP,0.0,0,139,0.0
tier3,2018,112,24680,78,L+C+KD+MP,0.0,0,89,0.0
tier3,2018,112,24680,79,M+L+C+KD+MP,0.0,0,159,0.0
tier3,2018,112,24680,80,S+MP,0.0,0,116,0.0
tier3,2018,112,24680,81,M+S+MP,0.8957,1,186,0.010878489999999989
tier3,2018,112,24680,82,L+S+MP,0.0,0,136,0.0
tier3,2018,112,24680,83,M+L+S+MP,0.99845,1,206,2.402500000000159e-06
tier3,2018,112,24680,84,C+S+MP,0.0021,0,147,4.409999999999999e-06
tier3,2018,112,24680,85,M+C+S+MP,1.0,1,217,0.0
tier3,2018,112,24680,86,L+C+S+MP,0.177,0,167,0.031328999999999996
tier3,2018,112,24680,87,M+L+C+S+MP,1.0,1,237,0.0
tier3,2018,112,24680,88,KD+S+MP,0.0,0,138,0.0
tier3,2018,112,24680,89,M+KD+S+MP,0.90035,1,208,0.009930122500000003
tier3,2018,112,24680,90,L+KD+S+MP,0.0,0,158,0.0
tier3,2018,112,24680,91,M+L+KD+S+MP,0.99855,1,228,2.1024999999998587e-06
tier3,2018,112,24680,92,C+KD+S+MP,0.0021,0,169,4.409999999999999e-06
tier3,2018,112,24680,93,M+C+KD+S+MP,1.0,1,239,0.0
tier3,2018,112,24680,94,L+C+KD+S+MP,0.1815,1,189,0.66994225
tier3,2018,112,24680,95,M+L+C+KD+S+MP,1.0,1,259,0.0
tier3,2018,112,24680,96,V+MP,0.0,0,44,0.0
tier3,2018,112,24680,97,M+V+MP,0.0,0,114,0.0
tier3,2018,112,24680,98,L+V+MP,0.0,0,64,0.0
tier3,2018,112,24680,99,M+L+V+MP,0.00105,0,134,1.1024999999999998e-06
tier3,2018,112,24680,100,C+V+MP,0.0,0,75,0.0
tier3,2018,112,24680,101,M+C+V+MP,0.1447,0,145,0.02093809
tier3,2018,112,24680,102,L+C+V+MP,0.0,0,95,0.0
tier3,2018,112,24680,103,M+L+C+V+MP,0.56685,0,165,0.32131892249999994
tier3,2018,112,24680,104,KD+V+MP,0.0,0,66,0.0
tier3,2018,112,24680,105,M+KD+V+MP,0.0,0,136,0.0
tier3,2018,112,24680,106,L+KD+V+MP,0.0,0,86,0.0
tier3,2018,112,24680,107,M+L+KD+V+MP,0.00105,0,156,1.1024999999999998e-06
tier3,2018,112,24680,108,C+KD+V+MP,0.0,0,97,0.0
tier3,2018,112,24680,109,M+C+KD+V+MP,0.1452,0,167,0.021083039999999997
tier3,2018,112,24680,110,L+C+KD+V+MP,0.0,0,117,0.0
tier3,2018,112,24680,111,M+L+C+KD+V+MP,0.57425,1,187,0.18126306249999996
tier3,2018,112,24680,112,S+V+MP,0.0,0,144,0.0
tier3,2018,112,24680,113,M+S+V+MP,1.0,1,214,0.0
tier3,2018,112,24680,114,L+S+V+MP,0.04005,0,164,0.0016040025000000002
tier3,2018,112,24680,115,M+L+S+V+MP,1.0,1,234,0.0
tier3,2018,112,24680,116,C+S+V+MP,0.57375,1,175,0.18168906250000003
tier3,2018,112,24680,117,M+C+S+V+MP,1.0,1,245,0.0
tier3,2018,112,24680,118,L+C+S+V+MP,0.85795,1,195,0.020178202500000002
tier3,2018,112,24680,119,M+L+C+S+V+MP,1.0,1,265,0.0
tier3,2018,112,24680,120,KD+S+V+MP,0.0,0,166,0.0
tier3,2018,112,24680,121,M+KD+S+V+MP,1.0,1,236,0.0
tier3,2018,112,24680,122,L+KD+S+V+MP,0.04305,1,186,0.9157533025
tier3,2018,112,24680,123,M+L+KD+S+V+MP,1.0,1,256,0.0
tier3,2018,112,24680,124,C+KD+S+V+MP,0.58045,1,197,0.17602220249999997
tier3,2018,112,24680,125,M+C+KD+S+V+MP,1.0,1,267,0.0
tier3,2018,112,24680,126,L+C+KD+S+V+MP,0.8589,1,217,0.01990921
tier3,2018,112,24680,127,M+L+C+KD+S+V+MP,1.0,1,287,0.0
tier3,2018,112,24680,128,SD,0.0,0,62,0.0
tier3,2018,112,24680,129,M+SD,0.1411,0,132,0.01990921
tier3,2018,112,24680,130,L+SD,0.0,0,82,0.0
tier3,2018,112,24680,131,M+L+SD,0.41955,0,152,0.17602220249999997
tier3,2018,112,24680,132,C+SD,0.0,0,93,0.0
tier3,2018,112,24680,133,M+C+SD,0.95695,0,163,0.9157533025
tier3,2018,112,24680,134,L+C+SD,0.0,0,113,0.0
tier3,2018,112,24680,135,M+L+C+SD,1.0,1,183,0.0
tier3,2018,112,24680,136,KD+SD,0.0,0,84,0.0
tier3,2018,112,24680,137,M+KD+SD,0.14205,0,154,0.020178202500000002
tier3,2018,112,24680,138,L+KD+SD,0.0,0,104,0.0
tier3,2018,112,24680,139,M+L+KD+SD,0.42625,0,174,0.18168906250000003
tier3,2018,112,24680,140,C+KD+SD,0.0,0,115,0.0
tier3,2018,112,24680,141,M+C+KD+SD,0.95995,1,185,0.0016040025000000023
tier3,2018,112,24680,142,L+C+KD+SD,0.0,0,135,0.0
tier3,2018,112,24680,143,M+L+C+KD+SD,1.0,1,205,0.0
tier3,2018,112,24680,144,S+SD,0.42575,0,162,0.18126306250000002
tier3,2018,112,24680,145,M+S+SD,1.0,1,232,0.0
tier3,2018,112,24680,146,L+S+SD,0.8548,1,182,0.021083039999999997
tier3,2018,112,24680,147,M+L+S+SD,1.0,1,252,0.0
tier3,2018,112,24680,148,C+S+SD,0.99895,1,193,1.1024999999999903e-06
tier3,2018,112,24680,149,M+C+S+SD,1.0,1,263,0.0
tier3,2018,112,24680,150,L+C+S+SD,1.0,1,213,0.0
tier3,2018,112,24680,151,M+L+C+S+SD,1.0,1,283,0.0
tier3,2018,112,24680,152,KD+S+SD,0.43315,1,184,0.3213189225000001
tier3,2018,112,24680,153,M+KD+S+SD,1.0,1,254,0.0
tier3,2018,112,24680,154,L+KD+S+SD,0.8553,1,204,0.020938090000000013
tier3,2018,112,24680,155,M+L+KD+S+SD,1.0,1,274,0.0
tier3,2018,112,24680,156,C+KD+S+SD,0.99895,1,215,1.1024999999999903e-06
tier3,2018,112,24680,157,M+C+KD+S+SD,1.0,1,285,0.0
tier3,2018,112,24680,158,L+C+KD+S+SD,1.0,1,235,0.0
tier3,2018,112,24680,159,M+L+C+KD+S+SD,1.0,1,305,0.0
tier3,2018,112,24680,160,V+SD,0.0,0,90,0.0
tier3,2018,112,24680,161,M+V+SD,0.8185,0,160,0.66994225
tier3,2018,112,24680,162,L+V+SD,0.0,0,110,0.0
tier3,2018,112,24680,163,M+L+V+SD,0.9979,1,180,4.409999999999961e-06
tier3,2018,112,24680,164,C+V+SD,0.00145,0,121,2.1024999999999998e-06
tier3,2018,112,24680,165,M+C+V+SD,1.0,1,191,0.0
tier3,2018,112,24680,166,L+C+V+SD,0.09965,0,141,0.009930122500000001
tier3,2018,112,24680,167,M+L+C+V+SD,1.0,1,211,0.0
tier3,2018,112,24680,168,KD+V+SD,0.0,0,112,0.0
tier3,2018,112,24680,169,M+KD+V+SD,0.823,1,182,0.03132900000000002
tier3,2018,112,24680,170,L+KD+V+SD,0.0,0,132,0.0
tier3,2018,112,24680,171,M+L+KD+V+SD,0.9979,1,202,4.409999999999961e-06
tier3,2018,112,24680,172,C+KD+V+SD,0.00155,0,143,2.4025e-06
tier3,2018,112,24680,173,M+C+KD+V+SD,1.0,1,213,0.0
tier3,2018,112,24680,174,L+C+KD+V+SD,0.1043,0,163,0.010878490000000001
tier3,2018,112,24680,175,M+L+C+KD+V+SD,1.0,1,233,0.0
tier3,2018,112,24680,176,S+V+SD,1.0,1,190,0.0
tier3,2018,112,24680,177,M+S+V+SD,1.0,1,260,0.0
tier3,2018,112,24680,178,L+S+V+SD,1.0,1,210,0.0
tier3,2018,112,24680,179,M+L+S+V+SD,1.0,1,280,0.0
tier3,2018,112,24680,180,C+S+V+SD,1.0,1,221,0.0
tier3,2018,112,24680,181,M+C+S+V+SD,1.0,1,291,0.0
tier3,2018,112,24680,182,L+C+S+V+SD,1.0,1,241,0.0
tier3,2018,112,24680,183,M+L+C+S+V+SD,1.0,1,311,0.0
tier3,2018,112,24680,184,KD+S+V+SD,1.0,1,212,0.0
tier3,2018,112,24680,185,M+KD+S+V+SD,1.0,1,282,0.0
tier3,2018,112,24680,186,L+KD+S+V+SD,1.0,1,232,0.0
tier3,2018,112,24680,187,M+L+KD+S+V+SD,1.0,1,302,0.0
tier3,2018,112,24680,188,C+KD+S+V+SD,1.0,1,243,0.0
tier3,2018,112,24680,189,M+C+KD+S+V+SD,1.0,1,313,0.0
tier3,2018,112,24680,190,L+C+KD+S+V+SD,1.0,1,263,0.0
tier3,2018,112,24680,191,M+L+C+KD+S+V+SD,1.0,1,333,0.0
tier3,2018,112,24680,192,MP+SD,0.0,0,78,0.0
tier3,2018,112,24680,193,M+MP+SD,0.3045,0,148,0.09272024999999999
tier3,2018,112,24680,194,L+MP+SD,0.0,0,98,0.0
tier3,2018,112,24680,195,M+L+MP+SD,0.8365,0,168,0.6997322500000001
tier3,2018,112,24680,196,C+MP+SD,0.0,0,109,0.0
tier3,2018,112,24680,197,M+C+MP+SD,0.999,1,179,1.0000000000000019e-06
tier3,2018,112,24680,198,L+C+MP+SD,0.00135,0,129,1.8225000000000001e-06
tier3,2018,112,24680,199,M+L+C+MP+SD,1.0,1,199,0.0
tier3,2018,112,24680,200,KD+MP+SD,0.0,0,100,0.0
tier3,2018,112,24680,201,M+KD+MP+SD,0.30635,0,170,0.09385032250000001
tier3,2018,112,24680,202,L+KD+MP+SD,0.0,0,120,0.0
tier3,2018,112,24680,203,M+L+KD+MP+SD,0.84455,1,190,0.024164702499999993
tier3,2018,112,24680,204,C+KD+MP+SD,0.0,0,131,0.0
tier3,2018,112,24680,205,M+C+KD+MP+SD,1.0,1,201,0.0
tier3,2018,112,24680,206,L+C+KD+MP+SD,0.00135,0,151,1.8225000000000001e-06
tier3,2018,112,24680,207,M+L+C+KD+MP+SD,1.0,1,221,0.0
tier3,2018,112,24680,208,S+MP+SD,0.8029,1,178,0.03884841000000002
tier3,2018,112,24680,209,M+S+MP+SD,1.0,1,248,0.0
tier3,2018,112,24680,210,L+S+MP+SD,0.9791,1,198,0.00043681000000000123
tier3,2018,112,24680,211,M+L+S+MP+SD,1.0,1,268,0.0
tier3,2018,112,24680,212,C+S+MP+SD,1.0,1,209,0.0
tier3,2018,112,24680,213,M+C+S+MP+SD,1.0,1,279,0.0
tier3,2018,112,24680,214,L+C+S+MP+SD,1.0,1,229,0.0
tier3,2018,112,24680,215,M+L+C+S+MP+SD,1.0,1,299,0.0
tier3,2018,112,24680,216,KD+S+MP+SD,0.80785,1,200,0.036921622500000015
tier3,2018,112,24680,217,M+KD+S+MP+SD,1.0,1,270,0.0
tier3,2018,112,24680,218,L+KD+S+MP+SD,0.97935,1,220,0.00042642249999999776
tier3,2018,112,24680,219,M+L+KD+S+MP+SD,1.0,1,290,0.0
tier3,2018,112,24680,220,C+KD+S+MP+SD,1.0,1,231,0.0
tier3,2018,112,24680,221,M+C+KD+S+MP+SD,1.0,1,301,0.0
tier3,2018,112,24680,222,L+C+KD+S+MP+SD,1.0,1,251,0.0
tier3,2018,112,24680,223,M+L+C+KD+S+MP+SD,1.0,1,321,0.0
tier3,2018,112,24680,224,V+MP+SD,0.0,0,106,0.0
tier3,2018,112,24680,225,M+V+MP+SD,0.98695,1,176,0.00017030250000000017
tier3,2018,112,24680,226,L+V+MP+SD,0.0,0,126,0.0
tier3,2018,112,24680,227,M+L+V+MP+SD,1.0,1,196,0.0
tier3,2018,112,24680,228,C+V+MP+SD,0.04465,0,137,0.0019936225
tier3,2018,112,24680,229,M+C+V+MP+SD,1.0,1,207,0.0
tier3,2018,112,24680,230,L+C+V+MP+SD,0.35265,0,157,0.12436202250000002
tier3,2018,112,24680,231,M+L+C+V+MP+SD,1.0,1,227,0.0
tier3,2018,112,24680,232,KD+V+MP+SD,0.0,0,128,0.0
tier3,2018,112,24680,233,M+KD+V+MP+SD,0.98875,1,198,0.00012656249999999961
tier3,2018,112,24680,234,L+KD+V+MP+SD,0.0,0,148,0.0
tier3,2018,112,24680,235,M+L+KD+V+MP+SD,1.0,1,218,0.0
tier3,2018,112,24680,236,C+KD+V+MP+SD,0.0462,0,159,0.0021344399999999996
tier3,2018,112,24680,237,M+C+KD+V+MP+SD,1.0,1,229,0.0
tier3,2018,112,24680,238,L+C+KD+V+MP+SD,0.35675,1,179,0.4137705625
tier3,2018,112,24680,239,M+L+C+KD+V+MP+SD,1.0,1,249,0.0
tier3,2018,112,24680,240,S+V+MP+SD,1.0,1,206,0.0
tier3,2018,112,24680,241,M+S+V+MP+SD,1.0,1,276,0.0
tier3,2018,112,24680,242,L+S+V+MP+SD,1.0,1,226,0.0
tier3,2018,112,24680,243,M+L+S+V+MP+SD,1.0,1,296,0.0
tier3,2018,112,24680,244,C+S+V+MP+SD,1.0,1,237,0.0
tier3,2018,112,24680,245,M+C+S+V+MP+SD,1.0,1,307,0.0
tier3,2018,112,24680,246,L+C+S+V+MP+SD,1.0,1,257,0.0
tier3,2018,112,24680,247,M+L+C+S+V+MP+SD,1.0,1,327,0.0
tier3,2018,112,24680,248,KD+S+V+MP+SD,1.0,1,228,0.0
tier3,2018,112,24680,249,M+KD+S+V+MP+SD,1.0,1,298,0.0
tier3,2018,112,24680,250,L+KD+S+V+MP+SD,1.0,1,248,0.0
tier3,2018,112,24680,251,M+L+KD+S+V+MP+SD,1.0,1,318,0.0
tier3,2018,112,24680,252,C+KD+S+V+MP+SD,1.0,1,259,0.0
tier3,2018,112,24680,253,M+C+KD+S+V+MP+SD,1.0,1,329,0.0
tier3,2018,112,24680,254,L+C+KD+S+V+MP+SD,1.0,1,279,0.0
tier3,2018,112,98765,1,M,0.0,0,70,0.0
tier3,2018,112,98765,2,L,0.0,0,20,0.0
tier3,2018,112,98765,3,M+L,0.0,0,90,0.0
tier3,2018,112,98765,4,C,0.0,0,31,0.0
tier3,2018,112,98765,5,M+C,0.0,0,101,0.0
tier3,2018,112,98765,6,L+C,0.0,0,51,0.0
tier3,2018,112,98765,7,M+L+C,0.0,0,121,0.0
tier3,2018,112,98765,8,KD,0.0,0,22,0.0
tier3,2018,112,98765,9,M+KD,0.0,0,92,0.0
tier3,2018,112,98765,10,L+KD,0.0,0,42,0.0
tier3,2018,112,98765,11,M+L+KD,0.0,0,112,0.0
tier3,2018,112,98765,12,C+KD,0.0,0,53,0.0
tier3,2018,112,98765,13,M+C+KD,0.0,0,123,0.0
tier3,2018,112,98765,14,L+C+KD,0.0,0,73,0.0
tier3,2018,112,98765,15,M+L+C+KD,0.0,0,143,0.0
tier3,2018,112,98765,16,S,0.0,0,100,0.0
tier3,2018,112,98765,17,M+S,0.6478,0,170,0.4196448400000001
tier3,2018,112,98765,18,L+S,0.0,0,120,0.0
tier3,2018,112,98765,19,M+L+S,0.9535,1,190,0.002162249999999999
tier3,2018,112,98765,20,C+S,0.0,0,131,0.0
tier3,2018,112,98765,21,M+C+S,1.0,1,201,0.0
tier3,2018,112,98765,22,L+C+S,0.0118,0,151,0.00013924
tier3,2018,112,98765,23,M+L+C+S,1.0,1,221,0.0
tier3,2018,112,98765,24,KD+S,0.0,0,122,0.0
tier3,2018,112,98765,25,M+KD+S,0.6519,1,192,0.12117360999999997
tier3,2018,112,98765,26,L+KD+S,0.0,0,142,0.0
tier3,2018,112,98765,27,M+L+KD+S,0.9549,1,212,0.0020340100000000028
tier3,2018,112,98765,28,C+KD+S,0.0,0,153,0.0
tier3,2018,112,98765,29,M+C+KD+S,1.0,1,223,0.0
tier3,2018,112,98765,30,L+C+KD+S,0.0136,0,173,0.00018496
tier3,2018,112,98765,31,M+L+C+KD+S,1.0,1,243,0.0
tier3,2018,112,98765,32,V,0.0,0,28,0.0
tier3,2018,112,98765,33,M+V,0.0,0,98,0.0
tier3,2018,112,98765,34,L+V,0.0,0,48,0.0
tier3,2018,112,98765,35,M+L+V,0.0,0,118,0.0
tier3,2018,112,98765,36,C+V,0.0,0,59,0.0
tier3,2018,112,98765,37,M+C+V,0.02105,0,129,0.00044310249999999997
tier3,2018,112,98765,38,L+C+V,0.0,0,79,0.0
tier3,2018,112,98765,39,M+L+C+V,0.19395,0,149,0.037616602500000006
tier3,2018,112,98765,40,KD+V,0.0,0,50,0.0
tier3,2018,112,98765,41,M+KD+V,0.0,0,120,0.0
tier3,2018,112,98765,42,L+KD+V,0.0,0,70,0.0
tier3,2018,112,98765,43,M+L+KD+V,0.0,0,140,0.0
tier3,2018,112,98765,44,C+KD+V,0.0,0,81,0.0
tier3,2018,112,98765,45,M+C+KD+V,0.02115,0,151,0.00044732249999999995
tier3,2018,112,98765,46,L+C+KD+V,0.0,0,101,0.0
tier3,2018,112,98765,47,M+L+C+KD+V,0.199,0,171,0.039601000000000004
tier3,2018,112,98765,48,S+V,0.0,0,128,0.0
tier3,2018,112,98765,49,M+S+V,0.9985,1,198,2.2499999999998374e-06
tier3,2018,112,98765,50,L+S+V,0.0,0,148,0.0
tier3,2018,112,98765,51,M+L+S+V,1.0,1,218,0.0
tier3,2018,112,98765,52,C+S+V,0.15915,0,159,0.025328722500000005
tier3,2018,112,98765,53,M+C+S+V,1.0,1,229,0.0
tier3,2018,112,98765,54,L+C+S+V,0.6991,1,179,0.09054080999999997
tier3,2018,112,98765,55,M+L+C+S+V,1.0,1,249,0.0
tier3,2018,112,98765,56,KD+S+V,0.0,0,150,0.0
tier3,2018,112,98765,57,M+KD+S+V,0.9985,1,220,2.2499999999998374e-06
tier3,2018,112,98765,58,L+KD+S+V,0.00125,0,170,1.5625e-06
tier3,2018,112,98765,59,M+L+KD+S+V,1.0,1,240,0.0
tier3,2018,112,98765,60,C+KD+S+V,0.16685,1,181,0.6941389225000001
tier3,2018,112,98765,61,M+C+KD+S+V,1.0,1,251,0.0
tier3,2018,112,98765,62,L+C+KD+S+V,0.7008,1,201,0.08952064000000001
tier3,2018,112,98765,63,M+L+C+KD+S+V,1.0,1,271,0.0
tier3,2018,112,98765,64,MP,0.0,0,16,0.0
tier3,2018,112,98765,65,M+MP,0.0,0,86,0.0
tier3,2018,112,98765,66,L+MP,0.0,0,36,0.0
tier3,2018,112,98765,67,M+L+MP,0.0,0,106,0.0
tier3,2018,112,98765,68,C+MP,0.0,0,47,0.0
tier3,2018,112,98765,69,M+C+MP,0.0,0,117,0.0
tier3,2018,112,98765,70,L+C+MP,0.0,0,67,0.0
tier3,2018,112,98765,71,M+L+C+MP,0.0,0,137,0.0
tier3,2018,112,98765,72,KD+MP,0.0,0,38,0.0
tier3,2018,112,98765,73,M+KD+MP,0.0,0,108,0.0
tier3,2018,112,98765,74,L+KD+MP,0.0,0,58,0.0
tier3,2018,112,98765,75,M+L+KD+MP,0.0,0,128,0.0
tier3,2018,112,98765,76,C+KD+MP,0.0,0,69,0.0
tier3,2018,112,98765,77,M+C+KD+MP,0.0,0,139,0.0
tier3,2018,112,98765,78,L+C+KD+MP,0.0,0,89,0.0
tier3,2018,112,98765,79,M+L+C+KD+MP,0.0,0,159,0.0
tier3,2018,112,98765,80,S+MP,0.0,0,116,0.0
tier3,2018,112,98765,81,M+S+MP,0.8952,1,186,0.010983040000000001
tier3,2018,112,98765,82,L+S+MP,0.0,0,136,0.0
tier3,2018,112,98765,83,M+L+S+MP,0.99825,1,206,3.0625000000001024e-06
tier3,2018,112,98765,84,C+S+MP,0.00175,0,147,3.0625000000000003e-06
tier3,2018,112,98765,85,M+C+S+MP,1.0,1,217,0.0
tier3,2018,112,98765,86,L+C+S+MP,0.17025,0,167,0.028985062500000006
tier3,2018,112,98765,87,M+L+C+S+MP,1.0,1,237,0.0
tier3,2018,112,98765,88,KD+S+MP,0.0,0,138,0.0
tier3,2018,112,98765,89,M+KD+S+MP,0.89985,1,208,0.010030022499999992
tier3,2018,112,98765,90,L+KD+S+MP,0.0,0,158,0.0
tier3,2018,112,98765,91,M+L+KD+S+MP,0.99835,1,228,2.722500000000133e-06
tier3,2018,112,98765,92,C+KD+S+MP,0.00175,0,169,3.0625000000000003e-06
tier3,2018,112,98765,93,M+C+KD+S+MP,1.0,1,239,0.0
tier3,2018,112,98765,94,L+C+KD+S+MP,0.17425,1,189,0.6818630625
tier3,2018,112,98765,95,M+L+C+KD+S+MP,1.0,1,259,0.0
tier3,2018,112,98765,96,V+MP,0.0,0,44,0.0
tier3,2018,112,98765,97,M+V+MP,0.0,0,114,0.0
tier3,2018,112,98765,98,L+V+MP,0.0,0,64,0.0
tier3,2018,112,98765,99,M+L+V+MP,0.00115,0,134,1.3225e-06
tier3,2018,112,98765,100,C+V+MP,0.0,0,75,0.0
tier3,2018,112,98765,101,M+C+V+MP,0.14665,0,145,0.0215062225
tier3,2018,112,98765,102,L+C+V+MP,0.0,0,95,0.0
tier3,2018,112,98765,103,M+L+C+V+MP,0.5631,0,165,0.31708161000000007
tier3,2018,112,98765,104,KD+V+MP,0.0,0,66,0.0
tier3,2018,112,98765,105,M+KD+V+MP,0.0,0,136,0.0
tier3,2018,112,98765,106,L+KD+V+MP,0.0,0,86,0.0
tier3,2018,112,98765,107,M+L+KD+V+MP,0.00115,0,156,1.3225e-06
tier3,2018,112,98765,108,C+KD+V+MP,0.0,0,97,0.0
tier3,2018,112,98765,109,M+C+KD+V+MP,0.1469,0,167,0.021579610000000003
tier3,2018,112,98765,110,L+C+KD+V+MP,0.0,0,117,0.0
tier3,2018,112,98765,111,M+L+C+KD+V+MP,0.5706,1,187,0.18438436
tier3,2018,112,98765,112,S+V+MP,0.0,0,144,0.0
tier3,2018,112,98765,113,M+S+V+MP,1.0,1,214,0.0
tier3,2018,112,98765,114,L+S+V+MP,0.0378,0,164,0.00142884
tier3,2018,112,98765,115,M+L+S+V+MP,1.0,1,234,0.0
tier3,2018,112,98765,116,C+S+V+MP,0.57245,1,175,0.18279900249999997
tier3,2018,112,98765,117,M+C+S+V+MP,1.0,1,245,0.0
tier3,2018,112,98765,118,L+C+S+V+MP,0.8607,1,195,0.019404489999999993
tier3,2018,112,98765,119,M+L+C+S+V+MP,1.0,1,265,0.0
tier3,2018,112,98765,120,KD+S+V+MP,0.0,0,166,0.0
tier3,2018,112,98765,121,M+KD+S+V+MP,1.0,1,236,0.0
tier3,2018,112,98765,122,L+KD+S+V+MP,0.04015,1,186,0.9213120225
tier3,2018,112,98765,123,M+L+KD+S+V+MP,1.0,1,256,0.0
tier3,2018,112,98765,124,C+KD+S+V+MP,0.5795,1,197,0.17682024999999998
tier3,2018,112,98765,125,M+C+KD+S+V+MP,1.0,1,267,0.0
tier3,2018,112,98765,126,L+C+KD+S+V+MP,0.8615,1,217,0.019182249999999988
tier3,2018,112,98765,127,M+L+C+KD+S+V+MP,1.0,1,287,0.0
tier3,2018,112,98765,128,SD,0.0,0,62,0.0
tier3,2018,112,98765,129,M+SD,0.1385,0,132,0.019182250000000005
tier3,2018,112,98765,130,L+SD,0.0,0,82,0.0
tier3,2018,112,98765,131,M+L+SD,0.4205,0,152,0.17682024999999998
tier3,2018,112,98765,132,C+SD,0.0,0,93,0.0
tier3,2018,112,98765,133,M+C+SD,0.95985,0,163,0.9213120225
tier3,2018,112,98765,134,L+C+SD,0.0,0,113,0.0
tier3,2018,112,98765,135,M+L+C+SD,1.0,1,183,0.0
tier3,2018,112,98765,136,KD+SD,0.0,0,84,0.0
tier3,2018,112,98765,137,M+KD+SD,0.1393,0,154,0.019404490000000003
tier3,2018,112,98765,138,L+KD+SD,0.0,0,104,0.0
tier3,2018,112,98765,139,M+L+KD+SD,0.42755,0,174,0.18279900249999997
tier3,2018,112,98765,140,C+KD+SD,0.0,0,115,0.0
tier3,2018,112,98765,141,M+C+KD+SD,0.9622,1,185,0.001428839999999996
tier3,2018,112,98765,142,L+C+KD+SD,0.0,0,135,0.0
tier3,2018,112,98765,143,M+L+C+KD+SD,1.0,1,205,0.0
tier3,2018,112,98765,144,S+SD,0.4294,0,162,0.18438436
tier3,2018,112,98765,145,M+S+SD,1.0,1,232,0.0
tier3,2018,112,98765,146,L+S+SD,0.8531,1,182,0.02157961000000001
tier3,2018,112,98765,147,M+L+S+SD,1.0,1,252,0.0
tier3,2018,112,98765,148,C+S+SD,0.99885,1,193,1.322499999999964e-06
tier3,2018,112,98765,149,M+C+S+SD,1.0,1,263,0.0
tier3,2018,112,98765,150,L+C+S+SD,1.0,1,213,0.0
tier3,2018,112,98765,151,M+L+C+S+SD,1.0,1,283,0.0
tier3,2018,112,98765,152,KD+S+SD,0.4369,1,184,0.3170816099999999
tier3,2018,112,98765,153,M+KD+S+SD,1.0,1,254,0.0
tier3,2018,112,98765,154,L+KD+S+SD,0.85335,1,204,0.021506222499999984
tier3,2018,112,98765,155,M+L+KD+S+SD,1.0,1,274,0.0
tier3,2018,112,98765,156,C+KD+S+SD,0.99885,1,215,1.322499999999964e-06
tier3,2018,112,98765,157,M+C+KD+S+SD,1.0,1,285,0.0
tier3,2018,112,98765,158,L+C+KD+S+SD,1.0,1,235,0.0
tier3,2018,112,98765,159,M+L+C+KD+S+SD,1.0,1,305,0.0
tier3,2018,112,98765,160,V+SD,0.0,0,90,0.0
tier3,2018,112,98765,161,M+V+SD,0.82575,0,160,0.6818630625
tier3,2018,112,98765,162,L+V+SD,0.0,0,110,0.0
tier3,2018,112,98765,163,M+L+V+SD,0.99825,1,180,3.0625000000001024e-06
tier3,2018,112,98765,164,C+V+SD,0.00165,0,121,2.7224999999999998e-06
tier3,2018,112,98765,165,M+C+V+SD,1.0,1,191,0.0
tier3,2018,112,98765,166,L+C+V+SD,0.10015,0,141,0.010030022500000001
tier3,2018,112,98765,167,M+L+C+V+SD,1.0,1,211,0.0
tier3,2018,112,98765,168,KD+V+SD,0.0,0,112,0.0
tier3,2018,112,98765,169,M+KD+V+SD,0.82975,1,182,0.028985062500000006
tier3,2018,112,98765,170,L+KD+V+SD,0.0,0,132,0.0
tier3,2018,112,98765,171,M+L+KD+V+SD,0.99825,1,202,3.0625000000001024e-06
tier3,2018,112,98765,172,C+KD+V+SD,0.00175,0,143,3.0625000000000003e-06
tier3,2018,112,98765,173,M+C+KD+V+SD,1.0,1,213,0.0
tier3,2018,112,98765,174,L+C+KD+V+SD,0.1048,0,163,0.010983040000000001
tier3,2018,112,98765,175,M+L+C+KD+V+SD,1.0,1,233,0.0
tier3,2018,112,98765,176,S+V+SD,1.0,1,190,0.0
tier3,2018,112,98765,177,M+S+V+SD,1.0,1,260,0.0
tier3,2018,112,98765,178,L+S+V+SD,1.0,1,210,0.0
tier3,2018,112,98765,179,M+L+S+V+SD,1.0,1,280,0.0
tier3,2018,112,98765,180,C+S+V+SD,1.0,1,221,0.0
tier3,2018,112,98765,181,M+C+S+V+SD,1.0,1,291,0.0
tier3,2018,112,98765,182,L+C+S+V+SD,1.0,1,241,0.0
tier3,2018,112,98765,183,M+L+C+S+V+SD,1.0,1,311,0.0
tier3,2018,112,98765,184,KD+S+V+SD,1.0,1,212,0.0
tier3,2018,112,98765,185,M+KD+S+V+SD,1.0,1,282,0.0
tier3,2018,112,98765,186,L+KD+S+V+SD,1.0,1,232,0.0
tier3,2018,112,98765,187,M+L+KD+S+V+SD,1.0,1,302,0.0
tier3,2018,112,98765,188,C+KD+S+V+SD,1.0,1,243,0.0
tier3,2018,112,98765,189,M+C+KD+S+V+SD,1.0,1,313,0.0
tier3,2018,112,98765,190,L+C+KD+S+V+SD,1.0,1,263,0.0
tier3,2018,112,98765,191,M+L+C+KD+S+V+SD,1.0,1,333,0.0
tier3,2018,112,98765,192,MP+SD,0.0,0,78,0.0
tier3,2018,112,98765,193,M+MP+SD,0.2992,0,148,0.08952064000000001
tier3,2018,112,98765,194,L+MP+SD,0.0,0,98,0.0
tier3,2018,112,98765,195,M+L+MP+SD,0.83315,0,168,0.6941389224999999
tier3,2018,112,98765,196,C+MP+SD,0.0,0,109,0.0
tier3,2018,112,98765,197,M+C+MP+SD,0.99875,1,179,1.5624999999999334e-06
tier3,2018,112,98765,198,L+C+MP+SD,0.0015,0,129,2.25e-06
tier3,2018,112,98765,199,M+L+C+MP+SD,1.0,1,199,0.0
tier3,2018,112,98765,200,KD+MP+SD,0.0,0,100,0.0
tier3,2018,112,98765,201,M+KD+MP+SD,0.3009,0,170,0.09054081
tier3,2018,112,98765,202,L+KD+MP+SD,0.0,0,120,0.0
tier3,2018,112,98765,203,M+L+KD+MP+SD,0.84085,1,190,0.025328722500000005
tier3,2018,112,98765,204,C+KD+MP+SD,0.0,0,131,0.0
tier3,2018,112,98765,205,M+C+KD+MP+SD,1.0,1,201,0.0
tier3,2018,112,98765,206,L+C+KD+MP+SD,0.0015,0,151,2.25e-06
tier3,2018,112,98765,207,M+L+C+KD+MP+SD,1.0,1,221,0.0
tier3,2018,112,98765,208,S+MP+SD,0.801,1,178,0.03960099999999998
tier3,2018,112,98765,209,M+S+MP+SD,1.0,1,248,0.0
tier3,2018,112,98765,210,L+S+MP+SD,0.97885,1,198,0.0004473225000000001
tier3,2018,112,98765,211,M+L+S+MP+SD,1.0,1,268,0.0
tier3,2018,112,98765,212,C+S+MP+SD,1.0,1,209,0.0
tier3,2018,112,98765,213,M+C+S+MP+SD,1.0,1,279,0.0
tier3,2018,112,98765,214,L+C+S+MP+SD,1.0,1,229,0.0
tier3,2018,112,98765,215,M+L+C+S+MP+SD,1.0,1,299,0.0
tier3,2018,112,98765,216,KD+S+MP+SD,0.80605,1,200,0.037616602499999985
tier3,2018,112,98765,217,M+KD+S+MP+SD,1.0,1,270,0.0
tier3,2018,112,98765,218,L+KD+S+MP+SD,0.97895,1,220,0.00044310250000000056
tier3,2018,112,98765,219,M+L+KD+S+MP+SD,1.0,1,290,0.0
tier3,2018,112,98765,220,C+KD+S+MP+SD,1.0,1,231,0.0
tier3,2018,112,98765,221,M+C+KD+S+MP+SD,1.0,1,301,0.0
tier3,2018,112,98765,222,L+C+KD+S+MP+SD,1.0,1,251,0.0
tier3,2018,112,98765,223,M+L+C+KD+S+MP+SD,1.0,1,321,0.0
tier3,2018,112,98765,224,V+MP+SD,0.0,0,106,0.0
tier3,2018,112,98765,225,M+V+MP+SD,0.9864,1,176,0.00018495999999999853
tier3,2018,112,98765,226,L+V+MP+SD,0.0,0,126,0.0
tier3,2018,112,98765,227,M+L+V+MP+SD,1.0,1,196,0.0
tier3,2018,112,98765,228,C+V+MP+SD,0.0451,0,137,0.00203401
tier3,2018,112,98765,229,M+C+V+MP+SD,1.0,1,207,0.0
tier3,2018,112,98765,230,L+C+V+MP+SD,0.3481,0,157,0.12117361000000001
tier3,2018,112,98765,231,M+L+C+V+MP+SD,1.0,1,227,0.0
tier3,2018,112,98765,232,KD+V+MP+SD,0.0,0,128,0.0
tier3,2018,112,98765,233,M+KD+V+MP+SD,0.9882,1,198,0.00013924000000000076
tier3,2018,112,98765,234,L+KD+V+MP+SD,0.0,0,148,0.0
tier3,2018,112,98765,235,M+L+KD+V+MP+SD,1.0,1,218,0.0
tier3,2018,112,98765,236,C+KD+V+MP+SD,0.0465,0,159,0.00216225
tier3,2018,112,98765,237,M+C+KD+V+MP+SD,1.0,1,229,0.0
tier3,2018,112,98765,238,L+C+KD+V+MP+SD,0.3522,1,179,0.4196448399999999
tier3,2018,112,98765,239,M+L+C+KD+V+MP+SD,1.0,1,249,0.0
tier3,2018,112,98765,240,S+V+MP+SD,1.0,1,206,0.0
tier3,2018,112,98765,241,M+S+V+MP+SD,1.0,1,276,0.0
tier3,2018,112,98765,242,L+S+V+MP+SD,1.0,1,226,0.0
tier3,2018,112,98765,243,M+L+S+V+MP+SD,1.0,1,296,0.0
tier3,2018,112,98765,244,C+S+V+MP+SD,1.0,1,237,0.0
tier3,2018,112,98765,245,M+C+S+V+MP+SD,1.0,1,307,0.0
tier3,2018,112,98765,246,L+C+S+V+MP+SD,1.0,1,257,0.0
tier3,2018,112,98765,247,M+L+C+S+V+MP+SD,1.0,1,327,0.0
tier3,2018,112,98765,248,KD+S+V+MP+SD,1.0,1,228,0.0
tier3,2018,112,98765,249,M+KD+S+V+MP+SD,1.0,1,298,0.0
tier3,2018,112,98765,250,L+KD+S+V+MP+SD,1.0,1,248,0.0
tier3,2018,112,98765,251,M+L+KD+S+V+MP+SD,1.0,1,318,0.0
tier3,2018,112,98765,252,C+KD+S+V+MP+SD,1.0,1,259,0.0
tier3,2018,112,98765,253,M+C+KD+S+V+MP+SD,1.0,1,329,0.0
tier3,2018,112,98765,254,L+C+KD+S+V+MP+SD,1.0,1,279,0.0
tier3,2018,112,54321,1,M,0.0,0,70,0.0
tier3,2018,112,54321,2,L,0.0,0,20,0.0
tier3,2018,112,54321,3,M+L,0.0,0,90,0.0
tier3,2018,112,54321,4,C,0.0,0,31,0.0
tier3,2018,112,54321,5,M+C,0.0,0,101,0.0
tier3,2018,112,54321,6,L+C,0.0,0,51,0.0
tier3,2018,112,54321,7,M+L+C,0.0,0,121,0.0
tier3,2018,112,54321,8,KD,0.0,0,22,0.0
tier3,2018,112,54321,9,M+KD,0.0,0,92,0.0
tier3,2018,112,54321,10,L+KD,0.0,0,42,0.0
tier3,2018,112,54321,11,M+L+KD,0.0,0,112,0.0
tier3,2018,112,54321,12,C+KD,0.0,0,53,0.0
tier3,2018,112,54321,13,M+C+KD,0.0,0,123,0.0
tier3,2018,112,54321,14,L+C+KD,0.0,0,73,0.0
tier3,2018,112,54321,15,M+L+C+KD,0.0,0,143,0.0
tier3,2018,112,54321,16,S,0.0,0,100,0.0
tier3,2018,112,54321,17,M+S,0.6427,0,170,0.4130632900000001
tier3,2018,112,54321,18,L+S,0.0,0,120,0.0
tier3,2018,112,54321,19,M+L+S,0.95485,1,190,0.002038522500000002
tier3,2018,112,54321,20,C+S,0.0,0,131,0.0
tier3,2018,112,54321,21,M+C+S,1.0,1,201,0.0
tier3,2018,112,54321,22,L+C+S,0.0113,0,151,0.00012769
tier3,2018,112,54321,23,M+L+C+S,1.0,1,221,0.0
tier3,2018,112,54321,24,KD+S,0.0,0,122,0.0
tier3,2018,112,54321,25,M+KD+S,0.6472,1,192,0.12446784
tier3,2018,112,54321,26,L+KD+S,0.0,0,142,0.0
tier3,2018,112,54321,27,M+L+KD+S,0.95585,1,212,0.001949222500000002
tier3,2018,112,54321,28,C+KD+S,0.0,0,153,0.0
tier3,2018,112,54321,29,M+C+KD+S,1.0,1,223,0.0
tier3,2018,112,54321,30,L+C+KD+S,0.0134,0,173,0.00017956000000000002
tier3,2018,112,54321,31,M+L+C+KD+S,1.0,1,243,0.0
tier3,2018,112,54321,32,V,0.0,0,28,0.0
tier3,2018,112,54321,33,M+V,0.0,0,98,0.0
tier3,2018,112,54321,34,L+V,0.0,0,48,0.0
tier3,2018,112,54321,35,M+L+V,0.0,0,118,0.0
tier3,2018,112,54321,36,C+V,0.0,0,59,0.0
tier3,2018,112,54321,37,M+C+V,0.02175,0,129,0.00047306249999999996
tier3,2018,112,54321,38,L+C+V,0.0,0,79,0.0
tier3,2018,112,54321,39,M+L+C+V,0.19415,0,149,0.0376942225
tier3,2018,112,54321,40,KD+V,0.0,0,50,0.0
tier3,2018,112,54321,41,M+KD+V,0.0,0,120,0.0
tier3,2018,112,54321,42,L+KD+V,0.0,0,70,0.0
tier3,2018,112,54321,43,M+L+KD+V,0.0,0,140,0.0
tier3,2018,112,54321,44,C+KD+V,0.0,0,81,0.0
tier3,2018,112,54321,45,M+C+KD+V,0.0218,0,151,0.00047524
tier3,2018,112,54321,46,L+C+KD+V,0.0,0,101,0.0
tier3,2018,112,54321,47,M+L+C+KD+V,0.1983,0,171,0.03932289
tier3,2018,112,54321,48,S+V,0.0,0,128,0.0
tier3,2018,112,54321,49,M+S+V,0.99845,1,198,2.402500000000159e-06
tier3,2018,112,54321,50,L+S+V,0.0,0,148,0.0
tier3,2018,112,54321,51,M+L+S+V,1.0,1,218,0.0
tier3,2018,112,54321,52,C+S+V,0.1571,0,159,0.024680409999999996
tier3,2018,112,54321,53,M+C+S+V,1.0,1,229,0.0
tier3,2018,112,54321,54,L+C+S+V,0.6951,1,179,0.09296400999999997
tier3,2018,112,54321,55,M+L+C+S+V,1.0,1,249,0.0
tier3,2018,112,54321,56,KD+S+V,0.0,0,150,0.0
tier3,2018,112,54321,57,M+KD+S+V,0.99845,1,220,2.402500000000159e-06
tier3,2018,112,54321,58,L+KD+S+V,0.00105,0,170,1.1024999999999998e-06
tier3,2018,112,54321,59,M+L+KD+S+V,1.0,1,240,0.0
tier3,2018,112,54321,60,C+KD+S+V,0.16425,1,181,0.6984780625
tier3,2018,112,54321,61,M+C+KD+S+V,1.0,1,251,0.0
tier3,2018,112,54321,62,L+C+KD+S+V,0.6966,1,201,0.09205156
tier3,2018,112,54321,63,M+L+C+KD+S+V,1.0,1,271,0.0
tier3,2018,112,54321,64,MP,0.0,0,16,0.0
tier3,2018,112,54321,65,M+MP,0.0,0,86,0.0
tier3,2018,112,54321,66,L+MP,0.0,0,36,0.0
tier3,2018,112,54321,67,M+L+MP,0.0,0,106,0.0
tier3,2018,112,54321,68,C+MP,0.0,0,47,0.0
tier3,2018,112,54321,69,M+C+MP,0.0,0,117,0.0
tier3,2018,112,54321,70,L+C+MP,0.0,0,67,0.0
tier3,2018,112,54321,71,M+L+C+MP,0.0,0,137,0.0
tier3,2018,112,54321,72,KD+MP,0.0,0,38,0.0
tier3,2018,112,54321,73,M+KD+MP,0.0,0,108,0.0
tier3,2018,112,54321,74,L+KD+MP,0.0,0,58,0.0
tier3,2018,112,54321,75,M+L+KD+MP,0.0,0,128,0.0
tier3,2018,112,54321,76,C+KD+MP,0.0,0,69,0.0
tier3,2018,112,54321,77,M+C+KD+MP,0.0,0,139,0.0
tier3,2018,112,54321,78,L+C+KD+MP,0.0,0,89,0.0
tier3,2018,112,54321,79,M+L+C+KD+MP,0.0,0,159,0.0
tier3,2018,112,54321,80,S+MP,0.0,0,116,0.0
tier3,2018,112,54321,81,M+S+MP,0.89505,1,186,0.011014502499999997
tier3,2018,112,54321,82,L+S+MP,0.0,0,136,0.0
tier3,2018,112,54321,83,M+L+S+MP,0.999,1,206,1.0000000000000019e-06
tier3,2018,112,54321,84,C+S+MP,0.00185,0,147,3.4225000000000003e-06
tier3,2018,112,54321,85,M+C+S+MP,1.0,1,217,0.0
tier3,2018,112,54321,86,L+C+S+MP,0.17345,0,167,0.030084902499999996
tier3,2018,112,54321,87,M+L+C+S+MP,1.0,1,237,0.0
tier3,2018,112,54321,88,KD+S+MP,0.0,0,138,0.0
tier3,2018,112,54321,89,M+KD+S+MP,0.89935,1,208,0.010130422500000003
tier3,2018,112,54321,90,L+KD+S+MP,0.0,0,158,0.0
tier3,2018,112,54321,91,M+L+KD+S+MP,0.9991,1,228,8.100000000000215e-07
tier3,2018,112,54321,92,C+KD+S+MP,0.00185,0,169,3.4225000000000003e-06
tier3,2018,112,54321,93,M+C+KD+S+MP,1.0,1,239,0.0
tier3,2018,112,54321,94,L+C+KD+S+MP,0.17735,1,189,0.6767530225
tier3,2018,112,54321,95,M+L+C+KD+S+MP,1.0,1,259,0.0
tier3,2018,112,54321,96,V+MP,0.0,0,44,0.0
tier3,2018,112,54321,97,M+V+MP,0.0,0,114,0.0
tier3,2018,112,54321,98,L+V+MP,0.0,0,64,0.0
tier3,2018,112,54321,99,M+L+V+MP,0.0008,0,134,6.4e-07
tier3,2018,112,54321,100,C+V+MP,0.0,0,75,0.0
tier3,2018,112,54321,101,M+C+V+MP,0.14185,0,145,0.0201214225
tier3,2018,112,54321,102,L+C+V+MP,0.0,0,95,0.0
tier3,2018,112,54321,103,M+L+C+V+MP,0.56175,0,165,0.3155630625
tier3,2018,112,54321,104,KD+V+MP,0.0,0,66,0.0
tier3,2018,112,54321,105,M+KD+V+MP,0.0,0,136,0.0
tier3,2018,112,54321,106,L+KD+V+MP,0.0,0,86,0.0
tier3,2018,112,54321,107,M+L+KD+V+MP,0.0008,0,156,6.4e-07
tier3,2018,112,54321,108,C+KD+V+MP,0.0,0,97,0.0
tier3,2018,112,54321,109,M+C+KD+V+MP,0.14235,0,167,0.020263522500000002
tier3,2018,112,54321,110,L+C+KD+V+MP,0.0,0,117,0.0
tier3,2018,112,54321,111,M+L+C+KD+V+MP,0.56745,1,187,0.1870995025
tier3,2018,112,54321,112,S+V+MP,0.0,0,144,0.0
tier3,2018,112,54321,113,M+S+V+MP,1.0,1,214,0.0
tier3,2018,112,54321,114,L+S+V+MP,0.03615,0,164,0.0013068225000000002
tier3,2018,112,54321,115,M+L+S+V+MP,1.0,1,234,0.0
tier3,2018,112,54321,116,C+S+V+MP,0.56555,1,175,0.1887468025
tier3,2018,112,54321,117,M+C+S+V+MP,1.0,1,245,0.0
tier3,2018,112,54321,118,L+C+S+V+MP,0.85535,1,195,0.020923622499999985
tier3,2018,112,54321,119,M+L+C+S+V+MP,1.0,1,265,0.0
tier3,2018,112,54321,120,KD+S+V+MP,0.0,0,166,0.0
tier3,2018,112,54321,121,M+KD+S+V+MP,1.0,1,236,0.0
tier3,2018,112,54321,122,L+KD+S+V+MP,0.0383,1,186,0.92486689
tier3,2018,112,54321,123,M+L+KD+S+V+MP,1.0,1,256,0.0
tier3,2018,112,54321,124,C+KD+S+V+MP,0.5727,1,197,0.18258529
tier3,2018,112,54321,125,M+C+KD+S+V+MP,1.0,1,267,0.0
tier3,2018,112,54321,126,L+C+KD+S+V+MP,0.85595,1,217,0.020750402500000004
tier3,2018,112,54321,127,M+L+C+KD+S+V+MP,1.0,1,287,0.0
tier3,2018,112,54321,128,SD,0.0,0,62,0.0
tier3,2018,112,54321,129,M+SD,0.14405,0,132,0.020750402500000004
tier3,2018,112,54321,130,L+SD,0.0,0,82,0.0
tier3,2018,112,54321,131,M+L+SD,0.4273,0,152,0.18258529
tier3,2018,112,54321,132,C+SD,0.0,0,93,0.0
tier3,2018,112,54321,133,M+C+SD,0.9617,0,163,0.92486689
tier3,2018,112,54321,134,L+C+SD,0.0,0,113,0.0
tier3,2018,112,54321,135,M+L+C+SD,1.0,1,183,0.0
tier3,2018,112,54321,136,KD+SD,0.0,0,84,0.0
tier3,2018,112,54321,137,M+KD+SD,0.14465,0,154,0.0209236225
tier3,2018,112,54321,138,L+KD+SD,0.0,0,104,0.0
tier3,2018,112,54321,139,M+L+KD+SD,0.43445,0,174,0.1887468025
tier3,2018,112,54321,140,C+KD+SD,0.0,0,115,0.0
tier3,2018,112,54321,141,M+C+KD+SD,0.96385,1,185,0.001306822500000001
tier3,2018,112,54321,142,L+C+KD+SD,0.0,0,135,0.0
tier3,2018,112,54321,143,M+L+C+KD+SD,1.0,1,205,0.0
tier3,2018,112,54321,144,S+SD,0.43255,0,162,0.1870995025
tier3,2018,112,54321,145,M+S+SD,1.0,1,232,0.0
tier3,2018,112,54321,146,L+S+SD,0.85765,1,182,0.020263522499999992
tier3,2018,112,54321,147,M+L+S+SD,1.0,1,252,0.0
tier3,2018,112,54321,148,C+S+SD,0.9992,1,193,6.400000000000366e-07
tier3,2018,112,54321,149,M+C+S+SD,1.0,1,263,0.0
tier3,2018,112,54321,150,L+C+S+SD,1.0,1,213,0.0
tier3,2018,112,54321,151,M+L+C+S+SD,1.0,1,283,0.0
tier3,2018,112,54321,152,KD+S+SD,0.43825,1,184,0.3155630625
tier3,2018,112,54321,153,M+KD+S+SD,1.0,1,254,0.0
tier3,2018,112,54321,154,L+KD+S+SD,0.85815,1,204,0.02012142250000001
tier3,2018,112,54321,155,M+L+KD+S+SD,1.0,1,274,0.0
tier3,2018,112,54321,156,C+KD+S+SD,0.9992,1,215,6.400000000000366e-07
tier3,2018,112,54321,157,M+C+KD+S+SD,1.0,1,285,0.0
tier3,2018,112,54321,158,L+C+KD+S+SD,1.0,1,235,0.0
tier3,2018,112,54321,159,M+L+C+KD+S+SD,1.0,1,305,0.0
tier3,2018,112,54321,160,V+SD,0.0,0,90,0.0
tier3,2018,112,54321,161,M+V+SD,0.82265,0,160,0.6767530225
tier3,2018,112,54321,162,L+V+SD,0.0,0,110,0.0
tier3,2018,112,54321,163,M+L+V+SD,0.99815,1,180,3.4225000000000676e-06
tier3,2018,112,54321,164,C+V+SD,0.0009,0,121,8.1e-07
tier3,2018,112,54321,165,M+C+V+SD,1.0,1,191,0.0
tier3,2018,112,54321,166,L+C+V+SD,0.10065,0,141,0.010130422500000002
tier3,2018,112,54321,167,M+L+C+V+SD,1.0,1,211,0.0
tier3,2018,112,54321,168,KD+V+SD,0.0,0,112,0.0
tier3,2018,112,54321,169,M+KD+V+SD,0.82655,1,182,0.030084902499999996
tier3,2018,112,54321,170,L+KD+V+SD,0.0,0,132,0.0
tier3,2018,112,54321,171,M+L+KD+V+SD,0.99815,1,202,3.4225000000000676e-06
tier3,2018,112,54321,172,C+KD+V+SD,0.001,0,143,1e-06
tier3,2018,112,54321,173,M+C+KD+V+SD,1.0,1,213,0.0
tier3,2018,112,54321,174,L+C+KD+V+SD,0.10495,0,163,0.0110145025
tier3,2018,112,54321,175,M+L+C+KD+V+SD,1.0,1,233,0.0
tier3,2018,112,54321,176,S+V+SD,1.0,1,190,0.0
tier3,2018,112,54321,177,M+S+V+SD,1.0,1,260,0.0
tier3,2018,112,54321,178,L+S+V+SD,1.0,1,210,0.0
tier3,2018,112,54321,179,M+L+S+V+SD,1.0,1,280,0.0
tier3,2018,112,54321,180,C+S+V+SD,1.0,1,221,0.0
tier3,2018,112,54321,181,M+C+S+V+SD,1.0,1,291,0.0
tier3,2018,112,54321,182,L+C+S+V+SD,1.0,1,241,0.0
tier3,2018,112,54321,183,M+L+C+S+V+SD,1.0,1,311,0.0
tier3,2018,112,54321,184,KD+S+V+SD,1.0,1,212,0.0
tier3,2018,112,54321,185,M+KD+S+V+SD,1.0,1,282,0.0
tier3,2018,112,54321,186,L+KD+S+V+SD,1.0,1,232,0.0
tier3,2018,112,54321,187,M+L+KD+S+V+SD,1.0,1,302,0.0
tier3,2018,112,54321,188,C+KD+S+V+SD,1.0,1,243,0.0
tier3,2018,112,54321,189,M+C+KD+S+V+SD,1.0,1,313,0.0
tier3,2018,112,54321,190,L+C+KD+S+V+SD,1.0,1,263,0.0
tier3,2018,112,54321,191,M+L+C+KD+S+V+SD,1.0,1,333,0.0
tier3,2018,112,54321,192,MP+SD,0.0,0,78,0.0
tier3,2018,112,54321,193,M+MP+SD,0.3034,0,148,0.09205156
tier3,2018,112,54321,194,L+MP+SD,0.0,0,98,0.0
tier3,2018,112,54321,195,M+L+MP+SD,0.83575,0,168,0.6984780625
tier3,2018,112,54321,196,C+MP+SD,0.0,0,109,0.0
tier3,2018,112,54321,197,M+C+MP+SD,0.99895,1,179,1.1024999999999903e-06
tier3,2018,112,54321,198,L+C+MP+SD,0.00155,0,129,2.4025e-06
tier3,2018,112,54321,199,M+L+C+MP+SD,1.0,1,199,0.0
tier3,2018,112,54321,200,KD+MP+SD,0.0,0,100,0.0
tier3,2018,112,54321,201,M+KD+MP+SD,0.3049,0,170,0.09296401
tier3,2018,112,54321,202,L+KD+MP+SD,0.0,0,120,0.0
tier3,2018,112,54321,203,M+L+KD+MP+SD,0.8429,1,190,0.024680410000000007
tier3,2018,112,54321,204,C+KD+MP+SD,0.0,0,131,0.0
tier3,2018,112,54321,205,M+C+KD+MP+SD,1.0,1,201,0.0
tier3,2018,112,54321,206,L+C+KD+MP+SD,0.00155,0,151,2.4025e-06
tier3,2018,112,54321,207,M+L+C+KD+MP+SD,1.0,1,221,0.0
tier3,2018,112,54321,208,S+MP+SD,0.8017,1,178,0.03932289000000001
tier3,2018,112,54321,209,M+S+MP+SD,1.0,1,248,0.0
tier3,2018,112,54321,210,L+S+MP+SD,0.9782,1,198,0.0004752400000000018
tier3,2018,112,54321,211,M+L+S+MP+SD,1.0,1,268,0.0
tier3,2018,112,54321,212,C+S+MP+SD,1.0,1,209,0.0
tier3,2018,112,54321,213,M+C+S+MP+SD,1.0,1,279,0.0
tier3,2018,112,54321,214,L+C+S+MP+SD,1.0,1,229,0.0
tier3,2018,112,54321,215,M+L+C+S+MP+SD,1.0,1,299,0.0
tier3,2018,112,54321,216,KD+S+MP+SD,0.80585,1,200,0.03769422250000002
tier3,2018,112,54321,217,M+KD+S+MP+SD,1.0,1,270,0.0
tier3,2018,112,54321,218,L+KD+S+MP+SD,0.97825,1,220,0.0004730625000000021
tier3,2018,112,54321,219,M+L+KD+S+MP+SD,1.0,1,290,0.0
tier3,2018,112,54321,220,C+KD+S+MP+SD,1.0,1,231,0.0
tier3,2018,112,54321,221,M+C+KD+S+MP+SD,1.0,1,301,0.0
tier3,2018,112,54321,222,L+C+KD+S+MP+SD,1.0,1,251,0.0
tier3,2018,112,54321,223,M+L+C+KD+S+MP+SD,1.0,1,321,0.0
tier3,2018,112,54321,224,V+MP+SD,0.0,0,106,0.0
tier3,2018,112,54321,225,M+V+MP+SD,0.9866,1,176,0.00017955999999999913
tier3,2018,112,54321,226,L+V+MP+SD,0.0,0,126,0.0
tier3,2018,112,54321,227,M+L+V+MP+SD,1.0,1,196,0.0
tier3,2018,112,54321,228,C+V+MP+SD,0.04415,0,137,0.0019492225000000002
tier3,2018,112,54321,229,M+C+V+MP+SD,1.0,1,207,0.0
tier3,2018,112,54321,230,L+C+V+MP+SD,0.3528,0,157,0.12446784
tier3,2018,112,54321,231,M+L+C+V+MP+SD,1.0,1,227,0.0
tier3,2018,112,54321,232,KD+V+MP+SD,0.0,0,128,0.0
tier3,2018,112,54321,233,M+KD+V+MP+SD,0.9887,1,198,0.00012768999999999948
tier3,2018,112,54321,234,L+KD+V+MP+SD,0.0,0,148,0.0
tier3,2018,112,54321,235,M+L+KD+V+MP+SD,1.0,1,218,0.0
tier3,2018,112,54321,236,C+KD+V+MP+SD,0.04515,0,159,0.0020385225000000002
tier3,2018,112,54321,237,M+C+KD+V+MP+SD,1.0,1,229,0.0
tier3,2018,112,54321,238,L+C+KD+V+MP+SD,0.3573,1,179,0.4130632900000001
tier3,2018,112,54321,239,M+L+C+KD+V+MP+SD,1.0,1,249,0.0
tier3,2018,112,54321,240,S+V+MP+SD,1.0,1,206,0.0
tier3,2018,112,54321,241,M+S+V+MP+SD,1.0,1,276,0.0
tier3,2018,112,54321,242,L+S+V+MP+SD,1.0,1,226,0.0
tier3,2018,112,54321,243,M+L+S+V+MP+SD,1.0,1,296,0.0
tier3,2018,112,54321,244,C+S+V+MP+SD,1.0,1,237,0.0
tier3,2018,112,54321,245,M+C+S+V+MP+SD,1.0,1,307,0.0
tier3,2018,112,54321,246,L+C+S+V+MP+SD,1.0,1,257,0.0
tier3,2018,112,54321,247,M+L+C+S+V+MP+SD,1.0,1,327,0.0
tier3,2018,112,54321,248,KD+S+V+MP+SD,1.0,1,228,0.0
tier3,2018,112,54321,249,M+KD+S+V+MP+SD,1.0,1,298,0.0
tier3,2018,112,54321,250,L+KD+S+V+MP+SD,1.0,1,248,0.0
tier3,2018,112,54321,251,M+L+KD+S+V+MP+SD,1.0,1,318,0.0
tier3,2018,112,54321,252,C+KD+S+V+MP+SD,1.0,1,259,0.0
tier3,2018,112,54321,253,M+C+KD+S+V+MP+SD,1.0,1,329,0.0
tier3,2018,112,54321,254,L+C+KD+S+V+MP+SD,1.0,1,279,0.0
tier3,2018,112,13579,1,M,0.0,0,70,0.0
tier3,2018,112,13579,2,L,0.0,0,20,0.0
tier3,2018,112,13579,3,M+L,0.0,0,90,0.0
tier3,2018,112,13579,4,C,0.0,0,31,0.0
tier3,2018,112,13579,5,M+C,0.0,0,101,0.0
tier3,2018,112,13579,6,L+C,0.0,0,51,0.0
tier3,2018,112,13579,7,M+L+C,0.0,0,121,0.0
tier3,2018,112,13579,8,KD,0.0,0,22,0.0
tier3,2018,112,13579,9,M+KD,0.0,0,92,0.0
tier3,2018,112,13579,10,L+KD,0.0,0,42,0.0
tier3,2018,112,13579,11,M+L+KD,0.0,0,112,0.0
tier3,2018,112,13579,12,C+KD,0.0,0,53,0.0
tier3,2018,112,13579,13,M+C+KD,0.0,0,123,0.0
tier3,2018,112,13579,14,L+C+KD,0.0,0,73,0.0
tier3,2018,112,13579,15,M+L+C+KD,0.0,0,143,0.0
tier3,2018,112,13579,16,S,0.0,0,100,0.0
tier3,2018,112,13579,17,M+S,0.6395,0,170,0.40896024999999997
tier3,2018,112,13579,18,L+S,0.0,0,120,0.0
tier3,2018,112,13579,19,M+L+S,0.9541,1,190,0.002106810000000005
tier3,2018,112,13579,20,C+S,0.0,0,131,0.0
tier3,2018,112,13579,21,M+C+S,1.0,1,201,0.0
tier3,2018,112,13579,22,L+C+S,0.01255,0,151,0.00015750250000000002
tier3,2018,112,13579,23,M+L+C+S,1.0,1,221,0.0
tier3,2018,112,13579,24,KD+S,0.0,0,122,0.0
tier3,2018,112,13579,25,M+KD+S,0.64375,1,192,0.12691406249999998
tier3,2018,112,13579,26,L+KD+S,0.0,0,142,0.0
tier3,2018,112,13579,27,M+L+KD+S,0.95535,1,212,0.001993622499999997
tier3,2018,112,13579,28,C+KD+S,0.0,0,153,0.0
tier3,2018,112,13579,29,M+C+KD+S,1.0,1,223,0.0
tier3,2018,112,13579,30,L+C+KD+S,0.0144,0,173,0.00020736
tier3,2018,112,13579,31,M+L+C+KD+S,1.0,1,243,0.0
tier3,2018,112,13579,32,V,0.0,0,28,0.0
tier3,2018,112,13579,33,M+V,0.0,0,98,0.0
tier3,2018,112,13579,34,L+V,0.0,0,48,0.0
tier3,2018,112,13579,35,M+L+V,0.0,0,118,0.0
tier3,2018,112,13579,36,C+V,0.0,0,59,0.0
tier3,2018,112,13579,37,M+C+V,0.02175,0,129,0.00047306249999999996
tier3,2018,112,13579,38,L+C+V,0.0,0,79,0.0
tier3,2018,112,13579,39,M+L+C+V,0.19835,0,149,0.039342722499999996
tier3,2018,112,13579,40,KD+V,0.0,0,50,0.0
tier3,2018,112,13579,41,M+KD+V,0.0,0,120,0.0
tier3,2018,112,13579,42,L+KD+V,0.0,0,70,0.0
tier3,2018,112,13579,43,M+L+KD+V,0.0,0,140,0.0
tier3,2018,112,13579,44,C+KD+V,0.0,0,81,0.0
tier3,2018,112,13579,45,M+C+KD+V,0.02175,0,151,0.00047306249999999996
tier3,2018,112,13579,46,L+C+KD+V,0.0,0,101,0.0
tier3,2018,112,13579,47,M+L+C+KD+V,0.20305,0,171,0.0412293025
tier3,2018,112,13579,48,S+V,0.0,0,128,0.0
tier3,2018,112,13579,49,M+S+V,0.99825,1,198,3.0625000000001024e-06
tier3,2018,112,13579,50,L+S+V,0.0,0,148,0.0
tier3,2018,112,13579,51,M+L+S+V,1.0,1,218,0.0
tier3,2018,112,13579,52,C+S+V,0.15465,0,159,0.0239166225
tier3,2018,112,13579,53,M+C+S+V,1.0,1,229,0.0
tier3,2018,112,13579,54,L+C+S+V,0.6964,1,179,0.09217295999999998
tier3,2018,112,13579,55,M+L+C+S+V,1.0,1,249,0.0
tier3,2018,112,13579,56,KD+S+V,0.0,0,150,0.0
tier3,2018,112,13579,57,M+KD+S+V,0.99825,1,220,3.0625000000001024e-06
tier3,2018,112,13579,58,L+KD+S+V,0.001,0,170,1e-06
tier3,2018,112,13579,59,M+L+KD+S+V,1.0,1,240,0.0
tier3,2018,112,13579,60,C+KD+S+V,0.1621,1,181,0.70207641
tier3,2018,112,13579,61,M+C+KD+S+V,1.0,1,251,0.0
tier3,2018,112,13579,62,L+C+KD+S+V,0.69775,1,201,0.09135506250000001
tier3,2018,112,13579,63,M+L+C+KD+S+V,1.0,1,271,0.0
tier3,2018,112,13579,64,MP,0.0,0,16,0.0
tier3,2018,112,13579,65,M+MP,0.0,0,86,0.0
tier3,2018,112,13579,66,L+MP,0.0,0,36,0.0
tier3,2018,112,13579,67,M+L+MP,0.0,0,106,0.0
tier3,2018,112,13579,68,C+MP,0.0,0,47,0.0
tier3,2018,112,13579,69,M+C+MP,0.0,0,117,0.0
tier3,2018,112,13579,70,L+C+MP,0.0,0,67,0.0
tier3,2018,112,13579,71,M+L+C+MP,0.0,0,137,0.0
tier3,2018,112,13579,72,KD+MP,0.0,0,38,0.0
tier3,2018,112,13579,73,M+KD+MP,0.0,0,108,0.0
tier3,2018,112,13579,74,L+KD+MP,0.0,0,58,0.0
tier3,2018,112,13579,75,M+L+KD+MP,0.0,0,128,0.0
tier3,2018,112,13579,76,C+KD+MP,0.0,0,69,0.0
tier3,2018,112,13579,77,M+C+KD+MP,0.0,0,139,0.0
tier3,2018,112,13579,78,L+C+KD+MP,0.0,0,89,0.0
tier3,2018,112,13579,79,M+L+C+KD+MP,0.0,0,159,0.0
tier3,2018,112,13579,80,S+MP,0.0,0,116,0.0
tier3,2018,112,13579,81,M+S+MP,0.89595,1,186,0.010826402499999995
tier3,2018,112,13579,82,L+S+MP,0.0,0,136,0.0
tier3,2018,112,13579,83,M+L+S+MP,0.99885,1,206,1.322499999999964e-06
tier3,2018,112,13579,84,C+S+MP,0.00135,0,147,1.8225000000000001e-06
tier3,2018,112,13579,85,M+C+S+MP,1.0,1,217,0.0
tier3,2018,112,13579,86,L+C+S+MP,0.1727,0,167,0.029825289999999997
tier3,2018,112,13579,87,M+L+C+S+MP,1.0,1,237,0.0
tier3,2018,112,13579,88,KD+S+MP,0.0,0,138,0.0
tier3,2018,112,13579,89,M+KD+S+MP,0.90065,1,208,0.00987042250000001
tier3,2018,112,13579,90,L+KD+S+MP,0.0,0,158,0.0
tier3,2018,112,13579,91,M+L+KD+S+MP,0.9989,1,228,1.2099999999999778e-06
tier3,2018,112,13579,92,C+KD+S+MP,0.00135,0,169,1.8225000000000001e-06
tier3,2018,112,13579,93,M+C+KD+S+MP,1.0,1,239,0.0
tier3,2018,112,13579,94,L+C+KD+S+MP,0.17675,1,189,0.6777405625
tier3,2018,112,13579,95,M+L+C+KD+S+MP,1.0,1,259,0.0
tier3,2018,112,13579,96,V+MP,0.0,0,44,0.0
tier3,2018,112,13579,97,M+V+MP,0.0,0,114,0.0
tier3,2018,112,13579,98,L+V+MP,0.0,0,64,0.0
tier3,2018,112,13579,99,M+L+V+MP,0.0012,0,134,1.4399999999999998e-06
tier3,2018,112,13579,100,C+V+MP,0.0,0,75,0.0
tier3,2018,112,13579,101,M+C+V+MP,0.14215,0,145,0.0202066225
tier3,2018,112,13579,102,L+C+V+MP,0.0,0,95,0.0
tier3,2018,112,13579,103,M+L+C+V+MP,0.5637,0,165,0.31775769
tier3,2018,112,13579,104,KD+V+MP,0.0,0,66,0.0
tier3,2018,112,13579,105,M+KD+V+MP,0.0,0,136,0.0
tier3,2018,112,13579,106,L+KD+V+MP,0.0,0,86,0.0
tier3,2018,112,13579,107,M+L+KD+V+MP,0.0012,0,156,1.4399999999999998e-06
tier3,2018,112,13579,108,C+KD+V+MP,0.0,0,97,0.0
tier3,2018,112,13579,109,M+C+KD+V+MP,0.14265,0,167,0.0203490225
tier3,2018,112,13579,110,L+C+KD+V+MP,0.0,0,117,0.0
tier3,2018,112,13579,111,M+L+C+KD+V+MP,0.5699,1,187,0.18498601000000003
tier3,2018,112,13579,112,S+V+MP,0.0,0,144,0.0
tier3,2018,112,13579,113,M+S+V+MP,1.0,1,214,0.0
tier3,2018,112,13579,114,L+S+V+MP,0.03905,0,164,0.0015249025
tier3,2018,112,13579,115,M+L+S+V+MP,1.0,1,234,0.0
tier3,2018,112,13579,116,C+S+V+MP,0.56735,1,175,0.1871860225
tier3,2018,112,13579,117,M+C+S+V+MP,1.0,1,245,0.0
tier3,2018,112,13579,118,L+C+S+V+MP,0.8556,1,195,0.020851359999999992
tier3,2018,112,13579,119,M+L+C+S+V+MP,1.0,1,265,0.0
tier3,2018,112,13579,120,KD+S+V+MP,0.0,0,166,0.0
tier3,2018,112,13579,121,M+KD+S+V+MP,1.0,1,236,0.0
tier3,2018,112,13579,122,L+KD+S+V+MP,0.0414,1,186,0.91891396
tier3,2018,112,13579,123,M+L+KD+S+V+MP,1.0,1,256,0.0
tier3,2018,112,13579,124,C+KD+S+V+MP,0.574,1,197,0.18147600000000003
tier3,2018,112,13579,125,M+C+KD+S+V+MP,1.0,1,267,0.0
tier3,2018,112,13579,126,L+C+KD+S+V+MP,0.8562,1,217,0.02067844000000001
tier3,2018,112,13579,127,M+L+C+KD+S+V+MP,1.0,1,287,0.0
tier3,2018,112,13579,128,SD,0.0,0,62,0.0
tier3,2018,112,13579,129,M+SD,0.1438,0,132,0.020678440000000003
tier3,2018,112,13579,130,L+SD,0.0,0,82,0.0
tier3,2018,112,13579,131,M+L+SD,0.426,0,152,0.181476
tier3,2018,112,13579,132,C+SD,0.0,0,93,0.0
tier3,2018,112,13579,133,M+C+SD,0.9586,0,163,0.91891396
tier3,2018,112,13579,134,L+C+SD,0.0,0,113,0.0
tier3,2018,112,13579,135,M+L+C+SD,1.0,1,183,0.0
tier3,2018,112,13579,136,KD+SD,0.0,0,84,0.0
tier3,2018,112,13579,137,M+KD+SD,0.1444,0,154,0.02085136
tier3,2018,112,13579,138,L+KD+SD,0.0,0,104,0.0
tier3,2018,112,13579,139,M+L+KD+SD,0.43265,0,174,0.1871860225
tier3,2018,112,13579,140,C+KD+SD,0.0,0,115,0.0
tier3,2018,112,13579,141,M+C+KD+SD,0.96095,1,185,0.0015249025000000022
tier3,2018,112,13579,142,L+C+KD+SD,0.0,0,135,0.0
tier3,2018,112,13579,143,M+L+C+KD+SD,1.0,1,205,0.0
tier3,2018,112,13579,144,S+SD,0.4301,0,162,0.18498600999999998
tier3,2018,112,13579,145,M+S+SD,1.0,1,232,0.0
tier3,2018,112,13579,146,L+S+SD,0.85735,1,182,0.020349022500000015
tier3,2018,112,13579,147,M+L+S+SD,1.0,1,252,0.0
tier3,2018,112,13579,148,C+S+SD,0.9988,1,193,1.4399999999999494e-06
tier3,2018,112,13579,149,M+C+S+SD,1.0,1,263,0.0
tier3,2018,112,13579,150,L+C+S+SD,1.0,1,213,0.0
tier3,2018,112,13579,151,M+L+C+S+SD,1.0,1,283,0.0
tier3,2018,112,13579,152,KD+S+SD,0.4363,1,184,0.31775769
tier3,2018,112,13579,153,M+KD+S+SD,1.0,1,254,0.0
tier3,2018,112,13579,154,L+KD+S+SD,0.85785,1,204,0.0202066225
tier3,2018,112,13579,155,M+L+KD+S+SD,1.0,1,274,0.0
tier3,2018,112,13579,156,C+KD+S+SD,0.9988,1,215,1.4399999999999494e-06
tier3,2018,112,13579,157,M+C+KD+S+SD,1.0,1,285,0.0
tier3,2018,112,13579,158,L+C+KD+S+SD,1.0,1,235,0.0
tier3,2018,112,13579,159,M+L+C+KD+S+SD,1.0,1,305,0.0
tier3,2018,112,13579,160,V+SD,0.0,0,90,0.0
tier3,2018,112,13579,161,M+V+SD,0.82325,0,160,0.6777405625
tier3,2018,112,13579,162,L+V+SD,0.0,0,110,0.0
tier3,2018,112,13579,163,M+L+V+SD,0.99865,1,180,1.8224999999998983e-06
tier3,2018,112,13579,164,C+V+SD,0.0011,0,121,1.21e-06
tier3,2018,112,13579,165,M+C+V+SD,1.0,1,191,0.0
tier3,2018,112,13579,166,L+C+V+SD,0.09935,0,141,0.009870422499999998
tier3,2018,112,13579,167,M+L+C+V+SD,1.0,1,211,0.0
tier3,2018,112,13579,168,KD+V+SD,0.0,0,112,0.0
tier3,2018,112,13579,169,M+KD+V+SD,0.8273,1,182,0.029825289999999987
tier3,2018,112,13579,170,L+KD+V+SD,0.0,0,132,0.0
tier3,2018,112,13579,171,M+L+KD+V+SD,0.99865,1,202,1.8224999999998983e-06
tier3,2018,112,13579,172,C+KD+V+SD,0.00115,0,143,1.3225e-06
tier3,2018,112,13579,173,M+C+KD+V+SD,1.0,1,213,0.0
tier3,2018,112,13579,174,L+C+KD+V+SD,0.10405,0,163,0.0108264025
tier3,2018,112,13579,175,M+L+C+KD+V+SD,1.0,1,233,0.0
tier3,2018,112,13579,176,S+V+SD,1.0,1,190,0.0
tier3,2018,112,13579,177,M+S+V+SD,1.0,1,260,0.0
tier3,2018,112,13579,178,L+S+V+SD,1.0,1,210,0.0
tier3,2018,112,13579,179,M+L+S+V+SD,1.0,1,280,0.0
tier3,2018,112,13579,180,C+S+V+SD,1.0,1,221,0.0
tier3,2018,112,13579,181,M+C+S+V+SD,1.0,1,291,0.0
tier3,2018,112,13579,182,L+C+S+V+SD,1.0,1,241,0.0
tier3,2018,112,13579,183,M+L+C+S+V+SD,1.0,1,311,0.0
tier3,2018,112,13579,184,KD+S+V+SD,1.0,1,212,0.0
tier3,2018,112,13579,185,M+KD+S+V+SD,1.0,1,282,0.0
tier3,2018,112,13579,186,L+KD+S+V+SD,1.0,1,232,0.0
tier3,2018,112,13579,187,M+L+KD+S+V+SD,1.0,1,302,0.0
tier3,2018,112,13579,188,C+KD+S+V+SD,1.0,1,243,0.0
tier3,2018,112,13579,189,M+C+KD+S+V+SD,1.0,1,313,0.0
tier3,2018,112,13579,190,L+C+KD+S+V+SD,1.0,1,263,0.0
tier3,2018,112,13579,191,M+L+C+KD+S+V+SD,1.0,1,333,0.0
tier3,2018,112,13579,192,MP+SD,0.0,0,78,0.0
tier3,2018,112,13579,193,M+MP+SD,0.30225,0,148,0.09135506250000001
tier3,2018,112,13579,194,L+MP+SD,0.0,0,98,0.0
tier3,2018,112,13579,195,M+L+MP+SD,0.8379,0,168,0.70207641
tier3,2018,112,13579,196,C+MP+SD,0.0,0,109,0.0
tier3,2018,112,13579,197,M+C+MP+SD,0.999,1,179,1.0000000000000019e-06
tier3,2018,112,13579,198,L+C+MP+SD,0.00175,0,129,3.0625000000000003e-06
tier3,2018,112,13579,199,M+L+C+MP+SD,1.0,1,199,0.0
tier3,2018,112,13579,200,KD+MP+SD,0.0,0,100,0.0
tier3,2018,112,13579,201,M+KD+MP+SD,0.3036,0,170,0.09217295999999998
tier3,2018,112,13579,202,L+KD+MP+SD,0.0,0,120,0.0
tier3,2018,112,13579,203,M+L+KD+MP+SD,0.84535,1,190,0.023916622499999984
tier3,2018,112,13579,204,C+KD+MP+SD,0.0,0,131,0.0
tier3,2018,112,13579,205,M+C+KD+MP+SD,1.0,1,201,0.0
tier3,2018,112,13579,206,L+C+KD+MP+SD,0.00175,0,151,3.0625000000000003e-06
tier3,2018,112,13579,207,M+L+C+KD+MP+SD,1.0,1,221,0.0
tier3,2018,112,13579,208,S+MP+SD,0.79695,1,178,0.04122930249999998
tier3,2018,112,13579,209,M+S+MP+SD,1.0,1,248,0.0
tier3,2018,112,13579,210,L+S+MP+SD,0.97825,1,198,0.0004730625000000021
tier3,2018,112,13579,211,M+L+S+MP+SD,1.0,1,268,0.0
tier3,2018,112,13579,212,C+S+MP+SD,1.0,1,209,0.0
tier3,2018,112,13579,213,M+C+S+MP+SD,1.0,1,279,0.0
tier3,2018,112,13579,214,L+C+S+MP+SD,1.0,1,229,0.0
tier3,2018,112,13579,215,M+L+C+S+MP+SD,1.0,1,299,0.0
tier3,2018,112,13579,216,KD+S+MP+SD,0.80165,1,200,0.03934272250000001
tier3,2018,112,13579,217,M+KD+S+MP+SD,1.0,1,270,0.0
tier3,2018,112,13579,218,L+KD+S+MP+SD,0.97825,1,220,0.0004730625000000021
tier3,2018,112,13579,219,M+L+KD+S+MP+SD,1.0,1,290,0.0
tier3,2018,112,13579,220,C+KD+S+MP+SD,1.0,1,231,0.0
tier3,2018,112,13579,221,M+C+KD+S+MP+SD,1.0,1,301,0.0
tier3,2018,112,13579,222,L+C+KD+S+MP+SD,1.0,1,251,0.0
tier3,2018,112,13579,223,M+L+C+KD+S+MP+SD,1.0,1,321,0.0
tier3,2018,112,13579,224,V+MP+SD,0.0,0,106,0.0
tier3,2018,112,13579,225,M+V+MP+SD,0.9856,1,176,0.0002073599999999991
tier3,2018,112,13579,226,L+V+MP+SD,0.0,0,126,0.0
tier3,2018,112,13579,227,M+L+V+MP+SD,1.0,1,196,0.0
tier3,2018,112,13579,228,C+V+MP+SD,0.04465,0,137,0.0019936225
tier3,2018,112,13579,229,M+C+V+MP+SD,1.0,1,207,0.0
tier3,2018,112,13579,230,L+C+V+MP+SD,0.35625,0,157,0.1269140625
tier3,2018,112,13579,231,M+L+C+V+MP+SD,1.0,1,227,0.0
tier3,2018,112,13579,232,KD+V+MP+SD,0.0,0,128,0.0
tier3,2018,112,13579,233,M+KD+V+MP+SD,0.98745,1,198,0.00015750249999999874
tier3,2018,112,13579,234,L+KD+V+MP+SD,0.0,0,148,0.0
tier3,2018,112,13579,235,M+L+KD+V+MP+SD,1.0,1,218,0.0
tier3,2018,112,13579,236,C+KD+V+MP+SD,0.0459,0,159,0.00210681
tier3,2018,112,13579,237,M+C+KD+V+MP+SD,1.0,1,229,0.0
tier3,2018,112,13579,238,L+C+KD+V+MP+SD,0.3605,1,179,0.40896024999999997
tier3,2018,112,13579,239,M+L+C+KD+V+MP+SD,1.0,1,249,0.0
tier3,2018,112,13579,240,S+V+MP+SD,1.0,1,206,0.0
tier3,2018,112,13579,241,M+S+V+MP+SD,1.0,1,276,0.0
tier3,2018,112,13579,242,L+S+V+MP+SD,1.0,1,226,0.0
tier3,2018,112,13579,243,M+L+S+V+MP+SD,1.0,1,296,0.0
tier3,2018,112,13579,244,C+S+V+MP+SD,1.0,1,237,0.0
tier3,2018,112,13579,245,M+C+S+V+MP+SD,1.0,1,307,0.0
tier3,2018,112,13579,246,L+C+S+V+MP+SD,1.0,1,257,0.0
tier3,2018,112,13579,247,M+L+C+S+V+MP+SD,1.0,1,327,0.0
tier3,2018,112,13579,248,KD+S+V+MP+SD,1.0,1,228,0.0
tier3,2018,112,13579,249,M+KD+S+V+MP+SD,1.0,1,298,0.0
tier3,2018,112,13579,250,L+KD+S+V+MP+SD,1.0,1,248,0.0
tier3,2018,112,13579,251,M+L+KD+S+V+MP+SD,1.0,1,318,0.0
tier3,2018,112,13579,252,C+KD+S+V+MP+SD,1.0,1,259,0.0
tier3,2018,112,13579,253,M+C+KD+S+V+MP+SD,1.0,1,329,0.0
tier3,2018,112,13579,254,L+C+KD+S+V+MP+SD,1.0,1,279,0.0
tier3,2018,84,12345,1,M,0.0,0,70,0.0
tier3,2018,84,12345,2,L,0.0,0,20,0.0
tier3,2018,84,12345,3,M+L,0.0,0,90,0.0
tier3,2018,84,12345,4,C,0.0,0,31,0.0
tier3,2018,84,12345,5,M+C,0.0,0,101,0.0
tier3,2018,84,12345,6,L+C,0.0,0,51,0.0
tier3,2018,84,12345,7,M+L+C,0.0,0,121,0.0
tier3,2018,84,12345,8,KD,0.0,0,22,0.0
tier3,2018,84,12345,9,M+KD,0.0,0,92,0.0
tier3,2018,84,12345,10,L+KD,0.0,0,42,0.0
tier3,2018,84,12345,11,M+L+KD,0.0,0,112,0.0
tier3,2018,84,12345,12,C+KD,0.0,0,53,0.0
tier3,2018,84,12345,13,M+C+KD,0.0,0,123,0.0
tier3,2018,84,12345,14,L+C+KD,0.0,0,73,0.0
tier3,2018,84,12345,15,M+L+C+KD,0.0,0,143,0.0
tier3,2018,84,12345,16,S,0.0,0,100,0.0
tier3,2018,84,12345,17,M+S,0.41375,0,170,0.17118906250000002
tier3,2018,84,12345,18,L+S,0.0,0,120,0.0
tier3,2018,84,12345,19,M+L+S,0.9096,1,190,0.008172160000000006
tier3,2018,84,12345,20,C+S,0.0,0,131,0.0
tier3,2018,84,12345,21,M+C+S,1.0,1,201,0.0
tier3,2018,84,12345,22,L+C+S,0.00065,0,151,4.225e-07
tier3,2018,84,12345,23,M+L+C+S,1.0,1,221,0.0
tier3,2018,84,12345,24,KD+S,0.0,0,122,0.0
tier3,2018,84,12345,25,M+KD+S,0.4158,1,192,0.34128964000000006
tier3,2018,84,12345,26,L+KD+S,0.0,0,142,0.0
tier3,2018,84,12345,27,M+L+KD+S,0.90985,1,212,0.008127022499999992
tier3,2018,84,12345,28,C+KD+S,0.0,0,153,0.0
tier3,2018,84,12345,29,M+C+KD+S,1.0,1,223,0.0
tier3,2018,84,12345,30,L+C+KD+S,0.00065,0,173,4.225e-07
tier3,2018,84,12345,31,M+L+C+KD+S,1.0,1,243,0.0
tier3,2018,84,12345,32,V,0.0,0,28,0.0
tier3,2018,84,12345,33,M+V,0.0,0,98,0.0
tier3,2018,84,12345,34,L+V,0.0,0,48,0.0
tier3,2018,84,12345,35,M+L+V,0.0,0,118,0.0
tier3,2018,84,12345,36,C+V,0.0,0,59,0.0
tier3,2018,84,12345,37,M+C+V,0.0047,0,129,2.209e-05
tier3,2018,84,12345,38,L+C+V,0.0,0,79,0.0
tier3,2018,84,12345,39,M+L+C+V,0.1438,0,149,0.020678440000000003
tier3,2018,84,12345,40,KD+V,0.0,0,50,0.0
tier3,2018,84,12345,41,M+KD+V,0.0,0,120,0.0
tier3,2018,84,12345,42,L+KD+V,0.0,0,70,0.0
tier3,2018,84,12345,43,M+L+KD+V,0.0,0,140,0.0
tier3,2018,84,12345,44,C+KD+V,0.0,0,81,0.0
tier3,2018,84,12345,45,M+C+KD+V,0.0047,0,151,2.209e-05
tier3,2018,84,12345,46,L+C+KD+V,0.0,0,101,0.0
tier3,2018,84,12345,47,M+L+C+KD+V,0.1453,0,171,0.021112090000000003
tier3,2018,84,12345,48,S+V,0.0,0,128,0.0
tier3,2018,84,12345,49,M+S+V,0.9971,1,198,8.410000000000079e-06
tier3,2018,84,12345,50,L+S+V,0.0,0,148,0.0
tier3,2018,84,12345,51,M+L+S+V,1.0,1,218,0.0
tier3,2018,84,12345,52,C+S+V,0.1052,0,159,0.01106704
tier3,2018,84,12345,53,M+C+S+V,1.0,1,229,0.0
tier3,2018,84,12345,54,L+C+S+V,0.76005,1,179,0.0575760025
tier3,2018,84,12345,55,M+L+C+S+V,1.0,1,249,0.0
tier3,2018,84,12345,56,KD+S+V,0.0,0,150,0.0
tier3,2018,84,12345,57,M+KD+S+V,0.9971,1,220,8.410000000000079e-06
tier3,2018,84,12345,58,L+KD+S+V,0.0001,0,170,1e-08
tier3,2018,84,12345,59,M+L+KD+S+V,1.0,1,240,0.0
tier3,2018,84,12345,60,C+KD+S+V,0.10705,1,181,0.7973597025
tier3,2018,84,12345,61,M+C+KD+S+V,1.0,1,251,0.0
tier3,2018,84,12345,62,L+C+KD+S+V,0.7611,1,201,0.05707321
tier3,2018,84,12345,63,M+L+C+KD+S+V,1.0,1,271,0.0
tier3,2018,84,12345,64,MP,0.0,0,16,0.0
tier3,2018,84,12345,65,M+MP,0.0,0,86,0.0
tier3,2018,84,12345,66,L+MP,0.0,0,36,0.0
tier3,2018,84,12345,67,M+L+MP,0.0,0,106,0.0
tier3,2018,84,12345,68,C+MP,0.0,0,47,0.0
tier3,2018,84,12345,69,M+C+MP,0.0,0,117,0.0
tier3,2018,84,12345,70,L+C+MP,0.0,0,67,0.0
tier3,2018,84,12345,71,M+L+C+MP,0.0,0,137,0.0
tier3,2018,84,12345,72,KD+MP,0.0,0,38,0.0
tier3,2018,84,12345,73,M+KD+MP,0.0,0,108,0.0
tier3,2018,84,12345,74,L+KD+MP,0.0,0,58,0.0
tier3,2018,84,12345,75,M+L+KD+MP,0.0,0,128,0.0
tier3,2018,84,12345,76,C+KD+MP,0.0,0,69,0.0
tier3,2018,84,12345,77,M+C+KD+MP,0.0,0,139,0.0
tier3,2018,84,12345,78,L+C+KD+MP,0.0,0,89,0.0
tier3,2018,84,12345,79,M+L+C+KD+MP,0.0,0,159,0.0
tier3,2018,84,12345,80,S+MP,0.0,0,116,0.0
tier3,2018,84,12345,81,M+S+MP,0.80825,1,186,0.03676806249999999
tier3,2018,84,12345,82,L+S+MP,0.0,0,136,0.0
tier3,2018,84,12345,83,M+L+S+MP,0.99705,1,206,8.702500000000048e-06
tier3,2018,84,12345,84,C+S+MP,5e-05,0,147,2.5e-09
tier3,2018,84,12345,85,M+C+S+MP,1.0,1,217,0.0
tier3,2018,84,12345,86,L+C+S+MP,0.1585,0,167,0.025122250000000002
tier3,2018,84,12345,87,M+L+C+S+MP,1.0,1,237,0.0
tier3,2018,84,12345,88,KD+S+MP,0.0,0,138,0.0
tier3,2018,84,12345,89,M+KD+S+MP,0.80915,1,208,0.036423722499999985
tier3,2018,84,12345,90,L+KD+S+MP,0.0,0,158,0.0
tier3,2018,84,12345,91,M+L+KD+S+MP,0.9971,1,228,8.410000000000079e-06
tier3,2018,84,12345,92,C+KD+S+MP,5e-05,0,169,2.5e-09
tier3,2018,84,12345,93,M+C+KD+S+MP,1.0,1,239,0.0
tier3,2018,84,12345,94,L+C+KD+S+MP,0.159,1,189,0.7072809999999999
tier3,2018,84,12345,95,M+L+C+KD+S+MP,1.0,1,259,0.0
tier3,2018,84,12345,96,V+MP,0.0,0,44,0.0
tier3,2018,84,12345,97,M+V+MP,0.0,0,114,0.0
tier3,2018,84,12345,98,L+V+MP,0.0,0,64,0.0
tier3,2018,84,12345,99,M+L+V+MP,0.0,0,134,0.0
tier3,2018,84,12345,100,C+V+MP,0.0,0,75,0.0
tier3,2018,84,12345,101,M+C+V+MP,0.10595,0,145,0.0112254025
tier3,2018,84,12345,102,L+C+V+MP,0.0,0,95,0.0
tier3,2018,84,12345,103,M+L+C+V+MP,0.58545,0,165,0.34275170250000003
tier3,2018,84,12345,104,KD+V+MP,0.0,0,66,0.0
tier3,2018,84,12345,105,M+KD+V+MP,0.0,0,136,0.0
tier3,2018,84,12345,106,L+KD+V+MP,0.0,0,86,0.0
tier3,2018,84,12345,107,M+L+KD+V+MP,0.0,0,156,0.0
tier3,2018,84,12345,108,C+KD+V+MP,0.0,0,97,0.0
tier3,2018,84,12345,109,M+C+KD+V+MP,0.1062,0,167,0.01127844
tier3,2018,84,12345,110,L+C+KD+V+MP,0.0,0,117,0.0
tier3,2018,84,12345,111,M+L+C+KD+V+MP,0.5881,1,187,0.16966161000000005
tier3,2018,84,12345,112,S+V+MP,0.0,0,144,0.0
tier3,2018,84,12345,113,M+S+V+MP,1.0,1,214,0.0
tier3,2018,84,12345,114,L+S+V+MP,0.04245,0,164,0.0018020025000000002
tier3,2018,84,12345,115,M+L+S+V+MP,1.0,1,234,0.0
tier3,2018,84,12345,116,C+S+V+MP,0.5998,1,175,0.16016004
tier3,2018,84,12345,117,M+C+S+V+MP,1.0,1,245,0.0
tier3,2018,84,12345,118,L+C+S+V+MP,0.9129,1,195,0.007586409999999992
tier3,2018,84,12345,119,M+L+C+S+V+MP,1.0,1,265,0.0
tier3,2018,84,12345,120,KD+S+V+MP,0.0,0,166,0.0
tier3,2018,84,12345,121,M+KD+S+V+MP,1.0,1,236,0.0
tier3,2018,84,12345,122,L+KD+S+V+MP,0.04335,1,186,0.9151792225000001
tier3,2018,84,12345,123,M+L+KD+S+V+MP,1.0,1,256,0.0
tier3,2018,84,12345,124,C+KD+S+V+MP,0.60245,1,197,0.15804600249999998
tier3,2018,84,12345,125,M+C+KD+S+V+MP,1.0,1,267,0.0
tier3,2018,84,12345,126,L+C+KD+S+V+MP,0.9131,1,217,0.007551609999999996
tier3,2018,84,12345,127,M+L+C+KD+S+V+MP,1.0,1,287,0.0
tier3,2018,84,12345,128,SD,0.0,0,62,0.0
tier3,2018,84,12345,129,M+SD,0.0869,0,132,0.007551610000000001
tier3,2018,84,12345,130,L+SD,0.0,0,82,0.0
tier3,2018,84,12345,131,M+L+SD,0.39755,0,152,0.1580460025
tier3,2018,84,12345,132,C+SD,0.0,0,93,0.0
tier3,2018,84,12345,133,M+C+SD,0.95665,0,163,0.9151792225000001
tier3,2018,84,12345,134,L+C+SD,0.0,0,113,0.0
tier3,2018,84,12345,135,M+L+C+SD,1.0,1,183,0.0
tier3,2018,84,12345,136,KD+SD,0.0,0,84,0.0
tier3,2018,84,12345,137,M+KD+SD,0.0871,0,154,0.007586409999999999
tier3,2018,84,12345,138,L+KD+SD,0.0,0,104,0.0
tier3,2018,84,12345,139,M+L+KD+SD,0.4002,0,174,0.16016004
tier3,2018,84,12345,140,C+KD+SD,0.0,0,115,0.0
tier3,2018,84,12345,141,M+C+KD+SD,0.95755,1,185,0.001802002499999999
tier3,2018,84,12345,142,L+C+KD+SD,0.0,0,135,0.0
tier3,2018,84,12345,143,M+L+C+KD+SD,1.0,1,205,0.0
tier3,2018,84,12345,144,S+SD,0.4119,0,162,0.16966161
tier3,2018,84,12345,145,M+S+SD,1.0,1,232,0.0
tier3,2018,84,12345,146,L+S+SD,0.8938,1,182,0.011278439999999992
tier3,2018,84,12345,147,M+L+S+SD,1.0,1,252,0.0
tier3,2018,84,12345,148,C+S+SD,1.0,1,193,0.0
tier3,2018,84,12345,149,M+C+S+SD,1.0,1,263,0.0
tier3,2018,84,12345,150,L+C+S+SD,1.0,1,213,0.0
tier3,2018,84,12345,151,M+L+C+S+SD,1.0,1,283,0.0
tier3,2018,84,12345,152,KD+S+SD,0.41455,1,184,0.34275170250000003
tier3,2018,84,12345,153,M+KD+S+SD,1.0,1,254,0.0
tier3,2018,84,12345,154,L+KD+S+SD,0.89405,1,204,0.011225402499999997
tier3,2018,84,12345,155,M+L+KD+S+SD,1.0,1,274,0.0
tier3,2018,84,12345,156,C+KD+S+SD,1.0,1,215,0.0
tier3,2018,84,12345,157,M+C+KD+S+SD,1.0,1,285,0.0
tier3,2018,84,12345,158,L+C+KD+S+SD,1.0,1,235,0.0
tier3,2018,84,12345,159,M+L+C+KD+S+SD,1.0,1,305,0.0
tier3,2018,84,12345,160,V+SD,0.0,0,90,0.0
tier3,2018,84,12345,161,M+V+SD,0.841,0,160,0.7072809999999999
tier3,2018,84,12345,162,L+V+SD,0.0,0,110,0.0
tier3,2018,84,12345,163,M+L+V+SD,0.99995,1,180,2.499999999999449e-09
tier3,2018,84,12345,164,C+V+SD,0.0029,0,121,8.409999999999999e-06
tier3,2018,84,12345,165,M+C+V+SD,1.0,1,191,0.0
tier3,2018,84,12345,166,L+C+V+SD,0.19085,0,141,0.0364237225
tier3,2018,84,12345,167,M+L+C+V+SD,1.0,1,211,0.0
tier3,2018,84,12345,168,KD+V+SD,0.0,0,112,0.0
tier3,2018,84,12345,169,M+KD+V+SD,0.8415,1,182,0.025122249999999992
tier3,2018,84,12345,170,L+KD+V+SD,0.0,0,132,0.0
tier3,2018,84,12345,171,M+L+KD+V+SD,0.99995,1,202,2.499999999999449e-09
tier3,2018,84,12345,172,C+KD+V+SD,0.00295,0,143,8.7025e-06
tier3,2018,84,12345,173,M+C+KD+V+SD,1.0,1,213,0.0
tier3,2018,84,12345,174,L+C+KD+V+SD,0.19175,0,163,0.036768062500000004
tier3,2018,84,12345,175,M+L+C+KD+V+SD,1.0,1,233,0.0
tier3,2018,84,12345,176,S+V+SD,1.0,1,190,0.0
tier3,2018,84,12345,177,M+S+V+SD,1.0,1,260,0.0
tier3,2018,84,12345,178,L+S+V+SD,1.0,1,210,0.0
tier3,2018,84,12345,179,M+L+S+V+SD,1.0,1,280,0.0
tier3,2018,84,12345,180,C+S+V+SD,1.0,1,221,0.0
tier3,2018,84,12345,181,M+C+S+V+SD,1.0,1,291,0.0
tier3,2018,84,12345,182,L+C+S+V+SD,1.0,1,241,0.0
tier3,2018,84,12345,183,M+L+C+S+V+SD,1.0,1,311,0.0
tier3,2018,84,12345,184,KD+S+V+SD,1.0,1,212,0.0
tier3,2018,84,12345,185,M+KD+S+V+SD,1.0,1,282,0.0
tier3,2018,84,12345,186,L+KD+S+V+SD,1.0,1,232,0.0
tier3,2018,84,12345,187,M+L+KD+S+V+SD,1.0,1,302,0.0
tier3,2018,84,12345,188,C+KD+S+V+SD,1.0,1,243,0.0
tier3,2018,84,12345,189,M+C+KD+S+V+SD,1.0,1,313,0.0
tier3,2018,84,12345,190,L+C+KD+S+V+SD,1.0,1,263,0.0
tier3,2018,84,12345,191,M+L+C+KD+S+V+SD,1.0,1,333,0.0
tier3,2018,84,12345,192,MP+SD,0.0,0,78,0.0
tier3,2018,84,12345,193,M+MP+SD,0.2389,0,148,0.05707321
tier3,2018,84,12345,194,L+MP+SD,0.0,0,98,0.0
tier3,2018,84,12345,195,M+L+MP+SD,0.89295,0,168,0.7973597025
tier3,2018,84,12345,196,C+MP+SD,0.0,0,109,0.0
tier3,2018,84,12345,197,M+C+MP+SD,0.9999,1,179,9.999999999997797e-09
tier3,2018,84,12345,198,L+C+MP+SD,0.0029,0,129,8.409999999999999e-06
tier3,2018,84,12345,199,M+L+C+MP+SD,1.0,1,199,0.0
tier3,2018,84,12345,200,KD+MP+SD,0.0,0,100,0.0
tier3,2018,84,12345,201,M+KD+MP+SD,0.23995,0,170,0.0575760025
tier3,2018,84,12345,202,L+KD+MP+SD,0.0,0,120,0.0
tier3,2018,84,12345,203,M+L+KD+MP+SD,0.8948,1,190,0.011067039999999992
tier3,2018,84,12345,204,C+KD+MP+SD,0.0,0,131,0.0
tier3,2018,84,12345,205,M+C+KD+MP+SD,1.0,1,201,0.0
tier3,2018,84,12345,206,L+C+KD+MP+SD,0.0029,0,151,8.409999999999999e-06
tier3,2018,84,12345,207,M+L+C+KD+MP+SD,1.0,1,221,0.0
tier3,2018,84,12345,208,S+MP+SD,0.8547,1,178,0.021112089999999997
tier3,2018,84,12345,209,M+S+MP+SD,1.0,1,248,0.0
tier3,2018,84,12345,210,L+S+MP+SD,0.9953,1,198,2.2090000000000353e-05
tier3,2018,84,12345,211,M+L+S+MP+SD,1.0,1,268,0.0
tier3,2018,84,12345,212,C+S+MP+SD,1.0,1,209,0.0
tier3,2018,84,12345,213,M+C+S+MP+SD,1.0,1,279,0.0
tier3,2018,84,12345,214,L+C+S+MP+SD,1.0,1,229,0.0
tier3,2018,84,12345,215,M+L+C+S+MP+SD,1.0,1,299,0.0
tier3,2018,84,12345,216,KD+S+MP+SD,0.8562,1,200,0.02067844000000001
tier3,2018,84,12345,217,M+KD+S+MP+SD,1.0,1,270,0.0
tier3,2018,84,12345,218,L+KD+S+MP+SD,0.9953,1,220,2.2090000000000353e-05
tier3,2018,84,12345,219,M+L+KD+S+MP+SD,1.0,1,290,0.0
tier3,2018,84,12345,220,C+KD+S+MP+SD,1.0,1,231,0.0
tier3,2018,84,12345,221,M+C+KD+S+MP+SD,1.0,1,301,0.0
tier3,2018,84,12345,222,L+C+KD+S+MP+SD,1.0,1,251,0.0
tier3,2018,84,12345,223,M+L+C+KD+S+MP+SD,1.0,1,321,0.0
tier3,2018,84,12345,224,V+MP+SD,0.0,0,106,0.0
tier3,2018,84,12345,225,M+V+MP+SD,0.99935,1,176,4.225000000000513e-07
tier3,2018,84,12345,226,L+V+MP+SD,0.0,0,126,0.0
tier3,2018,84,12345,227,M+L+V+MP+SD,1.0,1,196,0.0
tier3,2018,84,12345,228,C+V+MP+SD,0.09015,0,137,0.008127022499999999
tier3,2018,84,12345,229,M+C+V+MP+SD,1.0,1,207,0.0
tier3,2018,84,12345,230,L+C+V+MP+SD,0.5842,0,157,0.34128964000000006
tier3,2018,84,12345,231,M+L+C+V+MP+SD,1.0,1,227,0.0
tier3,2018,84,12345,232,KD+V+MP+SD,0.0,0,128,0.0
tier3,2018,84,12345,233,M+KD+V+MP+SD,0.99935,1,198,4.225000000000513e-07
tier3,2018,84,12345,234,L+KD+V+MP+SD,0.0,0,148,0.0
tier3,2018,84,12345,235,M+L+KD+V+MP+SD,1.0,1,218,0.0
tier3,2018,84,12345,236,C+KD+V+MP+SD,0.0904,0,159,0.00817216
tier3,2018,84,12345,237,M+C+KD+V+MP+SD,1.0,1,229,0.0
tier3,2018,84,12345,238,L+C+KD+V+MP+SD,0.58625,1,179,0.17118906249999996
tier3,2018,84,12345,239,M+L+C+KD+V+MP+SD,1.0,1,249,0.0
tier3,2018,84,12345,240,S+V+MP+SD,1.0,1,206,0.0
tier3,2018,84,12345,241,M+S+V+MP+SD,1.0,1,276,0.0
tier3,2018,84,12345,242,L+S+V+MP+SD,1.0,1,226,0.0
tier3,2018,84,12345,243,M+L+S+V+MP+SD,1.0,1,296,0.0
tier3,2018,84,12345,244,C+S+V+MP+SD,1.0,1,237,0.0
tier3,2018,84,12345,245,M+C+S+V+MP+SD,1.0,1,307,0.0
tier3,2018,84,12345,246,L+C+S+V+MP+SD,1.0,1,257,0.0
tier3,2018,84,12345,247,M+L+C+S+V+MP+SD,1.0,1,327,0.0
tier3,2018,84,12345,248,KD+S+V+MP+SD,1.0,1,228,0.0
tier3,2018,84,12345,249,M+KD+S+V+MP+SD,1.0,1,298,0.0
tier3,2018,84,12345,250,L+KD+S+V+MP+SD,1.0,1,248,0.0
tier3,2018,84,12345,251,M+L+KD+S+V+MP+SD,1.0,1,318,0.0
tier3,2018,84,12345,252,C+KD+S+V+MP+SD,1.0,1,259,0.0
tier3,2018,84,12345,253,M+C+KD+S+V+MP+SD,1.0,1,329,0.0
tier3,2018,84,12345,254,L+C+KD+S+V+MP+SD,1.0,1,279,0.0
tier3,2018,84,24680,1,M,0.0,0,70,0.0
tier3,2018,84,24680,2,L,0.0,0,20,0.0
tier3,2018,84,24680,3,M+L,0.0,0,90,0.0
tier3,2018,84,24680,4,C,0.0,0,31,0.0
tier3,2018,84,24680,5,M+C,0.0,0,101,0.0
tier3,2018,84,24680,6,L+C,0.0,0,51,0.0
tier3,2018,84,24680,7,M+L+C,0.0,0,121,0.0
tier3,2018,84,24680,8,KD,0.0,0,22,0.0
tier3,2018,84,24680,9,M+KD,0.0,0,92,0.0
tier3,2018,84,24680,10,L+KD,0.0,0,42,0.0
tier3,2018,84,24680,11,M+L+KD,0.0,0,112,0.0
tier3,2018,84,24680,12,C+KD,0.0,0,53,0.0
tier3,2018,84,24680,13,M+C+KD,0.0,0,123,0.0
tier3,2018,84,24680,14,L+C+KD,0.0,0,73,0.0
tier3,2018,84,24680,15,M+L+C+KD,0.0,0,143,0.0
tier3,2018,84,24680,16,S,0.0,0,100,0.0
tier3,2018,84,24680,17,M+S,0.41155,0,170,0.16937340250000002
tier3,2018,84,24680,18,L+S,0.0,0,120,0.0
tier3,2018,84,24680,19,M+L+S,0.91345,1,190,0.007490902500000003
tier3,2018,84,24680,20,C+S,0.0,0,131,0.0
tier3,2018,84,24680,21,M+C+S,1.0,1,201,0.0
tier3,2018,84,24680,22,L+C+S,0.00045,0,151,2.025e-07
tier3,2018,84,24680,23,M+L+C+S,1.0,1,221,0.0
tier3,2018,84,24680,24,KD+S,0.0,0,122,0.0
tier3,2018,84,24680,25,M+KD+S,0.4137,1,192,0.34374769000000005
tier3,2018,84,24680,26,L+KD+S,0.0,0,142,0.0
tier3,2018,84,24680,27,M+L+KD+S,0.91395,1,212,0.007404602499999993
tier3,2018,84,24680,28,C+KD+S,0.0,0,153,0.0
tier3,2018,84,24680,29,M+C+KD+S,1.0,1,223,0.0
tier3,2018,84,24680,30,L+C+KD+S,0.00045,0,173,2.025e-07
tier3,2018,84,24680,31,M+L+C+KD+S,1.0,1,243,0.0
tier3,2018,84,24680,32,V,0.0,0,28,0.0
tier3,2018,84,24680,33,M+V,0.0,0,98,0.0
tier3,2018,84,24680,34,L+V,0.0,0,48,0.0
tier3,2018,84,24680,35,M+L+V,0.0,0,118,0.0
tier3,2018,84,24680,36,C+V,0.0,0,59,0.0
tier3,2018,84,24680,37,M+C+V,0.00325,0,129,1.05625e-05
tier3,2018,84,24680,38,L+C+V,0.0,0,79,0.0
tier3,2018,84,24680,39,M+L+C+V,0.13645,0,149,0.018618602499999998
tier3,2018,84,24680,40,KD+V,0.0,0,50,0.0
tier3,2018,84,24680,41,M+KD+V,0.0,0,120,0.0
tier3,2018,84,24680,42,L+KD+V,0.0,0,70,0.0
tier3,2018,84,24680,43,M+L+KD+V,0.0,0,140,0.0
tier3,2018,84,24680,44,C+KD+V,0.0,0,81,0.0
tier3,2018,84,24680,45,M+C+KD+V,0.00325,0,151,1.05625e-05
tier3,2018,84,24680,46,L+C+KD+V,0.0,0,101,0.0
tier3,2018,84,24680,47,M+L+C+KD+V,0.13865,0,171,0.019223822499999998
tier3,2018,84,24680,48,S+V,0.0,0,128,0.0
tier3,2018,84,24680,49,M+S+V,0.9981,1,198,3.6100000000000484e-06
tier3,2018,84,24680,50,L+S+V,0.0,0,148,0.0
tier3,2018,84,24680,51,M+L+S+V,1.0,1,218,0.0
tier3,2018,84,24680,52,C+S+V,0.1032,0,159,0.01065024
tier3,2018,84,24680,53,M+C+S+V,1.0,1,229,0.0
tier3,2018,84,24680,54,L+C+S+V,0.7684,1,179,0.053638560000000016
tier3,2018,84,24680,55,M+L+C+S+V,1.0,1,249,0.0
tier3,2018,84,24680,56,KD+S+V,0.0,0,150,0.0
tier3,2018,84,24680,57,M+KD+S+V,0.9981,1,220,3.6100000000000484e-06
tier3,2018,84,24680,58,L+KD+S+V,0.00025,0,170,6.25e-08
tier3,2018,84,24680,59,M+L+KD+S+V,1.0,1,240,0.0
tier3,2018,84,24680,60,C+KD+S+V,0.10605,1,181,0.7991466025
tier3,2018,84,24680,61,M+C+KD+S+V,1.0,1,251,0.0
tier3,2018,84,24680,62,L+C+KD+S+V,0.76925,1,201,0.0532455625
tier3,2018,84,24680,63,M+L+C+KD+S+V,1.0,1,271,0.0
tier3,2018,84,24680,64,MP,0.0,0,16,0.0
tier3,2018,84,24680,65,M+MP,0.0,0,86,0.0
tier3,2018,84,24680,66,L+MP,0.0,0,36,0.0
tier3,2018,84,24680,67,M+L+MP,0.0,0,106,0.0
tier3,2018,84,24680,68,C+MP,0.0,0,47,0.0
tier3,2018,84,24680,69,M+C+MP,0.0,0,117,0.0
tier3,2018,84,24680,70,L+C+MP,0.0,0,67,0.0
tier3,2018,84,24680,71,M+L+C+MP,0.0,0,137,0.0
tier3,2018,84,24680,72,KD+MP,0.0,0,38,0.0
tier3,2018,84,24680,73,M+KD+MP,0.0,0,108,0.0
tier3,2018,84,24680,74,L+KD+MP,0.0,0,58,0.0
tier3,2018,84,24680,75,M+L+KD+MP,0.0,0,128,0.0
tier3,2018,84,24680,76,C+KD+MP,0.0,0,69,0.0
tier3,2018,84,24680,77,M+C+KD+MP,0.0,0,139,0.0
tier3,2018,84,24680,78,L+C+KD+MP,0.0,0,89,0.0
tier3,2018,84,24680,79,M+L+C+KD+MP,0.0,0,159,0.0
tier3,2018,84,24680,80,S+MP,0.0,0,116,0.0
tier3,2018,84,24680,81,M+S+MP,0.8079,1,186,0.03690241000000002
tier3,2018,84,24680,82,L+S+MP,0.0,0,136,0.0
tier3,2018,84,24680,83,M+L+S+MP,0.9968,1,206,1.0239999999999877e-05
tier3,2018,84,24680,84,C+S+MP,0.0,0,147,0.0
tier3,2018,84,24680,85,M+C+S+MP,1.0,1,217,0.0
tier3,2018,84,24680,86,L+C+S+MP,0.1638,0,167,0.02683044
tier3,2018,84,24680,87,M+L+C+S+MP,1.0,1,237,0.0
tier3,2018,84,24680,88,KD+S+MP,0.0,0,138,0.0
tier3,2018,84,24680,89,M+KD+S+MP,0.80925,1,208,0.03638556249999999
tier3,2018,84,24680,90,L+KD+S+MP,0.0,0,158,0.0
tier3,2018,84,24680,91,M+L+KD+S+MP,0.9968,1,228,1.0239999999999877e-05
tier3,2018,84,24680,92,C+KD+S+MP,0.0,0,169,0.0
tier3,2018,84,24680,93,M+C+KD+S+MP,1.0,1,239,0.0
tier3,2018,84,24680,94,L+C+KD+S+MP,0.16475,1,189,0.6976425625000001
tier3,2018,84,24680,95,M+L+C+KD+S+MP,1.0,1,259,0.0
tier3,2018,84,24680,96,V+MP,0.0,0,44,0.0
tier3,2018,84,24680,97,M+V+MP,0.0,0,114,0.0
tier3,2018,84,24680,98,L+V+MP,0.0,0,64,0.0
tier3,2018,84,24680,99,M+L+V+MP,0.0,0,134,0.0
tier3,2018,84,24680,100,C+V+MP,0.0,0,75,0.0
tier3,2018,84,24680,101,M+C+V+MP,0.10295,0,145,0.0105987025
tier3,2018,84,24680,102,L+C+V+MP,0.0,0,95,0.0
tier3,2018,84,24680,103,M+L+C+V+MP,0.58085,0,165,0.33738672249999996
tier3,2018,84,24680,104,KD+V+MP,0.0,0,66,0.0
tier3,2018,84,24680,105,M+KD+V+MP,0.0,0,136,0.0
tier3,2018,84,24680,106,L+KD+V+MP,0.0,0,86,0.0
tier3,2018,84,24680,107,M+L+KD+V+MP,0.0,0,156,0.0
tier3,2018,84,24680,108,C+KD+V+MP,0.0,0,97,0.0
tier3,2018,84,24680,109,M+C+KD+V+MP,0.1034,0,167,0.010691560000000001
tier3,2018,84,24680,110,L+C+KD+V+MP,0.0,0,117,0.0
tier3,2018,84,24680,111,M+L+C+KD+V+MP,0.58395,1,187,0.17309760250000003
tier3,2018,84,24680,112,S+V+MP,0.0,0,144,0.0
tier3,2018,84,24680,113,M+S+V+MP,1.0,1,214,0.0
tier3,2018,84,24680,114,L+S+V+MP,0.04735,0,164,0.0022420225000000004
tier3,2018,84,24680,115,M+L+S+V+MP,1.0,1,234,0.0
tier3,2018,84,24680,116,C+S+V+MP,0.60485,1,175,0.1561435225
tier3,2018,84,24680,117,M+C+S+V+MP,1.0,1,245,0.0
tier3,2018,84,24680,118,L+C+S+V+MP,0.9153,1,195,0.007174089999999999
tier3,2018,84,24680,119,M+L+C+S+V+MP,1.0,1,265,0.0
tier3,2018,84,24680,120,KD+S+V+MP,0.0,0,166,0.0
tier3,2018,84,24680,121,M+KD+S+V+MP,1.0,1,236,0.0
tier3,2018,84,24680,122,L+KD+S+V+MP,0.0486,1,186,0.90516196
tier3,2018,84,24680,123,M+L+KD+S+V+MP,1.0,1,256,0.0
tier3,2018,84,24680,124,C+KD+S+V+MP,0.60795,1,197,0.1537032025
tier3,2018,84,24680,125,M+C+KD+S+V+MP,1.0,1,267,0.0
tier3,2018,84,24680,126,L+C+KD+S+V+MP,0.9154,1,217,0.007157160000000002
tier3,2018,84,24680,127,M+L+C+KD+S+V+MP,1.0,1,287,0.0
tier3,2018,84,24680,128,SD,0.0,0,62,0.0
tier3,2018,84,24680,129,M+SD,0.0846,0,132,0.007157159999999999
tier3,2018,84,24680,130,L+SD,0.0,0,82,0.0
tier3,2018,84,24680,131,M+L+SD,0.39205,0,152,0.1537032025
tier3,2018,84,24680,132,C+SD,0.0,0,93,0.0
tier3,2018,84,24680,133,M+C+SD,0.9514,0,163,0.90516196
tier3,2018,84,24680,134,L+C+SD,0.0,0,113,0.0
tier3,2018,84,24680,135,M+L+C+SD,1.0,1,183,0.0
tier3,2018,84,24680,136,KD+SD,0.0,0,84,0.0
tier3,2018,84,24680,137,M+KD+SD,0.0847,0,154,0.007174089999999999
tier3,2018,84,24680,138,L+KD+SD,0.0,0,104,0.0
tier3,2018,84,24680,139,M+L+KD+SD,0.39515,0,174,0.1561435225
tier3,2018,84,24680,140,C+KD+SD,0.0,0,115,0.0
tier3,2018,84,24680,141,M+C+KD+SD,0.95265,1,185,0.0022420225000000004
tier3,2018,84,24680,142,L+C+KD+SD,0.0,0,135,0.0
tier3,2018,84,24680,143,M+L+C+KD+SD,1.0,1,205,0.0
tier3,2018,84,24680,144,S+SD,0.41605,0,162,0.17309760249999998
tier3,2018,84,24680,145,M+S+SD,1.0,1,232,0.0
tier3,2018,84,24680,146,L+S+SD,0.8966,1,182,0.01069156000000001
tier3,2018,84,24680,147,M+L+S+SD,1.0,1,252,0.0
tier3,2018,84,24680,148,C+S+SD,1.0,1,193,0.0
tier3,2018,84,24680,149,M+C+S+SD,1.0,1,263,0.0
tier3,2018,84,24680,150,L+C+S+SD,1.0,1,213,0.0
tier3,2018,84,24680,151,M+L+C+S+SD,1.0,1,283,0.0
tier3,2018,84,24680,152,KD+S+SD,0.41915,1,184,0.33738672249999996
tier3,2018,84,24680,153,M+KD+S+SD,1.0,1,254,0.0
tier3,2018,84,24680,154,L+KD+S+SD,0.89705,1,204,0.010598702499999998
tier3,2018,84,24680,155,M+L+KD+S+SD,1.0,1,274,0.0
tier3,2018,84,24680,156,C+KD+S+SD,1.0,1,215,0.0
tier3,2018,84,24680,157,M+C+KD+S+SD,1.0,1,285,0.0
tier3,2018,84,24680,158,L+C+KD+S+SD,1.0,1,235,0.0
tier3,2018,84,24680,159,M+L+C+KD+S+SD,1.0,1,305,0.0
tier3,2018,84,24680,160,V+SD,0.0,0,90,0.0
tier3,2018,84,24680,161,M+V+SD,0.83525,0,160,0.6976425625000001
tier3,2018,84,24680,162,L+V+SD,0.0,0,110,0.0
tier3,2018,84,24680,163,M+L+V+SD,1.0,1,180,0.0
tier3,2018,84,24680,164,C+V+SD,0.0032,0,121,1.024e-05
tier3,2018,84,24680,165,M+C+V+SD,1.0,1,191,0.0
tier3,2018,84,24680,166,L+C+V+SD,0.19075,0,141,0.0363855625
tier3,2018,84,24680,167,M+L+C+V+SD,1.0,1,211,0.0
tier3,2018,84,24680,168,KD+V+SD,0.0,0,112,0.0
tier3,2018,84,24680,169,M+KD+V+SD,0.8362,1,182,0.026830439999999983
tier3,2018,84,24680,170,L+KD+V+SD,0.0,0,132,0.0
tier3,2018,84,24680,171,M+L+KD+V+SD,1.0,1,202,0.0
tier3,2018,84,24680,172,C+KD+V+SD,0.0032,0,143,1.024e-05
tier3,2018,84,24680,173,M+C+KD+V+SD,1.0,1,213,0.0
tier3,2018,84,24680,174,L+C+KD+V+SD,0.1921,0,163,0.03690241
tier3,2018,84,24680,175,M+L+C+KD+V+SD,1.0,1,233,0.0
tier3,2018,84,24680,176,S+V+SD,1.0,1,190,0.0
tier3,2018,84,24680,177,M+S+V+SD,1.0,1,260,0.0
tier3,2018,84,24680,178,L+S+V+SD,1.0,1,210,0.0
tier3,2018,84,24680,179,M+L+S+V+SD,1.0,1,280,0.0
tier3,2018,84,24680,180,C+S+V+SD,1.0,1,221,0.0
tier3,2018,84,24680,181,M+C+S+V+SD,1.0,1,291,0.0
tier3,2018,84,24680,182,L+C+S+V+SD,1.0,1,241,0.0
tier3,2018,84,24680,183,M+L+C+S+V+SD,1.0,1,311,0.0
tier3,2018,84,24680,184,KD+S+V+SD,1.0,1,212,0.0
tier3,2018,84,24680,185,M+KD+S+V+SD,1.0,1,282,0.0
tier3,2018,84,24680,186,L+KD+S+V+SD,1.0,1,232,0.0
tier3,2018,84,24680,187,M+L+KD+S+V+SD,1.0,1,302,0.0
tier3,2018,84,24680,188,C+KD+S+V+SD,1.0,1,243,0.0
tier3,2018,84,24680,189,M+C+KD+S+V+SD,1.0,1,313,0.0
tier3,2018,84,24680,190,L+C+KD+S+V+SD,1.0,1,263,0.0
tier3,2018,84,24680,191,M+L+C+KD+S+V+SD,1.0,1,333,0.0
tier3,2018,84,24680,192,MP+SD,0.0,0,78,0.0
tier3,2018,84,24680,193,M+MP+SD,0.23075,0,148,0.0532455625
tier3,2018,84,24680,194,L+MP+SD,0.0,0,98,0.0
tier3,2018,84,24680,195,M+L+MP+SD,0.89395,0,168,0.7991466025
tier3,2018,84,24680,196,C+MP+SD,0.0,0,109,0.0
tier3,2018,84,24680,197,M+C+MP+SD,0.99975,1,179,6.249999999998623e-08
tier3,2018,84,24680,198,L+C+MP+SD,0.0019,0,129,3.61e-06
tier3,2018,84,24680,199,M+L+C+MP+SD,1.0,1,199,0.0
tier3,2018,84,24680,200,KD+MP+SD,0.0,0,100,0.0
tier3,2018,84,24680,201,M+KD+MP+SD,0.2316,0,170,0.05363856
tier3,2018,84,24680,202,L+KD+MP+SD,0.0,0,120,0.0
tier3,2018,84,24680,203,M+L+KD+MP+SD,0.8968,1,190,0.010650239999999991
tier3,2018,84,24680,204,C+KD+MP+SD,0.0,0,131,0.0
tier3,2018,84,24680,205,M+C+KD+MP+SD,1.0,1,201,0.0
tier3,2018,84,24680,206,L+C+KD+MP+SD,0.0019,0,151,3.61e-06
tier3,2018,84,24680,207,M+L+C+KD+MP+SD,1.0,1,221,0.0
tier3,2018,84,24680,208,S+MP+SD,0.86135,1,178,0.019223822500000015
tier3,2018,84,24680,209,M+S+MP+SD,1.0,1,248,0.0
tier3,2018,84,24680,210,L+S+MP+SD,0.99675,1,198,1.0562499999999838e-05
tier3,2018,84,24680,211,M+L+S+MP+SD,1.0,1,268,0.0
tier3,2018,84,24680,212,C+S+MP+SD,1.0,1,209,0.0
tier3,2018,84,24680,213,M+C+S+MP+SD,1.0,1,279,0.0
tier3,2018,84,24680,214,L+C+S+MP+SD,1.0,1,229,0.0
tier3,2018,84,24680,215,M+L+C+S+MP+SD,1.0,1,299,0.0
tier3,2018,84,24680,216,KD+S+MP+SD,0.86355,1,200,0.01861860249999999
tier3,2018,84,24680,217,M+KD+S+MP+SD,1.0,1,270,0.0
tier3,2018,84,24680,218,L+KD+S+MP+SD,0.99675,1,220,1.0562499999999838e-05
tier3,2018,84,24680,219,M+L+KD+S+MP+SD,1.0,1,290,0.0
tier3,2018,84,24680,220,C+KD+S+MP+SD,1.0,1,231,0.0
tier3,2018,84,24680,221,M+C+KD+S+MP+SD,1.0,1,301,0.0
tier3,2018,84,24680,222,L+C+KD+S+MP+SD,1.0,1,251,0.0
tier3,2018,84,24680,223,M+L+C+KD+S+MP+SD,1.0,1,321,0.0
tier3,2018,84,24680,224,V+MP+SD,0.0,0,106,0.0
tier3,2018,84,24680,225,M+V+MP+SD,0.99955,1,176,2.024999999999554e-07
tier3,2018,84,24680,226,L+V+MP+SD,0.0,0,126,0.0
tier3,2018,84,24680,227,M+L+V+MP+SD,1.0,1,196,0.0
tier3,2018,84,24680,228,C+V+MP+SD,0.08605,0,137,0.0074046025
tier3,2018,84,24680,229,M+C+V+MP+SD,1.0,1,207,0.0
tier3,2018,84,24680,230,L+C+V+MP+SD,0.5863,0,157,0.34374769000000005
tier3,2018,84,24680,231,M+L+C+V+MP+SD,1.0,1,227,0.0
tier3,2018,84,24680,232,KD+V+MP+SD,0.0,0,128,0.0
tier3,2018,84,24680,233,M+KD+V+MP+SD,0.99955,1,198,2.024999999999554e-07
tier3,2018,84,24680,234,L+KD+V+MP+SD,0.0,0,148,0.0
tier3,2018,84,24680,235,M+L+KD+V+MP+SD,1.0,1,218,0.0
tier3,2018,84,24680,236,C+KD+V+MP+SD,0.08655,0,159,0.0074909025
tier3,2018,84,24680,237,M+C+KD+V+MP+SD,1.0,1,229,0.0
tier3,2018,84,24680,238,L+C+KD+V+MP+SD,0.58845,1,179,0.16937340249999996
tier3,2018,84,24680,239,M+L+C+KD+V+MP+SD,1.0,1,249,0.0
tier3,2018,84,24680,240,S+V+MP+SD,1.0,1,206,0.0
tier3,2018,84,24680,241,M+S+V+MP+SD,1.0,1,276,0.0
tier3,2018,84,24680,242,L+S+V+MP+SD,1.0,1,226,0.0
tier3,2018,84,24680,243,M+L+S+V+MP+SD,1.0,1,296,0.0
tier3,2018,84,24680,244,C+S+V+MP+SD,1.0,1,237,0.0
tier3,2018,84,24680,245,M+C+S+V+MP+SD,1.0,1,307,0.0
tier3,2018,84,24680,246,L+C+S+V+MP+SD,1.0,1,257,0.0
tier3,2018,84,24680,247,M+L+C+S+V+MP+SD,1.0,1,327,0.0
tier3,2018,84,24680,248,KD+S+V+MP+SD,1.0,1,228,0.0
tier3,2018,84,24680,249,M+KD+S+V+MP+SD,1.0,1,298,0.0
tier3,2018,84,24680,250,L+KD+S+V+MP+SD,1.0,1,248,0.0
tier3,2018,84,24680,251,M+L+KD+S+V+MP+SD,1.0,1,318,0.0
tier3,2018,84,24680,252,C+KD+S+V+MP+SD,1.0,1,259,0.0
tier3,2018,84,24680,253,M+C+KD+S+V+MP+SD,1.0,1,329,0.0
tier3,2018,84,24680,254,L+C+KD+S+V+MP+SD,1.0,1,279,0.0
tier3,2018,84,98765,1,M,0.0,0,70,0.0
tier3,2018,84,98765,2,L,0.0,0,20,0.0
tier3,2018,84,98765,3,M+L,0.0,0,90,0.0
tier3,2018,84,98765,4,C,0.0,0,31,0.0
tier3,2018,84,98765,5,M+C,0.0,0,101,0.0
tier3,2018,84,98765,6,L+C,0.0,0,51,0.0
tier3,2018,84,98765,7,M+L+C,0.0,0,121,0.0
tier3,2018,84,98765,8,KD,0.0,0,22,0.0
tier3,2018,84,98765,9,M+KD,0.0,0,92,0.0
tier3,2018,84,98765,10,L+KD,0.0,0,42,0.0
tier3,2018,84,98765,11,M+L+KD,0.0,0,112,0.0
tier3,2018,84,98765,12,C+KD,0.0,0,53,0.0
tier3,2018,84,98765,13,M+C+KD,0.0,0,123,0.0
tier3,2018,84,98765,14,L+C+KD,0.0,0,73,0.0
tier3,2018,84,98765,15,M+L+C+KD,0.0,0,143,0.0
tier3,2018,84,98765,16,S,0.0,0,100,0.0
tier3,2018,84,98765,17,M+S,0.4159,0,170,0.17297281
tier3,2018,84,98765,18,L+S,0.0,0,120,0.0
tier3,2018,84,98765,19,M+L+S,0.9107,1,190,0.007974490000000008
tier3,2018,84,98765,20,C+S,0.0,0,131,0.0
tier3,2018,84,98765,21,M+C+S,1.0,1,201,0.0
tier3,2018,84,98765,22,L+C+S,0.0004,0,151,1.6e-07
tier3,2018,84,98765,23,M+L+C+S,1.0,1,221,0.0
tier3,2018,84,98765,24,KD+S,0.0,0,122,0.0
tier3,2018,84,98765,25,M+KD+S,0.41845,1,192,0.3382004025
tier3,2018,84,98765,26,L+KD+S,0.0,0,142,0.0
tier3,2018,84,98765,27,M+L+KD+S,0.91165,1,212,0.007805722500000007
tier3,2018,84,98765,28,C+KD+S,0.0,0,153,0.0
tier3,2018,84,98765,29,M+C+KD+S,1.0,1,223,0.0
tier3,2018,84,98765,30,L+C+KD+S,0.0004,0,173,1.6e-07
tier3,2018,84,98765,31,M+L+C+KD+S,1.0,1,243,0.0
tier3,2018,84,98765,32,V,0.0,0,28,0.0
tier3,2018,84,98765,33,M+V,0.0,0,98,0.0
tier3,2018,84,98765,34,L+V,0.0,0,48,0.0
tier3,2018,84,98765,35,M+L+V,0.0,0,118,0.0
tier3,2018,84,98765,36,C+V,0.0,0,59,0.0
tier3,2018,84,98765,37,M+C+V,0.004,0,129,1.6e-05
tier3,2018,84,98765,38,L+C+V,0.0,0,79,0.0
tier3,2018,84,98765,39,M+L+C+V,0.1499,0,149,0.022470010000000002
tier3,2018,84,98765,40,KD+V,0.0,0,50,0.0
tier3,2018,84,98765,41,M+KD+V,0.0,0,120,0.0
tier3,2018,84,98765,42,L+KD+V,0.0,0,70,0.0
tier3,2018,84,98765,43,M+L+KD+V,0.0,0,140,0.0
tier3,2018,84,98765,44,C+KD+V,0.0,0,81,0.0
tier3,2018,84,98765,45,M+C+KD+V,0.004,0,151,1.6e-05
tier3,2018,84,98765,46,L+C+KD+V,0.0,0,101,0.0
tier3,2018,84,98765,47,M+L+C+KD+V,0.1518,0,171,0.023043239999999996
tier3,2018,84,98765,48,S+V,0.0,0,128,0.0
tier3,2018,84,98765,49,M+S+V,0.9979,1,198,4.409999999999961e-06
tier3,2018,84,98765,50,L+S+V,0.0,0,148,0.0
tier3,2018,84,98765,51,M+L+S+V,1.0,1,218,0.0
tier3,2018,84,98765,52,C+S+V,0.1028,0,159,0.01056784
tier3,2018,84,98765,53,M+C+S+V,1.0,1,229,0.0
tier3,2018,84,98765,54,L+C+S+V,0.76295,1,179,0.05619270249999999
tier3,2018,84,98765,55,M+L+C+S+V,1.0,1,249,0.0
tier3,2018,84,98765,56,KD+S+V,0.0,0,150,0.0
tier3,2018,84,98765,57,M+KD+S+V,0.9979,1,220,4.409999999999961e-06
tier3,2018,84,98765,58,L+KD+S+V,5e-05,0,170,2.5e-09
tier3,2018,84,98765,59,M+L+KD+S+V,1.0,1,240,0.0
tier3,2018,84,98765,60,C+KD+S+V,0.1055,1,181,0.8001302499999999
tier3,2018,84,98765,61,M+C+KD+S+V,1.0,1,251,0.0
tier3,2018,84,98765,62,L+C+KD+S+V,0.76405,1,201,0.055672402499999996
tier3,2018,84,98765,63,M+L+C+KD+S+V,1.0,1,271,0.0
tier3,2018,84,98765,64,MP,0.0,0,16,0.0
tier3,2018,84,98765,65,M+MP,0.0,0,86,0.0
tier3,2018,84,98765,66,L+MP,0.0,0,36,0.0
tier3,2018,84,98765,67,M+L+MP,0.0,0,106,0.0
tier3,2018,84,98765,68,C+MP,0.0,0,47,0.0
tier3,2018,84,98765,69,M+C+MP,0.0,0,117,0.0
tier3,2018,84,98765,70,L+C+MP,0.0,0,67,0.0
tier3,2018,84,98765,71,M+L+C+MP,0.0,0,137,0.0
tier3,2018,84,98765,72,KD+MP,0.0,0,38,0.0
tier3,2018,84,98765,73,M+KD+MP,0.0,0,108,0.0
tier3,2018,84,98765,74,L+KD+MP,0.0,0,58,0.0
tier3,2018,84,98765,75,M+L+KD+MP,0.0,0,128,0.0
tier3,2018,84,98765,76,C+KD+MP,0.0,0,69,0.0
tier3,2018,84,98765,77,M+C+KD+MP,0.0,0,139,0.0
tier3,2018,84,98765,78,L+C+KD+MP,0.0,0,89,0.0
tier3,2018,84,98765,79,M+L+C+KD+MP,0.0,0,159,0.0
tier3,2018,84,98765,80,S+MP,0.0,0,116,0.0
tier3,2018,84,98765,81,M+S+MP,0.80575,1,186,0.03773306250000001
tier3,2018,84,98765,82,L+S+MP,0.0,0,136,0.0
tier3,2018,84,98765,83,M+L+S+MP,0.99725,1,206,7.562500000000166e-06
tier3,2018,84,98765,84,C+S+MP,0.0,0,147,0.0
tier3,2018,84,98765,85,M+C+S+MP,1.0,1,217,0.0
tier3,2018,84,98765,86,L+C+S+MP,0.1633,0,167,0.02666689
tier3,2018,84,98765,87,M+L+C+S+MP,1.0,1,237,0.0
tier3,2018,84,98765,88,KD+S+MP,0.0,0,138,0.0
tier3,2018,84,98765,89,M+KD+S+MP,0.8074,1,208,0.03709476
tier3,2018,84,98765,90,L+KD+S+MP,0.0,0,158,0.0
tier3,2018,84,98765,91,M+L+KD+S+MP,0.99735,1,228,7.022500000000219e-06
tier3,2018,84,98765,92,C+KD+S+MP,0.0,0,169,0.0
tier3,2018,84,98765,93,M+C+KD+S+MP,1.0,1,239,0.0
tier3,2018,84,98765,94,L+C+KD+S+MP,0.16465,1,189,0.6978096225000001
tier3,2018,84,98765,95,M+L+C+KD+S+MP,1.0,1,259,0.0
tier3,2018,84,98765,96,V+MP,0.0,0,44,0.0
tier3,2018,84,98765,97,M+V+MP,0.0,0,114,0.0
tier3,2018,84,98765,98,L+V+MP,0.0,0,64,0.0
tier3,2018,84,98765,99,M+L+V+MP,0.0,0,134,0.0
tier3,2018,84,98765,100,C+V+MP,0.0,0,75,0.0
tier3,2018,84,98765,101,M+C+V+MP,0.1069,0,145,0.01142761
tier3,2018,84,98765,102,L+C+V+MP,0.0,0,95,0.0
tier3,2018,84,98765,103,M+L+C+V+MP,0.5885,0,165,0.34633225
tier3,2018,84,98765,104,KD+V+MP,0.0,0,66,0.0
tier3,2018,84,98765,105,M+KD+V+MP,0.0,0,136,0.0
tier3,2018,84,98765,106,L+KD+V+MP,0.0,0,86,0.0
tier3,2018,84,98765,107,M+L+KD+V+MP,0.0,0,156,0.0
tier3,2018,84,98765,108,C+KD+V+MP,0.0,0,97,0.0
tier3,2018,84,98765,109,M+C+KD+V+MP,0.10765,0,167,0.011588522499999998
tier3,2018,84,98765,110,L+C+KD+V+MP,0.0,0,117,0.0
tier3,2018,84,98765,111,M+L+C+KD+V+MP,0.5916,1,187,0.16679055999999998
tier3,2018,84,98765,112,S+V+MP,0.0,0,144,0.0
tier3,2018,84,98765,113,M+S+V+MP,1.0,1,214,0.0
tier3,2018,84,98765,114,L+S+V+MP,0.0454,0,164,0.0020611600000000002
tier3,2018,84,98765,115,M+L+S+V+MP,1.0,1,234,0.0
tier3,2018,84,98765,116,C+S+V+MP,0.60435,1,175,0.15653892249999996
tier3,2018,84,98765,117,M+C+S+V+MP,1.0,1,245,0.0
tier3,2018,84,98765,118,L+C+S+V+MP,0.91185,1,195,0.007770422499999991
tier3,2018,84,98765,119,M+L+C+S+V+MP,1.0,1,265,0.0
tier3,2018,84,98765,120,KD+S+V+MP,0.0,0,166,0.0
tier3,2018,84,98765,121,M+KD+S+V+MP,1.0,1,236,0.0
tier3,2018,84,98765,122,L+KD+S+V+MP,0.04685,1,186,0.9084949224999999
tier3,2018,84,98765,123,M+L+KD+S+V+MP,1.0,1,256,0.0
tier3,2018,84,98765,124,C+KD+S+V+MP,0.60745,1,197,0.15409550249999995
tier3,2018,84,98765,125,M+C+KD+S+V+MP,1.0,1,267,0.0
tier3,2018,84,98765,126,L+C+KD+S+V+MP,0.91195,1,217,0.007752802499999993
tier3,2018,84,98765,127,M+L+C+KD+S+V+MP,1.0,1,287,0.0
tier3,2018,84,98765,128,SD,0.0,0,62,0.0
tier3,2018,84,98765,129,M+SD,0.08805,0,132,0.0077528025
tier3,2018,84,98765,130,L+SD,0.0,0,82,0.0
tier3,2018,84,98765,131,M+L+SD,0.39255,0,152,0.1540955025
tier3,2018,84,98765,132,C+SD,0.0,0,93,0.0
tier3,2018,84,98765,133,M+C+SD,0.95315,0,163,0.9084949225000001
tier3,2018,84,98765,134,L+C+SD,0.0,0,113,0.0
tier3,2018,84,98765,135,M+L+C+SD,1.0,1,183,0.0
tier3,2018,84,98765,136,KD+SD,0.0,0,84,0.0
tier3,2018,84,98765,137,M+KD+SD,0.08815,0,154,0.007770422500000001
tier3,2018,84,98765,138,L+KD+SD,0.0,0,104,0.0
tier3,2018,84,98765,139,M+L+KD+SD,0.39565,0,174,0.1565389225
tier3,2018,84,98765,140,C+KD+SD,0.0,0,115,0.0
tier3,2018,84,98765,141,M+C+KD+SD,0.9546,1,185,0.00206116
tier3,2018,84,98765,142,L+C+KD+SD,0.0,0,135,0.0
tier3,2018,84,98765,143,M+L+C+KD+SD,1.0,1,205,0.0
tier3,2018,84,98765,144,S+SD,0.4084,0,162,0.16679055999999998
tier3,2018,84,98765,145,M+S+SD,1.0,1,232,0.0
tier3,2018,84,98765,146,L+S+SD,0.89235,1,182,0.011588522500000005
tier3,2018,84,98765,147,M+L+S+SD,1.0,1,252,0.0
tier3,2018,84,98765,148,C+S+SD,1.0,1,193,0.0
tier3,2018,84,98765,149,M+C+S+SD,1.0,1,263,0.0
tier3,2018,84,98765,150,L+C+S+SD,1.0,1,213,0.0
tier3,2018,84,98765,151,M+L+C+S+SD,1.0,1,283,0.0
tier3,2018,84,98765,152,KD+S+SD,0.4115,1,184,0.34633225
tier3,2018,84,98765,153,M+KD+S+SD,1.0,1,254,0.0
tier3,2018,84,98765,154,L+KD+S+SD,0.8931,1,204,0.01142761
tier3,2018,84,98765,155,M+L+KD+S+SD,1.0,1,274,0.0
tier3,2018,84,98765,156,C+KD+S+SD,1.0,1,215,0.0
tier3,2018,84,98765,157,M+C+KD+S+SD,1.0,1,285,0.0
tier3,2018,84,98765,158,L+C+KD+S+SD,1.0,1,235,0.0
tier3,2018,84,98765,159,M+L+C+KD+S+SD,1.0,1,305,0.0
tier3,2018,84,98765,160,V+SD,0.0,0,90,0.0
tier3,2018,84,98765,161,M+V+SD,0.83535,0,160,0.6978096225000001
tier3,2018,84,98765,162,L+V+SD,0.0,0,110,0.0
tier3,2018,84,98765,163,M+L+V+SD,1.0,1,180,0.0
tier3,2018,84,98765,164,C+V+SD,0.00265,0,121,7.0225e-06
tier3,2018,84,98765,165,M+C+V+SD,1.0,1,191,0.0
tier3,2018,84,98765,166,L+C+V+SD,0.1926,0,141,0.03709476
tier3,2018,84,98765,167,M+L+C+V+SD,1.0,1,211,0.0
tier3,2018,84,98765,168,KD+V+SD,0.0,0,112,0.0
tier3,2018,84,98765,169,M+KD+V+SD,0.8367,1,182,0.02666689
tier3,2018,84,98765,170,L+KD+V+SD,0.0,0,132,0.0
tier3,2018,84,98765,171,M+L+KD+V+SD,1.0,1,202,0.0
tier3,2018,84,98765,172,C+KD+V+SD,0.00275,0,143,7.562499999999999e-06
tier3,2018,84,98765,173,M+C+KD+V+SD,1.0,1,213,0.0
tier3,2018,84,98765,174,L+C+KD+V+SD,0.19425,0,163,0.037733062500000004
tier3,2018,84,98765,175,M+L+C+KD+V+SD,1.0,1,233,0.0
tier3,2018,84,98765,176,S+V+SD,1.0,1,190,0.0
tier3,2018,84,98765,177,M+S+V+SD,1.0,1,260,0.0
tier3,2018,84,98765,178,L+S+V+SD,1.0,1,210,0.0
tier3,2018,84,98765,179,M+L+S+V+SD,1.0,1,280,0.0
tier3,2018,84,98765,180,C+S+V+SD,1.0,1,221,0.0
tier3,2018,84,98765,181,M+C+S+V+SD,1.0,1,291,0.0
tier3,2018,84,98765,182,L+C+S+V+SD,1.0,1,241,0.0
tier3,2018,84,98765,183,M+L+C+S+V+SD,1.0,1,311,0.0
tier3,2018,84,98765,184,KD+S+V+SD,1.0,1,212,0.0
tier3,2018,84,98765,185,M+KD+S+V+SD,1.0,1,282,0.0
tier3,2018,84,98765,186,L+KD+S+V+SD,1.0,1,232,0.0
tier3,2018,84,98765,187,M+L+KD+S+V+SD,1.0,1,302,0.0
tier3,2018,84,98765,188,C+KD+S+V+SD,1.0,1,243,0.0
tier3,2018,84,98765,189,M+C+KD+S+V+SD,1.0,1,313,0.0
tier3,2018,84,98765,190,L+C+KD+S+V+SD,1.0,1,263,0.0
tier3,2018,84,98765,191,M+L+C+KD+S+V+SD,1.0,1,333,0.0
tier3,2018,84,98765,192,MP+SD,0.0,0,78,0.0
tier3,2018,84,98765,193,M+MP+SD,0.23595,0,148,0.055672402499999996
tier3,2018,84,98765,194,L+MP+SD,0.0,0,98,0.0
tier3,2018,84,98765,195,M+L+MP+SD,0.8945,0,168,0.8001302499999999
tier3,2018,84,98765,196,C+MP+SD,0.0,0,109,0.0
tier3,2018,84,98765,197,M+C+MP+SD,0.99995,1,179,2.499999999999449e-09
tier3,2018,84,98765,198,L+C+MP+SD,0.0021,0,129,4.409999999999999e-06
tier3,2018,84,98765,199,M+L+C+MP+SD,1.0,1,199,0.0
tier3,2018,84,98765,200,KD+MP+SD,0.0,0,100,0.0
tier3,2018,84,98765,201,M+KD+MP+SD,0.23705,0,170,0.056192702500000004
tier3,2018,84,98765,202,L+KD+MP+SD,0.0,0,120,0.0
tier3,2018,84,98765,203,M+L+KD+MP+SD,0.8972,1,190,0.01056784
tier3,2018,84,98765,204,C+KD+MP+SD,0.0,0,131,0.0
tier3,2018,84,98765,205,M+C+KD+MP+SD,1.0,1,201,0.0
tier3,2018,84,98765,206,L+C+KD+MP+SD,0.0021,0,151,4.409999999999999e-06
tier3,2018,84,98765,207,M+L+C+KD+MP+SD,1.0,1,221,0.0
tier3,2018,84,98765,208,S+MP+SD,0.8482,1,178,0.023043240000000013
tier3,2018,84,98765,209,M+S+MP+SD,1.0,1,248,0.0
tier3,2018,84,98765,210,L+S+MP+SD,0.996,1,198,1.600000000000003e-05
tier3,2018,84,98765,211,M+L+S+MP+SD,1.0,1,268,0.0
tier3,2018,84,98765,212,C+S+MP+SD,1.0,1,209,0.0
tier3,2018,84,98765,213,M+C+S+MP+SD,1.0,1,279,0.0
tier3,2018,84,98765,214,L+C+S+MP+SD,1.0,1,229,0.0
tier3,2018,84,98765,215,M+L+C+S+MP+SD,1.0,1,299,0.0
tier3,2018,84,98765,216,KD+S+MP+SD,0.8501,1,200,0.02247001000000001
tier3,2018,84,98765,217,M+KD+S+MP+SD,1.0,1,270,0.0
tier3,2018,84,98765,218,L+KD+S+MP+SD,0.996,1,220,1.600000000000003e-05
tier3,2018,84,98765,219,M+L+KD+S+MP+SD,1.0,1,290,0.0
tier3,2018,84,98765,220,C+KD+S+MP+SD,1.0,1,231,0.0
tier3,2018,84,98765,221,M+C+KD+S+MP+SD,1.0,1,301,0.0
tier3,2018,84,98765,222,L+C+KD+S+MP+SD,1.0,1,251,0.0
tier3,2018,84,98765,223,M+L+C+KD+S+MP+SD,1.0,1,321,0.0
tier3,2018,84,98765,224,V+MP+SD,0.0,0,106,0.0
tier3,2018,84,98765,225,M+V+MP+SD,0.9996,1,176,1.5999999999996475e-07
tier3,2018,84,98765,226,L+V+MP+SD,0.0,0,126,0.0
tier3,2018,84,98765,227,M+L+V+MP+SD,1.0,1,196,0.0
tier3,2018,84,98765,228,C+V+MP+SD,0.08835,0,137,0.0078057225
tier3,2018,84,98765,229,M+C+V+MP+SD,1.0,1,207,0.0
tier3,2018,84,98765,230,L+C+V+MP+SD,0.58155,0,157,0.3382004025
tier3,2018,84,98765,231,M+L+C+V+MP+SD,1.0,1,227,0.0
tier3,2018,84,98765,232,KD+V+MP+SD,0.0,0,128,0.0
tier3,2018,84,98765,233,M+KD+V+MP+SD,0.9996,1,198,1.5999999999996475e-07
tier3,2018,84,98765,234,L+KD+V+MP+SD,0.0,0,148,0.0
tier3,2018,84,98765,235,M+L+KD+V+MP+SD,1.0,1,218,0.0
tier3,2018,84,98765,236,C+KD+V+MP+SD,0.0893,0,159,0.00797449
tier3,2018,84,98765,237,M+C+KD+V+MP+SD,1.0,1,229,0.0
tier3,2018,84,98765,238,L+C+KD+V+MP+SD,0.5841,1,179,0.17297281000000003
tier3,2018,84,98765,239,M+L+C+KD+V+MP+SD,1.0,1,249,0.0
tier3,2018,84,98765,240,S+V+MP+SD,1.0,1,206,0.0
tier3,2018,84,98765,241,M+S+V+MP+SD,1.0,1,276,0.0
tier3,2018,84,98765,242,L+S+V+MP+SD,1.0,1,226,0.0
tier3,2018,84,98765,243,M+L+S+V+MP+SD,1.0,1,296,0.0
tier3,2018,84,98765,244,C+S+V+MP+SD,1.0,1,237,0.0
tier3,2018,84,98765,245,M+C+S+V+MP+SD,1.0,1,307,0.0
tier3,2018,84,98765,246,L+C+S+V+MP+SD,1.0,1,257,0.0
tier3,2018,84,98765,247,M+L+C+S+V+MP+SD,1.0,1,327,0.0
tier3,2018,84,98765,248,KD+S+V+MP+SD,1.0,1,228,0.0
tier3,2018,84,98765,249,M+KD+S+V+MP+SD,1.0,1,298,0.0
tier3,2018,84,98765,250,L+KD+S+V+MP+SD,1.0,1,248,0.0
tier3,2018,84,98765,251,M+L+KD+S+V+MP+SD,1.0,1,318,0.0
tier3,2018,84,98765,252,C+KD+S+V+MP+SD,1.0,1,259,0.0
tier3,2018,84,98765,253,M+C+KD+S+V+MP+SD,1.0,1,329,0.0
tier3,2018,84,98765,254,L+C+KD+S+V+MP+SD,1.0,1,279,0.0
tier3,2018,84,54321,1,M,0.0,0,70,0.0
tier3,2018,84,54321,2,L,0.0,0,20,0.0
tier3,2018,84,54321,3,M+L,0.0,0,90,0.0
tier3,2018,84,54321,4,C,0.0,0,31,0.0
tier3,2018,84,54321,5,M+C,0.0,0,101,0.0
tier3,2018,84,54321,6,L+C,0.0,0,51,0.0
tier3,2018,84,54321,7,M+L+C,0.0,0,121,0.0
tier3,2018,84,54321,8,KD,0.0,0,22,0.0
tier3,2018,84,54321,9,M+KD,0.0,0,92,0.0
tier3,2018,84,54321,10,L+KD,0.0,0,42,0.0
tier3,2018,84,54321,11,M+L+KD,0.0,0,112,0.0
tier3,2018,84,54321,12,C+KD,0.0,0,53,0.0
tier3,2018,84,54321,13,M+C+KD,0.0,0,123,0.0
tier3,2018,84,54321,14,L+C+KD,0.0,0,73,0.0
tier3,2018,84,54321,15,M+L+C+KD,0.0,0,143,0.0
tier3,2018,84,54321,16,S,0.0,0,100,0.0
tier3,2018,84,54321,17,M+S,0.41545,0,170,0.17259870249999998
tier3,2018,84,54321,18,L+S,0.0,0,120,0.0
tier3,2018,84,54321,19,M+L+S,0.9056,1,190,0.008911360000000007
tier3,2018,84,54321,20,C+S,0.0,0,131,0.0
tier3,2018,84,54321,21,M+C+S,1.0,1,201,0.0
tier3,2018,84,54321,22,L+C+S,0.0004,0,151,1.6e-07
tier3,2018,84,54321,23,M+L+C+S,1.0,1,221,0.0
tier3,2018,84,54321,24,KD+S,0.0,0,122,0.0
tier3,2018,84,54321,25,M+KD+S,0.4176,1,192,0.33918976
tier3,2018,84,54321,26,L+KD+S,0.0,0,142,0.0
tier3,2018,84,54321,27,M+L+KD+S,0.90625,1,212,0.0087890625
tier3,2018,84,54321,28,C+KD+S,0.0,0,153,0.0
tier3,2018,84,54321,29,M+C+KD+S,1.0,1,223,0.0
tier3,2018,84,54321,30,L+C+KD+S,0.0004,0,173,1.6e-07
tier3,2018,84,54321,31,M+L+C+KD+S,1.0,1,243,0.0
tier3,2018,84,54321,32,V,0.0,0,28,0.0
tier3,2018,84,54321,33,M+V,0.0,0,98,0.0
tier3,2018,84,54321,34,L+V,0.0,0,48,0.0
tier3,2018,84,54321,35,M+L+V,0.0,0,118,0.0
tier3,2018,84,54321,36,C+V,0.0,0,59,0.0
tier3,2018,84,54321,37,M+C+V,0.00395,0,129,1.5602500000000002e-05
tier3,2018,84,54321,38,L+C+V,0.0,0,79,0.0
tier3,2018,84,54321,39,M+L+C+V,0.1424,0,149,0.02027776
tier3,2018,84,54321,40,KD+V,0.0,0,50,0.0
tier3,2018,84,54321,41,M+KD+V,0.0,0,120,0.0
tier3,2018,84,54321,42,L+KD+V,0.0,0,70,0.0
tier3,2018,84,54321,43,M+L+KD+V,0.0,0,140,0.0
tier3,2018,84,54321,44,C+KD+V,0.0,0,81,0.0
tier3,2018,84,54321,45,M+C+KD+V,0.00395,0,151,1.5602500000000002e-05
tier3,2018,84,54321,46,L+C+KD+V,0.0,0,101,0.0
tier3,2018,84,54321,47,M+L+C+KD+V,0.1443,0,171,0.020822490000000003
tier3,2018,84,54321,48,S+V,0.0,0,128,0.0
tier3,2018,84,54321,49,M+S+V,0.9983,1,198,2.8900000000001184e-06
tier3,2018,84,54321,50,L+S+V,0.0,0,148,0.0
tier3,2018,84,54321,51,M+L+S+V,1.0,1,218,0.0
tier3,2018,84,54321,52,C+S+V,0.1067,0,159,0.01138489
tier3,2018,84,54321,53,M+C+S+V,1.0,1,229,0.0
tier3,2018,84,54321,54,L+C+S+V,0.7655,1,179,0.05499025000000002
tier3,2018,84,54321,55,M+L+C+S+V,1.0,1,249,0.0
tier3,2018,84,54321,56,KD+S+V,0.0,0,150,0.0
tier3,2018,84,54321,57,M+KD+S+V,0.9983,1,220,2.8900000000001184e-06
tier3,2018,84,54321,58,L+KD+S+V,0.00025,0,170,6.25e-08
tier3,2018,84,54321,59,M+L+KD+S+V,1.0,1,240,0.0
tier3,2018,84,54321,60,C+KD+S+V,0.10905,1,181,0.7937919025
tier3,2018,84,54321,61,M+C+KD+S+V,1.0,1,251,0.0
tier3,2018,84,54321,62,L+C+KD+S+V,0.76605,1,201,0.0547326025
tier3,2018,84,54321,63,M+L+C+KD+S+V,1.0,1,271,0.0
tier3,2018,84,54321,64,MP,0.0,0,16,0.0
tier3,2018,84,54321,65,M+MP,0.0,0,86,0.0
tier3,2018,84,54321,66,L+MP,0.0,0,36,0.0
tier3,2018,84,54321,67,M+L+MP,0.0,0,106,0.0
tier3,2018,84,54321,68,C+MP,0.0,0,47,0.0
tier3,2018,84,54321,69,M+C+MP,0.0,0,117,0.0
tier3,2018,84,54321,70,L+C+MP,0.0,0,67,0.0
tier3,2018,84,54321,71,M+L+C+MP,0.0,0,137,0.0
tier3,2018,84,54321,72,KD+MP,0.0,0,38,0.0
tier3,2018,84,54321,73,M+KD+MP,0.0,0,108,0.0
tier3,2018,84,54321,74,L+KD+MP,0.0,0,58,0.0
tier3,2018,84,54321,75,M+L+KD+MP,0.0,0,128,0.0
tier3,2018,84,54321,76,C+KD+MP,0.0,0,69,0.0
tier3,2018,84,54321,77,M+C+KD+MP,0.0,0,139,0.0
tier3,2018,84,54321,78,L+C+KD+MP,0.0,0,89,0.0
tier3,2018,84,54321,79,M+L+C+KD+MP,0.0,0,159,0.0
tier3,2018,84,54321,80,S+MP,0.0,0,116,0.0
tier3,2018,84,54321,81,M+S+MP,0.80675,1,186,0.03734556250000001
tier3,2018,84,54321,82,L+S+MP,0.0,0,136,0.0
tier3,2018,84,54321,83,M+L+S+MP,0.9972,1,206,7.840000000000138e-06
tier3,2018,84,54321,84,C+S+MP,0.0,0,147,0.0
tier3,2018,84,54321,85,M+C+S+MP,1.0,1,217,0.0
tier3,2018,84,54321,86,L+C+S+MP,0.1626,0,167,0.02643876
tier3,2018,84,54321,87,M+L+C+S+MP,1.0,1,237,0.0
tier3,2018,84,54321,88,KD+S+MP,0.0,0,138,0.0
tier3,2018,84,54321,89,M+KD+S+MP,0.8083,1,208,0.03674888999999999
tier3,2018,84,54321,90,L+KD+S+MP,0.0,0,158,0.0
tier3,2018,84,54321,91,M+L+KD+S+MP,0.99725,1,228,7.562500000000166e-06
tier3,2018,84,54321,92,C+KD+S+MP,0.0,0,169,0.0
tier3,2018,84,54321,93,M+C+KD+S+MP,1.0,1,239,0.0
tier3,2018,84,54321,94,L+C+KD+S+MP,0.16345,1,189,0.6998159025
tier3,2018,84,54321,95,M+L+C+KD+S+MP,1.0,1,259,0.0
tier3,2018,84,54321,96,V+MP,0.0,0,44,0.0
tier3,2018,84,54321,97,M+V+MP,0.0,0,114,0.0
tier3,2018,84,54321,98,L+V+MP,0.0,0,64,0.0
tier3,2018,84,54321,99,M+L+V+MP,0.0,0,134,0.0
tier3,2018,84,54321,100,C+V+MP,0.0,0,75,0.0
tier3,2018,84,54321,101,M+C+V+MP,0.10905,0,145,0.011891902499999999
tier3,2018,84,54321,102,L+C+V+MP,0.0,0,95,0.0
tier3,2018,84,54321,103,M+L+C+V+MP,0.58105,0,165,0.33761910249999993
tier3,2018,84,54321,104,KD+V+MP,0.0,0,66,0.0
tier3,2018,84,54321,105,M+KD+V+MP,0.0,0,136,0.0
tier3,2018,84,54321,106,L+KD+V+MP,0.0,0,86,0.0
tier3,2018,84,54321,107,M+L+KD+V+MP,0.0,0,156,0.0
tier3,2018,84,54321,108,C+KD+V+MP,0.0,0,97,0.0
tier3,2018,84,54321,109,M+C+KD+V+MP,0.10925,0,167,0.0119355625
tier3,2018,84,54321,110,L+C+KD+V+MP,0.0,0,117,0.0
tier3,2018,84,54321,111,M+L+C+KD+V+MP,0.5842,1,187,0.17288963999999996
tier3,2018,84,54321,112,S+V+MP,0.0,0,144,0.0
tier3,2018,84,54321,113,M+S+V+MP,1.0,1,214,0.0
tier3,2018,84,54321,114,L+S+V+MP,0.04265,0,164,0.0018190225
tier3,2018,84,54321,115,M+L+S+V+MP,1.0,1,234,0.0
tier3,2018,84,54321,116,C+S+V+MP,0.6068,1,175,0.15460624
tier3,2018,84,54321,117,M+C+S+V+MP,1.0,1,245,0.0
tier3,2018,84,54321,118,L+C+S+V+MP,0.91705,1,195,0.006880702499999994
tier3,2018,84,54321,119,M+L+C+S+V+MP,1.0,1,265,0.0
tier3,2018,84,54321,120,KD+S+V+MP,0.0,0,166,0.0
tier3,2018,84,54321,121,M+KD+S+V+MP,1.0,1,236,0.0
tier3,2018,84,54321,122,L+KD+S+V+MP,0.04375,1,186,0.9144140625000001
tier3,2018,84,54321,123,M+L+KD+S+V+MP,1.0,1,256,0.0
tier3,2018,84,54321,124,C+KD+S+V+MP,0.6097,1,197,0.15233408999999998
tier3,2018,84,54321,125,M+C+KD+S+V+MP,1.0,1,267,0.0
tier3,2018,84,54321,126,L+C+KD+S+V+MP,0.9171,1,217,0.0068724099999999955
tier3,2018,84,54321,127,M+L+C+KD+S+V+MP,1.0,1,287,0.0
tier3,2018,84,54321,128,SD,0.0,0,62,0.0
tier3,2018,84,54321,129,M+SD,0.0829,0,132,0.006872410000000001
tier3,2018,84,54321,130,L+SD,0.0,0,82,0.0
tier3,2018,84,54321,131,M+L+SD,0.3903,0,152,0.15233408999999998
tier3,2018,84,54321,132,C+SD,0.0,0,93,0.0
tier3,2018,84,54321,133,M+C+SD,0.95625,0,163,0.9144140625000001
tier3,2018,84,54321,134,L+C+SD,0.0,0,113,0.0
tier3,2018,84,54321,135,M+L+C+SD,1.0,1,183,0.0
tier3,2018,84,54321,136,KD+SD,0.0,0,84,0.0
tier3,2018,84,54321,137,M+KD+SD,0.08295,0,154,0.0068807024999999996
tier3,2018,84,54321,138,L+KD+SD,0.0,0,104,0.0
tier3,2018,84,54321,139,M+L+KD+SD,0.3932,0,174,0.15460624
tier3,2018,84,54321,140,C+KD+SD,0.0,0,115,0.0
tier3,2018,84,54321,141,M+C+KD+SD,0.95735,1,185,0.0018190224999999971
tier3,2018,84,54321,142,L+C+KD+SD,0.0,0,135,0.0
tier3,2018,84,54321,143,M+L+C+KD+SD,1.0,1,205,0.0
tier3,2018,84,54321,144,S+SD,0.4158,0,162,0.17288964
tier3,2018,84,54321,145,M+S+SD,1.0,1,232,0.0
tier3,2018,84,54321,146,L+S+SD,0.89075,1,182,0.011935562499999991
tier3,2018,84,54321,147,M+L+S+SD,1.0,1,252,0.0
tier3,2018,84,54321,148,C+S+SD,1.0,1,193,0.0
tier3,2018,84,54321,149,M+C+S+SD,1.0,1,263,0.0
tier3,2018,84,54321,150,L+C+S+SD,1.0,1,213,0.0
tier3,2018,84,54321,151,M+L+C+S+SD,1.0,1,283,0.0
tier3,2018,84,54321,152,KD+S+SD,0.41895,1,184,0.3376191025000001
tier3,2018,84,54321,153,M+KD+S+SD,1.0,1,254,0.0
tier3,2018,84,54321,154,L+KD+S+SD,0.89095,1,204,0.011891902499999996
tier3,2018,84,54321,155,M+L+KD+S+SD,1.0,1,274,0.0
tier3,2018,84,54321,156,C+KD+S+SD,1.0,1,215,0.0
tier3,2018,84,54321,157,M+C+KD+S+SD,1.0,1,285,0.0
tier3,2018,84,54321,158,L+C+KD+S+SD,1.0,1,235,0.0
tier3,2018,84,54321,159,M+L+C+KD+S+SD,1.0,1,305,0.0
tier3,2018,84,54321,160,V+SD,0.0,0,90,0.0
tier3,2018,84,54321,161,M+V+SD,0.83655,0,160,0.6998159025
tier3,2018,84,54321,162,L+V+SD,0.0,0,110,0.0
tier3,2018,84,54321,163,M+L+V+SD,1.0,1,180,0.0
tier3,2018,84,54321,164,C+V+SD,0.00275,0,121,7.562499999999999e-06
tier3,2018,84,54321,165,M+C+V+SD,1.0,1,191,0.0
tier3,2018,84,54321,166,L+C+V+SD,0.1917,0,141,0.036748890000000006
tier3,2018,84,54321,167,M+L+C+V+SD,1.0,1,211,0.0
tier3,2018,84,54321,168,KD+V+SD,0.0,0,112,0.0
tier3,2018,84,54321,169,M+KD+V+SD,0.8374,1,182,0.026438759999999988
tier3,2018,84,54321,170,L+KD+V+SD,0.0,0,132,0.0
tier3,2018,84,54321,171,M+L+KD+V+SD,1.0,1,202,0.0
tier3,2018,84,54321,172,C+KD+V+SD,0.0028,0,143,7.84e-06
tier3,2018,84,54321,173,M+C+KD+V+SD,1.0,1,213,0.0
tier3,2018,84,54321,174,L+C+KD+V+SD,0.19325,0,163,0.0373455625
tier3,2018,84,54321,175,M+L+C+KD+V+SD,1.0,1,233,0.0
tier3,2018,84,54321,176,S+V+SD,1.0,1,190,0.0
tier3,2018,84,54321,177,M+S+V+SD,1.0,1,260,0.0
tier3,2018,84,54321,178,L+S+V+SD,1.0,1,210,0.0
tier3,2018,84,54321,179,M+L+S+V+SD,1.0,1,280,0.0
tier3,2018,84,54321,180,C+S+V+SD,1.0,1,221,0.0
tier3,2018,84,54321,181,M+C+S+V+SD,1.0,1,291,0.0
tier3,2018,84,54321,182,L+C+S+V+SD,1.0,1,241,0.0
tier3,2018,84,54321,183,M+L+C+S+V+SD,1.0,1,311,0.0
tier3,2018,84,54321,184,KD+S+V+SD,1.0,1,212,0.0
tier3,2018,84,54321,185,M+KD+S+V+SD,1.0,1,282,0.0
tier3,2018,84,54321,186,L+KD+S+V+SD,1.0,1,232,0.0
tier3,2018,84,54321,187,M+L+KD+S+V+SD,1.0,1,302,0.0
tier3,2018,84,54321,188,C+KD+S+V+SD,1.0,1,243,0.0
tier3,2018,84,54321,189,M+C+KD+S+V+SD,1.0,1,313,0.0
tier3,2018,84,54321,190,L+C+KD+S+V+SD,1.0,1,263,0.0
tier3,2018,84,54321,191,M+L+C+KD+S+V+SD,1.0,1,333,0.0
tier3,2018,84,54321,192,MP+SD,0.0,0,78,0.0
tier3,2018,84,54321,193,M+MP+SD,0.23395,0,148,0.0547326025
tier3,2018,84,54321,194,L+MP+SD,0.0,0,98,0.0
tier3,2018,84,54321,195,M+L+MP+SD,0.89095,0,168,0.7937919025
tier3,2018,84,54321,196,C+MP+SD,0.0,0,109,0.0
tier3,2018,84,54321,197,M+C+MP+SD,0.99975,1,179,6.249999999998623e-08
tier3,2018,84,54321,198,L+C+MP+SD,0.0017,0,129,2.89e-06
tier3,2018,84,54321,199,M+L+C+MP+SD,1.0,1,199,0.0
tier3,2018,84,54321,200,KD+MP+SD,0.0,0,100,0.0
tier3,2018,84,54321,201,M+KD+MP+SD,0.2345,0,170,0.05499024999999999
tier3,2018,84,54321,202,L+KD+MP+SD,0.0,0,120,0.0
tier3,2018,84,54321,203,M+L+KD+MP+SD,0.8933,1,190,0.011384890000000003
tier3,2018,84,54321,204,C+KD+MP+SD,0.0,0,131,0.0
tier3,2018,84,54321,205,M+C+KD+MP+SD,1.0,1,201,0.0
tier3,2018,84,54321,206,L+C+KD+MP+SD,0.0017,0,151,2.89e-06
tier3,2018,84,54321,207,M+L+C+KD+MP+SD,1.0,1,221,0.0
tier3,2018,84,54321,208,S+MP+SD,0.8557,1,178,0.020822489999999996
tier3,2018,84,54321,209,M+S+MP+SD,1.0,1,248,0.0
tier3,2018,84,54321,210,L+S+MP+SD,0.99605,1,198,1.5602500000000073e-05
tier3,2018,84,54321,211,M+L+S+MP+SD,1.0,1,268,0.0
tier3,2018,84,54321,212,C+S+MP+SD,1.0,1,209,0.0
tier3,2018,84,54321,213,M+C+S+MP+SD,1.0,1,279,0.0
tier3,2018,84,54321,214,L+C+S+MP+SD,1.0,1,229,0.0
tier3,2018,84,54321,215,M+L+C+S+MP+SD,1.0,1,299,0.0
tier3,2018,84,54321,216,KD+S+MP+SD,0.8576,1,200,0.020277759999999992
tier3,2018,84,54321,217,M+KD+S+MP+SD,1.0,1,270,0.0
tier3,2018,84,54321,218,L+KD+S+MP+SD,0.99605,1,220,1.5602500000000073e-05
tier3,2018,84,54321,219,M+L+KD+S+MP+SD,1.0,1,290,0.0
tier3,2018,84,54321,220,C+KD+S+MP+SD,1.0,1,231,0.0
tier3,2018,84,54321,221,M+C+KD+S+MP+SD,1.0,1,301,0.0
tier3,2018,84,54321,222,L+C+KD+S+MP+SD,1.0,1,251,0.0
tier3,2018,84,54321,223,M+L+C+KD+S+MP+SD,1.0,1,321,0.0
tier3,2018,84,54321,224,V+MP+SD,0.0,0,106,0.0
tier3,2018,84,54321,225,M+V+MP+SD,0.9996,1,176,1.5999999999996475e-07
tier3,2018,84,54321,226,L+V+MP+SD,0.0,0,126,0.0
tier3,2018,84,54321,227,M+L+V+MP+SD,1.0,1,196,0.0
tier3,2018,84,54321,228,C+V+MP+SD,0.09375,0,137,0.0087890625
tier3,2018,84,54321,229,M+C+V+MP+SD,1.0,1,207,0.0
tier3,2018,84,54321,230,L+C+V+MP+SD,0.5824,0,157,0.33918976
tier3,2018,84,54321,231,M+L+C+V+MP+SD,1.0,1,227,0.0
tier3,2018,84,54321,232,KD+V+MP+SD,0.0,0,128,0.0
tier3,2018,84,54321,233,M+KD+V+MP+SD,0.9996,1,198,1.5999999999996475e-07
tier3,2018,84,54321,234,L+KD+V+MP+SD,0.0,0,148,0.0
tier3,2018,84,54321,235,M+L+KD+V+MP+SD,1.0,1,218,0.0
tier3,2018,84,54321,236,C+KD+V+MP+SD,0.0944,0,159,0.00891136
tier3,2018,84,54321,237,M+C+KD+V+MP+SD,1.0,1,229,0.0
tier3,2018,84,54321,238,L+C+KD+V+MP+SD,0.58455,1,179,0.17259870249999998
tier3,2018,84,54321,239,M+L+C+KD+V+MP+SD,1.0,1,249,0.0
tier3,2018,84,54321,240,S+V+MP+SD,1.0,1,206,0.0
tier3,2018,84,54321,241,M+S+V+MP+SD,1.0,1,276,0.0
tier3,2018,84,54321,242,L+S+V+MP+SD,1.0,1,226,0.0
tier3,2018,84,54321,243,M+L+S+V+MP+SD,1.0,1,296,0.0
tier3,2018,84,54321,244,C+S+V+MP+SD,1.0,1,237,0.0
tier3,2018,84,54321,245,M+C+S+V+MP+SD,1.0,1,307,0.0
tier3,2018,84,54321,246,L+C+S+V+MP+SD,1.0,1,257,0.0
tier3,2018,84,54321,247,M+L+C+S+V+MP+SD,1.0,1,327,0.0
tier3,2018,84,54321,248,KD+S+V+MP+SD,1.0,1,228,0.0
tier3,2018,84,54321,249,M+KD+S+V+MP+SD,1.0,1,298,0.0
tier3,2018,84,54321,250,L+KD+S+V+MP+SD,1.0,1,248,0.0
tier3,2018,84,54321,251,M+L+KD+S+V+MP+SD,1.0,1,318,0.0
tier3,2018,84,54321,252,C+KD+S+V+MP+SD,1.0,1,259,0.0
tier3,2018,84,54321,253,M+C+KD+S+V+MP+SD,1.0,1,329,0.0
tier3,2018,84,54321,254,L+C+KD+S+V+MP+SD,1.0,1,279,0.0
tier3,2018,84,13579,1,M,0.0,0,70,0.0
tier3,2018,84,13579,2,L,0.0,0,20,0.0
tier3,2018,84,13579,3,M+L,0.0,0,90,0.0
tier3,2018,84,13579,4,C,0.0,0,31,0.0
tier3,2018,84,13579,5,M+C,0.0,0,101,0.0
tier3,2018,84,13579,6,L+C,0.0,0,51,0.0
tier3,2018,84,13579,7,M+L+C,0.0,0,121,0.0
tier3,2018,84,13579,8,KD,0.0,0,22,0.0
tier3,2018,84,13579,9,M+KD,0.0,0,92,0.0
tier3,2018,84,13579,10,L+KD,0.0,0,42,0.0
tier3,2018,84,13579,11,M+L+KD,0.0,0,112,0.0
tier3,2018,84,13579,12,C+KD,0.0,0,53,0.0
tier3,2018,84,13579,13,M+C+KD,0.0,0,123,0.0
tier3,2018,84,13579,14,L+C+KD,0.0,0,73,0.0
tier3,2018,84,13579,15,M+L+C+KD,0.0,0,143,0.0
tier3,2018,84,13579,16,S,0.0,0,100,0.0
tier3,2018,84,13579,17,M+S,0.40835,0,170,0.1667497225
tier3,2018,84,13579,18,L+S,0.0,0,120,0.0
tier3,2018,84,13579,19,M+L+S,0.91135,1,190,0.007858822500000001
tier3,2018,84,13579,20,C+S,0.0,0,131,0.0
tier3,2018,84,13579,21,M+C+S,1.0,1,201,0.0
tier3,2018,84,13579,22,L+C+S,0.0004,0,151,1.6e-07
tier3,2018,84,13579,23,M+L+C+S,1.0,1,221,0.0
tier3,2018,84,13579,24,KD+S,0.0,0,122,0.0
tier3,2018,84,13579,25,M+KD+S,0.41065,1,192,0.34733342250000004
tier3,2018,84,13579,26,L+KD+S,0.0,0,142,0.0
tier3,2018,84,13579,27,M+L+KD+S,0.912,1,212,0.007743999999999994
tier3,2018,84,13579,28,C+KD+S,0.0,0,153,0.0
tier3,2018,84,13579,29,M+C+KD+S,1.0,1,223,0.0
tier3,2018,84,13579,30,L+C+KD+S,0.00045,0,173,2.025e-07
tier3,2018,84,13579,31,M+L+C+KD+S,1.0,1,243,0.0
tier3,2018,84,13579,32,V,0.0,0,28,0.0
tier3,2018,84,13579,33,M+V,0.0,0,98,0.0
tier3,2018,84,13579,34,L+V,0.0,0,48,0.0
tier3,2018,84,13579,35,M+L+V,0.0,0,118,0.0
tier3,2018,84,13579,36,C+V,0.0,0,59,0.0
tier3,2018,84,13579,37,M+C+V,0.0033,0,129,1.0889999999999999e-05
tier3,2018,84,13579,38,L+C+V,0.0,0,79,0.0
tier3,2018,84,13579,39,M+L+C+V,0.14115,0,149,0.0199233225
tier3,2018,84,13579,40,KD+V,0.0,0,50,0.0
tier3,2018,84,13579,41,M+KD+V,0.0,0,120,0.0
tier3,2018,84,13579,42,L+KD+V,0.0,0,70,0.0
tier3,2018,84,13579,43,M+L+KD+V,0.0,0,140,0.0
tier3,2018,84,13579,44,C+KD+V,0.0,0,81,0.0
tier3,2018,84,13579,45,M+C+KD+V,0.0033,0,151,1.0889999999999999e-05
tier3,2018,84,13579,46,L+C+KD+V,0.0,0,101,0.0
tier3,2018,84,13579,47,M+L+C+KD+V,0.14345,0,171,0.0205779025
tier3,2018,84,13579,48,S+V,0.0,0,128,0.0
tier3,2018,84,13579,49,M+S+V,0.9981,1,198,3.6100000000000484e-06
tier3,2018,84,13579,50,L+S+V,0.0,0,148,0.0
tier3,2018,84,13579,51,M+L+S+V,1.0,1,218,0.0
tier3,2018,84,13579,52,C+S+V,0.1106,0,159,0.012232360000000001
tier3,2018,84,13579,53,M+C+S+V,1.0,1,229,0.0
tier3,2018,84,13579,54,L+C+S+V,0.7654,1,179,0.055037160000000016
tier3,2018,84,13579,55,M+L+C+S+V,1.0,1,249,0.0
tier3,2018,84,13579,56,KD+S+V,0.0,0,150,0.0
tier3,2018,84,13579,57,M+KD+S+V,0.9981,1,220,3.6100000000000484e-06
tier3,2018,84,13579,58,L+KD+S+V,0.0001,0,170,1e-08
tier3,2018,84,13579,59,M+L+KD+S+V,1.0,1,240,0.0
tier3,2018,84,13579,60,C+KD+S+V,0.1131,1,181,0.78659161
tier3,2018,84,13579,61,M+C+KD+S+V,1.0,1,251,0.0
tier3,2018,84,13579,62,L+C+KD+S+V,0.76615,1,201,0.0546858225
tier3,2018,84,13579,63,M+L+C+KD+S+V,1.0,1,271,0.0
tier3,2018,84,13579,64,MP,0.0,0,16,0.0
tier3,2018,84,13579,65,M+MP,0.0,0,86,0.0
tier3,2018,84,13579,66,L+MP,0.0,0,36,0.0
tier3,2018,84,13579,67,M+L+MP,0.0,0,106,0.0
tier3,2018,84,13579,68,C+MP,0.0,0,47,0.0
tier3,2018,84,13579,69,M+C+MP,0.0,0,117,0.0
tier3,2018,84,13579,70,L+C+MP,0.0,0,67,0.0
tier3,2018,84,13579,71,M+L+C+MP,0.0,0,137,0.0
tier3,2018,84,13579,72,KD+MP,0.0,0,38,0.0
tier3,2018,84,13579,73,M+KD+MP,0.0,0,108,0.0
tier3,2018,84,13579,74,L+KD+MP,0.0,0,58,0.0
tier3,2018,84,13579,75,M+L+KD+MP,0.0,0,128,0.0
tier3,2018,84,13579,76,C+KD+MP,0.0,0,69,0.0
tier3,2018,84,13579,77,M+C+KD+MP,0.0,0,139,0.0
tier3,2018,84,13579,78,L+C+KD+MP,0.0,0,89,0.0
tier3,2018,84,13579,79,M+L+C+KD+MP,0.0,0,159,0.0
tier3,2018,84,13579,80,S+MP,0.0,0,116,0.0
tier3,2018,84,13579,81,M+S+MP,0.8006,1,186,0.03976036000000001
tier3,2018,84,13579,82,L+S+MP,0.0,0,136,0.0
tier3,2018,84,13579,83,M+L+S+MP,0.9971,1,206,8.410000000000079e-06
tier3,2018,84,13579,84,C+S+MP,0.0,0,147,0.0
tier3,2018,84,13579,85,M+C+S+MP,1.0,1,217,0.0
tier3,2018,84,13579,86,L+C+S+MP,0.16345,0,167,0.026715902500000003
tier3,2018,84,13579,87,M+L+C+S+MP,1.0,1,237,0.0
tier3,2018,84,13579,88,KD+S+MP,0.0,0,138,0.0
tier3,2018,84,13579,89,M+KD+S+MP,0.8019,1,208,0.03924361000000002
tier3,2018,84,13579,90,L+KD+S+MP,0.0,0,158,0.0
tier3,2018,84,13579,91,M+L+KD+S+MP,0.99725,1,228,7.562500000000166e-06
tier3,2018,84,13579,92,C+KD+S+MP,0.0,0,169,0.0
tier3,2018,84,13579,93,M+C+KD+S+MP,1.0,1,239,0.0
tier3,2018,84,13579,94,L+C+KD+S+MP,0.16455,1,189,0.6979767025
tier3,2018,84,13579,95,M+L+C+KD+S+MP,1.0,1,259,0.0
tier3,2018,84,13579,96,V+MP,0.0,0,44,0.0
tier3,2018,84,13579,97,M+V+MP,0.0,0,114,0.0
tier3,2018,84,13579,98,L+V+MP,0.0,0,64,0.0
tier3,2018,84,13579,99,M+L+V+MP,5e-05,0,134,2.5e-09
tier3,2018,84,13579,100,C+V+MP,0.0,0,75,0.0
tier3,2018,84,13579,101,M+C+V+MP,0.10685,0,145,0.011416922500000001
tier3,2018,84,13579,102,L+C+V+MP,0.0,0,95,0.0
tier3,2018,84,13579,103,M+L+C+V+MP,0.58275,0,165,0.3395975625
tier3,2018,84,13579,104,KD+V+MP,0.0,0,66,0.0
tier3,2018,84,13579,105,M+KD+V+MP,0.0,0,136,0.0
tier3,2018,84,13579,106,L+KD+V+MP,0.0,0,86,0.0
tier3,2018,84,13579,107,M+L+KD+V+MP,5e-05,0,156,2.5e-09
tier3,2018,84,13579,108,C+KD+V+MP,0.0,0,97,0.0
tier3,2018,84,13579,109,M+C+KD+V+MP,0.10745,0,167,0.0115455025
tier3,2018,84,13579,110,L+C+KD+V+MP,0.0,0,117,0.0
tier3,2018,84,13579,111,M+L+C+KD+V+MP,0.58565,1,187,0.1716859225
tier3,2018,84,13579,112,S+V+MP,0.0,0,144,0.0
tier3,2018,84,13579,113,M+S+V+MP,1.0,1,214,0.0
tier3,2018,84,13579,114,L+S+V+MP,0.0452,0,164,0.00204304
tier3,2018,84,13579,115,M+L+S+V+MP,1.0,1,234,0.0
tier3,2018,84,13579,116,C+S+V+MP,0.60805,1,175,0.15362480250000002
tier3,2018,84,13579,117,M+C+S+V+MP,1.0,1,245,0.0
tier3,2018,84,13579,118,L+C+S+V+MP,0.91715,1,195,0.0068641224999999965
tier3,2018,84,13579,119,M+L+C+S+V+MP,1.0,1,265,0.0
tier3,2018,84,13579,120,KD+S+V+MP,0.0,0,166,0.0
tier3,2018,84,13579,121,M+KD+S+V+MP,1.0,1,236,0.0
tier3,2018,84,13579,122,L+KD+S+V+MP,0.04675,1,186,0.9086855625000001
tier3,2018,84,13579,123,M+L+KD+S+V+MP,1.0,1,256,0.0
tier3,2018,84,13579,124,C+KD+S+V+MP,0.6112,1,197,0.15116544000000004
tier3,2018,84,13579,125,M+C+KD+S+V+MP,1.0,1,267,0.0
tier3,2018,84,13579,126,L+C+KD+S+V+MP,0.91725,1,217,0.006847562499999999
tier3,2018,84,13579,127,M+L+C+KD+S+V+MP,1.0,1,287,0.0
tier3,2018,84,13579,128,SD,0.0,0,62,0.0
tier3,2018,84,13579,129,M+SD,0.08275,0,132,0.0068475625
tier3,2018,84,13579,130,L+SD,0.0,0,82,0.0
tier3,2018,84,13579,131,M+L+SD,0.3888,0,152,0.15116543999999998
tier3,2018,84,13579,132,C+SD,0.0,0,93,0.0
tier3,2018,84,13579,133,M+C+SD,0.95325,0,163,0.9086855625000001
tier3,2018,84,13579,134,L+C+SD,0.0,0,113,0.0
tier3,2018,84,13579,135,M+L+C+SD,1.0,1,183,0.0
tier3,2018,84,13579,136,KD+SD,0.0,0,84,0.0
tier3,2018,84,13579,137,M+KD+SD,0.08285,0,154,0.006864122499999999
tier3,2018,84,13579,138,L+KD+SD,0.0,0,104,0.0
tier3,2018,84,13579,139,M+L+KD+SD,0.39195,0,174,0.15362480250000002
tier3,2018,84,13579,140,C+KD+SD,0.0,0,115,0.0
tier3,2018,84,13579,141,M+C+KD+SD,0.9548,1,185,0.0020430400000000016
tier3,2018,84,13579,142,L+C+KD+SD,0.0,0,135,0.0
tier3,2018,84,13579,143,M+L+C+KD+SD,1.0,1,205,0.0
tier3,2018,84,13579,144,S+SD,0.41435,0,162,0.1716859225
tier3,2018,84,13579,145,M+S+SD,1.0,1,232,0.0
tier3,2018,84,13579,146,L+S+SD,0.89255,1,182,0.01154550250000001
tier3,2018,84,13579,147,M+L+S+SD,1.0,1,252,0.0
tier3,2018,84,13579,148,C+S+SD,0.99995,1,193,2.499999999999449e-09
tier3,2018,84,13579,149,M+C+S+SD,1.0,1,263,0.0
tier3,2018,84,13579,150,L+C+S+SD,1.0,1,213,0.0
tier3,2018,84,13579,151,M+L+C+S+SD,1.0,1,283,0.0
tier3,2018,84,13579,152,KD+S+SD,0.41725,1,184,0.3395975625
tier3,2018,84,13579,153,M+KD+S+SD,1.0,1,254,0.0
tier3,2018,84,13579,154,L+KD+S+SD,0.89315,1,204,0.011416922500000001
tier3,2018,84,13579,155,M+L+KD+S+SD,1.0,1,274,0.0
tier3,2018,84,13579,156,C+KD+S+SD,0.99995,1,215,2.499999999999449e-09
tier3,2018,84,13579,157,M+C+KD+S+SD,1.0,1,285,0.0
tier3,2018,84,13579,158,L+C+KD+S+SD,1.0,1,235,0.0
tier3,2018,84,13579,159,M+L+C+KD+S+SD,1.0,1,305,0.0
tier3,2018,84,13579,160,V+SD,0.0,0,90,0.0
tier3,2018,84,13579,161,M+V+SD,0.83545,0,160,0.6979767025
tier3,2018,84,13579,162,L+V+SD,0.0,0,110,0.0
tier3,2018,84,13579,163,M+L+V+SD,1.0,1,180,0.0
tier3,2018,84,13579,164,C+V+SD,0.00275,0,121,7.562499999999999e-06
tier3,2018,84,13579,165,M+C+V+SD,1.0,1,191,0.0
tier3,2018,84,13579,166,L+C+V+SD,0.1981,0,141,0.03924361
tier3,2018,84,13579,167,M+L+C+V+SD,1.0,1,211,0.0
tier3,2018,84,13579,168,KD+V+SD,0.0,0,112,0.0
tier3,2018,84,13579,169,M+KD+V+SD,0.83655,1,182,0.026715902499999996
tier3,2018,84,13579,170,L+KD+V+SD,0.0,0,132,0.0
tier3,2018,84,13579,171,M+L+KD+V+SD,1.0,1,202,0.0
tier3,2018,84,13579,172,C+KD+V+SD,0.0029,0,143,8.409999999999999e-06
tier3,2018,84,13579,173,M+C+KD+V+SD,1.0,1,213,0.0
tier3,2018,84,13579,174,L+C+KD+V+SD,0.1994,0,163,0.039760359999999995
tier3,2018,84,13579,175,M+L+C+KD+V+SD,1.0,1,233,0.0
tier3,2018,84,13579,176,S+V+SD,1.0,1,190,0.0
tier3,2018,84,13579,177,M+S+V+SD,1.0,1,260,0.0
tier3,2018,84,13579,178,L+S+V+SD,1.0,1,210,0.0
tier3,2018,84,13579,179,M+L+S+V+SD,1.0,1,280,0.0
tier3,2018,84,13579,180,C+S+V+SD,1.0,1,221,0.0
tier3,2018,84,13579,181,M+C+S+V+SD,1.0,1,291,0.0
tier3,2018,84,13579,182,L+C+S+V+SD,1.0,1,241,0.0
tier3,2018,84,13579,183,M+L+C+S+V+SD,1.0,1,311,0.0
tier3,2018,84,13579,184,KD+S+V+SD,1.0,1,212,0.0
tier3,2018,84,13579,185,M+KD+S+V+SD,1.0,1,282,0.0
tier3,2018,84,13579,186,L+KD+S+V+SD,1.0,1,232,0.0
tier3,2018,84,13579,187,M+L+KD+S+V+SD,1.0,1,302,0.0
tier3,2018,84,13579,188,C+KD+S+V+SD,1.0,1,243,0.0
tier3,2018,84,13579,189,M+C+KD+S+V+SD,1.0,1,313,0.0
tier3,2018,84,13579,190,L+C+KD+S+V+SD,1.0,1,263,0.0
tier3,2018,84,13579,191,M+L+C+KD+S+V+SD,1.0,1,333,0.0
tier3,2018,84,13579,192,MP+SD,0.0,0,78,0.0
tier3,2018,84,13579,193,M+MP+SD,0.23385,0,148,0.0546858225
tier3,2018,84,13579,194,L+MP+SD,0.0,0,98,0.0
tier3,2018,84,13579,195,M+L+MP+SD,0.8869,0,168,0.78659161
tier3,2018,84,13579,196,C+MP+SD,0.0,0,109,0.0
tier3,2018,84,13579,197,M+C+MP+SD,0.9999,1,179,9.999999999997797e-09
tier3,2018,84,13579,198,L+C+MP+SD,0.0019,0,129,3.61e-06
tier3,2018,84,13579,199,M+L+C+MP+SD,1.0,1,199,0.0
tier3,2018,84,13579,200,KD+MP+SD,0.0,0,100,0.0
tier3,2018,84,13579,201,M+KD+MP+SD,0.2346,0,170,0.05503716
tier3,2018,84,13579,202,L+KD+MP+SD,0.0,0,120,0.0
tier3,2018,84,13579,203,M+L+KD+MP+SD,0.8894,1,190,0.012232360000000006
tier3,2018,84,13579,204,C+KD+MP+SD,0.0,0,131,0.0
tier3,2018,84,13579,205,M+C+KD+MP+SD,1.0,1,201,0.0
tier3,2018,84,13579,206,L+C+KD+MP+SD,0.0019,0,151,3.61e-06
tier3,2018,84,13579,207,M+L+C+KD+MP+SD,1.0,1,221,0.0
tier3,2018,84,13579,208,S+MP+SD,0.85655,1,178,0.02057790249999999
tier3,2018,84,13579,209,M+S+MP+SD,1.0,1,248,0.0
tier3,2018,84,13579,210,L+S+MP+SD,0.9967,1,198,1.08899999999998e-05
tier3,2018,84,13579,211,M+L+S+MP+SD,1.0,1,268,0.0
tier3,2018,84,13579,212,C+S+MP+SD,1.0,1,209,0.0
tier3,2018,84,13579,213,M+C+S+MP+SD,1.0,1,279,0.0
tier3,2018,84,13579,214,L+C+S+MP+SD,1.0,1,229,0.0
tier3,2018,84,13579,215,M+L+C+S+MP+SD,1.0,1,299,0.0
tier3,2018,84,13579,216,KD+S+MP+SD,0.85885,1,200,0.0199233225
tier3,2018,84,13579,217,M+KD+S+MP+SD,1.0,1,270,0.0
tier3,2018,84,13579,218,L+KD+S+MP+SD,0.9967,1,220,1.08899999999998e-05
tier3,2018,84,13579,219,M+L+KD+S+MP+SD,1.0,1,290,0.0
tier3,2018,84,13579,220,C+KD+S+MP+SD,1.0,1,231,0.0
tier3,2018,84,13579,221,M+C+KD+S+MP+SD,1.0,1,301,0.0
tier3,2018,84,13579,222,L+C+KD+S+MP+SD,1.0,1,251,0.0
tier3,2018,84,13579,223,M+L+C+KD+S+MP+SD,1.0,1,321,0.0
tier3,2018,84,13579,224,V+MP+SD,0.0,0,106,0.0
tier3,2018,84,13579,225,M+V+MP+SD,0.99955,1,176,2.024999999999554e-07
tier3,2018,84,13579,226,L+V+MP+SD,0.0,0,126,0.0
tier3,2018,84,13579,227,M+L+V+MP+SD,1.0,1,196,0.0
tier3,2018,84,13579,228,C+V+MP+SD,0.088,0,137,0.007743999999999999
tier3,2018,84,13579,229,M+C+V+MP+SD,1.0,1,207,0.0
tier3,2018,84,13579,230,L+C+V+MP+SD,0.58935,0,157,0.34733342250000004
tier3,2018,84,13579,231,M+L+C+V+MP+SD,1.0,1,227,0.0
tier3,2018,84,13579,232,KD+V+MP+SD,0.0,0,128,0.0
tier3,2018,84,13579,233,M+KD+V+MP+SD,0.9996,1,198,1.5999999999996475e-07
tier3,2018,84,13579,234,L+KD+V+MP+SD,0.0,0,148,0.0
tier3,2018,84,13579,235,M+L+KD+V+MP+SD,1.0,1,218,0.0
tier3,2018,84,13579,236,C+KD+V+MP+SD,0.08865,0,159,0.007858822500000001
tier3,2018,84,13579,237,M+C+KD+V+MP+SD,1.0,1,229,0.0
tier3,2018,84,13579,238,L+C+KD+V+MP+SD,0.59165,1,179,0.1667497225
tier3,2018,84,13579,239,M+L+C+KD+V+MP+SD,1.0,1,249,0.0
tier3,2018,84,13579,240,S+V+MP+SD,1.0,1,206,0.0
tier3,2018,84,13579,241,M+S+V+MP+SD,1.0,1,276,0.0
tier3,2018,84,13579,242,L+S+V+MP+SD,1.0,1,226,0.0
tier3,2018,84,13579,243,M+L+S+V+MP+SD,1.0,1,296,0.0
tier3,2018,84,13579,244,C+S+V+MP+SD,1.0,1,237,0.0
tier3,2018,84,13579,245,M+C+S+V+MP+SD,1.0,1,307,0.0
tier3,2018,84,13579,246,L+C+S+V+MP+SD,1.0,1,257,0.0
tier3,2018,84,13579,247,M+L+C+S+V+MP+SD,1.0,1,327,0.0
tier3,2018,84,13579,248,KD+S+V+MP+SD,1.0,1,228,0.0
tier3,2018,84,13579,249,M+KD+S+V+MP+SD,1.0,1,298,0.0
tier3,2018,84,13579,250,L+KD+S+V+MP+SD,1.0,1,248,0.0
tier3,2018,84,13579,251,M+L+KD+S+V+MP+SD,1.0,1,318,0.0
tier3,2018,84,13579,252,C+KD+S+V+MP+SD,1.0,1,259,0.0
tier3,2018,84,13579,253,M+C+KD+S+V+MP+SD,1.0,1,329,0.0
tier3,2018,84,13579,254,L+C+KD+S+V+MP+SD,1.0,1,279,0.0
tier3,2018,56,12345,1,M,0.0,0,70,0.0
tier3,2018,56,12345,2,L,0.0,0,20,0.0
tier3,2018,56,12345,3,M+L,0.0,0,90,0.0
tier3,2018,56,12345,4,C,0.0,0,31,0.0
tier3,2018,56,12345,5,M+C,0.0,0,101,0.0
tier3,2018,56,12345,6,L+C,0.0,0,51,0.0
tier3,2018,56,12345,7,M+L+C,0.0,0,121,0.0
tier3,2018,56,12345,8,KD,0.0,0,22,0.0
tier3,2018,56,12345,9,M+KD,0.0,0,92,0.0
tier3,2018,56,12345,10,L+KD,0.0,0,42,0.0
tier3,2018,56,12345,11,M+L+KD,0.0,0,112,0.0
tier3,2018,56,12345,12,C+KD,0.0,0,53,0.0
tier3,2018,56,12345,13,M+C+KD,0.0,0,123,0.0
tier3,2018,56,12345,14,L+C+KD,0.0,0,73,0.0
tier3,2018,56,12345,15,M+L+C+KD,0.0,0,143,0.0
tier3,2018,56,12345,16,S,0.0,0,100,0.0
tier3,2018,56,12345,17,M+S,0.16595,0,170,0.027539402499999994
tier3,2018,56,12345,18,L+S,0.0,0,120,0.0
tier3,2018,56,12345,19,M+L+S,0.9017,1,190,0.00966289000000001
tier3,2018,56,12345,20,C+S,0.0,0,131,0.0
tier3,2018,56,12345,21,M+C+S,1.0,1,201,0.0
tier3,2018,56,12345,22,L+C+S,0.0,0,151,0.0
tier3,2018,56,12345,23,M+L+C+S,1.0,1,221,0.0
tier3,2018,56,12345,24,KD+S,0.0,0,122,0.0
tier3,2018,56,12345,25,M+KD+S,0.19195,1,192,0.6529448024999999
tier3,2018,56,12345,26,L+KD+S,0.0,0,142,0.0
tier3,2018,56,12345,27,M+L+KD+S,0.90865,1,212,0.008344822500000008
tier3,2018,56,12345,28,C+KD+S,0.0,0,153,0.0
tier3,2018,56,12345,29,M+C+KD+S,1.0,1,223,0.0
tier3,2018,56,12345,30,L+C+KD+S,5e-05,0,173,2.5e-09
tier3,2018,56,12345,31,M+L+C+KD+S,1.0,1,243,0.0
tier3,2018,56,12345,32,V,0.0,0,28,0.0
tier3,2018,56,12345,33,M+V,0.0,0,98,0.0
tier3,2018,56,12345,34,L+V,0.0,0,48,0.0
tier3,2018,56,12345,35,M+L+V,0.0,0,118,0.0
tier3,2018,56,12345,36,C+V,0.0,0,59,0.0
tier3,2018,56,12345,37,M+C+V,0.0,0,129,0.0
tier3,2018,56,12345,38,L+C+V,0.0,0,79,0.0
tier3,2018,56,12345,39,M+L+C+V,0.04045,0,149,0.0016362025
tier3,2018,56,12345,40,KD+V,0.0,0,50,0.0
tier3,2018,56,12345,41,M+KD+V,0.0,0,120,0.0
tier3,2018,56,12345,42,L+KD+V,0.0,0,70,0.0
tier3,2018,56,12345,43,M+L+KD+V,0.0,0,140,0.0
tier3,2018,56,12345,44,C+KD+V,0.0,0,81,0.0
tier3,2018,56,12345,45,M+C+KD+V,0.0,0,151,0.0
tier3,2018,56,12345,46,L+C+KD+V,0.0,0,101,0.0
tier3,2018,56,12345,47,M+L+C+KD+V,0.0571,0,171,0.0032604099999999996
tier3,2018,56,12345,48,S+V,0.0,0,128,0.0
tier3,2018,56,12345,49,M+S+V,0.9987,1,198,1.6899999999999165e-06
tier3,2018,56,12345,50,L+S+V,0.0,0,148,0.0
tier3,2018,56,12345,51,M+L+S+V,1.0,1,218,0.0
tier3,2018,56,12345,52,C+S+V,0.0378,0,159,0.00142884
tier3,2018,56,12345,53,M+C+S+V,1.0,1,229,0.0
tier3,2018,56,12345,54,L+C+S+V,0.846,1,179,0.023716000000000008
tier3,2018,56,12345,55,M+L+C+S+V,1.0,1,249,0.0
tier3,2018,56,12345,56,KD+S+V,0.0,0,150,0.0
tier3,2018,56,12345,57,M+KD+S+V,0.9987,1,220,1.6899999999999165e-06
tier3,2018,56,12345,58,L+KD+S+V,0.0,0,170,0.0
tier3,2018,56,12345,59,M+L+KD+S+V,1.0,1,240,0.0
tier3,2018,56,12345,60,C+KD+S+V,0.0532,1,181,0.8964302399999999
tier3,2018,56,12345,61,M+C+KD+S+V,1.0,1,251,0.0
tier3,2018,56,12345,62,L+C+KD+S+V,0.86275,1,201,0.018837562499999995
tier3,2018,56,12345,63,M+L+C+KD+S+V,1.0,1,271,0.0
tier3,2018,56,12345,64,MP,0.0,0,16,0.0
tier3,2018,56,12345,65,M+MP,0.0,0,86,0.0
tier3,2018,56,12345,66,L+MP,0.0,0,36,0.0
tier3,2018,56,12345,67,M+L+MP,0.0,0,106,0.0
tier3,2018,56,12345,68,C+MP,0.0,0,47,0.0
tier3,2018,56,12345,69,M+C+MP,0.0,0,117,0.0
tier3,2018,56,12345,70,L+C+MP,0.0,0,67,0.0
tier3,2018,56,12345,71,M+L+C+MP,0.0,0,137,0.0
tier3,2018,56,12345,72,KD+MP,0.0,0,38,0.0
tier3,2018,56,12345,73,M+KD+MP,0.0,0,108,0.0
tier3,2018,56,12345,74,L+KD+MP,0.0,0,58,0.0
tier3,2018,56,12345,75,M+L+KD+MP,0.0,0,128,0.0
tier3,2018,56,12345,76,C+KD+MP,0.0,0,69,0.0
tier3,2018,56,12345,77,M+C+KD+MP,0.0,0,139,0.0
tier3,2018,56,12345,78,L+C+KD+MP,0.0,0,89,0.0
tier3,2018,56,12345,79,M+L+C+KD+MP,0.0,0,159,0.0
tier3,2018,56,12345,80,S+MP,0.0,0,116,0.0
tier3,2018,56,12345,81,M+S+MP,0.8259,1,186,0.03031081000000001
tier3,2018,56,12345,82,L+S+MP,0.0,0,136,0.0
tier3,2018,56,12345,83,M+L+S+MP,0.9998,1,206,3.9999999999991186e-08
tier3,2018,56,12345,84,C+S+MP,0.0,0,147,0.0
tier3,2018,56,12345,85,M+C+S+MP,1.0,1,217,0.0
tier3,2018,56,12345,86,L+C+S+MP,0.20965,0,167,0.043953122500000004
tier3,2018,56,12345,87,M+L+C+S+MP,1.0,1,237,0.0
tier3,2018,56,12345,88,KD+S+MP,0.0,0,138,0.0
tier3,2018,56,12345,89,M+KD+S+MP,0.8405,1,208,0.02544024999999999
tier3,2018,56,12345,90,L+KD+S+MP,0.0,0,158,0.0
tier3,2018,56,12345,91,M+L+KD+S+MP,0.99985,1,228,2.2499999999995043e-08
tier3,2018,56,12345,92,C+KD+S+MP,0.0,0,169,0.0
tier3,2018,56,12345,93,M+C+KD+S+MP,1.0,1,239,0.0
tier3,2018,56,12345,94,L+C+KD+S+MP,0.22335,1,189,0.6031852225000001
tier3,2018,56,12345,95,M+L+C+KD+S+MP,1.0,1,259,0.0
tier3,2018,56,12345,96,V+MP,0.0,0,44,0.0
tier3,2018,56,12345,97,M+V+MP,0.0,0,114,0.0
tier3,2018,56,12345,98,L+V+MP,0.0,0,64,0.0
tier3,2018,56,12345,99,M+L+V+MP,0.0,0,134,0.0
tier3,2018,56,12345,100,C+V+MP,0.0,0,75,0.0
tier3,2018,56,12345,101,M+C+V+MP,0.05155,0,145,0.0026574025
tier3,2018,56,12345,102,L+C+V+MP,0.0,0,95,0.0
tier3,2018,56,12345,103,M+L+C+V+MP,0.7036,0,165,0.49505296
tier3,2018,56,12345,104,KD+V+MP,0.0,0,66,0.0
tier3,2018,56,12345,105,M+KD+V+MP,0.0,0,136,0.0
tier3,2018,56,12345,106,L+KD+V+MP,0.0,0,86,0.0
tier3,2018,56,12345,107,M+L+KD+V+MP,0.0,0,156,0.0
tier3,2018,56,12345,108,C+KD+V+MP,0.0,0,97,0.0
tier3,2018,56,12345,109,M+C+KD+V+MP,0.05785,0,167,0.0033466225
tier3,2018,56,12345,110,L+C+KD+V+MP,0.0,0,117,0.0
tier3,2018,56,12345,111,M+L+C+KD+V+MP,0.72665,1,187,0.07472022249999999
tier3,2018,56,12345,112,S+V+MP,0.0,0,144,0.0
tier3,2018,56,12345,113,M+S+V+MP,1.0,1,214,0.0
tier3,2018,56,12345,114,L+S+V+MP,0.11215,0,164,0.0125776225
tier3,2018,56,12345,115,M+L+S+V+MP,1.0,1,234,0.0
tier3,2018,56,12345,116,C+S+V+MP,0.7068,1,175,0.08596624000000001
tier3,2018,56,12345,117,M+C+S+V+MP,1.0,1,245,0.0
tier3,2018,56,12345,118,L+C+S+V+MP,0.983,1,195,0.0002890000000000005
tier3,2018,56,12345,119,M+L+C+S+V+MP,1.0,1,265,0.0
tier3,2018,56,12345,120,KD+S+V+MP,0.0,0,166,0.0
tier3,2018,56,12345,121,M+KD+S+V+MP,1.0,1,236,0.0
tier3,2018,56,12345,122,L+KD+S+V+MP,0.1339,1,186,0.75012921
tier3,2018,56,12345,123,M+L+KD+S+V+MP,1.0,1,256,0.0
tier3,2018,56,12345,124,C+KD+S+V+MP,0.7319,1,197,0.07187761000000001
tier3,2018,56,12345,125,M+C+KD+S+V+MP,1.0,1,267,0.0
tier3,2018,56,12345,126,L+C+KD+S+V+MP,0.9846,1,217,0.00023715999999999906
tier3,2018,56,12345,127,M+L+C+KD+S+V+MP,1.0,1,287,0.0
tier3,2018,56,12345,128,SD,0.0,0,62,0.0
tier3,2018,56,12345,129,M+SD,0.0154,0,132,0.00023716
tier3,2018,56,12345,130,L+SD,0.0,0,82,0.0
tier3,2018,56,12345,131,M+L+SD,0.2681,0,152,0.07187761000000001
tier3,2018,56,12345,132,C+SD,0.0,0,93,0.0
tier3,2018,56,12345,133,M+C+SD,0.8661,0,163,0.75012921
tier3,2018,56,12345,134,L+C+SD,0.0,0,113,0.0
tier3,2018,56,12345,135,M+L+C+SD,1.0,1,183,0.0
tier3,2018,56,12345,136,KD+SD,0.0,0,84,0.0
tier3,2018,56,12345,137,M+KD+SD,0.017,0,154,0.00028900000000000003
tier3,2018,56,12345,138,L+KD+SD,0.0,0,104,0.0
tier3,2018,56,12345,139,M+L+KD+SD,0.2932,0,174,0.08596624000000001
tier3,2018,56,12345,140,C+KD+SD,0.0,0,115,0.0
tier3,2018,56,12345,141,M+C+KD+SD,0.88785,1,185,0.012577622499999993
tier3,2018,56,12345,142,L+C+KD+SD,0.0,0,135,0.0
tier3,2018,56,12345,143,M+L+C+KD+SD,1.0,1,205,0.0
tier3,2018,56,12345,144,S+SD,0.27335,0,162,0.07472022249999999
tier3,2018,56,12345,145,M+S+SD,1.0,1,232,0.0
tier3,2018,56,12345,146,L+S+SD,0.94215,1,182,0.003346622499999995
tier3,2018,56,12345,147,M+L+S+SD,1.0,1,252,0.0
tier3,2018,56,12345,148,C+S+SD,1.0,1,193,0.0
tier3,2018,56,12345,149,M+C+S+SD,1.0,1,263,0.0
tier3,2018,56,12345,150,L+C+S+SD,1.0,1,213,0.0
tier3,2018,56,12345,151,M+L+C+S+SD,1.0,1,283,0.0
tier3,2018,56,12345,152,KD+S+SD,0.2964,1,184,0.49505296
tier3,2018,56,12345,153,M+KD+S+SD,1.0,1,254,0.0
tier3,2018,56,12345,154,L+KD+S+SD,0.94845,1,204,0.0026574024999999986
tier3,2018,56,12345,155,M+L+KD+S+SD,1.0,1,274,0.0
tier3,2018,56,12345,156,C+KD+S+SD,1.0,1,215,0.0
tier3,2018,56,12345,157,M+C+KD+S+SD,1.0,1,285,0.0
tier3,2018,56,12345,158,L+C+KD+S+SD,1.0,1,235,0.0
tier3,2018,56,12345,159,M+L+C+KD+S+SD,1.0,1,305,0.0
tier3,2018,56,12345,160,V+SD,0.0,0,90,0.0
tier3,2018,56,12345,161,M+V+SD,0.77665,0,160,0.6031852225
tier3,2018,56,12345,162,L+V+SD,0.0,0,110,0.0
tier3,2018,56,12345,163,M+L+V+SD,1.0,1,180,0.0
tier3,2018,56,12345,164,C+V+SD,0.00015,0,121,2.2499999999999996e-08
tier3,2018,56,12345,165,M+C+V+SD,1.0,1,191,0.0
tier3,2018,56,12345,166,L+C+V+SD,0.1595,0,141,0.02544025
tier3,2018,56,12345,167,M+L+C+V+SD,1.0,1,211,0.0
tier3,2018,56,12345,168,KD+V+SD,0.0,0,112,0.0
tier3,2018,56,12345,169,M+KD+V+SD,0.79035,1,182,0.043953122500000004
tier3,2018,56,12345,170,L+KD+V+SD,0.0,0,132,0.0
tier3,2018,56,12345,171,M+L+KD+V+SD,1.0,1,202,0.0
tier3,2018,56,12345,172,C+KD+V+SD,0.0002,0,143,4e-08
tier3,2018,56,12345,173,M+C+KD+V+SD,1.0,1,213,0.0
tier3,2018,56,12345,174,L+C+KD+V+SD,0.1741,0,163,0.03031081
tier3,2018,56,12345,175,M+L+C+KD+V+SD,1.0,1,233,0.0
tier3,2018,56,12345,176,S+V+SD,1.0,1,190,0.0
tier3,2018,56,12345,177,M+S+V+SD,1.0,1,260,0.0
tier3,2018,56,12345,178,L+S+V+SD,1.0,1,210,0.0
tier3,2018,56,12345,179,M+L+S+V+SD,1.0,1,280,0.0
tier3,2018,56,12345,180,C+S+V+SD,1.0,1,221,0.0
tier3,2018,56,12345,181,M+C+S+V+SD,1.0,1,291,0.0
tier3,2018,56,12345,182,L+C+S+V+SD,1.0,1,241,0.0
tier3,2018,56,12345,183,M+L+C+S+V+SD,1.0,1,311,0.0
tier3,2018,56,12345,184,KD+S+V+SD,1.0,1,212,0.0
tier3,2018,56,12345,185,M+KD+S+V+SD,1.0,1,282,0.0
tier3,2018,56,12345,186,L+KD+S+V+SD,1.0,1,232,0.0
tier3,2018,56,12345,187,M+L+KD+S+V+SD,1.0,1,302,0.0
tier3,2018,56,12345,188,C+KD+S+V+SD,1.0,1,243,0.0
tier3,2018,56,12345,189,M+C+KD+S+V+SD,1.0,1,313,0.0
tier3,2018,56,12345,190,L+C+KD+S+V+SD,1.0,1,263,0.0
tier3,2018,56,12345,191,M+L+C+KD+S+V+SD,1.0,1,333,0.0
tier3,2018,56,12345,192,MP+SD,0.0,0,78,0.0
tier3,2018,56,12345,193,M+MP+SD,0.13725,0,148,0.018837562500000002
tier3,2018,56,12345,194,L+MP+SD,0.0,0,98,0.0
tier3,2018,56,12345,195,M+L+MP+SD,0.9468,0,168,0.8964302399999999
tier3,2018,56,12345,196,C+MP+SD,0.0,0,109,0.0
tier3,2018,56,12345,197,M+C+MP+SD,1.0,1,179,0.0
tier3,2018,56,12345,198,L+C+MP+SD,0.0013,0,129,1.69e-06
tier3,2018,56,12345,199,M+L+C+MP+SD,1.0,1,199,0.0
tier3,2018,56,12345,200,KD+MP+SD,0.0,0,100,0.0
tier3,2018,56,12345,201,M+KD+MP+SD,0.154,0,170,0.023716
tier3,2018,56,12345,202,L+KD+MP+SD,0.0,0,120,0.0
tier3,2018,56,12345,203,M+L+KD+MP+SD,0.9622,1,190,0.001428839999999996
tier3,2018,56,12345,204,C+KD+MP+SD,0.0,0,131,0.0
tier3,2018,56,12345,205,M+C+KD+MP+SD,1.0,1,201,0.0
tier3,2018,56,12345,206,L+C+KD+MP+SD,0.0013,0,151,1.69e-06
tier3,2018,56,12345,207,M+L+C+KD+MP+SD,1.0,1,221,0.0
tier3,2018,56,12345,208,S+MP+SD,0.9429,1,178,0.0032604100000000044
tier3,2018,56,12345,209,M+S+MP+SD,1.0,1,248,0.0
tier3,2018,56,12345,210,L+S+MP+SD,1.0,1,198,0.0
tier3,2018,56,12345,211,M+L+S+MP+SD,1.0,1,268,0.0
tier3,2018,56,12345,212,C+S+MP+SD,1.0,1,209,0.0
tier3,2018,56,12345,213,M+C+S+MP+SD,1.0,1,279,0.0
tier3,2018,56,12345,214,L+C+S+MP+SD,1.0,1,229,0.0
tier3,2018,56,12345,215,M+L+C+S+MP+SD,1.0,1,299,0.0
tier3,2018,56,12345,216,KD+S+MP+SD,0.95955,1,200,0.0016362024999999989
tier3,2018,56,12345,217,M+KD+S+MP+SD,1.0,1,270,0.0
tier3,2018,56,12345,218,L+KD+S+MP+SD,1.0,1,220,0.0
tier3,2018,56,12345,219,M+L+KD+S+MP+SD,1.0,1,290,0.0
tier3,2018,56,12345,220,C+KD+S+MP+SD,1.0,1,231,0.0
tier3,2018,56,12345,221,M+C+KD+S+MP+SD,1.0,1,301,0.0
tier3,2018,56,12345,222,L+C+KD+S+MP+SD,1.0,1,251,0.0
tier3,2018,56,12345,223,M+L+C+KD+S+MP+SD,1.0,1,321,0.0
tier3,2018,56,12345,224,V+MP+SD,0.0,0,106,0.0
tier3,2018,56,12345,225,M+V+MP+SD,0.99995,1,176,2.499999999999449e-09
tier3,2018,56,12345,226,L+V+MP+SD,0.0,0,126,0.0
tier3,2018,56,12345,227,M+L+V+MP+SD,1.0,1,196,0.0
tier3,2018,56,12345,228,C+V+MP+SD,0.09135,0,137,0.0083448225
tier3,2018,56,12345,229,M+C+V+MP+SD,1.0,1,207,0.0
tier3,2018,56,12345,230,L+C+V+MP+SD,0.80805,0,157,0.6529448025000001
tier3,2018,56,12345,231,M+L+C+V+MP+SD,1.0,1,227,0.0
tier3,2018,56,12345,232,KD+V+MP+SD,0.0,0,128,0.0
tier3,2018,56,12345,233,M+KD+V+MP+SD,1.0,1,198,0.0
tier3,2018,56,12345,234,L+KD+V+MP+SD,0.0,0,148,0.0
tier3,2018,56,12345,235,M+L+KD+V+MP+SD,1.0,1,218,0.0
tier3,2018,56,12345,236,C+KD+V+MP+SD,0.0983,0,159,0.00966289
tier3,2018,56,12345,237,M+C+KD+V+MP+SD,1.0,1,229,0.0
tier3,2018,56,12345,238,L+C+KD+V+MP+SD,0.83405,1,179,0.027539402500000015
tier3,2018,56,12345,239,M+L+C+KD+V+MP+SD,1.0,1,249,0.0
tier3,2018,56,12345,240,S+V+MP+SD,1.0,1,206,0.0
tier3,2018,56,12345,241,M+S+V+MP+SD,1.0,1,276,0.0
tier3,2018,56,12345,242,L+S+V+MP+SD,1.0,1,226,0.0
tier3,2018,56,12345,243,M+L+S+V+MP+SD,1.0,1,296,0.0
tier3,2018,56,12345,244,C+S+V+MP+SD,1.0,1,237,0.0
tier3,2018,56,12345,245,M+C+S+V+MP+SD,1.0,1,307,0.0
tier3,2018,56,12345,246,L+C+S+V+MP+SD,1.0,1,257,0.0
tier3,2018,56,12345,247,M+L+C+S+V+MP+SD,1.0,1,327,0.0
tier3,2018,56,12345,248,KD+S+V+MP+SD,1.0,1,228,0.0
tier3,2018,56,12345,249,M+KD+S+V+MP+SD,1.0,1,298,0.0
tier3,2018,56,12345,250,L+KD+S+V+MP+SD,1.0,1,248,0.0
tier3,2018,56,12345,251,M+L+KD+S+V+MP+SD,1.0,1,318,0.0
tier3,2018,56,12345,252,C+KD+S+V+MP+SD,1.0,1,259,0.0
tier3,2018,56,12345,253,M+C+KD+S+V+MP+SD,1.0,1,329,0.0
tier3,2018,56,12345,254,L+C+KD+S+V+MP+SD,1.0,1,279,0.0
tier3,2018,56,24680,1,M,0.0,0,70,0.0
tier3,2018,56,24680,2,L,0.0,0,20,0.0
tier3,2018,56,24680,3,M+L,0.0,0,90,0.0
tier3,2018,56,24680,4,C,0.0,0,31,0.0
tier3,2018,56,24680,5,M+C,0.0,0,101,0.0
tier3,2018,56,24680,6,L+C,0.0,0,51,0.0
tier3,2018,56,24680,7,M+L+C,0.0,0,121,0.0
tier3,2018,56,24680,8,KD,0.0,0,22,0.0
tier3,2018,56,24680,9,M+KD,0.0,0,92,0.0
tier3,2018,56,24680,10,L+KD,0.0,0,42,0.0
tier3,2018,56,24680,11,M+L+KD,0.0,0,112,0.0
tier3,2018,56,24680,12,C+KD,0.0,0,53,0.0
tier3,2018,56,24680,13,M+C+KD,0.0,0,123,0.0
tier3,2018,56,24680,14,L+C+KD,0.0,0,73,0.0
tier3,2018,56,24680,15,M+L+C+KD,0.0,0,143,0.0
tier3,2018,56,24680,16,S,0.0,0,100,0.0
tier3,2018,56,24680,17,M+S,0.1642,0,170,0.026961640000000005
tier3,2018,56,24680,18,L+S,0.0,0,120,0.0
tier3,2018,56,24680,19,M+L+S,0.9017,1,190,0.00966289000000001
tier3,2018,56,24680,20,C+S,0.0,0,131,0.0
tier3,2018,56,24680,21,M+C+S,1.0,1,201,0.0
tier3,2018,56,24680,22,L+C+S,5e-05,0,151,2.5e-09
tier3,2018,56,24680,23,M+L+C+S,1.0,1,221,0.0
tier3,2018,56,24680,24,KD+S,0.0,0,122,0.0
tier3,2018,56,24680,25,M+KD+S,0.1858,1,192,0.6629216400000001
tier3,2018,56,24680,26,L+KD+S,0.0,0,142,0.0
tier3,2018,56,24680,27,M+L+KD+S,0.9077,1,212,0.00851929000000001
tier3,2018,56,24680,28,C+KD+S,0.0,0,153,0.0
tier3,2018,56,24680,29,M+C+KD+S,1.0,1,223,0.0
tier3,2018,56,24680,30,L+C+KD+S,5e-05,0,173,2.5e-09
tier3,2018,56,24680,31,M+L+C+KD+S,1.0,1,243,0.0
tier3,2018,56,24680,32,V,0.0,0,28,0.0
tier3,2018,56,24680,33,M+V,0.0,0,98,0.0
tier3,2018,56,24680,34,L+V,0.0,0,48,0.0
tier3,2018,56,24680,35,M+L+V,0.0,0,118,0.0
tier3,2018,56,24680,36,C+V,0.0,0,59,0.0
tier3,2018,56,24680,37,M+C+V,5e-05,0,129,2.5e-09
tier3,2018,56,24680,38,L+C+V,0.0,0,79,0.0
tier3,2018,56,24680,39,M+L+C+V,0.03745,0,149,0.0014025024999999999
tier3,2018,56,24680,40,KD+V,0.0,0,50,0.0
tier3,2018,56,24680,41,M+KD+V,0.0,0,120,0.0
tier3,2018,56,24680,42,L+KD+V,0.0,0,70,0.0
tier3,2018,56,24680,43,M+L+KD+V,0.0,0,140,0.0
tier3,2018,56,24680,44,C+KD+V,0.0,0,81,0.0
tier3,2018,56,24680,45,M+C+KD+V,5e-05,0,151,2.5e-09
tier3,2018,56,24680,46,L+C+KD+V,0.0,0,101,0.0
tier3,2018,56,24680,47,M+L+C+KD+V,0.05215,0,171,0.0027196225000000003
tier3,2018,56,24680,48,S+V,0.0,0,128,0.0
tier3,2018,56,24680,49,M+S+V,0.99945,1,198,3.025000000000555e-07
tier3,2018,56,24680,50,L+S+V,0.0,0,148,0.0
tier3,2018,56,24680,51,M+L+S+V,1.0,1,218,0.0
tier3,2018,56,24680,52,C+S+V,0.03835,0,159,0.0014707225000000002
tier3,2018,56,24680,53,M+C+S+V,1.0,1,229,0.0
tier3,2018,56,24680,54,L+C+S+V,0.8472,1,179,0.023347840000000016
tier3,2018,56,24680,55,M+L+C+S+V,1.0,1,249,0.0
tier3,2018,56,24680,56,KD+S+V,0.0,0,150,0.0
tier3,2018,56,24680,57,M+KD+S+V,0.99945,1,220,3.025000000000555e-07
tier3,2018,56,24680,58,L+KD+S+V,0.0,0,170,0.0
tier3,2018,56,24680,59,M+L+KD+S+V,1.0,1,240,0.0
tier3,2018,56,24680,60,C+KD+S+V,0.05085,1,181,0.9008857225000001
tier3,2018,56,24680,61,M+C+KD+S+V,1.0,1,251,0.0
tier3,2018,56,24680,62,L+C+KD+S+V,0.8612,1,201,0.01926544000000001
tier3,2018,56,24680,63,M+L+C+KD+S+V,1.0,1,271,0.0
tier3,2018,56,24680,64,MP,0.0,0,16,0.0
tier3,2018,56,24680,65,M+MP,0.0,0,86,0.0
tier3,2018,56,24680,66,L+MP,0.0,0,36,0.0
tier3,2018,56,24680,67,M+L+MP,0.0,0,106,0.0
tier3,2018,56,24680,68,C+MP,0.0,0,47,0.0
tier3,2018,56,24680,69,M+C+MP,0.0,0,117,0.0
tier3,2018,56,24680,70,L+C+MP,0.0,0,67,0.0
tier3,2018,56,24680,71,M+L+C+MP,0.0,0,137,0.0
tier3,2018,56,24680,72,KD+MP,0.0,0,38,0.0
tier3,2018,56,24680,73,M+KD+MP,0.0,0,108,0.0
tier3,2018,56,24680,74,L+KD+MP,0.0,0,58,0.0
tier3,2018,56,24680,75,M+L+KD+MP,0.0,0,128,0.0
tier3,2018,56,24680,76,C+KD+MP,0.0,0,69,0.0
tier3,2018,56,24680,77,M+C+KD+MP,0.0,0,139,0.0
tier3,2018,56,24680,78,L+C+KD+MP,0.0,0,89,0.0
tier3,2018,56,24680,79,M+L+C+KD+MP,0.0,0,159,0.0
tier3,2018,56,24680,80,S+MP,0.0,0,116,0.0
tier3,2018,56,24680,81,M+S+MP,0.82915,1,186,0.02918972249999998
tier3,2018,56,24680,82,L+S+MP,0.0,0,136,0.0
tier3,2018,56,24680,83,M+L+S+MP,0.9998,1,206,3.9999999999991186e-08
tier3,2018,56,24680,84,C+S+MP,0.0,0,147,0.0
tier3,2018,56,24680,85,M+C+S+MP,1.0,1,217,0.0
tier3,2018,56,24680,86,L+C+S+MP,0.21255,0,167,0.045177502499999994
tier3,2018,56,24680,87,M+L+C+S+MP,1.0,1,237,0.0
tier3,2018,56,24680,88,KD+S+MP,0.0,0,138,0.0
tier3,2018,56,24680,89,M+KD+S+MP,0.84285,1,208,0.024696122500000004
tier3,2018,56,24680,90,L+KD+S+MP,0.0,0,158,0.0
tier3,2018,56,24680,91,M+L+KD+S+MP,0.9998,1,228,3.9999999999991186e-08
tier3,2018,56,24680,92,C+KD+S+MP,0.0,0,169,0.0
tier3,2018,56,24680,93,M+C+KD+S+MP,1.0,1,239,0.0
tier3,2018,56,24680,94,L+C+KD+S+MP,0.22295,1,189,0.6038067025
tier3,2018,56,24680,95,M+L+C+KD+S+MP,1.0,1,259,0.0
tier3,2018,56,24680,96,V+MP,0.0,0,44,0.0
tier3,2018,56,24680,97,M+V+MP,0.0,0,114,0.0
tier3,2018,56,24680,98,L+V+MP,0.0,0,64,0.0
tier3,2018,56,24680,99,M+L+V+MP,0.0,0,134,0.0
tier3,2018,56,24680,100,C+V+MP,0.0,0,75,0.0
tier3,2018,56,24680,101,M+C+V+MP,0.0551,0,145,0.0030360100000000004
tier3,2018,56,24680,102,L+C+V+MP,0.0,0,95,0.0
tier3,2018,56,24680,103,M+L+C+V+MP,0.7057,0,165,0.49801249
tier3,2018,56,24680,104,KD+V+MP,0.0,0,66,0.0
tier3,2018,56,24680,105,M+KD+V+MP,0.0,0,136,0.0
tier3,2018,56,24680,106,L+KD+V+MP,0.0,0,86,0.0
tier3,2018,56,24680,107,M+L+KD+V+MP,0.0,0,156,0.0
tier3,2018,56,24680,108,C+KD+V+MP,0.0,0,97,0.0
tier3,2018,56,24680,109,M+C+KD+V+MP,0.0608,0,167,0.00369664
tier3,2018,56,24680,110,L+C+KD+V+MP,0.0,0,117,0.0
tier3,2018,56,24680,111,M+L+C+KD+V+MP,0.7255,1,187,0.07535024999999998
tier3,2018,56,24680,112,S+V+MP,0.0,0,144,0.0
tier3,2018,56,24680,113,M+S+V+MP,1.0,1,214,0.0
tier3,2018,56,24680,114,L+S+V+MP,0.11395,0,164,0.0129846025
tier3,2018,56,24680,115,M+L+S+V+MP,1.0,1,234,0.0
tier3,2018,56,24680,116,C+S+V+MP,0.7125,1,175,0.08265624999999999
tier3,2018,56,24680,117,M+C+S+V+MP,1.0,1,245,0.0
tier3,2018,56,24680,118,L+C+S+V+MP,0.9834,1,195,0.00027555999999999826
tier3,2018,56,24680,119,M+L+C+S+V+MP,1.0,1,265,0.0
tier3,2018,56,24680,120,KD+S+V+MP,0.0,0,166,0.0
tier3,2018,56,24680,121,M+KD+S+V+MP,1.0,1,236,0.0
tier3,2018,56,24680,122,L+KD+S+V+MP,0.1326,1,186,0.7523827599999999
tier3,2018,56,24680,123,M+L+KD+S+V+MP,1.0,1,256,0.0
tier3,2018,56,24680,124,C+KD+S+V+MP,0.73595,1,197,0.0697224025
tier3,2018,56,24680,125,M+C+KD+S+V+MP,1.0,1,267,0.0
tier3,2018,56,24680,126,L+C+KD+S+V+MP,0.9847,1,217,0.0002340899999999994
tier3,2018,56,24680,127,M+L+C+KD+S+V+MP,1.0,1,287,0.0
tier3,2018,56,24680,128,SD,0.0,0,62,0.0
tier3,2018,56,24680,129,M+SD,0.0153,0,132,0.00023408999999999998
tier3,2018,56,24680,130,L+SD,0.0,0,82,0.0
tier3,2018,56,24680,131,M+L+SD,0.26405,0,152,0.0697224025
tier3,2018,56,24680,132,C+SD,0.0,0,93,0.0
tier3,2018,56,24680,133,M+C+SD,0.8674,0,163,0.7523827599999999
tier3,2018,56,24680,134,L+C+SD,0.0,0,113,0.0
tier3,2018,56,24680,135,M+L+C+SD,1.0,1,183,0.0
tier3,2018,56,24680,136,KD+SD,0.0,0,84,0.0
tier3,2018,56,24680,137,M+KD+SD,0.0166,0,154,0.00027556
tier3,2018,56,24680,138,L+KD+SD,0.0,0,104,0.0
tier3,2018,56,24680,139,M+L+KD+SD,0.2875,0,174,0.08265624999999999
tier3,2018,56,24680,140,C+KD+SD,0.0,0,115,0.0
tier3,2018,56,24680,141,M+C+KD+SD,0.88605,1,185,0.0129846025
tier3,2018,56,24680,142,L+C+KD+SD,0.0,0,135,0.0
tier3,2018,56,24680,143,M+L+C+KD+SD,1.0,1,205,0.0
tier3,2018,56,24680,144,S+SD,0.2745,0,162,0.07535025000000001
tier3,2018,56,24680,145,M+S+SD,1.0,1,232,0.0
tier3,2018,56,24680,146,L+S+SD,0.9392,1,182,0.003696639999999996
tier3,2018,56,24680,147,M+L+S+SD,1.0,1,252,0.0
tier3,2018,56,24680,148,C+S+SD,1.0,1,193,0.0
tier3,2018,56,24680,149,M+C+S+SD,1.0,1,263,0.0
tier3,2018,56,24680,150,L+C+S+SD,1.0,1,213,0.0
tier3,2018,56,24680,151,M+L+C+S+SD,1.0,1,283,0.0
tier3,2018,56,24680,152,KD+S+SD,0.2943,1,184,0.49801249
tier3,2018,56,24680,153,M+KD+S+SD,1.0,1,254,0.0
tier3,2018,56,24680,154,L+KD+S+SD,0.9449,1,204,0.0030360100000000043
tier3,2018,56,24680,155,M+L+KD+S+SD,1.0,1,274,0.0
tier3,2018,56,24680,156,C+KD+S+SD,1.0,1,215,0.0
tier3,2018,56,24680,157,M+C+KD+S+SD,1.0,1,285,0.0
tier3,2018,56,24680,158,L+C+KD+S+SD,1.0,1,235,0.0
tier3,2018,56,24680,159,M+L+C+KD+S+SD,1.0,1,305,0.0
tier3,2018,56,24680,160,V+SD,0.0,0,90,0.0
tier3,2018,56,24680,161,M+V+SD,0.77705,0,160,0.6038067025
tier3,2018,56,24680,162,L+V+SD,0.0,0,110,0.0
tier3,2018,56,24680,163,M+L+V+SD,1.0,1,180,0.0
tier3,2018,56,24680,164,C+V+SD,0.0002,0,121,4e-08
tier3,2018,56,24680,165,M+C+V+SD,1.0,1,191,0.0
tier3,2018,56,24680,166,L+C+V+SD,0.15715,0,141,0.024696122500000004
tier3,2018,56,24680,167,M+L+C+V+SD,1.0,1,211,0.0
tier3,2018,56,24680,168,KD+V+SD,0.0,0,112,0.0
tier3,2018,56,24680,169,M+KD+V+SD,0.78745,1,182,0.04517750250000001
tier3,2018,56,24680,170,L+KD+V+SD,0.0,0,132,0.0
tier3,2018,56,24680,171,M+L+KD+V+SD,1.0,1,202,0.0
tier3,2018,56,24680,172,C+KD+V+SD,0.0002,0,143,4e-08
tier3,2018,56,24680,173,M+C+KD+V+SD,1.0,1,213,0.0
tier3,2018,56,24680,174,L+C+KD+V+SD,0.17085,0,163,0.0291897225
tier3,2018,56,24680,175,M+L+C+KD+V+SD,1.0,1,233,0.0
tier3,2018,56,24680,176,S+V+SD,1.0,1,190,0.0
tier3,2018,56,24680,177,M+S+V+SD,1.0,1,260,0.0
tier3,2018,56,24680,178,L+S+V+SD,1.0,1,210,0.0
tier3,2018,56,24680,179,M+L+S+V+SD,1.0,1,280,0.0
tier3,2018,56,24680,180,C+S+V+SD,1.0,1,221,0.0
tier3,2018,56,24680,181,M+C+S+V+SD,1.0,1,291,0.0
tier3,2018,56,24680,182,L+C+S+V+SD,1.0,1,241,0.0
tier3,2018,56,24680,183,M+L+C+S+V+SD,1.0,1,311,0.0
tier3,2018,56,24680,184,KD+S+V+SD,1.0,1,212,0.0
tier3,2018,56,24680,185,M+KD+S+V+SD,1.0,1,282,0.0
tier3,2018,56,24680,186,L+KD+S+V+SD,1.0,1,232,0.0
tier3,2018,56,24680,187,M+L+KD+S+V+SD,1.0,1,302,0.0
tier3,2018,56,24680,188,C+KD+S+V+SD,1.0,1,243,0.0
tier3,2018,56,24680,189,M+C+KD+S+V+SD,1.0,1,313,0.0
tier3,2018,56,24680,190,L+C+KD+S+V+SD,1.0,1,263,0.0
tier3,2018,56,24680,191,M+L+C+KD+S+V+SD,1.0,1,333,0.0
tier3,2018,56,24680,192,MP+SD,0.0,0,78,0.0
tier3,2018,56,24680,193,M+MP+SD,0.1388,0,148,0.01926544
tier3,2018,56,24680,194,L+MP+SD,0.0,0,98,0.0
tier3,2018,56,24680,195,M+L+MP+SD,0.94915,0,168,0.9008857225000001
tier3,2018,56,24680,196,C+MP+SD,0.0,0,109,0.0
tier3,2018,56,24680,197,M+C+MP+SD,1.0,1,179,0.0
tier3,2018,56,24680,198,L+C+MP+SD,0.00055,0,129,3.025e-07
tier3,2018,56,24680,199,M+L+C+MP+SD,1.0,1,199,0.0
tier3,2018,56,24680,200,KD+MP+SD,0.0,0,100,0.0
tier3,2018,56,24680,201,M+KD+MP+SD,0.1528,0,170,0.023347839999999998
tier3,2018,56,24680,202,L+KD+MP+SD,0.0,0,120,0.0
tier3,2018,56,24680,203,M+L+KD+MP+SD,0.96165,1,190,0.0014707224999999996
tier3,2018,56,24680,204,C+KD+MP+SD,0.0,0,131,0.0
tier3,2018,56,24680,205,M+C+KD+MP+SD,1.0,1,201,0.0
tier3,2018,56,24680,206,L+C+KD+MP+SD,0.00055,0,151,3.025e-07
tier3,2018,56,24680,207,M+L+C+KD+MP+SD,1.0,1,221,0.0
tier3,2018,56,24680,208,S+MP+SD,0.94785,1,178,0.0027196225000000033
tier3,2018,56,24680,209,M+S+MP+SD,1.0,1,248,0.0
tier3,2018,56,24680,210,L+S+MP+SD,0.99995,1,198,2.499999999999449e-09
tier3,2018,56,24680,211,M+L+S+MP+SD,1.0,1,268,0.0
tier3,2018,56,24680,212,C+S+MP+SD,1.0,1,209,0.0
tier3,2018,56,24680,213,M+C+S+MP+SD,1.0,1,279,0.0
tier3,2018,56,24680,214,L+C+S+MP+SD,1.0,1,229,0.0
tier3,2018,56,24680,215,M+L+C+S+MP+SD,1.0,1,299,0.0
tier3,2018,56,24680,216,KD+S+MP+SD,0.96255,1,200,0.0014025024999999988
tier3,2018,56,24680,217,M+KD+S+MP+SD,1.0,1,270,0.0
tier3,2018,56,24680,218,L+KD+S+MP+SD,0.99995,1,220,2.499999999999449e-09
tier3,2018,56,24680,219,M+L+KD+S+MP+SD,1.0,1,290,0.0
tier3,2018,56,24680,220,C+KD+S+MP+SD,1.0,1,231,0.0
tier3,2018,56,24680,221,M+C+KD+S+MP+SD,1.0,1,301,0.0
tier3,2018,56,24680,222,L+C+KD+S+MP+SD,1.0,1,251,0.0
tier3,2018,56,24680,223,M+L+C+KD+S+MP+SD,1.0,1,321,0.0
tier3,2018,56,24680,224,V+MP+SD,0.0,0,106,0.0
tier3,2018,56,24680,225,M+V+MP+SD,0.99995,1,176,2.499999999999449e-09
tier3,2018,56,24680,226,L+V+MP+SD,0.0,0,126,0.0
tier3,2018,56,24680,227,M+L+V+MP+SD,1.0,1,196,0.0
tier3,2018,56,24680,228,C+V+MP+SD,0.0923,0,137,0.008519289999999999
tier3,2018,56,24680,229,M+C+V+MP+SD,1.0,1,207,0.0
tier3,2018,56,24680,230,L+C+V+MP+SD,0.8142,0,157,0.6629216400000001
tier3,2018,56,24680,231,M+L+C+V+MP+SD,1.0,1,227,0.0
tier3,2018,56,24680,232,KD+V+MP+SD,0.0,0,128,0.0
tier3,2018,56,24680,233,M+KD+V+MP+SD,0.99995,1,198,2.499999999999449e-09
tier3,2018,56,24680,234,L+KD+V+MP+SD,0.0,0,148,0.0
tier3,2018,56,24680,235,M+L+KD+V+MP+SD,1.0,1,218,0.0
tier3,2018,56,24680,236,C+KD+V+MP+SD,0.0983,0,159,0.00966289
tier3,2018,56,24680,237,M+C+KD+V+MP+SD,1.0,1,229,0.0
tier3,2018,56,24680,238,L+C+KD+V+MP+SD,0.8358,1,179,0.026961640000000005
tier3,2018,56,24680,239,M+L+C+KD+V+MP+SD,1.0,1,249,0.0
tier3,2018,56,24680,240,S+V+MP+SD,1.0,1,206,0.0
tier3,2018,56,24680,241,M+S+V+MP+SD,1.0,1,276,0.0
tier3,2018,56,24680,242,L+S+V+MP+SD,1.0,1,226,0.0
tier3,2018,56,24680,243,M+L+S+V+MP+SD,1.0,1,296,0.0
tier3,2018,56,24680,244,C+S+V+MP+SD,1.0,1,237,0.0
tier3,2018,56,24680,245,M+C+S+V+MP+SD,1.0,1,307,0.0
tier3,2018,56,24680,246,L+C+S+V+MP+SD,1.0,1,257,0.0
tier3,2018,56,24680,247,M+L+C+S+V+MP+SD,1.0,1,327,0.0
tier3,2018,56,24680,248,KD+S+V+MP+SD,1.0,1,228,0.0
tier3,2018,56,24680,249,M+KD+S+V+MP+SD,1.0,1,298,0.0
tier3,2018,56,24680,250,L+KD+S+V+MP+SD,1.0,1,248,0.0
tier3,2018,56,24680,251,M+L+KD+S+V+MP+SD,1.0,1,318,0.0
tier3,2018,56,24680,252,C+KD+S+V+MP+SD,1.0,1,259,0.0
tier3,2018,56,24680,253,M+C+KD+S+V+MP+SD,1.0,1,329,0.0
tier3,2018,56,24680,254,L+C+KD+S+V+MP+SD,1.0,1,279,0.0
tier3,2018,56,98765,1,M,0.0,0,70,0.0
tier3,2018,56,98765,2,L,0.0,0,20,0.0
tier3,2018,56,98765,3,M+L,0.0,0,90,0.0
tier3,2018,56,98765,4,C,0.0,0,31,0.0
tier3,2018,56,98765,5,M+C,0.0,0,101,0.0
tier3,2018,56,98765,6,L+C,0.0,0,51,0.0
tier3,2018,56,98765,7,M+L+C,0.0,0,121,0.0
tier3,2018,56,98765,8,KD,0.0,0,22,0.0
tier3,2018,56,98765,9,M+KD,0.0,0,92,0.0
tier3,2018,56,98765,10,L+KD,0.0,0,42,0.0
tier3,2018,56,98765,11,M+L+KD,0.0,0,112,0.0
tier3,2018,56,98765,12,C+KD,0.0,0,53,0.0
tier3,2018,56,98765,13,M+C+KD,0.0,0,123,0.0
tier3,2018,56,98765,14,L+C+KD,0.0,0,73,0.0
tier3,2018,56,98765,15,M+L+C+KD,0.0,0,143,0.0
tier3,2018,56,98765,16,S,0.0,0,100,0.0
tier3,2018,56,98765,17,M+S,0.16695,0,170,0.027872302499999994
tier3,2018,56,98765,18,L+S,0.0,0,120,0.0
tier3,2018,56,98765,19,M+L+S,0.89965,1,190,0.010070122500000011
tier3,2018,56,98765,20,C+S,0.0,0,131,0.0
tier3,2018,56,98765,21,M+C+S,1.0,1,201,0.0
tier3,2018,56,98765,22,L+C+S,0.0,0,151,0.0
tier3,2018,56,98765,23,M+L+C+S,1.0,1,221,0.0
tier3,2018,56,98765,24,KD+S,0.0,0,122,0.0
tier3,2018,56,98765,25,M+KD+S,0.1896,1,192,0.65674816
tier3,2018,56,98765,26,L+KD+S,0.0,0,142,0.0
tier3,2018,56,98765,27,M+L+KD+S,0.907,1,212,0.008648999999999995
tier3,2018,56,98765,28,C+KD+S,0.0,0,153,0.0
tier3,2018,56,98765,29,M+C+KD+S,1.0,1,223,0.0
tier3,2018,56,98765,30,L+C+KD+S,5e-05,0,173,2.5e-09
tier3,2018,56,98765,31,M+L+C+KD+S,1.0,1,243,0.0
tier3,2018,56,98765,32,V,0.0,0,28,0.0
tier3,2018,56,98765,33,M+V,0.0,0,98,0.0
tier3,2018,56,98765,34,L+V,0.0,0,48,0.0
tier3,2018,56,98765,35,M+L+V,0.0,0,118,0.0
tier3,2018,56,98765,36,C+V,0.0,0,59,0.0
tier3,2018,56,98765,37,M+C+V,0.0,0,129,0.0
tier3,2018,56,98765,38,L+C+V,0.0,0,79,0.0
tier3,2018,56,98765,39,M+L+C+V,0.03825,0,149,0.0014630625
tier3,2018,56,98765,40,KD+V,0.0,0,50,0.0
tier3,2018,56,98765,41,M+KD+V,0.0,0,120,0.0
tier3,2018,56,98765,42,L+KD+V,0.0,0,70,0.0
tier3,2018,56,98765,43,M+L+KD+V,0.0,0,140,0.0
tier3,2018,56,98765,44,C+KD+V,0.0,0,81,0.0
tier3,2018,56,98765,45,M+C+KD+V,0.0,0,151,0.0
tier3,2018,56,98765,46,L+C+KD+V,0.0,0,101,0.0
tier3,2018,56,98765,47,M+L+C+KD+V,0.05355,0,171,0.0028676025
tier3,2018,56,98765,48,S+V,0.0,0,128,0.0
tier3,2018,56,98765,49,M+S+V,0.99925,1,198,5.625000000000427e-07
tier3,2018,56,98765,50,L+S+V,0.0,0,148,0.0
tier3,2018,56,98765,51,M+L+S+V,1.0,1,218,0.0
tier3,2018,56,98765,52,C+S+V,0.0373,0,159,0.0013912899999999999
tier3,2018,56,98765,53,M+C+S+V,1.0,1,229,0.0
tier3,2018,56,98765,54,L+C+S+V,0.84725,1,179,0.023332562500000015
tier3,2018,56,98765,55,M+L+C+S+V,1.0,1,249,0.0
tier3,2018,56,98765,56,KD+S+V,0.0,0,150,0.0
tier3,2018,56,98765,57,M+KD+S+V,0.99925,1,220,5.625000000000427e-07
tier3,2018,56,98765,58,L+KD+S+V,0.0,0,170,0.0
tier3,2018,56,98765,59,M+L+KD+S+V,1.0,1,240,0.0
tier3,2018,56,98765,60,C+KD+S+V,0.0518,1,181,0.8990832400000001
tier3,2018,56,98765,61,M+C+KD+S+V,1.0,1,251,0.0
tier3,2018,56,98765,62,L+C+KD+S+V,0.8624,1,201,0.018933759999999984
tier3,2018,56,98765,63,M+L+C+KD+S+V,1.0,1,271,0.0
tier3,2018,56,98765,64,MP,0.0,0,16,0.0
tier3,2018,56,98765,65,M+MP,0.0,0,86,0.0
tier3,2018,56,98765,66,L+MP,0.0,0,36,0.0
tier3,2018,56,98765,67,M+L+MP,0.0,0,106,0.0
tier3,2018,56,98765,68,C+MP,0.0,0,47,0.0
tier3,2018,56,98765,69,M+C+MP,0.0,0,117,0.0
tier3,2018,56,98765,70,L+C+MP,0.0,0,67,0.0
tier3,2018,56,98765,71,M+L+C+MP,0.0,0,137,0.0
tier3,2018,56,98765,72,KD+MP,0.0,0,38,0.0
tier3,2018,56,98765,73,M+KD+MP,0.0,0,108,0.0
tier3,2018,56,98765,74,L+KD+MP,0.0,0,58,0.0
tier3,2018,56,98765,75,M+L+KD+MP,0.0,0,128,0.0
tier3,2018,56,98765,76,C+KD+MP,0.0,0,69,0.0
tier3,2018,56,98765,77,M+C+KD+MP,0.0,0,139,0.0
tier3,2018,56,98765,78,L+C+KD+MP,0.0,0,89,0.0
tier3,2018,56,98765,79,M+L+C+KD+MP,0.0,0,159,0.0
tier3,2018,56,98765,80,S+MP,0.0,0,116,0.0
tier3,2018,56,98765,81,M+S+MP,0.8294,1,186,0.029104359999999992
tier3,2018,56,98765,82,L+S+MP,0.0,0,136,0.0
tier3,2018,56,98765,83,M+L+S+MP,0.9996,1,206,1.5999999999996475e-07
tier3,2018,56,98765,84,C+S+MP,0.0,0,147,0.0
tier3,2018,56,98765,85,M+C+S+MP,1.0,1,217,0.0
tier3,2018,56,98765,86,L+C+S+MP,0.21645,0,167,0.046850602500000005
tier3,2018,56,98765,87,M+L+C+S+MP,1.0,1,237,0.0
tier3,2018,56,98765,88,KD+S+MP,0.0,0,138,0.0
tier3,2018,56,98765,89,M+KD+S+MP,0.84285,1,208,0.024696122500000004
tier3,2018,56,98765,90,L+KD+S+MP,0.0,0,158,0.0
tier3,2018,56,98765,91,M+L+KD+S+MP,0.99975,1,228,6.249999999998623e-08
tier3,2018,56,98765,92,C+KD+S+MP,0.0,0,169,0.0
tier3,2018,56,98765,93,M+C+KD+S+MP,1.0,1,239,0.0
tier3,2018,56,98765,94,L+C+KD+S+MP,0.2297,1,189,0.59336209
tier3,2018,56,98765,95,M+L+C+KD+S+MP,1.0,1,259,0.0
tier3,2018,56,98765,96,V+MP,0.0,0,44,0.0
tier3,2018,56,98765,97,M+V+MP,0.0,0,114,0.0
tier3,2018,56,98765,98,L+V+MP,0.0,0,64,0.0
tier3,2018,56,98765,99,M+L+V+MP,0.0,0,134,0.0
tier3,2018,56,98765,100,C+V+MP,0.0,0,75,0.0
tier3,2018,56,98765,101,M+C+V+MP,0.05405,0,145,0.0029214025
tier3,2018,56,98765,102,L+C+V+MP,0.0,0,95,0.0
tier3,2018,56,98765,103,M+L+C+V+MP,0.70145,0,165,0.4920321025
tier3,2018,56,98765,104,KD+V+MP,0.0,0,66,0.0
tier3,2018,56,98765,105,M+KD+V+MP,0.0,0,136,0.0
tier3,2018,56,98765,106,L+KD+V+MP,0.0,0,86,0.0
tier3,2018,56,98765,107,M+L+KD+V+MP,0.0,0,156,0.0
tier3,2018,56,98765,108,C+KD+V+MP,0.0,0,97,0.0
tier3,2018,56,98765,109,M+C+KD+V+MP,0.06075,0,167,0.0036905625
tier3,2018,56,98765,110,L+C+KD+V+MP,0.0,0,117,0.0
tier3,2018,56,98765,111,M+L+C+KD+V+MP,0.72185,1,187,0.0773674225
tier3,2018,56,98765,112,S+V+MP,0.0,0,144,0.0
tier3,2018,56,98765,113,M+S+V+MP,1.0,1,214,0.0
tier3,2018,56,98765,114,L+S+V+MP,0.11825,0,164,0.013983062499999999
tier3,2018,56,98765,115,M+L+S+V+MP,1.0,1,234,0.0
tier3,2018,56,98765,116,C+S+V+MP,0.7181,1,175,0.07946761000000002
tier3,2018,56,98765,117,M+C+S+V+MP,1.0,1,245,0.0
tier3,2018,56,98765,118,L+C+S+V+MP,0.9837,1,195,0.00026568999999999936
tier3,2018,56,98765,119,M+L+C+S+V+MP,1.0,1,265,0.0
tier3,2018,56,98765,120,KD+S+V+MP,0.0,0,166,0.0
tier3,2018,56,98765,121,M+KD+S+V+MP,1.0,1,236,0.0
tier3,2018,56,98765,122,L+KD+S+V+MP,0.13875,1,186,0.7417515625
tier3,2018,56,98765,123,M+L+KD+S+V+MP,1.0,1,256,0.0
tier3,2018,56,98765,124,C+KD+S+V+MP,0.74015,1,197,0.06752202250000001
tier3,2018,56,98765,125,M+C+KD+S+V+MP,1.0,1,267,0.0
tier3,2018,56,98765,126,L+C+KD+S+V+MP,0.9853,1,217,0.00021609000000000135
tier3,2018,56,98765,127,M+L+C+KD+S+V+MP,1.0,1,287,0.0
tier3,2018,56,98765,128,SD,0.0,0,62,0.0
tier3,2018,56,98765,129,M+SD,0.0147,0,132,0.00021608999999999997
tier3,2018,56,98765,130,L+SD,0.0,0,82,0.0
tier3,2018,56,98765,131,M+L+SD,0.25985,0,152,0.06752202250000001
tier3,2018,56,98765,132,C+SD,0.0,0,93,0.0
tier3,2018,56,98765,133,M+C+SD,0.86125,0,163,0.7417515625
tier3,2018,56,98765,134,L+C+SD,0.0,0,113,0.0
tier3,2018,56,98765,135,M+L+C+SD,1.0,1,183,0.0
tier3,2018,56,98765,136,KD+SD,0.0,0,84,0.0
tier3,2018,56,98765,137,M+KD+SD,0.0163,0,154,0.00026568999999999996
tier3,2018,56,98765,138,L+KD+SD,0.0,0,104,0.0
tier3,2018,56,98765,139,M+L+KD+SD,0.2819,0,174,0.07946761
tier3,2018,56,98765,140,C+KD+SD,0.0,0,115,0.0
tier3,2018,56,98765,141,M+C+KD+SD,0.88175,1,185,0.013983062499999992
tier3,2018,56,98765,142,L+C+KD+SD,0.0,0,135,0.0
tier3,2018,56,98765,143,M+L+C+KD+SD,1.0,1,205,0.0
tier3,2018,56,98765,144,S+SD,0.27815,0,162,0.0773674225
tier3,2018,56,98765,145,M+S+SD,1.0,1,232,0.0
tier3,2018,56,98765,146,L+S+SD,0.93925,1,182,0.0036905624999999964
tier3,2018,56,98765,147,M+L+S+SD,1.0,1,252,0.0
tier3,2018,56,98765,148,C+S+SD,1.0,1,193,0.0
tier3,2018,56,98765,149,M+C+S+SD,1.0,1,263,0.0
tier3,2018,56,98765,150,L+C+S+SD,1.0,1,213,0.0
tier3,2018,56,98765,151,M+L+C+S+SD,1.0,1,283,0.0
tier3,2018,56,98765,152,KD+S+SD,0.29855,1,184,0.4920321025
tier3,2018,56,98765,153,M+KD+S+SD,1.0,1,254,0.0
tier3,2018,56,98765,154,L+KD+S+SD,0.94595,1,204,0.0029214025000000045
tier3,2018,56,98765,155,M+L+KD+S+SD,1.0,1,274,0.0
tier3,2018,56,98765,156,C+KD+S+SD,1.0,1,215,0.0
tier3,2018,56,98765,157,M+C+KD+S+SD,1.0,1,285,0.0
tier3,2018,56,98765,158,L+C+KD+S+SD,1.0,1,235,0.0
tier3,2018,56,98765,159,M+L+C+KD+S+SD,1.0,1,305,0.0
tier3,2018,56,98765,160,V+SD,0.0,0,90,0.0
tier3,2018,56,98765,161,M+V+SD,0.7703,0,160,0.59336209
tier3,2018,56,98765,162,L+V+SD,0.0,0,110,0.0
tier3,2018,56,98765,163,M+L+V+SD,1.0,1,180,0.0
tier3,2018,56,98765,164,C+V+SD,0.00025,0,121,6.25e-08
tier3,2018,56,98765,165,M+C+V+SD,1.0,1,191,0.0
tier3,2018,56,98765,166,L+C+V+SD,0.15715,0,141,0.024696122500000004
tier3,2018,56,98765,167,M+L+C+V+SD,1.0,1,211,0.0
tier3,2018,56,98765,168,KD+V+SD,0.0,0,112,0.0
tier3,2018,56,98765,169,M+KD+V+SD,0.78355,1,182,0.04685060250000001
tier3,2018,56,98765,170,L+KD+V+SD,0.0,0,132,0.0
tier3,2018,56,98765,171,M+L+KD+V+SD,1.0,1,202,0.0
tier3,2018,56,98765,172,C+KD+V+SD,0.0004,0,143,1.6e-07
tier3,2018,56,98765,173,M+C+KD+V+SD,1.0,1,213,0.0
tier3,2018,56,98765,174,L+C+KD+V+SD,0.1706,0,163,0.02910436
tier3,2018,56,98765,175,M+L+C+KD+V+SD,1.0,1,233,0.0
tier3,2018,56,98765,176,S+V+SD,1.0,1,190,0.0
tier3,2018,56,98765,177,M+S+V+SD,1.0,1,260,0.0
tier3,2018,56,98765,178,L+S+V+SD,1.0,1,210,0.0
tier3,2018,56,98765,179,M+L+S+V+SD,1.0,1,280,0.0
tier3,2018,56,98765,180,C+S+V+SD,1.0,1,221,0.0
tier3,2018,56,98765,181,M+C+S+V+SD,1.0,1,291,0.0
tier3,2018,56,98765,182,L+C+S+V+SD,1.0,1,241,0.0
tier3,2018,56,98765,183,M+L+C+S+V+SD,1.0,1,311,0.0
tier3,2018,56,98765,184,KD+S+V+SD,1.0,1,212,0.0
tier3,2018,56,98765,185,M+KD+S+V+SD,1.0,1,282,0.0
tier3,2018,56,98765,186,L+KD+S+V+SD,1.0,1,232,0.0
tier3,2018,56,98765,187,M+L+KD+S+V+SD,1.0,1,302,0.0
tier3,2018,56,98765,188,C+KD+S+V+SD,1.0,1,243,0.0
tier3,2018,56,98765,189,M+C+KD+S+V+SD,1.0,1,313,0.0
tier3,2018,56,98765,190,L+C+KD+S+V+SD,1.0,1,263,0.0
tier3,2018,56,98765,191,M+L+C+KD+S+V+SD,1.0,1,333,0.0
tier3,2018,56,98765,192,MP+SD,0.0,0,78,0.0
tier3,2018,56,98765,193,M+MP+SD,0.1376,0,148,0.01893376
tier3,2018,56,98765,194,L+MP+SD,0.0,0,98,0.0
tier3,2018,56,98765,195,M+L+MP+SD,0.9482,0,168,0.8990832400000001
tier3,2018,56,98765,196,C+MP+SD,0.0,0,109,0.0
tier3,2018,56,98765,197,M+C+MP+SD,1.0,1,179,0.0
tier3,2018,56,98765,198,L+C+MP+SD,0.00075,0,129,5.625e-07
tier3,2018,56,98765,199,M+L+C+MP+SD,1.0,1,199,0.0
tier3,2018,56,98765,200,KD+MP+SD,0.0,0,100,0.0
tier3,2018,56,98765,201,M+KD+MP+SD,0.15275,0,170,0.023332562499999997
tier3,2018,56,98765,202,L+KD+MP+SD,0.0,0,120,0.0
tier3,2018,56,98765,203,M+L+KD+MP+SD,0.9627,1,190,0.0013912899999999999
tier3,2018,56,98765,204,C+KD+MP+SD,0.0,0,131,0.0
tier3,2018,56,98765,205,M+C+KD+MP+SD,1.0,1,201,0.0
tier3,2018,56,98765,206,L+C+KD+MP+SD,0.00075,0,151,5.625e-07
tier3,2018,56,98765,207,M+L+C+KD+MP+SD,1.0,1,221,0.0
tier3,2018,56,98765,208,S+MP+SD,0.94645,1,178,0.0028676024999999983
tier3,2018,56,98765,209,M+S+MP+SD,1.0,1,248,0.0
tier3,2018,56,98765,210,L+S+MP+SD,1.0,1,198,0.0
tier3,2018,56,98765,211,M+L+S+MP+SD,1.0,1,268,0.0
tier3,2018,56,98765,212,C+S+MP+SD,1.0,1,209,0.0
tier3,2018,56,98765,213,M+C+S+MP+SD,1.0,1,279,0.0
tier3,2018,56,98765,214,L+C+S+MP+SD,1.0,1,229,0.0
tier3,2018,56,98765,215,M+L+C+S+MP+SD,1.0,1,299,0.0
tier3,2018,56,98765,216,KD+S+MP+SD,0.96175,1,200,0.0014630625000000004
tier3,2018,56,98765,217,M+KD+S+MP+SD,1.0,1,270,0.0
tier3,2018,56,98765,218,L+KD+S+MP+SD,1.0,1,220,0.0
tier3,2018,56,98765,219,M+L+KD+S+MP+SD,1.0,1,290,0.0
tier3,2018,56,98765,220,C+KD+S+MP+SD,1.0,1,231,0.0
tier3,2018,56,98765,221,M+C+KD+S+MP+SD,1.0,1,301,0.0
tier3,2018,56,98765,222,L+C+KD+S+MP+SD,1.0,1,251,0.0
tier3,2018,56,98765,223,M+L+C+KD+S+MP+SD,1.0,1,321,0.0
tier3,2018,56,98765,224,V+MP+SD,0.0,0,106,0.0
tier3,2018,56,98765,225,M+V+MP+SD,0.99995,1,176,2.499999999999449e-09
tier3,2018,56,98765,226,L+V+MP+SD,0.0,0,126,0.0
tier3,2018,56,98765,227,M+L+V+MP+SD,1.0,1,196,0.0
tier3,2018,56,98765,228,C+V+MP+SD,0.093,0,137,0.008649
tier3,2018,56,98765,229,M+C+V+MP+SD,1.0,1,207,0.0
tier3,2018,56,98765,230,L+C+V+MP+SD,0.8104,0,157,0.65674816
tier3,2018,56,98765,231,M+L+C+V+MP+SD,1.0,1,227,0.0
tier3,2018,56,98765,232,KD+V+MP+SD,0.0,0,128,0.0
tier3,2018,56,98765,233,M+KD+V+MP+SD,1.0,1,198,0.0
tier3,2018,56,98765,234,L+KD+V+MP+SD,0.0,0,148,0.0
tier3,2018,56,98765,235,M+L+KD+V+MP+SD,1.0,1,218,0.0
tier3,2018,56,98765,236,C+KD+V+MP+SD,0.10035,0,159,0.010070122499999999
tier3,2018,56,98765,237,M+C+KD+V+MP+SD,1.0,1,229,0.0
tier3,2018,56,98765,238,L+C+KD+V+MP+SD,0.83305,1,179,0.027872302500000015
tier3,2018,56,98765,239,M+L+C+KD+V+MP+SD,1.0,1,249,0.0
tier3,2018,56,98765,240,S+V+MP+SD,1.0,1,206,0.0
tier3,2018,56,98765,241,M+S+V+MP+SD,1.0,1,276,0.0
tier3,2018,56,98765,242,L+S+V+MP+SD,1.0,1,226,0.0
tier3,2018,56,98765,243,M+L+S+V+MP+SD,1.0,1,296,0.0
tier3,2018,56,98765,244,C+S+V+MP+SD,1.0,1,237,0.0
tier3,2018,56,98765,245,M+C+S+V+MP+SD,1.0,1,307,0.0
tier3,2018,56,98765,246,L+C+S+V+MP+SD,1.0,1,257,0.0
tier3,2018,56,98765,247,M+L+C+S+V+MP+SD,1.0,1,327,0.0
tier3,2018,56,98765,248,KD+S+V+MP+SD,1.0,1,228,0.0
tier3,2018,56,98765,249,M+KD+S+V+MP+SD,1.0,1,298,0.0
tier3,2018,56,98765,250,L+KD+S+V+MP+SD,1.0,1,248,0.0
tier3,2018,56,98765,251,M+L+KD+S+V+MP+SD,1.0,1,318,0.0
tier3,2018,56,98765,252,C+KD+S+V+MP+SD,1.0,1,259,0.0
tier3,2018,56,98765,253,M+C+KD+S+V+MP+SD,1.0,1,329,0.0
tier3,2018,56,98765,254,L+C+KD+S+V+MP+SD,1.0,1,279,0.0
tier3,2018,56,54321,1,M,0.0,0,70,0.0
tier3,2018,56,54321,2,L,0.0,0,20,0.0
tier3,2018,56,54321,3,M+L,0.0,0,90,0.0
tier3,2018,56,54321,4,C,0.0,0,31,0.0
tier3,2018,56,54321,5,M+C,0.0,0,101,0.0
tier3,2018,56,54321,6,L+C,0.0,0,51,0.0
tier3,2018,56,54321,7,M+L+C,0.0,0,121,0.0
tier3,2018,56,54321,8,KD,0.0,0,22,0.0
tier3,2018,56,54321,9,M+KD,0.0,0,92,0.0
tier3,2018,56,54321,10,L+KD,0.0,0,42,0.0
tier3,2018,56,54321,11,M+L+KD,0.0,0,112,0.0
tier3,2018,56,54321,12,C+KD,0.0,0,53,0.0
tier3,2018,56,54321,13,M+C+KD,0.0,0,123,0.0
tier3,2018,56,54321,14,L+C+KD,0.0,0,73,0.0
tier3,2018,56,54321,15,M+L+C+KD,0.0,0,143,0.0
tier3,2018,56,54321,16,S,0.0,0,100,0.0
tier3,2018,56,54321,17,M+S,0.17005,0,170,0.028917002500000004
tier3,2018,56,54321,18,L+S,0.0,0,120,0.0
tier3,2018,56,54321,19,M+L+S,0.90475,1,190,0.00907256249999999
tier3,2018,56,54321,20,C+S,0.0,0,131,0.0
tier3,2018,56,54321,21,M+C+S,1.0,1,201,0.0
tier3,2018,56,54321,22,L+C+S,0.0,0,151,0.0
tier3,2018,56,54321,23,M+L+C+S,1.0,1,221,0.0
tier3,2018,56,54321,24,KD+S,0.0,0,122,0.0
tier3,2018,56,54321,25,M+KD+S,0.1934,1,192,0.65060356
tier3,2018,56,54321,26,L+KD+S,0.0,0,142,0.0
tier3,2018,56,54321,27,M+L+KD+S,0.912,1,212,0.007743999999999994
tier3,2018,56,54321,28,C+KD+S,0.0,0,153,0.0
tier3,2018,56,54321,29,M+C+KD+S,1.0,1,223,0.0
tier3,2018,56,54321,30,L+C+KD+S,0.0,0,173,0.0
tier3,2018,56,54321,31,M+L+C+KD+S,1.0,1,243,0.0
tier3,2018,56,54321,32,V,0.0,0,28,0.0
tier3,2018,56,54321,33,M+V,0.0,0,98,0.0
tier3,2018,56,54321,34,L+V,0.0,0,48,0.0
tier3,2018,56,54321,35,M+L+V,0.0,0,118,0.0
tier3,2018,56,54321,36,C+V,0.0,0,59,0.0
tier3,2018,56,54321,37,M+C+V,0.0,0,129,0.0
tier3,2018,56,54321,38,L+C+V,0.0,0,79,0.0
tier3,2018,56,54321,39,M+L+C+V,0.0382,0,149,0.0014592399999999999
tier3,2018,56,54321,40,KD+V,0.0,0,50,0.0
tier3,2018,56,54321,41,M+KD+V,0.0,0,120,0.0
tier3,2018,56,54321,42,L+KD+V,0.0,0,70,0.0
tier3,2018,56,54321,43,M+L+KD+V,0.0,0,140,0.0
tier3,2018,56,54321,44,C+KD+V,0.0,0,81,0.0
tier3,2018,56,54321,45,M+C+KD+V,0.0,0,151,0.0
tier3,2018,56,54321,46,L+C+KD+V,0.0,0,101,0.0
tier3,2018,56,54321,47,M+L+C+KD+V,0.0555,0,171,0.00308025
tier3,2018,56,54321,48,S+V,0.0,0,128,0.0
tier3,2018,56,54321,49,M+S+V,0.9988,1,198,1.4399999999999494e-06
tier3,2018,56,54321,50,L+S+V,0.0,0,148,0.0
tier3,2018,56,54321,51,M+L+S+V,1.0,1,218,0.0
tier3,2018,56,54321,52,C+S+V,0.03855,0,159,0.0014861025000000002
tier3,2018,56,54321,53,M+C+S+V,1.0,1,229,0.0
tier3,2018,56,54321,54,L+C+S+V,0.8528,1,179,0.02166784
tier3,2018,56,54321,55,M+L+C+S+V,1.0,1,249,0.0
tier3,2018,56,54321,56,KD+S+V,0.0,0,150,0.0
tier3,2018,56,54321,57,M+KD+S+V,0.9988,1,220,1.4399999999999494e-06
tier3,2018,56,54321,58,L+KD+S+V,0.0001,0,170,1e-08
tier3,2018,56,54321,59,M+L+KD+S+V,1.0,1,240,0.0
tier3,2018,56,54321,60,C+KD+S+V,0.05265,1,181,0.8974720225
tier3,2018,56,54321,61,M+C+KD+S+V,1.0,1,251,0.0
tier3,2018,56,54321,62,L+C+KD+S+V,0.86885,1,201,0.017200322499999997
tier3,2018,56,54321,63,M+L+C+KD+S+V,1.0,1,271,0.0
tier3,2018,56,54321,64,MP,0.0,0,16,0.0
tier3,2018,56,54321,65,M+MP,0.0,0,86,0.0
tier3,2018,56,54321,66,L+MP,0.0,0,36,0.0
tier3,2018,56,54321,67,M+L+MP,0.0,0,106,0.0
tier3,2018,56,54321,68,C+MP,0.0,0,47,0.0
tier3,2018,56,54321,69,M+C+MP,0.0,0,117,0.0
tier3,2018,56,54321,70,L+C+MP,0.0,0,67,0.0
tier3,2018,56,54321,71,M+L+C+MP,0.0,0,137,0.0
tier3,2018,56,54321,72,KD+MP,0.0,0,38,0.0
tier3,2018,56,54321,73,M+KD+MP,0.0,0,108,0.0
tier3,2018,56,54321,74,L+KD+MP,0.0,0,58,0.0
tier3,2018,56,54321,75,M+L+KD+MP,0.0,0,128,0.0
tier3,2018,56,54321,76,C+KD+MP,0.0,0,69,0.0
tier3,2018,56,54321,77,M+C+KD+MP,0.0,0,139,0.0
tier3,2018,56,54321,78,L+C+KD+MP,0.0,0,89,0.0
tier3,2018,56,54321,79,M+L+C+KD+MP,0.0,0,159,0.0
tier3,2018,56,54321,80,S+MP,0.0,0,116,0.0
tier3,2018,56,54321,81,M+S+MP,0.8315,1,186,0.028392249999999994
tier3,2018,56,54321,82,L+S+MP,0.0,0,136,0.0
tier3,2018,56,54321,83,M+L+S+MP,0.99965,1,206,1.2249999999997302e-07
tier3,2018,56,54321,84,C+S+MP,0.0,0,147,0.0
tier3,2018,56,54321,85,M+C+S+MP,1.0,1,217,0.0
tier3,2018,56,54321,86,L+C+S+MP,0.2139,0,167,0.04575321
tier3,2018,56,54321,87,M+L+C+S+MP,1.0,1,237,0.0
tier3,2018,56,54321,88,KD+S+MP,0.0,0,138,0.0
tier3,2018,56,54321,89,M+KD+S+MP,0.84645,1,208,0.02357760249999999
tier3,2018,56,54321,90,L+KD+S+MP,0.0,0,158,0.0
tier3,2018,56,54321,91,M+L+KD+S+MP,0.9999,1,228,9.999999999997797e-09
tier3,2018,56,54321,92,C+KD+S+MP,0.0,0,169,0.0
tier3,2018,56,54321,93,M+C+KD+S+MP,1.0,1,239,0.0
tier3,2018,56,54321,94,L+C+KD+S+MP,0.22665,1,189,0.5980702225
tier3,2018,56,54321,95,M+L+C+KD+S+MP,1.0,1,259,0.0
tier3,2018,56,54321,96,V+MP,0.0,0,44,0.0
tier3,2018,56,54321,97,M+V+MP,0.0,0,114,0.0
tier3,2018,56,54321,98,L+V+MP,0.0,0,64,0.0
tier3,2018,56,54321,99,M+L+V+MP,0.0,0,134,0.0
tier3,2018,56,54321,100,C+V+MP,0.0,0,75,0.0
tier3,2018,56,54321,101,M+C+V+MP,0.05355,0,145,0.0028676025
tier3,2018,56,54321,102,L+C+V+MP,0.0,0,95,0.0
tier3,2018,56,54321,103,M+L+C+V+MP,0.70635,0,165,0.4989303225
tier3,2018,56,54321,104,KD+V+MP,0.0,0,66,0.0
tier3,2018,56,54321,105,M+KD+V+MP,0.0,0,136,0.0
tier3,2018,56,54321,106,L+KD+V+MP,0.0,0,86,0.0
tier3,2018,56,54321,107,M+L+KD+V+MP,0.0,0,156,0.0
tier3,2018,56,54321,108,C+KD+V+MP,0.0,0,97,0.0
tier3,2018,56,54321,109,M+C+KD+V+MP,0.05965,0,167,0.0035581225
tier3,2018,56,54321,110,L+C+KD+V+MP,0.0,0,117,0.0
tier3,2018,56,54321,111,M+L+C+KD+V+MP,0.7285,1,187,0.07371224999999998
tier3,2018,56,54321,112,S+V+MP,0.0,0,144,0.0
tier3,2018,56,54321,113,M+S+V+MP,1.0,1,214,0.0
tier3,2018,56,54321,114,L+S+V+MP,0.11435,0,164,0.013075922499999998
tier3,2018,56,54321,115,M+L+S+V+MP,1.0,1,234,0.0
tier3,2018,56,54321,116,C+S+V+MP,0.71395,1,175,0.08182460250000001
tier3,2018,56,54321,117,M+C+S+V+MP,1.0,1,245,0.0
tier3,2018,56,54321,118,L+C+S+V+MP,0.9831,1,195,0.00028561000000000087
tier3,2018,56,54321,119,M+L+C+S+V+MP,1.0,1,265,0.0
tier3,2018,56,54321,120,KD+S+V+MP,0.0,0,166,0.0
tier3,2018,56,54321,121,M+KD+S+V+MP,1.0,1,236,0.0
tier3,2018,56,54321,122,L+KD+S+V+MP,0.1355,1,186,0.7473602500000001
tier3,2018,56,54321,123,M+L+KD+S+V+MP,1.0,1,256,0.0
tier3,2018,56,54321,124,C+KD+S+V+MP,0.7398,1,197,0.06770404
tier3,2018,56,54321,125,M+C+KD+S+V+MP,1.0,1,267,0.0
tier3,2018,56,54321,126,L+C+KD+S+V+MP,0.98555,1,217,0.00020880249999999893
tier3,2018,56,54321,127,M+L+C+KD+S+V+MP,1.0,1,287,0.0
tier3,2018,56,54321,128,SD,0.0,0,62,0.0
tier3,2018,56,54321,129,M+SD,0.01445,0,132,0.0002088025
tier3,2018,56,54321,130,L+SD,0.0,0,82,0.0
tier3,2018,56,54321,131,M+L+SD,0.2602,0,152,0.06770404
tier3,2018,56,54321,132,C+SD,0.0,0,93,0.0
tier3,2018,56,54321,133,M+C+SD,0.8645,0,163,0.7473602500000001
tier3,2018,56,54321,134,L+C+SD,0.0,0,113,0.0
tier3,2018,56,54321,135,M+L+C+SD,1.0,1,183,0.0
tier3,2018,56,54321,136,KD+SD,0.0,0,84,0.0
tier3,2018,56,54321,137,M+KD+SD,0.0169,0,154,0.00028560999999999994
tier3,2018,56,54321,138,L+KD+SD,0.0,0,104,0.0
tier3,2018,56,54321,139,M+L+KD+SD,0.28605,0,174,0.08182460250000001
tier3,2018,56,54321,140,C+KD+SD,0.0,0,115,0.0
tier3,2018,56,54321,141,M+C+KD+SD,0.88565,1,185,0.01307592249999999
tier3,2018,56,54321,142,L+C+KD+SD,0.0,0,135,0.0
tier3,2018,56,54321,143,M+L+C+KD+SD,1.0,1,205,0.0
tier3,2018,56,54321,144,S+SD,0.2715,0,162,0.07371225
tier3,2018,56,54321,145,M+S+SD,1.0,1,232,0.0
tier3,2018,56,54321,146,L+S+SD,0.94035,1,182,0.0035581224999999975
tier3,2018,56,54321,147,M+L+S+SD,1.0,1,252,0.0
tier3,2018,56,54321,148,C+S+SD,1.0,1,193,0.0
tier3,2018,56,54321,149,M+C+S+SD,1.0,1,263,0.0
tier3,2018,56,54321,150,L+C+S+SD,1.0,1,213,0.0
tier3,2018,56,54321,151,M+L+C+S+SD,1.0,1,283,0.0
tier3,2018,56,54321,152,KD+S+SD,0.29365,1,184,0.4989303225
tier3,2018,56,54321,153,M+KD+S+SD,1.0,1,254,0.0
tier3,2018,56,54321,154,L+KD+S+SD,0.94645,1,204,0.0028676024999999983
tier3,2018,56,54321,155,M+L+KD+S+SD,1.0,1,274,0.0
tier3,2018,56,54321,156,C+KD+S+SD,1.0,1,215,0.0
tier3,2018,56,54321,157,M+C+KD+S+SD,1.0,1,285,0.0
tier3,2018,56,54321,158,L+C+KD+S+SD,1.0,1,235,0.0
tier3,2018,56,54321,159,M+L+C+KD+S+SD,1.0,1,305,0.0
tier3,2018,56,54321,160,V+SD,0.0,0,90,0.0
tier3,2018,56,54321,161,M+V+SD,0.77335,0,160,0.5980702225
tier3,2018,56,54321,162,L+V+SD,0.0,0,110,0.0
tier3,2018,56,54321,163,M+L+V+SD,1.0,1,180,0.0
tier3,2018,56,54321,164,C+V+SD,0.0001,0,121,1e-08
tier3,2018,56,54321,165,M+C+V+SD,1.0,1,191,0.0
tier3,2018,56,54321,166,L+C+V+SD,0.15355,0,141,0.023577602499999996
tier3,2018,56,54321,167,M+L+C+V+SD,1.0,1,211,0.0
tier3,2018,56,54321,168,KD+V+SD,0.0,0,112,0.0
tier3,2018,56,54321,169,M+KD+V+SD,0.7861,1,182,0.04575320999999999
tier3,2018,56,54321,170,L+KD+V+SD,0.0,0,132,0.0
tier3,2018,56,54321,171,M+L+KD+V+SD,1.0,1,202,0.0
tier3,2018,56,54321,172,C+KD+V+SD,0.00035,0,143,1.225e-07
tier3,2018,56,54321,173,M+C+KD+V+SD,1.0,1,213,0.0
tier3,2018,56,54321,174,L+C+KD+V+SD,0.1685,0,163,0.028392250000000004
tier3,2018,56,54321,175,M+L+C+KD+V+SD,1.0,1,233,0.0
tier3,2018,56,54321,176,S+V+SD,1.0,1,190,0.0
tier3,2018,56,54321,177,M+S+V+SD,1.0,1,260,0.0
tier3,2018,56,54321,178,L+S+V+SD,1.0,1,210,0.0
tier3,2018,56,54321,179,M+L+S+V+SD,1.0,1,280,0.0
tier3,2018,56,54321,180,C+S+V+SD,1.0,1,221,0.0
tier3,2018,56,54321,181,M+C+S+V+SD,1.0,1,291,0.0
tier3,2018,56,54321,182,L+C+S+V+SD,1.0,1,241,0.0
tier3,2018,56,54321,183,M+L+C+S+V+SD,1.0,1,311,0.0
tier3,2018,56,54321,184,KD+S+V+SD,1.0,1,212,0.0
tier3,2018,56,54321,185,M+KD+S+V+SD,1.0,1,282,0.0
tier3,2018,56,54321,186,L+KD+S+V+SD,1.0,1,232,0.0
tier3,2018,56,54321,187,M+L+KD+S+V+SD,1.0,1,302,0.0
tier3,2018,56,54321,188,C+KD+S+V+SD,1.0,1,243,0.0
tier3,2018,56,54321,189,M+C+KD+S+V+SD,1.0,1,313,0.0
tier3,2018,56,54321,190,L+C+KD+S+V+SD,1.0,1,263,0.0
tier3,2018,56,54321,191,M+L+C+KD+S+V+SD,1.0,1,333,0.0
tier3,2018,56,54321,192,MP+SD,0.0,0,78,0.0
tier3,2018,56,54321,193,M+MP+SD,0.13115,0,148,0.017200322499999997
tier3,2018,56,54321,194,L+MP+SD,0.0,0,98,0.0
tier3,2018,56,54321,195,M+L+MP+SD,0.94735,0,168,0.8974720225
tier3,2018,56,54321,196,C+MP+SD,0.0,0,109,0.0
tier3,2018,56,54321,197,M+C+MP+SD,0.9999,1,179,9.999999999997797e-09
tier3,2018,56,54321,198,L+C+MP+SD,0.0012,0,129,1.4399999999999998e-06
tier3,2018,56,54321,199,M+L+C+MP+SD,1.0,1,199,0.0
tier3,2018,56,54321,200,KD+MP+SD,0.0,0,100,0.0
tier3,2018,56,54321,201,M+KD+MP+SD,0.1472,0,170,0.02166784
tier3,2018,56,54321,202,L+KD+MP+SD,0.0,0,120,0.0
tier3,2018,56,54321,203,M+L+KD+MP+SD,0.96145,1,190,0.001486102499999998
tier3,2018,56,54321,204,C+KD+MP+SD,0.0,0,131,0.0
tier3,2018,56,54321,205,M+C+KD+MP+SD,1.0,1,201,0.0
tier3,2018,56,54321,206,L+C+KD+MP+SD,0.0012,0,151,1.4399999999999998e-06
tier3,2018,56,54321,207,M+L+C+KD+MP+SD,1.0,1,221,0.0
tier3,2018,56,54321,208,S+MP+SD,0.9445,1,178,0.0030802499999999992
tier3,2018,56,54321,209,M+S+MP+SD,1.0,1,248,0.0
tier3,2018,56,54321,210,L+S+MP+SD,1.0,1,198,0.0
tier3,2018,56,54321,211,M+L+S+MP+SD,1.0,1,268,0.0
tier3,2018,56,54321,212,C+S+MP+SD,1.0,1,209,0.0
tier3,2018,56,54321,213,M+C+S+MP+SD,1.0,1,279,0.0
tier3,2018,56,54321,214,L+C+S+MP+SD,1.0,1,229,0.0
tier3,2018,56,54321,215,M+L+C+S+MP+SD,1.0,1,299,0.0
tier3,2018,56,54321,216,KD+S+MP+SD,0.9618,1,200,0.001459240000000001
tier3,2018,56,54321,217,M+KD+S+MP+SD,1.0,1,270,0.0
tier3,2018,56,54321,218,L+KD+S+MP+SD,1.0,1,220,0.0
tier3,2018,56,54321,219,M+L+KD+S+MP+SD,1.0,1,290,0.0
tier3,2018,56,54321,220,C+KD+S+MP+SD,1.0,1,231,0.0
tier3,2018,56,54321,221,M+C+KD+S+MP+SD,1.0,1,301,0.0
tier3,2018,56,54321,222,L+C+KD+S+MP+SD,1.0,1,251,0.0
tier3,2018,56,54321,223,M+L+C+KD+S+MP+SD,1.0,1,321,0.0
tier3,2018,56,54321,224,V+MP+SD,0.0,0,106,0.0
tier3,2018,56,54321,225,M+V+MP+SD,1.0,1,176,0.0
tier3,2018,56,54321,226,L+V+MP+SD,0.0,0,126,0.0
tier3,2018,56,54321,227,M+L+V+MP+SD,1.0,1,196,0.0
tier3,2018,56,54321,228,C+V+MP+SD,0.088,0,137,0.007743999999999999
tier3,2018,56,54321,229,M+C+V+MP+SD,1.0,1,207,0.0
tier3,2018,56,54321,230,L+C+V+MP+SD,0.8066,0,157,0.65060356
tier3,2018,56,54321,231,M+L+C+V+MP+SD,1.0,1,227,0.0
tier3,2018,56,54321,232,KD+V+MP+SD,0.0,0,128,0.0
tier3,2018,56,54321,233,M+KD+V+MP+SD,1.0,1,198,0.0
tier3,2018,56,54321,234,L+KD+V+MP+SD,0.0,0,148,0.0
tier3,2018,56,54321,235,M+L+KD+V+MP+SD,1.0,1,218,0.0
tier3,2018,56,54321,236,C+KD+V+MP+SD,0.09525,0,159,0.0090725625
tier3,2018,56,54321,237,M+C+KD+V+MP+SD,1.0,1,229,0.0
tier3,2018,56,54321,238,L+C+KD+V+MP+SD,0.82995,1,179,0.02891700250000001
tier3,2018,56,54321,239,M+L+C+KD+V+MP+SD,1.0,1,249,0.0
tier3,2018,56,54321,240,S+V+MP+SD,1.0,1,206,0.0
tier3,2018,56,54321,241,M+S+V+MP+SD,1.0,1,276,0.0
tier3,2018,56,54321,242,L+S+V+MP+SD,1.0,1,226,0.0
tier3,2018,56,54321,243,M+L+S+V+MP+SD,1.0,1,296,0.0
tier3,2018,56,54321,244,C+S+V+MP+SD,1.0,1,237,0.0
tier3,2018,56,54321,245,M+C+S+V+MP+SD,1.0,1,307,0.0
tier3,2018,56,54321,246,L+C+S+V+MP+SD,1.0,1,257,0.0
tier3,2018,56,54321,247,M+L+C+S+V+MP+SD,1.0,1,327,0.0
tier3,2018,56,54321,248,KD+S+V+MP+SD,1.0,1,228,0.0
tier3,2018,56,54321,249,M+KD+S+V+MP+SD,1.0,1,298,0.0
tier3,2018,56,54321,250,L+KD+S+V+MP+SD,1.0,1,248,0.0
tier3,2018,56,54321,251,M+L+KD+S+V+MP+SD,1.0,1,318,0.0
tier3,2018,56,54321,252,C+KD+S+V+MP+SD,1.0,1,259,0.0
tier3,2018,56,54321,253,M+C+KD+S+V+MP+SD,1.0,1,329,0.0
tier3,2018,56,54321,254,L+C+KD+S+V+MP+SD,1.0,1,279,0.0
tier3,2018,56,13579,1,M,0.0,0,70,0.0
tier3,2018,56,13579,2,L,0.0,0,20,0.0
tier3,2018,56,13579,3,M+L,0.0,0,90,0.0
tier3,2018,56,13579,4,C,0.0,0,31,0.0
tier3,2018,56,13579,5,M+C,0.0,0,101,0.0
tier3,2018,56,13579,6,L+C,0.0,0,51,0.0
tier3,2018,56,13579,7,M+L+C,0.0,0,121,0.0
tier3,2018,56,13579,8,KD,0.0,0,22,0.0
tier3,2018,56,13579,9,M+KD,0.0,0,92,0.0
tier3,2018,56,13579,10,L+KD,0.0,0,42,0.0
tier3,2018,56,13579,11,M+L+KD,0.0,0,112,0.0
tier3,2018,56,13579,12,C+KD,0.0,0,53,0.0
tier3,2018,56,13579,13,M+C+KD,0.0,0,123,0.0
tier3,2018,56,13579,14,L+C+KD,0.0,0,73,0.0
tier3,2018,56,13579,15,M+L+C+KD,0.0,0,143,0.0
tier3,2018,56,13579,16,S,0.0,0,100,0.0
tier3,2018,56,13579,17,M+S,0.1756,0,170,0.030835360000000003
tier3,2018,56,13579,18,L+S,0.0,0,120,0.0
tier3,2018,56,13579,19,M+L+S,0.9036,1,190,0.009292960000000008
tier3,2018,56,13579,20,C+S,0.0,0,131,0.0
tier3,2018,56,13579,21,M+C+S,1.0,1,201,0.0
tier3,2018,56,13579,22,L+C+S,0.0,0,151,0.0
tier3,2018,56,13579,23,M+L+C+S,1.0,1,221,0.0
tier3,2018,56,13579,24,KD+S,0.0,0,122,0.0
tier3,2018,56,13579,25,M+KD+S,0.20165,1,192,0.6373627225
tier3,2018,56,13579,26,L+KD+S,0.0,0,142,0.0
tier3,2018,56,13579,27,M+L+KD+S,0.9101,1,212,0.008082009999999997
tier3,2018,56,13579,28,C+KD+S,0.0,0,153,0.0
tier3,2018,56,13579,29,M+C+KD+S,1.0,1,223,0.0
tier3,2018,56,13579,30,L+C+KD+S,0.0,0,173,0.0
tier3,2018,56,13579,31,M+L+C+KD+S,1.0,1,243,0.0
tier3,2018,56,13579,32,V,0.0,0,28,0.0
tier3,2018,56,13579,33,M+V,0.0,0,98,0.0
tier3,2018,56,13579,34,L+V,0.0,0,48,0.0
tier3,2018,56,13579,35,M+L+V,0.0,0,118,0.0
tier3,2018,56,13579,36,C+V,0.0,0,59,0.0
tier3,2018,56,13579,37,M+C+V,5e-05,0,129,2.5e-09
tier3,2018,56,13579,38,L+C+V,0.0,0,79,0.0
tier3,2018,56,13579,39,M+L+C+V,0.04175,0,149,0.0017430625000000003
tier3,2018,56,13579,40,KD+V,0.0,0,50,0.0
tier3,2018,56,13579,41,M+KD+V,0.0,0,120,0.0
tier3,2018,56,13579,42,L+KD+V,0.0,0,70,0.0
tier3,2018,56,13579,43,M+L+KD+V,0.0,0,140,0.0
tier3,2018,56,13579,44,C+KD+V,0.0,0,81,0.0
tier3,2018,56,13579,45,M+C+KD+V,5e-05,0,151,2.5e-09
tier3,2018,56,13579,46,L+C+KD+V,0.0,0,101,0.0
tier3,2018,56,13579,47,M+L+C+KD+V,0.0593,0,171,0.0035164899999999997
tier3,2018,56,13579,48,S+V,0.0,0,128,0.0
tier3,2018,56,13579,49,M+S+V,0.99925,1,198,5.625000000000427e-07
tier3,2018,56,13579,50,L+S+V,0.0,0,148,0.0
tier3,2018,56,13579,51,M+L+S+V,1.0,1,218,0.0
tier3,2018,56,13579,52,C+S+V,0.03705,0,159,0.0013727025
tier3,2018,56,13579,53,M+C+S+V,1.0,1,229,0.0
tier3,2018,56,13579,54,L+C+S+V,0.8483,1,179,0.023012889999999984
tier3,2018,56,13579,55,M+L+C+S+V,1.0,1,249,0.0
tier3,2018,56,13579,56,KD+S+V,0.0,0,150,0.0
tier3,2018,56,13579,57,M+KD+S+V,0.99925,1,220,5.625000000000427e-07
tier3,2018,56,13579,58,L+KD+S+V,0.0,0,170,0.0
tier3,2018,56,13579,59,M+L+KD+S+V,1.0,1,240,0.0
tier3,2018,56,13579,60,C+KD+S+V,0.0524,1,181,0.89794576
tier3,2018,56,13579,61,M+C+KD+S+V,1.0,1,251,0.0
tier3,2018,56,13579,62,L+C+KD+S+V,0.86465,1,201,0.018319622499999993
tier3,2018,56,13579,63,M+L+C+KD+S+V,1.0,1,271,0.0
tier3,2018,56,13579,64,MP,0.0,0,16,0.0
tier3,2018,56,13579,65,M+MP,0.0,0,86,0.0
tier3,2018,56,13579,66,L+MP,0.0,0,36,0.0
tier3,2018,56,13579,67,M+L+MP,0.0,0,106,0.0
tier3,2018,56,13579,68,C+MP,0.0,0,47,0.0
tier3,2018,56,13579,69,M+C+MP,0.0,0,117,0.0
tier3,2018,56,13579,70,L+C+MP,0.0,0,67,0.0
tier3,2018,56,13579,71,M+L+C+MP,0.0,0,137,0.0
tier3,2018,56,13579,72,KD+MP,0.0,0,38,0.0
tier3,2018,56,13579,73,M+KD+MP,0.0,0,108,0.0
tier3,2018,56,13579,74,L+KD+MP,0.0,0,58,0.0
tier3,2018,56,13579,75,M+L+KD+MP,0.0,0,128,0.0
tier3,2018,56,13579,76,C+KD+MP,0.0,0,69,0.0
tier3,2018,56,13579,77,M+C+KD+MP,0.0,0,139,0.0
tier3,2018,56,13579,78,L+C+KD+MP,0.0,0,89,0.0
tier3,2018,56,13579,79,M+L+C+KD+MP,0.0,0,159,0.0
tier3,2018,56,13579,80,S+MP,0.0,0,116,0.0
tier3,2018,56,13579,81,M+S+MP,0.82735,1,186,0.02980802249999999
tier3,2018,56,13579,82,L+S+MP,0.0,0,136,0.0
tier3,2018,56,13579,83,M+L+S+MP,0.99975,1,206,6.249999999998623e-08
tier3,2018,56,13579,84,C+S+MP,0.0,0,147,0.0
tier3,2018,56,13579,85,M+C+S+MP,1.0,1,217,0.0
tier3,2018,56,13579,86,L+C+S+MP,0.20985,0,167,0.0440370225
tier3,2018,56,13579,87,M+L+C+S+MP,1.0,1,237,0.0
tier3,2018,56,13579,88,KD+S+MP,0.0,0,138,0.0
tier3,2018,56,13579,89,M+KD+S+MP,0.84295,1,208,0.024664702500000007
tier3,2018,56,13579,90,L+KD+S+MP,0.0,0,158,0.0
tier3,2018,56,13579,91,M+L+KD+S+MP,0.99985,1,228,2.2499999999995043e-08
tier3,2018,56,13579,92,C+KD+S+MP,0.0,0,169,0.0
tier3,2018,56,13579,93,M+C+KD+S+MP,1.0,1,239,0.0
tier3,2018,56,13579,94,L+C+KD+S+MP,0.22435,1,189,0.6016329224999999
tier3,2018,56,13579,95,M+L+C+KD+S+MP,1.0,1,259,0.0
tier3,2018,56,13579,96,V+MP,0.0,0,44,0.0
tier3,2018,56,13579,97,M+V+MP,0.0,0,114,0.0
tier3,2018,56,13579,98,L+V+MP,0.0,0,64,0.0
tier3,2018,56,13579,99,M+L+V+MP,0.0,0,134,0.0
tier3,2018,56,13579,100,C+V+MP,0.0,0,75,0.0
tier3,2018,56,13579,101,M+C+V+MP,0.05385,0,145,0.0028998225000000004
tier3,2018,56,13579,102,L+C+V+MP,0.0,0,95,0.0
tier3,2018,56,13579,103,M+L+C+V+MP,0.7019,0,165,0.49266361
tier3,2018,56,13579,104,KD+V+MP,0.0,0,66,0.0
tier3,2018,56,13579,105,M+KD+V+MP,0.0,0,136,0.0
tier3,2018,56,13579,106,L+KD+V+MP,0.0,0,86,0.0
tier3,2018,56,13579,107,M+L+KD+V+MP,0.0,0,156,0.0
tier3,2018,56,13579,108,C+KD+V+MP,0.0,0,97,0.0
tier3,2018,56,13579,109,M+C+KD+V+MP,0.0598,0,167,0.00357604
tier3,2018,56,13579,110,L+C+KD+V+MP,0.0,0,117,0.0
tier3,2018,56,13579,111,M+L+C+KD+V+MP,0.72565,1,187,0.07526792249999999
tier3,2018,56,13579,112,S+V+MP,0.0,0,144,0.0
tier3,2018,56,13579,113,M+S+V+MP,1.0,1,214,0.0
tier3,2018,56,13579,114,L+S+V+MP,0.1135,0,164,0.012882250000000001
tier3,2018,56,13579,115,M+L+S+V+MP,1.0,1,234,0.0
tier3,2018,56,13579,116,C+S+V+MP,0.706,1,175,0.08643600000000003
tier3,2018,56,13579,117,M+C+S+V+MP,1.0,1,245,0.0
tier3,2018,56,13579,118,L+C+S+V+MP,0.98315,1,195,0.0002839225000000011
tier3,2018,56,13579,119,M+L+C+S+V+MP,1.0,1,265,0.0
tier3,2018,56,13579,120,KD+S+V+MP,0.0,0,166,0.0
tier3,2018,56,13579,121,M+KD+S+V+MP,1.0,1,236,0.0
tier3,2018,56,13579,122,L+KD+S+V+MP,0.13655,1,186,0.7455459025000001
tier3,2018,56,13579,123,M+L+KD+S+V+MP,1.0,1,256,0.0
tier3,2018,56,13579,124,C+KD+S+V+MP,0.733,1,197,0.071289
tier3,2018,56,13579,125,M+C+KD+S+V+MP,1.0,1,267,0.0
tier3,2018,56,13579,126,L+C+KD+S+V+MP,0.98475,1,217,0.00023256249999999956
tier3,2018,56,13579,127,M+L+C+KD+S+V+MP,1.0,1,287,0.0
tier3,2018,56,13579,128,SD,0.0,0,62,0.0
tier3,2018,56,13579,129,M+SD,0.01525,0,132,0.0002325625
tier3,2018,56,13579,130,L+SD,0.0,0,82,0.0
tier3,2018,56,13579,131,M+L+SD,0.267,0,152,0.071289
tier3,2018,56,13579,132,C+SD,0.0,0,93,0.0
tier3,2018,56,13579,133,M+C+SD,0.86345,0,163,0.7455459025000001
tier3,2018,56,13579,134,L+C+SD,0.0,0,113,0.0
tier3,2018,56,13579,135,M+L+C+SD,1.0,1,183,0.0
tier3,2018,56,13579,136,KD+SD,0.0,0,84,0.0
tier3,2018,56,13579,137,M+KD+SD,0.01685,0,154,0.0002839225
tier3,2018,56,13579,138,L+KD+SD,0.0,0,104,0.0
tier3,2018,56,13579,139,M+L+KD+SD,0.294,0,174,0.08643599999999999
tier3,2018,56,13579,140,C+KD+SD,0.0,0,115,0.0
tier3,2018,56,13579,141,M+C+KD+SD,0.8865,1,185,0.01288225000000001
tier3,2018,56,13579,142,L+C+KD+SD,0.0,0,135,0.0
tier3,2018,56,13579,143,M+L+C+KD+SD,1.0,1,205,0.0
tier3,2018,56,13579,144,S+SD,0.27435,0,162,0.07526792249999999
tier3,2018,56,13579,145,M+S+SD,1.0,1,232,0.0
tier3,2018,56,13579,146,L+S+SD,0.9402,1,182,0.0035760399999999956
tier3,2018,56,13579,147,M+L+S+SD,1.0,1,252,0.0
tier3,2018,56,13579,148,C+S+SD,1.0,1,193,0.0
tier3,2018,56,13579,149,M+C+S+SD,1.0,1,263,0.0
tier3,2018,56,13579,150,L+C+S+SD,1.0,1,213,0.0
tier3,2018,56,13579,151,M+L+C+S+SD,1.0,1,283,0.0
tier3,2018,56,13579,152,KD+S+SD,0.2981,1,184,0.49266361
tier3,2018,56,13579,153,M+KD+S+SD,1.0,1,254,0.0
tier3,2018,56,13579,154,L+KD+S+SD,0.94615,1,204,0.0028998224999999948
tier3,2018,56,13579,155,M+L+KD+S+SD,1.0,1,274,0.0
tier3,2018,56,13579,156,C+KD+S+SD,1.0,1,215,0.0
tier3,2018,56,13579,157,M+C+KD+S+SD,1.0,1,285,0.0
tier3,2018,56,13579,158,L+C+KD+S+SD,1.0,1,235,0.0
tier3,2018,56,13579,159,M+L+C+KD+S+SD,1.0,1,305,0.0
tier3,2018,56,13579,160,V+SD,0.0,0,90,0.0
tier3,2018,56,13579,161,M+V+SD,0.77565,0,160,0.6016329224999999
tier3,2018,56,13579,162,L+V+SD,0.0,0,110,0.0
tier3,2018,56,13579,163,M+L+V+SD,1.0,1,180,0.0
tier3,2018,56,13579,164,C+V+SD,0.00015,0,121,2.2499999999999996e-08
tier3,2018,56,13579,165,M+C+V+SD,1.0,1,191,0.0
tier3,2018,56,13579,166,L+C+V+SD,0.15705,0,141,0.0246647025
tier3,2018,56,13579,167,M+L+C+V+SD,1.0,1,211,0.0
tier3,2018,56,13579,168,KD+V+SD,0.0,0,112,0.0
tier3,2018,56,13579,169,M+KD+V+SD,0.79015,1,182,0.044037022499999995
tier3,2018,56,13579,170,L+KD+V+SD,0.0,0,132,0.0
tier3,2018,56,13579,171,M+L+KD+V+SD,1.0,1,202,0.0
tier3,2018,56,13579,172,C+KD+V+SD,0.00025,0,143,6.25e-08
tier3,2018,56,13579,173,M+C+KD+V+SD,1.0,1,213,0.0
tier3,2018,56,13579,174,L+C+KD+V+SD,0.17265,0,163,0.0298080225
tier3,2018,56,13579,175,M+L+C+KD+V+SD,1.0,1,233,0.0
tier3,2018,56,13579,176,S+V+SD,1.0,1,190,0.0
tier3,2018,56,13579,177,M+S+V+SD,1.0,1,260,0.0
tier3,2018,56,13579,178,L+S+V+SD,1.0,1,210,0.0
tier3,2018,56,13579,179,M+L+S+V+SD,1.0,1,280,0.0
tier3,2018,56,13579,180,C+S+V+SD,1.0,1,221,0.0
tier3,2018,56,13579,181,M+C+S+V+SD,1.0,1,291,0.0
tier3,2018,56,13579,182,L+C+S+V+SD,1.0,1,241,0.0
tier3,2018,56,13579,183,M+L+C+S+V+SD,1.0,1,311,0.0
tier3,2018,56,13579,184,KD+S+V+SD,1.0,1,212,0.0
tier3,2018,56,13579,185,M+KD+S+V+SD,1.0,1,282,0.0
tier3,2018,56,13579,186,L+KD+S+V+SD,1.0,1,232,0.0
tier3,2018,56,13579,187,M+L+KD+S+V+SD,1.0,1,302,0.0
tier3,2018,56,13579,188,C+KD+S+V+SD,1.0,1,243,0.0
tier3,2018,56,13579,189,M+C+KD+S+V+SD,1.0,1,313,0.0
tier3,2018,56,13579,190,L+C+KD+S+V+SD,1.0,1,263,0.0
tier3,2018,56,13579,191,M+L+C+KD+S+V+SD,1.0,1,333,0.0
tier3,2018,56,13579,192,MP+SD,0.0,0,78,0.0
tier3,2018,56,13579,193,M+MP+SD,0.13535,0,148,0.0183196225
tier3,2018,56,13579,194,L+MP+SD,0.0,0,98,0.0
tier3,2018,56,13579,195,M+L+MP+SD,0.9476,0,168,0.89794576
tier3,2018,56,13579,196,C+MP+SD,0.0,0,109,0.0
tier3,2018,56,13579,197,M+C+MP+SD,1.0,1,179,0.0
tier3,2018,56,13579,198,L+C+MP+SD,0.00075,0,129,5.625e-07
tier3,2018,56,13579,199,M+L+C+MP+SD,1.0,1,199,0.0
tier3,2018,56,13579,200,KD+MP+SD,0.0,0,100,0.0
tier3,2018,56,13579,201,M+KD+MP+SD,0.1517,0,170,0.02301289
tier3,2018,56,13579,202,L+KD+MP+SD,0.0,0,120,0.0
tier3,2018,56,13579,203,M+L+KD+MP+SD,0.96295,1,190,0.001372702500000002
tier3,2018,56,13579,204,C+KD+MP+SD,0.0,0,131,0.0
tier3,2018,56,13579,205,M+C+KD+MP+SD,1.0,1,201,0.0
tier3,2018,56,13579,206,L+C+KD+MP+SD,0.00075,0,151,5.625e-07
tier3,2018,56,13579,207,M+L+C+KD+MP+SD,1.0,1,221,0.0
tier3,2018,56,13579,208,S+MP+SD,0.9407,1,178,0.0035164900000000023
tier3,2018,56,13579,209,M+S+MP+SD,1.0,1,248,0.0
tier3,2018,56,13579,210,L+S+MP+SD,0.99995,1,198,2.499999999999449e-09
tier3,2018,56,13579,211,M+L+S+MP+SD,1.0,1,268,0.0
tier3,2018,56,13579,212,C+S+MP+SD,1.0,1,209,0.0
tier3,2018,56,13579,213,M+C+S+MP+SD,1.0,1,279,0.0
tier3,2018,56,13579,214,L+C+S+MP+SD,1.0,1,229,0.0
tier3,2018,56,13579,215,M+L+C+S+MP+SD,1.0,1,299,0.0
tier3,2018,56,13579,216,KD+S+MP+SD,0.95825,1,200,0.0017430624999999961
tier3,2018,56,13579,217,M+KD+S+MP+SD,1.0,1,270,0.0
tier3,2018,56,13579,218,L+KD+S+MP+SD,0.99995,1,220,2.499999999999449e-09
tier3,2018,56,13579,219,M+L+KD+S+MP+SD,1.0,1,290,0.0
tier3,2018,56,13579,220,C+KD+S+MP+SD,1.0,1,231,0.0
tier3,2018,56,13579,221,M+C+KD+S+MP+SD,1.0,1,301,0.0
tier3,2018,56,13579,222,L+C+KD+S+MP+SD,1.0,1,251,0.0
tier3,2018,56,13579,223,M+L+C+KD+S+MP+SD,1.0,1,321,0.0
tier3,2018,56,13579,224,V+MP+SD,0.0,0,106,0.0
tier3,2018,56,13579,225,M+V+MP+SD,1.0,1,176,0.0
tier3,2018,56,13579,226,L+V+MP+SD,0.0,0,126,0.0
tier3,2018,56,13579,227,M+L+V+MP+SD,1.0,1,196,0.0
tier3,2018,56,13579,228,C+V+MP+SD,0.0899,0,137,0.008082009999999999
tier3,2018,56,13579,229,M+C+V+MP+SD,1.0,1,207,0.0
tier3,2018,56,13579,230,L+C+V+MP+SD,0.79835,0,157,0.6373627225
tier3,2018,56,13579,231,M+L+C+V+MP+SD,1.0,1,227,0.0
tier3,2018,56,13579,232,KD+V+MP+SD,0.0,0,128,0.0
tier3,2018,56,13579,233,M+KD+V+MP+SD,1.0,1,198,0.0
tier3,2018,56,13579,234,L+KD+V+MP+SD,0.0,0,148,0.0
tier3,2018,56,13579,235,M+L+KD+V+MP+SD,1.0,1,218,0.0
tier3,2018,56,13579,236,C+KD+V+MP+SD,0.0964,0,159,0.00929296
tier3,2018,56,13579,237,M+C+KD+V+MP+SD,1.0,1,229,0.0
tier3,2018,56,13579,238,L+C+KD+V+MP+SD,0.8244,1,179,0.030835359999999992
tier3,2018,56,13579,239,M+L+C+KD+V+MP+SD,1.0,1,249,0.0
tier3,2018,56,13579,240,S+V+MP+SD,1.0,1,206,0.0
tier3,2018,56,13579,241,M+S+V+MP+SD,1.0,1,276,0.0
tier3,2018,56,13579,242,L+S+V+MP+SD,1.0,1,226,0.0
tier3,2018,56,13579,243,M+L+S+V+MP+SD,1.0,1,296,0.0
tier3,2018,56,13579,244,C+S+V+MP+SD,1.0,1,237,0.0
tier3,2018,56,13579,245,M+C+S+V+MP+SD,1.0,1,307,0.0
tier3,2018,56,13579,246,L+C+S+V+MP+SD,1.0,1,257,0.0
tier3,2018,56,13579,247,M+L+C+S+V+MP+SD,1.0,1,327,0.0
tier3,2018,56,13579,248,KD+S+V+MP+SD,1.0,1,228,0.0
tier3,2018,56,13579,249,M+KD+S+V+MP+SD,1.0,1,298,0.0
tier3,2018,56,13579,250,L+KD+S+V+MP+SD,1.0,1,248,0.0
tier3,2018,56,13579,251,M+L+KD+S+V+MP+SD,1.0,1,318,0.0
tier3,2018,56,13579,252,C+KD+S+V+MP+SD,1.0,1,259,0.0
tier3,2018,56,13579,253,M+C+KD+S+V+MP+SD,1.0,1,329,0.0
tier3,2018,56,13579,254,L+C+KD+S+V+MP+SD,1.0,1,279,0.0
tier3,2018,28,12345,1,M,0.0,0,70,0.0
tier3,2018,28,12345,2,L,0.0,0,20,0.0
tier3,2018,28,12345,3,M+L,0.0,0,90,0.0
tier3,2018,28,12345,4,C,0.0,0,31,0.0
tier3,2018,28,12345,5,M+C,0.0,0,101,0.0
tier3,2018,28,12345,6,L+C,0.0,0,51,0.0
tier3,2018,28,12345,7,M+L+C,0.0,0,121,0.0
tier3,2018,28,12345,8,KD,0.0,0,22,0.0
tier3,2018,28,12345,9,M+KD,0.0,0,92,0.0
tier3,2018,28,12345,10,L+KD,0.0,0,42,0.0
tier3,2018,28,12345,11,M+L+KD,0.0,0,112,0.0
tier3,2018,28,12345,12,C+KD,0.0,0,53,0.0
tier3,2018,28,12345,13,M+C+KD,0.0,0,123,0.0
tier3,2018,28,12345,14,L+C+KD,0.0,0,73,0.0
tier3,2018,28,12345,15,M+L+C+KD,0.0,0,143,0.0
tier3,2018,28,12345,16,S,0.0,0,100,0.0
tier3,2018,28,12345,17,M+S,0.009,0,170,8.099999999999999e-05
tier3,2018,28,12345,18,L+S,0.0,0,120,0.0
tier3,2018,28,12345,19,M+L+S,0.87995,1,190,0.014412002499999998
tier3,2018,28,12345,20,C+S,0.0,0,131,0.0
tier3,2018,28,12345,21,M+C+S,1.0,1,201,0.0
tier3,2018,28,12345,22,L+C+S,0.0,0,151,0.0
tier3,2018,28,12345,23,M+L+C+S,1.0,1,221,0.0
tier3,2018,28,12345,24,KD+S,0.0,0,122,0.0
tier3,2018,28,12345,25,M+KD+S,0.3138,1,192,0.4708704399999999
tier3,2018,28,12345,26,L+KD+S,0.0,0,142,0.0
tier3,2018,28,12345,27,M+L+KD+S,0.996,1,212,1.600000000000003e-05
tier3,2018,28,12345,28,C+KD+S,0.0,0,153,0.0
tier3,2018,28,12345,29,M+C+KD+S,1.0,1,223,0.0
tier3,2018,28,12345,30,L+C+KD+S,0.0041,0,173,1.6810000000000003e-05
tier3,2018,28,12345,31,M+L+C+KD+S,1.0,1,243,0.0
tier3,2018,28,12345,32,V,0.0,0,28,0.0
tier3,2018,28,12345,33,M+V,0.0,0,98,0.0
tier3,2018,28,12345,34,L+V,0.0,0,48,0.0
tier3,2018,28,12345,35,M+L+V,0.0,0,118,0.0
tier3,2018,28,12345,36,C+V,0.0,0,59,0.0
tier3,2018,28,12345,37,M+C+V,0.0,0,129,0.0
tier3,2018,28,12345,38,L+C+V,0.0,0,79,0.0
tier3,2018,28,12345,39,M+L+C+V,0.0006,0,149,3.5999999999999994e-07
tier3,2018,28,12345,40,KD+V,0.0,0,50,0.0
tier3,2018,28,12345,41,M+KD+V,0.0,0,120,0.0
tier3,2018,28,12345,42,L+KD+V,0.0,0,70,0.0
tier3,2018,28,12345,43,M+L+KD+V,0.0,0,140,0.0
tier3,2018,28,12345,44,C+KD+V,0.0,0,81,0.0
tier3,2018,28,12345,45,M+C+KD+V,0.0,0,151,0.0
tier3,2018,28,12345,46,L+C+KD+V,0.0,0,101,0.0
tier3,2018,28,12345,47,M+L+C+KD+V,0.1653,0,171,0.027324090000000002
tier3,2018,28,12345,48,S+V,0.0,0,128,0.0
tier3,2018,28,12345,49,M+S+V,0.99955,1,198,2.024999999999554e-07
tier3,2018,28,12345,50,L+S+V,0.0,0,148,0.0
tier3,2018,28,12345,51,M+L+S+V,1.0,1,218,0.0
tier3,2018,28,12345,52,C+S+V,0.0023,0,159,5.29e-06
tier3,2018,28,12345,53,M+C+S+V,1.0,1,229,0.0
tier3,2018,28,12345,54,L+C+S+V,0.74245,1,179,0.06633200249999997
tier3,2018,28,12345,55,M+L+C+S+V,1.0,1,249,0.0
tier3,2018,28,12345,56,KD+S+V,0.0,0,150,0.0
tier3,2018,28,12345,57,M+KD+S+V,1.0,1,220,0.0
tier3,2018,28,12345,58,L+KD+S+V,0.0,0,170,0.0
tier3,2018,28,12345,59,M+L+KD+S+V,1.0,1,240,0.0
tier3,2018,28,12345,60,C+KD+S+V,0.17895,1,181,0.6741231025000001
tier3,2018,28,12345,61,M+C+KD+S+V,1.0,1,251,0.0
tier3,2018,28,12345,62,L+C+KD+S+V,0.98525,1,201,0.0002175625000000012
tier3,2018,28,12345,63,M+L+C+KD+S+V,1.0,1,271,0.0
tier3,2018,28,12345,64,MP,0.0,0,16,0.0
tier3,2018,28,12345,65,M+MP,0.0,0,86,0.0
tier3,2018,28,12345,66,L+MP,0.0,0,36,0.0
tier3,2018,28,12345,67,M+L+MP,0.0,0,106,0.0
tier3,2018,28,12345,68,C+MP,0.0,0,47,0.0
tier3,2018,28,12345,69,M+C+MP,0.0,0,117,0.0
tier3,2018,28,12345,70,L+C+MP,0.0,0,67,0.0
tier3,2018,28,12345,71,M+L+C+MP,0.0,0,137,0.0
tier3,2018,28,12345,72,KD+MP,0.0,0,38,0.0
tier3,2018,28,12345,73,M+KD+MP,0.0,0,108,0.0
tier3,2018,28,12345,74,L+KD+MP,0.0,0,58,0.0
tier3,2018,28,12345,75,M+L+KD+MP,0.0,0,128,0.0
tier3,2018,28,12345,76,C+KD+MP,0.0,0,69,0.0
tier3,2018,28,12345,77,M+C+KD+MP,0.0,0,139,0.0
tier3,2018,28,12345,78,L+C+KD+MP,0.0,0,89,0.0
tier3,2018,28,12345,79,M+L+C+KD+MP,0.0,0,159,0.0
tier3,2018,28,12345,80,S+MP,0.0,0,116,0.0
tier3,2018,28,12345,81,M+S+MP,0.83465,1,186,0.027340622499999998
tier3,2018,28,12345,82,L+S+MP,0.0,0,136,0.0
tier3,2018,28,12345,83,M+L+S+MP,1.0,1,206,0.0
tier3,2018,28,12345,84,C+S+MP,0.0,0,147,0.0
tier3,2018,28,12345,85,M+C+S+MP,1.0,1,217,0.0
tier3,2018,28,12345,86,L+C+S+MP,0.25045,0,167,0.06272520250000001
tier3,2018,28,12345,87,M+L+C+S+MP,1.0,1,237,0.0
tier3,2018,28,12345,88,KD+S+MP,0.0,0,138,0.0
tier3,2018,28,12345,89,M+KD+S+MP,0.9941,1,208,3.481000000000019e-05
tier3,2018,28,12345,90,L+KD+S+MP,0.0,0,158,0.0
tier3,2018,28,12345,91,M+L+KD+S+MP,1.0,1,228,0.0
tier3,2018,28,12345,92,C+KD+S+MP,0.0009,0,169,8.1e-07
tier3,2018,28,12345,93,M+C+KD+S+MP,1.0,1,239,0.0
tier3,2018,28,12345,94,L+C+KD+S+MP,0.51605,1,189,0.2342076025
tier3,2018,28,12345,95,M+L+C+KD+S+MP,1.0,1,259,0.0
tier3,2018,28,12345,96,V+MP,0.0,0,44,0.0
tier3,2018,28,12345,97,M+V+MP,0.0,0,114,0.0
tier3,2018,28,12345,98,L+V+MP,0.0,0,64,0.0
tier3,2018,28,12345,99,M+L+V+MP,0.0,0,134,0.0
tier3,2018,28,12345,100,C+V+MP,0.0,0,75,0.0
tier3,2018,28,12345,101,M+C+V+MP,0.00335,0,145,1.1222500000000001e-05
tier3,2018,28,12345,102,L+C+V+MP,0.0,0,95,0.0
tier3,2018,28,12345,103,M+L+C+V+MP,0.6575,0,165,0.43230624999999995
tier3,2018,28,12345,104,KD+V+MP,0.0,0,66,0.0
tier3,2018,28,12345,105,M+KD+V+MP,0.0,0,136,0.0
tier3,2018,28,12345,106,L+KD+V+MP,0.0,0,86,0.0
tier3,2018,28,12345,107,M+L+KD+V+MP,5e-05,0,156,2.5e-09
tier3,2018,28,12345,108,C+KD+V+MP,0.0,0,97,0.0
tier3,2018,28,12345,109,M+C+KD+V+MP,0.13805,0,167,0.019057802500000002
tier3,2018,28,12345,110,L+C+KD+V+MP,0.0,0,117,0.0
tier3,2018,28,12345,111,M+L+C+KD+V+MP,0.9398,1,187,0.0036240400000000037
tier3,2018,28,12345,112,S+V+MP,0.0,0,144,0.0
tier3,2018,28,12345,113,M+S+V+MP,1.0,1,214,0.0
tier3,2018,28,12345,114,L+S+V+MP,0.21845,0,164,0.0477204025
tier3,2018,28,12345,115,M+L+S+V+MP,1.0,1,234,0.0
tier3,2018,28,12345,116,C+S+V+MP,0.64915,1,175,0.12309572249999999
tier3,2018,28,12345,117,M+C+S+V+MP,1.0,1,245,0.0
tier3,2018,28,12345,118,L+C+S+V+MP,0.99765,1,195,5.522499999999827e-06
tier3,2018,28,12345,119,M+L+C+S+V+MP,1.0,1,265,0.0
tier3,2018,28,12345,120,KD+S+V+MP,0.0,0,166,0.0
tier3,2018,28,12345,121,M+KD+S+V+MP,1.0,1,236,0.0
tier3,2018,28,12345,122,L+KD+S+V+MP,0.6129,1,186,0.14984641
tier3,2018,28,12345,123,M+L+KD+S+V+MP,1.0,1,256,0.0
tier3,2018,28,12345,124,C+KD+S+V+MP,0.95775,1,197,0.0017850625000000008
tier3,2018,28,12345,125,M+C+KD+S+V+MP,1.0,1,267,0.0
tier3,2018,28,12345,126,L+C+KD+S+V+MP,1.0,1,217,0.0
tier3,2018,28,12345,127,M+L+C+KD+S+V+MP,1.0,1,287,0.0
tier3,2018,28,12345,128,SD,0.0,0,62,0.0
tier3,2018,28,12345,129,M+SD,0.0,0,132,0.0
tier3,2018,28,12345,130,L+SD,0.0,0,82,0.0
tier3,2018,28,12345,131,M+L+SD,0.04225,0,152,0.0017850625000000002
tier3,2018,28,12345,132,C+SD,0.0,0,93,0.0
tier3,2018,28,12345,133,M+C+SD,0.3871,0,163,0.14984641
tier3,2018,28,12345,134,L+C+SD,0.0,0,113,0.0
tier3,2018,28,12345,135,M+L+C+SD,1.0,1,183,0.0
tier3,2018,28,12345,136,KD+SD,0.0,0,84,0.0
tier3,2018,28,12345,137,M+KD+SD,0.00235,0,154,5.5225e-06
tier3,2018,28,12345,138,L+KD+SD,0.0,0,104,0.0
tier3,2018,28,12345,139,M+L+KD+SD,0.35085,0,174,0.12309572249999999
tier3,2018,28,12345,140,C+KD+SD,0.0,0,115,0.0
tier3,2018,28,12345,141,M+C+KD+SD,0.78155,1,185,0.047720402500000016
tier3,2018,28,12345,142,L+C+KD+SD,0.0,0,135,0.0
tier3,2018,28,12345,143,M+L+C+KD+SD,1.0,1,205,0.0
tier3,2018,28,12345,144,S+SD,0.0602,0,162,0.0036240399999999994
tier3,2018,28,12345,145,M+S+SD,1.0,1,232,0.0
tier3,2018,28,12345,146,L+S+SD,0.86195,1,182,0.019057802500000002
tier3,2018,28,12345,147,M+L+S+SD,1.0,1,252,0.0
tier3,2018,28,12345,148,C+S+SD,0.99995,1,193,2.499999999999449e-09
tier3,2018,28,12345,149,M+C+S+SD,1.0,1,263,0.0
tier3,2018,28,12345,150,L+C+S+SD,1.0,1,213,0.0
tier3,2018,28,12345,151,M+L+C+S+SD,1.0,1,283,0.0
tier3,2018,28,12345,152,KD+S+SD,0.3425,1,184,0.43230624999999995
tier3,2018,28,12345,153,M+KD+S+SD,1.0,1,254,0.0
tier3,2018,28,12345,154,L+KD+S+SD,0.99665,1,204,1.1222499999999759e-05
tier3,2018,28,12345,155,M+L+KD+S+SD,1.0,1,274,0.0
tier3,2018,28,12345,156,C+KD+S+SD,1.0,1,215,0.0
tier3,2018,28,12345,157,M+C+KD+S+SD,1.0,1,285,0.0
tier3,2018,28,12345,158,L+C+KD+S+SD,1.0,1,235,0.0
tier3,2018,28,12345,159,M+L+C+KD+S+SD,1.0,1,305,0.0
tier3,2018,28,12345,160,V+SD,0.0,0,90,0.0
tier3,2018,28,12345,161,M+V+SD,0.48395,0,160,0.2342076025
tier3,2018,28,12345,162,L+V+SD,0.0,0,110,0.0
tier3,2018,28,12345,163,M+L+V+SD,0.9991,1,180,8.100000000000215e-07
tier3,2018,28,12345,164,C+V+SD,0.0,0,121,0.0
tier3,2018,28,12345,165,M+C+V+SD,1.0,1,191,0.0
tier3,2018,28,12345,166,L+C+V+SD,0.0059,0,141,3.481e-05
tier3,2018,28,12345,167,M+L+C+V+SD,1.0,1,211,0.0
tier3,2018,28,12345,168,KD+V+SD,0.0,0,112,0.0
tier3,2018,28,12345,169,M+KD+V+SD,0.74955,1,182,0.06272520249999998
tier3,2018,28,12345,170,L+KD+V+SD,0.0,0,132,0.0
tier3,2018,28,12345,171,M+L+KD+V+SD,1.0,1,202,0.0
tier3,2018,28,12345,172,C+KD+V+SD,0.0,0,143,0.0
tier3,2018,28,12345,173,M+C+KD+V+SD,1.0,1,213,0.0
tier3,2018,28,12345,174,L+C+KD+V+SD,0.16535,0,163,0.027340622499999998
tier3,2018,28,12345,175,M+L+C+KD+V+SD,1.0,1,233,0.0
tier3,2018,28,12345,176,S+V+SD,1.0,1,190,0.0
tier3,2018,28,12345,177,M+S+V+SD,1.0,1,260,0.0
tier3,2018,28,12345,178,L+S+V+SD,1.0,1,210,0.0
tier3,2018,28,12345,179,M+L+S+V+SD,1.0,1,280,0.0
tier3,2018,28,12345,180,C+S+V+SD,1.0,1,221,0.0
tier3,2018,28,12345,181,M+C+S+V+SD,1.0,1,291,0.0
tier3,2018,28,12345,182,L+C+S+V+SD,1.0,1,241,0.0
tier3,2018,28,12345,183,M+L+C+S+V+SD,1.0,1,311,0.0
tier3,2018,28,12345,184,KD+S+V+SD,1.0,1,212,0.0
tier3,2018,28,12345,185,M+KD+S+V+SD,1.0,1,282,0.0
tier3,2018,28,12345,186,L+KD+S+V+SD,1.0,1,232,0.0
tier3,2018,28,12345,187,M+L+KD+S+V+SD,1.0,1,302,0.0
tier3,2018,28,12345,188,C+KD+S+V+SD,1.0,1,243,0.0
tier3,2018,28,12345,189,M+C+KD+S+V+SD,1.0,1,313,0.0
tier3,2018,28,12345,190,L+C+KD+S+V+SD,1.0,1,263,0.0
tier3,2018,28,12345,191,M+L+C+KD+S+V+SD,1.0,1,333,0.0
tier3,2018,28,12345,192,MP+SD,0.0,0,78,0.0
tier3,2018,28,12345,193,M+MP+SD,0.01475,0,148,0.00021756249999999998
tier3,2018,28,12345,194,L+MP+SD,0.0,0,98,0.0
tier3,2018,28,12345,195,M+L+MP+SD,0.82105,0,168,0.6741231025
tier3,2018,28,12345,196,C+MP+SD,0.0,0,109,0.0
tier3,2018,28,12345,197,M+C+MP+SD,1.0,1,179,0.0
tier3,2018,28,12345,198,L+C+MP+SD,0.0,0,129,0.0
tier3,2018,28,12345,199,M+L+C+MP+SD,1.0,1,199,0.0
tier3,2018,28,12345,200,KD+MP+SD,0.0,0,100,0.0
tier3,2018,28,12345,201,M+KD+MP+SD,0.25755,0,170,0.0663320025
tier3,2018,28,12345,202,L+KD+MP+SD,0.0,0,120,0.0
tier3,2018,28,12345,203,M+L+KD+MP+SD,0.9977,1,190,5.289999999999856e-06
tier3,2018,28,12345,204,C+KD+MP+SD,0.0,0,131,0.0
tier3,2018,28,12345,205,M+C+KD+MP+SD,1.0,1,201,0.0
tier3,2018,28,12345,206,L+C+KD+MP+SD,0.00045,0,151,2.025e-07
tier3,2018,28,12345,207,M+L+C+KD+MP+SD,1.0,1,221,0.0
tier3,2018,28,12345,208,S+MP+SD,0.8347,1,178,0.027324090000000002
tier3,2018,28,12345,209,M+S+MP+SD,1.0,1,248,0.0
tier3,2018,28,12345,210,L+S+MP+SD,1.0,1,198,0.0
tier3,2018,28,12345,211,M+L+S+MP+SD,1.0,1,268,0.0
tier3,2018,28,12345,212,C+S+MP+SD,1.0,1,209,0.0
tier3,2018,28,12345,213,M+C+S+MP+SD,1.0,1,279,0.0
tier3,2018,28,12345,214,L+C+S+MP+SD,1.0,1,229,0.0
tier3,2018,28,12345,215,M+L+C+S+MP+SD,1.0,1,299,0.0
tier3,2018,28,12345,216,KD+S+MP+SD,0.9994,1,200,3.6000000000005394e-07
tier3,2018,28,12345,217,M+KD+S+MP+SD,1.0,1,270,0.0
tier3,2018,28,12345,218,L+KD+S+MP+SD,1.0,1,220,0.0
tier3,2018,28,12345,219,M+L+KD+S+MP+SD,1.0,1,290,0.0
tier3,2018,28,12345,220,C+KD+S+MP+SD,1.0,1,231,0.0
tier3,2018,28,12345,221,M+C+KD+S+MP+SD,1.0,1,301,0.0
tier3,2018,28,12345,222,L+C+KD+S+MP+SD,1.0,1,251,0.0
tier3,2018,28,12345,223,M+L+C+KD+S+MP+SD,1.0,1,321,0.0
tier3,2018,28,12345,224,V+MP+SD,0.0,0,106,0.0
tier3,2018,28,12345,225,M+V+MP+SD,0.9959,1,176,1.680999999999994e-05
tier3,2018,28,12345,226,L+V+MP+SD,0.0,0,126,0.0
tier3,2018,28,12345,227,M+L+V+MP+SD,1.0,1,196,0.0
tier3,2018,28,12345,228,C+V+MP+SD,0.004,0,137,1.6e-05
tier3,2018,28,12345,229,M+C+V+MP+SD,1.0,1,207,0.0
tier3,2018,28,12345,230,L+C+V+MP+SD,0.6862,0,157,0.47087044000000006
tier3,2018,28,12345,231,M+L+C+V+MP+SD,1.0,1,227,0.0
tier3,2018,28,12345,232,KD+V+MP+SD,0.0,0,128,0.0
tier3,2018,28,12345,233,M+KD+V+MP+SD,1.0,1,198,0.0
tier3,2018,28,12345,234,L+KD+V+MP+SD,0.0,0,148,0.0
tier3,2018,28,12345,235,M+L+KD+V+MP+SD,1.0,1,218,0.0
tier3,2018,28,12345,236,C+KD+V+MP+SD,0.12005,0,159,0.014412002500000002
tier3,2018,28,12345,237,M+C+KD+V+MP+SD,1.0,1,229,0.0
tier3,2018,28,12345,238,L+C+KD+V+MP+SD,0.991,1,179,8.100000000000014e-05
tier3,2018,28,12345,239,M+L+C+KD+V+MP+SD,1.0,1,249,0.0
tier3,2018,28,12345,240,S+V+MP+SD,1.0,1,206,0.0
tier3,2018,28,12345,241,M+S+V+MP+SD,1.0,1,276,0.0
tier3,2018,28,12345,242,L+S+V+MP+SD,1.0,1,226,0.0
tier3,2018,28,12345,243,M+L+S+V+MP+SD,1.0,1,296,0.0
tier3,2018,28,12345,244,C+S+V+MP+SD,1.0,1,237,0.0
tier3,2018,28,12345,245,M+C+S+V+MP+SD,1.0,1,307,0.0
tier3,2018,28,12345,246,L+C+S+V+MP+SD,1.0,1,257,0.0
tier3,2018,28,12345,247,M+L+C+S+V+MP+SD,1.0,1,327,0.0
tier3,2018,28,12345,248,KD+S+V+MP+SD,1.0,1,228,0.0
tier3,2018,28,12345,249,M+KD+S+V+MP+SD,1.0,1,298,0.0
tier3,2018,28,12345,250,L+KD+S+V+MP+SD,1.0,1,248,0.0
tier3,2018,28,12345,251,M+L+KD+S+V+MP+SD,1.0,1,318,0.0
tier3,2018,28,12345,252,C+KD+S+V+MP+SD,1.0,1,259,0.0
tier3,2018,28,12345,253,M+C+KD+S+V+MP+SD,1.0,1,329,0.0
tier3,2018,28,12345,254,L+C+KD+S+V+MP+SD,1.0,1,279,0.0
tier3,2018,28,24680,1,M,0.0,0,70,0.0
tier3,2018,28,24680,2,L,0.0,0,20,0.0
tier3,2018,28,24680,3,M+L,0.0,0,90,0.0
tier3,2018,28,24680,4,C,0.0,0,31,0.0
tier3,2018,28,24680,5,M+C,0.0,0,101,0.0
tier3,2018,28,24680,6,L+C,0.0,0,51,0.0
tier3,2018,28,24680,7,M+L+C,0.0,0,121,0.0
tier3,2018,28,24680,8,KD,0.0,0,22,0.0
tier3,2018,28,24680,9,M+KD,0.0,0,92,0.0
tier3,2018,28,24680,10,L+KD,0.0,0,42,0.0
tier3,2018,28,24680,11,M+L+KD,0.0,0,112,0.0
tier3,2018,28,24680,12,C+KD,0.0,0,53,0.0
tier3,2018,28,24680,13,M+C+KD,0.0,0,123,0.0
tier3,2018,28,24680,14,L+C+KD,0.0,0,73,0.0
tier3,2018,28,24680,15,M+L+C+KD,0.0,0,143,0.0
tier3,2018,28,24680,16,S,0.0,0,100,0.0
tier3,2018,28,24680,17,M+S,0.00765,0,170,5.8522499999999994e-05
tier3,2018,28,24680,18,L+S,0.0,0,120,0.0
tier3,2018,28,24680,19,M+L+S,0.8788,1,190,0.014689439999999995
tier3,2018,28,24680,20,C+S,0.0,0,131,0.0
tier3,2018,28,24680,21,M+C+S,1.0,1,201,0.0
tier3,2018,28,24680,22,L+C+S,0.0,0,151,0.0
tier3,2018,28,24680,23,M+L+C+S,1.0,1,221,0.0
tier3,2018,28,24680,24,KD+S,0.0,0,122,0.0
tier3,2018,28,24680,25,M+KD+S,0.3129,1,192,0.4721064100000001
tier3,2018,28,24680,26,L+KD+S,0.0,0,142,0.0
tier3,2018,28,24680,27,M+L+KD+S,0.9959,1,212,1.680999999999994e-05
tier3,2018,28,24680,28,C+KD+S,0.0,0,153,0.0
tier3,2018,28,24680,29,M+C+KD+S,1.0,1,223,0.0
tier3,2018,28,24680,30,L+C+KD+S,0.00425,0,173,1.8062500000000002e-05
tier3,2018,28,24680,31,M+L+C+KD+S,1.0,1,243,0.0
tier3,2018,28,24680,32,V,0.0,0,28,0.0
tier3,2018,28,24680,33,M+V,0.0,0,98,0.0
tier3,2018,28,24680,34,L+V,0.0,0,48,0.0
tier3,2018,28,24680,35,M+L+V,0.0,0,118,0.0
tier3,2018,28,24680,36,C+V,0.0,0,59,0.0
tier3,2018,28,24680,37,M+C+V,0.0,0,129,0.0
tier3,2018,28,24680,38,L+C+V,0.0,0,79,0.0
tier3,2018,28,24680,39,M+L+C+V,0.00045,0,149,2.025e-07
tier3,2018,28,24680,40,KD+V,0.0,0,50,0.0
tier3,2018,28,24680,41,M+KD+V,0.0,0,120,0.0
tier3,2018,28,24680,42,L+KD+V,0.0,0,70,0.0
tier3,2018,28,24680,43,M+L+KD+V,0.0,0,140,0.0
tier3,2018,28,24680,44,C+KD+V,0.0,0,81,0.0
tier3,2018,28,24680,45,M+C+KD+V,0.0,0,151,0.0
tier3,2018,28,24680,46,L+C+KD+V,0.0,0,101,0.0
tier3,2018,28,24680,47,M+L+C+KD+V,0.16775,0,171,0.028140062500000004
tier3,2018,28,24680,48,S+V,0.0,0,128,0.0
tier3,2018,28,24680,49,M+S+V,0.99905,1,198,9.025000000000121e-07
tier3,2018,28,24680,50,L+S+V,0.0,0,148,0.0
tier3,2018,28,24680,51,M+L+S+V,1.0,1,218,0.0
tier3,2018,28,24680,52,C+S+V,0.00275,0,159,7.562499999999999e-06
tier3,2018,28,24680,53,M+C+S+V,1.0,1,229,0.0
tier3,2018,28,24680,54,L+C+S+V,0.7404,1,179,0.06739216000000003
tier3,2018,28,24680,55,M+L+C+S+V,1.0,1,249,0.0
tier3,2018,28,24680,56,KD+S+V,0.0,0,150,0.0
tier3,2018,28,24680,57,M+KD+S+V,1.0,1,220,0.0
tier3,2018,28,24680,58,L+KD+S+V,0.0,0,170,0.0
tier3,2018,28,24680,59,M+L+KD+S+V,1.0,1,240,0.0
tier3,2018,28,24680,60,C+KD+S+V,0.1825,1,181,0.66830625
tier3,2018,28,24680,61,M+C+KD+S+V,1.0,1,251,0.0
tier3,2018,28,24680,62,L+C+KD+S+V,0.98395,1,201,0.0002576025000000003
tier3,2018,28,24680,63,M+L+C+KD+S+V,1.0,1,271,0.0
tier3,2018,28,24680,64,MP,0.0,0,16,0.0
tier3,2018,28,24680,65,M+MP,0.0,0,86,0.0
tier3,2018,28,24680,66,L+MP,0.0,0,36,0.0
tier3,2018,28,24680,67,M+L+MP,0.0,0,106,0.0
tier3,2018,28,24680,68,C+MP,0.0,0,47,0.0
tier3,2018,28,24680,69,M+C+MP,0.0,0,117,0.0
tier3,2018,28,24680,70,L+C+MP,0.0,0,67,0.0
tier3,2018,28,24680,71,M+L+C+MP,0.0,0,137,0.0
tier3,2018,28,24680,72,KD+MP,0.0,0,38,0.0
tier3,2018,28,24680,73,M+KD+MP,0.0,0,108,0.0
tier3,2018,28,24680,74,L+KD+MP,0.0,0,58,0.0
tier3,2018,28,24680,75,M+L+KD+MP,0.0,0,128,0.0
tier3,2018,28,24680,76,C+KD+MP,0.0,0,69,0.0
tier3,2018,28,24680,77,M+C+KD+MP,0.0,0,139,0.0
tier3,2018,28,24680,78,L+C+KD+MP,0.0,0,89,0.0
tier3,2018,28,24680,79,M+L+C+KD+MP,0.0,0,159,0.0
tier3,2018,28,24680,80,S+MP,0.0,0,116,0.0
tier3,2018,28,24680,81,M+S+MP,0.8326,1,186,0.028022759999999997
tier3,2018,28,24680,82,L+S+MP,0.0,0,136,0.0
tier3,2018,28,24680,83,M+L+S+MP,1.0,1,206,0.0
tier3,2018,28,24680,84,C+S+MP,0.0,0,147,0.0
tier3,2018,28,24680,85,M+C+S+MP,1.0,1,217,0.0
tier3,2018,28,24680,86,L+C+S+MP,0.2468,0,167,0.06091024
tier3,2018,28,24680,87,M+L+C+S+MP,1.0,1,237,0.0
tier3,2018,28,24680,88,KD+S+MP,0.0,0,138,0.0
tier3,2018,28,24680,89,M+KD+S+MP,0.9937,1,208,3.968999999999965e-05
tier3,2018,28,24680,90,L+KD+S+MP,0.0,0,158,0.0
tier3,2018,28,24680,91,M+L+KD+S+MP,1.0,1,228,0.0
tier3,2018,28,24680,92,C+KD+S+MP,0.00085,0,169,7.225e-07
tier3,2018,28,24680,93,M+C+KD+S+MP,1.0,1,239,0.0
tier3,2018,28,24680,94,L+C+KD+S+MP,0.5155,1,189,0.23474025000000004
tier3,2018,28,24680,95,M+L+C+KD+S+MP,1.0,1,259,0.0
tier3,2018,28,24680,96,V+MP,0.0,0,44,0.0
tier3,2018,28,24680,97,M+V+MP,0.0,0,114,0.0
tier3,2018,28,24680,98,L+V+MP,0.0,0,64,0.0
tier3,2018,28,24680,99,M+L+V+MP,0.0,0,134,0.0
tier3,2018,28,24680,100,C+V+MP,0.0,0,75,0.0
tier3,2018,28,24680,101,M+C+V+MP,0.00285,0,145,8.1225e-06
tier3,2018,28,24680,102,L+C+V+MP,0.0,0,95,0.0
tier3,2018,28,24680,103,M+L+C+V+MP,0.6567,0,165,0.43125488999999995
tier3,2018,28,24680,104,KD+V+MP,0.0,0,66,0.0
tier3,2018,28,24680,105,M+KD+V+MP,0.0,0,136,0.0
tier3,2018,28,24680,106,L+KD+V+MP,0.0,0,86,0.0
tier3,2018,28,24680,107,M+L+KD+V+MP,0.0,0,156,0.0
tier3,2018,28,24680,108,C+KD+V+MP,0.0,0,97,0.0
tier3,2018,28,24680,109,M+C+KD+V+MP,0.1365,0,167,0.018632250000000003
tier3,2018,28,24680,110,L+C+KD+V+MP,0.0,0,117,0.0
tier3,2018,28,24680,111,M+L+C+KD+V+MP,0.9414,1,187,0.0034339599999999985
tier3,2018,28,24680,112,S+V+MP,0.0,0,144,0.0
tier3,2018,28,24680,113,M+S+V+MP,1.0,1,214,0.0
tier3,2018,28,24680,114,L+S+V+MP,0.2166,0,164,0.046915559999999995
tier3,2018,28,24680,115,M+L+S+V+MP,1.0,1,234,0.0
tier3,2018,28,24680,116,C+S+V+MP,0.64725,1,175,0.12443256250000001
tier3,2018,28,24680,117,M+C+S+V+MP,1.0,1,245,0.0
tier3,2018,28,24680,118,L+C+S+V+MP,0.99825,1,195,3.0625000000001024e-06
tier3,2018,28,24680,119,M+L+C+S+V+MP,1.0,1,265,0.0
tier3,2018,28,24680,120,KD+S+V+MP,0.0,0,166,0.0
tier3,2018,28,24680,121,M+KD+S+V+MP,1.0,1,236,0.0
tier3,2018,28,24680,122,L+KD+S+V+MP,0.6103,1,186,0.15186609000000004
tier3,2018,28,24680,123,M+L+KD+S+V+MP,1.0,1,256,0.0
tier3,2018,28,24680,124,C+KD+S+V+MP,0.95725,1,197,0.001827562499999996
tier3,2018,28,24680,125,M+C+KD+S+V+MP,1.0,1,267,0.0
tier3,2018,28,24680,126,L+C+KD+S+V+MP,1.0,1,217,0.0
tier3,2018,28,24680,127,M+L+C+KD+S+V+MP,1.0,1,287,0.0
tier3,2018,28,24680,128,SD,0.0,0,62,0.0
tier3,2018,28,24680,129,M+SD,0.0,0,132,0.0
tier3,2018,28,24680,130,L+SD,0.0,0,82,0.0
tier3,2018,28,24680,131,M+L+SD,0.04275,0,152,0.0018275625000000002
tier3,2018,28,24680,132,C+SD,0.0,0,93,0.0
tier3,2018,28,24680,133,M+C+SD,0.3897,0,163,0.15186608999999998
tier3,2018,28,24680,134,L+C+SD,0.0,0,113,0.0
tier3,2018,28,24680,135,M+L+C+SD,1.0,1,183,0.0
tier3,2018,28,24680,136,KD+SD,0.0,0,84,0.0
tier3,2018,28,24680,137,M+KD+SD,0.00175,0,154,3.0625000000000003e-06
tier3,2018,28,24680,138,L+KD+SD,0.0,0,104,0.0
tier3,2018,28,24680,139,M+L+KD+SD,0.35275,0,174,0.12443256250000001
tier3,2018,28,24680,140,C+KD+SD,0.0,0,115,0.0
tier3,2018,28,24680,141,M+C+KD+SD,0.7834,1,185,0.04691556000000001
tier3,2018,28,24680,142,L+C+KD+SD,0.0,0,135,0.0
tier3,2018,28,24680,143,M+L+C+KD+SD,1.0,1,205,0.0
tier3,2018,28,24680,144,S+SD,0.0586,0,162,0.00343396
tier3,2018,28,24680,145,M+S+SD,1.0,1,232,0.0
tier3,2018,28,24680,146,L+S+SD,0.8635,1,182,0.01863224999999999
tier3,2018,28,24680,147,M+L+S+SD,1.0,1,252,0.0
tier3,2018,28,24680,148,C+S+SD,1.0,1,193,0.0
tier3,2018,28,24680,149,M+C+S+SD,1.0,1,263,0.0
tier3,2018,28,24680,150,L+C+S+SD,1.0,1,213,0.0
tier3,2018,28,24680,151,M+L+C+S+SD,1.0,1,283,0.0
tier3,2018,28,24680,152,KD+S+SD,0.3433,1,184,0.43125489000000006
tier3,2018,28,24680,153,M+KD+S+SD,1.0,1,254,0.0
tier3,2018,28,24680,154,L+KD+S+SD,0.99715,1,204,8.122500000000109e-06
tier3,2018,28,24680,155,M+L+KD+S+SD,1.0,1,274,0.0
tier3,2018,28,24680,156,C+KD+S+SD,1.0,1,215,0.0
tier3,2018,28,24680,157,M+C+KD+S+SD,1.0,1,285,0.0
tier3,2018,28,24680,158,L+C+KD+S+SD,1.0,1,235,0.0
tier3,2018,28,24680,159,M+L+C+KD+S+SD,1.0,1,305,0.0
tier3,2018,28,24680,160,V+SD,0.0,0,90,0.0
tier3,2018,28,24680,161,M+V+SD,0.4845,0,160,0.23474024999999998
tier3,2018,28,24680,162,L+V+SD,0.0,0,110,0.0
tier3,2018,28,24680,163,M+L+V+SD,0.99915,1,180,7.225000000000296e-07
tier3,2018,28,24680,164,C+V+SD,0.0,0,121,0.0
tier3,2018,28,24680,165,M+C+V+SD,1.0,1,191,0.0
tier3,2018,28,24680,166,L+C+V+SD,0.0063,0,141,3.969e-05
tier3,2018,28,24680,167,M+L+C+V+SD,1.0,1,211,0.0
tier3,2018,28,24680,168,KD+V+SD,0.0,0,112,0.0
tier3,2018,28,24680,169,M+KD+V+SD,0.7532,1,182,0.06091024000000001
tier3,2018,28,24680,170,L+KD+V+SD,0.0,0,132,0.0
tier3,2018,28,24680,171,M+L+KD+V+SD,1.0,1,202,0.0
tier3,2018,28,24680,172,C+KD+V+SD,0.0,0,143,0.0
tier3,2018,28,24680,173,M+C+KD+V+SD,1.0,1,213,0.0
tier3,2018,28,24680,174,L+C+KD+V+SD,0.1674,0,163,0.028022759999999997
tier3,2018,28,24680,175,M+L+C+KD+V+SD,1.0,1,233,0.0
tier3,2018,28,24680,176,S+V+SD,1.0,1,190,0.0
tier3,2018,28,24680,177,M+S+V+SD,1.0,1,260,0.0
tier3,2018,28,24680,178,L+S+V+SD,1.0,1,210,0.0
tier3,2018,28,24680,179,M+L+S+V+SD,1.0,1,280,0.0
tier3,2018,28,24680,180,C+S+V+SD,1.0,1,221,0.0
tier3,2018,28,24680,181,M+C+S+V+SD,1.0,1,291,0.0
tier3,2018,28,24680,182,L+C+S+V+SD,1.0,1,241,0.0
tier3,2018,28,24680,183,M+L+C+S+V+SD,1.0,1,311,0.0
tier3,2018,28,24680,184,KD+S+V+SD,1.0,1,212,0.0
tier3,2018,28,24680,185,M+KD+S+V+SD,1.0,1,282,0.0
tier3,2018,28,24680,186,L+KD+S+V+SD,1.0,1,232,0.0
tier3,2018,28,24680,187,M+L+KD+S+V+SD,1.0,1,302,0.0
tier3,2018,28,24680,188,C+KD+S+V+SD,1.0,1,243,0.0
tier3,2018,28,24680,189,M+C+KD+S+V+SD,1.0,1,313,0.0
tier3,2018,28,24680,190,L+C+KD+S+V+SD,1.0,1,263,0.0
tier3,2018,28,24680,191,M+L+C+KD+S+V+SD,1.0,1,333,0.0
tier3,2018,28,24680,192,MP+SD,0.0,0,78,0.0
tier3,2018,28,24680,193,M+MP+SD,0.01605,0,148,0.00025760249999999996
tier3,2018,28,24680,194,L+MP+SD,0.0,0,98,0.0
tier3,2018,28,24680,195,M+L+MP+SD,0.8175,0,168,0.66830625
tier3,2018,28,24680,196,C+MP+SD,0.0,0,109,0.0
tier3,2018,28,24680,197,M+C+MP+SD,1.0,1,179,0.0
tier3,2018,28,24680,198,L+C+MP+SD,0.0,0,129,0.0
tier3,2018,28,24680,199,M+L+C+MP+SD,1.0,1,199,0.0
tier3,2018,28,24680,200,KD+MP+SD,0.0,0,100,0.0
tier3,2018,28,24680,201,M+KD+MP+SD,0.2596,0,170,0.06739215999999999
tier3,2018,28,24680,202,L+KD+MP+SD,0.0,0,120,0.0
tier3,2018,28,24680,203,M+L+KD+MP+SD,0.99725,1,190,7.562500000000166e-06
tier3,2018,28,24680,204,C+KD+MP+SD,0.0,0,131,0.0
tier3,2018,28,24680,205,M+C+KD+MP+SD,1.0,1,201,0.0
tier3,2018,28,24680,206,L+C+KD+MP+SD,0.00095,0,151,9.025e-07
tier3,2018,28,24680,207,M+L+C+KD+MP+SD,1.0,1,221,0.0
tier3,2018,28,24680,208,S+MP+SD,0.83225,1,178,0.028140062499999986
tier3,2018,28,24680,209,M+S+MP+SD,1.0,1,248,0.0
tier3,2018,28,24680,210,L+S+MP+SD,1.0,1,198,0.0
tier3,2018,28,24680,211,M+L+S+MP+SD,1.0,1,268,0.0
tier3,2018,28,24680,212,C+S+MP+SD,1.0,1,209,0.0
tier3,2018,28,24680,213,M+C+S+MP+SD,1.0,1,279,0.0
tier3,2018,28,24680,214,L+C+S+MP+SD,1.0,1,229,0.0
tier3,2018,28,24680,215,M+L+C+S+MP+SD,1.0,1,299,0.0
tier3,2018,28,24680,216,KD+S+MP+SD,0.99955,1,200,2.024999999999554e-07
tier3,2018,28,24680,217,M+KD+S+MP+SD,1.0,1,270,0.0
tier3,2018,28,24680,218,L+KD+S+MP+SD,1.0,1,220,0.0
tier3,2018,28,24680,219,M+L+KD+S+MP+SD,1.0,1,290,0.0
tier3,2018,28,24680,220,C+KD+S+MP+SD,1.0,1,231,0.0
tier3,2018,28,24680,221,M+C+KD+S+MP+SD,1.0,1,301,0.0
tier3,2018,28,24680,222,L+C+KD+S+MP+SD,1.0,1,251,0.0
tier3,2018,28,24680,223,M+L+C+KD+S+MP+SD,1.0,1,321,0.0
tier3,2018,28,24680,224,V+MP+SD,0.0,0,106,0.0
tier3,2018,28,24680,225,M+V+MP+SD,0.99575,1,176,1.8062499999999795e-05
tier3,2018,28,24680,226,L+V+MP+SD,0.0,0,126,0.0
tier3,2018,28,24680,227,M+L+V+MP+SD,1.0,1,196,0.0
tier3,2018,28,24680,228,C+V+MP+SD,0.0041,0,137,1.6810000000000003e-05
tier3,2018,28,24680,229,M+C+V+MP+SD,1.0,1,207,0.0
tier3,2018,28,24680,230,L+C+V+MP+SD,0.6871,0,157,0.4721064100000001
tier3,2018,28,24680,231,M+L+C+V+MP+SD,1.0,1,227,0.0
tier3,2018,28,24680,232,KD+V+MP+SD,0.0,0,128,0.0
tier3,2018,28,24680,233,M+KD+V+MP+SD,1.0,1,198,0.0
tier3,2018,28,24680,234,L+KD+V+MP+SD,0.0,0,148,0.0
tier3,2018,28,24680,235,M+L+KD+V+MP+SD,1.0,1,218,0.0
tier3,2018,28,24680,236,C+KD+V+MP+SD,0.1212,0,159,0.01468944
tier3,2018,28,24680,237,M+C+KD+V+MP+SD,1.0,1,229,0.0
tier3,2018,28,24680,238,L+C+KD+V+MP+SD,0.99235,1,179,5.85225000000007e-05
tier3,2018,28,24680,239,M+L+C+KD+V+MP+SD,1.0,1,249,0.0
tier3,2018,28,24680,240,S+V+MP+SD,1.0,1,206,0.0
tier3,2018,28,24680,241,M+S+V+MP+SD,1.0,1,276,0.0
tier3,2018,28,24680,242,L+S+V+MP+SD,1.0,1,226,0.0
tier3,2018,28,24680,243,M+L+S+V+MP+SD,1.0,1,296,0.0
tier3,2018,28,24680,244,C+S+V+MP+SD,1.0,1,237,0.0
tier3,2018,28,24680,245,M+C+S+V+MP+SD,1.0,1,307,0.0
tier3,2018,28,24680,246,L+C+S+V+MP+SD,1.0,1,257,0.0
tier3,2018,28,24680,247,M+L+C+S+V+MP+SD,1.0,1,327,0.0
tier3,2018,28,24680,248,KD+S+V+MP+SD,1.0,1,228,0.0
tier3,2018,28,24680,249,M+KD+S+V+MP+SD,1.0,1,298,0.0
tier3,2018,28,24680,250,L+KD+S+V+MP+SD,1.0,1,248,0.0
tier3,2018,28,24680,251,M+L+KD+S+V+MP+SD,1.0,1,318,0.0
tier3,2018,28,24680,252,C+KD+S+V+MP+SD,1.0,1,259,0.0
tier3,2018,28,24680,253,M+C+KD+S+V+MP+SD,1.0,1,329,0.0
tier3,2018,28,24680,254,L+C+KD+S+V+MP+SD,1.0,1,279,0.0
tier3,2018,28,98765,1,M,0.0,0,70,0.0
tier3,2018,28,98765,2,L,0.0,0,20,0.0
tier3,2018,28,98765,3,M+L,0.0,0,90,0.0
tier3,2018,28,98765,4,C,0.0,0,31,0.0
tier3,2018,28,98765,5,M+C,0.0,0,101,0.0
tier3,2018,28,98765,6,L+C,0.0,0,51,0.0
tier3,2018,28,98765,7,M+L+C,0.0,0,121,0.0
tier3,2018,28,98765,8,KD,0.0,0,22,0.0
tier3,2018,28,98765,9,M+KD,0.0,0,92,0.0
tier3,2018,28,98765,10,L+KD,0.0,0,42,0.0
tier3,2018,28,98765,11,M+L+KD,0.0,0,112,0.0
tier3,2018,28,98765,12,C+KD,0.0,0,53,0.0
tier3,2018,28,98765,13,M+C+KD,0.0,0,123,0.0
tier3,2018,28,98765,14,L+C+KD,0.0,0,73,0.0
tier3,2018,28,98765,15,M+L+C+KD,0.0,0,143,0.0
tier3,2018,28,98765,16,S,0.0,0,100,0.0
tier3,2018,28,98765,17,M+S,0.0084,0,170,7.055999999999999e-05
tier3,2018,28,98765,18,L+S,0.0,0,120,0.0
tier3,2018,28,98765,19,M+L+S,0.8786,1,190,0.01473795999999999
tier3,2018,28,98765,20,C+S,0.0,0,131,0.0
tier3,2018,28,98765,21,M+C+S,1.0,1,201,0.0
tier3,2018,28,98765,22,L+C+S,0.0,0,151,0.0
tier3,2018,28,98765,23,M+L+C+S,1.0,1,221,0.0
tier3,2018,28,98765,24,KD+S,0.0,0,122,0.0
tier3,2018,28,98765,25,M+KD+S,0.3178,1,192,0.46539683999999987
tier3,2018,28,98765,26,L+KD+S,0.0,0,142,0.0
tier3,2018,28,98765,27,M+L+KD+S,0.9963,1,212,1.369000000000027e-05
tier3,2018,28,98765,28,C+KD+S,0.0,0,153,0.0
tier3,2018,28,98765,29,M+C+KD+S,1.0,1,223,0.0
tier3,2018,28,98765,30,L+C+KD+S,0.00375,0,173,1.40625e-05
tier3,2018,28,98765,31,M+L+C+KD+S,1.0,1,243,0.0
tier3,2018,28,98765,32,V,0.0,0,28,0.0
tier3,2018,28,98765,33,M+V,0.0,0,98,0.0
tier3,2018,28,98765,34,L+V,0.0,0,48,0.0
tier3,2018,28,98765,35,M+L+V,0.0,0,118,0.0
tier3,2018,28,98765,36,C+V,0.0,0,59,0.0
tier3,2018,28,98765,37,M+C+V,0.0,0,129,0.0
tier3,2018,28,98765,38,L+C+V,0.0,0,79,0.0
tier3,2018,28,98765,39,M+L+C+V,0.0005,0,149,2.5e-07
tier3,2018,28,98765,40,KD+V,0.0,0,50,0.0
tier3,2018,28,98765,41,M+KD+V,0.0,0,120,0.0
tier3,2018,28,98765,42,L+KD+V,0.0,0,70,0.0
tier3,2018,28,98765,43,M+L+KD+V,0.0,0,140,0.0
tier3,2018,28,98765,44,C+KD+V,0.0,0,81,0.0
tier3,2018,28,98765,45,M+C+KD+V,0.0,0,151,0.0
tier3,2018,28,98765,46,L+C+KD+V,0.0,0,101,0.0
tier3,2018,28,98765,47,M+L+C+KD+V,0.1656,0,171,0.027423359999999997
tier3,2018,28,98765,48,S+V,0.0,0,128,0.0
tier3,2018,28,98765,49,M+S+V,0.99955,1,198,2.024999999999554e-07
tier3,2018,28,98765,50,L+S+V,0.0,0,148,0.0
tier3,2018,28,98765,51,M+L+S+V,1.0,1,218,0.0
tier3,2018,28,98765,52,C+S+V,0.0025,0,159,6.25e-06
tier3,2018,28,98765,53,M+C+S+V,1.0,1,229,0.0
tier3,2018,28,98765,54,L+C+S+V,0.7444,1,179,0.06533136000000002
tier3,2018,28,98765,55,M+L+C+S+V,1.0,1,249,0.0
tier3,2018,28,98765,56,KD+S+V,0.0,0,150,0.0
tier3,2018,28,98765,57,M+KD+S+V,1.0,1,220,0.0
tier3,2018,28,98765,58,L+KD+S+V,0.0,0,170,0.0
tier3,2018,28,98765,59,M+L+KD+S+V,1.0,1,240,0.0
tier3,2018,28,98765,60,C+KD+S+V,0.17795,1,181,0.6757662025
tier3,2018,28,98765,61,M+C+KD+S+V,1.0,1,251,0.0
tier3,2018,28,98765,62,L+C+KD+S+V,0.9862,1,201,0.00019044000000000095
tier3,2018,28,98765,63,M+L+C+KD+S+V,1.0,1,271,0.0
tier3,2018,28,98765,64,MP,0.0,0,16,0.0
tier3,2018,28,98765,65,M+MP,0.0,0,86,0.0
tier3,2018,28,98765,66,L+MP,0.0,0,36,0.0
tier3,2018,28,98765,67,M+L+MP,0.0,0,106,0.0
tier3,2018,28,98765,68,C+MP,0.0,0,47,0.0
tier3,2018,28,98765,69,M+C+MP,0.0,0,117,0.0
tier3,2018,28,98765,70,L+C+MP,0.0,0,67,0.0
tier3,2018,28,98765,71,M+L+C+MP,0.0,0,137,0.0
tier3,2018,28,98765,72,KD+MP,0.0,0,38,0.0
tier3,2018,28,98765,73,M+KD+MP,0.0,0,108,0.0
tier3,2018,28,98765,74,L+KD+MP,0.0,0,58,0.0
tier3,2018,28,98765,75,M+L+KD+MP,0.0,0,128,0.0
tier3,2018,28,98765,76,C+KD+MP,0.0,0,69,0.0
tier3,2018,28,98765,77,M+C+KD+MP,0.0,0,139,0.0
tier3,2018,28,98765,78,L+C+KD+MP,0.0,0,89,0.0
tier3,2018,28,98765,79,M+L+C+KD+MP,0.0,0,159,0.0
tier3,2018,28,98765,80,S+MP,0.0,0,116,0.0
tier3,2018,28,98765,81,M+S+MP,0.8314,1,186,0.02842595999999999
tier3,2018,28,98765,82,L+S+MP,0.0,0,136,0.0
tier3,2018,28,98765,83,M+L+S+MP,1.0,1,206,0.0
tier3,2018,28,98765,84,C+S+MP,0.0,0,147,0.0
tier3,2018,28,98765,85,M+C+S+MP,1.0,1,217,0.0
tier3,2018,28,98765,86,L+C+S+MP,0.2519,0,167,0.06345361000000001
tier3,2018,28,98765,87,M+L+C+S+MP,1.0,1,237,0.0
tier3,2018,28,98765,88,KD+S+MP,0.0,0,138,0.0
tier3,2018,28,98765,89,M+KD+S+MP,0.99305,1,208,4.830250000000016e-05
tier3,2018,28,98765,90,L+KD+S+MP,0.0,0,158,0.0
tier3,2018,28,98765,91,M+L+KD+S+MP,1.0,1,228,0.0
tier3,2018,28,98765,92,C+KD+S+MP,0.001,0,169,1e-06
tier3,2018,28,98765,93,M+C+KD+S+MP,1.0,1,239,0.0
tier3,2018,28,98765,94,L+C+KD+S+MP,0.5204,1,189,0.23001616000000003
tier3,2018,28,98765,95,M+L+C+KD+S+MP,1.0,1,259,0.0
tier3,2018,28,98765,96,V+MP,0.0,0,44,0.0
tier3,2018,28,98765,97,M+V+MP,0.0,0,114,0.0
tier3,2018,28,98765,98,L+V+MP,0.0,0,64,0.0
tier3,2018,28,98765,99,M+L+V+MP,0.0,0,134,0.0
tier3,2018,28,98765,100,C+V+MP,0.0,0,75,0.0
tier3,2018,28,98765,101,M+C+V+MP,0.00315,0,145,9.9225e-06
tier3,2018,28,98765,102,L+C+V+MP,0.0,0,95,0.0
tier3,2018,28,98765,103,M+L+C+V+MP,0.65825,0,165,0.4332930625
tier3,2018,28,98765,104,KD+V+MP,0.0,0,66,0.0
tier3,2018,28,98765,105,M+KD+V+MP,0.0,0,136,0.0
tier3,2018,28,98765,106,L+KD+V+MP,0.0,0,86,0.0
tier3,2018,28,98765,107,M+L+KD+V+MP,0.0,0,156,0.0
tier3,2018,28,98765,108,C+KD+V+MP,0.0,0,97,0.0
tier3,2018,28,98765,109,M+C+KD+V+MP,0.1375,0,167,0.018906250000000003
tier3,2018,28,98765,110,L+C+KD+V+MP,0.0,0,117,0.0
tier3,2018,28,98765,111,M+L+C+KD+V+MP,0.93975,1,187,0.003630062500000003
tier3,2018,28,98765,112,S+V+MP,0.0,0,144,0.0
tier3,2018,28,98765,113,M+S+V+MP,1.0,1,214,0.0
tier3,2018,28,98765,114,L+S+V+MP,0.2219,0,164,0.049239609999999996
tier3,2018,28,98765,115,M+L+S+V+MP,1.0,1,234,0.0
tier3,2018,28,98765,116,C+S+V+MP,0.6498,1,175,0.12264003999999996
tier3,2018,28,98765,117,M+C+S+V+MP,1.0,1,245,0.0
tier3,2018,28,98765,118,L+C+S+V+MP,0.9979,1,195,4.409999999999961e-06
tier3,2018,28,98765,119,M+L+C+S+V+MP,1.0,1,265,0.0
tier3,2018,28,98765,120,KD+S+V+MP,0.0,0,166,0.0
tier3,2018,28,98765,121,M+KD+S+V+MP,1.0,1,236,0.0
tier3,2018,28,98765,122,L+KD+S+V+MP,0.6197,1,186,0.14462809
tier3,2018,28,98765,123,M+L+KD+S+V+MP,1.0,1,256,0.0
tier3,2018,28,98765,124,C+KD+S+V+MP,0.9585,1,197,0.0017222499999999985
tier3,2018,28,98765,125,M+C+KD+S+V+MP,1.0,1,267,0.0
tier3,2018,28,98765,126,L+C+KD+S+V+MP,1.0,1,217,0.0
tier3,2018,28,98765,127,M+L+C+KD+S+V+MP,1.0,1,287,0.0
tier3,2018,28,98765,128,SD,0.0,0,62,0.0
tier3,2018,28,98765,129,M+SD,0.0,0,132,0.0
tier3,2018,28,98765,130,L+SD,0.0,0,82,0.0
tier3,2018,28,98765,131,M+L+SD,0.0415,0,152,0.0017222500000000003
tier3,2018,28,98765,132,C+SD,0.0,0,93,0.0
tier3,2018,28,98765,133,M+C+SD,0.3803,0,163,0.14462809000000001
tier3,2018,28,98765,134,L+C+SD,0.0,0,113,0.0
tier3,2018,28,98765,135,M+L+C+SD,1.0,1,183,0.0
tier3,2018,28,98765,136,KD+SD,0.0,0,84,0.0
tier3,2018,28,98765,137,M+KD+SD,0.0021,0,154,4.409999999999999e-06
tier3,2018,28,98765,138,L+KD+SD,0.0,0,104,0.0
tier3,2018,28,98765,139,M+L+KD+SD,0.3502,0,174,0.12264004
tier3,2018,28,98765,140,C+KD+SD,0.0,0,115,0.0
tier3,2018,28,98765,141,M+C+KD+SD,0.7781,1,185,0.049239609999999996
tier3,2018,28,98765,142,L+C+KD+SD,0.0,0,135,0.0
tier3,2018,28,98765,143,M+L+C+KD+SD,1.0,1,205,0.0
tier3,2018,28,98765,144,S+SD,0.06025,0,162,0.0036300624999999996
tier3,2018,28,98765,145,M+S+SD,1.0,1,232,0.0
tier3,2018,28,98765,146,L+S+SD,0.8625,1,182,0.01890624999999999
tier3,2018,28,98765,147,M+L+S+SD,1.0,1,252,0.0
tier3,2018,28,98765,148,C+S+SD,1.0,1,193,0.0
tier3,2018,28,98765,149,M+C+S+SD,1.0,1,263,0.0
tier3,2018,28,98765,150,L+C+S+SD,1.0,1,213,0.0
tier3,2018,28,98765,151,M+L+C+S+SD,1.0,1,283,0.0
tier3,2018,28,98765,152,KD+S+SD,0.34175,1,184,0.4332930625
tier3,2018,28,98765,153,M+KD+S+SD,1.0,1,254,0.0
tier3,2018,28,98765,154,L+KD+S+SD,0.99685,1,204,9.922499999999912e-06
tier3,2018,28,98765,155,M+L+KD+S+SD,1.0,1,274,0.0
tier3,2018,28,98765,156,C+KD+S+SD,1.0,1,215,0.0
tier3,2018,28,98765,157,M+C+KD+S+SD,1.0,1,285,0.0
tier3,2018,28,98765,158,L+C+KD+S+SD,1.0,1,235,0.0
tier3,2018,28,98765,159,M+L+C+KD+S+SD,1.0,1,305,0.0
tier3,2018,28,98765,160,V+SD,0.0,0,90,0.0
tier3,2018,28,98765,161,M+V+SD,0.4796,0,160,0.23001616000000003
tier3,2018,28,98765,162,L+V+SD,0.0,0,110,0.0
tier3,2018,28,98765,163,M+L+V+SD,0.999,1,180,1.0000000000000019e-06
tier3,2018,28,98765,164,C+V+SD,0.0,0,121,0.0
tier3,2018,28,98765,165,M+C+V+SD,1.0,1,191,0.0
tier3,2018,28,98765,166,L+C+V+SD,0.00695,0,141,4.8302499999999994e-05
tier3,2018,28,98765,167,M+L+C+V+SD,1.0,1,211,0.0
tier3,2018,28,98765,168,KD+V+SD,0.0,0,112,0.0
tier3,2018,28,98765,169,M+KD+V+SD,0.7481,1,182,0.06345361000000001
tier3,2018,28,98765,170,L+KD+V+SD,0.0,0,132,0.0
tier3,2018,28,98765,171,M+L+KD+V+SD,1.0,1,202,0.0
tier3,2018,28,98765,172,C+KD+V+SD,0.0,0,143,0.0
tier3,2018,28,98765,173,M+C+KD+V+SD,1.0,1,213,0.0
tier3,2018,28,98765,174,L+C+KD+V+SD,0.1686,0,163,0.02842596
tier3,2018,28,98765,175,M+L+C+KD+V+SD,1.0,1,233,0.0
tier3,2018,28,98765,176,S+V+SD,1.0,1,190,0.0
tier3,2018,28,98765,177,M+S+V+SD,1.0,1,260,0.0
tier3,2018,28,98765,178,L+S+V+SD,1.0,1,210,0.0
tier3,2018,28,98765,179,M+L+S+V+SD,1.0,1,280,0.0
tier3,2018,28,98765,180,C+S+V+SD,1.0,1,221,0.0
tier3,2018,28,98765,181,M+C+S+V+SD,1.0,1,291,0.0
tier3,2018,28,98765,182,L+C+S+V+SD,1.0,1,241,0.0
tier3,2018,28,98765,183,M+L+C+S+V+SD,1.0,1,311,0.0
tier3,2018,28,98765,184,KD+S+V+SD,1.0,1,212,0.0
tier3,2018,28,98765,185,M+KD+S+V+SD,1.0,1,282,0.0
tier3,2018,28,98765,186,L+KD+S+V+SD,1.0,1,232,0.0
tier3,2018,28,98765,187,M+L+KD+S+V+SD,1.0,1,302,0.0
tier3,2018,28,98765,188,C+KD+S+V+SD,1.0,1,243,0.0
tier3,2018,28,98765,189,M+C+KD+S+V+SD,1.0,1,313,0.0
tier3,2018,28,98765,190,L+C+KD+S+V+SD,1.0,1,263,0.0
tier3,2018,28,98765,191,M+L+C+KD+S+V+SD,1.0,1,333,0.0
tier3,2018,28,98765,192,MP+SD,0.0,0,78,0.0
tier3,2018,28,98765,193,M+MP+SD,0.0138,0,148,0.00019044
tier3,2018,28,98765,194,L+MP+SD,0.0,0,98,0.0
tier3,2018,28,98765,195,M+L+MP+SD,0.82205,0,168,0.6757662025
tier3,2018,28,98765,196,C+MP+SD,0.0,0,109,0.0
tier3,2018,28,98765,197,M+C+MP+SD,1.0,1,179,0.0
tier3,2018,28,98765,198,L+C+MP+SD,0.0,0,129,0.0
tier3,2018,28,98765,199,M+L+C+MP+SD,1.0,1,199,0.0
tier3,2018,28,98765,200,KD+MP+SD,0.0,0,100,0.0
tier3,2018,28,98765,201,M+KD+MP+SD,0.2556,0,170,0.06533135999999999
tier3,2018,28,98765,202,L+KD+MP+SD,0.0,0,120,0.0
tier3,2018,28,98765,203,M+L+KD+MP+SD,0.9975,1,190,6.2499999999997335e-06
tier3,2018,28,98765,204,C+KD+MP+SD,0.0,0,131,0.0
tier3,2018,28,98765,205,M+C+KD+MP+SD,1.0,1,201,0.0
tier3,2018,28,98765,206,L+C+KD+MP+SD,0.00045,0,151,2.025e-07
tier3,2018,28,98765,207,M+L+C+KD+MP+SD,1.0,1,221,0.0
tier3,2018,28,98765,208,S+MP+SD,0.8344,1,178,0.02742335999999999
tier3,2018,28,98765,209,M+S+MP+SD,1.0,1,248,0.0
tier3,2018,28,98765,210,L+S+MP+SD,1.0,1,198,0.0
tier3,2018,28,98765,211,M+L+S+MP+SD,1.0,1,268,0.0
tier3,2018,28,98765,212,C+S+MP+SD,1.0,1,209,0.0
tier3,2018,28,98765,213,M+C+S+MP+SD,1.0,1,279,0.0
tier3,2018,28,98765,214,L+C+S+MP+SD,1.0,1,229,0.0
tier3,2018,28,98765,215,M+L+C+S+MP+SD,1.0,1,299,0.0
tier3,2018,28,98765,216,KD+S+MP+SD,0.9995,1,200,2.4999999999994493e-07
tier3,2018,28,98765,217,M+KD+S+MP+SD,1.0,1,270,0.0
tier3,2018,28,98765,218,L+KD+S+MP+SD,1.0,1,220,0.0
tier3,2018,28,98765,219,M+L+KD+S+MP+SD,1.0,1,290,0.0
tier3,2018,28,98765,220,C+KD+S+MP+SD,1.0,1,231,0.0
tier3,2018,28,98765,221,M+C+KD+S+MP+SD,1.0,1,301,0.0
tier3,2018,28,98765,222,L+C+KD+S+MP+SD,1.0,1,251,0.0
tier3,2018,28,98765,223,M+L+C+KD+S+MP+SD,1.0,1,321,0.0
tier3,2018,28,98765,224,V+MP+SD,0.0,0,106,0.0
tier3,2018,28,98765,225,M+V+MP+SD,0.99625,1,176,1.4062500000000233e-05
tier3,2018,28,98765,226,L+V+MP+SD,0.0,0,126,0.0
tier3,2018,28,98765,227,M+L+V+MP+SD,1.0,1,196,0.0
tier3,2018,28,98765,228,C+V+MP+SD,0.0037,0,137,1.3690000000000001e-05
tier3,2018,28,98765,229,M+C+V+MP+SD,1.0,1,207,0.0
tier3,2018,28,98765,230,L+C+V+MP+SD,0.6822,0,157,0.46539684000000003
tier3,2018,28,98765,231,M+L+C+V+MP+SD,1.0,1,227,0.0
tier3,2018,28,98765,232,KD+V+MP+SD,0.0,0,128,0.0
tier3,2018,28,98765,233,M+KD+V+MP+SD,1.0,1,198,0.0
tier3,2018,28,98765,234,L+KD+V+MP+SD,0.0,0,148,0.0
tier3,2018,28,98765,235,M+L+KD+V+MP+SD,1.0,1,218,0.0
tier3,2018,28,98765,236,C+KD+V+MP+SD,0.1214,0,159,0.014737959999999998
tier3,2018,28,98765,237,M+C+KD+V+MP+SD,1.0,1,229,0.0
tier3,2018,28,98765,238,L+C+KD+V+MP+SD,0.9916,1,179,7.055999999999938e-05
tier3,2018,28,98765,239,M+L+C+KD+V+MP+SD,1.0,1,249,0.0
tier3,2018,28,98765,240,S+V+MP+SD,1.0,1,206,0.0
tier3,2018,28,98765,241,M+S+V+MP+SD,1.0,1,276,0.0
tier3,2018,28,98765,242,L+S+V+MP+SD,1.0,1,226,0.0
tier3,2018,28,98765,243,M+L+S+V+MP+SD,1.0,1,296,0.0
tier3,2018,28,98765,244,C+S+V+MP+SD,1.0,1,237,0.0
tier3,2018,28,98765,245,M+C+S+V+MP+SD,1.0,1,307,0.0
tier3,2018,28,98765,246,L+C+S+V+MP+SD,1.0,1,257,0.0
tier3,2018,28,98765,247,M+L+C+S+V+MP+SD,1.0,1,327,0.0
tier3,2018,28,98765,248,KD+S+V+MP+SD,1.0,1,228,0.0
tier3,2018,28,98765,249,M+KD+S+V+MP+SD,1.0,1,298,0.0
tier3,2018,28,98765,250,L+KD+S+V+MP+SD,1.0,1,248,0.0
tier3,2018,28,98765,251,M+L+KD+S+V+MP+SD,1.0,1,318,0.0
tier3,2018,28,98765,252,C+KD+S+V+MP+SD,1.0,1,259,0.0
tier3,2018,28,98765,253,M+C+KD+S+V+MP+SD,1.0,1,329,0.0
tier3,2018,28,98765,254,L+C+KD+S+V+MP+SD,1.0,1,279,0.0
tier3,2018,28,54321,1,M,0.0,0,70,0.0
tier3,2018,28,54321,2,L,0.0,0,20,0.0
tier3,2018,28,54321,3,M+L,0.0,0,90,0.0
tier3,2018,28,54321,4,C,0.0,0,31,0.0
tier3,2018,28,54321,5,M+C,0.0,0,101,0.0
tier3,2018,28,54321,6,L+C,0.0,0,51,0.0
tier3,2018,28,54321,7,M+L+C,0.0,0,121,0.0
tier3,2018,28,54321,8,KD,0.0,0,22,0.0
tier3,2018,28,54321,9,M+KD,0.0,0,92,0.0
tier3,2018,28,54321,10,L+KD,0.0,0,42,0.0
tier3,2018,28,54321,11,M+L+KD,0.0,0,112,0.0
tier3,2018,28,54321,12,C+KD,0.0,0,53,0.0
tier3,2018,28,54321,13,M+C+KD,0.0,0,123,0.0
tier3,2018,28,54321,14,L+C+KD,0.0,0,73,0.0
tier3,2018,28,54321,15,M+L+C+KD,0.0,0,143,0.0
tier3,2018,28,54321,16,S,0.0,0,100,0.0
tier3,2018,28,54321,17,M+S,0.0075,0,170,5.625e-05
tier3,2018,28,54321,18,L+S,0.0,0,120,0.0
tier3,2018,28,54321,19,M+L+S,0.8805,1,190,0.014280250000000012
tier3,2018,28,54321,20,C+S,0.0,0,131,0.0
tier3,2018,28,54321,21,M+C+S,1.0,1,201,0.0
tier3,2018,28,54321,22,L+C+S,0.0,0,151,0.0
tier3,2018,28,54321,23,M+L+C+S,1.0,1,221,0.0
tier3,2018,28,54321,24,KD+S,0.0,0,122,0.0
tier3,2018,28,54321,25,M+KD+S,0.31345,1,192,0.4713509025
tier3,2018,28,54321,26,L+KD+S,0.0,0,142,0.0
tier3,2018,28,54321,27,M+L+KD+S,0.99545,1,212,2.0702500000000492e-05
tier3,2018,28,54321,28,C+KD+S,0.0,0,153,0.0
tier3,2018,28,54321,29,M+C+KD+S,1.0,1,223,0.0
tier3,2018,28,54321,30,L+C+KD+S,0.0042,0,173,1.7639999999999997e-05
tier3,2018,28,54321,31,M+L+C+KD+S,1.0,1,243,0.0
tier3,2018,28,54321,32,V,0.0,0,28,0.0
tier3,2018,28,54321,33,M+V,0.0,0,98,0.0
tier3,2018,28,54321,34,L+V,0.0,0,48,0.0
tier3,2018,28,54321,35,M+L+V,0.0,0,118,0.0
tier3,2018,28,54321,36,C+V,0.0,0,59,0.0
tier3,2018,28,54321,37,M+C+V,0.0,0,129,0.0
tier3,2018,28,54321,38,L+C+V,0.0,0,79,0.0
tier3,2018,28,54321,39,M+L+C+V,0.0005,0,149,2.5e-07
tier3,2018,28,54321,40,KD+V,0.0,0,50,0.0
tier3,2018,28,54321,41,M+KD+V,0.0,0,120,0.0
tier3,2018,28,54321,42,L+KD+V,0.0,0,70,0.0
tier3,2018,28,54321,43,M+L+KD+V,0.0,0,140,0.0
tier3,2018,28,54321,44,C+KD+V,0.0,0,81,0.0
tier3,2018,28,54321,45,M+C+KD+V,0.0,0,151,0.0
tier3,2018,28,54321,46,L+C+KD+V,0.0,0,101,0.0
tier3,2018,28,54321,47,M+L+C+KD+V,0.1733,0,171,0.030032890000000003
tier3,2018,28,54321,48,S+V,0.0,0,128,0.0
tier3,2018,28,54321,49,M+S+V,0.99945,1,198,3.025000000000555e-07
tier3,2018,28,54321,50,L+S+V,0.0,0,148,0.0
tier3,2018,28,54321,51,M+L+S+V,1.0,1,218,0.0
tier3,2018,28,54321,52,C+S+V,0.0024,0,159,5.759999999999999e-06
tier3,2018,28,54321,53,M+C+S+V,1.0,1,229,0.0
tier3,2018,28,54321,54,L+C+S+V,0.74525,1,179,0.06489756250000002
tier3,2018,28,54321,55,M+L+C+S+V,1.0,1,249,0.0
tier3,2018,28,54321,56,KD+S+V,0.0,0,150,0.0
tier3,2018,28,54321,57,M+KD+S+V,1.0,1,220,0.0
tier3,2018,28,54321,58,L+KD+S+V,0.0,0,170,0.0
tier3,2018,28,54321,59,M+L+KD+S+V,1.0,1,240,0.0
tier3,2018,28,54321,60,C+KD+S+V,0.18,1,181,0.6724000000000001
tier3,2018,28,54321,61,M+C+KD+S+V,1.0,1,251,0.0
tier3,2018,28,54321,62,L+C+KD+S+V,0.986,1,201,0.00019600000000000035
tier3,2018,28,54321,63,M+L+C+KD+S+V,1.0,1,271,0.0
tier3,2018,28,54321,64,MP,0.0,0,16,0.0
tier3,2018,28,54321,65,M+MP,0.0,0,86,0.0
tier3,2018,28,54321,66,L+MP,0.0,0,36,0.0
tier3,2018,28,54321,67,M+L+MP,0.0,0,106,0.0
tier3,2018,28,54321,68,C+MP,0.0,0,47,0.0
tier3,2018,28,54321,69,M+C+MP,0.0,0,117,0.0
tier3,2018,28,54321,70,L+C+MP,0.0,0,67,0.0
tier3,2018,28,54321,71,M+L+C+MP,0.0,0,137,0.0
tier3,2018,28,54321,72,KD+MP,0.0,0,38,0.0
tier3,2018,28,54321,73,M+KD+MP,0.0,0,108,0.0
tier3,2018,28,54321,74,L+KD+MP,0.0,0,58,0.0
tier3,2018,28,54321,75,M+L+KD+MP,0.0,0,128,0.0
tier3,2018,28,54321,76,C+KD+MP,0.0,0,69,0.0
tier3,2018,28,54321,77,M+C+KD+MP,0.0,0,139,0.0
tier3,2018,28,54321,78,L+C+KD+MP,0.0,0,89,0.0
tier3,2018,28,54321,79,M+L+C+KD+MP,0.0,0,159,0.0
tier3,2018,28,54321,80,S+MP,0.0,0,116,0.0
tier3,2018,28,54321,81,M+S+MP,0.8322,1,186,0.02815683999999998
tier3,2018,28,54321,82,L+S+MP,0.0,0,136,0.0
tier3,2018,28,54321,83,M+L+S+MP,1.0,1,206,0.0
tier3,2018,28,54321,84,C+S+MP,0.0,0,147,0.0
tier3,2018,28,54321,85,M+C+S+MP,1.0,1,217,0.0
tier3,2018,28,54321,86,L+C+S+MP,0.2518,0,167,0.06340324000000001
tier3,2018,28,54321,87,M+L+C+S+MP,1.0,1,237,0.0
tier3,2018,28,54321,88,KD+S+MP,0.0,0,138,0.0
tier3,2018,28,54321,89,M+KD+S+MP,0.9933,1,208,4.489000000000053e-05
tier3,2018,28,54321,90,L+KD+S+MP,0.0,0,158,0.0
tier3,2018,28,54321,91,M+L+KD+S+MP,1.0,1,228,0.0
tier3,2018,28,54321,92,C+KD+S+MP,0.001,0,169,1e-06
tier3,2018,28,54321,93,M+C+KD+S+MP,1.0,1,239,0.0
tier3,2018,28,54321,94,L+C+KD+S+MP,0.5226,1,189,0.22791076000000005
tier3,2018,28,54321,95,M+L+C+KD+S+MP,1.0,1,259,0.0
tier3,2018,28,54321,96,V+MP,0.0,0,44,0.0
tier3,2018,28,54321,97,M+V+MP,0.0,0,114,0.0
tier3,2018,28,54321,98,L+V+MP,0.0,0,64,0.0
tier3,2018,28,54321,99,M+L+V+MP,0.0,0,134,0.0
tier3,2018,28,54321,100,C+V+MP,0.0,0,75,0.0
tier3,2018,28,54321,101,M+C+V+MP,0.00305,0,145,9.302500000000001e-06
tier3,2018,28,54321,102,L+C+V+MP,0.0,0,95,0.0
tier3,2018,28,54321,103,M+L+C+V+MP,0.6589,0,165,0.43414921000000006
tier3,2018,28,54321,104,KD+V+MP,0.0,0,66,0.0
tier3,2018,28,54321,105,M+KD+V+MP,0.0,0,136,0.0
tier3,2018,28,54321,106,L+KD+V+MP,0.0,0,86,0.0
tier3,2018,28,54321,107,M+L+KD+V+MP,5e-05,0,156,2.5e-09
tier3,2018,28,54321,108,C+KD+V+MP,0.0,0,97,0.0
tier3,2018,28,54321,109,M+C+KD+V+MP,0.1418,0,167,0.020107240000000002
tier3,2018,28,54321,110,L+C+KD+V+MP,0.0,0,117,0.0
tier3,2018,28,54321,111,M+L+C+KD+V+MP,0.9378,1,187,0.003868840000000004
tier3,2018,28,54321,112,S+V+MP,0.0,0,144,0.0
tier3,2018,28,54321,113,M+S+V+MP,1.0,1,214,0.0
tier3,2018,28,54321,114,L+S+V+MP,0.21945,0,164,0.0481583025
tier3,2018,28,54321,115,M+L+S+V+MP,1.0,1,234,0.0
tier3,2018,28,54321,116,C+S+V+MP,0.64615,1,175,0.1252098225
tier3,2018,28,54321,117,M+C+S+V+MP,1.0,1,245,0.0
tier3,2018,28,54321,118,L+C+S+V+MP,0.9978,1,195,4.839999999999911e-06
tier3,2018,28,54321,119,M+L+C+S+V+MP,1.0,1,265,0.0
tier3,2018,28,54321,120,KD+S+V+MP,0.0,0,166,0.0
tier3,2018,28,54321,121,M+KD+S+V+MP,1.0,1,236,0.0
tier3,2018,28,54321,122,L+KD+S+V+MP,0.6178,1,186,0.14607683999999999
tier3,2018,28,54321,123,M+L+KD+S+V+MP,1.0,1,256,0.0
tier3,2018,28,54321,124,C+KD+S+V+MP,0.95835,1,197,0.001734722499999997
tier3,2018,28,54321,125,M+C+KD+S+V+MP,1.0,1,267,0.0
tier3,2018,28,54321,126,L+C+KD+S+V+MP,1.0,1,217,0.0
tier3,2018,28,54321,127,M+L+C+KD+S+V+MP,1.0,1,287,0.0
tier3,2018,28,54321,128,SD,0.0,0,62,0.0
tier3,2018,28,54321,129,M+SD,0.0,0,132,0.0
tier3,2018,28,54321,130,L+SD,0.0,0,82,0.0
tier3,2018,28,54321,131,M+L+SD,0.04165,0,152,0.0017347225
tier3,2018,28,54321,132,C+SD,0.0,0,93,0.0
tier3,2018,28,54321,133,M+C+SD,0.3822,0,163,0.14607683999999999
tier3,2018,28,54321,134,L+C+SD,0.0,0,113,0.0
tier3,2018,28,54321,135,M+L+C+SD,1.0,1,183,0.0
tier3,2018,28,54321,136,KD+SD,0.0,0,84,0.0
tier3,2018,28,54321,137,M+KD+SD,0.0022,0,154,4.84e-06
tier3,2018,28,54321,138,L+KD+SD,0.0,0,104,0.0
tier3,2018,28,54321,139,M+L+KD+SD,0.35385,0,174,0.1252098225
tier3,2018,28,54321,140,C+KD+SD,0.0,0,115,0.0
tier3,2018,28,54321,141,M+C+KD+SD,0.78055,1,185,0.048158302500000014
tier3,2018,28,54321,142,L+C+KD+SD,0.0,0,135,0.0
tier3,2018,28,54321,143,M+L+C+KD+SD,1.0,1,205,0.0
tier3,2018,28,54321,144,S+SD,0.0622,0,162,0.0038688399999999997
tier3,2018,28,54321,145,M+S+SD,1.0,1,232,0.0
tier3,2018,28,54321,146,L+S+SD,0.8582,1,182,0.02010724000000001
tier3,2018,28,54321,147,M+L+S+SD,1.0,1,252,0.0
tier3,2018,28,54321,148,C+S+SD,0.99995,1,193,2.499999999999449e-09
tier3,2018,28,54321,149,M+C+S+SD,1.0,1,263,0.0
tier3,2018,28,54321,150,L+C+S+SD,1.0,1,213,0.0
tier3,2018,28,54321,151,M+L+C+S+SD,1.0,1,283,0.0
tier3,2018,28,54321,152,KD+S+SD,0.3411,1,184,0.43414921000000006
tier3,2018,28,54321,153,M+KD+S+SD,1.0,1,254,0.0
tier3,2018,28,54321,154,L+KD+S+SD,0.99695,1,204,9.302499999999983e-06
tier3,2018,28,54321,155,M+L+KD+S+SD,1.0,1,274,0.0
tier3,2018,28,54321,156,C+KD+S+SD,1.0,1,215,0.0
tier3,2018,28,54321,157,M+C+KD+S+SD,1.0,1,285,0.0
tier3,2018,28,54321,158,L+C+KD+S+SD,1.0,1,235,0.0
tier3,2018,28,54321,159,M+L+C+KD+S+SD,1.0,1,305,0.0
tier3,2018,28,54321,160,V+SD,0.0,0,90,0.0
tier3,2018,28,54321,161,M+V+SD,0.4774,0,160,0.22791076
tier3,2018,28,54321,162,L+V+SD,0.0,0,110,0.0
tier3,2018,28,54321,163,M+L+V+SD,0.999,1,180,1.0000000000000019e-06
tier3,2018,28,54321,164,C+V+SD,0.0,0,121,0.0
tier3,2018,28,54321,165,M+C+V+SD,1.0,1,191,0.0
tier3,2018,28,54321,166,L+C+V+SD,0.0067,0,141,4.4890000000000006e-05
tier3,2018,28,54321,167,M+L+C+V+SD,1.0,1,211,0.0
tier3,2018,28,54321,168,KD+V+SD,0.0,0,112,0.0
tier3,2018,28,54321,169,M+KD+V+SD,0.7482,1,182,0.06340324000000001
tier3,2018,28,54321,170,L+KD+V+SD,0.0,0,132,0.0
tier3,2018,28,54321,171,M+L+KD+V+SD,1.0,1,202,0.0
tier3,2018,28,54321,172,C+KD+V+SD,0.0,0,143,0.0
tier3,2018,28,54321,173,M+C+KD+V+SD,1.0,1,213,0.0
tier3,2018,28,54321,174,L+C+KD+V+SD,0.1678,0,163,0.028156840000000002
tier3,2018,28,54321,175,M+L+C+KD+V+SD,1.0,1,233,0.0
tier3,2018,28,54321,176,S+V+SD,1.0,1,190,0.0
tier3,2018,28,54321,177,M+S+V+SD,1.0,1,260,0.0
tier3,2018,28,54321,178,L+S+V+SD,1.0,1,210,0.0
tier3,2018,28,54321,179,M+L+S+V+SD,1.0,1,280,0.0
tier3,2018,28,54321,180,C+S+V+SD,1.0,1,221,0.0
tier3,2018,28,54321,181,M+C+S+V+SD,1.0,1,291,0.0
tier3,2018,28,54321,182,L+C+S+V+SD,1.0,1,241,0.0
tier3,2018,28,54321,183,M+L+C+S+V+SD,1.0,1,311,0.0
tier3,2018,28,54321,184,KD+S+V+SD,1.0,1,212,0.0
tier3,2018,28,54321,185,M+KD+S+V+SD,1.0,1,282,0.0
tier3,2018,28,54321,186,L+KD+S+V+SD,1.0,1,232,0.0
tier3,2018,28,54321,187,M+L+KD+S+V+SD,1.0,1,302,0.0
tier3,2018,28,54321,188,C+KD+S+V+SD,1.0,1,243,0.0
tier3,2018,28,54321,189,M+C+KD+S+V+SD,1.0,1,313,0.0
tier3,2018,28,54321,190,L+C+KD+S+V+SD,1.0,1,263,0.0
tier3,2018,28,54321,191,M+L+C+KD+S+V+SD,1.0,1,333,0.0
tier3,2018,28,54321,192,MP+SD,0.0,0,78,0.0
tier3,2018,28,54321,193,M+MP+SD,0.014,0,148,0.00019600000000000002
tier3,2018,28,54321,194,L+MP+SD,0.0,0,98,0.0
tier3,2018,28,54321,195,M+L+MP+SD,0.82,0,168,0.6723999999999999
tier3,2018,28,54321,196,C+MP+SD,0.0,0,109,0.0
tier3,2018,28,54321,197,M+C+MP+SD,1.0,1,179,0.0
tier3,2018,28,54321,198,L+C+MP+SD,0.0,0,129,0.0
tier3,2018,28,54321,199,M+L+C+MP+SD,1.0,1,199,0.0
tier3,2018,28,54321,200,KD+MP+SD,0.0,0,100,0.0
tier3,2018,28,54321,201,M+KD+MP+SD,0.25475,0,170,0.06489756249999999
tier3,2018,28,54321,202,L+KD+MP+SD,0.0,0,120,0.0
tier3,2018,28,54321,203,M+L+KD+MP+SD,0.9976,1,190,5.7599999999997975e-06
tier3,2018,28,54321,204,C+KD+MP+SD,0.0,0,131,0.0
tier3,2018,28,54321,205,M+C+KD+MP+SD,1.0,1,201,0.0
tier3,2018,28,54321,206,L+C+KD+MP+SD,0.00055,0,151,3.025e-07
tier3,2018,28,54321,207,M+L+C+KD+MP+SD,1.0,1,221,0.0
tier3,2018,28,54321,208,S+MP+SD,0.8267,1,178,0.030032890000000003
tier3,2018,28,54321,209,M+S+MP+SD,1.0,1,248,0.0
tier3,2018,28,54321,210,L+S+MP+SD,1.0,1,198,0.0
tier3,2018,28,54321,211,M+L+S+MP+SD,1.0,1,268,0.0
tier3,2018,28,54321,212,C+S+MP+SD,1.0,1,209,0.0
tier3,2018,28,54321,213,M+C+S+MP+SD,1.0,1,279,0.0
tier3,2018,28,54321,214,L+C+S+MP+SD,1.0,1,229,0.0
tier3,2018,28,54321,215,M+L+C+S+MP+SD,1.0,1,299,0.0
tier3,2018,28,54321,216,KD+S+MP+SD,0.9995,1,200,2.4999999999994493e-07
tier3,2018,28,54321,217,M+KD+S+MP+SD,1.0,1,270,0.0
tier3,2018,28,54321,218,L+KD+S+MP+SD,1.0,1,220,0.0
tier3,2018,28,54321,219,M+L+KD+S+MP+SD,1.0,1,290,0.0
tier3,2018,28,54321,220,C+KD+S+MP+SD,1.0,1,231,0.0
tier3,2018,28,54321,221,M+C+KD+S+MP+SD,1.0,1,301,0.0
tier3,2018,28,54321,222,L+C+KD+S+MP+SD,1.0,1,251,0.0
tier3,2018,28,54321,223,M+L+C+KD+S+MP+SD,1.0,1,321,0.0
tier3,2018,28,54321,224,V+MP+SD,0.0,0,106,0.0
tier3,2018,28,54321,225,M+V+MP+SD,0.9958,1,176,1.7639999999999845e-05
tier3,2018,28,54321,226,L+V+MP+SD,0.0,0,126,0.0
tier3,2018,28,54321,227,M+L+V+MP+SD,1.0,1,196,0.0
tier3,2018,28,54321,228,C+V+MP+SD,0.00455,0,137,2.07025e-05
tier3,2018,28,54321,229,M+C+V+MP+SD,1.0,1,207,0.0
tier3,2018,28,54321,230,L+C+V+MP+SD,0.68655,0,157,0.4713509025
tier3,2018,28,54321,231,M+L+C+V+MP+SD,1.0,1,227,0.0
tier3,2018,28,54321,232,KD+V+MP+SD,0.0,0,128,0.0
tier3,2018,28,54321,233,M+KD+V+MP+SD,1.0,1,198,0.0
tier3,2018,28,54321,234,L+KD+V+MP+SD,0.0,0,148,0.0
tier3,2018,28,54321,235,M+L+KD+V+MP+SD,1.0,1,218,0.0
tier3,2018,28,54321,236,C+KD+V+MP+SD,0.1195,0,159,0.01428025
tier3,2018,28,54321,237,M+C+KD+V+MP+SD,1.0,1,229,0.0
tier3,2018,28,54321,238,L+C+KD+V+MP+SD,0.9925,1,179,5.624999999999927e-05
tier3,2018,28,54321,239,M+L+C+KD+V+MP+SD,1.0,1,249,0.0
tier3,2018,28,54321,240,S+V+MP+SD,1.0,1,206,0.0
tier3,2018,28,54321,241,M+S+V+MP+SD,1.0,1,276,0.0
tier3,2018,28,54321,242,L+S+V+MP+SD,1.0,1,226,0.0
tier3,2018,28,54321,243,M+L+S+V+MP+SD,1.0,1,296,0.0
tier3,2018,28,54321,244,C+S+V+MP+SD,1.0,1,237,0.0
tier3,2018,28,54321,245,M+C+S+V+MP+SD,1.0,1,307,0.0
tier3,2018,28,54321,246,L+C+S+V+MP+SD,1.0,1,257,0.0
tier3,2018,28,54321,247,M+L+C+S+V+MP+SD,1.0,1,327,0.0
tier3,2018,28,54321,248,KD+S+V+MP+SD,1.0,1,228,0.0
tier3,2018,28,54321,249,M+KD+S+V+MP+SD,1.0,1,298,0.0
tier3,2018,28,54321,250,L+KD+S+V+MP+SD,1.0,1,248,0.0
tier3,2018,28,54321,251,M+L+KD+S+V+MP+SD,1.0,1,318,0.0
tier3,2018,28,54321,252,C+KD+S+V+MP+SD,1.0,1,259,0.0
tier3,2018,28,54321,253,M+C+KD+S+V+MP+SD,1.0,1,329,0.0
tier3,2018,28,54321,254,L+C+KD+S+V+MP+SD,1.0,1,279,0.0
tier3,2018,28,13579,1,M,0.0,0,70,0.0
tier3,2018,28,13579,2,L,0.0,0,20,0.0
tier3,2018,28,13579,3,M+L,0.0,0,90,0.0
tier3,2018,28,13579,4,C,0.0,0,31,0.0
tier3,2018,28,13579,5,M+C,0.0,0,101,0.0
tier3,2018,28,13579,6,L+C,0.0,0,51,0.0
tier3,2018,28,13579,7,M+L+C,0.0,0,121,0.0
tier3,2018,28,13579,8,KD,0.0,0,22,0.0
tier3,2018,28,13579,9,M+KD,0.0,0,92,0.0
tier3,2018,28,13579,10,L+KD,0.0,0,42,0.0
tier3,2018,28,13579,11,M+L+KD,0.0,0,112,0.0
tier3,2018,28,13579,12,C+KD,0.0,0,53,0.0
tier3,2018,28,13579,13,M+C+KD,0.0,0,123,0.0
tier3,2018,28,13579,14,L+C+KD,0.0,0,73,0.0
tier3,2018,28,13579,15,M+L+C+KD,0.0,0,143,0.0
tier3,2018,28,13579,16,S,0.0,0,100,0.0
tier3,2018,28,13579,17,M+S,0.00845,0,170,7.140249999999999e-05
tier3,2018,28,13579,18,L+S,0.0,0,120,0.0
tier3,2018,28,13579,19,M+L+S,0.87905,1,190,0.0146289025
tier3,2018,28,13579,20,C+S,0.0,0,131,0.0
tier3,2018,28,13579,21,M+C+S,1.0,1,201,0.0
tier3,2018,28,13579,22,L+C+S,0.0,0,151,0.0
tier3,2018,28,13579,23,M+L+C+S,1.0,1,221,0.0
tier3,2018,28,13579,24,KD+S,0.0,0,122,0.0
tier3,2018,28,13579,25,M+KD+S,0.31555,1,192,0.4684718025
tier3,2018,28,13579,26,L+KD+S,0.0,0,142,0.0
tier3,2018,28,13579,27,M+L+KD+S,0.99575,1,212,1.8062499999999795e-05
tier3,2018,28,13579,28,C+KD+S,0.0,0,153,0.0
tier3,2018,28,13579,29,M+C+KD+S,1.0,1,223,0.0
tier3,2018,28,13579,30,L+C+KD+S,0.004,0,173,1.6e-05
tier3,2018,28,13579,31,M+L+C+KD+S,1.0,1,243,0.0
tier3,2018,28,13579,32,V,0.0,0,28,0.0
tier3,2018,28,13579,33,M+V,0.0,0,98,0.0
tier3,2018,28,13579,34,L+V,0.0,0,48,0.0
tier3,2018,28,13579,35,M+L+V,0.0,0,118,0.0
tier3,2018,28,13579,36,C+V,0.0,0,59,0.0
tier3,2018,28,13579,37,M+C+V,0.0,0,129,0.0
tier3,2018,28,13579,38,L+C+V,0.0,0,79,0.0
tier3,2018,28,13579,39,M+L+C+V,0.0004,0,149,1.6e-07
tier3,2018,28,13579,40,KD+V,0.0,0,50,0.0
tier3,2018,28,13579,41,M+KD+V,0.0,0,120,0.0
tier3,2018,28,13579,42,L+KD+V,0.0,0,70,0.0
tier3,2018,28,13579,43,M+L+KD+V,0.0,0,140,0.0
tier3,2018,28,13579,44,C+KD+V,0.0,0,81,0.0
tier3,2018,28,13579,45,M+C+KD+V,0.0,0,151,0.0
tier3,2018,28,13579,46,L+C+KD+V,0.0,0,101,0.0
tier3,2018,28,13579,47,M+L+C+KD+V,0.1684,0,171,0.028358559999999998
tier3,2018,28,13579,48,S+V,0.0,0,128,0.0
tier3,2018,28,13579,49,M+S+V,0.99935,1,198,4.225000000000513e-07
tier3,2018,28,13579,50,L+S+V,0.0,0,148,0.0
tier3,2018,28,13579,51,M+L+S+V,1.0,1,218,0.0
tier3,2018,28,13579,52,C+S+V,0.00255,0,159,6.502500000000001e-06
tier3,2018,28,13579,53,M+C+S+V,1.0,1,229,0.0
tier3,2018,28,13579,54,L+C+S+V,0.7403,1,179,0.06744409000000003
tier3,2018,28,13579,55,M+L+C+S+V,1.0,1,249,0.0
tier3,2018,28,13579,56,KD+S+V,0.0,0,150,0.0
tier3,2018,28,13579,57,M+KD+S+V,1.0,1,220,0.0
tier3,2018,28,13579,58,L+KD+S+V,0.0,0,170,0.0
tier3,2018,28,13579,59,M+L+KD+S+V,1.0,1,240,0.0
tier3,2018,28,13579,60,C+KD+S+V,0.17815,1,181,0.6754374224999999
tier3,2018,28,13579,61,M+C+KD+S+V,1.0,1,251,0.0
tier3,2018,28,13579,62,L+C+KD+S+V,0.98675,1,201,0.00017556249999999958
tier3,2018,28,13579,63,M+L+C+KD+S+V,1.0,1,271,0.0
tier3,2018,28,13579,64,MP,0.0,0,16,0.0
tier3,2018,28,13579,65,M+MP,0.0,0,86,0.0
tier3,2018,28,13579,66,L+MP,0.0,0,36,0.0
tier3,2018,28,13579,67,M+L+MP,0.0,0,106,0.0
tier3,2018,28,13579,68,C+MP,0.0,0,47,0.0
tier3,2018,28,13579,69,M+C+MP,0.0,0,117,0.0
tier3,2018,28,13579,70,L+C+MP,0.0,0,67,0.0
tier3,2018,28,13579,71,M+L+C+MP,0.0,0,137,0.0
tier3,2018,28,13579,72,KD+MP,0.0,0,38,0.0
tier3,2018,28,13579,73,M+KD+MP,0.0,0,108,0.0
tier3,2018,28,13579,74,L+KD+MP,0.0,0,58,0.0
tier3,2018,28,13579,75,M+L+KD+MP,0.0,0,128,0.0
tier3,2018,28,13579,76,C+KD+MP,0.0,0,69,0.0
tier3,2018,28,13579,77,M+C+KD+MP,0.0,0,139,0.0
tier3,2018,28,13579,78,L+C+KD+MP,0.0,0,89,0.0
tier3,2018,28,13579,79,M+L+C+KD+MP,0.0,0,159,0.0
tier3,2018,28,13579,80,S+MP,0.0,0,116,0.0
tier3,2018,28,13579,81,M+S+MP,0.82995,1,186,0.02891700250000001
tier3,2018,28,13579,82,L+S+MP,0.0,0,136,0.0
tier3,2018,28,13579,83,M+L+S+MP,1.0,1,206,0.0
tier3,2018,28,13579,84,C+S+MP,0.0,0,147,0.0
tier3,2018,28,13579,85,M+C+S+MP,1.0,1,217,0.0
tier3,2018,28,13579,86,L+C+S+MP,0.24815,0,167,0.06157842250000001
tier3,2018,28,13579,87,M+L+C+S+MP,1.0,1,237,0.0
tier3,2018,28,13579,88,KD+S+MP,0.0,0,138,0.0
tier3,2018,28,13579,89,M+KD+S+MP,0.9944,1,208,3.1360000000000554e-05
tier3,2018,28,13579,90,L+KD+S+MP,0.0,0,158,0.0
tier3,2018,28,13579,91,M+L+KD+S+MP,1.0,1,228,0.0
tier3,2018,28,13579,92,C+KD+S+MP,0.00085,0,169,7.225e-07
tier3,2018,28,13579,93,M+C+KD+S+MP,1.0,1,239,0.0
tier3,2018,28,13579,94,L+C+KD+S+MP,0.5152,1,189,0.23503104
tier3,2018,28,13579,95,M+L+C+KD+S+MP,1.0,1,259,0.0
tier3,2018,28,13579,96,V+MP,0.0,0,44,0.0
tier3,2018,28,13579,97,M+V+MP,0.0,0,114,0.0
tier3,2018,28,13579,98,L+V+MP,0.0,0,64,0.0
tier3,2018,28,13579,99,M+L+V+MP,0.0,0,134,0.0
tier3,2018,28,13579,100,C+V+MP,0.0,0,75,0.0
tier3,2018,28,13579,101,M+C+V+MP,0.00285,0,145,8.1225e-06
tier3,2018,28,13579,102,L+C+V+MP,0.0,0,95,0.0
tier3,2018,28,13579,103,M+L+C+V+MP,0.65975,0,165,0.43527006249999994
tier3,2018,28,13579,104,KD+V+MP,0.0,0,66,0.0
tier3,2018,28,13579,105,M+KD+V+MP,0.0,0,136,0.0
tier3,2018,28,13579,106,L+KD+V+MP,0.0,0,86,0.0
tier3,2018,28,13579,107,M+L+KD+V+MP,0.0,0,156,0.0
tier3,2018,28,13579,108,C+KD+V+MP,0.0,0,97,0.0
tier3,2018,28,13579,109,M+C+KD+V+MP,0.13975,0,167,0.019530062500000004
tier3,2018,28,13579,110,L+C+KD+V+MP,0.0,0,117,0.0
tier3,2018,28,13579,111,M+L+C+KD+V+MP,0.94115,1,187,0.003463322499999995
tier3,2018,28,13579,112,S+V+MP,0.0,0,144,0.0
tier3,2018,28,13579,113,M+S+V+MP,1.0,1,214,0.0
tier3,2018,28,13579,114,L+S+V+MP,0.2169,0,164,0.04704561
tier3,2018,28,13579,115,M+L+S+V+MP,1.0,1,234,0.0
tier3,2018,28,13579,116,C+S+V+MP,0.64475,1,175,0.12620256249999998
tier3,2018,28,13579,117,M+C+S+V+MP,1.0,1,245,0.0
tier3,2018,28,13579,118,L+C+S+V+MP,0.99805,1,195,3.8025000000000284e-06
tier3,2018,28,13579,119,M+L+C+S+V+MP,1.0,1,265,0.0
tier3,2018,28,13579,120,KD+S+V+MP,0.0,0,166,0.0
tier3,2018,28,13579,121,M+KD+S+V+MP,1.0,1,236,0.0
tier3,2018,28,13579,122,L+KD+S+V+MP,0.6135,1,186,0.14938224999999997
tier3,2018,28,13579,123,M+L+KD+S+V+MP,1.0,1,256,0.0
tier3,2018,28,13579,124,C+KD+S+V+MP,0.9596,1,197,0.0016321599999999993
tier3,2018,28,13579,125,M+C+KD+S+V+MP,1.0,1,267,0.0
tier3,2018,28,13579,126,L+C+KD+S+V+MP,1.0,1,217,0.0
tier3,2018,28,13579,127,M+L+C+KD+S+V+MP,1.0,1,287,0.0
tier3,2018,28,13579,128,SD,0.0,0,62,0.0
tier3,2018,28,13579,129,M+SD,0.0,0,132,0.0
tier3,2018,28,13579,130,L+SD,0.0,0,82,0.0
tier3,2018,28,13579,131,M+L+SD,0.0404,0,152,0.00163216
tier3,2018,28,13579,132,C+SD,0.0,0,93,0.0
tier3,2018,28,13579,133,M+C+SD,0.3865,0,163,0.14938225
tier3,2018,28,13579,134,L+C+SD,0.0,0,113,0.0
tier3,2018,28,13579,135,M+L+C+SD,1.0,1,183,0.0
tier3,2018,28,13579,136,KD+SD,0.0,0,84,0.0
tier3,2018,28,13579,137,M+KD+SD,0.00195,0,154,3.8024999999999996e-06
tier3,2018,28,13579,138,L+KD+SD,0.0,0,104,0.0
tier3,2018,28,13579,139,M+L+KD+SD,0.35525,0,174,0.1262025625
tier3,2018,28,13579,140,C+KD+SD,0.0,0,115,0.0
tier3,2018,28,13579,141,M+C+KD+SD,0.7831,1,185,0.047045609999999995
tier3,2018,28,13579,142,L+C+KD+SD,0.0,0,135,0.0
tier3,2018,28,13579,143,M+L+C+KD+SD,1.0,1,205,0.0
tier3,2018,28,13579,144,S+SD,0.05885,0,162,0.0034633224999999998
tier3,2018,28,13579,145,M+S+SD,1.0,1,232,0.0
tier3,2018,28,13579,146,L+S+SD,0.86025,1,182,0.01953006250000001
tier3,2018,28,13579,147,M+L+S+SD,1.0,1,252,0.0
tier3,2018,28,13579,148,C+S+SD,1.0,1,193,0.0
tier3,2018,28,13579,149,M+C+S+SD,1.0,1,263,0.0
tier3,2018,28,13579,150,L+C+S+SD,1.0,1,213,0.0
tier3,2018,28,13579,151,M+L+C+S+SD,1.0,1,283,0.0
tier3,2018,28,13579,152,KD+S+SD,0.34025,1,184,0.43527006250000005
tier3,2018,28,13579,153,M+KD+S+SD,1.0,1,254,0.0
tier3,2018,28,13579,154,L+KD+S+SD,0.99715,1,204,8.122500000000109e-06
tier3,2018,28,13579,155,M+L+KD+S+SD,1.0,1,274,0.0
tier3,2018,28,13579,156,C+KD+S+SD,1.0,1,215,0.0
tier3,2018,28,13579,157,M+C+KD+S+SD,1.0,1,285,0.0
tier3,2018,28,13579,158,L+C+KD+S+SD,1.0,1,235,0.0
tier3,2018,28,13579,159,M+L+C+KD+S+SD,1.0,1,305,0.0
tier3,2018,28,13579,160,V+SD,0.0,0,90,0.0
tier3,2018,28,13579,161,M+V+SD,0.4848,0,160,0.23503104
tier3,2018,28,13579,162,L+V+SD,0.0,0,110,0.0
tier3,2018,28,13579,163,M+L+V+SD,0.99915,1,180,7.225000000000296e-07
tier3,2018,28,13579,164,C+V+SD,0.0,0,121,0.0
tier3,2018,28,13579,165,M+C+V+SD,1.0,1,191,0.0
tier3,2018,28,13579,166,L+C+V+SD,0.0056,0,141,3.136e-05
tier3,2018,28,13579,167,M+L+C+V+SD,1.0,1,211,0.0
tier3,2018,28,13579,168,KD+V+SD,0.0,0,112,0.0
tier3,2018,28,13579,169,M+KD+V+SD,0.75185,1,182,0.061578422499999994
tier3,2018,28,13579,170,L+KD+V+SD,0.0,0,132,0.0
tier3,2018,28,13579,171,M+L+KD+V+SD,1.0,1,202,0.0
tier3,2018,28,13579,172,C+KD+V+SD,0.0,0,143,0.0
tier3,2018,28,13579,173,M+C+KD+V+SD,1.0,1,213,0.0
tier3,2018,28,13579,174,L+C+KD+V+SD,0.17005,0,163,0.028917002500000004
tier3,2018,28,13579,175,M+L+C+KD+V+SD,1.0,1,233,0.0
tier3,2018,28,13579,176,S+V+SD,1.0,1,190,0.0
tier3,2018,28,13579,177,M+S+V+SD,1.0,1,260,0.0
tier3,2018,28,13579,178,L+S+V+SD,1.0,1,210,0.0
tier3,2018,28,13579,179,M+L+S+V+SD,1.0,1,280,0.0
tier3,2018,28,13579,180,C+S+V+SD,1.0,1,221,0.0
tier3,2018,28,13579,181,M+C+S+V+SD,1.0,1,291,0.0
tier3,2018,28,13579,182,L+C+S+V+SD,1.0,1,241,0.0
tier3,2018,28,13579,183,M+L+C+S+V+SD,1.0,1,311,0.0
tier3,2018,28,13579,184,KD+S+V+SD,1.0,1,212,0.0
tier3,2018,28,13579,185,M+KD+S+V+SD,1.0,1,282,0.0
tier3,2018,28,13579,186,L+KD+S+V+SD,1.0,1,232,0.0
tier3,2018,28,13579,187,M+L+KD+S+V+SD,1.0,1,302,0.0
tier3,2018,28,13579,188,C+KD+S+V+SD,1.0,1,243,0.0
tier3,2018,28,13579,189,M+C+KD+S+V+SD,1.0,1,313,0.0
tier3,2018,28,13579,190,L+C+KD+S+V+SD,1.0,1,263,0.0
tier3,2018,28,13579,191,M+L+C+KD+S+V+SD,1.0,1,333,0.0
tier3,2018,28,13579,192,MP+SD,0.0,0,78,0.0
tier3,2018,28,13579,193,M+MP+SD,0.01325,0,148,0.0001755625
tier3,2018,28,13579,194,L+MP+SD,0.0,0,98,0.0
tier3,2018,28,13579,195,M+L+MP+SD,0.82185,0,168,0.6754374224999999
tier3,2018,28,13579,196,C+MP+SD,0.0,0,109,0.0
tier3,2018,28,13579,197,M+C+MP+SD,1.0,1,179,0.0
tier3,2018,28,13579,198,L+C+MP+SD,0.0,0,129,0.0
tier3,2018,28,13579,199,M+L+C+MP+SD,1.0,1,199,0.0
tier3,2018,28,13579,200,KD+MP+SD,0.0,0,100,0.0
tier3,2018,28,13579,201,M+KD+MP+SD,0.2597,0,170,0.06744409
tier3,2018,28,13579,202,L+KD+MP+SD,0.0,0,120,0.0
tier3,2018,28,13579,203,M+L+KD+MP+SD,0.99745,1,190,6.502500000000266e-06
tier3,2018,28,13579,204,C+KD+MP+SD,0.0,0,131,0.0
tier3,2018,28,13579,205,M+C+KD+MP+SD,1.0,1,201,0.0
tier3,2018,28,13579,206,L+C+KD+MP+SD,0.00065,0,151,4.225e-07
tier3,2018,28,13579,207,M+L+C+KD+MP+SD,1.0,1,221,0.0
tier3,2018,28,13579,208,S+MP+SD,0.8316,1,178,0.028358559999999998
tier3,2018,28,13579,209,M+S+MP+SD,1.0,1,248,0.0
tier3,2018,28,13579,210,L+S+MP+SD,1.0,1,198,0.0
tier3,2018,28,13579,211,M+L+S+MP+SD,1.0,1,268,0.0
tier3,2018,28,13579,212,C+S+MP+SD,1.0,1,209,0.0
tier3,2018,28,13579,213,M+C+S+MP+SD,1.0,1,279,0.0
tier3,2018,28,13579,214,L+C+S+MP+SD,1.0,1,229,0.0
tier3,2018,28,13579,215,M+L+C+S+MP+SD,1.0,1,299,0.0
tier3,2018,28,13579,216,KD+S+MP+SD,0.9996,1,200,1.5999999999996475e-07
tier3,2018,28,13579,217,M+KD+S+MP+SD,1.0,1,270,0.0
tier3,2018,28,13579,218,L+KD+S+MP+SD,1.0,1,220,0.0
tier3,2018,28,13579,219,M+L+KD+S+MP+SD,1.0,1,290,0.0
tier3,2018,28,13579,220,C+KD+S+MP+SD,1.0,1,231,0.0
tier3,2018,28,13579,221,M+C+KD+S+MP+SD,1.0,1,301,0.0
tier3,2018,28,13579,222,L+C+KD+S+MP+SD,1.0,1,251,0.0
tier3,2018,28,13579,223,M+L+C+KD+S+MP+SD,1.0,1,321,0.0
tier3,2018,28,13579,224,V+MP+SD,0.0,0,106,0.0
tier3,2018,28,13579,225,M+V+MP+SD,0.996,1,176,1.600000000000003e-05
tier3,2018,28,13579,226,L+V+MP+SD,0.0,0,126,0.0
tier3,2018,28,13579,227,M+L+V+MP+SD,1.0,1,196,0.0
tier3,2018,28,13579,228,C+V+MP+SD,0.00425,0,137,1.8062500000000002e-05
tier3,2018,28,13579,229,M+C+V+MP+SD,1.0,1,207,0.0
tier3,2018,28,13579,230,L+C+V+MP+SD,0.68445,0,157,0.4684718025
tier3,2018,28,13579,231,M+L+C+V+MP+SD,1.0,1,227,0.0
tier3,2018,28,13579,232,KD+V+MP+SD,0.0,0,128,0.0
tier3,2018,28,13579,233,M+KD+V+MP+SD,1.0,1,198,0.0
tier3,2018,28,13579,234,L+KD+V+MP+SD,0.0,0,148,0.0
tier3,2018,28,13579,235,M+L+KD+V+MP+SD,1.0,1,218,0.0
tier3,2018,28,13579,236,C+KD+V+MP+SD,0.12095,0,159,0.0146289025
tier3,2018,28,13579,237,M+C+KD+V+MP+SD,1.0,1,229,0.0
tier3,2018,28,13579,238,L+C+KD+V+MP+SD,0.99155,1,179,7.140249999999928e-05
tier3,2018,28,13579,239,M+L+C+KD+V+MP+SD,1.0,1,249,0.0
tier3,2018,28,13579,240,S+V+MP+SD,1.0,1,206,0.0
tier3,2018,28,13579,241,M+S+V+MP+SD,1.0,1,276,0.0
tier3,2018,28,13579,242,L+S+V+MP+SD,1.0,1,226,0.0
tier3,2018,28,13579,243,M+L+S+V+MP+SD,1.0,1,296,0.0
tier3,2018,28,13579,244,C+S+V+MP+SD,1.0,1,237,0.0
tier3,2018,28,13579,245,M+C+S+V+MP+SD,1.0,1,307,0.0
tier3,2018,28,13579,246,L+C+S+V+MP+SD,1.0,1,257,0.0
tier3,2018,28,13579,247,M+L+C+S+V+MP+SD,1.0,1,327,0.0
tier3,2018,28,13579,248,KD+S+V+MP+SD,1.0,1,228,0.0
tier3,2018,28,13579,249,M+KD+S+V+MP+SD,1.0,1,298,0.0
tier3,2018,28,13579,250,L+KD+S+V+MP+SD,1.0,1,248,0.0
tier3,2018,28,13579,251,M+L+KD+S+V+MP+SD,1.0,1,318,0.0
tier3,2018,28,13579,252,C+KD+S+V+MP+SD,1.0,1,259,0.0
tier3,2018,28,13579,253,M+C+KD+S+V+MP+SD,1.0,1,329,0.0
tier3,2018,28,13579,254,L+C+KD+S+V+MP+SD,1.0,1,279,0.0
tier3,2018,14,12345,1,M,0.0,0,70,0.0
tier3,2018,14,12345,2,L,0.0,0,20,0.0
tier3,2018,14,12345,3,M+L,0.0,0,90,0.0
tier3,2018,14,12345,4,C,0.0,0,31,0.0
tier3,2018,14,12345,5,M+C,0.0,0,101,0.0
tier3,2018,14,12345,6,L+C,0.0,0,51,0.0
tier3,2018,14,12345,7,M+L+C,0.0,0,121,0.0
tier3,2018,14,12345,8,KD,0.0,0,22,0.0
tier3,2018,14,12345,9,M+KD,0.0,0,92,0.0
tier3,2018,14,12345,10,L+KD,0.0,0,42,0.0
tier3,2018,14,12345,11,M+L+KD,0.0,0,112,0.0
tier3,2018,14,12345,12,C+KD,0.0,0,53,0.0
tier3,2018,14,12345,13,M+C+KD,0.0,0,123,0.0
tier3,2018,14,12345,14,L+C+KD,0.0,0,73,0.0
tier3,2018,14,12345,15,M+L+C+KD,0.0,0,143,0.0
tier3,2018,14,12345,16,S,0.0,0,100,0.0
tier3,2018,14,12345,17,M+S,0.00225,0,170,5.062499999999999e-06
tier3,2018,14,12345,18,L+S,0.0,0,120,0.0
tier3,2018,14,12345,19,M+L+S,0.96635,1,190,0.0011323224999999972
tier3,2018,14,12345,20,C+S,0.0,0,131,0.0
tier3,2018,14,12345,21,M+C+S,1.0,1,201,0.0
tier3,2018,14,12345,22,L+C+S,0.0,0,151,0.0
tier3,2018,14,12345,23,M+L+C+S,1.0,1,221,0.0
tier3,2018,14,12345,24,KD+S,0.0,0,122,0.0
tier3,2018,14,12345,25,M+KD+S,0.7498,1,192,0.06260004
tier3,2018,14,12345,26,L+KD+S,0.0,0,142,0.0
tier3,2018,14,12345,27,M+L+KD+S,1.0,1,212,0.0
tier3,2018,14,12345,28,C+KD+S,0.0,0,153,0.0
tier3,2018,14,12345,29,M+C+KD+S,1.0,1,223,0.0
tier3,2018,14,12345,30,L+C+KD+S,0.0979,0,173,0.00958441
tier3,2018,14,12345,31,M+L+C+KD+S,1.0,1,243,0.0
tier3,2018,14,12345,32,V,0.0,0,28,0.0
tier3,2018,14,12345,33,M+V,0.0,0,98,0.0
tier3,2018,14,12345,34,L+V,0.0,0,48,0.0
tier3,2018,14,12345,35,M+L+V,0.0,0,118,0.0
tier3,2018,14,12345,36,C+V,0.0,0,59,0.0
tier3,2018,14,12345,37,M+C+V,0.0,0,129,0.0
tier3,2018,14,12345,38,L+C+V,0.0,0,79,0.0
tier3,2018,14,12345,39,M+L+C+V,0.0,0,149,0.0
tier3,2018,14,12345,40,KD+V,0.0,0,50,0.0
tier3,2018,14,12345,41,M+KD+V,0.0,0,120,0.0
tier3,2018,14,12345,42,L+KD+V,0.0,0,70,0.0
tier3,2018,14,12345,43,M+L+KD+V,0.0,0,140,0.0
tier3,2018,14,12345,44,C+KD+V,0.0,0,81,0.0
tier3,2018,14,12345,45,M+C+KD+V,0.0,0,151,0.0
tier3,2018,14,12345,46,L+C+KD+V,0.0,0,101,0.0
tier3,2018,14,12345,47,M+L+C+KD+V,0.2724,0,171,0.07420175999999999
tier3,2018,14,12345,48,S+V,0.0,0,128,0.0
tier3,2018,14,12345,49,M+S+V,1.0,1,198,0.0
tier3,2018,14,12345,50,L+S+V,0.0,0,148,0.0
tier3,2018,14,12345,51,M+L+S+V,1.0,1,218,0.0
tier3,2018,14,12345,52,C+S+V,5e-05,0,159,2.5e-09
tier3,2018,14,12345,53,M+C+S+V,1.0,1,229,0.0
tier3,2018,14,12345,54,L+C+S+V,0.77885,1,179,0.04890732249999998
tier3,2018,14,12345,55,M+L+C+S+V,1.0,1,249,0.0
tier3,2018,14,12345,56,KD+S+V,0.0,0,150,0.0
tier3,2018,14,12345,57,M+KD+S+V,1.0,1,220,0.0
tier3,2018,14,12345,58,L+KD+S+V,0.0002,0,170,4e-08
tier3,2018,14,12345,59,M+L+KD+S+V,1.0,1,240,0.0
tier3,2018,14,12345,60,C+KD+S+V,0.69615,1,181,0.09232482249999997
tier3,2018,14,12345,61,M+C+KD+S+V,1.0,1,251,0.0
tier3,2018,14,12345,62,L+C+KD+S+V,1.0,1,201,0.0
tier3,2018,14,12345,63,M+L+C+KD+S+V,1.0,1,271,0.0
tier3,2018,14,12345,64,MP,0.0,0,16,0.0
tier3,2018,14,12345,65,M+MP,0.0,0,86,0.0
tier3,2018,14,12345,66,L+MP,0.0,0,36,0.0
tier3,2018,14,12345,67,M+L+MP,0.0,0,106,0.0
tier3,2018,14,12345,68,C+MP,0.0,0,47,0.0
tier3,2018,14,12345,69,M+C+MP,0.0,0,117,0.0
tier3,2018,14,12345,70,L+C+MP,0.0,0,67,0.0
tier3,2018,14,12345,71,M+L+C+MP,0.0,0,137,0.0
tier3,2018,14,12345,72,KD+MP,0.0,0,38,0.0
tier3,2018,14,12345,73,M+KD+MP,0.0,0,108,0.0
tier3,2018,14,12345,74,L+KD+MP,0.0,0,58,0.0
tier3,2018,14,12345,75,M+L+KD+MP,0.0,0,128,0.0
tier3,2018,14,12345,76,C+KD+MP,0.0,0,69,0.0
tier3,2018,14,12345,77,M+C+KD+MP,0.0,0,139,0.0
tier3,2018,14,12345,78,L+C+KD+MP,0.0,0,89,0.0
tier3,2018,14,12345,79,M+L+C+KD+MP,0.0,0,159,0.0
tier3,2018,14,12345,80,S+MP,0.0,0,116,0.0
tier3,2018,14,12345,81,M+S+MP,0.9036,1,186,0.009292960000000008
tier3,2018,14,12345,82,L+S+MP,0.0,0,136,0.0
tier3,2018,14,12345,83,M+L+S+MP,1.0,1,206,0.0
tier3,2018,14,12345,84,C+S+MP,0.0,0,147,0.0
tier3,2018,14,12345,85,M+C+S+MP,1.0,1,217,0.0
tier3,2018,14,12345,86,L+C+S+MP,0.24695,0,167,0.060984302500000004
tier3,2018,14,12345,87,M+L+C+S+MP,1.0,1,237,0.0
tier3,2018,14,12345,88,KD+S+MP,0.0,0,138,0.0
tier3,2018,14,12345,89,M+KD+S+MP,1.0,1,208,0.0
tier3,2018,14,12345,90,L+KD+S+MP,0.0,0,158,0.0
tier3,2018,14,12345,91,M+L+KD+S+MP,1.0,1,228,0.0
tier3,2018,14,12345,92,C+KD+S+MP,0.01625,0,169,0.00026406250000000003
tier3,2018,14,12345,93,M+C+KD+S+MP,1.0,1,239,0.0
tier3,2018,14,12345,94,L+C+KD+S+MP,0.78455,1,189,0.04641870250000001
tier3,2018,14,12345,95,M+L+C+KD+S+MP,1.0,1,259,0.0
tier3,2018,14,12345,96,V+MP,0.0,0,44,0.0
tier3,2018,14,12345,97,M+V+MP,0.0,0,114,0.0
tier3,2018,14,12345,98,L+V+MP,0.0,0,64,0.0
tier3,2018,14,12345,99,M+L+V+MP,0.0,0,134,0.0
tier3,2018,14,12345,100,C+V+MP,0.0,0,75,0.0
tier3,2018,14,12345,101,M+C+V+MP,0.0,0,145,0.0
tier3,2018,14,12345,102,L+C+V+MP,0.0,0,95,0.0
tier3,2018,14,12345,103,M+L+C+V+MP,0.2876,0,165,0.08271376000000001
tier3,2018,14,12345,104,KD+V+MP,0.0,0,66,0.0
tier3,2018,14,12345,105,M+KD+V+MP,0.0,0,136,0.0
tier3,2018,14,12345,106,L+KD+V+MP,0.0,0,86,0.0
tier3,2018,14,12345,107,M+L+KD+V+MP,0.0,0,156,0.0
tier3,2018,14,12345,108,C+KD+V+MP,0.0,0,97,0.0
tier3,2018,14,12345,109,M+C+KD+V+MP,0.19705,0,167,0.0388287025
tier3,2018,14,12345,110,L+C+KD+V+MP,0.0,0,117,0.0
tier3,2018,14,12345,111,M+L+C+KD+V+MP,0.99505,1,187,2.45025000000001e-05
tier3,2018,14,12345,112,S+V+MP,0.0,0,144,0.0
tier3,2018,14,12345,113,M+S+V+MP,1.0,1,214,0.0
tier3,2018,14,12345,114,L+S+V+MP,0.0915,0,164,0.00837225
tier3,2018,14,12345,115,M+L+S+V+MP,1.0,1,234,0.0
tier3,2018,14,12345,116,C+S+V+MP,0.60995,1,175,0.1521390025
tier3,2018,14,12345,117,M+C+S+V+MP,1.0,1,245,0.0
tier3,2018,14,12345,118,L+C+S+V+MP,0.99895,1,195,1.1024999999999903e-06
tier3,2018,14,12345,119,M+L+C+S+V+MP,1.0,1,265,0.0
tier3,2018,14,12345,120,KD+S+V+MP,0.0,0,166,0.0
tier3,2018,14,12345,121,M+KD+S+V+MP,1.0,1,236,0.0
tier3,2018,14,12345,122,L+KD+S+V+MP,0.8175,1,186,0.033306249999999996
tier3,2018,14,12345,123,M+L+KD+S+V+MP,1.0,1,256,0.0
tier3,2018,14,12345,124,C+KD+S+V+MP,0.998,1,197,4.0000000000000074e-06
tier3,2018,14,12345,125,M+C+KD+S+V+MP,1.0,1,267,0.0
tier3,2018,14,12345,126,L+C+KD+S+V+MP,1.0,1,217,0.0
tier3,2018,14,12345,127,M+L+C+KD+S+V+MP,1.0,1,287,0.0
tier3,2018,14,12345,128,SD,0.0,0,62,0.0
tier3,2018,14,12345,129,M+SD,0.0,0,132,0.0
tier3,2018,14,12345,130,L+SD,0.0,0,82,0.0
tier3,2018,14,12345,131,M+L+SD,0.002,0,152,4e-06
tier3,2018,14,12345,132,C+SD,0.0,0,93,0.0
tier3,2018,14,12345,133,M+C+SD,0.1825,0,163,0.033306249999999996
tier3,2018,14,12345,134,L+C+SD,0.0,0,113,0.0
tier3,2018,14,12345,135,M+L+C+SD,1.0,1,183,0.0
tier3,2018,14,12345,136,KD+SD,0.0,0,84,0.0
tier3,2018,14,12345,137,M+KD+SD,0.00105,0,154,1.1024999999999998e-06
tier3,2018,14,12345,138,L+KD+SD,0.0,0,104,0.0
tier3,2018,14,12345,139,M+L+KD+SD,0.39005,0,174,0.1521390025
tier3,2018,14,12345,140,C+KD+SD,0.0,0,115,0.0
tier3,2018,14,12345,141,M+C+KD+SD,0.9085,1,185,0.008372250000000005
tier3,2018,14,12345,142,L+C+KD+SD,0.0,0,135,0.0
tier3,2018,14,12345,143,M+L+C+KD+SD,1.0,1,205,0.0
tier3,2018,14,12345,144,S+SD,0.00495,0,162,2.4502500000000005e-05
tier3,2018,14,12345,145,M+S+SD,1.0,1,232,0.0
tier3,2018,14,12345,146,L+S+SD,0.80295,1,182,0.03882870249999998
tier3,2018,14,12345,147,M+L+S+SD,1.0,1,252,0.0
tier3,2018,14,12345,148,C+S+SD,1.0,1,193,0.0
tier3,2018,14,12345,149,M+C+S+SD,1.0,1,263,0.0
tier3,2018,14,12345,150,L+C+S+SD,1.0,1,213,0.0
tier3,2018,14,12345,151,M+L+C+S+SD,1.0,1,283,0.0
tier3,2018,14,12345,152,KD+S+SD,0.7124,1,184,0.08271375999999998
tier3,2018,14,12345,153,M+KD+S+SD,1.0,1,254,0.0
tier3,2018,14,12345,154,L+KD+S+SD,1.0,1,204,0.0
tier3,2018,14,12345,155,M+L+KD+S+SD,1.0,1,274,0.0
tier3,2018,14,12345,156,C+KD+S+SD,1.0,1,215,0.0
tier3,2018,14,12345,157,M+C+KD+S+SD,1.0,1,285,0.0
tier3,2018,14,12345,158,L+C+KD+S+SD,1.0,1,235,0.0
tier3,2018,14,12345,159,M+L+C+KD+S+SD,1.0,1,305,0.0
tier3,2018,14,12345,160,V+SD,0.0,0,90,0.0
tier3,2018,14,12345,161,M+V+SD,0.21545,0,160,0.0464187025
tier3,2018,14,12345,162,L+V+SD,0.0,0,110,0.0
tier3,2018,14,12345,163,M+L+V+SD,0.98375,1,180,0.00026406249999999954
tier3,2018,14,12345,164,C+V+SD,0.0,0,121,0.0
tier3,2018,14,12345,165,M+C+V+SD,1.0,1,191,0.0
tier3,2018,14,12345,166,L+C+V+SD,0.0,0,141,0.0
tier3,2018,14,12345,167,M+L+C+V+SD,1.0,1,211,0.0
tier3,2018,14,12345,168,KD+V+SD,0.0,0,112,0.0
tier3,2018,14,12345,169,M+KD+V+SD,0.75305,1,182,0.060984302500000004
tier3,2018,14,12345,170,L+KD+V+SD,0.0,0,132,0.0
tier3,2018,14,12345,171,M+L+KD+V+SD,1.0,1,202,0.0
tier3,2018,14,12345,172,C+KD+V+SD,0.0,0,143,0.0
tier3,2018,14,12345,173,M+C+KD+V+SD,1.0,1,213,0.0
tier3,2018,14,12345,174,L+C+KD+V+SD,0.0964,0,163,0.00929296
tier3,2018,14,12345,175,M+L+C+KD+V+SD,1.0,1,233,0.0
tier3,2018,14,12345,176,S+V+SD,1.0,1,190,0.0
tier3,2018,14,12345,177,M+S+V+SD,1.0,1,260,0.0
tier3,2018,14,12345,178,L+S+V+SD,1.0,1,210,0.0
tier3,2018,14,12345,179,M+L+S+V+SD,1.0,1,280,0.0
tier3,2018,14,12345,180,C+S+V+SD,1.0,1,221,0.0
tier3,2018,14,12345,181,M+C+S+V+SD,1.0,1,291,0.0
tier3,2018,14,12345,182,L+C+S+V+SD,1.0,1,241,0.0
tier3,2018,14,12345,183,M+L+C+S+V+SD,1.0,1,311,0.0
tier3,2018,14,12345,184,KD+S+V+SD,1.0,1,212,0.0
tier3,2018,14,12345,185,M+KD+S+V+SD,1.0,1,282,0.0
tier3,2018,14,12345,186,L+KD+S+V+SD,1.0,1,232,0.0
tier3,2018,14,12345,187,M+L+KD+S+V+SD,1.0,1,302,0.0
tier3,2018,14,12345,188,C+KD+S+V+SD,1.0,1,243,0.0
tier3,2018,14,12345,189,M+C+KD+S+V+SD,1.0,1,313,0.0
tier3,2018,14,12345,190,L+C+KD+S+V+SD,1.0,1,263,0.0
tier3,2018,14,12345,191,M+L+C+KD+S+V+SD,1.0,1,333,0.0
tier3,2018,14,12345,192,MP+SD,0.0,0,78,0.0
tier3,2018,14,12345,193,M+MP+SD,0.0,0,148,0.0
tier3,2018,14,12345,194,L+MP+SD,0.0,0,98,0.0
tier3,2018,14,12345,195,M+L+MP+SD,0.30385,0,168,0.0923248225
tier3,2018,14,12345,196,C+MP+SD,0.0,0,109,0.0
tier3,2018,14,12345,197,M+C+MP+SD,0.9998,1,179,3.9999999999991186e-08
tier3,2018,14,12345,198,L+C+MP+SD,0.0,0,129,0.0
tier3,2018,14,12345,199,M+L+C+MP+SD,1.0,1,199,0.0
tier3,2018,14,12345,200,KD+MP+SD,0.0,0,100,0.0
tier3,2018,14,12345,201,M+KD+MP+SD,0.22115,0,170,0.0489073225
tier3,2018,14,12345,202,L+KD+MP+SD,0.0,0,120,0.0
tier3,2018,14,12345,203,M+L+KD+MP+SD,0.99995,1,190,2.499999999999449e-09
tier3,2018,14,12345,204,C+KD+MP+SD,0.0,0,131,0.0
tier3,2018,14,12345,205,M+C+KD+MP+SD,1.0,1,201,0.0
tier3,2018,14,12345,206,L+C+KD+MP+SD,0.0,0,151,0.0
tier3,2018,14,12345,207,M+L+C+KD+MP+SD,1.0,1,221,0.0
tier3,2018,14,12345,208,S+MP+SD,0.7276,1,178,0.07420175999999999
tier3,2018,14,12345,209,M+S+MP+SD,1.0,1,248,0.0
tier3,2018,14,12345,210,L+S+MP+SD,1.0,1,198,0.0
tier3,2018,14,12345,211,M+L+S+MP+SD,1.0,1,268,0.0
tier3,2018,14,12345,212,C+S+MP+SD,1.0,1,209,0.0
tier3,2018,14,12345,213,M+C+S+MP+SD,1.0,1,279,0.0
tier3,2018,14,12345,214,L+C+S+MP+SD,1.0,1,229,0.0
tier3,2018,14,12345,215,M+L+C+S+MP+SD,1.0,1,299,0.0
tier3,2018,14,12345,216,KD+S+MP+SD,1.0,1,200,0.0
tier3,2018,14,12345,217,M+KD+S+MP+SD,1.0,1,270,0.0
tier3,2018,14,12345,218,L+KD+S+MP+SD,1.0,1,220,0.0
tier3,2018,14,12345,219,M+L+KD+S+MP+SD,1.0,1,290,0.0
tier3,2018,14,12345,220,C+KD+S+MP+SD,1.0,1,231,0.0
tier3,2018,14,12345,221,M+C+KD+S+MP+SD,1.0,1,301,0.0
tier3,2018,14,12345,222,L+C+KD+S+MP+SD,1.0,1,251,0.0
tier3,2018,14,12345,223,M+L+C+KD+S+MP+SD,1.0,1,321,0.0
tier3,2018,14,12345,224,V+MP+SD,0.0,0,106,0.0
tier3,2018,14,12345,225,M+V+MP+SD,0.9021,1,176,0.009584409999999998
tier3,2018,14,12345,226,L+V+MP+SD,0.0,0,126,0.0
tier3,2018,14,12345,227,M+L+V+MP+SD,1.0,1,196,0.0
tier3,2018,14,12345,228,C+V+MP+SD,0.0,0,137,0.0
tier3,2018,14,12345,229,M+C+V+MP+SD,1.0,1,207,0.0
tier3,2018,14,12345,230,L+C+V+MP+SD,0.2502,0,157,0.06260004
tier3,2018,14,12345,231,M+L+C+V+MP+SD,1.0,1,227,0.0
tier3,2018,14,12345,232,KD+V+MP+SD,0.0,0,128,0.0
tier3,2018,14,12345,233,M+KD+V+MP+SD,1.0,1,198,0.0
tier3,2018,14,12345,234,L+KD+V+MP+SD,0.0,0,148,0.0
tier3,2018,14,12345,235,M+L+KD+V+MP+SD,1.0,1,218,0.0
tier3,2018,14,12345,236,C+KD+V+MP+SD,0.03365,0,159,0.0011323225
tier3,2018,14,12345,237,M+C+KD+V+MP+SD,1.0,1,229,0.0
tier3,2018,14,12345,238,L+C+KD+V+MP+SD,0.99775,1,179,5.062499999999884e-06
tier3,2018,14,12345,239,M+L+C+KD+V+MP+SD,1.0,1,249,0.0
tier3,2018,14,12345,240,S+V+MP+SD,1.0,1,206,0.0
tier3,2018,14,12345,241,M+S+V+MP+SD,1.0,1,276,0.0
tier3,2018,14,12345,242,L+S+V+MP+SD,1.0,1,226,0.0
tier3,2018,14,12345,243,M+L+S+V+MP+SD,1.0,1,296,0.0
tier3,2018,14,12345,244,C+S+V+MP+SD,1.0,1,237,0.0
tier3,2018,14,12345,245,M+C+S+V+MP+SD,1.0,1,307,0.0
tier3,2018,14,12345,246,L+C+S+V+MP+SD,1.0,1,257,0.0
tier3,2018,14,12345,247,M+L+C+S+V+MP+SD,1.0,1,327,0.0
tier3,2018,14,12345,248,KD+S+V+MP+SD,1.0,1,228,0.0
tier3,2018,14,12345,249,M+KD+S+V+MP+SD,1.0,1,298,0.0
tier3,2018,14,12345,250,L+KD+S+V+MP+SD,1.0,1,248,0.0
tier3,2018,14,12345,251,M+L+KD+S+V+MP+SD,1.0,1,318,0.0
tier3,2018,14,12345,252,C+KD+S+V+MP+SD,1.0,1,259,0.0
tier3,2018,14,12345,253,M+C+KD+S+V+MP+SD,1.0,1,329,0.0
tier3,2018,14,12345,254,L+C+KD+S+V+MP+SD,1.0,1,279,0.0
tier3,2018,14,24680,1,M,0.0,0,70,0.0
tier3,2018,14,24680,2,L,0.0,0,20,0.0
tier3,2018,14,24680,3,M+L,0.0,0,90,0.0
tier3,2018,14,24680,4,C,0.0,0,31,0.0
tier3,2018,14,24680,5,M+C,0.0,0,101,0.0
tier3,2018,14,24680,6,L+C,0.0,0,51,0.0
tier3,2018,14,24680,7,M+L+C,0.0,0,121,0.0
tier3,2018,14,24680,8,KD,0.0,0,22,0.0
tier3,2018,14,24680,9,M+KD,0.0,0,92,0.0
tier3,2018,14,24680,10,L+KD,0.0,0,42,0.0
tier3,2018,14,24680,11,M+L+KD,0.0,0,112,0.0
tier3,2018,14,24680,12,C+KD,0.0,0,53,0.0
tier3,2018,14,24680,13,M+C+KD,0.0,0,123,0.0
tier3,2018,14,24680,14,L+C+KD,0.0,0,73,0.0
tier3,2018,14,24680,15,M+L+C+KD,0.0,0,143,0.0
tier3,2018,14,24680,16,S,0.0,0,100,0.0
tier3,2018,14,24680,17,M+S,0.00205,0,170,4.202500000000001e-06
tier3,2018,14,24680,18,L+S,0.0,0,120,0.0
tier3,2018,14,24680,19,M+L+S,0.9708,1,190,0.0008526400000000002
tier3,2018,14,24680,20,C+S,0.0,0,131,0.0
tier3,2018,14,24680,21,M+C+S,1.0,1,201,0.0
tier3,2018,14,24680,22,L+C+S,0.0,0,151,0.0
tier3,2018,14,24680,23,M+L+C+S,1.0,1,221,0.0
tier3,2018,14,24680,24,KD+S,0.0,0,122,0.0
tier3,2018,14,24680,25,M+KD+S,0.7531,1,192,0.060959610000000004
tier3,2018,14,24680,26,L+KD+S,0.0,0,142,0.0
tier3,2018,14,24680,27,M+L+KD+S,1.0,1,212,0.0
tier3,2018,14,24680,28,C+KD+S,0.0,0,153,0.0
tier3,2018,14,24680,29,M+C+KD+S,1.0,1,223,0.0
tier3,2018,14,24680,30,L+C+KD+S,0.09835,0,173,0.009672722500000001
tier3,2018,14,24680,31,M+L+C+KD+S,1.0,1,243,0.0
tier3,2018,14,24680,32,V,0.0,0,28,0.0
tier3,2018,14,24680,33,M+V,0.0,0,98,0.0
tier3,2018,14,24680,34,L+V,0.0,0,48,0.0
tier3,2018,14,24680,35,M+L+V,0.0,0,118,0.0
tier3,2018,14,24680,36,C+V,0.0,0,59,0.0
tier3,2018,14,24680,37,M+C+V,0.0,0,129,0.0
tier3,2018,14,24680,38,L+C+V,0.0,0,79,0.0
tier3,2018,14,24680,39,M+L+C+V,0.0,0,149,0.0
tier3,2018,14,24680,40,KD+V,0.0,0,50,0.0
tier3,2018,14,24680,41,M+KD+V,0.0,0,120,0.0
tier3,2018,14,24680,42,L+KD+V,0.0,0,70,0.0
tier3,2018,14,24680,43,M+L+KD+V,0.0,0,140,0.0
tier3,2018,14,24680,44,C+KD+V,0.0,0,81,0.0
tier3,2018,14,24680,45,M+C+KD+V,0.0,0,151,0.0
tier3,2018,14,24680,46,L+C+KD+V,0.0,0,101,0.0
tier3,2018,14,24680,47,M+L+C+KD+V,0.2746,0,171,0.07540516000000001
tier3,2018,14,24680,48,S+V,0.0,0,128,0.0
tier3,2018,14,24680,49,M+S+V,1.0,1,198,0.0
tier3,2018,14,24680,50,L+S+V,0.0,0,148,0.0
tier3,2018,14,24680,51,M+L+S+V,1.0,1,218,0.0
tier3,2018,14,24680,52,C+S+V,5e-05,0,159,2.5e-09
tier3,2018,14,24680,53,M+C+S+V,1.0,1,229,0.0
tier3,2018,14,24680,54,L+C+S+V,0.77585,1,179,0.05024322249999998
tier3,2018,14,24680,55,M+L+C+S+V,1.0,1,249,0.0
tier3,2018,14,24680,56,KD+S+V,0.0,0,150,0.0
tier3,2018,14,24680,57,M+KD+S+V,1.0,1,220,0.0
tier3,2018,14,24680,58,L+KD+S+V,0.00025,0,170,6.25e-08
tier3,2018,14,24680,59,M+L+KD+S+V,1.0,1,240,0.0
tier3,2018,14,24680,60,C+KD+S+V,0.69305,1,181,0.09421830249999996
tier3,2018,14,24680,61,M+C+KD+S+V,1.0,1,251,0.0
tier3,2018,14,24680,62,L+C+KD+S+V,1.0,1,201,0.0
tier3,2018,14,24680,63,M+L+C+KD+S+V,1.0,1,271,0.0
tier3,2018,14,24680,64,MP,0.0,0,16,0.0
tier3,2018,14,24680,65,M+MP,0.0,0,86,0.0
tier3,2018,14,24680,66,L+MP,0.0,0,36,0.0
tier3,2018,14,24680,67,M+L+MP,0.0,0,106,0.0
tier3,2018,14,24680,68,C+MP,0.0,0,47,0.0
tier3,2018,14,24680,69,M+C+MP,0.0,0,117,0.0
tier3,2018,14,24680,70,L+C+MP,0.0,0,67,0.0
tier3,2018,14,24680,71,M+L+C+MP,0.0,0,137,0.0
tier3,2018,14,24680,72,KD+MP,0.0,0,38,0.0
tier3,2018,14,24680,73,M+KD+MP,0.0,0,108,0.0
tier3,2018,14,24680,74,L+KD+MP,0.0,0,58,0.0
tier3,2018,14,24680,75,M+L+KD+MP,0.0,0,128,0.0
tier3,2018,14,24680,76,C+KD+MP,0.0,0,69,0.0
tier3,2018,14,24680,77,M+C+KD+MP,0.0,0,139,0.0
tier3,2018,14,24680,78,L+C+KD+MP,0.0,0,89,0.0
tier3,2018,14,24680,79,M+L+C+KD+MP,0.0,0,159,0.0
tier3,2018,14,24680,80,S+MP,0.0,0,116,0.0
tier3,2018,14,24680,81,M+S+MP,0.90425,1,186,0.0091680625
tier3,2018,14,24680,82,L+S+MP,0.0,0,136,0.0
tier3,2018,14,24680,83,M+L+S+MP,1.0,1,206,0.0
tier3,2018,14,24680,84,C+S+MP,0.0,0,147,0.0
tier3,2018,14,24680,85,M+C+S+MP,1.0,1,217,0.0
tier3,2018,14,24680,86,L+C+S+MP,0.2499,0,167,0.06245001000000001
tier3,2018,14,24680,87,M+L+C+S+MP,1.0,1,237,0.0
tier3,2018,14,24680,88,KD+S+MP,0.0,0,138,0.0
tier3,2018,14,24680,89,M+KD+S+MP,1.0,1,208,0.0
tier3,2018,14,24680,90,L+KD+S+MP,0.0,0,158,0.0
tier3,2018,14,24680,91,M+L+KD+S+MP,1.0,1,228,0.0
tier3,2018,14,24680,92,C+KD+S+MP,0.01415,0,169,0.0002002225
tier3,2018,14,24680,93,M+C+KD+S+MP,1.0,1,239,0.0
tier3,2018,14,24680,94,L+C+KD+S+MP,0.78235,1,189,0.047371522500000006
tier3,2018,14,24680,95,M+L+C+KD+S+MP,1.0,1,259,0.0
tier3,2018,14,24680,96,V+MP,0.0,0,44,0.0
tier3,2018,14,24680,97,M+V+MP,0.0,0,114,0.0
tier3,2018,14,24680,98,L+V+MP,0.0,0,64,0.0
tier3,2018,14,24680,99,M+L+V+MP,0.0,0,134,0.0
tier3,2018,14,24680,100,C+V+MP,0.0,0,75,0.0
tier3,2018,14,24680,101,M+C+V+MP,0.0,0,145,0.0
tier3,2018,14,24680,102,L+C+V+MP,0.0,0,95,0.0
tier3,2018,14,24680,103,M+L+C+V+MP,0.28125,0,165,0.0791015625
tier3,2018,14,24680,104,KD+V+MP,0.0,0,66,0.0
tier3,2018,14,24680,105,M+KD+V+MP,0.0,0,136,0.0
tier3,2018,14,24680,106,L+KD+V+MP,0.0,0,86,0.0
tier3,2018,14,24680,107,M+L+KD+V+MP,0.0,0,156,0.0
tier3,2018,14,24680,108,C+KD+V+MP,0.0,0,97,0.0
tier3,2018,14,24680,109,M+C+KD+V+MP,0.1915,0,167,0.03667225
tier3,2018,14,24680,110,L+C+KD+V+MP,0.0,0,117,0.0
tier3,2018,14,24680,111,M+L+C+KD+V+MP,0.99575,1,187,1.8062499999999795e-05
tier3,2018,14,24680,112,S+V+MP,0.0,0,144,0.0
tier3,2018,14,24680,113,M+S+V+MP,1.0,1,214,0.0
tier3,2018,14,24680,114,L+S+V+MP,0.0929,0,164,0.00863041
tier3,2018,14,24680,115,M+L+S+V+MP,1.0,1,234,0.0
tier3,2018,14,24680,116,C+S+V+MP,0.60835,1,175,0.15338972250000005
tier3,2018,14,24680,117,M+C+S+V+MP,1.0,1,245,0.0
tier3,2018,14,24680,118,L+C+S+V+MP,0.9989,1,195,1.2099999999999778e-06
tier3,2018,14,24680,119,M+L+C+S+V+MP,1.0,1,265,0.0
tier3,2018,14,24680,120,KD+S+V+MP,0.0,0,166,0.0
tier3,2018,14,24680,121,M+KD+S+V+MP,1.0,1,236,0.0
tier3,2018,14,24680,122,L+KD+S+V+MP,0.81385,1,186,0.03465182250000001
tier3,2018,14,24680,123,M+L+KD+S+V+MP,1.0,1,256,0.0
tier3,2018,14,24680,124,C+KD+S+V+MP,0.9986,1,197,1.959999999999879e-06
tier3,2018,14,24680,125,M+C+KD+S+V+MP,1.0,1,267,0.0
tier3,2018,14,24680,126,L+C+KD+S+V+MP,1.0,1,217,0.0
tier3,2018,14,24680,127,M+L+C+KD+S+V+MP,1.0,1,287,0.0
tier3,2018,14,24680,128,SD,0.0,0,62,0.0
tier3,2018,14,24680,129,M+SD,0.0,0,132,0.0
tier3,2018,14,24680,130,L+SD,0.0,0,82,0.0
tier3,2018,14,24680,131,M+L+SD,0.0014,0,152,1.96e-06
tier3,2018,14,24680,132,C+SD,0.0,0,93,0.0
tier3,2018,14,24680,133,M+C+SD,0.18615,0,163,0.034651822500000005
tier3,2018,14,24680,134,L+C+SD,0.0,0,113,0.0
tier3,2018,14,24680,135,M+L+C+SD,1.0,1,183,0.0
tier3,2018,14,24680,136,KD+SD,0.0,0,84,0.0
tier3,2018,14,24680,137,M+KD+SD,0.0011,0,154,1.21e-06
tier3,2018,14,24680,138,L+KD+SD,0.0,0,104,0.0
tier3,2018,14,24680,139,M+L+KD+SD,0.39165,0,174,0.1533897225
tier3,2018,14,24680,140,C+KD+SD,0.0,0,115,0.0
tier3,2018,14,24680,141,M+C+KD+SD,0.9071,1,185,0.008630409999999996
tier3,2018,14,24680,142,L+C+KD+SD,0.0,0,135,0.0
tier3,2018,14,24680,143,M+L+C+KD+SD,1.0,1,205,0.0
tier3,2018,14,24680,144,S+SD,0.00425,0,162,1.8062500000000002e-05
tier3,2018,14,24680,145,M+S+SD,1.0,1,232,0.0
tier3,2018,14,24680,146,L+S+SD,0.8085,1,182,0.03667225
tier3,2018,14,24680,147,M+L+S+SD,1.0,1,252,0.0
tier3,2018,14,24680,148,C+S+SD,1.0,1,193,0.0
tier3,2018,14,24680,149,M+C+S+SD,1.0,1,263,0.0
tier3,2018,14,24680,150,L+C+S+SD,1.0,1,213,0.0
tier3,2018,14,24680,151,M+L+C+S+SD,1.0,1,283,0.0
tier3,2018,14,24680,152,KD+S+SD,0.71875,1,184,0.0791015625
tier3,2018,14,24680,153,M+KD+S+SD,1.0,1,254,0.0
tier3,2018,14,24680,154,L+KD+S+SD,1.0,1,204,0.0
tier3,2018,14,24680,155,M+L+KD+S+SD,1.0,1,274,0.0
tier3,2018,14,24680,156,C+KD+S+SD,1.0,1,215,0.0
tier3,2018,14,24680,157,M+C+KD+S+SD,1.0,1,285,0.0
tier3,2018,14,24680,158,L+C+KD+S+SD,1.0,1,235,0.0
tier3,2018,14,24680,159,M+L+C+KD+S+SD,1.0,1,305,0.0
tier3,2018,14,24680,160,V+SD,0.0,0,90,0.0
tier3,2018,14,24680,161,M+V+SD,0.21765,0,160,0.047371522500000006
tier3,2018,14,24680,162,L+V+SD,0.0,0,110,0.0
tier3,2018,14,24680,163,M+L+V+SD,0.98585,1,180,0.00020022249999999988
tier3,2018,14,24680,164,C+V+SD,0.0,0,121,0.0
tier3,2018,14,24680,165,M+C+V+SD,1.0,1,191,0.0
tier3,2018,14,24680,166,L+C+V+SD,0.0,0,141,0.0
tier3,2018,14,24680,167,M+L+C+V+SD,1.0,1,211,0.0
tier3,2018,14,24680,168,KD+V+SD,0.0,0,112,0.0
tier3,2018,14,24680,169,M+KD+V+SD,0.7501,1,182,0.06245001000000001
tier3,2018,14,24680,170,L+KD+V+SD,0.0,0,132,0.0
tier3,2018,14,24680,171,M+L+KD+V+SD,1.0,1,202,0.0
tier3,2018,14,24680,172,C+KD+V+SD,0.0,0,143,0.0
tier3,2018,14,24680,173,M+C+KD+V+SD,1.0,1,213,0.0
tier3,2018,14,24680,174,L+C+KD+V+SD,0.09575,0,163,0.0091680625
tier3,2018,14,24680,175,M+L+C+KD+V+SD,1.0,1,233,0.0
tier3,2018,14,24680,176,S+V+SD,1.0,1,190,0.0
tier3,2018,14,24680,177,M+S+V+SD,1.0,1,260,0.0
tier3,2018,14,24680,178,L+S+V+SD,1.0,1,210,0.0
tier3,2018,14,24680,179,M+L+S+V+SD,1.0,1,280,0.0
tier3,2018,14,24680,180,C+S+V+SD,1.0,1,221,0.0
tier3,2018,14,24680,181,M+C+S+V+SD,1.0,1,291,0.0
tier3,2018,14,24680,182,L+C+S+V+SD,1.0,1,241,0.0
tier3,2018,14,24680,183,M+L+C+S+V+SD,1.0,1,311,0.0
tier3,2018,14,24680,184,KD+S+V+SD,1.0,1,212,0.0
tier3,2018,14,24680,185,M+KD+S+V+SD,1.0,1,282,0.0
tier3,2018,14,24680,186,L+KD+S+V+SD,1.0,1,232,0.0
tier3,2018,14,24680,187,M+L+KD+S+V+SD,1.0,1,302,0.0
tier3,2018,14,24680,188,C+KD+S+V+SD,1.0,1,243,0.0
tier3,2018,14,24680,189,M+C+KD+S+V+SD,1.0,1,313,0.0
tier3,2018,14,24680,190,L+C+KD+S+V+SD,1.0,1,263,0.0
tier3,2018,14,24680,191,M+L+C+KD+S+V+SD,1.0,1,333,0.0
tier3,2018,14,24680,192,MP+SD,0.0,0,78,0.0
tier3,2018,14,24680,193,M+MP+SD,0.0,0,148,0.0
tier3,2018,14,24680,194,L+MP+SD,0.0,0,98,0.0
tier3,2018,14,24680,195,M+L+MP+SD,0.30695,0,168,0.0942183025
tier3,2018,14,24680,196,C+MP+SD,0.0,0,109,0.0
tier3,2018,14,24680,197,M+C+MP+SD,0.99975,1,179,6.249999999998623e-08
tier3,2018,14,24680,198,L+C+MP+SD,0.0,0,129,0.0
tier3,2018,14,24680,199,M+L+C+MP+SD,1.0,1,199,0.0
tier3,2018,14,24680,200,KD+MP+SD,0.0,0,100,0.0
tier3,2018,14,24680,201,M+KD+MP+SD,0.22415,0,170,0.0502432225
tier3,2018,14,24680,202,L+KD+MP+SD,0.0,0,120,0.0
tier3,2018,14,24680,203,M+L+KD+MP+SD,0.99995,1,190,2.499999999999449e-09
tier3,2018,14,24680,204,C+KD+MP+SD,0.0,0,131,0.0
tier3,2018,14,24680,205,M+C+KD+MP+SD,1.0,1,201,0.0
tier3,2018,14,24680,206,L+C+KD+MP+SD,0.0,0,151,0.0
tier3,2018,14,24680,207,M+L+C+KD+MP+SD,1.0,1,221,0.0
tier3,2018,14,24680,208,S+MP+SD,0.7254,1,178,0.07540515999999997
tier3,2018,14,24680,209,M+S+MP+SD,1.0,1,248,0.0
tier3,2018,14,24680,210,L+S+MP+SD,1.0,1,198,0.0
tier3,2018,14,24680,211,M+L+S+MP+SD,1.0,1,268,0.0
tier3,2018,14,24680,212,C+S+MP+SD,1.0,1,209,0.0
tier3,2018,14,24680,213,M+C+S+MP+SD,1.0,1,279,0.0
tier3,2018,14,24680,214,L+C+S+MP+SD,1.0,1,229,0.0
tier3,2018,14,24680,215,M+L+C+S+MP+SD,1.0,1,299,0.0
tier3,2018,14,24680,216,KD+S+MP+SD,1.0,1,200,0.0
tier3,2018,14,24680,217,M+KD+S+MP+SD,1.0,1,270,0.0
tier3,2018,14,24680,218,L+KD+S+MP+SD,1.0,1,220,0.0
tier3,2018,14,24680,219,M+L+KD+S+MP+SD,1.0,1,290,0.0
tier3,2018,14,24680,220,C+KD+S+MP+SD,1.0,1,231,0.0
tier3,2018,14,24680,221,M+C+KD+S+MP+SD,1.0,1,301,0.0
tier3,2018,14,24680,222,L+C+KD+S+MP+SD,1.0,1,251,0.0
tier3,2018,14,24680,223,M+L+C+KD+S+MP+SD,1.0,1,321,0.0
tier3,2018,14,24680,224,V+MP+SD,0.0,0,106,0.0
tier3,2018,14,24680,225,M+V+MP+SD,0.90165,1,176,0.00967272250000001
tier3,2018,14,24680,226,L+V+MP+SD,0.0,0,126,0.0
tier3,2018,14,24680,227,M+L+V+MP+SD,1.0,1,196,0.0
tier3,2018,14,24680,228,C+V+MP+SD,0.0,0,137,0.0
tier3,2018,14,24680,229,M+C+V+MP+SD,1.0,1,207,0.0
tier3,2018,14,24680,230,L+C+V+MP+SD,0.2469,0,157,0.060959610000000004
tier3,2018,14,24680,231,M+L+C+V+MP+SD,1.0,1,227,0.0
tier3,2018,14,24680,232,KD+V+MP+SD,0.0,0,128,0.0
tier3,2018,14,24680,233,M+KD+V+MP+SD,1.0,1,198,0.0
tier3,2018,14,24680,234,L+KD+V+MP+SD,0.0,0,148,0.0
tier3,2018,14,24680,235,M+L+KD+V+MP+SD,1.0,1,218,0.0
tier3,2018,14,24680,236,C+KD+V+MP+SD,0.0292,0,159,0.00085264
tier3,2018,14,24680,237,M+C+KD+V+MP+SD,1.0,1,229,0.0
tier3,2018,14,24680,238,L+C+KD+V+MP+SD,0.99795,1,179,4.202499999999985e-06
tier3,2018,14,24680,239,M+L+C+KD+V+MP+SD,1.0,1,249,0.0
tier3,2018,14,24680,240,S+V+MP+SD,1.0,1,206,0.0
tier3,2018,14,24680,241,M+S+V+MP+SD,1.0,1,276,0.0
tier3,2018,14,24680,242,L+S+V+MP+SD,1.0,1,226,0.0
tier3,2018,14,24680,243,M+L+S+V+MP+SD,1.0,1,296,0.0
tier3,2018,14,24680,244,C+S+V+MP+SD,1.0,1,237,0.0
tier3,2018,14,24680,245,M+C+S+V+MP+SD,1.0,1,307,0.0
tier3,2018,14,24680,246,L+C+S+V+MP+SD,1.0,1,257,0.0
tier3,2018,14,24680,247,M+L+C+S+V+MP+SD,1.0,1,327,0.0
tier3,2018,14,24680,248,KD+S+V+MP+SD,1.0,1,228,0.0
tier3,2018,14,24680,249,M+KD+S+V+MP+SD,1.0,1,298,0.0
tier3,2018,14,24680,250,L+KD+S+V+MP+SD,1.0,1,248,0.0
tier3,2018,14,24680,251,M+L+KD+S+V+MP+SD,1.0,1,318,0.0
tier3,2018,14,24680,252,C+KD+S+V+MP+SD,1.0,1,259,0.0
tier3,2018,14,24680,253,M+C+KD+S+V+MP+SD,1.0,1,329,0.0
tier3,2018,14,24680,254,L+C+KD+S+V+MP+SD,1.0,1,279,0.0
tier3,2018,14,98765,1,M,0.0,0,70,0.0
tier3,2018,14,98765,2,L,0.0,0,20,0.0
tier3,2018,14,98765,3,M+L,0.0,0,90,0.0
tier3,2018,14,98765,4,C,0.0,0,31,0.0
tier3,2018,14,98765,5,M+C,0.0,0,101,0.0
tier3,2018,14,98765,6,L+C,0.0,0,51,0.0
tier3,2018,14,98765,7,M+L+C,0.0,0,121,0.0
tier3,2018,14,98765,8,KD,0.0,0,22,0.0
tier3,2018,14,98765,9,M+KD,0.0,0,92,0.0
tier3,2018,14,98765,10,L+KD,0.0,0,42,0.0
tier3,2018,14,98765,11,M+L+KD,0.0,0,112,0.0
tier3,2018,14,98765,12,C+KD,0.0,0,53,0.0
tier3,2018,14,98765,13,M+C+KD,0.0,0,123,0.0
tier3,2018,14,98765,14,L+C+KD,0.0,0,73,0.0
tier3,2018,14,98765,15,M+L+C+KD,0.0,0,143,0.0
tier3,2018,14,98765,16,S,0.0,0,100,0.0
tier3,2018,14,98765,17,M+S,0.0024,0,170,5.759999999999999e-06
tier3,2018,14,98765,18,L+S,0.0,0,120,0.0
tier3,2018,14,98765,19,M+L+S,0.96705,1,190,0.0010857025000000024
tier3,2018,14,98765,20,C+S,0.0,0,131,0.0
tier3,2018,14,98765,21,M+C+S,1.0,1,201,0.0
tier3,2018,14,98765,22,L+C+S,0.0,0,151,0.0
tier3,2018,14,98765,23,M+L+C+S,1.0,1,221,0.0
tier3,2018,14,98765,24,KD+S,0.0,0,122,0.0
tier3,2018,14,98765,25,M+KD+S,0.7527,1,192,0.06115728999999998
tier3,2018,14,98765,26,L+KD+S,0.0,0,142,0.0
tier3,2018,14,98765,27,M+L+KD+S,1.0,1,212,0.0
tier3,2018,14,98765,28,C+KD+S,0.0,0,153,0.0
tier3,2018,14,98765,29,M+C+KD+S,1.0,1,223,0.0
tier3,2018,14,98765,30,L+C+KD+S,0.09425,0,173,0.0088830625
tier3,2018,14,98765,31,M+L+C+KD+S,1.0,1,243,0.0
tier3,2018,14,98765,32,V,0.0,0,28,0.0
tier3,2018,14,98765,33,M+V,0.0,0,98,0.0
tier3,2018,14,98765,34,L+V,0.0,0,48,0.0
tier3,2018,14,98765,35,M+L+V,0.0,0,118,0.0
tier3,2018,14,98765,36,C+V,0.0,0,59,0.0
tier3,2018,14,98765,37,M+C+V,0.0,0,129,0.0
tier3,2018,14,98765,38,L+C+V,0.0,0,79,0.0
tier3,2018,14,98765,39,M+L+C+V,0.0,0,149,0.0
tier3,2018,14,98765,40,KD+V,0.0,0,50,0.0
tier3,2018,14,98765,41,M+KD+V,0.0,0,120,0.0
tier3,2018,14,98765,42,L+KD+V,0.0,0,70,0.0
tier3,2018,14,98765,43,M+L+KD+V,0.0,0,140,0.0
tier3,2018,14,98765,44,C+KD+V,0.0,0,81,0.0
tier3,2018,14,98765,45,M+C+KD+V,0.0,0,151,0.0
tier3,2018,14,98765,46,L+C+KD+V,0.0,0,101,0.0
tier3,2018,14,98765,47,M+L+C+KD+V,0.2695,0,171,0.07263025000000001
tier3,2018,14,98765,48,S+V,0.0,0,128,0.0
tier3,2018,14,98765,49,M+S+V,1.0,1,198,0.0
tier3,2018,14,98765,50,L+S+V,0.0,0,148,0.0
tier3,2018,14,98765,51,M+L+S+V,1.0,1,218,0.0
tier3,2018,14,98765,52,C+S+V,0.00015,0,159,2.2499999999999996e-08
tier3,2018,14,98765,53,M+C+S+V,1.0,1,229,0.0
tier3,2018,14,98765,54,L+C+S+V,0.7735,1,179,0.051302250000000015
tier3,2018,14,98765,55,M+L+C+S+V,1.0,1,249,0.0
tier3,2018,14,98765,56,KD+S+V,0.0,0,150,0.0
tier3,2018,14,98765,57,M+KD+S+V,1.0,1,220,0.0
tier3,2018,14,98765,58,L+KD+S+V,0.00035,0,170,1.225e-07
tier3,2018,14,98765,59,M+L+KD+S+V,1.0,1,240,0.0
tier3,2018,14,98765,60,C+KD+S+V,0.69445,1,181,0.09336080249999999
tier3,2018,14,98765,61,M+C+KD+S+V,1.0,1,251,0.0
tier3,2018,14,98765,62,L+C+KD+S+V,1.0,1,201,0.0
tier3,2018,14,98765,63,M+L+C+KD+S+V,1.0,1,271,0.0
tier3,2018,14,98765,64,MP,0.0,0,16,0.0
tier3,2018,14,98765,65,M+MP,0.0,0,86,0.0
tier3,2018,14,98765,66,L+MP,0.0,0,36,0.0
tier3,2018,14,98765,67,M+L+MP,0.0,0,106,0.0
tier3,2018,14,98765,68,C+MP,0.0,0,47,0.0
tier3,2018,14,98765,69,M+C+MP,0.0,0,117,0.0
tier3,2018,14,98765,70,L+C+MP,0.0,0,67,0.0
tier3,2018,14,98765,71,M+L+C+MP,0.0,0,137,0.0
tier3,2018,14,98765,72,KD+MP,0.0,0,38,0.0
tier3,2018,14,98765,73,M+KD+MP,0.0,0,108,0.0
tier3,2018,14,98765,74,L+KD+MP,0.0,0,58,0.0
tier3,2018,14,98765,75,M+L+KD+MP,0.0,0,128,0.0
tier3,2018,14,98765,76,C+KD+MP,0.0,0,69,0.0
tier3,2018,14,98765,77,M+C+KD+MP,0.0,0,139,0.0
tier3,2018,14,98765,78,L+C+KD+MP,0.0,0,89,0.0
tier3,2018,14,98765,79,M+L+C+KD+MP,0.0,0,159,0.0
tier3,2018,14,98765,80,S+MP,0.0,0,116,0.0
tier3,2018,14,98765,81,M+S+MP,0.9015,1,186,0.009702250000000006
tier3,2018,14,98765,82,L+S+MP,0.0,0,136,0.0
tier3,2018,14,98765,83,M+L+S+MP,1.0,1,206,0.0
tier3,2018,14,98765,84,C+S+MP,0.0,0,147,0.0
tier3,2018,14,98765,85,M+C+S+MP,1.0,1,217,0.0
tier3,2018,14,98765,86,L+C+S+MP,0.24535,0,167,0.060196622500000005
tier3,2018,14,98765,87,M+L+C+S+MP,1.0,1,237,0.0
tier3,2018,14,98765,88,KD+S+MP,0.0,0,138,0.0
tier3,2018,14,98765,89,M+KD+S+MP,1.0,1,208,0.0
tier3,2018,14,98765,90,L+KD+S+MP,0.0,0,158,0.0
tier3,2018,14,98765,91,M+L+KD+S+MP,1.0,1,228,0.0
tier3,2018,14,98765,92,C+KD+S+MP,0.0162,0,169,0.00026243999999999996
tier3,2018,14,98765,93,M+C+KD+S+MP,1.0,1,239,0.0
tier3,2018,14,98765,94,L+C+KD+S+MP,0.78385,1,189,0.04672082249999998
tier3,2018,14,98765,95,M+L+C+KD+S+MP,1.0,1,259,0.0
tier3,2018,14,98765,96,V+MP,0.0,0,44,0.0
tier3,2018,14,98765,97,M+V+MP,0.0,0,114,0.0
tier3,2018,14,98765,98,L+V+MP,0.0,0,64,0.0
tier3,2018,14,98765,99,M+L+V+MP,0.0,0,134,0.0
tier3,2018,14,98765,100,C+V+MP,0.0,0,75,0.0
tier3,2018,14,98765,101,M+C+V+MP,0.0,0,145,0.0
tier3,2018,14,98765,102,L+C+V+MP,0.0,0,95,0.0
tier3,2018,14,98765,103,M+L+C+V+MP,0.2863,0,165,0.08196769
tier3,2018,14,98765,104,KD+V+MP,0.0,0,66,0.0
tier3,2018,14,98765,105,M+KD+V+MP,0.0,0,136,0.0
tier3,2018,14,98765,106,L+KD+V+MP,0.0,0,86,0.0
tier3,2018,14,98765,107,M+L+KD+V+MP,0.0,0,156,0.0
tier3,2018,14,98765,108,C+KD+V+MP,0.0,0,97,0.0
tier3,2018,14,98765,109,M+C+KD+V+MP,0.2012,0,167,0.040481439999999994
tier3,2018,14,98765,110,L+C+KD+V+MP,0.0,0,117,0.0
tier3,2018,14,98765,111,M+L+C+KD+V+MP,0.996,1,187,1.600000000000003e-05
tier3,2018,14,98765,112,S+V+MP,0.0,0,144,0.0
tier3,2018,14,98765,113,M+S+V+MP,1.0,1,214,0.0
tier3,2018,14,98765,114,L+S+V+MP,0.0942,0,164,0.00887364
tier3,2018,14,98765,115,M+L+S+V+MP,1.0,1,234,0.0
tier3,2018,14,98765,116,C+S+V+MP,0.61075,1,175,0.15151556249999998
tier3,2018,14,98765,117,M+C+S+V+MP,1.0,1,245,0.0
tier3,2018,14,98765,118,L+C+S+V+MP,0.9989,1,195,1.2099999999999778e-06
tier3,2018,14,98765,119,M+L+C+S+V+MP,1.0,1,265,0.0
tier3,2018,14,98765,120,KD+S+V+MP,0.0,0,166,0.0
tier3,2018,14,98765,121,M+KD+S+V+MP,1.0,1,236,0.0
tier3,2018,14,98765,122,L+KD+S+V+MP,0.814,1,186,0.03459600000000002
tier3,2018,14,98765,123,M+L+KD+S+V+MP,1.0,1,256,0.0
tier3,2018,14,98765,124,C+KD+S+V+MP,0.9979,1,197,4.409999999999961e-06
tier3,2018,14,98765,125,M+C+KD+S+V+MP,1.0,1,267,0.0
tier3,2018,14,98765,126,L+C+KD+S+V+MP,1.0,1,217,0.0
tier3,2018,14,98765,127,M+L+C+KD+S+V+MP,1.0,1,287,0.0
tier3,2018,14,98765,128,SD,0.0,0,62,0.0
tier3,2018,14,98765,129,M+SD,0.0,0,132,0.0
tier3,2018,14,98765,130,L+SD,0.0,0,82,0.0
tier3,2018,14,98765,131,M+L+SD,0.0021,0,152,4.409999999999999e-06
tier3,2018,14,98765,132,C+SD,0.0,0,93,0.0
tier3,2018,14,98765,133,M+C+SD,0.186,0,163,0.034596
tier3,2018,14,98765,134,L+C+SD,0.0,0,113,0.0
tier3,2018,14,98765,135,M+L+C+SD,1.0,1,183,0.0
tier3,2018,14,98765,136,KD+SD,0.0,0,84,0.0
tier3,2018,14,98765,137,M+KD+SD,0.0011,0,154,1.21e-06
tier3,2018,14,98765,138,L+KD+SD,0.0,0,104,0.0
tier3,2018,14,98765,139,M+L+KD+SD,0.38925,0,174,0.15151556249999998
tier3,2018,14,98765,140,C+KD+SD,0.0,0,115,0.0
tier3,2018,14,98765,141,M+C+KD+SD,0.9058,1,185,0.00887363999999999
tier3,2018,14,98765,142,L+C+KD+SD,0.0,0,135,0.0
tier3,2018,14,98765,143,M+L+C+KD+SD,1.0,1,205,0.0
tier3,2018,14,98765,144,S+SD,0.004,0,162,1.6e-05
tier3,2018,14,98765,145,M+S+SD,1.0,1,232,0.0
tier3,2018,14,98765,146,L+S+SD,0.7988,1,182,0.04048144000000002
tier3,2018,14,98765,147,M+L+S+SD,1.0,1,252,0.0
tier3,2018,14,98765,148,C+S+SD,1.0,1,193,0.0
tier3,2018,14,98765,149,M+C+S+SD,1.0,1,263,0.0
tier3,2018,14,98765,150,L+C+S+SD,1.0,1,213,0.0
tier3,2018,14,98765,151,M+L+C+S+SD,1.0,1,283,0.0
tier3,2018,14,98765,152,KD+S+SD,0.7137,1,184,0.08196769
tier3,2018,14,98765,153,M+KD+S+SD,1.0,1,254,0.0
tier3,2018,14,98765,154,L+KD+S+SD,1.0,1,204,0.0
tier3,2018,14,98765,155,M+L+KD+S+SD,1.0,1,274,0.0
tier3,2018,14,98765,156,C+KD+S+SD,1.0,1,215,0.0
tier3,2018,14,98765,157,M+C+KD+S+SD,1.0,1,285,0.0
tier3,2018,14,98765,158,L+C+KD+S+SD,1.0,1,235,0.0
tier3,2018,14,98765,159,M+L+C+KD+S+SD,1.0,1,305,0.0
tier3,2018,14,98765,160,V+SD,0.0,0,90,0.0
tier3,2018,14,98765,161,M+V+SD,0.21615,0,160,0.0467208225
tier3,2018,14,98765,162,L+V+SD,0.0,0,110,0.0
tier3,2018,14,98765,163,M+L+V+SD,0.9838,1,180,0.00026243999999999974
tier3,2018,14,98765,164,C+V+SD,0.0,0,121,0.0
tier3,2018,14,98765,165,M+C+V+SD,1.0,1,191,0.0
tier3,2018,14,98765,166,L+C+V+SD,0.0,0,141,0.0
tier3,2018,14,98765,167,M+L+C+V+SD,1.0,1,211,0.0
tier3,2018,14,98765,168,KD+V+SD,0.0,0,112,0.0
tier3,2018,14,98765,169,M+KD+V+SD,0.75465,1,182,0.06019662249999998
tier3,2018,14,98765,170,L+KD+V+SD,0.0,0,132,0.0
tier3,2018,14,98765,171,M+L+KD+V+SD,1.0,1,202,0.0
tier3,2018,14,98765,172,C+KD+V+SD,0.0,0,143,0.0
tier3,2018,14,98765,173,M+C+KD+V+SD,1.0,1,213,0.0
tier3,2018,14,98765,174,L+C+KD+V+SD,0.0985,0,163,0.00970225
tier3,2018,14,98765,175,M+L+C+KD+V+SD,1.0,1,233,0.0
tier3,2018,14,98765,176,S+V+SD,1.0,1,190,0.0
tier3,2018,14,98765,177,M+S+V+SD,1.0,1,260,0.0
tier3,2018,14,98765,178,L+S+V+SD,1.0,1,210,0.0
tier3,2018,14,98765,179,M+L+S+V+SD,1.0,1,280,0.0
tier3,2018,14,98765,180,C+S+V+SD,1.0,1,221,0.0
tier3,2018,14,98765,181,M+C+S+V+SD,1.0,1,291,0.0
tier3,2018,14,98765,182,L+C+S+V+SD,1.0,1,241,0.0
tier3,2018,14,98765,183,M+L+C+S+V+SD,1.0,1,311,0.0
tier3,2018,14,98765,184,KD+S+V+SD,1.0,1,212,0.0
tier3,2018,14,98765,185,M+KD+S+V+SD,1.0,1,282,0.0
tier3,2018,14,98765,186,L+KD+S+V+SD,1.0,1,232,0.0
tier3,2018,14,98765,187,M+L+KD+S+V+SD,1.0,1,302,0.0
tier3,2018,14,98765,188,C+KD+S+V+SD,1.0,1,243,0.0
tier3,2018,14,98765,189,M+C+KD+S+V+SD,1.0,1,313,0.0
tier3,2018,14,98765,190,L+C+KD+S+V+SD,1.0,1,263,0.0
tier3,2018,14,98765,191,M+L+C+KD+S+V+SD,1.0,1,333,0.0
tier3,2018,14,98765,192,MP+SD,0.0,0,78,0.0
tier3,2018,14,98765,193,M+MP+SD,0.0,0,148,0.0
tier3,2018,14,98765,194,L+MP+SD,0.0,0,98,0.0
tier3,2018,14,98765,195,M+L+MP+SD,0.30555,0,168,0.09336080249999999
tier3,2018,14,98765,196,C+MP+SD,0.0,0,109,0.0
tier3,2018,14,98765,197,M+C+MP+SD,0.99965,1,179,1.2249999999997302e-07
tier3,2018,14,98765,198,L+C+MP+SD,0.0,0,129,0.0
tier3,2018,14,98765,199,M+L+C+MP+SD,1.0,1,199,0.0
tier3,2018,14,98765,200,KD+MP+SD,0.0,0,100,0.0
tier3,2018,14,98765,201,M+KD+MP+SD,0.2265,0,170,0.05130225
tier3,2018,14,98765,202,L+KD+MP+SD,0.0,0,120,0.0
tier3,2018,14,98765,203,M+L+KD+MP+SD,0.99985,1,190,2.2499999999995043e-08
tier3,2018,14,98765,204,C+KD+MP+SD,0.0,0,131,0.0
tier3,2018,14,98765,205,M+C+KD+MP+SD,1.0,1,201,0.0
tier3,2018,14,98765,206,L+C+KD+MP+SD,0.0,0,151,0.0
tier3,2018,14,98765,207,M+L+C+KD+MP+SD,1.0,1,221,0.0
tier3,2018,14,98765,208,S+MP+SD,0.7305,1,178,0.07263024999999998
tier3,2018,14,98765,209,M+S+MP+SD,1.0,1,248,0.0
tier3,2018,14,98765,210,L+S+MP+SD,1.0,1,198,0.0
tier3,2018,14,98765,211,M+L+S+MP+SD,1.0,1,268,0.0
tier3,2018,14,98765,212,C+S+MP+SD,1.0,1,209,0.0
tier3,2018,14,98765,213,M+C+S+MP+SD,1.0,1,279,0.0
tier3,2018,14,98765,214,L+C+S+MP+SD,1.0,1,229,0.0
tier3,2018,14,98765,215,M+L+C+S+MP+SD,1.0,1,299,0.0
tier3,2018,14,98765,216,KD+S+MP+SD,1.0,1,200,0.0
tier3,2018,14,98765,217,M+KD+S+MP+SD,1.0,1,270,0.0
tier3,2018,14,98765,218,L+KD+S+MP+SD,1.0,1,220,0.0
tier3,2018,14,98765,219,M+L+KD+S+MP+SD,1.0,1,290,0.0
tier3,2018,14,98765,220,C+KD+S+MP+SD,1.0,1,231,0.0
tier3,2018,14,98765,221,M+C+KD+S+MP+SD,1.0,1,301,0.0
tier3,2018,14,98765,222,L+C+KD+S+MP+SD,1.0,1,251,0.0
tier3,2018,14,98765,223,M+L+C+KD+S+MP+SD,1.0,1,321,0.0
tier3,2018,14,98765,224,V+MP+SD,0.0,0,106,0.0
tier3,2018,14,98765,225,M+V+MP+SD,0.90575,1,176,0.00888306249999999
tier3,2018,14,98765,226,L+V+MP+SD,0.0,0,126,0.0
tier3,2018,14,98765,227,M+L+V+MP+SD,1.0,1,196,0.0
tier3,2018,14,98765,228,C+V+MP+SD,0.0,0,137,0.0
tier3,2018,14,98765,229,M+C+V+MP+SD,1.0,1,207,0.0
tier3,2018,14,98765,230,L+C+V+MP+SD,0.2473,0,157,0.061157289999999996
tier3,2018,14,98765,231,M+L+C+V+MP+SD,1.0,1,227,0.0
tier3,2018,14,98765,232,KD+V+MP+SD,0.0,0,128,0.0
tier3,2018,14,98765,233,M+KD+V+MP+SD,1.0,1,198,0.0
tier3,2018,14,98765,234,L+KD+V+MP+SD,0.0,0,148,0.0
tier3,2018,14,98765,235,M+L+KD+V+MP+SD,1.0,1,218,0.0
tier3,2018,14,98765,236,C+KD+V+MP+SD,0.03295,0,159,0.0010857025
tier3,2018,14,98765,237,M+C+KD+V+MP+SD,1.0,1,229,0.0
tier3,2018,14,98765,238,L+C+KD+V+MP+SD,0.9976,1,179,5.7599999999997975e-06
tier3,2018,14,98765,239,M+L+C+KD+V+MP+SD,1.0,1,249,0.0
tier3,2018,14,98765,240,S+V+MP+SD,1.0,1,206,0.0
tier3,2018,14,98765,241,M+S+V+MP+SD,1.0,1,276,0.0
tier3,2018,14,98765,242,L+S+V+MP+SD,1.0,1,226,0.0
tier3,2018,14,98765,243,M+L+S+V+MP+SD,1.0,1,296,0.0
tier3,2018,14,98765,244,C+S+V+MP+SD,1.0,1,237,0.0
tier3,2018,14,98765,245,M+C+S+V+MP+SD,1.0,1,307,0.0
tier3,2018,14,98765,246,L+C+S+V+MP+SD,1.0,1,257,0.0
tier3,2018,14,98765,247,M+L+C+S+V+MP+SD,1.0,1,327,0.0
tier3,2018,14,98765,248,KD+S+V+MP+SD,1.0,1,228,0.0
tier3,2018,14,98765,249,M+KD+S+V+MP+SD,1.0,1,298,0.0
tier3,2018,14,98765,250,L+KD+S+V+MP+SD,1.0,1,248,0.0
tier3,2018,14,98765,251,M+L+KD+S+V+MP+SD,1.0,1,318,0.0
tier3,2018,14,98765,252,C+KD+S+V+MP+SD,1.0,1,259,0.0
tier3,2018,14,98765,253,M+C+KD+S+V+MP+SD,1.0,1,329,0.0
tier3,2018,14,98765,254,L+C+KD+S+V+MP+SD,1.0,1,279,0.0
tier3,2018,14,54321,1,M,0.0,0,70,0.0
tier3,2018,14,54321,2,L,0.0,0,20,0.0
tier3,2018,14,54321,3,M+L,0.0,0,90,0.0
tier3,2018,14,54321,4,C,0.0,0,31,0.0
tier3,2018,14,54321,5,M+C,0.0,0,101,0.0
tier3,2018,14,54321,6,L+C,0.0,0,51,0.0
tier3,2018,14,54321,7,M+L+C,0.0,0,121,0.0
tier3,2018,14,54321,8,KD,0.0,0,22,0.0
tier3,2018,14,54321,9,M+KD,0.0,0,92,0.0
tier3,2018,14,54321,10,L+KD,0.0,0,42,0.0
tier3,2018,14,54321,11,M+L+KD,0.0,0,112,0.0
tier3,2018,14,54321,12,C+KD,0.0,0,53,0.0
tier3,2018,14,54321,13,M+C+KD,0.0,0,123,0.0
tier3,2018,14,54321,14,L+C+KD,0.0,0,73,0.0
tier3,2018,14,54321,15,M+L+C+KD,0.0,0,143,0.0
tier3,2018,14,54321,16,S,0.0,0,100,0.0
tier3,2018,14,54321,17,M+S,0.0026,0,170,6.76e-06
tier3,2018,14,54321,18,L+S,0.0,0,120,0.0
tier3,2018,14,54321,19,M+L+S,0.96815,1,190,0.0010144225000000028
tier3,2018,14,54321,20,C+S,0.0,0,131,0.0
tier3,2018,14,54321,21,M+C+S,1.0,1,201,0.0
tier3,2018,14,54321,22,L+C+S,0.0,0,151,0.0
tier3,2018,14,54321,23,M+L+C+S,1.0,1,221,0.0
tier3,2018,14,54321,24,KD+S,0.0,0,122,0.0
tier3,2018,14,54321,25,M+KD+S,0.75315,1,192,0.06093492250000001
tier3,2018,14,54321,26,L+KD+S,0.0,0,142,0.0
tier3,2018,14,54321,27,M+L+KD+S,1.0,1,212,0.0
tier3,2018,14,54321,28,C+KD+S,0.0,0,153,0.0
tier3,2018,14,54321,29,M+C+KD+S,1.0,1,223,0.0
tier3,2018,14,54321,30,L+C+KD+S,0.09545,0,173,0.009110702499999998
tier3,2018,14,54321,31,M+L+C+KD+S,1.0,1,243,0.0
tier3,2018,14,54321,32,V,0.0,0,28,0.0
tier3,2018,14,54321,33,M+V,0.0,0,98,0.0
tier3,2018,14,54321,34,L+V,0.0,0,48,0.0
tier3,2018,14,54321,35,M+L+V,0.0,0,118,0.0
tier3,2018,14,54321,36,C+V,0.0,0,59,0.0
tier3,2018,14,54321,37,M+C+V,0.0,0,129,0.0
tier3,2018,14,54321,38,L+C+V,0.0,0,79,0.0
tier3,2018,14,54321,39,M+L+C+V,0.0,0,149,0.0
tier3,2018,14,54321,40,KD+V,0.0,0,50,0.0
tier3,2018,14,54321,41,M+KD+V,0.0,0,120,0.0
tier3,2018,14,54321,42,L+KD+V,0.0,0,70,0.0
tier3,2018,14,54321,43,M+L+KD+V,0.0,0,140,0.0
tier3,2018,14,54321,44,C+KD+V,0.0,0,81,0.0
tier3,2018,14,54321,45,M+C+KD+V,0.0,0,151,0.0
tier3,2018,14,54321,46,L+C+KD+V,0.0,0,101,0.0
tier3,2018,14,54321,47,M+L+C+KD+V,0.2702,0,171,0.07300804
tier3,2018,14,54321,48,S+V,0.0,0,128,0.0
tier3,2018,14,54321,49,M+S+V,1.0,1,198,0.0
tier3,2018,14,54321,50,L+S+V,0.0,0,148,0.0
tier3,2018,14,54321,51,M+L+S+V,1.0,1,218,0.0
tier3,2018,14,54321,52,C+S+V,5e-05,0,159,2.5e-09
tier3,2018,14,54321,53,M+C+S+V,1.0,1,229,0.0
tier3,2018,14,54321,54,L+C+S+V,0.7715,1,179,0.052212250000000016
tier3,2018,14,54321,55,M+L+C+S+V,1.0,1,249,0.0
tier3,2018,14,54321,56,KD+S+V,0.0,0,150,0.0
tier3,2018,14,54321,57,M+KD+S+V,1.0,1,220,0.0
tier3,2018,14,54321,58,L+KD+S+V,0.0003,0,170,8.999999999999999e-08
tier3,2018,14,54321,59,M+L+KD+S+V,1.0,1,240,0.0
tier3,2018,14,54321,60,C+KD+S+V,0.69145,1,181,0.0952031025
tier3,2018,14,54321,61,M+C+KD+S+V,1.0,1,251,0.0
tier3,2018,14,54321,62,L+C+KD+S+V,1.0,1,201,0.0
tier3,2018,14,54321,63,M+L+C+KD+S+V,1.0,1,271,0.0
tier3,2018,14,54321,64,MP,0.0,0,16,0.0
tier3,2018,14,54321,65,M+MP,0.0,0,86,0.0
tier3,2018,14,54321,66,L+MP,0.0,0,36,0.0
tier3,2018,14,54321,67,M+L+MP,0.0,0,106,0.0
tier3,2018,14,54321,68,C+MP,0.0,0,47,0.0
tier3,2018,14,54321,69,M+C+MP,0.0,0,117,0.0
tier3,2018,14,54321,70,L+C+MP,0.0,0,67,0.0
tier3,2018,14,54321,71,M+L+C+MP,0.0,0,137,0.0
tier3,2018,14,54321,72,KD+MP,0.0,0,38,0.0
tier3,2018,14,54321,73,M+KD+MP,0.0,0,108,0.0
tier3,2018,14,54321,74,L+KD+MP,0.0,0,58,0.0
tier3,2018,14,54321,75,M+L+KD+MP,0.0,0,128,0.0
tier3,2018,14,54321,76,C+KD+MP,0.0,0,69,0.0
tier3,2018,14,54321,77,M+C+KD+MP,0.0,0,139,0.0
tier3,2018,14,54321,78,L+C+KD+MP,0.0,0,89,0.0
tier3,2018,14,54321,79,M+L+C+KD+MP,0.0,0,159,0.0
tier3,2018,14,54321,80,S+MP,0.0,0,116,0.0
tier3,2018,14,54321,81,M+S+MP,0.90365,1,186,0.009283322500000009
tier3,2018,14,54321,82,L+S+MP,0.0,0,136,0.0
tier3,2018,14,54321,83,M+L+S+MP,1.0,1,206,0.0
tier3,2018,14,54321,84,C+S+MP,0.0,0,147,0.0
tier3,2018,14,54321,85,M+C+S+MP,1.0,1,217,0.0
tier3,2018,14,54321,86,L+C+S+MP,0.24755,0,167,0.061281002499999994
tier3,2018,14,54321,87,M+L+C+S+MP,1.0,1,237,0.0
tier3,2018,14,54321,88,KD+S+MP,0.0,0,138,0.0
tier3,2018,14,54321,89,M+KD+S+MP,1.0,1,208,0.0
tier3,2018,14,54321,90,L+KD+S+MP,0.0,0,158,0.0
tier3,2018,14,54321,91,M+L+KD+S+MP,1.0,1,228,0.0
tier3,2018,14,54321,92,C+KD+S+MP,0.01405,0,169,0.0001974025
tier3,2018,14,54321,93,M+C+KD+S+MP,1.0,1,239,0.0
tier3,2018,14,54321,94,L+C+KD+S+MP,0.7784,1,189,0.04910656000000001
tier3,2018,14,54321,95,M+L+C+KD+S+MP,1.0,1,259,0.0
tier3,2018,14,54321,96,V+MP,0.0,0,44,0.0
tier3,2018,14,54321,97,M+V+MP,0.0,0,114,0.0
tier3,2018,14,54321,98,L+V+MP,0.0,0,64,0.0
tier3,2018,14,54321,99,M+L+V+MP,0.0,0,134,0.0
tier3,2018,14,54321,100,C+V+MP,0.0,0,75,0.0
tier3,2018,14,54321,101,M+C+V+MP,0.0,0,145,0.0
tier3,2018,14,54321,102,L+C+V+MP,0.0,0,95,0.0
tier3,2018,14,54321,103,M+L+C+V+MP,0.28155,0,165,0.07927040250000002
tier3,2018,14,54321,104,KD+V+MP,0.0,0,66,0.0
tier3,2018,14,54321,105,M+KD+V+MP,0.0,0,136,0.0
tier3,2018,14,54321,106,L+KD+V+MP,0.0,0,86,0.0
tier3,2018,14,54321,107,M+L+KD+V+MP,0.0,0,156,0.0
tier3,2018,14,54321,108,C+KD+V+MP,0.0,0,97,0.0
tier3,2018,14,54321,109,M+C+KD+V+MP,0.1956,0,167,0.03825936
tier3,2018,14,54321,110,L+C+KD+V+MP,0.0,0,117,0.0
tier3,2018,14,54321,111,M+L+C+KD+V+MP,0.9961,1,187,1.5210000000000114e-05
tier3,2018,14,54321,112,S+V+MP,0.0,0,144,0.0
tier3,2018,14,54321,113,M+S+V+MP,1.0,1,214,0.0
tier3,2018,14,54321,114,L+S+V+MP,0.0902,0,164,0.00813604
tier3,2018,14,54321,115,M+L+S+V+MP,1.0,1,234,0.0
tier3,2018,14,54321,116,C+S+V+MP,0.6064,1,175,0.15492095999999997
tier3,2018,14,54321,117,M+C+S+V+MP,1.0,1,245,0.0
tier3,2018,14,54321,118,L+C+S+V+MP,0.99865,1,195,1.8224999999998983e-06
tier3,2018,14,54321,119,M+L+C+S+V+MP,1.0,1,265,0.0
tier3,2018,14,54321,120,KD+S+V+MP,0.0,0,166,0.0
tier3,2018,14,54321,121,M+KD+S+V+MP,1.0,1,236,0.0
tier3,2018,14,54321,122,L+KD+S+V+MP,0.81285,1,186,0.03502512250000001
tier3,2018,14,54321,123,M+L+KD+S+V+MP,1.0,1,256,0.0
tier3,2018,14,54321,124,C+KD+S+V+MP,0.9981,1,197,3.6100000000000484e-06
tier3,2018,14,54321,125,M+C+KD+S+V+MP,1.0,1,267,0.0
tier3,2018,14,54321,126,L+C+KD+S+V+MP,1.0,1,217,0.0
tier3,2018,14,54321,127,M+L+C+KD+S+V+MP,1.0,1,287,0.0
tier3,2018,14,54321,128,SD,0.0,0,62,0.0
tier3,2018,14,54321,129,M+SD,0.0,0,132,0.0
tier3,2018,14,54321,130,L+SD,0.0,0,82,0.0
tier3,2018,14,54321,131,M+L+SD,0.0019,0,152,3.61e-06
tier3,2018,14,54321,132,C+SD,0.0,0,93,0.0
tier3,2018,14,54321,133,M+C+SD,0.18715,0,163,0.035025122500000005
tier3,2018,14,54321,134,L+C+SD,0.0,0,113,0.0
tier3,2018,14,54321,135,M+L+C+SD,1.0,1,183,0.0
tier3,2018,14,54321,136,KD+SD,0.0,0,84,0.0
tier3,2018,14,54321,137,M+KD+SD,0.00135,0,154,1.8225000000000001e-06
tier3,2018,14,54321,138,L+KD+SD,0.0,0,104,0.0
tier3,2018,14,54321,139,M+L+KD+SD,0.3936,0,174,0.15492096
tier3,2018,14,54321,140,C+KD+SD,0.0,0,115,0.0
tier3,2018,14,54321,141,M+C+KD+SD,0.9098,1,185,0.00813603999999999
tier3,2018,14,54321,142,L+C+KD+SD,0.0,0,135,0.0
tier3,2018,14,54321,143,M+L+C+KD+SD,1.0,1,205,0.0
tier3,2018,14,54321,144,S+SD,0.0039,0,162,1.5209999999999998e-05
tier3,2018,14,54321,145,M+S+SD,1.0,1,232,0.0
tier3,2018,14,54321,146,L+S+SD,0.8044,1,182,0.03825936
tier3,2018,14,54321,147,M+L+S+SD,1.0,1,252,0.0
tier3,2018,14,54321,148,C+S+SD,1.0,1,193,0.0
tier3,2018,14,54321,149,M+C+S+SD,1.0,1,263,0.0
tier3,2018,14,54321,150,L+C+S+SD,1.0,1,213,0.0
tier3,2018,14,54321,151,M+L+C+S+SD,1.0,1,283,0.0
tier3,2018,14,54321,152,KD+S+SD,0.71845,1,184,0.07927040249999998
tier3,2018,14,54321,153,M+KD+S+SD,1.0,1,254,0.0
tier3,2018,14,54321,154,L+KD+S+SD,1.0,1,204,0.0
tier3,2018,14,54321,155,M+L+KD+S+SD,1.0,1,274,0.0
tier3,2018,14,54321,156,C+KD+S+SD,1.0,1,215,0.0
tier3,2018,14,54321,157,M+C+KD+S+SD,1.0,1,285,0.0
tier3,2018,14,54321,158,L+C+KD+S+SD,1.0,1,235,0.0
tier3,2018,14,54321,159,M+L+C+KD+S+SD,1.0,1,305,0.0
tier3,2018,14,54321,160,V+SD,0.0,0,90,0.0
tier3,2018,14,54321,161,M+V+SD,0.2216,0,160,0.049106559999999994
tier3,2018,14,54321,162,L+V+SD,0.0,0,110,0.0
tier3,2018,14,54321,163,M+L+V+SD,0.98595,1,180,0.0001974025000000002
tier3,2018,14,54321,164,C+V+SD,0.0,0,121,0.0
tier3,2018,14,54321,165,M+C+V+SD,1.0,1,191,0.0
tier3,2018,14,54321,166,L+C+V+SD,0.0,0,141,0.0
tier3,2018,14,54321,167,M+L+C+V+SD,1.0,1,211,0.0
tier3,2018,14,54321,168,KD+V+SD,0.0,0,112,0.0
tier3,2018,14,54321,169,M+KD+V+SD,0.75245,1,182,0.06128100250000002
tier3,2018,14,54321,170,L+KD+V+SD,0.0,0,132,0.0
tier3,2018,14,54321,171,M+L+KD+V+SD,1.0,1,202,0.0
tier3,2018,14,54321,172,C+KD+V+SD,0.0,0,143,0.0
tier3,2018,14,54321,173,M+C+KD+V+SD,1.0,1,213,0.0
tier3,2018,14,54321,174,L+C+KD+V+SD,0.09635,0,163,0.009283322500000002
tier3,2018,14,54321,175,M+L+C+KD+V+SD,1.0,1,233,0.0
tier3,2018,14,54321,176,S+V+SD,1.0,1,190,0.0
tier3,2018,14,54321,177,M+S+V+SD,1.0,1,260,0.0
tier3,2018,14,54321,178,L+S+V+SD,1.0,1,210,0.0
tier3,2018,14,54321,179,M+L+S+V+SD,1.0,1,280,0.0
tier3,2018,14,54321,180,C+S+V+SD,1.0,1,221,0.0
tier3,2018,14,54321,181,M+C+S+V+SD,1.0,1,291,0.0
tier3,2018,14,54321,182,L+C+S+V+SD,1.0,1,241,0.0
tier3,2018,14,54321,183,M+L+C+S+V+SD,1.0,1,311,0.0
tier3,2018,14,54321,184,KD+S+V+SD,1.0,1,212,0.0
tier3,2018,14,54321,185,M+KD+S+V+SD,1.0,1,282,0.0
tier3,2018,14,54321,186,L+KD+S+V+SD,1.0,1,232,0.0
tier3,2018,14,54321,187,M+L+KD+S+V+SD,1.0,1,302,0.0
tier3,2018,14,54321,188,C+KD+S+V+SD,1.0,1,243,0.0
tier3,2018,14,54321,189,M+C+KD+S+V+SD,1.0,1,313,0.0
tier3,2018,14,54321,190,L+C+KD+S+V+SD,1.0,1,263,0.0
tier3,2018,14,54321,191,M+L+C+KD+S+V+SD,1.0,1,333,0.0
tier3,2018,14,54321,192,MP+SD,0.0,0,78,0.0
tier3,2018,14,54321,193,M+MP+SD,0.0,0,148,0.0
tier3,2018,14,54321,194,L+MP+SD,0.0,0,98,0.0
tier3,2018,14,54321,195,M+L+MP+SD,0.30855,0,168,0.0952031025
tier3,2018,14,54321,196,C+MP+SD,0.0,0,109,0.0
tier3,2018,14,54321,197,M+C+MP+SD,0.9997,1,179,8.999999999998017e-08
tier3,2018,14,54321,198,L+C+MP+SD,0.0,0,129,0.0
tier3,2018,14,54321,199,M+L+C+MP+SD,1.0,1,199,0.0
tier3,2018,14,54321,200,KD+MP+SD,0.0,0,100,0.0
tier3,2018,14,54321,201,M+KD+MP+SD,0.2285,0,170,0.05221225
tier3,2018,14,54321,202,L+KD+MP+SD,0.0,0,120,0.0
tier3,2018,14,54321,203,M+L+KD+MP+SD,0.99995,1,190,2.499999999999449e-09
tier3,2018,14,54321,204,C+KD+MP+SD,0.0,0,131,0.0
tier3,2018,14,54321,205,M+C+KD+MP+SD,1.0,1,201,0.0
tier3,2018,14,54321,206,L+C+KD+MP+SD,0.0,0,151,0.0
tier3,2018,14,54321,207,M+L+C+KD+MP+SD,1.0,1,221,0.0
tier3,2018,14,54321,208,S+MP+SD,0.7298,1,178,0.07300804
tier3,2018,14,54321,209,M+S+MP+SD,1.0,1,248,0.0
tier3,2018,14,54321,210,L+S+MP+SD,1.0,1,198,0.0
tier3,2018,14,54321,211,M+L+S+MP+SD,1.0,1,268,0.0
tier3,2018,14,54321,212,C+S+MP+SD,1.0,1,209,0.0
tier3,2018,14,54321,213,M+C+S+MP+SD,1.0,1,279,0.0
tier3,2018,14,54321,214,L+C+S+MP+SD,1.0,1,229,0.0
tier3,2018,14,54321,215,M+L+C+S+MP+SD,1.0,1,299,0.0
tier3,2018,14,54321,216,KD+S+MP+SD,1.0,1,200,0.0
tier3,2018,14,54321,217,M+KD+S+MP+SD,1.0,1,270,0.0
tier3,2018,14,54321,218,L+KD+S+MP+SD,1.0,1,220,0.0
tier3,2018,14,54321,219,M+L+KD+S+MP+SD,1.0,1,290,0.0
tier3,2018,14,54321,220,C+KD+S+MP+SD,1.0,1,231,0.0
tier3,2018,14,54321,221,M+C+KD+S+MP+SD,1.0,1,301,0.0
tier3,2018,14,54321,222,L+C+KD+S+MP+SD,1.0,1,251,0.0
tier3,2018,14,54321,223,M+L+C+KD+S+MP+SD,1.0,1,321,0.0
tier3,2018,14,54321,224,V+MP+SD,0.0,0,106,0.0
tier3,2018,14,54321,225,M+V+MP+SD,0.90455,1,176,0.009110702500000007
tier3,2018,14,54321,226,L+V+MP+SD,0.0,0,126,0.0
tier3,2018,14,54321,227,M+L+V+MP+SD,1.0,1,196,0.0
tier3,2018,14,54321,228,C+V+MP+SD,0.0,0,137,0.0
tier3,2018,14,54321,229,M+C+V+MP+SD,1.0,1,207,0.0
tier3,2018,14,54321,230,L+C+V+MP+SD,0.24685,0,157,0.06093492250000001
tier3,2018,14,54321,231,M+L+C+V+MP+SD,1.0,1,227,0.0
tier3,2018,14,54321,232,KD+V+MP+SD,0.0,0,128,0.0
tier3,2018,14,54321,233,M+KD+V+MP+SD,1.0,1,198,0.0
tier3,2018,14,54321,234,L+KD+V+MP+SD,0.0,0,148,0.0
tier3,2018,14,54321,235,M+L+KD+V+MP+SD,1.0,1,218,0.0
tier3,2018,14,54321,236,C+KD+V+MP+SD,0.03185,0,159,0.0010144225000000002
tier3,2018,14,54321,237,M+C+KD+V+MP+SD,1.0,1,229,0.0
tier3,2018,14,54321,238,L+C+KD+V+MP+SD,0.9974,1,179,6.760000000000243e-06
tier3,2018,14,54321,239,M+L+C+KD+V+MP+SD,1.0,1,249,0.0
tier3,2018,14,54321,240,S+V+MP+SD,1.0,1,206,0.0
tier3,2018,14,54321,241,M+S+V+MP+SD,1.0,1,276,0.0
tier3,2018,14,54321,242,L+S+V+MP+SD,1.0,1,226,0.0
tier3,2018,14,54321,243,M+L+S+V+MP+SD,1.0,1,296,0.0
tier3,2018,14,54321,244,C+S+V+MP+SD,1.0,1,237,0.0
tier3,2018,14,54321,245,M+C+S+V+MP+SD,1.0,1,307,0.0
tier3,2018,14,54321,246,L+C+S+V+MP+SD,1.0,1,257,0.0
tier3,2018,14,54321,247,M+L+C+S+V+MP+SD,1.0,1,327,0.0
tier3,2018,14,54321,248,KD+S+V+MP+SD,1.0,1,228,0.0
tier3,2018,14,54321,249,M+KD+S+V+MP+SD,1.0,1,298,0.0
tier3,2018,14,54321,250,L+KD+S+V+MP+SD,1.0,1,248,0.0
tier3,2018,14,54321,251,M+L+KD+S+V+MP+SD,1.0,1,318,0.0
tier3,2018,14,54321,252,C+KD+S+V+MP+SD,1.0,1,259,0.0
tier3,2018,14,54321,253,M+C+KD+S+V+MP+SD,1.0,1,329,0.0
tier3,2018,14,54321,254,L+C+KD+S+V+MP+SD,1.0,1,279,0.0
tier3,2018,14,13579,1,M,0.0,0,70,0.0
tier3,2018,14,13579,2,L,0.0,0,20,0.0
tier3,2018,14,13579,3,M+L,0.0,0,90,0.0
tier3,2018,14,13579,4,C,0.0,0,31,0.0
tier3,2018,14,13579,5,M+C,0.0,0,101,0.0
tier3,2018,14,13579,6,L+C,0.0,0,51,0.0
tier3,2018,14,13579,7,M+L+C,0.0,0,121,0.0
tier3,2018,14,13579,8,KD,0.0,0,22,0.0
tier3,2018,14,13579,9,M+KD,0.0,0,92,0.0
tier3,2018,14,13579,10,L+KD,0.0,0,42,0.0
tier3,2018,14,13579,11,M+L+KD,0.0,0,112,0.0
tier3,2018,14,13579,12,C+KD,0.0,0,53,0.0
tier3,2018,14,13579,13,M+C+KD,0.0,0,123,0.0
tier3,2018,14,13579,14,L+C+KD,0.0,0,73,0.0
tier3,2018,14,13579,15,M+L+C+KD,0.0,0,143,0.0
tier3,2018,14,13579,16,S,0.0,0,100,0.0
tier3,2018,14,13579,17,M+S,0.0025,0,170,6.25e-06
tier3,2018,14,13579,18,L+S,0.0,0,120,0.0
tier3,2018,14,13579,19,M+L+S,0.9689,1,190,0.000967210000000001
tier3,2018,14,13579,20,C+S,0.0,0,131,0.0
tier3,2018,14,13579,21,M+C+S,1.0,1,201,0.0
tier3,2018,14,13579,22,L+C+S,0.0,0,151,0.0
tier3,2018,14,13579,23,M+L+C+S,1.0,1,221,0.0
tier3,2018,14,13579,24,KD+S,0.0,0,122,0.0
tier3,2018,14,13579,25,M+KD+S,0.7525,1,192,0.061256250000000026
tier3,2018,14,13579,26,L+KD+S,0.0,0,142,0.0
tier3,2018,14,13579,27,M+L+KD+S,1.0,1,212,0.0
tier3,2018,14,13579,28,C+KD+S,0.0,0,153,0.0
tier3,2018,14,13579,29,M+C+KD+S,1.0,1,223,0.0
tier3,2018,14,13579,30,L+C+KD+S,0.09175,0,173,0.0084180625
tier3,2018,14,13579,31,M+L+C+KD+S,1.0,1,243,0.0
tier3,2018,14,13579,32,V,0.0,0,28,0.0
tier3,2018,14,13579,33,M+V,0.0,0,98,0.0
tier3,2018,14,13579,34,L+V,0.0,0,48,0.0
tier3,2018,14,13579,35,M+L+V,0.0,0,118,0.0
tier3,2018,14,13579,36,C+V,0.0,0,59,0.0
tier3,2018,14,13579,37,M+C+V,0.0,0,129,0.0
tier3,2018,14,13579,38,L+C+V,0.0,0,79,0.0
tier3,2018,14,13579,39,M+L+C+V,0.0,0,149,0.0
tier3,2018,14,13579,40,KD+V,0.0,0,50,0.0
tier3,2018,14,13579,41,M+KD+V,0.0,0,120,0.0
tier3,2018,14,13579,42,L+KD+V,0.0,0,70,0.0
tier3,2018,14,13579,43,M+L+KD+V,0.0,0,140,0.0
tier3,2018,14,13579,44,C+KD+V,0.0,0,81,0.0
tier3,2018,14,13579,45,M+C+KD+V,0.0,0,151,0.0
tier3,2018,14,13579,46,L+C+KD+V,0.0,0,101,0.0
tier3,2018,14,13579,47,M+L+C+KD+V,0.2792,0,171,0.07795264
tier3,2018,14,13579,48,S+V,0.0,0,128,0.0
tier3,2018,14,13579,49,M+S+V,1.0,1,198,0.0
tier3,2018,14,13579,50,L+S+V,0.0,0,148,0.0
tier3,2018,14,13579,51,M+L+S+V,1.0,1,218,0.0
tier3,2018,14,13579,52,C+S+V,0.0,0,159,0.0
tier3,2018,14,13579,53,M+C+S+V,1.0,1,229,0.0
tier3,2018,14,13579,54,L+C+S+V,0.7754,1,179,0.05044516000000001
tier3,2018,14,13579,55,M+L+C+S+V,1.0,1,249,0.0
tier3,2018,14,13579,56,KD+S+V,0.0,0,150,0.0
tier3,2018,14,13579,57,M+KD+S+V,1.0,1,220,0.0
tier3,2018,14,13579,58,L+KD+S+V,0.00035,0,170,1.225e-07
tier3,2018,14,13579,59,M+L+KD+S+V,1.0,1,240,0.0
tier3,2018,14,13579,60,C+KD+S+V,0.69115,1,181,0.09538832249999997
tier3,2018,14,13579,61,M+C+KD+S+V,1.0,1,251,0.0
tier3,2018,14,13579,62,L+C+KD+S+V,1.0,1,201,0.0
tier3,2018,14,13579,63,M+L+C+KD+S+V,1.0,1,271,0.0
tier3,2018,14,13579,64,MP,0.0,0,16,0.0
tier3,2018,14,13579,65,M+MP,0.0,0,86,0.0
tier3,2018,14,13579,66,L+MP,0.0,0,36,0.0
tier3,2018,14,13579,67,M+L+MP,0.0,0,106,0.0
tier3,2018,14,13579,68,C+MP,0.0,0,47,0.0
tier3,2018,14,13579,69,M+C+MP,0.0,0,117,0.0
tier3,2018,14,13579,70,L+C+MP,0.0,0,67,0.0
tier3,2018,14,13579,71,M+L+C+MP,0.0,0,137,0.0
tier3,2018,14,13579,72,KD+MP,0.0,0,38,0.0
tier3,2018,14,13579,73,M+KD+MP,0.0,0,108,0.0
tier3,2018,14,13579,74,L+KD+MP,0.0,0,58,0.0
tier3,2018,14,13579,75,M+L+KD+MP,0.0,0,128,0.0
tier3,2018,14,13579,76,C+KD+MP,0.0,0,69,0.0
tier3,2018,14,13579,77,M+C+KD+MP,0.0,0,139,0.0
tier3,2018,14,13579,78,L+C+KD+MP,0.0,0,89,0.0
tier3,2018,14,13579,79,M+L+C+KD+MP,0.0,0,159,0.0
tier3,2018,14,13579,80,S+MP,0.0,0,116,0.0
tier3,2018,14,13579,81,M+S+MP,0.90225,1,186,0.009555062500000001
tier3,2018,14,13579,82,L+S+MP,0.0,0,136,0.0
tier3,2018,14,13579,83,M+L+S+MP,1.0,1,206,0.0
tier3,2018,14,13579,84,C+S+MP,0.0,0,147,0.0
tier3,2018,14,13579,85,M+C+S+MP,1.0,1,217,0.0
tier3,2018,14,13579,86,L+C+S+MP,0.24385,0,167,0.059462822500000005
tier3,2018,14,13579,87,M+L+C+S+MP,1.0,1,237,0.0
tier3,2018,14,13579,88,KD+S+MP,0.0,0,138,0.0
tier3,2018,14,13579,89,M+KD+S+MP,1.0,1,208,0.0
tier3,2018,14,13579,90,L+KD+S+MP,0.0,0,158,0.0
tier3,2018,14,13579,91,M+L+KD+S+MP,1.0,1,228,0.0
tier3,2018,14,13579,92,C+KD+S+MP,0.0135,0,169,0.00018224999999999998
tier3,2018,14,13579,93,M+C+KD+S+MP,1.0,1,239,0.0
tier3,2018,14,13579,94,L+C+KD+S+MP,0.7842,1,189,0.046569639999999995
tier3,2018,14,13579,95,M+L+C+KD+S+MP,1.0,1,259,0.0
tier3,2018,14,13579,96,V+MP,0.0,0,44,0.0
tier3,2018,14,13579,97,M+V+MP,0.0,0,114,0.0
tier3,2018,14,13579,98,L+V+MP,0.0,0,64,0.0
tier3,2018,14,13579,99,M+L+V+MP,0.0,0,134,0.0
tier3,2018,14,13579,100,C+V+MP,0.0,0,75,0.0
tier3,2018,14,13579,101,M+C+V+MP,0.0,0,145,0.0
tier3,2018,14,13579,102,L+C+V+MP,0.0,0,95,0.0
tier3,2018,14,13579,103,M+L+C+V+MP,0.28575,0,165,0.0816530625
tier3,2018,14,13579,104,KD+V+MP,0.0,0,66,0.0
tier3,2018,14,13579,105,M+KD+V+MP,0.0,0,136,0.0
tier3,2018,14,13579,106,L+KD+V+MP,0.0,0,86,0.0
tier3,2018,14,13579,107,M+L+KD+V+MP,0.0,0,156,0.0
tier3,2018,14,13579,108,C+KD+V+MP,0.0,0,97,0.0
tier3,2018,14,13579,109,M+C+KD+V+MP,0.19345,0,167,0.03742290250000001
tier3,2018,14,13579,110,L+C+KD+V+MP,0.0,0,117,0.0
tier3,2018,14,13579,111,M+L+C+KD+V+MP,0.9957,1,187,1.8489999999999747e-05
tier3,2018,14,13579,112,S+V+MP,0.0,0,144,0.0
tier3,2018,14,13579,113,M+S+V+MP,1.0,1,214,0.0
tier3,2018,14,13579,114,L+S+V+MP,0.08895,0,164,0.0079121025
tier3,2018,14,13579,115,M+L+S+V+MP,1.0,1,234,0.0
tier3,2018,14,13579,116,C+S+V+MP,0.60595,1,175,0.15527540250000002
tier3,2018,14,13579,117,M+C+S+V+MP,1.0,1,245,0.0
tier3,2018,14,13579,118,L+C+S+V+MP,0.99875,1,195,1.5624999999999334e-06
tier3,2018,14,13579,119,M+L+C+S+V+MP,1.0,1,265,0.0
tier3,2018,14,13579,120,KD+S+V+MP,0.0,0,166,0.0
tier3,2018,14,13579,121,M+KD+S+V+MP,1.0,1,236,0.0
tier3,2018,14,13579,122,L+KD+S+V+MP,0.81405,1,186,0.03457740249999998
tier3,2018,14,13579,123,M+L+KD+S+V+MP,1.0,1,256,0.0
tier3,2018,14,13579,124,C+KD+S+V+MP,0.99805,1,197,3.8025000000000284e-06
tier3,2018,14,13579,125,M+C+KD+S+V+MP,1.0,1,267,0.0
tier3,2018,14,13579,126,L+C+KD+S+V+MP,1.0,1,217,0.0
tier3,2018,14,13579,127,M+L+C+KD+S+V+MP,1.0,1,287,0.0
tier3,2018,14,13579,128,SD,0.0,0,62,0.0
tier3,2018,14,13579,129,M+SD,0.0,0,132,0.0
tier3,2018,14,13579,130,L+SD,0.0,0,82,0.0
tier3,2018,14,13579,131,M+L+SD,0.00195,0,152,3.8024999999999996e-06
tier3,2018,14,13579,132,C+SD,0.0,0,93,0.0
tier3,2018,14,13579,133,M+C+SD,0.18595,0,163,0.0345774025
tier3,2018,14,13579,134,L+C+SD,0.0,0,113,0.0
tier3,2018,14,13579,135,M+L+C+SD,1.0,1,183,0.0
tier3,2018,14,13579,136,KD+SD,0.0,0,84,0.0
tier3,2018,14,13579,137,M+KD+SD,0.00125,0,154,1.5625e-06
tier3,2018,14,13579,138,L+KD+SD,0.0,0,104,0.0
tier3,2018,14,13579,139,M+L+KD+SD,0.39405,0,174,0.15527540250000002
tier3,2018,14,13579,140,C+KD+SD,0.0,0,115,0.0
tier3,2018,14,13579,141,M+C+KD+SD,0.91105,1,185,0.007912102499999995
tier3,2018,14,13579,142,L+C+KD+SD,0.0,0,135,0.0
tier3,2018,14,13579,143,M+L+C+KD+SD,1.0,1,205,0.0
tier3,2018,14,13579,144,S+SD,0.0043,0,162,1.849e-05
tier3,2018,14,13579,145,M+S+SD,1.0,1,232,0.0
tier3,2018,14,13579,146,L+S+SD,0.80655,1,182,0.03742290250000001
tier3,2018,14,13579,147,M+L+S+SD,1.0,1,252,0.0
tier3,2018,14,13579,148,C+S+SD,1.0,1,193,0.0
tier3,2018,14,13579,149,M+C+S+SD,1.0,1,263,0.0
tier3,2018,14,13579,150,L+C+S+SD,1.0,1,213,0.0
tier3,2018,14,13579,151,M+L+C+S+SD,1.0,1,283,0.0
tier3,2018,14,13579,152,KD+S+SD,0.71425,1,184,0.08165306249999997
tier3,2018,14,13579,153,M+KD+S+SD,1.0,1,254,0.0
tier3,2018,14,13579,154,L+KD+S+SD,1.0,1,204,0.0
tier3,2018,14,13579,155,M+L+KD+S+SD,1.0,1,274,0.0
tier3,2018,14,13579,156,C+KD+S+SD,1.0,1,215,0.0
tier3,2018,14,13579,157,M+C+KD+S+SD,1.0,1,285,0.0
tier3,2018,14,13579,158,L+C+KD+S+SD,1.0,1,235,0.0
tier3,2018,14,13579,159,M+L+C+KD+S+SD,1.0,1,305,0.0
tier3,2018,14,13579,160,V+SD,0.0,0,90,0.0
tier3,2018,14,13579,161,M+V+SD,0.2158,0,160,0.046569639999999995
tier3,2018,14,13579,162,L+V+SD,0.0,0,110,0.0
tier3,2018,14,13579,163,M+L+V+SD,0.9865,1,180,0.00018224999999999882
tier3,2018,14,13579,164,C+V+SD,0.0,0,121,0.0
tier3,2018,14,13579,165,M+C+V+SD,1.0,1,191,0.0
tier3,2018,14,13579,166,L+C+V+SD,0.0,0,141,0.0
tier3,2018,14,13579,167,M+L+C+V+SD,1.0,1,211,0.0
tier3,2018,14,13579,168,KD+V+SD,0.0,0,112,0.0
tier3,2018,14,13579,169,M+KD+V+SD,0.75615,1,182,0.059462822500000005
tier3,2018,14,13579,170,L+KD+V+SD,0.0,0,132,0.0
tier3,2018,14,13579,171,M+L+KD+V+SD,1.0,1,202,0.0
tier3,2018,14,13579,172,C+KD+V+SD,0.0,0,143,0.0
tier3,2018,14,13579,173,M+C+KD+V+SD,1.0,1,213,0.0
tier3,2018,14,13579,174,L+C+KD+V+SD,0.09775,0,163,0.009555062500000001
tier3,2018,14,13579,175,M+L+C+KD+V+SD,1.0,1,233,0.0
tier3,2018,14,13579,176,S+V+SD,1.0,1,190,0.0
tier3,2018,14,13579,177,M+S+V+SD,1.0,1,260,0.0
tier3,2018,14,13579,178,L+S+V+SD,1.0,1,210,0.0
tier3,2018,14,13579,179,M+L+S+V+SD,1.0,1,280,0.0
tier3,2018,14,13579,180,C+S+V+SD,1.0,1,221,0.0
tier3,2018,14,13579,181,M+C+S+V+SD,1.0,1,291,0.0
tier3,2018,14,13579,182,L+C+S+V+SD,1.0,1,241,0.0
tier3,2018,14,13579,183,M+L+C+S+V+SD,1.0,1,311,0.0
tier3,2018,14,13579,184,KD+S+V+SD,1.0,1,212,0.0
tier3,2018,14,13579,185,M+KD+S+V+SD,1.0,1,282,0.0
tier3,2018,14,13579,186,L+KD+S+V+SD,1.0,1,232,0.0
tier3,2018,14,13579,187,M+L+KD+S+V+SD,1.0,1,302,0.0
tier3,2018,14,13579,188,C+KD+S+V+SD,1.0,1,243,0.0
tier3,2018,14,13579,189,M+C+KD+S+V+SD,1.0,1,313,0.0
tier3,2018,14,13579,190,L+C+KD+S+V+SD,1.0,1,263,0.0
tier3,2018,14,13579,191,M+L+C+KD+S+V+SD,1.0,1,333,0.0
tier3,2018,14,13579,192,MP+SD,0.0,0,78,0.0
tier3,2018,14,13579,193,M+MP+SD,0.0,0,148,0.0
tier3,2018,14,13579,194,L+MP+SD,0.0,0,98,0.0
tier3,2018,14,13579,195,M+L+MP+SD,0.30885,0,168,0.09538832250000001
tier3,2018,14,13579,196,C+MP+SD,0.0,0,109,0.0
tier3,2018,14,13579,197,M+C+MP+SD,0.99965,1,179,1.2249999999997302e-07
tier3,2018,14,13579,198,L+C+MP+SD,0.0,0,129,0.0
tier3,2018,14,13579,199,M+L+C+MP+SD,1.0,1,199,0.0
tier3,2018,14,13579,200,KD+MP+SD,0.0,0,100,0.0
tier3,2018,14,13579,201,M+KD+MP+SD,0.2246,0,170,0.050445159999999996
tier3,2018,14,13579,202,L+KD+MP+SD,0.0,0,120,0.0
tier3,2018,14,13579,203,M+L+KD+MP+SD,1.0,1,190,0.0
tier3,2018,14,13579,204,C+KD+MP+SD,0.0,0,131,0.0
tier3,2018,14,13579,205,M+C+KD+MP+SD,1.0,1,201,0.0
tier3,2018,14,13579,206,L+C+KD+MP+SD,0.0,0,151,0.0
tier3,2018,14,13579,207,M+L+C+KD+MP+SD,1.0,1,221,0.0
tier3,2018,14,13579,208,S+MP+SD,0.7208,1,178,0.07795264
tier3,2018,14,13579,209,M+S+MP+SD,1.0,1,248,0.0
tier3,2018,14,13579,210,L+S+MP+SD,1.0,1,198,0.0
tier3,2018,14,13579,211,M+L+S+MP+SD,1.0,1,268,0.0
tier3,2018,14,13579,212,C+S+MP+SD,1.0,1,209,0.0
tier3,2018,14,13579,213,M+C+S+MP+SD,1.0,1,279,0.0
tier3,2018,14,13579,214,L+C+S+MP+SD,1.0,1,229,0.0
tier3,2018,14,13579,215,M+L+C+S+MP+SD,1.0,1,299,0.0
tier3,2018,14,13579,216,KD+S+MP+SD,1.0,1,200,0.0
tier3,2018,14,13579,217,M+KD+S+MP+SD,1.0,1,270,0.0
tier3,2018,14,13579,218,L+KD+S+MP+SD,1.0,1,220,0.0
tier3,2018,14,13579,219,M+L+KD+S+MP+SD,1.0,1,290,0.0
tier3,2018,14,13579,220,C+KD+S+MP+SD,1.0,1,231,0.0
tier3,2018,14,13579,221,M+C+KD+S+MP+SD,1.0,1,301,0.0
tier3,2018,14,13579,222,L+C+KD+S+MP+SD,1.0,1,251,0.0
tier3,2018,14,13579,223,M+L+C+KD+S+MP+SD,1.0,1,321,0.0
tier3,2018,14,13579,224,V+MP+SD,0.0,0,106,0.0
tier3,2018,14,13579,225,M+V+MP+SD,0.90825,1,176,0.0084180625
tier3,2018,14,13579,226,L+V+MP+SD,0.0,0,126,0.0
tier3,2018,14,13579,227,M+L+V+MP+SD,1.0,1,196,0.0
tier3,2018,14,13579,228,C+V+MP+SD,0.0,0,137,0.0
tier3,2018,14,13579,229,M+C+V+MP+SD,1.0,1,207,0.0
tier3,2018,14,13579,230,L+C+V+MP+SD,0.2475,0,157,0.06125625
tier3,2018,14,13579,231,M+L+C+V+MP+SD,1.0,1,227,0.0
tier3,2018,14,13579,232,KD+V+MP+SD,0.0,0,128,0.0
tier3,2018,14,13579,233,M+KD+V+MP+SD,1.0,1,198,0.0
tier3,2018,14,13579,234,L+KD+V+MP+SD,0.0,0,148,0.0
tier3,2018,14,13579,235,M+L+KD+V+MP+SD,1.0,1,218,0.0
tier3,2018,14,13579,236,C+KD+V+MP+SD,0.0311,0,159,0.0009672099999999999
tier3,2018,14,13579,237,M+C+KD+V+MP+SD,1.0,1,229,0.0
tier3,2018,14,13579,238,L+C+KD+V+MP+SD,0.9975,1,179,6.2499999999997335e-06
tier3,2018,14,13579,239,M+L+C+KD+V+MP+SD,1.0,1,249,0.0
tier3,2018,14,13579,240,S+V+MP+SD,1.0,1,206,0.0
tier3,2018,14,13579,241,M+S+V+MP+SD,1.0,1,276,0.0
tier3,2018,14,13579,242,L+S+V+MP+SD,1.0,1,226,0.0
tier3,2018,14,13579,243,M+L+S+V+MP+SD,1.0,1,296,0.0
tier3,2018,14,13579,244,C+S+V+MP+SD,1.0,1,237,0.0
tier3,2018,14,13579,245,M+C+S+V+MP+SD,1.0,1,307,0.0
tier3,2018,14,13579,246,L+C+S+V+MP+SD,1.0,1,257,0.0
tier3,2018,14,13579,247,M+L+C+S+V+MP+SD,1.0,1,327,0.0
tier3,2018,14,13579,248,KD+S+V+MP+SD,1.0,1,228,0.0
tier3,2018,14,13579,249,M+KD+S+V+MP+SD,1.0,1,298,0.0
tier3,2018,14,13579,250,L+KD+S+V+MP+SD,1.0,1,248,0.0
tier3,2018,14,13579,251,M+L+KD+S+V+MP+SD,1.0,1,318,0.0
tier3,2018,14,13579,252,C+KD+S+V+MP+SD,1.0,1,259,0.0
tier3,2018,14,13579,253,M+C+KD+S+V+MP+SD,1.0,1,329,0.0
tier3,2018,14,13579,254,L+C+KD+S+V+MP+SD,1.0,1,279,0.0
tier3,2018,7,12345,1,M,0.0,0,70,0.0
tier3,2018,7,12345,2,L,0.0,0,20,0.0
tier3,2018,7,12345,3,M+L,0.0,0,90,0.0
tier3,2018,7,12345,4,C,0.0,0,31,0.0
tier3,2018,7,12345,5,M+C,0.0,0,101,0.0
tier3,2018,7,12345,6,L+C,0.0,0,51,0.0
tier3,2018,7,12345,7,M+L+C,0.0,0,121,0.0
tier3,2018,7,12345,8,KD,0.0,0,22,0.0
tier3,2018,7,12345,9,M+KD,0.0,0,92,0.0
tier3,2018,7,12345,10,L+KD,0.0,0,42,0.0
tier3,2018,7,12345,11,M+L+KD,0.0,0,112,0.0
tier3,2018,7,12345,12,C+KD,0.0,0,53,0.0
tier3,2018,7,12345,13,M+C+KD,0.0,0,123,0.0
tier3,2018,7,12345,14,L+C+KD,0.0,0,73,0.0
tier3,2018,7,12345,15,M+L+C+KD,0.0,0,143,0.0
tier3,2018,7,12345,16,S,0.0,0,100,0.0
tier3,2018,7,12345,17,M+S,0.0106,0,170,0.00011236
tier3,2018,7,12345,18,L+S,0.0,0,120,0.0
tier3,2018,7,12345,19,M+L+S,0.9947,1,190,2.8089999999999695e-05
tier3,2018,7,12345,20,C+S,0.0,0,131,0.0
tier3,2018,7,12345,21,M+C+S,1.0,1,201,0.0
tier3,2018,7,12345,22,L+C+S,0.0,0,151,0.0
tier3,2018,7,12345,23,M+L+C+S,1.0,1,221,0.0
tier3,2018,7,12345,24,KD+S,0.0,0,122,0.0
tier3,2018,7,12345,25,M+KD+S,0.9362,1,192,0.0040704399999999955
tier3,2018,7,12345,26,L+KD+S,0.0,0,142,0.0
tier3,2018,7,12345,27,M+L+KD+S,1.0,1,212,0.0
tier3,2018,7,12345,28,C+KD+S,0.0,0,153,0.0
tier3,2018,7,12345,29,M+C+KD+S,1.0,1,223,0.0
tier3,2018,7,12345,30,L+C+KD+S,0.22235,0,173,0.0494395225
tier3,2018,7,12345,31,M+L+C+KD+S,1.0,1,243,0.0
tier3,2018,7,12345,32,V,0.0,0,28,0.0
tier3,2018,7,12345,33,M+V,0.0,0,98,0.0
tier3,2018,7,12345,34,L+V,0.0,0,48,0.0
tier3,2018,7,12345,35,M+L+V,0.0,0,118,0.0
tier3,2018,7,12345,36,C+V,0.0,0,59,0.0
tier3,2018,7,12345,37,M+C+V,0.0,0,129,0.0
tier3,2018,7,12345,38,L+C+V,0.0,0,79,0.0
tier3,2018,7,12345,39,M+L+C+V,0.0,0,149,0.0
tier3,2018,7,12345,40,KD+V,0.0,0,50,0.0
tier3,2018,7,12345,41,M+KD+V,0.0,0,120,0.0
tier3,2018,7,12345,42,L+KD+V,0.0,0,70,0.0
tier3,2018,7,12345,43,M+L+KD+V,0.0,0,140,0.0
tier3,2018,7,12345,44,C+KD+V,0.0,0,81,0.0
tier3,2018,7,12345,45,M+C+KD+V,0.0,0,151,0.0
tier3,2018,7,12345,46,L+C+KD+V,0.0,0,101,0.0
tier3,2018,7,12345,47,M+L+C+KD+V,0.32425,0,171,0.10513806249999999
tier3,2018,7,12345,48,S+V,0.0,0,128,0.0
tier3,2018,7,12345,49,M+S+V,1.0,1,198,0.0
tier3,2018,7,12345,50,L+S+V,0.0,0,148,0.0
tier3,2018,7,12345,51,M+L+S+V,1.0,1,218,0.0
tier3,2018,7,12345,52,C+S+V,0.0,0,159,0.0
tier3,2018,7,12345,53,M+C+S+V,1.0,1,229,0.0
tier3,2018,7,12345,54,L+C+S+V,0.83935,1,179,0.025808422499999987
tier3,2018,7,12345,55,M+L+C+S+V,1.0,1,249,0.0
tier3,2018,7,12345,56,KD+S+V,0.0,0,150,0.0
tier3,2018,7,12345,57,M+KD+S+V,1.0,1,220,0.0
tier3,2018,7,12345,58,L+KD+S+V,0.0072,0,170,5.184e-05
tier3,2018,7,12345,59,M+L+KD+S+V,1.0,1,240,0.0
tier3,2018,7,12345,60,C+KD+S+V,0.8658,1,181,0.018009639999999997
tier3,2018,7,12345,61,M+C+KD+S+V,1.0,1,251,0.0
tier3,2018,7,12345,62,L+C+KD+S+V,1.0,1,201,0.0
tier3,2018,7,12345,63,M+L+C+KD+S+V,1.0,1,271,0.0
tier3,2018,7,12345,64,MP,0.0,0,16,0.0
tier3,2018,7,12345,65,M+MP,0.0,0,86,0.0
tier3,2018,7,12345,66,L+MP,0.0,0,36,0.0
tier3,2018,7,12345,67,M+L+MP,0.0,0,106,0.0
tier3,2018,7,12345,68,C+MP,0.0,0,47,0.0
tier3,2018,7,12345,69,M+C+MP,0.0,0,117,0.0
tier3,2018,7,12345,70,L+C+MP,0.0,0,67,0.0
tier3,2018,7,12345,71,M+L+C+MP,0.0,0,137,0.0
tier3,2018,7,12345,72,KD+MP,0.0,0,38,0.0
tier3,2018,7,12345,73,M+KD+MP,0.0,0,108,0.0
tier3,2018,7,12345,74,L+KD+MP,0.0,0,58,0.0
tier3,2018,7,12345,75,M+L+KD+MP,0.0,0,128,0.0
tier3,2018,7,12345,76,C+KD+MP,0.0,0,69,0.0
tier3,2018,7,12345,77,M+C+KD+MP,0.0,0,139,0.0
tier3,2018,7,12345,78,L+C+KD+MP,0.0,0,89,0.0
tier3,2018,7,12345,79,M+L+C+KD+MP,0.0,0,159,0.0
tier3,2018,7,12345,80,S+MP,0.0,0,116,0.0
tier3,2018,7,12345,81,M+S+MP,0.8939,1,186,0.011257209999999995
tier3,2018,7,12345,82,L+S+MP,0.0,0,136,0.0
tier3,2018,7,12345,83,M+L+S+MP,1.0,1,206,0.0
tier3,2018,7,12345,84,C+S+MP,0.0,0,147,0.0
tier3,2018,7,12345,85,M+C+S+MP,1.0,1,217,0.0
tier3,2018,7,12345,86,L+C+S+MP,0.25465,0,167,0.06484662249999999
tier3,2018,7,12345,87,M+L+C+S+MP,1.0,1,237,0.0
tier3,2018,7,12345,88,KD+S+MP,0.0,0,138,0.0
tier3,2018,7,12345,89,M+KD+S+MP,1.0,1,208,0.0
tier3,2018,7,12345,90,L+KD+S+MP,0.0,0,158,0.0
tier3,2018,7,12345,91,M+L+KD+S+MP,1.0,1,228,0.0
tier3,2018,7,12345,92,C+KD+S+MP,0.07215,0,169,0.005205622500000001
tier3,2018,7,12345,93,M+C+KD+S+MP,1.0,1,239,0.0
tier3,2018,7,12345,94,L+C+KD+S+MP,0.8269,1,189,0.029963610000000012
tier3,2018,7,12345,95,M+L+C+KD+S+MP,1.0,1,259,0.0
tier3,2018,7,12345,96,V+MP,0.0,0,44,0.0
tier3,2018,7,12345,97,M+V+MP,0.0,0,114,0.0
tier3,2018,7,12345,98,L+V+MP,0.0,0,64,0.0
tier3,2018,7,12345,99,M+L+V+MP,0.0,0,134,0.0
tier3,2018,7,12345,100,C+V+MP,0.0,0,75,0.0
tier3,2018,7,12345,101,M+C+V+MP,0.0,0,145,0.0
tier3,2018,7,12345,102,L+C+V+MP,0.0,0,95,0.0
tier3,2018,7,12345,103,M+L+C+V+MP,0.0446,0,165,0.0019891600000000002
tier3,2018,7,12345,104,KD+V+MP,0.0,0,66,0.0
tier3,2018,7,12345,105,M+KD+V+MP,0.0,0,136,0.0
tier3,2018,7,12345,106,L+KD+V+MP,0.0,0,86,0.0
tier3,2018,7,12345,107,M+L+KD+V+MP,0.0,0,156,0.0
tier3,2018,7,12345,108,C+KD+V+MP,0.0,0,97,0.0
tier3,2018,7,12345,109,M+C+KD+V+MP,0.1686,0,167,0.02842596
tier3,2018,7,12345,110,L+C+KD+V+MP,0.0,0,117,0.0
tier3,2018,7,12345,111,M+L+C+KD+V+MP,0.9992,1,187,6.400000000000366e-07
tier3,2018,7,12345,112,S+V+MP,0.0,0,144,0.0
tier3,2018,7,12345,113,M+S+V+MP,1.0,1,214,0.0
tier3,2018,7,12345,114,L+S+V+MP,0.0793,0,164,0.006288489999999999
tier3,2018,7,12345,115,M+L+S+V+MP,1.0,1,234,0.0
tier3,2018,7,12345,116,C+S+V+MP,0.5898,1,175,0.16826404
tier3,2018,7,12345,117,M+C+S+V+MP,1.0,1,245,0.0
tier3,2018,7,12345,118,L+C+S+V+MP,0.9976,1,195,5.7599999999997975e-06
tier3,2018,7,12345,119,M+L+C+S+V+MP,1.0,1,265,0.0
tier3,2018,7,12345,120,KD+S+V+MP,5e-05,0,166,2.5e-09
tier3,2018,7,12345,121,M+KD+S+V+MP,1.0,1,236,0.0
tier3,2018,7,12345,122,L+KD+S+V+MP,0.8605,1,186,0.019460249999999988
tier3,2018,7,12345,123,M+L+KD+S+V+MP,1.0,1,256,0.0
tier3,2018,7,12345,124,C+KD+S+V+MP,0.99995,1,197,2.499999999999449e-09
tier3,2018,7,12345,125,M+C+KD+S+V+MP,1.0,1,267,0.0
tier3,2018,7,12345,126,L+C+KD+S+V+MP,1.0,1,217,0.0
tier3,2018,7,12345,127,M+L+C+KD+S+V+MP,1.0,1,287,0.0
tier3,2018,7,12345,128,SD,0.0,0,62,0.0
tier3,2018,7,12345,129,M+SD,0.0,0,132,0.0
tier3,2018,7,12345,130,L+SD,0.0,0,82,0.0
tier3,2018,7,12345,131,M+L+SD,5e-05,0,152,2.5e-09
tier3,2018,7,12345,132,C+SD,0.0,0,93,0.0
tier3,2018,7,12345,133,M+C+SD,0.1395,0,163,0.019460250000000005
tier3,2018,7,12345,134,L+C+SD,0.0,0,113,0.0
tier3,2018,7,12345,135,M+L+C+SD,0.99995,1,183,2.499999999999449e-09
tier3,2018,7,12345,136,KD+SD,0.0,0,84,0.0
tier3,2018,7,12345,137,M+KD+SD,0.0024,0,154,5.759999999999999e-06
tier3,2018,7,12345,138,L+KD+SD,0.0,0,104,0.0
tier3,2018,7,12345,139,M+L+KD+SD,0.4102,0,174,0.16826404
tier3,2018,7,12345,140,C+KD+SD,0.0,0,115,0.0
tier3,2018,7,12345,141,M+C+KD+SD,0.9207,1,185,0.006288490000000006
tier3,2018,7,12345,142,L+C+KD+SD,0.0,0,135,0.0
tier3,2018,7,12345,143,M+L+C+KD+SD,1.0,1,205,0.0
tier3,2018,7,12345,144,S+SD,0.0008,0,162,6.4e-07
tier3,2018,7,12345,145,M+S+SD,1.0,1,232,0.0
tier3,2018,7,12345,146,L+S+SD,0.8314,1,182,0.02842595999999999
tier3,2018,7,12345,147,M+L+S+SD,1.0,1,252,0.0
tier3,2018,7,12345,148,C+S+SD,1.0,1,193,0.0
tier3,2018,7,12345,149,M+C+S+SD,1.0,1,263,0.0
tier3,2018,7,12345,150,L+C+S+SD,1.0,1,213,0.0
tier3,2018,7,12345,151,M+L+C+S+SD,1.0,1,283,0.0
tier3,2018,7,12345,152,KD+S+SD,0.9554,1,184,0.0019891599999999976
tier3,2018,7,12345,153,M+KD+S+SD,1.0,1,254,0.0
tier3,2018,7,12345,154,L+KD+S+SD,1.0,1,204,0.0
tier3,2018,7,12345,155,M+L+KD+S+SD,1.0,1,274,0.0
tier3,2018,7,12345,156,C+KD+S+SD,1.0,1,215,0.0
tier3,2018,7,12345,157,M+C+KD+S+SD,1.0,1,285,0.0
tier3,2018,7,12345,158,L+C+KD+S+SD,1.0,1,235,0.0
tier3,2018,7,12345,159,M+L+C+KD+S+SD,1.0,1,305,0.0
tier3,2018,7,12345,160,V+SD,0.0,0,90,0.0
tier3,2018,7,12345,161,M+V+SD,0.1731,0,160,0.02996361
tier3,2018,7,12345,162,L+V+SD,0.0,0,110,0.0
tier3,2018,7,12345,163,M+L+V+SD,0.92785,1,180,0.005205622500000007
tier3,2018,7,12345,164,C+V+SD,0.0,0,121,0.0
tier3,2018,7,12345,165,M+C+V+SD,1.0,1,191,0.0
tier3,2018,7,12345,166,L+C+V+SD,0.0,0,141,0.0
tier3,2018,7,12345,167,M+L+C+V+SD,1.0,1,211,0.0
tier3,2018,7,12345,168,KD+V+SD,0.0,0,112,0.0
tier3,2018,7,12345,169,M+KD+V+SD,0.74535,1,182,0.06484662250000002
tier3,2018,7,12345,170,L+KD+V+SD,0.0,0,132,0.0
tier3,2018,7,12345,171,M+L+KD+V+SD,1.0,1,202,0.0
tier3,2018,7,12345,172,C+KD+V+SD,0.0,0,143,0.0
tier3,2018,7,12345,173,M+C+KD+V+SD,1.0,1,213,0.0
tier3,2018,7,12345,174,L+C+KD+V+SD,0.1061,0,163,0.01125721
tier3,2018,7,12345,175,M+L+C+KD+V+SD,1.0,1,233,0.0
tier3,2018,7,12345,176,S+V+SD,1.0,1,190,0.0
tier3,2018,7,12345,177,M+S+V+SD,1.0,1,260,0.0
tier3,2018,7,12345,178,L+S+V+SD,1.0,1,210,0.0
tier3,2018,7,12345,179,M+L+S+V+SD,1.0,1,280,0.0
tier3,2018,7,12345,180,C+S+V+SD,1.0,1,221,0.0
tier3,2018,7,12345,181,M+C+S+V+SD,1.0,1,291,0.0
tier3,2018,7,12345,182,L+C+S+V+SD,1.0,1,241,0.0
tier3,2018,7,12345,183,M+L+C+S+V+SD,1.0,1,311,0.0
tier3,2018,7,12345,184,KD+S+V+SD,1.0,1,212,0.0
tier3,2018,7,12345,185,M+KD+S+V+SD,1.0,1,282,0.0
tier3,2018,7,12345,186,L+KD+S+V+SD,1.0,1,232,0.0
tier3,2018,7,12345,187,M+L+KD+S+V+SD,1.0,1,302,0.0
tier3,2018,7,12345,188,C+KD+S+V+SD,1.0,1,243,0.0
tier3,2018,7,12345,189,M+C+KD+S+V+SD,1.0,1,313,0.0
tier3,2018,7,12345,190,L+C+KD+S+V+SD,1.0,1,263,0.0
tier3,2018,7,12345,191,M+L+C+KD+S+V+SD,1.0,1,333,0.0
tier3,2018,7,12345,192,MP+SD,0.0,0,78,0.0
tier3,2018,7,12345,193,M+MP+SD,0.0,0,148,0.0
tier3,2018,7,12345,194,L+MP+SD,0.0,0,98,0.0
tier3,2018,7,12345,195,M+L+MP+SD,0.1342,0,168,0.018009640000000004
tier3,2018,7,12345,196,C+MP+SD,0.0,0,109,0.0
tier3,2018,7,12345,197,M+C+MP+SD,0.9928,1,179,5.1839999999999775e-05
tier3,2018,7,12345,198,L+C+MP+SD,0.0,0,129,0.0
tier3,2018,7,12345,199,M+L+C+MP+SD,1.0,1,199,0.0
tier3,2018,7,12345,200,KD+MP+SD,0.0,0,100,0.0
tier3,2018,7,12345,201,M+KD+MP+SD,0.16065,0,170,0.025808422499999997
tier3,2018,7,12345,202,L+KD+MP+SD,0.0,0,120,0.0
tier3,2018,7,12345,203,M+L+KD+MP+SD,1.0,1,190,0.0
tier3,2018,7,12345,204,C+KD+MP+SD,0.0,0,131,0.0
tier3,2018,7,12345,205,M+C+KD+MP+SD,1.0,1,201,0.0
tier3,2018,7,12345,206,L+C+KD+MP+SD,0.0,0,151,0.0
tier3,2018,7,12345,207,M+L+C+KD+MP+SD,1.0,1,221,0.0
tier3,2018,7,12345,208,S+MP+SD,0.67575,1,178,0.10513806250000002
tier3,2018,7,12345,209,M+S+MP+SD,1.0,1,248,0.0
tier3,2018,7,12345,210,L+S+MP+SD,1.0,1,198,0.0
tier3,2018,7,12345,211,M+L+S+MP+SD,1.0,1,268,0.0
tier3,2018,7,12345,212,C+S+MP+SD,1.0,1,209,0.0
tier3,2018,7,12345,213,M+C+S+MP+SD,1.0,1,279,0.0
tier3,2018,7,12345,214,L+C+S+MP+SD,1.0,1,229,0.0
tier3,2018,7,12345,215,M+L+C+S+MP+SD,1.0,1,299,0.0
tier3,2018,7,12345,216,KD+S+MP+SD,1.0,1,200,0.0
tier3,2018,7,12345,217,M+KD+S+MP+SD,1.0,1,270,0.0
tier3,2018,7,12345,218,L+KD+S+MP+SD,1.0,1,220,0.0
tier3,2018,7,12345,219,M+L+KD+S+MP+SD,1.0,1,290,0.0
tier3,2018,7,12345,220,C+KD+S+MP+SD,1.0,1,231,0.0
tier3,2018,7,12345,221,M+C+KD+S+MP+SD,1.0,1,301,0.0
tier3,2018,7,12345,222,L+C+KD+S+MP+SD,1.0,1,251,0.0
tier3,2018,7,12345,223,M+L+C+KD+S+MP+SD,1.0,1,321,0.0
tier3,2018,7,12345,224,V+MP+SD,0.0,0,106,0.0
tier3,2018,7,12345,225,M+V+MP+SD,0.77765,1,176,0.04943952250000002
tier3,2018,7,12345,226,L+V+MP+SD,0.0,0,126,0.0
tier3,2018,7,12345,227,M+L+V+MP+SD,1.0,1,196,0.0
tier3,2018,7,12345,228,C+V+MP+SD,0.0,0,137,0.0
tier3,2018,7,12345,229,M+C+V+MP+SD,1.0,1,207,0.0
tier3,2018,7,12345,230,L+C+V+MP+SD,0.0638,0,157,0.00407044
tier3,2018,7,12345,231,M+L+C+V+MP+SD,1.0,1,227,0.0
tier3,2018,7,12345,232,KD+V+MP+SD,0.0,0,128,0.0
tier3,2018,7,12345,233,M+KD+V+MP+SD,1.0,1,198,0.0
tier3,2018,7,12345,234,L+KD+V+MP+SD,0.0,0,148,0.0
tier3,2018,7,12345,235,M+L+KD+V+MP+SD,1.0,1,218,0.0
tier3,2018,7,12345,236,C+KD+V+MP+SD,0.0053,0,159,2.809e-05
tier3,2018,7,12345,237,M+C+KD+V+MP+SD,1.0,1,229,0.0
tier3,2018,7,12345,238,L+C+KD+V+MP+SD,0.9894,1,179,0.00011236000000000114
tier3,2018,7,12345,239,M+L+C+KD+V+MP+SD,1.0,1,249,0.0
tier3,2018,7,12345,240,S+V+MP+SD,1.0,1,206,0.0
tier3,2018,7,12345,241,M+S+V+MP+SD,1.0,1,276,0.0
tier3,2018,7,12345,242,L+S+V+MP+SD,1.0,1,226,0.0
tier3,2018,7,12345,243,M+L+S+V+MP+SD,1.0,1,296,0.0
tier3,2018,7,12345,244,C+S+V+MP+SD,1.0,1,237,0.0
tier3,2018,7,12345,245,M+C+S+V+MP+SD,1.0,1,307,0.0
tier3,2018,7,12345,246,L+C+S+V+MP+SD,1.0,1,257,0.0
tier3,2018,7,12345,247,M+L+C+S+V+MP+SD,1.0,1,327,0.0
tier3,2018,7,12345,248,KD+S+V+MP+SD,1.0,1,228,0.0
tier3,2018,7,12345,249,M+KD+S+V+MP+SD,1.0,1,298,0.0
tier3,2018,7,12345,250,L+KD+S+V+MP+SD,1.0,1,248,0.0
tier3,2018,7,12345,251,M+L+KD+S+V+MP+SD,1.0,1,318,0.0
tier3,2018,7,12345,252,C+KD+S+V+MP+SD,1.0,1,259,0.0
tier3,2018,7,12345,253,M+C+KD+S+V+MP+SD,1.0,1,329,0.0
tier3,2018,7,12345,254,L+C+KD+S+V+MP+SD,1.0,1,279,0.0
tier3,2018,7,24680,1,M,0.0,0,70,0.0
tier3,2018,7,24680,2,L,0.0,0,20,0.0
tier3,2018,7,24680,3,M+L,0.0,0,90,0.0
tier3,2018,7,24680,4,C,0.0,0,31,0.0
tier3,2018,7,24680,5,M+C,0.0,0,101,0.0
tier3,2018,7,24680,6,L+C,0.0,0,51,0.0
tier3,2018,7,24680,7,M+L+C,0.0,0,121,0.0
tier3,2018,7,24680,8,KD,0.0,0,22,0.0
tier3,2018,7,24680,9,M+KD,0.0,0,92,0.0
tier3,2018,7,24680,10,L+KD,0.0,0,42,0.0
tier3,2018,7,24680,11,M+L+KD,0.0,0,112,0.0
tier3,2018,7,24680,12,C+KD,0.0,0,53,0.0
tier3,2018,7,24680,13,M+C+KD,0.0,0,123,0.0
tier3,2018,7,24680,14,L+C+KD,0.0,0,73,0.0
tier3,2018,7,24680,15,M+L+C+KD,0.0,0,143,0.0
tier3,2018,7,24680,16,S,0.0,0,100,0.0
tier3,2018,7,24680,17,M+S,0.01135,0,170,0.00012882250000000002
tier3,2018,7,24680,18,L+S,0.0,0,120,0.0
tier3,2018,7,24680,19,M+L+S,0.9966,1,190,1.1559999999999718e-05
tier3,2018,7,24680,20,C+S,0.0,0,131,0.0
tier3,2018,7,24680,21,M+C+S,1.0,1,201,0.0
tier3,2018,7,24680,22,L+C+S,0.0,0,151,0.0
tier3,2018,7,24680,23,M+L+C+S,1.0,1,221,0.0
tier3,2018,7,24680,24,KD+S,0.0,0,122,0.0
tier3,2018,7,24680,25,M+KD+S,0.93585,1,192,0.004115222500000005
tier3,2018,7,24680,26,L+KD+S,0.0,0,142,0.0
tier3,2018,7,24680,27,M+L+KD+S,1.0,1,212,0.0
tier3,2018,7,24680,28,C+KD+S,0.0,0,153,0.0
tier3,2018,7,24680,29,M+C+KD+S,1.0,1,223,0.0
tier3,2018,7,24680,30,L+C+KD+S,0.2242,0,173,0.05026564000000001
tier3,2018,7,24680,31,M+L+C+KD+S,1.0,1,243,0.0
tier3,2018,7,24680,32,V,0.0,0,28,0.0
tier3,2018,7,24680,33,M+V,0.0,0,98,0.0
tier3,2018,7,24680,34,L+V,0.0,0,48,0.0
tier3,2018,7,24680,35,M+L+V,0.0,0,118,0.0
tier3,2018,7,24680,36,C+V,0.0,0,59,0.0
tier3,2018,7,24680,37,M+C+V,0.0,0,129,0.0
tier3,2018,7,24680,38,L+C+V,0.0,0,79,0.0
tier3,2018,7,24680,39,M+L+C+V,0.0,0,149,0.0
tier3,2018,7,24680,40,KD+V,0.0,0,50,0.0
tier3,2018,7,24680,41,M+KD+V,0.0,0,120,0.0
tier3,2018,7,24680,42,L+KD+V,0.0,0,70,0.0
tier3,2018,7,24680,43,M+L+KD+V,0.0,0,140,0.0
tier3,2018,7,24680,44,C+KD+V,0.0,0,81,0.0
tier3,2018,7,24680,45,M+C+KD+V,0.0,0,151,0.0
tier3,2018,7,24680,46,L+C+KD+V,0.0,0,101,0.0
tier3,2018,7,24680,47,M+L+C+KD+V,0.324,0,171,0.104976
tier3,2018,7,24680,48,S+V,0.0,0,128,0.0
tier3,2018,7,24680,49,M+S+V,1.0,1,198,0.0
tier3,2018,7,24680,50,L+S+V,0.0,0,148,0.0
tier3,2018,7,24680,51,M+L+S+V,1.0,1,218,0.0
tier3,2018,7,24680,52,C+S+V,0.0,0,159,0.0
tier3,2018,7,24680,53,M+C+S+V,1.0,1,229,0.0
tier3,2018,7,24680,54,L+C+S+V,0.8381,1,179,0.026211610000000014
tier3,2018,7,24680,55,M+L+C+S+V,1.0,1,249,0.0
tier3,2018,7,24680,56,KD+S+V,0.0,0,150,0.0
tier3,2018,7,24680,57,M+KD+S+V,1.0,1,220,0.0
tier3,2018,7,24680,58,L+KD+S+V,0.006,0,170,3.6e-05
tier3,2018,7,24680,59,M+L+KD+S+V,1.0,1,240,0.0
tier3,2018,7,24680,60,C+KD+S+V,0.86545,1,181,0.018103702499999985
tier3,2018,7,24680,61,M+C+KD+S+V,1.0,1,251,0.0
tier3,2018,7,24680,62,L+C+KD+S+V,1.0,1,201,0.0
tier3,2018,7,24680,63,M+L+C+KD+S+V,1.0,1,271,0.0
tier3,2018,7,24680,64,MP,0.0,0,16,0.0
tier3,2018,7,24680,65,M+MP,0.0,0,86,0.0
tier3,2018,7,24680,66,L+MP,0.0,0,36,0.0
tier3,2018,7,24680,67,M+L+MP,0.0,0,106,0.0
tier3,2018,7,24680,68,C+MP,0.0,0,47,0.0
tier3,2018,7,24680,69,M+C+MP,0.0,0,117,0.0
tier3,2018,7,24680,70,L+C+MP,0.0,0,67,0.0
tier3,2018,7,24680,71,M+L+C+MP,0.0,0,137,0.0
tier3,2018,7,24680,72,KD+MP,0.0,0,38,0.0
tier3,2018,7,24680,73,M+KD+MP,0.0,0,108,0.0
tier3,2018,7,24680,74,L+KD+MP,0.0,0,58,0.0
tier3,2018,7,24680,75,M+L+KD+MP,0.0,0,128,0.0
tier3,2018,7,24680,76,C+KD+MP,0.0,0,69,0.0
tier3,2018,7,24680,77,M+C+KD+MP,0.0,0,139,0.0
tier3,2018,7,24680,78,L+C+KD+MP,0.0,0,89,0.0
tier3,2018,7,24680,79,M+L+C+KD+MP,0.0,0,159,0.0
tier3,2018,7,24680,80,S+MP,0.0,0,116,0.0
tier3,2018,7,24680,81,M+S+MP,0.89585,1,186,0.010847222499999993
tier3,2018,7,24680,82,L+S+MP,0.0,0,136,0.0
tier3,2018,7,24680,83,M+L+S+MP,1.0,1,206,0.0
tier3,2018,7,24680,84,C+S+MP,0.0,0,147,0.0
tier3,2018,7,24680,85,M+C+S+MP,1.0,1,217,0.0
tier3,2018,7,24680,86,L+C+S+MP,0.2559,0,167,0.06548481
tier3,2018,7,24680,87,M+L+C+S+MP,1.0,1,237,0.0
tier3,2018,7,24680,88,KD+S+MP,0.0,0,138,0.0
tier3,2018,7,24680,89,M+KD+S+MP,1.0,1,208,0.0
tier3,2018,7,24680,90,L+KD+S+MP,0.0,0,158,0.0
tier3,2018,7,24680,91,M+L+KD+S+MP,1.0,1,228,0.0
tier3,2018,7,24680,92,C+KD+S+MP,0.0744,0,169,0.005535359999999999
tier3,2018,7,24680,93,M+C+KD+S+MP,1.0,1,239,0.0
tier3,2018,7,24680,94,L+C+KD+S+MP,0.82725,1,189,0.029842562499999985
tier3,2018,7,24680,95,M+L+C+KD+S+MP,1.0,1,259,0.0
tier3,2018,7,24680,96,V+MP,0.0,0,44,0.0
tier3,2018,7,24680,97,M+V+MP,0.0,0,114,0.0
tier3,2018,7,24680,98,L+V+MP,0.0,0,64,0.0
tier3,2018,7,24680,99,M+L+V+MP,0.0,0,134,0.0
tier3,2018,7,24680,100,C+V+MP,0.0,0,75,0.0
tier3,2018,7,24680,101,M+C+V+MP,0.0,0,145,0.0
tier3,2018,7,24680,102,L+C+V+MP,0.0,0,95,0.0
tier3,2018,7,24680,103,M+L+C+V+MP,0.0445,0,165,0.00198025
tier3,2018,7,24680,104,KD+V+MP,0.0,0,66,0.0
tier3,2018,7,24680,105,M+KD+V+MP,0.0,0,136,0.0
tier3,2018,7,24680,106,L+KD+V+MP,0.0,0,86,0.0
tier3,2018,7,24680,107,M+L+KD+V+MP,0.0,0,156,0.0
tier3,2018,7,24680,108,C+KD+V+MP,0.0,0,97,0.0
tier3,2018,7,24680,109,M+C+KD+V+MP,0.1654,0,167,0.02735716
tier3,2018,7,24680,110,L+C+KD+V+MP,0.0,0,117,0.0
tier3,2018,7,24680,111,M+L+C+KD+V+MP,0.99895,1,187,1.1024999999999903e-06
tier3,2018,7,24680,112,S+V+MP,0.0,0,144,0.0
tier3,2018,7,24680,113,M+S+V+MP,1.0,1,214,0.0
tier3,2018,7,24680,114,L+S+V+MP,0.08205,0,164,0.006732202499999999
tier3,2018,7,24680,115,M+L+S+V+MP,1.0,1,234,0.0
tier3,2018,7,24680,116,C+S+V+MP,0.58825,1,175,0.16953806249999995
tier3,2018,7,24680,117,M+C+S+V+MP,1.0,1,245,0.0
tier3,2018,7,24680,118,L+C+S+V+MP,0.9975,1,195,6.2499999999997335e-06
tier3,2018,7,24680,119,M+L+C+S+V+MP,1.0,1,265,0.0
tier3,2018,7,24680,120,KD+S+V+MP,0.0001,0,166,1e-08
tier3,2018,7,24680,121,M+KD+S+V+MP,1.0,1,236,0.0
tier3,2018,7,24680,122,L+KD+S+V+MP,0.86225,1,186,0.01897506250000001
tier3,2018,7,24680,123,M+L+KD+S+V+MP,1.0,1,256,0.0
tier3,2018,7,24680,124,C+KD+S+V+MP,1.0,1,197,0.0
tier3,2018,7,24680,125,M+C+KD+S+V+MP,1.0,1,267,0.0
tier3,2018,7,24680,126,L+C+KD+S+V+MP,1.0,1,217,0.0
tier3,2018,7,24680,127,M+L+C+KD+S+V+MP,1.0,1,287,0.0
tier3,2018,7,24680,128,SD,0.0,0,62,0.0
tier3,2018,7,24680,129,M+SD,0.0,0,132,0.0
tier3,2018,7,24680,130,L+SD,0.0,0,82,0.0
tier3,2018,7,24680,131,M+L+SD,0.0,0,152,0.0
tier3,2018,7,24680,132,C+SD,0.0,0,93,0.0
tier3,2018,7,24680,133,M+C+SD,0.13775,0,163,0.018975062500000004
tier3,2018,7,24680,134,L+C+SD,0.0,0,113,0.0
tier3,2018,7,24680,135,M+L+C+SD,0.9999,1,183,9.999999999997797e-09
tier3,2018,7,24680,136,KD+SD,0.0,0,84,0.0
tier3,2018,7,24680,137,M+KD+SD,0.0025,0,154,6.25e-06
tier3,2018,7,24680,138,L+KD+SD,0.0,0,104,0.0
tier3,2018,7,24680,139,M+L+KD+SD,0.41175,0,174,0.1695380625
tier3,2018,7,24680,140,C+KD+SD,0.0,0,115,0.0
tier3,2018,7,24680,141,M+C+KD+SD,0.91795,1,185,0.006732202499999992
tier3,2018,7,24680,142,L+C+KD+SD,0.0,0,135,0.0
tier3,2018,7,24680,143,M+L+C+KD+SD,1.0,1,205,0.0
tier3,2018,7,24680,144,S+SD,0.00105,0,162,1.1024999999999998e-06
tier3,2018,7,24680,145,M+S+SD,1.0,1,232,0.0
tier3,2018,7,24680,146,L+S+SD,0.8346,1,182,0.02735716
tier3,2018,7,24680,147,M+L+S+SD,1.0,1,252,0.0
tier3,2018,7,24680,148,C+S+SD,1.0,1,193,0.0
tier3,2018,7,24680,149,M+C+S+SD,1.0,1,263,0.0
tier3,2018,7,24680,150,L+C+S+SD,1.0,1,213,0.0
tier3,2018,7,24680,151,M+L+C+S+SD,1.0,1,283,0.0
tier3,2018,7,24680,152,KD+S+SD,0.9555,1,184,0.0019802499999999985
tier3,2018,7,24680,153,M+KD+S+SD,1.0,1,254,0.0
tier3,2018,7,24680,154,L+KD+S+SD,1.0,1,204,0.0
tier3,2018,7,24680,155,M+L+KD+S+SD,1.0,1,274,0.0
tier3,2018,7,24680,156,C+KD+S+SD,1.0,1,215,0.0
tier3,2018,7,24680,157,M+C+KD+S+SD,1.0,1,285,0.0
tier3,2018,7,24680,158,L+C+KD+S+SD,1.0,1,235,0.0
tier3,2018,7,24680,159,M+L+C+KD+S+SD,1.0,1,305,0.0
tier3,2018,7,24680,160,V+SD,0.0,0,90,0.0
tier3,2018,7,24680,161,M+V+SD,0.17275,0,160,0.029842562499999996
tier3,2018,7,24680,162,L+V+SD,0.0,0,110,0.0
tier3,2018,7,24680,163,M+L+V+SD,0.9256,1,180,0.005535360000000003
tier3,2018,7,24680,164,C+V+SD,0.0,0,121,0.0
tier3,2018,7,24680,165,M+C+V+SD,1.0,1,191,0.0
tier3,2018,7,24680,166,L+C+V+SD,0.0,0,141,0.0
tier3,2018,7,24680,167,M+L+C+V+SD,1.0,1,211,0.0
tier3,2018,7,24680,168,KD+V+SD,0.0,0,112,0.0
tier3,2018,7,24680,169,M+KD+V+SD,0.7441,1,182,0.06548481
tier3,2018,7,24680,170,L+KD+V+SD,0.0,0,132,0.0
tier3,2018,7,24680,171,M+L+KD+V+SD,1.0,1,202,0.0
tier3,2018,7,24680,172,C+KD+V+SD,0.0,0,143,0.0
tier3,2018,7,24680,173,M+C+KD+V+SD,1.0,1,213,0.0
tier3,2018,7,24680,174,L+C+KD+V+SD,0.10415,0,163,0.010847222500000002
tier3,2018,7,24680,175,M+L+C+KD+V+SD,1.0,1,233,0.0
tier3,2018,7,24680,176,S+V+SD,1.0,1,190,0.0
tier3,2018,7,24680,177,M+S+V+SD,1.0,1,260,0.0
tier3,2018,7,24680,178,L+S+V+SD,1.0,1,210,0.0
tier3,2018,7,24680,179,M+L+S+V+SD,1.0,1,280,0.0
tier3,2018,7,24680,180,C+S+V+SD,1.0,1,221,0.0
tier3,2018,7,24680,181,M+C+S+V+SD,1.0,1,291,0.0
tier3,2018,7,24680,182,L+C+S+V+SD,1.0,1,241,0.0
tier3,2018,7,24680,183,M+L+C+S+V+SD,1.0,1,311,0.0
tier3,2018,7,24680,184,KD+S+V+SD,1.0,1,212,0.0
tier3,2018,7,24680,185,M+KD+S+V+SD,1.0,1,282,0.0
tier3,2018,7,24680,186,L+KD+S+V+SD,1.0,1,232,0.0
tier3,2018,7,24680,187,M+L+KD+S+V+SD,1.0,1,302,0.0
tier3,2018,7,24680,188,C+KD+S+V+SD,1.0,1,243,0.0
tier3,2018,7,24680,189,M+C+KD+S+V+SD,1.0,1,313,0.0
tier3,2018,7,24680,190,L+C+KD+S+V+SD,1.0,1,263,0.0
tier3,2018,7,24680,191,M+L+C+KD+S+V+SD,1.0,1,333,0.0
tier3,2018,7,24680,192,MP+SD,0.0,0,78,0.0
tier3,2018,7,24680,193,M+MP+SD,0.0,0,148,0.0
tier3,2018,7,24680,194,L+MP+SD,0.0,0,98,0.0
tier3,2018,7,24680,195,M+L+MP+SD,0.13455,0,168,0.018103702500000003
tier3,2018,7,24680,196,C+MP+SD,0.0,0,109,0.0
tier3,2018,7,24680,197,M+C+MP+SD,0.994,1,179,3.600000000000006e-05
tier3,2018,7,24680,198,L+C+MP+SD,0.0,0,129,0.0
tier3,2018,7,24680,199,M+L+C+MP+SD,1.0,1,199,0.0
tier3,2018,7,24680,200,KD+MP+SD,0.0,0,100,0.0
tier3,2018,7,24680,201,M+KD+MP+SD,0.1619,0,170,0.026211609999999996
tier3,2018,7,24680,202,L+KD+MP+SD,0.0,0,120,0.0
tier3,2018,7,24680,203,M+L+KD+MP+SD,1.0,1,190,0.0
tier3,2018,7,24680,204,C+KD+MP+SD,0.0,0,131,0.0
tier3,2018,7,24680,205,M+C+KD+MP+SD,1.0,1,201,0.0
tier3,2018,7,24680,206,L+C+KD+MP+SD,0.0,0,151,0.0
tier3,2018,7,24680,207,M+L+C+KD+MP+SD,1.0,1,221,0.0
tier3,2018,7,24680,208,S+MP+SD,0.676,1,178,0.10497599999999997
tier3,2018,7,24680,209,M+S+MP+SD,1.0,1,248,0.0
tier3,2018,7,24680,210,L+S+MP+SD,1.0,1,198,0.0
tier3,2018,7,24680,211,M+L+S+MP+SD,1.0,1,268,0.0
tier3,2018,7,24680,212,C+S+MP+SD,1.0,1,209,0.0
tier3,2018,7,24680,213,M+C+S+MP+SD,1.0,1,279,0.0
tier3,2018,7,24680,214,L+C+S+MP+SD,1.0,1,229,0.0
tier3,2018,7,24680,215,M+L+C+S+MP+SD,1.0,1,299,0.0
tier3,2018,7,24680,216,KD+S+MP+SD,1.0,1,200,0.0
tier3,2018,7,24680,217,M+KD+S+MP+SD,1.0,1,270,0.0
tier3,2018,7,24680,218,L+KD+S+MP+SD,1.0,1,220,0.0
tier3,2018,7,24680,219,M+L+KD+S+MP+SD,1.0,1,290,0.0
tier3,2018,7,24680,220,C+KD+S+MP+SD,1.0,1,231,0.0
tier3,2018,7,24680,221,M+C+KD+S+MP+SD,1.0,1,301,0.0
tier3,2018,7,24680,222,L+C+KD+S+MP+SD,1.0,1,251,0.0
tier3,2018,7,24680,223,M+L+C+KD+S+MP+SD,1.0,1,321,0.0
tier3,2018,7,24680,224,V+MP+SD,0.0,0,106,0.0
tier3,2018,7,24680,225,M+V+MP+SD,0.7758,1,176,0.05026563999999998
tier3,2018,7,24680,226,L+V+MP+SD,0.0,0,126,0.0
tier3,2018,7,24680,227,M+L+V+MP+SD,1.0,1,196,0.0
tier3,2018,7,24680,228,C+V+MP+SD,0.0,0,137,0.0
tier3,2018,7,24680,229,M+C+V+MP+SD,1.0,1,207,0.0
tier3,2018,7,24680,230,L+C+V+MP+SD,0.06415,0,157,0.0041152225
tier3,2018,7,24680,231,M+L+C+V+MP+SD,1.0,1,227,0.0
tier3,2018,7,24680,232,KD+V+MP+SD,0.0,0,128,0.0
tier3,2018,7,24680,233,M+KD+V+MP+SD,1.0,1,198,0.0
tier3,2018,7,24680,234,L+KD+V+MP+SD,0.0,0,148,0.0
tier3,2018,7,24680,235,M+L+KD+V+MP+SD,1.0,1,218,0.0
tier3,2018,7,24680,236,C+KD+V+MP+SD,0.0034,0,159,1.156e-05
tier3,2018,7,24680,237,M+C+KD+V+MP+SD,1.0,1,229,0.0
tier3,2018,7,24680,238,L+C+KD+V+MP+SD,0.98865,1,179,0.00012882249999999934
tier3,2018,7,24680,239,M+L+C+KD+V+MP+SD,1.0,1,249,0.0
tier3,2018,7,24680,240,S+V+MP+SD,1.0,1,206,0.0
tier3,2018,7,24680,241,M+S+V+MP+SD,1.0,1,276,0.0
tier3,2018,7,24680,242,L+S+V+MP+SD,1.0,1,226,0.0
tier3,2018,7,24680,243,M+L+S+V+MP+SD,1.0,1,296,0.0
tier3,2018,7,24680,244,C+S+V+MP+SD,1.0,1,237,0.0
tier3,2018,7,24680,245,M+C+S+V+MP+SD,1.0,1,307,0.0
tier3,2018,7,24680,246,L+C+S+V+MP+SD,1.0,1,257,0.0
tier3,2018,7,24680,247,M+L+C+S+V+MP+SD,1.0,1,327,0.0
tier3,2018,7,24680,248,KD+S+V+MP+SD,1.0,1,228,0.0
tier3,2018,7,24680,249,M+KD+S+V+MP+SD,1.0,1,298,0.0
tier3,2018,7,24680,250,L+KD+S+V+MP+SD,1.0,1,248,0.0
tier3,2018,7,24680,251,M+L+KD+S+V+MP+SD,1.0,1,318,0.0
tier3,2018,7,24680,252,C+KD+S+V+MP+SD,1.0,1,259,0.0
tier3,2018,7,24680,253,M+C+KD+S+V+MP+SD,1.0,1,329,0.0
tier3,2018,7,24680,254,L+C+KD+S+V+MP+SD,1.0,1,279,0.0
tier3,2018,7,98765,1,M,0.0,0,70,0.0
tier3,2018,7,98765,2,L,0.0,0,20,0.0
tier3,2018,7,98765,3,M+L,0.0,0,90,0.0
tier3,2018,7,98765,4,C,0.0,0,31,0.0
tier3,2018,7,98765,5,M+C,0.0,0,101,0.0
tier3,2018,7,98765,6,L+C,0.0,0,51,0.0
tier3,2018,7,98765,7,M+L+C,0.0,0,121,0.0
tier3,2018,7,98765,8,KD,0.0,0,22,0.0
tier3,2018,7,98765,9,M+KD,0.0,0,92,0.0
tier3,2018,7,98765,10,L+KD,0.0,0,42,0.0
tier3,2018,7,98765,11,M+L+KD,0.0,0,112,0.0
tier3,2018,7,98765,12,C+KD,0.0,0,53,0.0
tier3,2018,7,98765,13,M+C+KD,0.0,0,123,0.0
tier3,2018,7,98765,14,L+C+KD,0.0,0,73,0.0
tier3,2018,7,98765,15,M+L+C+KD,0.0,0,143,0.0
tier3,2018,7,98765,16,S,0.0,0,100,0.0
tier3,2018,7,98765,17,M+S,0.0107,0,170,0.00011448999999999998
tier3,2018,7,98765,18,L+S,0.0,0,120,0.0
tier3,2018,7,98765,19,M+L+S,0.9951,1,190,2.401000000000015e-05
tier3,2018,7,98765,20,C+S,0.0,0,131,0.0
tier3,2018,7,98765,21,M+C+S,1.0,1,201,0.0
tier3,2018,7,98765,22,L+C+S,0.0,0,151,0.0
tier3,2018,7,98765,23,M+L+C+S,1.0,1,221,0.0
tier3,2018,7,98765,24,KD+S,0.0,0,122,0.0
tier3,2018,7,98765,25,M+KD+S,0.93585,1,192,0.004115222500000005
tier3,2018,7,98765,26,L+KD+S,0.0,0,142,0.0
tier3,2018,7,98765,27,M+L+KD+S,1.0,1,212,0.0
tier3,2018,7,98765,28,C+KD+S,0.0,0,153,0.0
tier3,2018,7,98765,29,M+C+KD+S,1.0,1,223,0.0
tier3,2018,7,98765,30,L+C+KD+S,0.2167,0,173,0.04695889
tier3,2018,7,98765,31,M+L+C+KD+S,1.0,1,243,0.0
tier3,2018,7,98765,32,V,0.0,0,28,0.0
tier3,2018,7,98765,33,M+V,0.0,0,98,0.0
tier3,2018,7,98765,34,L+V,0.0,0,48,0.0
tier3,2018,7,98765,35,M+L+V,0.0,0,118,0.0
tier3,2018,7,98765,36,C+V,0.0,0,59,0.0
tier3,2018,7,98765,37,M+C+V,0.0,0,129,0.0
tier3,2018,7,98765,38,L+C+V,0.0,0,79,0.0
tier3,2018,7,98765,39,M+L+C+V,0.0,0,149,0.0
tier3,2018,7,98765,40,KD+V,0.0,0,50,0.0
tier3,2018,7,98765,41,M+KD+V,0.0,0,120,0.0
tier3,2018,7,98765,42,L+KD+V,0.0,0,70,0.0
tier3,2018,7,98765,43,M+L+KD+V,0.0,0,140,0.0
tier3,2018,7,98765,44,C+KD+V,0.0,0,81,0.0
tier3,2018,7,98765,45,M+C+KD+V,0.0,0,151,0.0
tier3,2018,7,98765,46,L+C+KD+V,0.0,0,101,0.0
tier3,2018,7,98765,47,M+L+C+KD+V,0.32715,0,171,0.1070271225
tier3,2018,7,98765,48,S+V,0.0,0,128,0.0
tier3,2018,7,98765,49,M+S+V,1.0,1,198,0.0
tier3,2018,7,98765,50,L+S+V,0.0,0,148,0.0
tier3,2018,7,98765,51,M+L+S+V,1.0,1,218,0.0
tier3,2018,7,98765,52,C+S+V,0.0,0,159,0.0
tier3,2018,7,98765,53,M+C+S+V,1.0,1,229,0.0
tier3,2018,7,98765,54,L+C+S+V,0.8423,1,179,0.024869289999999985
tier3,2018,7,98765,55,M+L+C+S+V,1.0,1,249,0.0
tier3,2018,7,98765,56,KD+S+V,0.0,0,150,0.0
tier3,2018,7,98765,57,M+KD+S+V,1.0,1,220,0.0
tier3,2018,7,98765,58,L+KD+S+V,0.0064,0,170,4.096e-05
tier3,2018,7,98765,59,M+L+KD+S+V,1.0,1,240,0.0
tier3,2018,7,98765,60,C+KD+S+V,0.86485,1,181,0.0182655225
tier3,2018,7,98765,61,M+C+KD+S+V,1.0,1,251,0.0
tier3,2018,7,98765,62,L+C+KD+S+V,1.0,1,201,0.0
tier3,2018,7,98765,63,M+L+C+KD+S+V,1.0,1,271,0.0
tier3,2018,7,98765,64,MP,0.0,0,16,0.0
tier3,2018,7,98765,65,M+MP,0.0,0,86,0.0
tier3,2018,7,98765,66,L+MP,0.0,0,36,0.0
tier3,2018,7,98765,67,M+L+MP,0.0,0,106,0.0
tier3,2018,7,98765,68,C+MP,0.0,0,47,0.0
tier3,2018,7,98765,69,M+C+MP,0.0,0,117,0.0
tier3,2018,7,98765,70,L+C+MP,0.0,0,67,0.0
tier3,2018,7,98765,71,M+L+C+MP,0.0,0,137,0.0
tier3,2018,7,98765,72,KD+MP,0.0,0,38,0.0
tier3,2018,7,98765,73,M+KD+MP,0.0,0,108,0.0
tier3,2018,7,98765,74,L+KD+MP,0.0,0,58,0.0
tier3,2018,7,98765,75,M+L+KD+MP,0.0,0,128,0.0
tier3,2018,7,98765,76,C+KD+MP,0.0,0,69,0.0
tier3,2018,7,98765,77,M+C+KD+MP,0.0,0,139,0.0
tier3,2018,7,98765,78,L+C+KD+MP,0.0,0,89,0.0
tier3,2018,7,98765,79,M+L+C+KD+MP,0.0,0,159,0.0
tier3,2018,7,98765,80,S+MP,0.0,0,116,0.0
tier3,2018,7,98765,81,M+S+MP,0.89685,1,186,0.010639922499999992
tier3,2018,7,98765,82,L+S+MP,0.0,0,136,0.0
tier3,2018,7,98765,83,M+L+S+MP,1.0,1,206,0.0
tier3,2018,7,98765,84,C+S+MP,0.0,0,147,0.0
tier3,2018,7,98765,85,M+C+S+MP,1.0,1,217,0.0
tier3,2018,7,98765,86,L+C+S+MP,0.24795,0,167,0.0614792025
tier3,2018,7,98765,87,M+L+C+S+MP,1.0,1,237,0.0
tier3,2018,7,98765,88,KD+S+MP,0.0,0,138,0.0
tier3,2018,7,98765,89,M+KD+S+MP,1.0,1,208,0.0
tier3,2018,7,98765,90,L+KD+S+MP,0.0,0,158,0.0
tier3,2018,7,98765,91,M+L+KD+S+MP,1.0,1,228,0.0
tier3,2018,7,98765,92,C+KD+S+MP,0.0687,0,169,0.0047196899999999995
tier3,2018,7,98765,93,M+C+KD+S+MP,1.0,1,239,0.0
tier3,2018,7,98765,94,L+C+KD+S+MP,0.83025,1,189,0.028815062499999985
tier3,2018,7,98765,95,M+L+C+KD+S+MP,1.0,1,259,0.0
tier3,2018,7,98765,96,V+MP,0.0,0,44,0.0
tier3,2018,7,98765,97,M+V+MP,0.0,0,114,0.0
tier3,2018,7,98765,98,L+V+MP,0.0,0,64,0.0
tier3,2018,7,98765,99,M+L+V+MP,0.0,0,134,0.0
tier3,2018,7,98765,100,C+V+MP,0.0,0,75,0.0
tier3,2018,7,98765,101,M+C+V+MP,0.0,0,145,0.0
tier3,2018,7,98765,102,L+C+V+MP,0.0,0,95,0.0
tier3,2018,7,98765,103,M+L+C+V+MP,0.0479,0,165,0.0022944099999999998
tier3,2018,7,98765,104,KD+V+MP,0.0,0,66,0.0
tier3,2018,7,98765,105,M+KD+V+MP,0.0,0,136,0.0
tier3,2018,7,98765,106,L+KD+V+MP,0.0,0,86,0.0
tier3,2018,7,98765,107,M+L+KD+V+MP,0.0,0,156,0.0
tier3,2018,7,98765,108,C+KD+V+MP,0.0,0,97,0.0
tier3,2018,7,98765,109,M+C+KD+V+MP,0.17215,0,167,0.0296356225
tier3,2018,7,98765,110,L+C+KD+V+MP,0.0,0,117,0.0
tier3,2018,7,98765,111,M+L+C+KD+V+MP,0.99905,1,187,9.025000000000121e-07
tier3,2018,7,98765,112,S+V+MP,0.0,0,144,0.0
tier3,2018,7,98765,113,M+S+V+MP,1.0,1,214,0.0
tier3,2018,7,98765,114,L+S+V+MP,0.078,0,164,0.006084
tier3,2018,7,98765,115,M+L+S+V+MP,1.0,1,234,0.0
tier3,2018,7,98765,116,C+S+V+MP,0.59015,1,175,0.16797702250000004
tier3,2018,7,98765,117,M+C+S+V+MP,1.0,1,245,0.0
tier3,2018,7,98765,118,L+C+S+V+MP,0.99775,1,195,5.062499999999884e-06
tier3,2018,7,98765,119,M+L+C+S+V+MP,1.0,1,265,0.0
tier3,2018,7,98765,120,KD+S+V+MP,0.0,0,166,0.0
tier3,2018,7,98765,121,M+KD+S+V+MP,1.0,1,236,0.0
tier3,2018,7,98765,122,L+KD+S+V+MP,0.8656,1,186,0.01806335999999999
tier3,2018,7,98765,123,M+L+KD+S+V+MP,1.0,1,256,0.0
tier3,2018,7,98765,124,C+KD+S+V+MP,0.99995,1,197,2.499999999999449e-09
tier3,2018,7,98765,125,M+C+KD+S+V+MP,1.0,1,267,0.0
tier3,2018,7,98765,126,L+C+KD+S+V+MP,1.0,1,217,0.0
tier3,2018,7,98765,127,M+L+C+KD+S+V+MP,1.0,1,287,0.0
tier3,2018,7,98765,128,SD,0.0,0,62,0.0
tier3,2018,7,98765,129,M+SD,0.0,0,132,0.0
tier3,2018,7,98765,130,L+SD,0.0,0,82,0.0
tier3,2018,7,98765,131,M+L+SD,5e-05,0,152,2.5e-09
tier3,2018,7,98765,132,C+SD,0.0,0,93,0.0
tier3,2018,7,98765,133,M+C+SD,0.1344,0,163,0.018063359999999997
tier3,2018,7,98765,134,L+C+SD,0.0,0,113,0.0
tier3,2018,7,98765,135,M+L+C+SD,1.0,1,183,0.0
tier3,2018,7,98765,136,KD+SD,0.0,0,84,0.0
tier3,2018,7,98765,137,M+KD+SD,0.00225,0,154,5.062499999999999e-06
tier3,2018,7,98765,138,L+KD+SD,0.0,0,104,0.0
tier3,2018,7,98765,139,M+L+KD+SD,0.40985,0,174,0.1679770225
tier3,2018,7,98765,140,C+KD+SD,0.0,0,115,0.0
tier3,2018,7,98765,141,M+C+KD+SD,0.922,1,185,0.006083999999999993
tier3,2018,7,98765,142,L+C+KD+SD,0.0,0,135,0.0
tier3,2018,7,98765,143,M+L+C+KD+SD,1.0,1,205,0.0
tier3,2018,7,98765,144,S+SD,0.00095,0,162,9.025e-07
tier3,2018,7,98765,145,M+S+SD,1.0,1,232,0.0
tier3,2018,7,98765,146,L+S+SD,0.82785,1,182,0.029635622500000007
tier3,2018,7,98765,147,M+L+S+SD,1.0,1,252,0.0
tier3,2018,7,98765,148,C+S+SD,1.0,1,193,0.0
tier3,2018,7,98765,149,M+C+S+SD,1.0,1,263,0.0
tier3,2018,7,98765,150,L+C+S+SD,1.0,1,213,0.0
tier3,2018,7,98765,151,M+L+C+S+SD,1.0,1,283,0.0
tier3,2018,7,98765,152,KD+S+SD,0.9521,1,184,0.002294410000000005
tier3,2018,7,98765,153,M+KD+S+SD,1.0,1,254,0.0
tier3,2018,7,98765,154,L+KD+S+SD,1.0,1,204,0.0
tier3,2018,7,98765,155,M+L+KD+S+SD,1.0,1,274,0.0
tier3,2018,7,98765,156,C+KD+S+SD,1.0,1,215,0.0
tier3,2018,7,98765,157,M+C+KD+S+SD,1.0,1,285,0.0
tier3,2018,7,98765,158,L+C+KD+S+SD,1.0,1,235,0.0
tier3,2018,7,98765,159,M+L+C+KD+S+SD,1.0,1,305,0.0
tier3,2018,7,98765,160,V+SD,0.0,0,90,0.0
tier3,2018,7,98765,161,M+V+SD,0.16975,0,160,0.028815062500000006
tier3,2018,7,98765,162,L+V+SD,0.0,0,110,0.0
tier3,2018,7,98765,163,M+L+V+SD,0.9313,1,180,0.004719689999999998
tier3,2018,7,98765,164,C+V+SD,0.0,0,121,0.0
tier3,2018,7,98765,165,M+C+V+SD,1.0,1,191,0.0
tier3,2018,7,98765,166,L+C+V+SD,0.0,0,141,0.0
tier3,2018,7,98765,167,M+L+C+V+SD,1.0,1,211,0.0
tier3,2018,7,98765,168,KD+V+SD,0.0,0,112,0.0
tier3,2018,7,98765,169,M+KD+V+SD,0.75205,1,182,0.0614792025
tier3,2018,7,98765,170,L+KD+V+SD,0.0,0,132,0.0
tier3,2018,7,98765,171,M+L+KD+V+SD,1.0,1,202,0.0
tier3,2018,7,98765,172,C+KD+V+SD,0.0,0,143,0.0
tier3,2018,7,98765,173,M+C+KD+V+SD,1.0,1,213,0.0
tier3,2018,7,98765,174,L+C+KD+V+SD,0.10315,0,163,0.010639922500000001
tier3,2018,7,98765,175,M+L+C+KD+V+SD,1.0,1,233,0.0
tier3,2018,7,98765,176,S+V+SD,1.0,1,190,0.0
tier3,2018,7,98765,177,M+S+V+SD,1.0,1,260,0.0
tier3,2018,7,98765,178,L+S+V+SD,1.0,1,210,0.0
tier3,2018,7,98765,179,M+L+S+V+SD,1.0,1,280,0.0
tier3,2018,7,98765,180,C+S+V+SD,1.0,1,221,0.0
tier3,2018,7,98765,181,M+C+S+V+SD,1.0,1,291,0.0
tier3,2018,7,98765,182,L+C+S+V+SD,1.0,1,241,0.0
tier3,2018,7,98765,183,M+L+C+S+V+SD,1.0,1,311,0.0
tier3,2018,7,98765,184,KD+S+V+SD,1.0,1,212,0.0
tier3,2018,7,98765,185,M+KD+S+V+SD,1.0,1,282,0.0
tier3,2018,7,98765,186,L+KD+S+V+SD,1.0,1,232,0.0
tier3,2018,7,98765,187,M+L+KD+S+V+SD,1.0,1,302,0.0
tier3,2018,7,98765,188,C+KD+S+V+SD,1.0,1,243,0.0
tier3,2018,7,98765,189,M+C+KD+S+V+SD,1.0,1,313,0.0
tier3,2018,7,98765,190,L+C+KD+S+V+SD,1.0,1,263,0.0
tier3,2018,7,98765,191,M+L+C+KD+S+V+SD,1.0,1,333,0.0
tier3,2018,7,98765,192,MP+SD,0.0,0,78,0.0
tier3,2018,7,98765,193,M+MP+SD,0.0,0,148,0.0
tier3,2018,7,98765,194,L+MP+SD,0.0,0,98,0.0
tier3,2018,7,98765,195,M+L+MP+SD,0.13515,0,168,0.0182655225
tier3,2018,7,98765,196,C+MP+SD,0.0,0,109,0.0
tier3,2018,7,98765,197,M+C+MP+SD,0.9936,1,179,4.0959999999999506e-05
tier3,2018,7,98765,198,L+C+MP+SD,0.0,0,129,0.0
tier3,2018,7,98765,199,M+L+C+MP+SD,1.0,1,199,0.0
tier3,2018,7,98765,200,KD+MP+SD,0.0,0,100,0.0
tier3,2018,7,98765,201,M+KD+MP+SD,0.1577,0,170,0.024869290000000002
tier3,2018,7,98765,202,L+KD+MP+SD,0.0,0,120,0.0
tier3,2018,7,98765,203,M+L+KD+MP+SD,1.0,1,190,0.0
tier3,2018,7,98765,204,C+KD+MP+SD,0.0,0,131,0.0
tier3,2018,7,98765,205,M+C+KD+MP+SD,1.0,1,201,0.0
tier3,2018,7,98765,206,L+C+KD+MP+SD,0.0,0,151,0.0
tier3,2018,7,98765,207,M+L+C+KD+MP+SD,1.0,1,221,0.0
tier3,2018,7,98765,208,S+MP+SD,0.67285,1,178,0.10702712250000003
tier3,2018,7,98765,209,M+S+MP+SD,1.0,1,248,0.0
tier3,2018,7,98765,210,L+S+MP+SD,1.0,1,198,0.0
tier3,2018,7,98765,211,M+L+S+MP+SD,1.0,1,268,0.0
tier3,2018,7,98765,212,C+S+MP+SD,1.0,1,209,0.0
tier3,2018,7,98765,213,M+C+S+MP+SD,1.0,1,279,0.0
tier3,2018,7,98765,214,L+C+S+MP+SD,1.0,1,229,0.0
tier3,2018,7,98765,215,M+L+C+S+MP+SD,1.0,1,299,0.0
tier3,2018,7,98765,216,KD+S+MP+SD,1.0,1,200,0.0
tier3,2018,7,98765,217,M+KD+S+MP+SD,1.0,1,270,0.0
tier3,2018,7,98765,218,L+KD+S+MP+SD,1.0,1,220,0.0
tier3,2018,7,98765,219,M+L+KD+S+MP+SD,1.0,1,290,0.0
tier3,2018,7,98765,220,C+KD+S+MP+SD,1.0,1,231,0.0
tier3,2018,7,98765,221,M+C+KD+S+MP+SD,1.0,1,301,0.0
tier3,2018,7,98765,222,L+C+KD+S+MP+SD,1.0,1,251,0.0
tier3,2018,7,98765,223,M+L+C+KD+S+MP+SD,1.0,1,321,0.0
tier3,2018,7,98765,224,V+MP+SD,0.0,0,106,0.0
tier3,2018,7,98765,225,M+V+MP+SD,0.7833,1,176,0.04695889
tier3,2018,7,98765,226,L+V+MP+SD,0.0,0,126,0.0
tier3,2018,7,98765,227,M+L+V+MP+SD,1.0,1,196,0.0
tier3,2018,7,98765,228,C+V+MP+SD,0.0,0,137,0.0
tier3,2018,7,98765,229,M+C+V+MP+SD,1.0,1,207,0.0
tier3,2018,7,98765,230,L+C+V+MP+SD,0.06415,0,157,0.0041152225
tier3,2018,7,98765,231,M+L+C+V+MP+SD,1.0,1,227,0.0
tier3,2018,7,98765,232,KD+V+MP+SD,0.0,0,128,0.0
tier3,2018,7,98765,233,M+KD+V+MP+SD,1.0,1,198,0.0
tier3,2018,7,98765,234,L+KD+V+MP+SD,0.0,0,148,0.0
tier3,2018,7,98765,235,M+L+KD+V+MP+SD,1.0,1,218,0.0
tier3,2018,7,98765,236,C+KD+V+MP+SD,0.0049,0,159,2.401e-05
tier3,2018,7,98765,237,M+C+KD+V+MP+SD,1.0,1,229,0.0
tier3,2018,7,98765,238,L+C+KD+V+MP+SD,0.9893,1,179,0.00011449000000000092
tier3,2018,7,98765,239,M+L+C+KD+V+MP+SD,1.0,1,249,0.0
tier3,2018,7,98765,240,S+V+MP+SD,1.0,1,206,0.0
tier3,2018,7,98765,241,M+S+V+MP+SD,1.0,1,276,0.0
tier3,2018,7,98765,242,L+S+V+MP+SD,1.0,1,226,0.0
tier3,2018,7,98765,243,M+L+S+V+MP+SD,1.0,1,296,0.0
tier3,2018,7,98765,244,C+S+V+MP+SD,1.0,1,237,0.0
tier3,2018,7,98765,245,M+C+S+V+MP+SD,1.0,1,307,0.0
tier3,2018,7,98765,246,L+C+S+V+MP+SD,1.0,1,257,0.0
tier3,2018,7,98765,247,M+L+C+S+V+MP+SD,1.0,1,327,0.0
tier3,2018,7,98765,248,KD+S+V+MP+SD,1.0,1,228,0.0
tier3,2018,7,98765,249,M+KD+S+V+MP+SD,1.0,1,298,0.0
tier3,2018,7,98765,250,L+KD+S+V+MP+SD,1.0,1,248,0.0
tier3,2018,7,98765,251,M+L+KD+S+V+MP+SD,1.0,1,318,0.0
tier3,2018,7,98765,252,C+KD+S+V+MP+SD,1.0,1,259,0.0
tier3,2018,7,98765,253,M+C+KD+S+V+MP+SD,1.0,1,329,0.0
tier3,2018,7,98765,254,L+C+KD+S+V+MP+SD,1.0,1,279,0.0
tier3,2018,7,54321,1,M,0.0,0,70,0.0
tier3,2018,7,54321,2,L,0.0,0,20,0.0
tier3,2018,7,54321,3,M+L,0.0,0,90,0.0
tier3,2018,7,54321,4,C,0.0,0,31,0.0
tier3,2018,7,54321,5,M+C,0.0,0,101,0.0
tier3,2018,7,54321,6,L+C,0.0,0,51,0.0
tier3,2018,7,54321,7,M+L+C,0.0,0,121,0.0
tier3,2018,7,54321,8,KD,0.0,0,22,0.0
tier3,2018,7,54321,9,M+KD,0.0,0,92,0.0
tier3,2018,7,54321,10,L+KD,0.0,0,42,0.0
tier3,2018,7,54321,11,M+L+KD,0.0,0,112,0.0
tier3,2018,7,54321,12,C+KD,0.0,0,53,0.0
tier3,2018,7,54321,13,M+C+KD,0.0,0,123,0.0
tier3,2018,7,54321,14,L+C+KD,0.0,0,73,0.0
tier3,2018,7,54321,15,M+L+C+KD,0.0,0,143,0.0
tier3,2018,7,54321,16,S,0.0,0,100,0.0
tier3,2018,7,54321,17,M+S,0.01,0,170,0.0001
tier3,2018,7,54321,18,L+S,0.0,0,120,0.0
tier3,2018,7,54321,19,M+L+S,0.99545,1,190,2.0702500000000492e-05
tier3,2018,7,54321,20,C+S,0.0,0,131,0.0
tier3,2018,7,54321,21,M+C+S,1.0,1,201,0.0
tier3,2018,7,54321,22,L+C+S,0.0,0,151,0.0
tier3,2018,7,54321,23,M+L+C+S,1.0,1,221,0.0
tier3,2018,7,54321,24,KD+S,0.0,0,122,0.0
tier3,2018,7,54321,25,M+KD+S,0.9365,1,192,0.00403225
tier3,2018,7,54321,26,L+KD+S,0.0,0,142,0.0
tier3,2018,7,54321,27,M+L+KD+S,1.0,1,212,0.0
tier3,2018,7,54321,28,C+KD+S,0.0,0,153,0.0
tier3,2018,7,54321,29,M+C+KD+S,1.0,1,223,0.0
tier3,2018,7,54321,30,L+C+KD+S,0.21725,0,173,0.0471975625
tier3,2018,7,54321,31,M+L+C+KD+S,1.0,1,243,0.0
tier3,2018,7,54321,32,V,0.0,0,28,0.0
tier3,2018,7,54321,33,M+V,0.0,0,98,0.0
tier3,2018,7,54321,34,L+V,0.0,0,48,0.0
tier3,2018,7,54321,35,M+L+V,0.0,0,118,0.0
tier3,2018,7,54321,36,C+V,0.0,0,59,0.0
tier3,2018,7,54321,37,M+C+V,0.0,0,129,0.0
tier3,2018,7,54321,38,L+C+V,0.0,0,79,0.0
tier3,2018,7,54321,39,M+L+C+V,0.0,0,149,0.0
tier3,2018,7,54321,40,KD+V,0.0,0,50,0.0
tier3,2018,7,54321,41,M+KD+V,0.0,0,120,0.0
tier3,2018,7,54321,42,L+KD+V,0.0,0,70,0.0
tier3,2018,7,54321,43,M+L+KD+V,0.0,0,140,0.0
tier3,2018,7,54321,44,C+KD+V,0.0,0,81,0.0
tier3,2018,7,54321,45,M+C+KD+V,0.0,0,151,0.0
tier3,2018,7,54321,46,L+C+KD+V,0.0,0,101,0.0
tier3,2018,7,54321,47,M+L+C+KD+V,0.3252,0,171,0.10575504
tier3,2018,7,54321,48,S+V,0.0,0,128,0.0
tier3,2018,7,54321,49,M+S+V,1.0,1,198,0.0
tier3,2018,7,54321,50,L+S+V,0.0,0,148,0.0
tier3,2018,7,54321,51,M+L+S+V,1.0,1,218,0.0
tier3,2018,7,54321,52,C+S+V,0.0,0,159,0.0
tier3,2018,7,54321,53,M+C+S+V,1.0,1,229,0.0
tier3,2018,7,54321,54,L+C+S+V,0.8388,1,179,0.025985440000000002
tier3,2018,7,54321,55,M+L+C+S+V,1.0,1,249,0.0
tier3,2018,7,54321,56,KD+S+V,0.0,0,150,0.0
tier3,2018,7,54321,57,M+KD+S+V,1.0,1,220,0.0
tier3,2018,7,54321,58,L+KD+S+V,0.00735,0,170,5.402249999999999e-05
tier3,2018,7,54321,59,M+L+KD+S+V,1.0,1,240,0.0
tier3,2018,7,54321,60,C+KD+S+V,0.86155,1,181,0.01916840249999999
tier3,2018,7,54321,61,M+C+KD+S+V,1.0,1,251,0.0
tier3,2018,7,54321,62,L+C+KD+S+V,1.0,1,201,0.0
tier3,2018,7,54321,63,M+L+C+KD+S+V,1.0,1,271,0.0
tier3,2018,7,54321,64,MP,0.0,0,16,0.0
tier3,2018,7,54321,65,M+MP,0.0,0,86,0.0
tier3,2018,7,54321,66,L+MP,0.0,0,36,0.0
tier3,2018,7,54321,67,M+L+MP,0.0,0,106,0.0
tier3,2018,7,54321,68,C+MP,0.0,0,47,0.0
tier3,2018,7,54321,69,M+C+MP,0.0,0,117,0.0
tier3,2018,7,54321,70,L+C+MP,0.0,0,67,0.0
tier3,2018,7,54321,71,M+L+C+MP,0.0,0,137,0.0
tier3,2018,7,54321,72,KD+MP,0.0,0,38,0.0
tier3,2018,7,54321,73,M+KD+MP,0.0,0,108,0.0
tier3,2018,7,54321,74,L+KD+MP,0.0,0,58,0.0
tier3,2018,7,54321,75,M+L+KD+MP,0.0,0,128,0.0
tier3,2018,7,54321,76,C+KD+MP,0.0,0,69,0.0
tier3,2018,7,54321,77,M+C+KD+MP,0.0,0,139,0.0
tier3,2018,7,54321,78,L+C+KD+MP,0.0,0,89,0.0
tier3,2018,7,54321,79,M+L+C+KD+MP,0.0,0,159,0.0
tier3,2018,7,54321,80,S+MP,0.0,0,116,0.0
tier3,2018,7,54321,81,M+S+MP,0.8971,1,186,0.010588409999999998
tier3,2018,7,54321,82,L+S+MP,0.0,0,136,0.0
tier3,2018,7,54321,83,M+L+S+MP,1.0,1,206,0.0
tier3,2018,7,54321,84,C+S+MP,0.0,0,147,0.0
tier3,2018,7,54321,85,M+C+S+MP,1.0,1,217,0.0
tier3,2018,7,54321,86,L+C+S+MP,0.24795,0,167,0.0614792025
tier3,2018,7,54321,87,M+L+C+S+MP,1.0,1,237,0.0
tier3,2018,7,54321,88,KD+S+MP,0.0,0,138,0.0
tier3,2018,7,54321,89,M+KD+S+MP,1.0,1,208,0.0
tier3,2018,7,54321,90,L+KD+S+MP,0.0,0,158,0.0
tier3,2018,7,54321,91,M+L+KD+S+MP,1.0,1,228,0.0
tier3,2018,7,54321,92,C+KD+S+MP,0.0709,0,169,0.0050268100000000005
tier3,2018,7,54321,93,M+C+KD+S+MP,1.0,1,239,0.0
tier3,2018,7,54321,94,L+C+KD+S+MP,0.82575,1,189,0.030363062500000006
tier3,2018,7,54321,95,M+L+C+KD+S+MP,1.0,1,259,0.0
tier3,2018,7,54321,96,V+MP,0.0,0,44,0.0
tier3,2018,7,54321,97,M+V+MP,0.0,0,114,0.0
tier3,2018,7,54321,98,L+V+MP,0.0,0,64,0.0
tier3,2018,7,54321,99,M+L+V+MP,0.0,0,134,0.0
tier3,2018,7,54321,100,C+V+MP,0.0,0,75,0.0
tier3,2018,7,54321,101,M+C+V+MP,0.0,0,145,0.0
tier3,2018,7,54321,102,L+C+V+MP,0.0,0,95,0.0
tier3,2018,7,54321,103,M+L+C+V+MP,0.04515,0,165,0.0020385225000000002
tier3,2018,7,54321,104,KD+V+MP,0.0,0,66,0.0
tier3,2018,7,54321,105,M+KD+V+MP,0.0,0,136,0.0
tier3,2018,7,54321,106,L+KD+V+MP,0.0,0,86,0.0
tier3,2018,7,54321,107,M+L+KD+V+MP,0.0,0,156,0.0
tier3,2018,7,54321,108,C+KD+V+MP,0.0,0,97,0.0
tier3,2018,7,54321,109,M+C+KD+V+MP,0.17015,0,167,0.0289510225
tier3,2018,7,54321,110,L+C+KD+V+MP,0.0,0,117,0.0
tier3,2018,7,54321,111,M+L+C+KD+V+MP,0.99905,1,187,9.025000000000121e-07
tier3,2018,7,54321,112,S+V+MP,0.0,0,144,0.0
tier3,2018,7,54321,113,M+S+V+MP,1.0,1,214,0.0
tier3,2018,7,54321,114,L+S+V+MP,0.08055,0,164,0.006488302499999999
tier3,2018,7,54321,115,M+L+S+V+MP,1.0,1,234,0.0
tier3,2018,7,54321,116,C+S+V+MP,0.58715,1,175,0.17044512250000005
tier3,2018,7,54321,117,M+C+S+V+MP,1.0,1,245,0.0
tier3,2018,7,54321,118,L+C+S+V+MP,0.99785,1,195,4.622499999999937e-06
tier3,2018,7,54321,119,M+L+C+S+V+MP,1.0,1,265,0.0
tier3,2018,7,54321,120,KD+S+V+MP,0.0,0,166,0.0
tier3,2018,7,54321,121,M+KD+S+V+MP,1.0,1,236,0.0
tier3,2018,7,54321,122,L+KD+S+V+MP,0.86385,1,186,0.018536822499999998
tier3,2018,7,54321,123,M+L+KD+S+V+MP,1.0,1,256,0.0
tier3,2018,7,54321,124,C+KD+S+V+MP,0.9999,1,197,9.999999999997797e-09
tier3,2018,7,54321,125,M+C+KD+S+V+MP,1.0,1,267,0.0
tier3,2018,7,54321,126,L+C+KD+S+V+MP,1.0,1,217,0.0
tier3,2018,7,54321,127,M+L+C+KD+S+V+MP,1.0,1,287,0.0
tier3,2018,7,54321,128,SD,0.0,0,62,0.0
tier3,2018,7,54321,129,M+SD,0.0,0,132,0.0
tier3,2018,7,54321,130,L+SD,0.0,0,82,0.0
tier3,2018,7,54321,131,M+L+SD,0.0001,0,152,1e-08
tier3,2018,7,54321,132,C+SD,0.0,0,93,0.0
tier3,2018,7,54321,133,M+C+SD,0.13615,0,163,0.018536822499999998
tier3,2018,7,54321,134,L+C+SD,0.0,0,113,0.0
tier3,2018,7,54321,135,M+L+C+SD,1.0,1,183,0.0
tier3,2018,7,54321,136,KD+SD,0.0,0,84,0.0
tier3,2018,7,54321,137,M+KD+SD,0.00215,0,154,4.6225e-06
tier3,2018,7,54321,138,L+KD+SD,0.0,0,104,0.0
tier3,2018,7,54321,139,M+L+KD+SD,0.41285,0,174,0.1704451225
tier3,2018,7,54321,140,C+KD+SD,0.0,0,115,0.0
tier3,2018,7,54321,141,M+C+KD+SD,0.91945,1,185,0.006488302500000002
tier3,2018,7,54321,142,L+C+KD+SD,0.0,0,135,0.0
tier3,2018,7,54321,143,M+L+C+KD+SD,1.0,1,205,0.0
tier3,2018,7,54321,144,S+SD,0.00095,0,162,9.025e-07
tier3,2018,7,54321,145,M+S+SD,1.0,1,232,0.0
tier3,2018,7,54321,146,L+S+SD,0.82985,1,182,0.028951022500000007
tier3,2018,7,54321,147,M+L+S+SD,1.0,1,252,0.0
tier3,2018,7,54321,148,C+S+SD,1.0,1,193,0.0
tier3,2018,7,54321,149,M+C+S+SD,1.0,1,263,0.0
tier3,2018,7,54321,150,L+C+S+SD,1.0,1,213,0.0
tier3,2018,7,54321,151,M+L+C+S+SD,1.0,1,283,0.0
tier3,2018,7,54321,152,KD+S+SD,0.95485,1,184,0.002038522500000002
tier3,2018,7,54321,153,M+KD+S+SD,1.0,1,254,0.0
tier3,2018,7,54321,154,L+KD+S+SD,1.0,1,204,0.0
tier3,2018,7,54321,155,M+L+KD+S+SD,1.0,1,274,0.0
tier3,2018,7,54321,156,C+KD+S+SD,1.0,1,215,0.0
tier3,2018,7,54321,157,M+C+KD+S+SD,1.0,1,285,0.0
tier3,2018,7,54321,158,L+C+KD+S+SD,1.0,1,235,0.0
tier3,2018,7,54321,159,M+L+C+KD+S+SD,1.0,1,305,0.0
tier3,2018,7,54321,160,V+SD,0.0,0,90,0.0
tier3,2018,7,54321,161,M+V+SD,0.17425,0,160,0.030363062499999996
tier3,2018,7,54321,162,L+V+SD,0.0,0,110,0.0
tier3,2018,7,54321,163,M+L+V+SD,0.9291,1,180,0.005026809999999994
tier3,2018,7,54321,164,C+V+SD,0.0,0,121,0.0
tier3,2018,7,54321,165,M+C+V+SD,1.0,1,191,0.0
tier3,2018,7,54321,166,L+C+V+SD,0.0,0,141,0.0
tier3,2018,7,54321,167,M+L+C+V+SD,1.0,1,211,0.0
tier3,2018,7,54321,168,KD+V+SD,0.0,0,112,0.0
tier3,2018,7,54321,169,M+KD+V+SD,0.75205,1,182,0.0614792025
tier3,2018,7,54321,170,L+KD+V+SD,0.0,0,132,0.0
tier3,2018,7,54321,171,M+L+KD+V+SD,1.0,1,202,0.0
tier3,2018,7,54321,172,C+KD+V+SD,0.0,0,143,0.0
tier3,2018,7,54321,173,M+C+KD+V+SD,1.0,1,213,0.0
tier3,2018,7,54321,174,L+C+KD+V+SD,0.1029,0,163,0.010588410000000001
tier3,2018,7,54321,175,M+L+C+KD+V+SD,1.0,1,233,0.0
tier3,2018,7,54321,176,S+V+SD,1.0,1,190,0.0
tier3,2018,7,54321,177,M+S+V+SD,1.0,1,260,0.0
tier3,2018,7,54321,178,L+S+V+SD,1.0,1,210,0.0
tier3,2018,7,54321,179,M+L+S+V+SD,1.0,1,280,0.0
tier3,2018,7,54321,180,C+S+V+SD,1.0,1,221,0.0
tier3,2018,7,54321,181,M+C+S+V+SD,1.0,1,291,0.0
tier3,2018,7,54321,182,L+C+S+V+SD,1.0,1,241,0.0
tier3,2018,7,54321,183,M+L+C+S+V+SD,1.0,1,311,0.0
tier3,2018,7,54321,184,KD+S+V+SD,1.0,1,212,0.0
tier3,2018,7,54321,185,M+KD+S+V+SD,1.0,1,282,0.0
tier3,2018,7,54321,186,L+KD+S+V+SD,1.0,1,232,0.0
tier3,2018,7,54321,187,M+L+KD+S+V+SD,1.0,1,302,0.0
tier3,2018,7,54321,188,C+KD+S+V+SD,1.0,1,243,0.0
tier3,2018,7,54321,189,M+C+KD+S+V+SD,1.0,1,313,0.0
tier3,2018,7,54321,190,L+C+KD+S+V+SD,1.0,1,263,0.0
tier3,2018,7,54321,191,M+L+C+KD+S+V+SD,1.0,1,333,0.0
tier3,2018,7,54321,192,MP+SD,0.0,0,78,0.0
tier3,2018,7,54321,193,M+MP+SD,0.0,0,148,0.0
tier3,2018,7,54321,194,L+MP+SD,0.0,0,98,0.0
tier3,2018,7,54321,195,M+L+MP+SD,0.13845,0,168,0.019168402499999997
tier3,2018,7,54321,196,C+MP+SD,0.0,0,109,0.0
tier3,2018,7,54321,197,M+C+MP+SD,0.99265,1,179,5.4022499999999526e-05
tier3,2018,7,54321,198,L+C+MP+SD,0.0,0,129,0.0
tier3,2018,7,54321,199,M+L+C+MP+SD,1.0,1,199,0.0
tier3,2018,7,54321,200,KD+MP+SD,0.0,0,100,0.0
tier3,2018,7,54321,201,M+KD+MP+SD,0.1612,0,170,0.025985440000000002
tier3,2018,7,54321,202,L+KD+MP+SD,0.0,0,120,0.0
tier3,2018,7,54321,203,M+L+KD+MP+SD,1.0,1,190,0.0
tier3,2018,7,54321,204,C+KD+MP+SD,0.0,0,131,0.0
tier3,2018,7,54321,205,M+C+KD+MP+SD,1.0,1,201,0.0
tier3,2018,7,54321,206,L+C+KD+MP+SD,0.0,0,151,0.0
tier3,2018,7,54321,207,M+L+C+KD+MP+SD,1.0,1,221,0.0
tier3,2018,7,54321,208,S+MP+SD,0.6748,1,178,0.10575504000000002
tier3,2018,7,54321,209,M+S+MP+SD,1.0,1,248,0.0
tier3,2018,7,54321,210,L+S+MP+SD,1.0,1,198,0.0
tier3,2018,7,54321,211,M+L+S+MP+SD,1.0,1,268,0.0
tier3,2018,7,54321,212,C+S+MP+SD,1.0,1,209,0.0
tier3,2018,7,54321,213,M+C+S+MP+SD,1.0,1,279,0.0
tier3,2018,7,54321,214,L+C+S+MP+SD,1.0,1,229,0.0
tier3,2018,7,54321,215,M+L+C+S+MP+SD,1.0,1,299,0.0
tier3,2018,7,54321,216,KD+S+MP+SD,1.0,1,200,0.0
tier3,2018,7,54321,217,M+KD+S+MP+SD,1.0,1,270,0.0
tier3,2018,7,54321,218,L+KD+S+MP+SD,1.0,1,220,0.0
tier3,2018,7,54321,219,M+L+KD+S+MP+SD,1.0,1,290,0.0
tier3,2018,7,54321,220,C+KD+S+MP+SD,1.0,1,231,0.0
tier3,2018,7,54321,221,M+C+KD+S+MP+SD,1.0,1,301,0.0
tier3,2018,7,54321,222,L+C+KD+S+MP+SD,1.0,1,251,0.0
tier3,2018,7,54321,223,M+L+C+KD+S+MP+SD,1.0,1,321,0.0
tier3,2018,7,54321,224,V+MP+SD,0.0,0,106,0.0
tier3,2018,7,54321,225,M+V+MP+SD,0.78275,1,176,0.047197562500000026
tier3,2018,7,54321,226,L+V+MP+SD,0.0,0,126,0.0
tier3,2018,7,54321,227,M+L+V+MP+SD,1.0,1,196,0.0
tier3,2018,7,54321,228,C+V+MP+SD,0.0,0,137,0.0
tier3,2018,7,54321,229,M+C+V+MP+SD,1.0,1,207,0.0
tier3,2018,7,54321,230,L+C+V+MP+SD,0.0635,0,157,0.00403225
tier3,2018,7,54321,231,M+L+C+V+MP+SD,1.0,1,227,0.0
tier3,2018,7,54321,232,KD+V+MP+SD,0.0,0,128,0.0
tier3,2018,7,54321,233,M+KD+V+MP+SD,1.0,1,198,0.0
tier3,2018,7,54321,234,L+KD+V+MP+SD,0.0,0,148,0.0
tier3,2018,7,54321,235,M+L+KD+V+MP+SD,1.0,1,218,0.0
tier3,2018,7,54321,236,C+KD+V+MP+SD,0.00455,0,159,2.07025e-05
tier3,2018,7,54321,237,M+C+KD+V+MP+SD,1.0,1,229,0.0
tier3,2018,7,54321,238,L+C+KD+V+MP+SD,0.99,1,179,0.00010000000000000018
tier3,2018,7,54321,239,M+L+C+KD+V+MP+SD,1.0,1,249,0.0
tier3,2018,7,54321,240,S+V+MP+SD,1.0,1,206,0.0
tier3,2018,7,54321,241,M+S+V+MP+SD,1.0,1,276,0.0
tier3,2018,7,54321,242,L+S+V+MP+SD,1.0,1,226,0.0
tier3,2018,7,54321,243,M+L+S+V+MP+SD,1.0,1,296,0.0
tier3,2018,7,54321,244,C+S+V+MP+SD,1.0,1,237,0.0
tier3,2018,7,54321,245,M+C+S+V+MP+SD,1.0,1,307,0.0
tier3,2018,7,54321,246,L+C+S+V+MP+SD,1.0,1,257,0.0
tier3,2018,7,54321,247,M+L+C+S+V+MP+SD,1.0,1,327,0.0
tier3,2018,7,54321,248,KD+S+V+MP+SD,1.0,1,228,0.0
tier3,2018,7,54321,249,M+KD+S+V+MP+SD,1.0,1,298,0.0
tier3,2018,7,54321,250,L+KD+S+V+MP+SD,1.0,1,248,0.0
tier3,2018,7,54321,251,M+L+KD+S+V+MP+SD,1.0,1,318,0.0
tier3,2018,7,54321,252,C+KD+S+V+MP+SD,1.0,1,259,0.0
tier3,2018,7,54321,253,M+C+KD+S+V+MP+SD,1.0,1,329,0.0
tier3,2018,7,54321,254,L+C+KD+S+V+MP+SD,1.0,1,279,0.0
tier3,2018,7,13579,1,M,0.0,0,70,0.0
tier3,2018,7,13579,2,L,0.0,0,20,0.0
tier3,2018,7,13579,3,M+L,0.0,0,90,0.0
tier3,2018,7,13579,4,C,0.0,0,31,0.0
tier3,2018,7,13579,5,M+C,0.0,0,101,0.0
tier3,2018,7,13579,6,L+C,0.0,0,51,0.0
tier3,2018,7,13579,7,M+L+C,0.0,0,121,0.0
tier3,2018,7,13579,8,KD,0.0,0,22,0.0
tier3,2018,7,13579,9,M+KD,0.0,0,92,0.0
tier3,2018,7,13579,10,L+KD,0.0,0,42,0.0
tier3,2018,7,13579,11,M+L+KD,0.0,0,112,0.0
tier3,2018,7,13579,12,C+KD,0.0,0,53,0.0
tier3,2018,7,13579,13,M+C+KD,0.0,0,123,0.0
tier3,2018,7,13579,14,L+C+KD,0.0,0,73,0.0
tier3,2018,7,13579,15,M+L+C+KD,0.0,0,143,0.0
tier3,2018,7,13579,16,S,0.0,0,100,0.0
tier3,2018,7,13579,17,M+S,0.00975,0,170,9.50625e-05
tier3,2018,7,13579,18,L+S,0.0,0,120,0.0
tier3,2018,7,13579,19,M+L+S,0.9951,1,190,2.401000000000015e-05
tier3,2018,7,13579,20,C+S,0.0,0,131,0.0
tier3,2018,7,13579,21,M+C+S,1.0,1,201,0.0
tier3,2018,7,13579,22,L+C+S,0.0,0,151,0.0
tier3,2018,7,13579,23,M+L+C+S,1.0,1,221,0.0
tier3,2018,7,13579,24,KD+S,0.0,0,122,0.0
tier3,2018,7,13579,25,M+KD+S,0.9371,1,192,0.003956409999999994
tier3,2018,7,13579,26,L+KD+S,0.0,0,142,0.0
tier3,2018,7,13579,27,M+L+KD+S,1.0,1,212,0.0
tier3,2018,7,13579,28,C+KD+S,0.0,0,153,0.0
tier3,2018,7,13579,29,M+C+KD+S,1.0,1,223,0.0
tier3,2018,7,13579,30,L+C+KD+S,0.2168,0,173,0.047002239999999994
tier3,2018,7,13579,31,M+L+C+KD+S,1.0,1,243,0.0
tier3,2018,7,13579,32,V,0.0,0,28,0.0
tier3,2018,7,13579,33,M+V,0.0,0,98,0.0
tier3,2018,7,13579,34,L+V,0.0,0,48,0.0
tier3,2018,7,13579,35,M+L+V,0.0,0,118,0.0
tier3,2018,7,13579,36,C+V,0.0,0,59,0.0
tier3,2018,7,13579,37,M+C+V,0.0,0,129,0.0
tier3,2018,7,13579,38,L+C+V,0.0,0,79,0.0
tier3,2018,7,13579,39,M+L+C+V,0.0,0,149,0.0
tier3,2018,7,13579,40,KD+V,0.0,0,50,0.0
tier3,2018,7,13579,41,M+KD+V,0.0,0,120,0.0
tier3,2018,7,13579,42,L+KD+V,0.0,0,70,0.0
tier3,2018,7,13579,43,M+L+KD+V,0.0,0,140,0.0
tier3,2018,7,13579,44,C+KD+V,0.0,0,81,0.0
tier3,2018,7,13579,45,M+C+KD+V,0.0,0,151,0.0
tier3,2018,7,13579,46,L+C+KD+V,0.0,0,101,0.0
tier3,2018,7,13579,47,M+L+C+KD+V,0.33055,0,171,0.1092633025
tier3,2018,7,13579,48,S+V,0.0,0,128,0.0
tier3,2018,7,13579,49,M+S+V,1.0,1,198,0.0
tier3,2018,7,13579,50,L+S+V,0.0,0,148,0.0
tier3,2018,7,13579,51,M+L+S+V,1.0,1,218,0.0
tier3,2018,7,13579,52,C+S+V,0.0,0,159,0.0
tier3,2018,7,13579,53,M+C+S+V,1.0,1,229,0.0
tier3,2018,7,13579,54,L+C+S+V,0.84595,1,179,0.023731402500000005
tier3,2018,7,13579,55,M+L+C+S+V,1.0,1,249,0.0
tier3,2018,7,13579,56,KD+S+V,0.0,0,150,0.0
tier3,2018,7,13579,57,M+KD+S+V,1.0,1,220,0.0
tier3,2018,7,13579,58,L+KD+S+V,0.00685,0,170,4.6922500000000003e-05
tier3,2018,7,13579,59,M+L+KD+S+V,1.0,1,240,0.0
tier3,2018,7,13579,60,C+KD+S+V,0.8685,1,181,0.017292249999999988
tier3,2018,7,13579,61,M+C+KD+S+V,1.0,1,251,0.0
tier3,2018,7,13579,62,L+C+KD+S+V,1.0,1,201,0.0
tier3,2018,7,13579,63,M+L+C+KD+S+V,1.0,1,271,0.0
tier3,2018,7,13579,64,MP,0.0,0,16,0.0
tier3,2018,7,13579,65,M+MP,0.0,0,86,0.0
tier3,2018,7,13579,66,L+MP,0.0,0,36,0.0
tier3,2018,7,13579,67,M+L+MP,0.0,0,106,0.0
tier3,2018,7,13579,68,C+MP,0.0,0,47,0.0
tier3,2018,7,13579,69,M+C+MP,0.0,0,117,0.0
tier3,2018,7,13579,70,L+C+MP,0.0,0,67,0.0
tier3,2018,7,13579,71,M+L+C+MP,0.0,0,137,0.0
tier3,2018,7,13579,72,KD+MP,0.0,0,38,0.0
tier3,2018,7,13579,73,M+KD+MP,0.0,0,108,0.0
tier3,2018,7,13579,74,L+KD+MP,0.0,0,58,0.0
tier3,2018,7,13579,75,M+L+KD+MP,0.0,0,128,0.0
tier3,2018,7,13579,76,C+KD+MP,0.0,0,69,0.0
tier3,2018,7,13579,77,M+C+KD+MP,0.0,0,139,0.0
tier3,2018,7,13579,78,L+C+KD+MP,0.0,0,89,0.0
tier3,2018,7,13579,79,M+L+C+KD+MP,0.0,0,159,0.0
tier3,2018,7,13579,80,S+MP,0.0,0,116,0.0
tier3,2018,7,13579,81,M+S+MP,0.8954,1,186,0.010941160000000005
tier3,2018,7,13579,82,L+S+MP,0.0,0,136,0.0
tier3,2018,7,13579,83,M+L+S+MP,1.0,1,206,0.0
tier3,2018,7,13579,84,C+S+MP,0.0,0,147,0.0
tier3,2018,7,13579,85,M+C+S+MP,1.0,1,217,0.0
tier3,2018,7,13579,86,L+C+S+MP,0.2507,0,167,0.06285049
tier3,2018,7,13579,87,M+L+C+S+MP,1.0,1,237,0.0
tier3,2018,7,13579,88,KD+S+MP,0.0,0,138,0.0
tier3,2018,7,13579,89,M+KD+S+MP,1.0,1,208,0.0
tier3,2018,7,13579,90,L+KD+S+MP,0.0,0,158,0.0
tier3,2018,7,13579,91,M+L+KD+S+MP,1.0,1,228,0.0
tier3,2018,7,13579,92,C+KD+S+MP,0.0732,0,169,0.00535824
tier3,2018,7,13579,93,M+C+KD+S+MP,1.0,1,239,0.0
tier3,2018,7,13579,94,L+C+KD+S+MP,0.83215,1,189,0.02817362250000002
tier3,2018,7,13579,95,M+L+C+KD+S+MP,1.0,1,259,0.0
tier3,2018,7,13579,96,V+MP,0.0,0,44,0.0
tier3,2018,7,13579,97,M+V+MP,0.0,0,114,0.0
tier3,2018,7,13579,98,L+V+MP,0.0,0,64,0.0
tier3,2018,7,13579,99,M+L+V+MP,0.0,0,134,0.0
tier3,2018,7,13579,100,C+V+MP,0.0,0,75,0.0
tier3,2018,7,13579,101,M+C+V+MP,0.0,0,145,0.0
tier3,2018,7,13579,102,L+C+V+MP,0.0,0,95,0.0
tier3,2018,7,13579,103,M+L+C+V+MP,0.04705,0,165,0.0022137025000000003
tier3,2018,7,13579,104,KD+V+MP,0.0,0,66,0.0
tier3,2018,7,13579,105,M+KD+V+MP,0.0,0,136,0.0
tier3,2018,7,13579,106,L+KD+V+MP,0.0,0,86,0.0
tier3,2018,7,13579,107,M+L+KD+V+MP,0.0,0,156,0.0
tier3,2018,7,13579,108,C+KD+V+MP,0.0,0,97,0.0
tier3,2018,7,13579,109,M+C+KD+V+MP,0.17515,0,167,0.0306775225
tier3,2018,7,13579,110,L+C+KD+V+MP,0.0,0,117,0.0
tier3,2018,7,13579,111,M+L+C+KD+V+MP,0.9987,1,187,1.6899999999999165e-06
tier3,2018,7,13579,112,S+V+MP,0.0,0,144,0.0
tier3,2018,7,13579,113,M+S+V+MP,1.0,1,214,0.0
tier3,2018,7,13579,114,L+S+V+MP,0.0823,0,164,0.0067732899999999995
tier3,2018,7,13579,115,M+L+S+V+MP,1.0,1,234,0.0
tier3,2018,7,13579,116,C+S+V+MP,0.5897,1,175,0.16834609
tier3,2018,7,13579,117,M+C+S+V+MP,1.0,1,245,0.0
tier3,2018,7,13579,118,L+C+S+V+MP,0.998,1,195,4.0000000000000074e-06
tier3,2018,7,13579,119,M+L+C+S+V+MP,1.0,1,265,0.0
tier3,2018,7,13579,120,KD+S+V+MP,0.0,0,166,0.0
tier3,2018,7,13579,121,M+KD+S+V+MP,1.0,1,236,0.0
tier3,2018,7,13579,122,L+KD+S+V+MP,0.86545,1,186,0.018103702499999985
tier3,2018,7,13579,123,M+L+KD+S+V+MP,1.0,1,256,0.0
tier3,2018,7,13579,124,C+KD+S+V+MP,0.9999,1,197,9.999999999997797e-09
tier3,2018,7,13579,125,M+C+KD+S+V+MP,1.0,1,267,0.0
tier3,2018,7,13579,126,L+C+KD+S+V+MP,1.0,1,217,0.0
tier3,2018,7,13579,127,M+L+C+KD+S+V+MP,1.0,1,287,0.0
tier3,2018,7,13579,128,SD,0.0,0,62,0.0
tier3,2018,7,13579,129,M+SD,0.0,0,132,0.0
tier3,2018,7,13579,130,L+SD,0.0,0,82,0.0
tier3,2018,7,13579,131,M+L+SD,0.0001,0,152,1e-08
tier3,2018,7,13579,132,C+SD,0.0,0,93,0.0
tier3,2018,7,13579,133,M+C+SD,0.13455,0,163,0.018103702500000003
tier3,2018,7,13579,134,L+C+SD,0.0,0,113,0.0
tier3,2018,7,13579,135,M+L+C+SD,1.0,1,183,0.0
tier3,2018,7,13579,136,KD+SD,0.0,0,84,0.0
tier3,2018,7,13579,137,M+KD+SD,0.002,0,154,4e-06
tier3,2018,7,13579,138,L+KD+SD,0.0,0,104,0.0
tier3,2018,7,13579,139,M+L+KD+SD,0.4103,0,174,0.16834609
tier3,2018,7,13579,140,C+KD+SD,0.0,0,115,0.0
tier3,2018,7,13579,141,M+C+KD+SD,0.9177,1,185,0.0067732900000000065
tier3,2018,7,13579,142,L+C+KD+SD,0.0,0,135,0.0
tier3,2018,7,13579,143,M+L+C+KD+SD,1.0,1,205,0.0
tier3,2018,7,13579,144,S+SD,0.0013,0,162,1.69e-06
tier3,2018,7,13579,145,M+S+SD,1.0,1,232,0.0
tier3,2018,7,13579,146,L+S+SD,0.82485,1,182,0.03067752250000001
tier3,2018,7,13579,147,M+L+S+SD,1.0,1,252,0.0
tier3,2018,7,13579,148,C+S+SD,1.0,1,193,0.0
tier3,2018,7,13579,149,M+C+S+SD,1.0,1,263,0.0
tier3,2018,7,13579,150,L+C+S+SD,1.0,1,213,0.0
tier3,2018,7,13579,151,M+L+C+S+SD,1.0,1,283,0.0
tier3,2018,7,13579,152,KD+S+SD,0.95295,1,184,0.0022137025000000033
tier3,2018,7,13579,153,M+KD+S+SD,1.0,1,254,0.0
tier3,2018,7,13579,154,L+KD+S+SD,1.0,1,204,0.0
tier3,2018,7,13579,155,M+L+KD+S+SD,1.0,1,274,0.0
tier3,2018,7,13579,156,C+KD+S+SD,1.0,1,215,0.0
tier3,2018,7,13579,157,M+C+KD+S+SD,1.0,1,285,0.0
tier3,2018,7,13579,158,L+C+KD+S+SD,1.0,1,235,0.0
tier3,2018,7,13579,159,M+L+C+KD+S+SD,1.0,1,305,0.0
tier3,2018,7,13579,160,V+SD,0.0,0,90,0.0
tier3,2018,7,13579,161,M+V+SD,0.16785,0,160,0.0281736225
tier3,2018,7,13579,162,L+V+SD,0.0,0,110,0.0
tier3,2018,7,13579,163,M+L+V+SD,0.9268,1,180,0.005358240000000006
tier3,2018,7,13579,164,C+V+SD,0.0,0,121,0.0
tier3,2018,7,13579,165,M+C+V+SD,1.0,1,191,0.0
tier3,2018,7,13579,166,L+C+V+SD,0.0,0,141,0.0
tier3,2018,7,13579,167,M+L+C+V+SD,1.0,1,211,0.0
tier3,2018,7,13579,168,KD+V+SD,0.0,0,112,0.0
tier3,2018,7,13579,169,M+KD+V+SD,0.7493,1,182,0.06285049000000002
tier3,2018,7,13579,170,L+KD+V+SD,0.0,0,132,0.0
tier3,2018,7,13579,171,M+L+KD+V+SD,1.0,1,202,0.0
tier3,2018,7,13579,172,C+KD+V+SD,0.0,0,143,0.0
tier3,2018,7,13579,173,M+C+KD+V+SD,1.0,1,213,0.0
tier3,2018,7,13579,174,L+C+KD+V+SD,0.1046,0,163,0.01094116
tier3,2018,7,13579,175,M+L+C+KD+V+SD,1.0,1,233,0.0
tier3,2018,7,13579,176,S+V+SD,1.0,1,190,0.0
tier3,2018,7,13579,177,M+S+V+SD,1.0,1,260,0.0
tier3,2018,7,13579,178,L+S+V+SD,1.0,1,210,0.0
tier3,2018,7,13579,179,M+L+S+V+SD,1.0,1,280,0.0
tier3,2018,7,13579,180,C+S+V+SD,1.0,1,221,0.0
tier3,2018,7,13579,181,M+C+S+V+SD,1.0,1,291,0.0
tier3,2018,7,13579,182,L+C+S+V+SD,1.0,1,241,0.0
tier3,2018,7,13579,183,M+L+C+S+V+SD,1.0,1,311,0.0
tier3,2018,7,13579,184,KD+S+V+SD,1.0,1,212,0.0
tier3,2018,7,13579,185,M+KD+S+V+SD,1.0,1,282,0.0
tier3,2018,7,13579,186,L+KD+S+V+SD,1.0,1,232,0.0
tier3,2018,7,13579,187,M+L+KD+S+V+SD,1.0,1,302,0.0
tier3,2018,7,13579,188,C+KD+S+V+SD,1.0,1,243,0.0
tier3,2018,7,13579,189,M+C+KD+S+V+SD,1.0,1,313,0.0
tier3,2018,7,13579,190,L+C+KD+S+V+SD,1.0,1,263,0.0
tier3,2018,7,13579,191,M+L+C+KD+S+V+SD,1.0,1,333,0.0
tier3,2018,7,13579,192,MP+SD,0.0,0,78,0.0
tier3,2018,7,13579,193,M+MP+SD,0.0,0,148,0.0
tier3,2018,7,13579,194,L+MP+SD,0.0,0,98,0.0
tier3,2018,7,13579,195,M+L+MP+SD,0.1315,0,168,0.017292250000000002
tier3,2018,7,13579,196,C+MP+SD,0.0,0,109,0.0
tier3,2018,7,13579,197,M+C+MP+SD,0.99315,1,179,4.692250000000031e-05
tier3,2018,7,13579,198,L+C+MP+SD,0.0,0,129,0.0
tier3,2018,7,13579,199,M+L+C+MP+SD,1.0,1,199,0.0
tier3,2018,7,13579,200,KD+MP+SD,0.0,0,100,0.0
tier3,2018,7,13579,201,M+KD+MP+SD,0.15405,0,170,0.0237314025
tier3,2018,7,13579,202,L+KD+MP+SD,0.0,0,120,0.0
tier3,2018,7,13579,203,M+L+KD+MP+SD,1.0,1,190,0.0
tier3,2018,7,13579,204,C+KD+MP+SD,0.0,0,131,0.0
tier3,2018,7,13579,205,M+C+KD+MP+SD,1.0,1,201,0.0
tier3,2018,7,13579,206,L+C+KD+MP+SD,0.0,0,151,0.0
tier3,2018,7,13579,207,M+L+C+KD+MP+SD,1.0,1,221,0.0
tier3,2018,7,13579,208,S+MP+SD,0.66945,1,178,0.1092633025
tier3,2018,7,13579,209,M+S+MP+SD,1.0,1,248,0.0
tier3,2018,7,13579,210,L+S+MP+SD,1.0,1,198,0.0
tier3,2018,7,13579,211,M+L+S+MP+SD,1.0,1,268,0.0
tier3,2018,7,13579,212,C+S+MP+SD,1.0,1,209,0.0
tier3,2018,7,13579,213,M+C+S+MP+SD,1.0,1,279,0.0
tier3,2018,7,13579,214,L+C+S+MP+SD,1.0,1,229,0.0
tier3,2018,7,13579,215,M+L+C+S+MP+SD,1.0,1,299,0.0
tier3,2018,7,13579,216,KD+S+MP+SD,1.0,1,200,0.0
tier3,2018,7,13579,217,M+KD+S+MP+SD,1.0,1,270,0.0
tier3,2018,7,13579,218,L+KD+S+MP+SD,1.0,1,220,0.0
tier3,2018,7,13579,219,M+L+KD+S+MP+SD,1.0,1,290,0.0
tier3,2018,7,13579,220,C+KD+S+MP+SD,1.0,1,231,0.0
tier3,2018,7,13579,221,M+C+KD+S+MP+SD,1.0,1,301,0.0
tier3,2018,7,13579,222,L+C+KD+S+MP+SD,1.0,1,251,0.0
tier3,2018,7,13579,223,M+L+C+KD+S+MP+SD,1.0,1,321,0.0
tier3,2018,7,13579,224,V+MP+SD,0.0,0,106,0.0
tier3,2018,7,13579,225,M+V+MP+SD,0.7832,1,176,0.047002239999999994
tier3,2018,7,13579,226,L+V+MP+SD,0.0,0,126,0.0
tier3,2018,7,13579,227,M+L+V+MP+SD,1.0,1,196,0.0
tier3,2018,7,13579,228,C+V+MP+SD,0.0,0,137,0.0
tier3,2018,7,13579,229,M+C+V+MP+SD,1.0,1,207,0.0
tier3,2018,7,13579,230,L+C+V+MP+SD,0.0629,0,157,0.00395641
tier3,2018,7,13579,231,M+L+C+V+MP+SD,1.0,1,227,0.0
tier3,2018,7,13579,232,KD+V+MP+SD,0.0,0,128,0.0
tier3,2018,7,13579,233,M+KD+V+MP+SD,1.0,1,198,0.0
tier3,2018,7,13579,234,L+KD+V+MP+SD,0.0,0,148,0.0
tier3,2018,7,13579,235,M+L+KD+V+MP+SD,1.0,1,218,0.0
tier3,2018,7,13579,236,C+KD+V+MP+SD,0.0049,0,159,2.401e-05
tier3,2018,7,13579,237,M+C+KD+V+MP+SD,1.0,1,229,0.0
tier3,2018,7,13579,238,L+C+KD+V+MP+SD,0.99025,1,179,9.50625000000007e-05
tier3,2018,7,13579,239,M+L+C+KD+V+MP+SD,1.0,1,249,0.0
tier3,2018,7,13579,240,S+V+MP+SD,1.0,1,206,0.0
tier3,2018,7,13579,241,M+S+V+MP+SD,1.0,1,276,0.0
tier3,2018,7,13579,242,L+S+V+MP+SD,1.0,1,226,0.0
tier3,2018,7,13579,243,M+L+S+V+MP+SD,1.0,1,296,0.0
tier3,2018,7,13579,244,C+S+V+MP+SD,1.0,1,237,0.0
tier3,2018,7,13579,245,M+C+S+V+MP+SD,1.0,1,307,0.0
tier3,2018,7,13579,246,L+C+S+V+MP+SD,1.0,1,257,0.0
tier3,2018,7,13579,247,M+L+C+S+V+MP+SD,1.0,1,327,0.0
tier3,2018,7,13579,248,KD+S+V+MP+SD,1.0,1,228,0.0
tier3,2018,7,13579,249,M+KD+S+V+MP+SD,1.0,1,298,0.0
tier3,2018,7,13579,250,L+KD+S+V+MP+SD,1.0,1,248,0.0
tier3,2018,7,13579,251,M+L+KD+S+V+MP+SD,1.0,1,318,0.0
tier3,2018,7,13579,252,C+KD+S+V+MP+SD,1.0,1,259,0.0
tier3,2018,7,13579,253,M+C+KD+S+V+MP+SD,1.0,1,329,0.0
tier3,2018,7,13579,254,L+C+KD+S+V+MP+SD,1.0,1,279,0.0
tier3,2022,112,12345,1,M,0.0,0,68,0.0
tier3,2022,112,12345,2,L,0.0,0,16,0.0
tier3,2022,112,12345,3,M+L,0.0,0,84,0.0
tier3,2022,112,12345,4,C,0.0,0,24,0.0
tier3,2022,112,12345,5,M+C,0.0,0,92,0.0
tier3,2022,112,12345,6,L+C,0.0,0,40,0.0
tier3,2022,112,12345,7,M+L+C,0.0,0,108,0.0
tier3,2022,112,12345,8,KD,0.0,0,19,0.0
tier3,2022,112,12345,9,M+KD,0.0,0,87,0.0
tier3,2022,112,12345,10,L+KD,0.0,0,35,0.0
tier3,2022,112,12345,11,M+L+KD,0.0,0,103,0.0
tier3,2022,112,12345,12,C+KD,0.0,0,43,0.0
tier3,2022,112,12345,13,M+C+KD,0.0,0,111,0.0
tier3,2022,112,12345,14,L+C+KD,0.0,0,59,0.0
tier3,2022,112,12345,15,M+L+C+KD,0.0,0,127,0.0
tier3,2022,112,12345,16,S,0.0,0,107,0.0
tier3,2022,112,12345,17,M+S,0.93915,1,175,0.0037027224999999953
tier3,2022,112,12345,18,L+S,0.0,0,123,0.0
tier3,2022,112,12345,19,M+L+S,0.99065,1,191,8.742249999999943e-05
tier3,2022,112,12345,20,C+S,0.0007,0,131,4.9e-07
tier3,2022,112,12345,21,M+C+S,1.0,1,199,0.0
tier3,2022,112,12345,22,L+C+S,0.03025,0,147,0.0009150625
tier3,2022,112,12345,23,M+L+C+S,1.0,1,215,0.0
tier3,2022,112,12345,24,KD+S,0.00405,0,126,1.6402499999999998e-05
tier3,2022,112,12345,25,M+KD+S,0.99665,1,194,1.1222499999999759e-05
tier3,2022,112,12345,26,L+KD+S,0.01805,0,142,0.0003258025
tier3,2022,112,12345,27,M+L+KD+S,1.0,1,210,0.0
tier3,2022,112,12345,28,C+KD+S,0.18695,0,150,0.0349503025
tier3,2022,112,12345,29,M+C+KD+S,1.0,1,218,0.0
tier3,2022,112,12345,30,L+C+KD+S,0.3546,0,166,0.12574116000000002
tier3,2022,112,12345,31,M+L+C+KD+S,1.0,1,234,0.0
tier3,2022,112,12345,32,V,0.0,0,24,0.0
tier3,2022,112,12345,33,M+V,0.0,0,92,0.0
tier3,2022,112,12345,34,L+V,0.0,0,40,0.0
tier3,2022,112,12345,35,M+L+V,0.0,0,108,0.0
tier3,2022,112,12345,36,C+V,0.0,0,48,0.0
tier3,2022,112,12345,37,M+C+V,0.0,0,116,0.0
tier3,2022,112,12345,38,L+C+V,0.0,0,64,0.0
tier3,2022,112,12345,39,M+L+C+V,0.00075,0,132,5.625e-07
tier3,2022,112,12345,40,KD+V,0.0,0,43,0.0
tier3,2022,112,12345,41,M+KD+V,0.0,0,111,0.0
tier3,2022,112,12345,42,L+KD+V,0.0,0,59,0.0
tier3,2022,112,12345,43,M+L+KD+V,0.0004,0,127,1.6e-07
tier3,2022,112,12345,44,C+KD+V,0.0,0,67,0.0
tier3,2022,112,12345,45,M+C+KD+V,0.0229,0,135,0.00052441
tier3,2022,112,12345,46,L+C+KD+V,0.0,0,83,0.0
tier3,2022,112,12345,47,M+L+C+KD+V,0.0534,0,151,0.0028515600000000004
tier3,2022,112,12345,48,S+V,0.0046,0,131,2.116e-05
tier3,2022,112,12345,49,M+S+V,1.0,1,199,0.0
tier3,2022,112,12345,50,L+S+V,0.03965,0,147,0.0015721224999999998
tier3,2022,112,12345,51,M+L+S+V,1.0,1,215,0.0
tier3,2022,112,12345,52,C+S+V,0.48405,0,155,0.23430440249999998
tier3,2022,112,12345,53,M+C+S+V,1.0,1,223,0.0
tier3,2022,112,12345,54,L+C+S+V,0.68715,0,171,0.47217512250000004
tier3,2022,112,12345,55,M+L+C+S+V,1.0,1,239,0.0
tier3,2022,112,12345,56,KD+S+V,0.42405,0,150,0.17981840249999997
tier3,2022,112,12345,57,M+KD+S+V,1.0,1,218,0.0
tier3,2022,112,12345,58,L+KD+S+V,0.62485,0,166,0.3904375225
tier3,2022,112,12345,59,M+L+KD+S+V,1.0,1,234,0.0
tier3,2022,112,12345,60,C+KD+S+V,0.9693,0,174,0.9395424900000001
tier3,2022,112,12345,61,M+C+KD+S+V,1.0,1,242,0.0
tier3,2022,112,12345,62,L+C+KD+S+V,0.98985,1,190,0.00010302249999999985
tier3,2022,112,12345,63,M+L+C+KD+S+V,1.0,1,258,0.0
tier3,2022,112,12345,64,MP,0.0,0,18,0.0
tier3,2022,112,12345,65,M+MP,0.0,0,86,0.0
tier3,2022,112,12345,66,L+MP,0.0,0,34,0.0
tier3,2022,112,12345,67,M+L+MP,0.0,0,102,0.0
tier3,2022,112,12345,68,C+MP,0.0,0,42,0.0
tier3,2022,112,12345,69,M+C+MP,0.0,0,110,0.0
tier3,2022,112,12345,70,L+C+MP,0.0,0,58,0.0
tier3,2022,112,12345,71,M+L+C+MP,0.0,0,126,0.0
tier3,2022,112,12345,72,KD+MP,0.0,0,37,0.0
tier3,2022,112,12345,73,M+KD+MP,0.0,0,105,0.0
tier3,2022,112,12345,74,L+KD+MP,0.0,0,53,0.0
tier3,2022,112,12345,75,M+L+KD+MP,0.0,0,121,0.0
tier3,2022,112,12345,76,C+KD+MP,0.0,0,61,0.0
tier3,2022,112,12345,77,M+C+KD+MP,0.0,0,129,0.0
tier3,2022,112,12345,78,L+C+KD+MP,0.0,0,77,0.0
tier3,2022,112,12345,79,M+L+C+KD+MP,0.0,0,145,0.0
tier3,2022,112,12345,80,S+MP,0.0,0,125,0.0
tier3,2022,112,12345,81,M+S+MP,0.98085,1,193,0.0003667225
tier3,2022,112,12345,82,L+S+MP,0.0,0,141,0.0
tier3,2022,112,12345,83,M+L+S+MP,0.99765,1,209,5.522499999999827e-06
tier3,2022,112,12345,84,C+S+MP,0.0007,0,149,4.9e-07
tier3,2022,112,12345,85,M+C+S+MP,1.0,1,217,0.0
tier3,2022,112,12345,86,L+C+S+MP,0.0766,0,165,0.00586756
tier3,2022,112,12345,87,M+L+C+S+MP,1.0,1,233,0.0
tier3,2022,112,12345,88,KD+S+MP,0.0042,0,144,1.7639999999999997e-05
tier3,2022,112,12345,89,M+KD+S+MP,1.0,1,212,0.0
tier3,2022,112,12345,90,L+KD+S+MP,0.03735,0,160,0.0013950225
tier3,2022,112,12345,91,M+L+KD+S+MP,1.0,1,228,0.0
tier3,2022,112,12345,92,C+KD+S+MP,0.2493,0,168,0.062150489999999996
tier3,2022,112,12345,93,M+C+KD+S+MP,1.0,1,236,0.0
tier3,2022,112,12345,94,L+C+KD+S+MP,0.42205,1,184,0.3340262025
tier3,2022,112,12345,95,M+L+C+KD+S+MP,1.0,1,252,0.0
tier3,2022,112,12345,96,V+MP,0.0,0,42,0.0
tier3,2022,112,12345,97,M+V+MP,0.0,0,110,0.0
tier3,2022,112,12345,98,L+V+MP,0.0,0,58,0.0
tier3,2022,112,12345,99,M+L+V+MP,0.0,0,126,0.0
tier3,2022,112,12345,100,C+V+MP,0.0,0,66,0.0
tier3,2022,112,12345,101,M+C+V+MP,0.0003,0,134,8.999999999999999e-08
tier3,2022,112,12345,102,L+C+V+MP,0.0,0,82,0.0
tier3,2022,112,12345,103,M+L+C+V+MP,0.0036,0,150,1.296e-05
tier3,2022,112,12345,104,KD+V+MP,0.0,0,61,0.0
tier3,2022,112,12345,105,M+KD+V+MP,5e-05,0,129,2.5e-09
tier3,2022,112,12345,106,L+KD+V+MP,0.0,0,77,0.0
tier3,2022,112,12345,107,M+L+KD+V+MP,0.00045,0,145,2.025e-07
tier3,2022,112,12345,108,C+KD+V+MP,0.0,0,85,0.0
tier3,2022,112,12345,109,M+C+KD+V+MP,0.04425,0,153,0.0019580624999999997
tier3,2022,112,12345,110,L+C+KD+V+MP,0.0,0,101,0.0
tier3,2022,112,12345,111,M+L+C+KD+V+MP,0.10485,0,169,0.0109935225
tier3,2022,112,12345,112,S+V+MP,0.00475,0,149,2.25625e-05
tier3,2022,112,12345,113,M+S+V+MP,1.0,1,217,0.0
tier3,2022,112,12345,114,L+S+V+MP,0.10185,0,165,0.0103734225
tier3,2022,112,12345,115,M+L+S+V+MP,1.0,1,233,0.0
tier3,2022,112,12345,116,C+S+V+MP,0.60115,0,173,0.36138132249999994
tier3,2022,112,12345,117,M+C+S+V+MP,1.0,1,241,0.0
tier3,2022,112,12345,118,L+C+S+V+MP,0.73275,1,189,0.0714225625
tier3,2022,112,12345,119,M+L+C+S+V+MP,1.0,1,257,0.0
tier3,2022,112,12345,120,KD+S+V+MP,0.51225,0,168,0.2624000625
tier3,2022,112,12345,121,M+KD+S+V+MP,1.0,1,236,0.0
tier3,2022,112,12345,122,L+KD+S+V+MP,0.69075,1,184,0.09563556250000002
tier3,2022,112,12345,123,M+L+KD+S+V+MP,1.0,1,252,0.0
tier3,2022,112,12345,124,C+KD+S+V+MP,0.9825,1,192,0.0003062499999999986
tier3,2022,112,12345,125,M+C+KD+S+V+MP,1.0,1,260,0.0
tier3,2022,112,12345,126,L+C+KD+S+V+MP,0.99065,1,208,8.742249999999943e-05
tier3,2022,112,12345,127,M+L+C+KD+S+V+MP,1.0,1,276,0.0
tier3,2022,112,12345,128,SD,0.0,0,73,0.0
tier3,2022,112,12345,129,M+SD,0.00935,0,141,8.742250000000001e-05
tier3,2022,112,12345,130,L+SD,0.0,0,89,0.0
tier3,2022,112,12345,131,M+L+SD,0.0175,0,157,0.00030625000000000004
tier3,2022,112,12345,132,C+SD,0.0,0,97,0.0
tier3,2022,112,12345,133,M+C+SD,0.30925,0,165,0.09563556250000002
tier3,2022,112,12345,134,L+C+SD,0.0,0,113,0.0
tier3,2022,112,12345,135,M+L+C+SD,0.48775,1,181,0.2624000625
tier3,2022,112,12345,136,KD+SD,0.0,0,92,0.0
tier3,2022,112,12345,137,M+KD+SD,0.26725,0,160,0.0714225625
tier3,2022,112,12345,138,L+KD+SD,0.0,0,108,0.0
tier3,2022,112,12345,139,M+L+KD+SD,0.39885,1,176,0.3613813225000001
tier3,2022,112,12345,140,C+KD+SD,0.0,0,116,0.0
tier3,2022,112,12345,141,M+C+KD+SD,0.89815,1,184,0.0103734225
tier3,2022,112,12345,142,L+C+KD+SD,0.0,0,132,0.0
tier3,2022,112,12345,143,M+L+C+KD+SD,0.99525,1,200,2.2562500000000304e-05
tier3,2022,112,12345,144,S+SD,0.89515,1,180,0.0109935225
tier3,2022,112,12345,145,M+S+SD,1.0,1,248,0.0
tier3,2022,112,12345,146,L+S+SD,0.95575,1,196,0.001958062500000001
tier3,2022,112,12345,147,M+L+S+SD,1.0,1,264,0.0
tier3,2022,112,12345,148,C+S+SD,0.99955,1,204,2.024999999999554e-07
tier3,2022,112,12345,149,M+C+S+SD,1.0,1,272,0.0
tier3,2022,112,12345,150,L+C+S+SD,0.99995,1,220,2.499999999999449e-09
tier3,2022,112,12345,151,M+L+C+S+SD,1.0,1,288,0.0
tier3,2022,112,12345,152,KD+S+SD,0.9964,1,199,1.2960000000000343e-05
tier3,2022,112,12345,153,M+KD+S+SD,1.0,1,267,0.0
tier3,2022,112,12345,154,L+KD+S+SD,0.9997,1,215,8.999999999998017e-08
tier3,2022,112,12345,155,M+L+KD+S+SD,1.0,1,283,0.0
tier3,2022,112,12345,156,C+KD+S+SD,1.0,1,223,0.0
tier3,2022,112,12345,157,M+C+KD+S+SD,1.0,1,291,0.0
tier3,2022,112,12345,158,L+C+KD+S+SD,1.0,1,239,0.0
tier3,2022,112,12345,159,M+L+C+KD+S+SD,1.0,1,307,0.0
tier3,2022,112,12345,160,V+SD,0.0,0,97,0.0
tier3,2022,112,12345,161,M+V+SD,0.57795,0,165,0.3340262025
tier3,2022,112,12345,162,L+V+SD,0.0,0,113,0.0
tier3,2022,112,12345,163,M+L+V+SD,0.7507,1,181,0.06215048999999998
tier3,2022,112,12345,164,C+V+SD,0.0,0,121,0.0
tier3,2022,112,12345,165,M+C+V+SD,0.96265,1,189,0.0013950224999999996
tier3,2022,112,12345,166,L+C+V+SD,0.0,0,137,0.0
tier3,2022,112,12345,167,M+L+C+V+SD,0.9958,1,205,1.7639999999999845e-05
tier3,2022,112,12345,168,KD+V+SD,0.0,0,116,0.0
tier3,2022,112,12345,169,M+KD+V+SD,0.9234,1,184,0.00586756
tier3,2022,112,12345,170,L+KD+V+SD,0.0,0,132,0.0
tier3,2022,112,12345,171,M+L+KD+V+SD,0.9993,1,200,4.900000000000475e-07
tier3,2022,112,12345,172,C+KD+V+SD,0.00235,0,140,5.5225e-06
tier3,2022,112,12345,173,M+C+KD+V+SD,1.0,1,208,0.0
tier3,2022,112,12345,174,L+C+KD+V+SD,0.01915,0,156,0.0003667225
tier3,2022,112,12345,175,M+L+C+KD+V+SD,1.0,1,224,0.0
tier3,2022,112,12345,176,S+V+SD,1.0,1,204,0.0
tier3,2022,112,12345,177,M+S+V+SD,1.0,1,272,0.0
tier3,2022,112,12345,178,L+S+V+SD,1.0,1,220,0.0
tier3,2022,112,12345,179,M+L+S+V+SD,1.0,1,288,0.0
tier3,2022,112,12345,180,C+S+V+SD,1.0,1,228,0.0
tier3,2022,112,12345,181,M+C+S+V+SD,1.0,1,296,0.0
tier3,2022,112,12345,182,L+C+S+V+SD,1.0,1,244,0.0
tier3,2022,112,12345,183,M+L+C+S+V+SD,1.0,1,312,0.0
tier3,2022,112,12345,184,KD+S+V+SD,1.0,1,223,0.0
tier3,2022,112,12345,185,M+KD+S+V+SD,1.0,1,291,0.0
tier3,2022,112,12345,186,L+KD+S+V+SD,1.0,1,239,0.0
tier3,2022,112,12345,187,M+L+KD+S+V+SD,1.0,1,307,0.0
tier3,2022,112,12345,188,C+KD+S+V+SD,1.0,1,247,0.0
tier3,2022,112,12345,189,M+C+KD+S+V+SD,1.0,1,315,0.0
tier3,2022,112,12345,190,L+C+KD+S+V+SD,1.0,1,263,0.0
tier3,2022,112,12345,191,M+L+C+KD+S+V+SD,1.0,1,331,0.0
tier3,2022,112,12345,192,MP+SD,0.0,0,91,0.0
tier3,2022,112,12345,193,M+MP+SD,0.01015,0,159,0.00010302249999999998
tier3,2022,112,12345,194,L+MP+SD,0.0,0,107,0.0
tier3,2022,112,12345,195,M+L+MP+SD,0.0307,1,175,0.9395424900000001
tier3,2022,112,12345,196,C+MP+SD,0.0,0,115,0.0
tier3,2022,112,12345,197,M+C+MP+SD,0.37515,1,183,0.3904375225
tier3,2022,112,12345,198,L+C+MP+SD,0.0,0,131,0.0
tier3,2022,112,12345,199,M+L+C+MP+SD,0.57595,1,199,0.17981840250000003
tier3,2022,112,12345,200,KD+MP+SD,0.0,0,110,0.0
tier3,2022,112,12345,201,M+KD+MP+SD,0.31285,1,178,0.4721751224999999
tier3,2022,112,12345,202,L+KD+MP+SD,0.0,0,126,0.0
tier3,2022,112,12345,203,M+L+KD+MP+SD,0.51595,1,194,0.23430440249999998
tier3,2022,112,12345,204,C+KD+MP+SD,0.0,0,134,0.0
tier3,2022,112,12345,205,M+C+KD+MP+SD,0.96035,1,202,0.0015721224999999972
tier3,2022,112,12345,206,L+C+KD+MP+SD,0.0,0,150,0.0
tier3,2022,112,12345,207,M+L+C+KD+MP+SD,0.9954,1,218,2.1160000000000445e-05
tier3,2022,112,12345,208,S+MP+SD,0.9466,1,198,0.0028515600000000004
tier3,2022,112,12345,209,M+S+MP+SD,1.0,1,266,0.0
tier3,2022,112,12345,210,L+S+MP+SD,0.9771,1,214,0.0005244100000000014
tier3,2022,112,12345,211,M+L+S+MP+SD,1.0,1,282,0.0
tier3,2022,112,12345,212,C+S+MP+SD,0.9996,1,222,1.5999999999996475e-07
tier3,2022,112,12345,213,M+C+S+MP+SD,1.0,1,290,0.0
tier3,2022,112,12345,214,L+C+S+MP+SD,1.0,1,238,0.0
tier3,2022,112,12345,215,M+L+C+S+MP+SD,1.0,1,306,0.0
tier3,2022,112,12345,216,KD+S+MP+SD,0.99925,1,217,5.625000000000427e-07
tier3,2022,112,12345,217,M+KD+S+MP+SD,1.0,1,285,0.0
tier3,2022,112,12345,218,L+KD+S+MP+SD,1.0,1,233,0.0
tier3,2022,112,12345,219,M+L+KD+S+MP+SD,1.0,1,301,0.0
tier3,2022,112,12345,220,C+KD+S+MP+SD,1.0,1,241,0.0
tier3,2022,112,12345,221,M+C+KD+S+MP+SD,1.0,1,309,0.0
tier3,2022,112,12345,222,L+C+KD+S+MP+SD,1.0,1,257,0.0
tier3,2022,112,12345,223,M+L+C+KD+S+MP+SD,1.0,1,325,0.0
tier3,2022,112,12345,224,V+MP+SD,0.0,0,115,0.0
tier3,2022,112,12345,225,M+V+MP+SD,0.6454,1,183,0.12574116000000002
tier3,2022,112,12345,226,L+V+MP+SD,0.0,0,131,0.0
tier3,2022,112,12345,227,M+L+V+MP+SD,0.81305,1,199,0.03495030249999998
tier3,2022,112,12345,228,C+V+MP+SD,0.0,0,139,0.0
tier3,2022,112,12345,229,M+C+V+MP+SD,0.98195,1,207,0.00032580250000000037
tier3,2022,112,12345,230,L+C+V+MP+SD,0.00335,0,155,1.1222500000000001e-05
tier3,2022,112,12345,231,M+L+C+V+MP+SD,0.99595,1,223,1.6402499999999984e-05
tier3,2022,112,12345,232,KD+V+MP+SD,0.0,0,134,0.0
tier3,2022,112,12345,233,M+KD+V+MP+SD,0.96975,1,202,0.0009150625
tier3,2022,112,12345,234,L+KD+V+MP+SD,0.0,0,150,0.0
tier3,2022,112,12345,235,M+L+KD+V+MP+SD,0.9993,1,218,4.900000000000475e-07
tier3,2022,112,12345,236,C+KD+V+MP+SD,0.00935,0,158,8.742250000000001e-05
tier3,2022,112,12345,237,M+C+KD+V+MP+SD,1.0,1,226,0.0
tier3,2022,112,12345,238,L+C+KD+V+MP+SD,0.06085,0,174,0.0037027225
tier3,2022,112,12345,239,M+L+C+KD+V+MP+SD,1.0,1,242,0.0
tier3,2022,112,12345,240,S+V+MP+SD,1.0,1,222,0.0
tier3,2022,112,12345,241,M+S+V+MP+SD,1.0,1,290,0.0
tier3,2022,112,12345,242,L+S+V+MP+SD,1.0,1,238,0.0
tier3,2022,112,12345,243,M+L+S+V+MP+SD,1.0,1,306,0.0
tier3,2022,112,12345,244,C+S+V+MP+SD,1.0,1,246,0.0
tier3,2022,112,12345,245,M+C+S+V+MP+SD,1.0,1,314,0.0
tier3,2022,112,12345,246,L+C+S+V+MP+SD,1.0,1,262,0.0
tier3,2022,112,12345,247,M+L+C+S+V+MP+SD,1.0,1,330,0.0
tier3,2022,112,12345,248,KD+S+V+MP+SD,1.0,1,241,0.0
tier3,2022,112,12345,249,M+KD+S+V+MP+SD,1.0,1,309,0.0
tier3,2022,112,12345,250,L+KD+S+V+MP+SD,1.0,1,257,0.0
tier3,2022,112,12345,251,M+L+KD+S+V+MP+SD,1.0,1,325,0.0
tier3,2022,112,12345,252,C+KD+S+V+MP+SD,1.0,1,265,0.0
tier3,2022,112,12345,253,M+C+KD+S+V+MP+SD,1.0,1,333,0.0
tier3,2022,112,12345,254,L+C+KD+S+V+MP+SD,1.0,1,281,0.0
tier3,2022,112,24680,1,M,0.0,0,68,0.0
tier3,2022,112,24680,2,L,0.0,0,16,0.0
tier3,2022,112,24680,3,M+L,0.0,0,84,0.0
tier3,2022,112,24680,4,C,0.0,0,24,0.0
tier3,2022,112,24680,5,M+C,0.0,0,92,0.0
tier3,2022,112,24680,6,L+C,0.0,0,40,0.0
tier3,2022,112,24680,7,M+L+C,0.0,0,108,0.0
tier3,2022,112,24680,8,KD,0.0,0,19,0.0
tier3,2022,112,24680,9,M+KD,0.0,0,87,0.0
tier3,2022,112,24680,10,L+KD,0.0,0,35,0.0
tier3,2022,112,24680,11,M+L+KD,0.0,0,103,0.0
tier3,2022,112,24680,12,C+KD,0.0,0,43,0.0
tier3,2022,112,24680,13,M+C+KD,0.0,0,111,0.0
tier3,2022,112,24680,14,L+C+KD,0.0,0,59,0.0
tier3,2022,112,24680,15,M+L+C+KD,0.0,0,127,0.0
tier3,2022,112,24680,16,S,0.0,0,107,0.0
tier3,2022,112,24680,17,M+S,0.93605,1,175,0.004089602499999994
tier3,2022,112,24680,18,L+S,0.0,0,123,0.0
tier3,2022,112,24680,19,M+L+S,0.98935,1,191,0.00011342250000000102
tier3,2022,112,24680,20,C+S,0.0003,0,131,8.999999999999999e-08
tier3,2022,112,24680,21,M+C+S,1.0,1,199,0.0
tier3,2022,112,24680,22,L+C+S,0.02825,0,147,0.0007980625
tier3,2022,112,24680,23,M+L+C+S,1.0,1,215,0.0
tier3,2022,112,24680,24,KD+S,0.0031,0,126,9.61e-06
tier3,2022,112,24680,25,M+KD+S,0.9954,1,194,2.1160000000000445e-05
tier3,2022,112,24680,26,L+KD+S,0.01675,0,142,0.00028056250000000005
tier3,2022,112,24680,27,M+L+KD+S,1.0,1,210,0.0
tier3,2022,112,24680,28,C+KD+S,0.1906,0,150,0.03632836
tier3,2022,112,24680,29,M+C+KD+S,1.0,1,218,0.0
tier3,2022,112,24680,30,L+C+KD+S,0.3598,0,166,0.12945604
tier3,2022,112,24680,31,M+L+C+KD+S,1.0,1,234,0.0
tier3,2022,112,24680,32,V,0.0,0,24,0.0
tier3,2022,112,24680,33,M+V,0.0,0,92,0.0
tier3,2022,112,24680,34,L+V,0.0,0,40,0.0
tier3,2022,112,24680,35,M+L+V,0.0,0,108,0.0
tier3,2022,112,24680,36,C+V,0.0,0,48,0.0
tier3,2022,112,24680,37,M+C+V,0.0,0,116,0.0
tier3,2022,112,24680,38,L+C+V,0.0,0,64,0.0
tier3,2022,112,24680,39,M+L+C+V,0.0009,0,132,8.1e-07
tier3,2022,112,24680,40,KD+V,0.0,0,43,0.0
tier3,2022,112,24680,41,M+KD+V,0.0,0,111,0.0
tier3,2022,112,24680,42,L+KD+V,0.0,0,59,0.0
tier3,2022,112,24680,43,M+L+KD+V,0.0004,0,127,1.6e-07
tier3,2022,112,24680,44,C+KD+V,0.0,0,67,0.0
tier3,2022,112,24680,45,M+C+KD+V,0.02185,0,135,0.0004774225000000001
tier3,2022,112,24680,46,L+C+KD+V,0.0,0,83,0.0
tier3,2022,112,24680,47,M+L+C+KD+V,0.0538,0,151,0.00289444
tier3,2022,112,24680,48,S+V,0.0039,0,131,1.5209999999999998e-05
tier3,2022,112,24680,49,M+S+V,1.0,1,199,0.0
tier3,2022,112,24680,50,L+S+V,0.03625,0,147,0.0013140625
tier3,2022,112,24680,51,M+L+S+V,1.0,1,215,0.0
tier3,2022,112,24680,52,C+S+V,0.4846,0,155,0.23483716
tier3,2022,112,24680,53,M+C+S+V,1.0,1,223,0.0
tier3,2022,112,24680,54,L+C+S+V,0.6897,0,171,0.47568608999999995
tier3,2022,112,24680,55,M+L+C+S+V,1.0,1,239,0.0
tier3,2022,112,24680,56,KD+S+V,0.42555,0,150,0.18109280249999998
tier3,2022,112,24680,57,M+KD+S+V,1.0,1,218,0.0
tier3,2022,112,24680,58,L+KD+S+V,0.6313,0,166,0.39853968999999995
tier3,2022,112,24680,59,M+L+KD+S+V,1.0,1,234,0.0
tier3,2022,112,24680,60,C+KD+S+V,0.9667,0,174,0.93450889
tier3,2022,112,24680,61,M+C+KD+S+V,1.0,1,242,0.0
tier3,2022,112,24680,62,L+C+KD+S+V,0.98855,1,190,0.00013110249999999908
tier3,2022,112,24680,63,M+L+C+KD+S+V,1.0,1,258,0.0
tier3,2022,112,24680,64,MP,0.0,0,18,0.0
tier3,2022,112,24680,65,M+MP,0.0,0,86,0.0
tier3,2022,112,24680,66,L+MP,0.0,0,34,0.0
tier3,2022,112,24680,67,M+L+MP,0.0,0,102,0.0
tier3,2022,112,24680,68,C+MP,0.0,0,42,0.0
tier3,2022,112,24680,69,M+C+MP,0.0,0,110,0.0
tier3,2022,112,24680,70,L+C+MP,0.0,0,58,0.0
tier3,2022,112,24680,71,M+L+C+MP,0.0,0,126,0.0
tier3,2022,112,24680,72,KD+MP,0.0,0,37,0.0
tier3,2022,112,24680,73,M+KD+MP,0.0,0,105,0.0
tier3,2022,112,24680,74,L+KD+MP,0.0,0,53,0.0
tier3,2022,112,24680,75,M+L+KD+MP,0.0,0,121,0.0
tier3,2022,112,24680,76,C+KD+MP,0.0,0,61,0.0
tier3,2022,112,24680,77,M+C+KD+MP,0.0,0,129,0.0
tier3,2022,112,24680,78,L+C+KD+MP,0.0,0,77,0.0
tier3,2022,112,24680,79,M+L+C+KD+MP,0.0,0,145,0.0
tier3,2022,112,24680,80,S+MP,0.0,0,125,0.0
tier3,2022,112,24680,81,M+S+MP,0.9795,1,193,0.0004202499999999985
tier3,2022,112,24680,82,L+S+MP,0.0,0,141,0.0
tier3,2022,112,24680,83,M+L+S+MP,0.998,1,209,4.0000000000000074e-06
tier3,2022,112,24680,84,C+S+MP,0.0004,0,149,1.6e-07
tier3,2022,112,24680,85,M+C+S+MP,1.0,1,217,0.0
tier3,2022,112,24680,86,L+C+S+MP,0.0728,0,165,0.00529984
tier3,2022,112,24680,87,M+L+C+S+MP,1.0,1,233,0.0
tier3,2022,112,24680,88,KD+S+MP,0.00335,0,144,1.1222500000000001e-05
tier3,2022,112,24680,89,M+KD+S+MP,1.0,1,212,0.0
tier3,2022,112,24680,90,L+KD+S+MP,0.03355,0,160,0.0011256025000000002
tier3,2022,112,24680,91,M+L+KD+S+MP,1.0,1,228,0.0
tier3,2022,112,24680,92,C+KD+S+MP,0.2522,0,168,0.06360484
tier3,2022,112,24680,93,M+C+KD+S+MP,1.0,1,236,0.0
tier3,2022,112,24680,94,L+C+KD+S+MP,0.42685,1,184,0.32850092250000007
tier3,2022,112,24680,95,M+L+C+KD+S+MP,1.0,1,252,0.0
tier3,2022,112,24680,96,V+MP,0.0,0,42,0.0
tier3,2022,112,24680,97,M+V+MP,0.0,0,110,0.0
tier3,2022,112,24680,98,L+V+MP,0.0,0,58,0.0
tier3,2022,112,24680,99,M+L+V+MP,0.0,0,126,0.0
tier3,2022,112,24680,100,C+V+MP,0.0,0,66,0.0
tier3,2022,112,24680,101,M+C+V+MP,0.00025,0,134,6.25e-08
tier3,2022,112,24680,102,L+C+V+MP,0.0,0,82,0.0
tier3,2022,112,24680,103,M+L+C+V+MP,0.0036,0,150,1.296e-05
tier3,2022,112,24680,104,KD+V+MP,0.0,0,61,0.0
tier3,2022,112,24680,105,M+KD+V+MP,0.0001,0,129,1e-08
tier3,2022,112,24680,106,L+KD+V+MP,0.0,0,77,0.0
tier3,2022,112,24680,107,M+L+KD+V+MP,0.00055,0,145,3.025e-07
tier3,2022,112,24680,108,C+KD+V+MP,0.0,0,85,0.0
tier3,2022,112,24680,109,M+C+KD+V+MP,0.04375,0,153,0.0019140624999999997
tier3,2022,112,24680,110,L+C+KD+V+MP,0.0,0,101,0.0
tier3,2022,112,24680,111,M+L+C+KD+V+MP,0.1064,0,169,0.01132096
tier3,2022,112,24680,112,S+V+MP,0.00405,0,149,1.6402499999999998e-05
tier3,2022,112,24680,113,M+S+V+MP,1.0,1,217,0.0
tier3,2022,112,24680,114,L+S+V+MP,0.09965,0,165,0.009930122500000001
tier3,2022,112,24680,115,M+L+S+V+MP,1.0,1,233,0.0
tier3,2022,112,24680,116,C+S+V+MP,0.6052,0,173,0.36626703999999993
tier3,2022,112,24680,117,M+C+S+V+MP,1.0,1,241,0.0
tier3,2022,112,24680,118,L+C+S+V+MP,0.7377,1,189,0.06880128999999999
tier3,2022,112,24680,119,M+L+C+S+V+MP,1.0,1,257,0.0
tier3,2022,112,24680,120,KD+S+V+MP,0.516,0,168,0.266256
tier3,2022,112,24680,121,M+KD+S+V+MP,1.0,1,236,0.0
tier3,2022,112,24680,122,L+KD+S+V+MP,0.6969,1,184,0.09186961000000002
tier3,2022,112,24680,123,M+L+KD+S+V+MP,1.0,1,252,0.0
tier3,2022,112,24680,124,C+KD+S+V+MP,0.9813,1,192,0.0003496900000000019
tier3,2022,112,24680,125,M+C+KD+S+V+MP,1.0,1,260,0.0
tier3,2022,112,24680,126,L+C+KD+S+V+MP,0.98955,1,208,0.00010920249999999916
tier3,2022,112,24680,127,M+L+C+KD+S+V+MP,1.0,1,276,0.0
tier3,2022,112,24680,128,SD,0.0,0,73,0.0
tier3,2022,112,24680,129,M+SD,0.01045,0,141,0.00010920249999999998
tier3,2022,112,24680,130,L+SD,0.0,0,89,0.0
tier3,2022,112,24680,131,M+L+SD,0.0187,0,157,0.00034969000000000005
tier3,2022,112,24680,132,C+SD,0.0,0,97,0.0
tier3,2022,112,24680,133,M+C+SD,0.3031,0,165,0.09186960999999999
tier3,2022,112,24680,134,L+C+SD,0.0,0,113,0.0
tier3,2022,112,24680,135,M+L+C+SD,0.484,1,181,0.266256
tier3,2022,112,24680,136,KD+SD,0.0,0,92,0.0
tier3,2022,112,24680,137,M+KD+SD,0.2623,0,160,0.06880128999999999
tier3,2022,112,24680,138,L+KD+SD,0.0,0,108,0.0
tier3,2022,112,24680,139,M+L+KD+SD,0.3948,1,176,0.36626703999999993
tier3,2022,112,24680,140,C+KD+SD,0.0,0,116,0.0
tier3,2022,112,24680,141,M+C+KD+SD,0.90035,1,184,0.009930122500000003
tier3,2022,112,24680,142,L+C+KD+SD,0.0,0,132,0.0
tier3,2022,112,24680,143,M+L+C+KD+SD,0.99595,1,200,1.6402499999999984e-05
tier3,2022,112,24680,144,S+SD,0.8936,1,180,0.01132096000000001
tier3,2022,112,24680,145,M+S+SD,1.0,1,248,0.0
tier3,2022,112,24680,146,L+S+SD,0.95625,1,196,0.001914062499999996
tier3,2022,112,24680,147,M+L+S+SD,1.0,1,264,0.0
tier3,2022,112,24680,148,C+S+SD,0.99945,1,204,3.025000000000555e-07
tier3,2022,112,24680,149,M+C+S+SD,1.0,1,272,0.0
tier3,2022,112,24680,150,L+C+S+SD,0.9999,1,220,9.999999999997797e-09
tier3,2022,112,24680,151,M+L+C+S+SD,1.0,1,288,0.0
tier3,2022,112,24680,152,KD+S+SD,0.9964,1,199,1.2960000000000343e-05
tier3,2022,112,24680,153,M+KD+S+SD,1.0,1,267,0.0
tier3,2022,112,24680,154,L+KD+S+SD,0.99975,1,215,6.249999999998623e-08
tier3,2022,112,24680,155,M+L+KD+S+SD,1.0,1,283,0.0
tier3,2022,112,24680,156,C+KD+S+SD,1.0,1,223,0.0
tier3,2022,112,24680,157,M+C+KD+S+SD,1.0,1,291,0.0
tier3,2022,112,24680,158,L+C+KD+S+SD,1.0,1,239,0.0
tier3,2022,112,24680,159,M+L+C+KD+S+SD,1.0,1,307,0.0
tier3,2022,112,24680,160,V+SD,0.0,0,97,0.0
tier3,2022,112,24680,161,M+V+SD,0.57315,0,165,0.32850092250000007
tier3,2022,112,24680,162,L+V+SD,0.0,0,113,0.0
tier3,2022,112,24680,163,M+L+V+SD,0.7478,1,181,0.06360484
tier3,2022,112,24680,164,C+V+SD,0.0,0,121,0.0
tier3,2022,112,24680,165,M+C+V+SD,0.96645,1,189,0.0011256024999999979
tier3,2022,112,24680,166,L+C+V+SD,0.0,0,137,0.0
tier3,2022,112,24680,167,M+L+C+V+SD,0.99665,1,205,1.1222499999999759e-05
tier3,2022,112,24680,168,KD+V+SD,0.0,0,116,0.0
tier3,2022,112,24680,169,M+KD+V+SD,0.9272,1,184,0.005299839999999997
tier3,2022,112,24680,170,L+KD+V+SD,0.0,0,132,0.0
tier3,2022,112,24680,171,M+L+KD+V+SD,0.9996,1,200,1.5999999999996475e-07
tier3,2022,112,24680,172,C+KD+V+SD,0.002,0,140,4e-06
tier3,2022,112,24680,173,M+C+KD+V+SD,1.0,1,208,0.0
tier3,2022,112,24680,174,L+C+KD+V+SD,0.0205,0,156,0.00042025000000000005
tier3,2022,112,24680,175,M+L+C+KD+V+SD,1.0,1,224,0.0
tier3,2022,112,24680,176,S+V+SD,1.0,1,204,0.0
tier3,2022,112,24680,177,M+S+V+SD,1.0,1,272,0.0
tier3,2022,112,24680,178,L+S+V+SD,1.0,1,220,0.0
tier3,2022,112,24680,179,M+L+S+V+SD,1.0,1,288,0.0
tier3,2022,112,24680,180,C+S+V+SD,1.0,1,228,0.0
tier3,2022,112,24680,181,M+C+S+V+SD,1.0,1,296,0.0
tier3,2022,112,24680,182,L+C+S+V+SD,1.0,1,244,0.0
tier3,2022,112,24680,183,M+L+C+S+V+SD,1.0,1,312,0.0
tier3,2022,112,24680,184,KD+S+V+SD,1.0,1,223,0.0
tier3,2022,112,24680,185,M+KD+S+V+SD,1.0,1,291,0.0
tier3,2022,112,24680,186,L+KD+S+V+SD,1.0,1,239,0.0
tier3,2022,112,24680,187,M+L+KD+S+V+SD,1.0,1,307,0.0
tier3,2022,112,24680,188,C+KD+S+V+SD,1.0,1,247,0.0
tier3,2022,112,24680,189,M+C+KD+S+V+SD,1.0,1,315,0.0
tier3,2022,112,24680,190,L+C+KD+S+V+SD,1.0,1,263,0.0
tier3,2022,112,24680,191,M+L+C+KD+S+V+SD,1.0,1,331,0.0
tier3,2022,112,24680,192,MP+SD,0.0,0,91,0.0
tier3,2022,112,24680,193,M+MP+SD,0.01145,0,159,0.0001311025
tier3,2022,112,24680,194,L+MP+SD,0.0,0,107,0.0
tier3,2022,112,24680,195,M+L+MP+SD,0.0333,1,175,0.93450889
tier3,2022,112,24680,196,C+MP+SD,0.0,0,115,0.0
tier3,2022,112,24680,197,M+C+MP+SD,0.3687,1,183,0.39853968999999995
tier3,2022,112,24680,198,L+C+MP+SD,0.0,0,131,0.0
tier3,2022,112,24680,199,M+L+C+MP+SD,0.57445,1,199,0.18109280249999998
tier3,2022,112,24680,200,KD+MP+SD,0.0,0,110,0.0
tier3,2022,112,24680,201,M+KD+MP+SD,0.3103,1,178,0.47568608999999995
tier3,2022,112,24680,202,L+KD+MP+SD,0.0,0,126,0.0
tier3,2022,112,24680,203,M+L+KD+MP+SD,0.5154,1,194,0.23483716000000002
tier3,2022,112,24680,204,C+KD+MP+SD,0.0,0,134,0.0
tier3,2022,112,24680,205,M+C+KD+MP+SD,0.96375,1,202,0.0013140625000000003
tier3,2022,112,24680,206,L+C+KD+MP+SD,0.0,0,150,0.0
tier3,2022,112,24680,207,M+L+C+KD+MP+SD,0.9961,1,218,1.5210000000000114e-05
tier3,2022,112,24680,208,S+MP+SD,0.9462,1,198,0.0028944399999999955
tier3,2022,112,24680,209,M+S+MP+SD,1.0,1,266,0.0
tier3,2022,112,24680,210,L+S+MP+SD,0.97815,1,214,0.00047742250000000155
tier3,2022,112,24680,211,M+L+S+MP+SD,1.0,1,282,0.0
tier3,2022,112,24680,212,C+S+MP+SD,0.9996,1,222,1.5999999999996475e-07
tier3,2022,112,24680,213,M+C+S+MP+SD,1.0,1,290,0.0
tier3,2022,112,24680,214,L+C+S+MP+SD,1.0,1,238,0.0
tier3,2022,112,24680,215,M+L+C+S+MP+SD,1.0,1,306,0.0
tier3,2022,112,24680,216,KD+S+MP+SD,0.9991,1,217,8.100000000000215e-07
tier3,2022,112,24680,217,M+KD+S+MP+SD,1.0,1,285,0.0
tier3,2022,112,24680,218,L+KD+S+MP+SD,1.0,1,233,0.0
tier3,2022,112,24680,219,M+L+KD+S+MP+SD,1.0,1,301,0.0
tier3,2022,112,24680,220,C+KD+S+MP+SD,1.0,1,241,0.0
tier3,2022,112,24680,221,M+C+KD+S+MP+SD,1.0,1,309,0.0
tier3,2022,112,24680,222,L+C+KD+S+MP+SD,1.0,1,257,0.0
tier3,2022,112,24680,223,M+L+C+KD+S+MP+SD,1.0,1,325,0.0
tier3,2022,112,24680,224,V+MP+SD,0.0,0,115,0.0
tier3,2022,112,24680,225,M+V+MP+SD,0.6402,1,183,0.12945604
tier3,2022,112,24680,226,L+V+MP+SD,0.0,0,131,0.0
tier3,2022,112,24680,227,M+L+V+MP+SD,0.8094,1,199,0.03632836
tier3,2022,112,24680,228,C+V+MP+SD,0.0,0,139,0.0
tier3,2022,112,24680,229,M+C+V+MP+SD,0.98325,1,207,0.0002805625000000014
tier3,2022,112,24680,230,L+C+V+MP+SD,0.0046,0,155,2.116e-05
tier3,2022,112,24680,231,M+L+C+V+MP+SD,0.9969,1,223,9.609999999999949e-06
tier3,2022,112,24680,232,KD+V+MP+SD,0.0,0,134,0.0
tier3,2022,112,24680,233,M+KD+V+MP+SD,0.97175,1,202,0.0007980624999999998
tier3,2022,112,24680,234,L+KD+V+MP+SD,0.0,0,150,0.0
tier3,2022,112,24680,235,M+L+KD+V+MP+SD,0.9997,1,218,8.999999999998017e-08
tier3,2022,112,24680,236,C+KD+V+MP+SD,0.01065,0,158,0.0001134225
tier3,2022,112,24680,237,M+C+KD+V+MP+SD,1.0,1,226,0.0
tier3,2022,112,24680,238,L+C+KD+V+MP+SD,0.06395,0,174,0.004089602500000001
tier3,2022,112,24680,239,M+L+C+KD+V+MP+SD,1.0,1,242,0.0
tier3,2022,112,24680,240,S+V+MP+SD,1.0,1,222,0.0
tier3,2022,112,24680,241,M+S+V+MP+SD,1.0,1,290,0.0
tier3,2022,112,24680,242,L+S+V+MP+SD,1.0,1,238,0.0
tier3,2022,112,24680,243,M+L+S+V+MP+SD,1.0,1,306,0.0
tier3,2022,112,24680,244,C+S+V+MP+SD,1.0,1,246,0.0
tier3,2022,112,24680,245,M+C+S+V+MP+SD,1.0,1,314,0.0
tier3,2022,112,24680,246,L+C+S+V+MP+SD,1.0,1,262,0.0
tier3,2022,112,24680,247,M+L+C+S+V+MP+SD,1.0,1,330,0.0
tier3,2022,112,24680,248,KD+S+V+MP+SD,1.0,1,241,0.0
tier3,2022,112,24680,249,M+KD+S+V+MP+SD,1.0,1,309,0.0
tier3,2022,112,24680,250,L+KD+S+V+MP+SD,1.0,1,257,0.0
tier3,2022,112,24680,251,M+L+KD+S+V+MP+SD,1.0,1,325,0.0
tier3,2022,112,24680,252,C+KD+S+V+MP+SD,1.0,1,265,0.0
tier3,2022,112,24680,253,M+C+KD+S+V+MP+SD,1.0,1,333,0.0
tier3,2022,112,24680,254,L+C+KD+S+V+MP+SD,1.0,1,281,0.0
tier3,2022,112,98765,1,M,0.0,0,68,0.0
tier3,2022,112,98765,2,L,0.0,0,16,0.0
tier3,2022,112,98765,3,M+L,0.0,0,84,0.0
tier3,2022,112,98765,4,C,0.0,0,24,0.0
tier3,2022,112,98765,5,M+C,0.0,0,92,0.0
tier3,2022,112,98765,6,L+C,0.0,0,40,0.0
tier3,2022,112,98765,7,M+L+C,0.0,0,108,0.0
tier3,2022,112,98765,8,KD,0.0,0,19,0.0
tier3,2022,112,98765,9,M+KD,0.0,0,87,0.0
tier3,2022,112,98765,10,L+KD,0.0,0,35,0.0
tier3,2022,112,98765,11,M+L+KD,0.0,0,103,0.0
tier3,2022,112,98765,12,C+KD,0.0,0,43,0.0
tier3,2022,112,98765,13,M+C+KD,0.0,0,111,0.0
tier3,2022,112,98765,14,L+C+KD,0.0,0,59,0.0
tier3,2022,112,98765,15,M+L+C+KD,0.0,0,127,0.0
tier3,2022,112,98765,16,S,0.0,0,107,0.0
tier3,2022,112,98765,17,M+S,0.93685,1,175,0.003987922500000005
tier3,2022,112,98765,18,L+S,0.0,0,123,0.0
tier3,2022,112,98765,19,M+L+S,0.98865,1,191,0.00012882249999999934
tier3,2022,112,98765,20,C+S,0.0003,0,131,8.999999999999999e-08
tier3,2022,112,98765,21,M+C+S,0.9999,1,199,9.999999999997797e-09
tier3,2022,112,98765,22,L+C+S,0.03135,0,147,0.0009828225000000001
tier3,2022,112,98765,23,M+L+C+S,1.0,1,215,0.0
tier3,2022,112,98765,24,KD+S,0.0033,0,126,1.0889999999999999e-05
tier3,2022,112,98765,25,M+KD+S,0.9956,1,194,1.9359999999999645e-05
tier3,2022,112,98765,26,L+KD+S,0.01765,0,142,0.00031152249999999996
tier3,2022,112,98765,27,M+L+KD+S,1.0,1,210,0.0
tier3,2022,112,98765,28,C+KD+S,0.186,0,150,0.034596
tier3,2022,112,98765,29,M+C+KD+S,1.0,1,218,0.0
tier3,2022,112,98765,30,L+C+KD+S,0.34815,0,166,0.12120842250000001
tier3,2022,112,98765,31,M+L+C+KD+S,1.0,1,234,0.0
tier3,2022,112,98765,32,V,0.0,0,24,0.0
tier3,2022,112,98765,33,M+V,0.0,0,92,0.0
tier3,2022,112,98765,34,L+V,0.0,0,40,0.0
tier3,2022,112,98765,35,M+L+V,0.0,0,108,0.0
tier3,2022,112,98765,36,C+V,0.0,0,48,0.0
tier3,2022,112,98765,37,M+C+V,0.0,0,116,0.0
tier3,2022,112,98765,38,L+C+V,0.0,0,64,0.0
tier3,2022,112,98765,39,M+L+C+V,0.0004,0,132,1.6e-07
tier3,2022,112,98765,40,KD+V,0.0,0,43,0.0
tier3,2022,112,98765,41,M+KD+V,0.0,0,111,0.0
tier3,2022,112,98765,42,L+KD+V,0.0,0,59,0.0
tier3,2022,112,98765,43,M+L+KD+V,0.0002,0,127,4e-08
tier3,2022,112,98765,44,C+KD+V,0.0,0,67,0.0
tier3,2022,112,98765,45,M+C+KD+V,0.0218,0,135,0.00047524
tier3,2022,112,98765,46,L+C+KD+V,0.0,0,83,0.0
tier3,2022,112,98765,47,M+L+C+KD+V,0.053,0,151,0.002809
tier3,2022,112,98765,48,S+V,0.00415,0,131,1.72225e-05
tier3,2022,112,98765,49,M+S+V,1.0,1,199,0.0
tier3,2022,112,98765,50,L+S+V,0.03705,0,147,0.0013727025
tier3,2022,112,98765,51,M+L+S+V,1.0,1,215,0.0
tier3,2022,112,98765,52,C+S+V,0.4784,0,155,0.22886656
tier3,2022,112,98765,53,M+C+S+V,1.0,1,223,0.0
tier3,2022,112,98765,54,L+C+S+V,0.6803,0,171,0.46280809
tier3,2022,112,98765,55,M+L+C+S+V,1.0,1,239,0.0
tier3,2022,112,98765,56,KD+S+V,0.4204,0,150,0.17673616
tier3,2022,112,98765,57,M+KD+S+V,1.0,1,218,0.0
tier3,2022,112,98765,58,L+KD+S+V,0.62185,0,166,0.3866974225
tier3,2022,112,98765,59,M+L+KD+S+V,1.0,1,234,0.0
tier3,2022,112,98765,60,C+KD+S+V,0.9677,0,174,0.93644329
tier3,2022,112,98765,61,M+C+KD+S+V,1.0,1,242,0.0
tier3,2022,112,98765,62,L+C+KD+S+V,0.98895,1,190,0.0001221025000000001
tier3,2022,112,98765,63,M+L+C+KD+S+V,1.0,1,258,0.0
tier3,2022,112,98765,64,MP,0.0,0,18,0.0
tier3,2022,112,98765,65,M+MP,0.0,0,86,0.0
tier3,2022,112,98765,66,L+MP,0.0,0,34,0.0
tier3,2022,112,98765,67,M+L+MP,0.0,0,102,0.0
tier3,2022,112,98765,68,C+MP,0.0,0,42,0.0
tier3,2022,112,98765,69,M+C+MP,0.0,0,110,0.0
tier3,2022,112,98765,70,L+C+MP,0.0,0,58,0.0
tier3,2022,112,98765,71,M+L+C+MP,0.0,0,126,0.0
tier3,2022,112,98765,72,KD+MP,0.0,0,37,0.0
tier3,2022,112,98765,73,M+KD+MP,0.0,0,105,0.0
tier3,2022,112,98765,74,L+KD+MP,0.0,0,53,0.0
tier3,2022,112,98765,75,M+L+KD+MP,0.0,0,121,0.0
tier3,2022,112,98765,76,C+KD+MP,0.0,0,61,0.0
tier3,2022,112,98765,77,M+C+KD+MP,0.0,0,129,0.0
tier3,2022,112,98765,78,L+C+KD+MP,0.0,0,77,0.0
tier3,2022,112,98765,79,M+L+C+KD+MP,0.0,0,145,0.0
tier3,2022,112,98765,80,S+MP,0.0,0,125,0.0
tier3,2022,112,98765,81,M+S+MP,0.98005,1,193,0.00039800250000000093
tier3,2022,112,98765,82,L+S+MP,0.0,0,141,0.0
tier3,2022,112,98765,83,M+L+S+MP,0.9976,1,209,5.7599999999997975e-06
tier3,2022,112,98765,84,C+S+MP,0.0003,0,149,8.999999999999999e-08
tier3,2022,112,98765,85,M+C+S+MP,1.0,1,217,0.0
tier3,2022,112,98765,86,L+C+S+MP,0.07495,0,165,0.0056175025000000005
tier3,2022,112,98765,87,M+L+C+S+MP,1.0,1,233,0.0
tier3,2022,112,98765,88,KD+S+MP,0.00365,0,144,1.33225e-05
tier3,2022,112,98765,89,M+KD+S+MP,1.0,1,212,0.0
tier3,2022,112,98765,90,L+KD+S+MP,0.0363,0,160,0.0013176899999999998
tier3,2022,112,98765,91,M+L+KD+S+MP,1.0,1,228,0.0
tier3,2022,112,98765,92,C+KD+S+MP,0.2455,0,168,0.06027025
tier3,2022,112,98765,93,M+C+KD+S+MP,1.0,1,236,0.0
tier3,2022,112,98765,94,L+C+KD+S+MP,0.41405,1,184,0.34333740249999994
tier3,2022,112,98765,95,M+L+C+KD+S+MP,1.0,1,252,0.0
tier3,2022,112,98765,96,V+MP,0.0,0,42,0.0
tier3,2022,112,98765,97,M+V+MP,0.0,0,110,0.0
tier3,2022,112,98765,98,L+V+MP,0.0,0,58,0.0
tier3,2022,112,98765,99,M+L+V+MP,0.0,0,126,0.0
tier3,2022,112,98765,100,C+V+MP,0.0,0,66,0.0
tier3,2022,112,98765,101,M+C+V+MP,0.0004,0,134,1.6e-07
tier3,2022,112,98765,102,L+C+V+MP,0.0,0,82,0.0
tier3,2022,112,98765,103,M+L+C+V+MP,0.00385,0,150,1.48225e-05
tier3,2022,112,98765,104,KD+V+MP,0.0,0,61,0.0
tier3,2022,112,98765,105,M+KD+V+MP,0.0,0,129,0.0
tier3,2022,112,98765,106,L+KD+V+MP,0.0,0,77,0.0
tier3,2022,112,98765,107,M+L+KD+V+MP,0.0002,0,145,4e-08
tier3,2022,112,98765,108,C+KD+V+MP,0.0,0,85,0.0
tier3,2022,112,98765,109,M+C+KD+V+MP,0.04495,0,153,0.0020205024999999997
tier3,2022,112,98765,110,L+C+KD+V+MP,0.0,0,101,0.0
tier3,2022,112,98765,111,M+L+C+KD+V+MP,0.1072,0,169,0.011491840000000001
tier3,2022,112,98765,112,S+V+MP,0.0044,0,149,1.936e-05
tier3,2022,112,98765,113,M+S+V+MP,1.0,1,217,0.0
tier3,2022,112,98765,114,L+S+V+MP,0.09915,0,165,0.0098307225
tier3,2022,112,98765,115,M+L+S+V+MP,1.0,1,233,0.0
tier3,2022,112,98765,116,C+S+V+MP,0.5972,0,173,0.35664783999999994
tier3,2022,112,98765,117,M+C+S+V+MP,1.0,1,241,0.0
tier3,2022,112,98765,118,L+C+S+V+MP,0.72945,1,189,0.07319730249999998
tier3,2022,112,98765,119,M+L+C+S+V+MP,1.0,1,257,0.0
tier3,2022,112,98765,120,KD+S+V+MP,0.5074,0,168,0.25745475999999995
tier3,2022,112,98765,121,M+KD+S+V+MP,1.0,1,236,0.0
tier3,2022,112,98765,122,L+KD+S+V+MP,0.68835,1,184,0.09712572249999998
tier3,2022,112,98765,123,M+L+KD+S+V+MP,1.0,1,252,0.0
tier3,2022,112,98765,124,C+KD+S+V+MP,0.9822,1,192,0.00031684000000000134
tier3,2022,112,98765,125,M+C+KD+S+V+MP,1.0,1,260,0.0
tier3,2022,112,98765,126,L+C+KD+S+V+MP,0.98975,1,208,0.00010506249999999962
tier3,2022,112,98765,127,M+L+C+KD+S+V+MP,1.0,1,276,0.0
tier3,2022,112,98765,128,SD,0.0,0,73,0.0
tier3,2022,112,98765,129,M+SD,0.01025,0,141,0.00010506250000000001
tier3,2022,112,98765,130,L+SD,0.0,0,89,0.0
tier3,2022,112,98765,131,M+L+SD,0.0178,0,157,0.00031684
tier3,2022,112,98765,132,C+SD,0.0,0,97,0.0
tier3,2022,112,98765,133,M+C+SD,0.31165,0,165,0.09712572249999998
tier3,2022,112,98765,134,L+C+SD,0.0,0,113,0.0
tier3,2022,112,98765,135,M+L+C+SD,0.4926,1,181,0.25745476000000006
tier3,2022,112,98765,136,KD+SD,0.0,0,92,0.0
tier3,2022,112,98765,137,M+KD+SD,0.27055,0,160,0.0731973025
tier3,2022,112,98765,138,L+KD+SD,0.0,0,108,0.0
tier3,2022,112,98765,139,M+L+KD+SD,0.4028,1,176,0.35664783999999994
tier3,2022,112,98765,140,C+KD+SD,0.0,0,116,0.0
tier3,2022,112,98765,141,M+C+KD+SD,0.90085,1,184,0.009830722499999993
tier3,2022,112,98765,142,L+C+KD+SD,0.0,0,132,0.0
tier3,2022,112,98765,143,M+L+C+KD+SD,0.9956,1,200,1.9359999999999645e-05
tier3,2022,112,98765,144,S+SD,0.8928,1,180,0.011491839999999991
tier3,2022,112,98765,145,M+S+SD,1.0,1,248,0.0
tier3,2022,112,98765,146,L+S+SD,0.95505,1,196,0.002020502500000004
tier3,2022,112,98765,147,M+L+S+SD,1.0,1,264,0.0
tier3,2022,112,98765,148,C+S+SD,0.9998,1,204,3.9999999999991186e-08
tier3,2022,112,98765,149,M+C+S+SD,1.0,1,272,0.0
tier3,2022,112,98765,150,L+C+S+SD,1.0,1,220,0.0
tier3,2022,112,98765,151,M+L+C+S+SD,1.0,1,288,0.0
tier3,2022,112,98765,152,KD+S+SD,0.99615,1,199,1.4822500000000155e-05
tier3,2022,112,98765,153,M+KD+S+SD,1.0,1,267,0.0
tier3,2022,112,98765,154,L+KD+S+SD,0.9996,1,215,1.5999999999996475e-07
tier3,2022,112,98765,155,M+L+KD+S+SD,1.0,1,283,0.0
tier3,2022,112,98765,156,C+KD+S+SD,1.0,1,223,0.0
tier3,2022,112,98765,157,M+C+KD+S+SD,1.0,1,291,0.0
tier3,2022,112,98765,158,L+C+KD+S+SD,1.0,1,239,0.0
tier3,2022,112,98765,159,M+L+C+KD+S+SD,1.0,1,307,0.0
tier3,2022,112,98765,160,V+SD,0.0,0,97,0.0
tier3,2022,112,98765,161,M+V+SD,0.58595,0,165,0.34333740249999994
tier3,2022,112,98765,162,L+V+SD,0.0,0,113,0.0
tier3,2022,112,98765,163,M+L+V+SD,0.7545,1,181,0.060270250000000025
tier3,2022,112,98765,164,C+V+SD,0.0,0,121,0.0
tier3,2022,112,98765,165,M+C+V+SD,0.9637,1,189,0.0013176899999999998
tier3,2022,112,98765,166,L+C+V+SD,0.0,0,137,0.0
tier3,2022,112,98765,167,M+L+C+V+SD,0.99635,1,205,1.3322500000000307e-05
tier3,2022,112,98765,168,KD+V+SD,0.0,0,116,0.0
tier3,2022,112,98765,169,M+KD+V+SD,0.92505,1,184,0.0056175024999999944
tier3,2022,112,98765,170,L+KD+V+SD,0.0,0,132,0.0
tier3,2022,112,98765,171,M+L+KD+V+SD,0.9997,1,200,8.999999999998017e-08
tier3,2022,112,98765,172,C+KD+V+SD,0.0024,0,140,5.759999999999999e-06
tier3,2022,112,98765,173,M+C+KD+V+SD,1.0,1,208,0.0
tier3,2022,112,98765,174,L+C+KD+V+SD,0.01995,0,156,0.00039800249999999996
tier3,2022,112,98765,175,M+L+C+KD+V+SD,1.0,1,224,0.0
tier3,2022,112,98765,176,S+V+SD,1.0,1,204,0.0
tier3,2022,112,98765,177,M+S+V+SD,1.0,1,272,0.0
tier3,2022,112,98765,178,L+S+V+SD,1.0,1,220,0.0
tier3,2022,112,98765,179,M+L+S+V+SD,1.0,1,288,0.0
tier3,2022,112,98765,180,C+S+V+SD,1.0,1,228,0.0
tier3,2022,112,98765,181,M+C+S+V+SD,1.0,1,296,0.0
tier3,2022,112,98765,182,L+C+S+V+SD,1.0,1,244,0.0
tier3,2022,112,98765,183,M+L+C+S+V+SD,1.0,1,312,0.0
tier3,2022,112,98765,184,KD+S+V+SD,1.0,1,223,0.0
tier3,2022,112,98765,185,M+KD+S+V+SD,1.0,1,291,0.0
tier3,2022,112,98765,186,L+KD+S+V+SD,1.0,1,239,0.0
tier3,2022,112,98765,187,M+L+KD+S+V+SD,1.0,1,307,0.0
tier3,2022,112,98765,188,C+KD+S+V+SD,1.0,1,247,0.0
tier3,2022,112,98765,189,M+C+KD+S+V+SD,1.0,1,315,0.0
tier3,2022,112,98765,190,L+C+KD+S+V+SD,1.0,1,263,0.0
tier3,2022,112,98765,191,M+L+C+KD+S+V+SD,1.0,1,331,0.0
tier3,2022,112,98765,192,MP+SD,0.0,0,91,0.0
tier3,2022,112,98765,193,M+MP+SD,0.01105,0,159,0.00012210250000000003
tier3,2022,112,98765,194,L+MP+SD,0.0,0,107,0.0
tier3,2022,112,98765,195,M+L+MP+SD,0.0323,1,175,0.93644329
tier3,2022,112,98765,196,C+MP+SD,0.0,0,115,0.0
tier3,2022,112,98765,197,M+C+MP+SD,0.37815,1,183,0.3866974225
tier3,2022,112,98765,198,L+C+MP+SD,0.0,0,131,0.0
tier3,2022,112,98765,199,M+L+C+MP+SD,0.5796,1,199,0.17673616
tier3,2022,112,98765,200,KD+MP+SD,0.0,0,110,0.0
tier3,2022,112,98765,201,M+KD+MP+SD,0.3197,1,178,0.46280809
tier3,2022,112,98765,202,L+KD+MP+SD,0.0,0,126,0.0
tier3,2022,112,98765,203,M+L+KD+MP+SD,0.5216,1,194,0.22886656000000005
tier3,2022,112,98765,204,C+KD+MP+SD,0.0,0,134,0.0
tier3,2022,112,98765,205,M+C+KD+MP+SD,0.96295,1,202,0.001372702500000002
tier3,2022,112,98765,206,L+C+KD+MP+SD,0.0,0,150,0.0
tier3,2022,112,98765,207,M+L+C+KD+MP+SD,0.99585,1,218,1.722249999999989e-05
tier3,2022,112,98765,208,S+MP+SD,0.947,1,198,0.002809000000000005
tier3,2022,112,98765,209,M+S+MP+SD,1.0,1,266,0.0
tier3,2022,112,98765,210,L+S+MP+SD,0.9782,1,214,0.0004752400000000018
tier3,2022,112,98765,211,M+L+S+MP+SD,1.0,1,282,0.0
tier3,2022,112,98765,212,C+S+MP+SD,0.9998,1,222,3.9999999999991186e-08
tier3,2022,112,98765,213,M+C+S+MP+SD,1.0,1,290,0.0
tier3,2022,112,98765,214,L+C+S+MP+SD,1.0,1,238,0.0
tier3,2022,112,98765,215,M+L+C+S+MP+SD,1.0,1,306,0.0
tier3,2022,112,98765,216,KD+S+MP+SD,0.9996,1,217,1.5999999999996475e-07
tier3,2022,112,98765,217,M+KD+S+MP+SD,1.0,1,285,0.0
tier3,2022,112,98765,218,L+KD+S+MP+SD,1.0,1,233,0.0
tier3,2022,112,98765,219,M+L+KD+S+MP+SD,1.0,1,301,0.0
tier3,2022,112,98765,220,C+KD+S+MP+SD,1.0,1,241,0.0
tier3,2022,112,98765,221,M+C+KD+S+MP+SD,1.0,1,309,0.0
tier3,2022,112,98765,222,L+C+KD+S+MP+SD,1.0,1,257,0.0
tier3,2022,112,98765,223,M+L+C+KD+S+MP+SD,1.0,1,325,0.0
tier3,2022,112,98765,224,V+MP+SD,0.0,0,115,0.0
tier3,2022,112,98765,225,M+V+MP+SD,0.65185,1,183,0.12120842249999997
tier3,2022,112,98765,226,L+V+MP+SD,0.0,0,131,0.0
tier3,2022,112,98765,227,M+L+V+MP+SD,0.814,1,199,0.03459600000000002
tier3,2022,112,98765,228,C+V+MP+SD,0.0,0,139,0.0
tier3,2022,112,98765,229,M+C+V+MP+SD,0.98235,1,207,0.0003115225000000019
tier3,2022,112,98765,230,L+C+V+MP+SD,0.0044,0,155,1.936e-05
tier3,2022,112,98765,231,M+L+C+V+MP+SD,0.9967,1,223,1.08899999999998e-05
tier3,2022,112,98765,232,KD+V+MP+SD,0.0,0,134,0.0
tier3,2022,112,98765,233,M+KD+V+MP+SD,0.96865,1,202,0.0009828224999999993
tier3,2022,112,98765,234,L+KD+V+MP+SD,0.0001,0,150,1e-08
tier3,2022,112,98765,235,M+L+KD+V+MP+SD,0.9997,1,218,8.999999999998017e-08
tier3,2022,112,98765,236,C+KD+V+MP+SD,0.01135,0,158,0.00012882250000000002
tier3,2022,112,98765,237,M+C+KD+V+MP+SD,1.0,1,226,0.0
tier3,2022,112,98765,238,L+C+KD+V+MP+SD,0.06315,0,174,0.003987922499999999
tier3,2022,112,98765,239,M+L+C+KD+V+MP+SD,1.0,1,242,0.0
tier3,2022,112,98765,240,S+V+MP+SD,1.0,1,222,0.0
tier3,2022,112,98765,241,M+S+V+MP+SD,1.0,1,290,0.0
tier3,2022,112,98765,242,L+S+V+MP+SD,1.0,1,238,0.0
tier3,2022,112,98765,243,M+L+S+V+MP+SD,1.0,1,306,0.0
tier3,2022,112,98765,244,C+S+V+MP+SD,1.0,1,246,0.0
tier3,2022,112,98765,245,M+C+S+V+MP+SD,1.0,1,314,0.0
tier3,2022,112,98765,246,L+C+S+V+MP+SD,1.0,1,262,0.0
tier3,2022,112,98765,247,M+L+C+S+V+MP+SD,1.0,1,330,0.0
tier3,2022,112,98765,248,KD+S+V+MP+SD,1.0,1,241,0.0
tier3,2022,112,98765,249,M+KD+S+V+MP+SD,1.0,1,309,0.0
tier3,2022,112,98765,250,L+KD+S+V+MP+SD,1.0,1,257,0.0
tier3,2022,112,98765,251,M+L+KD+S+V+MP+SD,1.0,1,325,0.0
tier3,2022,112,98765,252,C+KD+S+V+MP+SD,1.0,1,265,0.0
tier3,2022,112,98765,253,M+C+KD+S+V+MP+SD,1.0,1,333,0.0
tier3,2022,112,98765,254,L+C+KD+S+V+MP+SD,1.0,1,281,0.0
tier3,2022,112,54321,1,M,0.0,0,68,0.0
tier3,2022,112,54321,2,L,0.0,0,16,0.0
tier3,2022,112,54321,3,M+L,0.0,0,84,0.0
tier3,2022,112,54321,4,C,0.0,0,24,0.0
tier3,2022,112,54321,5,M+C,0.0,0,92,0.0
tier3,2022,112,54321,6,L+C,0.0,0,40,0.0
tier3,2022,112,54321,7,M+L+C,0.0,0,108,0.0
tier3,2022,112,54321,8,KD,0.0,0,19,0.0
tier3,2022,112,54321,9,M+KD,0.0,0,87,0.0
tier3,2022,112,54321,10,L+KD,0.0,0,35,0.0
tier3,2022,112,54321,11,M+L+KD,0.0,0,103,0.0
tier3,2022,112,54321,12,C+KD,0.0,0,43,0.0
tier3,2022,112,54321,13,M+C+KD,0.0,0,111,0.0
tier3,2022,112,54321,14,L+C+KD,0.0,0,59,0.0
tier3,2022,112,54321,15,M+L+C+KD,0.0,0,127,0.0
tier3,2022,112,54321,16,S,0.0,0,107,0.0
tier3,2022,112,54321,17,M+S,0.93795,1,175,0.0038502025000000063
tier3,2022,112,54321,18,L+S,0.0,0,123,0.0
tier3,2022,112,54321,19,M+L+S,0.98945,1,191,0.00011130249999999891
tier3,2022,112,54321,20,C+S,0.0004,0,131,1.6e-07
tier3,2022,112,54321,21,M+C+S,0.99995,1,199,2.499999999999449e-09
tier3,2022,112,54321,22,L+C+S,0.03,0,147,0.0009
tier3,2022,112,54321,23,M+L+C+S,1.0,1,215,0.0
tier3,2022,112,54321,24,KD+S,0.0037,0,126,1.3690000000000001e-05
tier3,2022,112,54321,25,M+KD+S,0.9961,1,194,1.5210000000000114e-05
tier3,2022,112,54321,26,L+KD+S,0.0178,0,142,0.00031684
tier3,2022,112,54321,27,M+L+KD+S,1.0,1,210,0.0
tier3,2022,112,54321,28,C+KD+S,0.188,0,150,0.035344
tier3,2022,112,54321,29,M+C+KD+S,1.0,1,218,0.0
tier3,2022,112,54321,30,L+C+KD+S,0.3547,0,166,0.12581209000000002
tier3,2022,112,54321,31,M+L+C+KD+S,1.0,1,234,0.0
tier3,2022,112,54321,32,V,0.0,0,24,0.0
tier3,2022,112,54321,33,M+V,0.0,0,92,0.0
tier3,2022,112,54321,34,L+V,0.0,0,40,0.0
tier3,2022,112,54321,35,M+L+V,0.0,0,108,0.0
tier3,2022,112,54321,36,C+V,0.0,0,48,0.0
tier3,2022,112,54321,37,M+C+V,0.0,0,116,0.0
tier3,2022,112,54321,38,L+C+V,0.0,0,64,0.0
tier3,2022,112,54321,39,M+L+C+V,0.0005,0,132,2.5e-07
tier3,2022,112,54321,40,KD+V,0.0,0,43,0.0
tier3,2022,112,54321,41,M+KD+V,0.0,0,111,0.0
tier3,2022,112,54321,42,L+KD+V,0.0,0,59,0.0
tier3,2022,112,54321,43,M+L+KD+V,0.0003,0,127,8.999999999999999e-08
tier3,2022,112,54321,44,C+KD+V,0.0,0,67,0.0
tier3,2022,112,54321,45,M+C+KD+V,0.02405,0,135,0.0005784025
tier3,2022,112,54321,46,L+C+KD+V,0.0,0,83,0.0
tier3,2022,112,54321,47,M+L+C+KD+V,0.05475,0,151,0.0029975625
tier3,2022,112,54321,48,S+V,0.00485,0,131,2.35225e-05
tier3,2022,112,54321,49,M+S+V,1.0,1,199,0.0
tier3,2022,112,54321,50,L+S+V,0.03805,0,147,0.0014478025
tier3,2022,112,54321,51,M+L+S+V,1.0,1,215,0.0
tier3,2022,112,54321,52,C+S+V,0.4862,0,155,0.23639044
tier3,2022,112,54321,53,M+C+S+V,1.0,1,223,0.0
tier3,2022,112,54321,54,L+C+S+V,0.68595,0,171,0.4705274024999999
tier3,2022,112,54321,55,M+L+C+S+V,1.0,1,239,0.0
tier3,2022,112,54321,56,KD+S+V,0.4269,0,150,0.18224361
tier3,2022,112,54321,57,M+KD+S+V,1.0,1,218,0.0
tier3,2022,112,54321,58,L+KD+S+V,0.6257,0,166,0.39150049000000003
tier3,2022,112,54321,59,M+L+KD+S+V,1.0,1,234,0.0
tier3,2022,112,54321,60,C+KD+S+V,0.96775,0,174,0.9365400625
tier3,2022,112,54321,61,M+C+KD+S+V,1.0,1,242,0.0
tier3,2022,112,54321,62,L+C+KD+S+V,0.9894,1,190,0.00011236000000000114
tier3,2022,112,54321,63,M+L+C+KD+S+V,1.0,1,258,0.0
tier3,2022,112,54321,64,MP,0.0,0,18,0.0
tier3,2022,112,54321,65,M+MP,0.0,0,86,0.0
tier3,2022,112,54321,66,L+MP,0.0,0,34,0.0
tier3,2022,112,54321,67,M+L+MP,0.0,0,102,0.0
tier3,2022,112,54321,68,C+MP,0.0,0,42,0.0
tier3,2022,112,54321,69,M+C+MP,0.0,0,110,0.0
tier3,2022,112,54321,70,L+C+MP,0.0,0,58,0.0
tier3,2022,112,54321,71,M+L+C+MP,0.0,0,126,0.0
tier3,2022,112,54321,72,KD+MP,0.0,0,37,0.0
tier3,2022,112,54321,73,M+KD+MP,0.0,0,105,0.0
tier3,2022,112,54321,74,L+KD+MP,0.0,0,53,0.0
tier3,2022,112,54321,75,M+L+KD+MP,0.0,0,121,0.0
tier3,2022,112,54321,76,C+KD+MP,0.0,0,61,0.0
tier3,2022,112,54321,77,M+C+KD+MP,0.0,0,129,0.0
tier3,2022,112,54321,78,L+C+KD+MP,0.0,0,77,0.0
tier3,2022,112,54321,79,M+L+C+KD+MP,0.0,0,145,0.0
tier3,2022,112,54321,80,S+MP,0.0,0,125,0.0
tier3,2022,112,54321,81,M+S+MP,0.98105,1,193,0.00035910250000000085
tier3,2022,112,54321,82,L+S+MP,0.0,0,141,0.0
tier3,2022,112,54321,83,M+L+S+MP,0.9978,1,209,4.839999999999911e-06
tier3,2022,112,54321,84,C+S+MP,0.00045,0,149,2.025e-07
tier3,2022,112,54321,85,M+C+S+MP,1.0,1,217,0.0
tier3,2022,112,54321,86,L+C+S+MP,0.0753,0,165,0.005670090000000001
tier3,2022,112,54321,87,M+L+C+S+MP,1.0,1,233,0.0
tier3,2022,112,54321,88,KD+S+MP,0.00395,0,144,1.5602500000000002e-05
tier3,2022,112,54321,89,M+KD+S+MP,1.0,1,212,0.0
tier3,2022,112,54321,90,L+KD+S+MP,0.03575,0,160,0.0012780624999999997
tier3,2022,112,54321,91,M+L+KD+S+MP,1.0,1,228,0.0
tier3,2022,112,54321,92,C+KD+S+MP,0.25175,0,168,0.06337806249999998
tier3,2022,112,54321,93,M+C+KD+S+MP,1.0,1,236,0.0
tier3,2022,112,54321,94,L+C+KD+S+MP,0.4187,1,184,0.33790968999999993
tier3,2022,112,54321,95,M+L+C+KD+S+MP,1.0,1,252,0.0
tier3,2022,112,54321,96,V+MP,0.0,0,42,0.0
tier3,2022,112,54321,97,M+V+MP,0.0,0,110,0.0
tier3,2022,112,54321,98,L+V+MP,0.0,0,58,0.0
tier3,2022,112,54321,99,M+L+V+MP,0.0,0,126,0.0
tier3,2022,112,54321,100,C+V+MP,0.0,0,66,0.0
tier3,2022,112,54321,101,M+C+V+MP,0.0005,0,134,2.5e-07
tier3,2022,112,54321,102,L+C+V+MP,0.0,0,82,0.0
tier3,2022,112,54321,103,M+L+C+V+MP,0.00425,0,150,1.8062500000000002e-05
tier3,2022,112,54321,104,KD+V+MP,0.0,0,61,0.0
tier3,2022,112,54321,105,M+KD+V+MP,0.00015,0,129,2.2499999999999996e-08
tier3,2022,112,54321,106,L+KD+V+MP,0.0,0,77,0.0
tier3,2022,112,54321,107,M+L+KD+V+MP,0.00045,0,145,2.025e-07
tier3,2022,112,54321,108,C+KD+V+MP,0.0,0,85,0.0
tier3,2022,112,54321,109,M+C+KD+V+MP,0.0467,0,153,0.00218089
tier3,2022,112,54321,110,L+C+KD+V+MP,0.0,0,101,0.0
tier3,2022,112,54321,111,M+L+C+KD+V+MP,0.1102,0,169,0.012144040000000002
tier3,2022,112,54321,112,S+V+MP,0.005,0,149,2.5e-05
tier3,2022,112,54321,113,M+S+V+MP,1.0,1,217,0.0
tier3,2022,112,54321,114,L+S+V+MP,0.09995,0,165,0.0099900025
tier3,2022,112,54321,115,M+L+S+V+MP,1.0,1,233,0.0
tier3,2022,112,54321,116,C+S+V+MP,0.60545,0,173,0.36656970250000004
tier3,2022,112,54321,117,M+C+S+V+MP,1.0,1,241,0.0
tier3,2022,112,54321,118,L+C+S+V+MP,0.7325,1,189,0.07155624999999997
tier3,2022,112,54321,119,M+L+C+S+V+MP,1.0,1,257,0.0
tier3,2022,112,54321,120,KD+S+V+MP,0.5158,0,168,0.26604964000000003
tier3,2022,112,54321,121,M+KD+S+V+MP,1.0,1,236,0.0
tier3,2022,112,54321,122,L+KD+S+V+MP,0.69275,1,184,0.09440256250000001
tier3,2022,112,54321,123,M+L+KD+S+V+MP,1.0,1,252,0.0
tier3,2022,112,54321,124,C+KD+S+V+MP,0.98225,1,192,0.00031506250000000154
tier3,2022,112,54321,125,M+C+KD+S+V+MP,1.0,1,260,0.0
tier3,2022,112,54321,126,L+C+KD+S+V+MP,0.9904,1,208,9.216000000000101e-05
tier3,2022,112,54321,127,M+L+C+KD+S+V+MP,1.0,1,276,0.0
tier3,2022,112,54321,128,SD,0.0,0,73,0.0
tier3,2022,112,54321,129,M+SD,0.0096,0,141,9.215999999999998e-05
tier3,2022,112,54321,130,L+SD,0.0,0,89,0.0
tier3,2022,112,54321,131,M+L+SD,0.01775,0,157,0.00031506249999999997
tier3,2022,112,54321,132,C+SD,0.0,0,97,0.0
tier3,2022,112,54321,133,M+C+SD,0.30725,0,165,0.09440256250000001
tier3,2022,112,54321,134,L+C+SD,0.0,0,113,0.0
tier3,2022,112,54321,135,M+L+C+SD,0.4842,1,181,0.26604964000000003
tier3,2022,112,54321,136,KD+SD,0.0,0,92,0.0
tier3,2022,112,54321,137,M+KD+SD,0.2675,0,160,0.07155625
tier3,2022,112,54321,138,L+KD+SD,0.0,0,108,0.0
tier3,2022,112,54321,139,M+L+KD+SD,0.39455,1,176,0.36656970250000004
tier3,2022,112,54321,140,C+KD+SD,0.0,0,116,0.0
tier3,2022,112,54321,141,M+C+KD+SD,0.90005,1,184,0.009990002499999996
tier3,2022,112,54321,142,L+C+KD+SD,0.0,0,132,0.0
tier3,2022,112,54321,143,M+L+C+KD+SD,0.995,1,200,2.5000000000000045e-05
tier3,2022,112,54321,144,S+SD,0.8898,1,180,0.012144039999999991
tier3,2022,112,54321,145,M+S+SD,1.0,1,248,0.0
tier3,2022,112,54321,146,L+S+SD,0.9533,1,196,0.0021808899999999965
tier3,2022,112,54321,147,M+L+S+SD,1.0,1,264,0.0
tier3,2022,112,54321,148,C+S+SD,0.99955,1,204,2.024999999999554e-07
tier3,2022,112,54321,149,M+C+S+SD,1.0,1,272,0.0
tier3,2022,112,54321,150,L+C+S+SD,0.99985,1,220,2.2499999999995043e-08
tier3,2022,112,54321,151,M+L+C+S+SD,1.0,1,288,0.0
tier3,2022,112,54321,152,KD+S+SD,0.99575,1,199,1.8062499999999795e-05
tier3,2022,112,54321,153,M+KD+S+SD,1.0,1,267,0.0
tier3,2022,112,54321,154,L+KD+S+SD,0.9995,1,215,2.4999999999994493e-07
tier3,2022,112,54321,155,M+L+KD+S+SD,1.0,1,283,0.0
tier3,2022,112,54321,156,C+KD+S+SD,1.0,1,223,0.0
tier3,2022,112,54321,157,M+C+KD+S+SD,1.0,1,291,0.0
tier3,2022,112,54321,158,L+C+KD+S+SD,1.0,1,239,0.0
tier3,2022,112,54321,159,M+L+C+KD+S+SD,1.0,1,307,0.0
tier3,2022,112,54321,160,V+SD,0.0,0,97,0.0
tier3,2022,112,54321,161,M+V+SD,0.5813,0,165,0.33790969000000004
tier3,2022,112,54321,162,L+V+SD,0.0,0,113,0.0
tier3,2022,112,54321,163,M+L+V+SD,0.74825,1,181,0.06337806250000001
tier3,2022,112,54321,164,C+V+SD,0.0,0,121,0.0
tier3,2022,112,54321,165,M+C+V+SD,0.96425,1,189,0.0012780624999999962
tier3,2022,112,54321,166,L+C+V+SD,0.0,0,137,0.0
tier3,2022,112,54321,167,M+L+C+V+SD,0.99605,1,205,1.5602500000000073e-05
tier3,2022,112,54321,168,KD+V+SD,0.0,0,116,0.0
tier3,2022,112,54321,169,M+KD+V+SD,0.9247,1,184,0.005670090000000005
tier3,2022,112,54321,170,L+KD+V+SD,0.0,0,132,0.0
tier3,2022,112,54321,171,M+L+KD+V+SD,0.99955,1,200,2.024999999999554e-07
tier3,2022,112,54321,172,C+KD+V+SD,0.0022,0,140,4.84e-06
tier3,2022,112,54321,173,M+C+KD+V+SD,1.0,1,208,0.0
tier3,2022,112,54321,174,L+C+KD+V+SD,0.01895,0,156,0.00035910250000000004
tier3,2022,112,54321,175,M+L+C+KD+V+SD,1.0,1,224,0.0
tier3,2022,112,54321,176,S+V+SD,1.0,1,204,0.0
tier3,2022,112,54321,177,M+S+V+SD,1.0,1,272,0.0
tier3,2022,112,54321,178,L+S+V+SD,1.0,1,220,0.0
tier3,2022,112,54321,179,M+L+S+V+SD,1.0,1,288,0.0
tier3,2022,112,54321,180,C+S+V+SD,1.0,1,228,0.0
tier3,2022,112,54321,181,M+C+S+V+SD,1.0,1,296,0.0
tier3,2022,112,54321,182,L+C+S+V+SD,1.0,1,244,0.0
tier3,2022,112,54321,183,M+L+C+S+V+SD,1.0,1,312,0.0
tier3,2022,112,54321,184,KD+S+V+SD,1.0,1,223,0.0
tier3,2022,112,54321,185,M+KD+S+V+SD,1.0,1,291,0.0
tier3,2022,112,54321,186,L+KD+S+V+SD,1.0,1,239,0.0
tier3,2022,112,54321,187,M+L+KD+S+V+SD,1.0,1,307,0.0
tier3,2022,112,54321,188,C+KD+S+V+SD,1.0,1,247,0.0
tier3,2022,112,54321,189,M+C+KD+S+V+SD,1.0,1,315,0.0
tier3,2022,112,54321,190,L+C+KD+S+V+SD,1.0,1,263,0.0
tier3,2022,112,54321,191,M+L+C+KD+S+V+SD,1.0,1,331,0.0
tier3,2022,112,54321,192,MP+SD,0.0,0,91,0.0
tier3,2022,112,54321,193,M+MP+SD,0.0106,0,159,0.00011236
tier3,2022,112,54321,194,L+MP+SD,0.0,0,107,0.0
tier3,2022,112,54321,195,M+L+MP+SD,0.03225,1,175,0.9365400625
tier3,2022,112,54321,196,C+MP+SD,0.0,0,115,0.0
tier3,2022,112,54321,197,M+C+MP+SD,0.3743,1,183,0.3915004899999999
tier3,2022,112,54321,198,L+C+MP+SD,0.0,0,131,0.0
tier3,2022,112,54321,199,M+L+C+MP+SD,0.5731,1,199,0.18224360999999994
tier3,2022,112,54321,200,KD+MP+SD,0.0,0,110,0.0
tier3,2022,112,54321,201,M+KD+MP+SD,0.31405,1,178,0.4705274025000001
tier3,2022,112,54321,202,L+KD+MP+SD,0.0,0,126,0.0
tier3,2022,112,54321,203,M+L+KD+MP+SD,0.5138,1,194,0.23639043999999998
tier3,2022,112,54321,204,C+KD+MP+SD,0.0,0,134,0.0
tier3,2022,112,54321,205,M+C+KD+MP+SD,0.96195,1,202,0.0014478025000000021
tier3,2022,112,54321,206,L+C+KD+MP+SD,0.0,0,150,0.0
tier3,2022,112,54321,207,M+L+C+KD+MP+SD,0.99515,1,218,2.3522500000000204e-05
tier3,2022,112,54321,208,S+MP+SD,0.94525,1,198,0.0029975624999999963
tier3,2022,112,54321,209,M+S+MP+SD,1.0,1,266,0.0
tier3,2022,112,54321,210,L+S+MP+SD,0.97595,1,214,0.0005784025000000007
tier3,2022,112,54321,211,M+L+S+MP+SD,1.0,1,282,0.0
tier3,2022,112,54321,212,C+S+MP+SD,0.9997,1,222,8.999999999998017e-08
tier3,2022,112,54321,213,M+C+S+MP+SD,1.0,1,290,0.0
tier3,2022,112,54321,214,L+C+S+MP+SD,1.0,1,238,0.0
tier3,2022,112,54321,215,M+L+C+S+MP+SD,1.0,1,306,0.0
tier3,2022,112,54321,216,KD+S+MP+SD,0.9995,1,217,2.4999999999994493e-07
tier3,2022,112,54321,217,M+KD+S+MP+SD,1.0,1,285,0.0
tier3,2022,112,54321,218,L+KD+S+MP+SD,1.0,1,233,0.0
tier3,2022,112,54321,219,M+L+KD+S+MP+SD,1.0,1,301,0.0
tier3,2022,112,54321,220,C+KD+S+MP+SD,1.0,1,241,0.0
tier3,2022,112,54321,221,M+C+KD+S+MP+SD,1.0,1,309,0.0
tier3,2022,112,54321,222,L+C+KD+S+MP+SD,1.0,1,257,0.0
tier3,2022,112,54321,223,M+L+C+KD+S+MP+SD,1.0,1,325,0.0
tier3,2022,112,54321,224,V+MP+SD,0.0,0,115,0.0
tier3,2022,112,54321,225,M+V+MP+SD,0.6453,1,183,0.12581209000000002
tier3,2022,112,54321,226,L+V+MP+SD,0.0,0,131,0.0
tier3,2022,112,54321,227,M+L+V+MP+SD,0.812,1,199,0.03534399999999998
tier3,2022,112,54321,228,C+V+MP+SD,0.0,0,139,0.0
tier3,2022,112,54321,229,M+C+V+MP+SD,0.9822,1,207,0.00031684000000000134
tier3,2022,112,54321,230,L+C+V+MP+SD,0.0039,0,155,1.5209999999999998e-05
tier3,2022,112,54321,231,M+L+C+V+MP+SD,0.9963,1,223,1.369000000000027e-05
tier3,2022,112,54321,232,KD+V+MP+SD,0.0,0,134,0.0
tier3,2022,112,54321,233,M+KD+V+MP+SD,0.97,1,202,0.0009000000000000016
tier3,2022,112,54321,234,L+KD+V+MP+SD,5e-05,0,150,2.5e-09
tier3,2022,112,54321,235,M+L+KD+V+MP+SD,0.9996,1,218,1.5999999999996475e-07
tier3,2022,112,54321,236,C+KD+V+MP+SD,0.01055,0,158,0.00011130250000000001
tier3,2022,112,54321,237,M+C+KD+V+MP+SD,1.0,1,226,0.0
tier3,2022,112,54321,238,L+C+KD+V+MP+SD,0.06205,0,174,0.0038502025000000002
tier3,2022,112,54321,239,M+L+C+KD+V+MP+SD,1.0,1,242,0.0
tier3,2022,112,54321,240,S+V+MP+SD,1.0,1,222,0.0
tier3,2022,112,54321,241,M+S+V+MP+SD,1.0,1,290,0.0
tier3,2022,112,54321,242,L+S+V+MP+SD,1.0,1,238,0.0
tier3,2022,112,54321,243,M+L+S+V+MP+SD,1.0,1,306,0.0
tier3,2022,112,54321,244,C+S+V+MP+SD,1.0,1,246,0.0
tier3,2022,112,54321,245,M+C+S+V+MP+SD,1.0,1,314,0.0
tier3,2022,112,54321,246,L+C+S+V+MP+SD,1.0,1,262,0.0
tier3,2022,112,54321,247,M+L+C+S+V+MP+SD,1.0,1,330,0.0
tier3,2022,112,54321,248,KD+S+V+MP+SD,1.0,1,241,0.0
tier3,2022,112,54321,249,M+KD+S+V+MP+SD,1.0,1,309,0.0
tier3,2022,112,54321,250,L+KD+S+V+MP+SD,1.0,1,257,0.0
tier3,2022,112,54321,251,M+L+KD+S+V+MP+SD,1.0,1,325,0.0
tier3,2022,112,54321,252,C+KD+S+V+MP+SD,1.0,1,265,0.0
tier3,2022,112,54321,253,M+C+KD+S+V+MP+SD,1.0,1,333,0.0
tier3,2022,112,54321,254,L+C+KD+S+V+MP+SD,1.0,1,281,0.0
tier3,2022,112,13579,1,M,0.0,0,68,0.0
tier3,2022,112,13579,2,L,0.0,0,16,0.0
tier3,2022,112,13579,3,M+L,0.0,0,84,0.0
tier3,2022,112,13579,4,C,0.0,0,24,0.0
tier3,2022,112,13579,5,M+C,0.0,0,92,0.0
tier3,2022,112,13579,6,L+C,0.0,0,40,0.0
tier3,2022,112,13579,7,M+L+C,0.0,0,108,0.0
tier3,2022,112,13579,8,KD,0.0,0,19,0.0
tier3,2022,112,13579,9,M+KD,0.0,0,87,0.0
tier3,2022,112,13579,10,L+KD,0.0,0,35,0.0
tier3,2022,112,13579,11,M+L+KD,0.0,0,103,0.0
tier3,2022,112,13579,12,C+KD,0.0,0,43,0.0
tier3,2022,112,13579,13,M+C+KD,0.0,0,111,0.0
tier3,2022,112,13579,14,L+C+KD,0.0,0,59,0.0
tier3,2022,112,13579,15,M+L+C+KD,0.0,0,127,0.0
tier3,2022,112,13579,16,S,0.0,0,107,0.0
tier3,2022,112,13579,17,M+S,0.938,1,175,0.0038440000000000067
tier3,2022,112,13579,18,L+S,0.0,0,123,0.0
tier3,2022,112,13579,19,M+L+S,0.9893,1,191,0.00011449000000000092
tier3,2022,112,13579,20,C+S,0.0004,0,131,1.6e-07
tier3,2022,112,13579,21,M+C+S,1.0,1,199,0.0
tier3,2022,112,13579,22,L+C+S,0.0287,0,147,0.00082369
tier3,2022,112,13579,23,M+L+C+S,1.0,1,215,0.0
tier3,2022,112,13579,24,KD+S,0.00385,0,126,1.48225e-05
tier3,2022,112,13579,25,M+KD+S,0.9957,1,194,1.8489999999999747e-05
tier3,2022,112,13579,26,L+KD+S,0.0171,0,142,0.00029241
tier3,2022,112,13579,27,M+L+KD+S,1.0,1,210,0.0
tier3,2022,112,13579,28,C+KD+S,0.19185,0,150,0.0368064225
tier3,2022,112,13579,29,M+C+KD+S,1.0,1,218,0.0
tier3,2022,112,13579,30,L+C+KD+S,0.35455,0,166,0.1257057025
tier3,2022,112,13579,31,M+L+C+KD+S,1.0,1,234,0.0
tier3,2022,112,13579,32,V,0.0,0,24,0.0
tier3,2022,112,13579,33,M+V,0.0,0,92,0.0
tier3,2022,112,13579,34,L+V,0.0,0,40,0.0
tier3,2022,112,13579,35,M+L+V,0.0,0,108,0.0
tier3,2022,112,13579,36,C+V,0.0,0,48,0.0
tier3,2022,112,13579,37,M+C+V,0.0,0,116,0.0
tier3,2022,112,13579,38,L+C+V,0.0,0,64,0.0
tier3,2022,112,13579,39,M+L+C+V,0.00065,0,132,4.225e-07
tier3,2022,112,13579,40,KD+V,0.0,0,43,0.0
tier3,2022,112,13579,41,M+KD+V,0.0,0,111,0.0
tier3,2022,112,13579,42,L+KD+V,0.0,0,59,0.0
tier3,2022,112,13579,43,M+L+KD+V,0.00015,0,127,2.2499999999999996e-08
tier3,2022,112,13579,44,C+KD+V,0.0,0,67,0.0
tier3,2022,112,13579,45,M+C+KD+V,0.0239,0,135,0.0005712100000000001
tier3,2022,112,13579,46,L+C+KD+V,0.0,0,83,0.0
tier3,2022,112,13579,47,M+L+C+KD+V,0.05575,0,151,0.0031080625
tier3,2022,112,13579,48,S+V,0.00455,0,131,2.07025e-05
tier3,2022,112,13579,49,M+S+V,1.0,1,199,0.0
tier3,2022,112,13579,50,L+S+V,0.037,0,147,0.0013689999999999998
tier3,2022,112,13579,51,M+L+S+V,1.0,1,215,0.0
tier3,2022,112,13579,52,C+S+V,0.48005,0,155,0.23044800249999997
tier3,2022,112,13579,53,M+C+S+V,1.0,1,223,0.0
tier3,2022,112,13579,54,L+C+S+V,0.6809,0,171,0.46362480999999994
tier3,2022,112,13579,55,M+L+C+S+V,1.0,1,239,0.0
tier3,2022,112,13579,56,KD+S+V,0.42675,0,150,0.18211556250000002
tier3,2022,112,13579,57,M+KD+S+V,1.0,1,218,0.0
tier3,2022,112,13579,58,L+KD+S+V,0.62295,0,166,0.3880667025
tier3,2022,112,13579,59,M+L+KD+S+V,1.0,1,234,0.0
tier3,2022,112,13579,60,C+KD+S+V,0.96885,0,174,0.9386703224999999
tier3,2022,112,13579,61,M+C+KD+S+V,1.0,1,242,0.0
tier3,2022,112,13579,62,L+C+KD+S+V,0.9894,1,190,0.00011236000000000114
tier3,2022,112,13579,63,M+L+C+KD+S+V,1.0,1,258,0.0
tier3,2022,112,13579,64,MP,0.0,0,18,0.0
tier3,2022,112,13579,65,M+MP,0.0,0,86,0.0
tier3,2022,112,13579,66,L+MP,0.0,0,34,0.0
tier3,2022,112,13579,67,M+L+MP,0.0,0,102,0.0
tier3,2022,112,13579,68,C+MP,0.0,0,42,0.0
tier3,2022,112,13579,69,M+C+MP,0.0,0,110,0.0
tier3,2022,112,13579,70,L+C+MP,0.0,0,58,0.0
tier3,2022,112,13579,71,M+L+C+MP,0.0,0,126,0.0
tier3,2022,112,13579,72,KD+MP,0.0,0,37,0.0
tier3,2022,112,13579,73,M+KD+MP,0.0,0,105,0.0
tier3,2022,112,13579,74,L+KD+MP,0.0,0,53,0.0
tier3,2022,112,13579,75,M+L+KD+MP,0.0,0,121,0.0
tier3,2022,112,13579,76,C+KD+MP,0.0,0,61,0.0
tier3,2022,112,13579,77,M+C+KD+MP,0.0,0,129,0.0
tier3,2022,112,13579,78,L+C+KD+MP,0.0,0,77,0.0
tier3,2022,112,13579,79,M+L+C+KD+MP,0.0,0,145,0.0
tier3,2022,112,13579,80,S+MP,0.0,0,125,0.0
tier3,2022,112,13579,81,M+S+MP,0.9795,1,193,0.0004202499999999985
tier3,2022,112,13579,82,L+S+MP,0.0,0,141,0.0
tier3,2022,112,13579,83,M+L+S+MP,0.99775,1,209,5.062499999999884e-06
tier3,2022,112,13579,84,C+S+MP,0.0004,0,149,1.6e-07
tier3,2022,112,13579,85,M+C+S+MP,1.0,1,217,0.0
tier3,2022,112,13579,86,L+C+S+MP,0.07305,0,165,0.005336302500000001
tier3,2022,112,13579,87,M+L+C+S+MP,1.0,1,233,0.0
tier3,2022,112,13579,88,KD+S+MP,0.0041,0,144,1.6810000000000003e-05
tier3,2022,112,13579,89,M+KD+S+MP,1.0,1,212,0.0
tier3,2022,112,13579,90,L+KD+S+MP,0.03615,0,160,0.0013068225000000002
tier3,2022,112,13579,91,M+L+KD+S+MP,1.0,1,228,0.0
tier3,2022,112,13579,92,C+KD+S+MP,0.25455,0,168,0.0647957025
tier3,2022,112,13579,93,M+C+KD+S+MP,1.0,1,236,0.0
tier3,2022,112,13579,94,L+C+KD+S+MP,0.4224,1,184,0.33362176
tier3,2022,112,13579,95,M+L+C+KD+S+MP,1.0,1,252,0.0
tier3,2022,112,13579,96,V+MP,0.0,0,42,0.0
tier3,2022,112,13579,97,M+V+MP,0.0,0,110,0.0
tier3,2022,112,13579,98,L+V+MP,0.0,0,58,0.0
tier3,2022,112,13579,99,M+L+V+MP,0.0,0,126,0.0
tier3,2022,112,13579,100,C+V+MP,0.0,0,66,0.0
tier3,2022,112,13579,101,M+C+V+MP,0.0006,0,134,3.5999999999999994e-07
tier3,2022,112,13579,102,L+C+V+MP,0.0,0,82,0.0
tier3,2022,112,13579,103,M+L+C+V+MP,0.004,0,150,1.6e-05
tier3,2022,112,13579,104,KD+V+MP,0.0,0,61,0.0
tier3,2022,112,13579,105,M+KD+V+MP,5e-05,0,129,2.5e-09
tier3,2022,112,13579,106,L+KD+V+MP,0.0,0,77,0.0
tier3,2022,112,13579,107,M+L+KD+V+MP,0.0002,0,145,4e-08
tier3,2022,112,13579,108,C+KD+V+MP,0.0,0,85,0.0
tier3,2022,112,13579,109,M+C+KD+V+MP,0.04675,0,153,0.0021855625
tier3,2022,112,13579,110,L+C+KD+V+MP,0.0,0,101,0.0
tier3,2022,112,13579,111,M+L+C+KD+V+MP,0.1077,0,169,0.011599290000000002
tier3,2022,112,13579,112,S+V+MP,0.00495,0,149,2.4502500000000005e-05
tier3,2022,112,13579,113,M+S+V+MP,1.0,1,217,0.0
tier3,2022,112,13579,114,L+S+V+MP,0.0977,0,165,0.00954529
tier3,2022,112,13579,115,M+L+S+V+MP,1.0,1,233,0.0
tier3,2022,112,13579,116,C+S+V+MP,0.6,0,173,0.36
tier3,2022,112,13579,117,M+C+S+V+MP,1.0,1,241,0.0
tier3,2022,112,13579,118,L+C+S+V+MP,0.7288,1,189,0.07354944
tier3,2022,112,13579,119,M+L+C+S+V+MP,1.0,1,257,0.0
tier3,2022,112,13579,120,KD+S+V+MP,0.51885,0,168,0.2692053225
tier3,2022,112,13579,121,M+KD+S+V+MP,1.0,1,236,0.0
tier3,2022,112,13579,122,L+KD+S+V+MP,0.69115,1,184,0.09538832249999997
tier3,2022,112,13579,123,M+L+KD+S+V+MP,1.0,1,252,0.0
tier3,2022,112,13579,124,C+KD+S+V+MP,0.98225,1,192,0.00031506250000000154
tier3,2022,112,13579,125,M+C+KD+S+V+MP,1.0,1,260,0.0
tier3,2022,112,13579,126,L+C+KD+S+V+MP,0.99045,1,208,9.120249999999899e-05
tier3,2022,112,13579,127,M+L+C+KD+S+V+MP,1.0,1,276,0.0
tier3,2022,112,13579,128,SD,0.0,0,73,0.0
tier3,2022,112,13579,129,M+SD,0.00955,0,141,9.120249999999999e-05
tier3,2022,112,13579,130,L+SD,0.0,0,89,0.0
tier3,2022,112,13579,131,M+L+SD,0.01775,0,157,0.00031506249999999997
tier3,2022,112,13579,132,C+SD,0.0,0,97,0.0
tier3,2022,112,13579,133,M+C+SD,0.30885,0,165,0.09538832250000001
tier3,2022,112,13579,134,L+C+SD,0.0,0,113,0.0
tier3,2022,112,13579,135,M+L+C+SD,0.48115,1,181,0.2692053225
tier3,2022,112,13579,136,KD+SD,0.0,0,92,0.0
tier3,2022,112,13579,137,M+KD+SD,0.2712,0,160,0.07354944
tier3,2022,112,13579,138,L+KD+SD,0.0,0,108,0.0
tier3,2022,112,13579,139,M+L+KD+SD,0.4,1,176,0.36
tier3,2022,112,13579,140,C+KD+SD,0.0,0,116,0.0
tier3,2022,112,13579,141,M+C+KD+SD,0.9023,1,184,0.009545290000000001
tier3,2022,112,13579,142,L+C+KD+SD,0.0,0,132,0.0
tier3,2022,112,13579,143,M+L+C+KD+SD,0.99505,1,200,2.45025000000001e-05
tier3,2022,112,13579,144,S+SD,0.8923,1,180,0.011599290000000003
tier3,2022,112,13579,145,M+S+SD,1.0,1,248,0.0
tier3,2022,112,13579,146,L+S+SD,0.95325,1,196,0.002185562499999996
tier3,2022,112,13579,147,M+L+S+SD,1.0,1,264,0.0
tier3,2022,112,13579,148,C+S+SD,0.9998,1,204,3.9999999999991186e-08
tier3,2022,112,13579,149,M+C+S+SD,1.0,1,272,0.0
tier3,2022,112,13579,150,L+C+S+SD,0.99995,1,220,2.499999999999449e-09
tier3,2022,112,13579,151,M+L+C+S+SD,1.0,1,288,0.0
tier3,2022,112,13579,152,KD+S+SD,0.996,1,199,1.600000000000003e-05
tier3,2022,112,13579,153,M+KD+S+SD,1.0,1,267,0.0
tier3,2022,112,13579,154,L+KD+S+SD,0.9994,1,215,3.6000000000005394e-07
tier3,2022,112,13579,155,M+L+KD+S+SD,1.0,1,283,0.0
tier3,2022,112,13579,156,C+KD+S+SD,1.0,1,223,0.0
tier3,2022,112,13579,157,M+C+KD+S+SD,1.0,1,291,0.0
tier3,2022,112,13579,158,L+C+KD+S+SD,1.0,1,239,0.0
tier3,2022,112,13579,159,M+L+C+KD+S+SD,1.0,1,307,0.0
tier3,2022,112,13579,160,V+SD,0.0,0,97,0.0
tier3,2022,112,13579,161,M+V+SD,0.5776,0,165,0.33362176
tier3,2022,112,13579,162,L+V+SD,0.0,0,113,0.0
tier3,2022,112,13579,163,M+L+V+SD,0.74545,1,181,0.06479570250000002
tier3,2022,112,13579,164,C+V+SD,0.0,0,121,0.0
tier3,2022,112,13579,165,M+C+V+SD,0.96385,1,189,0.001306822500000001
tier3,2022,112,13579,166,L+C+V+SD,0.0,0,137,0.0
tier3,2022,112,13579,167,M+L+C+V+SD,0.9959,1,205,1.680999999999994e-05
tier3,2022,112,13579,168,KD+V+SD,0.0,0,116,0.0
tier3,2022,112,13579,169,M+KD+V+SD,0.92695,1,184,0.005336302499999992
tier3,2022,112,13579,170,L+KD+V+SD,0.0,0,132,0.0
tier3,2022,112,13579,171,M+L+KD+V+SD,0.9996,1,200,1.5999999999996475e-07
tier3,2022,112,13579,172,C+KD+V+SD,0.00225,0,140,5.062499999999999e-06
tier3,2022,112,13579,173,M+C+KD+V+SD,1.0,1,208,0.0
tier3,2022,112,13579,174,L+C+KD+V+SD,0.0205,0,156,0.00042025000000000005
tier3,2022,112,13579,175,M+L+C+KD+V+SD,1.0,1,224,0.0
tier3,2022,112,13579,176,S+V+SD,1.0,1,204,0.0
tier3,2022,112,13579,177,M+S+V+SD,1.0,1,272,0.0
tier3,2022,112,13579,178,L+S+V+SD,1.0,1,220,0.0
tier3,2022,112,13579,179,M+L+S+V+SD,1.0,1,288,0.0
tier3,2022,112,13579,180,C+S+V+SD,1.0,1,228,0.0
tier3,2022,112,13579,181,M+C+S+V+SD,1.0,1,296,0.0
tier3,2022,112,13579,182,L+C+S+V+SD,1.0,1,244,0.0
tier3,2022,112,13579,183,M+L+C+S+V+SD,1.0,1,312,0.0
tier3,2022,112,13579,184,KD+S+V+SD,1.0,1,223,0.0
tier3,2022,112,13579,185,M+KD+S+V+SD,1.0,1,291,0.0
tier3,2022,112,13579,186,L+KD+S+V+SD,1.0,1,239,0.0
tier3,2022,112,13579,187,M+L+KD+S+V+SD,1.0,1,307,0.0
tier3,2022,112,13579,188,C+KD+S+V+SD,1.0,1,247,0.0
tier3,2022,112,13579,189,M+C+KD+S+V+SD,1.0,1,315,0.0
tier3,2022,112,13579,190,L+C+KD+S+V+SD,1.0,1,263,0.0
tier3,2022,112,13579,191,M+L+C+KD+S+V+SD,1.0,1,331,0.0
tier3,2022,112,13579,192,MP+SD,0.0,0,91,0.0
tier3,2022,112,13579,193,M+MP+SD,0.0106,0,159,0.00011236
tier3,2022,112,13579,194,L+MP+SD,0.0,0,107,0.0
tier3,2022,112,13579,195,M+L+MP+SD,0.03115,1,175,0.9386703224999999
tier3,2022,112,13579,196,C+MP+SD,0.0,0,115,0.0
tier3,2022,112,13579,197,M+C+MP+SD,0.37705,1,183,0.3880667025
tier3,2022,112,13579,198,L+C+MP+SD,0.0,0,131,0.0
tier3,2022,112,13579,199,M+L+C+MP+SD,0.57325,1,199,0.18211556249999997
tier3,2022,112,13579,200,KD+MP+SD,0.0,0,110,0.0
tier3,2022,112,13579,201,M+KD+MP+SD,0.3191,1,178,0.4636248100000001
tier3,2022,112,13579,202,L+KD+MP+SD,0.0,0,126,0.0
tier3,2022,112,13579,203,M+L+KD+MP+SD,0.51995,1,194,0.23044800249999997
tier3,2022,112,13579,204,C+KD+MP+SD,0.0,0,134,0.0
tier3,2022,112,13579,205,M+C+KD+MP+SD,0.963,1,202,0.0013690000000000024
tier3,2022,112,13579,206,L+C+KD+MP+SD,0.0,0,150,0.0
tier3,2022,112,13579,207,M+L+C+KD+MP+SD,0.99545,1,218,2.0702500000000492e-05
tier3,2022,112,13579,208,S+MP+SD,0.94425,1,198,0.0031080624999999962
tier3,2022,112,13579,209,M+S+MP+SD,1.0,1,266,0.0
tier3,2022,112,13579,210,L+S+MP+SD,0.9761,1,214,0.0005712100000000016
tier3,2022,112,13579,211,M+L+S+MP+SD,1.0,1,282,0.0
tier3,2022,112,13579,212,C+S+MP+SD,0.99985,1,222,2.2499999999995043e-08
tier3,2022,112,13579,213,M+C+S+MP+SD,1.0,1,290,0.0
tier3,2022,112,13579,214,L+C+S+MP+SD,1.0,1,238,0.0
tier3,2022,112,13579,215,M+L+C+S+MP+SD,1.0,1,306,0.0
tier3,2022,112,13579,216,KD+S+MP+SD,0.99935,1,217,4.225000000000513e-07
tier3,2022,112,13579,217,M+KD+S+MP+SD,1.0,1,285,0.0
tier3,2022,112,13579,218,L+KD+S+MP+SD,1.0,1,233,0.0
tier3,2022,112,13579,219,M+L+KD+S+MP+SD,1.0,1,301,0.0
tier3,2022,112,13579,220,C+KD+S+MP+SD,1.0,1,241,0.0
tier3,2022,112,13579,221,M+C+KD+S+MP+SD,1.0,1,309,0.0
tier3,2022,112,13579,222,L+C+KD+S+MP+SD,1.0,1,257,0.0
tier3,2022,112,13579,223,M+L+C+KD+S+MP+SD,1.0,1,325,0.0
tier3,2022,112,13579,224,V+MP+SD,0.0,0,115,0.0
tier3,2022,112,13579,225,M+V+MP+SD,0.64545,1,183,0.12570570250000002
tier3,2022,112,13579,226,L+V+MP+SD,0.0,0,131,0.0
tier3,2022,112,13579,227,M+L+V+MP+SD,0.80815,1,199,0.036806422499999984
tier3,2022,112,13579,228,C+V+MP+SD,0.0,0,139,0.0
tier3,2022,112,13579,229,M+C+V+MP+SD,0.9829,1,207,0.00029241000000000016
tier3,2022,112,13579,230,L+C+V+MP+SD,0.0043,0,155,1.849e-05
tier3,2022,112,13579,231,M+L+C+V+MP+SD,0.99615,1,223,1.4822500000000155e-05
tier3,2022,112,13579,232,KD+V+MP+SD,0.0,0,134,0.0
tier3,2022,112,13579,233,M+KD+V+MP+SD,0.9713,1,202,0.000823689999999997
tier3,2022,112,13579,234,L+KD+V+MP+SD,0.0,0,150,0.0
tier3,2022,112,13579,235,M+L+KD+V+MP+SD,0.9996,1,218,1.5999999999996475e-07
tier3,2022,112,13579,236,C+KD+V+MP+SD,0.0107,0,158,0.00011448999999999998
tier3,2022,112,13579,237,M+C+KD+V+MP+SD,1.0,1,226,0.0
tier3,2022,112,13579,238,L+C+KD+V+MP+SD,0.062,0,174,0.0038439999999999998
tier3,2022,112,13579,239,M+L+C+KD+V+MP+SD,1.0,1,242,0.0
tier3,2022,112,13579,240,S+V+MP+SD,1.0,1,222,0.0
tier3,2022,112,13579,241,M+S+V+MP+SD,1.0,1,290,0.0
tier3,2022,112,13579,242,L+S+V+MP+SD,1.0,1,238,0.0
tier3,2022,112,13579,243,M+L+S+V+MP+SD,1.0,1,306,0.0
tier3,2022,112,13579,244,C+S+V+MP+SD,1.0,1,246,0.0
tier3,2022,112,13579,245,M+C+S+V+MP+SD,1.0,1,314,0.0
tier3,2022,112,13579,246,L+C+S+V+MP+SD,1.0,1,262,0.0
tier3,2022,112,13579,247,M+L+C+S+V+MP+SD,1.0,1,330,0.0
tier3,2022,112,13579,248,KD+S+V+MP+SD,1.0,1,241,0.0
tier3,2022,112,13579,249,M+KD+S+V+MP+SD,1.0,1,309,0.0
tier3,2022,112,13579,250,L+KD+S+V+MP+SD,1.0,1,257,0.0
tier3,2022,112,13579,251,M+L+KD+S+V+MP+SD,1.0,1,325,0.0
tier3,2022,112,13579,252,C+KD+S+V+MP+SD,1.0,1,265,0.0
tier3,2022,112,13579,253,M+C+KD+S+V+MP+SD,1.0,1,333,0.0
tier3,2022,112,13579,254,L+C+KD+S+V+MP+SD,1.0,1,281,0.0
tier3,2022,84,12345,1,M,0.0,0,68,0.0
tier3,2022,84,12345,2,L,0.0,0,16,0.0
tier3,2022,84,12345,3,M+L,0.0,0,84,0.0
tier3,2022,84,12345,4,C,0.0,0,24,0.0
tier3,2022,84,12345,5,M+C,0.0,0,92,0.0
tier3,2022,84,12345,6,L+C,0.0,0,40,0.0
tier3,2022,84,12345,7,M+L+C,0.0,0,108,0.0
tier3,2022,84,12345,8,KD,0.0,0,19,0.0
tier3,2022,84,12345,9,M+KD,0.0,0,87,0.0
tier3,2022,84,12345,10,L+KD,0.0,0,35,0.0
tier3,2022,84,12345,11,M+L+KD,0.0,0,103,0.0
tier3,2022,84,12345,12,C+KD,0.0,0,43,0.0
tier3,2022,84,12345,13,M+C+KD,0.0,0,111,0.0
tier3,2022,84,12345,14,L+C+KD,0.0,0,59,0.0
tier3,2022,84,12345,15,M+L+C+KD,0.0,0,127,0.0
tier3,2022,84,12345,16,S,0.0,0,107,0.0
tier3,2022,84,12345,17,M+S,0.8884,1,175,0.012454560000000007
tier3,2022,84,12345,18,L+S,0.0,0,123,0.0
tier3,2022,84,12345,19,M+L+S,0.99695,1,191,9.302499999999983e-06
tier3,2022,84,12345,20,C+S,0.00015,0,131,2.2499999999999996e-08
tier3,2022,84,12345,21,M+C+S,0.99935,1,199,4.225000000000513e-07
tier3,2022,84,12345,22,L+C+S,0.02685,0,147,0.0007209225
tier3,2022,84,12345,23,M+L+C+S,1.0,1,215,0.0
tier3,2022,84,12345,24,KD+S,0.0026,0,126,6.76e-06
tier3,2022,84,12345,25,M+KD+S,0.9953,1,194,2.2090000000000353e-05
tier3,2022,84,12345,26,L+KD+S,0.0385,0,142,0.00148225
tier3,2022,84,12345,27,M+L+KD+S,1.0,1,210,0.0
tier3,2022,84,12345,28,C+KD+S,0.1038,0,150,0.010774440000000001
tier3,2022,84,12345,29,M+C+KD+S,1.0,1,218,0.0
tier3,2022,84,12345,30,L+C+KD+S,0.5555,0,166,0.30858025
tier3,2022,84,12345,31,M+L+C+KD+S,1.0,1,234,0.0
tier3,2022,84,12345,32,V,0.0,0,24,0.0
tier3,2022,84,12345,33,M+V,0.0,0,92,0.0
tier3,2022,84,12345,34,L+V,0.0,0,40,0.0
tier3,2022,84,12345,35,M+L+V,0.0,0,108,0.0
tier3,2022,84,12345,36,C+V,0.0,0,48,0.0
tier3,2022,84,12345,37,M+C+V,0.0,0,116,0.0
tier3,2022,84,12345,38,L+C+V,0.0,0,64,0.0
tier3,2022,84,12345,39,M+L+C+V,0.0,0,132,0.0
tier3,2022,84,12345,40,KD+V,0.0,0,43,0.0
tier3,2022,84,12345,41,M+KD+V,0.0,0,111,0.0
tier3,2022,84,12345,42,L+KD+V,0.0,0,59,0.0
tier3,2022,84,12345,43,M+L+KD+V,0.0004,0,127,1.6e-07
tier3,2022,84,12345,44,C+KD+V,0.0,0,67,0.0
tier3,2022,84,12345,45,M+C+KD+V,0.00075,0,135,5.625e-07
tier3,2022,84,12345,46,L+C+KD+V,0.0,0,83,0.0
tier3,2022,84,12345,47,M+L+C+KD+V,0.071,0,151,0.0050409999999999995
tier3,2022,84,12345,48,S+V,0.00435,0,131,1.8922499999999997e-05
tier3,2022,84,12345,49,M+S+V,1.0,1,199,0.0
tier3,2022,84,12345,50,L+S+V,0.0892,0,147,0.007956640000000001
tier3,2022,84,12345,51,M+L+S+V,1.0,1,215,0.0
tier3,2022,84,12345,52,C+S+V,0.2887,0,155,0.08334769
tier3,2022,84,12345,53,M+C+S+V,1.0,1,223,0.0
tier3,2022,84,12345,54,L+C+S+V,0.88915,0,171,0.7905877225
tier3,2022,84,12345,55,M+L+C+S+V,1.0,1,239,0.0
tier3,2022,84,12345,56,KD+S+V,0.36685,0,150,0.1345789225
tier3,2022,84,12345,57,M+KD+S+V,1.0,1,218,0.0
tier3,2022,84,12345,58,L+KD+S+V,0.8896,0,166,0.7913881599999999
tier3,2022,84,12345,59,M+L+KD+S+V,1.0,1,234,0.0
tier3,2022,84,12345,60,C+KD+S+V,0.97265,0,174,0.9460480225
tier3,2022,84,12345,61,M+C+KD+S+V,1.0,1,242,0.0
tier3,2022,84,12345,62,L+C+KD+S+V,0.9987,1,190,1.6899999999999165e-06
tier3,2022,84,12345,63,M+L+C+KD+S+V,1.0,1,258,0.0
tier3,2022,84,12345,64,MP,0.0,0,18,0.0
tier3,2022,84,12345,65,M+MP,0.0,0,86,0.0
tier3,2022,84,12345,66,L+MP,0.0,0,34,0.0
tier3,2022,84,12345,67,M+L+MP,0.0,0,102,0.0
tier3,2022,84,12345,68,C+MP,0.0,0,42,0.0
tier3,2022,84,12345,69,M+C+MP,0.0,0,110,0.0
tier3,2022,84,12345,70,L+C+MP,0.0,0,58,0.0
tier3,2022,84,12345,71,M+L+C+MP,0.0,0,126,0.0
tier3,2022,84,12345,72,KD+MP,0.0,0,37,0.0
tier3,2022,84,12345,73,M+KD+MP,0.0,0,105,0.0
tier3,2022,84,12345,74,L+KD+MP,0.0,0,53,0.0
tier3,2022,84,12345,75,M+L+KD+MP,0.0,0,121,0.0
tier3,2022,84,12345,76,C+KD+MP,0.0,0,61,0.0
tier3,2022,84,12345,77,M+C+KD+MP,0.0,0,129,0.0
tier3,2022,84,12345,78,L+C+KD+MP,0.0,0,77,0.0
tier3,2022,84,12345,79,M+L+C+KD+MP,0.0,0,145,0.0
tier3,2022,84,12345,80,S+MP,0.0,0,125,0.0
tier3,2022,84,12345,81,M+S+MP,0.9767,1,193,0.0005428899999999994
tier3,2022,84,12345,82,L+S+MP,5e-05,0,141,2.5e-09
tier3,2022,84,12345,83,M+L+S+MP,1.0,1,209,0.0
tier3,2022,84,12345,84,C+S+MP,0.00025,0,149,6.25e-08
tier3,2022,84,12345,85,M+C+S+MP,1.0,1,217,0.0
tier3,2022,84,12345,86,L+C+S+MP,0.1351,0,165,0.01825201
tier3,2022,84,12345,87,M+L+C+S+MP,1.0,1,233,0.0
tier3,2022,84,12345,88,KD+S+MP,0.00355,0,144,1.2602500000000002e-05
tier3,2022,84,12345,89,M+KD+S+MP,1.0,1,212,0.0
tier3,2022,84,12345,90,L+KD+S+MP,0.1292,0,160,0.01669264
tier3,2022,84,12345,91,M+L+KD+S+MP,1.0,1,228,0.0
tier3,2022,84,12345,92,C+KD+S+MP,0.23195,0,168,0.053800802499999995
tier3,2022,84,12345,93,M+C+KD+S+MP,1.0,1,236,0.0
tier3,2022,84,12345,94,L+C+KD+S+MP,0.66455,1,184,0.11252670250000002
tier3,2022,84,12345,95,M+L+C+KD+S+MP,1.0,1,252,0.0
tier3,2022,84,12345,96,V+MP,0.0,0,42,0.0
tier3,2022,84,12345,97,M+V+MP,0.0,0,110,0.0
tier3,2022,84,12345,98,L+V+MP,0.0,0,58,0.0
tier3,2022,84,12345,99,M+L+V+MP,0.0,0,126,0.0
tier3,2022,84,12345,100,C+V+MP,0.0,0,66,0.0
tier3,2022,84,12345,101,M+C+V+MP,0.0,0,134,0.0
tier3,2022,84,12345,102,L+C+V+MP,0.0,0,82,0.0
tier3,2022,84,12345,103,M+L+C+V+MP,0.00135,0,150,1.8225000000000001e-06
tier3,2022,84,12345,104,KD+V+MP,0.0,0,61,0.0
tier3,2022,84,12345,105,M+KD+V+MP,0.0,0,129,0.0
tier3,2022,84,12345,106,L+KD+V+MP,0.0,0,77,0.0
tier3,2022,84,12345,107,M+L+KD+V+MP,0.0012,0,145,1.4399999999999998e-06
tier3,2022,84,12345,108,C+KD+V+MP,0.0,0,85,0.0
tier3,2022,84,12345,109,M+C+KD+V+MP,0.00875,0,153,7.656250000000001e-05
tier3,2022,84,12345,110,L+C+KD+V+MP,0.0,0,101,0.0
tier3,2022,84,12345,111,M+L+C+KD+V+MP,0.18675,0,169,0.0348755625
tier3,2022,84,12345,112,S+V+MP,0.005,0,149,2.5e-05
tier3,2022,84,12345,113,M+S+V+MP,1.0,1,217,0.0
tier3,2022,84,12345,114,L+S+V+MP,0.2806,0,165,0.07873636
tier3,2022,84,12345,115,M+L+S+V+MP,1.0,1,233,0.0
tier3,2022,84,12345,116,C+S+V+MP,0.51345,0,173,0.2636309025
tier3,2022,84,12345,117,M+C+S+V+MP,1.0,1,241,0.0
tier3,2022,84,12345,118,L+C+S+V+MP,0.92295,1,189,0.005936702499999992
tier3,2022,84,12345,119,M+L+C+S+V+MP,1.0,1,257,0.0
tier3,2022,84,12345,120,KD+S+V+MP,0.5764,0,168,0.33223696
tier3,2022,84,12345,121,M+KD+S+V+MP,1.0,1,236,0.0
tier3,2022,84,12345,122,L+KD+S+V+MP,0.93625,1,184,0.0040640624999999965
tier3,2022,84,12345,123,M+L+KD+S+V+MP,1.0,1,252,0.0
tier3,2022,84,12345,124,C+KD+S+V+MP,0.98595,1,192,0.0001974025000000002
tier3,2022,84,12345,125,M+C+KD+S+V+MP,1.0,1,260,0.0
tier3,2022,84,12345,126,L+C+KD+S+V+MP,0.99875,1,208,1.5624999999999334e-06
tier3,2022,84,12345,127,M+L+C+KD+S+V+MP,1.0,1,276,0.0
tier3,2022,84,12345,128,SD,0.0,0,73,0.0
tier3,2022,84,12345,129,M+SD,0.00125,0,141,1.5625e-06
tier3,2022,84,12345,130,L+SD,0.0,0,89,0.0
tier3,2022,84,12345,131,M+L+SD,0.01405,0,157,0.0001974025
tier3,2022,84,12345,132,C+SD,0.0,0,97,0.0
tier3,2022,84,12345,133,M+C+SD,0.06375,0,165,0.0040640625
tier3,2022,84,12345,134,L+C+SD,0.0,0,113,0.0
tier3,2022,84,12345,135,M+L+C+SD,0.4236,1,181,0.33223696
tier3,2022,84,12345,136,KD+SD,0.0,0,92,0.0
tier3,2022,84,12345,137,M+KD+SD,0.07705,0,160,0.005936702499999999
tier3,2022,84,12345,138,L+KD+SD,0.0,0,108,0.0
tier3,2022,84,12345,139,M+L+KD+SD,0.48655,1,176,0.2636309025
tier3,2022,84,12345,140,C+KD+SD,0.0,0,116,0.0
tier3,2022,84,12345,141,M+C+KD+SD,0.7194,1,184,0.07873635999999998
tier3,2022,84,12345,142,L+C+KD+SD,0.0,0,132,0.0
tier3,2022,84,12345,143,M+L+C+KD+SD,0.995,1,200,2.5000000000000045e-05
tier3,2022,84,12345,144,S+SD,0.81325,1,180,0.03487556249999999
tier3,2022,84,12345,145,M+S+SD,1.0,1,248,0.0
tier3,2022,84,12345,146,L+S+SD,0.99125,1,196,7.656250000000062e-05
tier3,2022,84,12345,147,M+L+S+SD,1.0,1,264,0.0
tier3,2022,84,12345,148,C+S+SD,0.9988,1,204,1.4399999999999494e-06
tier3,2022,84,12345,149,M+C+S+SD,1.0,1,272,0.0
tier3,2022,84,12345,150,L+C+S+SD,1.0,1,220,0.0
tier3,2022,84,12345,151,M+L+C+S+SD,1.0,1,288,0.0
tier3,2022,84,12345,152,KD+S+SD,0.99865,1,199,1.8224999999998983e-06
tier3,2022,84,12345,153,M+KD+S+SD,1.0,1,267,0.0
tier3,2022,84,12345,154,L+KD+S+SD,1.0,1,215,0.0
tier3,2022,84,12345,155,M+L+KD+S+SD,1.0,1,283,0.0
tier3,2022,84,12345,156,C+KD+S+SD,1.0,1,223,0.0
tier3,2022,84,12345,157,M+C+KD+S+SD,1.0,1,291,0.0
tier3,2022,84,12345,158,L+C+KD+S+SD,1.0,1,239,0.0
tier3,2022,84,12345,159,M+L+C+KD+S+SD,1.0,1,307,0.0
tier3,2022,84,12345,160,V+SD,0.0,0,97,0.0
tier3,2022,84,12345,161,M+V+SD,0.33545,0,165,0.11252670250000002
tier3,2022,84,12345,162,L+V+SD,0.0,0,113,0.0
tier3,2022,84,12345,163,M+L+V+SD,0.76805,1,181,0.053800802499999995
tier3,2022,84,12345,164,C+V+SD,0.0,0,121,0.0
tier3,2022,84,12345,165,M+C+V+SD,0.8708,1,189,0.016692639999999995
tier3,2022,84,12345,166,L+C+V+SD,0.0,0,137,0.0
tier3,2022,84,12345,167,M+L+C+V+SD,0.99645,1,205,1.2602500000000378e-05
tier3,2022,84,12345,168,KD+V+SD,0.0,0,116,0.0
tier3,2022,84,12345,169,M+KD+V+SD,0.8649,1,184,0.01825201
tier3,2022,84,12345,170,L+KD+V+SD,0.0,0,132,0.0
tier3,2022,84,12345,171,M+L+KD+V+SD,0.99975,1,200,6.249999999998623e-08
tier3,2022,84,12345,172,C+KD+V+SD,0.0,0,140,0.0
tier3,2022,84,12345,173,M+C+KD+V+SD,0.99995,1,208,2.499999999999449e-09
tier3,2022,84,12345,174,L+C+KD+V+SD,0.0233,0,156,0.0005428900000000001
tier3,2022,84,12345,175,M+L+C+KD+V+SD,1.0,1,224,0.0
tier3,2022,84,12345,176,S+V+SD,1.0,1,204,0.0
tier3,2022,84,12345,177,M+S+V+SD,1.0,1,272,0.0
tier3,2022,84,12345,178,L+S+V+SD,1.0,1,220,0.0
tier3,2022,84,12345,179,M+L+S+V+SD,1.0,1,288,0.0
tier3,2022,84,12345,180,C+S+V+SD,1.0,1,228,0.0
tier3,2022,84,12345,181,M+C+S+V+SD,1.0,1,296,0.0
tier3,2022,84,12345,182,L+C+S+V+SD,1.0,1,244,0.0
tier3,2022,84,12345,183,M+L+C+S+V+SD,1.0,1,312,0.0
tier3,2022,84,12345,184,KD+S+V+SD,1.0,1,223,0.0
tier3,2022,84,12345,185,M+KD+S+V+SD,1.0,1,291,0.0
tier3,2022,84,12345,186,L+KD+S+V+SD,1.0,1,239,0.0
tier3,2022,84,12345,187,M+L+KD+S+V+SD,1.0,1,307,0.0
tier3,2022,84,12345,188,C+KD+S+V+SD,1.0,1,247,0.0
tier3,2022,84,12345,189,M+C+KD+S+V+SD,1.0,1,315,0.0
tier3,2022,84,12345,190,L+C+KD+S+V+SD,1.0,1,263,0.0
tier3,2022,84,12345,191,M+L+C+KD+S+V+SD,1.0,1,331,0.0
tier3,2022,84,12345,192,MP+SD,0.0,0,91,0.0
tier3,2022,84,12345,193,M+MP+SD,0.0013,0,159,1.69e-06
tier3,2022,84,12345,194,L+MP+SD,0.0,0,107,0.0
tier3,2022,84,12345,195,M+L+MP+SD,0.02735,1,175,0.9460480225
tier3,2022,84,12345,196,C+MP+SD,0.0,0,115,0.0
tier3,2022,84,12345,197,M+C+MP+SD,0.1104,1,183,0.7913881599999999
tier3,2022,84,12345,198,L+C+MP+SD,0.0,0,131,0.0
tier3,2022,84,12345,199,M+L+C+MP+SD,0.63315,1,199,0.1345789225
tier3,2022,84,12345,200,KD+MP+SD,0.0,0,110,0.0
tier3,2022,84,12345,201,M+KD+MP+SD,0.11085,1,178,0.7905877225
tier3,2022,84,12345,202,L+KD+MP+SD,0.0,0,126,0.0
tier3,2022,84,12345,203,M+L+KD+MP+SD,0.7113,1,194,0.08334768999999997
tier3,2022,84,12345,204,C+KD+MP+SD,0.0,0,134,0.0
tier3,2022,84,12345,205,M+C+KD+MP+SD,0.9108,1,202,0.00795663999999999
tier3,2022,84,12345,206,L+C+KD+MP+SD,0.0,0,150,0.0
tier3,2022,84,12345,207,M+L+C+KD+MP+SD,0.99565,1,218,1.8922499999999696e-05
tier3,2022,84,12345,208,S+MP+SD,0.929,1,198,0.005040999999999993
tier3,2022,84,12345,209,M+S+MP+SD,1.0,1,266,0.0
tier3,2022,84,12345,210,L+S+MP+SD,0.99925,1,214,5.625000000000427e-07
tier3,2022,84,12345,211,M+L+S+MP+SD,1.0,1,282,0.0
tier3,2022,84,12345,212,C+S+MP+SD,0.9996,1,222,1.5999999999996475e-07
tier3,2022,84,12345,213,M+C+S+MP+SD,1.0,1,290,0.0
tier3,2022,84,12345,214,L+C+S+MP+SD,1.0,1,238,0.0
tier3,2022,84,12345,215,M+L+C+S+MP+SD,1.0,1,306,0.0
tier3,2022,84,12345,216,KD+S+MP+SD,1.0,1,217,0.0
tier3,2022,84,12345,217,M+KD+S+MP+SD,1.0,1,285,0.0
tier3,2022,84,12345,218,L+KD+S+MP+SD,1.0,1,233,0.0
tier3,2022,84,12345,219,M+L+KD+S+MP+SD,1.0,1,301,0.0
tier3,2022,84,12345,220,C+KD+S+MP+SD,1.0,1,241,0.0
tier3,2022,84,12345,221,M+C+KD+S+MP+SD,1.0,1,309,0.0
tier3,2022,84,12345,222,L+C+KD+S+MP+SD,1.0,1,257,0.0
tier3,2022,84,12345,223,M+L+C+KD+S+MP+SD,1.0,1,325,0.0
tier3,2022,84,12345,224,V+MP+SD,0.0,0,115,0.0
tier3,2022,84,12345,225,M+V+MP+SD,0.4445,1,183,0.30858025
tier3,2022,84,12345,226,L+V+MP+SD,0.0,0,131,0.0
tier3,2022,84,12345,227,M+L+V+MP+SD,0.8962,1,199,0.010774440000000001
tier3,2022,84,12345,228,C+V+MP+SD,0.0,0,139,0.0
tier3,2022,84,12345,229,M+C+V+MP+SD,0.9615,1,207,0.0014822499999999983
tier3,2022,84,12345,230,L+C+V+MP+SD,0.0047,0,155,2.209e-05
tier3,2022,84,12345,231,M+L+C+V+MP+SD,0.9974,1,223,6.760000000000243e-06
tier3,2022,84,12345,232,KD+V+MP+SD,0.0,0,134,0.0
tier3,2022,84,12345,233,M+KD+V+MP+SD,0.97315,1,202,0.0007209225000000022
tier3,2022,84,12345,234,L+KD+V+MP+SD,0.00065,0,150,4.225e-07
tier3,2022,84,12345,235,M+L+KD+V+MP+SD,0.99985,1,218,2.2499999999995043e-08
tier3,2022,84,12345,236,C+KD+V+MP+SD,0.00305,0,158,9.302500000000001e-06
tier3,2022,84,12345,237,M+C+KD+V+MP+SD,1.0,1,226,0.0
tier3,2022,84,12345,238,L+C+KD+V+MP+SD,0.1116,0,174,0.012454560000000002
tier3,2022,84,12345,239,M+L+C+KD+V+MP+SD,1.0,1,242,0.0
tier3,2022,84,12345,240,S+V+MP+SD,1.0,1,222,0.0
tier3,2022,84,12345,241,M+S+V+MP+SD,1.0,1,290,0.0
tier3,2022,84,12345,242,L+S+V+MP+SD,1.0,1,238,0.0
tier3,2022,84,12345,243,M+L+S+V+MP+SD,1.0,1,306,0.0
tier3,2022,84,12345,244,C+S+V+MP+SD,1.0,1,246,0.0
tier3,2022,84,12345,245,M+C+S+V+MP+SD,1.0,1,314,0.0
tier3,2022,84,12345,246,L+C+S+V+MP+SD,1.0,1,262,0.0
tier3,2022,84,12345,247,M+L+C+S+V+MP+SD,1.0,1,330,0.0
tier3,2022,84,12345,248,KD+S+V+MP+SD,1.0,1,241,0.0
tier3,2022,84,12345,249,M+KD+S+V+MP+SD,1.0,1,309,0.0
tier3,2022,84,12345,250,L+KD+S+V+MP+SD,1.0,1,257,0.0
tier3,2022,84,12345,251,M+L+KD+S+V+MP+SD,1.0,1,325,0.0
tier3,2022,84,12345,252,C+KD+S+V+MP+SD,1.0,1,265,0.0
tier3,2022,84,12345,253,M+C+KD+S+V+MP+SD,1.0,1,333,0.0
tier3,2022,84,12345,254,L+C+KD+S+V+MP+SD,1.0,1,281,0.0
tier3,2022,84,24680,1,M,0.0,0,68,0.0
tier3,2022,84,24680,2,L,0.0,0,16,0.0
tier3,2022,84,24680,3,M+L,0.0,0,84,0.0
tier3,2022,84,24680,4,C,0.0,0,24,0.0
tier3,2022,84,24680,5,M+C,0.0,0,92,0.0
tier3,2022,84,24680,6,L+C,0.0,0,40,0.0
tier3,2022,84,24680,7,M+L+C,0.0,0,108,0.0
tier3,2022,84,24680,8,KD,0.0,0,19,0.0
tier3,2022,84,24680,9,M+KD,0.0,0,87,0.0
tier3,2022,84,24680,10,L+KD,0.0,0,35,0.0
tier3,2022,84,24680,11,M+L+KD,0.0,0,103,0.0
tier3,2022,84,24680,12,C+KD,0.0,0,43,0.0
tier3,2022,84,24680,13,M+C+KD,0.0,0,111,0.0
tier3,2022,84,24680,14,L+C+KD,0.0,0,59,0.0
tier3,2022,84,24680,15,M+L+C+KD,0.0,0,127,0.0
tier3,2022,84,24680,16,S,0.0,0,107,0.0
tier3,2022,84,24680,17,M+S,0.8898,1,175,0.012144039999999991
tier3,2022,84,24680,18,L+S,0.0,0,123,0.0
tier3,2022,84,24680,19,M+L+S,0.99705,1,191,8.702500000000048e-06
tier3,2022,84,24680,20,C+S,0.00015,0,131,2.2499999999999996e-08
tier3,2022,84,24680,21,M+C+S,0.9995,1,199,2.4999999999994493e-07
tier3,2022,84,24680,22,L+C+S,0.02735,0,147,0.0007480224999999999
tier3,2022,84,24680,23,M+L+C+S,1.0,1,215,0.0
tier3,2022,84,24680,24,KD+S,0.0022,0,126,4.84e-06
tier3,2022,84,24680,25,M+KD+S,0.9956,1,194,1.9359999999999645e-05
tier3,2022,84,24680,26,L+KD+S,0.03815,0,142,0.0014554225000000002
tier3,2022,84,24680,27,M+L+KD+S,1.0,1,210,0.0
tier3,2022,84,24680,28,C+KD+S,0.107,0,150,0.011448999999999999
tier3,2022,84,24680,29,M+C+KD+S,1.0,1,218,0.0
tier3,2022,84,24680,30,L+C+KD+S,0.5654,0,166,0.31967716
tier3,2022,84,24680,31,M+L+C+KD+S,1.0,1,234,0.0
tier3,2022,84,24680,32,V,0.0,0,24,0.0
tier3,2022,84,24680,33,M+V,0.0,0,92,0.0
tier3,2022,84,24680,34,L+V,0.0,0,40,0.0
tier3,2022,84,24680,35,M+L+V,0.0,0,108,0.0
tier3,2022,84,24680,36,C+V,0.0,0,48,0.0
tier3,2022,84,24680,37,M+C+V,0.0,0,116,0.0
tier3,2022,84,24680,38,L+C+V,0.0,0,64,0.0
tier3,2022,84,24680,39,M+L+C+V,0.0,0,132,0.0
tier3,2022,84,24680,40,KD+V,0.0,0,43,0.0
tier3,2022,84,24680,41,M+KD+V,0.0,0,111,0.0
tier3,2022,84,24680,42,L+KD+V,0.0,0,59,0.0
tier3,2022,84,24680,43,M+L+KD+V,0.00055,0,127,3.025e-07
tier3,2022,84,24680,44,C+KD+V,0.0,0,67,0.0
tier3,2022,84,24680,45,M+C+KD+V,0.00075,0,135,5.625e-07
tier3,2022,84,24680,46,L+C+KD+V,0.0,0,83,0.0
tier3,2022,84,24680,47,M+L+C+KD+V,0.06985,0,151,0.004879022499999999
tier3,2022,84,24680,48,S+V,0.00425,0,131,1.8062500000000002e-05
tier3,2022,84,24680,49,M+S+V,1.0,1,199,0.0
tier3,2022,84,24680,50,L+S+V,0.08925,0,147,0.007965562499999999
tier3,2022,84,24680,51,M+L+S+V,1.0,1,215,0.0
tier3,2022,84,24680,52,C+S+V,0.2868,0,155,0.08225424
tier3,2022,84,24680,53,M+C+S+V,1.0,1,223,0.0
tier3,2022,84,24680,54,L+C+S+V,0.8907,0,171,0.7933464900000001
tier3,2022,84,24680,55,M+L+C+S+V,1.0,1,239,0.0
tier3,2022,84,24680,56,KD+S+V,0.3692,0,150,0.13630863999999998
tier3,2022,84,24680,57,M+KD+S+V,1.0,1,218,0.0
tier3,2022,84,24680,58,L+KD+S+V,0.8965,0,166,0.8037122499999999
tier3,2022,84,24680,59,M+L+KD+S+V,1.0,1,234,0.0
tier3,2022,84,24680,60,C+KD+S+V,0.9743,0,174,0.9492604900000001
tier3,2022,84,24680,61,M+C+KD+S+V,1.0,1,242,0.0
tier3,2022,84,24680,62,L+C+KD+S+V,0.99905,1,190,9.025000000000121e-07
tier3,2022,84,24680,63,M+L+C+KD+S+V,1.0,1,258,0.0
tier3,2022,84,24680,64,MP,0.0,0,18,0.0
tier3,2022,84,24680,65,M+MP,0.0,0,86,0.0
tier3,2022,84,24680,66,L+MP,0.0,0,34,0.0
tier3,2022,84,24680,67,M+L+MP,0.0,0,102,0.0
tier3,2022,84,24680,68,C+MP,0.0,0,42,0.0
tier3,2022,84,24680,69,M+C+MP,0.0,0,110,0.0
tier3,2022,84,24680,70,L+C+MP,0.0,0,58,0.0
tier3,2022,84,24680,71,M+L+C+MP,0.0,0,126,0.0
tier3,2022,84,24680,72,KD+MP,0.0,0,37,0.0
tier3,2022,84,24680,73,M+KD+MP,0.0,0,105,0.0
tier3,2022,84,24680,74,L+KD+MP,0.0,0,53,0.0
tier3,2022,84,24680,75,M+L+KD+MP,0.0,0,121,0.0
tier3,2022,84,24680,76,C+KD+MP,0.0,0,61,0.0
tier3,2022,84,24680,77,M+C+KD+MP,0.0,0,129,0.0
tier3,2022,84,24680,78,L+C+KD+MP,0.0,0,77,0.0
tier3,2022,84,24680,79,M+L+C+KD+MP,0.0,0,145,0.0
tier3,2022,84,24680,80,S+MP,0.0,0,125,0.0
tier3,2022,84,24680,81,M+S+MP,0.9777,1,193,0.0004972899999999994
tier3,2022,84,24680,82,L+S+MP,0.00015,0,141,2.2499999999999996e-08
tier3,2022,84,24680,83,M+L+S+MP,1.0,1,209,0.0
tier3,2022,84,24680,84,C+S+MP,0.0003,0,149,8.999999999999999e-08
tier3,2022,84,24680,85,M+C+S+MP,1.0,1,217,0.0
tier3,2022,84,24680,86,L+C+S+MP,0.13365,0,165,0.017862322499999996
tier3,2022,84,24680,87,M+L+C+S+MP,1.0,1,233,0.0
tier3,2022,84,24680,88,KD+S+MP,0.0033,0,144,1.0889999999999999e-05
tier3,2022,84,24680,89,M+KD+S+MP,1.0,1,212,0.0
tier3,2022,84,24680,90,L+KD+S+MP,0.12775,0,160,0.0163200625
tier3,2022,84,24680,91,M+L+KD+S+MP,1.0,1,228,0.0
tier3,2022,84,24680,92,C+KD+S+MP,0.2309,0,168,0.05331481
tier3,2022,84,24680,93,M+C+KD+S+MP,1.0,1,236,0.0
tier3,2022,84,24680,94,L+C+KD+S+MP,0.66915,1,184,0.10946172249999998
tier3,2022,84,24680,95,M+L+C+KD+S+MP,1.0,1,252,0.0
tier3,2022,84,24680,96,V+MP,0.0,0,42,0.0
tier3,2022,84,24680,97,M+V+MP,0.0,0,110,0.0
tier3,2022,84,24680,98,L+V+MP,0.0,0,58,0.0
tier3,2022,84,24680,99,M+L+V+MP,0.0,0,126,0.0
tier3,2022,84,24680,100,C+V+MP,0.0,0,66,0.0
tier3,2022,84,24680,101,M+C+V+MP,0.0,0,134,0.0
tier3,2022,84,24680,102,L+C+V+MP,0.0,0,82,0.0
tier3,2022,84,24680,103,M+L+C+V+MP,0.00175,0,150,3.0625000000000003e-06
tier3,2022,84,24680,104,KD+V+MP,0.0,0,61,0.0
tier3,2022,84,24680,105,M+KD+V+MP,0.0,0,129,0.0
tier3,2022,84,24680,106,L+KD+V+MP,0.0,0,77,0.0
tier3,2022,84,24680,107,M+L+KD+V+MP,0.001,0,145,1e-06
tier3,2022,84,24680,108,C+KD+V+MP,0.0,0,85,0.0
tier3,2022,84,24680,109,M+C+KD+V+MP,0.00765,0,153,5.8522499999999994e-05
tier3,2022,84,24680,110,L+C+KD+V+MP,0.0,0,101,0.0
tier3,2022,84,24680,111,M+L+C+KD+V+MP,0.1846,0,169,0.034077159999999995
tier3,2022,84,24680,112,S+V+MP,0.00515,0,149,2.6522500000000002e-05
tier3,2022,84,24680,113,M+S+V+MP,1.0,1,217,0.0
tier3,2022,84,24680,114,L+S+V+MP,0.2789,0,165,0.07778521
tier3,2022,84,24680,115,M+L+S+V+MP,1.0,1,233,0.0
tier3,2022,84,24680,116,C+S+V+MP,0.5076,0,173,0.25765776000000007
tier3,2022,84,24680,117,M+C+S+V+MP,1.0,1,241,0.0
tier3,2022,84,24680,118,L+C+S+V+MP,0.9219,1,189,0.006099609999999991
tier3,2022,84,24680,119,M+L+C+S+V+MP,1.0,1,257,0.0
tier3,2022,84,24680,120,KD+S+V+MP,0.57835,0,168,0.33448872250000006
tier3,2022,84,24680,121,M+KD+S+V+MP,1.0,1,236,0.0
tier3,2022,84,24680,122,L+KD+S+V+MP,0.9393,1,184,0.0036844899999999973
tier3,2022,84,24680,123,M+L+KD+S+V+MP,1.0,1,252,0.0
tier3,2022,84,24680,124,C+KD+S+V+MP,0.9863,1,192,0.00018769000000000123
tier3,2022,84,24680,125,M+C+KD+S+V+MP,1.0,1,260,0.0
tier3,2022,84,24680,126,L+C+KD+S+V+MP,0.99905,1,208,9.025000000000121e-07
tier3,2022,84,24680,127,M+L+C+KD+S+V+MP,1.0,1,276,0.0
tier3,2022,84,24680,128,SD,0.0,0,73,0.0
tier3,2022,84,24680,129,M+SD,0.00095,0,141,9.025e-07
tier3,2022,84,24680,130,L+SD,0.0,0,89,0.0
tier3,2022,84,24680,131,M+L+SD,0.0137,0,157,0.00018769000000000001
tier3,2022,84,24680,132,C+SD,0.0,0,97,0.0
tier3,2022,84,24680,133,M+C+SD,0.0607,0,165,0.0036844899999999995
tier3,2022,84,24680,134,L+C+SD,0.0,0,113,0.0
tier3,2022,84,24680,135,M+L+C+SD,0.42165,1,181,0.3344887224999999
tier3,2022,84,24680,136,KD+SD,0.0,0,92,0.0
tier3,2022,84,24680,137,M+KD+SD,0.0781,0,160,0.00609961
tier3,2022,84,24680,138,L+KD+SD,0.0,0,108,0.0
tier3,2022,84,24680,139,M+L+KD+SD,0.4924,1,176,0.25765776000000007
tier3,2022,84,24680,140,C+KD+SD,0.0,0,116,0.0
tier3,2022,84,24680,141,M+C+KD+SD,0.7211,1,184,0.07778521000000002
tier3,2022,84,24680,142,L+C+KD+SD,0.0,0,132,0.0
tier3,2022,84,24680,143,M+L+C+KD+SD,0.99485,1,200,2.6522499999999877e-05
tier3,2022,84,24680,144,S+SD,0.8154,1,180,0.034077159999999995
tier3,2022,84,24680,145,M+S+SD,1.0,1,248,0.0
tier3,2022,84,24680,146,L+S+SD,0.99235,1,196,5.85225000000007e-05
tier3,2022,84,24680,147,M+L+S+SD,1.0,1,264,0.0
tier3,2022,84,24680,148,C+S+SD,0.999,1,204,1.0000000000000019e-06
tier3,2022,84,24680,149,M+C+S+SD,1.0,1,272,0.0
tier3,2022,84,24680,150,L+C+S+SD,1.0,1,220,0.0
tier3,2022,84,24680,151,M+L+C+S+SD,1.0,1,288,0.0
tier3,2022,84,24680,152,KD+S+SD,0.99825,1,199,3.0625000000001024e-06
tier3,2022,84,24680,153,M+KD+S+SD,1.0,1,267,0.0
tier3,2022,84,24680,154,L+KD+S+SD,1.0,1,215,0.0
tier3,2022,84,24680,155,M+L+KD+S+SD,1.0,1,283,0.0
tier3,2022,84,24680,156,C+KD+S+SD,1.0,1,223,0.0
tier3,2022,84,24680,157,M+C+KD+S+SD,1.0,1,291,0.0
tier3,2022,84,24680,158,L+C+KD+S+SD,1.0,1,239,0.0
tier3,2022,84,24680,159,M+L+C+KD+S+SD,1.0,1,307,0.0
tier3,2022,84,24680,160,V+SD,0.0,0,97,0.0
tier3,2022,84,24680,161,M+V+SD,0.33085,0,165,0.10946172249999998
tier3,2022,84,24680,162,L+V+SD,0.0,0,113,0.0
tier3,2022,84,24680,163,M+L+V+SD,0.7691,1,181,0.05331481
tier3,2022,84,24680,164,C+V+SD,0.0,0,121,0.0
tier3,2022,84,24680,165,M+C+V+SD,0.87225,1,189,0.016320062500000006
tier3,2022,84,24680,166,L+C+V+SD,0.0,0,137,0.0
tier3,2022,84,24680,167,M+L+C+V+SD,0.9967,1,205,1.08899999999998e-05
tier3,2022,84,24680,168,KD+V+SD,0.0,0,116,0.0
tier3,2022,84,24680,169,M+KD+V+SD,0.86635,1,184,0.017862322500000014
tier3,2022,84,24680,170,L+KD+V+SD,0.0,0,132,0.0
tier3,2022,84,24680,171,M+L+KD+V+SD,0.9997,1,200,8.999999999998017e-08
tier3,2022,84,24680,172,C+KD+V+SD,0.0,0,140,0.0
tier3,2022,84,24680,173,M+C+KD+V+SD,0.99985,1,208,2.2499999999995043e-08
tier3,2022,84,24680,174,L+C+KD+V+SD,0.0223,0,156,0.0004972900000000001
tier3,2022,84,24680,175,M+L+C+KD+V+SD,1.0,1,224,0.0
tier3,2022,84,24680,176,S+V+SD,1.0,1,204,0.0
tier3,2022,84,24680,177,M+S+V+SD,1.0,1,272,0.0
tier3,2022,84,24680,178,L+S+V+SD,1.0,1,220,0.0
tier3,2022,84,24680,179,M+L+S+V+SD,1.0,1,288,0.0
tier3,2022,84,24680,180,C+S+V+SD,1.0,1,228,0.0
tier3,2022,84,24680,181,M+C+S+V+SD,1.0,1,296,0.0
tier3,2022,84,24680,182,L+C+S+V+SD,1.0,1,244,0.0
tier3,2022,84,24680,183,M+L+C+S+V+SD,1.0,1,312,0.0
tier3,2022,84,24680,184,KD+S+V+SD,1.0,1,223,0.0
tier3,2022,84,24680,185,M+KD+S+V+SD,1.0,1,291,0.0
tier3,2022,84,24680,186,L+KD+S+V+SD,1.0,1,239,0.0
tier3,2022,84,24680,187,M+L+KD+S+V+SD,1.0,1,307,0.0
tier3,2022,84,24680,188,C+KD+S+V+SD,1.0,1,247,0.0
tier3,2022,84,24680,189,M+C+KD+S+V+SD,1.0,1,315,0.0
tier3,2022,84,24680,190,L+C+KD+S+V+SD,1.0,1,263,0.0
tier3,2022,84,24680,191,M+L+C+KD+S+V+SD,1.0,1,331,0.0
tier3,2022,84,24680,192,MP+SD,0.0,0,91,0.0
tier3,2022,84,24680,193,M+MP+SD,0.00095,0,159,9.025e-07
tier3,2022,84,24680,194,L+MP+SD,0.0,0,107,0.0
tier3,2022,84,24680,195,M+L+MP+SD,0.0257,1,175,0.9492604899999999
tier3,2022,84,24680,196,C+MP+SD,0.0,0,115,0.0
tier3,2022,84,24680,197,M+C+MP+SD,0.1035,1,183,0.8037122499999999
tier3,2022,84,24680,198,L+C+MP+SD,0.0,0,131,0.0
tier3,2022,84,24680,199,M+L+C+MP+SD,0.6308,1,199,0.13630863999999998
tier3,2022,84,24680,200,KD+MP+SD,0.0,0,110,0.0
tier3,2022,84,24680,201,M+KD+MP+SD,0.1093,1,178,0.7933464900000001
tier3,2022,84,24680,202,L+KD+MP+SD,0.0,0,126,0.0
tier3,2022,84,24680,203,M+L+KD+MP+SD,0.7132,1,194,0.08225424000000003
tier3,2022,84,24680,204,C+KD+MP+SD,0.0,0,134,0.0
tier3,2022,84,24680,205,M+C+KD+MP+SD,0.91075,1,202,0.007965562500000009
tier3,2022,84,24680,206,L+C+KD+MP+SD,0.0,0,150,0.0
tier3,2022,84,24680,207,M+L+C+KD+MP+SD,0.99575,1,218,1.8062499999999795e-05
tier3,2022,84,24680,208,S+MP+SD,0.93015,1,198,0.004879022499999996
tier3,2022,84,24680,209,M+S+MP+SD,1.0,1,266,0.0
tier3,2022,84,24680,210,L+S+MP+SD,0.99925,1,214,5.625000000000427e-07
tier3,2022,84,24680,211,M+L+S+MP+SD,1.0,1,282,0.0
tier3,2022,84,24680,212,C+S+MP+SD,0.99945,1,222,3.025000000000555e-07
tier3,2022,84,24680,213,M+C+S+MP+SD,1.0,1,290,0.0
tier3,2022,84,24680,214,L+C+S+MP+SD,1.0,1,238,0.0
tier3,2022,84,24680,215,M+L+C+S+MP+SD,1.0,1,306,0.0
tier3,2022,84,24680,216,KD+S+MP+SD,1.0,1,217,0.0
tier3,2022,84,24680,217,M+KD+S+MP+SD,1.0,1,285,0.0
tier3,2022,84,24680,218,L+KD+S+MP+SD,1.0,1,233,0.0
tier3,2022,84,24680,219,M+L+KD+S+MP+SD,1.0,1,301,0.0
tier3,2022,84,24680,220,C+KD+S+MP+SD,1.0,1,241,0.0
tier3,2022,84,24680,221,M+C+KD+S+MP+SD,1.0,1,309,0.0
tier3,2022,84,24680,222,L+C+KD+S+MP+SD,1.0,1,257,0.0
tier3,2022,84,24680,223,M+L+C+KD+S+MP+SD,1.0,1,325,0.0
tier3,2022,84,24680,224,V+MP+SD,0.0,0,115,0.0
tier3,2022,84,24680,225,M+V+MP+SD,0.4346,1,183,0.31967716
tier3,2022,84,24680,226,L+V+MP+SD,0.0,0,131,0.0
tier3,2022,84,24680,227,M+L+V+MP+SD,0.893,1,199,0.011448999999999997
tier3,2022,84,24680,228,C+V+MP+SD,0.0,0,139,0.0
tier3,2022,84,24680,229,M+C+V+MP+SD,0.96185,1,207,0.0014554225000000013
tier3,2022,84,24680,230,L+C+V+MP+SD,0.0044,0,155,1.936e-05
tier3,2022,84,24680,231,M+L+C+V+MP+SD,0.9978,1,223,4.839999999999911e-06
tier3,2022,84,24680,232,KD+V+MP+SD,0.0,0,134,0.0
tier3,2022,84,24680,233,M+KD+V+MP+SD,0.97265,1,202,0.0007480224999999992
tier3,2022,84,24680,234,L+KD+V+MP+SD,0.0005,0,150,2.5e-07
tier3,2022,84,24680,235,M+L+KD+V+MP+SD,0.99985,1,218,2.2499999999995043e-08
tier3,2022,84,24680,236,C+KD+V+MP+SD,0.00295,0,158,8.7025e-06
tier3,2022,84,24680,237,M+C+KD+V+MP+SD,1.0,1,226,0.0
tier3,2022,84,24680,238,L+C+KD+V+MP+SD,0.1102,0,174,0.012144040000000002
tier3,2022,84,24680,239,M+L+C+KD+V+MP+SD,1.0,1,242,0.0
tier3,2022,84,24680,240,S+V+MP+SD,1.0,1,222,0.0
tier3,2022,84,24680,241,M+S+V+MP+SD,1.0,1,290,0.0
tier3,2022,84,24680,242,L+S+V+MP+SD,1.0,1,238,0.0
tier3,2022,84,24680,243,M+L+S+V+MP+SD,1.0,1,306,0.0
tier3,2022,84,24680,244,C+S+V+MP+SD,1.0,1,246,0.0
tier3,2022,84,24680,245,M+C+S+V+MP+SD,1.0,1,314,0.0
tier3,2022,84,24680,246,L+C+S+V+MP+SD,1.0,1,262,0.0
tier3,2022,84,24680,247,M+L+C+S+V+MP+SD,1.0,1,330,0.0
tier3,2022,84,24680,248,KD+S+V+MP+SD,1.0,1,241,0.0
tier3,2022,84,24680,249,M+KD+S+V+MP+SD,1.0,1,309,0.0
tier3,2022,84,24680,250,L+KD+S+V+MP+SD,1.0,1,257,0.0
tier3,2022,84,24680,251,M+L+KD+S+V+MP+SD,1.0,1,325,0.0
tier3,2022,84,24680,252,C+KD+S+V+MP+SD,1.0,1,265,0.0
tier3,2022,84,24680,253,M+C+KD+S+V+MP+SD,1.0,1,333,0.0
tier3,2022,84,24680,254,L+C+KD+S+V+MP+SD,1.0,1,281,0.0
tier3,2022,84,98765,1,M,0.0,0,68,0.0
tier3,2022,84,98765,2,L,0.0,0,16,0.0
tier3,2022,84,98765,3,M+L,0.0,0,84,0.0
tier3,2022,84,98765,4,C,0.0,0,24,0.0
tier3,2022,84,98765,5,M+C,0.0,0,92,0.0
tier3,2022,84,98765,6,L+C,0.0,0,40,0.0
tier3,2022,84,98765,7,M+L+C,0.0,0,108,0.0
tier3,2022,84,98765,8,KD,0.0,0,19,0.0
tier3,2022,84,98765,9,M+KD,0.0,0,87,0.0
tier3,2022,84,98765,10,L+KD,0.0,0,35,0.0
tier3,2022,84,98765,11,M+L+KD,0.0,0,103,0.0
tier3,2022,84,98765,12,C+KD,0.0,0,43,0.0
tier3,2022,84,98765,13,M+C+KD,0.0,0,111,0.0
tier3,2022,84,98765,14,L+C+KD,0.0,0,59,0.0
tier3,2022,84,98765,15,M+L+C+KD,0.0,0,127,0.0
tier3,2022,84,98765,16,S,0.0,0,107,0.0
tier3,2022,84,98765,17,M+S,0.88255,1,175,0.013794502500000012
tier3,2022,84,98765,18,L+S,0.0,0,123,0.0
tier3,2022,84,98765,19,M+L+S,0.9966,1,191,1.1559999999999718e-05
tier3,2022,84,98765,20,C+S,0.00025,0,131,6.25e-08
tier3,2022,84,98765,21,M+C+S,0.9995,1,199,2.4999999999994493e-07
tier3,2022,84,98765,22,L+C+S,0.0266,0,147,0.00070756
tier3,2022,84,98765,23,M+L+C+S,1.0,1,215,0.0
tier3,2022,84,98765,24,KD+S,0.00225,0,126,5.062499999999999e-06
tier3,2022,84,98765,25,M+KD+S,0.99585,1,194,1.722249999999989e-05
tier3,2022,84,98765,26,L+KD+S,0.0377,0,142,0.0014212899999999997
tier3,2022,84,98765,27,M+L+KD+S,1.0,1,210,0.0
tier3,2022,84,98765,28,C+KD+S,0.10225,0,150,0.010455062499999999
tier3,2022,84,98765,29,M+C+KD+S,1.0,1,218,0.0
tier3,2022,84,98765,30,L+C+KD+S,0.5581,0,166,0.31147561000000007
tier3,2022,84,98765,31,M+L+C+KD+S,1.0,1,234,0.0
tier3,2022,84,98765,32,V,0.0,0,24,0.0
tier3,2022,84,98765,33,M+V,0.0,0,92,0.0
tier3,2022,84,98765,34,L+V,0.0,0,40,0.0
tier3,2022,84,98765,35,M+L+V,0.0,0,108,0.0
tier3,2022,84,98765,36,C+V,0.0,0,48,0.0
tier3,2022,84,98765,37,M+C+V,0.0,0,116,0.0
tier3,2022,84,98765,38,L+C+V,0.0,0,64,0.0
tier3,2022,84,98765,39,M+L+C+V,0.0,0,132,0.0
tier3,2022,84,98765,40,KD+V,0.0,0,43,0.0
tier3,2022,84,98765,41,M+KD+V,0.0,0,111,0.0
tier3,2022,84,98765,42,L+KD+V,0.0,0,59,0.0
tier3,2022,84,98765,43,M+L+KD+V,0.0003,0,127,8.999999999999999e-08
tier3,2022,84,98765,44,C+KD+V,0.0,0,67,0.0
tier3,2022,84,98765,45,M+C+KD+V,0.00135,0,135,1.8225000000000001e-06
tier3,2022,84,98765,46,L+C+KD+V,0.0,0,83,0.0
tier3,2022,84,98765,47,M+L+C+KD+V,0.0724,0,151,0.005241760000000001
tier3,2022,84,98765,48,S+V,0.0042,0,131,1.7639999999999997e-05
tier3,2022,84,98765,49,M+S+V,1.0,1,199,0.0
tier3,2022,84,98765,50,L+S+V,0.08675,0,147,0.007525562499999999
tier3,2022,84,98765,51,M+L+S+V,1.0,1,215,0.0
tier3,2022,84,98765,52,C+S+V,0.27425,0,155,0.0752130625
tier3,2022,84,98765,53,M+C+S+V,1.0,1,223,0.0
tier3,2022,84,98765,54,L+C+S+V,0.89095,0,171,0.7937919025
tier3,2022,84,98765,55,M+L+C+S+V,1.0,1,239,0.0
tier3,2022,84,98765,56,KD+S+V,0.35815,0,150,0.1282714225
tier3,2022,84,98765,57,M+KD+S+V,1.0,1,218,0.0
tier3,2022,84,98765,58,L+KD+S+V,0.89355,0,166,0.7984316024999999
tier3,2022,84,98765,59,M+L+KD+S+V,1.0,1,234,0.0
tier3,2022,84,98765,60,C+KD+S+V,0.97395,0,174,0.9485786024999999
tier3,2022,84,98765,61,M+C+KD+S+V,1.0,1,242,0.0
tier3,2022,84,98765,62,L+C+KD+S+V,0.9991,1,190,8.100000000000215e-07
tier3,2022,84,98765,63,M+L+C+KD+S+V,1.0,1,258,0.0
tier3,2022,84,98765,64,MP,0.0,0,18,0.0
tier3,2022,84,98765,65,M+MP,0.0,0,86,0.0
tier3,2022,84,98765,66,L+MP,0.0,0,34,0.0
tier3,2022,84,98765,67,M+L+MP,0.0,0,102,0.0
tier3,2022,84,98765,68,C+MP,0.0,0,42,0.0
tier3,2022,84,98765,69,M+C+MP,0.0,0,110,0.0
tier3,2022,84,98765,70,L+C+MP,0.0,0,58,0.0
tier3,2022,84,98765,71,M+L+C+MP,0.0,0,126,0.0
tier3,2022,84,98765,72,KD+MP,0.0,0,37,0.0
tier3,2022,84,98765,73,M+KD+MP,0.0,0,105,0.0
tier3,2022,84,98765,74,L+KD+MP,0.0,0,53,0.0
tier3,2022,84,98765,75,M+L+KD+MP,0.0,0,121,0.0
tier3,2022,84,98765,76,C+KD+MP,0.0,0,61,0.0
tier3,2022,84,98765,77,M+C+KD+MP,0.0,0,129,0.0
tier3,2022,84,98765,78,L+C+KD+MP,0.0,0,77,0.0
tier3,2022,84,98765,79,M+L+C+KD+MP,0.0,0,145,0.0
tier3,2022,84,98765,80,S+MP,0.0,0,125,0.0
tier3,2022,84,98765,81,M+S+MP,0.976,1,193,0.000576000000000001
tier3,2022,84,98765,82,L+S+MP,0.00015,0,141,2.2499999999999996e-08
tier3,2022,84,98765,83,M+L+S+MP,0.9999,1,209,9.999999999997797e-09
tier3,2022,84,98765,84,C+S+MP,0.00045,0,149,2.025e-07
tier3,2022,84,98765,85,M+C+S+MP,1.0,1,217,0.0
tier3,2022,84,98765,86,L+C+S+MP,0.13075,0,165,0.0170955625
tier3,2022,84,98765,87,M+L+C+S+MP,1.0,1,233,0.0
tier3,2022,84,98765,88,KD+S+MP,0.00295,0,144,8.7025e-06
tier3,2022,84,98765,89,M+KD+S+MP,1.0,1,212,0.0
tier3,2022,84,98765,90,L+KD+S+MP,0.12805,0,160,0.016396802499999998
tier3,2022,84,98765,91,M+L+KD+S+MP,1.0,1,228,0.0
tier3,2022,84,98765,92,C+KD+S+MP,0.2264,0,168,0.05125696
tier3,2022,84,98765,93,M+C+KD+S+MP,1.0,1,236,0.0
tier3,2022,84,98765,94,L+C+KD+S+MP,0.6674,1,184,0.11062276
tier3,2022,84,98765,95,M+L+C+KD+S+MP,1.0,1,252,0.0
tier3,2022,84,98765,96,V+MP,0.0,0,42,0.0
tier3,2022,84,98765,97,M+V+MP,0.0,0,110,0.0
tier3,2022,84,98765,98,L+V+MP,0.0,0,58,0.0
tier3,2022,84,98765,99,M+L+V+MP,0.0,0,126,0.0
tier3,2022,84,98765,100,C+V+MP,0.0,0,66,0.0
tier3,2022,84,98765,101,M+C+V+MP,0.0,0,134,0.0
tier3,2022,84,98765,102,L+C+V+MP,0.0,0,82,0.0
tier3,2022,84,98765,103,M+L+C+V+MP,0.00125,0,150,1.5625e-06
tier3,2022,84,98765,104,KD+V+MP,0.0,0,61,0.0
tier3,2022,84,98765,105,M+KD+V+MP,0.0,0,129,0.0
tier3,2022,84,98765,106,L+KD+V+MP,0.0,0,77,0.0
tier3,2022,84,98765,107,M+L+KD+V+MP,0.00095,0,145,9.025e-07
tier3,2022,84,98765,108,C+KD+V+MP,0.0,0,85,0.0
tier3,2022,84,98765,109,M+C+KD+V+MP,0.0084,0,153,7.055999999999999e-05
tier3,2022,84,98765,110,L+C+KD+V+MP,0.0,0,101,0.0
tier3,2022,84,98765,111,M+L+C+KD+V+MP,0.1898,0,169,0.03602404
tier3,2022,84,98765,112,S+V+MP,0.00495,0,149,2.4502500000000005e-05
tier3,2022,84,98765,113,M+S+V+MP,1.0,1,217,0.0
tier3,2022,84,98765,114,L+S+V+MP,0.28275,0,165,0.0799475625
tier3,2022,84,98765,115,M+L+S+V+MP,1.0,1,233,0.0
tier3,2022,84,98765,116,C+S+V+MP,0.50585,0,173,0.25588422250000004
tier3,2022,84,98765,117,M+C+S+V+MP,1.0,1,241,0.0
tier3,2022,84,98765,118,L+C+S+V+MP,0.9237,1,189,0.005821690000000005
tier3,2022,84,98765,119,M+L+C+S+V+MP,1.0,1,257,0.0
tier3,2022,84,98765,120,KD+S+V+MP,0.57215,0,168,0.32735562250000005
tier3,2022,84,98765,121,M+KD+S+V+MP,1.0,1,236,0.0
tier3,2022,84,98765,122,L+KD+S+V+MP,0.9382,1,184,0.003819239999999996
tier3,2022,84,98765,123,M+L+KD+S+V+MP,1.0,1,252,0.0
tier3,2022,84,98765,124,C+KD+S+V+MP,0.98675,1,192,0.00017556249999999958
tier3,2022,84,98765,125,M+C+KD+S+V+MP,1.0,1,260,0.0
tier3,2022,84,98765,126,L+C+KD+S+V+MP,0.9991,1,208,8.100000000000215e-07
tier3,2022,84,98765,127,M+L+C+KD+S+V+MP,1.0,1,276,0.0
tier3,2022,84,98765,128,SD,0.0,0,73,0.0
tier3,2022,84,98765,129,M+SD,0.0009,0,141,8.1e-07
tier3,2022,84,98765,130,L+SD,0.0,0,89,0.0
tier3,2022,84,98765,131,M+L+SD,0.01325,0,157,0.0001755625
tier3,2022,84,98765,132,C+SD,0.0,0,97,0.0
tier3,2022,84,98765,133,M+C+SD,0.0618,0,165,0.0038192400000000002
tier3,2022,84,98765,134,L+C+SD,0.0,0,113,0.0
tier3,2022,84,98765,135,M+L+C+SD,0.42785,1,181,0.32735562249999994
tier3,2022,84,98765,136,KD+SD,0.0,0,92,0.0
tier3,2022,84,98765,137,M+KD+SD,0.0763,0,160,0.005821690000000001
tier3,2022,84,98765,138,L+KD+SD,0.0,0,108,0.0
tier3,2022,84,98765,139,M+L+KD+SD,0.49415,1,176,0.25588422250000004
tier3,2022,84,98765,140,C+KD+SD,0.0,0,116,0.0
tier3,2022,84,98765,141,M+C+KD+SD,0.71725,1,184,0.07994756249999997
tier3,2022,84,98765,142,L+C+KD+SD,0.0,0,132,0.0
tier3,2022,84,98765,143,M+L+C+KD+SD,0.99505,1,200,2.45025000000001e-05
tier3,2022,84,98765,144,S+SD,0.8102,1,180,0.036024039999999986
tier3,2022,84,98765,145,M+S+SD,1.0,1,248,0.0
tier3,2022,84,98765,146,L+S+SD,0.9916,1,196,7.055999999999938e-05
tier3,2022,84,98765,147,M+L+S+SD,1.0,1,264,0.0
tier3,2022,84,98765,148,C+S+SD,0.99905,1,204,9.025000000000121e-07
tier3,2022,84,98765,149,M+C+S+SD,1.0,1,272,0.0
tier3,2022,84,98765,150,L+C+S+SD,1.0,1,220,0.0
tier3,2022,84,98765,151,M+L+C+S+SD,1.0,1,288,0.0
tier3,2022,84,98765,152,KD+S+SD,0.99875,1,199,1.5624999999999334e-06
tier3,2022,84,98765,153,M+KD+S+SD,1.0,1,267,0.0
tier3,2022,84,98765,154,L+KD+S+SD,1.0,1,215,0.0
tier3,2022,84,98765,155,M+L+KD+S+SD,1.0,1,283,0.0
tier3,2022,84,98765,156,C+KD+S+SD,1.0,1,223,0.0
tier3,2022,84,98765,157,M+C+KD+S+SD,1.0,1,291,0.0
tier3,2022,84,98765,158,L+C+KD+S+SD,1.0,1,239,0.0
tier3,2022,84,98765,159,M+L+C+KD+S+SD,1.0,1,307,0.0
tier3,2022,84,98765,160,V+SD,0.0,0,97,0.0
tier3,2022,84,98765,161,M+V+SD,0.3326,0,165,0.11062276
tier3,2022,84,98765,162,L+V+SD,0.0,0,113,0.0
tier3,2022,84,98765,163,M+L+V+SD,0.7736,1,181,0.05125696000000002
tier3,2022,84,98765,164,C+V+SD,0.0,0,121,0.0
tier3,2022,84,98765,165,M+C+V+SD,0.87195,1,189,0.016396802499999998
tier3,2022,84,98765,166,L+C+V+SD,0.0,0,137,0.0
tier3,2022,84,98765,167,M+L+C+V+SD,0.99705,1,205,8.702500000000048e-06
tier3,2022,84,98765,168,KD+V+SD,0.0,0,116,0.0
tier3,2022,84,98765,169,M+KD+V+SD,0.86925,1,184,0.01709556250000001
tier3,2022,84,98765,170,L+KD+V+SD,0.0,0,132,0.0
tier3,2022,84,98765,171,M+L+KD+V+SD,0.99955,1,200,2.024999999999554e-07
tier3,2022,84,98765,172,C+KD+V+SD,0.0001,0,140,1e-08
tier3,2022,84,98765,173,M+C+KD+V+SD,0.99985,1,208,2.2499999999995043e-08
tier3,2022,84,98765,174,L+C+KD+V+SD,0.024,0,156,0.000576
tier3,2022,84,98765,175,M+L+C+KD+V+SD,1.0,1,224,0.0
tier3,2022,84,98765,176,S+V+SD,1.0,1,204,0.0
tier3,2022,84,98765,177,M+S+V+SD,1.0,1,272,0.0
tier3,2022,84,98765,178,L+S+V+SD,1.0,1,220,0.0
tier3,2022,84,98765,179,M+L+S+V+SD,1.0,1,288,0.0
tier3,2022,84,98765,180,C+S+V+SD,1.0,1,228,0.0
tier3,2022,84,98765,181,M+C+S+V+SD,1.0,1,296,0.0
tier3,2022,84,98765,182,L+C+S+V+SD,1.0,1,244,0.0
tier3,2022,84,98765,183,M+L+C+S+V+SD,1.0,1,312,0.0
tier3,2022,84,98765,184,KD+S+V+SD,1.0,1,223,0.0
tier3,2022,84,98765,185,M+KD+S+V+SD,1.0,1,291,0.0
tier3,2022,84,98765,186,L+KD+S+V+SD,1.0,1,239,0.0
tier3,2022,84,98765,187,M+L+KD+S+V+SD,1.0,1,307,0.0
tier3,2022,84,98765,188,C+KD+S+V+SD,1.0,1,247,0.0
tier3,2022,84,98765,189,M+C+KD+S+V+SD,1.0,1,315,0.0
tier3,2022,84,98765,190,L+C+KD+S+V+SD,1.0,1,263,0.0
tier3,2022,84,98765,191,M+L+C+KD+S+V+SD,1.0,1,331,0.0
tier3,2022,84,98765,192,MP+SD,0.0,0,91,0.0
tier3,2022,84,98765,193,M+MP+SD,0.0009,0,159,8.1e-07
tier3,2022,84,98765,194,L+MP+SD,0.0,0,107,0.0
tier3,2022,84,98765,195,M+L+MP+SD,0.02605,1,175,0.9485786024999999
tier3,2022,84,98765,196,C+MP+SD,0.0,0,115,0.0
tier3,2022,84,98765,197,M+C+MP+SD,0.10645,1,183,0.7984316024999999
tier3,2022,84,98765,198,L+C+MP+SD,0.0,0,131,0.0
tier3,2022,84,98765,199,M+L+C+MP+SD,0.64185,1,199,0.12827142249999998
tier3,2022,84,98765,200,KD+MP+SD,0.0,0,110,0.0
tier3,2022,84,98765,201,M+KD+MP+SD,0.10905,1,178,0.7937919025
tier3,2022,84,98765,202,L+KD+MP+SD,0.0,0,126,0.0
tier3,2022,84,98765,203,M+L+KD+MP+SD,0.72575,1,194,0.0752130625
tier3,2022,84,98765,204,C+KD+MP+SD,0.0,0,134,0.0
tier3,2022,84,98765,205,M+C+KD+MP+SD,0.91325,1,202,0.007525562499999999
tier3,2022,84,98765,206,L+C+KD+MP+SD,0.0,0,150,0.0
tier3,2022,84,98765,207,M+L+C+KD+MP+SD,0.9958,1,218,1.7639999999999845e-05
tier3,2022,84,98765,208,S+MP+SD,0.9276,1,198,0.005241760000000003
tier3,2022,84,98765,209,M+S+MP+SD,1.0,1,266,0.0
tier3,2022,84,98765,210,L+S+MP+SD,0.99865,1,214,1.8224999999998983e-06
tier3,2022,84,98765,211,M+L+S+MP+SD,1.0,1,282,0.0
tier3,2022,84,98765,212,C+S+MP+SD,0.9997,1,222,8.999999999998017e-08
tier3,2022,84,98765,213,M+C+S+MP+SD,1.0,1,290,0.0
tier3,2022,84,98765,214,L+C+S+MP+SD,1.0,1,238,0.0
tier3,2022,84,98765,215,M+L+C+S+MP+SD,1.0,1,306,0.0
tier3,2022,84,98765,216,KD+S+MP+SD,1.0,1,217,0.0
tier3,2022,84,98765,217,M+KD+S+MP+SD,1.0,1,285,0.0
tier3,2022,84,98765,218,L+KD+S+MP+SD,1.0,1,233,0.0
tier3,2022,84,98765,219,M+L+KD+S+MP+SD,1.0,1,301,0.0
tier3,2022,84,98765,220,C+KD+S+MP+SD,1.0,1,241,0.0
tier3,2022,84,98765,221,M+C+KD+S+MP+SD,1.0,1,309,0.0
tier3,2022,84,98765,222,L+C+KD+S+MP+SD,1.0,1,257,0.0
tier3,2022,84,98765,223,M+L+C+KD+S+MP+SD,1.0,1,325,0.0
tier3,2022,84,98765,224,V+MP+SD,0.0,0,115,0.0
tier3,2022,84,98765,225,M+V+MP+SD,0.4419,1,183,0.31147561000000007
tier3,2022,84,98765,226,L+V+MP+SD,0.0,0,131,0.0
tier3,2022,84,98765,227,M+L+V+MP+SD,0.89775,1,199,0.01045506249999999
tier3,2022,84,98765,228,C+V+MP+SD,0.0,0,139,0.0
tier3,2022,84,98765,229,M+C+V+MP+SD,0.9623,1,207,0.0014212899999999967
tier3,2022,84,98765,230,L+C+V+MP+SD,0.00415,0,155,1.72225e-05
tier3,2022,84,98765,231,M+L+C+V+MP+SD,0.99775,1,223,5.062499999999884e-06
tier3,2022,84,98765,232,KD+V+MP+SD,0.0,0,134,0.0
tier3,2022,84,98765,233,M+KD+V+MP+SD,0.9734,1,202,0.0007075599999999977
tier3,2022,84,98765,234,L+KD+V+MP+SD,0.0005,0,150,2.5e-07
tier3,2022,84,98765,235,M+L+KD+V+MP+SD,0.99975,1,218,6.249999999998623e-08
tier3,2022,84,98765,236,C+KD+V+MP+SD,0.0034,0,158,1.156e-05
tier3,2022,84,98765,237,M+C+KD+V+MP+SD,1.0,1,226,0.0
tier3,2022,84,98765,238,L+C+KD+V+MP+SD,0.11745,0,174,0.0137945025
tier3,2022,84,98765,239,M+L+C+KD+V+MP+SD,1.0,1,242,0.0
tier3,2022,84,98765,240,S+V+MP+SD,1.0,1,222,0.0
tier3,2022,84,98765,241,M+S+V+MP+SD,1.0,1,290,0.0
tier3,2022,84,98765,242,L+S+V+MP+SD,1.0,1,238,0.0
tier3,2022,84,98765,243,M+L+S+V+MP+SD,1.0,1,306,0.0
tier3,2022,84,98765,244,C+S+V+MP+SD,1.0,1,246,0.0
tier3,2022,84,98765,245,M+C+S+V+MP+SD,1.0,1,314,0.0
tier3,2022,84,98765,246,L+C+S+V+MP+SD,1.0,1,262,0.0
tier3,2022,84,98765,247,M+L+C+S+V+MP+SD,1.0,1,330,0.0
tier3,2022,84,98765,248,KD+S+V+MP+SD,1.0,1,241,0.0
tier3,2022,84,98765,249,M+KD+S+V+MP+SD,1.0,1,309,0.0
tier3,2022,84,98765,250,L+KD+S+V+MP+SD,1.0,1,257,0.0
tier3,2022,84,98765,251,M+L+KD+S+V+MP+SD,1.0,1,325,0.0
tier3,2022,84,98765,252,C+KD+S+V+MP+SD,1.0,1,265,0.0
tier3,2022,84,98765,253,M+C+KD+S+V+MP+SD,1.0,1,333,0.0
tier3,2022,84,98765,254,L+C+KD+S+V+MP+SD,1.0,1,281,0.0
tier3,2022,84,54321,1,M,0.0,0,68,0.0
tier3,2022,84,54321,2,L,0.0,0,16,0.0
tier3,2022,84,54321,3,M+L,0.0,0,84,0.0
tier3,2022,84,54321,4,C,0.0,0,24,0.0
tier3,2022,84,54321,5,M+C,0.0,0,92,0.0
tier3,2022,84,54321,6,L+C,0.0,0,40,0.0
tier3,2022,84,54321,7,M+L+C,0.0,0,108,0.0
tier3,2022,84,54321,8,KD,0.0,0,19,0.0
tier3,2022,84,54321,9,M+KD,0.0,0,87,0.0
tier3,2022,84,54321,10,L+KD,0.0,0,35,0.0
tier3,2022,84,54321,11,M+L+KD,0.0,0,103,0.0
tier3,2022,84,54321,12,C+KD,0.0,0,43,0.0
tier3,2022,84,54321,13,M+C+KD,0.0,0,111,0.0
tier3,2022,84,54321,14,L+C+KD,0.0,0,59,0.0
tier3,2022,84,54321,15,M+L+C+KD,0.0,0,127,0.0
tier3,2022,84,54321,16,S,0.0,0,107,0.0
tier3,2022,84,54321,17,M+S,0.88805,1,175,0.012532802499999999
tier3,2022,84,54321,18,L+S,0.0,0,123,0.0
tier3,2022,84,54321,19,M+L+S,0.9969,1,191,9.609999999999949e-06
tier3,2022,84,54321,20,C+S,5e-05,0,131,2.5e-09
tier3,2022,84,54321,21,M+C+S,0.99945,1,199,3.025000000000555e-07
tier3,2022,84,54321,22,L+C+S,0.02695,0,147,0.0007263025000000001
tier3,2022,84,54321,23,M+L+C+S,1.0,1,215,0.0
tier3,2022,84,54321,24,KD+S,0.00245,0,126,6.0025e-06
tier3,2022,84,54321,25,M+KD+S,0.9954,1,194,2.1160000000000445e-05
tier3,2022,84,54321,26,L+KD+S,0.03905,0,142,0.0015249025
tier3,2022,84,54321,27,M+L+KD+S,1.0,1,210,0.0
tier3,2022,84,54321,28,C+KD+S,0.1049,0,150,0.011004009999999998
tier3,2022,84,54321,29,M+C+KD+S,1.0,1,218,0.0
tier3,2022,84,54321,30,L+C+KD+S,0.55775,0,166,0.31108506249999995
tier3,2022,84,54321,31,M+L+C+KD+S,1.0,1,234,0.0
tier3,2022,84,54321,32,V,0.0,0,24,0.0
tier3,2022,84,54321,33,M+V,0.0,0,92,0.0
tier3,2022,84,54321,34,L+V,0.0,0,40,0.0
tier3,2022,84,54321,35,M+L+V,0.0,0,108,0.0
tier3,2022,84,54321,36,C+V,0.0,0,48,0.0
tier3,2022,84,54321,37,M+C+V,0.0,0,116,0.0
tier3,2022,84,54321,38,L+C+V,0.0,0,64,0.0
tier3,2022,84,54321,39,M+L+C+V,0.0,0,132,0.0
tier3,2022,84,54321,40,KD+V,0.0,0,43,0.0
tier3,2022,84,54321,41,M+KD+V,0.0,0,111,0.0
tier3,2022,84,54321,42,L+KD+V,0.0,0,59,0.0
tier3,2022,84,54321,43,M+L+KD+V,0.0003,0,127,8.999999999999999e-08
tier3,2022,84,54321,44,C+KD+V,0.0,0,67,0.0
tier3,2022,84,54321,45,M+C+KD+V,0.0008,0,135,6.4e-07
tier3,2022,84,54321,46,L+C+KD+V,0.0,0,83,0.0
tier3,2022,84,54321,47,M+L+C+KD+V,0.07335,0,151,0.0053802225
tier3,2022,84,54321,48,S+V,0.00445,0,131,1.98025e-05
tier3,2022,84,54321,49,M+S+V,1.0,1,199,0.0
tier3,2022,84,54321,50,L+S+V,0.08915,0,147,0.007947722499999999
tier3,2022,84,54321,51,M+L+S+V,1.0,1,215,0.0
tier3,2022,84,54321,52,C+S+V,0.2802,0,155,0.07851204
tier3,2022,84,54321,53,M+C+S+V,1.0,1,223,0.0
tier3,2022,84,54321,54,L+C+S+V,0.8906,0,171,0.7931683599999999
tier3,2022,84,54321,55,M+L+C+S+V,1.0,1,239,0.0
tier3,2022,84,54321,56,KD+S+V,0.365,0,150,0.13322499999999998
tier3,2022,84,54321,57,M+KD+S+V,1.0,1,218,0.0
tier3,2022,84,54321,58,L+KD+S+V,0.8932,0,166,0.79780624
tier3,2022,84,54321,59,M+L+KD+S+V,1.0,1,234,0.0
tier3,2022,84,54321,60,C+KD+S+V,0.9717,0,174,0.9442008900000001
tier3,2022,84,54321,61,M+C+KD+S+V,1.0,1,242,0.0
tier3,2022,84,54321,62,L+C+KD+S+V,0.99935,1,190,4.225000000000513e-07
tier3,2022,84,54321,63,M+L+C+KD+S+V,1.0,1,258,0.0
tier3,2022,84,54321,64,MP,0.0,0,18,0.0
tier3,2022,84,54321,65,M+MP,0.0,0,86,0.0
tier3,2022,84,54321,66,L+MP,0.0,0,34,0.0
tier3,2022,84,54321,67,M+L+MP,0.0,0,102,0.0
tier3,2022,84,54321,68,C+MP,0.0,0,42,0.0
tier3,2022,84,54321,69,M+C+MP,0.0,0,110,0.0
tier3,2022,84,54321,70,L+C+MP,0.0,0,58,0.0
tier3,2022,84,54321,71,M+L+C+MP,0.0,0,126,0.0
tier3,2022,84,54321,72,KD+MP,0.0,0,37,0.0
tier3,2022,84,54321,73,M+KD+MP,0.0,0,105,0.0
tier3,2022,84,54321,74,L+KD+MP,0.0,0,53,0.0
tier3,2022,84,54321,75,M+L+KD+MP,0.0,0,121,0.0
tier3,2022,84,54321,76,C+KD+MP,0.0,0,61,0.0
tier3,2022,84,54321,77,M+C+KD+MP,0.0,0,129,0.0
tier3,2022,84,54321,78,L+C+KD+MP,0.0,0,77,0.0
tier3,2022,84,54321,79,M+L+C+KD+MP,0.0,0,145,0.0
tier3,2022,84,54321,80,S+MP,0.0,0,125,0.0
tier3,2022,84,54321,81,M+S+MP,0.9755,1,193,0.0006002499999999984
tier3,2022,84,54321,82,L+S+MP,0.0002,0,141,4e-08
tier3,2022,84,54321,83,M+L+S+MP,1.0,1,209,0.0
tier3,2022,84,54321,84,C+S+MP,0.0002,0,149,4e-08
tier3,2022,84,54321,85,M+C+S+MP,1.0,1,217,0.0
tier3,2022,84,54321,86,L+C+S+MP,0.132,0,165,0.017424000000000002
tier3,2022,84,54321,87,M+L+C+S+MP,1.0,1,233,0.0
tier3,2022,84,54321,88,KD+S+MP,0.00375,0,144,1.40625e-05
tier3,2022,84,54321,89,M+KD+S+MP,1.0,1,212,0.0
tier3,2022,84,54321,90,L+KD+S+MP,0.1293,0,160,0.01671849
tier3,2022,84,54321,91,M+L+KD+S+MP,1.0,1,228,0.0
tier3,2022,84,54321,92,C+KD+S+MP,0.22855,0,168,0.0522351025
tier3,2022,84,54321,93,M+C+KD+S+MP,1.0,1,236,0.0
tier3,2022,84,54321,94,L+C+KD+S+MP,0.65955,1,184,0.11590620250000003
tier3,2022,84,54321,95,M+L+C+KD+S+MP,1.0,1,252,0.0
tier3,2022,84,54321,96,V+MP,0.0,0,42,0.0
tier3,2022,84,54321,97,M+V+MP,0.0,0,110,0.0
tier3,2022,84,54321,98,L+V+MP,0.0,0,58,0.0
tier3,2022,84,54321,99,M+L+V+MP,0.0,0,126,0.0
tier3,2022,84,54321,100,C+V+MP,0.0,0,66,0.0
tier3,2022,84,54321,101,M+C+V+MP,0.0,0,134,0.0
tier3,2022,84,54321,102,L+C+V+MP,0.0,0,82,0.0
tier3,2022,84,54321,103,M+L+C+V+MP,0.00165,0,150,2.7224999999999998e-06
tier3,2022,84,54321,104,KD+V+MP,0.0,0,61,0.0
tier3,2022,84,54321,105,M+KD+V+MP,0.0,0,129,0.0
tier3,2022,84,54321,106,L+KD+V+MP,0.0,0,77,0.0
tier3,2022,84,54321,107,M+L+KD+V+MP,0.00105,0,145,1.1024999999999998e-06
tier3,2022,84,54321,108,C+KD+V+MP,0.0,0,85,0.0
tier3,2022,84,54321,109,M+C+KD+V+MP,0.0081,0,153,6.560999999999999e-05
tier3,2022,84,54321,110,L+C+KD+V+MP,0.0,0,101,0.0
tier3,2022,84,54321,111,M+L+C+KD+V+MP,0.18335,0,169,0.0336172225
tier3,2022,84,54321,112,S+V+MP,0.00525,0,149,2.7562500000000002e-05
tier3,2022,84,54321,113,M+S+V+MP,1.0,1,217,0.0
tier3,2022,84,54321,114,L+S+V+MP,0.27565,0,165,0.07598292250000001
tier3,2022,84,54321,115,M+L+S+V+MP,1.0,1,233,0.0
tier3,2022,84,54321,116,C+S+V+MP,0.49985,0,173,0.24985002250000002
tier3,2022,84,54321,117,M+C+S+V+MP,1.0,1,241,0.0
tier3,2022,84,54321,118,L+C+S+V+MP,0.9214,1,189,0.006177960000000001
tier3,2022,84,54321,119,M+L+C+S+V+MP,1.0,1,257,0.0
tier3,2022,84,54321,120,KD+S+V+MP,0.56935,0,168,0.3241594225
tier3,2022,84,54321,121,M+KD+S+V+MP,1.0,1,236,0.0
tier3,2022,84,54321,122,L+KD+S+V+MP,0.936,1,184,0.004095999999999993
tier3,2022,84,54321,123,M+L+KD+S+V+MP,1.0,1,252,0.0
tier3,2022,84,54321,124,C+KD+S+V+MP,0.98445,1,192,0.00024180249999999852
tier3,2022,84,54321,125,M+C+KD+S+V+MP,1.0,1,260,0.0
tier3,2022,84,54321,126,L+C+KD+S+V+MP,0.99935,1,208,4.225000000000513e-07
tier3,2022,84,54321,127,M+L+C+KD+S+V+MP,1.0,1,276,0.0
tier3,2022,84,54321,128,SD,0.0,0,73,0.0
tier3,2022,84,54321,129,M+SD,0.00065,0,141,4.225e-07
tier3,2022,84,54321,130,L+SD,0.0,0,89,0.0
tier3,2022,84,54321,131,M+L+SD,0.01555,0,157,0.00024180249999999998
tier3,2022,84,54321,132,C+SD,0.0,0,97,0.0
tier3,2022,84,54321,133,M+C+SD,0.064,0,165,0.004096
tier3,2022,84,54321,134,L+C+SD,0.0,0,113,0.0
tier3,2022,84,54321,135,M+L+C+SD,0.43065,1,181,0.3241594225
tier3,2022,84,54321,136,KD+SD,0.0,0,92,0.0
tier3,2022,84,54321,137,M+KD+SD,0.0786,0,160,0.006177960000000001
tier3,2022,84,54321,138,L+KD+SD,0.0,0,108,0.0
tier3,2022,84,54321,139,M+L+KD+SD,0.50015,1,176,0.24985002250000002
tier3,2022,84,54321,140,C+KD+SD,0.0,0,116,0.0
tier3,2022,84,54321,141,M+C+KD+SD,0.72435,1,184,0.07598292249999997
tier3,2022,84,54321,142,L+C+KD+SD,0.0,0,132,0.0
tier3,2022,84,54321,143,M+L+C+KD+SD,0.99475,1,200,2.756249999999976e-05
tier3,2022,84,54321,144,S+SD,0.81665,1,180,0.0336172225
tier3,2022,84,54321,145,M+S+SD,1.0,1,248,0.0
tier3,2022,84,54321,146,L+S+SD,0.9919,1,196,6.560999999999994e-05
tier3,2022,84,54321,147,M+L+S+SD,1.0,1,264,0.0
tier3,2022,84,54321,148,C+S+SD,0.99895,1,204,1.1024999999999903e-06
tier3,2022,84,54321,149,M+C+S+SD,1.0,1,272,0.0
tier3,2022,84,54321,150,L+C+S+SD,1.0,1,220,0.0
tier3,2022,84,54321,151,M+L+C+S+SD,1.0,1,288,0.0
tier3,2022,84,54321,152,KD+S+SD,0.99835,1,199,2.722500000000133e-06
tier3,2022,84,54321,153,M+KD+S+SD,1.0,1,267,0.0
tier3,2022,84,54321,154,L+KD+S+SD,1.0,1,215,0.0
tier3,2022,84,54321,155,M+L+KD+S+SD,1.0,1,283,0.0
tier3,2022,84,54321,156,C+KD+S+SD,1.0,1,223,0.0
tier3,2022,84,54321,157,M+C+KD+S+SD,1.0,1,291,0.0
tier3,2022,84,54321,158,L+C+KD+S+SD,1.0,1,239,0.0
tier3,2022,84,54321,159,M+L+C+KD+S+SD,1.0,1,307,0.0
tier3,2022,84,54321,160,V+SD,0.0,0,97,0.0
tier3,2022,84,54321,161,M+V+SD,0.34045,0,165,0.11590620249999999
tier3,2022,84,54321,162,L+V+SD,0.0,0,113,0.0
tier3,2022,84,54321,163,M+L+V+SD,0.77145,1,181,0.05223510250000001
tier3,2022,84,54321,164,C+V+SD,0.0,0,121,0.0
tier3,2022,84,54321,165,M+C+V+SD,0.8707,1,189,0.016718489999999992
tier3,2022,84,54321,166,L+C+V+SD,0.0,0,137,0.0
tier3,2022,84,54321,167,M+L+C+V+SD,0.99625,1,205,1.4062500000000233e-05
tier3,2022,84,54321,168,KD+V+SD,0.0,0,116,0.0
tier3,2022,84,54321,169,M+KD+V+SD,0.868,1,184,0.017424000000000002
tier3,2022,84,54321,170,L+KD+V+SD,0.0,0,132,0.0
tier3,2022,84,54321,171,M+L+KD+V+SD,0.9998,1,200,3.9999999999991186e-08
tier3,2022,84,54321,172,C+KD+V+SD,0.0,0,140,0.0
tier3,2022,84,54321,173,M+C+KD+V+SD,0.9998,1,208,3.9999999999991186e-08
tier3,2022,84,54321,174,L+C+KD+V+SD,0.0245,0,156,0.0006002500000000001
tier3,2022,84,54321,175,M+L+C+KD+V+SD,1.0,1,224,0.0
tier3,2022,84,54321,176,S+V+SD,1.0,1,204,0.0
tier3,2022,84,54321,177,M+S+V+SD,1.0,1,272,0.0
tier3,2022,84,54321,178,L+S+V+SD,1.0,1,220,0.0
tier3,2022,84,54321,179,M+L+S+V+SD,1.0,1,288,0.0
tier3,2022,84,54321,180,C+S+V+SD,1.0,1,228,0.0
tier3,2022,84,54321,181,M+C+S+V+SD,1.0,1,296,0.0
tier3,2022,84,54321,182,L+C+S+V+SD,1.0,1,244,0.0
tier3,2022,84,54321,183,M+L+C+S+V+SD,1.0,1,312,0.0
tier3,2022,84,54321,184,KD+S+V+SD,1.0,1,223,0.0
tier3,2022,84,54321,185,M+KD+S+V+SD,1.0,1,291,0.0
tier3,2022,84,54321,186,L+KD+S+V+SD,1.0,1,239,0.0
tier3,2022,84,54321,187,M+L+KD+S+V+SD,1.0,1,307,0.0
tier3,2022,84,54321,188,C+KD+S+V+SD,1.0,1,247,0.0
tier3,2022,84,54321,189,M+C+KD+S+V+SD,1.0,1,315,0.0
tier3,2022,84,54321,190,L+C+KD+S+V+SD,1.0,1,263,0.0
tier3,2022,84,54321,191,M+L+C+KD+S+V+SD,1.0,1,331,0.0
tier3,2022,84,54321,192,MP+SD,0.0,0,91,0.0
tier3,2022,84,54321,193,M+MP+SD,0.00065,0,159,4.225e-07
tier3,2022,84,54321,194,L+MP+SD,0.0,0,107,0.0
tier3,2022,84,54321,195,M+L+MP+SD,0.0283,1,175,0.9442008900000001
tier3,2022,84,54321,196,C+MP+SD,0.0,0,115,0.0
tier3,2022,84,54321,197,M+C+MP+SD,0.1068,1,183,0.79780624
tier3,2022,84,54321,198,L+C+MP+SD,0.0,0,131,0.0
tier3,2022,84,54321,199,M+L+C+MP+SD,0.635,1,199,0.13322499999999998
tier3,2022,84,54321,200,KD+MP+SD,0.0,0,110,0.0
tier3,2022,84,54321,201,M+KD+MP+SD,0.1094,1,178,0.7931683600000001
tier3,2022,84,54321,202,L+KD+MP+SD,0.0,0,126,0.0
tier3,2022,84,54321,203,M+L+KD+MP+SD,0.7198,1,194,0.07851204
tier3,2022,84,54321,204,C+KD+MP+SD,0.0,0,134,0.0
tier3,2022,84,54321,205,M+C+KD+MP+SD,0.91085,1,202,0.007947722499999992
tier3,2022,84,54321,206,L+C+KD+MP+SD,0.0,0,150,0.0
tier3,2022,84,54321,207,M+L+C+KD+MP+SD,0.99555,1,218,1.980249999999959e-05
tier3,2022,84,54321,208,S+MP+SD,0.92665,1,198,0.005380222500000004
tier3,2022,84,54321,209,M+S+MP+SD,1.0,1,266,0.0
tier3,2022,84,54321,210,L+S+MP+SD,0.9992,1,214,6.400000000000366e-07
tier3,2022,84,54321,211,M+L+S+MP+SD,1.0,1,282,0.0
tier3,2022,84,54321,212,C+S+MP+SD,0.9997,1,222,8.999999999998017e-08
tier3,2022,84,54321,213,M+C+S+MP+SD,1.0,1,290,0.0
tier3,2022,84,54321,214,L+C+S+MP+SD,1.0,1,238,0.0
tier3,2022,84,54321,215,M+L+C+S+MP+SD,1.0,1,306,0.0
tier3,2022,84,54321,216,KD+S+MP+SD,1.0,1,217,0.0
tier3,2022,84,54321,217,M+KD+S+MP+SD,1.0,1,285,0.0
tier3,2022,84,54321,218,L+KD+S+MP+SD,1.0,1,233,0.0
tier3,2022,84,54321,219,M+L+KD+S+MP+SD,1.0,1,301,0.0
tier3,2022,84,54321,220,C+KD+S+MP+SD,1.0,1,241,0.0
tier3,2022,84,54321,221,M+C+KD+S+MP+SD,1.0,1,309,0.0
tier3,2022,84,54321,222,L+C+KD+S+MP+SD,1.0,1,257,0.0
tier3,2022,84,54321,223,M+L+C+KD+S+MP+SD,1.0,1,325,0.0
tier3,2022,84,54321,224,V+MP+SD,0.0,0,115,0.0
tier3,2022,84,54321,225,M+V+MP+SD,0.44225,1,183,0.31108506249999995
tier3,2022,84,54321,226,L+V+MP+SD,0.0,0,131,0.0
tier3,2022,84,54321,227,M+L+V+MP+SD,0.8951,1,199,0.011004009999999998
tier3,2022,84,54321,228,C+V+MP+SD,0.0,0,139,0.0
tier3,2022,84,54321,229,M+C+V+MP+SD,0.96095,1,207,0.0015249025000000022
tier3,2022,84,54321,230,L+C+V+MP+SD,0.0046,0,155,2.116e-05
tier3,2022,84,54321,231,M+L+C+V+MP+SD,0.99755,1,223,6.002499999999766e-06
tier3,2022,84,54321,232,KD+V+MP+SD,0.0,0,134,0.0
tier3,2022,84,54321,233,M+KD+V+MP+SD,0.97305,1,202,0.0007263025000000015
tier3,2022,84,54321,234,L+KD+V+MP+SD,0.00055,0,150,3.025e-07
tier3,2022,84,54321,235,M+L+KD+V+MP+SD,0.99995,1,218,2.499999999999449e-09
tier3,2022,84,54321,236,C+KD+V+MP+SD,0.0031,0,158,9.61e-06
tier3,2022,84,54321,237,M+C+KD+V+MP+SD,1.0,1,226,0.0
tier3,2022,84,54321,238,L+C+KD+V+MP+SD,0.11195,0,174,0.012532802499999999
tier3,2022,84,54321,239,M+L+C+KD+V+MP+SD,1.0,1,242,0.0
tier3,2022,84,54321,240,S+V+MP+SD,1.0,1,222,0.0
tier3,2022,84,54321,241,M+S+V+MP+SD,1.0,1,290,0.0
tier3,2022,84,54321,242,L+S+V+MP+SD,1.0,1,238,0.0
tier3,2022,84,54321,243,M+L+S+V+MP+SD,1.0,1,306,0.0
tier3,2022,84,54321,244,C+S+V+MP+SD,1.0,1,246,0.0
tier3,2022,84,54321,245,M+C+S+V+MP+SD,1.0,1,314,0.0
tier3,2022,84,54321,246,L+C+S+V+MP+SD,1.0,1,262,0.0
tier3,2022,84,54321,247,M+L+C+S+V+MP+SD,1.0,1,330,0.0
tier3,2022,84,54321,248,KD+S+V+MP+SD,1.0,1,241,0.0
tier3,2022,84,54321,249,M+KD+S+V+MP+SD,1.0,1,309,0.0
tier3,2022,84,54321,250,L+KD+S+V+MP+SD,1.0,1,257,0.0
tier3,2022,84,54321,251,M+L+KD+S+V+MP+SD,1.0,1,325,0.0
tier3,2022,84,54321,252,C+KD+S+V+MP+SD,1.0,1,265,0.0
tier3,2022,84,54321,253,M+C+KD+S+V+MP+SD,1.0,1,333,0.0
tier3,2022,84,54321,254,L+C+KD+S+V+MP+SD,1.0,1,281,0.0
tier3,2022,84,13579,1,M,0.0,0,68,0.0
tier3,2022,84,13579,2,L,0.0,0,16,0.0
tier3,2022,84,13579,3,M+L,0.0,0,84,0.0
tier3,2022,84,13579,4,C,0.0,0,24,0.0
tier3,2022,84,13579,5,M+C,0.0,0,92,0.0
tier3,2022,84,13579,6,L+C,0.0,0,40,0.0
tier3,2022,84,13579,7,M+L+C,0.0,0,108,0.0
tier3,2022,84,13579,8,KD,0.0,0,19,0.0
tier3,2022,84,13579,9,M+KD,0.0,0,87,0.0
tier3,2022,84,13579,10,L+KD,0.0,0,35,0.0
tier3,2022,84,13579,11,M+L+KD,0.0,0,103,0.0
tier3,2022,84,13579,12,C+KD,0.0,0,43,0.0
tier3,2022,84,13579,13,M+C+KD,0.0,0,111,0.0
tier3,2022,84,13579,14,L+C+KD,0.0,0,59,0.0
tier3,2022,84,13579,15,M+L+C+KD,0.0,0,127,0.0
tier3,2022,84,13579,16,S,0.0,0,107,0.0
tier3,2022,84,13579,17,M+S,0.8859,1,175,0.013018809999999995
tier3,2022,84,13579,18,L+S,0.0,0,123,0.0
tier3,2022,84,13579,19,M+L+S,0.9963,1,191,1.369000000000027e-05
tier3,2022,84,13579,20,C+S,5e-05,0,131,2.5e-09
tier3,2022,84,13579,21,M+C+S,0.999,1,199,1.0000000000000019e-06
tier3,2022,84,13579,22,L+C+S,0.0265,0,147,0.00070225
tier3,2022,84,13579,23,M+L+C+S,1.0,1,215,0.0
tier3,2022,84,13579,24,KD+S,0.0025,0,126,6.25e-06
tier3,2022,84,13579,25,M+KD+S,0.995,1,194,2.5000000000000045e-05
tier3,2022,84,13579,26,L+KD+S,0.0356,0,142,0.00126736
tier3,2022,84,13579,27,M+L+KD+S,1.0,1,210,0.0
tier3,2022,84,13579,28,C+KD+S,0.10665,0,150,0.0113742225
tier3,2022,84,13579,29,M+C+KD+S,1.0,1,218,0.0
tier3,2022,84,13579,30,L+C+KD+S,0.55455,0,166,0.3075257025
tier3,2022,84,13579,31,M+L+C+KD+S,1.0,1,234,0.0
tier3,2022,84,13579,32,V,0.0,0,24,0.0
tier3,2022,84,13579,33,M+V,0.0,0,92,0.0
tier3,2022,84,13579,34,L+V,0.0,0,40,0.0
tier3,2022,84,13579,35,M+L+V,0.0,0,108,0.0
tier3,2022,84,13579,36,C+V,0.0,0,48,0.0
tier3,2022,84,13579,37,M+C+V,0.0,0,116,0.0
tier3,2022,84,13579,38,L+C+V,0.0,0,64,0.0
tier3,2022,84,13579,39,M+L+C+V,0.0,0,132,0.0
tier3,2022,84,13579,40,KD+V,0.0,0,43,0.0
tier3,2022,84,13579,41,M+KD+V,0.0,0,111,0.0
tier3,2022,84,13579,42,L+KD+V,0.0,0,59,0.0
tier3,2022,84,13579,43,M+L+KD+V,0.00015,0,127,2.2499999999999996e-08
tier3,2022,84,13579,44,C+KD+V,0.0,0,67,0.0
tier3,2022,84,13579,45,M+C+KD+V,0.00105,0,135,1.1024999999999998e-06
tier3,2022,84,13579,46,L+C+KD+V,0.0,0,83,0.0
tier3,2022,84,13579,47,M+L+C+KD+V,0.06665,0,151,0.0044422225
tier3,2022,84,13579,48,S+V,0.00435,0,131,1.8922499999999997e-05
tier3,2022,84,13579,49,M+S+V,1.0,1,199,0.0
tier3,2022,84,13579,50,L+S+V,0.08795,0,147,0.0077352025
tier3,2022,84,13579,51,M+L+S+V,1.0,1,215,0.0
tier3,2022,84,13579,52,C+S+V,0.2838,0,155,0.08054243999999999
tier3,2022,84,13579,53,M+C+S+V,1.0,1,223,0.0
tier3,2022,84,13579,54,L+C+S+V,0.8897,0,171,0.7915660900000001
tier3,2022,84,13579,55,M+L+C+S+V,1.0,1,239,0.0
tier3,2022,84,13579,56,KD+S+V,0.36515,0,150,0.13333452249999997
tier3,2022,84,13579,57,M+KD+S+V,1.0,1,218,0.0
tier3,2022,84,13579,58,L+KD+S+V,0.89425,0,166,0.7996830625
tier3,2022,84,13579,59,M+L+KD+S+V,1.0,1,234,0.0
tier3,2022,84,13579,60,C+KD+S+V,0.97415,0,174,0.9489682224999999
tier3,2022,84,13579,61,M+C+KD+S+V,1.0,1,242,0.0
tier3,2022,84,13579,62,L+C+KD+S+V,0.99905,1,190,9.025000000000121e-07
tier3,2022,84,13579,63,M+L+C+KD+S+V,1.0,1,258,0.0
tier3,2022,84,13579,64,MP,0.0,0,18,0.0
tier3,2022,84,13579,65,M+MP,0.0,0,86,0.0
tier3,2022,84,13579,66,L+MP,0.0,0,34,0.0
tier3,2022,84,13579,67,M+L+MP,0.0,0,102,0.0
tier3,2022,84,13579,68,C+MP,0.0,0,42,0.0
tier3,2022,84,13579,69,M+C+MP,0.0,0,110,0.0
tier3,2022,84,13579,70,L+C+MP,0.0,0,58,0.0
tier3,2022,84,13579,71,M+L+C+MP,0.0,0,126,0.0
tier3,2022,84,13579,72,KD+MP,0.0,0,37,0.0
tier3,2022,84,13579,73,M+KD+MP,0.0,0,105,0.0
tier3,2022,84,13579,74,L+KD+MP,0.0,0,53,0.0
tier3,2022,84,13579,75,M+L+KD+MP,0.0,0,121,0.0
tier3,2022,84,13579,76,C+KD+MP,0.0,0,61,0.0
tier3,2022,84,13579,77,M+C+KD+MP,0.0,0,129,0.0
tier3,2022,84,13579,78,L+C+KD+MP,0.0,0,77,0.0
tier3,2022,84,13579,79,M+L+C+KD+MP,0.0,0,145,0.0
tier3,2022,84,13579,80,S+MP,0.0,0,125,0.0
tier3,2022,84,13579,81,M+S+MP,0.9765,1,193,0.0005522499999999984
tier3,2022,84,13579,82,L+S+MP,0.00025,0,141,6.25e-08
tier3,2022,84,13579,83,M+L+S+MP,1.0,1,209,0.0
tier3,2022,84,13579,84,C+S+MP,0.0002,0,149,4e-08
tier3,2022,84,13579,85,M+C+S+MP,1.0,1,217,0.0
tier3,2022,84,13579,86,L+C+S+MP,0.1288,0,165,0.01658944
tier3,2022,84,13579,87,M+L+C+S+MP,1.0,1,233,0.0
tier3,2022,84,13579,88,KD+S+MP,0.0035,0,144,1.2250000000000001e-05
tier3,2022,84,13579,89,M+KD+S+MP,1.0,1,212,0.0
tier3,2022,84,13579,90,L+KD+S+MP,0.1247,0,160,0.01555009
tier3,2022,84,13579,91,M+L+KD+S+MP,1.0,1,228,0.0
tier3,2022,84,13579,92,C+KD+S+MP,0.231,0,168,0.053361000000000006
tier3,2022,84,13579,93,M+C+KD+S+MP,1.0,1,236,0.0
tier3,2022,84,13579,94,L+C+KD+S+MP,0.65995,1,184,0.11563400249999997
tier3,2022,84,13579,95,M+L+C+KD+S+MP,1.0,1,252,0.0
tier3,2022,84,13579,96,V+MP,0.0,0,42,0.0
tier3,2022,84,13579,97,M+V+MP,0.0,0,110,0.0
tier3,2022,84,13579,98,L+V+MP,0.0,0,58,0.0
tier3,2022,84,13579,99,M+L+V+MP,0.0,0,126,0.0
tier3,2022,84,13579,100,C+V+MP,0.0,0,66,0.0
tier3,2022,84,13579,101,M+C+V+MP,0.0,0,134,0.0
tier3,2022,84,13579,102,L+C+V+MP,0.0,0,82,0.0
tier3,2022,84,13579,103,M+L+C+V+MP,0.00175,0,150,3.0625000000000003e-06
tier3,2022,84,13579,104,KD+V+MP,0.0,0,61,0.0
tier3,2022,84,13579,105,M+KD+V+MP,0.0,0,129,0.0
tier3,2022,84,13579,106,L+KD+V+MP,0.0,0,77,0.0
tier3,2022,84,13579,107,M+L+KD+V+MP,0.0007,0,145,4.9e-07
tier3,2022,84,13579,108,C+KD+V+MP,0.0,0,85,0.0
tier3,2022,84,13579,109,M+C+KD+V+MP,0.0077,0,153,5.929e-05
tier3,2022,84,13579,110,L+C+KD+V+MP,0.0,0,101,0.0
tier3,2022,84,13579,111,M+L+C+KD+V+MP,0.17895,0,169,0.0320231025
tier3,2022,84,13579,112,S+V+MP,0.00525,0,149,2.7562500000000002e-05
tier3,2022,84,13579,113,M+S+V+MP,1.0,1,217,0.0
tier3,2022,84,13579,114,L+S+V+MP,0.2738,0,165,0.07496644
tier3,2022,84,13579,115,M+L+S+V+MP,1.0,1,233,0.0
tier3,2022,84,13579,116,C+S+V+MP,0.50265,0,173,0.25265702250000005
tier3,2022,84,13579,117,M+C+S+V+MP,1.0,1,241,0.0
tier3,2022,84,13579,118,L+C+S+V+MP,0.9215,1,189,0.006162250000000002
tier3,2022,84,13579,119,M+L+C+S+V+MP,1.0,1,257,0.0
tier3,2022,84,13579,120,KD+S+V+MP,0.5693,0,168,0.32410249
tier3,2022,84,13579,121,M+KD+S+V+MP,1.0,1,236,0.0
tier3,2022,84,13579,122,L+KD+S+V+MP,0.93735,1,184,0.003925022499999998
tier3,2022,84,13579,123,M+L+KD+S+V+MP,1.0,1,252,0.0
tier3,2022,84,13579,124,C+KD+S+V+MP,0.98605,1,192,0.00019460250000000051
tier3,2022,84,13579,125,M+C+KD+S+V+MP,1.0,1,260,0.0
tier3,2022,84,13579,126,L+C+KD+S+V+MP,0.9991,1,208,8.100000000000215e-07
tier3,2022,84,13579,127,M+L+C+KD+S+V+MP,1.0,1,276,0.0
tier3,2022,84,13579,128,SD,0.0,0,73,0.0
tier3,2022,84,13579,129,M+SD,0.0009,0,141,8.1e-07
tier3,2022,84,13579,130,L+SD,0.0,0,89,0.0
tier3,2022,84,13579,131,M+L+SD,0.01395,0,157,0.00019460250000000003
tier3,2022,84,13579,132,C+SD,0.0,0,97,0.0
tier3,2022,84,13579,133,M+C+SD,0.06265,0,165,0.0039250225
tier3,2022,84,13579,134,L+C+SD,0.0,0,113,0.0
tier3,2022,84,13579,135,M+L+C+SD,0.4307,1,181,0.3241024899999999
tier3,2022,84,13579,136,KD+SD,0.0,0,92,0.0
tier3,2022,84,13579,137,M+KD+SD,0.0785,0,160,0.00616225
tier3,2022,84,13579,138,L+KD+SD,0.0,0,108,0.0
tier3,2022,84,13579,139,M+L+KD+SD,0.49735,1,176,0.25265702250000005
tier3,2022,84,13579,140,C+KD+SD,0.0,0,116,0.0
tier3,2022,84,13579,141,M+C+KD+SD,0.7262,1,184,0.07496644000000002
tier3,2022,84,13579,142,L+C+KD+SD,0.0,0,132,0.0
tier3,2022,84,13579,143,M+L+C+KD+SD,0.99475,1,200,2.756249999999976e-05
tier3,2022,84,13579,144,S+SD,0.82105,1,180,0.03202310250000002
tier3,2022,84,13579,145,M+S+SD,1.0,1,248,0.0
tier3,2022,84,13579,146,L+S+SD,0.9923,1,196,5.929000000000062e-05
tier3,2022,84,13579,147,M+L+S+SD,1.0,1,264,0.0
tier3,2022,84,13579,148,C+S+SD,0.9993,1,204,4.900000000000475e-07
tier3,2022,84,13579,149,M+C+S+SD,1.0,1,272,0.0
tier3,2022,84,13579,150,L+C+S+SD,1.0,1,220,0.0
tier3,2022,84,13579,151,M+L+C+S+SD,1.0,1,288,0.0
tier3,2022,84,13579,152,KD+S+SD,0.99825,1,199,3.0625000000001024e-06
tier3,2022,84,13579,153,M+KD+S+SD,1.0,1,267,0.0
tier3,2022,84,13579,154,L+KD+S+SD,1.0,1,215,0.0
tier3,2022,84,13579,155,M+L+KD+S+SD,1.0,1,283,0.0
tier3,2022,84,13579,156,C+KD+S+SD,1.0,1,223,0.0
tier3,2022,84,13579,157,M+C+KD+S+SD,1.0,1,291,0.0
tier3,2022,84,13579,158,L+C+KD+S+SD,1.0,1,239,0.0
tier3,2022,84,13579,159,M+L+C+KD+S+SD,1.0,1,307,0.0
tier3,2022,84,13579,160,V+SD,0.0,0,97,0.0
tier3,2022,84,13579,161,M+V+SD,0.34005,0,165,0.11563400250000001
tier3,2022,84,13579,162,L+V+SD,0.0,0,113,0.0
tier3,2022,84,13579,163,M+L+V+SD,0.769,1,181,0.05336099999999999
tier3,2022,84,13579,164,C+V+SD,0.0,0,121,0.0
tier3,2022,84,13579,165,M+C+V+SD,0.8753,1,189,0.015550090000000008
tier3,2022,84,13579,166,L+C+V+SD,0.0,0,137,0.0
tier3,2022,84,13579,167,M+L+C+V+SD,0.9965,1,205,1.2249999999999634e-05
tier3,2022,84,13579,168,KD+V+SD,0.0,0,116,0.0
tier3,2022,84,13579,169,M+KD+V+SD,0.8712,1,184,0.016589440000000007
tier3,2022,84,13579,170,L+KD+V+SD,0.0,0,132,0.0
tier3,2022,84,13579,171,M+L+KD+V+SD,0.9998,1,200,3.9999999999991186e-08
tier3,2022,84,13579,172,C+KD+V+SD,0.0,0,140,0.0
tier3,2022,84,13579,173,M+C+KD+V+SD,0.99975,1,208,6.249999999998623e-08
tier3,2022,84,13579,174,L+C+KD+V+SD,0.0235,0,156,0.00055225
tier3,2022,84,13579,175,M+L+C+KD+V+SD,1.0,1,224,0.0
tier3,2022,84,13579,176,S+V+SD,1.0,1,204,0.0
tier3,2022,84,13579,177,M+S+V+SD,1.0,1,272,0.0
tier3,2022,84,13579,178,L+S+V+SD,1.0,1,220,0.0
tier3,2022,84,13579,179,M+L+S+V+SD,1.0,1,288,0.0
tier3,2022,84,13579,180,C+S+V+SD,1.0,1,228,0.0
tier3,2022,84,13579,181,M+C+S+V+SD,1.0,1,296,0.0
tier3,2022,84,13579,182,L+C+S+V+SD,1.0,1,244,0.0
tier3,2022,84,13579,183,M+L+C+S+V+SD,1.0,1,312,0.0
tier3,2022,84,13579,184,KD+S+V+SD,1.0,1,223,0.0
tier3,2022,84,13579,185,M+KD+S+V+SD,1.0,1,291,0.0
tier3,2022,84,13579,186,L+KD+S+V+SD,1.0,1,239,0.0
tier3,2022,84,13579,187,M+L+KD+S+V+SD,1.0,1,307,0.0
tier3,2022,84,13579,188,C+KD+S+V+SD,1.0,1,247,0.0
tier3,2022,84,13579,189,M+C+KD+S+V+SD,1.0,1,315,0.0
tier3,2022,84,13579,190,L+C+KD+S+V+SD,1.0,1,263,0.0
tier3,2022,84,13579,191,M+L+C+KD+S+V+SD,1.0,1,331,0.0
tier3,2022,84,13579,192,MP+SD,0.0,0,91,0.0
tier3,2022,84,13579,193,M+MP+SD,0.00095,0,159,9.025e-07
tier3,2022,84,13579,194,L+MP+SD,0.0,0,107,0.0
tier3,2022,84,13579,195,M+L+MP+SD,0.02585,1,175,0.9489682224999999
tier3,2022,84,13579,196,C+MP+SD,0.0,0,115,0.0
tier3,2022,84,13579,197,M+C+MP+SD,0.10575,1,183,0.7996830625
tier3,2022,84,13579,198,L+C+MP+SD,0.0,0,131,0.0
tier3,2022,84,13579,199,M+L+C+MP+SD,0.63485,1,199,0.13333452249999997
tier3,2022,84,13579,200,KD+MP+SD,0.0,0,110,0.0
tier3,2022,84,13579,201,M+KD+MP+SD,0.1103,1,178,0.7915660900000001
tier3,2022,84,13579,202,L+KD+MP+SD,0.0,0,126,0.0
tier3,2022,84,13579,203,M+L+KD+MP+SD,0.7162,1,194,0.08054244000000003
tier3,2022,84,13579,204,C+KD+MP+SD,0.0,0,134,0.0
tier3,2022,84,13579,205,M+C+KD+MP+SD,0.91205,1,202,0.0077352024999999954
tier3,2022,84,13579,206,L+C+KD+MP+SD,0.0,0,150,0.0
tier3,2022,84,13579,207,M+L+C+KD+MP+SD,0.99565,1,218,1.8922499999999696e-05
tier3,2022,84,13579,208,S+MP+SD,0.93335,1,198,0.004442222499999998
tier3,2022,84,13579,209,M+S+MP+SD,1.0,1,266,0.0
tier3,2022,84,13579,210,L+S+MP+SD,0.99895,1,214,1.1024999999999903e-06
tier3,2022,84,13579,211,M+L+S+MP+SD,1.0,1,282,0.0
tier3,2022,84,13579,212,C+S+MP+SD,0.99985,1,222,2.2499999999995043e-08
tier3,2022,84,13579,213,M+C+S+MP+SD,1.0,1,290,0.0
tier3,2022,84,13579,214,L+C+S+MP+SD,1.0,1,238,0.0
tier3,2022,84,13579,215,M+L+C+S+MP+SD,1.0,1,306,0.0
tier3,2022,84,13579,216,KD+S+MP+SD,1.0,1,217,0.0
tier3,2022,84,13579,217,M+KD+S+MP+SD,1.0,1,285,0.0
tier3,2022,84,13579,218,L+KD+S+MP+SD,1.0,1,233,0.0
tier3,2022,84,13579,219,M+L+KD+S+MP+SD,1.0,1,301,0.0
tier3,2022,84,13579,220,C+KD+S+MP+SD,1.0,1,241,0.0
tier3,2022,84,13579,221,M+C+KD+S+MP+SD,1.0,1,309,0.0
tier3,2022,84,13579,222,L+C+KD+S+MP+SD,1.0,1,257,0.0
tier3,2022,84,13579,223,M+L+C+KD+S+MP+SD,1.0,1,325,0.0
tier3,2022,84,13579,224,V+MP+SD,0.0,0,115,0.0
tier3,2022,84,13579,225,M+V+MP+SD,0.44545,1,183,0.3075257025
tier3,2022,84,13579,226,L+V+MP+SD,0.0,0,131,0.0
tier3,2022,84,13579,227,M+L+V+MP+SD,0.89335,1,199,0.011374222500000005
tier3,2022,84,13579,228,C+V+MP+SD,0.0,0,139,0.0
tier3,2022,84,13579,229,M+C+V+MP+SD,0.9644,1,207,0.0012673599999999975
tier3,2022,84,13579,230,L+C+V+MP+SD,0.005,0,155,2.5e-05
tier3,2022,84,13579,231,M+L+C+V+MP+SD,0.9975,1,223,6.2499999999997335e-06
tier3,2022,84,13579,232,KD+V+MP+SD,0.0,0,134,0.0
tier3,2022,84,13579,233,M+KD+V+MP+SD,0.9735,1,202,0.0007022499999999983
tier3,2022,84,13579,234,L+KD+V+MP+SD,0.001,0,150,1e-06
tier3,2022,84,13579,235,M+L+KD+V+MP+SD,0.99995,1,218,2.499999999999449e-09
tier3,2022,84,13579,236,C+KD+V+MP+SD,0.0037,0,158,1.3690000000000001e-05
tier3,2022,84,13579,237,M+C+KD+V+MP+SD,1.0,1,226,0.0
tier3,2022,84,13579,238,L+C+KD+V+MP+SD,0.1141,0,174,0.013018809999999999
tier3,2022,84,13579,239,M+L+C+KD+V+MP+SD,1.0,1,242,0.0
tier3,2022,84,13579,240,S+V+MP+SD,1.0,1,222,0.0
tier3,2022,84,13579,241,M+S+V+MP+SD,1.0,1,290,0.0
tier3,2022,84,13579,242,L+S+V+MP+SD,1.0,1,238,0.0
tier3,2022,84,13579,243,M+L+S+V+MP+SD,1.0,1,306,0.0
tier3,2022,84,13579,244,C+S+V+MP+SD,1.0,1,246,0.0
tier3,2022,84,13579,245,M+C+S+V+MP+SD,1.0,1,314,0.0
tier3,2022,84,13579,246,L+C+S+V+MP+SD,1.0,1,262,0.0
tier3,2022,84,13579,247,M+L+C+S+V+MP+SD,1.0,1,330,0.0
tier3,2022,84,13579,248,KD+S+V+MP+SD,1.0,1,241,0.0
tier3,2022,84,13579,249,M+KD+S+V+MP+SD,1.0,1,309,0.0
tier3,2022,84,13579,250,L+KD+S+V+MP+SD,1.0,1,257,0.0
tier3,2022,84,13579,251,M+L+KD+S+V+MP+SD,1.0,1,325,0.0
tier3,2022,84,13579,252,C+KD+S+V+MP+SD,1.0,1,265,0.0
tier3,2022,84,13579,253,M+C+KD+S+V+MP+SD,1.0,1,333,0.0
tier3,2022,84,13579,254,L+C+KD+S+V+MP+SD,1.0,1,281,0.0
tier3,2022,56,12345,1,M,0.0,0,68,0.0
tier3,2022,56,12345,2,L,0.0,0,16,0.0
tier3,2022,56,12345,3,M+L,0.0,0,84,0.0
tier3,2022,56,12345,4,C,0.0,0,24,0.0
tier3,2022,56,12345,5,M+C,0.0,0,92,0.0
tier3,2022,56,12345,6,L+C,0.0,0,40,0.0
tier3,2022,56,12345,7,M+L+C,0.0,0,108,0.0
tier3,2022,56,12345,8,KD,0.0,0,19,0.0
tier3,2022,56,12345,9,M+KD,0.0,0,87,0.0
tier3,2022,56,12345,10,L+KD,0.0,0,35,0.0
tier3,2022,56,12345,11,M+L+KD,0.0,0,103,0.0
tier3,2022,56,12345,12,C+KD,0.0,0,43,0.0
tier3,2022,56,12345,13,M+C+KD,0.0,0,111,0.0
tier3,2022,56,12345,14,L+C+KD,0.0,0,59,0.0
tier3,2022,56,12345,15,M+L+C+KD,0.0,0,127,0.0
tier3,2022,56,12345,16,S,0.0,0,107,0.0
tier3,2022,56,12345,17,M+S,0.76725,1,175,0.05417256250000001
tier3,2022,56,12345,18,L+S,0.0,0,123,0.0
tier3,2022,56,12345,19,M+L+S,0.99855,1,191,2.1024999999998587e-06
tier3,2022,56,12345,20,C+S,0.0,0,131,0.0
tier3,2022,56,12345,21,M+C+S,0.9996,1,199,1.5999999999996475e-07
tier3,2022,56,12345,22,L+C+S,0.0025,0,147,6.25e-06
tier3,2022,56,12345,23,M+L+C+S,1.0,1,215,0.0
tier3,2022,56,12345,24,KD+S,0.0,0,126,0.0
tier3,2022,56,12345,25,M+KD+S,0.99545,1,194,2.0702500000000492e-05
tier3,2022,56,12345,26,L+KD+S,0.0063,0,142,3.969e-05
tier3,2022,56,12345,27,M+L+KD+S,1.0,1,210,0.0
tier3,2022,56,12345,28,C+KD+S,0.0107,0,150,0.00011448999999999998
tier3,2022,56,12345,29,M+C+KD+S,1.0,1,218,0.0
tier3,2022,56,12345,30,L+C+KD+S,0.43725,0,166,0.19118756250000002
tier3,2022,56,12345,31,M+L+C+KD+S,1.0,1,234,0.0
tier3,2022,56,12345,32,V,0.0,0,24,0.0
tier3,2022,56,12345,33,M+V,0.0,0,92,0.0
tier3,2022,56,12345,34,L+V,0.0,0,40,0.0
tier3,2022,56,12345,35,M+L+V,0.0,0,108,0.0
tier3,2022,56,12345,36,C+V,0.0,0,48,0.0
tier3,2022,56,12345,37,M+C+V,0.0,0,116,0.0
tier3,2022,56,12345,38,L+C+V,0.0,0,64,0.0
tier3,2022,56,12345,39,M+L+C+V,0.0,0,132,0.0
tier3,2022,56,12345,40,KD+V,0.0,0,43,0.0
tier3,2022,56,12345,41,M+KD+V,0.0,0,111,0.0
tier3,2022,56,12345,42,L+KD+V,0.0,0,59,0.0
tier3,2022,56,12345,43,M+L+KD+V,0.0,0,127,0.0
tier3,2022,56,12345,44,C+KD+V,0.0,0,67,0.0
tier3,2022,56,12345,45,M+C+KD+V,0.0,0,135,0.0
tier3,2022,56,12345,46,L+C+KD+V,0.0,0,83,0.0
tier3,2022,56,12345,47,M+L+C+KD+V,0.04165,0,151,0.0017347225
tier3,2022,56,12345,48,S+V,0.0,0,131,0.0
tier3,2022,56,12345,49,M+S+V,1.0,1,199,0.0
tier3,2022,56,12345,50,L+S+V,0.00955,0,147,9.120249999999999e-05
tier3,2022,56,12345,51,M+L+S+V,1.0,1,215,0.0
tier3,2022,56,12345,52,C+S+V,0.0299,0,155,0.00089401
tier3,2022,56,12345,53,M+C+S+V,1.0,1,223,0.0
tier3,2022,56,12345,54,L+C+S+V,0.84605,0,171,0.7158006025
tier3,2022,56,12345,55,M+L+C+S+V,1.0,1,239,0.0
tier3,2022,56,12345,56,KD+S+V,0.0567,0,150,0.00321489
tier3,2022,56,12345,57,M+KD+S+V,1.0,1,218,0.0
tier3,2022,56,12345,58,L+KD+S+V,0.8519,0,166,0.72573361
tier3,2022,56,12345,59,M+L+KD+S+V,1.0,1,234,0.0
tier3,2022,56,12345,60,C+KD+S+V,0.94955,0,174,0.9016452025
tier3,2022,56,12345,61,M+C+KD+S+V,1.0,1,242,0.0
tier3,2022,56,12345,62,L+C+KD+S+V,0.9997,1,190,8.999999999998017e-08
tier3,2022,56,12345,63,M+L+C+KD+S+V,1.0,1,258,0.0
tier3,2022,56,12345,64,MP,0.0,0,18,0.0
tier3,2022,56,12345,65,M+MP,0.0,0,86,0.0
tier3,2022,56,12345,66,L+MP,0.0,0,34,0.0
tier3,2022,56,12345,67,M+L+MP,0.0,0,102,0.0
tier3,2022,56,12345,68,C+MP,0.0,0,42,0.0
tier3,2022,56,12345,69,M+C+MP,0.0,0,110,0.0
tier3,2022,56,12345,70,L+C+MP,0.0,0,58,0.0
tier3,2022,56,12345,71,M+L+C+MP,0.0,0,126,0.0
tier3,2022,56,12345,72,KD+MP,0.0,0,37,0.0
tier3,2022,56,12345,73,M+KD+MP,0.0,0,105,0.0
tier3,2022,56,12345,74,L+KD+MP,0.0,0,53,0.0
tier3,2022,56,12345,75,M+L+KD+MP,0.0,0,121,0.0
tier3,2022,56,12345,76,C+KD+MP,0.0,0,61,0.0
tier3,2022,56,12345,77,M+C+KD+MP,0.0,0,129,0.0
tier3,2022,56,12345,78,L+C+KD+MP,0.0,0,77,0.0
tier3,2022,56,12345,79,M+L+C+KD+MP,0.0,0,145,0.0
tier3,2022,56,12345,80,S+MP,0.0,0,125,0.0
tier3,2022,56,12345,81,M+S+MP,0.9875,1,193,0.0001562499999999989
tier3,2022,56,12345,82,L+S+MP,0.0004,0,141,1.6e-07
tier3,2022,56,12345,83,M+L+S+MP,1.0,1,209,0.0
tier3,2022,56,12345,84,C+S+MP,0.00055,0,149,3.025e-07
tier3,2022,56,12345,85,M+C+S+MP,1.0,1,217,0.0
tier3,2022,56,12345,86,L+C+S+MP,0.18,0,165,0.0324
tier3,2022,56,12345,87,M+L+C+S+MP,1.0,1,233,0.0
tier3,2022,56,12345,88,KD+S+MP,0.00045,0,144,2.025e-07
tier3,2022,56,12345,89,M+KD+S+MP,1.0,1,212,0.0
tier3,2022,56,12345,90,L+KD+S+MP,0.16615,0,160,0.0276058225
tier3,2022,56,12345,91,M+L+KD+S+MP,1.0,1,228,0.0
tier3,2022,56,12345,92,C+KD+S+MP,0.23915,0,168,0.0571927225
tier3,2022,56,12345,93,M+C+KD+S+MP,1.0,1,236,0.0
tier3,2022,56,12345,94,L+C+KD+S+MP,0.7721,1,184,0.05193841
tier3,2022,56,12345,95,M+L+C+KD+S+MP,1.0,1,252,0.0
tier3,2022,56,12345,96,V+MP,0.0,0,42,0.0
tier3,2022,56,12345,97,M+V+MP,0.0,0,110,0.0
tier3,2022,56,12345,98,L+V+MP,0.0,0,58,0.0
tier3,2022,56,12345,99,M+L+V+MP,0.0,0,126,0.0
tier3,2022,56,12345,100,C+V+MP,0.0,0,66,0.0
tier3,2022,56,12345,101,M+C+V+MP,0.0,0,134,0.0
tier3,2022,56,12345,102,L+C+V+MP,0.0,0,82,0.0
tier3,2022,56,12345,103,M+L+C+V+MP,0.00215,0,150,4.6225e-06
tier3,2022,56,12345,104,KD+V+MP,0.0,0,61,0.0
tier3,2022,56,12345,105,M+KD+V+MP,0.0,0,129,0.0
tier3,2022,56,12345,106,L+KD+V+MP,0.0,0,77,0.0
tier3,2022,56,12345,107,M+L+KD+V+MP,0.0005,0,145,2.5e-07
tier3,2022,56,12345,108,C+KD+V+MP,0.0,0,85,0.0
tier3,2022,56,12345,109,M+C+KD+V+MP,0.00775,0,153,6.0062499999999996e-05
tier3,2022,56,12345,110,L+C+KD+V+MP,0.0,0,101,0.0
tier3,2022,56,12345,111,M+L+C+KD+V+MP,0.4555,0,169,0.20748025
tier3,2022,56,12345,112,S+V+MP,0.0017,0,149,2.89e-06
tier3,2022,56,12345,113,M+S+V+MP,1.0,1,217,0.0
tier3,2022,56,12345,114,L+S+V+MP,0.35795,0,165,0.12812820249999998
tier3,2022,56,12345,115,M+L+S+V+MP,1.0,1,233,0.0
tier3,2022,56,12345,116,C+S+V+MP,0.52205,0,173,0.2725362025
tier3,2022,56,12345,117,M+C+S+V+MP,1.0,1,241,0.0
tier3,2022,56,12345,118,L+C+S+V+MP,0.9571,1,189,0.0018404100000000041
tier3,2022,56,12345,119,M+L+C+S+V+MP,1.0,1,257,0.0
tier3,2022,56,12345,120,KD+S+V+MP,0.5496,0,168,0.30206015999999997
tier3,2022,56,12345,121,M+KD+S+V+MP,1.0,1,236,0.0
tier3,2022,56,12345,122,L+KD+S+V+MP,0.9666,1,184,0.001115559999999999
tier3,2022,56,12345,123,M+L+KD+S+V+MP,1.0,1,252,0.0
tier3,2022,56,12345,124,C+KD+S+V+MP,0.9887,1,192,0.00012768999999999948
tier3,2022,56,12345,125,M+C+KD+S+V+MP,1.0,1,260,0.0
tier3,2022,56,12345,126,L+C+KD+S+V+MP,1.0,1,208,0.0
tier3,2022,56,12345,127,M+L+C+KD+S+V+MP,1.0,1,276,0.0
tier3,2022,56,12345,128,SD,0.0,0,73,0.0
tier3,2022,56,12345,129,M+SD,0.0,0,141,0.0
tier3,2022,56,12345,130,L+SD,0.0,0,89,0.0
tier3,2022,56,12345,131,M+L+SD,0.0113,0,157,0.00012769
tier3,2022,56,12345,132,C+SD,0.0,0,97,0.0
tier3,2022,56,12345,133,M+C+SD,0.0334,0,165,0.00111556
tier3,2022,56,12345,134,L+C+SD,0.0,0,113,0.0
tier3,2022,56,12345,135,M+L+C+SD,0.4504,1,181,0.30206015999999997
tier3,2022,56,12345,136,KD+SD,0.0,0,92,0.0
tier3,2022,56,12345,137,M+KD+SD,0.0429,0,160,0.00184041
tier3,2022,56,12345,138,L+KD+SD,0.0,0,108,0.0
tier3,2022,56,12345,139,M+L+KD+SD,0.47795,1,176,0.2725362025
tier3,2022,56,12345,140,C+KD+SD,0.0,0,116,0.0
tier3,2022,56,12345,141,M+C+KD+SD,0.64205,1,184,0.12812820249999998
tier3,2022,56,12345,142,L+C+KD+SD,0.0,0,132,0.0
tier3,2022,56,12345,143,M+L+C+KD+SD,0.9983,1,200,2.8900000000001184e-06
tier3,2022,56,12345,144,S+SD,0.5445,1,180,0.20748025
tier3,2022,56,12345,145,M+S+SD,1.0,1,248,0.0
tier3,2022,56,12345,146,L+S+SD,0.99225,1,196,6.006250000000054e-05
tier3,2022,56,12345,147,M+L+S+SD,1.0,1,264,0.0
tier3,2022,56,12345,148,C+S+SD,0.9995,1,204,2.4999999999994493e-07
tier3,2022,56,12345,149,M+C+S+SD,1.0,1,272,0.0
tier3,2022,56,12345,150,L+C+S+SD,1.0,1,220,0.0
tier3,2022,56,12345,151,M+L+C+S+SD,1.0,1,288,0.0
tier3,2022,56,12345,152,KD+S+SD,0.99785,1,199,4.622499999999937e-06
tier3,2022,56,12345,153,M+KD+S+SD,1.0,1,267,0.0
tier3,2022,56,12345,154,L+KD+S+SD,1.0,1,215,0.0
tier3,2022,56,12345,155,M+L+KD+S+SD,1.0,1,283,0.0
tier3,2022,56,12345,156,C+KD+S+SD,1.0,1,223,0.0
tier3,2022,56,12345,157,M+C+KD+S+SD,1.0,1,291,0.0
tier3,2022,56,12345,158,L+C+KD+S+SD,1.0,1,239,0.0
tier3,2022,56,12345,159,M+L+C+KD+S+SD,1.0,1,307,0.0
tier3,2022,56,12345,160,V+SD,0.0,0,97,0.0
tier3,2022,56,12345,161,M+V+SD,0.2279,0,165,0.05193841
tier3,2022,56,12345,162,L+V+SD,0.0,0,113,0.0
tier3,2022,56,12345,163,M+L+V+SD,0.76085,1,181,0.05719272249999999
tier3,2022,56,12345,164,C+V+SD,0.0,0,121,0.0
tier3,2022,56,12345,165,M+C+V+SD,0.83385,1,189,0.027605822500000005
tier3,2022,56,12345,166,L+C+V+SD,0.0,0,137,0.0
tier3,2022,56,12345,167,M+L+C+V+SD,0.99955,1,205,2.024999999999554e-07
tier3,2022,56,12345,168,KD+V+SD,0.0,0,116,0.0
tier3,2022,56,12345,169,M+KD+V+SD,0.82,1,184,0.03240000000000002
tier3,2022,56,12345,170,L+KD+V+SD,0.0,0,132,0.0
tier3,2022,56,12345,171,M+L+KD+V+SD,0.99945,1,200,3.025000000000555e-07
tier3,2022,56,12345,172,C+KD+V+SD,0.0,0,140,0.0
tier3,2022,56,12345,173,M+C+KD+V+SD,0.9996,1,208,1.5999999999996475e-07
tier3,2022,56,12345,174,L+C+KD+V+SD,0.0125,0,156,0.00015625000000000003
tier3,2022,56,12345,175,M+L+C+KD+V+SD,1.0,1,224,0.0
tier3,2022,56,12345,176,S+V+SD,1.0,1,204,0.0
tier3,2022,56,12345,177,M+S+V+SD,1.0,1,272,0.0
tier3,2022,56,12345,178,L+S+V+SD,1.0,1,220,0.0
tier3,2022,56,12345,179,M+L+S+V+SD,1.0,1,288,0.0
tier3,2022,56,12345,180,C+S+V+SD,1.0,1,228,0.0
tier3,2022,56,12345,181,M+C+S+V+SD,1.0,1,296,0.0
tier3,2022,56,12345,182,L+C+S+V+SD,1.0,1,244,0.0
tier3,2022,56,12345,183,M+L+C+S+V+SD,1.0,1,312,0.0
tier3,2022,56,12345,184,KD+S+V+SD,1.0,1,223,0.0
tier3,2022,56,12345,185,M+KD+S+V+SD,1.0,1,291,0.0
tier3,2022,56,12345,186,L+KD+S+V+SD,1.0,1,239,0.0
tier3,2022,56,12345,187,M+L+KD+S+V+SD,1.0,1,307,0.0
tier3,2022,56,12345,188,C+KD+S+V+SD,1.0,1,247,0.0
tier3,2022,56,12345,189,M+C+KD+S+V+SD,1.0,1,315,0.0
tier3,2022,56,12345,190,L+C+KD+S+V+SD,1.0,1,263,0.0
tier3,2022,56,12345,191,M+L+C+KD+S+V+SD,1.0,1,331,0.0
tier3,2022,56,12345,192,MP+SD,0.0,0,91,0.0
tier3,2022,56,12345,193,M+MP+SD,0.0003,0,159,8.999999999999999e-08
tier3,2022,56,12345,194,L+MP+SD,0.0,0,107,0.0
tier3,2022,56,12345,195,M+L+MP+SD,0.05045,1,175,0.9016452025
tier3,2022,56,12345,196,C+MP+SD,0.0,0,115,0.0
tier3,2022,56,12345,197,M+C+MP+SD,0.1481,1,183,0.72573361
tier3,2022,56,12345,198,L+C+MP+SD,0.0,0,131,0.0
tier3,2022,56,12345,199,M+L+C+MP+SD,0.9433,1,199,0.0032148899999999967
tier3,2022,56,12345,200,KD+MP+SD,0.0,0,110,0.0
tier3,2022,56,12345,201,M+KD+MP+SD,0.15395,1,178,0.7158006025
tier3,2022,56,12345,202,L+KD+MP+SD,0.0,0,126,0.0
tier3,2022,56,12345,203,M+L+KD+MP+SD,0.9701,1,194,0.0008940100000000023
tier3,2022,56,12345,204,C+KD+MP+SD,0.0,0,134,0.0
tier3,2022,56,12345,205,M+C+KD+MP+SD,0.99045,1,202,9.120249999999899e-05
tier3,2022,56,12345,206,L+C+KD+MP+SD,0.0,0,150,0.0
tier3,2022,56,12345,207,M+L+C+KD+MP+SD,1.0,1,218,0.0
tier3,2022,56,12345,208,S+MP+SD,0.95835,1,198,0.001734722499999997
tier3,2022,56,12345,209,M+S+MP+SD,1.0,1,266,0.0
tier3,2022,56,12345,210,L+S+MP+SD,1.0,1,214,0.0
tier3,2022,56,12345,211,M+L+S+MP+SD,1.0,1,282,0.0
tier3,2022,56,12345,212,C+S+MP+SD,1.0,1,222,0.0
tier3,2022,56,12345,213,M+C+S+MP+SD,1.0,1,290,0.0
tier3,2022,56,12345,214,L+C+S+MP+SD,1.0,1,238,0.0
tier3,2022,56,12345,215,M+L+C+S+MP+SD,1.0,1,306,0.0
tier3,2022,56,12345,216,KD+S+MP+SD,1.0,1,217,0.0
tier3,2022,56,12345,217,M+KD+S+MP+SD,1.0,1,285,0.0
tier3,2022,56,12345,218,L+KD+S+MP+SD,1.0,1,233,0.0
tier3,2022,56,12345,219,M+L+KD+S+MP+SD,1.0,1,301,0.0
tier3,2022,56,12345,220,C+KD+S+MP+SD,1.0,1,241,0.0
tier3,2022,56,12345,221,M+C+KD+S+MP+SD,1.0,1,309,0.0
tier3,2022,56,12345,222,L+C+KD+S+MP+SD,1.0,1,257,0.0
tier3,2022,56,12345,223,M+L+C+KD+S+MP+SD,1.0,1,325,0.0
tier3,2022,56,12345,224,V+MP+SD,0.0,0,115,0.0
tier3,2022,56,12345,225,M+V+MP+SD,0.56275,1,183,0.19118756250000002
tier3,2022,56,12345,226,L+V+MP+SD,0.0,0,131,0.0
tier3,2022,56,12345,227,M+L+V+MP+SD,0.9893,1,199,0.00011449000000000092
tier3,2022,56,12345,228,C+V+MP+SD,0.0,0,139,0.0
tier3,2022,56,12345,229,M+C+V+MP+SD,0.9937,1,207,3.968999999999965e-05
tier3,2022,56,12345,230,L+C+V+MP+SD,0.00455,0,155,2.07025e-05
tier3,2022,56,12345,231,M+L+C+V+MP+SD,1.0,1,223,0.0
tier3,2022,56,12345,232,KD+V+MP+SD,0.0,0,134,0.0
tier3,2022,56,12345,233,M+KD+V+MP+SD,0.9975,1,202,6.2499999999997335e-06
tier3,2022,56,12345,234,L+KD+V+MP+SD,0.0004,0,150,1.6e-07
tier3,2022,56,12345,235,M+L+KD+V+MP+SD,1.0,1,218,0.0
tier3,2022,56,12345,236,C+KD+V+MP+SD,0.00145,0,158,2.1024999999999998e-06
tier3,2022,56,12345,237,M+C+KD+V+MP+SD,1.0,1,226,0.0
tier3,2022,56,12345,238,L+C+KD+V+MP+SD,0.23275,0,174,0.05417256250000001
tier3,2022,56,12345,239,M+L+C+KD+V+MP+SD,1.0,1,242,0.0
tier3,2022,56,12345,240,S+V+MP+SD,1.0,1,222,0.0
tier3,2022,56,12345,241,M+S+V+MP+SD,1.0,1,290,0.0
tier3,2022,56,12345,242,L+S+V+MP+SD,1.0,1,238,0.0
tier3,2022,56,12345,243,M+L+S+V+MP+SD,1.0,1,306,0.0
tier3,2022,56,12345,244,C+S+V+MP+SD,1.0,1,246,0.0
tier3,2022,56,12345,245,M+C+S+V+MP+SD,1.0,1,314,0.0
tier3,2022,56,12345,246,L+C+S+V+MP+SD,1.0,1,262,0.0
tier3,2022,56,12345,247,M+L+C+S+V+MP+SD,1.0,1,330,0.0
tier3,2022,56,12345,248,KD+S+V+MP+SD,1.0,1,241,0.0
tier3,2022,56,12345,249,M+KD+S+V+MP+SD,1.0,1,309,0.0
tier3,2022,56,12345,250,L+KD+S+V+MP+SD,1.0,1,257,0.0
tier3,2022,56,12345,251,M+L+KD+S+V+MP+SD,1.0,1,325,0.0
tier3,2022,56,12345,252,C+KD+S+V+MP+SD,1.0,1,265,0.0
tier3,2022,56,12345,253,M+C+KD+S+V+MP+SD,1.0,1,333,0.0
tier3,2022,56,12345,254,L+C+KD+S+V+MP+SD,1.0,1,281,0.0
tier3,2022,56,24680,1,M,0.0,0,68,0.0
tier3,2022,56,24680,2,L,0.0,0,16,0.0
tier3,2022,56,24680,3,M+L,0.0,0,84,0.0
tier3,2022,56,24680,4,C,0.0,0,24,0.0
tier3,2022,56,24680,5,M+C,0.0,0,92,0.0
tier3,2022,56,24680,6,L+C,0.0,0,40,0.0
tier3,2022,56,24680,7,M+L+C,0.0,0,108,0.0
tier3,2022,56,24680,8,KD,0.0,0,19,0.0
tier3,2022,56,24680,9,M+KD,0.0,0,87,0.0
tier3,2022,56,24680,10,L+KD,0.0,0,35,0.0
tier3,2022,56,24680,11,M+L+KD,0.0,0,103,0.0
tier3,2022,56,24680,12,C+KD,0.0,0,43,0.0
tier3,2022,56,24680,13,M+C+KD,0.0,0,111,0.0
tier3,2022,56,24680,14,L+C+KD,0.0,0,59,0.0
tier3,2022,56,24680,15,M+L+C+KD,0.0,0,127,0.0
tier3,2022,56,24680,16,S,0.0,0,107,0.0
tier3,2022,56,24680,17,M+S,0.75875,1,175,0.058201562499999984
tier3,2022,56,24680,18,L+S,0.0,0,123,0.0
tier3,2022,56,24680,19,M+L+S,0.9979,1,191,4.409999999999961e-06
tier3,2022,56,24680,20,C+S,0.0,0,131,0.0
tier3,2022,56,24680,21,M+C+S,0.99895,1,199,1.1024999999999903e-06
tier3,2022,56,24680,22,L+C+S,0.00205,0,147,4.202500000000001e-06
tier3,2022,56,24680,23,M+L+C+S,1.0,1,215,0.0
tier3,2022,56,24680,24,KD+S,0.0,0,126,0.0
tier3,2022,56,24680,25,M+KD+S,0.99505,1,194,2.45025000000001e-05
tier3,2022,56,24680,26,L+KD+S,0.0056,0,142,3.136e-05
tier3,2022,56,24680,27,M+L+KD+S,1.0,1,210,0.0
tier3,2022,56,24680,28,C+KD+S,0.0093,0,150,8.648999999999998e-05
tier3,2022,56,24680,29,M+C+KD+S,1.0,1,218,0.0
tier3,2022,56,24680,30,L+C+KD+S,0.43675,0,166,0.19075056250000003
tier3,2022,56,24680,31,M+L+C+KD+S,1.0,1,234,0.0
tier3,2022,56,24680,32,V,0.0,0,24,0.0
tier3,2022,56,24680,33,M+V,0.0,0,92,0.0
tier3,2022,56,24680,34,L+V,0.0,0,40,0.0
tier3,2022,56,24680,35,M+L+V,0.0,0,108,0.0
tier3,2022,56,24680,36,C+V,0.0,0,48,0.0
tier3,2022,56,24680,37,M+C+V,0.0,0,116,0.0
tier3,2022,56,24680,38,L+C+V,0.0,0,64,0.0
tier3,2022,56,24680,39,M+L+C+V,0.0,0,132,0.0
tier3,2022,56,24680,40,KD+V,0.0,0,43,0.0
tier3,2022,56,24680,41,M+KD+V,0.0,0,111,0.0
tier3,2022,56,24680,42,L+KD+V,0.0,0,59,0.0
tier3,2022,56,24680,43,M+L+KD+V,0.0,0,127,0.0
tier3,2022,56,24680,44,C+KD+V,0.0,0,67,0.0
tier3,2022,56,24680,45,M+C+KD+V,0.0,0,135,0.0
tier3,2022,56,24680,46,L+C+KD+V,0.0,0,83,0.0
tier3,2022,56,24680,47,M+L+C+KD+V,0.04215,0,151,0.0017766225
tier3,2022,56,24680,48,S+V,5e-05,0,131,2.5e-09
tier3,2022,56,24680,49,M+S+V,1.0,1,199,0.0
tier3,2022,56,24680,50,L+S+V,0.00875,0,147,7.656250000000001e-05
tier3,2022,56,24680,51,M+L+S+V,1.0,1,215,0.0
tier3,2022,56,24680,52,C+S+V,0.0262,0,155,0.0006864400000000001
tier3,2022,56,24680,53,M+C+S+V,1.0,1,223,0.0
tier3,2022,56,24680,54,L+C+S+V,0.8454,0,171,0.7147011600000001
tier3,2022,56,24680,55,M+L+C+S+V,1.0,1,239,0.0
tier3,2022,56,24680,56,KD+S+V,0.05125,0,150,0.0026265624999999996
tier3,2022,56,24680,57,M+KD+S+V,1.0,1,218,0.0
tier3,2022,56,24680,58,L+KD+S+V,0.84755,0,166,0.7183410025
tier3,2022,56,24680,59,M+L+KD+S+V,1.0,1,234,0.0
tier3,2022,56,24680,60,C+KD+S+V,0.9465,0,174,0.89586225
tier3,2022,56,24680,61,M+C+KD+S+V,1.0,1,242,0.0
tier3,2022,56,24680,62,L+C+KD+S+V,0.9999,1,190,9.999999999997797e-09
tier3,2022,56,24680,63,M+L+C+KD+S+V,1.0,1,258,0.0
tier3,2022,56,24680,64,MP,0.0,0,18,0.0
tier3,2022,56,24680,65,M+MP,0.0,0,86,0.0
tier3,2022,56,24680,66,L+MP,0.0,0,34,0.0
tier3,2022,56,24680,67,M+L+MP,0.0,0,102,0.0
tier3,2022,56,24680,68,C+MP,0.0,0,42,0.0
tier3,2022,56,24680,69,M+C+MP,0.0,0,110,0.0
tier3,2022,56,24680,70,L+C+MP,0.0,0,58,0.0
tier3,2022,56,24680,71,M+L+C+MP,0.0,0,126,0.0
tier3,2022,56,24680,72,KD+MP,0.0,0,37,0.0
tier3,2022,56,24680,73,M+KD+MP,0.0,0,105,0.0
tier3,2022,56,24680,74,L+KD+MP,0.0,0,53,0.0
tier3,2022,56,24680,75,M+L+KD+MP,0.0,0,121,0.0
tier3,2022,56,24680,76,C+KD+MP,0.0,0,61,0.0
tier3,2022,56,24680,77,M+C+KD+MP,0.0,0,129,0.0
tier3,2022,56,24680,78,L+C+KD+MP,0.0,0,77,0.0
tier3,2022,56,24680,79,M+L+C+KD+MP,0.0,0,145,0.0
tier3,2022,56,24680,80,S+MP,0.0,0,125,0.0
tier3,2022,56,24680,81,M+S+MP,0.9865,1,193,0.00018224999999999882
tier3,2022,56,24680,82,L+S+MP,0.0002,0,141,4e-08
tier3,2022,56,24680,83,M+L+S+MP,1.0,1,209,0.0
tier3,2022,56,24680,84,C+S+MP,0.0003,0,149,8.999999999999999e-08
tier3,2022,56,24680,85,M+C+S+MP,1.0,1,217,0.0
tier3,2022,56,24680,86,L+C+S+MP,0.1845,0,165,0.03404025
tier3,2022,56,24680,87,M+L+C+S+MP,1.0,1,233,0.0
tier3,2022,56,24680,88,KD+S+MP,0.0002,0,144,4e-08
tier3,2022,56,24680,89,M+KD+S+MP,1.0,1,212,0.0
tier3,2022,56,24680,90,L+KD+S+MP,0.16675,0,160,0.027805562500000002
tier3,2022,56,24680,91,M+L+KD+S+MP,1.0,1,228,0.0
tier3,2022,56,24680,92,C+KD+S+MP,0.23525,0,168,0.05534256249999999
tier3,2022,56,24680,93,M+C+KD+S+MP,1.0,1,236,0.0
tier3,2022,56,24680,94,L+C+KD+S+MP,0.7748,1,184,0.05071503999999998
tier3,2022,56,24680,95,M+L+C+KD+S+MP,1.0,1,252,0.0
tier3,2022,56,24680,96,V+MP,0.0,0,42,0.0
tier3,2022,56,24680,97,M+V+MP,0.0,0,110,0.0
tier3,2022,56,24680,98,L+V+MP,0.0,0,58,0.0
tier3,2022,56,24680,99,M+L+V+MP,0.0,0,126,0.0
tier3,2022,56,24680,100,C+V+MP,0.0,0,66,0.0
tier3,2022,56,24680,101,M+C+V+MP,0.0,0,134,0.0
tier3,2022,56,24680,102,L+C+V+MP,0.0,0,82,0.0
tier3,2022,56,24680,103,M+L+C+V+MP,0.00185,0,150,3.4225000000000003e-06
tier3,2022,56,24680,104,KD+V+MP,0.0,0,61,0.0
tier3,2022,56,24680,105,M+KD+V+MP,0.0,0,129,0.0
tier3,2022,56,24680,106,L+KD+V+MP,0.0,0,77,0.0
tier3,2022,56,24680,107,M+L+KD+V+MP,0.00075,0,145,5.625e-07
tier3,2022,56,24680,108,C+KD+V+MP,0.0,0,85,0.0
tier3,2022,56,24680,109,M+C+KD+V+MP,0.0073,0,153,5.329e-05
tier3,2022,56,24680,110,L+C+KD+V+MP,0.0,0,101,0.0
tier3,2022,56,24680,111,M+L+C+KD+V+MP,0.46305,0,169,0.21441530250000002
tier3,2022,56,24680,112,S+V+MP,0.0021,0,149,4.409999999999999e-06
tier3,2022,56,24680,113,M+S+V+MP,1.0,1,217,0.0
tier3,2022,56,24680,114,L+S+V+MP,0.36935,0,165,0.1364194225
tier3,2022,56,24680,115,M+L+S+V+MP,1.0,1,233,0.0
tier3,2022,56,24680,116,C+S+V+MP,0.52485,0,173,0.27546752250000006
tier3,2022,56,24680,117,M+C+S+V+MP,1.0,1,241,0.0
tier3,2022,56,24680,118,L+C+S+V+MP,0.9575,1,189,0.0018062499999999984
tier3,2022,56,24680,119,M+L+C+S+V+MP,1.0,1,257,0.0
tier3,2022,56,24680,120,KD+S+V+MP,0.548,0,168,0.30030400000000007
tier3,2022,56,24680,121,M+KD+S+V+MP,1.0,1,236,0.0
tier3,2022,56,24680,122,L+KD+S+V+MP,0.96365,1,184,0.0013213224999999995
tier3,2022,56,24680,123,M+L+KD+S+V+MP,1.0,1,252,0.0
tier3,2022,56,24680,124,C+KD+S+V+MP,0.98815,1,192,0.00014042250000000065
tier3,2022,56,24680,125,M+C+KD+S+V+MP,1.0,1,260,0.0
tier3,2022,56,24680,126,L+C+KD+S+V+MP,0.99995,1,208,2.499999999999449e-09
tier3,2022,56,24680,127,M+L+C+KD+S+V+MP,1.0,1,276,0.0
tier3,2022,56,24680,128,SD,0.0,0,73,0.0
tier3,2022,56,24680,129,M+SD,5e-05,0,141,2.5e-09
tier3,2022,56,24680,130,L+SD,0.0,0,89,0.0
tier3,2022,56,24680,131,M+L+SD,0.01185,0,157,0.0001404225
tier3,2022,56,24680,132,C+SD,0.0,0,97,0.0
tier3,2022,56,24680,133,M+C+SD,0.03635,0,165,0.0013213225
tier3,2022,56,24680,134,L+C+SD,0.0,0,113,0.0
tier3,2022,56,24680,135,M+L+C+SD,0.452,1,181,0.30030400000000007
tier3,2022,56,24680,136,KD+SD,0.0,0,92,0.0
tier3,2022,56,24680,137,M+KD+SD,0.0425,0,160,0.0018062500000000003
tier3,2022,56,24680,138,L+KD+SD,0.0,0,108,0.0
tier3,2022,56,24680,139,M+L+KD+SD,0.47515,1,176,0.27546752250000006
tier3,2022,56,24680,140,C+KD+SD,0.0,0,116,0.0
tier3,2022,56,24680,141,M+C+KD+SD,0.63065,1,184,0.13641942249999997
tier3,2022,56,24680,142,L+C+KD+SD,0.0,0,132,0.0
tier3,2022,56,24680,143,M+L+C+KD+SD,0.9979,1,200,4.409999999999961e-06
tier3,2022,56,24680,144,S+SD,0.53695,1,180,0.21441530249999996
tier3,2022,56,24680,145,M+S+SD,1.0,1,248,0.0
tier3,2022,56,24680,146,L+S+SD,0.9927,1,196,5.328999999999961e-05
tier3,2022,56,24680,147,M+L+S+SD,1.0,1,264,0.0
tier3,2022,56,24680,148,C+S+SD,0.99925,1,204,5.625000000000427e-07
tier3,2022,56,24680,149,M+C+S+SD,1.0,1,272,0.0
tier3,2022,56,24680,150,L+C+S+SD,1.0,1,220,0.0
tier3,2022,56,24680,151,M+L+C+S+SD,1.0,1,288,0.0
tier3,2022,56,24680,152,KD+S+SD,0.99815,1,199,3.4225000000000676e-06
tier3,2022,56,24680,153,M+KD+S+SD,1.0,1,267,0.0
tier3,2022,56,24680,154,L+KD+S+SD,1.0,1,215,0.0
tier3,2022,56,24680,155,M+L+KD+S+SD,1.0,1,283,0.0
tier3,2022,56,24680,156,C+KD+S+SD,1.0,1,223,0.0
tier3,2022,56,24680,157,M+C+KD+S+SD,1.0,1,291,0.0
tier3,2022,56,24680,158,L+C+KD+S+SD,1.0,1,239,0.0
tier3,2022,56,24680,159,M+L+C+KD+S+SD,1.0,1,307,0.0
tier3,2022,56,24680,160,V+SD,0.0,0,97,0.0
tier3,2022,56,24680,161,M+V+SD,0.2252,0,165,0.05071504
tier3,2022,56,24680,162,L+V+SD,0.0,0,113,0.0
tier3,2022,56,24680,163,M+L+V+SD,0.76475,1,181,0.055342562499999984
tier3,2022,56,24680,164,C+V+SD,0.0,0,121,0.0
tier3,2022,56,24680,165,M+C+V+SD,0.83325,1,189,0.027805562499999985
tier3,2022,56,24680,166,L+C+V+SD,0.0,0,137,0.0
tier3,2022,56,24680,167,M+L+C+V+SD,0.9998,1,205,3.9999999999991186e-08
tier3,2022,56,24680,168,KD+V+SD,0.0,0,116,0.0
tier3,2022,56,24680,169,M+KD+V+SD,0.8155,1,184,0.03404025
tier3,2022,56,24680,170,L+KD+V+SD,0.0,0,132,0.0
tier3,2022,56,24680,171,M+L+KD+V+SD,0.9997,1,200,8.999999999998017e-08
tier3,2022,56,24680,172,C+KD+V+SD,0.0,0,140,0.0
tier3,2022,56,24680,173,M+C+KD+V+SD,0.9998,1,208,3.9999999999991186e-08
tier3,2022,56,24680,174,L+C+KD+V+SD,0.0135,0,156,0.00018224999999999998
tier3,2022,56,24680,175,M+L+C+KD+V+SD,1.0,1,224,0.0
tier3,2022,56,24680,176,S+V+SD,1.0,1,204,0.0
tier3,2022,56,24680,177,M+S+V+SD,1.0,1,272,0.0
tier3,2022,56,24680,178,L+S+V+SD,1.0,1,220,0.0
tier3,2022,56,24680,179,M+L+S+V+SD,1.0,1,288,0.0
tier3,2022,56,24680,180,C+S+V+SD,1.0,1,228,0.0
tier3,2022,56,24680,181,M+C+S+V+SD,1.0,1,296,0.0
tier3,2022,56,24680,182,L+C+S+V+SD,1.0,1,244,0.0
tier3,2022,56,24680,183,M+L+C+S+V+SD,1.0,1,312,0.0
tier3,2022,56,24680,184,KD+S+V+SD,1.0,1,223,0.0
tier3,2022,56,24680,185,M+KD+S+V+SD,1.0,1,291,0.0
tier3,2022,56,24680,186,L+KD+S+V+SD,1.0,1,239,0.0
tier3,2022,56,24680,187,M+L+KD+S+V+SD,1.0,1,307,0.0
tier3,2022,56,24680,188,C+KD+S+V+SD,1.0,1,247,0.0
tier3,2022,56,24680,189,M+C+KD+S+V+SD,1.0,1,315,0.0
tier3,2022,56,24680,190,L+C+KD+S+V+SD,1.0,1,263,0.0
tier3,2022,56,24680,191,M+L+C+KD+S+V+SD,1.0,1,331,0.0
tier3,2022,56,24680,192,MP+SD,0.0,0,91,0.0
tier3,2022,56,24680,193,M+MP+SD,0.0001,0,159,1e-08
tier3,2022,56,24680,194,L+MP+SD,0.0,0,107,0.0
tier3,2022,56,24680,195,M+L+MP+SD,0.0535,1,175,0.89586225
tier3,2022,56,24680,196,C+MP+SD,0.0,0,115,0.0
tier3,2022,56,24680,197,M+C+MP+SD,0.15245,1,183,0.7183410025
tier3,2022,56,24680,198,L+C+MP+SD,0.0,0,131,0.0
tier3,2022,56,24680,199,M+L+C+MP+SD,0.94875,1,199,0.0026265625000000017
tier3,2022,56,24680,200,KD+MP+SD,0.0,0,110,0.0
tier3,2022,56,24680,201,M+KD+MP+SD,0.1546,1,178,0.7147011600000001
tier3,2022,56,24680,202,L+KD+MP+SD,0.0,0,126,0.0
tier3,2022,56,24680,203,M+L+KD+MP+SD,0.9738,1,194,0.0006864400000000001
tier3,2022,56,24680,204,C+KD+MP+SD,0.0,0,134,0.0
tier3,2022,56,24680,205,M+C+KD+MP+SD,0.99125,1,202,7.656250000000062e-05
tier3,2022,56,24680,206,L+C+KD+MP+SD,0.0,0,150,0.0
tier3,2022,56,24680,207,M+L+C+KD+MP+SD,0.99995,1,218,2.499999999999449e-09
tier3,2022,56,24680,208,S+MP+SD,0.95785,1,198,0.0017766225000000017
tier3,2022,56,24680,209,M+S+MP+SD,1.0,1,266,0.0
tier3,2022,56,24680,210,L+S+MP+SD,1.0,1,214,0.0
tier3,2022,56,24680,211,M+L+S+MP+SD,1.0,1,282,0.0
tier3,2022,56,24680,212,C+S+MP+SD,1.0,1,222,0.0
tier3,2022,56,24680,213,M+C+S+MP+SD,1.0,1,290,0.0
tier3,2022,56,24680,214,L+C+S+MP+SD,1.0,1,238,0.0
tier3,2022,56,24680,215,M+L+C+S+MP+SD,1.0,1,306,0.0
tier3,2022,56,24680,216,KD+S+MP+SD,1.0,1,217,0.0
tier3,2022,56,24680,217,M+KD+S+MP+SD,1.0,1,285,0.0
tier3,2022,56,24680,218,L+KD+S+MP+SD,1.0,1,233,0.0
tier3,2022,56,24680,219,M+L+KD+S+MP+SD,1.0,1,301,0.0
tier3,2022,56,24680,220,C+KD+S+MP+SD,1.0,1,241,0.0
tier3,2022,56,24680,221,M+C+KD+S+MP+SD,1.0,1,309,0.0
tier3,2022,56,24680,222,L+C+KD+S+MP+SD,1.0,1,257,0.0
tier3,2022,56,24680,223,M+L+C+KD+S+MP+SD,1.0,1,325,0.0
tier3,2022,56,24680,224,V+MP+SD,0.0,0,115,0.0
tier3,2022,56,24680,225,M+V+MP+SD,0.56325,1,183,0.19075056249999997
tier3,2022,56,24680,226,L+V+MP+SD,0.0,0,131,0.0
tier3,2022,56,24680,227,M+L+V+MP+SD,0.9907,1,199,8.648999999999953e-05
tier3,2022,56,24680,228,C+V+MP+SD,0.0,0,139,0.0
tier3,2022,56,24680,229,M+C+V+MP+SD,0.9944,1,207,3.1360000000000554e-05
tier3,2022,56,24680,230,L+C+V+MP+SD,0.00495,0,155,2.4502500000000005e-05
tier3,2022,56,24680,231,M+L+C+V+MP+SD,1.0,1,223,0.0
tier3,2022,56,24680,232,KD+V+MP+SD,0.0,0,134,0.0
tier3,2022,56,24680,233,M+KD+V+MP+SD,0.99795,1,202,4.202499999999985e-06
tier3,2022,56,24680,234,L+KD+V+MP+SD,0.00105,0,150,1.1024999999999998e-06
tier3,2022,56,24680,235,M+L+KD+V+MP+SD,1.0,1,218,0.0
tier3,2022,56,24680,236,C+KD+V+MP+SD,0.0021,0,158,4.409999999999999e-06
tier3,2022,56,24680,237,M+C+KD+V+MP+SD,1.0,1,226,0.0
tier3,2022,56,24680,238,L+C+KD+V+MP+SD,0.24125,0,174,0.0582015625
tier3,2022,56,24680,239,M+L+C+KD+V+MP+SD,1.0,1,242,0.0
tier3,2022,56,24680,240,S+V+MP+SD,1.0,1,222,0.0
tier3,2022,56,24680,241,M+S+V+MP+SD,1.0,1,290,0.0
tier3,2022,56,24680,242,L+S+V+MP+SD,1.0,1,238,0.0
tier3,2022,56,24680,243,M+L+S+V+MP+SD,1.0,1,306,0.0
tier3,2022,56,24680,244,C+S+V+MP+SD,1.0,1,246,0.0
tier3,2022,56,24680,245,M+C+S+V+MP+SD,1.0,1,314,0.0
tier3,2022,56,24680,246,L+C+S+V+MP+SD,1.0,1,262,0.0
tier3,2022,56,24680,247,M+L+C+S+V+MP+SD,1.0,1,330,0.0
tier3,2022,56,24680,248,KD+S+V+MP+SD,1.0,1,241,0.0
tier3,2022,56,24680,249,M+KD+S+V+MP+SD,1.0,1,309,0.0
tier3,2022,56,24680,250,L+KD+S+V+MP+SD,1.0,1,257,0.0
tier3,2022,56,24680,251,M+L+KD+S+V+MP+SD,1.0,1,325,0.0
tier3,2022,56,24680,252,C+KD+S+V+MP+SD,1.0,1,265,0.0
tier3,2022,56,24680,253,M+C+KD+S+V+MP+SD,1.0,1,333,0.0
tier3,2022,56,24680,254,L+C+KD+S+V+MP+SD,1.0,1,281,0.0
tier3,2022,56,98765,1,M,0.0,0,68,0.0
tier3,2022,56,98765,2,L,0.0,0,16,0.0
tier3,2022,56,98765,3,M+L,0.0,0,84,0.0
tier3,2022,56,98765,4,C,0.0,0,24,0.0
tier3,2022,56,98765,5,M+C,0.0,0,92,0.0
tier3,2022,56,98765,6,L+C,0.0,0,40,0.0
tier3,2022,56,98765,7,M+L+C,0.0,0,108,0.0
tier3,2022,56,98765,8,KD,0.0,0,19,0.0
tier3,2022,56,98765,9,M+KD,0.0,0,87,0.0
tier3,2022,56,98765,10,L+KD,0.0,0,35,0.0
tier3,2022,56,98765,11,M+L+KD,0.0,0,103,0.0
tier3,2022,56,98765,12,C+KD,0.0,0,43,0.0
tier3,2022,56,98765,13,M+C+KD,0.0,0,111,0.0
tier3,2022,56,98765,14,L+C+KD,0.0,0,59,0.0
tier3,2022,56,98765,15,M+L+C+KD,0.0,0,127,0.0
tier3,2022,56,98765,16,S,0.0,0,107,0.0
tier3,2022,56,98765,17,M+S,0.76085,1,175,0.05719272249999999
tier3,2022,56,98765,18,L+S,0.0,0,123,0.0
tier3,2022,56,98765,19,M+L+S,0.99805,1,191,3.8025000000000284e-06
tier3,2022,56,98765,20,C+S,0.0,0,131,0.0
tier3,2022,56,98765,21,M+C+S,0.9995,1,199,2.4999999999994493e-07
tier3,2022,56,98765,22,L+C+S,0.00255,0,147,6.502500000000001e-06
tier3,2022,56,98765,23,M+L+C+S,1.0,1,215,0.0
tier3,2022,56,98765,24,KD+S,0.0,0,126,0.0
tier3,2022,56,98765,25,M+KD+S,0.9955,1,194,2.0249999999999537e-05
tier3,2022,56,98765,26,L+KD+S,0.00635,0,142,4.03225e-05
tier3,2022,56,98765,27,M+L+KD+S,1.0,1,210,0.0
tier3,2022,56,98765,28,C+KD+S,0.01015,0,150,0.00010302249999999998
tier3,2022,56,98765,29,M+C+KD+S,1.0,1,218,0.0
tier3,2022,56,98765,30,L+C+KD+S,0.43635,0,166,0.19040132250000003
tier3,2022,56,98765,31,M+L+C+KD+S,1.0,1,234,0.0
tier3,2022,56,98765,32,V,0.0,0,24,0.0
tier3,2022,56,98765,33,M+V,0.0,0,92,0.0
tier3,2022,56,98765,34,L+V,0.0,0,40,0.0
tier3,2022,56,98765,35,M+L+V,0.0,0,108,0.0
tier3,2022,56,98765,36,C+V,0.0,0,48,0.0
tier3,2022,56,98765,37,M+C+V,0.0,0,116,0.0
tier3,2022,56,98765,38,L+C+V,0.0,0,64,0.0
tier3,2022,56,98765,39,M+L+C+V,0.0,0,132,0.0
tier3,2022,56,98765,40,KD+V,0.0,0,43,0.0
tier3,2022,56,98765,41,M+KD+V,0.0,0,111,0.0
tier3,2022,56,98765,42,L+KD+V,0.0,0,59,0.0
tier3,2022,56,98765,43,M+L+KD+V,0.0,0,127,0.0
tier3,2022,56,98765,44,C+KD+V,0.0,0,67,0.0
tier3,2022,56,98765,45,M+C+KD+V,0.0,0,135,0.0
tier3,2022,56,98765,46,L+C+KD+V,0.0,0,83,0.0
tier3,2022,56,98765,47,M+L+C+KD+V,0.0416,0,151,0.00173056
tier3,2022,56,98765,48,S+V,0.0001,0,131,1e-08
tier3,2022,56,98765,49,M+S+V,1.0,1,199,0.0
tier3,2022,56,98765,50,L+S+V,0.0096,0,147,9.215999999999998e-05
tier3,2022,56,98765,51,M+L+S+V,1.0,1,215,0.0
tier3,2022,56,98765,52,C+S+V,0.0284,0,155,0.0008065600000000001
tier3,2022,56,98765,53,M+C+S+V,1.0,1,223,0.0
tier3,2022,56,98765,54,L+C+S+V,0.8442,0,171,0.7126736399999999
tier3,2022,56,98765,55,M+L+C+S+V,1.0,1,239,0.0
tier3,2022,56,98765,56,KD+S+V,0.05285,0,150,0.0027931225
tier3,2022,56,98765,57,M+KD+S+V,1.0,1,218,0.0
tier3,2022,56,98765,58,L+KD+S+V,0.84795,0,166,0.7190192025
tier3,2022,56,98765,59,M+L+KD+S+V,1.0,1,234,0.0
tier3,2022,56,98765,60,C+KD+S+V,0.94795,0,174,0.8986092024999999
tier3,2022,56,98765,61,M+C+KD+S+V,1.0,1,242,0.0
tier3,2022,56,98765,62,L+C+KD+S+V,0.9998,1,190,3.9999999999991186e-08
tier3,2022,56,98765,63,M+L+C+KD+S+V,1.0,1,258,0.0
tier3,2022,56,98765,64,MP,0.0,0,18,0.0
tier3,2022,56,98765,65,M+MP,0.0,0,86,0.0
tier3,2022,56,98765,66,L+MP,0.0,0,34,0.0
tier3,2022,56,98765,67,M+L+MP,0.0,0,102,0.0
tier3,2022,56,98765,68,C+MP,0.0,0,42,0.0
tier3,2022,56,98765,69,M+C+MP,0.0,0,110,0.0
tier3,2022,56,98765,70,L+C+MP,0.0,0,58,0.0
tier3,2022,56,98765,71,M+L+C+MP,0.0,0,126,0.0
tier3,2022,56,98765,72,KD+MP,0.0,0,37,0.0
tier3,2022,56,98765,73,M+KD+MP,0.0,0,105,0.0
tier3,2022,56,98765,74,L+KD+MP,0.0,0,53,0.0
tier3,2022,56,98765,75,M+L+KD+MP,0.0,0,121,0.0
tier3,2022,56,98765,76,C+KD+MP,0.0,0,61,0.0
tier3,2022,56,98765,77,M+C+KD+MP,0.0,0,129,0.0
tier3,2022,56,98765,78,L+C+KD+MP,0.0,0,77,0.0
tier3,2022,56,98765,79,M+L+C+KD+MP,0.0,0,145,0.0
tier3,2022,56,98765,80,S+MP,0.0,0,125,0.0
tier3,2022,56,98765,81,M+S+MP,0.9859,1,193,0.00019881000000000003
tier3,2022,56,98765,82,L+S+MP,0.0003,0,141,8.999999999999999e-08
tier3,2022,56,98765,83,M+L+S+MP,1.0,1,209,0.0
tier3,2022,56,98765,84,C+S+MP,0.0007,0,149,4.9e-07
tier3,2022,56,98765,85,M+C+S+MP,1.0,1,217,0.0
tier3,2022,56,98765,86,L+C+S+MP,0.1818,0,165,0.033051239999999996
tier3,2022,56,98765,87,M+L+C+S+MP,1.0,1,233,0.0
tier3,2022,56,98765,88,KD+S+MP,0.00015,0,144,2.2499999999999996e-08
tier3,2022,56,98765,89,M+KD+S+MP,1.0,1,212,0.0
tier3,2022,56,98765,90,L+KD+S+MP,0.1675,0,160,0.028056250000000005
tier3,2022,56,98765,91,M+L+KD+S+MP,1.0,1,228,0.0
tier3,2022,56,98765,92,C+KD+S+MP,0.24245,0,168,0.0587820025
tier3,2022,56,98765,93,M+C+KD+S+MP,1.0,1,236,0.0
tier3,2022,56,98765,94,L+C+KD+S+MP,0.7761,1,184,0.050131209999999995
tier3,2022,56,98765,95,M+L+C+KD+S+MP,1.0,1,252,0.0
tier3,2022,56,98765,96,V+MP,0.0,0,42,0.0
tier3,2022,56,98765,97,M+V+MP,0.0,0,110,0.0
tier3,2022,56,98765,98,L+V+MP,0.0,0,58,0.0
tier3,2022,56,98765,99,M+L+V+MP,0.0,0,126,0.0
tier3,2022,56,98765,100,C+V+MP,0.0,0,66,0.0
tier3,2022,56,98765,101,M+C+V+MP,0.0,0,134,0.0
tier3,2022,56,98765,102,L+C+V+MP,0.0,0,82,0.0
tier3,2022,56,98765,103,M+L+C+V+MP,0.0013,0,150,1.69e-06
tier3,2022,56,98765,104,KD+V+MP,0.0,0,61,0.0
tier3,2022,56,98765,105,M+KD+V+MP,0.0,0,129,0.0
tier3,2022,56,98765,106,L+KD+V+MP,0.0,0,77,0.0
tier3,2022,56,98765,107,M+L+KD+V+MP,0.00065,0,145,4.225e-07
tier3,2022,56,98765,108,C+KD+V+MP,0.0,0,85,0.0
tier3,2022,56,98765,109,M+C+KD+V+MP,0.00835,0,153,6.97225e-05
tier3,2022,56,98765,110,L+C+KD+V+MP,0.0,0,101,0.0
tier3,2022,56,98765,111,M+L+C+KD+V+MP,0.4649,0,169,0.21613200999999999
tier3,2022,56,98765,112,S+V+MP,0.00225,0,149,5.062499999999999e-06
tier3,2022,56,98765,113,M+S+V+MP,1.0,1,217,0.0
tier3,2022,56,98765,114,L+S+V+MP,0.367,0,165,0.134689
tier3,2022,56,98765,115,M+L+S+V+MP,1.0,1,233,0.0
tier3,2022,56,98765,116,C+S+V+MP,0.5301,0,173,0.28100601000000003
tier3,2022,56,98765,117,M+C+S+V+MP,1.0,1,241,0.0
tier3,2022,56,98765,118,L+C+S+V+MP,0.95865,1,189,0.0017098225
tier3,2022,56,98765,119,M+L+C+S+V+MP,1.0,1,257,0.0
tier3,2022,56,98765,120,KD+S+V+MP,0.5545,0,168,0.30747025
tier3,2022,56,98765,121,M+KD+S+V+MP,1.0,1,236,0.0
tier3,2022,56,98765,122,L+KD+S+V+MP,0.9664,1,184,0.0011289599999999974
tier3,2022,56,98765,123,M+L+KD+S+V+MP,1.0,1,252,0.0
tier3,2022,56,98765,124,C+KD+S+V+MP,0.9886,1,192,0.00012995999999999922
tier3,2022,56,98765,125,M+C+KD+S+V+MP,1.0,1,260,0.0
tier3,2022,56,98765,126,L+C+KD+S+V+MP,1.0,1,208,0.0
tier3,2022,56,98765,127,M+L+C+KD+S+V+MP,1.0,1,276,0.0
tier3,2022,56,98765,128,SD,0.0,0,73,0.0
tier3,2022,56,98765,129,M+SD,0.0,0,141,0.0
tier3,2022,56,98765,130,L+SD,0.0,0,89,0.0
tier3,2022,56,98765,131,M+L+SD,0.0114,0,157,0.00012996
tier3,2022,56,98765,132,C+SD,0.0,0,97,0.0
tier3,2022,56,98765,133,M+C+SD,0.0336,0,165,0.0011289599999999998
tier3,2022,56,98765,134,L+C+SD,0.0,0,113,0.0
tier3,2022,56,98765,135,M+L+C+SD,0.4455,1,181,0.30747025
tier3,2022,56,98765,136,KD+SD,0.0,0,92,0.0
tier3,2022,56,98765,137,M+KD+SD,0.04135,0,160,0.0017098225
tier3,2022,56,98765,138,L+KD+SD,0.0,0,108,0.0
tier3,2022,56,98765,139,M+L+KD+SD,0.4699,1,176,0.28100601000000003
tier3,2022,56,98765,140,C+KD+SD,0.0,0,116,0.0
tier3,2022,56,98765,141,M+C+KD+SD,0.633,1,184,0.134689
tier3,2022,56,98765,142,L+C+KD+SD,0.0,0,132,0.0
tier3,2022,56,98765,143,M+L+C+KD+SD,0.99775,1,200,5.062499999999884e-06
tier3,2022,56,98765,144,S+SD,0.5351,1,180,0.21613200999999999
tier3,2022,56,98765,145,M+S+SD,1.0,1,248,0.0
tier3,2022,56,98765,146,L+S+SD,0.99165,1,196,6.972249999999947e-05
tier3,2022,56,98765,147,M+L+S+SD,1.0,1,264,0.0
tier3,2022,56,98765,148,C+S+SD,0.99935,1,204,4.225000000000513e-07
tier3,2022,56,98765,149,M+C+S+SD,1.0,1,272,0.0
tier3,2022,56,98765,150,L+C+S+SD,1.0,1,220,0.0
tier3,2022,56,98765,151,M+L+C+S+SD,1.0,1,288,0.0
tier3,2022,56,98765,152,KD+S+SD,0.9987,1,199,1.6899999999999165e-06
tier3,2022,56,98765,153,M+KD+S+SD,1.0,1,267,0.0
tier3,2022,56,98765,154,L+KD+S+SD,1.0,1,215,0.0
tier3,2022,56,98765,155,M+L+KD+S+SD,1.0,1,283,0.0
tier3,2022,56,98765,156,C+KD+S+SD,1.0,1,223,0.0
tier3,2022,56,98765,157,M+C+KD+S+SD,1.0,1,291,0.0
tier3,2022,56,98765,158,L+C+KD+S+SD,1.0,1,239,0.0
tier3,2022,56,98765,159,M+L+C+KD+S+SD,1.0,1,307,0.0
tier3,2022,56,98765,160,V+SD,0.0,0,97,0.0
tier3,2022,56,98765,161,M+V+SD,0.2239,0,165,0.050131209999999995
tier3,2022,56,98765,162,L+V+SD,0.0,0,113,0.0
tier3,2022,56,98765,163,M+L+V+SD,0.75755,1,181,0.05878200250000003
tier3,2022,56,98765,164,C+V+SD,0.0,0,121,0.0
tier3,2022,56,98765,165,M+C+V+SD,0.8325,1,189,0.028056249999999994
tier3,2022,56,98765,166,L+C+V+SD,0.0,0,137,0.0
tier3,2022,56,98765,167,M+L+C+V+SD,0.99985,1,205,2.2499999999995043e-08
tier3,2022,56,98765,168,KD+V+SD,0.0,0,116,0.0
tier3,2022,56,98765,169,M+KD+V+SD,0.8182,1,184,0.03305123999999999
tier3,2022,56,98765,170,L+KD+V+SD,0.0,0,132,0.0
tier3,2022,56,98765,171,M+L+KD+V+SD,0.9993,1,200,4.900000000000475e-07
tier3,2022,56,98765,172,C+KD+V+SD,0.0,0,140,0.0
tier3,2022,56,98765,173,M+C+KD+V+SD,0.9997,1,208,8.999999999998017e-08
tier3,2022,56,98765,174,L+C+KD+V+SD,0.0141,0,156,0.00019881
tier3,2022,56,98765,175,M+L+C+KD+V+SD,1.0,1,224,0.0
tier3,2022,56,98765,176,S+V+SD,1.0,1,204,0.0
tier3,2022,56,98765,177,M+S+V+SD,1.0,1,272,0.0
tier3,2022,56,98765,178,L+S+V+SD,1.0,1,220,0.0
tier3,2022,56,98765,179,M+L+S+V+SD,1.0,1,288,0.0
tier3,2022,56,98765,180,C+S+V+SD,1.0,1,228,0.0
tier3,2022,56,98765,181,M+C+S+V+SD,1.0,1,296,0.0
tier3,2022,56,98765,182,L+C+S+V+SD,1.0,1,244,0.0
tier3,2022,56,98765,183,M+L+C+S+V+SD,1.0,1,312,0.0
tier3,2022,56,98765,184,KD+S+V+SD,1.0,1,223,0.0
tier3,2022,56,98765,185,M+KD+S+V+SD,1.0,1,291,0.0
tier3,2022,56,98765,186,L+KD+S+V+SD,1.0,1,239,0.0
tier3,2022,56,98765,187,M+L+KD+S+V+SD,1.0,1,307,0.0
tier3,2022,56,98765,188,C+KD+S+V+SD,1.0,1,247,0.0
tier3,2022,56,98765,189,M+C+KD+S+V+SD,1.0,1,315,0.0
tier3,2022,56,98765,190,L+C+KD+S+V+SD,1.0,1,263,0.0
tier3,2022,56,98765,191,M+L+C+KD+S+V+SD,1.0,1,331,0.0
tier3,2022,56,98765,192,MP+SD,0.0,0,91,0.0
tier3,2022,56,98765,193,M+MP+SD,0.0002,0,159,4e-08
tier3,2022,56,98765,194,L+MP+SD,0.0,0,107,0.0
tier3,2022,56,98765,195,M+L+MP+SD,0.05205,1,175,0.8986092024999999
tier3,2022,56,98765,196,C+MP+SD,0.0,0,115,0.0
tier3,2022,56,98765,197,M+C+MP+SD,0.15205,1,183,0.7190192025
tier3,2022,56,98765,198,L+C+MP+SD,0.0,0,131,0.0
tier3,2022,56,98765,199,M+L+C+MP+SD,0.94715,1,199,0.002793122499999995
tier3,2022,56,98765,200,KD+MP+SD,0.0,0,110,0.0
tier3,2022,56,98765,201,M+KD+MP+SD,0.1558,1,178,0.7126736400000001
tier3,2022,56,98765,202,L+KD+MP+SD,0.0,0,126,0.0
tier3,2022,56,98765,203,M+L+KD+MP+SD,0.9716,1,194,0.0008065599999999989
tier3,2022,56,98765,204,C+KD+MP+SD,0.0,0,134,0.0
tier3,2022,56,98765,205,M+C+KD+MP+SD,0.9904,1,202,9.216000000000101e-05
tier3,2022,56,98765,206,L+C+KD+MP+SD,0.0,0,150,0.0
tier3,2022,56,98765,207,M+L+C+KD+MP+SD,0.9999,1,218,9.999999999997797e-09
tier3,2022,56,98765,208,S+MP+SD,0.9584,1,198,0.0017305599999999975
tier3,2022,56,98765,209,M+S+MP+SD,1.0,1,266,0.0
tier3,2022,56,98765,210,L+S+MP+SD,1.0,1,214,0.0
tier3,2022,56,98765,211,M+L+S+MP+SD,1.0,1,282,0.0
tier3,2022,56,98765,212,C+S+MP+SD,1.0,1,222,0.0
tier3,2022,56,98765,213,M+C+S+MP+SD,1.0,1,290,0.0
tier3,2022,56,98765,214,L+C+S+MP+SD,1.0,1,238,0.0
tier3,2022,56,98765,215,M+L+C+S+MP+SD,1.0,1,306,0.0
tier3,2022,56,98765,216,KD+S+MP+SD,1.0,1,217,0.0
tier3,2022,56,98765,217,M+KD+S+MP+SD,1.0,1,285,0.0
tier3,2022,56,98765,218,L+KD+S+MP+SD,1.0,1,233,0.0
tier3,2022,56,98765,219,M+L+KD+S+MP+SD,1.0,1,301,0.0
tier3,2022,56,98765,220,C+KD+S+MP+SD,1.0,1,241,0.0
tier3,2022,56,98765,221,M+C+KD+S+MP+SD,1.0,1,309,0.0
tier3,2022,56,98765,222,L+C+KD+S+MP+SD,1.0,1,257,0.0
tier3,2022,56,98765,223,M+L+C+KD+S+MP+SD,1.0,1,325,0.0
tier3,2022,56,98765,224,V+MP+SD,0.0,0,115,0.0
tier3,2022,56,98765,225,M+V+MP+SD,0.56365,1,183,0.19040132250000003
tier3,2022,56,98765,226,L+V+MP+SD,0.0,0,131,0.0
tier3,2022,56,98765,227,M+L+V+MP+SD,0.98985,1,199,0.00010302249999999985
tier3,2022,56,98765,228,C+V+MP+SD,0.0,0,139,0.0
tier3,2022,56,98765,229,M+C+V+MP+SD,0.99365,1,207,4.032249999999958e-05
tier3,2022,56,98765,230,L+C+V+MP+SD,0.0045,0,155,2.0249999999999998e-05
tier3,2022,56,98765,231,M+L+C+V+MP+SD,1.0,1,223,0.0
tier3,2022,56,98765,232,KD+V+MP+SD,0.0,0,134,0.0
tier3,2022,56,98765,233,M+KD+V+MP+SD,0.99745,1,202,6.502500000000266e-06
tier3,2022,56,98765,234,L+KD+V+MP+SD,0.0005,0,150,2.5e-07
tier3,2022,56,98765,235,M+L+KD+V+MP+SD,1.0,1,218,0.0
tier3,2022,56,98765,236,C+KD+V+MP+SD,0.00195,0,158,3.8024999999999996e-06
tier3,2022,56,98765,237,M+C+KD+V+MP+SD,1.0,1,226,0.0
tier3,2022,56,98765,238,L+C+KD+V+MP+SD,0.23915,0,174,0.0571927225
tier3,2022,56,98765,239,M+L+C+KD+V+MP+SD,1.0,1,242,0.0
tier3,2022,56,98765,240,S+V+MP+SD,1.0,1,222,0.0
tier3,2022,56,98765,241,M+S+V+MP+SD,1.0,1,290,0.0
tier3,2022,56,98765,242,L+S+V+MP+SD,1.0,1,238,0.0
tier3,2022,56,98765,243,M+L+S+V+MP+SD,1.0,1,306,0.0
tier3,2022,56,98765,244,C+S+V+MP+SD,1.0,1,246,0.0
tier3,2022,56,98765,245,M+C+S+V+MP+SD,1.0,1,314,0.0
tier3,2022,56,98765,246,L+C+S+V+MP+SD,1.0,1,262,0.0
tier3,2022,56,98765,247,M+L+C+S+V+MP+SD,1.0,1,330,0.0
tier3,2022,56,98765,248,KD+S+V+MP+SD,1.0,1,241,0.0
tier3,2022,56,98765,249,M+KD+S+V+MP+SD,1.0,1,309,0.0
tier3,2022,56,98765,250,L+KD+S+V+MP+SD,1.0,1,257,0.0
tier3,2022,56,98765,251,M+L+KD+S+V+MP+SD,1.0,1,325,0.0
tier3,2022,56,98765,252,C+KD+S+V+MP+SD,1.0,1,265,0.0
tier3,2022,56,98765,253,M+C+KD+S+V+MP+SD,1.0,1,333,0.0
tier3,2022,56,98765,254,L+C+KD+S+V+MP+SD,1.0,1,281,0.0
tier3,2022,56,54321,1,M,0.0,0,68,0.0
tier3,2022,56,54321,2,L,0.0,0,16,0.0
tier3,2022,56,54321,3,M+L,0.0,0,84,0.0
tier3,2022,56,54321,4,C,0.0,0,24,0.0
tier3,2022,56,54321,5,M+C,0.0,0,92,0.0
tier3,2022,56,54321,6,L+C,0.0,0,40,0.0
tier3,2022,56,54321,7,M+L+C,0.0,0,108,0.0
tier3,2022,56,54321,8,KD,0.0,0,19,0.0
tier3,2022,56,54321,9,M+KD,0.0,0,87,0.0
tier3,2022,56,54321,10,L+KD,0.0,0,35,0.0
tier3,2022,56,54321,11,M+L+KD,0.0,0,103,0.0
tier3,2022,56,54321,12,C+KD,0.0,0,43,0.0
tier3,2022,56,54321,13,M+C+KD,0.0,0,111,0.0
tier3,2022,56,54321,14,L+C+KD,0.0,0,59,0.0
tier3,2022,56,54321,15,M+L+C+KD,0.0,0,127,0.0
tier3,2022,56,54321,16,S,0.0,0,107,0.0
tier3,2022,56,54321,17,M+S,0.76475,1,175,0.055342562499999984
tier3,2022,56,54321,18,L+S,0.0,0,123,0.0
tier3,2022,56,54321,19,M+L+S,0.9983,1,191,2.8900000000001184e-06
tier3,2022,56,54321,20,C+S,0.0,0,131,0.0
tier3,2022,56,54321,21,M+C+S,0.9995,1,199,2.4999999999994493e-07
tier3,2022,56,54321,22,L+C+S,0.00175,0,147,3.0625000000000003e-06
tier3,2022,56,54321,23,M+L+C+S,1.0,1,215,0.0
tier3,2022,56,54321,24,KD+S,0.0,0,126,0.0
tier3,2022,56,54321,25,M+KD+S,0.99585,1,194,1.722249999999989e-05
tier3,2022,56,54321,26,L+KD+S,0.0055,0,142,3.0249999999999997e-05
tier3,2022,56,54321,27,M+L+KD+S,1.0,1,210,0.0
tier3,2022,56,54321,28,C+KD+S,0.0102,0,150,0.00010404000000000001
tier3,2022,56,54321,29,M+C+KD+S,1.0,1,218,0.0
tier3,2022,56,54321,30,L+C+KD+S,0.43695,0,166,0.1909253025
tier3,2022,56,54321,31,M+L+C+KD+S,1.0,1,234,0.0
tier3,2022,56,54321,32,V,0.0,0,24,0.0
tier3,2022,56,54321,33,M+V,0.0,0,92,0.0
tier3,2022,56,54321,34,L+V,0.0,0,40,0.0
tier3,2022,56,54321,35,M+L+V,0.0,0,108,0.0
tier3,2022,56,54321,36,C+V,0.0,0,48,0.0
tier3,2022,56,54321,37,M+C+V,0.0,0,116,0.0
tier3,2022,56,54321,38,L+C+V,0.0,0,64,0.0
tier3,2022,56,54321,39,M+L+C+V,0.0,0,132,0.0
tier3,2022,56,54321,40,KD+V,0.0,0,43,0.0
tier3,2022,56,54321,41,M+KD+V,0.0,0,111,0.0
tier3,2022,56,54321,42,L+KD+V,0.0,0,59,0.0
tier3,2022,56,54321,43,M+L+KD+V,0.0,0,127,0.0
tier3,2022,56,54321,44,C+KD+V,0.0,0,67,0.0
tier3,2022,56,54321,45,M+C+KD+V,0.0,0,135,0.0
tier3,2022,56,54321,46,L+C+KD+V,0.0,0,83,0.0
tier3,2022,56,54321,47,M+L+C+KD+V,0.04255,0,151,0.0018105024999999998
tier3,2022,56,54321,48,S+V,5e-05,0,131,2.5e-09
tier3,2022,56,54321,49,M+S+V,1.0,1,199,0.0
tier3,2022,56,54321,50,L+S+V,0.0097,0,147,9.409e-05
tier3,2022,56,54321,51,M+L+S+V,1.0,1,215,0.0
tier3,2022,56,54321,52,C+S+V,0.02775,0,155,0.0007700625
tier3,2022,56,54321,53,M+C+S+V,1.0,1,223,0.0
tier3,2022,56,54321,54,L+C+S+V,0.8412,0,171,0.7076174399999999
tier3,2022,56,54321,55,M+L+C+S+V,1.0,1,239,0.0
tier3,2022,56,54321,56,KD+S+V,0.05725,0,150,0.0032775625
tier3,2022,56,54321,57,M+KD+S+V,1.0,1,218,0.0
tier3,2022,56,54321,58,L+KD+S+V,0.8473,0,166,0.71791729
tier3,2022,56,54321,59,M+L+KD+S+V,1.0,1,234,0.0
tier3,2022,56,54321,60,C+KD+S+V,0.94535,0,174,0.8936866225000001
tier3,2022,56,54321,61,M+C+KD+S+V,1.0,1,242,0.0
tier3,2022,56,54321,62,L+C+KD+S+V,0.9999,1,190,9.999999999997797e-09
tier3,2022,56,54321,63,M+L+C+KD+S+V,1.0,1,258,0.0
tier3,2022,56,54321,64,MP,0.0,0,18,0.0
tier3,2022,56,54321,65,M+MP,0.0,0,86,0.0
tier3,2022,56,54321,66,L+MP,0.0,0,34,0.0
tier3,2022,56,54321,67,M+L+MP,0.0,0,102,0.0
tier3,2022,56,54321,68,C+MP,0.0,0,42,0.0
tier3,2022,56,54321,69,M+C+MP,0.0,0,110,0.0
tier3,2022,56,54321,70,L+C+MP,0.0,0,58,0.0
tier3,2022,56,54321,71,M+L+C+MP,0.0,0,126,0.0
tier3,2022,56,54321,72,KD+MP,0.0,0,37,0.0
tier3,2022,56,54321,73,M+KD+MP,0.0,0,105,0.0
tier3,2022,56,54321,74,L+KD+MP,0.0,0,53,0.0
tier3,2022,56,54321,75,M+L+KD+MP,0.0,0,121,0.0
tier3,2022,56,54321,76,C+KD+MP,0.0,0,61,0.0
tier3,2022,56,54321,77,M+C+KD+MP,0.0,0,129,0.0
tier3,2022,56,54321,78,L+C+KD+MP,0.0,0,77,0.0
tier3,2022,56,54321,79,M+L+C+KD+MP,0.0,0,145,0.0
tier3,2022,56,54321,80,S+MP,0.0,0,125,0.0
tier3,2022,56,54321,81,M+S+MP,0.98655,1,193,0.000180902499999999
tier3,2022,56,54321,82,L+S+MP,0.0002,0,141,4e-08
tier3,2022,56,54321,83,M+L+S+MP,1.0,1,209,0.0
tier3,2022,56,54321,84,C+S+MP,0.00025,0,149,6.25e-08
tier3,2022,56,54321,85,M+C+S+MP,1.0,1,217,0.0
tier3,2022,56,54321,86,L+C+S+MP,0.18035,0,165,0.032526122500000004
tier3,2022,56,54321,87,M+L+C+S+MP,1.0,1,233,0.0
tier3,2022,56,54321,88,KD+S+MP,0.0001,0,144,1e-08
tier3,2022,56,54321,89,M+KD+S+MP,1.0,1,212,0.0
tier3,2022,56,54321,90,L+KD+S+MP,0.16715,0,160,0.027939122499999997
tier3,2022,56,54321,91,M+L+KD+S+MP,1.0,1,228,0.0
tier3,2022,56,54321,92,C+KD+S+MP,0.2426,0,168,0.058854760000000006
tier3,2022,56,54321,93,M+C+KD+S+MP,1.0,1,236,0.0
tier3,2022,56,54321,94,L+C+KD+S+MP,0.77905,1,184,0.04881890249999999
tier3,2022,56,54321,95,M+L+C+KD+S+MP,1.0,1,252,0.0
tier3,2022,56,54321,96,V+MP,0.0,0,42,0.0
tier3,2022,56,54321,97,M+V+MP,0.0,0,110,0.0
tier3,2022,56,54321,98,L+V+MP,0.0,0,58,0.0
tier3,2022,56,54321,99,M+L+V+MP,0.0,0,126,0.0
tier3,2022,56,54321,100,C+V+MP,0.0,0,66,0.0
tier3,2022,56,54321,101,M+C+V+MP,0.0,0,134,0.0
tier3,2022,56,54321,102,L+C+V+MP,0.0,0,82,0.0
tier3,2022,56,54321,103,M+L+C+V+MP,0.0015,0,150,2.25e-06
tier3,2022,56,54321,104,KD+V+MP,0.0,0,61,0.0
tier3,2022,56,54321,105,M+KD+V+MP,0.0,0,129,0.0
tier3,2022,56,54321,106,L+KD+V+MP,0.0,0,77,0.0
tier3,2022,56,54321,107,M+L+KD+V+MP,0.00075,0,145,5.625e-07
tier3,2022,56,54321,108,C+KD+V+MP,0.0,0,85,0.0
tier3,2022,56,54321,109,M+C+KD+V+MP,0.00805,0,153,6.48025e-05
tier3,2022,56,54321,110,L+C+KD+V+MP,0.0,0,101,0.0
tier3,2022,56,54321,111,M+L+C+KD+V+MP,0.46745,0,169,0.21850950249999998
tier3,2022,56,54321,112,S+V+MP,0.00155,0,149,2.4025e-06
tier3,2022,56,54321,113,M+S+V+MP,1.0,1,217,0.0
tier3,2022,56,54321,114,L+S+V+MP,0.3651,0,165,0.13329801
tier3,2022,56,54321,115,M+L+S+V+MP,1.0,1,233,0.0
tier3,2022,56,54321,116,C+S+V+MP,0.5308,0,173,0.28174864000000005
tier3,2022,56,54321,117,M+C+S+V+MP,1.0,1,241,0.0
tier3,2022,56,54321,118,L+C+S+V+MP,0.9601,1,189,0.0015920100000000037
tier3,2022,56,54321,119,M+L+C+S+V+MP,1.0,1,257,0.0
tier3,2022,56,54321,120,KD+S+V+MP,0.5596,0,168,0.31315215999999996
tier3,2022,56,54321,121,M+KD+S+V+MP,1.0,1,236,0.0
tier3,2022,56,54321,122,L+KD+S+V+MP,0.96735,1,184,0.0010660224999999972
tier3,2022,56,54321,123,M+L+KD+S+V+MP,1.0,1,252,0.0
tier3,2022,56,54321,124,C+KD+S+V+MP,0.98875,1,192,0.00012656249999999961
tier3,2022,56,54321,125,M+C+KD+S+V+MP,1.0,1,260,0.0
tier3,2022,56,54321,126,L+C+KD+S+V+MP,0.99995,1,208,2.499999999999449e-09
tier3,2022,56,54321,127,M+L+C+KD+S+V+MP,1.0,1,276,0.0
tier3,2022,56,54321,128,SD,0.0,0,73,0.0
tier3,2022,56,54321,129,M+SD,5e-05,0,141,2.5e-09
tier3,2022,56,54321,130,L+SD,0.0,0,89,0.0
tier3,2022,56,54321,131,M+L+SD,0.01125,0,157,0.0001265625
tier3,2022,56,54321,132,C+SD,0.0,0,97,0.0
tier3,2022,56,54321,133,M+C+SD,0.03265,0,165,0.0010660225
tier3,2022,56,54321,134,L+C+SD,0.0,0,113,0.0
tier3,2022,56,54321,135,M+L+C+SD,0.4404,1,181,0.31315215999999996
tier3,2022,56,54321,136,KD+SD,0.0,0,92,0.0
tier3,2022,56,54321,137,M+KD+SD,0.0399,0,160,0.0015920099999999998
tier3,2022,56,54321,138,L+KD+SD,0.0,0,108,0.0
tier3,2022,56,54321,139,M+L+KD+SD,0.4692,1,176,0.28174863999999994
tier3,2022,56,54321,140,C+KD+SD,0.0,0,116,0.0
tier3,2022,56,54321,141,M+C+KD+SD,0.6349,1,184,0.13329801
tier3,2022,56,54321,142,L+C+KD+SD,0.0,0,132,0.0
tier3,2022,56,54321,143,M+L+C+KD+SD,0.99845,1,200,2.402500000000159e-06
tier3,2022,56,54321,144,S+SD,0.53255,1,180,0.21850950250000004
tier3,2022,56,54321,145,M+S+SD,1.0,1,248,0.0
tier3,2022,56,54321,146,L+S+SD,0.99195,1,196,6.480250000000003e-05
tier3,2022,56,54321,147,M+L+S+SD,1.0,1,264,0.0
tier3,2022,56,54321,148,C+S+SD,0.99925,1,204,5.625000000000427e-07
tier3,2022,56,54321,149,M+C+S+SD,1.0,1,272,0.0
tier3,2022,56,54321,150,L+C+S+SD,1.0,1,220,0.0
tier3,2022,56,54321,151,M+L+C+S+SD,1.0,1,288,0.0
tier3,2022,56,54321,152,KD+S+SD,0.9985,1,199,2.2499999999998374e-06
tier3,2022,56,54321,153,M+KD+S+SD,1.0,1,267,0.0
tier3,2022,56,54321,154,L+KD+S+SD,1.0,1,215,0.0
tier3,2022,56,54321,155,M+L+KD+S+SD,1.0,1,283,0.0
tier3,2022,56,54321,156,C+KD+S+SD,1.0,1,223,0.0
tier3,2022,56,54321,157,M+C+KD+S+SD,1.0,1,291,0.0
tier3,2022,56,54321,158,L+C+KD+S+SD,1.0,1,239,0.0
tier3,2022,56,54321,159,M+L+C+KD+S+SD,1.0,1,307,0.0
tier3,2022,56,54321,160,V+SD,0.0,0,97,0.0
tier3,2022,56,54321,161,M+V+SD,0.22095,0,165,0.048818902500000004
tier3,2022,56,54321,162,L+V+SD,0.0,0,113,0.0
tier3,2022,56,54321,163,M+L+V+SD,0.7574,1,181,0.05885476000000002
tier3,2022,56,54321,164,C+V+SD,0.0,0,121,0.0
tier3,2022,56,54321,165,M+C+V+SD,0.83285,1,189,0.027939122500000007
tier3,2022,56,54321,166,L+C+V+SD,0.0,0,137,0.0
tier3,2022,56,54321,167,M+L+C+V+SD,0.9999,1,205,9.999999999997797e-09
tier3,2022,56,54321,168,KD+V+SD,0.0,0,116,0.0
tier3,2022,56,54321,169,M+KD+V+SD,0.81965,1,184,0.032526122500000004
tier3,2022,56,54321,170,L+KD+V+SD,0.0,0,132,0.0
tier3,2022,56,54321,171,M+L+KD+V+SD,0.99975,1,200,6.249999999998623e-08
tier3,2022,56,54321,172,C+KD+V+SD,0.0,0,140,0.0
tier3,2022,56,54321,173,M+C+KD+V+SD,0.9998,1,208,3.9999999999991186e-08
tier3,2022,56,54321,174,L+C+KD+V+SD,0.01345,0,156,0.0001809025
tier3,2022,56,54321,175,M+L+C+KD+V+SD,1.0,1,224,0.0
tier3,2022,56,54321,176,S+V+SD,1.0,1,204,0.0
tier3,2022,56,54321,177,M+S+V+SD,1.0,1,272,0.0
tier3,2022,56,54321,178,L+S+V+SD,1.0,1,220,0.0
tier3,2022,56,54321,179,M+L+S+V+SD,1.0,1,288,0.0
tier3,2022,56,54321,180,C+S+V+SD,1.0,1,228,0.0
tier3,2022,56,54321,181,M+C+S+V+SD,1.0,1,296,0.0
tier3,2022,56,54321,182,L+C+S+V+SD,1.0,1,244,0.0
tier3,2022,56,54321,183,M+L+C+S+V+SD,1.0,1,312,0.0
tier3,2022,56,54321,184,KD+S+V+SD,1.0,1,223,0.0
tier3,2022,56,54321,185,M+KD+S+V+SD,1.0,1,291,0.0
tier3,2022,56,54321,186,L+KD+S+V+SD,1.0,1,239,0.0
tier3,2022,56,54321,187,M+L+KD+S+V+SD,1.0,1,307,0.0
tier3,2022,56,54321,188,C+KD+S+V+SD,1.0,1,247,0.0
tier3,2022,56,54321,189,M+C+KD+S+V+SD,1.0,1,315,0.0
tier3,2022,56,54321,190,L+C+KD+S+V+SD,1.0,1,263,0.0
tier3,2022,56,54321,191,M+L+C+KD+S+V+SD,1.0,1,331,0.0
tier3,2022,56,54321,192,MP+SD,0.0,0,91,0.0
tier3,2022,56,54321,193,M+MP+SD,0.0001,0,159,1e-08
tier3,2022,56,54321,194,L+MP+SD,0.0,0,107,0.0
tier3,2022,56,54321,195,M+L+MP+SD,0.05465,1,175,0.8936866225000001
tier3,2022,56,54321,196,C+MP+SD,0.0,0,115,0.0
tier3,2022,56,54321,197,M+C+MP+SD,0.1527,1,183,0.7179172899999999
tier3,2022,56,54321,198,L+C+MP+SD,0.0,0,131,0.0
tier3,2022,56,54321,199,M+L+C+MP+SD,0.94275,1,199,0.0032775625000000027
tier3,2022,56,54321,200,KD+MP+SD,0.0,0,110,0.0
tier3,2022,56,54321,201,M+KD+MP+SD,0.1588,1,178,0.7076174399999999
tier3,2022,56,54321,202,L+KD+MP+SD,0.0,0,126,0.0
tier3,2022,56,54321,203,M+L+KD+MP+SD,0.97225,1,194,0.000770062500000003
tier3,2022,56,54321,204,C+KD+MP+SD,0.0,0,134,0.0
tier3,2022,56,54321,205,M+C+KD+MP+SD,0.9903,1,202,9.409000000000082e-05
tier3,2022,56,54321,206,L+C+KD+MP+SD,0.0,0,150,0.0
tier3,2022,56,54321,207,M+L+C+KD+MP+SD,0.99995,1,218,2.499999999999449e-09
tier3,2022,56,54321,208,S+MP+SD,0.95745,1,198,0.001810502499999998
tier3,2022,56,54321,209,M+S+MP+SD,1.0,1,266,0.0
tier3,2022,56,54321,210,L+S+MP+SD,1.0,1,214,0.0
tier3,2022,56,54321,211,M+L+S+MP+SD,1.0,1,282,0.0
tier3,2022,56,54321,212,C+S+MP+SD,1.0,1,222,0.0
tier3,2022,56,54321,213,M+C+S+MP+SD,1.0,1,290,0.0
tier3,2022,56,54321,214,L+C+S+MP+SD,1.0,1,238,0.0
tier3,2022,56,54321,215,M+L+C+S+MP+SD,1.0,1,306,0.0
tier3,2022,56,54321,216,KD+S+MP+SD,1.0,1,217,0.0
tier3,2022,56,54321,217,M+KD+S+MP+SD,1.0,1,285,0.0
tier3,2022,56,54321,218,L+KD+S+MP+SD,1.0,1,233,0.0
tier3,2022,56,54321,219,M+L+KD+S+MP+SD,1.0,1,301,0.0
tier3,2022,56,54321,220,C+KD+S+MP+SD,1.0,1,241,0.0
tier3,2022,56,54321,221,M+C+KD+S+MP+SD,1.0,1,309,0.0
tier3,2022,56,54321,222,L+C+KD+S+MP+SD,1.0,1,257,0.0
tier3,2022,56,54321,223,M+L+C+KD+S+MP+SD,1.0,1,325,0.0
tier3,2022,56,54321,224,V+MP+SD,0.0,0,115,0.0
tier3,2022,56,54321,225,M+V+MP+SD,0.56305,1,183,0.19092530249999995
tier3,2022,56,54321,226,L+V+MP+SD,0.0,0,131,0.0
tier3,2022,56,54321,227,M+L+V+MP+SD,0.9898,1,199,0.00010403999999999973
tier3,2022,56,54321,228,C+V+MP+SD,0.0,0,139,0.0
tier3,2022,56,54321,229,M+C+V+MP+SD,0.9945,1,207,3.0249999999999444e-05
tier3,2022,56,54321,230,L+C+V+MP+SD,0.00415,0,155,1.72225e-05
tier3,2022,56,54321,231,M+L+C+V+MP+SD,1.0,1,223,0.0
tier3,2022,56,54321,232,KD+V+MP+SD,0.0,0,134,0.0
tier3,2022,56,54321,233,M+KD+V+MP+SD,0.99825,1,202,3.0625000000001024e-06
tier3,2022,56,54321,234,L+KD+V+MP+SD,0.0005,0,150,2.5e-07
tier3,2022,56,54321,235,M+L+KD+V+MP+SD,1.0,1,218,0.0
tier3,2022,56,54321,236,C+KD+V+MP+SD,0.0017,0,158,2.89e-06
tier3,2022,56,54321,237,M+C+KD+V+MP+SD,1.0,1,226,0.0
tier3,2022,56,54321,238,L+C+KD+V+MP+SD,0.23525,0,174,0.05534256249999999
tier3,2022,56,54321,239,M+L+C+KD+V+MP+SD,1.0,1,242,0.0
tier3,2022,56,54321,240,S+V+MP+SD,1.0,1,222,0.0
tier3,2022,56,54321,241,M+S+V+MP+SD,1.0,1,290,0.0
tier3,2022,56,54321,242,L+S+V+MP+SD,1.0,1,238,0.0
tier3,2022,56,54321,243,M+L+S+V+MP+SD,1.0,1,306,0.0
tier3,2022,56,54321,244,C+S+V+MP+SD,1.0,1,246,0.0
tier3,2022,56,54321,245,M+C+S+V+MP+SD,1.0,1,314,0.0
tier3,2022,56,54321,246,L+C+S+V+MP+SD,1.0,1,262,0.0
tier3,2022,56,54321,247,M+L+C+S+V+MP+SD,1.0,1,330,0.0
tier3,2022,56,54321,248,KD+S+V+MP+SD,1.0,1,241,0.0
tier3,2022,56,54321,249,M+KD+S+V+MP+SD,1.0,1,309,0.0
tier3,2022,56,54321,250,L+KD+S+V+MP+SD,1.0,1,257,0.0
tier3,2022,56,54321,251,M+L+KD+S+V+MP+SD,1.0,1,325,0.0
tier3,2022,56,54321,252,C+KD+S+V+MP+SD,1.0,1,265,0.0
tier3,2022,56,54321,253,M+C+KD+S+V+MP+SD,1.0,1,333,0.0
tier3,2022,56,54321,254,L+C+KD+S+V+MP+SD,1.0,1,281,0.0
tier3,2022,56,13579,1,M,0.0,0,68,0.0
tier3,2022,56,13579,2,L,0.0,0,16,0.0
tier3,2022,56,13579,3,M+L,0.0,0,84,0.0
tier3,2022,56,13579,4,C,0.0,0,24,0.0
tier3,2022,56,13579,5,M+C,0.0,0,92,0.0
tier3,2022,56,13579,6,L+C,0.0,0,40,0.0
tier3,2022,56,13579,7,M+L+C,0.0,0,108,0.0
tier3,2022,56,13579,8,KD,0.0,0,19,0.0
tier3,2022,56,13579,9,M+KD,0.0,0,87,0.0
tier3,2022,56,13579,10,L+KD,0.0,0,35,0.0
tier3,2022,56,13579,11,M+L+KD,0.0,0,103,0.0
tier3,2022,56,13579,12,C+KD,0.0,0,43,0.0
tier3,2022,56,13579,13,M+C+KD,0.0,0,111,0.0
tier3,2022,56,13579,14,L+C+KD,0.0,0,59,0.0
tier3,2022,56,13579,15,M+L+C+KD,0.0,0,127,0.0
tier3,2022,56,13579,16,S,0.0,0,107,0.0
tier3,2022,56,13579,17,M+S,0.76675,1,175,0.05440556249999998
tier3,2022,56,13579,18,L+S,0.0,0,123,0.0
tier3,2022,56,13579,19,M+L+S,0.99855,1,191,2.1024999999998587e-06
tier3,2022,56,13579,20,C+S,0.0,0,131,0.0
tier3,2022,56,13579,21,M+C+S,0.99965,1,199,1.2249999999997302e-07
tier3,2022,56,13579,22,L+C+S,0.00245,0,147,6.0025e-06
tier3,2022,56,13579,23,M+L+C+S,1.0,1,215,0.0
tier3,2022,56,13579,24,KD+S,0.0,0,126,0.0
tier3,2022,56,13579,25,M+KD+S,0.99575,1,194,1.8062499999999795e-05
tier3,2022,56,13579,26,L+KD+S,0.00535,0,142,2.8622499999999996e-05
tier3,2022,56,13579,27,M+L+KD+S,1.0,1,210,0.0
tier3,2022,56,13579,28,C+KD+S,0.01085,0,150,0.0001177225
tier3,2022,56,13579,29,M+C+KD+S,1.0,1,218,0.0
tier3,2022,56,13579,30,L+C+KD+S,0.44355,0,166,0.1967366025
tier3,2022,56,13579,31,M+L+C+KD+S,1.0,1,234,0.0
tier3,2022,56,13579,32,V,0.0,0,24,0.0
tier3,2022,56,13579,33,M+V,0.0,0,92,0.0
tier3,2022,56,13579,34,L+V,0.0,0,40,0.0
tier3,2022,56,13579,35,M+L+V,0.0,0,108,0.0
tier3,2022,56,13579,36,C+V,0.0,0,48,0.0
tier3,2022,56,13579,37,M+C+V,0.0,0,116,0.0
tier3,2022,56,13579,38,L+C+V,0.0,0,64,0.0
tier3,2022,56,13579,39,M+L+C+V,0.0,0,132,0.0
tier3,2022,56,13579,40,KD+V,0.0,0,43,0.0
tier3,2022,56,13579,41,M+KD+V,0.0,0,111,0.0
tier3,2022,56,13579,42,L+KD+V,0.0,0,59,0.0
tier3,2022,56,13579,43,M+L+KD+V,5e-05,0,127,2.5e-09
tier3,2022,56,13579,44,C+KD+V,0.0,0,67,0.0
tier3,2022,56,13579,45,M+C+KD+V,0.0,0,135,0.0
tier3,2022,56,13579,46,L+C+KD+V,0.0,0,83,0.0
tier3,2022,56,13579,47,M+L+C+KD+V,0.04465,0,151,0.0019936225
tier3,2022,56,13579,48,S+V,0.0001,0,131,1e-08
tier3,2022,56,13579,49,M+S+V,1.0,1,199,0.0
tier3,2022,56,13579,50,L+S+V,0.0096,0,147,9.215999999999998e-05
tier3,2022,56,13579,51,M+L+S+V,1.0,1,215,0.0
tier3,2022,56,13579,52,C+S+V,0.02755,0,155,0.0007590025000000001
tier3,2022,56,13579,53,M+C+S+V,1.0,1,223,0.0
tier3,2022,56,13579,54,L+C+S+V,0.8475,0,171,0.71825625
tier3,2022,56,13579,55,M+L+C+S+V,1.0,1,239,0.0
tier3,2022,56,13579,56,KD+S+V,0.05305,0,150,0.0028143025
tier3,2022,56,13579,57,M+KD+S+V,1.0,1,218,0.0
tier3,2022,56,13579,58,L+KD+S+V,0.8534,0,166,0.7282915600000001
tier3,2022,56,13579,59,M+L+KD+S+V,1.0,1,234,0.0
tier3,2022,56,13579,60,C+KD+S+V,0.94415,0,174,0.8914192225
tier3,2022,56,13579,61,M+C+KD+S+V,1.0,1,242,0.0
tier3,2022,56,13579,62,L+C+KD+S+V,0.99985,1,190,2.2499999999995043e-08
tier3,2022,56,13579,63,M+L+C+KD+S+V,1.0,1,258,0.0
tier3,2022,56,13579,64,MP,0.0,0,18,0.0
tier3,2022,56,13579,65,M+MP,0.0,0,86,0.0
tier3,2022,56,13579,66,L+MP,0.0,0,34,0.0
tier3,2022,56,13579,67,M+L+MP,0.0,0,102,0.0
tier3,2022,56,13579,68,C+MP,0.0,0,42,0.0
tier3,2022,56,13579,69,M+C+MP,0.0,0,110,0.0
tier3,2022,56,13579,70,L+C+MP,0.0,0,58,0.0
tier3,2022,56,13579,71,M+L+C+MP,0.0,0,126,0.0
tier3,2022,56,13579,72,KD+MP,0.0,0,37,0.0
tier3,2022,56,13579,73,M+KD+MP,0.0,0,105,0.0
tier3,2022,56,13579,74,L+KD+MP,0.0,0,53,0.0
tier3,2022,56,13579,75,M+L+KD+MP,0.0,0,121,0.0
tier3,2022,56,13579,76,C+KD+MP,0.0,0,61,0.0
tier3,2022,56,13579,77,M+C+KD+MP,0.0,0,129,0.0
tier3,2022,56,13579,78,L+C+KD+MP,0.0,0,77,0.0
tier3,2022,56,13579,79,M+L+C+KD+MP,0.0,0,145,0.0
tier3,2022,56,13579,80,S+MP,0.0,0,125,0.0
tier3,2022,56,13579,81,M+S+MP,0.9881,1,193,0.0001416100000000005
tier3,2022,56,13579,82,L+S+MP,0.00025,0,141,6.25e-08
tier3,2022,56,13579,83,M+L+S+MP,1.0,1,209,0.0
tier3,2022,56,13579,84,C+S+MP,0.0006,0,149,3.5999999999999994e-07
tier3,2022,56,13579,85,M+C+S+MP,1.0,1,217,0.0
tier3,2022,56,13579,86,L+C+S+MP,0.1835,0,165,0.03367225
tier3,2022,56,13579,87,M+L+C+S+MP,1.0,1,233,0.0
tier3,2022,56,13579,88,KD+S+MP,0.0002,0,144,4e-08
tier3,2022,56,13579,89,M+KD+S+MP,1.0,1,212,0.0
tier3,2022,56,13579,90,L+KD+S+MP,0.16775,0,160,0.028140062500000004
tier3,2022,56,13579,91,M+L+KD+S+MP,1.0,1,228,0.0
tier3,2022,56,13579,92,C+KD+S+MP,0.24075,0,168,0.05796056249999999
tier3,2022,56,13579,93,M+C+KD+S+MP,1.0,1,236,0.0
tier3,2022,56,13579,94,L+C+KD+S+MP,0.77365,1,184,0.051234322500000026
tier3,2022,56,13579,95,M+L+C+KD+S+MP,1.0,1,252,0.0
tier3,2022,56,13579,96,V+MP,0.0,0,42,0.0
tier3,2022,56,13579,97,M+V+MP,0.0,0,110,0.0
tier3,2022,56,13579,98,L+V+MP,0.0,0,58,0.0
tier3,2022,56,13579,99,M+L+V+MP,0.0,0,126,0.0
tier3,2022,56,13579,100,C+V+MP,0.0,0,66,0.0
tier3,2022,56,13579,101,M+C+V+MP,0.0,0,134,0.0
tier3,2022,56,13579,102,L+C+V+MP,0.0,0,82,0.0
tier3,2022,56,13579,103,M+L+C+V+MP,0.0014,0,150,1.96e-06
tier3,2022,56,13579,104,KD+V+MP,0.0,0,61,0.0
tier3,2022,56,13579,105,M+KD+V+MP,0.0,0,129,0.0
tier3,2022,56,13579,106,L+KD+V+MP,0.0,0,77,0.0
tier3,2022,56,13579,107,M+L+KD+V+MP,0.0005,0,145,2.5e-07
tier3,2022,56,13579,108,C+KD+V+MP,0.0,0,85,0.0
tier3,2022,56,13579,109,M+C+KD+V+MP,0.0079,0,153,6.241000000000001e-05
tier3,2022,56,13579,110,L+C+KD+V+MP,0.0,0,101,0.0
tier3,2022,56,13579,111,M+L+C+KD+V+MP,0.46065,0,169,0.2121984225
tier3,2022,56,13579,112,S+V+MP,0.0022,0,149,4.84e-06
tier3,2022,56,13579,113,M+S+V+MP,1.0,1,217,0.0
tier3,2022,56,13579,114,L+S+V+MP,0.36515,0,165,0.13333452249999997
tier3,2022,56,13579,115,M+L+S+V+MP,1.0,1,233,0.0
tier3,2022,56,13579,116,C+S+V+MP,0.52495,0,173,0.27557250250000004
tier3,2022,56,13579,117,M+C+S+V+MP,1.0,1,241,0.0
tier3,2022,56,13579,118,L+C+S+V+MP,0.95815,1,189,0.0017514225000000046
tier3,2022,56,13579,119,M+L+C+S+V+MP,1.0,1,257,0.0
tier3,2022,56,13579,120,KD+S+V+MP,0.54865,0,168,0.30101682249999995
tier3,2022,56,13579,121,M+KD+S+V+MP,1.0,1,236,0.0
tier3,2022,56,13579,122,L+KD+S+V+MP,0.9668,1,184,0.0011022400000000004
tier3,2022,56,13579,123,M+L+KD+S+V+MP,1.0,1,252,0.0
tier3,2022,56,13579,124,C+KD+S+V+MP,0.98695,1,192,0.00017030250000000017
tier3,2022,56,13579,125,M+C+KD+S+V+MP,1.0,1,260,0.0
tier3,2022,56,13579,126,L+C+KD+S+V+MP,1.0,1,208,0.0
tier3,2022,56,13579,127,M+L+C+KD+S+V+MP,1.0,1,276,0.0
tier3,2022,56,13579,128,SD,0.0,0,73,0.0
tier3,2022,56,13579,129,M+SD,0.0,0,141,0.0
tier3,2022,56,13579,130,L+SD,0.0,0,89,0.0
tier3,2022,56,13579,131,M+L+SD,0.01305,0,157,0.00017030250000000003
tier3,2022,56,13579,132,C+SD,0.0,0,97,0.0
tier3,2022,56,13579,133,M+C+SD,0.0332,0,165,0.00110224
tier3,2022,56,13579,134,L+C+SD,0.0,0,113,0.0
tier3,2022,56,13579,135,M+L+C+SD,0.45135,1,181,0.3010168225000001
tier3,2022,56,13579,136,KD+SD,0.0,0,92,0.0
tier3,2022,56,13579,137,M+KD+SD,0.04185,0,160,0.0017514224999999998
tier3,2022,56,13579,138,L+KD+SD,0.0,0,108,0.0
tier3,2022,56,13579,139,M+L+KD+SD,0.47505,1,176,0.27557250250000004
tier3,2022,56,13579,140,C+KD+SD,0.0,0,116,0.0
tier3,2022,56,13579,141,M+C+KD+SD,0.63485,1,184,0.13333452249999997
tier3,2022,56,13579,142,L+C+KD+SD,0.0,0,132,0.0
tier3,2022,56,13579,143,M+L+C+KD+SD,0.9978,1,200,4.839999999999911e-06
tier3,2022,56,13579,144,S+SD,0.53935,1,180,0.2121984225
tier3,2022,56,13579,145,M+S+SD,1.0,1,248,0.0
tier3,2022,56,13579,146,L+S+SD,0.9921,1,196,6.241000000000029e-05
tier3,2022,56,13579,147,M+L+S+SD,1.0,1,264,0.0
tier3,2022,56,13579,148,C+S+SD,0.9995,1,204,2.4999999999994493e-07
tier3,2022,56,13579,149,M+C+S+SD,1.0,1,272,0.0
tier3,2022,56,13579,150,L+C+S+SD,1.0,1,220,0.0
tier3,2022,56,13579,151,M+L+C+S+SD,1.0,1,288,0.0
tier3,2022,56,13579,152,KD+S+SD,0.9986,1,199,1.959999999999879e-06
tier3,2022,56,13579,153,M+KD+S+SD,1.0,1,267,0.0
tier3,2022,56,13579,154,L+KD+S+SD,1.0,1,215,0.0
tier3,2022,56,13579,155,M+L+KD+S+SD,1.0,1,283,0.0
tier3,2022,56,13579,156,C+KD+S+SD,1.0,1,223,0.0
tier3,2022,56,13579,157,M+C+KD+S+SD,1.0,1,291,0.0
tier3,2022,56,13579,158,L+C+KD+S+SD,1.0,1,239,0.0
tier3,2022,56,13579,159,M+L+C+KD+S+SD,1.0,1,307,0.0
tier3,2022,56,13579,160,V+SD,0.0,0,97,0.0
tier3,2022,56,13579,161,M+V+SD,0.22635,0,165,0.0512343225
tier3,2022,56,13579,162,L+V+SD,0.0,0,113,0.0
tier3,2022,56,13579,163,M+L+V+SD,0.75925,1,181,0.05796056250000001
tier3,2022,56,13579,164,C+V+SD,0.0,0,121,0.0
tier3,2022,56,13579,165,M+C+V+SD,0.83225,1,189,0.028140062499999986
tier3,2022,56,13579,166,L+C+V+SD,0.0,0,137,0.0
tier3,2022,56,13579,167,M+L+C+V+SD,0.9998,1,205,3.9999999999991186e-08
tier3,2022,56,13579,168,KD+V+SD,0.0,0,116,0.0
tier3,2022,56,13579,169,M+KD+V+SD,0.8165,1,184,0.03367225
tier3,2022,56,13579,170,L+KD+V+SD,0.0,0,132,0.0
tier3,2022,56,13579,171,M+L+KD+V+SD,0.9994,1,200,3.6000000000005394e-07
tier3,2022,56,13579,172,C+KD+V+SD,0.0,0,140,0.0
tier3,2022,56,13579,173,M+C+KD+V+SD,0.99975,1,208,6.249999999998623e-08
tier3,2022,56,13579,174,L+C+KD+V+SD,0.0119,0,156,0.00014161000000000002
tier3,2022,56,13579,175,M+L+C+KD+V+SD,1.0,1,224,0.0
tier3,2022,56,13579,176,S+V+SD,1.0,1,204,0.0
tier3,2022,56,13579,177,M+S+V+SD,1.0,1,272,0.0
tier3,2022,56,13579,178,L+S+V+SD,1.0,1,220,0.0
tier3,2022,56,13579,179,M+L+S+V+SD,1.0,1,288,0.0
tier3,2022,56,13579,180,C+S+V+SD,1.0,1,228,0.0
tier3,2022,56,13579,181,M+C+S+V+SD,1.0,1,296,0.0
tier3,2022,56,13579,182,L+C+S+V+SD,1.0,1,244,0.0
tier3,2022,56,13579,183,M+L+C+S+V+SD,1.0,1,312,0.0
tier3,2022,56,13579,184,KD+S+V+SD,1.0,1,223,0.0
tier3,2022,56,13579,185,M+KD+S+V+SD,1.0,1,291,0.0
tier3,2022,56,13579,186,L+KD+S+V+SD,1.0,1,239,0.0
tier3,2022,56,13579,187,M+L+KD+S+V+SD,1.0,1,307,0.0
tier3,2022,56,13579,188,C+KD+S+V+SD,1.0,1,247,0.0
tier3,2022,56,13579,189,M+C+KD+S+V+SD,1.0,1,315,0.0
tier3,2022,56,13579,190,L+C+KD+S+V+SD,1.0,1,263,0.0
tier3,2022,56,13579,191,M+L+C+KD+S+V+SD,1.0,1,331,0.0
tier3,2022,56,13579,192,MP+SD,0.0,0,91,0.0
tier3,2022,56,13579,193,M+MP+SD,0.00015,0,159,2.2499999999999996e-08
tier3,2022,56,13579,194,L+MP+SD,0.0,0,107,0.0
tier3,2022,56,13579,195,M+L+MP+SD,0.05585,1,175,0.8914192225
tier3,2022,56,13579,196,C+MP+SD,0.0,0,115,0.0
tier3,2022,56,13579,197,M+C+MP+SD,0.1466,1,183,0.7282915599999998
tier3,2022,56,13579,198,L+C+MP+SD,0.0,0,131,0.0
tier3,2022,56,13579,199,M+L+C+MP+SD,0.94695,1,199,0.0028143025000000044
tier3,2022,56,13579,200,KD+MP+SD,0.0,0,110,0.0
tier3,2022,56,13579,201,M+KD+MP+SD,0.1525,1,178,0.71825625
tier3,2022,56,13579,202,L+KD+MP+SD,0.0,0,126,0.0
tier3,2022,56,13579,203,M+L+KD+MP+SD,0.97245,1,194,0.0007590024999999979
tier3,2022,56,13579,204,C+KD+MP+SD,0.0,0,134,0.0
tier3,2022,56,13579,205,M+C+KD+MP+SD,0.9904,1,202,9.216000000000101e-05
tier3,2022,56,13579,206,L+C+KD+MP+SD,0.0,0,150,0.0
tier3,2022,56,13579,207,M+L+C+KD+MP+SD,0.9999,1,218,9.999999999997797e-09
tier3,2022,56,13579,208,S+MP+SD,0.95535,1,198,0.001993622499999997
tier3,2022,56,13579,209,M+S+MP+SD,1.0,1,266,0.0
tier3,2022,56,13579,210,L+S+MP+SD,1.0,1,214,0.0
tier3,2022,56,13579,211,M+L+S+MP+SD,1.0,1,282,0.0
tier3,2022,56,13579,212,C+S+MP+SD,0.99995,1,222,2.499999999999449e-09
tier3,2022,56,13579,213,M+C+S+MP+SD,1.0,1,290,0.0
tier3,2022,56,13579,214,L+C+S+MP+SD,1.0,1,238,0.0
tier3,2022,56,13579,215,M+L+C+S+MP+SD,1.0,1,306,0.0
tier3,2022,56,13579,216,KD+S+MP+SD,1.0,1,217,0.0
tier3,2022,56,13579,217,M+KD+S+MP+SD,1.0,1,285,0.0
tier3,2022,56,13579,218,L+KD+S+MP+SD,1.0,1,233,0.0
tier3,2022,56,13579,219,M+L+KD+S+MP+SD,1.0,1,301,0.0
tier3,2022,56,13579,220,C+KD+S+MP+SD,1.0,1,241,0.0
tier3,2022,56,13579,221,M+C+KD+S+MP+SD,1.0,1,309,0.0
tier3,2022,56,13579,222,L+C+KD+S+MP+SD,1.0,1,257,0.0
tier3,2022,56,13579,223,M+L+C+KD+S+MP+SD,1.0,1,325,0.0
tier3,2022,56,13579,224,V+MP+SD,0.0,0,115,0.0
tier3,2022,56,13579,225,M+V+MP+SD,0.55645,1,183,0.1967366025
tier3,2022,56,13579,226,L+V+MP+SD,0.0,0,131,0.0
tier3,2022,56,13579,227,M+L+V+MP+SD,0.98915,1,199,0.00011772250000000057
tier3,2022,56,13579,228,C+V+MP+SD,0.0,0,139,0.0
tier3,2022,56,13579,229,M+C+V+MP+SD,0.99465,1,207,2.8622499999999637e-05
tier3,2022,56,13579,230,L+C+V+MP+SD,0.00425,0,155,1.8062500000000002e-05
tier3,2022,56,13579,231,M+L+C+V+MP+SD,1.0,1,223,0.0
tier3,2022,56,13579,232,KD+V+MP+SD,0.0,0,134,0.0
tier3,2022,56,13579,233,M+KD+V+MP+SD,0.99755,1,202,6.002499999999766e-06
tier3,2022,56,13579,234,L+KD+V+MP+SD,0.00035,0,150,1.225e-07
tier3,2022,56,13579,235,M+L+KD+V+MP+SD,1.0,1,218,0.0
tier3,2022,56,13579,236,C+KD+V+MP+SD,0.00145,0,158,2.1024999999999998e-06
tier3,2022,56,13579,237,M+C+KD+V+MP+SD,1.0,1,226,0.0
tier3,2022,56,13579,238,L+C+KD+V+MP+SD,0.23325,0,174,0.054405562500000004
tier3,2022,56,13579,239,M+L+C+KD+V+MP+SD,1.0,1,242,0.0
tier3,2022,56,13579,240,S+V+MP+SD,1.0,1,222,0.0
tier3,2022,56,13579,241,M+S+V+MP+SD,1.0,1,290,0.0
tier3,2022,56,13579,242,L+S+V+MP+SD,1.0,1,238,0.0
tier3,2022,56,13579,243,M+L+S+V+MP+SD,1.0,1,306,0.0
tier3,2022,56,13579,244,C+S+V+MP+SD,1.0,1,246,0.0
tier3,2022,56,13579,245,M+C+S+V+MP+SD,1.0,1,314,0.0
tier3,2022,56,13579,246,L+C+S+V+MP+SD,1.0,1,262,0.0
tier3,2022,56,13579,247,M+L+C+S+V+MP+SD,1.0,1,330,0.0
tier3,2022,56,13579,248,KD+S+V+MP+SD,1.0,1,241,0.0
tier3,2022,56,13579,249,M+KD+S+V+MP+SD,1.0,1,309,0.0
tier3,2022,56,13579,250,L+KD+S+V+MP+SD,1.0,1,257,0.0
tier3,2022,56,13579,251,M+L+KD+S+V+MP+SD,1.0,1,325,0.0
tier3,2022,56,13579,252,C+KD+S+V+MP+SD,1.0,1,265,0.0
tier3,2022,56,13579,253,M+C+KD+S+V+MP+SD,1.0,1,333,0.0
tier3,2022,56,13579,254,L+C+KD+S+V+MP+SD,1.0,1,281,0.0
tier3,2022,28,12345,1,M,0.0,0,68,0.0
tier3,2022,28,12345,2,L,0.0,0,16,0.0
tier3,2022,28,12345,3,M+L,0.0,0,84,0.0
tier3,2022,28,12345,4,C,0.0,0,24,0.0
tier3,2022,28,12345,5,M+C,0.0,0,92,0.0
tier3,2022,28,12345,6,L+C,0.0,0,40,0.0
tier3,2022,28,12345,7,M+L+C,0.0,0,108,0.0
tier3,2022,28,12345,8,KD,0.0,0,19,0.0
tier3,2022,28,12345,9,M+KD,0.0,0,87,0.0
tier3,2022,28,12345,10,L+KD,0.0,0,35,0.0
tier3,2022,28,12345,11,M+L+KD,0.0,0,103,0.0
tier3,2022,28,12345,12,C+KD,0.0,0,43,0.0
tier3,2022,28,12345,13,M+C+KD,0.0,0,111,0.0
tier3,2022,28,12345,14,L+C+KD,0.0,0,59,0.0
tier3,2022,28,12345,15,M+L+C+KD,0.0,0,127,0.0
tier3,2022,28,12345,16,S,0.0,0,107,0.0
tier3,2022,28,12345,17,M+S,0.31435,1,175,0.47011592249999995
tier3,2022,28,12345,18,L+S,0.0,0,123,0.0
tier3,2022,28,12345,19,M+L+S,0.99505,1,191,2.45025000000001e-05
tier3,2022,28,12345,20,C+S,0.0,0,131,0.0
tier3,2022,28,12345,21,M+C+S,1.0,1,199,0.0
tier3,2022,28,12345,22,L+C+S,0.0,0,147,0.0
tier3,2022,28,12345,23,M+L+C+S,1.0,1,215,0.0
tier3,2022,28,12345,24,KD+S,0.0,0,126,0.0
tier3,2022,28,12345,25,M+KD+S,0.9944,1,194,3.1360000000000554e-05
tier3,2022,28,12345,26,L+KD+S,0.0,0,142,0.0
tier3,2022,28,12345,27,M+L+KD+S,1.0,1,210,0.0
tier3,2022,28,12345,28,C+KD+S,0.0,0,150,0.0
tier3,2022,28,12345,29,M+C+KD+S,1.0,1,218,0.0
tier3,2022,28,12345,30,L+C+KD+S,0.2639,0,166,0.06964321000000001
tier3,2022,28,12345,31,M+L+C+KD+S,1.0,1,234,0.0
tier3,2022,28,12345,32,V,0.0,0,24,0.0
tier3,2022,28,12345,33,M+V,0.0,0,92,0.0
tier3,2022,28,12345,34,L+V,0.0,0,40,0.0
tier3,2022,28,12345,35,M+L+V,0.0,0,108,0.0
tier3,2022,28,12345,36,C+V,0.0,0,48,0.0
tier3,2022,28,12345,37,M+C+V,0.0,0,116,0.0
tier3,2022,28,12345,38,L+C+V,0.0,0,64,0.0
tier3,2022,28,12345,39,M+L+C+V,0.0,0,132,0.0
tier3,2022,28,12345,40,KD+V,0.0,0,43,0.0
tier3,2022,28,12345,41,M+KD+V,0.0,0,111,0.0
tier3,2022,28,12345,42,L+KD+V,0.0,0,59,0.0
tier3,2022,28,12345,43,M+L+KD+V,0.0,0,127,0.0
tier3,2022,28,12345,44,C+KD+V,0.0,0,67,0.0
tier3,2022,28,12345,45,M+C+KD+V,0.0,0,135,0.0
tier3,2022,28,12345,46,L+C+KD+V,0.0,0,83,0.0
tier3,2022,28,12345,47,M+L+C+KD+V,0.0003,0,151,8.999999999999999e-08
tier3,2022,28,12345,48,S+V,0.0,0,131,0.0
tier3,2022,28,12345,49,M+S+V,1.0,1,199,0.0
tier3,2022,28,12345,50,L+S+V,0.0,0,147,0.0
tier3,2022,28,12345,51,M+L+S+V,1.0,1,215,0.0
tier3,2022,28,12345,52,C+S+V,0.0007,0,155,4.9e-07
tier3,2022,28,12345,53,M+C+S+V,1.0,1,223,0.0
tier3,2022,28,12345,54,L+C+S+V,0.6752,0,171,0.45589504000000003
tier3,2022,28,12345,55,M+L+C+S+V,1.0,1,239,0.0
tier3,2022,28,12345,56,KD+S+V,0.0006,0,150,3.5999999999999994e-07
tier3,2022,28,12345,57,M+KD+S+V,1.0,1,218,0.0
tier3,2022,28,12345,58,L+KD+S+V,0.6048,0,166,0.36578304
tier3,2022,28,12345,59,M+L+KD+S+V,1.0,1,234,0.0
tier3,2022,28,12345,60,C+KD+S+V,0.86455,0,174,0.7474467025000001
tier3,2022,28,12345,61,M+C+KD+S+V,1.0,1,242,0.0
tier3,2022,28,12345,62,L+C+KD+S+V,0.9999,1,190,9.999999999997797e-09
tier3,2022,28,12345,63,M+L+C+KD+S+V,1.0,1,258,0.0
tier3,2022,28,12345,64,MP,0.0,0,18,0.0
tier3,2022,28,12345,65,M+MP,0.0,0,86,0.0
tier3,2022,28,12345,66,L+MP,0.0,0,34,0.0
tier3,2022,28,12345,67,M+L+MP,0.0,0,102,0.0
tier3,2022,28,12345,68,C+MP,0.0,0,42,0.0
tier3,2022,28,12345,69,M+C+MP,0.0,0,110,0.0
tier3,2022,28,12345,70,L+C+MP,0.0,0,58,0.0
tier3,2022,28,12345,71,M+L+C+MP,0.0,0,126,0.0
tier3,2022,28,12345,72,KD+MP,0.0,0,37,0.0
tier3,2022,28,12345,73,M+KD+MP,0.0,0,105,0.0
tier3,2022,28,12345,74,L+KD+MP,0.0,0,53,0.0
tier3,2022,28,12345,75,M+L+KD+MP,0.0,0,121,0.0
tier3,2022,28,12345,76,C+KD+MP,0.0,0,61,0.0
tier3,2022,28,12345,77,M+C+KD+MP,0.0,0,129,0.0
tier3,2022,28,12345,78,L+C+KD+MP,0.0,0,77,0.0
tier3,2022,28,12345,79,M+L+C+KD+MP,0.0,0,145,0.0
tier3,2022,28,12345,80,S+MP,0.0,0,125,0.0
tier3,2022,28,12345,81,M+S+MP,0.99185,1,193,6.642249999999984e-05
tier3,2022,28,12345,82,L+S+MP,0.0,0,141,0.0
tier3,2022,28,12345,83,M+L+S+MP,1.0,1,209,0.0
tier3,2022,28,12345,84,C+S+MP,0.0,0,149,0.0
tier3,2022,28,12345,85,M+C+S+MP,1.0,1,217,0.0
tier3,2022,28,12345,86,L+C+S+MP,0.20595,0,165,0.0424154025
tier3,2022,28,12345,87,M+L+C+S+MP,1.0,1,233,0.0
tier3,2022,28,12345,88,KD+S+MP,0.0,0,144,0.0
tier3,2022,28,12345,89,M+KD+S+MP,1.0,1,212,0.0
tier3,2022,28,12345,90,L+KD+S+MP,0.1274,0,160,0.016230760000000004
tier3,2022,28,12345,91,M+L+KD+S+MP,1.0,1,228,0.0
tier3,2022,28,12345,92,C+KD+S+MP,0.25505,0,168,0.0650505025
tier3,2022,28,12345,93,M+C+KD+S+MP,1.0,1,236,0.0
tier3,2022,28,12345,94,L+C+KD+S+MP,0.89905,1,184,0.010190902499999996
tier3,2022,28,12345,95,M+L+C+KD+S+MP,1.0,1,252,0.0
tier3,2022,28,12345,96,V+MP,0.0,0,42,0.0
tier3,2022,28,12345,97,M+V+MP,0.0,0,110,0.0
tier3,2022,28,12345,98,L+V+MP,0.0,0,58,0.0
tier3,2022,28,12345,99,M+L+V+MP,0.0,0,126,0.0
tier3,2022,28,12345,100,C+V+MP,0.0,0,66,0.0
tier3,2022,28,12345,101,M+C+V+MP,0.0,0,134,0.0
tier3,2022,28,12345,102,L+C+V+MP,0.0,0,82,0.0
tier3,2022,28,12345,103,M+L+C+V+MP,0.0,0,150,0.0
tier3,2022,28,12345,104,KD+V+MP,0.0,0,61,0.0
tier3,2022,28,12345,105,M+KD+V+MP,0.0,0,129,0.0
tier3,2022,28,12345,106,L+KD+V+MP,0.0,0,77,0.0
tier3,2022,28,12345,107,M+L+KD+V+MP,0.0,0,145,0.0
tier3,2022,28,12345,108,C+KD+V+MP,0.0,0,85,0.0
tier3,2022,28,12345,109,M+C+KD+V+MP,0.00095,0,153,9.025e-07
tier3,2022,28,12345,110,L+C+KD+V+MP,0.0,0,101,0.0
tier3,2022,28,12345,111,M+L+C+KD+V+MP,0.58255,0,169,0.3393645025
tier3,2022,28,12345,112,S+V+MP,0.0,0,149,0.0
tier3,2022,28,12345,113,M+S+V+MP,1.0,1,217,0.0
tier3,2022,28,12345,114,L+S+V+MP,0.3258,0,165,0.10614563999999999
tier3,2022,28,12345,115,M+L+S+V+MP,1.0,1,233,0.0
tier3,2022,28,12345,116,C+S+V+MP,0.6059,0,173,0.36711481
tier3,2022,28,12345,117,M+C+S+V+MP,1.0,1,241,0.0
tier3,2022,28,12345,118,L+C+S+V+MP,0.9861,1,189,0.00019321000000000065
tier3,2022,28,12345,119,M+L+C+S+V+MP,1.0,1,257,0.0
tier3,2022,28,12345,120,KD+S+V+MP,0.5613,0,168,0.31505769
tier3,2022,28,12345,121,M+KD+S+V+MP,1.0,1,236,0.0
tier3,2022,28,12345,122,L+KD+S+V+MP,0.9814,1,184,0.00034595999999999813
tier3,2022,28,12345,123,M+L+KD+S+V+MP,1.0,1,252,0.0
tier3,2022,28,12345,124,C+KD+S+V+MP,0.99905,1,192,9.025000000000121e-07
tier3,2022,28,12345,125,M+C+KD+S+V+MP,1.0,1,260,0.0
tier3,2022,28,12345,126,L+C+KD+S+V+MP,1.0,1,208,0.0
tier3,2022,28,12345,127,M+L+C+KD+S+V+MP,1.0,1,276,0.0
tier3,2022,28,12345,128,SD,0.0,0,73,0.0
tier3,2022,28,12345,129,M+SD,0.0,0,141,0.0
tier3,2022,28,12345,130,L+SD,0.0,0,89,0.0
tier3,2022,28,12345,131,M+L+SD,0.00095,0,157,9.025e-07
tier3,2022,28,12345,132,C+SD,0.0,0,97,0.0
tier3,2022,28,12345,133,M+C+SD,0.0186,0,165,0.0003459599999999999
tier3,2022,28,12345,134,L+C+SD,0.0,0,113,0.0
tier3,2022,28,12345,135,M+L+C+SD,0.4387,1,181,0.31505769
tier3,2022,28,12345,136,KD+SD,0.0,0,92,0.0
tier3,2022,28,12345,137,M+KD+SD,0.0139,0,160,0.00019320999999999997
tier3,2022,28,12345,138,L+KD+SD,0.0,0,108,0.0
tier3,2022,28,12345,139,M+L+KD+SD,0.3941,1,176,0.36711481
tier3,2022,28,12345,140,C+KD+SD,0.0,0,116,0.0
tier3,2022,28,12345,141,M+C+KD+SD,0.6742,1,184,0.10614563999999999
tier3,2022,28,12345,142,L+C+KD+SD,0.0,0,132,0.0
tier3,2022,28,12345,143,M+L+C+KD+SD,1.0,1,200,0.0
tier3,2022,28,12345,144,S+SD,0.41745,1,180,0.3393645025
tier3,2022,28,12345,145,M+S+SD,1.0,1,248,0.0
tier3,2022,28,12345,146,L+S+SD,0.99905,1,196,9.025000000000121e-07
tier3,2022,28,12345,147,M+L+S+SD,1.0,1,264,0.0
tier3,2022,28,12345,148,C+S+SD,1.0,1,204,0.0
tier3,2022,28,12345,149,M+C+S+SD,1.0,1,272,0.0
tier3,2022,28,12345,150,L+C+S+SD,1.0,1,220,0.0
tier3,2022,28,12345,151,M+L+C+S+SD,1.0,1,288,0.0
tier3,2022,28,12345,152,KD+S+SD,1.0,1,199,0.0
tier3,2022,28,12345,153,M+KD+S+SD,1.0,1,267,0.0
tier3,2022,28,12345,154,L+KD+S+SD,1.0,1,215,0.0
tier3,2022,28,12345,155,M+L+KD+S+SD,1.0,1,283,0.0
tier3,2022,28,12345,156,C+KD+S+SD,1.0,1,223,0.0
tier3,2022,28,12345,157,M+C+KD+S+SD,1.0,1,291,0.0
tier3,2022,28,12345,158,L+C+KD+S+SD,1.0,1,239,0.0
tier3,2022,28,12345,159,M+L+C+KD+S+SD,1.0,1,307,0.0
tier3,2022,28,12345,160,V+SD,0.0,0,97,0.0
tier3,2022,28,12345,161,M+V+SD,0.10095,0,165,0.0101909025
tier3,2022,28,12345,162,L+V+SD,0.0,0,113,0.0
tier3,2022,28,12345,163,M+L+V+SD,0.74495,1,181,0.0650505025
tier3,2022,28,12345,164,C+V+SD,0.0,0,121,0.0
tier3,2022,28,12345,165,M+C+V+SD,0.8726,1,189,0.01623075999999999
tier3,2022,28,12345,166,L+C+V+SD,0.0,0,137,0.0
tier3,2022,28,12345,167,M+L+C+V+SD,1.0,1,205,0.0
tier3,2022,28,12345,168,KD+V+SD,0.0,0,116,0.0
tier3,2022,28,12345,169,M+KD+V+SD,0.79405,1,184,0.042415402499999984
tier3,2022,28,12345,170,L+KD+V+SD,0.0,0,132,0.0
tier3,2022,28,12345,171,M+L+KD+V+SD,1.0,1,200,0.0
tier3,2022,28,12345,172,C+KD+V+SD,0.0,0,140,0.0
tier3,2022,28,12345,173,M+C+KD+V+SD,1.0,1,208,0.0
tier3,2022,28,12345,174,L+C+KD+V+SD,0.00815,0,156,6.642249999999999e-05
tier3,2022,28,12345,175,M+L+C+KD+V+SD,1.0,1,224,0.0
tier3,2022,28,12345,176,S+V+SD,1.0,1,204,0.0
tier3,2022,28,12345,177,M+S+V+SD,1.0,1,272,0.0
tier3,2022,28,12345,178,L+S+V+SD,1.0,1,220,0.0
tier3,2022,28,12345,179,M+L+S+V+SD,1.0,1,288,0.0
tier3,2022,28,12345,180,C+S+V+SD,1.0,1,228,0.0
tier3,2022,28,12345,181,M+C+S+V+SD,1.0,1,296,0.0
tier3,2022,28,12345,182,L+C+S+V+SD,1.0,1,244,0.0
tier3,2022,28,12345,183,M+L+C+S+V+SD,1.0,1,312,0.0
tier3,2022,28,12345,184,KD+S+V+SD,1.0,1,223,0.0
tier3,2022,28,12345,185,M+KD+S+V+SD,1.0,1,291,0.0
tier3,2022,28,12345,186,L+KD+S+V+SD,1.0,1,239,0.0
tier3,2022,28,12345,187,M+L+KD+S+V+SD,1.0,1,307,0.0
tier3,2022,28,12345,188,C+KD+S+V+SD,1.0,1,247,0.0
tier3,2022,28,12345,189,M+C+KD+S+V+SD,1.0,1,315,0.0
tier3,2022,28,12345,190,L+C+KD+S+V+SD,1.0,1,263,0.0
tier3,2022,28,12345,191,M+L+C+KD+S+V+SD,1.0,1,331,0.0
tier3,2022,28,12345,192,MP+SD,0.0,0,91,0.0
tier3,2022,28,12345,193,M+MP+SD,0.0001,0,159,1e-08
tier3,2022,28,12345,194,L+MP+SD,0.0,0,107,0.0
tier3,2022,28,12345,195,M+L+MP+SD,0.13545,1,175,0.7474467025000001
tier3,2022,28,12345,196,C+MP+SD,0.0,0,115,0.0
tier3,2022,28,12345,197,M+C+MP+SD,0.3952,1,183,0.36578304
tier3,2022,28,12345,198,L+C+MP+SD,0.0,0,131,0.0
tier3,2022,28,12345,199,M+L+C+MP+SD,0.9994,1,199,3.6000000000005394e-07
tier3,2022,28,12345,200,KD+MP+SD,0.0,0,110,0.0
tier3,2022,28,12345,201,M+KD+MP+SD,0.3248,1,178,0.45589504000000003
tier3,2022,28,12345,202,L+KD+MP+SD,0.0,0,126,0.0
tier3,2022,28,12345,203,M+L+KD+MP+SD,0.9993,1,194,4.900000000000475e-07
tier3,2022,28,12345,204,C+KD+MP+SD,0.0,0,134,0.0
tier3,2022,28,12345,205,M+C+KD+MP+SD,1.0,1,202,0.0
tier3,2022,28,12345,206,L+C+KD+MP+SD,0.0,0,150,0.0
tier3,2022,28,12345,207,M+L+C+KD+MP+SD,1.0,1,218,0.0
tier3,2022,28,12345,208,S+MP+SD,0.9997,1,198,8.999999999998017e-08
tier3,2022,28,12345,209,M+S+MP+SD,1.0,1,266,0.0
tier3,2022,28,12345,210,L+S+MP+SD,1.0,1,214,0.0
tier3,2022,28,12345,211,M+L+S+MP+SD,1.0,1,282,0.0
tier3,2022,28,12345,212,C+S+MP+SD,1.0,1,222,0.0
tier3,2022,28,12345,213,M+C+S+MP+SD,1.0,1,290,0.0
tier3,2022,28,12345,214,L+C+S+MP+SD,1.0,1,238,0.0
tier3,2022,28,12345,215,M+L+C+S+MP+SD,1.0,1,306,0.0
tier3,2022,28,12345,216,KD+S+MP+SD,1.0,1,217,0.0
tier3,2022,28,12345,217,M+KD+S+MP+SD,1.0,1,285,0.0
tier3,2022,28,12345,218,L+KD+S+MP+SD,1.0,1,233,0.0
tier3,2022,28,12345,219,M+L+KD+S+MP+SD,1.0,1,301,0.0
tier3,2022,28,12345,220,C+KD+S+MP+SD,1.0,1,241,0.0
tier3,2022,28,12345,221,M+C+KD+S+MP+SD,1.0,1,309,0.0
tier3,2022,28,12345,222,L+C+KD+S+MP+SD,1.0,1,257,0.0
tier3,2022,28,12345,223,M+L+C+KD+S+MP+SD,1.0,1,325,0.0
tier3,2022,28,12345,224,V+MP+SD,0.0,0,115,0.0
tier3,2022,28,12345,225,M+V+MP+SD,0.7361,1,183,0.06964321000000001
tier3,2022,28,12345,226,L+V+MP+SD,0.0,0,131,0.0
tier3,2022,28,12345,227,M+L+V+MP+SD,1.0,1,199,0.0
tier3,2022,28,12345,228,C+V+MP+SD,0.0,0,139,0.0
tier3,2022,28,12345,229,M+C+V+MP+SD,1.0,1,207,0.0
tier3,2022,28,12345,230,L+C+V+MP+SD,0.0056,0,155,3.136e-05
tier3,2022,28,12345,231,M+L+C+V+MP+SD,1.0,1,223,0.0
tier3,2022,28,12345,232,KD+V+MP+SD,0.0,0,134,0.0
tier3,2022,28,12345,233,M+KD+V+MP+SD,1.0,1,202,0.0
tier3,2022,28,12345,234,L+KD+V+MP+SD,0.0,0,150,0.0
tier3,2022,28,12345,235,M+L+KD+V+MP+SD,1.0,1,218,0.0
tier3,2022,28,12345,236,C+KD+V+MP+SD,0.00495,0,158,2.4502500000000005e-05
tier3,2022,28,12345,237,M+C+KD+V+MP+SD,1.0,1,226,0.0
tier3,2022,28,12345,238,L+C+KD+V+MP+SD,0.68565,0,174,0.47011592249999995
tier3,2022,28,12345,239,M+L+C+KD+V+MP+SD,1.0,1,242,0.0
tier3,2022,28,12345,240,S+V+MP+SD,1.0,1,222,0.0
tier3,2022,28,12345,241,M+S+V+MP+SD,1.0,1,290,0.0
tier3,2022,28,12345,242,L+S+V+MP+SD,1.0,1,238,0.0
tier3,2022,28,12345,243,M+L+S+V+MP+SD,1.0,1,306,0.0
tier3,2022,28,12345,244,C+S+V+MP+SD,1.0,1,246,0.0
tier3,2022,28,12345,245,M+C+S+V+MP+SD,1.0,1,314,0.0
tier3,2022,28,12345,246,L+C+S+V+MP+SD,1.0,1,262,0.0
tier3,2022,28,12345,247,M+L+C+S+V+MP+SD,1.0,1,330,0.0
tier3,2022,28,12345,248,KD+S+V+MP+SD,1.0,1,241,0.0
tier3,2022,28,12345,249,M+KD+S+V+MP+SD,1.0,1,309,0.0
tier3,2022,28,12345,250,L+KD+S+V+MP+SD,1.0,1,257,0.0
tier3,2022,28,12345,251,M+L+KD+S+V+MP+SD,1.0,1,325,0.0
tier3,2022,28,12345,252,C+KD+S+V+MP+SD,1.0,1,265,0.0
tier3,2022,28,12345,253,M+C+KD+S+V+MP+SD,1.0,1,333,0.0
tier3,2022,28,12345,254,L+C+KD+S+V+MP+SD,1.0,1,281,0.0
tier3,2022,28,24680,1,M,0.0,0,68,0.0
tier3,2022,28,24680,2,L,0.0,0,16,0.0
tier3,2022,28,24680,3,M+L,0.0,0,84,0.0
tier3,2022,28,24680,4,C,0.0,0,24,0.0
tier3,2022,28,24680,5,M+C,0.0,0,92,0.0
tier3,2022,28,24680,6,L+C,0.0,0,40,0.0
tier3,2022,28,24680,7,M+L+C,0.0,0,108,0.0
tier3,2022,28,24680,8,KD,0.0,0,19,0.0
tier3,2022,28,24680,9,M+KD,0.0,0,87,0.0
tier3,2022,28,24680,10,L+KD,0.0,0,35,0.0
tier3,2022,28,24680,11,M+L+KD,0.0,0,103,0.0
tier3,2022,28,24680,12,C+KD,0.0,0,43,0.0
tier3,2022,28,24680,13,M+C+KD,0.0,0,111,0.0
tier3,2022,28,24680,14,L+C+KD,0.0,0,59,0.0
tier3,2022,28,24680,15,M+L+C+KD,0.0,0,127,0.0
tier3,2022,28,24680,16,S,0.0,0,107,0.0
tier3,2022,28,24680,17,M+S,0.3101,1,175,0.47596200999999994
tier3,2022,28,24680,18,L+S,0.0,0,123,0.0
tier3,2022,28,24680,19,M+L+S,0.9954,1,191,2.1160000000000445e-05
tier3,2022,28,24680,20,C+S,0.0,0,131,0.0
tier3,2022,28,24680,21,M+C+S,0.99995,1,199,2.499999999999449e-09
tier3,2022,28,24680,22,L+C+S,0.0,0,147,0.0
tier3,2022,28,24680,23,M+L+C+S,1.0,1,215,0.0
tier3,2022,28,24680,24,KD+S,0.0,0,126,0.0
tier3,2022,28,24680,25,M+KD+S,0.99475,1,194,2.756249999999976e-05
tier3,2022,28,24680,26,L+KD+S,0.0,0,142,0.0
tier3,2022,28,24680,27,M+L+KD+S,1.0,1,210,0.0
tier3,2022,28,24680,28,C+KD+S,0.0,0,150,0.0
tier3,2022,28,24680,29,M+C+KD+S,1.0,1,218,0.0
tier3,2022,28,24680,30,L+C+KD+S,0.26325,0,166,0.0693005625
tier3,2022,28,24680,31,M+L+C+KD+S,1.0,1,234,0.0
tier3,2022,28,24680,32,V,0.0,0,24,0.0
tier3,2022,28,24680,33,M+V,0.0,0,92,0.0
tier3,2022,28,24680,34,L+V,0.0,0,40,0.0
tier3,2022,28,24680,35,M+L+V,0.0,0,108,0.0
tier3,2022,28,24680,36,C+V,0.0,0,48,0.0
tier3,2022,28,24680,37,M+C+V,0.0,0,116,0.0
tier3,2022,28,24680,38,L+C+V,0.0,0,64,0.0
tier3,2022,28,24680,39,M+L+C+V,0.0,0,132,0.0
tier3,2022,28,24680,40,KD+V,0.0,0,43,0.0
tier3,2022,28,24680,41,M+KD+V,0.0,0,111,0.0
tier3,2022,28,24680,42,L+KD+V,0.0,0,59,0.0
tier3,2022,28,24680,43,M+L+KD+V,0.0,0,127,0.0
tier3,2022,28,24680,44,C+KD+V,0.0,0,67,0.0
tier3,2022,28,24680,45,M+C+KD+V,0.0,0,135,0.0
tier3,2022,28,24680,46,L+C+KD+V,0.0,0,83,0.0
tier3,2022,28,24680,47,M+L+C+KD+V,0.00025,0,151,6.25e-08
tier3,2022,28,24680,48,S+V,0.0,0,131,0.0
tier3,2022,28,24680,49,M+S+V,1.0,1,199,0.0
tier3,2022,28,24680,50,L+S+V,0.0,0,147,0.0
tier3,2022,28,24680,51,M+L+S+V,1.0,1,215,0.0
tier3,2022,28,24680,52,C+S+V,0.0006,0,155,3.5999999999999994e-07
tier3,2022,28,24680,53,M+C+S+V,1.0,1,223,0.0
tier3,2022,28,24680,54,L+C+S+V,0.672,0,171,0.45158400000000004
tier3,2022,28,24680,55,M+L+C+S+V,1.0,1,239,0.0
tier3,2022,28,24680,56,KD+S+V,0.00025,0,150,6.25e-08
tier3,2022,28,24680,57,M+KD+S+V,1.0,1,218,0.0
tier3,2022,28,24680,58,L+KD+S+V,0.6013,0,166,0.36156168999999994
tier3,2022,28,24680,59,M+L+KD+S+V,1.0,1,234,0.0
tier3,2022,28,24680,60,C+KD+S+V,0.86175,0,174,0.7426130625
tier3,2022,28,24680,61,M+C+KD+S+V,1.0,1,242,0.0
tier3,2022,28,24680,62,L+C+KD+S+V,0.9999,1,190,9.999999999997797e-09
tier3,2022,28,24680,63,M+L+C+KD+S+V,1.0,1,258,0.0
tier3,2022,28,24680,64,MP,0.0,0,18,0.0
tier3,2022,28,24680,65,M+MP,0.0,0,86,0.0
tier3,2022,28,24680,66,L+MP,0.0,0,34,0.0
tier3,2022,28,24680,67,M+L+MP,0.0,0,102,0.0
tier3,2022,28,24680,68,C+MP,0.0,0,42,0.0
tier3,2022,28,24680,69,M+C+MP,0.0,0,110,0.0
tier3,2022,28,24680,70,L+C+MP,0.0,0,58,0.0
tier3,2022,28,24680,71,M+L+C+MP,0.0,0,126,0.0
tier3,2022,28,24680,72,KD+MP,0.0,0,37,0.0
tier3,2022,28,24680,73,M+KD+MP,0.0,0,105,0.0
tier3,2022,28,24680,74,L+KD+MP,0.0,0,53,0.0
tier3,2022,28,24680,75,M+L+KD+MP,0.0,0,121,0.0
tier3,2022,28,24680,76,C+KD+MP,0.0,0,61,0.0
tier3,2022,28,24680,77,M+C+KD+MP,0.0,0,129,0.0
tier3,2022,28,24680,78,L+C+KD+MP,0.0,0,77,0.0
tier3,2022,28,24680,79,M+L+C+KD+MP,0.0,0,145,0.0
tier3,2022,28,24680,80,S+MP,0.0,0,125,0.0
tier3,2022,28,24680,81,M+S+MP,0.99065,1,193,8.742249999999943e-05
tier3,2022,28,24680,82,L+S+MP,0.0,0,141,0.0
tier3,2022,28,24680,83,M+L+S+MP,1.0,1,209,0.0
tier3,2022,28,24680,84,C+S+MP,0.0,0,149,0.0
tier3,2022,28,24680,85,M+C+S+MP,1.0,1,217,0.0
tier3,2022,28,24680,86,L+C+S+MP,0.20395,0,165,0.041595602499999995
tier3,2022,28,24680,87,M+L+C+S+MP,1.0,1,233,0.0
tier3,2022,28,24680,88,KD+S+MP,0.0,0,144,0.0
tier3,2022,28,24680,89,M+KD+S+MP,1.0,1,212,0.0
tier3,2022,28,24680,90,L+KD+S+MP,0.1276,0,160,0.01628176
tier3,2022,28,24680,91,M+L+KD+S+MP,1.0,1,228,0.0
tier3,2022,28,24680,92,C+KD+S+MP,0.2516,0,168,0.06330256
tier3,2022,28,24680,93,M+C+KD+S+MP,1.0,1,236,0.0
tier3,2022,28,24680,94,L+C+KD+S+MP,0.89985,1,184,0.010030022499999992
tier3,2022,28,24680,95,M+L+C+KD+S+MP,1.0,1,252,0.0
tier3,2022,28,24680,96,V+MP,0.0,0,42,0.0
tier3,2022,28,24680,97,M+V+MP,0.0,0,110,0.0
tier3,2022,28,24680,98,L+V+MP,0.0,0,58,0.0
tier3,2022,28,24680,99,M+L+V+MP,0.0,0,126,0.0
tier3,2022,28,24680,100,C+V+MP,0.0,0,66,0.0
tier3,2022,28,24680,101,M+C+V+MP,0.0,0,134,0.0
tier3,2022,28,24680,102,L+C+V+MP,0.0,0,82,0.0
tier3,2022,28,24680,103,M+L+C+V+MP,0.0,0,150,0.0
tier3,2022,28,24680,104,KD+V+MP,0.0,0,61,0.0
tier3,2022,28,24680,105,M+KD+V+MP,0.0,0,129,0.0
tier3,2022,28,24680,106,L+KD+V+MP,0.0,0,77,0.0
tier3,2022,28,24680,107,M+L+KD+V+MP,0.0,0,145,0.0
tier3,2022,28,24680,108,C+KD+V+MP,0.0,0,85,0.0
tier3,2022,28,24680,109,M+C+KD+V+MP,0.0009,0,153,8.1e-07
tier3,2022,28,24680,110,L+C+KD+V+MP,0.0,0,101,0.0
tier3,2022,28,24680,111,M+L+C+KD+V+MP,0.58405,0,169,0.34111440249999997
tier3,2022,28,24680,112,S+V+MP,0.0,0,149,0.0
tier3,2022,28,24680,113,M+S+V+MP,1.0,1,217,0.0
tier3,2022,28,24680,114,L+S+V+MP,0.32415,0,165,0.1050732225
tier3,2022,28,24680,115,M+L+S+V+MP,1.0,1,233,0.0
tier3,2022,28,24680,116,C+S+V+MP,0.6081,0,173,0.36978561
tier3,2022,28,24680,117,M+C+S+V+MP,1.0,1,241,0.0
tier3,2022,28,24680,118,L+C+S+V+MP,0.9864,1,189,0.00018495999999999853
tier3,2022,28,24680,119,M+L+C+S+V+MP,1.0,1,257,0.0
tier3,2022,28,24680,120,KD+S+V+MP,0.55855,0,168,0.31197810249999997
tier3,2022,28,24680,121,M+KD+S+V+MP,1.0,1,236,0.0
tier3,2022,28,24680,122,L+KD+S+V+MP,0.9824,1,184,0.0003097599999999982
tier3,2022,28,24680,123,M+L+KD+S+V+MP,1.0,1,252,0.0
tier3,2022,28,24680,124,C+KD+S+V+MP,0.9989,1,192,1.2099999999999778e-06
tier3,2022,28,24680,125,M+C+KD+S+V+MP,1.0,1,260,0.0
tier3,2022,28,24680,126,L+C+KD+S+V+MP,1.0,1,208,0.0
tier3,2022,28,24680,127,M+L+C+KD+S+V+MP,1.0,1,276,0.0
tier3,2022,28,24680,128,SD,0.0,0,73,0.0
tier3,2022,28,24680,129,M+SD,0.0,0,141,0.0
tier3,2022,28,24680,130,L+SD,0.0,0,89,0.0
tier3,2022,28,24680,131,M+L+SD,0.0011,0,157,1.21e-06
tier3,2022,28,24680,132,C+SD,0.0,0,97,0.0
tier3,2022,28,24680,133,M+C+SD,0.0176,0,165,0.00030976
tier3,2022,28,24680,134,L+C+SD,0.0,0,113,0.0
tier3,2022,28,24680,135,M+L+C+SD,0.44145,1,181,0.31197810249999997
tier3,2022,28,24680,136,KD+SD,0.0,0,92,0.0
tier3,2022,28,24680,137,M+KD+SD,0.0136,0,160,0.00018496
tier3,2022,28,24680,138,L+KD+SD,0.0,0,108,0.0
tier3,2022,28,24680,139,M+L+KD+SD,0.3919,1,176,0.36978561
tier3,2022,28,24680,140,C+KD+SD,0.0,0,116,0.0
tier3,2022,28,24680,141,M+C+KD+SD,0.67585,1,184,0.10507322250000004
tier3,2022,28,24680,142,L+C+KD+SD,0.0,0,132,0.0
tier3,2022,28,24680,143,M+L+C+KD+SD,1.0,1,200,0.0
tier3,2022,28,24680,144,S+SD,0.41595,1,180,0.34111440249999997
tier3,2022,28,24680,145,M+S+SD,1.0,1,248,0.0
tier3,2022,28,24680,146,L+S+SD,0.9991,1,196,8.100000000000215e-07
tier3,2022,28,24680,147,M+L+S+SD,1.0,1,264,0.0
tier3,2022,28,24680,148,C+S+SD,1.0,1,204,0.0
tier3,2022,28,24680,149,M+C+S+SD,1.0,1,272,0.0
tier3,2022,28,24680,150,L+C+S+SD,1.0,1,220,0.0
tier3,2022,28,24680,151,M+L+C+S+SD,1.0,1,288,0.0
tier3,2022,28,24680,152,KD+S+SD,1.0,1,199,0.0
tier3,2022,28,24680,153,M+KD+S+SD,1.0,1,267,0.0
tier3,2022,28,24680,154,L+KD+S+SD,1.0,1,215,0.0
tier3,2022,28,24680,155,M+L+KD+S+SD,1.0,1,283,0.0
tier3,2022,28,24680,156,C+KD+S+SD,1.0,1,223,0.0
tier3,2022,28,24680,157,M+C+KD+S+SD,1.0,1,291,0.0
tier3,2022,28,24680,158,L+C+KD+S+SD,1.0,1,239,0.0
tier3,2022,28,24680,159,M+L+C+KD+S+SD,1.0,1,307,0.0
tier3,2022,28,24680,160,V+SD,0.0,0,97,0.0
tier3,2022,28,24680,161,M+V+SD,0.10015,0,165,0.010030022500000001
tier3,2022,28,24680,162,L+V+SD,0.0,0,113,0.0
tier3,2022,28,24680,163,M+L+V+SD,0.7484,1,181,0.06330256000000002
tier3,2022,28,24680,164,C+V+SD,0.0,0,121,0.0
tier3,2022,28,24680,165,M+C+V+SD,0.8724,1,189,0.016281760000000013
tier3,2022,28,24680,166,L+C+V+SD,0.0,0,137,0.0
tier3,2022,28,24680,167,M+L+C+V+SD,1.0,1,205,0.0
tier3,2022,28,24680,168,KD+V+SD,0.0,0,116,0.0
tier3,2022,28,24680,169,M+KD+V+SD,0.79605,1,184,0.04159560249999999
tier3,2022,28,24680,170,L+KD+V+SD,0.0,0,132,0.0
tier3,2022,28,24680,171,M+L+KD+V+SD,1.0,1,200,0.0
tier3,2022,28,24680,172,C+KD+V+SD,0.0,0,140,0.0
tier3,2022,28,24680,173,M+C+KD+V+SD,1.0,1,208,0.0
tier3,2022,28,24680,174,L+C+KD+V+SD,0.00935,0,156,8.742250000000001e-05
tier3,2022,28,24680,175,M+L+C+KD+V+SD,1.0,1,224,0.0
tier3,2022,28,24680,176,S+V+SD,1.0,1,204,0.0
tier3,2022,28,24680,177,M+S+V+SD,1.0,1,272,0.0
tier3,2022,28,24680,178,L+S+V+SD,1.0,1,220,0.0
tier3,2022,28,24680,179,M+L+S+V+SD,1.0,1,288,0.0
tier3,2022,28,24680,180,C+S+V+SD,1.0,1,228,0.0
tier3,2022,28,24680,181,M+C+S+V+SD,1.0,1,296,0.0
tier3,2022,28,24680,182,L+C+S+V+SD,1.0,1,244,0.0
tier3,2022,28,24680,183,M+L+C+S+V+SD,1.0,1,312,0.0
tier3,2022,28,24680,184,KD+S+V+SD,1.0,1,223,0.0
tier3,2022,28,24680,185,M+KD+S+V+SD,1.0,1,291,0.0
tier3,2022,28,24680,186,L+KD+S+V+SD,1.0,1,239,0.0
tier3,2022,28,24680,187,M+L+KD+S+V+SD,1.0,1,307,0.0
tier3,2022,28,24680,188,C+KD+S+V+SD,1.0,1,247,0.0
tier3,2022,28,24680,189,M+C+KD+S+V+SD,1.0,1,315,0.0
tier3,2022,28,24680,190,L+C+KD+S+V+SD,1.0,1,263,0.0
tier3,2022,28,24680,191,M+L+C+KD+S+V+SD,1.0,1,331,0.0
tier3,2022,28,24680,192,MP+SD,0.0,0,91,0.0
tier3,2022,28,24680,193,M+MP+SD,0.0001,0,159,1e-08
tier3,2022,28,24680,194,L+MP+SD,0.0,0,107,0.0
tier3,2022,28,24680,195,M+L+MP+SD,0.13825,1,175,0.7426130625
tier3,2022,28,24680,196,C+MP+SD,0.0,0,115,0.0
tier3,2022,28,24680,197,M+C+MP+SD,0.3987,1,183,0.36156168999999994
tier3,2022,28,24680,198,L+C+MP+SD,0.0,0,131,0.0
tier3,2022,28,24680,199,M+L+C+MP+SD,0.99975,1,199,6.249999999998623e-08
tier3,2022,28,24680,200,KD+MP+SD,0.0,0,110,0.0
tier3,2022,28,24680,201,M+KD+MP+SD,0.328,1,178,0.45158399999999993
tier3,2022,28,24680,202,L+KD+MP+SD,0.0,0,126,0.0
tier3,2022,28,24680,203,M+L+KD+MP+SD,0.9994,1,194,3.6000000000005394e-07
tier3,2022,28,24680,204,C+KD+MP+SD,0.0,0,134,0.0
tier3,2022,28,24680,205,M+C+KD+MP+SD,1.0,1,202,0.0
tier3,2022,28,24680,206,L+C+KD+MP+SD,0.0,0,150,0.0
tier3,2022,28,24680,207,M+L+C+KD+MP+SD,1.0,1,218,0.0
tier3,2022,28,24680,208,S+MP+SD,0.99975,1,198,6.249999999998623e-08
tier3,2022,28,24680,209,M+S+MP+SD,1.0,1,266,0.0
tier3,2022,28,24680,210,L+S+MP+SD,1.0,1,214,0.0
tier3,2022,28,24680,211,M+L+S+MP+SD,1.0,1,282,0.0
tier3,2022,28,24680,212,C+S+MP+SD,1.0,1,222,0.0
tier3,2022,28,24680,213,M+C+S+MP+SD,1.0,1,290,0.0
tier3,2022,28,24680,214,L+C+S+MP+SD,1.0,1,238,0.0
tier3,2022,28,24680,215,M+L+C+S+MP+SD,1.0,1,306,0.0
tier3,2022,28,24680,216,KD+S+MP+SD,1.0,1,217,0.0
tier3,2022,28,24680,217,M+KD+S+MP+SD,1.0,1,285,0.0
tier3,2022,28,24680,218,L+KD+S+MP+SD,1.0,1,233,0.0
tier3,2022,28,24680,219,M+L+KD+S+MP+SD,1.0,1,301,0.0
tier3,2022,28,24680,220,C+KD+S+MP+SD,1.0,1,241,0.0
tier3,2022,28,24680,221,M+C+KD+S+MP+SD,1.0,1,309,0.0
tier3,2022,28,24680,222,L+C+KD+S+MP+SD,1.0,1,257,0.0
tier3,2022,28,24680,223,M+L+C+KD+S+MP+SD,1.0,1,325,0.0
tier3,2022,28,24680,224,V+MP+SD,0.0,0,115,0.0
tier3,2022,28,24680,225,M+V+MP+SD,0.73675,1,183,0.0693005625
tier3,2022,28,24680,226,L+V+MP+SD,0.0,0,131,0.0
tier3,2022,28,24680,227,M+L+V+MP+SD,1.0,1,199,0.0
tier3,2022,28,24680,228,C+V+MP+SD,0.0,0,139,0.0
tier3,2022,28,24680,229,M+C+V+MP+SD,1.0,1,207,0.0
tier3,2022,28,24680,230,L+C+V+MP+SD,0.00525,0,155,2.7562500000000002e-05
tier3,2022,28,24680,231,M+L+C+V+MP+SD,1.0,1,223,0.0
tier3,2022,28,24680,232,KD+V+MP+SD,0.0,0,134,0.0
tier3,2022,28,24680,233,M+KD+V+MP+SD,1.0,1,202,0.0
tier3,2022,28,24680,234,L+KD+V+MP+SD,5e-05,0,150,2.5e-09
tier3,2022,28,24680,235,M+L+KD+V+MP+SD,1.0,1,218,0.0
tier3,2022,28,24680,236,C+KD+V+MP+SD,0.0046,0,158,2.116e-05
tier3,2022,28,24680,237,M+C+KD+V+MP+SD,1.0,1,226,0.0
tier3,2022,28,24680,238,L+C+KD+V+MP+SD,0.6899,0,174,0.47596200999999994
tier3,2022,28,24680,239,M+L+C+KD+V+MP+SD,1.0,1,242,0.0
tier3,2022,28,24680,240,S+V+MP+SD,1.0,1,222,0.0
tier3,2022,28,24680,241,M+S+V+MP+SD,1.0,1,290,0.0
tier3,2022,28,24680,242,L+S+V+MP+SD,1.0,1,238,0.0
tier3,2022,28,24680,243,M+L+S+V+MP+SD,1.0,1,306,0.0
tier3,2022,28,24680,244,C+S+V+MP+SD,1.0,1,246,0.0
tier3,2022,28,24680,245,M+C+S+V+MP+SD,1.0,1,314,0.0
tier3,2022,28,24680,246,L+C+S+V+MP+SD,1.0,1,262,0.0
tier3,2022,28,24680,247,M+L+C+S+V+MP+SD,1.0,1,330,0.0
tier3,2022,28,24680,248,KD+S+V+MP+SD,1.0,1,241,0.0
tier3,2022,28,24680,249,M+KD+S+V+MP+SD,1.0,1,309,0.0
tier3,2022,28,24680,250,L+KD+S+V+MP+SD,1.0,1,257,0.0
tier3,2022,28,24680,251,M+L+KD+S+V+MP+SD,1.0,1,325,0.0
tier3,2022,28,24680,252,C+KD+S+V+MP+SD,1.0,1,265,0.0
tier3,2022,28,24680,253,M+C+KD+S+V+MP+SD,1.0,1,333,0.0
tier3,2022,28,24680,254,L+C+KD+S+V+MP+SD,1.0,1,281,0.0
tier3,2022,28,98765,1,M,0.0,0,68,0.0
tier3,2022,28,98765,2,L,0.0,0,16,0.0
tier3,2022,28,98765,3,M+L,0.0,0,84,0.0
tier3,2022,28,98765,4,C,0.0,0,24,0.0
tier3,2022,28,98765,5,M+C,0.0,0,92,0.0
tier3,2022,28,98765,6,L+C,0.0,0,40,0.0
tier3,2022,28,98765,7,M+L+C,0.0,0,108,0.0
tier3,2022,28,98765,8,KD,0.0,0,19,0.0
tier3,2022,28,98765,9,M+KD,0.0,0,87,0.0
tier3,2022,28,98765,10,L+KD,0.0,0,35,0.0
tier3,2022,28,98765,11,M+L+KD,0.0,0,103,0.0
tier3,2022,28,98765,12,C+KD,0.0,0,43,0.0
tier3,2022,28,98765,13,M+C+KD,0.0,0,111,0.0
tier3,2022,28,98765,14,L+C+KD,0.0,0,59,0.0
tier3,2022,28,98765,15,M+L+C+KD,0.0,0,127,0.0
tier3,2022,28,98765,16,S,0.0,0,107,0.0
tier3,2022,28,98765,17,M+S,0.31475,1,175,0.46956756250000004
tier3,2022,28,98765,18,L+S,0.0,0,123,0.0
tier3,2022,28,98765,19,M+L+S,0.99475,1,191,2.756249999999976e-05
tier3,2022,28,98765,20,C+S,0.0,0,131,0.0
tier3,2022,28,98765,21,M+C+S,0.9999,1,199,9.999999999997797e-09
tier3,2022,28,98765,22,L+C+S,0.0,0,147,0.0
tier3,2022,28,98765,23,M+L+C+S,1.0,1,215,0.0
tier3,2022,28,98765,24,KD+S,0.0,0,126,0.0
tier3,2022,28,98765,25,M+KD+S,0.9945,1,194,3.0249999999999444e-05
tier3,2022,28,98765,26,L+KD+S,0.0,0,142,0.0
tier3,2022,28,98765,27,M+L+KD+S,1.0,1,210,0.0
tier3,2022,28,98765,28,C+KD+S,0.0,0,150,0.0
tier3,2022,28,98765,29,M+C+KD+S,1.0,1,218,0.0
tier3,2022,28,98765,30,L+C+KD+S,0.26475,0,166,0.0700925625
tier3,2022,28,98765,31,M+L+C+KD+S,1.0,1,234,0.0
tier3,2022,28,98765,32,V,0.0,0,24,0.0
tier3,2022,28,98765,33,M+V,0.0,0,92,0.0
tier3,2022,28,98765,34,L+V,0.0,0,40,0.0
tier3,2022,28,98765,35,M+L+V,0.0,0,108,0.0
tier3,2022,28,98765,36,C+V,0.0,0,48,0.0
tier3,2022,28,98765,37,M+C+V,0.0,0,116,0.0
tier3,2022,28,98765,38,L+C+V,0.0,0,64,0.0
tier3,2022,28,98765,39,M+L+C+V,0.0,0,132,0.0
tier3,2022,28,98765,40,KD+V,0.0,0,43,0.0
tier3,2022,28,98765,41,M+KD+V,0.0,0,111,0.0
tier3,2022,28,98765,42,L+KD+V,0.0,0,59,0.0
tier3,2022,28,98765,43,M+L+KD+V,0.0,0,127,0.0
tier3,2022,28,98765,44,C+KD+V,0.0,0,67,0.0
tier3,2022,28,98765,45,M+C+KD+V,0.0,0,135,0.0
tier3,2022,28,98765,46,L+C+KD+V,0.0,0,83,0.0
tier3,2022,28,98765,47,M+L+C+KD+V,0.0001,0,151,1e-08
tier3,2022,28,98765,48,S+V,0.0,0,131,0.0
tier3,2022,28,98765,49,M+S+V,1.0,1,199,0.0
tier3,2022,28,98765,50,L+S+V,0.0,0,147,0.0
tier3,2022,28,98765,51,M+L+S+V,1.0,1,215,0.0
tier3,2022,28,98765,52,C+S+V,0.00075,0,155,5.625e-07
tier3,2022,28,98765,53,M+C+S+V,1.0,1,223,0.0
tier3,2022,28,98765,54,L+C+S+V,0.6722,0,171,0.45185284000000003
tier3,2022,28,98765,55,M+L+C+S+V,1.0,1,239,0.0
tier3,2022,28,98765,56,KD+S+V,0.0004,0,150,1.6e-07
tier3,2022,28,98765,57,M+KD+S+V,1.0,1,218,0.0
tier3,2022,28,98765,58,L+KD+S+V,0.60525,0,166,0.3663275624999999
tier3,2022,28,98765,59,M+L+KD+S+V,1.0,1,234,0.0
tier3,2022,28,98765,60,C+KD+S+V,0.8632,0,174,0.7451142399999999
tier3,2022,28,98765,61,M+C+KD+S+V,1.0,1,242,0.0
tier3,2022,28,98765,62,L+C+KD+S+V,0.99995,1,190,2.499999999999449e-09
tier3,2022,28,98765,63,M+L+C+KD+S+V,1.0,1,258,0.0
tier3,2022,28,98765,64,MP,0.0,0,18,0.0
tier3,2022,28,98765,65,M+MP,0.0,0,86,0.0
tier3,2022,28,98765,66,L+MP,0.0,0,34,0.0
tier3,2022,28,98765,67,M+L+MP,0.0,0,102,0.0
tier3,2022,28,98765,68,C+MP,0.0,0,42,0.0
tier3,2022,28,98765,69,M+C+MP,0.0,0,110,0.0
tier3,2022,28,98765,70,L+C+MP,0.0,0,58,0.0
tier3,2022,28,98765,71,M+L+C+MP,0.0,0,126,0.0
tier3,2022,28,98765,72,KD+MP,0.0,0,37,0.0
tier3,2022,28,98765,73,M+KD+MP,0.0,0,105,0.0
tier3,2022,28,98765,74,L+KD+MP,0.0,0,53,0.0
tier3,2022,28,98765,75,M+L+KD+MP,0.0,0,121,0.0
tier3,2022,28,98765,76,C+KD+MP,0.0,0,61,0.0
tier3,2022,28,98765,77,M+C+KD+MP,0.0,0,129,0.0
tier3,2022,28,98765,78,L+C+KD+MP,0.0,0,77,0.0
tier3,2022,28,98765,79,M+L+C+KD+MP,0.0,0,145,0.0
tier3,2022,28,98765,80,S+MP,0.0,0,125,0.0
tier3,2022,28,98765,81,M+S+MP,0.99085,1,193,8.372249999999984e-05
tier3,2022,28,98765,82,L+S+MP,0.0,0,141,0.0
tier3,2022,28,98765,83,M+L+S+MP,1.0,1,209,0.0
tier3,2022,28,98765,84,C+S+MP,0.0,0,149,0.0
tier3,2022,28,98765,85,M+C+S+MP,1.0,1,217,0.0
tier3,2022,28,98765,86,L+C+S+MP,0.20445,0,165,0.0417998025
tier3,2022,28,98765,87,M+L+C+S+MP,1.0,1,233,0.0
tier3,2022,28,98765,88,KD+S+MP,0.0,0,144,0.0
tier3,2022,28,98765,89,M+KD+S+MP,1.0,1,212,0.0
tier3,2022,28,98765,90,L+KD+S+MP,0.12955,0,160,0.0167832025
tier3,2022,28,98765,91,M+L+KD+S+MP,1.0,1,228,0.0
tier3,2022,28,98765,92,C+KD+S+MP,0.2558,0,168,0.06543364000000002
tier3,2022,28,98765,93,M+C+KD+S+MP,1.0,1,236,0.0
tier3,2022,28,98765,94,L+C+KD+S+MP,0.9001,1,184,0.009980009999999997
tier3,2022,28,98765,95,M+L+C+KD+S+MP,1.0,1,252,0.0
tier3,2022,28,98765,96,V+MP,0.0,0,42,0.0
tier3,2022,28,98765,97,M+V+MP,0.0,0,110,0.0
tier3,2022,28,98765,98,L+V+MP,0.0,0,58,0.0
tier3,2022,28,98765,99,M+L+V+MP,0.0,0,126,0.0
tier3,2022,28,98765,100,C+V+MP,0.0,0,66,0.0
tier3,2022,28,98765,101,M+C+V+MP,0.0,0,134,0.0
tier3,2022,28,98765,102,L+C+V+MP,0.0,0,82,0.0
tier3,2022,28,98765,103,M+L+C+V+MP,5e-05,0,150,2.5e-09
tier3,2022,28,98765,104,KD+V+MP,0.0,0,61,0.0
tier3,2022,28,98765,105,M+KD+V+MP,0.0,0,129,0.0
tier3,2022,28,98765,106,L+KD+V+MP,0.0,0,77,0.0
tier3,2022,28,98765,107,M+L+KD+V+MP,0.0,0,145,0.0
tier3,2022,28,98765,108,C+KD+V+MP,0.0,0,85,0.0
tier3,2022,28,98765,109,M+C+KD+V+MP,0.00135,0,153,1.8225000000000001e-06
tier3,2022,28,98765,110,L+C+KD+V+MP,0.0,0,101,0.0
tier3,2022,28,98765,111,M+L+C+KD+V+MP,0.58535,0,169,0.34263462250000004
tier3,2022,28,98765,112,S+V+MP,0.0,0,149,0.0
tier3,2022,28,98765,113,M+S+V+MP,1.0,1,217,0.0
tier3,2022,28,98765,114,L+S+V+MP,0.3224,0,165,0.10394176000000001
tier3,2022,28,98765,115,M+L+S+V+MP,1.0,1,233,0.0
tier3,2022,28,98765,116,C+S+V+MP,0.6055,0,173,0.36663025000000005
tier3,2022,28,98765,117,M+C+S+V+MP,1.0,1,241,0.0
tier3,2022,28,98765,118,L+C+S+V+MP,0.9862,1,189,0.00019044000000000095
tier3,2022,28,98765,119,M+L+C+S+V+MP,1.0,1,257,0.0
tier3,2022,28,98765,120,KD+S+V+MP,0.55815,0,168,0.31153142250000004
tier3,2022,28,98765,121,M+KD+S+V+MP,1.0,1,236,0.0
tier3,2022,28,98765,122,L+KD+S+V+MP,0.982,1,184,0.00032400000000000056
tier3,2022,28,98765,123,M+L+KD+S+V+MP,1.0,1,252,0.0
tier3,2022,28,98765,124,C+KD+S+V+MP,0.99905,1,192,9.025000000000121e-07
tier3,2022,28,98765,125,M+C+KD+S+V+MP,1.0,1,260,0.0
tier3,2022,28,98765,126,L+C+KD+S+V+MP,1.0,1,208,0.0
tier3,2022,28,98765,127,M+L+C+KD+S+V+MP,1.0,1,276,0.0
tier3,2022,28,98765,128,SD,0.0,0,73,0.0
tier3,2022,28,98765,129,M+SD,0.0,0,141,0.0
tier3,2022,28,98765,130,L+SD,0.0,0,89,0.0
tier3,2022,28,98765,131,M+L+SD,0.00095,0,157,9.025e-07
tier3,2022,28,98765,132,C+SD,0.0,0,97,0.0
tier3,2022,28,98765,133,M+C+SD,0.018,0,165,0.00032399999999999996
tier3,2022,28,98765,134,L+C+SD,0.0,0,113,0.0
tier3,2022,28,98765,135,M+L+C+SD,0.44185,1,181,0.31153142249999993
tier3,2022,28,98765,136,KD+SD,0.0,0,92,0.0
tier3,2022,28,98765,137,M+KD+SD,0.0138,0,160,0.00019044
tier3,2022,28,98765,138,L+KD+SD,0.0,0,108,0.0
tier3,2022,28,98765,139,M+L+KD+SD,0.3945,1,176,0.36663024999999994
tier3,2022,28,98765,140,C+KD+SD,0.0,0,116,0.0
tier3,2022,28,98765,141,M+C+KD+SD,0.6776,1,184,0.10394176000000001
tier3,2022,28,98765,142,L+C+KD+SD,0.0,0,132,0.0
tier3,2022,28,98765,143,M+L+C+KD+SD,1.0,1,200,0.0
tier3,2022,28,98765,144,S+SD,0.41465,1,180,0.34263462250000004
tier3,2022,28,98765,145,M+S+SD,1.0,1,248,0.0
tier3,2022,28,98765,146,L+S+SD,0.99865,1,196,1.8224999999998983e-06
tier3,2022,28,98765,147,M+L+S+SD,1.0,1,264,0.0
tier3,2022,28,98765,148,C+S+SD,1.0,1,204,0.0
tier3,2022,28,98765,149,M+C+S+SD,1.0,1,272,0.0
tier3,2022,28,98765,150,L+C+S+SD,1.0,1,220,0.0
tier3,2022,28,98765,151,M+L+C+S+SD,1.0,1,288,0.0
tier3,2022,28,98765,152,KD+S+SD,0.99995,1,199,2.499999999999449e-09
tier3,2022,28,98765,153,M+KD+S+SD,1.0,1,267,0.0
tier3,2022,28,98765,154,L+KD+S+SD,1.0,1,215,0.0
tier3,2022,28,98765,155,M+L+KD+S+SD,1.0,1,283,0.0
tier3,2022,28,98765,156,C+KD+S+SD,1.0,1,223,0.0
tier3,2022,28,98765,157,M+C+KD+S+SD,1.0,1,291,0.0
tier3,2022,28,98765,158,L+C+KD+S+SD,1.0,1,239,0.0
tier3,2022,28,98765,159,M+L+C+KD+S+SD,1.0,1,307,0.0
tier3,2022,28,98765,160,V+SD,0.0,0,97,0.0
tier3,2022,28,98765,161,M+V+SD,0.0999,0,165,0.009980010000000001
tier3,2022,28,98765,162,L+V+SD,0.0,0,113,0.0
tier3,2022,28,98765,163,M+L+V+SD,0.7442,1,181,0.06543364000000002
tier3,2022,28,98765,164,C+V+SD,0.0,0,121,0.0
tier3,2022,28,98765,165,M+C+V+SD,0.87045,1,189,0.016783202500000014
tier3,2022,28,98765,166,L+C+V+SD,0.0,0,137,0.0
tier3,2022,28,98765,167,M+L+C+V+SD,1.0,1,205,0.0
tier3,2022,28,98765,168,KD+V+SD,0.0,0,116,0.0
tier3,2022,28,98765,169,M+KD+V+SD,0.79555,1,184,0.04179980250000001
tier3,2022,28,98765,170,L+KD+V+SD,0.0,0,132,0.0
tier3,2022,28,98765,171,M+L+KD+V+SD,1.0,1,200,0.0
tier3,2022,28,98765,172,C+KD+V+SD,0.0,0,140,0.0
tier3,2022,28,98765,173,M+C+KD+V+SD,1.0,1,208,0.0
tier3,2022,28,98765,174,L+C+KD+V+SD,0.00915,0,156,8.37225e-05
tier3,2022,28,98765,175,M+L+C+KD+V+SD,1.0,1,224,0.0
tier3,2022,28,98765,176,S+V+SD,1.0,1,204,0.0
tier3,2022,28,98765,177,M+S+V+SD,1.0,1,272,0.0
tier3,2022,28,98765,178,L+S+V+SD,1.0,1,220,0.0
tier3,2022,28,98765,179,M+L+S+V+SD,1.0,1,288,0.0
tier3,2022,28,98765,180,C+S+V+SD,1.0,1,228,0.0
tier3,2022,28,98765,181,M+C+S+V+SD,1.0,1,296,0.0
tier3,2022,28,98765,182,L+C+S+V+SD,1.0,1,244,0.0
tier3,2022,28,98765,183,M+L+C+S+V+SD,1.0,1,312,0.0
tier3,2022,28,98765,184,KD+S+V+SD,1.0,1,223,0.0
tier3,2022,28,98765,185,M+KD+S+V+SD,1.0,1,291,0.0
tier3,2022,28,98765,186,L+KD+S+V+SD,1.0,1,239,0.0
tier3,2022,28,98765,187,M+L+KD+S+V+SD,1.0,1,307,0.0
tier3,2022,28,98765,188,C+KD+S+V+SD,1.0,1,247,0.0
tier3,2022,28,98765,189,M+C+KD+S+V+SD,1.0,1,315,0.0
tier3,2022,28,98765,190,L+C+KD+S+V+SD,1.0,1,263,0.0
tier3,2022,28,98765,191,M+L+C+KD+S+V+SD,1.0,1,331,0.0
tier3,2022,28,98765,192,MP+SD,0.0,0,91,0.0
tier3,2022,28,98765,193,M+MP+SD,5e-05,0,159,2.5e-09
tier3,2022,28,98765,194,L+MP+SD,0.0,0,107,0.0
tier3,2022,28,98765,195,M+L+MP+SD,0.1368,1,175,0.7451142399999999
tier3,2022,28,98765,196,C+MP+SD,0.0,0,115,0.0
tier3,2022,28,98765,197,M+C+MP+SD,0.39475,1,183,0.3663275625000001
tier3,2022,28,98765,198,L+C+MP+SD,0.0,0,131,0.0
tier3,2022,28,98765,199,M+L+C+MP+SD,0.9996,1,199,1.5999999999996475e-07
tier3,2022,28,98765,200,KD+MP+SD,0.0,0,110,0.0
tier3,2022,28,98765,201,M+KD+MP+SD,0.3278,1,178,0.45185284000000003
tier3,2022,28,98765,202,L+KD+MP+SD,0.0,0,126,0.0
tier3,2022,28,98765,203,M+L+KD+MP+SD,0.99925,1,194,5.625000000000427e-07
tier3,2022,28,98765,204,C+KD+MP+SD,0.0,0,134,0.0
tier3,2022,28,98765,205,M+C+KD+MP+SD,1.0,1,202,0.0
tier3,2022,28,98765,206,L+C+KD+MP+SD,0.0,0,150,0.0
tier3,2022,28,98765,207,M+L+C+KD+MP+SD,1.0,1,218,0.0
tier3,2022,28,98765,208,S+MP+SD,0.9999,1,198,9.999999999997797e-09
tier3,2022,28,98765,209,M+S+MP+SD,1.0,1,266,0.0
tier3,2022,28,98765,210,L+S+MP+SD,1.0,1,214,0.0
tier3,2022,28,98765,211,M+L+S+MP+SD,1.0,1,282,0.0
tier3,2022,28,98765,212,C+S+MP+SD,1.0,1,222,0.0
tier3,2022,28,98765,213,M+C+S+MP+SD,1.0,1,290,0.0
tier3,2022,28,98765,214,L+C+S+MP+SD,1.0,1,238,0.0
tier3,2022,28,98765,215,M+L+C+S+MP+SD,1.0,1,306,0.0
tier3,2022,28,98765,216,KD+S+MP+SD,1.0,1,217,0.0
tier3,2022,28,98765,217,M+KD+S+MP+SD,1.0,1,285,0.0
tier3,2022,28,98765,218,L+KD+S+MP+SD,1.0,1,233,0.0
tier3,2022,28,98765,219,M+L+KD+S+MP+SD,1.0,1,301,0.0
tier3,2022,28,98765,220,C+KD+S+MP+SD,1.0,1,241,0.0
tier3,2022,28,98765,221,M+C+KD+S+MP+SD,1.0,1,309,0.0
tier3,2022,28,98765,222,L+C+KD+S+MP+SD,1.0,1,257,0.0
tier3,2022,28,98765,223,M+L+C+KD+S+MP+SD,1.0,1,325,0.0
tier3,2022,28,98765,224,V+MP+SD,0.0,0,115,0.0
tier3,2022,28,98765,225,M+V+MP+SD,0.73525,1,183,0.07009256250000002
tier3,2022,28,98765,226,L+V+MP+SD,0.0,0,131,0.0
tier3,2022,28,98765,227,M+L+V+MP+SD,1.0,1,199,0.0
tier3,2022,28,98765,228,C+V+MP+SD,0.0,0,139,0.0
tier3,2022,28,98765,229,M+C+V+MP+SD,1.0,1,207,0.0
tier3,2022,28,98765,230,L+C+V+MP+SD,0.0055,0,155,3.0249999999999997e-05
tier3,2022,28,98765,231,M+L+C+V+MP+SD,1.0,1,223,0.0
tier3,2022,28,98765,232,KD+V+MP+SD,0.0,0,134,0.0
tier3,2022,28,98765,233,M+KD+V+MP+SD,1.0,1,202,0.0
tier3,2022,28,98765,234,L+KD+V+MP+SD,0.0001,0,150,1e-08
tier3,2022,28,98765,235,M+L+KD+V+MP+SD,1.0,1,218,0.0
tier3,2022,28,98765,236,C+KD+V+MP+SD,0.00525,0,158,2.7562500000000002e-05
tier3,2022,28,98765,237,M+C+KD+V+MP+SD,1.0,1,226,0.0
tier3,2022,28,98765,238,L+C+KD+V+MP+SD,0.68525,0,174,0.46956756250000004
tier3,2022,28,98765,239,M+L+C+KD+V+MP+SD,1.0,1,242,0.0
tier3,2022,28,98765,240,S+V+MP+SD,1.0,1,222,0.0
tier3,2022,28,98765,241,M+S+V+MP+SD,1.0,1,290,0.0
tier3,2022,28,98765,242,L+S+V+MP+SD,1.0,1,238,0.0
tier3,2022,28,98765,243,M+L+S+V+MP+SD,1.0,1,306,0.0
tier3,2022,28,98765,244,C+S+V+MP+SD,1.0,1,246,0.0
tier3,2022,28,98765,245,M+C+S+V+MP+SD,1.0,1,314,0.0
tier3,2022,28,98765,246,L+C+S+V+MP+SD,1.0,1,262,0.0
tier3,2022,28,98765,247,M+L+C+S+V+MP+SD,1.0,1,330,0.0
tier3,2022,28,98765,248,KD+S+V+MP+SD,1.0,1,241,0.0
tier3,2022,28,98765,249,M+KD+S+V+MP+SD,1.0,1,309,0.0
tier3,2022,28,98765,250,L+KD+S+V+MP+SD,1.0,1,257,0.0
tier3,2022,28,98765,251,M+L+KD+S+V+MP+SD,1.0,1,325,0.0
tier3,2022,28,98765,252,C+KD+S+V+MP+SD,1.0,1,265,0.0
tier3,2022,28,98765,253,M+C+KD+S+V+MP+SD,1.0,1,333,0.0
tier3,2022,28,98765,254,L+C+KD+S+V+MP+SD,1.0,1,281,0.0
tier3,2022,28,54321,1,M,0.0,0,68,0.0
tier3,2022,28,54321,2,L,0.0,0,16,0.0
tier3,2022,28,54321,3,M+L,0.0,0,84,0.0
tier3,2022,28,54321,4,C,0.0,0,24,0.0
tier3,2022,28,54321,5,M+C,0.0,0,92,0.0
tier3,2022,28,54321,6,L+C,0.0,0,40,0.0
tier3,2022,28,54321,7,M+L+C,0.0,0,108,0.0
tier3,2022,28,54321,8,KD,0.0,0,19,0.0
tier3,2022,28,54321,9,M+KD,0.0,0,87,0.0
tier3,2022,28,54321,10,L+KD,0.0,0,35,0.0
tier3,2022,28,54321,11,M+L+KD,0.0,0,103,0.0
tier3,2022,28,54321,12,C+KD,0.0,0,43,0.0
tier3,2022,28,54321,13,M+C+KD,0.0,0,111,0.0
tier3,2022,28,54321,14,L+C+KD,0.0,0,59,0.0
tier3,2022,28,54321,15,M+L+C+KD,0.0,0,127,0.0
tier3,2022,28,54321,16,S,0.0,0,107,0.0
tier3,2022,28,54321,17,M+S,0.3119,1,175,0.4734816099999999
tier3,2022,28,54321,18,L+S,0.0,0,123,0.0
tier3,2022,28,54321,19,M+L+S,0.9957,1,191,1.8489999999999747e-05
tier3,2022,28,54321,20,C+S,0.0,0,131,0.0
tier3,2022,28,54321,21,M+C+S,0.99995,1,199,2.499999999999449e-09
tier3,2022,28,54321,22,L+C+S,0.0,0,147,0.0
tier3,2022,28,54321,23,M+L+C+S,1.0,1,215,0.0
tier3,2022,28,54321,24,KD+S,0.0,0,126,0.0
tier3,2022,28,54321,25,M+KD+S,0.9939,1,194,3.720999999999993e-05
tier3,2022,28,54321,26,L+KD+S,0.0,0,142,0.0
tier3,2022,28,54321,27,M+L+KD+S,1.0,1,210,0.0
tier3,2022,28,54321,28,C+KD+S,0.0,0,150,0.0
tier3,2022,28,54321,29,M+C+KD+S,1.0,1,218,0.0
tier3,2022,28,54321,30,L+C+KD+S,0.26205,0,166,0.0686702025
tier3,2022,28,54321,31,M+L+C+KD+S,1.0,1,234,0.0
tier3,2022,28,54321,32,V,0.0,0,24,0.0
tier3,2022,28,54321,33,M+V,0.0,0,92,0.0
tier3,2022,28,54321,34,L+V,0.0,0,40,0.0
tier3,2022,28,54321,35,M+L+V,0.0,0,108,0.0
tier3,2022,28,54321,36,C+V,0.0,0,48,0.0
tier3,2022,28,54321,37,M+C+V,0.0,0,116,0.0
tier3,2022,28,54321,38,L+C+V,0.0,0,64,0.0
tier3,2022,28,54321,39,M+L+C+V,0.0,0,132,0.0
tier3,2022,28,54321,40,KD+V,0.0,0,43,0.0
tier3,2022,28,54321,41,M+KD+V,0.0,0,111,0.0
tier3,2022,28,54321,42,L+KD+V,0.0,0,59,0.0
tier3,2022,28,54321,43,M+L+KD+V,0.0,0,127,0.0
tier3,2022,28,54321,44,C+KD+V,0.0,0,67,0.0
tier3,2022,28,54321,45,M+C+KD+V,0.0,0,135,0.0
tier3,2022,28,54321,46,L+C+KD+V,0.0,0,83,0.0
tier3,2022,28,54321,47,M+L+C+KD+V,0.0001,0,151,1e-08
tier3,2022,28,54321,48,S+V,0.0,0,131,0.0
tier3,2022,28,54321,49,M+S+V,1.0,1,199,0.0
tier3,2022,28,54321,50,L+S+V,0.0,0,147,0.0
tier3,2022,28,54321,51,M+L+S+V,1.0,1,215,0.0
tier3,2022,28,54321,52,C+S+V,0.00045,0,155,2.025e-07
tier3,2022,28,54321,53,M+C+S+V,1.0,1,223,0.0
tier3,2022,28,54321,54,L+C+S+V,0.67575,0,171,0.45663806249999994
tier3,2022,28,54321,55,M+L+C+S+V,1.0,1,239,0.0
tier3,2022,28,54321,56,KD+S+V,0.0003,0,150,8.999999999999999e-08
tier3,2022,28,54321,57,M+KD+S+V,1.0,1,218,0.0
tier3,2022,28,54321,58,L+KD+S+V,0.6042,0,166,0.36505763999999996
tier3,2022,28,54321,59,M+L+KD+S+V,1.0,1,234,0.0
tier3,2022,28,54321,60,C+KD+S+V,0.86445,0,174,0.7472738025000001
tier3,2022,28,54321,61,M+C+KD+S+V,1.0,1,242,0.0
tier3,2022,28,54321,62,L+C+KD+S+V,0.99985,1,190,2.2499999999995043e-08
tier3,2022,28,54321,63,M+L+C+KD+S+V,1.0,1,258,0.0
tier3,2022,28,54321,64,MP,0.0,0,18,0.0
tier3,2022,28,54321,65,M+MP,0.0,0,86,0.0
tier3,2022,28,54321,66,L+MP,0.0,0,34,0.0
tier3,2022,28,54321,67,M+L+MP,0.0,0,102,0.0
tier3,2022,28,54321,68,C+MP,0.0,0,42,0.0
tier3,2022,28,54321,69,M+C+MP,0.0,0,110,0.0
tier3,2022,28,54321,70,L+C+MP,0.0,0,58,0.0
tier3,2022,28,54321,71,M+L+C+MP,0.0,0,126,0.0
tier3,2022,28,54321,72,KD+MP,0.0,0,37,0.0
tier3,2022,28,54321,73,M+KD+MP,0.0,0,105,0.0
tier3,2022,28,54321,74,L+KD+MP,0.0,0,53,0.0
tier3,2022,28,54321,75,M+L+KD+MP,0.0,0,121,0.0
tier3,2022,28,54321,76,C+KD+MP,0.0,0,61,0.0
tier3,2022,28,54321,77,M+C+KD+MP,0.0,0,129,0.0
tier3,2022,28,54321,78,L+C+KD+MP,0.0,0,77,0.0
tier3,2022,28,54321,79,M+L+C+KD+MP,0.0,0,145,0.0
tier3,2022,28,54321,80,S+MP,0.0,0,125,0.0
tier3,2022,28,54321,81,M+S+MP,0.99,1,193,0.00010000000000000018
tier3,2022,28,54321,82,L+S+MP,0.0,0,141,0.0
tier3,2022,28,54321,83,M+L+S+MP,1.0,1,209,0.0
tier3,2022,28,54321,84,C+S+MP,0.0,0,149,0.0
tier3,2022,28,54321,85,M+C+S+MP,1.0,1,217,0.0
tier3,2022,28,54321,86,L+C+S+MP,0.20025,0,165,0.040100062500000005
tier3,2022,28,54321,87,M+L+C+S+MP,1.0,1,233,0.0
tier3,2022,28,54321,88,KD+S+MP,0.0,0,144,0.0
tier3,2022,28,54321,89,M+KD+S+MP,1.0,1,212,0.0
tier3,2022,28,54321,90,L+KD+S+MP,0.1229,0,160,0.015104409999999999
tier3,2022,28,54321,91,M+L+KD+S+MP,1.0,1,228,0.0
tier3,2022,28,54321,92,C+KD+S+MP,0.2543,0,168,0.06466849000000001
tier3,2022,28,54321,93,M+C+KD+S+MP,1.0,1,236,0.0
tier3,2022,28,54321,94,L+C+KD+S+MP,0.90025,1,184,0.0099500625
tier3,2022,28,54321,95,M+L+C+KD+S+MP,1.0,1,252,0.0
tier3,2022,28,54321,96,V+MP,0.0,0,42,0.0
tier3,2022,28,54321,97,M+V+MP,0.0,0,110,0.0
tier3,2022,28,54321,98,L+V+MP,0.0,0,58,0.0
tier3,2022,28,54321,99,M+L+V+MP,0.0,0,126,0.0
tier3,2022,28,54321,100,C+V+MP,0.0,0,66,0.0
tier3,2022,28,54321,101,M+C+V+MP,0.0,0,134,0.0
tier3,2022,28,54321,102,L+C+V+MP,0.0,0,82,0.0
tier3,2022,28,54321,103,M+L+C+V+MP,0.0,0,150,0.0
tier3,2022,28,54321,104,KD+V+MP,0.0,0,61,0.0
tier3,2022,28,54321,105,M+KD+V+MP,0.0,0,129,0.0
tier3,2022,28,54321,106,L+KD+V+MP,0.0,0,77,0.0
tier3,2022,28,54321,107,M+L+KD+V+MP,0.0,0,145,0.0
tier3,2022,28,54321,108,C+KD+V+MP,0.0,0,85,0.0
tier3,2022,28,54321,109,M+C+KD+V+MP,0.00135,0,153,1.8225000000000001e-06
tier3,2022,28,54321,110,L+C+KD+V+MP,0.0,0,101,0.0
tier3,2022,28,54321,111,M+L+C+KD+V+MP,0.5872,0,169,0.3448038400000001
tier3,2022,28,54321,112,S+V+MP,0.0,0,149,0.0
tier3,2022,28,54321,113,M+S+V+MP,1.0,1,217,0.0
tier3,2022,28,54321,114,L+S+V+MP,0.31815,0,165,0.10121942249999999
tier3,2022,28,54321,115,M+L+S+V+MP,1.0,1,233,0.0
tier3,2022,28,54321,116,C+S+V+MP,0.607,0,173,0.36844899999999997
tier3,2022,28,54321,117,M+C+S+V+MP,1.0,1,241,0.0
tier3,2022,28,54321,118,L+C+S+V+MP,0.98595,1,189,0.0001974025000000002
tier3,2022,28,54321,119,M+L+C+S+V+MP,1.0,1,257,0.0
tier3,2022,28,54321,120,KD+S+V+MP,0.5565,0,168,0.30969225
tier3,2022,28,54321,121,M+KD+S+V+MP,1.0,1,236,0.0
tier3,2022,28,54321,122,L+KD+S+V+MP,0.9825,1,184,0.0003062499999999986
tier3,2022,28,54321,123,M+L+KD+S+V+MP,1.0,1,252,0.0
tier3,2022,28,54321,124,C+KD+S+V+MP,0.9988,1,192,1.4399999999999494e-06
tier3,2022,28,54321,125,M+C+KD+S+V+MP,1.0,1,260,0.0
tier3,2022,28,54321,126,L+C+KD+S+V+MP,1.0,1,208,0.0
tier3,2022,28,54321,127,M+L+C+KD+S+V+MP,1.0,1,276,0.0
tier3,2022,28,54321,128,SD,0.0,0,73,0.0
tier3,2022,28,54321,129,M+SD,0.0,0,141,0.0
tier3,2022,28,54321,130,L+SD,0.0,0,89,0.0
tier3,2022,28,54321,131,M+L+SD,0.0012,0,157,1.4399999999999998e-06
tier3,2022,28,54321,132,C+SD,0.0,0,97,0.0
tier3,2022,28,54321,133,M+C+SD,0.0175,0,165,0.00030625000000000004
tier3,2022,28,54321,134,L+C+SD,0.0,0,113,0.0
tier3,2022,28,54321,135,M+L+C+SD,0.4435,1,181,0.30969225
tier3,2022,28,54321,136,KD+SD,0.0,0,92,0.0
tier3,2022,28,54321,137,M+KD+SD,0.01405,0,160,0.0001974025
tier3,2022,28,54321,138,L+KD+SD,0.0,0,108,0.0
tier3,2022,28,54321,139,M+L+KD+SD,0.393,1,176,0.36844899999999997
tier3,2022,28,54321,140,C+KD+SD,0.0,0,116,0.0
tier3,2022,28,54321,141,M+C+KD+SD,0.68185,1,184,0.10121942250000003
tier3,2022,28,54321,142,L+C+KD+SD,0.0,0,132,0.0
tier3,2022,28,54321,143,M+L+C+KD+SD,1.0,1,200,0.0
tier3,2022,28,54321,144,S+SD,0.4128,1,180,0.3448038399999999
tier3,2022,28,54321,145,M+S+SD,1.0,1,248,0.0
tier3,2022,28,54321,146,L+S+SD,0.99865,1,196,1.8224999999998983e-06
tier3,2022,28,54321,147,M+L+S+SD,1.0,1,264,0.0
tier3,2022,28,54321,148,C+S+SD,1.0,1,204,0.0
tier3,2022,28,54321,149,M+C+S+SD,1.0,1,272,0.0
tier3,2022,28,54321,150,L+C+S+SD,1.0,1,220,0.0
tier3,2022,28,54321,151,M+L+C+S+SD,1.0,1,288,0.0
tier3,2022,28,54321,152,KD+S+SD,1.0,1,199,0.0
tier3,2022,28,54321,153,M+KD+S+SD,1.0,1,267,0.0
tier3,2022,28,54321,154,L+KD+S+SD,1.0,1,215,0.0
tier3,2022,28,54321,155,M+L+KD+S+SD,1.0,1,283,0.0
tier3,2022,28,54321,156,C+KD+S+SD,1.0,1,223,0.0
tier3,2022,28,54321,157,M+C+KD+S+SD,1.0,1,291,0.0
tier3,2022,28,54321,158,L+C+KD+S+SD,1.0,1,239,0.0
tier3,2022,28,54321,159,M+L+C+KD+S+SD,1.0,1,307,0.0
tier3,2022,28,54321,160,V+SD,0.0,0,97,0.0
tier3,2022,28,54321,161,M+V+SD,0.09975,0,165,0.0099500625
tier3,2022,28,54321,162,L+V+SD,0.0,0,113,0.0
tier3,2022,28,54321,163,M+L+V+SD,0.7457,1,181,0.06466848999999998
tier3,2022,28,54321,164,C+V+SD,0.0,0,121,0.0
tier3,2022,28,54321,165,M+C+V+SD,0.8771,1,189,0.015104410000000002
tier3,2022,28,54321,166,L+C+V+SD,0.0,0,137,0.0
tier3,2022,28,54321,167,M+L+C+V+SD,1.0,1,205,0.0
tier3,2022,28,54321,168,KD+V+SD,0.0,0,116,0.0
tier3,2022,28,54321,169,M+KD+V+SD,0.79975,1,184,0.04010006250000001
tier3,2022,28,54321,170,L+KD+V+SD,0.0,0,132,0.0
tier3,2022,28,54321,171,M+L+KD+V+SD,1.0,1,200,0.0
tier3,2022,28,54321,172,C+KD+V+SD,0.0,0,140,0.0
tier3,2022,28,54321,173,M+C+KD+V+SD,1.0,1,208,0.0
tier3,2022,28,54321,174,L+C+KD+V+SD,0.01,0,156,0.0001
tier3,2022,28,54321,175,M+L+C+KD+V+SD,1.0,1,224,0.0
tier3,2022,28,54321,176,S+V+SD,1.0,1,204,0.0
tier3,2022,28,54321,177,M+S+V+SD,1.0,1,272,0.0
tier3,2022,28,54321,178,L+S+V+SD,1.0,1,220,0.0
tier3,2022,28,54321,179,M+L+S+V+SD,1.0,1,288,0.0
tier3,2022,28,54321,180,C+S+V+SD,1.0,1,228,0.0
tier3,2022,28,54321,181,M+C+S+V+SD,1.0,1,296,0.0
tier3,2022,28,54321,182,L+C+S+V+SD,1.0,1,244,0.0
tier3,2022,28,54321,183,M+L+C+S+V+SD,1.0,1,312,0.0
tier3,2022,28,54321,184,KD+S+V+SD,1.0,1,223,0.0
tier3,2022,28,54321,185,M+KD+S+V+SD,1.0,1,291,0.0
tier3,2022,28,54321,186,L+KD+S+V+SD,1.0,1,239,0.0
tier3,2022,28,54321,187,M+L+KD+S+V+SD,1.0,1,307,0.0
tier3,2022,28,54321,188,C+KD+S+V+SD,1.0,1,247,0.0
tier3,2022,28,54321,189,M+C+KD+S+V+SD,1.0,1,315,0.0
tier3,2022,28,54321,190,L+C+KD+S+V+SD,1.0,1,263,0.0
tier3,2022,28,54321,191,M+L+C+KD+S+V+SD,1.0,1,331,0.0
tier3,2022,28,54321,192,MP+SD,0.0,0,91,0.0
tier3,2022,28,54321,193,M+MP+SD,0.00015,0,159,2.2499999999999996e-08
tier3,2022,28,54321,194,L+MP+SD,0.0,0,107,0.0
tier3,2022,28,54321,195,M+L+MP+SD,0.13555,1,175,0.7472738024999999
tier3,2022,28,54321,196,C+MP+SD,0.0,0,115,0.0
tier3,2022,28,54321,197,M+C+MP+SD,0.3958,1,183,0.36505764000000007
tier3,2022,28,54321,198,L+C+MP+SD,0.0,0,131,0.0
tier3,2022,28,54321,199,M+L+C+MP+SD,0.9997,1,199,8.999999999998017e-08
tier3,2022,28,54321,200,KD+MP+SD,0.0,0,110,0.0
tier3,2022,28,54321,201,M+KD+MP+SD,0.32425,1,178,0.4566380625000001
tier3,2022,28,54321,202,L+KD+MP+SD,0.0,0,126,0.0
tier3,2022,28,54321,203,M+L+KD+MP+SD,0.99955,1,194,2.024999999999554e-07
tier3,2022,28,54321,204,C+KD+MP+SD,0.0,0,134,0.0
tier3,2022,28,54321,205,M+C+KD+MP+SD,1.0,1,202,0.0
tier3,2022,28,54321,206,L+C+KD+MP+SD,0.0,0,150,0.0
tier3,2022,28,54321,207,M+L+C+KD+MP+SD,1.0,1,218,0.0
tier3,2022,28,54321,208,S+MP+SD,0.9999,1,198,9.999999999997797e-09
tier3,2022,28,54321,209,M+S+MP+SD,1.0,1,266,0.0
tier3,2022,28,54321,210,L+S+MP+SD,1.0,1,214,0.0
tier3,2022,28,54321,211,M+L+S+MP+SD,1.0,1,282,0.0
tier3,2022,28,54321,212,C+S+MP+SD,1.0,1,222,0.0
tier3,2022,28,54321,213,M+C+S+MP+SD,1.0,1,290,0.0
tier3,2022,28,54321,214,L+C+S+MP+SD,1.0,1,238,0.0
tier3,2022,28,54321,215,M+L+C+S+MP+SD,1.0,1,306,0.0
tier3,2022,28,54321,216,KD+S+MP+SD,1.0,1,217,0.0
tier3,2022,28,54321,217,M+KD+S+MP+SD,1.0,1,285,0.0
tier3,2022,28,54321,218,L+KD+S+MP+SD,1.0,1,233,0.0
tier3,2022,28,54321,219,M+L+KD+S+MP+SD,1.0,1,301,0.0
tier3,2022,28,54321,220,C+KD+S+MP+SD,1.0,1,241,0.0
tier3,2022,28,54321,221,M+C+KD+S+MP+SD,1.0,1,309,0.0
tier3,2022,28,54321,222,L+C+KD+S+MP+SD,1.0,1,257,0.0
tier3,2022,28,54321,223,M+L+C+KD+S+MP+SD,1.0,1,325,0.0
tier3,2022,28,54321,224,V+MP+SD,0.0,0,115,0.0
tier3,2022,28,54321,225,M+V+MP+SD,0.73795,1,183,0.0686702025
tier3,2022,28,54321,226,L+V+MP+SD,0.0,0,131,0.0
tier3,2022,28,54321,227,M+L+V+MP+SD,1.0,1,199,0.0
tier3,2022,28,54321,228,C+V+MP+SD,0.0,0,139,0.0
tier3,2022,28,54321,229,M+C+V+MP+SD,1.0,1,207,0.0
tier3,2022,28,54321,230,L+C+V+MP+SD,0.0061,0,155,3.7210000000000005e-05
tier3,2022,28,54321,231,M+L+C+V+MP+SD,1.0,1,223,0.0
tier3,2022,28,54321,232,KD+V+MP+SD,0.0,0,134,0.0
tier3,2022,28,54321,233,M+KD+V+MP+SD,1.0,1,202,0.0
tier3,2022,28,54321,234,L+KD+V+MP+SD,5e-05,0,150,2.5e-09
tier3,2022,28,54321,235,M+L+KD+V+MP+SD,1.0,1,218,0.0
tier3,2022,28,54321,236,C+KD+V+MP+SD,0.0043,0,158,1.849e-05
tier3,2022,28,54321,237,M+C+KD+V+MP+SD,1.0,1,226,0.0
tier3,2022,28,54321,238,L+C+KD+V+MP+SD,0.6881,0,174,0.47348161000000005
tier3,2022,28,54321,239,M+L+C+KD+V+MP+SD,1.0,1,242,0.0
tier3,2022,28,54321,240,S+V+MP+SD,1.0,1,222,0.0
tier3,2022,28,54321,241,M+S+V+MP+SD,1.0,1,290,0.0
tier3,2022,28,54321,242,L+S+V+MP+SD,1.0,1,238,0.0
tier3,2022,28,54321,243,M+L+S+V+MP+SD,1.0,1,306,0.0
tier3,2022,28,54321,244,C+S+V+MP+SD,1.0,1,246,0.0
tier3,2022,28,54321,245,M+C+S+V+MP+SD,1.0,1,314,0.0
tier3,2022,28,54321,246,L+C+S+V+MP+SD,1.0,1,262,0.0
tier3,2022,28,54321,247,M+L+C+S+V+MP+SD,1.0,1,330,0.0
tier3,2022,28,54321,248,KD+S+V+MP+SD,1.0,1,241,0.0
tier3,2022,28,54321,249,M+KD+S+V+MP+SD,1.0,1,309,0.0
tier3,2022,28,54321,250,L+KD+S+V+MP+SD,1.0,1,257,0.0
tier3,2022,28,54321,251,M+L+KD+S+V+MP+SD,1.0,1,325,0.0
tier3,2022,28,54321,252,C+KD+S+V+MP+SD,1.0,1,265,0.0
tier3,2022,28,54321,253,M+C+KD+S+V+MP+SD,1.0,1,333,0.0
tier3,2022,28,54321,254,L+C+KD+S+V+MP+SD,1.0,1,281,0.0
tier3,2022,28,13579,1,M,0.0,0,68,0.0
tier3,2022,28,13579,2,L,0.0,0,16,0.0
tier3,2022,28,13579,3,M+L,0.0,0,84,0.0
tier3,2022,28,13579,4,C,0.0,0,24,0.0
tier3,2022,28,13579,5,M+C,0.0,0,92,0.0
tier3,2022,28,13579,6,L+C,0.0,0,40,0.0
tier3,2022,28,13579,7,M+L+C,0.0,0,108,0.0
tier3,2022,28,13579,8,KD,0.0,0,19,0.0
tier3,2022,28,13579,9,M+KD,0.0,0,87,0.0
tier3,2022,28,13579,10,L+KD,0.0,0,35,0.0
tier3,2022,28,13579,11,M+L+KD,0.0,0,103,0.0
tier3,2022,28,13579,12,C+KD,0.0,0,43,0.0
tier3,2022,28,13579,13,M+C+KD,0.0,0,111,0.0
tier3,2022,28,13579,14,L+C+KD,0.0,0,59,0.0
tier3,2022,28,13579,15,M+L+C+KD,0.0,0,127,0.0
tier3,2022,28,13579,16,S,0.0,0,107,0.0
tier3,2022,28,13579,17,M+S,0.3163,1,175,0.46744568999999997
tier3,2022,28,13579,18,L+S,0.0,0,123,0.0
tier3,2022,28,13579,19,M+L+S,0.9941,1,191,3.481000000000019e-05
tier3,2022,28,13579,20,C+S,0.0,0,131,0.0
tier3,2022,28,13579,21,M+C+S,0.99975,1,199,6.249999999998623e-08
tier3,2022,28,13579,22,L+C+S,0.0,0,147,0.0
tier3,2022,28,13579,23,M+L+C+S,1.0,1,215,0.0
tier3,2022,28,13579,24,KD+S,0.0,0,126,0.0
tier3,2022,28,13579,25,M+KD+S,0.99465,1,194,2.8622499999999637e-05
tier3,2022,28,13579,26,L+KD+S,0.0,0,142,0.0
tier3,2022,28,13579,27,M+L+KD+S,1.0,1,210,0.0
tier3,2022,28,13579,28,C+KD+S,0.0,0,150,0.0
tier3,2022,28,13579,29,M+C+KD+S,1.0,1,218,0.0
tier3,2022,28,13579,30,L+C+KD+S,0.26715,0,166,0.07136912249999999
tier3,2022,28,13579,31,M+L+C+KD+S,1.0,1,234,0.0
tier3,2022,28,13579,32,V,0.0,0,24,0.0
tier3,2022,28,13579,33,M+V,0.0,0,92,0.0
tier3,2022,28,13579,34,L+V,0.0,0,40,0.0
tier3,2022,28,13579,35,M+L+V,0.0,0,108,0.0
tier3,2022,28,13579,36,C+V,0.0,0,48,0.0
tier3,2022,28,13579,37,M+C+V,0.0,0,116,0.0
tier3,2022,28,13579,38,L+C+V,0.0,0,64,0.0
tier3,2022,28,13579,39,M+L+C+V,0.0,0,132,0.0
tier3,2022,28,13579,40,KD+V,0.0,0,43,0.0
tier3,2022,28,13579,41,M+KD+V,0.0,0,111,0.0
tier3,2022,28,13579,42,L+KD+V,0.0,0,59,0.0
tier3,2022,28,13579,43,M+L+KD+V,0.0,0,127,0.0
tier3,2022,28,13579,44,C+KD+V,0.0,0,67,0.0
tier3,2022,28,13579,45,M+C+KD+V,0.0,0,135,0.0
tier3,2022,28,13579,46,L+C+KD+V,0.0,0,83,0.0
tier3,2022,28,13579,47,M+L+C+KD+V,0.00015,0,151,2.2499999999999996e-08
tier3,2022,28,13579,48,S+V,0.0,0,131,0.0
tier3,2022,28,13579,49,M+S+V,1.0,1,199,0.0
tier3,2022,28,13579,50,L+S+V,5e-05,0,147,2.5e-09
tier3,2022,28,13579,51,M+L+S+V,1.0,1,215,0.0
tier3,2022,28,13579,52,C+S+V,0.00095,0,155,9.025e-07
tier3,2022,28,13579,53,M+C+S+V,1.0,1,223,0.0
tier3,2022,28,13579,54,L+C+S+V,0.6775,0,171,0.45900625
tier3,2022,28,13579,55,M+L+C+S+V,1.0,1,239,0.0
tier3,2022,28,13579,56,KD+S+V,0.0002,0,150,4e-08
tier3,2022,28,13579,57,M+KD+S+V,1.0,1,218,0.0
tier3,2022,28,13579,58,L+KD+S+V,0.6071,0,166,0.36857040999999996
tier3,2022,28,13579,59,M+L+KD+S+V,1.0,1,234,0.0
tier3,2022,28,13579,60,C+KD+S+V,0.8629,0,174,0.74459641
tier3,2022,28,13579,61,M+C+KD+S+V,1.0,1,242,0.0
tier3,2022,28,13579,62,L+C+KD+S+V,0.99995,1,190,2.499999999999449e-09
tier3,2022,28,13579,63,M+L+C+KD+S+V,1.0,1,258,0.0
tier3,2022,28,13579,64,MP,0.0,0,18,0.0
tier3,2022,28,13579,65,M+MP,0.0,0,86,0.0
tier3,2022,28,13579,66,L+MP,0.0,0,34,0.0
tier3,2022,28,13579,67,M+L+MP,0.0,0,102,0.0
tier3,2022,28,13579,68,C+MP,0.0,0,42,0.0
tier3,2022,28,13579,69,M+C+MP,0.0,0,110,0.0
tier3,2022,28,13579,70,L+C+MP,0.0,0,58,0.0
tier3,2022,28,13579,71,M+L+C+MP,0.0,0,126,0.0
tier3,2022,28,13579,72,KD+MP,0.0,0,37,0.0
tier3,2022,28,13579,73,M+KD+MP,0.0,0,105,0.0
tier3,2022,28,13579,74,L+KD+MP,0.0,0,53,0.0
tier3,2022,28,13579,75,M+L+KD+MP,0.0,0,121,0.0
tier3,2022,28,13579,76,C+KD+MP,0.0,0,61,0.0
tier3,2022,28,13579,77,M+C+KD+MP,0.0,0,129,0.0
tier3,2022,28,13579,78,L+C+KD+MP,0.0,0,77,0.0
tier3,2022,28,13579,79,M+L+C+KD+MP,0.0,0,145,0.0
tier3,2022,28,13579,80,S+MP,0.0,0,125,0.0
tier3,2022,28,13579,81,M+S+MP,0.9915,1,193,7.224999999999918e-05
tier3,2022,28,13579,82,L+S+MP,0.0,0,141,0.0
tier3,2022,28,13579,83,M+L+S+MP,1.0,1,209,0.0
tier3,2022,28,13579,84,C+S+MP,0.0,0,149,0.0
tier3,2022,28,13579,85,M+C+S+MP,1.0,1,217,0.0
tier3,2022,28,13579,86,L+C+S+MP,0.20445,0,165,0.0417998025
tier3,2022,28,13579,87,M+L+C+S+MP,1.0,1,233,0.0
tier3,2022,28,13579,88,KD+S+MP,0.0,0,144,0.0
tier3,2022,28,13579,89,M+KD+S+MP,1.0,1,212,0.0
tier3,2022,28,13579,90,L+KD+S+MP,0.13075,0,160,0.0170955625
tier3,2022,28,13579,91,M+L+KD+S+MP,1.0,1,228,0.0
tier3,2022,28,13579,92,C+KD+S+MP,0.25655,0,168,0.0658179025
tier3,2022,28,13579,93,M+C+KD+S+MP,1.0,1,236,0.0
tier3,2022,28,13579,94,L+C+KD+S+MP,0.9015,1,184,0.009702250000000006
tier3,2022,28,13579,95,M+L+C+KD+S+MP,1.0,1,252,0.0
tier3,2022,28,13579,96,V+MP,0.0,0,42,0.0
tier3,2022,28,13579,97,M+V+MP,0.0,0,110,0.0
tier3,2022,28,13579,98,L+V+MP,0.0,0,58,0.0
tier3,2022,28,13579,99,M+L+V+MP,0.0,0,126,0.0
tier3,2022,28,13579,100,C+V+MP,0.0,0,66,0.0
tier3,2022,28,13579,101,M+C+V+MP,0.0,0,134,0.0
tier3,2022,28,13579,102,L+C+V+MP,0.0,0,82,0.0
tier3,2022,28,13579,103,M+L+C+V+MP,0.0001,0,150,1e-08
tier3,2022,28,13579,104,KD+V+MP,0.0,0,61,0.0
tier3,2022,28,13579,105,M+KD+V+MP,0.0,0,129,0.0
tier3,2022,28,13579,106,L+KD+V+MP,0.0,0,77,0.0
tier3,2022,28,13579,107,M+L+KD+V+MP,0.0,0,145,0.0
tier3,2022,28,13579,108,C+KD+V+MP,0.0,0,85,0.0
tier3,2022,28,13579,109,M+C+KD+V+MP,0.00155,0,153,2.4025e-06
tier3,2022,28,13579,110,L+C+KD+V+MP,0.0,0,101,0.0
tier3,2022,28,13579,111,M+L+C+KD+V+MP,0.5801,0,169,0.3365160099999999
tier3,2022,28,13579,112,S+V+MP,0.0,0,149,0.0
tier3,2022,28,13579,113,M+S+V+MP,1.0,1,217,0.0
tier3,2022,28,13579,114,L+S+V+MP,0.3248,0,165,0.10549503999999998
tier3,2022,28,13579,115,M+L+S+V+MP,1.0,1,233,0.0
tier3,2022,28,13579,116,C+S+V+MP,0.6065,0,173,0.36784225000000004
tier3,2022,28,13579,117,M+C+S+V+MP,1.0,1,241,0.0
tier3,2022,28,13579,118,L+C+S+V+MP,0.98705,1,189,0.00016770250000000043
tier3,2022,28,13579,119,M+L+C+S+V+MP,1.0,1,257,0.0
tier3,2022,28,13579,120,KD+S+V+MP,0.5618,0,168,0.31561923999999997
tier3,2022,28,13579,121,M+KD+S+V+MP,1.0,1,236,0.0
tier3,2022,28,13579,122,L+KD+S+V+MP,0.98305,1,184,0.0002873025000000007
tier3,2022,28,13579,123,M+L+KD+S+V+MP,1.0,1,252,0.0
tier3,2022,28,13579,124,C+KD+S+V+MP,0.99885,1,192,1.322499999999964e-06
tier3,2022,28,13579,125,M+C+KD+S+V+MP,1.0,1,260,0.0
tier3,2022,28,13579,126,L+C+KD+S+V+MP,1.0,1,208,0.0
tier3,2022,28,13579,127,M+L+C+KD+S+V+MP,1.0,1,276,0.0
tier3,2022,28,13579,128,SD,0.0,0,73,0.0
tier3,2022,28,13579,129,M+SD,0.0,0,141,0.0
tier3,2022,28,13579,130,L+SD,0.0,0,89,0.0
tier3,2022,28,13579,131,M+L+SD,0.00115,0,157,1.3225e-06
tier3,2022,28,13579,132,C+SD,0.0,0,97,0.0
tier3,2022,28,13579,133,M+C+SD,0.01695,0,165,0.0002873025
tier3,2022,28,13579,134,L+C+SD,0.0,0,113,0.0
tier3,2022,28,13579,135,M+L+C+SD,0.4382,1,181,0.3156192400000001
tier3,2022,28,13579,136,KD+SD,0.0,0,92,0.0
tier3,2022,28,13579,137,M+KD+SD,0.01295,0,160,0.0001677025
tier3,2022,28,13579,138,L+KD+SD,0.0,0,108,0.0
tier3,2022,28,13579,139,M+L+KD+SD,0.3935,1,176,0.36784225000000004
tier3,2022,28,13579,140,C+KD+SD,0.0,0,116,0.0
tier3,2022,28,13579,141,M+C+KD+SD,0.6752,1,184,0.10549503999999998
tier3,2022,28,13579,142,L+C+KD+SD,0.0,0,132,0.0
tier3,2022,28,13579,143,M+L+C+KD+SD,1.0,1,200,0.0
tier3,2022,28,13579,144,S+SD,0.4199,1,180,0.3365160100000001
tier3,2022,28,13579,145,M+S+SD,1.0,1,248,0.0
tier3,2022,28,13579,146,L+S+SD,0.99845,1,196,2.402500000000159e-06
tier3,2022,28,13579,147,M+L+S+SD,1.0,1,264,0.0
tier3,2022,28,13579,148,C+S+SD,1.0,1,204,0.0
tier3,2022,28,13579,149,M+C+S+SD,1.0,1,272,0.0
tier3,2022,28,13579,150,L+C+S+SD,1.0,1,220,0.0
tier3,2022,28,13579,151,M+L+C+S+SD,1.0,1,288,0.0
tier3,2022,28,13579,152,KD+S+SD,0.9999,1,199,9.999999999997797e-09
tier3,2022,28,13579,153,M+KD+S+SD,1.0,1,267,0.0
tier3,2022,28,13579,154,L+KD+S+SD,1.0,1,215,0.0
tier3,2022,28,13579,155,M+L+KD+S+SD,1.0,1,283,0.0
tier3,2022,28,13579,156,C+KD+S+SD,1.0,1,223,0.0
tier3,2022,28,13579,157,M+C+KD+S+SD,1.0,1,291,0.0
tier3,2022,28,13579,158,L+C+KD+S+SD,1.0,1,239,0.0
tier3,2022,28,13579,159,M+L+C+KD+S+SD,1.0,1,307,0.0
tier3,2022,28,13579,160,V+SD,0.0,0,97,0.0
tier3,2022,28,13579,161,M+V+SD,0.0985,0,165,0.00970225
tier3,2022,28,13579,162,L+V+SD,0.0,0,113,0.0
tier3,2022,28,13579,163,M+L+V+SD,0.74345,1,181,0.06581790249999997
tier3,2022,28,13579,164,C+V+SD,0.0,0,121,0.0
tier3,2022,28,13579,165,M+C+V+SD,0.86925,1,189,0.01709556250000001
tier3,2022,28,13579,166,L+C+V+SD,0.0,0,137,0.0
tier3,2022,28,13579,167,M+L+C+V+SD,1.0,1,205,0.0
tier3,2022,28,13579,168,KD+V+SD,0.0,0,116,0.0
tier3,2022,28,13579,169,M+KD+V+SD,0.79555,1,184,0.04179980250000001
tier3,2022,28,13579,170,L+KD+V+SD,0.0,0,132,0.0
tier3,2022,28,13579,171,M+L+KD+V+SD,1.0,1,200,0.0
tier3,2022,28,13579,172,C+KD+V+SD,0.0,0,140,0.0
tier3,2022,28,13579,173,M+C+KD+V+SD,1.0,1,208,0.0
tier3,2022,28,13579,174,L+C+KD+V+SD,0.0085,0,156,7.225000000000001e-05
tier3,2022,28,13579,175,M+L+C+KD+V+SD,1.0,1,224,0.0
tier3,2022,28,13579,176,S+V+SD,1.0,1,204,0.0
tier3,2022,28,13579,177,M+S+V+SD,1.0,1,272,0.0
tier3,2022,28,13579,178,L+S+V+SD,1.0,1,220,0.0
tier3,2022,28,13579,179,M+L+S+V+SD,1.0,1,288,0.0
tier3,2022,28,13579,180,C+S+V+SD,1.0,1,228,0.0
tier3,2022,28,13579,181,M+C+S+V+SD,1.0,1,296,0.0
tier3,2022,28,13579,182,L+C+S+V+SD,1.0,1,244,0.0
tier3,2022,28,13579,183,M+L+C+S+V+SD,1.0,1,312,0.0
tier3,2022,28,13579,184,KD+S+V+SD,1.0,1,223,0.0
tier3,2022,28,13579,185,M+KD+S+V+SD,1.0,1,291,0.0
tier3,2022,28,13579,186,L+KD+S+V+SD,1.0,1,239,0.0
tier3,2022,28,13579,187,M+L+KD+S+V+SD,1.0,1,307,0.0
tier3,2022,28,13579,188,C+KD+S+V+SD,1.0,1,247,0.0
tier3,2022,28,13579,189,M+C+KD+S+V+SD,1.0,1,315,0.0
tier3,2022,28,13579,190,L+C+KD+S+V+SD,1.0,1,263,0.0
tier3,2022,28,13579,191,M+L+C+KD+S+V+SD,1.0,1,331,0.0
tier3,2022,28,13579,192,MP+SD,0.0,0,91,0.0
tier3,2022,28,13579,193,M+MP+SD,5e-05,0,159,2.5e-09
tier3,2022,28,13579,194,L+MP+SD,0.0,0,107,0.0
tier3,2022,28,13579,195,M+L+MP+SD,0.1371,1,175,0.74459641
tier3,2022,28,13579,196,C+MP+SD,0.0,0,115,0.0
tier3,2022,28,13579,197,M+C+MP+SD,0.3929,1,183,0.36857040999999996
tier3,2022,28,13579,198,L+C+MP+SD,0.0,0,131,0.0
tier3,2022,28,13579,199,M+L+C+MP+SD,0.9998,1,199,3.9999999999991186e-08
tier3,2022,28,13579,200,KD+MP+SD,0.0,0,110,0.0
tier3,2022,28,13579,201,M+KD+MP+SD,0.3225,1,178,0.45900625
tier3,2022,28,13579,202,L+KD+MP+SD,0.0,0,126,0.0
tier3,2022,28,13579,203,M+L+KD+MP+SD,0.99905,1,194,9.025000000000121e-07
tier3,2022,28,13579,204,C+KD+MP+SD,0.0,0,134,0.0
tier3,2022,28,13579,205,M+C+KD+MP+SD,0.99995,1,202,2.499999999999449e-09
tier3,2022,28,13579,206,L+C+KD+MP+SD,0.0,0,150,0.0
tier3,2022,28,13579,207,M+L+C+KD+MP+SD,1.0,1,218,0.0
tier3,2022,28,13579,208,S+MP+SD,0.99985,1,198,2.2499999999995043e-08
tier3,2022,28,13579,209,M+S+MP+SD,1.0,1,266,0.0
tier3,2022,28,13579,210,L+S+MP+SD,1.0,1,214,0.0
tier3,2022,28,13579,211,M+L+S+MP+SD,1.0,1,282,0.0
tier3,2022,28,13579,212,C+S+MP+SD,1.0,1,222,0.0
tier3,2022,28,13579,213,M+C+S+MP+SD,1.0,1,290,0.0
tier3,2022,28,13579,214,L+C+S+MP+SD,1.0,1,238,0.0
tier3,2022,28,13579,215,M+L+C+S+MP+SD,1.0,1,306,0.0
tier3,2022,28,13579,216,KD+S+MP+SD,1.0,1,217,0.0
tier3,2022,28,13579,217,M+KD+S+MP+SD,1.0,1,285,0.0
tier3,2022,28,13579,218,L+KD+S+MP+SD,1.0,1,233,0.0
tier3,2022,28,13579,219,M+L+KD+S+MP+SD,1.0,1,301,0.0
tier3,2022,28,13579,220,C+KD+S+MP+SD,1.0,1,241,0.0
tier3,2022,28,13579,221,M+C+KD+S+MP+SD,1.0,1,309,0.0
tier3,2022,28,13579,222,L+C+KD+S+MP+SD,1.0,1,257,0.0
tier3,2022,28,13579,223,M+L+C+KD+S+MP+SD,1.0,1,325,0.0
tier3,2022,28,13579,224,V+MP+SD,0.0,0,115,0.0
tier3,2022,28,13579,225,M+V+MP+SD,0.73285,1,183,0.07136912249999999
tier3,2022,28,13579,226,L+V+MP+SD,0.0,0,131,0.0
tier3,2022,28,13579,227,M+L+V+MP+SD,1.0,1,199,0.0
tier3,2022,28,13579,228,C+V+MP+SD,0.0,0,139,0.0
tier3,2022,28,13579,229,M+C+V+MP+SD,1.0,1,207,0.0
tier3,2022,28,13579,230,L+C+V+MP+SD,0.00535,0,155,2.8622499999999996e-05
tier3,2022,28,13579,231,M+L+C+V+MP+SD,1.0,1,223,0.0
tier3,2022,28,13579,232,KD+V+MP+SD,0.0,0,134,0.0
tier3,2022,28,13579,233,M+KD+V+MP+SD,1.0,1,202,0.0
tier3,2022,28,13579,234,L+KD+V+MP+SD,0.00025,0,150,6.25e-08
tier3,2022,28,13579,235,M+L+KD+V+MP+SD,1.0,1,218,0.0
tier3,2022,28,13579,236,C+KD+V+MP+SD,0.0059,0,158,3.481e-05
tier3,2022,28,13579,237,M+C+KD+V+MP+SD,1.0,1,226,0.0
tier3,2022,28,13579,238,L+C+KD+V+MP+SD,0.6837,0,174,0.46744568999999997
tier3,2022,28,13579,239,M+L+C+KD+V+MP+SD,1.0,1,242,0.0
tier3,2022,28,13579,240,S+V+MP+SD,1.0,1,222,0.0
tier3,2022,28,13579,241,M+S+V+MP+SD,1.0,1,290,0.0
tier3,2022,28,13579,242,L+S+V+MP+SD,1.0,1,238,0.0
tier3,2022,28,13579,243,M+L+S+V+MP+SD,1.0,1,306,0.0
tier3,2022,28,13579,244,C+S+V+MP+SD,1.0,1,246,0.0
tier3,2022,28,13579,245,M+C+S+V+MP+SD,1.0,1,314,0.0
tier3,2022,28,13579,246,L+C+S+V+MP+SD,1.0,1,262,0.0
tier3,2022,28,13579,247,M+L+C+S+V+MP+SD,1.0,1,330,0.0
tier3,2022,28,13579,248,KD+S+V+MP+SD,1.0,1,241,0.0
tier3,2022,28,13579,249,M+KD+S+V+MP+SD,1.0,1,309,0.0
tier3,2022,28,13579,250,L+KD+S+V+MP+SD,1.0,1,257,0.0
tier3,2022,28,13579,251,M+L+KD+S+V+MP+SD,1.0,1,325,0.0
tier3,2022,28,13579,252,C+KD+S+V+MP+SD,1.0,1,265,0.0
tier3,2022,28,13579,253,M+C+KD+S+V+MP+SD,1.0,1,333,0.0
tier3,2022,28,13579,254,L+C+KD+S+V+MP+SD,1.0,1,281,0.0
tier3,2022,14,12345,1,M,0.0,0,68,0.0
tier3,2022,14,12345,2,L,0.0,0,16,0.0
tier3,2022,14,12345,3,M+L,0.0,0,84,0.0
tier3,2022,14,12345,4,C,0.0,0,24,0.0
tier3,2022,14,12345,5,M+C,0.0,0,92,0.0
tier3,2022,14,12345,6,L+C,0.0,0,40,0.0
tier3,2022,14,12345,7,M+L+C,0.0,0,108,0.0
tier3,2022,14,12345,8,KD,0.0,0,19,0.0
tier3,2022,14,12345,9,M+KD,0.0,0,87,0.0
tier3,2022,14,12345,10,L+KD,0.0,0,35,0.0
tier3,2022,14,12345,11,M+L+KD,0.0,0,103,0.0
tier3,2022,14,12345,12,C+KD,0.0,0,43,0.0
tier3,2022,14,12345,13,M+C+KD,0.0,0,111,0.0
tier3,2022,14,12345,14,L+C+KD,0.0,0,59,0.0
tier3,2022,14,12345,15,M+L+C+KD,0.0,0,127,0.0
tier3,2022,14,12345,16,S,0.0,0,107,0.0
tier3,2022,14,12345,17,M+S,0.304,1,175,0.48441599999999996
tier3,2022,14,12345,18,L+S,0.0,0,123,0.0
tier3,2022,14,12345,19,M+L+S,0.99505,1,191,2.45025000000001e-05
tier3,2022,14,12345,20,C+S,0.0,0,131,0.0
tier3,2022,14,12345,21,M+C+S,1.0,1,199,0.0
tier3,2022,14,12345,22,L+C+S,0.0,0,147,0.0
tier3,2022,14,12345,23,M+L+C+S,1.0,1,215,0.0
tier3,2022,14,12345,24,KD+S,0.0,0,126,0.0
tier3,2022,14,12345,25,M+KD+S,0.9995,1,194,2.4999999999994493e-07
tier3,2022,14,12345,26,L+KD+S,0.0,0,142,0.0
tier3,2022,14,12345,27,M+L+KD+S,1.0,1,210,0.0
tier3,2022,14,12345,28,C+KD+S,0.0,0,150,0.0
tier3,2022,14,12345,29,M+C+KD+S,1.0,1,218,0.0
tier3,2022,14,12345,30,L+C+KD+S,0.2138,0,166,0.04571044
tier3,2022,14,12345,31,M+L+C+KD+S,1.0,1,234,0.0
tier3,2022,14,12345,32,V,0.0,0,24,0.0
tier3,2022,14,12345,33,M+V,0.0,0,92,0.0
tier3,2022,14,12345,34,L+V,0.0,0,40,0.0
tier3,2022,14,12345,35,M+L+V,0.0,0,108,0.0
tier3,2022,14,12345,36,C+V,0.0,0,48,0.0
tier3,2022,14,12345,37,M+C+V,0.0,0,116,0.0
tier3,2022,14,12345,38,L+C+V,0.0,0,64,0.0
tier3,2022,14,12345,39,M+L+C+V,0.0,0,132,0.0
tier3,2022,14,12345,40,KD+V,0.0,0,43,0.0
tier3,2022,14,12345,41,M+KD+V,0.0,0,111,0.0
tier3,2022,14,12345,42,L+KD+V,0.0,0,59,0.0
tier3,2022,14,12345,43,M+L+KD+V,0.0,0,127,0.0
tier3,2022,14,12345,44,C+KD+V,0.0,0,67,0.0
tier3,2022,14,12345,45,M+C+KD+V,0.0,0,135,0.0
tier3,2022,14,12345,46,L+C+KD+V,0.0,0,83,0.0
tier3,2022,14,12345,47,M+L+C+KD+V,0.0,0,151,0.0
tier3,2022,14,12345,48,S+V,0.0,0,131,0.0
tier3,2022,14,12345,49,M+S+V,1.0,1,199,0.0
tier3,2022,14,12345,50,L+S+V,0.0,0,147,0.0
tier3,2022,14,12345,51,M+L+S+V,1.0,1,215,0.0
tier3,2022,14,12345,52,C+S+V,5e-05,0,155,2.5e-09
tier3,2022,14,12345,53,M+C+S+V,1.0,1,223,0.0
tier3,2022,14,12345,54,L+C+S+V,0.5153,0,171,0.26553409
tier3,2022,14,12345,55,M+L+C+S+V,1.0,1,239,0.0
tier3,2022,14,12345,56,KD+S+V,0.0,0,150,0.0
tier3,2022,14,12345,57,M+KD+S+V,1.0,1,218,0.0
tier3,2022,14,12345,58,L+KD+S+V,0.3279,0,166,0.10751841000000002
tier3,2022,14,12345,59,M+L+KD+S+V,1.0,1,234,0.0
tier3,2022,14,12345,60,C+KD+S+V,0.84125,0,174,0.7077015625
tier3,2022,14,12345,61,M+C+KD+S+V,1.0,1,242,0.0
tier3,2022,14,12345,62,L+C+KD+S+V,1.0,1,190,0.0
tier3,2022,14,12345,63,M+L+C+KD+S+V,1.0,1,258,0.0
tier3,2022,14,12345,64,MP,0.0,0,18,0.0
tier3,2022,14,12345,65,M+MP,0.0,0,86,0.0
tier3,2022,14,12345,66,L+MP,0.0,0,34,0.0
tier3,2022,14,12345,67,M+L+MP,0.0,0,102,0.0
tier3,2022,14,12345,68,C+MP,0.0,0,42,0.0
tier3,2022,14,12345,69,M+C+MP,0.0,0,110,0.0
tier3,2022,14,12345,70,L+C+MP,0.0,0,58,0.0
tier3,2022,14,12345,71,M+L+C+MP,0.0,0,126,0.0
tier3,2022,14,12345,72,KD+MP,0.0,0,37,0.0
tier3,2022,14,12345,73,M+KD+MP,0.0,0,105,0.0
tier3,2022,14,12345,74,L+KD+MP,0.0,0,53,0.0
tier3,2022,14,12345,75,M+L+KD+MP,0.0,0,121,0.0
tier3,2022,14,12345,76,C+KD+MP,0.0,0,61,0.0
tier3,2022,14,12345,77,M+C+KD+MP,0.0,0,129,0.0
tier3,2022,14,12345,78,L+C+KD+MP,0.0,0,77,0.0
tier3,2022,14,12345,79,M+L+C+KD+MP,0.0,0,145,0.0
tier3,2022,14,12345,80,S+MP,0.0,0,125,0.0
tier3,2022,14,12345,81,M+S+MP,0.9991,1,193,8.100000000000215e-07
tier3,2022,14,12345,82,L+S+MP,0.0,0,141,0.0
tier3,2022,14,12345,83,M+L+S+MP,1.0,1,209,0.0
tier3,2022,14,12345,84,C+S+MP,0.0,0,149,0.0
tier3,2022,14,12345,85,M+C+S+MP,1.0,1,217,0.0
tier3,2022,14,12345,86,L+C+S+MP,0.19995,0,165,0.03998000249999999
tier3,2022,14,12345,87,M+L+C+S+MP,1.0,1,233,0.0
tier3,2022,14,12345,88,KD+S+MP,0.0,0,144,0.0
tier3,2022,14,12345,89,M+KD+S+MP,1.0,1,212,0.0
tier3,2022,14,12345,90,L+KD+S+MP,0.04445,0,160,0.0019758025
tier3,2022,14,12345,91,M+L+KD+S+MP,1.0,1,228,0.0
tier3,2022,14,12345,92,C+KD+S+MP,0.27115,0,168,0.0735223225
tier3,2022,14,12345,93,M+C+KD+S+MP,1.0,1,236,0.0
tier3,2022,14,12345,94,L+C+KD+S+MP,0.9051,1,184,0.009006009999999997
tier3,2022,14,12345,95,M+L+C+KD+S+MP,1.0,1,252,0.0
tier3,2022,14,12345,96,V+MP,0.0,0,42,0.0
tier3,2022,14,12345,97,M+V+MP,0.0,0,110,0.0
tier3,2022,14,12345,98,L+V+MP,0.0,0,58,0.0
tier3,2022,14,12345,99,M+L+V+MP,0.0,0,126,0.0
tier3,2022,14,12345,100,C+V+MP,0.0,0,66,0.0
tier3,2022,14,12345,101,M+C+V+MP,0.0,0,134,0.0
tier3,2022,14,12345,102,L+C+V+MP,0.0,0,82,0.0
tier3,2022,14,12345,103,M+L+C+V+MP,0.0,0,150,0.0
tier3,2022,14,12345,104,KD+V+MP,0.0,0,61,0.0
tier3,2022,14,12345,105,M+KD+V+MP,0.0,0,129,0.0
tier3,2022,14,12345,106,L+KD+V+MP,0.0,0,77,0.0
tier3,2022,14,12345,107,M+L+KD+V+MP,0.0,0,145,0.0
tier3,2022,14,12345,108,C+KD+V+MP,0.0,0,85,0.0
tier3,2022,14,12345,109,M+C+KD+V+MP,0.0,0,153,0.0
tier3,2022,14,12345,110,L+C+KD+V+MP,0.0,0,101,0.0
tier3,2022,14,12345,111,M+L+C+KD+V+MP,0.463,0,169,0.21436900000000003
tier3,2022,14,12345,112,S+V+MP,0.0,0,149,0.0
tier3,2022,14,12345,113,M+S+V+MP,1.0,1,217,0.0
tier3,2022,14,12345,114,L+S+V+MP,0.2029,0,165,0.041168409999999996
tier3,2022,14,12345,115,M+L+S+V+MP,1.0,1,233,0.0
tier3,2022,14,12345,116,C+S+V+MP,0.5662,0,173,0.32058244
tier3,2022,14,12345,117,M+C+S+V+MP,1.0,1,241,0.0
tier3,2022,14,12345,118,L+C+S+V+MP,0.98205,1,189,0.00032220250000000077
tier3,2022,14,12345,119,M+L+C+S+V+MP,1.0,1,257,0.0
tier3,2022,14,12345,120,KD+S+V+MP,0.3627,0,168,0.13155129000000002
tier3,2022,14,12345,121,M+KD+S+V+MP,1.0,1,236,0.0
tier3,2022,14,12345,122,L+KD+S+V+MP,0.96515,1,184,0.0012145225000000034
tier3,2022,14,12345,123,M+L+KD+S+V+MP,1.0,1,252,0.0
tier3,2022,14,12345,124,C+KD+S+V+MP,0.9997,1,192,8.999999999998017e-08
tier3,2022,14,12345,125,M+C+KD+S+V+MP,1.0,1,260,0.0
tier3,2022,14,12345,126,L+C+KD+S+V+MP,1.0,1,208,0.0
tier3,2022,14,12345,127,M+L+C+KD+S+V+MP,1.0,1,276,0.0
tier3,2022,14,12345,128,SD,0.0,0,73,0.0
tier3,2022,14,12345,129,M+SD,0.0,0,141,0.0
tier3,2022,14,12345,130,L+SD,0.0,0,89,0.0
tier3,2022,14,12345,131,M+L+SD,0.0003,0,157,8.999999999999999e-08
tier3,2022,14,12345,132,C+SD,0.0,0,97,0.0
tier3,2022,14,12345,133,M+C+SD,0.03485,0,165,0.0012145225
tier3,2022,14,12345,134,L+C+SD,0.0,0,113,0.0
tier3,2022,14,12345,135,M+L+C+SD,0.6373,1,181,0.13155129000000002
tier3,2022,14,12345,136,KD+SD,0.0,0,92,0.0
tier3,2022,14,12345,137,M+KD+SD,0.01795,0,160,0.0003222025
tier3,2022,14,12345,138,L+KD+SD,0.0,0,108,0.0
tier3,2022,14,12345,139,M+L+KD+SD,0.4338,1,176,0.32058244
tier3,2022,14,12345,140,C+KD+SD,0.0,0,116,0.0
tier3,2022,14,12345,141,M+C+KD+SD,0.7971,1,184,0.04116840999999999
tier3,2022,14,12345,142,L+C+KD+SD,0.0,0,132,0.0
tier3,2022,14,12345,143,M+L+C+KD+SD,1.0,1,200,0.0
tier3,2022,14,12345,144,S+SD,0.537,1,180,0.21436899999999998
tier3,2022,14,12345,145,M+S+SD,1.0,1,248,0.0
tier3,2022,14,12345,146,L+S+SD,1.0,1,196,0.0
tier3,2022,14,12345,147,M+L+S+SD,1.0,1,264,0.0
tier3,2022,14,12345,148,C+S+SD,1.0,1,204,0.0
tier3,2022,14,12345,149,M+C+S+SD,1.0,1,272,0.0
tier3,2022,14,12345,150,L+C+S+SD,1.0,1,220,0.0
tier3,2022,14,12345,151,M+L+C+S+SD,1.0,1,288,0.0
tier3,2022,14,12345,152,KD+S+SD,1.0,1,199,0.0
tier3,2022,14,12345,153,M+KD+S+SD,1.0,1,267,0.0
tier3,2022,14,12345,154,L+KD+S+SD,1.0,1,215,0.0
tier3,2022,14,12345,155,M+L+KD+S+SD,1.0,1,283,0.0
tier3,2022,14,12345,156,C+KD+S+SD,1.0,1,223,0.0
tier3,2022,14,12345,157,M+C+KD+S+SD,1.0,1,291,0.0
tier3,2022,14,12345,158,L+C+KD+S+SD,1.0,1,239,0.0
tier3,2022,14,12345,159,M+L+C+KD+S+SD,1.0,1,307,0.0
tier3,2022,14,12345,160,V+SD,0.0,0,97,0.0
tier3,2022,14,12345,161,M+V+SD,0.0949,0,165,0.00900601
tier3,2022,14,12345,162,L+V+SD,0.0,0,113,0.0
tier3,2022,14,12345,163,M+L+V+SD,0.72885,1,181,0.0735223225
tier3,2022,14,12345,164,C+V+SD,0.0,0,121,0.0
tier3,2022,14,12345,165,M+C+V+SD,0.95555,1,189,0.001975802499999999
tier3,2022,14,12345,166,L+C+V+SD,0.0,0,137,0.0
tier3,2022,14,12345,167,M+L+C+V+SD,1.0,1,205,0.0
tier3,2022,14,12345,168,KD+V+SD,0.0,0,116,0.0
tier3,2022,14,12345,169,M+KD+V+SD,0.80005,1,184,0.039980002499999986
tier3,2022,14,12345,170,L+KD+V+SD,0.0,0,132,0.0
tier3,2022,14,12345,171,M+L+KD+V+SD,1.0,1,200,0.0
tier3,2022,14,12345,172,C+KD+V+SD,0.0,0,140,0.0
tier3,2022,14,12345,173,M+C+KD+V+SD,1.0,1,208,0.0
tier3,2022,14,12345,174,L+C+KD+V+SD,0.0009,0,156,8.1e-07
tier3,2022,14,12345,175,M+L+C+KD+V+SD,1.0,1,224,0.0
tier3,2022,14,12345,176,S+V+SD,1.0,1,204,0.0
tier3,2022,14,12345,177,M+S+V+SD,1.0,1,272,0.0
tier3,2022,14,12345,178,L+S+V+SD,1.0,1,220,0.0
tier3,2022,14,12345,179,M+L+S+V+SD,1.0,1,288,0.0
tier3,2022,14,12345,180,C+S+V+SD,1.0,1,228,0.0
tier3,2022,14,12345,181,M+C+S+V+SD,1.0,1,296,0.0
tier3,2022,14,12345,182,L+C+S+V+SD,1.0,1,244,0.0
tier3,2022,14,12345,183,M+L+C+S+V+SD,1.0,1,312,0.0
tier3,2022,14,12345,184,KD+S+V+SD,1.0,1,223,0.0
tier3,2022,14,12345,185,M+KD+S+V+SD,1.0,1,291,0.0
tier3,2022,14,12345,186,L+KD+S+V+SD,1.0,1,239,0.0
tier3,2022,14,12345,187,M+L+KD+S+V+SD,1.0,1,307,0.0
tier3,2022,14,12345,188,C+KD+S+V+SD,1.0,1,247,0.0
tier3,2022,14,12345,189,M+C+KD+S+V+SD,1.0,1,315,0.0
tier3,2022,14,12345,190,L+C+KD+S+V+SD,1.0,1,263,0.0
tier3,2022,14,12345,191,M+L+C+KD+S+V+SD,1.0,1,331,0.0
tier3,2022,14,12345,192,MP+SD,0.0,0,91,0.0
tier3,2022,14,12345,193,M+MP+SD,0.0,0,159,0.0
tier3,2022,14,12345,194,L+MP+SD,0.0,0,107,0.0
tier3,2022,14,12345,195,M+L+MP+SD,0.15875,1,175,0.7077015625
tier3,2022,14,12345,196,C+MP+SD,0.0,0,115,0.0
tier3,2022,14,12345,197,M+C+MP+SD,0.6721,1,183,0.10751840999999998
tier3,2022,14,12345,198,L+C+MP+SD,0.0,0,131,0.0
tier3,2022,14,12345,199,M+L+C+MP+SD,1.0,1,199,0.0
tier3,2022,14,12345,200,KD+MP+SD,0.0,0,110,0.0
tier3,2022,14,12345,201,M+KD+MP+SD,0.4847,1,178,0.26553409
tier3,2022,14,12345,202,L+KD+MP+SD,0.0,0,126,0.0
tier3,2022,14,12345,203,M+L+KD+MP+SD,0.99995,1,194,2.499999999999449e-09
tier3,2022,14,12345,204,C+KD+MP+SD,0.0,0,134,0.0
tier3,2022,14,12345,205,M+C+KD+MP+SD,1.0,1,202,0.0
tier3,2022,14,12345,206,L+C+KD+MP+SD,0.0,0,150,0.0
tier3,2022,14,12345,207,M+L+C+KD+MP+SD,1.0,1,218,0.0
tier3,2022,14,12345,208,S+MP+SD,1.0,1,198,0.0
tier3,2022,14,12345,209,M+S+MP+SD,1.0,1,266,0.0
tier3,2022,14,12345,210,L+S+MP+SD,1.0,1,214,0.0
tier3,2022,14,12345,211,M+L+S+MP+SD,1.0,1,282,0.0
tier3,2022,14,12345,212,C+S+MP+SD,1.0,1,222,0.0
tier3,2022,14,12345,213,M+C+S+MP+SD,1.0,1,290,0.0
tier3,2022,14,12345,214,L+C+S+MP+SD,1.0,1,238,0.0
tier3,2022,14,12345,215,M+L+C+S+MP+SD,1.0,1,306,0.0
tier3,2022,14,12345,216,KD+S+MP+SD,1.0,1,217,0.0
tier3,2022,14,12345,217,M+KD+S+MP+SD,1.0,1,285,0.0
tier3,2022,14,12345,218,L+KD+S+MP+SD,1.0,1,233,0.0
tier3,2022,14,12345,219,M+L+KD+S+MP+SD,1.0,1,301,0.0
tier3,2022,14,12345,220,C+KD+S+MP+SD,1.0,1,241,0.0
tier3,2022,14,12345,221,M+C+KD+S+MP+SD,1.0,1,309,0.0
tier3,2022,14,12345,222,L+C+KD+S+MP+SD,1.0,1,257,0.0
tier3,2022,14,12345,223,M+L+C+KD+S+MP+SD,1.0,1,325,0.0
tier3,2022,14,12345,224,V+MP+SD,0.0,0,115,0.0
tier3,2022,14,12345,225,M+V+MP+SD,0.7862,1,183,0.04571044
tier3,2022,14,12345,226,L+V+MP+SD,0.0,0,131,0.0
tier3,2022,14,12345,227,M+L+V+MP+SD,1.0,1,199,0.0
tier3,2022,14,12345,228,C+V+MP+SD,0.0,0,139,0.0
tier3,2022,14,12345,229,M+C+V+MP+SD,1.0,1,207,0.0
tier3,2022,14,12345,230,L+C+V+MP+SD,0.0005,0,155,2.5e-07
tier3,2022,14,12345,231,M+L+C+V+MP+SD,1.0,1,223,0.0
tier3,2022,14,12345,232,KD+V+MP+SD,0.0,0,134,0.0
tier3,2022,14,12345,233,M+KD+V+MP+SD,1.0,1,202,0.0
tier3,2022,14,12345,234,L+KD+V+MP+SD,0.0,0,150,0.0
tier3,2022,14,12345,235,M+L+KD+V+MP+SD,1.0,1,218,0.0
tier3,2022,14,12345,236,C+KD+V+MP+SD,0.00495,0,158,2.4502500000000005e-05
tier3,2022,14,12345,237,M+C+KD+V+MP+SD,1.0,1,226,0.0
tier3,2022,14,12345,238,L+C+KD+V+MP+SD,0.696,0,174,0.48441599999999996
tier3,2022,14,12345,239,M+L+C+KD+V+MP+SD,1.0,1,242,0.0
tier3,2022,14,12345,240,S+V+MP+SD,1.0,1,222,0.0
tier3,2022,14,12345,241,M+S+V+MP+SD,1.0,1,290,0.0
tier3,2022,14,12345,242,L+S+V+MP+SD,1.0,1,238,0.0
tier3,2022,14,12345,243,M+L+S+V+MP+SD,1.0,1,306,0.0
tier3,2022,14,12345,244,C+S+V+MP+SD,1.0,1,246,0.0
tier3,2022,14,12345,245,M+C+S+V+MP+SD,1.0,1,314,0.0
tier3,2022,14,12345,246,L+C+S+V+MP+SD,1.0,1,262,0.0
tier3,2022,14,12345,247,M+L+C+S+V+MP+SD,1.0,1,330,0.0
tier3,2022,14,12345,248,KD+S+V+MP+SD,1.0,1,241,0.0
tier3,2022,14,12345,249,M+KD+S+V+MP+SD,1.0,1,309,0.0
tier3,2022,14,12345,250,L+KD+S+V+MP+SD,1.0,1,257,0.0
tier3,2022,14,12345,251,M+L+KD+S+V+MP+SD,1.0,1,325,0.0
tier3,2022,14,12345,252,C+KD+S+V+MP+SD,1.0,1,265,0.0
tier3,2022,14,12345,253,M+C+KD+S+V+MP+SD,1.0,1,333,0.0
tier3,2022,14,12345,254,L+C+KD+S+V+MP+SD,1.0,1,281,0.0
tier3,2022,14,24680,1,M,0.0,0,68,0.0
tier3,2022,14,24680,2,L,0.0,0,16,0.0
tier3,2022,14,24680,3,M+L,0.0,0,84,0.0
tier3,2022,14,24680,4,C,0.0,0,24,0.0
tier3,2022,14,24680,5,M+C,0.0,0,92,0.0
tier3,2022,14,24680,6,L+C,0.0,0,40,0.0
tier3,2022,14,24680,7,M+L+C,0.0,0,108,0.0
tier3,2022,14,24680,8,KD,0.0,0,19,0.0
tier3,2022,14,24680,9,M+KD,0.0,0,87,0.0
tier3,2022,14,24680,10,L+KD,0.0,0,35,0.0
tier3,2022,14,24680,11,M+L+KD,0.0,0,103,0.0
tier3,2022,14,24680,12,C+KD,0.0,0,43,0.0
tier3,2022,14,24680,13,M+C+KD,0.0,0,111,0.0
tier3,2022,14,24680,14,L+C+KD,0.0,0,59,0.0
tier3,2022,14,24680,15,M+L+C+KD,0.0,0,127,0.0
tier3,2022,14,24680,16,S,0.0,0,107,0.0
tier3,2022,14,24680,17,M+S,0.3045,1,175,0.48372025
tier3,2022,14,24680,18,L+S,0.0,0,123,0.0
tier3,2022,14,24680,19,M+L+S,0.99405,1,191,3.540250000000013e-05
tier3,2022,14,24680,20,C+S,0.0,0,131,0.0
tier3,2022,14,24680,21,M+C+S,1.0,1,199,0.0
tier3,2022,14,24680,22,L+C+S,0.0,0,147,0.0
tier3,2022,14,24680,23,M+L+C+S,1.0,1,215,0.0
tier3,2022,14,24680,24,KD+S,0.0,0,126,0.0
tier3,2022,14,24680,25,M+KD+S,0.9997,1,194,8.999999999998017e-08
tier3,2022,14,24680,26,L+KD+S,0.0,0,142,0.0
tier3,2022,14,24680,27,M+L+KD+S,1.0,1,210,0.0
tier3,2022,14,24680,28,C+KD+S,0.0,0,150,0.0
tier3,2022,14,24680,29,M+C+KD+S,1.0,1,218,0.0
tier3,2022,14,24680,30,L+C+KD+S,0.2139,0,166,0.04575321
tier3,2022,14,24680,31,M+L+C+KD+S,1.0,1,234,0.0
tier3,2022,14,24680,32,V,0.0,0,24,0.0
tier3,2022,14,24680,33,M+V,0.0,0,92,0.0
tier3,2022,14,24680,34,L+V,0.0,0,40,0.0
tier3,2022,14,24680,35,M+L+V,0.0,0,108,0.0
tier3,2022,14,24680,36,C+V,0.0,0,48,0.0
tier3,2022,14,24680,37,M+C+V,0.0,0,116,0.0
tier3,2022,14,24680,38,L+C+V,0.0,0,64,0.0
tier3,2022,14,24680,39,M+L+C+V,0.0,0,132,0.0
tier3,2022,14,24680,40,KD+V,0.0,0,43,0.0
tier3,2022,14,24680,41,M+KD+V,0.0,0,111,0.0
tier3,2022,14,24680,42,L+KD+V,0.0,0,59,0.0
tier3,2022,14,24680,43,M+L+KD+V,0.0,0,127,0.0
tier3,2022,14,24680,44,C+KD+V,0.0,0,67,0.0
tier3,2022,14,24680,45,M+C+KD+V,0.0,0,135,0.0
tier3,2022,14,24680,46,L+C+KD+V,0.0,0,83,0.0
tier3,2022,14,24680,47,M+L+C+KD+V,0.0,0,151,0.0
tier3,2022,14,24680,48,S+V,0.0,0,131,0.0
tier3,2022,14,24680,49,M+S+V,1.0,1,199,0.0
tier3,2022,14,24680,50,L+S+V,0.0,0,147,0.0
tier3,2022,14,24680,51,M+L+S+V,1.0,1,215,0.0
tier3,2022,14,24680,52,C+S+V,0.0,0,155,0.0
tier3,2022,14,24680,53,M+C+S+V,1.0,1,223,0.0
tier3,2022,14,24680,54,L+C+S+V,0.51565,0,171,0.2658949225000001
tier3,2022,14,24680,55,M+L+C+S+V,1.0,1,239,0.0
tier3,2022,14,24680,56,KD+S+V,0.0,0,150,0.0
tier3,2022,14,24680,57,M+KD+S+V,1.0,1,218,0.0
tier3,2022,14,24680,58,L+KD+S+V,0.33225,0,166,0.1103900625
tier3,2022,14,24680,59,M+L+KD+S+V,1.0,1,234,0.0
tier3,2022,14,24680,60,C+KD+S+V,0.8382,0,174,0.7025792399999999
tier3,2022,14,24680,61,M+C+KD+S+V,1.0,1,242,0.0
tier3,2022,14,24680,62,L+C+KD+S+V,1.0,1,190,0.0
tier3,2022,14,24680,63,M+L+C+KD+S+V,1.0,1,258,0.0
tier3,2022,14,24680,64,MP,0.0,0,18,0.0
tier3,2022,14,24680,65,M+MP,0.0,0,86,0.0
tier3,2022,14,24680,66,L+MP,0.0,0,34,0.0
tier3,2022,14,24680,67,M+L+MP,0.0,0,102,0.0
tier3,2022,14,24680,68,C+MP,0.0,0,42,0.0
tier3,2022,14,24680,69,M+C+MP,0.0,0,110,0.0
tier3,2022,14,24680,70,L+C+MP,0.0,0,58,0.0
tier3,2022,14,24680,71,M+L+C+MP,0.0,0,126,0.0
tier3,2022,14,24680,72,KD+MP,0.0,0,37,0.0
tier3,2022,14,24680,73,M+KD+MP,0.0,0,105,0.0
tier3,2022,14,24680,74,L+KD+MP,0.0,0,53,0.0
tier3,2022,14,24680,75,M+L+KD+MP,0.0,0,121,0.0
tier3,2022,14,24680,76,C+KD+MP,0.0,0,61,0.0
tier3,2022,14,24680,77,M+C+KD+MP,0.0,0,129,0.0
tier3,2022,14,24680,78,L+C+KD+MP,0.0,0,77,0.0
tier3,2022,14,24680,79,M+L+C+KD+MP,0.0,0,145,0.0
tier3,2022,14,24680,80,S+MP,0.0,0,125,0.0
tier3,2022,14,24680,81,M+S+MP,0.9993,1,193,4.900000000000475e-07
tier3,2022,14,24680,82,L+S+MP,0.0,0,141,0.0
tier3,2022,14,24680,83,M+L+S+MP,1.0,1,209,0.0
tier3,2022,14,24680,84,C+S+MP,0.0,0,149,0.0
tier3,2022,14,24680,85,M+C+S+MP,1.0,1,217,0.0
tier3,2022,14,24680,86,L+C+S+MP,0.19805,0,165,0.0392238025
tier3,2022,14,24680,87,M+L+C+S+MP,1.0,1,233,0.0
tier3,2022,14,24680,88,KD+S+MP,0.0,0,144,0.0
tier3,2022,14,24680,89,M+KD+S+MP,1.0,1,212,0.0
tier3,2022,14,24680,90,L+KD+S+MP,0.04735,0,160,0.0022420225000000004
tier3,2022,14,24680,91,M+L+KD+S+MP,1.0,1,228,0.0
tier3,2022,14,24680,92,C+KD+S+MP,0.2703,0,168,0.07306209
tier3,2022,14,24680,93,M+C+KD+S+MP,1.0,1,236,0.0
tier3,2022,14,24680,94,L+C+KD+S+MP,0.90225,1,184,0.009555062500000001
tier3,2022,14,24680,95,M+L+C+KD+S+MP,1.0,1,252,0.0
tier3,2022,14,24680,96,V+MP,0.0,0,42,0.0
tier3,2022,14,24680,97,M+V+MP,0.0,0,110,0.0
tier3,2022,14,24680,98,L+V+MP,0.0,0,58,0.0
tier3,2022,14,24680,99,M+L+V+MP,0.0,0,126,0.0
tier3,2022,14,24680,100,C+V+MP,0.0,0,66,0.0
tier3,2022,14,24680,101,M+C+V+MP,0.0,0,134,0.0
tier3,2022,14,24680,102,L+C+V+MP,0.0,0,82,0.0
tier3,2022,14,24680,103,M+L+C+V+MP,0.0,0,150,0.0
tier3,2022,14,24680,104,KD+V+MP,0.0,0,61,0.0
tier3,2022,14,24680,105,M+KD+V+MP,0.0,0,129,0.0
tier3,2022,14,24680,106,L+KD+V+MP,0.0,0,77,0.0
tier3,2022,14,24680,107,M+L+KD+V+MP,0.0,0,145,0.0
tier3,2022,14,24680,108,C+KD+V+MP,0.0,0,85,0.0
tier3,2022,14,24680,109,M+C+KD+V+MP,0.0,0,153,0.0
tier3,2022,14,24680,110,L+C+KD+V+MP,0.0,0,101,0.0
tier3,2022,14,24680,111,M+L+C+KD+V+MP,0.4646,0,169,0.21585316000000002
tier3,2022,14,24680,112,S+V+MP,0.0,0,149,0.0
tier3,2022,14,24680,113,M+S+V+MP,1.0,1,217,0.0
tier3,2022,14,24680,114,L+S+V+MP,0.20025,0,165,0.040100062500000005
tier3,2022,14,24680,115,M+L+S+V+MP,1.0,1,233,0.0
tier3,2022,14,24680,116,C+S+V+MP,0.5668,0,173,0.32126224
tier3,2022,14,24680,117,M+C+S+V+MP,1.0,1,241,0.0
tier3,2022,14,24680,118,L+C+S+V+MP,0.98145,1,189,0.0003441024999999983
tier3,2022,14,24680,119,M+L+C+S+V+MP,1.0,1,257,0.0
tier3,2022,14,24680,120,KD+S+V+MP,0.37285,0,168,0.1390171225
tier3,2022,14,24680,121,M+KD+S+V+MP,1.0,1,236,0.0
tier3,2022,14,24680,122,L+KD+S+V+MP,0.96345,1,184,0.001335902499999998
tier3,2022,14,24680,123,M+L+KD+S+V+MP,1.0,1,252,0.0
tier3,2022,14,24680,124,C+KD+S+V+MP,0.9997,1,192,8.999999999998017e-08
tier3,2022,14,24680,125,M+C+KD+S+V+MP,1.0,1,260,0.0
tier3,2022,14,24680,126,L+C+KD+S+V+MP,1.0,1,208,0.0
tier3,2022,14,24680,127,M+L+C+KD+S+V+MP,1.0,1,276,0.0
tier3,2022,14,24680,128,SD,0.0,0,73,0.0
tier3,2022,14,24680,129,M+SD,0.0,0,141,0.0
tier3,2022,14,24680,130,L+SD,0.0,0,89,0.0
tier3,2022,14,24680,131,M+L+SD,0.0003,0,157,8.999999999999999e-08
tier3,2022,14,24680,132,C+SD,0.0,0,97,0.0
tier3,2022,14,24680,133,M+C+SD,0.03655,0,165,0.0013359024999999999
tier3,2022,14,24680,134,L+C+SD,0.0,0,113,0.0
tier3,2022,14,24680,135,M+L+C+SD,0.62715,1,181,0.1390171225
tier3,2022,14,24680,136,KD+SD,0.0,0,92,0.0
tier3,2022,14,24680,137,M+KD+SD,0.01855,0,160,0.0003441025
tier3,2022,14,24680,138,L+KD+SD,0.0,0,108,0.0
tier3,2022,14,24680,139,M+L+KD+SD,0.4332,1,176,0.32126224
tier3,2022,14,24680,140,C+KD+SD,0.0,0,116,0.0
tier3,2022,14,24680,141,M+C+KD+SD,0.79975,1,184,0.04010006250000001
tier3,2022,14,24680,142,L+C+KD+SD,0.0,0,132,0.0
tier3,2022,14,24680,143,M+L+C+KD+SD,1.0,1,200,0.0
tier3,2022,14,24680,144,S+SD,0.5354,1,180,0.21585316000000002
tier3,2022,14,24680,145,M+S+SD,1.0,1,248,0.0
tier3,2022,14,24680,146,L+S+SD,1.0,1,196,0.0
tier3,2022,14,24680,147,M+L+S+SD,1.0,1,264,0.0
tier3,2022,14,24680,148,C+S+SD,1.0,1,204,0.0
tier3,2022,14,24680,149,M+C+S+SD,1.0,1,272,0.0
tier3,2022,14,24680,150,L+C+S+SD,1.0,1,220,0.0
tier3,2022,14,24680,151,M+L+C+S+SD,1.0,1,288,0.0
tier3,2022,14,24680,152,KD+S+SD,1.0,1,199,0.0
tier3,2022,14,24680,153,M+KD+S+SD,1.0,1,267,0.0
tier3,2022,14,24680,154,L+KD+S+SD,1.0,1,215,0.0
tier3,2022,14,24680,155,M+L+KD+S+SD,1.0,1,283,0.0
tier3,2022,14,24680,156,C+KD+S+SD,1.0,1,223,0.0
tier3,2022,14,24680,157,M+C+KD+S+SD,1.0,1,291,0.0
tier3,2022,14,24680,158,L+C+KD+S+SD,1.0,1,239,0.0
tier3,2022,14,24680,159,M+L+C+KD+S+SD,1.0,1,307,0.0
tier3,2022,14,24680,160,V+SD,0.0,0,97,0.0
tier3,2022,14,24680,161,M+V+SD,0.09775,0,165,0.009555062500000001
tier3,2022,14,24680,162,L+V+SD,0.0,0,113,0.0
tier3,2022,14,24680,163,M+L+V+SD,0.7297,1,181,0.07306209
tier3,2022,14,24680,164,C+V+SD,0.0,0,121,0.0
tier3,2022,14,24680,165,M+C+V+SD,0.95265,1,189,0.0022420225000000004
tier3,2022,14,24680,166,L+C+V+SD,0.0,0,137,0.0
tier3,2022,14,24680,167,M+L+C+V+SD,1.0,1,205,0.0
tier3,2022,14,24680,168,KD+V+SD,0.0,0,116,0.0
tier3,2022,14,24680,169,M+KD+V+SD,0.80195,1,184,0.03922380249999998
tier3,2022,14,24680,170,L+KD+V+SD,0.0,0,132,0.0
tier3,2022,14,24680,171,M+L+KD+V+SD,1.0,1,200,0.0
tier3,2022,14,24680,172,C+KD+V+SD,0.0,0,140,0.0
tier3,2022,14,24680,173,M+C+KD+V+SD,1.0,1,208,0.0
tier3,2022,14,24680,174,L+C+KD+V+SD,0.0007,0,156,4.9e-07
tier3,2022,14,24680,175,M+L+C+KD+V+SD,1.0,1,224,0.0
tier3,2022,14,24680,176,S+V+SD,1.0,1,204,0.0
tier3,2022,14,24680,177,M+S+V+SD,1.0,1,272,0.0
tier3,2022,14,24680,178,L+S+V+SD,1.0,1,220,0.0
tier3,2022,14,24680,179,M+L+S+V+SD,1.0,1,288,0.0
tier3,2022,14,24680,180,C+S+V+SD,1.0,1,228,0.0
tier3,2022,14,24680,181,M+C+S+V+SD,1.0,1,296,0.0
tier3,2022,14,24680,182,L+C+S+V+SD,1.0,1,244,0.0
tier3,2022,14,24680,183,M+L+C+S+V+SD,1.0,1,312,0.0
tier3,2022,14,24680,184,KD+S+V+SD,1.0,1,223,0.0
tier3,2022,14,24680,185,M+KD+S+V+SD,1.0,1,291,0.0
tier3,2022,14,24680,186,L+KD+S+V+SD,1.0,1,239,0.0
tier3,2022,14,24680,187,M+L+KD+S+V+SD,1.0,1,307,0.0
tier3,2022,14,24680,188,C+KD+S+V+SD,1.0,1,247,0.0
tier3,2022,14,24680,189,M+C+KD+S+V+SD,1.0,1,315,0.0
tier3,2022,14,24680,190,L+C+KD+S+V+SD,1.0,1,263,0.0
tier3,2022,14,24680,191,M+L+C+KD+S+V+SD,1.0,1,331,0.0
tier3,2022,14,24680,192,MP+SD,0.0,0,91,0.0
tier3,2022,14,24680,193,M+MP+SD,0.0,0,159,0.0
tier3,2022,14,24680,194,L+MP+SD,0.0,0,107,0.0
tier3,2022,14,24680,195,M+L+MP+SD,0.1618,1,175,0.70257924
tier3,2022,14,24680,196,C+MP+SD,0.0,0,115,0.0
tier3,2022,14,24680,197,M+C+MP+SD,0.66775,1,183,0.11039006250000002
tier3,2022,14,24680,198,L+C+MP+SD,0.0,0,131,0.0
tier3,2022,14,24680,199,M+L+C+MP+SD,1.0,1,199,0.0
tier3,2022,14,24680,200,KD+MP+SD,0.0,0,110,0.0
tier3,2022,14,24680,201,M+KD+MP+SD,0.48435,1,178,0.26589492249999996
tier3,2022,14,24680,202,L+KD+MP+SD,0.0,0,126,0.0
tier3,2022,14,24680,203,M+L+KD+MP+SD,1.0,1,194,0.0
tier3,2022,14,24680,204,C+KD+MP+SD,0.0,0,134,0.0
tier3,2022,14,24680,205,M+C+KD+MP+SD,1.0,1,202,0.0
tier3,2022,14,24680,206,L+C+KD+MP+SD,0.0,0,150,0.0
tier3,2022,14,24680,207,M+L+C+KD+MP+SD,1.0,1,218,0.0
tier3,2022,14,24680,208,S+MP+SD,1.0,1,198,0.0
tier3,2022,14,24680,209,M+S+MP+SD,1.0,1,266,0.0
tier3,2022,14,24680,210,L+S+MP+SD,1.0,1,214,0.0
tier3,2022,14,24680,211,M+L+S+MP+SD,1.0,1,282,0.0
tier3,2022,14,24680,212,C+S+MP+SD,1.0,1,222,0.0
tier3,2022,14,24680,213,M+C+S+MP+SD,1.0,1,290,0.0
tier3,2022,14,24680,214,L+C+S+MP+SD,1.0,1,238,0.0
tier3,2022,14,24680,215,M+L+C+S+MP+SD,1.0,1,306,0.0
tier3,2022,14,24680,216,KD+S+MP+SD,1.0,1,217,0.0
tier3,2022,14,24680,217,M+KD+S+MP+SD,1.0,1,285,0.0
tier3,2022,14,24680,218,L+KD+S+MP+SD,1.0,1,233,0.0
tier3,2022,14,24680,219,M+L+KD+S+MP+SD,1.0,1,301,0.0
tier3,2022,14,24680,220,C+KD+S+MP+SD,1.0,1,241,0.0
tier3,2022,14,24680,221,M+C+KD+S+MP+SD,1.0,1,309,0.0
tier3,2022,14,24680,222,L+C+KD+S+MP+SD,1.0,1,257,0.0
tier3,2022,14,24680,223,M+L+C+KD+S+MP+SD,1.0,1,325,0.0
tier3,2022,14,24680,224,V+MP+SD,0.0,0,115,0.0
tier3,2022,14,24680,225,M+V+MP+SD,0.7861,1,183,0.04575320999999999
tier3,2022,14,24680,226,L+V+MP+SD,0.0,0,131,0.0
tier3,2022,14,24680,227,M+L+V+MP+SD,1.0,1,199,0.0
tier3,2022,14,24680,228,C+V+MP+SD,0.0,0,139,0.0
tier3,2022,14,24680,229,M+C+V+MP+SD,1.0,1,207,0.0
tier3,2022,14,24680,230,L+C+V+MP+SD,0.0003,0,155,8.999999999999999e-08
tier3,2022,14,24680,231,M+L+C+V+MP+SD,1.0,1,223,0.0
tier3,2022,14,24680,232,KD+V+MP+SD,0.0,0,134,0.0
tier3,2022,14,24680,233,M+KD+V+MP+SD,1.0,1,202,0.0
tier3,2022,14,24680,234,L+KD+V+MP+SD,0.0,0,150,0.0
tier3,2022,14,24680,235,M+L+KD+V+MP+SD,1.0,1,218,0.0
tier3,2022,14,24680,236,C+KD+V+MP+SD,0.00595,0,158,3.5402500000000005e-05
tier3,2022,14,24680,237,M+C+KD+V+MP+SD,1.0,1,226,0.0
tier3,2022,14,24680,238,L+C+KD+V+MP+SD,0.6955,0,174,0.48372025
tier3,2022,14,24680,239,M+L+C+KD+V+MP+SD,1.0,1,242,0.0
tier3,2022,14,24680,240,S+V+MP+SD,1.0,1,222,0.0
tier3,2022,14,24680,241,M+S+V+MP+SD,1.0,1,290,0.0
tier3,2022,14,24680,242,L+S+V+MP+SD,1.0,1,238,0.0
tier3,2022,14,24680,243,M+L+S+V+MP+SD,1.0,1,306,0.0
tier3,2022,14,24680,244,C+S+V+MP+SD,1.0,1,246,0.0
tier3,2022,14,24680,245,M+C+S+V+MP+SD,1.0,1,314,0.0
tier3,2022,14,24680,246,L+C+S+V+MP+SD,1.0,1,262,0.0
tier3,2022,14,24680,247,M+L+C+S+V+MP+SD,1.0,1,330,0.0
tier3,2022,14,24680,248,KD+S+V+MP+SD,1.0,1,241,0.0
tier3,2022,14,24680,249,M+KD+S+V+MP+SD,1.0,1,309,0.0
tier3,2022,14,24680,250,L+KD+S+V+MP+SD,1.0,1,257,0.0
tier3,2022,14,24680,251,M+L+KD+S+V+MP+SD,1.0,1,325,0.0
tier3,2022,14,24680,252,C+KD+S+V+MP+SD,1.0,1,265,0.0
tier3,2022,14,24680,253,M+C+KD+S+V+MP+SD,1.0,1,333,0.0
tier3,2022,14,24680,254,L+C+KD+S+V+MP+SD,1.0,1,281,0.0
tier3,2022,14,98765,1,M,0.0,0,68,0.0
tier3,2022,14,98765,2,L,0.0,0,16,0.0
tier3,2022,14,98765,3,M+L,0.0,0,84,0.0
tier3,2022,14,98765,4,C,0.0,0,24,0.0
tier3,2022,14,98765,5,M+C,0.0,0,92,0.0
tier3,2022,14,98765,6,L+C,0.0,0,40,0.0
tier3,2022,14,98765,7,M+L+C,0.0,0,108,0.0
tier3,2022,14,98765,8,KD,0.0,0,19,0.0
tier3,2022,14,98765,9,M+KD,0.0,0,87,0.0
tier3,2022,14,98765,10,L+KD,0.0,0,35,0.0
tier3,2022,14,98765,11,M+L+KD,0.0,0,103,0.0
tier3,2022,14,98765,12,C+KD,0.0,0,43,0.0
tier3,2022,14,98765,13,M+C+KD,0.0,0,111,0.0
tier3,2022,14,98765,14,L+C+KD,0.0,0,59,0.0
tier3,2022,14,98765,15,M+L+C+KD,0.0,0,127,0.0
tier3,2022,14,98765,16,S,0.0,0,107,0.0
tier3,2022,14,98765,17,M+S,0.30215,1,175,0.48699462250000014
tier3,2022,14,98765,18,L+S,0.0,0,123,0.0
tier3,2022,14,98765,19,M+L+S,0.9945,1,191,3.0249999999999444e-05
tier3,2022,14,98765,20,C+S,0.0,0,131,0.0
tier3,2022,14,98765,21,M+C+S,1.0,1,199,0.0
tier3,2022,14,98765,22,L+C+S,0.0,0,147,0.0
tier3,2022,14,98765,23,M+L+C+S,1.0,1,215,0.0
tier3,2022,14,98765,24,KD+S,0.0,0,126,0.0
tier3,2022,14,98765,25,M+KD+S,0.9998,1,194,3.9999999999991186e-08
tier3,2022,14,98765,26,L+KD+S,0.0,0,142,0.0
tier3,2022,14,98765,27,M+L+KD+S,1.0,1,210,0.0
tier3,2022,14,98765,28,C+KD+S,0.0,0,150,0.0
tier3,2022,14,98765,29,M+C+KD+S,1.0,1,218,0.0
tier3,2022,14,98765,30,L+C+KD+S,0.21565,0,166,0.046504922500000004
tier3,2022,14,98765,31,M+L+C+KD+S,1.0,1,234,0.0
tier3,2022,14,98765,32,V,0.0,0,24,0.0
tier3,2022,14,98765,33,M+V,0.0,0,92,0.0
tier3,2022,14,98765,34,L+V,0.0,0,40,0.0
tier3,2022,14,98765,35,M+L+V,0.0,0,108,0.0
tier3,2022,14,98765,36,C+V,0.0,0,48,0.0
tier3,2022,14,98765,37,M+C+V,0.0,0,116,0.0
tier3,2022,14,98765,38,L+C+V,0.0,0,64,0.0
tier3,2022,14,98765,39,M+L+C+V,0.0,0,132,0.0
tier3,2022,14,98765,40,KD+V,0.0,0,43,0.0
tier3,2022,14,98765,41,M+KD+V,0.0,0,111,0.0
tier3,2022,14,98765,42,L+KD+V,0.0,0,59,0.0
tier3,2022,14,98765,43,M+L+KD+V,0.0,0,127,0.0
tier3,2022,14,98765,44,C+KD+V,0.0,0,67,0.0
tier3,2022,14,98765,45,M+C+KD+V,0.0,0,135,0.0
tier3,2022,14,98765,46,L+C+KD+V,0.0,0,83,0.0
tier3,2022,14,98765,47,M+L+C+KD+V,0.0,0,151,0.0
tier3,2022,14,98765,48,S+V,0.0,0,131,0.0
tier3,2022,14,98765,49,M+S+V,1.0,1,199,0.0
tier3,2022,14,98765,50,L+S+V,0.0,0,147,0.0
tier3,2022,14,98765,51,M+L+S+V,1.0,1,215,0.0
tier3,2022,14,98765,52,C+S+V,0.0,0,155,0.0
tier3,2022,14,98765,53,M+C+S+V,1.0,1,223,0.0
tier3,2022,14,98765,54,L+C+S+V,0.5153,0,171,0.26553409
tier3,2022,14,98765,55,M+L+C+S+V,1.0,1,239,0.0
tier3,2022,14,98765,56,KD+S+V,0.0,0,150,0.0
tier3,2022,14,98765,57,M+KD+S+V,1.0,1,218,0.0
tier3,2022,14,98765,58,L+KD+S+V,0.32575,0,166,0.1061130625
tier3,2022,14,98765,59,M+L+KD+S+V,1.0,1,234,0.0
tier3,2022,14,98765,60,C+KD+S+V,0.8357,0,174,0.69839449
tier3,2022,14,98765,61,M+C+KD+S+V,1.0,1,242,0.0
tier3,2022,14,98765,62,L+C+KD+S+V,0.99995,1,190,2.499999999999449e-09
tier3,2022,14,98765,63,M+L+C+KD+S+V,1.0,1,258,0.0
tier3,2022,14,98765,64,MP,0.0,0,18,0.0
tier3,2022,14,98765,65,M+MP,0.0,0,86,0.0
tier3,2022,14,98765,66,L+MP,0.0,0,34,0.0
tier3,2022,14,98765,67,M+L+MP,0.0,0,102,0.0
tier3,2022,14,98765,68,C+MP,0.0,0,42,0.0
tier3,2022,14,98765,69,M+C+MP,0.0,0,110,0.0
tier3,2022,14,98765,70,L+C+MP,0.0,0,58,0.0
tier3,2022,14,98765,71,M+L+C+MP,0.0,0,126,0.0
tier3,2022,14,98765,72,KD+MP,0.0,0,37,0.0
tier3,2022,14,98765,73,M+KD+MP,0.0,0,105,0.0
tier3,2022,14,98765,74,L+KD+MP,0.0,0,53,0.0
tier3,2022,14,98765,75,M+L+KD+MP,0.0,0,121,0.0
tier3,2022,14,98765,76,C+KD+MP,0.0,0,61,0.0
tier3,2022,14,98765,77,M+C+KD+MP,0.0,0,129,0.0
tier3,2022,14,98765,78,L+C+KD+MP,0.0,0,77,0.0
tier3,2022,14,98765,79,M+L+C+KD+MP,0.0,0,145,0.0
tier3,2022,14,98765,80,S+MP,0.0,0,125,0.0
tier3,2022,14,98765,81,M+S+MP,0.9993,1,193,4.900000000000475e-07
tier3,2022,14,98765,82,L+S+MP,0.0,0,141,0.0
tier3,2022,14,98765,83,M+L+S+MP,1.0,1,209,0.0
tier3,2022,14,98765,84,C+S+MP,0.0,0,149,0.0
tier3,2022,14,98765,85,M+C+S+MP,1.0,1,217,0.0
tier3,2022,14,98765,86,L+C+S+MP,0.1997,0,165,0.03988008999999999
tier3,2022,14,98765,87,M+L+C+S+MP,1.0,1,233,0.0
tier3,2022,14,98765,88,KD+S+MP,0.0,0,144,0.0
tier3,2022,14,98765,89,M+KD+S+MP,1.0,1,212,0.0
tier3,2022,14,98765,90,L+KD+S+MP,0.046,0,160,0.002116
tier3,2022,14,98765,91,M+L+KD+S+MP,1.0,1,228,0.0
tier3,2022,14,98765,92,C+KD+S+MP,0.27275,0,168,0.0743925625
tier3,2022,14,98765,93,M+C+KD+S+MP,1.0,1,236,0.0
tier3,2022,14,98765,94,L+C+KD+S+MP,0.904,1,184,0.009215999999999995
tier3,2022,14,98765,95,M+L+C+KD+S+MP,1.0,1,252,0.0
tier3,2022,14,98765,96,V+MP,0.0,0,42,0.0
tier3,2022,14,98765,97,M+V+MP,0.0,0,110,0.0
tier3,2022,14,98765,98,L+V+MP,0.0,0,58,0.0
tier3,2022,14,98765,99,M+L+V+MP,0.0,0,126,0.0
tier3,2022,14,98765,100,C+V+MP,0.0,0,66,0.0
tier3,2022,14,98765,101,M+C+V+MP,0.0,0,134,0.0
tier3,2022,14,98765,102,L+C+V+MP,0.0,0,82,0.0
tier3,2022,14,98765,103,M+L+C+V+MP,0.0,0,150,0.0
tier3,2022,14,98765,104,KD+V+MP,0.0,0,61,0.0
tier3,2022,14,98765,105,M+KD+V+MP,0.0,0,129,0.0
tier3,2022,14,98765,106,L+KD+V+MP,0.0,0,77,0.0
tier3,2022,14,98765,107,M+L+KD+V+MP,0.0,0,145,0.0
tier3,2022,14,98765,108,C+KD+V+MP,0.0,0,85,0.0
tier3,2022,14,98765,109,M+C+KD+V+MP,0.0,0,153,0.0
tier3,2022,14,98765,110,L+C+KD+V+MP,0.0,0,101,0.0
tier3,2022,14,98765,111,M+L+C+KD+V+MP,0.4603,0,169,0.21187609
tier3,2022,14,98765,112,S+V+MP,0.0,0,149,0.0
tier3,2022,14,98765,113,M+S+V+MP,1.0,1,217,0.0
tier3,2022,14,98765,114,L+S+V+MP,0.20345,0,165,0.041391902499999994
tier3,2022,14,98765,115,M+L+S+V+MP,1.0,1,233,0.0
tier3,2022,14,98765,116,C+S+V+MP,0.56735,0,173,0.32188602250000004
tier3,2022,14,98765,117,M+C+S+V+MP,1.0,1,241,0.0
tier3,2022,14,98765,118,L+C+S+V+MP,0.981,1,189,0.00036100000000000064
tier3,2022,14,98765,119,M+L+C+S+V+MP,1.0,1,257,0.0
tier3,2022,14,98765,120,KD+S+V+MP,0.3678,0,168,0.13527684
tier3,2022,14,98765,121,M+KD+S+V+MP,1.0,1,236,0.0
tier3,2022,14,98765,122,L+KD+S+V+MP,0.9641,1,184,0.001288810000000003
tier3,2022,14,98765,123,M+L+KD+S+V+MP,1.0,1,252,0.0
tier3,2022,14,98765,124,C+KD+S+V+MP,0.99985,1,192,2.2499999999995043e-08
tier3,2022,14,98765,125,M+C+KD+S+V+MP,1.0,1,260,0.0
tier3,2022,14,98765,126,L+C+KD+S+V+MP,1.0,1,208,0.0
tier3,2022,14,98765,127,M+L+C+KD+S+V+MP,1.0,1,276,0.0
tier3,2022,14,98765,128,SD,0.0,0,73,0.0
tier3,2022,14,98765,129,M+SD,0.0,0,141,0.0
tier3,2022,14,98765,130,L+SD,0.0,0,89,0.0
tier3,2022,14,98765,131,M+L+SD,0.00015,0,157,2.2499999999999996e-08
tier3,2022,14,98765,132,C+SD,0.0,0,97,0.0
tier3,2022,14,98765,133,M+C+SD,0.0359,0,165,0.00128881
tier3,2022,14,98765,134,L+C+SD,0.0,0,113,0.0
tier3,2022,14,98765,135,M+L+C+SD,0.6322,1,181,0.13527684
tier3,2022,14,98765,136,KD+SD,0.0,0,92,0.0
tier3,2022,14,98765,137,M+KD+SD,0.019,0,160,0.000361
tier3,2022,14,98765,138,L+KD+SD,0.0,0,108,0.0
tier3,2022,14,98765,139,M+L+KD+SD,0.43265,1,176,0.32188602250000004
tier3,2022,14,98765,140,C+KD+SD,0.0,0,116,0.0
tier3,2022,14,98765,141,M+C+KD+SD,0.79655,1,184,0.04139190250000001
tier3,2022,14,98765,142,L+C+KD+SD,0.0,0,132,0.0
tier3,2022,14,98765,143,M+L+C+KD+SD,1.0,1,200,0.0
tier3,2022,14,98765,144,S+SD,0.5397,1,180,0.21187609000000004
tier3,2022,14,98765,145,M+S+SD,1.0,1,248,0.0
tier3,2022,14,98765,146,L+S+SD,1.0,1,196,0.0
tier3,2022,14,98765,147,M+L+S+SD,1.0,1,264,0.0
tier3,2022,14,98765,148,C+S+SD,1.0,1,204,0.0
tier3,2022,14,98765,149,M+C+S+SD,1.0,1,272,0.0
tier3,2022,14,98765,150,L+C+S+SD,1.0,1,220,0.0
tier3,2022,14,98765,151,M+L+C+S+SD,1.0,1,288,0.0
tier3,2022,14,98765,152,KD+S+SD,1.0,1,199,0.0
tier3,2022,14,98765,153,M+KD+S+SD,1.0,1,267,0.0
tier3,2022,14,98765,154,L+KD+S+SD,1.0,1,215,0.0
tier3,2022,14,98765,155,M+L+KD+S+SD,1.0,1,283,0.0
tier3,2022,14,98765,156,C+KD+S+SD,1.0,1,223,0.0
tier3,2022,14,98765,157,M+C+KD+S+SD,1.0,1,291,0.0
tier3,2022,14,98765,158,L+C+KD+S+SD,1.0,1,239,0.0
tier3,2022,14,98765,159,M+L+C+KD+S+SD,1.0,1,307,0.0
tier3,2022,14,98765,160,V+SD,0.0,0,97,0.0
tier3,2022,14,98765,161,M+V+SD,0.096,0,165,0.009216
tier3,2022,14,98765,162,L+V+SD,0.0,0,113,0.0
tier3,2022,14,98765,163,M+L+V+SD,0.72725,1,181,0.07439256250000002
tier3,2022,14,98765,164,C+V+SD,0.0,0,121,0.0
tier3,2022,14,98765,165,M+C+V+SD,0.954,1,189,0.0021160000000000037
tier3,2022,14,98765,166,L+C+V+SD,0.0,0,137,0.0
tier3,2022,14,98765,167,M+L+C+V+SD,1.0,1,205,0.0
tier3,2022,14,98765,168,KD+V+SD,0.0,0,116,0.0
tier3,2022,14,98765,169,M+KD+V+SD,0.8003,1,184,0.03988008999999999
tier3,2022,14,98765,170,L+KD+V+SD,0.0,0,132,0.0
tier3,2022,14,98765,171,M+L+KD+V+SD,1.0,1,200,0.0
tier3,2022,14,98765,172,C+KD+V+SD,0.0,0,140,0.0
tier3,2022,14,98765,173,M+C+KD+V+SD,1.0,1,208,0.0
tier3,2022,14,98765,174,L+C+KD+V+SD,0.0007,0,156,4.9e-07
tier3,2022,14,98765,175,M+L+C+KD+V+SD,1.0,1,224,0.0
tier3,2022,14,98765,176,S+V+SD,1.0,1,204,0.0
tier3,2022,14,98765,177,M+S+V+SD,1.0,1,272,0.0
tier3,2022,14,98765,178,L+S+V+SD,1.0,1,220,0.0
tier3,2022,14,98765,179,M+L+S+V+SD,1.0,1,288,0.0
tier3,2022,14,98765,180,C+S+V+SD,1.0,1,228,0.0
tier3,2022,14,98765,181,M+C+S+V+SD,1.0,1,296,0.0
tier3,2022,14,98765,182,L+C+S+V+SD,1.0,1,244,0.0
tier3,2022,14,98765,183,M+L+C+S+V+SD,1.0,1,312,0.0
tier3,2022,14,98765,184,KD+S+V+SD,1.0,1,223,0.0
tier3,2022,14,98765,185,M+KD+S+V+SD,1.0,1,291,0.0
tier3,2022,14,98765,186,L+KD+S+V+SD,1.0,1,239,0.0
tier3,2022,14,98765,187,M+L+KD+S+V+SD,1.0,1,307,0.0
tier3,2022,14,98765,188,C+KD+S+V+SD,1.0,1,247,0.0
tier3,2022,14,98765,189,M+C+KD+S+V+SD,1.0,1,315,0.0
tier3,2022,14,98765,190,L+C+KD+S+V+SD,1.0,1,263,0.0
tier3,2022,14,98765,191,M+L+C+KD+S+V+SD,1.0,1,331,0.0
tier3,2022,14,98765,192,MP+SD,0.0,0,91,0.0
tier3,2022,14,98765,193,M+MP+SD,5e-05,0,159,2.5e-09
tier3,2022,14,98765,194,L+MP+SD,0.0,0,107,0.0
tier3,2022,14,98765,195,M+L+MP+SD,0.1643,1,175,0.69839449
tier3,2022,14,98765,196,C+MP+SD,0.0,0,115,0.0
tier3,2022,14,98765,197,M+C+MP+SD,0.67425,1,183,0.1061130625
tier3,2022,14,98765,198,L+C+MP+SD,0.0,0,131,0.0
tier3,2022,14,98765,199,M+L+C+MP+SD,1.0,1,199,0.0
tier3,2022,14,98765,200,KD+MP+SD,0.0,0,110,0.0
tier3,2022,14,98765,201,M+KD+MP+SD,0.4847,1,178,0.26553409
tier3,2022,14,98765,202,L+KD+MP+SD,0.0,0,126,0.0
tier3,2022,14,98765,203,M+L+KD+MP+SD,1.0,1,194,0.0
tier3,2022,14,98765,204,C+KD+MP+SD,0.0,0,134,0.0
tier3,2022,14,98765,205,M+C+KD+MP+SD,1.0,1,202,0.0
tier3,2022,14,98765,206,L+C+KD+MP+SD,0.0,0,150,0.0
tier3,2022,14,98765,207,M+L+C+KD+MP+SD,1.0,1,218,0.0
tier3,2022,14,98765,208,S+MP+SD,1.0,1,198,0.0
tier3,2022,14,98765,209,M+S+MP+SD,1.0,1,266,0.0
tier3,2022,14,98765,210,L+S+MP+SD,1.0,1,214,0.0
tier3,2022,14,98765,211,M+L+S+MP+SD,1.0,1,282,0.0
tier3,2022,14,98765,212,C+S+MP+SD,1.0,1,222,0.0
tier3,2022,14,98765,213,M+C+S+MP+SD,1.0,1,290,0.0
tier3,2022,14,98765,214,L+C+S+MP+SD,1.0,1,238,0.0
tier3,2022,14,98765,215,M+L+C+S+MP+SD,1.0,1,306,0.0
tier3,2022,14,98765,216,KD+S+MP+SD,1.0,1,217,0.0
tier3,2022,14,98765,217,M+KD+S+MP+SD,1.0,1,285,0.0
tier3,2022,14,98765,218,L+KD+S+MP+SD,1.0,1,233,0.0
tier3,2022,14,98765,219,M+L+KD+S+MP+SD,1.0,1,301,0.0
tier3,2022,14,98765,220,C+KD+S+MP+SD,1.0,1,241,0.0
tier3,2022,14,98765,221,M+C+KD+S+MP+SD,1.0,1,309,0.0
tier3,2022,14,98765,222,L+C+KD+S+MP+SD,1.0,1,257,0.0
tier3,2022,14,98765,223,M+L+C+KD+S+MP+SD,1.0,1,325,0.0
tier3,2022,14,98765,224,V+MP+SD,0.0,0,115,0.0
tier3,2022,14,98765,225,M+V+MP+SD,0.78435,1,183,0.046504922500000004
tier3,2022,14,98765,226,L+V+MP+SD,0.0,0,131,0.0
tier3,2022,14,98765,227,M+L+V+MP+SD,1.0,1,199,0.0
tier3,2022,14,98765,228,C+V+MP+SD,0.0,0,139,0.0
tier3,2022,14,98765,229,M+C+V+MP+SD,1.0,1,207,0.0
tier3,2022,14,98765,230,L+C+V+MP+SD,0.0002,0,155,4e-08
tier3,2022,14,98765,231,M+L+C+V+MP+SD,1.0,1,223,0.0
tier3,2022,14,98765,232,KD+V+MP+SD,0.0,0,134,0.0
tier3,2022,14,98765,233,M+KD+V+MP+SD,1.0,1,202,0.0
tier3,2022,14,98765,234,L+KD+V+MP+SD,0.0,0,150,0.0
tier3,2022,14,98765,235,M+L+KD+V+MP+SD,1.0,1,218,0.0
tier3,2022,14,98765,236,C+KD+V+MP+SD,0.0055,0,158,3.0249999999999997e-05
tier3,2022,14,98765,237,M+C+KD+V+MP+SD,1.0,1,226,0.0
tier3,2022,14,98765,238,L+C+KD+V+MP+SD,0.69785,0,174,0.4869946225
tier3,2022,14,98765,239,M+L+C+KD+V+MP+SD,1.0,1,242,0.0
tier3,2022,14,98765,240,S+V+MP+SD,1.0,1,222,0.0
tier3,2022,14,98765,241,M+S+V+MP+SD,1.0,1,290,0.0
tier3,2022,14,98765,242,L+S+V+MP+SD,1.0,1,238,0.0
tier3,2022,14,98765,243,M+L+S+V+MP+SD,1.0,1,306,0.0
tier3,2022,14,98765,244,C+S+V+MP+SD,1.0,1,246,0.0
tier3,2022,14,98765,245,M+C+S+V+MP+SD,1.0,1,314,0.0
tier3,2022,14,98765,246,L+C+S+V+MP+SD,1.0,1,262,0.0
tier3,2022,14,98765,247,M+L+C+S+V+MP+SD,1.0,1,330,0.0
tier3,2022,14,98765,248,KD+S+V+MP+SD,1.0,1,241,0.0
tier3,2022,14,98765,249,M+KD+S+V+MP+SD,1.0,1,309,0.0
tier3,2022,14,98765,250,L+KD+S+V+MP+SD,1.0,1,257,0.0
tier3,2022,14,98765,251,M+L+KD+S+V+MP+SD,1.0,1,325,0.0
tier3,2022,14,98765,252,C+KD+S+V+MP+SD,1.0,1,265,0.0
tier3,2022,14,98765,253,M+C+KD+S+V+MP+SD,1.0,1,333,0.0
tier3,2022,14,98765,254,L+C+KD+S+V+MP+SD,1.0,1,281,0.0
tier3,2022,14,54321,1,M,0.0,0,68,0.0
tier3,2022,14,54321,2,L,0.0,0,16,0.0
tier3,2022,14,54321,3,M+L,0.0,0,84,0.0
tier3,2022,14,54321,4,C,0.0,0,24,0.0
tier3,2022,14,54321,5,M+C,0.0,0,92,0.0
tier3,2022,14,54321,6,L+C,0.0,0,40,0.0
tier3,2022,14,54321,7,M+L+C,0.0,0,108,0.0
tier3,2022,14,54321,8,KD,0.0,0,19,0.0
tier3,2022,14,54321,9,M+KD,0.0,0,87,0.0
tier3,2022,14,54321,10,L+KD,0.0,0,35,0.0
tier3,2022,14,54321,11,M+L+KD,0.0,0,103,0.0
tier3,2022,14,54321,12,C+KD,0.0,0,43,0.0
tier3,2022,14,54321,13,M+C+KD,0.0,0,111,0.0
tier3,2022,14,54321,14,L+C+KD,0.0,0,59,0.0
tier3,2022,14,54321,15,M+L+C+KD,0.0,0,127,0.0
tier3,2022,14,54321,16,S,0.0,0,107,0.0
tier3,2022,14,54321,17,M+S,0.3072,1,175,0.4799718400000001
tier3,2022,14,54321,18,L+S,0.0,0,123,0.0
tier3,2022,14,54321,19,M+L+S,0.9943,1,191,3.2490000000000436e-05
tier3,2022,14,54321,20,C+S,0.0,0,131,0.0
tier3,2022,14,54321,21,M+C+S,1.0,1,199,0.0
tier3,2022,14,54321,22,L+C+S,0.0,0,147,0.0
tier3,2022,14,54321,23,M+L+C+S,1.0,1,215,0.0
tier3,2022,14,54321,24,KD+S,0.0,0,126,0.0
tier3,2022,14,54321,25,M+KD+S,0.9995,1,194,2.4999999999994493e-07
tier3,2022,14,54321,26,L+KD+S,0.0,0,142,0.0
tier3,2022,14,54321,27,M+L+KD+S,1.0,1,210,0.0
tier3,2022,14,54321,28,C+KD+S,0.0,0,150,0.0
tier3,2022,14,54321,29,M+C+KD+S,1.0,1,218,0.0
tier3,2022,14,54321,30,L+C+KD+S,0.2094,0,166,0.04384836
tier3,2022,14,54321,31,M+L+C+KD+S,1.0,1,234,0.0
tier3,2022,14,54321,32,V,0.0,0,24,0.0
tier3,2022,14,54321,33,M+V,0.0,0,92,0.0
tier3,2022,14,54321,34,L+V,0.0,0,40,0.0
tier3,2022,14,54321,35,M+L+V,0.0,0,108,0.0
tier3,2022,14,54321,36,C+V,0.0,0,48,0.0
tier3,2022,14,54321,37,M+C+V,0.0,0,116,0.0
tier3,2022,14,54321,38,L+C+V,0.0,0,64,0.0
tier3,2022,14,54321,39,M+L+C+V,0.0,0,132,0.0
tier3,2022,14,54321,40,KD+V,0.0,0,43,0.0
tier3,2022,14,54321,41,M+KD+V,0.0,0,111,0.0
tier3,2022,14,54321,42,L+KD+V,0.0,0,59,0.0
tier3,2022,14,54321,43,M+L+KD+V,0.0,0,127,0.0
tier3,2022,14,54321,44,C+KD+V,0.0,0,67,0.0
tier3,2022,14,54321,45,M+C+KD+V,0.0,0,135,0.0
tier3,2022,14,54321,46,L+C+KD+V,0.0,0,83,0.0
tier3,2022,14,54321,47,M+L+C+KD+V,0.0,0,151,0.0
tier3,2022,14,54321,48,S+V,0.0,0,131,0.0
tier3,2022,14,54321,49,M+S+V,1.0,1,199,0.0
tier3,2022,14,54321,50,L+S+V,0.0,0,147,0.0
tier3,2022,14,54321,51,M+L+S+V,1.0,1,215,0.0
tier3,2022,14,54321,52,C+S+V,5e-05,0,155,2.5e-09
tier3,2022,14,54321,53,M+C+S+V,1.0,1,223,0.0
tier3,2022,14,54321,54,L+C+S+V,0.51795,0,171,0.2682722025
tier3,2022,14,54321,55,M+L+C+S+V,1.0,1,239,0.0
tier3,2022,14,54321,56,KD+S+V,0.0,0,150,0.0
tier3,2022,14,54321,57,M+KD+S+V,1.0,1,218,0.0
tier3,2022,14,54321,58,L+KD+S+V,0.32395,0,166,0.10494360250000001
tier3,2022,14,54321,59,M+L+KD+S+V,1.0,1,234,0.0
tier3,2022,14,54321,60,C+KD+S+V,0.83945,0,174,0.7046763025
tier3,2022,14,54321,61,M+C+KD+S+V,1.0,1,242,0.0
tier3,2022,14,54321,62,L+C+KD+S+V,1.0,1,190,0.0
tier3,2022,14,54321,63,M+L+C+KD+S+V,1.0,1,258,0.0
tier3,2022,14,54321,64,MP,0.0,0,18,0.0
tier3,2022,14,54321,65,M+MP,0.0,0,86,0.0
tier3,2022,14,54321,66,L+MP,0.0,0,34,0.0
tier3,2022,14,54321,67,M+L+MP,0.0,0,102,0.0
tier3,2022,14,54321,68,C+MP,0.0,0,42,0.0
tier3,2022,14,54321,69,M+C+MP,0.0,0,110,0.0
tier3,2022,14,54321,70,L+C+MP,0.0,0,58,0.0
tier3,2022,14,54321,71,M+L+C+MP,0.0,0,126,0.0
tier3,2022,14,54321,72,KD+MP,0.0,0,37,0.0
tier3,2022,14,54321,73,M+KD+MP,0.0,0,105,0.0
tier3,2022,14,54321,74,L+KD+MP,0.0,0,53,0.0
tier3,2022,14,54321,75,M+L+KD+MP,0.0,0,121,0.0
tier3,2022,14,54321,76,C+KD+MP,0.0,0,61,0.0
tier3,2022,14,54321,77,M+C+KD+MP,0.0,0,129,0.0
tier3,2022,14,54321,78,L+C+KD+MP,0.0,0,77,0.0
tier3,2022,14,54321,79,M+L+C+KD+MP,0.0,0,145,0.0
tier3,2022,14,54321,80,S+MP,0.0,0,125,0.0
tier3,2022,14,54321,81,M+S+MP,0.999,1,193,1.0000000000000019e-06
tier3,2022,14,54321,82,L+S+MP,0.0,0,141,0.0
tier3,2022,14,54321,83,M+L+S+MP,1.0,1,209,0.0
tier3,2022,14,54321,84,C+S+MP,0.0,0,149,0.0
tier3,2022,14,54321,85,M+C+S+MP,1.0,1,217,0.0
tier3,2022,14,54321,86,L+C+S+MP,0.1993,0,165,0.039720490000000004
tier3,2022,14,54321,87,M+L+C+S+MP,1.0,1,233,0.0
tier3,2022,14,54321,88,KD+S+MP,0.0,0,144,0.0
tier3,2022,14,54321,89,M+KD+S+MP,1.0,1,212,0.0
tier3,2022,14,54321,90,L+KD+S+MP,0.04515,0,160,0.0020385225000000002
tier3,2022,14,54321,91,M+L+KD+S+MP,1.0,1,228,0.0
tier3,2022,14,54321,92,C+KD+S+MP,0.26755,0,168,0.0715830025
tier3,2022,14,54321,93,M+C+KD+S+MP,1.0,1,236,0.0
tier3,2022,14,54321,94,L+C+KD+S+MP,0.8989,1,184,0.010221209999999993
tier3,2022,14,54321,95,M+L+C+KD+S+MP,1.0,1,252,0.0
tier3,2022,14,54321,96,V+MP,0.0,0,42,0.0
tier3,2022,14,54321,97,M+V+MP,0.0,0,110,0.0
tier3,2022,14,54321,98,L+V+MP,0.0,0,58,0.0
tier3,2022,14,54321,99,M+L+V+MP,0.0,0,126,0.0
tier3,2022,14,54321,100,C+V+MP,0.0,0,66,0.0
tier3,2022,14,54321,101,M+C+V+MP,0.0,0,134,0.0
tier3,2022,14,54321,102,L+C+V+MP,0.0,0,82,0.0
tier3,2022,14,54321,103,M+L+C+V+MP,0.0,0,150,0.0
tier3,2022,14,54321,104,KD+V+MP,0.0,0,61,0.0
tier3,2022,14,54321,105,M+KD+V+MP,0.0,0,129,0.0
tier3,2022,14,54321,106,L+KD+V+MP,0.0,0,77,0.0
tier3,2022,14,54321,107,M+L+KD+V+MP,0.0,0,145,0.0
tier3,2022,14,54321,108,C+KD+V+MP,0.0,0,85,0.0
tier3,2022,14,54321,109,M+C+KD+V+MP,0.0,0,153,0.0
tier3,2022,14,54321,110,L+C+KD+V+MP,0.0,0,101,0.0
tier3,2022,14,54321,111,M+L+C+KD+V+MP,0.45815,0,169,0.2099014225
tier3,2022,14,54321,112,S+V+MP,0.0,0,149,0.0
tier3,2022,14,54321,113,M+S+V+MP,1.0,1,217,0.0
tier3,2022,14,54321,114,L+S+V+MP,0.2014,0,165,0.04056196
tier3,2022,14,54321,115,M+L+S+V+MP,1.0,1,233,0.0
tier3,2022,14,54321,116,C+S+V+MP,0.56475,0,173,0.31894256249999997
tier3,2022,14,54321,117,M+C+S+V+MP,1.0,1,241,0.0
tier3,2022,14,54321,118,L+C+S+V+MP,0.9809,1,189,0.00036481000000000024
tier3,2022,14,54321,119,M+L+C+S+V+MP,1.0,1,257,0.0
tier3,2022,14,54321,120,KD+S+V+MP,0.3622,0,168,0.13118884000000003
tier3,2022,14,54321,121,M+KD+S+V+MP,1.0,1,236,0.0
tier3,2022,14,54321,122,L+KD+S+V+MP,0.96345,1,184,0.001335902499999998
tier3,2022,14,54321,123,M+L+KD+S+V+MP,1.0,1,252,0.0
tier3,2022,14,54321,124,C+KD+S+V+MP,0.9998,1,192,3.9999999999991186e-08
tier3,2022,14,54321,125,M+C+KD+S+V+MP,1.0,1,260,0.0
tier3,2022,14,54321,126,L+C+KD+S+V+MP,1.0,1,208,0.0
tier3,2022,14,54321,127,M+L+C+KD+S+V+MP,1.0,1,276,0.0
tier3,2022,14,54321,128,SD,0.0,0,73,0.0
tier3,2022,14,54321,129,M+SD,0.0,0,141,0.0
tier3,2022,14,54321,130,L+SD,0.0,0,89,0.0
tier3,2022,14,54321,131,M+L+SD,0.0002,0,157,4e-08
tier3,2022,14,54321,132,C+SD,0.0,0,97,0.0
tier3,2022,14,54321,133,M+C+SD,0.03655,0,165,0.0013359024999999999
tier3,2022,14,54321,134,L+C+SD,0.0,0,113,0.0
tier3,2022,14,54321,135,M+L+C+SD,0.6378,1,181,0.13118883999999997
tier3,2022,14,54321,136,KD+SD,0.0,0,92,0.0
tier3,2022,14,54321,137,M+KD+SD,0.0191,0,160,0.00036480999999999997
tier3,2022,14,54321,138,L+KD+SD,0.0,0,108,0.0
tier3,2022,14,54321,139,M+L+KD+SD,0.43525,1,176,0.31894256249999997
tier3,2022,14,54321,140,C+KD+SD,0.0,0,116,0.0
tier3,2022,14,54321,141,M+C+KD+SD,0.7986,1,184,0.04056196000000001
tier3,2022,14,54321,142,L+C+KD+SD,0.0,0,132,0.0
tier3,2022,14,54321,143,M+L+C+KD+SD,1.0,1,200,0.0
tier3,2022,14,54321,144,S+SD,0.54185,1,180,0.20990142249999996
tier3,2022,14,54321,145,M+S+SD,1.0,1,248,0.0
tier3,2022,14,54321,146,L+S+SD,1.0,1,196,0.0
tier3,2022,14,54321,147,M+L+S+SD,1.0,1,264,0.0
tier3,2022,14,54321,148,C+S+SD,1.0,1,204,0.0
tier3,2022,14,54321,149,M+C+S+SD,1.0,1,272,0.0
tier3,2022,14,54321,150,L+C+S+SD,1.0,1,220,0.0
tier3,2022,14,54321,151,M+L+C+S+SD,1.0,1,288,0.0
tier3,2022,14,54321,152,KD+S+SD,1.0,1,199,0.0
tier3,2022,14,54321,153,M+KD+S+SD,1.0,1,267,0.0
tier3,2022,14,54321,154,L+KD+S+SD,1.0,1,215,0.0
tier3,2022,14,54321,155,M+L+KD+S+SD,1.0,1,283,0.0
tier3,2022,14,54321,156,C+KD+S+SD,1.0,1,223,0.0
tier3,2022,14,54321,157,M+C+KD+S+SD,1.0,1,291,0.0
tier3,2022,14,54321,158,L+C+KD+S+SD,1.0,1,239,0.0
tier3,2022,14,54321,159,M+L+C+KD+S+SD,1.0,1,307,0.0
tier3,2022,14,54321,160,V+SD,0.0,0,97,0.0
tier3,2022,14,54321,161,M+V+SD,0.1011,0,165,0.01022121
tier3,2022,14,54321,162,L+V+SD,0.0,0,113,0.0
tier3,2022,14,54321,163,M+L+V+SD,0.73245,1,181,0.07158300249999998
tier3,2022,14,54321,164,C+V+SD,0.0,0,121,0.0
tier3,2022,14,54321,165,M+C+V+SD,0.95485,1,189,0.002038522500000002
tier3,2022,14,54321,166,L+C+V+SD,0.0,0,137,0.0
tier3,2022,14,54321,167,M+L+C+V+SD,1.0,1,205,0.0
tier3,2022,14,54321,168,KD+V+SD,0.0,0,116,0.0
tier3,2022,14,54321,169,M+KD+V+SD,0.8007,1,184,0.03972049000000001
tier3,2022,14,54321,170,L+KD+V+SD,0.0,0,132,0.0
tier3,2022,14,54321,171,M+L+KD+V+SD,1.0,1,200,0.0
tier3,2022,14,54321,172,C+KD+V+SD,0.0,0,140,0.0
tier3,2022,14,54321,173,M+C+KD+V+SD,1.0,1,208,0.0
tier3,2022,14,54321,174,L+C+KD+V+SD,0.001,0,156,1e-06
tier3,2022,14,54321,175,M+L+C+KD+V+SD,1.0,1,224,0.0
tier3,2022,14,54321,176,S+V+SD,1.0,1,204,0.0
tier3,2022,14,54321,177,M+S+V+SD,1.0,1,272,0.0
tier3,2022,14,54321,178,L+S+V+SD,1.0,1,220,0.0
tier3,2022,14,54321,179,M+L+S+V+SD,1.0,1,288,0.0
tier3,2022,14,54321,180,C+S+V+SD,1.0,1,228,0.0
tier3,2022,14,54321,181,M+C+S+V+SD,1.0,1,296,0.0
tier3,2022,14,54321,182,L+C+S+V+SD,1.0,1,244,0.0
tier3,2022,14,54321,183,M+L+C+S+V+SD,1.0,1,312,0.0
tier3,2022,14,54321,184,KD+S+V+SD,1.0,1,223,0.0
tier3,2022,14,54321,185,M+KD+S+V+SD,1.0,1,291,0.0
tier3,2022,14,54321,186,L+KD+S+V+SD,1.0,1,239,0.0
tier3,2022,14,54321,187,M+L+KD+S+V+SD,1.0,1,307,0.0
tier3,2022,14,54321,188,C+KD+S+V+SD,1.0,1,247,0.0
tier3,2022,14,54321,189,M+C+KD+S+V+SD,1.0,1,315,0.0
tier3,2022,14,54321,190,L+C+KD+S+V+SD,1.0,1,263,0.0
tier3,2022,14,54321,191,M+L+C+KD+S+V+SD,1.0,1,331,0.0
tier3,2022,14,54321,192,MP+SD,0.0,0,91,0.0
tier3,2022,14,54321,193,M+MP+SD,0.0,0,159,0.0
tier3,2022,14,54321,194,L+MP+SD,0.0,0,107,0.0
tier3,2022,14,54321,195,M+L+MP+SD,0.16055,1,175,0.7046763025
tier3,2022,14,54321,196,C+MP+SD,0.0,0,115,0.0
tier3,2022,14,54321,197,M+C+MP+SD,0.67605,1,183,0.10494360249999997
tier3,2022,14,54321,198,L+C+MP+SD,0.0,0,131,0.0
tier3,2022,14,54321,199,M+L+C+MP+SD,1.0,1,199,0.0
tier3,2022,14,54321,200,KD+MP+SD,0.0,0,110,0.0
tier3,2022,14,54321,201,M+KD+MP+SD,0.48205,1,178,0.2682722025
tier3,2022,14,54321,202,L+KD+MP+SD,0.0,0,126,0.0
tier3,2022,14,54321,203,M+L+KD+MP+SD,0.99995,1,194,2.499999999999449e-09
tier3,2022,14,54321,204,C+KD+MP+SD,0.0,0,134,0.0
tier3,2022,14,54321,205,M+C+KD+MP+SD,1.0,1,202,0.0
tier3,2022,14,54321,206,L+C+KD+MP+SD,0.0,0,150,0.0
tier3,2022,14,54321,207,M+L+C+KD+MP+SD,1.0,1,218,0.0
tier3,2022,14,54321,208,S+MP+SD,1.0,1,198,0.0
tier3,2022,14,54321,209,M+S+MP+SD,1.0,1,266,0.0
tier3,2022,14,54321,210,L+S+MP+SD,1.0,1,214,0.0
tier3,2022,14,54321,211,M+L+S+MP+SD,1.0,1,282,0.0
tier3,2022,14,54321,212,C+S+MP+SD,1.0,1,222,0.0
tier3,2022,14,54321,213,M+C+S+MP+SD,1.0,1,290,0.0
tier3,2022,14,54321,214,L+C+S+MP+SD,1.0,1,238,0.0
tier3,2022,14,54321,215,M+L+C+S+MP+SD,1.0,1,306,0.0
tier3,2022,14,54321,216,KD+S+MP+SD,1.0,1,217,0.0
tier3,2022,14,54321,217,M+KD+S+MP+SD,1.0,1,285,0.0
tier3,2022,14,54321,218,L+KD+S+MP+SD,1.0,1,233,0.0
tier3,2022,14,54321,219,M+L+KD+S+MP+SD,1.0,1,301,0.0
tier3,2022,14,54321,220,C+KD+S+MP+SD,1.0,1,241,0.0
tier3,2022,14,54321,221,M+C+KD+S+MP+SD,1.0,1,309,0.0
tier3,2022,14,54321,222,L+C+KD+S+MP+SD,1.0,1,257,0.0
tier3,2022,14,54321,223,M+L+C+KD+S+MP+SD,1.0,1,325,0.0
tier3,2022,14,54321,224,V+MP+SD,0.0,0,115,0.0
tier3,2022,14,54321,225,M+V+MP+SD,0.7906,1,183,0.04384836000000001
tier3,2022,14,54321,226,L+V+MP+SD,0.0,0,131,0.0
tier3,2022,14,54321,227,M+L+V+MP+SD,1.0,1,199,0.0
tier3,2022,14,54321,228,C+V+MP+SD,0.0,0,139,0.0
tier3,2022,14,54321,229,M+C+V+MP+SD,1.0,1,207,0.0
tier3,2022,14,54321,230,L+C+V+MP+SD,0.0005,0,155,2.5e-07
tier3,2022,14,54321,231,M+L+C+V+MP+SD,1.0,1,223,0.0
tier3,2022,14,54321,232,KD+V+MP+SD,0.0,0,134,0.0
tier3,2022,14,54321,233,M+KD+V+MP+SD,1.0,1,202,0.0
tier3,2022,14,54321,234,L+KD+V+MP+SD,0.0,0,150,0.0
tier3,2022,14,54321,235,M+L+KD+V+MP+SD,1.0,1,218,0.0
tier3,2022,14,54321,236,C+KD+V+MP+SD,0.0057,0,158,3.249e-05
tier3,2022,14,54321,237,M+C+KD+V+MP+SD,1.0,1,226,0.0
tier3,2022,14,54321,238,L+C+KD+V+MP+SD,0.6928,0,174,0.47997184
tier3,2022,14,54321,239,M+L+C+KD+V+MP+SD,1.0,1,242,0.0
tier3,2022,14,54321,240,S+V+MP+SD,1.0,1,222,0.0
tier3,2022,14,54321,241,M+S+V+MP+SD,1.0,1,290,0.0
tier3,2022,14,54321,242,L+S+V+MP+SD,1.0,1,238,0.0
tier3,2022,14,54321,243,M+L+S+V+MP+SD,1.0,1,306,0.0
tier3,2022,14,54321,244,C+S+V+MP+SD,1.0,1,246,0.0
tier3,2022,14,54321,245,M+C+S+V+MP+SD,1.0,1,314,0.0
tier3,2022,14,54321,246,L+C+S+V+MP+SD,1.0,1,262,0.0
tier3,2022,14,54321,247,M+L+C+S+V+MP+SD,1.0,1,330,0.0
tier3,2022,14,54321,248,KD+S+V+MP+SD,1.0,1,241,0.0
tier3,2022,14,54321,249,M+KD+S+V+MP+SD,1.0,1,309,0.0
tier3,2022,14,54321,250,L+KD+S+V+MP+SD,1.0,1,257,0.0
tier3,2022,14,54321,251,M+L+KD+S+V+MP+SD,1.0,1,325,0.0
tier3,2022,14,54321,252,C+KD+S+V+MP+SD,1.0,1,265,0.0
tier3,2022,14,54321,253,M+C+KD+S+V+MP+SD,1.0,1,333,0.0
tier3,2022,14,54321,254,L+C+KD+S+V+MP+SD,1.0,1,281,0.0
tier3,2022,14,13579,1,M,0.0,0,68,0.0
tier3,2022,14,13579,2,L,0.0,0,16,0.0
tier3,2022,14,13579,3,M+L,0.0,0,84,0.0
tier3,2022,14,13579,4,C,0.0,0,24,0.0
tier3,2022,14,13579,5,M+C,0.0,0,92,0.0
tier3,2022,14,13579,6,L+C,0.0,0,40,0.0
tier3,2022,14,13579,7,M+L+C,0.0,0,108,0.0
tier3,2022,14,13579,8,KD,0.0,0,19,0.0
tier3,2022,14,13579,9,M+KD,0.0,0,87,0.0
tier3,2022,14,13579,10,L+KD,0.0,0,35,0.0
tier3,2022,14,13579,11,M+L+KD,0.0,0,103,0.0
tier3,2022,14,13579,12,C+KD,0.0,0,43,0.0
tier3,2022,14,13579,13,M+C+KD,0.0,0,111,0.0
tier3,2022,14,13579,14,L+C+KD,0.0,0,59,0.0
tier3,2022,14,13579,15,M+L+C+KD,0.0,0,127,0.0
tier3,2022,14,13579,16,S,0.0,0,107,0.0
tier3,2022,14,13579,17,M+S,0.3051,1,175,0.4828860100000001
tier3,2022,14,13579,18,L+S,0.0,0,123,0.0
tier3,2022,14,13579,19,M+L+S,0.99395,1,191,3.66025e-05
tier3,2022,14,13579,20,C+S,0.0,0,131,0.0
tier3,2022,14,13579,21,M+C+S,1.0,1,199,0.0
tier3,2022,14,13579,22,L+C+S,0.0,0,147,0.0
tier3,2022,14,13579,23,M+L+C+S,1.0,1,215,0.0
tier3,2022,14,13579,24,KD+S,0.0,0,126,0.0
tier3,2022,14,13579,25,M+KD+S,0.99945,1,194,3.025000000000555e-07
tier3,2022,14,13579,26,L+KD+S,0.0,0,142,0.0
tier3,2022,14,13579,27,M+L+KD+S,1.0,1,210,0.0
tier3,2022,14,13579,28,C+KD+S,0.0,0,150,0.0
tier3,2022,14,13579,29,M+C+KD+S,1.0,1,218,0.0
tier3,2022,14,13579,30,L+C+KD+S,0.2109,0,166,0.04447881
tier3,2022,14,13579,31,M+L+C+KD+S,1.0,1,234,0.0
tier3,2022,14,13579,32,V,0.0,0,24,0.0
tier3,2022,14,13579,33,M+V,0.0,0,92,0.0
tier3,2022,14,13579,34,L+V,0.0,0,40,0.0
tier3,2022,14,13579,35,M+L+V,0.0,0,108,0.0
tier3,2022,14,13579,36,C+V,0.0,0,48,0.0
tier3,2022,14,13579,37,M+C+V,0.0,0,116,0.0
tier3,2022,14,13579,38,L+C+V,0.0,0,64,0.0
tier3,2022,14,13579,39,M+L+C+V,0.0,0,132,0.0
tier3,2022,14,13579,40,KD+V,0.0,0,43,0.0
tier3,2022,14,13579,41,M+KD+V,0.0,0,111,0.0
tier3,2022,14,13579,42,L+KD+V,0.0,0,59,0.0
tier3,2022,14,13579,43,M+L+KD+V,0.0,0,127,0.0
tier3,2022,14,13579,44,C+KD+V,0.0,0,67,0.0
tier3,2022,14,13579,45,M+C+KD+V,0.0,0,135,0.0
tier3,2022,14,13579,46,L+C+KD+V,0.0,0,83,0.0
tier3,2022,14,13579,47,M+L+C+KD+V,0.0,0,151,0.0
tier3,2022,14,13579,48,S+V,0.0,0,131,0.0
tier3,2022,14,13579,49,M+S+V,1.0,1,199,0.0
tier3,2022,14,13579,50,L+S+V,0.0,0,147,0.0
tier3,2022,14,13579,51,M+L+S+V,1.0,1,215,0.0
tier3,2022,14,13579,52,C+S+V,0.0,0,155,0.0
tier3,2022,14,13579,53,M+C+S+V,1.0,1,223,0.0
tier3,2022,14,13579,54,L+C+S+V,0.51135,0,171,0.2614788225
tier3,2022,14,13579,55,M+L+C+S+V,1.0,1,239,0.0
tier3,2022,14,13579,56,KD+S+V,0.0,0,150,0.0
tier3,2022,14,13579,57,M+KD+S+V,1.0,1,218,0.0
tier3,2022,14,13579,58,L+KD+S+V,0.3307,0,166,0.10936248999999999
tier3,2022,14,13579,59,M+L+KD+S+V,1.0,1,234,0.0
tier3,2022,14,13579,60,C+KD+S+V,0.83605,0,174,0.6989796024999999
tier3,2022,14,13579,61,M+C+KD+S+V,1.0,1,242,0.0
tier3,2022,14,13579,62,L+C+KD+S+V,0.99995,1,190,2.499999999999449e-09
tier3,2022,14,13579,63,M+L+C+KD+S+V,1.0,1,258,0.0
tier3,2022,14,13579,64,MP,0.0,0,18,0.0
tier3,2022,14,13579,65,M+MP,0.0,0,86,0.0
tier3,2022,14,13579,66,L+MP,0.0,0,34,0.0
tier3,2022,14,13579,67,M+L+MP,0.0,0,102,0.0
tier3,2022,14,13579,68,C+MP,0.0,0,42,0.0
tier3,2022,14,13579,69,M+C+MP,0.0,0,110,0.0
tier3,2022,14,13579,70,L+C+MP,0.0,0,58,0.0
tier3,2022,14,13579,71,M+L+C+MP,0.0,0,126,0.0
tier3,2022,14,13579,72,KD+MP,0.0,0,37,0.0
tier3,2022,14,13579,73,M+KD+MP,0.0,0,105,0.0
tier3,2022,14,13579,74,L+KD+MP,0.0,0,53,0.0
tier3,2022,14,13579,75,M+L+KD+MP,0.0,0,121,0.0
tier3,2022,14,13579,76,C+KD+MP,0.0,0,61,0.0
tier3,2022,14,13579,77,M+C+KD+MP,0.0,0,129,0.0
tier3,2022,14,13579,78,L+C+KD+MP,0.0,0,77,0.0
tier3,2022,14,13579,79,M+L+C+KD+MP,0.0,0,145,0.0
tier3,2022,14,13579,80,S+MP,0.0,0,125,0.0
tier3,2022,14,13579,81,M+S+MP,0.99935,1,193,4.225000000000513e-07
tier3,2022,14,13579,82,L+S+MP,0.0,0,141,0.0
tier3,2022,14,13579,83,M+L+S+MP,1.0,1,209,0.0
tier3,2022,14,13579,84,C+S+MP,0.0,0,149,0.0
tier3,2022,14,13579,85,M+C+S+MP,1.0,1,217,0.0
tier3,2022,14,13579,86,L+C+S+MP,0.19615,0,165,0.0384748225
tier3,2022,14,13579,87,M+L+C+S+MP,1.0,1,233,0.0
tier3,2022,14,13579,88,KD+S+MP,0.0,0,144,0.0
tier3,2022,14,13579,89,M+KD+S+MP,1.0,1,212,0.0
tier3,2022,14,13579,90,L+KD+S+MP,0.0459,0,160,0.00210681
tier3,2022,14,13579,91,M+L+KD+S+MP,1.0,1,228,0.0
tier3,2022,14,13579,92,C+KD+S+MP,0.26485,0,168,0.07014552249999999
tier3,2022,14,13579,93,M+C+KD+S+MP,1.0,1,236,0.0
tier3,2022,14,13579,94,L+C+KD+S+MP,0.90165,1,184,0.00967272250000001
tier3,2022,14,13579,95,M+L+C+KD+S+MP,1.0,1,252,0.0
tier3,2022,14,13579,96,V+MP,0.0,0,42,0.0
tier3,2022,14,13579,97,M+V+MP,0.0,0,110,0.0
tier3,2022,14,13579,98,L+V+MP,0.0,0,58,0.0
tier3,2022,14,13579,99,M+L+V+MP,0.0,0,126,0.0
tier3,2022,14,13579,100,C+V+MP,0.0,0,66,0.0
tier3,2022,14,13579,101,M+C+V+MP,0.0,0,134,0.0
tier3,2022,14,13579,102,L+C+V+MP,0.0,0,82,0.0
tier3,2022,14,13579,103,M+L+C+V+MP,0.0,0,150,0.0
tier3,2022,14,13579,104,KD+V+MP,0.0,0,61,0.0
tier3,2022,14,13579,105,M+KD+V+MP,0.0,0,129,0.0
tier3,2022,14,13579,106,L+KD+V+MP,0.0,0,77,0.0
tier3,2022,14,13579,107,M+L+KD+V+MP,0.0,0,145,0.0
tier3,2022,14,13579,108,C+KD+V+MP,0.0,0,85,0.0
tier3,2022,14,13579,109,M+C+KD+V+MP,0.0,0,153,0.0
tier3,2022,14,13579,110,L+C+KD+V+MP,0.0,0,101,0.0
tier3,2022,14,13579,111,M+L+C+KD+V+MP,0.4685,0,169,0.21949225000000003
tier3,2022,14,13579,112,S+V+MP,0.0,0,149,0.0
tier3,2022,14,13579,113,M+S+V+MP,1.0,1,217,0.0
tier3,2022,14,13579,114,L+S+V+MP,0.1993,0,165,0.039720490000000004
tier3,2022,14,13579,115,M+L+S+V+MP,1.0,1,233,0.0
tier3,2022,14,13579,116,C+S+V+MP,0.5625,0,173,0.31640625
tier3,2022,14,13579,117,M+C+S+V+MP,1.0,1,241,0.0
tier3,2022,14,13579,118,L+C+S+V+MP,0.9829,1,189,0.00029241000000000016
tier3,2022,14,13579,119,M+L+C+S+V+MP,1.0,1,257,0.0
tier3,2022,14,13579,120,KD+S+V+MP,0.3628,0,168,0.13162384000000002
tier3,2022,14,13579,121,M+KD+S+V+MP,1.0,1,236,0.0
tier3,2022,14,13579,122,L+KD+S+V+MP,0.96495,1,184,0.0012285025000000017
tier3,2022,14,13579,123,M+L+KD+S+V+MP,1.0,1,252,0.0
tier3,2022,14,13579,124,C+KD+S+V+MP,0.99985,1,192,2.2499999999995043e-08
tier3,2022,14,13579,125,M+C+KD+S+V+MP,1.0,1,260,0.0
tier3,2022,14,13579,126,L+C+KD+S+V+MP,1.0,1,208,0.0
tier3,2022,14,13579,127,M+L+C+KD+S+V+MP,1.0,1,276,0.0
tier3,2022,14,13579,128,SD,0.0,0,73,0.0
tier3,2022,14,13579,129,M+SD,0.0,0,141,0.0
tier3,2022,14,13579,130,L+SD,0.0,0,89,0.0
tier3,2022,14,13579,131,M+L+SD,0.00015,0,157,2.2499999999999996e-08
tier3,2022,14,13579,132,C+SD,0.0,0,97,0.0
tier3,2022,14,13579,133,M+C+SD,0.03505,0,165,0.0012285024999999998
tier3,2022,14,13579,134,L+C+SD,0.0,0,113,0.0
tier3,2022,14,13579,135,M+L+C+SD,0.6372,1,181,0.13162384000000002
tier3,2022,14,13579,136,KD+SD,0.0,0,92,0.0
tier3,2022,14,13579,137,M+KD+SD,0.0171,0,160,0.00029241
tier3,2022,14,13579,138,L+KD+SD,0.0,0,108,0.0
tier3,2022,14,13579,139,M+L+KD+SD,0.4375,1,176,0.31640625
tier3,2022,14,13579,140,C+KD+SD,0.0,0,116,0.0
tier3,2022,14,13579,141,M+C+KD+SD,0.8007,1,184,0.03972049000000001
tier3,2022,14,13579,142,L+C+KD+SD,0.0,0,132,0.0
tier3,2022,14,13579,143,M+L+C+KD+SD,1.0,1,200,0.0
tier3,2022,14,13579,144,S+SD,0.5315,1,180,0.21949225000000003
tier3,2022,14,13579,145,M+S+SD,1.0,1,248,0.0
tier3,2022,14,13579,146,L+S+SD,1.0,1,196,0.0
tier3,2022,14,13579,147,M+L+S+SD,1.0,1,264,0.0
tier3,2022,14,13579,148,C+S+SD,1.0,1,204,0.0
tier3,2022,14,13579,149,M+C+S+SD,1.0,1,272,0.0
tier3,2022,14,13579,150,L+C+S+SD,1.0,1,220,0.0
tier3,2022,14,13579,151,M+L+C+S+SD,1.0,1,288,0.0
tier3,2022,14,13579,152,KD+S+SD,1.0,1,199,0.0
tier3,2022,14,13579,153,M+KD+S+SD,1.0,1,267,0.0
tier3,2022,14,13579,154,L+KD+S+SD,1.0,1,215,0.0
tier3,2022,14,13579,155,M+L+KD+S+SD,1.0,1,283,0.0
tier3,2022,14,13579,156,C+KD+S+SD,1.0,1,223,0.0
tier3,2022,14,13579,157,M+C+KD+S+SD,1.0,1,291,0.0
tier3,2022,14,13579,158,L+C+KD+S+SD,1.0,1,239,0.0
tier3,2022,14,13579,159,M+L+C+KD+S+SD,1.0,1,307,0.0
tier3,2022,14,13579,160,V+SD,0.0,0,97,0.0
tier3,2022,14,13579,161,M+V+SD,0.09835,0,165,0.009672722500000001
tier3,2022,14,13579,162,L+V+SD,0.0,0,113,0.0
tier3,2022,14,13579,163,M+L+V+SD,0.73515,1,181,0.07014552250000002
tier3,2022,14,13579,164,C+V+SD,0.0,0,121,0.0
tier3,2022,14,13579,165,M+C+V+SD,0.9541,1,189,0.002106810000000005
tier3,2022,14,13579,166,L+C+V+SD,0.0,0,137,0.0
tier3,2022,14,13579,167,M+L+C+V+SD,1.0,1,205,0.0
tier3,2022,14,13579,168,KD+V+SD,0.0,0,116,0.0
tier3,2022,14,13579,169,M+KD+V+SD,0.80385,1,184,0.03847482250000002
tier3,2022,14,13579,170,L+KD+V+SD,0.0,0,132,0.0
tier3,2022,14,13579,171,M+L+KD+V+SD,1.0,1,200,0.0
tier3,2022,14,13579,172,C+KD+V+SD,0.0,0,140,0.0
tier3,2022,14,13579,173,M+C+KD+V+SD,1.0,1,208,0.0
tier3,2022,14,13579,174,L+C+KD+V+SD,0.00065,0,156,4.225e-07
tier3,2022,14,13579,175,M+L+C+KD+V+SD,1.0,1,224,0.0
tier3,2022,14,13579,176,S+V+SD,1.0,1,204,0.0
tier3,2022,14,13579,177,M+S+V+SD,1.0,1,272,0.0
tier3,2022,14,13579,178,L+S+V+SD,1.0,1,220,0.0
tier3,2022,14,13579,179,M+L+S+V+SD,1.0,1,288,0.0
tier3,2022,14,13579,180,C+S+V+SD,1.0,1,228,0.0
tier3,2022,14,13579,181,M+C+S+V+SD,1.0,1,296,0.0
tier3,2022,14,13579,182,L+C+S+V+SD,1.0,1,244,0.0
tier3,2022,14,13579,183,M+L+C+S+V+SD,1.0,1,312,0.0
tier3,2022,14,13579,184,KD+S+V+SD,1.0,1,223,0.0
tier3,2022,14,13579,185,M+KD+S+V+SD,1.0,1,291,0.0
tier3,2022,14,13579,186,L+KD+S+V+SD,1.0,1,239,0.0
tier3,2022,14,13579,187,M+L+KD+S+V+SD,1.0,1,307,0.0
tier3,2022,14,13579,188,C+KD+S+V+SD,1.0,1,247,0.0
tier3,2022,14,13579,189,M+C+KD+S+V+SD,1.0,1,315,0.0
tier3,2022,14,13579,190,L+C+KD+S+V+SD,1.0,1,263,0.0
tier3,2022,14,13579,191,M+L+C+KD+S+V+SD,1.0,1,331,0.0
tier3,2022,14,13579,192,MP+SD,0.0,0,91,0.0
tier3,2022,14,13579,193,M+MP+SD,5e-05,0,159,2.5e-09
tier3,2022,14,13579,194,L+MP+SD,0.0,0,107,0.0
tier3,2022,14,13579,195,M+L+MP+SD,0.16395,1,175,0.6989796024999999
tier3,2022,14,13579,196,C+MP+SD,0.0,0,115,0.0
tier3,2022,14,13579,197,M+C+MP+SD,0.6693,1,183,0.10936248999999999
tier3,2022,14,13579,198,L+C+MP+SD,0.0,0,131,0.0
tier3,2022,14,13579,199,M+L+C+MP+SD,1.0,1,199,0.0
tier3,2022,14,13579,200,KD+MP+SD,0.0,0,110,0.0
tier3,2022,14,13579,201,M+KD+MP+SD,0.48865,1,178,0.2614788225
tier3,2022,14,13579,202,L+KD+MP+SD,0.0,0,126,0.0
tier3,2022,14,13579,203,M+L+KD+MP+SD,1.0,1,194,0.0
tier3,2022,14,13579,204,C+KD+MP+SD,0.0,0,134,0.0
tier3,2022,14,13579,205,M+C+KD+MP+SD,1.0,1,202,0.0
tier3,2022,14,13579,206,L+C+KD+MP+SD,0.0,0,150,0.0
tier3,2022,14,13579,207,M+L+C+KD+MP+SD,1.0,1,218,0.0
tier3,2022,14,13579,208,S+MP+SD,1.0,1,198,0.0
tier3,2022,14,13579,209,M+S+MP+SD,1.0,1,266,0.0
tier3,2022,14,13579,210,L+S+MP+SD,1.0,1,214,0.0
tier3,2022,14,13579,211,M+L+S+MP+SD,1.0,1,282,0.0
tier3,2022,14,13579,212,C+S+MP+SD,1.0,1,222,0.0
tier3,2022,14,13579,213,M+C+S+MP+SD,1.0,1,290,0.0
tier3,2022,14,13579,214,L+C+S+MP+SD,1.0,1,238,0.0
tier3,2022,14,13579,215,M+L+C+S+MP+SD,1.0,1,306,0.0
tier3,2022,14,13579,216,KD+S+MP+SD,1.0,1,217,0.0
tier3,2022,14,13579,217,M+KD+S+MP+SD,1.0,1,285,0.0
tier3,2022,14,13579,218,L+KD+S+MP+SD,1.0,1,233,0.0
tier3,2022,14,13579,219,M+L+KD+S+MP+SD,1.0,1,301,0.0
tier3,2022,14,13579,220,C+KD+S+MP+SD,1.0,1,241,0.0
tier3,2022,14,13579,221,M+C+KD+S+MP+SD,1.0,1,309,0.0
tier3,2022,14,13579,222,L+C+KD+S+MP+SD,1.0,1,257,0.0
tier3,2022,14,13579,223,M+L+C+KD+S+MP+SD,1.0,1,325,0.0
tier3,2022,14,13579,224,V+MP+SD,0.0,0,115,0.0
tier3,2022,14,13579,225,M+V+MP+SD,0.7891,1,183,0.04447880999999999
tier3,2022,14,13579,226,L+V+MP+SD,0.0,0,131,0.0
tier3,2022,14,13579,227,M+L+V+MP+SD,1.0,1,199,0.0
tier3,2022,14,13579,228,C+V+MP+SD,0.0,0,139,0.0
tier3,2022,14,13579,229,M+C+V+MP+SD,1.0,1,207,0.0
tier3,2022,14,13579,230,L+C+V+MP+SD,0.00055,0,155,3.025e-07
tier3,2022,14,13579,231,M+L+C+V+MP+SD,1.0,1,223,0.0
tier3,2022,14,13579,232,KD+V+MP+SD,0.0,0,134,0.0
tier3,2022,14,13579,233,M+KD+V+MP+SD,1.0,1,202,0.0
tier3,2022,14,13579,234,L+KD+V+MP+SD,0.0,0,150,0.0
tier3,2022,14,13579,235,M+L+KD+V+MP+SD,1.0,1,218,0.0
tier3,2022,14,13579,236,C+KD+V+MP+SD,0.00605,0,158,3.66025e-05
tier3,2022,14,13579,237,M+C+KD+V+MP+SD,1.0,1,226,0.0
tier3,2022,14,13579,238,L+C+KD+V+MP+SD,0.6949,0,174,0.4828860099999999
tier3,2022,14,13579,239,M+L+C+KD+V+MP+SD,1.0,1,242,0.0
tier3,2022,14,13579,240,S+V+MP+SD,1.0,1,222,0.0
tier3,2022,14,13579,241,M+S+V+MP+SD,1.0,1,290,0.0
tier3,2022,14,13579,242,L+S+V+MP+SD,1.0,1,238,0.0
tier3,2022,14,13579,243,M+L+S+V+MP+SD,1.0,1,306,0.0
tier3,2022,14,13579,244,C+S+V+MP+SD,1.0,1,246,0.0
tier3,2022,14,13579,245,M+C+S+V+MP+SD,1.0,1,314,0.0
tier3,2022,14,13579,246,L+C+S+V+MP+SD,1.0,1,262,0.0
tier3,2022,14,13579,247,M+L+C+S+V+MP+SD,1.0,1,330,0.0
tier3,2022,14,13579,248,KD+S+V+MP+SD,1.0,1,241,0.0
tier3,2022,14,13579,249,M+KD+S+V+MP+SD,1.0,1,309,0.0
tier3,2022,14,13579,250,L+KD+S+V+MP+SD,1.0,1,257,0.0
tier3,2022,14,13579,251,M+L+KD+S+V+MP+SD,1.0,1,325,0.0
tier3,2022,14,13579,252,C+KD+S+V+MP+SD,1.0,1,265,0.0
tier3,2022,14,13579,253,M+C+KD+S+V+MP+SD,1.0,1,333,0.0
tier3,2022,14,13579,254,L+C+KD+S+V+MP+SD,1.0,1,281,0.0
tier3,2022,7,12345,1,M,0.0,0,68,0.0
tier3,2022,7,12345,2,L,0.0,0,16,0.0
tier3,2022,7,12345,3,M+L,0.0,0,84,0.0
tier3,2022,7,12345,4,C,0.0,0,24,0.0
tier3,2022,7,12345,5,M+C,0.0,0,92,0.0
tier3,2022,7,12345,6,L+C,0.0,0,40,0.0
tier3,2022,7,12345,7,M+L+C,0.0,0,108,0.0
tier3,2022,7,12345,8,KD,0.0,0,19,0.0
tier3,2022,7,12345,9,M+KD,0.0,0,87,0.0
tier3,2022,7,12345,10,L+KD,0.0,0,35,0.0
tier3,2022,7,12345,11,M+L+KD,0.0,0,103,0.0
tier3,2022,7,12345,12,C+KD,0.0,0,43,0.0
tier3,2022,7,12345,13,M+C+KD,0.0,0,111,0.0
tier3,2022,7,12345,14,L+C+KD,0.0,0,59,0.0
tier3,2022,7,12345,15,M+L+C+KD,0.0,0,127,0.0
tier3,2022,7,12345,16,S,0.0,0,107,0.0
tier3,2022,7,12345,17,M+S,0.3512,1,175,0.42094144000000006
tier3,2022,7,12345,18,L+S,0.0,0,123,0.0
tier3,2022,7,12345,19,M+L+S,0.99225,1,191,6.006250000000054e-05
tier3,2022,7,12345,20,C+S,0.0,0,131,0.0
tier3,2022,7,12345,21,M+C+S,1.0,1,199,0.0
tier3,2022,7,12345,22,L+C+S,0.0,0,147,0.0
tier3,2022,7,12345,23,M+L+C+S,1.0,1,215,0.0
tier3,2022,7,12345,24,KD+S,0.0,0,126,0.0
tier3,2022,7,12345,25,M+KD+S,0.99995,1,194,2.499999999999449e-09
tier3,2022,7,12345,26,L+KD+S,0.0,0,142,0.0
tier3,2022,7,12345,27,M+L+KD+S,1.0,1,210,0.0
tier3,2022,7,12345,28,C+KD+S,0.0,0,150,0.0
tier3,2022,7,12345,29,M+C+KD+S,1.0,1,218,0.0
tier3,2022,7,12345,30,L+C+KD+S,0.19045,0,166,0.0362712025
tier3,2022,7,12345,31,M+L+C+KD+S,1.0,1,234,0.0
tier3,2022,7,12345,32,V,0.0,0,24,0.0
tier3,2022,7,12345,33,M+V,0.0,0,92,0.0
tier3,2022,7,12345,34,L+V,0.0,0,40,0.0
tier3,2022,7,12345,35,M+L+V,0.0,0,108,0.0
tier3,2022,7,12345,36,C+V,0.0,0,48,0.0
tier3,2022,7,12345,37,M+C+V,0.0,0,116,0.0
tier3,2022,7,12345,38,L+C+V,0.0,0,64,0.0
tier3,2022,7,12345,39,M+L+C+V,0.0,0,132,0.0
tier3,2022,7,12345,40,KD+V,0.0,0,43,0.0
tier3,2022,7,12345,41,M+KD+V,0.0,0,111,0.0
tier3,2022,7,12345,42,L+KD+V,0.0,0,59,0.0
tier3,2022,7,12345,43,M+L+KD+V,0.0,0,127,0.0
tier3,2022,7,12345,44,C+KD+V,0.0,0,67,0.0
tier3,2022,7,12345,45,M+C+KD+V,0.0,0,135,0.0
tier3,2022,7,12345,46,L+C+KD+V,0.0,0,83,0.0
tier3,2022,7,12345,47,M+L+C+KD+V,0.0,0,151,0.0
tier3,2022,7,12345,48,S+V,0.0,0,131,0.0
tier3,2022,7,12345,49,M+S+V,1.0,1,199,0.0
tier3,2022,7,12345,50,L+S+V,0.0,0,147,0.0
tier3,2022,7,12345,51,M+L+S+V,1.0,1,215,0.0
tier3,2022,7,12345,52,C+S+V,0.0,0,155,0.0
tier3,2022,7,12345,53,M+C+S+V,1.0,1,223,0.0
tier3,2022,7,12345,54,L+C+S+V,0.44955,0,171,0.20209520250000002
tier3,2022,7,12345,55,M+L+C+S+V,1.0,1,239,0.0
tier3,2022,7,12345,56,KD+S+V,0.0,0,150,0.0
tier3,2022,7,12345,57,M+KD+S+V,1.0,1,218,0.0
tier3,2022,7,12345,58,L+KD+S+V,0.20065,0,166,0.0402604225
tier3,2022,7,12345,59,M+L+KD+S+V,1.0,1,234,0.0
tier3,2022,7,12345,60,C+KD+S+V,0.84355,0,174,0.7115766025
tier3,2022,7,12345,61,M+C+KD+S+V,1.0,1,242,0.0
tier3,2022,7,12345,62,L+C+KD+S+V,0.9999,1,190,9.999999999997797e-09
tier3,2022,7,12345,63,M+L+C+KD+S+V,1.0,1,258,0.0
tier3,2022,7,12345,64,MP,0.0,0,18,0.0
tier3,2022,7,12345,65,M+MP,0.0,0,86,0.0
tier3,2022,7,12345,66,L+MP,0.0,0,34,0.0
tier3,2022,7,12345,67,M+L+MP,0.0,0,102,0.0
tier3,2022,7,12345,68,C+MP,0.0,0,42,0.0
tier3,2022,7,12345,69,M+C+MP,0.0,0,110,0.0
tier3,2022,7,12345,70,L+C+MP,0.0,0,58,0.0
tier3,2022,7,12345,71,M+L+C+MP,0.0,0,126,0.0
tier3,2022,7,12345,72,KD+MP,0.0,0,37,0.0
tier3,2022,7,12345,73,M+KD+MP,0.0,0,105,0.0
tier3,2022,7,12345,74,L+KD+MP,0.0,0,53,0.0
tier3,2022,7,12345,75,M+L+KD+MP,0.0,0,121,0.0
tier3,2022,7,12345,76,C+KD+MP,0.0,0,61,0.0
tier3,2022,7,12345,77,M+C+KD+MP,0.0,0,129,0.0
tier3,2022,7,12345,78,L+C+KD+MP,0.0,0,77,0.0
tier3,2022,7,12345,79,M+L+C+KD+MP,0.0,0,145,0.0
tier3,2022,7,12345,80,S+MP,0.0,0,125,0.0
tier3,2022,7,12345,81,M+S+MP,0.9999,1,193,9.999999999997797e-09
tier3,2022,7,12345,82,L+S+MP,0.0,0,141,0.0
tier3,2022,7,12345,83,M+L+S+MP,1.0,1,209,0.0
tier3,2022,7,12345,84,C+S+MP,0.0,0,149,0.0
tier3,2022,7,12345,85,M+C+S+MP,1.0,1,217,0.0
tier3,2022,7,12345,86,L+C+S+MP,0.2003,0,165,0.040120090000000004
tier3,2022,7,12345,87,M+L+C+S+MP,1.0,1,233,0.0
tier3,2022,7,12345,88,KD+S+MP,0.0,0,144,0.0
tier3,2022,7,12345,89,M+KD+S+MP,1.0,1,212,0.0
tier3,2022,7,12345,90,L+KD+S+MP,0.0194,0,160,0.00037636
tier3,2022,7,12345,91,M+L+KD+S+MP,1.0,1,228,0.0
tier3,2022,7,12345,92,C+KD+S+MP,0.3097,0,168,0.09591408999999998
tier3,2022,7,12345,93,M+C+KD+S+MP,1.0,1,236,0.0
tier3,2022,7,12345,94,L+C+KD+S+MP,0.88055,1,184,0.014268302499999988
tier3,2022,7,12345,95,M+L+C+KD+S+MP,1.0,1,252,0.0
tier3,2022,7,12345,96,V+MP,0.0,0,42,0.0
tier3,2022,7,12345,97,M+V+MP,0.0,0,110,0.0
tier3,2022,7,12345,98,L+V+MP,0.0,0,58,0.0
tier3,2022,7,12345,99,M+L+V+MP,0.0,0,126,0.0
tier3,2022,7,12345,100,C+V+MP,0.0,0,66,0.0
tier3,2022,7,12345,101,M+C+V+MP,0.0,0,134,0.0
tier3,2022,7,12345,102,L+C+V+MP,0.0,0,82,0.0
tier3,2022,7,12345,103,M+L+C+V+MP,0.0,0,150,0.0
tier3,2022,7,12345,104,KD+V+MP,0.0,0,61,0.0
tier3,2022,7,12345,105,M+KD+V+MP,0.0,0,129,0.0
tier3,2022,7,12345,106,L+KD+V+MP,0.0,0,77,0.0
tier3,2022,7,12345,107,M+L+KD+V+MP,0.0,0,145,0.0
tier3,2022,7,12345,108,C+KD+V+MP,0.0,0,85,0.0
tier3,2022,7,12345,109,M+C+KD+V+MP,0.0,0,153,0.0
tier3,2022,7,12345,110,L+C+KD+V+MP,0.0,0,101,0.0
tier3,2022,7,12345,111,M+L+C+KD+V+MP,0.2889,0,169,0.08346321
tier3,2022,7,12345,112,S+V+MP,0.0,0,149,0.0
tier3,2022,7,12345,113,M+S+V+MP,1.0,1,217,0.0
tier3,2022,7,12345,114,L+S+V+MP,0.19895,0,165,0.03958110249999999
tier3,2022,7,12345,115,M+L+S+V+MP,1.0,1,233,0.0
tier3,2022,7,12345,116,C+S+V+MP,0.59845,0,173,0.35814240250000007
tier3,2022,7,12345,117,M+C+S+V+MP,1.0,1,241,0.0
tier3,2022,7,12345,118,L+C+S+V+MP,0.9769,1,189,0.0005336100000000004
tier3,2022,7,12345,119,M+L+C+S+V+MP,1.0,1,257,0.0
tier3,2022,7,12345,120,KD+S+V+MP,0.34945,0,168,0.1221153025
tier3,2022,7,12345,121,M+KD+S+V+MP,1.0,1,236,0.0
tier3,2022,7,12345,122,L+KD+S+V+MP,0.951,1,184,0.0024010000000000043
tier3,2022,7,12345,123,M+L+KD+S+V+MP,1.0,1,252,0.0
tier3,2022,7,12345,124,C+KD+S+V+MP,0.99995,1,192,2.499999999999449e-09
tier3,2022,7,12345,125,M+C+KD+S+V+MP,1.0,1,260,0.0
tier3,2022,7,12345,126,L+C+KD+S+V+MP,1.0,1,208,0.0
tier3,2022,7,12345,127,M+L+C+KD+S+V+MP,1.0,1,276,0.0
tier3,2022,7,12345,128,SD,0.0,0,73,0.0
tier3,2022,7,12345,129,M+SD,0.0,0,141,0.0
tier3,2022,7,12345,130,L+SD,0.0,0,89,0.0
tier3,2022,7,12345,131,M+L+SD,5e-05,0,157,2.5e-09
tier3,2022,7,12345,132,C+SD,0.0,0,97,0.0
tier3,2022,7,12345,133,M+C+SD,0.049,0,165,0.0024010000000000004
tier3,2022,7,12345,134,L+C+SD,0.0,0,113,0.0
tier3,2022,7,12345,135,M+L+C+SD,0.65055,1,181,0.12211530250000002
tier3,2022,7,12345,136,KD+SD,0.0,0,92,0.0
tier3,2022,7,12345,137,M+KD+SD,0.0231,0,160,0.0005336099999999999
tier3,2022,7,12345,138,L+KD+SD,0.0,0,108,0.0
tier3,2022,7,12345,139,M+L+KD+SD,0.40155,1,176,0.3581424024999999
tier3,2022,7,12345,140,C+KD+SD,0.0,0,116,0.0
tier3,2022,7,12345,141,M+C+KD+SD,0.80105,1,184,0.039581102499999986
tier3,2022,7,12345,142,L+C+KD+SD,0.0,0,132,0.0
tier3,2022,7,12345,143,M+L+C+KD+SD,1.0,1,200,0.0
tier3,2022,7,12345,144,S+SD,0.7111,1,180,0.08346321000000002
tier3,2022,7,12345,145,M+S+SD,1.0,1,248,0.0
tier3,2022,7,12345,146,L+S+SD,1.0,1,196,0.0
tier3,2022,7,12345,147,M+L+S+SD,1.0,1,264,0.0
tier3,2022,7,12345,148,C+S+SD,1.0,1,204,0.0
tier3,2022,7,12345,149,M+C+S+SD,1.0,1,272,0.0
tier3,2022,7,12345,150,L+C+S+SD,1.0,1,220,0.0
tier3,2022,7,12345,151,M+L+C+S+SD,1.0,1,288,0.0
tier3,2022,7,12345,152,KD+S+SD,1.0,1,199,0.0
tier3,2022,7,12345,153,M+KD+S+SD,1.0,1,267,0.0
tier3,2022,7,12345,154,L+KD+S+SD,1.0,1,215,0.0
tier3,2022,7,12345,155,M+L+KD+S+SD,1.0,1,283,0.0
tier3,2022,7,12345,156,C+KD+S+SD,1.0,1,223,0.0
tier3,2022,7,12345,157,M+C+KD+S+SD,1.0,1,291,0.0
tier3,2022,7,12345,158,L+C+KD+S+SD,1.0,1,239,0.0
tier3,2022,7,12345,159,M+L+C+KD+S+SD,1.0,1,307,0.0
tier3,2022,7,12345,160,V+SD,0.0,0,97,0.0
tier3,2022,7,12345,161,M+V+SD,0.11945,0,165,0.0142683025
tier3,2022,7,12345,162,L+V+SD,0.0,0,113,0.0
tier3,2022,7,12345,163,M+L+V+SD,0.6903,1,181,0.09591408999999998
tier3,2022,7,12345,164,C+V+SD,0.0,0,121,0.0
tier3,2022,7,12345,165,M+C+V+SD,0.9806,1,189,0.0003763599999999989
tier3,2022,7,12345,166,L+C+V+SD,0.0,0,137,0.0
tier3,2022,7,12345,167,M+L+C+V+SD,1.0,1,205,0.0
tier3,2022,7,12345,168,KD+V+SD,0.0,0,116,0.0
tier3,2022,7,12345,169,M+KD+V+SD,0.7997,1,184,0.04012009000000001
tier3,2022,7,12345,170,L+KD+V+SD,0.0,0,132,0.0
tier3,2022,7,12345,171,M+L+KD+V+SD,1.0,1,200,0.0
tier3,2022,7,12345,172,C+KD+V+SD,0.0,0,140,0.0
tier3,2022,7,12345,173,M+C+KD+V+SD,1.0,1,208,0.0
tier3,2022,7,12345,174,L+C+KD+V+SD,0.0001,0,156,1e-08
tier3,2022,7,12345,175,M+L+C+KD+V+SD,1.0,1,224,0.0
tier3,2022,7,12345,176,S+V+SD,1.0,1,204,0.0
tier3,2022,7,12345,177,M+S+V+SD,1.0,1,272,0.0
tier3,2022,7,12345,178,L+S+V+SD,1.0,1,220,0.0
tier3,2022,7,12345,179,M+L+S+V+SD,1.0,1,288,0.0
tier3,2022,7,12345,180,C+S+V+SD,1.0,1,228,0.0
tier3,2022,7,12345,181,M+C+S+V+SD,1.0,1,296,0.0
tier3,2022,7,12345,182,L+C+S+V+SD,1.0,1,244,0.0
tier3,2022,7,12345,183,M+L+C+S+V+SD,1.0,1,312,0.0
tier3,2022,7,12345,184,KD+S+V+SD,1.0,1,223,0.0
tier3,2022,7,12345,185,M+KD+S+V+SD,1.0,1,291,0.0
tier3,2022,7,12345,186,L+KD+S+V+SD,1.0,1,239,0.0
tier3,2022,7,12345,187,M+L+KD+S+V+SD,1.0,1,307,0.0
tier3,2022,7,12345,188,C+KD+S+V+SD,1.0,1,247,0.0
tier3,2022,7,12345,189,M+C+KD+S+V+SD,1.0,1,315,0.0
tier3,2022,7,12345,190,L+C+KD+S+V+SD,1.0,1,263,0.0
tier3,2022,7,12345,191,M+L+C+KD+S+V+SD,1.0,1,331,0.0
tier3,2022,7,12345,192,MP+SD,0.0,0,91,0.0
tier3,2022,7,12345,193,M+MP+SD,0.0001,0,159,1e-08
tier3,2022,7,12345,194,L+MP+SD,0.0,0,107,0.0
tier3,2022,7,12345,195,M+L+MP+SD,0.15645,1,175,0.7115766025
tier3,2022,7,12345,196,C+MP+SD,0.0,0,115,0.0
tier3,2022,7,12345,197,M+C+MP+SD,0.79935,1,183,0.0402604225
tier3,2022,7,12345,198,L+C+MP+SD,0.0,0,131,0.0
tier3,2022,7,12345,199,M+L+C+MP+SD,1.0,1,199,0.0
tier3,2022,7,12345,200,KD+MP+SD,0.0,0,110,0.0
tier3,2022,7,12345,201,M+KD+MP+SD,0.55045,1,178,0.20209520250000002
tier3,2022,7,12345,202,L+KD+MP+SD,0.0,0,126,0.0
tier3,2022,7,12345,203,M+L+KD+MP+SD,1.0,1,194,0.0
tier3,2022,7,12345,204,C+KD+MP+SD,0.0,0,134,0.0
tier3,2022,7,12345,205,M+C+KD+MP+SD,1.0,1,202,0.0
tier3,2022,7,12345,206,L+C+KD+MP+SD,0.0,0,150,0.0
tier3,2022,7,12345,207,M+L+C+KD+MP+SD,1.0,1,218,0.0
tier3,2022,7,12345,208,S+MP+SD,1.0,1,198,0.0
tier3,2022,7,12345,209,M+S+MP+SD,1.0,1,266,0.0
tier3,2022,7,12345,210,L+S+MP+SD,1.0,1,214,0.0
tier3,2022,7,12345,211,M+L+S+MP+SD,1.0,1,282,0.0
tier3,2022,7,12345,212,C+S+MP+SD,1.0,1,222,0.0
tier3,2022,7,12345,213,M+C+S+MP+SD,1.0,1,290,0.0
tier3,2022,7,12345,214,L+C+S+MP+SD,1.0,1,238,0.0
tier3,2022,7,12345,215,M+L+C+S+MP+SD,1.0,1,306,0.0
tier3,2022,7,12345,216,KD+S+MP+SD,1.0,1,217,0.0
tier3,2022,7,12345,217,M+KD+S+MP+SD,1.0,1,285,0.0
tier3,2022,7,12345,218,L+KD+S+MP+SD,1.0,1,233,0.0
tier3,2022,7,12345,219,M+L+KD+S+MP+SD,1.0,1,301,0.0
tier3,2022,7,12345,220,C+KD+S+MP+SD,1.0,1,241,0.0
tier3,2022,7,12345,221,M+C+KD+S+MP+SD,1.0,1,309,0.0
tier3,2022,7,12345,222,L+C+KD+S+MP+SD,1.0,1,257,0.0
tier3,2022,7,12345,223,M+L+C+KD+S+MP+SD,1.0,1,325,0.0
tier3,2022,7,12345,224,V+MP+SD,0.0,0,115,0.0
tier3,2022,7,12345,225,M+V+MP+SD,0.80955,1,183,0.0362712025
tier3,2022,7,12345,226,L+V+MP+SD,0.0,0,131,0.0
tier3,2022,7,12345,227,M+L+V+MP+SD,1.0,1,199,0.0
tier3,2022,7,12345,228,C+V+MP+SD,0.0,0,139,0.0
tier3,2022,7,12345,229,M+C+V+MP+SD,1.0,1,207,0.0
tier3,2022,7,12345,230,L+C+V+MP+SD,5e-05,0,155,2.5e-09
tier3,2022,7,12345,231,M+L+C+V+MP+SD,1.0,1,223,0.0
tier3,2022,7,12345,232,KD+V+MP+SD,0.0,0,134,0.0
tier3,2022,7,12345,233,M+KD+V+MP+SD,1.0,1,202,0.0
tier3,2022,7,12345,234,L+KD+V+MP+SD,0.0,0,150,0.0
tier3,2022,7,12345,235,M+L+KD+V+MP+SD,1.0,1,218,0.0
tier3,2022,7,12345,236,C+KD+V+MP+SD,0.00775,0,158,6.0062499999999996e-05
tier3,2022,7,12345,237,M+C+KD+V+MP+SD,1.0,1,226,0.0
tier3,2022,7,12345,238,L+C+KD+V+MP+SD,0.6488,0,174,0.42094144000000006
tier3,2022,7,12345,239,M+L+C+KD+V+MP+SD,1.0,1,242,0.0
tier3,2022,7,12345,240,S+V+MP+SD,1.0,1,222,0.0
tier3,2022,7,12345,241,M+S+V+MP+SD,1.0,1,290,0.0
tier3,2022,7,12345,242,L+S+V+MP+SD,1.0,1,238,0.0
tier3,2022,7,12345,243,M+L+S+V+MP+SD,1.0,1,306,0.0
tier3,2022,7,12345,244,C+S+V+MP+SD,1.0,1,246,0.0
tier3,2022,7,12345,245,M+C+S+V+MP+SD,1.0,1,314,0.0
tier3,2022,7,12345,246,L+C+S+V+MP+SD,1.0,1,262,0.0
tier3,2022,7,12345,247,M+L+C+S+V+MP+SD,1.0,1,330,0.0
tier3,2022,7,12345,248,KD+S+V+MP+SD,1.0,1,241,0.0
tier3,2022,7,12345,249,M+KD+S+V+MP+SD,1.0,1,309,0.0
tier3,2022,7,12345,250,L+KD+S+V+MP+SD,1.0,1,257,0.0
tier3,2022,7,12345,251,M+L+KD+S+V+MP+SD,1.0,1,325,0.0
tier3,2022,7,12345,252,C+KD+S+V+MP+SD,1.0,1,265,0.0
tier3,2022,7,12345,253,M+C+KD+S+V+MP+SD,1.0,1,333,0.0
tier3,2022,7,12345,254,L+C+KD+S+V+MP+SD,1.0,1,281,0.0
tier3,2022,7,24680,1,M,0.0,0,68,0.0
tier3,2022,7,24680,2,L,0.0,0,16,0.0
tier3,2022,7,24680,3,M+L,0.0,0,84,0.0
tier3,2022,7,24680,4,C,0.0,0,24,0.0
tier3,2022,7,24680,5,M+C,0.0,0,92,0.0
tier3,2022,7,24680,6,L+C,0.0,0,40,0.0
tier3,2022,7,24680,7,M+L+C,0.0,0,108,0.0
tier3,2022,7,24680,8,KD,0.0,0,19,0.0
tier3,2022,7,24680,9,M+KD,0.0,0,87,0.0
tier3,2022,7,24680,10,L+KD,0.0,0,35,0.0
tier3,2022,7,24680,11,M+L+KD,0.0,0,103,0.0
tier3,2022,7,24680,12,C+KD,0.0,0,43,0.0
tier3,2022,7,24680,13,M+C+KD,0.0,0,111,0.0
tier3,2022,7,24680,14,L+C+KD,0.0,0,59,0.0
tier3,2022,7,24680,15,M+L+C+KD,0.0,0,127,0.0
tier3,2022,7,24680,16,S,0.0,0,107,0.0
tier3,2022,7,24680,17,M+S,0.34625,1,175,0.4273890625000001
tier3,2022,7,24680,18,L+S,0.0,0,123,0.0
tier3,2022,7,24680,19,M+L+S,0.99135,1,191,7.48225000000008e-05
tier3,2022,7,24680,20,C+S,0.0,0,131,0.0
tier3,2022,7,24680,21,M+C+S,1.0,1,199,0.0
tier3,2022,7,24680,22,L+C+S,0.0,0,147,0.0
tier3,2022,7,24680,23,M+L+C+S,1.0,1,215,0.0
tier3,2022,7,24680,24,KD+S,0.0,0,126,0.0
tier3,2022,7,24680,25,M+KD+S,1.0,1,194,0.0
tier3,2022,7,24680,26,L+KD+S,0.0,0,142,0.0
tier3,2022,7,24680,27,M+L+KD+S,1.0,1,210,0.0
tier3,2022,7,24680,28,C+KD+S,0.0,0,150,0.0
tier3,2022,7,24680,29,M+C+KD+S,1.0,1,218,0.0
tier3,2022,7,24680,30,L+C+KD+S,0.1892,0,166,0.035796640000000005
tier3,2022,7,24680,31,M+L+C+KD+S,1.0,1,234,0.0
tier3,2022,7,24680,32,V,0.0,0,24,0.0
tier3,2022,7,24680,33,M+V,0.0,0,92,0.0
tier3,2022,7,24680,34,L+V,0.0,0,40,0.0
tier3,2022,7,24680,35,M+L+V,0.0,0,108,0.0
tier3,2022,7,24680,36,C+V,0.0,0,48,0.0
tier3,2022,7,24680,37,M+C+V,0.0,0,116,0.0
tier3,2022,7,24680,38,L+C+V,0.0,0,64,0.0
tier3,2022,7,24680,39,M+L+C+V,0.0,0,132,0.0
tier3,2022,7,24680,40,KD+V,0.0,0,43,0.0
tier3,2022,7,24680,41,M+KD+V,0.0,0,111,0.0
tier3,2022,7,24680,42,L+KD+V,0.0,0,59,0.0
tier3,2022,7,24680,43,M+L+KD+V,0.0,0,127,0.0
tier3,2022,7,24680,44,C+KD+V,0.0,0,67,0.0
tier3,2022,7,24680,45,M+C+KD+V,0.0,0,135,0.0
tier3,2022,7,24680,46,L+C+KD+V,0.0,0,83,0.0
tier3,2022,7,24680,47,M+L+C+KD+V,0.0,0,151,0.0
tier3,2022,7,24680,48,S+V,0.0,0,131,0.0
tier3,2022,7,24680,49,M+S+V,1.0,1,199,0.0
tier3,2022,7,24680,50,L+S+V,0.0,0,147,0.0
tier3,2022,7,24680,51,M+L+S+V,1.0,1,215,0.0
tier3,2022,7,24680,52,C+S+V,0.0,0,155,0.0
tier3,2022,7,24680,53,M+C+S+V,1.0,1,223,0.0
tier3,2022,7,24680,54,L+C+S+V,0.4556,0,171,0.20757136
tier3,2022,7,24680,55,M+L+C+S+V,1.0,1,239,0.0
tier3,2022,7,24680,56,KD+S+V,0.0,0,150,0.0
tier3,2022,7,24680,57,M+KD+S+V,1.0,1,218,0.0
tier3,2022,7,24680,58,L+KD+S+V,0.19805,0,166,0.0392238025
tier3,2022,7,24680,59,M+L+KD+S+V,1.0,1,234,0.0
tier3,2022,7,24680,60,C+KD+S+V,0.8433,0,174,0.7111548900000001
tier3,2022,7,24680,61,M+C+KD+S+V,1.0,1,242,0.0
tier3,2022,7,24680,62,L+C+KD+S+V,1.0,1,190,0.0
tier3,2022,7,24680,63,M+L+C+KD+S+V,1.0,1,258,0.0
tier3,2022,7,24680,64,MP,0.0,0,18,0.0
tier3,2022,7,24680,65,M+MP,0.0,0,86,0.0
tier3,2022,7,24680,66,L+MP,0.0,0,34,0.0
tier3,2022,7,24680,67,M+L+MP,0.0,0,102,0.0
tier3,2022,7,24680,68,C+MP,0.0,0,42,0.0
tier3,2022,7,24680,69,M+C+MP,0.0,0,110,0.0
tier3,2022,7,24680,70,L+C+MP,0.0,0,58,0.0
tier3,2022,7,24680,71,M+L+C+MP,0.0,0,126,0.0
tier3,2022,7,24680,72,KD+MP,0.0,0,37,0.0
tier3,2022,7,24680,73,M+KD+MP,0.0,0,105,0.0
tier3,2022,7,24680,74,L+KD+MP,0.0,0,53,0.0
tier3,2022,7,24680,75,M+L+KD+MP,0.0,0,121,0.0
tier3,2022,7,24680,76,C+KD+MP,0.0,0,61,0.0
tier3,2022,7,24680,77,M+C+KD+MP,0.0,0,129,0.0
tier3,2022,7,24680,78,L+C+KD+MP,0.0,0,77,0.0
tier3,2022,7,24680,79,M+L+C+KD+MP,0.0,0,145,0.0
tier3,2022,7,24680,80,S+MP,0.0,0,125,0.0
tier3,2022,7,24680,81,M+S+MP,0.9999,1,193,9.999999999997797e-09
tier3,2022,7,24680,82,L+S+MP,0.0,0,141,0.0
tier3,2022,7,24680,83,M+L+S+MP,1.0,1,209,0.0
tier3,2022,7,24680,84,C+S+MP,0.0,0,149,0.0
tier3,2022,7,24680,85,M+C+S+MP,1.0,1,217,0.0
tier3,2022,7,24680,86,L+C+S+MP,0.19885,0,165,0.0395413225
tier3,2022,7,24680,87,M+L+C+S+MP,1.0,1,233,0.0
tier3,2022,7,24680,88,KD+S+MP,0.0,0,144,0.0
tier3,2022,7,24680,89,M+KD+S+MP,1.0,1,212,0.0
tier3,2022,7,24680,90,L+KD+S+MP,0.01945,0,160,0.00037830249999999996
tier3,2022,7,24680,91,M+L+KD+S+MP,1.0,1,228,0.0
tier3,2022,7,24680,92,C+KD+S+MP,0.3057,0,168,0.09345249000000001
tier3,2022,7,24680,93,M+C+KD+S+MP,1.0,1,236,0.0
tier3,2022,7,24680,94,L+C+KD+S+MP,0.8848,1,184,0.013271039999999993
tier3,2022,7,24680,95,M+L+C+KD+S+MP,1.0,1,252,0.0
tier3,2022,7,24680,96,V+MP,0.0,0,42,0.0
tier3,2022,7,24680,97,M+V+MP,0.0,0,110,0.0
tier3,2022,7,24680,98,L+V+MP,0.0,0,58,0.0
tier3,2022,7,24680,99,M+L+V+MP,0.0,0,126,0.0
tier3,2022,7,24680,100,C+V+MP,0.0,0,66,0.0
tier3,2022,7,24680,101,M+C+V+MP,0.0,0,134,0.0
tier3,2022,7,24680,102,L+C+V+MP,0.0,0,82,0.0
tier3,2022,7,24680,103,M+L+C+V+MP,0.0,0,150,0.0
tier3,2022,7,24680,104,KD+V+MP,0.0,0,61,0.0
tier3,2022,7,24680,105,M+KD+V+MP,0.0,0,129,0.0
tier3,2022,7,24680,106,L+KD+V+MP,0.0,0,77,0.0
tier3,2022,7,24680,107,M+L+KD+V+MP,0.0,0,145,0.0
tier3,2022,7,24680,108,C+KD+V+MP,0.0,0,85,0.0
tier3,2022,7,24680,109,M+C+KD+V+MP,0.0,0,153,0.0
tier3,2022,7,24680,110,L+C+KD+V+MP,0.0,0,101,0.0
tier3,2022,7,24680,111,M+L+C+KD+V+MP,0.2957,0,169,0.08743849000000001
tier3,2022,7,24680,112,S+V+MP,0.0,0,149,0.0
tier3,2022,7,24680,113,M+S+V+MP,1.0,1,217,0.0
tier3,2022,7,24680,114,L+S+V+MP,0.19775,0,165,0.0391050625
tier3,2022,7,24680,115,M+L+S+V+MP,1.0,1,233,0.0
tier3,2022,7,24680,116,C+S+V+MP,0.59805,0,173,0.35766380249999996
tier3,2022,7,24680,117,M+C+S+V+MP,1.0,1,241,0.0
tier3,2022,7,24680,118,L+C+S+V+MP,0.97925,1,189,0.0004305625000000019
tier3,2022,7,24680,119,M+L+C+S+V+MP,1.0,1,257,0.0
tier3,2022,7,24680,120,KD+S+V+MP,0.3451,0,168,0.11909401000000001
tier3,2022,7,24680,121,M+KD+S+V+MP,1.0,1,236,0.0
tier3,2022,7,24680,122,L+KD+S+V+MP,0.95435,1,184,0.002083922499999997
tier3,2022,7,24680,123,M+L+KD+S+V+MP,1.0,1,252,0.0
tier3,2022,7,24680,124,C+KD+S+V+MP,1.0,1,192,0.0
tier3,2022,7,24680,125,M+C+KD+S+V+MP,1.0,1,260,0.0
tier3,2022,7,24680,126,L+C+KD+S+V+MP,1.0,1,208,0.0
tier3,2022,7,24680,127,M+L+C+KD+S+V+MP,1.0,1,276,0.0
tier3,2022,7,24680,128,SD,0.0,0,73,0.0
tier3,2022,7,24680,129,M+SD,0.0,0,141,0.0
tier3,2022,7,24680,130,L+SD,0.0,0,89,0.0
tier3,2022,7,24680,131,M+L+SD,0.0,0,157,0.0
tier3,2022,7,24680,132,C+SD,0.0,0,97,0.0
tier3,2022,7,24680,133,M+C+SD,0.04565,0,165,0.0020839225000000004
tier3,2022,7,24680,134,L+C+SD,0.0,0,113,0.0
tier3,2022,7,24680,135,M+L+C+SD,0.6549,1,181,0.11909400999999997
tier3,2022,7,24680,136,KD+SD,0.0,0,92,0.0
tier3,2022,7,24680,137,M+KD+SD,0.02075,0,160,0.00043056250000000006
tier3,2022,7,24680,138,L+KD+SD,0.0,0,108,0.0
tier3,2022,7,24680,139,M+L+KD+SD,0.40195,1,176,0.35766380249999996
tier3,2022,7,24680,140,C+KD+SD,0.0,0,116,0.0
tier3,2022,7,24680,141,M+C+KD+SD,0.80225,1,184,0.039105062499999996
tier3,2022,7,24680,142,L+C+KD+SD,0.0,0,132,0.0
tier3,2022,7,24680,143,M+L+C+KD+SD,1.0,1,200,0.0
tier3,2022,7,24680,144,S+SD,0.7043,1,180,0.08743848999999998
tier3,2022,7,24680,145,M+S+SD,1.0,1,248,0.0
tier3,2022,7,24680,146,L+S+SD,1.0,1,196,0.0
tier3,2022,7,24680,147,M+L+S+SD,1.0,1,264,0.0
tier3,2022,7,24680,148,C+S+SD,1.0,1,204,0.0
tier3,2022,7,24680,149,M+C+S+SD,1.0,1,272,0.0
tier3,2022,7,24680,150,L+C+S+SD,1.0,1,220,0.0
tier3,2022,7,24680,151,M+L+C+S+SD,1.0,1,288,0.0
tier3,2022,7,24680,152,KD+S+SD,1.0,1,199,0.0
tier3,2022,7,24680,153,M+KD+S+SD,1.0,1,267,0.0
tier3,2022,7,24680,154,L+KD+S+SD,1.0,1,215,0.0
tier3,2022,7,24680,155,M+L+KD+S+SD,1.0,1,283,0.0
tier3,2022,7,24680,156,C+KD+S+SD,1.0,1,223,0.0
tier3,2022,7,24680,157,M+C+KD+S+SD,1.0,1,291,0.0
tier3,2022,7,24680,158,L+C+KD+S+SD,1.0,1,239,0.0
tier3,2022,7,24680,159,M+L+C+KD+S+SD,1.0,1,307,0.0
tier3,2022,7,24680,160,V+SD,0.0,0,97,0.0
tier3,2022,7,24680,161,M+V+SD,0.1152,0,165,0.01327104
tier3,2022,7,24680,162,L+V+SD,0.0,0,113,0.0
tier3,2022,7,24680,163,M+L+V+SD,0.6943,1,181,0.09345248999999999
tier3,2022,7,24680,164,C+V+SD,0.0,0,121,0.0
tier3,2022,7,24680,165,M+C+V+SD,0.98055,1,189,0.0003783024999999987
tier3,2022,7,24680,166,L+C+V+SD,0.0,0,137,0.0
tier3,2022,7,24680,167,M+L+C+V+SD,1.0,1,205,0.0
tier3,2022,7,24680,168,KD+V+SD,0.0,0,116,0.0
tier3,2022,7,24680,169,M+KD+V+SD,0.80115,1,184,0.03954132249999999
tier3,2022,7,24680,170,L+KD+V+SD,0.0,0,132,0.0
tier3,2022,7,24680,171,M+L+KD+V+SD,1.0,1,200,0.0
tier3,2022,7,24680,172,C+KD+V+SD,0.0,0,140,0.0
tier3,2022,7,24680,173,M+C+KD+V+SD,1.0,1,208,0.0
tier3,2022,7,24680,174,L+C+KD+V+SD,0.0001,0,156,1e-08
tier3,2022,7,24680,175,M+L+C+KD+V+SD,1.0,1,224,0.0
tier3,2022,7,24680,176,S+V+SD,1.0,1,204,0.0
tier3,2022,7,24680,177,M+S+V+SD,1.0,1,272,0.0
tier3,2022,7,24680,178,L+S+V+SD,1.0,1,220,0.0
tier3,2022,7,24680,179,M+L+S+V+SD,1.0,1,288,0.0
tier3,2022,7,24680,180,C+S+V+SD,1.0,1,228,0.0
tier3,2022,7,24680,181,M+C+S+V+SD,1.0,1,296,0.0
tier3,2022,7,24680,182,L+C+S+V+SD,1.0,1,244,0.0
tier3,2022,7,24680,183,M+L+C+S+V+SD,1.0,1,312,0.0
tier3,2022,7,24680,184,KD+S+V+SD,1.0,1,223,0.0
tier3,2022,7,24680,185,M+KD+S+V+SD,1.0,1,291,0.0
tier3,2022,7,24680,186,L+KD+S+V+SD,1.0,1,239,0.0
tier3,2022,7,24680,187,M+L+KD+S+V+SD,1.0,1,307,0.0
tier3,2022,7,24680,188,C+KD+S+V+SD,1.0,1,247,0.0
tier3,2022,7,24680,189,M+C+KD+S+V+SD,1.0,1,315,0.0
tier3,2022,7,24680,190,L+C+KD+S+V+SD,1.0,1,263,0.0
tier3,2022,7,24680,191,M+L+C+KD+S+V+SD,1.0,1,331,0.0
tier3,2022,7,24680,192,MP+SD,0.0,0,91,0.0
tier3,2022,7,24680,193,M+MP+SD,0.0,0,159,0.0
tier3,2022,7,24680,194,L+MP+SD,0.0,0,107,0.0
tier3,2022,7,24680,195,M+L+MP+SD,0.1567,1,175,0.7111548899999999
tier3,2022,7,24680,196,C+MP+SD,0.0,0,115,0.0
tier3,2022,7,24680,197,M+C+MP+SD,0.80195,1,183,0.03922380249999998
tier3,2022,7,24680,198,L+C+MP+SD,0.0,0,131,0.0
tier3,2022,7,24680,199,M+L+C+MP+SD,1.0,1,199,0.0
tier3,2022,7,24680,200,KD+MP+SD,0.0,0,110,0.0
tier3,2022,7,24680,201,M+KD+MP+SD,0.5444,1,178,0.20757136
tier3,2022,7,24680,202,L+KD+MP+SD,0.0,0,126,0.0
tier3,2022,7,24680,203,M+L+KD+MP+SD,1.0,1,194,0.0
tier3,2022,7,24680,204,C+KD+MP+SD,0.0,0,134,0.0
tier3,2022,7,24680,205,M+C+KD+MP+SD,1.0,1,202,0.0
tier3,2022,7,24680,206,L+C+KD+MP+SD,0.0,0,150,0.0
tier3,2022,7,24680,207,M+L+C+KD+MP+SD,1.0,1,218,0.0
tier3,2022,7,24680,208,S+MP+SD,1.0,1,198,0.0
tier3,2022,7,24680,209,M+S+MP+SD,1.0,1,266,0.0
tier3,2022,7,24680,210,L+S+MP+SD,1.0,1,214,0.0
tier3,2022,7,24680,211,M+L+S+MP+SD,1.0,1,282,0.0
tier3,2022,7,24680,212,C+S+MP+SD,1.0,1,222,0.0
tier3,2022,7,24680,213,M+C+S+MP+SD,1.0,1,290,0.0
tier3,2022,7,24680,214,L+C+S+MP+SD,1.0,1,238,0.0
tier3,2022,7,24680,215,M+L+C+S+MP+SD,1.0,1,306,0.0
tier3,2022,7,24680,216,KD+S+MP+SD,1.0,1,217,0.0
tier3,2022,7,24680,217,M+KD+S+MP+SD,1.0,1,285,0.0
tier3,2022,7,24680,218,L+KD+S+MP+SD,1.0,1,233,0.0
tier3,2022,7,24680,219,M+L+KD+S+MP+SD,1.0,1,301,0.0
tier3,2022,7,24680,220,C+KD+S+MP+SD,1.0,1,241,0.0
tier3,2022,7,24680,221,M+C+KD+S+MP+SD,1.0,1,309,0.0
tier3,2022,7,24680,222,L+C+KD+S+MP+SD,1.0,1,257,0.0
tier3,2022,7,24680,223,M+L+C+KD+S+MP+SD,1.0,1,325,0.0
tier3,2022,7,24680,224,V+MP+SD,0.0,0,115,0.0
tier3,2022,7,24680,225,M+V+MP+SD,0.8108,1,183,0.03579664000000001
tier3,2022,7,24680,226,L+V+MP+SD,0.0,0,131,0.0
tier3,2022,7,24680,227,M+L+V+MP+SD,1.0,1,199,0.0
tier3,2022,7,24680,228,C+V+MP+SD,0.0,0,139,0.0
tier3,2022,7,24680,229,M+C+V+MP+SD,1.0,1,207,0.0
tier3,2022,7,24680,230,L+C+V+MP+SD,0.0,0,155,0.0
tier3,2022,7,24680,231,M+L+C+V+MP+SD,1.0,1,223,0.0
tier3,2022,7,24680,232,KD+V+MP+SD,0.0,0,134,0.0
tier3,2022,7,24680,233,M+KD+V+MP+SD,1.0,1,202,0.0
tier3,2022,7,24680,234,L+KD+V+MP+SD,0.0,0,150,0.0
tier3,2022,7,24680,235,M+L+KD+V+MP+SD,1.0,1,218,0.0
tier3,2022,7,24680,236,C+KD+V+MP+SD,0.00865,0,158,7.482249999999999e-05
tier3,2022,7,24680,237,M+C+KD+V+MP+SD,1.0,1,226,0.0
tier3,2022,7,24680,238,L+C+KD+V+MP+SD,0.65375,0,174,0.4273890625000001
tier3,2022,7,24680,239,M+L+C+KD+V+MP+SD,1.0,1,242,0.0
tier3,2022,7,24680,240,S+V+MP+SD,1.0,1,222,0.0
tier3,2022,7,24680,241,M+S+V+MP+SD,1.0,1,290,0.0
tier3,2022,7,24680,242,L+S+V+MP+SD,1.0,1,238,0.0
tier3,2022,7,24680,243,M+L+S+V+MP+SD,1.0,1,306,0.0
tier3,2022,7,24680,244,C+S+V+MP+SD,1.0,1,246,0.0
tier3,2022,7,24680,245,M+C+S+V+MP+SD,1.0,1,314,0.0
tier3,2022,7,24680,246,L+C+S+V+MP+SD,1.0,1,262,0.0
tier3,2022,7,24680,247,M+L+C+S+V+MP+SD,1.0,1,330,0.0
tier3,2022,7,24680,248,KD+S+V+MP+SD,1.0,1,241,0.0
tier3,2022,7,24680,249,M+KD+S+V+MP+SD,1.0,1,309,0.0
tier3,2022,7,24680,250,L+KD+S+V+MP+SD,1.0,1,257,0.0
tier3,2022,7,24680,251,M+L+KD+S+V+MP+SD,1.0,1,325,0.0
tier3,2022,7,24680,252,C+KD+S+V+MP+SD,1.0,1,265,0.0
tier3,2022,7,24680,253,M+C+KD+S+V+MP+SD,1.0,1,333,0.0
tier3,2022,7,24680,254,L+C+KD+S+V+MP+SD,1.0,1,281,0.0
tier3,2022,7,98765,1,M,0.0,0,68,0.0
tier3,2022,7,98765,2,L,0.0,0,16,0.0
tier3,2022,7,98765,3,M+L,0.0,0,84,0.0
tier3,2022,7,98765,4,C,0.0,0,24,0.0
tier3,2022,7,98765,5,M+C,0.0,0,92,0.0
tier3,2022,7,98765,6,L+C,0.0,0,40,0.0
tier3,2022,7,98765,7,M+L+C,0.0,0,108,0.0
tier3,2022,7,98765,8,KD,0.0,0,19,0.0
tier3,2022,7,98765,9,M+KD,0.0,0,87,0.0
tier3,2022,7,98765,10,L+KD,0.0,0,35,0.0
tier3,2022,7,98765,11,M+L+KD,0.0,0,103,0.0
tier3,2022,7,98765,12,C+KD,0.0,0,43,0.0
tier3,2022,7,98765,13,M+C+KD,0.0,0,111,0.0
tier3,2022,7,98765,14,L+C+KD,0.0,0,59,0.0
tier3,2022,7,98765,15,M+L+C+KD,0.0,0,127,0.0
tier3,2022,7,98765,16,S,0.0,0,107,0.0
tier3,2022,7,98765,17,M+S,0.3498,1,175,0.42276004
tier3,2022,7,98765,18,L+S,0.0,0,123,0.0
tier3,2022,7,98765,19,M+L+S,0.9921,1,191,6.241000000000029e-05
tier3,2022,7,98765,20,C+S,0.0,0,131,0.0
tier3,2022,7,98765,21,M+C+S,1.0,1,199,0.0
tier3,2022,7,98765,22,L+C+S,0.0,0,147,0.0
tier3,2022,7,98765,23,M+L+C+S,1.0,1,215,0.0
tier3,2022,7,98765,24,KD+S,0.0,0,126,0.0
tier3,2022,7,98765,25,M+KD+S,1.0,1,194,0.0
tier3,2022,7,98765,26,L+KD+S,0.0,0,142,0.0
tier3,2022,7,98765,27,M+L+KD+S,1.0,1,210,0.0
tier3,2022,7,98765,28,C+KD+S,0.0,0,150,0.0
tier3,2022,7,98765,29,M+C+KD+S,1.0,1,218,0.0
tier3,2022,7,98765,30,L+C+KD+S,0.18525,0,166,0.0343175625
tier3,2022,7,98765,31,M+L+C+KD+S,1.0,1,234,0.0
tier3,2022,7,98765,32,V,0.0,0,24,0.0
tier3,2022,7,98765,33,M+V,0.0,0,92,0.0
tier3,2022,7,98765,34,L+V,0.0,0,40,0.0
tier3,2022,7,98765,35,M+L+V,0.0,0,108,0.0
tier3,2022,7,98765,36,C+V,0.0,0,48,0.0
tier3,2022,7,98765,37,M+C+V,0.0,0,116,0.0
tier3,2022,7,98765,38,L+C+V,0.0,0,64,0.0
tier3,2022,7,98765,39,M+L+C+V,0.0,0,132,0.0
tier3,2022,7,98765,40,KD+V,0.0,0,43,0.0
tier3,2022,7,98765,41,M+KD+V,0.0,0,111,0.0
tier3,2022,7,98765,42,L+KD+V,0.0,0,59,0.0
tier3,2022,7,98765,43,M+L+KD+V,0.0,0,127,0.0
tier3,2022,7,98765,44,C+KD+V,0.0,0,67,0.0
tier3,2022,7,98765,45,M+C+KD+V,0.0,0,135,0.0
tier3,2022,7,98765,46,L+C+KD+V,0.0,0,83,0.0
tier3,2022,7,98765,47,M+L+C+KD+V,0.0,0,151,0.0
tier3,2022,7,98765,48,S+V,0.0,0,131,0.0
tier3,2022,7,98765,49,M+S+V,1.0,1,199,0.0
tier3,2022,7,98765,50,L+S+V,0.0,0,147,0.0
tier3,2022,7,98765,51,M+L+S+V,1.0,1,215,0.0
tier3,2022,7,98765,52,C+S+V,0.0,0,155,0.0
tier3,2022,7,98765,53,M+C+S+V,1.0,1,223,0.0
tier3,2022,7,98765,54,L+C+S+V,0.4519,0,171,0.20421361000000002
tier3,2022,7,98765,55,M+L+C+S+V,1.0,1,239,0.0
tier3,2022,7,98765,56,KD+S+V,0.0,0,150,0.0
tier3,2022,7,98765,57,M+KD+S+V,1.0,1,218,0.0
tier3,2022,7,98765,58,L+KD+S+V,0.19985,0,166,0.0399400225
tier3,2022,7,98765,59,M+L+KD+S+V,1.0,1,234,0.0
tier3,2022,7,98765,60,C+KD+S+V,0.8429,0,174,0.71048041
tier3,2022,7,98765,61,M+C+KD+S+V,1.0,1,242,0.0
tier3,2022,7,98765,62,L+C+KD+S+V,1.0,1,190,0.0
tier3,2022,7,98765,63,M+L+C+KD+S+V,1.0,1,258,0.0
tier3,2022,7,98765,64,MP,0.0,0,18,0.0
tier3,2022,7,98765,65,M+MP,0.0,0,86,0.0
tier3,2022,7,98765,66,L+MP,0.0,0,34,0.0
tier3,2022,7,98765,67,M+L+MP,0.0,0,102,0.0
tier3,2022,7,98765,68,C+MP,0.0,0,42,0.0
tier3,2022,7,98765,69,M+C+MP,0.0,0,110,0.0
tier3,2022,7,98765,70,L+C+MP,0.0,0,58,0.0
tier3,2022,7,98765,71,M+L+C+MP,0.0,0,126,0.0
tier3,2022,7,98765,72,KD+MP,0.0,0,37,0.0
tier3,2022,7,98765,73,M+KD+MP,0.0,0,105,0.0
tier3,2022,7,98765,74,L+KD+MP,0.0,0,53,0.0
tier3,2022,7,98765,75,M+L+KD+MP,0.0,0,121,0.0
tier3,2022,7,98765,76,C+KD+MP,0.0,0,61,0.0
tier3,2022,7,98765,77,M+C+KD+MP,0.0,0,129,0.0
tier3,2022,7,98765,78,L+C+KD+MP,0.0,0,77,0.0
tier3,2022,7,98765,79,M+L+C+KD+MP,0.0,0,145,0.0
tier3,2022,7,98765,80,S+MP,0.0,0,125,0.0
tier3,2022,7,98765,81,M+S+MP,0.99975,1,193,6.249999999998623e-08
tier3,2022,7,98765,82,L+S+MP,0.0,0,141,0.0
tier3,2022,7,98765,83,M+L+S+MP,1.0,1,209,0.0
tier3,2022,7,98765,84,C+S+MP,0.0,0,149,0.0
tier3,2022,7,98765,85,M+C+S+MP,1.0,1,217,0.0
tier3,2022,7,98765,86,L+C+S+MP,0.19595,0,165,0.0383964025
tier3,2022,7,98765,87,M+L+C+S+MP,1.0,1,233,0.0
tier3,2022,7,98765,88,KD+S+MP,0.0,0,144,0.0
tier3,2022,7,98765,89,M+KD+S+MP,1.0,1,212,0.0
tier3,2022,7,98765,90,L+KD+S+MP,0.0211,0,160,0.00044521000000000003
tier3,2022,7,98765,91,M+L+KD+S+MP,1.0,1,228,0.0
tier3,2022,7,98765,92,C+KD+S+MP,0.29955,0,168,0.0897302025
tier3,2022,7,98765,93,M+C+KD+S+MP,1.0,1,236,0.0
tier3,2022,7,98765,94,L+C+KD+S+MP,0.87985,1,184,0.014436022499999994
tier3,2022,7,98765,95,M+L+C+KD+S+MP,1.0,1,252,0.0
tier3,2022,7,98765,96,V+MP,0.0,0,42,0.0
tier3,2022,7,98765,97,M+V+MP,0.0,0,110,0.0
tier3,2022,7,98765,98,L+V+MP,0.0,0,58,0.0
tier3,2022,7,98765,99,M+L+V+MP,0.0,0,126,0.0
tier3,2022,7,98765,100,C+V+MP,0.0,0,66,0.0
tier3,2022,7,98765,101,M+C+V+MP,0.0,0,134,0.0
tier3,2022,7,98765,102,L+C+V+MP,0.0,0,82,0.0
tier3,2022,7,98765,103,M+L+C+V+MP,0.0,0,150,0.0
tier3,2022,7,98765,104,KD+V+MP,0.0,0,61,0.0
tier3,2022,7,98765,105,M+KD+V+MP,0.0,0,129,0.0
tier3,2022,7,98765,106,L+KD+V+MP,0.0,0,77,0.0
tier3,2022,7,98765,107,M+L+KD+V+MP,0.0,0,145,0.0
tier3,2022,7,98765,108,C+KD+V+MP,0.0,0,85,0.0
tier3,2022,7,98765,109,M+C+KD+V+MP,0.0,0,153,0.0
tier3,2022,7,98765,110,L+C+KD+V+MP,0.0,0,101,0.0
tier3,2022,7,98765,111,M+L+C+KD+V+MP,0.29255,0,169,0.08558550249999998
tier3,2022,7,98765,112,S+V+MP,0.0,0,149,0.0
tier3,2022,7,98765,113,M+S+V+MP,1.0,1,217,0.0
tier3,2022,7,98765,114,L+S+V+MP,0.1939,0,165,0.03759721
tier3,2022,7,98765,115,M+L+S+V+MP,1.0,1,233,0.0
tier3,2022,7,98765,116,C+S+V+MP,0.58915,0,173,0.34709772249999993
tier3,2022,7,98765,117,M+C+S+V+MP,1.0,1,241,0.0
tier3,2022,7,98765,118,L+C+S+V+MP,0.97595,1,189,0.0005784025000000007
tier3,2022,7,98765,119,M+L+C+S+V+MP,1.0,1,257,0.0
tier3,2022,7,98765,120,KD+S+V+MP,0.34405,0,168,0.11837040250000001
tier3,2022,7,98765,121,M+KD+S+V+MP,1.0,1,236,0.0
tier3,2022,7,98765,122,L+KD+S+V+MP,0.94995,1,184,0.0025050025000000037
tier3,2022,7,98765,123,M+L+KD+S+V+MP,1.0,1,252,0.0
tier3,2022,7,98765,124,C+KD+S+V+MP,1.0,1,192,0.0
tier3,2022,7,98765,125,M+C+KD+S+V+MP,1.0,1,260,0.0
tier3,2022,7,98765,126,L+C+KD+S+V+MP,1.0,1,208,0.0
tier3,2022,7,98765,127,M+L+C+KD+S+V+MP,1.0,1,276,0.0
tier3,2022,7,98765,128,SD,0.0,0,73,0.0
tier3,2022,7,98765,129,M+SD,0.0,0,141,0.0
tier3,2022,7,98765,130,L+SD,0.0,0,89,0.0
tier3,2022,7,98765,131,M+L+SD,0.0,0,157,0.0
tier3,2022,7,98765,132,C+SD,0.0,0,97,0.0
tier3,2022,7,98765,133,M+C+SD,0.05005,0,165,0.0025050025
tier3,2022,7,98765,134,L+C+SD,0.0,0,113,0.0
tier3,2022,7,98765,135,M+L+C+SD,0.65595,1,181,0.11837040249999997
tier3,2022,7,98765,136,KD+SD,0.0,0,92,0.0
tier3,2022,7,98765,137,M+KD+SD,0.02405,0,160,0.0005784025
tier3,2022,7,98765,138,L+KD+SD,0.0,0,108,0.0
tier3,2022,7,98765,139,M+L+KD+SD,0.41085,1,176,0.3470977225000001
tier3,2022,7,98765,140,C+KD+SD,0.0,0,116,0.0
tier3,2022,7,98765,141,M+C+KD+SD,0.8061,1,184,0.037597209999999985
tier3,2022,7,98765,142,L+C+KD+SD,0.0,0,132,0.0
tier3,2022,7,98765,143,M+L+C+KD+SD,1.0,1,200,0.0
tier3,2022,7,98765,144,S+SD,0.70745,1,180,0.08558550249999998
tier3,2022,7,98765,145,M+S+SD,1.0,1,248,0.0
tier3,2022,7,98765,146,L+S+SD,1.0,1,196,0.0
tier3,2022,7,98765,147,M+L+S+SD,1.0,1,264,0.0
tier3,2022,7,98765,148,C+S+SD,1.0,1,204,0.0
tier3,2022,7,98765,149,M+C+S+SD,1.0,1,272,0.0
tier3,2022,7,98765,150,L+C+S+SD,1.0,1,220,0.0
tier3,2022,7,98765,151,M+L+C+S+SD,1.0,1,288,0.0
tier3,2022,7,98765,152,KD+S+SD,1.0,1,199,0.0
tier3,2022,7,98765,153,M+KD+S+SD,1.0,1,267,0.0
tier3,2022,7,98765,154,L+KD+S+SD,1.0,1,215,0.0
tier3,2022,7,98765,155,M+L+KD+S+SD,1.0,1,283,0.0
tier3,2022,7,98765,156,C+KD+S+SD,1.0,1,223,0.0
tier3,2022,7,98765,157,M+C+KD+S+SD,1.0,1,291,0.0
tier3,2022,7,98765,158,L+C+KD+S+SD,1.0,1,239,0.0
tier3,2022,7,98765,159,M+L+C+KD+S+SD,1.0,1,307,0.0
tier3,2022,7,98765,160,V+SD,0.0,0,97,0.0
tier3,2022,7,98765,161,M+V+SD,0.12015,0,165,0.014436022500000001
tier3,2022,7,98765,162,L+V+SD,0.0,0,113,0.0
tier3,2022,7,98765,163,M+L+V+SD,0.70045,1,181,0.0897302025
tier3,2022,7,98765,164,C+V+SD,0.0,0,121,0.0
tier3,2022,7,98765,165,M+C+V+SD,0.9789,1,189,0.0004452100000000003
tier3,2022,7,98765,166,L+C+V+SD,0.0,0,137,0.0
tier3,2022,7,98765,167,M+L+C+V+SD,1.0,1,205,0.0
tier3,2022,7,98765,168,KD+V+SD,0.0,0,116,0.0
tier3,2022,7,98765,169,M+KD+V+SD,0.80405,1,184,0.03839640249999998
tier3,2022,7,98765,170,L+KD+V+SD,0.0,0,132,0.0
tier3,2022,7,98765,171,M+L+KD+V+SD,1.0,1,200,0.0
tier3,2022,7,98765,172,C+KD+V+SD,0.0,0,140,0.0
tier3,2022,7,98765,173,M+C+KD+V+SD,1.0,1,208,0.0
tier3,2022,7,98765,174,L+C+KD+V+SD,0.00025,0,156,6.25e-08
tier3,2022,7,98765,175,M+L+C+KD+V+SD,1.0,1,224,0.0
tier3,2022,7,98765,176,S+V+SD,1.0,1,204,0.0
tier3,2022,7,98765,177,M+S+V+SD,1.0,1,272,0.0
tier3,2022,7,98765,178,L+S+V+SD,1.0,1,220,0.0
tier3,2022,7,98765,179,M+L+S+V+SD,1.0,1,288,0.0
tier3,2022,7,98765,180,C+S+V+SD,1.0,1,228,0.0
tier3,2022,7,98765,181,M+C+S+V+SD,1.0,1,296,0.0
tier3,2022,7,98765,182,L+C+S+V+SD,1.0,1,244,0.0
tier3,2022,7,98765,183,M+L+C+S+V+SD,1.0,1,312,0.0
tier3,2022,7,98765,184,KD+S+V+SD,1.0,1,223,0.0
tier3,2022,7,98765,185,M+KD+S+V+SD,1.0,1,291,0.0
tier3,2022,7,98765,186,L+KD+S+V+SD,1.0,1,239,0.0
tier3,2022,7,98765,187,M+L+KD+S+V+SD,1.0,1,307,0.0
tier3,2022,7,98765,188,C+KD+S+V+SD,1.0,1,247,0.0
tier3,2022,7,98765,189,M+C+KD+S+V+SD,1.0,1,315,0.0
tier3,2022,7,98765,190,L+C+KD+S+V+SD,1.0,1,263,0.0
tier3,2022,7,98765,191,M+L+C+KD+S+V+SD,1.0,1,331,0.0
tier3,2022,7,98765,192,MP+SD,0.0,0,91,0.0
tier3,2022,7,98765,193,M+MP+SD,0.0,0,159,0.0
tier3,2022,7,98765,194,L+MP+SD,0.0,0,107,0.0
tier3,2022,7,98765,195,M+L+MP+SD,0.1571,1,175,0.71048041
tier3,2022,7,98765,196,C+MP+SD,0.0,0,115,0.0
tier3,2022,7,98765,197,M+C+MP+SD,0.80015,1,183,0.03994002249999999
tier3,2022,7,98765,198,L+C+MP+SD,0.0,0,131,0.0
tier3,2022,7,98765,199,M+L+C+MP+SD,1.0,1,199,0.0
tier3,2022,7,98765,200,KD+MP+SD,0.0,0,110,0.0
tier3,2022,7,98765,201,M+KD+MP+SD,0.5481,1,178,0.20421360999999996
tier3,2022,7,98765,202,L+KD+MP+SD,0.0,0,126,0.0
tier3,2022,7,98765,203,M+L+KD+MP+SD,1.0,1,194,0.0
tier3,2022,7,98765,204,C+KD+MP+SD,0.0,0,134,0.0
tier3,2022,7,98765,205,M+C+KD+MP+SD,1.0,1,202,0.0
tier3,2022,7,98765,206,L+C+KD+MP+SD,0.0,0,150,0.0
tier3,2022,7,98765,207,M+L+C+KD+MP+SD,1.0,1,218,0.0
tier3,2022,7,98765,208,S+MP+SD,1.0,1,198,0.0
tier3,2022,7,98765,209,M+S+MP+SD,1.0,1,266,0.0
tier3,2022,7,98765,210,L+S+MP+SD,1.0,1,214,0.0
tier3,2022,7,98765,211,M+L+S+MP+SD,1.0,1,282,0.0
tier3,2022,7,98765,212,C+S+MP+SD,1.0,1,222,0.0
tier3,2022,7,98765,213,M+C+S+MP+SD,1.0,1,290,0.0
tier3,2022,7,98765,214,L+C+S+MP+SD,1.0,1,238,0.0
tier3,2022,7,98765,215,M+L+C+S+MP+SD,1.0,1,306,0.0
tier3,2022,7,98765,216,KD+S+MP+SD,1.0,1,217,0.0
tier3,2022,7,98765,217,M+KD+S+MP+SD,1.0,1,285,0.0
tier3,2022,7,98765,218,L+KD+S+MP+SD,1.0,1,233,0.0
tier3,2022,7,98765,219,M+L+KD+S+MP+SD,1.0,1,301,0.0
tier3,2022,7,98765,220,C+KD+S+MP+SD,1.0,1,241,0.0
tier3,2022,7,98765,221,M+C+KD+S+MP+SD,1.0,1,309,0.0
tier3,2022,7,98765,222,L+C+KD+S+MP+SD,1.0,1,257,0.0
tier3,2022,7,98765,223,M+L+C+KD+S+MP+SD,1.0,1,325,0.0
tier3,2022,7,98765,224,V+MP+SD,0.0,0,115,0.0
tier3,2022,7,98765,225,M+V+MP+SD,0.81475,1,183,0.03431756250000001
tier3,2022,7,98765,226,L+V+MP+SD,0.0,0,131,0.0
tier3,2022,7,98765,227,M+L+V+MP+SD,1.0,1,199,0.0
tier3,2022,7,98765,228,C+V+MP+SD,0.0,0,139,0.0
tier3,2022,7,98765,229,M+C+V+MP+SD,1.0,1,207,0.0
tier3,2022,7,98765,230,L+C+V+MP+SD,0.0,0,155,0.0
tier3,2022,7,98765,231,M+L+C+V+MP+SD,1.0,1,223,0.0
tier3,2022,7,98765,232,KD+V+MP+SD,0.0,0,134,0.0
tier3,2022,7,98765,233,M+KD+V+MP+SD,1.0,1,202,0.0
tier3,2022,7,98765,234,L+KD+V+MP+SD,0.0,0,150,0.0
tier3,2022,7,98765,235,M+L+KD+V+MP+SD,1.0,1,218,0.0
tier3,2022,7,98765,236,C+KD+V+MP+SD,0.0079,0,158,6.241000000000001e-05
tier3,2022,7,98765,237,M+C+KD+V+MP+SD,1.0,1,226,0.0
tier3,2022,7,98765,238,L+C+KD+V+MP+SD,0.6502,0,174,0.42276004
tier3,2022,7,98765,239,M+L+C+KD+V+MP+SD,1.0,1,242,0.0
tier3,2022,7,98765,240,S+V+MP+SD,1.0,1,222,0.0
tier3,2022,7,98765,241,M+S+V+MP+SD,1.0,1,290,0.0
tier3,2022,7,98765,242,L+S+V+MP+SD,1.0,1,238,0.0
tier3,2022,7,98765,243,M+L+S+V+MP+SD,1.0,1,306,0.0
tier3,2022,7,98765,244,C+S+V+MP+SD,1.0,1,246,0.0
tier3,2022,7,98765,245,M+C+S+V+MP+SD,1.0,1,314,0.0
tier3,2022,7,98765,246,L+C+S+V+MP+SD,1.0,1,262,0.0
tier3,2022,7,98765,247,M+L+C+S+V+MP+SD,1.0,1,330,0.0
tier3,2022,7,98765,248,KD+S+V+MP+SD,1.0,1,241,0.0
tier3,2022,7,98765,249,M+KD+S+V+MP+SD,1.0,1,309,0.0
tier3,2022,7,98765,250,L+KD+S+V+MP+SD,1.0,1,257,0.0
tier3,2022,7,98765,251,M+L+KD+S+V+MP+SD,1.0,1,325,0.0
tier3,2022,7,98765,252,C+KD+S+V+MP+SD,1.0,1,265,0.0
tier3,2022,7,98765,253,M+C+KD+S+V+MP+SD,1.0,1,333,0.0
tier3,2022,7,98765,254,L+C+KD+S+V+MP+SD,1.0,1,281,0.0
tier3,2022,7,54321,1,M,0.0,0,68,0.0
tier3,2022,7,54321,2,L,0.0,0,16,0.0
tier3,2022,7,54321,3,M+L,0.0,0,84,0.0
tier3,2022,7,54321,4,C,0.0,0,24,0.0
tier3,2022,7,54321,5,M+C,0.0,0,92,0.0
tier3,2022,7,54321,6,L+C,0.0,0,40,0.0
tier3,2022,7,54321,7,M+L+C,0.0,0,108,0.0
tier3,2022,7,54321,8,KD,0.0,0,19,0.0
tier3,2022,7,54321,9,M+KD,0.0,0,87,0.0
tier3,2022,7,54321,10,L+KD,0.0,0,35,0.0
tier3,2022,7,54321,11,M+L+KD,0.0,0,103,0.0
tier3,2022,7,54321,12,C+KD,0.0,0,43,0.0
tier3,2022,7,54321,13,M+C+KD,0.0,0,111,0.0
tier3,2022,7,54321,14,L+C+KD,0.0,0,59,0.0
tier3,2022,7,54321,15,M+L+C+KD,0.0,0,127,0.0
tier3,2022,7,54321,16,S,0.0,0,107,0.0
tier3,2022,7,54321,17,M+S,0.3502,1,175,0.4222400399999999
tier3,2022,7,54321,18,L+S,0.0,0,123,0.0
tier3,2022,7,54321,19,M+L+S,0.99065,1,191,8.742249999999943e-05
tier3,2022,7,54321,20,C+S,0.0,0,131,0.0
tier3,2022,7,54321,21,M+C+S,1.0,1,199,0.0
tier3,2022,7,54321,22,L+C+S,0.0,0,147,0.0
tier3,2022,7,54321,23,M+L+C+S,1.0,1,215,0.0
tier3,2022,7,54321,24,KD+S,0.0,0,126,0.0
tier3,2022,7,54321,25,M+KD+S,0.99995,1,194,2.499999999999449e-09
tier3,2022,7,54321,26,L+KD+S,0.0,0,142,0.0
tier3,2022,7,54321,27,M+L+KD+S,1.0,1,210,0.0
tier3,2022,7,54321,28,C+KD+S,0.0,0,150,0.0
tier3,2022,7,54321,29,M+C+KD+S,1.0,1,218,0.0
tier3,2022,7,54321,30,L+C+KD+S,0.19155,0,166,0.0366914025
tier3,2022,7,54321,31,M+L+C+KD+S,1.0,1,234,0.0
tier3,2022,7,54321,32,V,0.0,0,24,0.0
tier3,2022,7,54321,33,M+V,0.0,0,92,0.0
tier3,2022,7,54321,34,L+V,0.0,0,40,0.0
tier3,2022,7,54321,35,M+L+V,0.0,0,108,0.0
tier3,2022,7,54321,36,C+V,0.0,0,48,0.0
tier3,2022,7,54321,37,M+C+V,0.0,0,116,0.0
tier3,2022,7,54321,38,L+C+V,0.0,0,64,0.0
tier3,2022,7,54321,39,M+L+C+V,0.0,0,132,0.0
tier3,2022,7,54321,40,KD+V,0.0,0,43,0.0
tier3,2022,7,54321,41,M+KD+V,0.0,0,111,0.0
tier3,2022,7,54321,42,L+KD+V,0.0,0,59,0.0
tier3,2022,7,54321,43,M+L+KD+V,0.0,0,127,0.0
tier3,2022,7,54321,44,C+KD+V,0.0,0,67,0.0
tier3,2022,7,54321,45,M+C+KD+V,0.0,0,135,0.0
tier3,2022,7,54321,46,L+C+KD+V,0.0,0,83,0.0
tier3,2022,7,54321,47,M+L+C+KD+V,0.0,0,151,0.0
tier3,2022,7,54321,48,S+V,0.0,0,131,0.0
tier3,2022,7,54321,49,M+S+V,1.0,1,199,0.0
tier3,2022,7,54321,50,L+S+V,0.0,0,147,0.0
tier3,2022,7,54321,51,M+L+S+V,1.0,1,215,0.0
tier3,2022,7,54321,52,C+S+V,0.0,0,155,0.0
tier3,2022,7,54321,53,M+C+S+V,1.0,1,223,0.0
tier3,2022,7,54321,54,L+C+S+V,0.45875,0,171,0.2104515625
tier3,2022,7,54321,55,M+L+C+S+V,1.0,1,239,0.0
tier3,2022,7,54321,56,KD+S+V,0.0,0,150,0.0
tier3,2022,7,54321,57,M+KD+S+V,1.0,1,218,0.0
tier3,2022,7,54321,58,L+KD+S+V,0.20075,0,166,0.040300562500000005
tier3,2022,7,54321,59,M+L+KD+S+V,1.0,1,234,0.0
tier3,2022,7,54321,60,C+KD+S+V,0.8427,0,174,0.71014329
tier3,2022,7,54321,61,M+C+KD+S+V,1.0,1,242,0.0
tier3,2022,7,54321,62,L+C+KD+S+V,0.99995,1,190,2.499999999999449e-09
tier3,2022,7,54321,63,M+L+C+KD+S+V,1.0,1,258,0.0
tier3,2022,7,54321,64,MP,0.0,0,18,0.0
tier3,2022,7,54321,65,M+MP,0.0,0,86,0.0
tier3,2022,7,54321,66,L+MP,0.0,0,34,0.0
tier3,2022,7,54321,67,M+L+MP,0.0,0,102,0.0
tier3,2022,7,54321,68,C+MP,0.0,0,42,0.0
tier3,2022,7,54321,69,M+C+MP,0.0,0,110,0.0
tier3,2022,7,54321,70,L+C+MP,0.0,0,58,0.0
tier3,2022,7,54321,71,M+L+C+MP,0.0,0,126,0.0
tier3,2022,7,54321,72,KD+MP,0.0,0,37,0.0
tier3,2022,7,54321,73,M+KD+MP,0.0,0,105,0.0
tier3,2022,7,54321,74,L+KD+MP,0.0,0,53,0.0
tier3,2022,7,54321,75,M+L+KD+MP,0.0,0,121,0.0
tier3,2022,7,54321,76,C+KD+MP,0.0,0,61,0.0
tier3,2022,7,54321,77,M+C+KD+MP,0.0,0,129,0.0
tier3,2022,7,54321,78,L+C+KD+MP,0.0,0,77,0.0
tier3,2022,7,54321,79,M+L+C+KD+MP,0.0,0,145,0.0
tier3,2022,7,54321,80,S+MP,0.0,0,125,0.0
tier3,2022,7,54321,81,M+S+MP,0.9998,1,193,3.9999999999991186e-08
tier3,2022,7,54321,82,L+S+MP,0.0,0,141,0.0
tier3,2022,7,54321,83,M+L+S+MP,1.0,1,209,0.0
tier3,2022,7,54321,84,C+S+MP,0.0,0,149,0.0
tier3,2022,7,54321,85,M+C+S+MP,1.0,1,217,0.0
tier3,2022,7,54321,86,L+C+S+MP,0.2024,0,165,0.04096576
tier3,2022,7,54321,87,M+L+C+S+MP,1.0,1,233,0.0
tier3,2022,7,54321,88,KD+S+MP,0.0,0,144,0.0
tier3,2022,7,54321,89,M+KD+S+MP,1.0,1,212,0.0
tier3,2022,7,54321,90,L+KD+S+MP,0.0205,0,160,0.00042025000000000005
tier3,2022,7,54321,91,M+L+KD+S+MP,1.0,1,228,0.0
tier3,2022,7,54321,92,C+KD+S+MP,0.3086,0,168,0.09523395999999999
tier3,2022,7,54321,93,M+C+KD+S+MP,1.0,1,236,0.0
tier3,2022,7,54321,94,L+C+KD+S+MP,0.8785,1,184,0.014762250000000013
tier3,2022,7,54321,95,M+L+C+KD+S+MP,1.0,1,252,0.0
tier3,2022,7,54321,96,V+MP,0.0,0,42,0.0
tier3,2022,7,54321,97,M+V+MP,0.0,0,110,0.0
tier3,2022,7,54321,98,L+V+MP,0.0,0,58,0.0
tier3,2022,7,54321,99,M+L+V+MP,0.0,0,126,0.0
tier3,2022,7,54321,100,C+V+MP,0.0,0,66,0.0
tier3,2022,7,54321,101,M+C+V+MP,0.0,0,134,0.0
tier3,2022,7,54321,102,L+C+V+MP,0.0,0,82,0.0
tier3,2022,7,54321,103,M+L+C+V+MP,0.0,0,150,0.0
tier3,2022,7,54321,104,KD+V+MP,0.0,0,61,0.0
tier3,2022,7,54321,105,M+KD+V+MP,0.0,0,129,0.0
tier3,2022,7,54321,106,L+KD+V+MP,0.0,0,77,0.0
tier3,2022,7,54321,107,M+L+KD+V+MP,0.0,0,145,0.0
tier3,2022,7,54321,108,C+KD+V+MP,0.0,0,85,0.0
tier3,2022,7,54321,109,M+C+KD+V+MP,0.0,0,153,0.0
tier3,2022,7,54321,110,L+C+KD+V+MP,0.0,0,101,0.0
tier3,2022,7,54321,111,M+L+C+KD+V+MP,0.29275,0,169,0.08570256250000001
tier3,2022,7,54321,112,S+V+MP,0.0,0,149,0.0
tier3,2022,7,54321,113,M+S+V+MP,1.0,1,217,0.0
tier3,2022,7,54321,114,L+S+V+MP,0.2009,0,165,0.04036081
tier3,2022,7,54321,115,M+L+S+V+MP,1.0,1,233,0.0
tier3,2022,7,54321,116,C+S+V+MP,0.59925,0,173,0.35910056249999994
tier3,2022,7,54321,117,M+C+S+V+MP,1.0,1,241,0.0
tier3,2022,7,54321,118,L+C+S+V+MP,0.9767,1,189,0.0005428899999999994
tier3,2022,7,54321,119,M+L+C+S+V+MP,1.0,1,257,0.0
tier3,2022,7,54321,120,KD+S+V+MP,0.3487,0,168,0.12159169
tier3,2022,7,54321,121,M+KD+S+V+MP,1.0,1,236,0.0
tier3,2022,7,54321,122,L+KD+S+V+MP,0.94975,1,184,0.0025250625000000017
tier3,2022,7,54321,123,M+L+KD+S+V+MP,1.0,1,252,0.0
tier3,2022,7,54321,124,C+KD+S+V+MP,0.99985,1,192,2.2499999999995043e-08
tier3,2022,7,54321,125,M+C+KD+S+V+MP,1.0,1,260,0.0
tier3,2022,7,54321,126,L+C+KD+S+V+MP,1.0,1,208,0.0
tier3,2022,7,54321,127,M+L+C+KD+S+V+MP,1.0,1,276,0.0
tier3,2022,7,54321,128,SD,0.0,0,73,0.0
tier3,2022,7,54321,129,M+SD,0.0,0,141,0.0
tier3,2022,7,54321,130,L+SD,0.0,0,89,0.0
tier3,2022,7,54321,131,M+L+SD,0.00015,0,157,2.2499999999999996e-08
tier3,2022,7,54321,132,C+SD,0.0,0,97,0.0
tier3,2022,7,54321,133,M+C+SD,0.05025,0,165,0.0025250625000000004
tier3,2022,7,54321,134,L+C+SD,0.0,0,113,0.0
tier3,2022,7,54321,135,M+L+C+SD,0.6513,1,181,0.12159169
tier3,2022,7,54321,136,KD+SD,0.0,0,92,0.0
tier3,2022,7,54321,137,M+KD+SD,0.0233,0,160,0.0005428900000000001
tier3,2022,7,54321,138,L+KD+SD,0.0,0,108,0.0
tier3,2022,7,54321,139,M+L+KD+SD,0.40075,1,176,0.35910056250000005
tier3,2022,7,54321,140,C+KD+SD,0.0,0,116,0.0
tier3,2022,7,54321,141,M+C+KD+SD,0.7991,1,184,0.04036080999999999
tier3,2022,7,54321,142,L+C+KD+SD,0.0,0,132,0.0
tier3,2022,7,54321,143,M+L+C+KD+SD,1.0,1,200,0.0
tier3,2022,7,54321,144,S+SD,0.70725,1,180,0.08570256249999997
tier3,2022,7,54321,145,M+S+SD,1.0,1,248,0.0
tier3,2022,7,54321,146,L+S+SD,1.0,1,196,0.0
tier3,2022,7,54321,147,M+L+S+SD,1.0,1,264,0.0
tier3,2022,7,54321,148,C+S+SD,1.0,1,204,0.0
tier3,2022,7,54321,149,M+C+S+SD,1.0,1,272,0.0
tier3,2022,7,54321,150,L+C+S+SD,1.0,1,220,0.0
tier3,2022,7,54321,151,M+L+C+S+SD,1.0,1,288,0.0
tier3,2022,7,54321,152,KD+S+SD,1.0,1,199,0.0
tier3,2022,7,54321,153,M+KD+S+SD,1.0,1,267,0.0
tier3,2022,7,54321,154,L+KD+S+SD,1.0,1,215,0.0
tier3,2022,7,54321,155,M+L+KD+S+SD,1.0,1,283,0.0
tier3,2022,7,54321,156,C+KD+S+SD,1.0,1,223,0.0
tier3,2022,7,54321,157,M+C+KD+S+SD,1.0,1,291,0.0
tier3,2022,7,54321,158,L+C+KD+S+SD,1.0,1,239,0.0
tier3,2022,7,54321,159,M+L+C+KD+S+SD,1.0,1,307,0.0
tier3,2022,7,54321,160,V+SD,0.0,0,97,0.0
tier3,2022,7,54321,161,M+V+SD,0.1215,0,165,0.01476225
tier3,2022,7,54321,162,L+V+SD,0.0,0,113,0.0
tier3,2022,7,54321,163,M+L+V+SD,0.6914,1,181,0.09523395999999999
tier3,2022,7,54321,164,C+V+SD,0.0,0,121,0.0
tier3,2022,7,54321,165,M+C+V+SD,0.9795,1,189,0.0004202499999999985
tier3,2022,7,54321,166,L+C+V+SD,0.0,0,137,0.0
tier3,2022,7,54321,167,M+L+C+V+SD,1.0,1,205,0.0
tier3,2022,7,54321,168,KD+V+SD,0.0,0,116,0.0
tier3,2022,7,54321,169,M+KD+V+SD,0.7976,1,184,0.04096576000000001
tier3,2022,7,54321,170,L+KD+V+SD,0.0,0,132,0.0
tier3,2022,7,54321,171,M+L+KD+V+SD,1.0,1,200,0.0
tier3,2022,7,54321,172,C+KD+V+SD,0.0,0,140,0.0
tier3,2022,7,54321,173,M+C+KD+V+SD,1.0,1,208,0.0
tier3,2022,7,54321,174,L+C+KD+V+SD,0.0002,0,156,4e-08
tier3,2022,7,54321,175,M+L+C+KD+V+SD,1.0,1,224,0.0
tier3,2022,7,54321,176,S+V+SD,1.0,1,204,0.0
tier3,2022,7,54321,177,M+S+V+SD,1.0,1,272,0.0
tier3,2022,7,54321,178,L+S+V+SD,1.0,1,220,0.0
tier3,2022,7,54321,179,M+L+S+V+SD,1.0,1,288,0.0
tier3,2022,7,54321,180,C+S+V+SD,1.0,1,228,0.0
tier3,2022,7,54321,181,M+C+S+V+SD,1.0,1,296,0.0
tier3,2022,7,54321,182,L+C+S+V+SD,1.0,1,244,0.0
tier3,2022,7,54321,183,M+L+C+S+V+SD,1.0,1,312,0.0
tier3,2022,7,54321,184,KD+S+V+SD,1.0,1,223,0.0
tier3,2022,7,54321,185,M+KD+S+V+SD,1.0,1,291,0.0
tier3,2022,7,54321,186,L+KD+S+V+SD,1.0,1,239,0.0
tier3,2022,7,54321,187,M+L+KD+S+V+SD,1.0,1,307,0.0
tier3,2022,7,54321,188,C+KD+S+V+SD,1.0,1,247,0.0
tier3,2022,7,54321,189,M+C+KD+S+V+SD,1.0,1,315,0.0
tier3,2022,7,54321,190,L+C+KD+S+V+SD,1.0,1,263,0.0
tier3,2022,7,54321,191,M+L+C+KD+S+V+SD,1.0,1,331,0.0
tier3,2022,7,54321,192,MP+SD,0.0,0,91,0.0
tier3,2022,7,54321,193,M+MP+SD,5e-05,0,159,2.5e-09
tier3,2022,7,54321,194,L+MP+SD,0.0,0,107,0.0
tier3,2022,7,54321,195,M+L+MP+SD,0.1573,1,175,0.71014329
tier3,2022,7,54321,196,C+MP+SD,0.0,0,115,0.0
tier3,2022,7,54321,197,M+C+MP+SD,0.79925,1,183,0.04030056249999999
tier3,2022,7,54321,198,L+C+MP+SD,0.0,0,131,0.0
tier3,2022,7,54321,199,M+L+C+MP+SD,1.0,1,199,0.0
tier3,2022,7,54321,200,KD+MP+SD,0.0,0,110,0.0
tier3,2022,7,54321,201,M+KD+MP+SD,0.54125,1,178,0.2104515625
tier3,2022,7,54321,202,L+KD+MP+SD,0.0,0,126,0.0
tier3,2022,7,54321,203,M+L+KD+MP+SD,1.0,1,194,0.0
tier3,2022,7,54321,204,C+KD+MP+SD,0.0,0,134,0.0
tier3,2022,7,54321,205,M+C+KD+MP+SD,1.0,1,202,0.0
tier3,2022,7,54321,206,L+C+KD+MP+SD,0.0,0,150,0.0
tier3,2022,7,54321,207,M+L+C+KD+MP+SD,1.0,1,218,0.0
tier3,2022,7,54321,208,S+MP+SD,1.0,1,198,0.0
tier3,2022,7,54321,209,M+S+MP+SD,1.0,1,266,0.0
tier3,2022,7,54321,210,L+S+MP+SD,1.0,1,214,0.0
tier3,2022,7,54321,211,M+L+S+MP+SD,1.0,1,282,0.0
tier3,2022,7,54321,212,C+S+MP+SD,1.0,1,222,0.0
tier3,2022,7,54321,213,M+C+S+MP+SD,1.0,1,290,0.0
tier3,2022,7,54321,214,L+C+S+MP+SD,1.0,1,238,0.0
tier3,2022,7,54321,215,M+L+C+S+MP+SD,1.0,1,306,0.0
tier3,2022,7,54321,216,KD+S+MP+SD,1.0,1,217,0.0
tier3,2022,7,54321,217,M+KD+S+MP+SD,1.0,1,285,0.0
tier3,2022,7,54321,218,L+KD+S+MP+SD,1.0,1,233,0.0
tier3,2022,7,54321,219,M+L+KD+S+MP+SD,1.0,1,301,0.0
tier3,2022,7,54321,220,C+KD+S+MP+SD,1.0,1,241,0.0
tier3,2022,7,54321,221,M+C+KD+S+MP+SD,1.0,1,309,0.0
tier3,2022,7,54321,222,L+C+KD+S+MP+SD,1.0,1,257,0.0
tier3,2022,7,54321,223,M+L+C+KD+S+MP+SD,1.0,1,325,0.0
tier3,2022,7,54321,224,V+MP+SD,0.0,0,115,0.0
tier3,2022,7,54321,225,M+V+MP+SD,0.80845,1,183,0.0366914025
tier3,2022,7,54321,226,L+V+MP+SD,0.0,0,131,0.0
tier3,2022,7,54321,227,M+L+V+MP+SD,1.0,1,199,0.0
tier3,2022,7,54321,228,C+V+MP+SD,0.0,0,139,0.0
tier3,2022,7,54321,229,M+C+V+MP+SD,1.0,1,207,0.0
tier3,2022,7,54321,230,L+C+V+MP+SD,5e-05,0,155,2.5e-09
tier3,2022,7,54321,231,M+L+C+V+MP+SD,1.0,1,223,0.0
tier3,2022,7,54321,232,KD+V+MP+SD,0.0,0,134,0.0
tier3,2022,7,54321,233,M+KD+V+MP+SD,1.0,1,202,0.0
tier3,2022,7,54321,234,L+KD+V+MP+SD,0.0,0,150,0.0
tier3,2022,7,54321,235,M+L+KD+V+MP+SD,1.0,1,218,0.0
tier3,2022,7,54321,236,C+KD+V+MP+SD,0.00935,0,158,8.742250000000001e-05
tier3,2022,7,54321,237,M+C+KD+V+MP+SD,1.0,1,226,0.0
tier3,2022,7,54321,238,L+C+KD+V+MP+SD,0.6498,0,174,0.42224004000000004
tier3,2022,7,54321,239,M+L+C+KD+V+MP+SD,1.0,1,242,0.0
tier3,2022,7,54321,240,S+V+MP+SD,1.0,1,222,0.0
tier3,2022,7,54321,241,M+S+V+MP+SD,1.0,1,290,0.0
tier3,2022,7,54321,242,L+S+V+MP+SD,1.0,1,238,0.0
tier3,2022,7,54321,243,M+L+S+V+MP+SD,1.0,1,306,0.0
tier3,2022,7,54321,244,C+S+V+MP+SD,1.0,1,246,0.0
tier3,2022,7,54321,245,M+C+S+V+MP+SD,1.0,1,314,0.0
tier3,2022,7,54321,246,L+C+S+V+MP+SD,1.0,1,262,0.0
tier3,2022,7,54321,247,M+L+C+S+V+MP+SD,1.0,1,330,0.0
tier3,2022,7,54321,248,KD+S+V+MP+SD,1.0,1,241,0.0
tier3,2022,7,54321,249,M+KD+S+V+MP+SD,1.0,1,309,0.0
tier3,2022,7,54321,250,L+KD+S+V+MP+SD,1.0,1,257,0.0
tier3,2022,7,54321,251,M+L+KD+S+V+MP+SD,1.0,1,325,0.0
tier3,2022,7,54321,252,C+KD+S+V+MP+SD,1.0,1,265,0.0
tier3,2022,7,54321,253,M+C+KD+S+V+MP+SD,1.0,1,333,0.0
tier3,2022,7,54321,254,L+C+KD+S+V+MP+SD,1.0,1,281,0.0
tier3,2022,7,13579,1,M,0.0,0,68,0.0
tier3,2022,7,13579,2,L,0.0,0,16,0.0
tier3,2022,7,13579,3,M+L,0.0,0,84,0.0
tier3,2022,7,13579,4,C,0.0,0,24,0.0
tier3,2022,7,13579,5,M+C,0.0,0,92,0.0
tier3,2022,7,13579,6,L+C,0.0,0,40,0.0
tier3,2022,7,13579,7,M+L+C,0.0,0,108,0.0
tier3,2022,7,13579,8,KD,0.0,0,19,0.0
tier3,2022,7,13579,9,M+KD,0.0,0,87,0.0
tier3,2022,7,13579,10,L+KD,0.0,0,35,0.0
tier3,2022,7,13579,11,M+L+KD,0.0,0,103,0.0
tier3,2022,7,13579,12,C+KD,0.0,0,43,0.0
tier3,2022,7,13579,13,M+C+KD,0.0,0,111,0.0
tier3,2022,7,13579,14,L+C+KD,0.0,0,59,0.0
tier3,2022,7,13579,15,M+L+C+KD,0.0,0,127,0.0
tier3,2022,7,13579,16,S,0.0,0,107,0.0
tier3,2022,7,13579,17,M+S,0.35545,1,175,0.41544470249999993
tier3,2022,7,13579,18,L+S,0.0,0,123,0.0
tier3,2022,7,13579,19,M+L+S,0.9916,1,191,7.055999999999938e-05
tier3,2022,7,13579,20,C+S,0.0,0,131,0.0
tier3,2022,7,13579,21,M+C+S,1.0,1,199,0.0
tier3,2022,7,13579,22,L+C+S,0.0,0,147,0.0
tier3,2022,7,13579,23,M+L+C+S,1.0,1,215,0.0
tier3,2022,7,13579,24,KD+S,0.0,0,126,0.0
tier3,2022,7,13579,25,M+KD+S,0.99985,1,194,2.2499999999995043e-08
tier3,2022,7,13579,26,L+KD+S,0.0,0,142,0.0
tier3,2022,7,13579,27,M+L+KD+S,1.0,1,210,0.0
tier3,2022,7,13579,28,C+KD+S,0.0,0,150,0.0
tier3,2022,7,13579,29,M+C+KD+S,1.0,1,218,0.0
tier3,2022,7,13579,30,L+C+KD+S,0.1878,0,166,0.035268839999999996
tier3,2022,7,13579,31,M+L+C+KD+S,1.0,1,234,0.0
tier3,2022,7,13579,32,V,0.0,0,24,0.0
tier3,2022,7,13579,33,M+V,0.0,0,92,0.0
tier3,2022,7,13579,34,L+V,0.0,0,40,0.0
tier3,2022,7,13579,35,M+L+V,0.0,0,108,0.0
tier3,2022,7,13579,36,C+V,0.0,0,48,0.0
tier3,2022,7,13579,37,M+C+V,0.0,0,116,0.0
tier3,2022,7,13579,38,L+C+V,0.0,0,64,0.0
tier3,2022,7,13579,39,M+L+C+V,0.0,0,132,0.0
tier3,2022,7,13579,40,KD+V,0.0,0,43,0.0
tier3,2022,7,13579,41,M+KD+V,0.0,0,111,0.0
tier3,2022,7,13579,42,L+KD+V,0.0,0,59,0.0
tier3,2022,7,13579,43,M+L+KD+V,0.0,0,127,0.0
tier3,2022,7,13579,44,C+KD+V,0.0,0,67,0.0
tier3,2022,7,13579,45,M+C+KD+V,0.0,0,135,0.0
tier3,2022,7,13579,46,L+C+KD+V,0.0,0,83,0.0
tier3,2022,7,13579,47,M+L+C+KD+V,0.0,0,151,0.0
tier3,2022,7,13579,48,S+V,0.0,0,131,0.0
tier3,2022,7,13579,49,M+S+V,1.0,1,199,0.0
tier3,2022,7,13579,50,L+S+V,0.0,0,147,0.0
tier3,2022,7,13579,51,M+L+S+V,1.0,1,215,0.0
tier3,2022,7,13579,52,C+S+V,0.0,0,155,0.0
tier3,2022,7,13579,53,M+C+S+V,1.0,1,223,0.0
tier3,2022,7,13579,54,L+C+S+V,0.45,0,171,0.2025
tier3,2022,7,13579,55,M+L+C+S+V,1.0,1,239,0.0
tier3,2022,7,13579,56,KD+S+V,0.0,0,150,0.0
tier3,2022,7,13579,57,M+KD+S+V,1.0,1,218,0.0
tier3,2022,7,13579,58,L+KD+S+V,0.202,0,166,0.04080400000000001
tier3,2022,7,13579,59,M+L+KD+S+V,1.0,1,234,0.0
tier3,2022,7,13579,60,C+KD+S+V,0.8403,0,174,0.7061040900000001
tier3,2022,7,13579,61,M+C+KD+S+V,1.0,1,242,0.0
tier3,2022,7,13579,62,L+C+KD+S+V,1.0,1,190,0.0
tier3,2022,7,13579,63,M+L+C+KD+S+V,1.0,1,258,0.0
tier3,2022,7,13579,64,MP,0.0,0,18,0.0
tier3,2022,7,13579,65,M+MP,0.0,0,86,0.0
tier3,2022,7,13579,66,L+MP,0.0,0,34,0.0
tier3,2022,7,13579,67,M+L+MP,0.0,0,102,0.0
tier3,2022,7,13579,68,C+MP,0.0,0,42,0.0
tier3,2022,7,13579,69,M+C+MP,0.0,0,110,0.0
tier3,2022,7,13579,70,L+C+MP,0.0,0,58,0.0
tier3,2022,7,13579,71,M+L+C+MP,0.0,0,126,0.0
tier3,2022,7,13579,72,KD+MP,0.0,0,37,0.0
tier3,2022,7,13579,73,M+KD+MP,0.0,0,105,0.0
tier3,2022,7,13579,74,L+KD+MP,0.0,0,53,0.0
tier3,2022,7,13579,75,M+L+KD+MP,0.0,0,121,0.0
tier3,2022,7,13579,76,C+KD+MP,0.0,0,61,0.0
tier3,2022,7,13579,77,M+C+KD+MP,0.0,0,129,0.0
tier3,2022,7,13579,78,L+C+KD+MP,0.0,0,77,0.0
tier3,2022,7,13579,79,M+L+C+KD+MP,0.0,0,145,0.0
tier3,2022,7,13579,80,S+MP,0.0,0,125,0.0
tier3,2022,7,13579,81,M+S+MP,0.99975,1,193,6.249999999998623e-08
tier3,2022,7,13579,82,L+S+MP,0.0,0,141,0.0
tier3,2022,7,13579,83,M+L+S+MP,1.0,1,209,0.0
tier3,2022,7,13579,84,C+S+MP,0.0,0,149,0.0
tier3,2022,7,13579,85,M+C+S+MP,1.0,1,217,0.0
tier3,2022,7,13579,86,L+C+S+MP,0.19895,0,165,0.03958110249999999
tier3,2022,7,13579,87,M+L+C+S+MP,1.0,1,233,0.0
tier3,2022,7,13579,88,KD+S+MP,0.0,0,144,0.0
tier3,2022,7,13579,89,M+KD+S+MP,1.0,1,212,0.0
tier3,2022,7,13579,90,L+KD+S+MP,0.02105,0,160,0.00044310249999999997
tier3,2022,7,13579,91,M+L+KD+S+MP,1.0,1,228,0.0
tier3,2022,7,13579,92,C+KD+S+MP,0.3079,0,168,0.09480241
tier3,2022,7,13579,93,M+C+KD+S+MP,1.0,1,236,0.0
tier3,2022,7,13579,94,L+C+KD+S+MP,0.8807,1,184,0.01423248999999999
tier3,2022,7,13579,95,M+L+C+KD+S+MP,1.0,1,252,0.0
tier3,2022,7,13579,96,V+MP,0.0,0,42,0.0
tier3,2022,7,13579,97,M+V+MP,0.0,0,110,0.0
tier3,2022,7,13579,98,L+V+MP,0.0,0,58,0.0
tier3,2022,7,13579,99,M+L+V+MP,0.0,0,126,0.0
tier3,2022,7,13579,100,C+V+MP,0.0,0,66,0.0
tier3,2022,7,13579,101,M+C+V+MP,0.0,0,134,0.0
tier3,2022,7,13579,102,L+C+V+MP,0.0,0,82,0.0
tier3,2022,7,13579,103,M+L+C+V+MP,0.0,0,150,0.0
tier3,2022,7,13579,104,KD+V+MP,0.0,0,61,0.0
tier3,2022,7,13579,105,M+KD+V+MP,0.0,0,129,0.0
tier3,2022,7,13579,106,L+KD+V+MP,0.0,0,77,0.0
tier3,2022,7,13579,107,M+L+KD+V+MP,0.0,0,145,0.0
tier3,2022,7,13579,108,C+KD+V+MP,0.0,0,85,0.0
tier3,2022,7,13579,109,M+C+KD+V+MP,0.0,0,153,0.0
tier3,2022,7,13579,110,L+C+KD+V+MP,0.0,0,101,0.0
tier3,2022,7,13579,111,M+L+C+KD+V+MP,0.292,0,169,0.08526399999999999
tier3,2022,7,13579,112,S+V+MP,0.0,0,149,0.0
tier3,2022,7,13579,113,M+S+V+MP,1.0,1,217,0.0
tier3,2022,7,13579,114,L+S+V+MP,0.1976,0,165,0.03904576
tier3,2022,7,13579,115,M+L+S+V+MP,1.0,1,233,0.0
tier3,2022,7,13579,116,C+S+V+MP,0.59635,0,173,0.35563332250000007
tier3,2022,7,13579,117,M+C+S+V+MP,1.0,1,241,0.0
tier3,2022,7,13579,118,L+C+S+V+MP,0.97635,1,189,0.0005593224999999976
tier3,2022,7,13579,119,M+L+C+S+V+MP,1.0,1,257,0.0
tier3,2022,7,13579,120,KD+S+V+MP,0.35125,0,168,0.12337656250000001
tier3,2022,7,13579,121,M+KD+S+V+MP,1.0,1,236,0.0
tier3,2022,7,13579,122,L+KD+S+V+MP,0.9494,1,184,0.0025603599999999976
tier3,2022,7,13579,123,M+L+KD+S+V+MP,1.0,1,252,0.0
tier3,2022,7,13579,124,C+KD+S+V+MP,0.99995,1,192,2.499999999999449e-09
tier3,2022,7,13579,125,M+C+KD+S+V+MP,1.0,1,260,0.0
tier3,2022,7,13579,126,L+C+KD+S+V+MP,1.0,1,208,0.0
tier3,2022,7,13579,127,M+L+C+KD+S+V+MP,1.0,1,276,0.0
tier3,2022,7,13579,128,SD,0.0,0,73,0.0
tier3,2022,7,13579,129,M+SD,0.0,0,141,0.0
tier3,2022,7,13579,130,L+SD,0.0,0,89,0.0
tier3,2022,7,13579,131,M+L+SD,5e-05,0,157,2.5e-09
tier3,2022,7,13579,132,C+SD,0.0,0,97,0.0
tier3,2022,7,13579,133,M+C+SD,0.0506,0,165,0.00256036
tier3,2022,7,13579,134,L+C+SD,0.0,0,113,0.0
tier3,2022,7,13579,135,M+L+C+SD,0.64875,1,181,0.12337656249999997
tier3,2022,7,13579,136,KD+SD,0.0,0,92,0.0
tier3,2022,7,13579,137,M+KD+SD,0.02365,0,160,0.0005593225000000001
tier3,2022,7,13579,138,L+KD+SD,0.0,0,108,0.0
tier3,2022,7,13579,139,M+L+KD+SD,0.40365,1,176,0.3556333224999999
tier3,2022,7,13579,140,C+KD+SD,0.0,0,116,0.0
tier3,2022,7,13579,141,M+C+KD+SD,0.8024,1,184,0.03904576
tier3,2022,7,13579,142,L+C+KD+SD,0.0,0,132,0.0
tier3,2022,7,13579,143,M+L+C+KD+SD,1.0,1,200,0.0
tier3,2022,7,13579,144,S+SD,0.708,1,180,0.08526400000000002
tier3,2022,7,13579,145,M+S+SD,1.0,1,248,0.0
tier3,2022,7,13579,146,L+S+SD,1.0,1,196,0.0
tier3,2022,7,13579,147,M+L+S+SD,1.0,1,264,0.0
tier3,2022,7,13579,148,C+S+SD,1.0,1,204,0.0
tier3,2022,7,13579,149,M+C+S+SD,1.0,1,272,0.0
tier3,2022,7,13579,150,L+C+S+SD,1.0,1,220,0.0
tier3,2022,7,13579,151,M+L+C+S+SD,1.0,1,288,0.0
tier3,2022,7,13579,152,KD+S+SD,1.0,1,199,0.0
tier3,2022,7,13579,153,M+KD+S+SD,1.0,1,267,0.0
tier3,2022,7,13579,154,L+KD+S+SD,1.0,1,215,0.0
tier3,2022,7,13579,155,M+L+KD+S+SD,1.0,1,283,0.0
tier3,2022,7,13579,156,C+KD+S+SD,1.0,1,223,0.0
tier3,2022,7,13579,157,M+C+KD+S+SD,1.0,1,291,0.0
tier3,2022,7,13579,158,L+C+KD+S+SD,1.0,1,239,0.0
tier3,2022,7,13579,159,M+L+C+KD+S+SD,1.0,1,307,0.0
tier3,2022,7,13579,160,V+SD,0.0,0,97,0.0
tier3,2022,7,13579,161,M+V+SD,0.1193,0,165,0.01423249
tier3,2022,7,13579,162,L+V+SD,0.0,0,113,0.0
tier3,2022,7,13579,163,M+L+V+SD,0.6921,1,181,0.09480240999999998
tier3,2022,7,13579,164,C+V+SD,0.0,0,121,0.0
tier3,2022,7,13579,165,M+C+V+SD,0.97895,1,189,0.00044310250000000056
tier3,2022,7,13579,166,L+C+V+SD,0.0,0,137,0.0
tier3,2022,7,13579,167,M+L+C+V+SD,1.0,1,205,0.0
tier3,2022,7,13579,168,KD+V+SD,0.0,0,116,0.0
tier3,2022,7,13579,169,M+KD+V+SD,0.80105,1,184,0.039581102499999986
tier3,2022,7,13579,170,L+KD+V+SD,0.0,0,132,0.0
tier3,2022,7,13579,171,M+L+KD+V+SD,1.0,1,200,0.0
tier3,2022,7,13579,172,C+KD+V+SD,0.0,0,140,0.0
tier3,2022,7,13579,173,M+C+KD+V+SD,1.0,1,208,0.0
tier3,2022,7,13579,174,L+C+KD+V+SD,0.00025,0,156,6.25e-08
tier3,2022,7,13579,175,M+L+C+KD+V+SD,1.0,1,224,0.0
tier3,2022,7,13579,176,S+V+SD,1.0,1,204,0.0
tier3,2022,7,13579,177,M+S+V+SD,1.0,1,272,0.0
tier3,2022,7,13579,178,L+S+V+SD,1.0,1,220,0.0
tier3,2022,7,13579,179,M+L+S+V+SD,1.0,1,288,0.0
tier3,2022,7,13579,180,C+S+V+SD,1.0,1,228,0.0
tier3,2022,7,13579,181,M+C+S+V+SD,1.0,1,296,0.0
tier3,2022,7,13579,182,L+C+S+V+SD,1.0,1,244,0.0
tier3,2022,7,13579,183,M+L+C+S+V+SD,1.0,1,312,0.0
tier3,2022,7,13579,184,KD+S+V+SD,1.0,1,223,0.0
tier3,2022,7,13579,185,M+KD+S+V+SD,1.0,1,291,0.0
tier3,2022,7,13579,186,L+KD+S+V+SD,1.0,1,239,0.0
tier3,2022,7,13579,187,M+L+KD+S+V+SD,1.0,1,307,0.0
tier3,2022,7,13579,188,C+KD+S+V+SD,1.0,1,247,0.0
tier3,2022,7,13579,189,M+C+KD+S+V+SD,1.0,1,315,0.0
tier3,2022,7,13579,190,L+C+KD+S+V+SD,1.0,1,263,0.0
tier3,2022,7,13579,191,M+L+C+KD+S+V+SD,1.0,1,331,0.0
tier3,2022,7,13579,192,MP+SD,0.0,0,91,0.0
tier3,2022,7,13579,193,M+MP+SD,0.0,0,159,0.0
tier3,2022,7,13579,194,L+MP+SD,0.0,0,107,0.0
tier3,2022,7,13579,195,M+L+MP+SD,0.1597,1,175,0.7061040900000001
tier3,2022,7,13579,196,C+MP+SD,0.0,0,115,0.0
tier3,2022,7,13579,197,M+C+MP+SD,0.798,1,183,0.040803999999999986
tier3,2022,7,13579,198,L+C+MP+SD,0.0,0,131,0.0
tier3,2022,7,13579,199,M+L+C+MP+SD,1.0,1,199,0.0
tier3,2022,7,13579,200,KD+MP+SD,0.0,0,110,0.0
tier3,2022,7,13579,201,M+KD+MP+SD,0.55,1,178,0.20249999999999996
tier3,2022,7,13579,202,L+KD+MP+SD,0.0,0,126,0.0
tier3,2022,7,13579,203,M+L+KD+MP+SD,1.0,1,194,0.0
tier3,2022,7,13579,204,C+KD+MP+SD,0.0,0,134,0.0
tier3,2022,7,13579,205,M+C+KD+MP+SD,1.0,1,202,0.0
tier3,2022,7,13579,206,L+C+KD+MP+SD,0.0,0,150,0.0
tier3,2022,7,13579,207,M+L+C+KD+MP+SD,1.0,1,218,0.0
tier3,2022,7,13579,208,S+MP+SD,1.0,1,198,0.0
tier3,2022,7,13579,209,M+S+MP+SD,1.0,1,266,0.0
tier3,2022,7,13579,210,L+S+MP+SD,1.0,1,214,0.0
tier3,2022,7,13579,211,M+L+S+MP+SD,1.0,1,282,0.0
tier3,2022,7,13579,212,C+S+MP+SD,1.0,1,222,0.0
tier3,2022,7,13579,213,M+C+S+MP+SD,1.0,1,290,0.0
tier3,2022,7,13579,214,L+C+S+MP+SD,1.0,1,238,0.0
tier3,2022,7,13579,215,M+L+C+S+MP+SD,1.0,1,306,0.0
tier3,2022,7,13579,216,KD+S+MP+SD,1.0,1,217,0.0
tier3,2022,7,13579,217,M+KD+S+MP+SD,1.0,1,285,0.0
tier3,2022,7,13579,218,L+KD+S+MP+SD,1.0,1,233,0.0
tier3,2022,7,13579,219,M+L+KD+S+MP+SD,1.0,1,301,0.0
tier3,2022,7,13579,220,C+KD+S+MP+SD,1.0,1,241,0.0
tier3,2022,7,13579,221,M+C+KD+S+MP+SD,1.0,1,309,0.0
tier3,2022,7,13579,222,L+C+KD+S+MP+SD,1.0,1,257,0.0
tier3,2022,7,13579,223,M+L+C+KD+S+MP+SD,1.0,1,325,0.0
tier3,2022,7,13579,224,V+MP+SD,0.0,0,115,0.0
tier3,2022,7,13579,225,M+V+MP+SD,0.8122,1,183,0.03526883999999999
tier3,2022,7,13579,226,L+V+MP+SD,0.0,0,131,0.0
tier3,2022,7,13579,227,M+L+V+MP+SD,1.0,1,199,0.0
tier3,2022,7,13579,228,C+V+MP+SD,0.0,0,139,0.0
tier3,2022,7,13579,229,M+C+V+MP+SD,1.0,1,207,0.0
tier3,2022,7,13579,230,L+C+V+MP+SD,0.00015,0,155,2.2499999999999996e-08
tier3,2022,7,13579,231,M+L+C+V+MP+SD,1.0,1,223,0.0
tier3,2022,7,13579,232,KD+V+MP+SD,0.0,0,134,0.0
tier3,2022,7,13579,233,M+KD+V+MP+SD,1.0,1,202,0.0
tier3,2022,7,13579,234,L+KD+V+MP+SD,0.0,0,150,0.0
tier3,2022,7,13579,235,M+L+KD+V+MP+SD,1.0,1,218,0.0
tier3,2022,7,13579,236,C+KD+V+MP+SD,0.0084,0,158,7.055999999999999e-05
tier3,2022,7,13579,237,M+C+KD+V+MP+SD,1.0,1,226,0.0
tier3,2022,7,13579,238,L+C+KD+V+MP+SD,0.64455,0,174,0.41544470249999993
tier3,2022,7,13579,239,M+L+C+KD+V+MP+SD,1.0,1,242,0.0
tier3,2022,7,13579,240,S+V+MP+SD,1.0,1,222,0.0
tier3,2022,7,13579,241,M+S+V+MP+SD,1.0,1,290,0.0
tier3,2022,7,13579,242,L+S+V+MP+SD,1.0,1,238,0.0
tier3,2022,7,13579,243,M+L+S+V+MP+SD,1.0,1,306,0.0
tier3,2022,7,13579,244,C+S+V+MP+SD,1.0,1,246,0.0
tier3,2022,7,13579,245,M+C+S+V+MP+SD,1.0,1,314,0.0
tier3,2022,7,13579,246,L+C+S+V+MP+SD,1.0,1,262,0.0
tier3,2022,7,13579,247,M+L+C+S+V+MP+SD,1.0,1,330,0.0
tier3,2022,7,13579,248,KD+S+V+MP+SD,1.0,1,241,0.0
tier3,2022,7,13579,249,M+KD+S+V+MP+SD,1.0,1,309,0.0
tier3,2022,7,13579,250,L+KD+S+V+MP+SD,1.0,1,257,0.0
tier3,2022,7,13579,251,M+L+KD+S+V+MP+SD,1.0,1,325,0.0
tier3,2022,7,13579,252,C+KD+S+V+MP+SD,1.0,1,265,0.0
tier3,2022,7,13579,253,M+C+KD+S+V+MP+SD,1.0,1,333,0.0
tier3,2022,7,13579,254,L+C+KD+S+V+MP+SD,1.0,1,281,0.0
