date,pofp,Demoskop,Ipsos,Novus,SCB,Sentio,Sifo,Skop,UM,Yougov,Ruab,Val,Inizio,Indikator
2009-01-02,3.1,2.5,NaN,NaN,NaN,NaN,NaN,3.4,NaN,NaN,NaN,NaN,NaN
2009-01-03,3.1,2.5,NaN,NaN,NaN,NaN,NaN,3.4,NaN,NaN,NaN,NaN,NaN
2009-01-04,3.1,2.5,NaN,NaN,NaN,NaN,NaN,3.4,NaN,NaN,NaN,NaN,NaN
2009-01-05,3.1,2.5,NaN,NaN,NaN,NaN,NaN,3.4,NaN,NaN,NaN,NaN,NaN
2009-01-06,3.1,2.5,NaN,3,NaN,2.2,NaN,3.4,NaN,NaN,NaN,NaN,NaN
2009-01-07,3.1,2.5,NaN,3,NaN,2.2,NaN,3.4,NaN,NaN,NaN,NaN,NaN
2009-01-08,3.1,2.5,NaN,3,NaN,2.2,NaN,NaN,NaN,NaN,NaN,NaN,NaN
2009-01-09,3.1,NaN,NaN,3,NaN,2.2,NaN,NaN,NaN,NaN,NaN,NaN,NaN
2009-01-10,3.1,NaN,NaN,3,NaN,2.2,NaN,NaN,NaN,NaN,NaN,NaN,NaN
2009-01-11,3.1,NaN,NaN,3,NaN,2.2,NaN,NaN,NaN,NaN,NaN,NaN,NaN
2009-01-12,3.1,NaN,NaN,3,NaN,2.2,4.3,NaN,NaN,NaN,NaN,NaN,NaN
2009-01-13,3.1,NaN,3.7,3,NaN,2.2,4.3,NaN,NaN,NaN,NaN,NaN,NaN
2009-01-14,3.1,NaN,3.7,3,NaN,2.2,4.3,NaN,NaN,NaN,NaN,NaN,NaN
2009-01-15,3.1,NaN,3.7,3,NaN,2.2,4.3,NaN,NaN,NaN,NaN,NaN,NaN
2009-01-16,3.1,NaN,3.7,3,NaN,2.2,4.3,NaN,NaN,NaN,NaN,NaN,NaN
2009-01-17,3.1,NaN,3.7,3,NaN,2.2,4.3,NaN,NaN,NaN,NaN,NaN,NaN
2009-01-18,3.1,NaN,3.7,3,NaN,2.2,4.3,NaN,NaN,NaN,NaN,NaN,NaN
2009-01-19,3.1,NaN,3.7,3,NaN,NaN,4.3,NaN,NaN,NaN,NaN,NaN,NaN
2009-01-20,3.1,NaN,3.7,NaN,NaN,NaN,4.3,NaN,NaN,NaN,NaN,NaN,NaN
2009-01-21,3.1,NaN,3.7,NaN,NaN,NaN,4.3,NaN,NaN,NaN,NaN,NaN,NaN
2009-01-22,3.1,NaN,3.7,NaN,NaN,NaN,4.3,NaN,NaN,NaN,NaN,NaN,NaN
2009-01-23,3.1,NaN,3.7,NaN,NaN,NaN,NaN,NaN,NaN,NaN,NaN,NaN,NaN
2009-01-24,3.1,NaN,3.7,NaN,NaN,NaN,NaN,NaN,NaN,NaN,NaN,NaN,NaN
2009-01-25,3.1,NaN,3.7,NaN,NaN,NaN,NaN,2.7,NaN,NaN,NaN,NaN,NaN
2009-01-26,3.2,NaN,3.7,NaN,NaN,NaN,NaN,2.7,NaN,NaN,NaN,NaN,NaN
2009-01-27,3.2,NaN,3.7,NaN,NaN,NaN,NaN,2.7,NaN,NaN,NaN,NaN,NaN
2009-01-28,3.2,2.3,3.7,NaN,NaN,NaN,NaN,2.7,NaN,NaN,NaN,NaN,NaN
2009-01-29,3.2,2.3,NaN,NaN,NaN,NaN,NaN,2.7,NaN,NaN,NaN,NaN,NaN
2009-01-30,3.2,2.3,NaN,NaN,NaN,NaN,NaN,2.7,NaN,NaN,NaN,NaN,NaN
2009-01-31,3.2,2.3,NaN,NaN,NaN,NaN,NaN,2.7,NaN,NaN,NaN,NaN,NaN
2009-02-01,3.2,2.3,NaN,NaN,NaN,NaN,NaN,2.7,NaN,NaN,NaN,NaN,NaN
2009-02-02,3.2,2.3,NaN,NaN,NaN,NaN,3.5,2.7,NaN,NaN,NaN,NaN,NaN
2009-02-03,3.2,2.3,NaN,4.1,NaN,NaN,3.5,2.7,NaN,NaN,NaN,NaN,NaN
2009-02-04,3.2,2.3,NaN,4.1,NaN,NaN,3.5,2.7,NaN,NaN,NaN,NaN,NaN
2009-02-05,3.2,NaN,NaN,4.1,NaN,NaN,3.5,2.7,NaN,NaN,NaN,NaN,NaN
2009-02-06,3.2,NaN,NaN,4.1,NaN,NaN,3.5,2.7,NaN,NaN,NaN,NaN,NaN
2009-02-07,3.2,NaN,NaN,4.1,NaN,NaN,3.5,2.7,NaN,NaN,NaN,NaN,NaN
2009-02-08,3.2,NaN,NaN,4.1,NaN,NaN,3.5,2.7,NaN,NaN,NaN,NaN,NaN
2009-02-09,3.2,NaN,NaN,4.1,NaN,NaN,3.5,2.7,NaN,NaN,NaN,NaN,NaN
2009-02-10,3.3,NaN,2.9,4.1,NaN,NaN,3.5,2.7,NaN,NaN,NaN,NaN,NaN
2009-02-11,3.2,NaN,2.9,4.1,NaN,NaN,3.5,2.7,NaN,NaN,NaN,NaN,NaN
2009-02-12,3.2,NaN,2.9,4.1,NaN,NaN,3.5,2.7,NaN,NaN,NaN,NaN,NaN
2009-02-13,3.2,NaN,2.9,4.1,NaN,NaN,NaN,2.7,NaN,NaN,NaN,NaN,NaN
2009-02-14,3.2,NaN,2.9,4.1,NaN,NaN,NaN,2.7,NaN,NaN,NaN,NaN,NaN
2009-02-15,3.2,NaN,2.9,4.1,NaN,NaN,NaN,2.7,NaN,NaN,NaN,NaN,NaN
2009-02-16,3.2,NaN,2.9,4.1,NaN,NaN,NaN,2.7,NaN,NaN,NaN,NaN,NaN
2009-02-17,3.2,NaN,2.9,4.1,NaN,NaN,NaN,2.7,NaN,NaN,NaN,NaN,NaN
2009-02-18,3.2,NaN,2.9,4.1,NaN,NaN,NaN,2.7,NaN,NaN,NaN,NaN,NaN
2009-02-19,3.2,NaN,2.9,4.1,NaN,NaN,NaN,2.7,NaN,NaN,NaN,NaN,NaN
2009-02-20,3.2,NaN,2.9,4.1,NaN,NaN,NaN,NaN,NaN,NaN,NaN,NaN,NaN
2009-02-21,3.3,NaN,2.9,4.1,NaN,NaN,NaN,NaN,NaN,NaN,NaN,NaN,NaN
2009-02-22,3.3,NaN,2.9,4.1,NaN,NaN,NaN,NaN,NaN,NaN,NaN,NaN,NaN
2009-02-23,3.3,NaN,2.9,4.1,NaN,NaN,NaN,NaN,NaN,NaN,NaN,NaN,NaN
2009-02-24,3.2,NaN,2.9,4.1,NaN,NaN,NaN,NaN,NaN,NaN,NaN,NaN,NaN
2009-02-25,3.2,2.1,2.9,4.1,NaN,NaN,NaN,NaN,NaN,NaN,NaN,NaN,NaN
2009-02-26,3.2,2.1,NaN,4.1,NaN,NaN,NaN,3.6,NaN,NaN,NaN,NaN,NaN
2009-02-27,3.3,2.1,NaN,4.1,NaN,NaN,NaN,3.6,NaN,NaN,NaN,NaN,NaN
2009-02-28,3.3,2.1,NaN,4.1,NaN,NaN,NaN,3.6,NaN,NaN,NaN,NaN,NaN
2009-03-01,3.3,2.1,NaN,4.1,NaN,NaN,NaN,3.6,NaN,NaN,NaN,NaN,NaN
2009-03-02,3.3,2.1,NaN,4.1,NaN,NaN,2.6,3.6,NaN,NaN,NaN,NaN,NaN
2009-03-03,3.3,2.1,NaN,4.1,NaN,NaN,2.6,3.6,NaN,NaN,NaN,NaN,NaN
2009-03-04,3.3,NaN,NaN,4.1,NaN,NaN,2.6,3.6,NaN,NaN,NaN,NaN,NaN
2009-03-05,3.4,NaN,NaN,4.1,NaN,NaN,2.6,3.6,NaN,NaN,NaN,NaN,NaN
2009-03-06,3.4,NaN,NaN,4.1,NaN,NaN,2.6,3.6,NaN,NaN,NaN,NaN,NaN
2009-03-07,3.4,NaN,NaN,4.1,NaN,NaN,2.6,3.6,NaN,NaN,NaN,NaN,NaN
2009-03-08,3.4,NaN,NaN,4.1,NaN,NaN,2.6,3.6,NaN,NaN,NaN,NaN,NaN
2009-03-09,3.4,NaN,NaN,4.1,NaN,NaN,2.6,3.6,NaN,NaN,NaN,NaN,NaN
2009-03-10,3.4,NaN,3.3,4.1,NaN,NaN,2.6,3.6,NaN,NaN,NaN,NaN,NaN
2009-03-11,3.4,NaN,3.3,4.1,NaN,NaN,2.6,3.6,NaN,NaN,NaN,NaN,NaN
2009-03-12,3.4,NaN,3.3,4.1,NaN,NaN,2.6,3.6,NaN,NaN,NaN,NaN,NaN
2009-03-13,3.3,NaN,3.3,4.1,NaN,NaN,NaN,3.6,NaN,NaN,NaN,NaN,NaN
2009-03-14,3.4,NaN,3.3,4.1,NaN,NaN,NaN,3.6,NaN,NaN,NaN,NaN,NaN
2009-03-15,3.4,NaN,3.3,4.1,NaN,NaN,NaN,3.6,NaN,NaN,NaN,NaN,NaN
2009-03-16,3.4,NaN,3.3,4.1,NaN,NaN,NaN,3.6,NaN,NaN,NaN,NaN,NaN
2009-03-17,3.4,NaN,3.3,NaN,NaN,NaN,NaN,3.6,NaN,NaN,NaN,NaN,NaN
2009-03-18,3.4,NaN,3.3,NaN,NaN,NaN,NaN,3.6,NaN,NaN,NaN,NaN,NaN
2009-03-19,3.4,NaN,3.3,NaN,NaN,NaN,NaN,3.6,NaN,NaN,NaN,NaN,NaN
2009-03-20,3.4,NaN,3.3,NaN,NaN,NaN,NaN,3.6,NaN,NaN,NaN,NaN,NaN
2009-03-21,3.4,NaN,3.3,NaN,NaN,NaN,NaN,3.6,NaN,NaN,NaN,NaN,NaN
2009-03-22,3.4,NaN,3.3,NaN,NaN,NaN,NaN,3.6,NaN,NaN,NaN,NaN,NaN
2009-03-23,3.4,NaN,3.3,NaN,NaN,NaN,NaN,3.6,NaN,NaN,NaN,NaN,NaN
2009-03-24,3.4,NaN,3.3,NaN,NaN,NaN,NaN,3.6,NaN,NaN,NaN,NaN,NaN
2009-03-25,3.4,4.2,3.3,NaN,NaN,NaN,NaN,3.6,NaN,NaN,NaN,NaN,NaN
2009-03-26,3.4,4.2,NaN,NaN,NaN,NaN,NaN,3.6,NaN,NaN,NaN,NaN,NaN
2009-03-27,3.5,4.2,NaN,NaN,NaN,NaN,NaN,3.6,NaN,NaN,NaN,NaN,NaN
2009-03-28,3.5,4.2,NaN,NaN,NaN,NaN,NaN,3.6,NaN,NaN,NaN,NaN,NaN
2009-03-29,3.5,4.2,NaN,NaN,NaN,NaN,NaN,3.6,NaN,NaN,NaN,NaN,NaN
2009-03-30,3.5,4.2,NaN,NaN,NaN,NaN,NaN,3.6,NaN,NaN,NaN,NaN,NaN
2009-03-31,3.5,4.2,NaN,NaN,NaN,NaN,NaN,3.6,NaN,NaN,NaN,NaN,NaN
2009-04-01,3.5,4.2,NaN,NaN,NaN,NaN,NaN,3.6,NaN,NaN,NaN,NaN,NaN
2009-04-02,3.5,4.2,NaN,NaN,NaN,NaN,NaN,3.2,NaN,NaN,NaN,NaN,NaN
2009-04-03,3.5,NaN,NaN,NaN,NaN,NaN,NaN,3.2,NaN,NaN,NaN,NaN,NaN
2009-04-04,3.5,NaN,NaN,NaN,NaN,NaN,NaN,3.2,NaN,NaN,NaN,NaN,NaN
2009-04-05,3.5,NaN,NaN,NaN,NaN,NaN,NaN,3.2,NaN,NaN,NaN,NaN,NaN
2009-04-06,3.5,NaN,NaN,NaN,NaN,NaN,2.8,3.2,NaN,NaN,NaN,NaN,NaN
2009-04-07,3.5,NaN,3.6,NaN,NaN,NaN,2.8,3.2,NaN,NaN,NaN,NaN,NaN
2009-04-08,3.5,NaN,3.6,NaN,NaN,NaN,2.8,3.2,NaN,NaN,NaN,NaN,NaN
2009-04-09,3.5,NaN,3.6,NaN,NaN,NaN,2.8,3.2,NaN,NaN,NaN,NaN,NaN
2009-04-10,3.5,NaN,3.6,NaN,NaN,NaN,2.8,3.2,NaN,NaN,NaN,NaN,NaN
2009-04-11,3.5,NaN,3.6,NaN,NaN,NaN,2.8,3.2,NaN,NaN,NaN,NaN,NaN
2009-04-12,3.5,NaN,3.6,NaN,NaN,NaN,2.8,3.2,NaN,NaN,NaN,NaN,NaN
2009-04-13,3.5,NaN,3.6,NaN,NaN,NaN,2.8,3.2,NaN,NaN,NaN,NaN,NaN
2009-04-14,3.5,NaN,3.6,4.4,NaN,NaN,2.8,3.2,NaN,NaN,NaN,NaN,NaN
2009-04-15,3.4,NaN,3.6,4.4,NaN,NaN,2.8,3.2,NaN,NaN,NaN,NaN,NaN
2009-04-16,3.4,NaN,3.6,4.4,NaN,NaN,2.8,3.2,NaN,NaN,NaN,NaN,NaN
2009-04-17,3.4,NaN,3.6,4.4,NaN,NaN,NaN,3.2,NaN,NaN,NaN,NaN,NaN
2009-04-18,3.4,NaN,3.6,4.4,NaN,NaN,NaN,3.2,NaN,NaN,NaN,NaN,NaN
2009-04-19,3.5,NaN,3.6,4.4,NaN,NaN,NaN,NaN,NaN,NaN,NaN,NaN,NaN
2009-04-20,3.5,NaN,3.6,4.4,NaN,NaN,NaN,NaN,NaN,NaN,NaN,NaN,NaN
2009-04-21,3.5,NaN,3.6,4.4,NaN,NaN,NaN,NaN,NaN,NaN,NaN,NaN,NaN
2009-04-22,3.5,NaN,3.6,4.4,NaN,NaN,NaN,NaN,NaN,NaN,NaN,NaN,NaN
2009-04-23,3.5,NaN,NaN,4.4,NaN,NaN,NaN,NaN,NaN,NaN,NaN,NaN,NaN
2009-04-24,3.4,NaN,NaN,4.4,NaN,NaN,NaN,NaN,NaN,NaN,NaN,NaN,NaN
2009-04-25,3.4,NaN,NaN,4.4,NaN,NaN,NaN,NaN,NaN,NaN,NaN,NaN,NaN
2009-04-26,3.4,NaN,NaN,4.4,NaN,NaN,NaN,NaN,NaN,NaN,NaN,NaN,NaN
2009-04-27,3.4,NaN,NaN,4.4,NaN,NaN,NaN,NaN,NaN,NaN,NaN,NaN,NaN
2009-04-28,3.4,NaN,NaN,NaN,3,NaN,NaN,NaN,4.6,NaN,NaN,NaN,NaN
2009-04-29,3.4,3.4,NaN,NaN,3,NaN,NaN,NaN,4.6,NaN,NaN,NaN,NaN
2009-04-30,3.4,3.4,NaN,NaN,3,NaN,NaN,NaN,4.6,NaN,NaN,NaN,NaN
2009-05-01,3.4,3.4,NaN,NaN,3,NaN,NaN,NaN,4.6,NaN,NaN,NaN,NaN
2009-05-02,3.3,3.4,NaN,NaN,3,NaN,NaN,NaN,4.6,NaN,NaN,NaN,NaN
2009-05-03,3.3,3.4,NaN,NaN,3,NaN,NaN,NaN,4.6,NaN,NaN,NaN,NaN
2009-05-04,3.3,3.4,NaN,NaN,3,NaN,3,3.8,4.6,NaN,NaN,NaN,NaN
2009-05-05,3.3,3.4,NaN,2.6,3,NaN,3,3.8,4.6,NaN,NaN,NaN,NaN
2009-05-06,3.3,3.4,NaN,2.6,3,NaN,3,3.8,4.6,NaN,NaN,NaN,NaN
2009-05-07,3.3,NaN,3.6,2.6,3,NaN,3,3.8,4.6,NaN,NaN,NaN,NaN
2009-05-08,3.3,NaN,3.6,2.6,3,NaN,3,3.8,4.6,NaN,NaN,NaN,NaN
2009-05-09,3.3,NaN,3.6,2.6,3,NaN,3,3.8,4.6,NaN,NaN,NaN,NaN
2009-05-10,3.3,NaN,3.6,2.6,3,NaN,3,3.8,4.6,NaN,NaN,NaN,NaN
2009-05-11,3.3,NaN,3.6,2.6,3,NaN,3,3.8,4.6,NaN,NaN,NaN,NaN
2009-05-12,3.3,NaN,3.6,2.6,3,NaN,3,3.8,4.6,NaN,NaN,NaN,NaN
2009-05-13,3.3,NaN,3.6,2.6,3,NaN,3,3.8,4.6,NaN,NaN,NaN,NaN
2009-05-14,3.3,NaN,3.6,2.6,3,NaN,3,3.8,4.6,NaN,NaN,NaN,NaN
2009-05-15,3.3,NaN,3.6,2.6,3,NaN,NaN,3.8,4.6,NaN,NaN,NaN,NaN
2009-05-16,3.3,NaN,3.6,2.6,3,NaN,NaN,3.8,4.6,NaN,NaN,NaN,NaN
2009-05-17,3.3,NaN,3.6,2.6,3,NaN,NaN,3.8,4.6,NaN,NaN,NaN,NaN
2009-05-18,3.3,NaN,3.6,2.6,3,NaN,NaN,3.8,4.6,NaN,NaN,NaN,NaN
2009-05-19,3.3,NaN,3.6,NaN,3,NaN,NaN,3.8,4.6,NaN,NaN,NaN,NaN
2009-05-20,3.3,NaN,3.6,NaN,3,NaN,NaN,NaN,4.6,NaN,NaN,NaN,NaN
2009-05-21,3.3,NaN,3.6,NaN,3,NaN,NaN,NaN,4.6,NaN,NaN,NaN,NaN
2009-05-22,3.4,NaN,3.6,NaN,3,NaN,NaN,NaN,4.6,NaN,NaN,NaN,NaN
2009-05-23,3.4,NaN,3.6,NaN,3,NaN,NaN,NaN,4.6,NaN,NaN,NaN,NaN
2009-05-24,3.3,NaN,3.6,NaN,3,NaN,NaN,NaN,4.6,NaN,NaN,NaN,NaN
2009-05-25,3.3,NaN,3.6,NaN,3,NaN,NaN,NaN,4.6,NaN,NaN,NaN,NaN
2009-05-26,3.3,NaN,3.6,NaN,3,NaN,NaN,NaN,NaN,NaN,NaN,NaN,NaN
2009-05-27,3.3,NaN,3.6,NaN,3,NaN,NaN,NaN,NaN,NaN,NaN,NaN,NaN
2009-05-28,3.3,NaN,NaN,NaN,3,NaN,NaN,NaN,NaN,NaN,NaN,NaN,NaN
2009-05-29,3.3,NaN,NaN,NaN,3,NaN,NaN,NaN,NaN,NaN,NaN,NaN,NaN
2009-05-30,3.4,NaN,NaN,NaN,3,NaN,NaN,NaN,NaN,NaN,NaN,NaN,NaN
2009-05-31,3.4,NaN,NaN,NaN,3,NaN,NaN,NaN,NaN,NaN,NaN,NaN,NaN
2009-06-01,3.4,NaN,NaN,NaN,3,NaN,3.1,NaN,NaN,NaN,NaN,NaN,NaN
2009-06-02,3.4,NaN,NaN,NaN,NaN,NaN,3.1,NaN,NaN,NaN,NaN,NaN,NaN
2009-06-03,3.4,NaN,NaN,NaN,NaN,NaN,3.1,NaN,NaN,NaN,NaN,NaN,NaN
2009-06-04,3.4,NaN,NaN,NaN,NaN,NaN,3.1,NaN,NaN,NaN,NaN,NaN,NaN
2009-06-05,3.4,NaN,NaN,NaN,NaN,NaN,3.1,NaN,NaN,NaN,NaN,NaN,NaN
2009-06-06,3.4,NaN,NaN,NaN,NaN,NaN,3.1,NaN,NaN,NaN,NaN,NaN,NaN
2009-06-07,3.4,NaN,NaN,NaN,NaN,NaN,3.1,NaN,NaN,NaN,NaN,NaN,NaN
2009-06-08,3.4,NaN,NaN,NaN,NaN,NaN,3.1,NaN,4.7,NaN,NaN,NaN,NaN
2009-06-09,3.4,NaN,3.3,3.5,NaN,NaN,3.1,NaN,4.7,NaN,NaN,NaN,NaN
2009-06-10,3.4,NaN,3.3,3.5,NaN,NaN,3.1,NaN,4.7,NaN,NaN,NaN,NaN
2009-06-11,3.4,NaN,3.3,3.5,NaN,NaN,3.1,3.3,4.7,NaN,NaN,NaN,NaN
2009-06-12,3.4,NaN,3.3,3.5,NaN,NaN,NaN,3.3,4.7,NaN,NaN,NaN,NaN
2009-06-13,3.4,NaN,3.3,3.5,NaN,NaN,NaN,3.3,4.7,NaN,NaN,NaN,NaN
2009-06-14,3.4,NaN,3.3,3.5,NaN,NaN,NaN,3.3,4.7,NaN,NaN,NaN,NaN
2009-06-15,3.5,NaN,3.3,3.5,NaN,NaN,NaN,3.3,4.7,NaN,NaN,NaN,NaN
2009-06-16,3.5,NaN,3.3,3.5,NaN,NaN,NaN,3.3,4.7,NaN,NaN,NaN,NaN
2009-06-17,3.5,NaN,3.3,3.5,NaN,NaN,NaN,3.3,4.7,NaN,NaN,NaN,NaN
2009-06-18,3.5,NaN,3.3,3.5,NaN,NaN,NaN,3.3,4.7,NaN,NaN,NaN,NaN
2009-06-19,3.5,NaN,3.3,3.5,NaN,NaN,NaN,3.3,4.7,NaN,NaN,NaN,NaN
2009-06-20,3.5,NaN,3.3,3.5,NaN,NaN,NaN,3.3,4.7,NaN,NaN,NaN,NaN
2009-06-21,3.5,NaN,3.3,3.5,NaN,NaN,NaN,3.3,4.7,NaN,NaN,NaN,NaN
2009-06-22,3.5,NaN,3.3,3.5,NaN,NaN,NaN,3.3,4.7,NaN,NaN,NaN,NaN
2009-06-23,3.5,NaN,3.3,NaN,NaN,NaN,NaN,3.3,NaN,NaN,NaN,NaN,NaN
2009-06-24,3.5,4,NaN,NaN,NaN,NaN,NaN,3.3,4.1,NaN,NaN,NaN,NaN
2009-06-25,3.5,4,NaN,NaN,NaN,NaN,NaN,3.3,4.1,NaN,NaN,NaN,NaN
2009-06-26,3.5,4,NaN,NaN,NaN,NaN,NaN,3.3,4.1,NaN,NaN,NaN,NaN
2009-06-27,3.5,4,NaN,NaN,NaN,NaN,NaN,3.3,4.1,NaN,NaN,NaN,NaN
2009-06-28,3.5,4,NaN,NaN,NaN,NaN,NaN,3.3,4.1,NaN,NaN,NaN,NaN
2009-06-29,3.5,4,NaN,NaN,NaN,NaN,NaN,3.3,4.1,NaN,NaN,NaN,NaN
2009-06-30,3.5,4,NaN,NaN,NaN,NaN,NaN,3.3,4.1,NaN,NaN,NaN,NaN
2009-07-01,3.6,4,NaN,NaN,NaN,NaN,NaN,3.3,4.1,NaN,NaN,NaN,NaN
2009-07-02,3.6,NaN,NaN,NaN,NaN,NaN,NaN,3.3,4.1,NaN,NaN,NaN,NaN
2009-07-03,3.6,NaN,NaN,NaN,NaN,NaN,NaN,3.3,4.1,NaN,NaN,NaN,NaN
2009-07-04,3.6,NaN,NaN,NaN,NaN,NaN,NaN,3.3,4.1,NaN,NaN,NaN,NaN
2009-07-05,3.6,NaN,NaN,NaN,NaN,NaN,NaN,3.3,4.1,NaN,NaN,NaN,NaN
2009-07-06,3.6,NaN,NaN,NaN,NaN,NaN,NaN,3.3,4.1,NaN,NaN,NaN,NaN
2009-07-07,3.6,NaN,NaN,NaN,NaN,NaN,NaN,3.3,4.1,NaN,NaN,NaN,NaN
2009-07-08,3.6,NaN,NaN,NaN,NaN,NaN,NaN,NaN,4.1,NaN,NaN,NaN,NaN
2009-07-09,3.6,NaN,NaN,NaN,NaN,NaN,NaN,NaN,4.1,NaN,NaN,NaN,NaN
2009-07-10,3.6,NaN,NaN,NaN,NaN,NaN,NaN,NaN,4.1,NaN,NaN,NaN,NaN
2009-07-11,3.6,NaN,NaN,NaN,NaN,NaN,NaN,NaN,4.1,NaN,NaN,NaN,NaN
2009-07-12,3.6,NaN,NaN,NaN,NaN,NaN,NaN,NaN,4.1,NaN,NaN,NaN,NaN
2009-07-13,3.6,NaN,NaN,NaN,NaN,NaN,NaN,NaN,4.1,NaN,NaN,NaN,NaN
2009-07-14,3.6,NaN,NaN,NaN,NaN,NaN,NaN,NaN,4.1,NaN,NaN,NaN,NaN
2009-07-15,3.6,NaN,NaN,NaN,NaN,NaN,NaN,NaN,4.1,NaN,NaN,NaN,NaN
2009-07-16,3.6,NaN,NaN,NaN,NaN,NaN,NaN,NaN,4.1,NaN,NaN,NaN,NaN
2009-07-17,3.6,NaN,NaN,NaN,NaN,NaN,NaN,NaN,4.1,NaN,NaN,NaN,NaN
2009-07-18,3.6,NaN,NaN,NaN,NaN,NaN,NaN,NaN,5.6,NaN,NaN,NaN,NaN
2009-07-19,3.6,NaN,NaN,NaN,NaN,NaN,NaN,NaN,5.6,NaN,NaN,NaN,NaN
2009-07-20,3.6,NaN,NaN,NaN,NaN,NaN,NaN,NaN,5.6,NaN,NaN,NaN,NaN
2009-07-21,3.6,NaN,NaN,NaN,NaN,NaN,NaN,NaN,5.6,NaN,NaN,NaN,NaN
2009-07-22,3.6,NaN,NaN,NaN,NaN,NaN,NaN,NaN,5.6,NaN,NaN,NaN,NaN
2009-07-23,3.6,NaN,NaN,NaN,NaN,NaN,NaN,NaN,5.6,NaN,NaN,NaN,NaN
2009-07-24,3.6,NaN,NaN,NaN,NaN,NaN,NaN,NaN,5.6,NaN,NaN,NaN,NaN
2009-07-25,3.7,NaN,NaN,NaN,NaN,NaN,NaN,NaN,5.6,NaN,NaN,NaN,NaN
2009-07-26,3.7,NaN,NaN,NaN,NaN,NaN,NaN,NaN,5.6,NaN,NaN,NaN,NaN
2009-07-27,3.7,NaN,NaN,NaN,NaN,NaN,NaN,3.1,5.6,NaN,NaN,NaN,NaN
2009-07-28,3.7,NaN,NaN,NaN,NaN,NaN,NaN,3.1,5.6,NaN,NaN,NaN,NaN
2009-07-29,3.7,NaN,NaN,NaN,NaN,NaN,NaN,3.1,5.6,NaN,NaN,NaN,NaN
2009-07-30,3.7,NaN,NaN,NaN,NaN,NaN,NaN,3.1,5.6,NaN,NaN,NaN,NaN
2009-07-31,3.7,NaN,NaN,NaN,NaN,NaN,NaN,3.1,5.6,NaN,NaN,NaN,NaN
2009-08-01,3.7,NaN,NaN,NaN,NaN,NaN,NaN,3.1,5.6,NaN,NaN,NaN,NaN
2009-08-02,3.7,NaN,NaN,NaN,NaN,NaN,NaN,3.1,5.6,NaN,NaN,NaN,NaN
2009-08-03,3.7,NaN,NaN,NaN,NaN,NaN,NaN,3.1,5.6,NaN,NaN,NaN,NaN
2009-08-04,3.7,NaN,NaN,NaN,NaN,NaN,NaN,3.1,5.6,NaN,NaN,NaN,NaN
2009-08-05,3.8,NaN,NaN,NaN,NaN,NaN,NaN,3.1,5.6,NaN,NaN,NaN,NaN
2009-08-06,3.8,NaN,NaN,NaN,NaN,NaN,NaN,3.1,5.6,NaN,NaN,NaN,NaN
2009-08-07,3.8,NaN,NaN,NaN,NaN,NaN,NaN,3.1,5.6,NaN,NaN,NaN,NaN
2009-08-08,3.8,NaN,NaN,NaN,NaN,NaN,NaN,3.1,5.6,NaN,NaN,NaN,NaN
2009-08-09,3.8,NaN,NaN,NaN,NaN,NaN,NaN,3.1,5.6,NaN,NaN,NaN,NaN
2009-08-10,3.8,NaN,NaN,NaN,NaN,NaN,4.2,3.1,5.6,NaN,NaN,NaN,NaN
2009-08-11,3.7,NaN,NaN,4.6,NaN,NaN,4.2,3.1,5.6,NaN,NaN,NaN,NaN
2009-08-12,3.7,NaN,NaN,4.6,NaN,NaN,4.2,2.4,5.6,NaN,NaN,NaN,NaN
2009-08-13,3.7,NaN,NaN,4.6,NaN,NaN,4.2,2.4,5.3,NaN,NaN,NaN,NaN
2009-08-14,3.7,NaN,NaN,4.6,NaN,NaN,4.2,2.4,5.3,NaN,NaN,NaN,NaN
2009-08-15,3.8,NaN,NaN,4.6,NaN,NaN,4.2,2.4,5.3,NaN,NaN,NaN,NaN
2009-08-16,3.8,NaN,NaN,4.6,NaN,NaN,4.2,2.4,5.3,NaN,NaN,NaN,NaN
2009-08-17,3.8,NaN,3.2,4.6,NaN,NaN,4.2,2.4,5.3,NaN,NaN,NaN,NaN
2009-08-18,3.8,NaN,3.2,4.6,NaN,NaN,4.2,2.4,5.3,NaN,NaN,NaN,NaN
2009-08-19,3.8,NaN,3.2,4.6,NaN,NaN,4.2,2.4,5.3,NaN,NaN,NaN,NaN
2009-08-20,3.8,NaN,3.2,4.6,NaN,NaN,4.2,2.4,5.3,NaN,NaN,NaN,NaN
2009-08-21,3.8,NaN,3.2,4.6,NaN,NaN,NaN,2.4,5.3,NaN,NaN,NaN,NaN
2009-08-22,3.8,NaN,3.2,4.6,NaN,NaN,NaN,2.4,5.3,NaN,NaN,NaN,NaN
2009-08-23,3.8,NaN,3.2,4.6,NaN,NaN,NaN,2.4,5.3,NaN,NaN,NaN,NaN
2009-08-24,3.8,NaN,3.2,4.6,NaN,NaN,NaN,2.4,5.3,NaN,NaN,NaN,NaN
2009-08-25,3.8,NaN,3.2,NaN,NaN,NaN,NaN,2.4,5.3,NaN,NaN,NaN,NaN
2009-08-26,3.8,4.4,3.2,NaN,NaN,NaN,NaN,2.4,5.3,NaN,NaN,NaN,NaN
2009-08-27,3.8,4.4,NaN,NaN,NaN,NaN,NaN,2.4,5.3,NaN,NaN,NaN,NaN
2009-08-28,3.8,4.4,NaN,NaN,NaN,NaN,NaN,2.4,5.3,NaN,NaN,NaN,NaN
2009-08-29,3.8,4.4,NaN,NaN,NaN,NaN,NaN,2.4,5.3,NaN,NaN,NaN,NaN
2009-08-30,3.8,4.4,NaN,NaN,NaN,NaN,NaN,2.4,5.3,NaN,NaN,NaN,NaN
2009-08-31,3.9,4.4,NaN,NaN,NaN,NaN,3.9,2.4,5.3,NaN,NaN,NaN,NaN
2009-09-01,3.9,4.4,NaN,4.2,NaN,NaN,3.9,2.4,5.3,NaN,NaN,NaN,NaN
2009-09-02,3.9,4.4,3.7,4.2,NaN,NaN,3.9,2.4,5.3,NaN,NaN,NaN,NaN
2009-09-03,3.9,NaN,3.7,4.2,NaN,NaN,3.9,2.4,5.3,NaN,NaN,NaN,NaN
2009-09-04,3.9,NaN,3.7,4.2,NaN,NaN,3.9,2.4,5.3,NaN,NaN,NaN,NaN
2009-09-05,3.9,NaN,3.7,4.2,NaN,NaN,3.9,NaN,5.3,NaN,NaN,NaN,NaN
2009-09-06,3.9,NaN,3.7,4.2,NaN,NaN,3.9,NaN,5.3,NaN,NaN,NaN,NaN
2009-09-07,3.9,NaN,3.7,4.2,NaN,NaN,3.9,NaN,NaN,NaN,NaN,NaN,NaN
2009-09-08,3.9,NaN,3.7,4.2,NaN,NaN,3.9,NaN,5.6,NaN,NaN,NaN,NaN
2009-09-09,3.9,NaN,3.7,4.2,NaN,NaN,3.9,NaN,5.6,NaN,NaN,NaN,NaN
2009-09-10,3.9,NaN,3.7,4.2,NaN,NaN,3.9,3.6,5.6,NaN,NaN,NaN,NaN
2009-09-11,3.9,NaN,3.7,4.2,NaN,NaN,NaN,3.6,5.6,NaN,NaN,NaN,NaN
2009-09-12,3.9,NaN,3.7,4.2,NaN,NaN,NaN,3.6,5.6,NaN,NaN,NaN,NaN
2009-09-13,3.9,NaN,3.7,4.2,NaN,NaN,NaN,3.6,5.6,NaN,NaN,NaN,NaN
2009-09-14,3.9,NaN,3.7,4.2,NaN,NaN,NaN,3.6,5.6,NaN,NaN,NaN,NaN
2009-09-15,3.9,NaN,3.7,NaN,NaN,NaN,NaN,3.6,5.6,NaN,NaN,NaN,NaN
2009-09-16,3.9,NaN,3.7,NaN,NaN,NaN,NaN,3.6,5.6,NaN,NaN,NaN,NaN
2009-09-17,3.9,NaN,NaN,NaN,NaN,NaN,NaN,3.6,5.6,NaN,NaN,NaN,NaN
2009-09-18,3.9,NaN,NaN,NaN,NaN,NaN,NaN,3.6,5.6,NaN,NaN,NaN,NaN
2009-09-19,3.9,NaN,NaN,NaN,NaN,NaN,NaN,3.6,5.6,NaN,NaN,NaN,NaN
2009-09-20,3.9,NaN,NaN,NaN,NaN,NaN,NaN,3.6,5.6,NaN,NaN,NaN,NaN
2009-09-21,3.9,NaN,NaN,NaN,NaN,NaN,NaN,3.6,5.6,NaN,NaN,NaN,NaN
2009-09-22,3.9,NaN,NaN,NaN,NaN,NaN,NaN,3.6,5.6,NaN,NaN,NaN,NaN
2009-09-23,3.9,NaN,NaN,NaN,NaN,NaN,NaN,3.6,5.6,NaN,NaN,NaN,NaN
2009-09-24,3.9,NaN,NaN,NaN,NaN,NaN,NaN,3.6,5.6,NaN,NaN,NaN,NaN
2009-09-25,4,NaN,NaN,NaN,NaN,NaN,NaN,3.6,5.6,NaN,NaN,NaN,NaN
2009-09-26,4,NaN,NaN,NaN,NaN,NaN,NaN,3.6,5.6,NaN,NaN,NaN,NaN
2009-09-27,4,NaN,NaN,NaN,NaN,NaN,NaN,3.6,5.6,NaN,NaN,NaN,NaN
2009-09-28,4,NaN,NaN,NaN,NaN,NaN,NaN,3.6,5.6,NaN,NaN,NaN,NaN
2009-09-29,4,NaN,NaN,NaN,NaN,NaN,NaN,3.6,5.6,NaN,NaN,NaN,NaN
2009-09-30,4,3.7,NaN,NaN,NaN,NaN,NaN,3.6,5.6,NaN,NaN,NaN,NaN
2009-10-01,4,3.7,NaN,NaN,NaN,NaN,NaN,3.6,5.6,NaN,NaN,NaN,NaN
2009-10-02,4,3.7,NaN,NaN,NaN,NaN,NaN,3.6,5.6,NaN,NaN,NaN,NaN
2009-10-03,4.1,3.7,NaN,NaN,NaN,NaN,NaN,3.6,5.6,NaN,NaN,NaN,NaN
2009-10-04,4.1,3.7,NaN,NaN,NaN,NaN,NaN,3.6,5.6,NaN,NaN,NaN,NaN
2009-10-05,4.1,3.7,2.9,NaN,NaN,NaN,4.7,3.6,5.6,NaN,NaN,NaN,NaN
2009-10-06,4.1,3.7,2.9,4,NaN,NaN,4.7,3.6,6,NaN,NaN,NaN,NaN
2009-10-07,4.2,3.7,2.9,4,NaN,NaN,4.7,3.6,6,NaN,NaN,NaN,NaN
2009-10-08,4.2,NaN,2.9,4,NaN,NaN,4.7,3.6,6,NaN,NaN,NaN,NaN
2009-10-09,4.2,NaN,2.9,4,NaN,NaN,4.7,3.6,6,NaN,NaN,NaN,NaN
2009-10-10,4.2,NaN,2.9,4,NaN,NaN,4.7,NaN,6,NaN,NaN,NaN,NaN
2009-10-11,4.2,NaN,2.9,4,NaN,NaN,4.7,4.4,6,NaN,NaN,NaN,NaN
2009-10-12,4.3,NaN,2.9,4,NaN,NaN,4.7,4.4,6,NaN,NaN,NaN,NaN
2009-10-13,4.3,NaN,2.9,4,NaN,NaN,4.7,4.4,6,NaN,NaN,NaN,NaN
2009-10-14,4.3,NaN,2.9,4,NaN,NaN,4.7,4.4,6,NaN,NaN,NaN,NaN
2009-10-15,4.3,NaN,2.9,4,NaN,NaN,4.7,4.4,6,NaN,NaN,NaN,NaN
2009-10-16,4.3,NaN,2.9,4,NaN,NaN,NaN,4.4,6,NaN,NaN,NaN,NaN
2009-10-17,4.3,NaN,2.9,4,NaN,NaN,NaN,4.4,6,NaN,NaN,NaN,NaN
2009-10-18,4.4,NaN,2.9,4,NaN,NaN,NaN,4.4,6,NaN,NaN,NaN,NaN
2009-10-19,4.4,NaN,2.9,4,NaN,NaN,NaN,4.4,6,NaN,NaN,NaN,NaN
2009-10-20,4.4,NaN,2.9,NaN,NaN,NaN,NaN,4.4,6,NaN,NaN,NaN,NaN
2009-10-21,4.4,NaN,2.9,NaN,NaN,NaN,NaN,4.4,6,NaN,NaN,NaN,NaN
2009-10-22,4.4,NaN,2.9,NaN,NaN,NaN,NaN,4.4,6,NaN,NaN,NaN,NaN
2009-10-23,4.5,NaN,2.9,NaN,NaN,NaN,NaN,4.4,6,NaN,NaN,NaN,NaN
2009-10-24,4.5,NaN,2.9,NaN,NaN,NaN,NaN,4.4,6,NaN,NaN,NaN,NaN
2009-10-25,4.5,NaN,2.9,NaN,NaN,NaN,NaN,4.4,6,NaN,NaN,NaN,NaN
2009-10-26,4.5,NaN,2.9,NaN,NaN,NaN,NaN,4.4,5.7,NaN,NaN,NaN,NaN
2009-10-27,4.6,NaN,NaN,NaN,NaN,NaN,NaN,4.4,5.7,NaN,NaN,NaN,NaN
2009-10-28,4.6,4.4,NaN,NaN,5.1,NaN,NaN,4.4,5.7,NaN,NaN,NaN,NaN
2009-10-29,4.6,4.4,NaN,NaN,5.1,NaN,NaN,4.4,5.7,NaN,NaN,NaN,NaN
2009-10-30,4.6,4.4,NaN,NaN,5.1,NaN,NaN,4.4,5.7,NaN,NaN,NaN,NaN
2009-10-31,4.6,4.4,NaN,NaN,5.1,NaN,NaN,4.4,5.7,NaN,NaN,NaN,NaN
2009-11-01,4.6,4.4,NaN,NaN,5.1,NaN,NaN,4.4,5.7,NaN,NaN,NaN,NaN
2009-11-02,4.7,4.4,NaN,NaN,5.1,NaN,5.8,4.4,5.7,NaN,NaN,NaN,NaN
2009-11-03,4.7,4.4,NaN,5.4,5.1,7.2,5.8,4.4,5.7,NaN,NaN,NaN,NaN
2009-11-04,4.7,4.4,NaN,5.4,5.1,7.2,5.8,4.1,5.7,NaN,NaN,NaN,NaN
2009-11-05,4.7,NaN,NaN,5.4,5.1,7.2,5.8,4.1,5.7,NaN,NaN,NaN,NaN
2009-11-06,4.7,NaN,NaN,5.4,5.1,7.2,5.8,4.1,5.7,NaN,NaN,NaN,NaN
2009-11-07,4.7,NaN,NaN,5.4,5.1,7.2,5.8,4.1,5.7,NaN,NaN,NaN,NaN
2009-11-08,4.8,NaN,NaN,5.4,5.1,7.2,5.8,4.1,5.7,NaN,NaN,NaN,NaN
2009-11-09,4.8,NaN,NaN,5.4,5.1,7.2,5.8,4.1,5.7,NaN,NaN,NaN,NaN
2009-11-10,4.8,NaN,NaN,5.4,5.1,7.2,5.8,4.1,5.7,NaN,NaN,NaN,NaN
2009-11-11,4.8,NaN,4.7,5.4,5.1,7.2,5.8,4.1,5.7,NaN,NaN,NaN,NaN
2009-11-12,4.8,NaN,4.7,5.4,5.1,7.2,5.8,4.1,5.7,NaN,NaN,NaN,NaN
2009-11-13,4.9,NaN,4.7,5.4,5.1,7.2,NaN,4.1,5.7,NaN,NaN,NaN,NaN
2009-11-14,4.9,NaN,4.7,5.4,5.1,7.2,NaN,4.1,5.7,NaN,NaN,NaN,NaN
2009-11-15,4.9,NaN,4.7,5.4,5.1,7.2,NaN,4.1,5.7,NaN,NaN,NaN,NaN
2009-11-16,4.9,NaN,4.7,5.4,5.1,NaN,NaN,4.1,5.7,NaN,NaN,NaN,NaN
2009-11-17,4.9,NaN,4.7,NaN,5.1,NaN,NaN,4.1,5.7,NaN,NaN,NaN,NaN
2009-11-18,5,NaN,4.7,NaN,5.1,NaN,NaN,4.1,5.7,NaN,NaN,NaN,NaN
2009-11-19,5,NaN,4.7,NaN,5.1,NaN,NaN,4.1,5.7,NaN,NaN,NaN,NaN
2009-11-20,5,NaN,4.7,NaN,5.1,NaN,NaN,4.1,5.7,NaN,NaN,NaN,NaN
2009-11-21,5,NaN,4.7,NaN,5.1,NaN,NaN,4.1,5.7,NaN,NaN,NaN,NaN
2009-11-22,5,NaN,4.7,NaN,5.1,NaN,NaN,4.1,5.7,NaN,NaN,NaN,NaN
2009-11-23,5,NaN,4.7,NaN,5.1,NaN,NaN,4.1,5.7,NaN,NaN,NaN,NaN
2009-11-24,5,NaN,4.7,NaN,5.1,NaN,NaN,4.1,NaN,NaN,NaN,NaN,NaN
2009-11-25,5,NaN,4.7,NaN,5.1,NaN,NaN,4.1,NaN,NaN,NaN,NaN,NaN
2009-11-26,4.9,NaN,NaN,NaN,NaN,NaN,NaN,4.1,NaN,NaN,NaN,NaN,NaN
2009-11-27,4.9,3.5,NaN,NaN,NaN,NaN,NaN,4.1,NaN,NaN,NaN,NaN,NaN
2009-11-28,4.9,3.5,NaN,NaN,NaN,NaN,NaN,4.1,7.1,NaN,NaN,NaN,NaN
2009-11-29,4.9,3.5,NaN,NaN,NaN,NaN,NaN,4.1,7.1,NaN,NaN,NaN,NaN
2009-11-30,4.9,3.5,NaN,NaN,NaN,NaN,5.1,4.1,7.1,NaN,NaN,NaN,NaN
2009-12-01,4.9,3.5,NaN,4.9,NaN,5.9,5.1,NaN,7.1,NaN,NaN,NaN,NaN
2009-12-02,4.8,3.5,5.3,4.9,NaN,5.9,5.1,NaN,7.1,NaN,NaN,NaN,NaN
2009-12-03,4.8,NaN,5.3,4.9,NaN,5.9,5.1,NaN,7.1,NaN,NaN,NaN,NaN
2009-12-04,4.8,NaN,5.3,4.9,NaN,5.9,5.1,NaN,7.1,NaN,NaN,NaN,NaN
2009-12-05,4.8,NaN,5.3,4.9,NaN,5.9,5.1,NaN,7.1,NaN,NaN,NaN,NaN
2009-12-06,4.8,NaN,5.3,4.9,NaN,5.9,5.1,NaN,7.1,NaN,NaN,NaN,NaN
2009-12-07,4.8,NaN,5.3,4.9,NaN,5.9,5.1,NaN,7.1,NaN,NaN,NaN,NaN
2009-12-08,4.8,NaN,5.3,4.9,NaN,5.9,5.1,NaN,7.1,NaN,NaN,NaN,NaN
2009-12-09,4.8,NaN,5.3,4.9,NaN,5.9,5.1,3.2,7.1,NaN,NaN,NaN,NaN
2009-12-10,4.8,NaN,5.3,4.9,NaN,5.9,5.1,3.2,7.1,NaN,NaN,NaN,NaN
2009-12-11,4.8,NaN,5.3,4.9,NaN,5.9,NaN,3.2,7.1,NaN,NaN,NaN,NaN
2009-12-12,4.8,NaN,5.3,4.9,NaN,5.9,NaN,3.2,7.1,NaN,NaN,NaN,NaN
2009-12-13,4.8,NaN,5.3,4.9,NaN,5.9,NaN,3.2,7.1,NaN,NaN,NaN,NaN
2009-12-14,4.8,NaN,5.3,4.9,NaN,5.9,NaN,3.2,7.1,NaN,NaN,NaN,NaN
2009-12-15,4.8,NaN,5.3,NaN,NaN,5.9,NaN,3.2,7.1,NaN,NaN,NaN,NaN
2009-12-16,4.8,NaN,5.3,NaN,NaN,5.9,NaN,3.2,7.1,NaN,NaN,NaN,NaN
2009-12-17,4.7,NaN,NaN,NaN,NaN,5.9,NaN,3.2,7.1,NaN,NaN,NaN,NaN
2009-12-18,4.7,NaN,NaN,NaN,NaN,5.9,NaN,3.2,7.1,NaN,NaN,NaN,NaN
2009-12-19,4.7,NaN,NaN,NaN,NaN,5.9,NaN,3.2,7.1,NaN,NaN,NaN,NaN
2009-12-20,4.7,NaN,NaN,NaN,NaN,5.9,NaN,3.2,7.1,NaN,NaN,NaN,NaN
2009-12-21,4.7,NaN,NaN,NaN,NaN,5.9,NaN,3.2,7.1,NaN,NaN,NaN,NaN
2009-12-22,4.7,NaN,NaN,NaN,NaN,5.9,NaN,3.2,NaN,NaN,NaN,NaN,NaN
2009-12-23,4.7,NaN,NaN,NaN,NaN,5.9,NaN,3.2,NaN,NaN,NaN,NaN,NaN
2009-12-24,4.7,NaN,NaN,NaN,NaN,NaN,NaN,3.2,NaN,NaN,NaN,NaN,NaN
2009-12-25,4.7,NaN,NaN,NaN,NaN,NaN,NaN,3.2,NaN,NaN,NaN,NaN,NaN
2009-12-26,4.7,NaN,NaN,NaN,NaN,NaN,NaN,3.2,NaN,NaN,NaN,NaN,NaN
2009-12-27,4.7,NaN,NaN,NaN,NaN,NaN,NaN,3.2,NaN,NaN,NaN,NaN,NaN
2009-12-28,4.7,NaN,NaN,NaN,NaN,NaN,NaN,3.2,NaN,NaN,NaN,NaN,NaN
2009-12-29,4.7,NaN,NaN,NaN,NaN,NaN,NaN,3.2,NaN,NaN,NaN,NaN,NaN
2009-12-30,4.7,NaN,NaN,NaN,NaN,NaN,NaN,3.2,NaN,NaN,NaN,NaN,NaN
2009-12-31,4.7,NaN,NaN,NaN,NaN,NaN,NaN,NaN,NaN,NaN,NaN,NaN,NaN
2010-01-01,4.7,NaN,NaN,NaN,NaN,NaN,NaN,NaN,NaN,NaN,NaN,NaN,NaN
2010-01-02,4.7,NaN,NaN,NaN,NaN,NaN,NaN,NaN,NaN,NaN,NaN,NaN,NaN
2010-01-03,4.7,NaN,NaN,NaN,NaN,NaN,NaN,NaN,NaN,NaN,NaN,NaN,NaN
2010-01-04,4.6,5,NaN,NaN,NaN,NaN,NaN,NaN,NaN,NaN,NaN,NaN,NaN
2010-01-05,4.6,5,NaN,4.4,NaN,5.6,NaN,NaN,NaN,NaN,NaN,NaN,NaN
2010-01-06,4.6,5,NaN,4.4,NaN,5.6,NaN,NaN,NaN,NaN,NaN,NaN,NaN
2010-01-07,4.6,5,NaN,4.4,NaN,5.6,NaN,NaN,6,NaN,NaN,NaN,NaN
2010-01-08,4.5,5,NaN,4.4,NaN,5.6,NaN,NaN,6,NaN,NaN,NaN,NaN
2010-01-09,4.5,5,NaN,4.4,NaN,5.6,NaN,NaN,6,NaN,NaN,NaN,NaN
2010-01-10,4.5,5,NaN,4.4,NaN,5.6,NaN,NaN,6,NaN,NaN,NaN,NaN
2010-01-11,4.5,5,4.1,4.4,NaN,5.6,5,NaN,6,NaN,NaN,NaN,NaN
2010-01-12,4.5,NaN,4.1,4.4,NaN,5.6,5,NaN,6,NaN,NaN,NaN,NaN
2010-01-13,4.5,NaN,4.1,4.4,NaN,5.6,5,NaN,6,NaN,NaN,NaN,NaN
2010-01-14,4.5,NaN,4.1,4.4,NaN,5.6,5,NaN,6,NaN,NaN,NaN,NaN
2010-01-15,4.5,NaN,4.1,4.4,NaN,5.6,5,NaN,6,NaN,NaN,NaN,NaN
2010-01-16,4.5,NaN,4.1,4.4,NaN,5.6,5,NaN,6,NaN,NaN,NaN,NaN
2010-01-17,4.5,NaN,4.1,4.4,NaN,5.6,5,NaN,6,NaN,NaN,NaN,NaN
2010-01-18,4.5,NaN,4.1,4.4,NaN,5.6,5,NaN,6,NaN,NaN,NaN,NaN
2010-01-19,4.5,NaN,4.1,NaN,NaN,5.6,5,NaN,6,NaN,NaN,NaN,NaN
2010-01-20,4.5,NaN,4.1,NaN,NaN,5.6,5,NaN,6,NaN,NaN,NaN,NaN
2010-01-21,4.5,NaN,4.1,NaN,NaN,5.6,5,NaN,6,NaN,NaN,NaN,NaN
2010-01-22,4.5,NaN,4.1,NaN,NaN,5.6,NaN,NaN,6,NaN,NaN,NaN,NaN
2010-01-23,4.5,NaN,4.1,NaN,NaN,5.6,NaN,NaN,6,NaN,NaN,NaN,NaN
2010-01-24,4.5,NaN,4.1,NaN,NaN,5.6,NaN,4.4,6,NaN,NaN,NaN,NaN
2010-01-25,4.6,NaN,4.1,NaN,NaN,5.6,NaN,4.4,6,NaN,NaN,NaN,NaN
2010-01-26,4.6,NaN,4.1,NaN,NaN,5.6,NaN,4.4,6,NaN,NaN,NaN,NaN
2010-01-27,4.6,3.8,4.1,NaN,NaN,5.6,NaN,4.4,6,NaN,NaN,NaN,NaN
2010-01-28,4.6,3.8,NaN,NaN,NaN,NaN,NaN,4.4,6,NaN,NaN,NaN,NaN
2010-01-29,4.6,3.8,NaN,NaN,NaN,NaN,NaN,4.4,6,NaN,NaN,NaN,NaN
2010-01-30,4.6,3.8,NaN,NaN,NaN,NaN,NaN,4.4,6,NaN,NaN,NaN,NaN
2010-01-31,4.5,3.8,NaN,NaN,NaN,NaN,NaN,4.4,6,NaN,NaN,NaN,NaN
2010-02-01,4.5,3.8,NaN,NaN,NaN,NaN,3.4,4.4,NaN,NaN,NaN,NaN,NaN
2010-02-02,4.5,3.8,NaN,4.5,NaN,NaN,3.4,4.4,NaN,NaN,NaN,NaN,NaN
2010-02-03,4.5,3.8,NaN,4.5,NaN,NaN,3.4,4.4,NaN,NaN,NaN,NaN,NaN
2010-02-04,4.5,NaN,NaN,4.5,NaN,NaN,3.4,4.4,NaN,NaN,NaN,NaN,NaN
2010-02-05,4.5,NaN,NaN,4.5,NaN,NaN,3.4,NaN,NaN,NaN,NaN,NaN,NaN
2010-02-06,4.4,NaN,NaN,4.5,NaN,NaN,3.4,NaN,NaN,NaN,NaN,NaN,NaN
2010-02-07,4.4,NaN,NaN,4.5,NaN,NaN,3.4,NaN,NaN,NaN,NaN,NaN,NaN
2010-02-08,4.4,NaN,5.6,4.5,NaN,NaN,3.4,NaN,NaN,NaN,NaN,NaN,NaN
2010-02-09,4.4,NaN,5.6,4.5,NaN,6.3,3.4,NaN,NaN,NaN,NaN,NaN,NaN
2010-02-10,4.4,NaN,5.6,4.5,NaN,6.3,3.4,NaN,NaN,NaN,NaN,NaN,NaN
2010-02-11,4.4,NaN,5.6,4.5,NaN,6.3,3.4,NaN,NaN,NaN,NaN,NaN,NaN
2010-02-12,4.4,NaN,5.6,4.5,NaN,6.3,NaN,NaN,NaN,NaN,NaN,NaN,NaN
2010-02-13,4.4,NaN,5.6,4.5,NaN,6.3,NaN,NaN,NaN,NaN,NaN,NaN,NaN
2010-02-14,4.3,NaN,5.6,4.5,NaN,6.3,NaN,NaN,NaN,NaN,NaN,NaN,NaN
2010-02-15,4.3,NaN,5.6,4.5,NaN,6.3,NaN,NaN,NaN,NaN,NaN,NaN,NaN
2010-02-16,4.3,NaN,5.6,NaN,NaN,6.3,NaN,2.7,NaN,NaN,NaN,NaN,NaN
2010-02-17,4.3,NaN,5.6,NaN,NaN,6.3,NaN,2.7,NaN,NaN,NaN,NaN,NaN
2010-02-18,4.3,NaN,5.6,NaN,NaN,6.3,NaN,2.7,NaN,NaN,NaN,NaN,NaN
2010-02-19,4.3,NaN,5.6,NaN,NaN,6.3,NaN,2.7,NaN,NaN,NaN,NaN,NaN
2010-02-20,4.3,NaN,5.6,NaN,NaN,6.3,NaN,2.7,NaN,NaN,NaN,NaN,NaN
2010-02-21,4.3,NaN,5.6,NaN,NaN,6.3,NaN,2.7,5.4,NaN,NaN,NaN,NaN
2010-02-22,4.3,NaN,5.6,NaN,NaN,6.3,NaN,2.7,5.4,NaN,NaN,NaN,NaN
2010-02-23,4.3,NaN,5.6,NaN,NaN,6.3,NaN,2.7,5.4,NaN,NaN,NaN,NaN
2010-02-24,4.3,4.3,5.6,NaN,NaN,6.3,NaN,2.7,5.4,NaN,NaN,NaN,NaN
2010-02-25,4.3,4.3,NaN,NaN,NaN,6.3,NaN,2.7,5.4,NaN,NaN,NaN,NaN
2010-02-26,4.3,4.3,NaN,NaN,NaN,6.3,NaN,2.7,NaN,NaN,NaN,NaN,NaN
2010-02-27,4.4,4.3,NaN,NaN,NaN,6.3,NaN,2.7,NaN,NaN,NaN,NaN,NaN
2010-02-28,4.4,4.3,NaN,NaN,NaN,6.3,NaN,2.7,NaN,NaN,NaN,NaN,NaN
2010-03-01,4.4,4.3,NaN,NaN,NaN,NaN,3.8,2.7,5.5,NaN,NaN,NaN,NaN
2010-03-02,4.4,4.3,NaN,4.3,NaN,NaN,3.8,2.7,5.5,NaN,NaN,NaN,NaN
2010-03-03,4.4,4.3,NaN,4.3,NaN,NaN,3.8,2.7,5.5,NaN,NaN,NaN,NaN
2010-03-04,4.4,NaN,NaN,4.3,NaN,NaN,3.8,2.7,5.5,NaN,NaN,NaN,NaN
2010-03-05,4.4,NaN,NaN,4.3,NaN,NaN,3.8,2.7,5.5,NaN,NaN,NaN,NaN
2010-03-06,4.4,NaN,NaN,4.3,NaN,NaN,3.8,2.7,5.5,NaN,NaN,NaN,NaN
2010-03-07,4.4,NaN,NaN,4.3,NaN,NaN,3.8,2.7,5.5,NaN,NaN,NaN,NaN
2010-03-08,4.4,NaN,3.6,4.3,NaN,NaN,3.8,2.7,5.5,NaN,NaN,NaN,NaN
2010-03-09,4.4,NaN,3.6,4.3,NaN,NaN,3.8,2.7,5.5,NaN,NaN,NaN,NaN
2010-03-10,4.4,NaN,3.6,4.3,NaN,NaN,3.8,2.7,5.5,NaN,NaN,NaN,NaN
2010-03-11,4.4,NaN,3.6,4.3,NaN,NaN,3.8,NaN,5.5,NaN,NaN,NaN,NaN
2010-03-12,4.4,NaN,3.6,4.3,NaN,NaN,NaN,NaN,5.5,NaN,NaN,NaN,NaN
2010-03-13,4.4,NaN,3.6,4.3,NaN,NaN,NaN,NaN,5.5,NaN,NaN,NaN,NaN
2010-03-14,4.4,NaN,3.6,4.3,NaN,NaN,NaN,NaN,5.5,NaN,NaN,NaN,NaN
2010-03-15,4.3,NaN,3.6,4.3,NaN,NaN,NaN,NaN,5.5,NaN,NaN,NaN,NaN
2010-03-16,4.3,NaN,3.6,NaN,NaN,7.6,NaN,NaN,5.5,NaN,NaN,NaN,NaN
2010-03-17,4.3,NaN,3.6,NaN,NaN,7.6,NaN,NaN,5.5,NaN,NaN,NaN,NaN
2010-03-18,4.3,NaN,3.6,NaN,NaN,7.6,NaN,5,5.5,NaN,NaN,NaN,NaN
2010-03-19,4.3,NaN,3.6,NaN,NaN,7.6,NaN,5,5.5,NaN,NaN,NaN,NaN
2010-03-20,4.2,NaN,3.6,NaN,NaN,7.6,NaN,5,5.5,NaN,NaN,NaN,NaN
2010-03-21,4.2,NaN,3.6,NaN,NaN,7.6,NaN,5,5.5,NaN,NaN,NaN,NaN
2010-03-22,4.2,NaN,3.6,NaN,NaN,7.6,NaN,5,5.5,NaN,NaN,NaN,NaN
2010-03-23,4.2,NaN,3.6,NaN,NaN,7.6,NaN,5,5.5,NaN,NaN,NaN,NaN
2010-03-24,4.2,NaN,3.6,NaN,NaN,7.6,NaN,5,5.5,NaN,NaN,NaN,NaN
2010-03-25,4.2,NaN,NaN,NaN,NaN,7.6,NaN,5,5.5,NaN,NaN,NaN,NaN
2010-03-26,4.2,NaN,NaN,NaN,NaN,7.6,NaN,5,5.5,NaN,NaN,NaN,NaN
2010-03-27,4.2,NaN,NaN,NaN,NaN,7.6,NaN,5,5.5,NaN,NaN,NaN,NaN
2010-03-28,4.2,NaN,NaN,NaN,NaN,7.6,NaN,5,5.5,NaN,NaN,NaN,NaN
2010-03-29,4.2,NaN,NaN,NaN,NaN,NaN,NaN,5,4.2,NaN,NaN,NaN,NaN
2010-03-30,4.2,NaN,NaN,NaN,NaN,NaN,NaN,5,4.2,NaN,NaN,NaN,NaN
2010-03-31,4.1,3.2,NaN,NaN,NaN,NaN,NaN,5,4.2,NaN,NaN,NaN,NaN
2010-04-01,4.1,3.2,NaN,NaN,NaN,5,NaN,5,4.2,NaN,NaN,NaN,NaN
2010-04-02,4.1,3.2,NaN,NaN,NaN,5,NaN,5,4.2,NaN,NaN,NaN,NaN
2010-04-03,4.1,3.2,NaN,NaN,NaN,5,NaN,5,4.2,NaN,NaN,NaN,NaN
2010-04-04,4.1,3.2,NaN,NaN,NaN,5,NaN,5,4.2,NaN,NaN,NaN,NaN
2010-04-05,4.1,3.2,NaN,NaN,NaN,5,NaN,5,4.2,NaN,NaN,NaN,NaN
2010-04-06,4.1,3.2,NaN,3.6,NaN,5,4.9,5,4.2,NaN,NaN,NaN,NaN
2010-04-07,4.1,3.2,NaN,3.6,NaN,5,4.9,5,4.2,NaN,NaN,NaN,NaN
2010-04-08,4.1,NaN,NaN,3.6,NaN,5,4.9,5,4.2,NaN,NaN,NaN,NaN
2010-04-09,4.1,NaN,NaN,3.6,NaN,5,4.9,5,4.2,NaN,NaN,NaN,NaN
2010-04-10,4.1,NaN,NaN,3.6,NaN,5,4.9,5,4.2,NaN,NaN,NaN,NaN
2010-04-11,4.1,NaN,NaN,3.6,NaN,5,4.9,NaN,4.2,NaN,NaN,NaN,NaN
2010-04-12,4.1,NaN,4,3.6,NaN,5,4.9,NaN,4.2,NaN,NaN,NaN,NaN
2010-04-13,4.1,NaN,4,3.6,NaN,5,4.9,NaN,4.2,NaN,NaN,NaN,NaN
2010-04-14,4.1,NaN,4,3.6,NaN,5,4.9,NaN,4.2,NaN,NaN,NaN,NaN
2010-04-15,4.1,NaN,4,3.6,NaN,5,4.9,NaN,4.2,NaN,NaN,NaN,NaN
2010-04-16,4.1,NaN,4,3.6,NaN,5,NaN,NaN,4.2,NaN,NaN,NaN,NaN
2010-04-17,4.1,NaN,4,3.6,NaN,5,NaN,NaN,4.2,NaN,NaN,NaN,NaN
2010-04-18,4.1,NaN,4,3.6,NaN,5,NaN,NaN,4.2,NaN,NaN,NaN,NaN
2010-04-19,4.1,NaN,4,3.6,NaN,5,NaN,NaN,4.2,NaN,NaN,NaN,NaN
2010-04-20,4.1,NaN,4,NaN,NaN,5,NaN,NaN,4.2,NaN,NaN,NaN,NaN
2010-04-21,4.1,NaN,4,NaN,NaN,5,NaN,NaN,4.2,NaN,NaN,NaN,NaN
2010-04-22,4,NaN,4,NaN,NaN,5,NaN,NaN,4.2,NaN,NaN,NaN,NaN
2010-04-23,4,NaN,4,NaN,NaN,5,NaN,NaN,4.2,NaN,NaN,NaN,NaN
2010-04-24,4,NaN,4,NaN,NaN,5,NaN,NaN,4.2,NaN,NaN,NaN,NaN
2010-04-25,4,NaN,4,NaN,NaN,5,NaN,NaN,4.2,NaN,NaN,NaN,NaN
2010-04-26,4,NaN,4,NaN,NaN,5,NaN,NaN,5.5,NaN,NaN,NaN,NaN
2010-04-27,4,NaN,4,4.6,NaN,5,NaN,NaN,5.5,NaN,NaN,NaN,NaN
2010-04-28,3.9,2.1,4,4.6,3.9,5,NaN,2.9,5.5,NaN,NaN,NaN,NaN
2010-04-29,3.9,2.1,NaN,4.6,3.9,NaN,NaN,2.9,5.5,NaN,NaN,NaN,NaN
2010-04-30,3.9,2.1,NaN,4.6,3.9,NaN,NaN,2.9,5.5,NaN,NaN,NaN,NaN
2010-05-01,3.9,2.1,NaN,4.6,3.9,5.3,NaN,2.9,5.5,NaN,NaN,NaN,NaN
2010-05-02,3.9,2.1,NaN,4.6,3.9,5.3,NaN,2.9,5.5,NaN,NaN,NaN,NaN
2010-05-03,3.9,2.1,NaN,4.6,3.9,5.3,3.5,2.9,5.5,NaN,NaN,NaN,NaN
2010-05-04,3.9,2.1,NaN,4.6,3.9,5.3,3.5,2.9,5.5,NaN,NaN,NaN,NaN
2010-05-05,3.9,2.1,NaN,4.6,3.9,5.3,3.5,2.9,5.5,NaN,NaN,NaN,NaN
2010-05-06,3.9,NaN,NaN,4.6,3.9,5.3,3.5,2.9,5.5,NaN,NaN,NaN,NaN
2010-05-07,3.9,NaN,NaN,4.6,3.9,5.3,3.5,2.9,5.5,NaN,NaN,NaN,NaN
2010-05-08,3.9,NaN,NaN,4.6,3.9,5.3,3.5,2.9,5.5,NaN,NaN,NaN,NaN
2010-05-09,3.9,NaN,NaN,4.6,3.9,5.3,3.5,2.9,5.5,NaN,NaN,NaN,NaN
2010-05-10,3.9,NaN,3.4,4.6,3.9,5.3,3.5,2.9,5.5,NaN,NaN,NaN,NaN
2010-05-11,3.9,NaN,3.4,4,3.9,5.3,3.5,2.9,5.5,NaN,NaN,NaN,NaN
2010-05-12,4,NaN,3.4,4,3.9,5.3,NaN,2.9,5.5,NaN,NaN,NaN,NaN
2010-05-13,4,NaN,3.4,4,3.9,5.3,NaN,2.9,5.5,NaN,NaN,NaN,NaN
2010-05-14,4,NaN,3.4,4,3.9,5.3,NaN,2.9,5.5,NaN,NaN,NaN,NaN
2010-05-15,4,NaN,3.4,4,3.9,5.3,NaN,2.9,5.5,NaN,NaN,NaN,NaN
2010-05-16,4,NaN,3.4,4,3.9,5.3,NaN,2.9,5.5,NaN,NaN,NaN,NaN
2010-05-17,4,NaN,3.4,4,3.9,5.3,NaN,2.9,5.5,NaN,NaN,NaN,NaN
2010-05-18,4,NaN,3.4,4,3.9,5.3,NaN,2.9,5.5,NaN,NaN,NaN,NaN
2010-05-19,4,NaN,3.4,4,3.9,5.3,NaN,2.9,5.5,NaN,NaN,NaN,NaN
2010-05-20,4,NaN,3.4,4,3.9,5.3,NaN,NaN,5.5,NaN,NaN,NaN,NaN
2010-05-21,4.1,NaN,3.4,4,3.9,5.3,NaN,NaN,5.5,NaN,NaN,NaN,NaN
2010-05-22,4.1,NaN,3.4,4,3.9,5.3,NaN,NaN,5.5,NaN,NaN,NaN,NaN
2010-05-23,4.1,NaN,3.4,4,3.9,5.3,NaN,NaN,5.5,NaN,NaN,NaN,NaN
2010-05-24,4.1,NaN,3.4,4,3.9,5.3,NaN,NaN,5.6,NaN,NaN,NaN,NaN
2010-05-25,4.1,NaN,3.4,4.8,3.9,5.3,NaN,NaN,5.6,NaN,NaN,NaN,NaN
2010-05-26,4.2,3.3,3.4,4.8,3.9,5.3,NaN,NaN,5.6,NaN,NaN,NaN,NaN
2010-05-27,4.2,3.3,NaN,4.8,3.9,5.3,NaN,NaN,5.6,NaN,NaN,NaN,NaN
2010-05-28,4.2,3.3,NaN,4.8,3.9,5.3,NaN,NaN,5.6,NaN,NaN,NaN,NaN
2010-05-29,4.2,3.3,NaN,4.8,3.9,5.3,NaN,NaN,5.6,NaN,NaN,NaN,NaN
2010-05-30,4.2,3.3,NaN,4.8,3.9,5.3,NaN,NaN,5.6,NaN,NaN,NaN,NaN
2010-05-31,4.3,3.3,NaN,4.8,NaN,5.3,4.3,3.5,5.6,NaN,NaN,NaN,NaN
2010-06-01,4.3,3.3,NaN,4.8,NaN,5.7,4.3,3.5,5.6,NaN,NaN,NaN,NaN
2010-06-02,4.3,3.3,NaN,4.8,NaN,5.7,4.3,3.5,5.6,NaN,NaN,NaN,NaN
2010-06-03,4.3,NaN,NaN,4.8,NaN,5.7,4.3,3.5,5.6,NaN,NaN,NaN,NaN
2010-06-04,4.3,NaN,NaN,4.8,NaN,5.7,4.3,3.5,5.6,NaN,NaN,NaN,NaN
2010-06-05,4.4,NaN,NaN,4.8,NaN,5.7,4.3,3.5,5.6,NaN,NaN,NaN,NaN
2010-06-06,4.4,NaN,NaN,4.8,NaN,5.7,4.3,3.5,5.6,NaN,NaN,NaN,NaN
2010-06-07,4.4,NaN,4.6,4.8,NaN,5.7,4.3,3.5,5.6,NaN,NaN,NaN,NaN
2010-06-08,4.4,NaN,4.6,4.7,NaN,5.7,4.3,3.5,5.6,NaN,NaN,NaN,NaN
2010-06-09,4.4,NaN,4.6,4.7,NaN,5.7,4.3,3.5,5.6,NaN,NaN,NaN,NaN
2010-06-10,4.4,NaN,4.6,4.7,NaN,5.7,4.3,3.5,5.6,NaN,NaN,NaN,NaN
2010-06-11,4.4,NaN,4.6,4.7,NaN,5.7,NaN,3.5,5.6,NaN,NaN,NaN,NaN
2010-06-12,4.5,NaN,4.6,4.7,NaN,5.7,NaN,3.5,5.6,NaN,NaN,NaN,NaN
2010-06-13,4.5,NaN,4.6,4.7,NaN,5.7,NaN,3.5,5.6,NaN,NaN,NaN,NaN
2010-06-14,4.5,NaN,4.6,4.7,NaN,5.7,NaN,3.5,5.6,NaN,NaN,NaN,NaN
2010-06-15,4.5,NaN,4.6,4.7,NaN,5.7,NaN,3.5,5.6,NaN,NaN,NaN,NaN
2010-06-16,4.5,NaN,4.6,4.7,NaN,5.7,NaN,NaN,5.6,NaN,NaN,NaN,NaN
2010-06-17,4.5,NaN,4.6,4.7,NaN,5.7,NaN,NaN,5.6,NaN,NaN,NaN,NaN
2010-06-18,4.5,NaN,4.6,4.7,NaN,5.7,NaN,NaN,5.6,NaN,NaN,NaN,NaN
2010-06-19,4.5,NaN,4.6,4.7,NaN,5.7,NaN,NaN,5.6,NaN,NaN,NaN,NaN
2010-06-20,4.6,NaN,4.6,4.7,NaN,5.7,NaN,NaN,5.6,NaN,NaN,NaN,NaN
2010-06-21,4.6,NaN,4.6,4.7,NaN,5.7,NaN,NaN,NaN,NaN,NaN,NaN,NaN
2010-06-22,4.6,NaN,4.6,NaN,NaN,5.7,NaN,NaN,NaN,NaN,NaN,NaN,NaN
2010-06-23,4.6,NaN,NaN,NaN,NaN,5.7,NaN,NaN,NaN,NaN,NaN,NaN,NaN
2010-06-24,4.6,NaN,NaN,NaN,NaN,5.7,NaN,NaN,NaN,NaN,NaN,NaN,NaN
2010-06-25,4.6,NaN,NaN,NaN,NaN,5.7,NaN,NaN,NaN,NaN,NaN,NaN,NaN
2010-06-26,4.6,NaN,NaN,NaN,NaN,5.7,NaN,NaN,NaN,NaN,NaN,NaN,NaN
2010-06-27,4.6,4.5,NaN,NaN,NaN,5.7,NaN,NaN,NaN,NaN,NaN,NaN,NaN
2010-06-28,4.6,4.5,NaN,NaN,NaN,5.7,NaN,NaN,NaN,NaN,NaN,NaN,NaN
2010-06-29,4.6,4.5,NaN,NaN,NaN,5.7,NaN,NaN,NaN,NaN,NaN,NaN,NaN
2010-06-30,4.6,4.5,NaN,NaN,NaN,5.7,NaN,4,NaN,NaN,NaN,NaN,NaN
2010-07-01,4.6,4.5,NaN,NaN,NaN,5,NaN,4,NaN,NaN,NaN,NaN,NaN
2010-07-02,4.6,4.5,NaN,NaN,NaN,5,NaN,4,NaN,NaN,NaN,NaN,NaN
2010-07-03,4.6,4.5,NaN,NaN,NaN,5,NaN,4,NaN,NaN,NaN,NaN,NaN
2010-07-04,4.6,4.5,NaN,NaN,NaN,5,NaN,4,NaN,NaN,NaN,NaN,NaN
2010-07-05,4.6,NaN,NaN,NaN,NaN,5,NaN,4,NaN,NaN,NaN,NaN,NaN
2010-07-06,4.6,NaN,NaN,NaN,NaN,5,NaN,4,NaN,NaN,NaN,NaN,NaN
2010-07-07,4.6,NaN,NaN,NaN,NaN,5,NaN,4,NaN,NaN,NaN,NaN,NaN
2010-07-08,4.6,NaN,NaN,NaN,NaN,5,NaN,4,NaN,NaN,NaN,NaN,NaN
2010-07-09,4.6,NaN,NaN,NaN,NaN,5,NaN,4,NaN,NaN,NaN,NaN,NaN
2010-07-10,4.6,NaN,NaN,NaN,NaN,5,NaN,4,NaN,NaN,NaN,NaN,NaN
2010-07-11,4.6,NaN,NaN,NaN,NaN,5,NaN,4,NaN,NaN,NaN,NaN,NaN
2010-07-12,4.6,NaN,NaN,NaN,NaN,5,NaN,4,6.5,NaN,NaN,NaN,NaN
2010-07-13,4.6,NaN,NaN,NaN,NaN,5,NaN,4,6.5,NaN,NaN,NaN,NaN
2010-07-14,4.6,NaN,NaN,NaN,NaN,5,NaN,4,6.5,NaN,NaN,NaN,NaN
2010-07-15,4.6,NaN,NaN,NaN,NaN,5,NaN,4,6.5,NaN,NaN,NaN,NaN
2010-07-16,4.6,NaN,NaN,NaN,NaN,5,NaN,NaN,6.5,NaN,NaN,NaN,NaN
2010-07-17,4.6,NaN,NaN,NaN,NaN,5,NaN,NaN,6.5,NaN,NaN,NaN,NaN
2010-07-18,4.5,NaN,NaN,NaN,NaN,5,NaN,NaN,6.5,NaN,NaN,NaN,NaN
2010-07-19,4.5,NaN,NaN,NaN,NaN,5,NaN,NaN,6.5,NaN,NaN,NaN,NaN
2010-07-20,4.5,NaN,NaN,NaN,NaN,5,NaN,NaN,6.5,NaN,NaN,NaN,NaN
2010-07-21,4.5,NaN,NaN,NaN,NaN,5,NaN,NaN,6.5,NaN,NaN,NaN,NaN
2010-07-22,4.5,NaN,NaN,NaN,NaN,5,NaN,NaN,6.5,NaN,NaN,NaN,NaN
2010-07-23,4.5,NaN,NaN,NaN,NaN,5,NaN,NaN,6.5,NaN,NaN,NaN,NaN
2010-07-24,4.5,NaN,NaN,NaN,NaN,5,NaN,NaN,6.5,NaN,NaN,NaN,NaN
2010-07-25,4.5,NaN,NaN,NaN,NaN,5,NaN,NaN,6.5,NaN,NaN,NaN,NaN
2010-07-26,4.5,NaN,NaN,NaN,NaN,5,NaN,NaN,6.5,NaN,NaN,NaN,NaN
2010-07-27,4.5,NaN,NaN,NaN,NaN,5,NaN,NaN,6.5,NaN,NaN,NaN,NaN
2010-07-28,4.5,NaN,NaN,NaN,NaN,5,NaN,NaN,6.5,NaN,NaN,NaN,NaN
2010-07-29,4.4,NaN,NaN,NaN,NaN,5,NaN,NaN,6.5,NaN,NaN,NaN,NaN
2010-07-30,4.4,NaN,NaN,NaN,NaN,5,NaN,NaN,6.5,NaN,NaN,NaN,NaN
2010-07-31,4.4,NaN,NaN,NaN,NaN,NaN,NaN,NaN,6.5,NaN,NaN,NaN,NaN
2010-08-01,4.4,NaN,NaN,NaN,NaN,5.6,NaN,NaN,6.5,NaN,NaN,NaN,NaN
2010-08-02,4.4,NaN,NaN,NaN,NaN,5.6,4.1,NaN,6.5,NaN,NaN,NaN,NaN
2010-08-03,4.4,NaN,NaN,4.2,NaN,5.6,4.1,NaN,6.5,NaN,NaN,NaN,NaN
2010-08-04,4.4,NaN,NaN,4.2,NaN,5.6,4.1,NaN,6.5,NaN,NaN,NaN,NaN
2010-08-05,4.4,NaN,NaN,4.2,NaN,5.6,4.1,NaN,6.5,NaN,NaN,NaN,NaN
2010-08-06,4.4,NaN,NaN,4.2,NaN,5.6,NaN,NaN,6.5,NaN,NaN,NaN,NaN
2010-08-07,4.4,NaN,NaN,4.2,NaN,5.6,NaN,NaN,6.5,NaN,NaN,NaN,NaN
2010-08-08,4.4,NaN,NaN,4.2,NaN,5.6,NaN,NaN,6.5,NaN,NaN,NaN,NaN
2010-08-09,4.4,NaN,3.6,4.2,NaN,5.6,4.5,4.9,6.5,NaN,NaN,NaN,NaN
2010-08-10,4.4,NaN,3.6,4.2,NaN,5.6,4.5,4.9,6.5,NaN,NaN,NaN,NaN
2010-08-11,4.4,NaN,3.6,4.2,NaN,5.6,4.5,4.9,6.5,NaN,NaN,NaN,NaN
2010-08-12,4.4,NaN,3.6,4.2,NaN,5.6,4.5,4.9,6.5,NaN,NaN,NaN,NaN
2010-08-13,4.4,NaN,3.6,4.2,NaN,5.6,NaN,4.9,6.5,NaN,NaN,NaN,NaN
2010-08-14,4.5,NaN,3.6,4.2,NaN,5.6,NaN,NaN,6.5,NaN,NaN,NaN,NaN
2010-08-15,4.5,NaN,3.6,4.2,NaN,5.6,NaN,4.4,6.5,NaN,NaN,NaN,NaN
2010-08-16,4.5,NaN,3.6,4.2,NaN,5.6,3.7,4.4,6.5,NaN,NaN,NaN,NaN
2010-08-17,4.5,NaN,3.6,4.7,NaN,5.6,3.7,4.4,6.5,NaN,NaN,NaN,NaN
2010-08-18,4.5,NaN,3.6,4.7,NaN,5.6,3.7,4.4,6.5,NaN,NaN,NaN,NaN
2010-08-19,4.6,NaN,3.4,4.7,NaN,5.6,3.7,4.4,6.5,NaN,NaN,NaN,NaN
2010-08-20,4.6,NaN,3.4,4.7,NaN,5.6,NaN,4.4,6.5,NaN,NaN,NaN,NaN
2010-08-21,4.6,NaN,3.4,4.7,NaN,5.6,NaN,NaN,6.5,NaN,NaN,NaN,NaN
2010-08-22,4.6,NaN,3.4,4.7,NaN,5.6,NaN,3.7,6.5,NaN,NaN,NaN,NaN
2010-08-23,4.7,NaN,3.4,4.7,NaN,5.6,4.6,3.7,5.6,NaN,NaN,NaN,NaN
2010-08-24,4.7,NaN,3.4,4.7,NaN,5.6,4.6,3.7,5.6,NaN,NaN,NaN,NaN
2010-08-25,4.7,4.4,3.4,4.7,NaN,NaN,4.6,3.7,5.6,NaN,NaN,NaN,NaN
2010-08-26,4.7,4.4,4.4,4.7,NaN,NaN,4.6,3.7,5.6,NaN,NaN,NaN,NaN
2010-08-27,4.8,4.4,4.4,4.7,NaN,NaN,NaN,3.7,5.6,NaN,NaN,NaN,NaN
2010-08-28,4.8,4.4,4.4,4.7,NaN,NaN,NaN,NaN,5.6,NaN,NaN,NaN,NaN
2010-08-29,4.8,4.4,4.4,4.7,NaN,NaN,NaN,4.3,5.6,NaN,NaN,NaN,NaN
2010-08-30,4.9,4.4,4.4,4.7,NaN,NaN,4.2,4.3,5.6,NaN,NaN,NaN,NaN
2010-08-31,4.9,4.4,4.4,5.2,NaN,NaN,4.2,4.3,6.1,NaN,NaN,NaN,NaN
2010-09-01,4.9,4.4,4.4,5.2,NaN,NaN,4.2,4.3,6.1,NaN,NaN,NaN,NaN
2010-09-02,4.9,NaN,4.7,5.2,NaN,NaN,4.2,4.3,6.1,NaN,NaN,NaN,NaN
2010-09-03,5,NaN,4.7,5.2,NaN,NaN,NaN,4.3,6.1,NaN,NaN,NaN,NaN
2010-09-04,5,NaN,4.7,5.2,NaN,NaN,NaN,NaN,6.1,NaN,NaN,NaN,NaN
2010-09-05,5,NaN,4.7,5.2,NaN,NaN,NaN,NaN,6.1,NaN,NaN,NaN,NaN
2010-09-06,5.1,NaN,4.7,5.2,NaN,NaN,4.6,NaN,6.1,NaN,NaN,NaN,NaN
2010-09-07,5.1,5.3,6,4.1,NaN,NaN,4.6,5,4.7,NaN,NaN,NaN,NaN
2010-09-08,5.1,5.3,6,4.1,NaN,NaN,4.6,5,5,NaN,NaN,NaN,NaN
2010-09-09,5.1,5.3,7.5,4.1,NaN,NaN,4.6,5,5.4,NaN,NaN,NaN,NaN
2010-09-10,5.2,5.3,7.5,4.1,NaN,NaN,NaN,5,6.4,NaN,NaN,NaN,NaN
2010-09-11,5.2,5.1,7.5,4.1,NaN,NaN,NaN,5,7,NaN,NaN,NaN,NaN
2010-09-12,5.2,5.1,7.5,4.1,NaN,NaN,NaN,5,6.6,NaN,NaN,NaN,NaN
2010-09-13,5.3,5.1,7.5,4.1,NaN,NaN,NaN,5,5.4,NaN,NaN,NaN,NaN
2010-09-14,5.3,5.1,5.9,4.3,NaN,NaN,NaN,5,6.4,NaN,NaN,NaN,NaN
2010-09-15,5.3,5.1,5.9,4.3,NaN,NaN,3.8,5,6.3,NaN,NaN,NaN,NaN
2010-09-16,5.4,NaN,5.9,4.4,NaN,NaN,3.8,5,7.1,NaN,NaN,NaN,NaN
2010-09-17,5.4,NaN,NaN,4.4,NaN,NaN,NaN,NaN,7.2,NaN,NaN,NaN,NaN
2010-09-18,5.4,NaN,NaN,NaN,NaN,NaN,NaN,NaN,NaN,NaN,NaN,NaN,NaN
2010-09-19,5.4,NaN,NaN,NaN,NaN,NaN,NaN,NaN,NaN,NaN,NaN,5.7,NaN
2010-09-20,5.5,NaN,NaN,NaN,NaN,NaN,NaN,NaN,NaN,NaN,NaN,NaN,NaN
2010-09-21,5.5,NaN,NaN,NaN,NaN,NaN,NaN,NaN,NaN,NaN,NaN,NaN,NaN
2010-09-22,5.5,NaN,4.7,NaN,NaN,NaN,NaN,NaN,NaN,NaN,NaN,NaN,NaN
2010-09-23,5.5,NaN,4.7,NaN,NaN,NaN,NaN,NaN,NaN,NaN,NaN,NaN,NaN
2010-09-24,5.5,NaN,4.7,NaN,NaN,NaN,NaN,NaN,NaN,NaN,NaN,NaN,NaN
2010-09-25,5.5,NaN,4.7,NaN,NaN,NaN,NaN,NaN,5.9,NaN,NaN,NaN,NaN
2010-09-26,5.5,NaN,4.7,NaN,NaN,NaN,NaN,NaN,5.9,NaN,NaN,NaN,NaN
2010-09-27,5.5,NaN,4.7,NaN,NaN,NaN,NaN,NaN,5.9,NaN,NaN,NaN,NaN
2010-09-28,5.6,NaN,4.7,NaN,NaN,NaN,NaN,NaN,5.9,NaN,NaN,NaN,NaN
2010-09-29,5.6,NaN,4.7,NaN,NaN,NaN,NaN,NaN,5.9,NaN,NaN,NaN,NaN
2010-09-30,5.6,NaN,4.7,NaN,NaN,NaN,NaN,NaN,5.9,NaN,NaN,NaN,NaN
2010-10-01,5.6,NaN,NaN,NaN,NaN,NaN,NaN,NaN,5.9,NaN,NaN,NaN,NaN
2010-10-02,5.6,NaN,NaN,NaN,NaN,NaN,NaN,NaN,5.9,NaN,NaN,NaN,NaN
2010-10-03,5.6,NaN,NaN,NaN,NaN,NaN,NaN,NaN,5.9,NaN,NaN,NaN,NaN
2010-10-04,5.6,NaN,NaN,NaN,NaN,NaN,6.4,NaN,5.9,NaN,NaN,NaN,NaN
2010-10-05,5.7,NaN,NaN,6.4,NaN,NaN,6.4,NaN,5.9,NaN,NaN,NaN,NaN
2010-10-06,5.7,NaN,NaN,6.4,NaN,NaN,6.4,NaN,5.9,NaN,NaN,NaN,NaN
2010-10-07,5.7,NaN,NaN,6.4,NaN,NaN,6.4,NaN,5.9,NaN,NaN,NaN,NaN
2010-10-08,5.7,NaN,NaN,6.4,NaN,NaN,6.4,NaN,5.9,NaN,NaN,NaN,NaN
2010-10-09,5.8,NaN,NaN,6.4,NaN,NaN,6.4,NaN,5.9,NaN,NaN,NaN,NaN
2010-10-10,5.8,NaN,NaN,6.4,NaN,NaN,6.4,NaN,5.9,NaN,NaN,NaN,NaN
2010-10-11,5.8,NaN,4.6,6.4,NaN,NaN,6.4,NaN,5.9,NaN,NaN,NaN,NaN
2010-10-12,5.8,NaN,4.6,6.4,NaN,NaN,6.4,NaN,5.9,NaN,NaN,NaN,NaN
2010-10-13,5.8,NaN,4.6,6.4,NaN,NaN,6.4,NaN,5.9,NaN,NaN,NaN,NaN
2010-10-14,5.8,NaN,4.6,6.4,NaN,NaN,6.4,NaN,5.9,NaN,NaN,NaN,NaN
2010-10-15,5.8,NaN,4.6,6.4,NaN,NaN,NaN,NaN,5.9,NaN,NaN,NaN,NaN
2010-10-16,5.8,NaN,4.6,6.4,NaN,NaN,NaN,NaN,5.9,NaN,NaN,NaN,NaN
2010-10-17,5.8,NaN,4.6,6.4,NaN,NaN,NaN,6.2,5.9,NaN,NaN,NaN,NaN
2010-10-18,5.8,NaN,4.6,6.4,NaN,NaN,NaN,6.2,5.9,NaN,NaN,NaN,NaN
2010-10-19,5.8,NaN,4.6,NaN,NaN,NaN,NaN,6.2,5.9,NaN,NaN,NaN,NaN
2010-10-20,5.8,NaN,4.6,NaN,NaN,NaN,NaN,6.2,5.9,NaN,NaN,NaN,NaN
2010-10-21,5.8,NaN,4.6,NaN,NaN,NaN,NaN,6.2,5.9,NaN,NaN,NaN,NaN
2010-10-22,5.8,NaN,4.6,NaN,NaN,NaN,NaN,6.2,5.9,NaN,NaN,NaN,NaN
2010-10-23,5.9,NaN,4.6,NaN,NaN,NaN,NaN,6.2,5.9,NaN,NaN,NaN,NaN
2010-10-24,5.9,NaN,4.6,NaN,NaN,NaN,NaN,6.2,5.9,NaN,NaN,NaN,NaN
2010-10-25,5.9,NaN,4.6,NaN,NaN,NaN,NaN,6.2,6,NaN,NaN,NaN,NaN
2010-10-26,5.9,NaN,4.6,NaN,NaN,NaN,NaN,6.2,6,NaN,NaN,NaN,NaN
2010-10-27,5.9,4.9,4.6,NaN,NaN,NaN,NaN,6.2,6,NaN,NaN,NaN,NaN
2010-10-28,5.9,4.9,NaN,NaN,NaN,NaN,NaN,6.2,6,NaN,NaN,NaN,NaN
2010-10-29,5.9,4.9,NaN,NaN,NaN,NaN,NaN,6.2,6,NaN,NaN,NaN,NaN
2010-10-30,6,4.9,NaN,NaN,NaN,NaN,NaN,6.2,6,NaN,NaN,NaN,NaN
2010-10-31,6,4.9,NaN,NaN,6.7,NaN,NaN,6.2,6,NaN,NaN,NaN,NaN
2010-11-01,6,4.9,NaN,NaN,6.7,NaN,6.9,6.2,6,NaN,NaN,NaN,NaN
2010-11-02,6,4.9,NaN,6.3,6.7,NaN,6.9,6.2,6,NaN,NaN,NaN,NaN
2010-11-03,6,4.9,NaN,6.3,6.7,NaN,6.9,6.2,6,NaN,NaN,NaN,NaN
2010-11-04,6,NaN,NaN,6.3,6.7,NaN,6.9,6.2,6,NaN,NaN,NaN,NaN
2010-11-05,6,NaN,NaN,6.3,6.7,NaN,6.9,6.2,6,NaN,NaN,NaN,NaN
2010-11-06,6,NaN,NaN,6.3,6.7,NaN,6.9,6.2,6,NaN,NaN,NaN,NaN
2010-11-07,6,NaN,NaN,6.3,6.7,NaN,6.9,6.2,6,NaN,NaN,NaN,NaN
2010-11-08,6,NaN,4.3,6.3,6.7,NaN,6.9,6.2,6,NaN,NaN,NaN,NaN
2010-11-09,6,NaN,4.3,6.3,6.7,NaN,6.9,NaN,6,NaN,NaN,NaN,NaN
2010-11-10,6,NaN,4.3,6.3,6.7,NaN,6.9,NaN,6,NaN,NaN,NaN,NaN
2010-11-11,6,NaN,4.3,6.3,6.7,NaN,6.9,NaN,6,NaN,NaN,NaN,NaN
2010-11-12,6,NaN,4.3,6.3,6.7,NaN,NaN,NaN,6,NaN,NaN,NaN,NaN
2010-11-13,6,NaN,4.3,6.3,6.7,NaN,NaN,NaN,6,NaN,NaN,NaN,NaN
2010-11-14,6,NaN,4.3,6.3,6.7,NaN,NaN,NaN,6,NaN,NaN,NaN,NaN
2010-11-15,6,NaN,4.3,6.3,6.7,NaN,NaN,NaN,6,NaN,NaN,NaN,NaN
2010-11-16,6,NaN,4.3,NaN,6.7,NaN,NaN,NaN,6,NaN,NaN,NaN,NaN
2010-11-17,6,NaN,4.3,NaN,6.7,NaN,NaN,NaN,6,NaN,NaN,NaN,NaN
2010-11-18,6.1,NaN,4.3,NaN,6.7,NaN,NaN,NaN,6,NaN,NaN,NaN,NaN
2010-11-19,6.1,NaN,4.3,NaN,6.7,NaN,NaN,NaN,6,NaN,NaN,NaN,NaN
2010-11-20,6.1,NaN,4.3,NaN,6.7,NaN,NaN,NaN,6,NaN,NaN,NaN,NaN
2010-11-21,6.1,NaN,4.3,NaN,6.7,NaN,NaN,NaN,6,NaN,NaN,NaN,NaN
2010-11-22,6.1,NaN,4.3,NaN,6.7,NaN,NaN,NaN,NaN,NaN,NaN,NaN,NaN
2010-11-23,6.1,NaN,4.3,NaN,6.7,NaN,NaN,NaN,6.9,NaN,NaN,NaN,NaN
2010-11-24,6.1,NaN,4.3,NaN,6.7,NaN,NaN,NaN,6.9,NaN,NaN,NaN,NaN
2010-11-25,6.1,NaN,NaN,NaN,6.7,NaN,NaN,NaN,6.9,NaN,NaN,NaN,NaN
2010-11-26,6.1,NaN,NaN,NaN,NaN,NaN,NaN,NaN,6.9,NaN,NaN,NaN,NaN
2010-11-27,6.1,NaN,NaN,NaN,NaN,NaN,NaN,NaN,6.9,NaN,NaN,NaN,NaN
2010-11-28,6.2,NaN,NaN,NaN,NaN,NaN,NaN,6.3,6.9,NaN,NaN,NaN,NaN
2010-11-29,6.2,NaN,4.6,NaN,NaN,NaN,NaN,6.3,6.9,NaN,NaN,NaN,NaN
2010-11-30,6.2,NaN,4.6,6.5,NaN,NaN,NaN,6.3,6.9,NaN,NaN,NaN,NaN
2010-12-01,6.2,NaN,4.6,6.5,NaN,NaN,NaN,6.3,6.9,NaN,NaN,NaN,NaN
2010-12-02,6.2,NaN,4.6,6.5,NaN,NaN,NaN,6.3,6.9,NaN,NaN,NaN,NaN
2010-12-03,6.2,NaN,4.6,6.5,NaN,NaN,NaN,6.3,6.9,NaN,NaN,NaN,NaN
2010-12-04,6.2,NaN,4.6,6.5,NaN,NaN,NaN,6.3,6.9,NaN,NaN,NaN,NaN
2010-12-05,6.2,NaN,4.6,6.5,NaN,NaN,NaN,6.3,6.9,NaN,NaN,NaN,NaN
2010-12-06,6.2,NaN,4.6,6.5,NaN,NaN,7.2,6.3,6.9,NaN,NaN,NaN,NaN
2010-12-07,6.2,NaN,4.6,6.5,NaN,NaN,7.2,6.3,6.9,NaN,NaN,NaN,NaN
2010-12-08,6.2,NaN,4.6,6.5,NaN,NaN,7.2,6.3,6.9,NaN,NaN,NaN,NaN
2010-12-09,6.2,NaN,4.6,6.5,NaN,NaN,7.2,6.3,6.9,NaN,NaN,NaN,NaN
2010-12-10,6.2,NaN,4.6,6.5,NaN,NaN,7.2,6.3,6.9,NaN,NaN,NaN,NaN
2010-12-11,6.3,NaN,4.6,6.5,NaN,NaN,7.2,6.3,6.9,NaN,NaN,NaN,NaN
2010-12-12,6.3,NaN,4.6,6.5,NaN,NaN,7.2,6.3,6.9,NaN,NaN,NaN,NaN
2010-12-13,6.2,NaN,4.6,6.5,NaN,NaN,7.2,6.3,6.9,NaN,NaN,NaN,NaN
2010-12-14,6.2,NaN,4.6,NaN,NaN,NaN,7.2,6.3,6.9,NaN,NaN,NaN,NaN
2010-12-15,6.2,NaN,4.6,NaN,NaN,NaN,7.2,6.3,6.9,NaN,NaN,NaN,NaN
2010-12-16,6.2,NaN,NaN,NaN,NaN,NaN,7.2,6.3,6.9,NaN,NaN,NaN,NaN
2010-12-17,6.2,NaN,NaN,NaN,NaN,NaN,NaN,7.1,6.9,NaN,NaN,NaN,NaN
2010-12-18,6.2,NaN,NaN,NaN,NaN,NaN,NaN,7.1,6.9,NaN,NaN,NaN,NaN
2010-12-19,6.3,NaN,NaN,NaN,NaN,NaN,NaN,7.1,6.9,NaN,NaN,NaN,NaN
2010-12-20,6.3,NaN,NaN,NaN,NaN,NaN,NaN,7.1,7,NaN,NaN,NaN,NaN
2010-12-21,6.3,NaN,NaN,NaN,NaN,NaN,NaN,7.1,7,NaN,NaN,NaN,NaN
2010-12-22,6.3,NaN,NaN,NaN,NaN,NaN,NaN,7.1,7,NaN,NaN,NaN,NaN
2010-12-23,6.3,NaN,NaN,NaN,NaN,NaN,NaN,7.1,7,NaN,NaN,NaN,NaN
2010-12-24,6.3,NaN,NaN,NaN,NaN,NaN,NaN,7.1,7,NaN,NaN,NaN,NaN
2010-12-25,6.4,NaN,NaN,NaN,NaN,NaN,NaN,7.1,7,NaN,NaN,NaN,NaN
2010-12-26,6.4,NaN,NaN,NaN,NaN,NaN,NaN,7.1,7,NaN,NaN,NaN,NaN
2010-12-27,6.4,NaN,NaN,NaN,NaN,NaN,NaN,7.1,7,NaN,NaN,NaN,NaN
2010-12-28,6.4,NaN,NaN,NaN,NaN,NaN,NaN,7.1,7,NaN,NaN,NaN,NaN
2010-12-29,6.4,NaN,NaN,NaN,NaN,NaN,NaN,7.1,7,NaN,NaN,NaN,NaN
2010-12-30,6.4,NaN,NaN,NaN,NaN,NaN,NaN,7.1,7,NaN,NaN,NaN,NaN
2010-12-31,6.4,NaN,NaN,NaN,NaN,NaN,NaN,7.1,7,NaN,NaN,NaN,NaN
2011-01-01,6.4,NaN,NaN,NaN,NaN,NaN,NaN,7.1,7,NaN,NaN,NaN,NaN
2011-01-02,6.4,NaN,NaN,NaN,NaN,NaN,NaN,7.1,7,NaN,NaN,NaN,NaN
2011-01-03,6.4,5.7,NaN,NaN,NaN,NaN,NaN,7.1,7,NaN,NaN,NaN,NaN
2011-01-04,6.4,5.7,NaN,5.9,NaN,NaN,NaN,7.1,7,NaN,NaN,NaN,NaN
2011-01-05,6.4,5.7,NaN,5.9,NaN,NaN,NaN,7.1,7,NaN,NaN,NaN,NaN
2011-01-06,6.4,5.7,NaN,5.9,NaN,NaN,NaN,7.1,7,NaN,NaN,NaN,NaN
2011-01-07,6.4,5.7,NaN,5.9,NaN,NaN,NaN,7.1,7,NaN,NaN,NaN,NaN
2011-01-08,6.4,5.7,NaN,5.9,NaN,NaN,NaN,7.1,7,NaN,NaN,NaN,NaN
2011-01-09,6.4,5.7,NaN,5.9,NaN,NaN,NaN,7.1,7,NaN,NaN,NaN,NaN
2011-01-10,6.4,5.7,6.3,5.9,NaN,NaN,6.9,7.1,7,NaN,NaN,NaN,NaN
2011-01-11,6.4,5.7,6.3,5.9,NaN,NaN,6.9,7.1,7,NaN,NaN,NaN,NaN
2011-01-12,6.4,NaN,6.3,5.9,NaN,NaN,6.9,7.1,7,NaN,NaN,NaN,NaN
2011-01-13,6.4,NaN,6.3,5.9,NaN,NaN,6.9,NaN,7,NaN,NaN,NaN,NaN
2011-01-14,6.4,NaN,6.3,5.9,NaN,NaN,6.9,NaN,7,NaN,NaN,NaN,NaN
2011-01-15,6.1,NaN,6.3,5.9,NaN,NaN,6.9,NaN,7,NaN,NaN,NaN,NaN
2011-01-16,6.1,NaN,6.3,5.9,NaN,NaN,6.9,NaN,7,NaN,NaN,NaN,NaN
2011-01-17,6.1,NaN,6.3,5.9,NaN,NaN,6.9,NaN,8.5,NaN,NaN,NaN,NaN
2011-01-18,6.1,NaN,6.3,NaN,NaN,NaN,6.9,NaN,8.5,NaN,NaN,NaN,NaN
2011-01-19,6.1,NaN,6.3,NaN,NaN,NaN,6.9,NaN,8.5,NaN,NaN,NaN,NaN
2011-01-20,6.1,NaN,6.3,NaN,NaN,NaN,6.9,NaN,8.5,NaN,NaN,NaN,NaN
2011-01-21,6.1,NaN,6.3,NaN,NaN,NaN,NaN,NaN,8.5,NaN,NaN,NaN,NaN
2011-01-22,6.1,NaN,6.3,NaN,NaN,NaN,NaN,NaN,8.5,NaN,NaN,NaN,NaN
2011-01-23,6.2,NaN,6.3,NaN,NaN,NaN,NaN,NaN,8.5,NaN,NaN,NaN,NaN
2011-01-24,6.2,NaN,6.3,NaN,NaN,NaN,NaN,NaN,8.5,NaN,NaN,NaN,NaN
2011-01-25,6.2,NaN,6.3,NaN,NaN,NaN,NaN,NaN,8.5,NaN,NaN,NaN,NaN
2011-01-26,6.1,5.1,6.3,NaN,NaN,NaN,NaN,NaN,8.5,NaN,NaN,NaN,NaN
2011-01-27,6.1,5.1,NaN,NaN,NaN,NaN,NaN,NaN,8.5,NaN,NaN,NaN,NaN
2011-01-28,6.1,5.1,NaN,NaN,NaN,NaN,NaN,NaN,8.5,NaN,NaN,NaN,NaN
2011-01-29,6.1,5.1,NaN,NaN,NaN,NaN,NaN,NaN,8.5,NaN,NaN,NaN,NaN
2011-01-30,6.1,5.1,NaN,NaN,NaN,NaN,NaN,NaN,8.5,NaN,NaN,NaN,NaN
2011-01-31,6,5.1,NaN,NaN,NaN,NaN,NaN,NaN,8.5,NaN,NaN,NaN,NaN
2011-02-01,6,5.1,NaN,NaN,NaN,NaN,NaN,NaN,8.5,NaN,NaN,NaN,NaN
2011-02-02,6,5.1,NaN,NaN,NaN,NaN,NaN,NaN,8.5,NaN,NaN,NaN,NaN
2011-02-03,6,NaN,NaN,NaN,NaN,NaN,NaN,NaN,8.5,NaN,NaN,NaN,NaN
2011-02-04,6,NaN,NaN,NaN,NaN,NaN,NaN,NaN,8.5,NaN,NaN,NaN,NaN
2011-02-05,5.9,NaN,NaN,NaN,NaN,NaN,NaN,NaN,8.5,NaN,NaN,NaN,NaN
2011-02-06,5.9,NaN,NaN,NaN,NaN,NaN,NaN,NaN,8.5,NaN,NaN,NaN,NaN
2011-02-07,5.9,NaN,4.6,NaN,NaN,NaN,6.4,NaN,8.5,6.4,NaN,NaN,NaN
2011-02-08,5.9,NaN,4.6,6.5,NaN,NaN,6.4,NaN,8.5,6.4,NaN,NaN,NaN
2011-02-09,5.9,NaN,4.6,6.5,NaN,NaN,6.4,NaN,8.5,6.4,NaN,NaN,NaN
2011-02-10,5.9,NaN,4.6,6.5,NaN,NaN,6.4,4.8,8.5,6.4,NaN,NaN,NaN
2011-02-11,5.9,NaN,4.6,6.5,NaN,NaN,6.4,4.8,8.5,6.4,NaN,NaN,NaN
2011-02-12,5.9,NaN,4.6,6.5,NaN,NaN,6.4,4.8,8.5,6.4,NaN,NaN,NaN
2011-02-13,5.9,NaN,4.6,6.5,NaN,NaN,6.4,4.8,8.5,6.4,NaN,NaN,NaN
2011-02-14,5.9,NaN,4.6,6.5,NaN,6.6,6.4,4.8,6.8,6.4,NaN,NaN,NaN
2011-02-15,5.9,NaN,4.6,6.5,NaN,6.6,6.4,4.8,6.8,6.4,NaN,NaN,NaN
2011-02-16,5.9,NaN,4.6,6.5,NaN,6.6,6.4,4.8,6.8,6.4,NaN,NaN,NaN
2011-02-17,5.9,NaN,4.6,6.5,NaN,6.6,6.4,4.8,6.8,6.4,NaN,NaN,NaN
2011-02-18,5.9,NaN,4.6,6.5,NaN,6.6,NaN,4.8,6.8,6.4,NaN,NaN,NaN
2011-02-19,5.9,NaN,4.6,6.5,NaN,6.6,NaN,4.8,6.8,6.4,NaN,NaN,NaN
2011-02-20,5.8,NaN,4.6,6.5,NaN,6.6,NaN,4.8,6.8,6.4,NaN,NaN,NaN
2011-02-21,5.8,NaN,4.6,6.5,NaN,6.6,NaN,4.8,6.8,6.4,NaN,NaN,NaN
2011-02-22,5.8,NaN,4.6,NaN,NaN,6.6,NaN,4.8,6.8,6.4,NaN,NaN,NaN
2011-02-23,5.8,5.7,4.6,NaN,NaN,6.6,NaN,4.8,6.8,6.4,NaN,NaN,NaN
2011-02-24,5.8,5.7,NaN,NaN,NaN,6.6,NaN,4.8,6.8,6.4,NaN,NaN,NaN
2011-02-25,5.8,5.7,NaN,NaN,NaN,6.6,NaN,4.8,6.8,6.4,NaN,NaN,NaN
2011-02-26,5.8,5.7,NaN,NaN,NaN,6.6,NaN,4.8,6.8,6.4,NaN,NaN,NaN
2011-02-27,5.8,5.7,NaN,NaN,NaN,6.6,NaN,4.8,6.8,6.4,NaN,NaN,NaN
2011-02-28,5.8,5.7,NaN,NaN,NaN,NaN,NaN,4.8,6.8,6.4,NaN,NaN,NaN
2011-03-01,5.8,5.7,NaN,NaN,NaN,NaN,NaN,4.8,6.8,6.4,NaN,NaN,NaN
2011-03-02,5.8,5.7,NaN,NaN,NaN,NaN,NaN,4.8,6.8,6.4,NaN,NaN,NaN
2011-03-03,5.8,NaN,NaN,NaN,NaN,NaN,NaN,4.8,6.8,6.4,NaN,NaN,NaN
2011-03-04,5.8,NaN,NaN,NaN,NaN,NaN,NaN,4.8,6.8,6.4,NaN,NaN,NaN
2011-03-05,5.8,NaN,NaN,NaN,NaN,NaN,NaN,4.8,6.8,6.4,NaN,NaN,NaN
2011-03-06,5.8,NaN,NaN,NaN,NaN,NaN,NaN,4.8,6.8,6.4,NaN,NaN,NaN
2011-03-07,5.8,NaN,5.7,NaN,NaN,6.4,6.2,4.8,6.8,6.4,NaN,NaN,NaN
2011-03-08,5.8,NaN,5.7,NaN,NaN,6.4,6.2,4.8,6.8,8.2,NaN,NaN,NaN
2011-03-09,5.8,NaN,5.7,NaN,NaN,6.4,6.2,4.8,6.8,8.2,NaN,NaN,NaN
2011-03-10,5.8,NaN,5.7,6.1,NaN,6.4,6.2,5.2,6.8,8.2,NaN,NaN,NaN
2011-03-11,5.8,NaN,5.7,6.1,NaN,6.4,6.2,5.2,6.8,8.2,NaN,NaN,NaN
2011-03-12,5.8,NaN,5.7,6.1,NaN,6.4,6.2,5.2,6.8,8.2,NaN,NaN,NaN
2011-03-13,5.8,NaN,5.7,6.1,NaN,6.4,6.2,5.2,6.8,8.2,NaN,NaN,NaN
2011-03-14,5.9,NaN,5.7,6.1,NaN,6.4,6.2,5.2,7.2,8.2,NaN,NaN,NaN
2011-03-15,5.9,NaN,5.7,6.1,NaN,6.4,6.2,5.2,7.2,8.2,NaN,NaN,NaN
2011-03-16,5.9,NaN,5.7,6.1,NaN,6.4,6.2,5.2,7.2,8.2,NaN,NaN,NaN
2011-03-17,5.9,NaN,5.7,6.1,NaN,6.4,6.2,5.2,7.2,8.2,NaN,NaN,NaN
2011-03-18,5.9,NaN,5.7,6.1,NaN,6.4,NaN,5.2,7.2,8.2,NaN,NaN,NaN
2011-03-19,5.9,NaN,5.7,6.1,NaN,6.4,NaN,5.2,7.2,8.2,NaN,NaN,NaN
2011-03-20,5.9,NaN,5.7,6.1,NaN,6.4,NaN,5.2,7.2,8.2,NaN,NaN,NaN
2011-03-21,6,NaN,5.7,6.1,NaN,6.4,NaN,5.2,7.2,8.2,NaN,NaN,NaN
2011-03-22,6,NaN,5.7,NaN,NaN,6.4,NaN,5.2,6.4,8.2,NaN,NaN,NaN
2011-03-23,6,NaN,5.7,NaN,NaN,6.4,NaN,5.2,6.4,8.2,NaN,NaN,NaN
2011-03-24,6,NaN,NaN,NaN,NaN,6.4,NaN,5.2,6.4,8.2,NaN,NaN,NaN
2011-03-25,6,NaN,NaN,NaN,NaN,6.4,NaN,5.2,6.4,8.2,NaN,NaN,NaN
2011-03-26,6.1,NaN,NaN,NaN,NaN,6.4,NaN,5.2,6.4,8.2,NaN,NaN,NaN
2011-03-27,6.1,NaN,NaN,NaN,NaN,6.4,NaN,5.2,6.4,8.2,NaN,NaN,NaN
2011-03-28,6.1,NaN,NaN,NaN,NaN,NaN,NaN,5.2,6.4,8.2,NaN,NaN,NaN
2011-03-29,6.1,4.9,NaN,NaN,NaN,NaN,NaN,5.2,6.4,8.2,NaN,NaN,NaN
2011-03-30,6.1,4.9,NaN,NaN,NaN,NaN,NaN,5.2,6.4,8.2,NaN,NaN,NaN
2011-03-31,6.1,4.9,NaN,NaN,NaN,NaN,NaN,5.2,6.4,8.2,NaN,NaN,NaN
2011-04-01,6.1,4.9,NaN,NaN,NaN,NaN,NaN,5.2,6.4,8.2,NaN,NaN,NaN
2011-04-02,6.2,4.9,NaN,NaN,NaN,NaN,NaN,5.2,6.4,8.2,NaN,NaN,NaN
2011-04-03,6.2,4.9,NaN,NaN,NaN,NaN,NaN,5.2,6.4,8.2,NaN,NaN,NaN
2011-04-04,6.2,4.9,NaN,NaN,NaN,6.7,6.6,5.2,6.4,8.2,NaN,NaN,NaN
2011-04-05,6.2,4.9,NaN,5.9,NaN,6.7,6.6,5.2,6.4,6.6,NaN,NaN,NaN
2011-04-06,6.2,7.1,NaN,5.9,NaN,6.7,6.6,NaN,6.4,6.6,NaN,NaN,NaN
2011-04-07,6.2,7.1,NaN,5.9,NaN,6.7,6.6,NaN,6.4,6.6,NaN,NaN,NaN
2011-04-08,6.2,7.1,NaN,5.9,NaN,6.7,6.6,NaN,6.4,6.6,NaN,NaN,NaN
2011-04-09,6.2,7.1,NaN,5.9,NaN,6.7,6.6,NaN,6.4,6.6,NaN,NaN,NaN
2011-04-10,6.1,7.1,NaN,5.9,NaN,6.7,6.6,NaN,6.4,6.6,NaN,NaN,NaN
2011-04-11,6.1,7.1,6.2,5.9,NaN,6.7,6.6,NaN,7.7,6.6,NaN,NaN,NaN
2011-04-12,6.1,7.1,6.2,5.9,NaN,6.7,6.6,NaN,7.7,6.6,NaN,NaN,NaN
2011-04-13,6.1,7.1,6.2,5.9,NaN,6.7,6.6,5.9,7.7,6.6,NaN,NaN,NaN
2011-04-14,6.1,7.1,6.2,5.9,NaN,6.7,6.6,5.9,7.7,6.6,NaN,NaN,NaN
2011-04-15,6.1,7.1,6.2,5.9,NaN,6.7,NaN,5.9,7.7,6.6,NaN,NaN,NaN
2011-04-16,6.1,7.1,6.2,5.9,NaN,6.7,NaN,5.9,7.7,6.6,NaN,NaN,NaN
2011-04-17,6.1,7.1,6.2,5.9,NaN,6.7,NaN,5.9,7.7,6.6,NaN,NaN,NaN
2011-04-18,6.1,7.1,6.2,5.9,NaN,6.7,NaN,5.9,7.7,6.6,NaN,NaN,NaN
2011-04-19,6.1,7.1,6.2,NaN,NaN,6.7,NaN,5.9,7.7,6.6,NaN,NaN,NaN
2011-04-20,6.1,7.1,6.2,NaN,NaN,6.7,NaN,5.9,7.7,6.6,NaN,NaN,NaN
2011-04-21,6.1,7.1,6.2,NaN,NaN,6.7,NaN,5.9,7.7,6.6,NaN,NaN,NaN
2011-04-22,6.1,7.1,6.2,NaN,NaN,6.7,NaN,5.9,7.7,6.6,NaN,NaN,NaN
2011-04-23,6,7.1,6.2,NaN,NaN,6.7,NaN,5.9,7.7,6.6,NaN,NaN,NaN
2011-04-24,6,7.1,6.2,NaN,NaN,6.7,NaN,5.9,7.7,6.6,NaN,NaN,NaN
2011-04-25,6,7.1,6.2,NaN,NaN,NaN,NaN,5.9,7.7,6.6,NaN,NaN,NaN
2011-04-26,6,7.1,6.2,5.5,NaN,NaN,NaN,5.9,7.7,6.6,NaN,NaN,NaN
2011-04-27,6,7.1,6.2,5.5,NaN,NaN,NaN,5.9,7.7,6.6,NaN,NaN,NaN
2011-04-28,6,7.1,NaN,5.5,NaN,NaN,NaN,5.9,7.7,6.6,NaN,NaN,NaN
2011-04-29,6.1,7.1,NaN,5.5,NaN,NaN,NaN,5.9,7.7,6.6,NaN,NaN,NaN
2011-04-30,6.1,7.1,NaN,5.5,NaN,NaN,NaN,5.9,7.7,6.6,NaN,NaN,NaN
2011-05-01,6.1,7.1,NaN,5.5,5.7,NaN,NaN,5.9,7.7,6.6,NaN,NaN,NaN
2011-05-02,6.1,7.1,NaN,5.5,5.7,6.4,6.8,5.9,7.7,NaN,NaN,NaN,NaN
2011-05-03,6.1,7.1,NaN,5.5,5.7,6.4,6.8,5.9,7.7,NaN,NaN,NaN,NaN
2011-05-04,6.1,7.1,NaN,5.5,5.7,6.4,6.8,5.9,7.7,NaN,NaN,NaN,NaN
2011-05-05,6.1,7.1,NaN,5.5,5.7,6.4,6.8,5.9,7.7,7.1,NaN,NaN,NaN
2011-05-06,6.1,NaN,NaN,5.5,5.7,6.4,6.8,NaN,7.7,7.1,NaN,NaN,NaN
2011-05-07,6,NaN,NaN,5.5,5.7,6.4,6.8,NaN,7.7,7.1,NaN,NaN,NaN
2011-05-08,6,NaN,NaN,5.5,5.7,6.4,6.8,NaN,7.7,7.1,NaN,NaN,NaN
2011-05-09,6,NaN,4.2,5.5,5.7,6.4,6.8,NaN,7.8,7.1,NaN,NaN,NaN
2011-05-10,6,NaN,4.2,5.5,5.7,6.4,6.8,NaN,7.8,7.1,NaN,NaN,NaN
2011-05-11,6,NaN,4.2,5.5,5.7,6.4,6.8,NaN,7.8,7.1,NaN,NaN,NaN
2011-05-12,6,NaN,4.2,5.5,5.7,6.4,6.8,NaN,7.8,7.1,NaN,NaN,NaN
2011-05-13,6,NaN,4.2,5.5,5.7,6.4,NaN,NaN,7.8,7.1,NaN,NaN,NaN
2011-05-14,6,NaN,4.2,5.5,5.7,6.4,NaN,NaN,7.8,7.1,NaN,NaN,NaN
2011-05-15,6,NaN,4.2,5.5,5.7,6.4,NaN,NaN,7.8,7.1,NaN,NaN,NaN
2011-05-16,6,NaN,4.2,5.5,5.7,6.4,NaN,6.5,7.8,7.1,NaN,NaN,NaN
2011-05-17,6,NaN,4.2,5.4,5.7,6.4,NaN,6.5,7.8,7.1,NaN,NaN,NaN
2011-05-18,6,NaN,4.2,5.4,5.7,6.4,NaN,6.5,7.8,7.1,NaN,NaN,NaN
2011-05-19,5.9,NaN,4.2,5.4,5.7,6.4,NaN,6.5,7.8,7.1,NaN,NaN,NaN
2011-05-20,5.9,NaN,4.2,5.4,5.7,6.4,NaN,6.5,7.8,7.1,NaN,NaN,NaN
2011-05-21,5.9,NaN,4.2,5.4,5.7,6.4,NaN,6.5,7.8,7.1,NaN,NaN,NaN
2011-05-22,5.9,NaN,4.2,5.4,5.7,6.4,NaN,6.5,7.8,7.1,NaN,NaN,NaN
2011-05-23,5.9,NaN,4.2,5.4,5.7,NaN,NaN,6.5,7.8,7.1,NaN,NaN,NaN
2011-05-24,5.8,NaN,4.2,5.4,5.7,NaN,NaN,6.5,7.8,7.1,NaN,NaN,NaN
2011-05-25,5.8,6.3,4.2,5.4,5.7,NaN,NaN,6.5,7.8,7.1,NaN,NaN,NaN
2011-05-26,5.8,6.3,NaN,5.4,5.7,NaN,NaN,6.5,7.8,7.1,NaN,NaN,NaN
2011-05-27,5.8,6.3,NaN,5.4,NaN,NaN,NaN,6.5,7.8,7.1,NaN,NaN,NaN
2011-05-28,5.8,6.3,NaN,5.4,NaN,NaN,NaN,6.5,7.8,7.1,NaN,NaN,NaN
2011-05-29,5.8,6.3,NaN,5.4,NaN,NaN,NaN,6.5,7.8,7.1,NaN,NaN,NaN
2011-05-30,5.7,6.3,NaN,5.4,NaN,NaN,NaN,6.5,7.8,7.1,NaN,NaN,NaN
2011-05-31,5.7,6.3,NaN,5.4,NaN,NaN,NaN,NaN,7.8,7.1,NaN,NaN,NaN
2011-06-01,5.7,6.3,NaN,5.4,NaN,NaN,NaN,NaN,7.8,7.1,NaN,NaN,NaN
2011-06-02,5.7,NaN,NaN,5.4,NaN,NaN,NaN,NaN,7.8,7.1,NaN,NaN,NaN
2011-06-03,5.7,NaN,NaN,5.4,NaN,NaN,NaN,NaN,7.8,7.1,NaN,NaN,NaN
2011-06-04,5.6,NaN,NaN,5.4,NaN,NaN,NaN,NaN,7.8,7.1,NaN,NaN,NaN
2011-06-05,5.6,NaN,NaN,5.4,NaN,NaN,NaN,NaN,7.8,7.1,NaN,NaN,NaN
2011-06-06,5.6,NaN,NaN,5.4,NaN,6.9,NaN,NaN,7.4,7.2,NaN,NaN,NaN
2011-06-07,5.6,NaN,4.8,5.4,NaN,6.9,6.8,NaN,7.4,7.2,NaN,NaN,NaN
2011-06-08,5.6,NaN,4.8,5.4,NaN,6.9,6.8,NaN,7.4,7.2,NaN,NaN,NaN
2011-06-09,5.6,NaN,4.8,5.4,NaN,6.9,6.8,NaN,7.4,7.2,NaN,NaN,NaN
2011-06-10,5.6,NaN,4.8,5.4,NaN,6.9,6.8,NaN,7.4,7.2,NaN,NaN,NaN
2011-06-11,5.6,NaN,4.8,5.4,NaN,6.9,6.8,NaN,7.4,7.2,NaN,NaN,NaN
2011-06-12,5.6,NaN,4.8,5.4,NaN,6.9,6.8,NaN,7.4,7.2,NaN,NaN,NaN
2011-06-13,5.6,NaN,4.8,5.4,NaN,6.9,6.8,NaN,7.4,7.2,NaN,NaN,NaN
2011-06-14,5.6,NaN,4.8,NaN,NaN,6.9,6.8,NaN,7.4,7.2,NaN,NaN,NaN
2011-06-15,5.6,NaN,4.8,NaN,NaN,6.9,6.8,NaN,7.4,7.2,NaN,NaN,NaN
2011-06-16,5.6,NaN,4.8,NaN,NaN,6.9,6.8,NaN,7.4,7.2,NaN,NaN,NaN
2011-06-17,5.6,NaN,4.8,NaN,NaN,6.9,NaN,4.2,7.4,7.2,NaN,NaN,NaN
2011-06-18,5.6,NaN,4.8,NaN,NaN,6.9,NaN,4.2,7.4,7.2,NaN,NaN,NaN
2011-06-19,5.6,NaN,4.8,NaN,NaN,6.9,NaN,4.2,7.4,7.2,NaN,NaN,NaN
2011-06-20,5.6,NaN,4.8,NaN,NaN,NaN,NaN,4.2,7.4,7.2,NaN,NaN,NaN
2011-06-21,5.6,NaN,4.8,NaN,NaN,NaN,NaN,4.2,7.4,7.2,NaN,NaN,NaN
2011-06-22,5.6,NaN,NaN,NaN,NaN,NaN,NaN,4.2,7.4,7.2,NaN,NaN,NaN
2011-06-23,5.6,NaN,NaN,NaN,NaN,NaN,NaN,4.2,7.4,7.2,NaN,NaN,NaN
2011-06-24,5.6,NaN,NaN,NaN,NaN,NaN,NaN,4.2,7.4,7.2,NaN,NaN,NaN
2011-06-25,5.6,NaN,NaN,NaN,NaN,NaN,NaN,4.2,7.4,7.2,NaN,NaN,NaN
2011-06-26,5.6,NaN,NaN,NaN,NaN,NaN,NaN,4.2,7.4,7.2,NaN,NaN,NaN
2011-06-27,5.6,NaN,NaN,NaN,NaN,NaN,NaN,4.2,7.4,7.2,NaN,NaN,NaN
2011-06-28,5.6,NaN,NaN,NaN,NaN,NaN,NaN,4.2,7.4,7.2,NaN,NaN,NaN
2011-06-29,5.6,4.8,NaN,NaN,NaN,NaN,NaN,4.2,7.4,7.2,NaN,NaN,NaN
2011-06-30,5.6,4.8,NaN,NaN,NaN,NaN,NaN,4.2,7.4,7.2,NaN,NaN,NaN
2011-07-01,5.6,4.8,NaN,NaN,NaN,NaN,NaN,4.2,7.4,7.2,NaN,NaN,NaN
2011-07-02,5.6,4.8,NaN,NaN,NaN,NaN,NaN,4.2,7.4,7.2,NaN,NaN,NaN
2011-07-03,5.6,4.8,NaN,NaN,NaN,NaN,NaN,4.2,7.8,7.2,NaN,NaN,NaN
2011-07-04,5.6,4.8,NaN,NaN,NaN,NaN,NaN,NaN,7.8,7.7,NaN,NaN,NaN
2011-07-05,5.6,4.8,NaN,NaN,NaN,NaN,NaN,NaN,7.8,7.7,NaN,NaN,NaN
2011-07-06,5.6,4.8,NaN,NaN,NaN,NaN,NaN,NaN,7.8,7.7,NaN,NaN,NaN
2011-07-07,5.6,NaN,NaN,NaN,NaN,NaN,NaN,NaN,7.8,7.7,NaN,NaN,NaN
2011-07-08,5.6,NaN,NaN,NaN,NaN,NaN,NaN,NaN,7.8,7.7,NaN,NaN,NaN
2011-07-09,5.6,NaN,NaN,NaN,NaN,NaN,NaN,NaN,7.8,7.7,NaN,NaN,NaN
2011-07-10,5.6,NaN,NaN,NaN,NaN,NaN,NaN,NaN,7.8,7.7,NaN,NaN,NaN
2011-07-11,5.6,NaN,NaN,NaN,NaN,6.4,NaN,NaN,7.8,7.7,NaN,NaN,NaN
2011-07-12,5.6,NaN,NaN,NaN,NaN,6.4,NaN,NaN,7.8,7.7,NaN,NaN,NaN
2011-07-13,5.4,NaN,NaN,NaN,NaN,6.4,NaN,NaN,7.8,7.7,NaN,NaN,NaN
2011-07-14,5.4,NaN,NaN,NaN,NaN,6.4,NaN,NaN,7.8,7.7,NaN,NaN,NaN
2011-07-15,5.4,NaN,NaN,NaN,NaN,6.4,NaN,NaN,7.8,7.7,NaN,NaN,NaN
2011-07-16,5.4,NaN,NaN,NaN,NaN,6.4,NaN,NaN,7.8,7.7,NaN,NaN,NaN
2011-07-17,5.4,NaN,NaN,NaN,NaN,6.4,NaN,NaN,7.8,7.7,NaN,NaN,NaN
2011-07-18,5.4,NaN,NaN,NaN,NaN,6.4,NaN,NaN,7.8,7.7,NaN,NaN,NaN
2011-07-19,5.4,NaN,NaN,NaN,NaN,6.4,NaN,NaN,7.8,7.7,NaN,NaN,NaN
2011-07-20,5.4,NaN,NaN,NaN,NaN,6.4,NaN,NaN,7.8,7.7,NaN,NaN,NaN
2011-07-21,5.4,NaN,NaN,NaN,NaN,6.4,NaN,NaN,7.8,7.7,NaN,NaN,NaN
2011-07-22,5.4,NaN,NaN,NaN,NaN,6.4,NaN,NaN,7.8,7.7,NaN,NaN,NaN
2011-07-23,5.4,NaN,NaN,NaN,NaN,6.4,NaN,NaN,7.8,7.7,NaN,NaN,NaN
2011-07-24,5.4,NaN,NaN,NaN,NaN,6.4,NaN,NaN,7.8,7.7,NaN,NaN,NaN
2011-07-25,5.4,NaN,NaN,NaN,NaN,6.4,NaN,NaN,7.8,7.7,NaN,NaN,NaN
2011-07-26,5.3,NaN,NaN,5.6,NaN,6.4,NaN,NaN,7.8,7.7,NaN,NaN,NaN
2011-07-27,5.4,NaN,NaN,5.6,NaN,6.4,NaN,NaN,7.8,7.7,NaN,NaN,NaN
2011-07-28,5.4,NaN,NaN,5.6,NaN,6.4,NaN,NaN,7.8,7.7,NaN,NaN,NaN
2011-07-29,5.4,NaN,NaN,5.6,NaN,6.4,NaN,NaN,7.8,7.7,NaN,NaN,NaN
2011-07-30,5.4,NaN,NaN,5.6,NaN,6.4,NaN,NaN,7.8,7.7,NaN,NaN,NaN
2011-07-31,5.4,NaN,NaN,5.6,NaN,6.4,NaN,NaN,7.8,7.7,NaN,NaN,NaN
2011-08-01,5.3,NaN,NaN,5.6,NaN,NaN,NaN,NaN,7.8,7.7,NaN,NaN,NaN
2011-08-02,5.3,NaN,NaN,5.6,NaN,NaN,NaN,NaN,7.8,7.5,NaN,NaN,NaN
2011-08-03,5.3,NaN,NaN,5.6,NaN,NaN,NaN,NaN,7.8,7.5,NaN,NaN,NaN
2011-08-04,5.3,NaN,NaN,5.6,NaN,NaN,NaN,NaN,7.8,7.5,NaN,NaN,NaN
2011-08-05,5.3,NaN,NaN,5.6,NaN,NaN,NaN,NaN,7.8,7.5,NaN,NaN,NaN
2011-08-06,5.3,NaN,NaN,5.6,NaN,NaN,NaN,NaN,7.8,7.5,NaN,NaN,NaN
2011-08-07,5.3,NaN,NaN,5.6,NaN,NaN,NaN,NaN,7.8,7.5,NaN,NaN,NaN
2011-08-08,5.3,NaN,NaN,5.6,NaN,NaN,6,NaN,7.8,7.5,NaN,NaN,NaN
2011-08-09,5.3,NaN,NaN,5.6,NaN,NaN,6,NaN,7.8,7.5,NaN,NaN,NaN
2011-08-10,5.3,NaN,NaN,5.6,NaN,NaN,6,NaN,7.8,7.5,NaN,NaN,NaN
2011-08-11,5.4,NaN,NaN,5.6,NaN,NaN,6,NaN,7.8,7.5,NaN,NaN,NaN
2011-08-12,5.4,NaN,NaN,5.6,NaN,NaN,6,NaN,7.8,7.5,NaN,NaN,NaN
2011-08-13,5.4,NaN,NaN,5.6,NaN,NaN,6,NaN,7.8,7.5,NaN,NaN,NaN
2011-08-14,5.4,NaN,NaN,5.6,NaN,NaN,6,NaN,7.8,7.5,NaN,NaN,NaN
2011-08-15,5.4,NaN,2.9,5.6,NaN,NaN,6,NaN,6,7.5,NaN,NaN,NaN
2011-08-16,5.4,NaN,2.9,5.6,NaN,NaN,6,NaN,6,7.5,NaN,NaN,NaN
2011-08-17,5.4,NaN,2.9,5.6,NaN,NaN,6,NaN,6,7.5,NaN,NaN,NaN
2011-08-18,5.4,NaN,2.9,5.6,NaN,NaN,6,NaN,6,7.5,NaN,NaN,NaN
2011-08-19,5.4,NaN,2.9,5.6,NaN,NaN,NaN,NaN,6,7.5,NaN,NaN,NaN
2011-08-20,5.4,NaN,2.9,5.6,NaN,NaN,NaN,NaN,6,7.5,NaN,NaN,NaN
2011-08-21,5.3,NaN,2.9,5.6,NaN,NaN,NaN,NaN,6,7.5,NaN,NaN,NaN
2011-08-22,5.3,NaN,2.9,5.6,NaN,NaN,NaN,5.1,6,7.5,NaN,NaN,NaN
2011-08-23,5.3,NaN,2.9,5,NaN,NaN,NaN,5.1,6,7.5,NaN,NaN,NaN
2011-08-24,5.3,NaN,2.9,5,NaN,NaN,NaN,5.1,6,7.5,NaN,NaN,NaN
2011-08-25,5.3,NaN,NaN,5,NaN,NaN,NaN,5.1,6,7.5,NaN,NaN,NaN
2011-08-26,5.3,NaN,NaN,5,NaN,NaN,NaN,5.1,6,7.5,NaN,NaN,NaN
2011-08-27,5.3,NaN,NaN,5,NaN,NaN,NaN,5.1,6,7.5,NaN,NaN,NaN
2011-08-28,5.3,NaN,NaN,5,NaN,NaN,NaN,5.1,6,7.5,NaN,NaN,NaN
2011-08-29,5.3,NaN,NaN,5,NaN,NaN,NaN,5.1,6,7.5,NaN,NaN,NaN
2011-08-30,5.3,NaN,NaN,5,NaN,NaN,NaN,5.1,6,7.5,NaN,NaN,NaN
2011-08-31,5.3,4.8,NaN,5,NaN,NaN,NaN,5.1,6,7.5,NaN,NaN,NaN
2011-09-01,5.3,4.8,NaN,5,NaN,6.7,NaN,5.1,6,7.5,NaN,NaN,NaN
2011-09-02,5.3,4.8,NaN,5,NaN,6.7,NaN,5.1,6,7.5,NaN,NaN,NaN
2011-09-03,5.3,4.8,NaN,5,NaN,6.7,NaN,5.1,6,7.5,NaN,NaN,NaN
2011-09-04,5.4,4.8,NaN,5,NaN,6.7,NaN,5.1,6,7.5,NaN,NaN,NaN
2011-09-05,5.4,4.8,NaN,5,NaN,6.7,5.5,5.1,6,7,NaN,NaN,NaN
2011-09-06,5.4,4.8,NaN,5,NaN,6.7,5.5,5.1,6,7,NaN,NaN,NaN
2011-09-07,5.4,4.8,NaN,5,NaN,6.7,5.5,5.1,6,7,NaN,NaN,NaN
2011-09-08,5.4,NaN,NaN,5,NaN,6.7,5.5,5.1,6,7,NaN,NaN,NaN
2011-09-09,5.4,NaN,NaN,5,NaN,6.7,5.5,NaN,6,7,NaN,NaN,NaN
2011-09-10,5.4,NaN,NaN,5,NaN,6.7,5.5,NaN,6,7,NaN,NaN,NaN
2011-09-11,5.4,NaN,NaN,5,NaN,6.7,5.5,NaN,6,7,NaN,NaN,NaN
2011-09-12,5.4,NaN,5.1,5,NaN,6.7,5.5,NaN,7.1,7,NaN,NaN,NaN
2011-09-13,5.4,NaN,5.1,5,NaN,6.7,5.5,NaN,7.1,7,NaN,NaN,NaN
2011-09-14,5.4,NaN,5.1,5,NaN,6.7,5.5,NaN,7.1,7,NaN,NaN,NaN
2011-09-15,5.4,NaN,5.1,5,NaN,6.7,5.5,NaN,7.1,7,NaN,NaN,NaN
2011-09-16,5.4,NaN,5.1,5,NaN,6.7,NaN,NaN,7.1,7,NaN,NaN,NaN
2011-09-17,5.4,NaN,5.1,5,NaN,6.7,NaN,NaN,7.1,7,NaN,NaN,NaN
2011-09-18,5.5,NaN,5.1,5,NaN,NaN,NaN,NaN,7.1,7,NaN,NaN,NaN
2011-09-19,5.5,NaN,NaN,5,NaN,NaN,NaN,NaN,7.1,7,NaN,NaN,NaN
2011-09-20,5.5,NaN,NaN,5,NaN,NaN,NaN,NaN,7.1,7,NaN,NaN,NaN
2011-09-21,5.6,NaN,NaN,6,NaN,NaN,NaN,NaN,7.1,7,NaN,NaN,NaN
2011-09-22,5.6,NaN,NaN,6,NaN,NaN,NaN,NaN,7.1,7,NaN,NaN,NaN
2011-09-23,5.6,NaN,NaN,6,NaN,NaN,NaN,NaN,7.1,7,NaN,NaN,NaN
2011-09-24,5.6,NaN,NaN,6,NaN,NaN,NaN,NaN,7.1,7,NaN,NaN,NaN
2011-09-25,5.6,NaN,NaN,6,NaN,NaN,NaN,NaN,7.1,7,NaN,NaN,NaN
2011-09-26,5.7,NaN,NaN,6,NaN,NaN,NaN,NaN,7.1,7,NaN,NaN,NaN
2011-09-27,5.7,NaN,NaN,6,NaN,NaN,NaN,4.8,7.1,7,NaN,NaN,NaN
2011-09-28,5.7,5.9,NaN,6,NaN,NaN,NaN,4.8,7.1,7,NaN,NaN,NaN
2011-09-29,5.7,5.9,NaN,6,NaN,NaN,NaN,4.8,7.1,7,NaN,NaN,NaN
2011-09-30,5.7,5.9,NaN,6,NaN,NaN,NaN,4.8,7.1,7,NaN,NaN,NaN
2011-10-01,5.7,5.9,NaN,6,NaN,NaN,NaN,4.8,7.1,7,NaN,NaN,NaN
2011-10-02,5.7,5.9,NaN,6,NaN,NaN,NaN,4.8,7.1,7,NaN,NaN,NaN
2011-10-03,5.7,5.9,NaN,6,NaN,NaN,5.5,4.8,7.1,8.4,NaN,NaN,NaN
2011-10-04,5.7,5.9,NaN,6,NaN,NaN,5.5,4.8,7.1,8.4,NaN,NaN,NaN
2011-10-05,5.8,5.9,NaN,6,NaN,NaN,5.5,4.8,7.1,8.4,NaN,NaN,NaN
2011-10-06,5.8,NaN,NaN,6,NaN,NaN,5.5,4.8,7.1,8.4,NaN,NaN,NaN
2011-10-07,5.8,NaN,NaN,6,NaN,NaN,5.5,4.8,7.1,8.4,NaN,NaN,NaN
2011-10-08,5.8,NaN,NaN,6,NaN,NaN,5.5,4.8,7.1,8.4,NaN,NaN,NaN
2011-10-09,5.8,NaN,NaN,6,NaN,NaN,5.5,4.8,7.1,8.4,NaN,NaN,NaN
2011-10-10,5.8,NaN,5.1,6,NaN,7.1,5.5,4.8,7.1,8.4,NaN,NaN,NaN
2011-10-11,5.8,NaN,5.1,6,NaN,7.1,5.5,4.8,7.7,8.4,NaN,NaN,NaN
2011-10-12,5.8,NaN,5.1,6,NaN,7.1,5.5,4.8,7.7,8.4,NaN,NaN,NaN
2011-10-13,5.8,NaN,5.1,6,NaN,7.1,5.5,4.8,7.7,8.4,NaN,NaN,NaN
2011-10-14,5.8,NaN,5.1,6,NaN,7.1,NaN,4.8,7.7,8.4,NaN,NaN,NaN
2011-10-15,5.8,NaN,5.1,6,NaN,7.1,NaN,4.8,7.7,8.4,NaN,NaN,NaN
2011-10-16,5.9,NaN,5.1,6,NaN,7.1,NaN,4.8,7.7,8.4,NaN,NaN,NaN
2011-10-17,5.9,NaN,5.1,6,NaN,7.1,NaN,NaN,7.7,8.4,NaN,NaN,NaN
2011-10-18,5.9,NaN,5.1,NaN,NaN,7.1,NaN,NaN,7.7,8.4,NaN,NaN,NaN
2011-10-19,5.9,NaN,5.1,NaN,NaN,7.1,NaN,NaN,7.7,8.4,NaN,NaN,NaN
2011-10-20,5.9,NaN,5.1,NaN,NaN,7.1,NaN,NaN,7.7,8.4,NaN,NaN,NaN
2011-10-21,5.9,NaN,5.1,NaN,NaN,7.1,NaN,NaN,7.7,8.4,NaN,NaN,NaN
2011-10-22,5.9,NaN,5.1,NaN,NaN,7.1,NaN,NaN,7.7,8.4,NaN,NaN,NaN
2011-10-23,5.9,NaN,5.1,NaN,NaN,7.1,NaN,NaN,7.7,8.4,NaN,NaN,NaN
2011-10-24,5.9,NaN,5.1,NaN,NaN,NaN,NaN,NaN,7.7,8.4,NaN,NaN,NaN
2011-10-25,5.9,NaN,5.1,5.3,NaN,NaN,NaN,NaN,7.7,8.4,NaN,NaN,NaN
2011-10-26,5.9,6,5.1,5.3,NaN,NaN,NaN,NaN,7.7,8.4,NaN,NaN,NaN
2011-10-27,5.8,6,NaN,5.3,NaN,NaN,NaN,NaN,7.7,8.4,NaN,NaN,NaN
2011-10-28,5.8,6,NaN,5.3,NaN,NaN,NaN,4.9,7.7,8.4,NaN,NaN,NaN
2011-10-29,5.8,6,NaN,5.3,NaN,NaN,NaN,4.9,7.7,8.4,NaN,NaN,NaN
2011-10-30,5.8,6,NaN,5.3,NaN,NaN,NaN,4.9,7.7,8.4,NaN,NaN,NaN
2011-10-31,5.8,6,NaN,5.3,NaN,NaN,6.7,4.9,7.7,8.4,NaN,NaN,NaN
2011-11-01,5.8,6,NaN,5.3,5.7,NaN,6.7,4.9,7.7,8.4,NaN,NaN,NaN
2011-11-02,5.8,6,NaN,5.3,5.7,NaN,6.7,4.9,7.7,8.4,NaN,NaN,NaN
2011-11-03,5.8,NaN,NaN,5.3,5.7,NaN,6.7,4.9,7.7,8.4,NaN,NaN,NaN
2011-11-04,5.8,NaN,NaN,5.3,5.7,NaN,6.7,4.9,7.7,8.4,NaN,NaN,NaN
2011-11-05,5.8,NaN,NaN,5.3,5.7,NaN,6.7,4.9,7.7,8.4,NaN,NaN,NaN
2011-11-06,5.8,NaN,NaN,5.3,5.7,NaN,6.7,4.9,7.7,8.4,NaN,NaN,NaN
2011-11-07,5.9,NaN,5.3,5.3,5.7,6.4,6.7,4.9,6.5,8.9,NaN,NaN,NaN
2011-11-08,5.9,NaN,5.3,5.3,5.7,6.4,6.7,4.9,6.5,8.9,NaN,NaN,NaN
2011-11-09,5.9,NaN,5.3,5.3,5.7,6.4,6.7,4.9,6.5,8.9,NaN,NaN,NaN
2011-11-10,5.9,NaN,5.3,5.3,5.7,6.4,6.7,4.9,6.5,8.9,NaN,NaN,NaN
2011-11-11,5.8,NaN,5.3,5.3,5.7,6.4,NaN,4.9,6.5,8.9,NaN,NaN,NaN
2011-11-12,5.8,NaN,5.3,5.3,5.7,6.4,NaN,4.9,6.5,8.9,NaN,NaN,NaN
2011-11-13,5.8,NaN,5.3,5.3,5.7,6.4,NaN,4.9,6.5,8.9,NaN,NaN,NaN
2011-11-14,5.8,NaN,5.3,5.3,5.7,6.4,NaN,4.9,6.5,8.9,NaN,NaN,NaN
2011-11-15,5.8,NaN,5.3,5.3,5.7,6.4,NaN,4.9,6.5,8.9,NaN,NaN,NaN
2011-11-16,5.8,NaN,5.3,5.3,5.7,6.4,NaN,4.9,6.5,8.9,NaN,NaN,NaN
2011-11-17,5.8,NaN,5.3,5.3,5.7,6.4,NaN,4.9,6.5,8.9,NaN,NaN,NaN
2011-11-18,5.8,NaN,5.3,5.3,5.7,6.4,NaN,4.9,6.5,8.9,NaN,NaN,NaN
2011-11-19,5.8,NaN,5.3,5.3,5.7,6.4,NaN,4.9,6.5,8.9,NaN,NaN,NaN
2011-11-20,5.8,NaN,5.3,5.3,5.7,6.4,NaN,4.9,6.5,8.9,NaN,NaN,NaN
2011-11-21,5.8,NaN,5.3,5.3,5.7,6.4,NaN,NaN,6.5,8.9,NaN,NaN,NaN
2011-11-22,5.8,NaN,5.3,5.4,5.7,6.4,NaN,NaN,6.5,8.9,NaN,NaN,NaN
2011-11-23,5.8,NaN,5.3,5.4,5.7,6.4,NaN,NaN,6.5,8.9,NaN,NaN,NaN
2011-11-24,5.8,NaN,NaN,5.4,5.7,6.4,NaN,NaN,6.5,8.9,NaN,NaN,NaN
2011-11-25,5.8,NaN,NaN,5.4,5.7,6.4,NaN,NaN,6.5,8.9,NaN,NaN,NaN
2011-11-26,5.8,NaN,NaN,5.4,5.7,6.4,NaN,NaN,6.5,8.9,NaN,NaN,NaN
2011-11-27,5.8,NaN,NaN,5.4,5.7,6.4,NaN,NaN,6.5,8.9,NaN,NaN,NaN
2011-11-28,5.8,NaN,NaN,5.4,NaN,NaN,NaN,NaN,6.5,8.9,NaN,NaN,NaN
2011-11-29,5.8,NaN,NaN,5.4,NaN,NaN,NaN,NaN,6.5,8.9,NaN,NaN,NaN
2011-11-30,5.8,5.1,NaN,5.4,NaN,NaN,NaN,NaN,6.5,8.9,NaN,NaN,NaN
2011-12-01,5.8,5.1,5.5,5.4,NaN,NaN,NaN,NaN,6.5,8.9,NaN,NaN,NaN
2011-12-02,5.8,5.1,5.5,5.4,NaN,NaN,NaN,NaN,6.5,8.9,NaN,NaN,NaN
2011-12-03,5.8,5.1,5.5,5.4,NaN,NaN,NaN,NaN,6.5,8.9,NaN,NaN,NaN
2011-12-04,5.8,5.1,5.5,5.4,NaN,NaN,NaN,NaN,6.5,8.9,NaN,NaN,NaN
2011-12-05,5.8,5.1,5.5,5.4,NaN,7.6,5.2,NaN,8.3,6.9,NaN,NaN,NaN
2011-12-06,5.8,5.1,5.5,5.4,NaN,7.6,5.2,NaN,8.3,6.9,NaN,NaN,NaN
2011-12-07,5.8,5.1,5.5,5.4,NaN,7.6,5.2,NaN,8.3,6.9,NaN,NaN,NaN
2011-12-08,5.8,NaN,5.5,5.4,NaN,7.6,5.2,NaN,8.3,6.9,NaN,NaN,NaN
2011-12-09,5.8,NaN,5.5,5.4,NaN,7.6,5.2,NaN,8.3,6.9,NaN,NaN,NaN
2011-12-10,5.8,NaN,5.5,5.4,NaN,7.6,5.2,NaN,8.3,6.9,NaN,NaN,NaN
2011-12-11,5.9,NaN,5.5,5.4,NaN,7.6,5.2,NaN,8.3,6.9,NaN,NaN,NaN
2011-12-12,5.9,NaN,5.5,5.4,NaN,7.6,5.2,NaN,8.3,6.9,NaN,NaN,NaN
2011-12-13,5.9,NaN,5.5,5.4,NaN,7.6,5.2,NaN,8.3,6.9,NaN,NaN,NaN
2011-12-14,5.9,NaN,5.5,5.4,NaN,7.6,5.2,NaN,8.3,6.9,NaN,NaN,NaN
2011-12-15,5.9,NaN,NaN,5.4,NaN,7.6,5.2,NaN,8.3,6.9,NaN,NaN,NaN
2011-12-16,5.9,NaN,NaN,5.4,NaN,7.6,NaN,5.5,8.3,6.9,NaN,NaN,NaN
2011-12-17,6,NaN,NaN,5.4,NaN,7.6,NaN,5.5,8.3,6.9,NaN,NaN,NaN
2011-12-18,6,NaN,NaN,5.4,NaN,7.6,NaN,5.5,8.3,6.9,NaN,NaN,NaN
2011-12-19,6,NaN,NaN,5.4,NaN,NaN,NaN,5.5,8.3,6.9,NaN,NaN,NaN
2011-12-20,6,NaN,NaN,NaN,NaN,NaN,NaN,5.5,8.3,6.9,NaN,NaN,NaN
2011-12-21,6,NaN,NaN,NaN,NaN,NaN,NaN,5.5,8.3,6.9,NaN,NaN,NaN
2011-12-22,6,NaN,NaN,NaN,NaN,NaN,NaN,5.5,8.3,6.9,NaN,NaN,NaN
2011-12-23,6,NaN,NaN,NaN,NaN,NaN,NaN,5.5,8.3,6.9,NaN,NaN,NaN
2011-12-24,6,NaN,NaN,NaN,NaN,NaN,NaN,5.5,8.3,6.9,NaN,NaN,NaN
2011-12-25,6,NaN,NaN,NaN,NaN,NaN,NaN,5.5,8.3,6.9,NaN,NaN,NaN
2011-12-26,6.1,NaN,NaN,NaN,NaN,NaN,NaN,5.5,8.3,6.9,NaN,NaN,NaN
2011-12-27,6.1,6,NaN,6,NaN,NaN,NaN,5.5,8.3,6.9,NaN,NaN,NaN
2011-12-28,6.1,6,NaN,6,NaN,NaN,NaN,5.5,8.3,6.9,NaN,NaN,NaN
2011-12-29,6.1,6,NaN,6,NaN,NaN,NaN,5.5,8.3,6.9,NaN,NaN,NaN
2011-12-30,6.1,6,NaN,6,NaN,NaN,NaN,5.5,8.3,6.9,NaN,NaN,NaN
2011-12-31,6.1,6,NaN,6,NaN,NaN,NaN,5.5,8.3,6.9,NaN,NaN,NaN
2012-01-01,6.1,6,NaN,6,NaN,8.3,NaN,5.5,8.3,6.9,NaN,NaN,NaN
2012-01-02,6.1,6,NaN,6,NaN,8.3,NaN,5.5,8.3,6.9,NaN,NaN,NaN
2012-01-03,6.1,6,NaN,6,NaN,8.3,NaN,5.5,8.3,6.9,NaN,NaN,NaN
2012-01-04,6.1,6,NaN,6,NaN,8.3,NaN,5.5,8.3,6.9,NaN,NaN,NaN
2012-01-05,6.1,NaN,NaN,6,NaN,8.3,NaN,5.5,8.3,6.9,NaN,NaN,NaN
2012-01-06,6.1,NaN,NaN,6,NaN,8.3,NaN,5.5,8.3,6.9,NaN,NaN,NaN
2012-01-07,6.1,NaN,NaN,6,NaN,8.3,NaN,5.5,8.3,6.9,NaN,NaN,NaN
2012-01-08,6.1,NaN,NaN,6,NaN,8.3,NaN,5.5,8.3,6.9,NaN,NaN,NaN
2012-01-09,6.1,NaN,5.8,6,NaN,8.3,6.9,5.5,8.3,6.9,NaN,NaN,NaN
2012-01-10,6.1,NaN,5.8,6,NaN,8.3,6.9,5.5,8.3,6.9,NaN,NaN,NaN
2012-01-11,6.1,NaN,5.8,6,NaN,8.3,6.9,5.5,8.3,6.9,NaN,NaN,NaN
2012-01-12,6.1,NaN,5.8,6,NaN,8.3,6.9,5.5,8.3,6.9,NaN,NaN,NaN
2012-01-13,6.2,NaN,5.8,6,NaN,8.3,6.9,NaN,8.3,6.9,NaN,NaN,NaN
2012-01-14,6.2,NaN,5.8,6,NaN,8.3,6.9,NaN,8.3,6.9,NaN,NaN,NaN
2012-01-15,6.1,NaN,5.8,6,NaN,8.3,6.9,NaN,8.3,6.9,NaN,NaN,NaN
2012-01-16,6.1,NaN,5.8,6,NaN,8.3,6.9,NaN,NaN,6.9,NaN,NaN,NaN
2012-01-17,6.1,NaN,5.8,6,NaN,8.3,6.9,NaN,NaN,6.9,NaN,NaN,NaN
2012-01-18,6.1,NaN,5.8,6,NaN,8.3,6.9,NaN,NaN,6.9,NaN,NaN,NaN
2012-01-19,6.1,NaN,5.8,6,NaN,8.3,6.9,5.6,NaN,6.9,NaN,NaN,NaN
2012-01-20,6.1,NaN,5.8,6,NaN,8.3,NaN,5.6,NaN,6.9,NaN,NaN,NaN
2012-01-21,6.1,NaN,5.8,6,NaN,8.3,NaN,5.6,NaN,6.9,NaN,NaN,NaN
2012-01-22,6.1,NaN,5.8,6,NaN,8.3,NaN,5.6,NaN,6.9,NaN,NaN,NaN
2012-01-23,6.1,NaN,5.8,6,NaN,8.3,NaN,5.6,NaN,6.9,NaN,NaN,NaN
2012-01-24,6.1,NaN,5.8,5.8,NaN,8.3,NaN,5.6,NaN,6.9,NaN,NaN,NaN
2012-01-25,6,6.3,5.8,5.8,NaN,8.3,NaN,5.6,NaN,6.9,NaN,NaN,NaN
2012-01-26,6,6.3,NaN,5.8,NaN,8.3,NaN,5.6,NaN,6.9,NaN,NaN,NaN
2012-01-27,6,6.3,NaN,5.8,NaN,8.3,NaN,5.6,7.2,6.9,NaN,NaN,NaN
2012-01-28,6,6.3,NaN,5.8,NaN,8.3,NaN,5.6,7.2,6.9,NaN,NaN,NaN
2012-01-29,6,6.3,NaN,5.8,NaN,8.3,NaN,5.6,7.2,6.9,NaN,NaN,NaN
2012-01-30,6,6.3,NaN,5.8,NaN,8.3,NaN,5.6,7.2,6.9,NaN,NaN,NaN
2012-01-31,6,6.3,NaN,5.8,NaN,8.3,NaN,5.6,7.2,6.9,NaN,NaN,NaN
2012-02-01,6,6.3,NaN,5.8,NaN,NaN,NaN,5.6,7.2,6.9,NaN,NaN,NaN
2012-02-02,5.9,6.3,NaN,5.8,NaN,NaN,NaN,5.6,7.2,5.4,NaN,NaN,NaN
2012-02-03,5.9,NaN,NaN,5.8,NaN,NaN,NaN,5.6,7.2,5.4,NaN,NaN,NaN
2012-02-04,5.9,NaN,NaN,5.8,NaN,NaN,NaN,NaN,7.2,5.4,NaN,NaN,NaN
2012-02-05,5.9,NaN,NaN,5.8,NaN,NaN,NaN,NaN,7.2,5.4,NaN,NaN,NaN
2012-02-06,5.9,NaN,5.5,5.8,NaN,NaN,4.7,NaN,7.2,5.4,NaN,NaN,NaN
2012-02-07,5.9,NaN,5.5,5.8,NaN,NaN,4.7,NaN,7.2,5.4,NaN,NaN,NaN
2012-02-08,5.9,NaN,5.5,5.8,NaN,NaN,4.7,NaN,7.2,5.4,NaN,NaN,NaN
2012-02-09,5.8,NaN,5.5,5.8,NaN,NaN,4.7,NaN,7.2,5.4,NaN,NaN,NaN
2012-02-10,5.8,NaN,5.5,5.8,NaN,NaN,4.7,NaN,7.2,5.4,NaN,NaN,NaN
2012-02-11,5.8,NaN,5.5,5.8,NaN,NaN,4.7,NaN,7.2,5.4,NaN,NaN,NaN
2012-02-12,5.8,NaN,5.5,5.8,NaN,NaN,4.7,NaN,7.2,5.4,NaN,NaN,NaN
2012-02-13,5.8,NaN,5.5,5.8,NaN,NaN,4.7,NaN,7.5,5.4,NaN,NaN,NaN
2012-02-14,5.7,NaN,5.5,5.8,NaN,NaN,4.7,NaN,7.5,5.4,NaN,NaN,NaN
2012-02-15,5.7,NaN,5.5,5.8,NaN,NaN,4.7,NaN,7.5,5.4,NaN,NaN,NaN
2012-02-16,5.7,NaN,5.5,5.8,NaN,NaN,4.7,NaN,7.5,5.4,NaN,NaN,NaN
2012-02-17,5.7,NaN,5.5,5.8,NaN,NaN,NaN,NaN,7.5,5.4,NaN,NaN,NaN
2012-02-18,5.6,NaN,5.5,5.8,NaN,NaN,NaN,NaN,7.5,5.4,NaN,NaN,NaN
2012-02-19,5.6,NaN,5.5,5.8,NaN,NaN,NaN,4.5,7.5,5.4,NaN,NaN,NaN
2012-02-20,5.6,NaN,5.5,5.8,NaN,NaN,NaN,4.5,7.5,5.4,NaN,NaN,NaN
2012-02-21,5.6,NaN,5.5,5.7,NaN,NaN,NaN,4.5,7.5,5.4,NaN,NaN,NaN
2012-02-22,5.6,NaN,5.5,5.7,NaN,NaN,NaN,4.5,7.5,5.4,NaN,NaN,NaN
2012-02-23,5.5,NaN,NaN,5.7,NaN,8.6,NaN,4.5,7.5,5.4,NaN,NaN,NaN
2012-02-24,5.5,NaN,NaN,5.7,NaN,8.6,NaN,4.5,7.5,5.4,NaN,NaN,NaN
2012-02-25,5.5,NaN,NaN,5.7,NaN,8.6,NaN,4.5,7.5,5.4,NaN,NaN,NaN
2012-02-26,5.5,NaN,NaN,5.7,NaN,8.6,NaN,4.5,7.5,5.4,NaN,NaN,NaN
2012-02-27,5.5,NaN,NaN,5.7,NaN,8.6,NaN,4.5,7.5,5.4,NaN,NaN,NaN
2012-02-28,5.5,NaN,NaN,5.7,NaN,8.6,NaN,4.5,7.5,5.4,NaN,NaN,NaN
2012-02-29,5.5,5.2,NaN,5.7,NaN,8.6,NaN,4.5,7.5,5.4,NaN,NaN,NaN
2012-03-01,5.5,5.2,NaN,5.7,NaN,8.6,NaN,4.5,7.5,5.4,NaN,NaN,NaN
2012-03-02,5.5,5.2,NaN,5.7,NaN,8.1,NaN,4.5,7.5,5.4,NaN,NaN,NaN
2012-03-03,5.5,5.2,NaN,5.7,NaN,8.1,NaN,4.5,7.5,5.4,NaN,NaN,NaN
2012-03-04,5.5,5.2,NaN,5.7,NaN,8.1,NaN,4.5,7.5,5.4,NaN,NaN,NaN
2012-03-05,5.5,5.2,NaN,5.7,NaN,8.1,5.2,4.5,7.5,5.4,NaN,NaN,NaN
2012-03-06,5.5,5.2,NaN,5.7,NaN,8.1,5.2,4.5,7.5,5.4,NaN,NaN,NaN
2012-03-07,5.5,5.2,NaN,5.7,NaN,8.1,5.2,NaN,7.5,5.7,NaN,NaN,NaN
2012-03-08,5.5,NaN,4.2,5.7,NaN,8.1,5.2,NaN,7.5,5.7,NaN,NaN,NaN
2012-03-09,5.5,NaN,4.2,5.7,NaN,8.1,5.2,NaN,7.5,5.7,NaN,NaN,NaN
2012-03-10,5.5,NaN,4.2,5.7,NaN,8.1,5.2,NaN,7.5,5.7,NaN,NaN,NaN
2012-03-11,5.5,NaN,4.2,5.7,NaN,8.1,5.2,NaN,7.5,5.7,NaN,NaN,NaN
2012-03-12,5.5,NaN,4.2,5.7,NaN,8.1,5.2,NaN,7.2,5.7,NaN,NaN,NaN
2012-03-13,5.5,NaN,4.2,5.7,NaN,8.1,5.2,NaN,7.2,5.7,NaN,NaN,NaN
2012-03-14,5.5,NaN,4.2,5.7,NaN,8.1,5.2,NaN,7.2,5.7,NaN,NaN,NaN
2012-03-15,5.5,NaN,4.2,5.7,NaN,8.1,5.2,NaN,7.2,5.7,NaN,NaN,NaN
2012-03-16,5.5,NaN,4.2,5.7,NaN,8.1,NaN,NaN,7.2,5.7,NaN,NaN,NaN
2012-03-17,5.5,NaN,4.2,5.7,NaN,8.1,NaN,NaN,7.2,5.7,NaN,NaN,NaN
2012-03-18,5.5,NaN,4.2,5.7,NaN,8.1,NaN,NaN,7.2,5.7,NaN,NaN,NaN
2012-03-19,5.5,NaN,4.2,5.7,NaN,8.1,NaN,NaN,7.2,5.7,NaN,NaN,NaN
2012-03-20,5.5,NaN,4.2,NaN,NaN,8.1,NaN,NaN,7.2,5.7,NaN,NaN,NaN
2012-03-21,5.5,NaN,4.2,NaN,NaN,8.1,NaN,NaN,7.2,5.7,NaN,NaN,NaN
2012-03-22,5.5,NaN,4.2,NaN,NaN,8.1,NaN,NaN,7.2,5.7,NaN,NaN,NaN
2012-03-23,5.5,NaN,4.2,NaN,NaN,8.1,NaN,NaN,7.2,5.7,NaN,NaN,NaN
2012-03-24,5.5,NaN,4.2,NaN,NaN,8.1,NaN,NaN,7.2,5.7,NaN,NaN,NaN
2012-03-25,5.5,NaN,4.2,NaN,NaN,8.1,NaN,NaN,7.2,5.7,NaN,NaN,NaN
2012-03-26,5.5,NaN,4.2,NaN,NaN,8.1,NaN,NaN,7.2,5.7,NaN,NaN,NaN
2012-03-27,5.5,NaN,4.2,5.3,NaN,8.1,NaN,6.1,7.2,5.7,NaN,NaN,NaN
2012-03-28,5.5,6.6,NaN,5.3,NaN,8.1,NaN,6.1,7.2,5.7,NaN,NaN,NaN
2012-03-29,5.5,6.6,NaN,5.3,NaN,8.1,NaN,6.1,7.2,5.7,NaN,NaN,NaN
2012-03-30,5.5,6.6,NaN,5.3,NaN,8.1,NaN,6.1,7.2,5.7,NaN,NaN,NaN
2012-03-31,5.5,6.6,NaN,5.3,NaN,8.1,NaN,6.1,7.2,5.7,NaN,NaN,NaN
2012-04-01,5.5,6.6,NaN,5.3,NaN,8.2,NaN,6.1,7.2,5.7,NaN,NaN,NaN
2012-04-02,5.5,6.6,NaN,5.3,NaN,8.2,4.7,6.1,7.2,5.7,NaN,NaN,NaN
2012-04-03,5.5,6.6,NaN,5.3,NaN,8.2,4.7,6.1,7.2,5.7,NaN,NaN,NaN
2012-04-04,5.5,6.6,5.2,5.3,NaN,8.2,4.7,6.1,7.2,6,NaN,NaN,NaN
2012-04-05,5.5,NaN,5.2,5.3,NaN,8.2,4.7,6.1,7.2,6,NaN,NaN,NaN
2012-04-06,5.5,NaN,5.2,5.3,NaN,8.2,4.7,6.1,7.2,6,NaN,NaN,NaN
2012-04-07,5.5,NaN,5.2,5.3,NaN,8.2,4.7,6.1,7.2,6,NaN,NaN,NaN
2012-04-08,5.5,NaN,5.2,5.3,NaN,8.2,4.7,6.1,7.2,6,NaN,NaN,NaN
2012-04-09,5.5,NaN,5.2,5.3,NaN,8.2,4.7,6.1,7.2,6,NaN,NaN,NaN
2012-04-10,5.5,NaN,5.2,5.3,NaN,8.2,4.7,6.1,6.4,6,NaN,NaN,NaN
2012-04-11,5.6,NaN,5.2,5.3,NaN,8.2,4.7,6.1,6.4,6,NaN,NaN,NaN
2012-04-12,5.6,NaN,5.2,5.3,NaN,8.2,4.7,6.1,6.4,6,NaN,NaN,NaN
2012-04-13,5.6,NaN,5.2,5.3,NaN,8.2,NaN,6.1,6.4,6,NaN,NaN,NaN
2012-04-14,5.6,NaN,5.2,5.3,NaN,8.2,NaN,6.1,6.4,6,NaN,NaN,NaN
2012-04-15,5.6,NaN,5.2,5.3,NaN,8.2,NaN,6.1,6.4,6,NaN,NaN,NaN
2012-04-16,5.6,NaN,5.2,5.3,NaN,8.2,NaN,6.1,6.4,6,NaN,NaN,NaN
2012-04-17,5.6,NaN,5.2,5.3,NaN,8.2,NaN,6.1,6.4,6,NaN,NaN,NaN
2012-04-18,5.6,NaN,5.2,5.3,NaN,8.2,NaN,6.1,6.4,6,NaN,NaN,NaN
2012-04-19,5.7,NaN,5.2,5.3,NaN,8.2,NaN,6.1,6.4,6,NaN,NaN,NaN
2012-04-20,5.7,NaN,5.2,5.3,NaN,8.2,NaN,NaN,6.4,6,NaN,NaN,NaN
2012-04-21,5.7,NaN,5.2,5.3,NaN,8.2,NaN,NaN,6.4,6,NaN,NaN,NaN
2012-04-22,5.7,NaN,5.2,5.3,NaN,8.2,NaN,NaN,6.4,6,NaN,NaN,NaN
2012-04-23,5.7,NaN,5.2,5.3,NaN,8.2,NaN,NaN,6.4,6,NaN,NaN,NaN
2012-04-24,5.8,NaN,5.2,4.6,NaN,8.2,NaN,NaN,6.4,6,NaN,NaN,NaN
2012-04-25,5.8,4.6,NaN,4.6,NaN,8.2,NaN,NaN,6.4,6,NaN,NaN,NaN
2012-04-26,5.8,4.6,NaN,4.6,NaN,8.2,NaN,NaN,6.4,6,NaN,NaN,NaN
2012-04-27,5.8,4.6,NaN,4.6,NaN,8.2,NaN,NaN,6.4,6,NaN,NaN,NaN
2012-04-28,5.8,4.6,NaN,4.6,NaN,8.2,NaN,NaN,6.4,6,NaN,NaN,NaN
2012-04-29,5.8,4.6,NaN,4.6,NaN,8.2,NaN,NaN,6.4,6,NaN,NaN,NaN
2012-04-30,5.8,4.6,NaN,4.6,NaN,8.2,NaN,NaN,6.4,6,NaN,NaN,NaN
2012-05-01,5.8,4.6,NaN,4.6,NaN,10,NaN,NaN,6.4,6,NaN,NaN,NaN
2012-05-02,5.8,4.6,NaN,4.6,5.4,10,6.6,NaN,6.4,6,NaN,NaN,NaN
2012-05-03,5.8,NaN,NaN,4.6,5.4,10,6.6,NaN,6.4,6,NaN,NaN,NaN
2012-05-04,5.9,NaN,NaN,4.6,5.4,10,6.6,NaN,6.4,6,NaN,NaN,NaN
2012-05-05,5.9,NaN,NaN,4.6,5.4,10,6.6,NaN,6.4,6,NaN,NaN,NaN
2012-05-06,5.9,NaN,NaN,4.6,5.4,10,6.6,NaN,6.4,6,NaN,NaN,NaN
2012-05-07,5.9,NaN,NaN,4.6,5.4,10,6.6,NaN,8.7,6,NaN,NaN,NaN
2012-05-08,5.9,NaN,NaN,4.6,5.4,10,6.6,NaN,8.7,6,NaN,NaN,NaN
2012-05-09,5.9,NaN,NaN,4.6,5.4,10,6.6,NaN,8.7,7.1,NaN,NaN,NaN
2012-05-10,5.9,NaN,5.9,4.6,5.4,10,6.6,NaN,8.7,7.1,NaN,NaN,NaN
2012-05-11,5.9,NaN,5.9,4.6,5.4,10,NaN,NaN,8.7,7.1,NaN,NaN,NaN
2012-05-12,5.9,NaN,5.9,4.6,5.4,10,NaN,NaN,8.7,7.1,NaN,NaN,NaN
2012-05-13,5.9,NaN,5.9,4.6,5.4,10,NaN,NaN,8.7,7.1,NaN,NaN,NaN
2012-05-14,5.9,NaN,5.9,4.6,5.4,10,NaN,7,8.7,7.1,NaN,NaN,NaN
2012-05-15,5.9,NaN,5.9,4.6,5.4,10,NaN,7,8.7,7.1,NaN,NaN,NaN
2012-05-16,5.9,NaN,5.9,4.6,5.4,10,NaN,7,8.7,7.1,NaN,NaN,NaN
2012-05-17,5.9,NaN,5.9,4.6,5.4,10,NaN,7,8.7,7.1,NaN,NaN,NaN
2012-05-18,5.9,NaN,5.9,4.6,5.4,10,NaN,7,8.7,7.1,NaN,NaN,NaN
2012-05-19,5.9,NaN,5.9,4.6,5.4,10,NaN,7,8.7,7.1,NaN,NaN,NaN
2012-05-20,5.9,NaN,5.9,4.6,5.4,10,NaN,7,8.7,7.1,NaN,NaN,NaN
2012-05-21,5.9,NaN,5.9,4.6,5.4,10,NaN,7,8.7,7.1,NaN,NaN,NaN
2012-05-22,5.9,NaN,5.9,NaN,5.4,10,NaN,7,8.7,7.1,NaN,NaN,NaN
2012-05-23,5.9,NaN,5.9,NaN,5.4,10,NaN,7,8.7,7.1,NaN,NaN,NaN
2012-05-24,5.9,NaN,5.9,NaN,5.4,NaN,NaN,7,8.7,7.1,NaN,NaN,NaN
2012-05-25,5.9,NaN,5.9,NaN,5.4,NaN,NaN,7,8.7,7.1,NaN,NaN,NaN
2012-05-26,5.9,NaN,5.9,NaN,5.4,NaN,NaN,7,8.7,7.1,NaN,NaN,NaN
2012-05-27,5.9,NaN,5.9,NaN,5.4,NaN,NaN,7,8.7,7.1,NaN,NaN,NaN
2012-05-28,5.9,NaN,5.9,5.7,NaN,NaN,NaN,7,8.7,7.1,NaN,NaN,NaN
2012-05-29,5.9,NaN,5.9,5.7,NaN,NaN,NaN,7,8.7,7.1,NaN,NaN,NaN
2012-05-30,5.9,6.6,NaN,5.7,NaN,NaN,NaN,7,8.7,7.1,NaN,NaN,NaN
2012-05-31,5.9,6.6,NaN,5.7,NaN,NaN,NaN,7,8.7,7.1,NaN,NaN,NaN
2012-06-01,5.9,6.6,NaN,5.7,NaN,7.9,NaN,7,8.7,7.1,NaN,NaN,NaN
2012-06-02,5.9,6.6,NaN,5.7,NaN,7.9,NaN,7,8.7,7.1,NaN,NaN,NaN
2012-06-03,5.9,6.6,NaN,5.7,NaN,7.9,NaN,7,8.7,7.1,NaN,NaN,NaN
2012-06-04,5.9,6.6,NaN,5.7,NaN,7.9,5.4,7,8.3,7.1,NaN,NaN,NaN
2012-06-05,5.9,6.6,NaN,5.7,NaN,7.9,5.4,7,8.3,7.1,NaN,NaN,NaN
2012-06-06,5.9,6.6,NaN,5.7,NaN,7.9,5.4,NaN,8.3,6.4,NaN,NaN,NaN
2012-06-07,5.9,NaN,4.7,5.7,NaN,7.9,5.4,NaN,8.3,6.4,NaN,NaN,NaN
2012-06-08,5.9,NaN,4.7,5.7,NaN,7.9,5.4,NaN,8.3,6.4,NaN,NaN,NaN
2012-06-09,5.9,NaN,4.7,5.7,NaN,7.9,5.4,NaN,8.3,6.4,NaN,NaN,NaN
2012-06-10,5.9,NaN,4.7,5.7,NaN,7.9,5.4,NaN,8.3,6.4,NaN,NaN,NaN
2012-06-11,5.9,NaN,4.7,5.7,NaN,7.9,5.4,NaN,8.3,6.4,NaN,NaN,NaN
2012-06-12,5.9,NaN,4.7,5.7,NaN,7.9,5.4,NaN,8.3,6.4,NaN,NaN,NaN
2012-06-13,5.9,NaN,4.7,5.7,NaN,7.9,5.4,NaN,8.3,6.4,NaN,NaN,NaN
2012-06-14,5.9,NaN,4.7,5.7,NaN,7.9,5.4,NaN,8.3,6.4,NaN,NaN,NaN
2012-06-15,5.9,NaN,4.7,5.7,NaN,7.9,NaN,NaN,8.3,6.4,NaN,NaN,NaN
2012-06-16,5.9,NaN,4.7,5.7,NaN,7.9,NaN,NaN,8.3,6.4,NaN,NaN,NaN
2012-06-17,5.8,NaN,4.7,5.7,NaN,7.9,NaN,NaN,8.3,6.4,NaN,NaN,NaN
2012-06-18,5.8,NaN,4.7,5.7,NaN,7.9,NaN,NaN,8.3,6.4,NaN,NaN,NaN
2012-06-19,5.8,NaN,4.7,5.7,NaN,7.9,NaN,NaN,8.3,6.4,NaN,NaN,NaN
2012-06-20,5.8,NaN,4.7,5.7,NaN,7.9,NaN,4.7,8.3,6.4,NaN,NaN,NaN
2012-06-21,5.8,NaN,4.7,5.7,NaN,7.9,NaN,4.7,8.3,6.4,NaN,NaN,NaN
2012-06-22,5.8,NaN,4.7,5.7,NaN,7.9,NaN,4.7,8.3,6.4,NaN,NaN,NaN
2012-06-23,5.8,NaN,4.7,5.7,NaN,7.9,NaN,4.7,8.3,6.4,NaN,NaN,NaN
2012-06-24,5.8,NaN,4.7,5.7,NaN,7.9,NaN,4.7,8.3,6.4,NaN,NaN,NaN
2012-06-25,5.8,NaN,4.7,5.7,NaN,7.9,NaN,4.7,8.3,6.4,NaN,NaN,NaN
2012-06-26,5.8,6,4.7,5.7,NaN,7.9,NaN,4.7,8.3,6.4,NaN,NaN,NaN
2012-06-27,5.8,6,NaN,5.7,NaN,7.9,NaN,4.7,8.3,6.4,NaN,NaN,NaN
2012-06-28,5.8,6,NaN,5.7,NaN,7.9,NaN,4.7,8.3,6.4,NaN,NaN,NaN
2012-06-29,5.8,6,NaN,5.7,NaN,7.9,NaN,4.7,8.3,6.4,NaN,NaN,NaN
2012-06-30,5.8,6,NaN,NaN,NaN,7.9,NaN,4.7,NaN,6.4,NaN,NaN,NaN
2012-07-01,5.9,6,NaN,NaN,NaN,8.7,NaN,4.7,NaN,6.4,NaN,NaN,NaN
2012-07-02,5.9,6,NaN,NaN,NaN,8.7,NaN,4.7,NaN,6.4,NaN,NaN,NaN
2012-07-03,5.9,6,NaN,NaN,NaN,8.7,NaN,4.7,NaN,6.4,NaN,NaN,NaN
2012-07-04,5.9,6,NaN,NaN,NaN,8.7,NaN,4.7,NaN,7.6,NaN,NaN,NaN
2012-07-05,5.9,NaN,NaN,NaN,NaN,8.7,NaN,4.7,NaN,7.6,NaN,NaN,NaN
2012-07-06,6,NaN,NaN,NaN,NaN,8.7,NaN,4.7,NaN,7.6,NaN,NaN,NaN
2012-07-07,6,NaN,NaN,NaN,NaN,8.7,NaN,4.7,NaN,7.6,NaN,NaN,NaN
2012-07-08,6,NaN,NaN,NaN,NaN,8.7,NaN,4.7,NaN,7.6,NaN,NaN,NaN
2012-07-09,6,NaN,NaN,NaN,NaN,8.7,NaN,4.7,NaN,7.6,NaN,NaN,NaN
2012-07-10,6,NaN,NaN,NaN,NaN,8.7,NaN,NaN,NaN,7.6,NaN,NaN,NaN
2012-07-11,6,NaN,NaN,NaN,NaN,8.7,NaN,NaN,NaN,7.6,NaN,NaN,NaN
2012-07-12,6,NaN,NaN,NaN,NaN,8.7,NaN,NaN,NaN,7.6,NaN,NaN,NaN
2012-07-13,6,NaN,NaN,NaN,NaN,8.7,NaN,NaN,NaN,7.6,NaN,NaN,NaN
2012-07-14,6,NaN,NaN,NaN,NaN,8.7,NaN,NaN,NaN,7.6,NaN,NaN,NaN
2012-07-15,6,NaN,NaN,NaN,NaN,8.7,NaN,NaN,NaN,7.6,NaN,NaN,NaN
2012-07-16,6,NaN,NaN,NaN,NaN,8.7,NaN,NaN,NaN,7.6,NaN,NaN,NaN
2012-07-17,6,NaN,NaN,NaN,NaN,8.7,NaN,NaN,NaN,7.6,NaN,NaN,NaN
2012-07-18,6,NaN,NaN,NaN,NaN,8.7,NaN,NaN,NaN,7.6,NaN,NaN,NaN
2012-07-19,6,NaN,NaN,NaN,NaN,8.7,NaN,NaN,NaN,7.6,NaN,NaN,NaN
2012-07-20,6,NaN,NaN,NaN,NaN,8.7,NaN,NaN,NaN,7.6,NaN,NaN,NaN
2012-07-21,6,NaN,NaN,NaN,NaN,8.7,NaN,NaN,NaN,7.6,NaN,NaN,NaN
2012-07-22,6,NaN,NaN,NaN,NaN,8.7,NaN,NaN,NaN,7.6,NaN,NaN,NaN
2012-07-23,6,NaN,NaN,NaN,NaN,8.7,NaN,NaN,8.4,7.6,NaN,NaN,NaN
2012-07-24,6,NaN,NaN,NaN,NaN,8.7,NaN,NaN,8.4,7.6,NaN,NaN,NaN
2012-07-25,6,NaN,NaN,NaN,NaN,8.7,NaN,NaN,8.4,7.6,NaN,NaN,NaN
2012-07-26,6,NaN,NaN,NaN,NaN,8.7,NaN,NaN,8.4,7.6,NaN,NaN,NaN
2012-07-27,6,NaN,NaN,NaN,NaN,8.7,NaN,NaN,8.4,7.6,NaN,NaN,NaN
2012-07-28,6,NaN,NaN,NaN,NaN,8.7,NaN,NaN,8.4,7.6,NaN,NaN,NaN
2012-07-29,6.1,NaN,NaN,NaN,NaN,8.7,NaN,NaN,8.4,7.6,NaN,NaN,NaN
2012-07-30,6.1,NaN,NaN,5.9,NaN,NaN,NaN,NaN,8.4,7.6,NaN,NaN,NaN
2012-07-31,6.1,NaN,NaN,5.9,NaN,NaN,NaN,NaN,8.4,7.6,NaN,NaN,NaN
2012-08-01,6.1,NaN,NaN,5.9,NaN,8.8,NaN,NaN,8.4,7.6,NaN,NaN,NaN
2012-08-02,6.1,NaN,NaN,5.9,NaN,8.8,NaN,NaN,8.4,7.6,NaN,NaN,NaN
2012-08-03,6.1,NaN,NaN,5.9,NaN,8.8,NaN,NaN,8.4,7.6,NaN,NaN,NaN
2012-08-04,6.1,NaN,NaN,5.9,NaN,8.8,NaN,NaN,8.4,7.6,NaN,NaN,NaN
2012-08-05,6.2,NaN,NaN,5.9,NaN,8.8,NaN,NaN,8.4,7.6,NaN,NaN,NaN
2012-08-06,6.2,NaN,NaN,5.9,NaN,8.8,NaN,NaN,8.4,7.6,NaN,NaN,NaN
2012-08-07,6.2,NaN,NaN,5.9,NaN,8.8,NaN,NaN,8.4,7.6,NaN,NaN,NaN
2012-08-08,6.2,NaN,NaN,5.9,NaN,8.8,NaN,NaN,8.4,7.3,NaN,NaN,NaN
2012-08-09,6.2,NaN,4.9,5.9,NaN,8.8,NaN,NaN,8.4,7.3,NaN,NaN,NaN
2012-08-10,6.2,NaN,4.9,5.9,NaN,8.8,NaN,NaN,8.4,7.3,NaN,NaN,NaN
2012-08-11,6.2,NaN,4.9,5.9,NaN,8.8,NaN,NaN,8.4,7.3,NaN,NaN,NaN
2012-08-12,6.3,NaN,4.9,5.9,NaN,8.8,NaN,NaN,8.4,7.3,NaN,NaN,NaN
2012-08-13,6.3,NaN,4.9,5.9,NaN,8.8,6.2,NaN,8.4,7.3,NaN,NaN,NaN
2012-08-14,6.3,NaN,4.9,5.9,NaN,8.8,6.2,NaN,8.4,7.3,NaN,NaN,NaN
2012-08-15,6.3,NaN,4.9,5.9,NaN,8.8,6.2,NaN,8.4,7.3,NaN,NaN,NaN
2012-08-16,6.3,NaN,4.9,5.9,NaN,8.8,6.2,NaN,8.4,7.3,NaN,NaN,NaN
2012-08-17,6.3,NaN,4.9,5.9,NaN,8.8,6.2,NaN,8.4,7.3,NaN,NaN,NaN
2012-08-18,6.3,NaN,4.9,5.9,NaN,8.8,6.2,NaN,8.4,7.3,NaN,NaN,NaN
2012-08-19,6.3,NaN,4.9,5.9,NaN,8.8,6.2,NaN,8.4,7.3,NaN,NaN,NaN
2012-08-20,6.3,NaN,4.9,5.9,NaN,8.8,6.2,NaN,8.8,7.3,NaN,NaN,NaN
2012-08-21,6.4,NaN,4.9,5.9,NaN,8.8,6.2,NaN,8.8,7.3,NaN,NaN,NaN
2012-08-22,6.4,NaN,4.9,5.9,NaN,8.8,6.2,NaN,8.8,7.3,NaN,NaN,NaN
2012-08-23,6.4,NaN,4.9,5.9,NaN,8.8,NaN,NaN,8.8,7.3,NaN,NaN,NaN
2012-08-24,6.4,NaN,4.9,5.9,NaN,8.8,NaN,NaN,8.8,7.3,NaN,NaN,NaN
2012-08-25,6.4,NaN,4.9,5.9,NaN,8.8,NaN,NaN,8.8,7.3,NaN,NaN,NaN
2012-08-26,6.4,NaN,4.9,5.9,NaN,8.8,NaN,NaN,8.8,7.3,NaN,NaN,NaN
2012-08-27,6.4,NaN,4.9,6.1,NaN,8.8,NaN,NaN,8.8,7.3,NaN,NaN,NaN
2012-08-28,6.4,6.3,4.9,6.1,NaN,8.8,NaN,NaN,8.8,7.3,NaN,NaN,NaN
2012-08-29,6.5,6.3,NaN,6.1,NaN,8.8,NaN,NaN,8.8,7.3,NaN,NaN,NaN
2012-08-30,6.5,6.3,NaN,6.1,NaN,NaN,NaN,NaN,8.8,7.3,NaN,NaN,NaN
2012-08-31,6.5,6.3,NaN,6.1,NaN,NaN,NaN,NaN,8.8,7.3,NaN,NaN,NaN
2012-09-01,6.5,6.3,NaN,6.1,NaN,9.9,NaN,NaN,8.8,7.3,NaN,NaN,NaN
2012-09-02,6.5,6.3,NaN,6.1,NaN,9.9,NaN,NaN,8.8,7.3,NaN,NaN,NaN
2012-09-03,6.6,6.3,NaN,6.1,NaN,9.9,7.2,6.3,8.8,7.3,NaN,NaN,NaN
2012-09-04,6.6,6.3,NaN,6.1,NaN,9.9,7.2,6.3,8.8,7.3,NaN,NaN,NaN
2012-09-05,6.6,6.3,NaN,6.1,NaN,9.9,7.2,6.3,8.8,9.3,NaN,NaN,NaN
2012-09-06,6.6,NaN,5.8,6.1,NaN,9.9,7.2,6.3,8.8,9.3,NaN,NaN,NaN
2012-09-07,6.7,NaN,5.8,6.1,NaN,9.9,7.2,6.3,8.8,9.3,NaN,NaN,NaN
2012-09-08,6.7,NaN,5.8,6.1,NaN,9.9,7.2,6.3,8.8,9.3,NaN,NaN,NaN
2012-09-09,6.7,NaN,5.8,6.1,NaN,9.9,7.2,6.3,8.8,9.3,NaN,NaN,NaN
2012-09-10,6.7,NaN,5.8,6.1,NaN,9.9,7.2,6.3,8.8,9.3,NaN,NaN,NaN
2012-09-11,6.8,NaN,5.8,6.1,NaN,9.9,7.2,6.3,8.8,9.3,NaN,NaN,NaN
2012-09-12,6.8,NaN,5.8,6.1,NaN,9.9,7.2,6.3,8.8,9.3,NaN,NaN,NaN
2012-09-13,6.8,NaN,5.8,6.1,NaN,9.9,7.2,6.3,8.8,9.3,NaN,NaN,NaN
2012-09-14,6.9,NaN,5.8,6.1,NaN,9.9,NaN,6.3,8.8,9.3,NaN,NaN,NaN
2012-09-15,6.9,NaN,5.8,6.1,NaN,9.9,NaN,6.3,8.8,9.3,NaN,NaN,NaN
2012-09-16,6.9,NaN,5.8,6.1,NaN,9.9,NaN,6.3,8.8,9.3,NaN,NaN,NaN
2012-09-17,7,NaN,5.8,6.1,NaN,9.9,NaN,6.3,9.9,9.3,NaN,NaN,NaN
2012-09-18,7,NaN,5.8,6.1,NaN,9.9,NaN,6.3,9.9,9.3,NaN,NaN,NaN
2012-09-19,7,NaN,5.8,6.1,NaN,9.9,NaN,6.3,9.9,9.3,NaN,NaN,NaN
2012-09-20,7.1,NaN,5.8,6.1,NaN,9.9,NaN,6.3,9.9,9.3,NaN,NaN,NaN
2012-09-21,7.1,NaN,5.8,6.1,NaN,9.9,NaN,6.3,9.9,9.3,NaN,NaN,NaN
2012-09-22,7.1,NaN,5.8,6.1,NaN,9.9,NaN,6.3,9.9,9.3,NaN,NaN,NaN
2012-09-23,7.2,NaN,5.8,6.1,NaN,9.9,NaN,6.3,9.9,9.3,NaN,NaN,NaN
2012-09-24,7.2,NaN,5.8,6.5,NaN,9.9,NaN,6.3,9.9,9.3,NaN,NaN,NaN
2012-09-25,7.3,7.1,5.8,6.5,NaN,9.9,NaN,NaN,9.9,9.3,NaN,NaN,NaN
2012-09-26,7.3,7.1,NaN,6.5,NaN,9.9,NaN,NaN,9.9,9.3,NaN,NaN,NaN
2012-09-27,7.3,7.1,NaN,6.5,NaN,NaN,NaN,NaN,9.9,9.3,NaN,NaN,NaN
2012-09-28,7.4,7.1,NaN,6.5,NaN,NaN,NaN,NaN,9.9,9.3,NaN,NaN,NaN
2012-09-29,7.4,7.1,NaN,6.5,NaN,NaN,NaN,NaN,9.9,9.3,NaN,NaN,NaN
2012-09-30,7.4,7.1,NaN,6.5,NaN,NaN,NaN,NaN,9.9,9.3,NaN,NaN,NaN
2012-10-01,7.4,7.1,NaN,6.5,NaN,10.1,7.7,NaN,9.9,9.3,NaN,NaN,NaN
2012-10-02,7.5,7.1,NaN,6.5,NaN,10.1,7.7,NaN,9.9,9.3,NaN,NaN,NaN
2012-10-03,7.5,7.1,8.5,6.5,NaN,10.1,7.7,NaN,9.9,8.2,NaN,NaN,NaN
2012-10-04,7.5,NaN,8.5,6.5,NaN,10.1,7.7,NaN,9.9,8.2,NaN,NaN,NaN
2012-10-05,7.5,NaN,8.5,6.5,NaN,10.1,7.7,NaN,9.9,8.2,NaN,NaN,NaN
2012-10-06,7.6,NaN,8.5,6.5,NaN,10.1,7.7,NaN,9.9,8.2,NaN,NaN,NaN
2012-10-07,7.6,NaN,8.5,6.5,NaN,10.1,7.7,NaN,9.9,8.2,NaN,NaN,NaN
2012-10-08,7.6,NaN,8.5,6.5,NaN,10.1,7.7,NaN,9.9,8.2,NaN,NaN,NaN
2012-10-09,7.6,NaN,8.5,6.5,NaN,10.1,7.7,NaN,9.9,8.2,NaN,NaN,NaN
2012-10-10,7.6,NaN,8.5,6.5,NaN,10.1,7.7,NaN,9.9,8.2,NaN,NaN,NaN
2012-10-11,7.7,NaN,8.5,6.5,NaN,10.1,7.7,NaN,9.9,8.2,NaN,NaN,NaN
2012-10-12,7.7,NaN,8.5,6.5,NaN,10.1,NaN,NaN,9.9,8.2,NaN,NaN,NaN
2012-10-13,7.7,NaN,8.5,6.5,NaN,10.1,NaN,NaN,9.9,8.2,NaN,NaN,NaN
2012-10-14,7.7,NaN,8.5,6.5,NaN,10.1,NaN,NaN,11.2,8.2,NaN,NaN,NaN
2012-10-15,7.8,NaN,8.5,6.5,NaN,NaN,NaN,NaN,11.2,8.2,NaN,NaN,NaN
2012-10-16,7.8,NaN,8.5,6.5,NaN,NaN,NaN,NaN,11.2,8.2,NaN,NaN,NaN
2012-10-17,7.8,NaN,8.5,6.5,NaN,NaN,NaN,NaN,11.2,8.2,NaN,NaN,NaN
2012-10-18,7.9,NaN,8.5,6.5,NaN,NaN,NaN,NaN,11.2,8.2,NaN,NaN,NaN
2012-10-19,7.9,NaN,8.5,6.5,NaN,NaN,NaN,NaN,11.2,8.2,NaN,NaN,NaN
2012-10-20,7.9,NaN,8.5,6.5,NaN,NaN,NaN,NaN,11.2,8.2,NaN,NaN,NaN
2012-10-21,8,NaN,8.5,6.5,NaN,NaN,NaN,NaN,11.2,8.2,NaN,NaN,NaN
2012-10-22,8,NaN,8.5,NaN,NaN,NaN,NaN,NaN,11.2,8.2,NaN,NaN,NaN
2012-10-23,8,NaN,8.5,NaN,NaN,NaN,NaN,NaN,11.2,8.2,NaN,NaN,NaN
2012-10-24,8.1,NaN,NaN,NaN,NaN,NaN,NaN,NaN,11.2,8.2,NaN,NaN,NaN
2012-10-25,8.1,NaN,NaN,NaN,NaN,NaN,NaN,NaN,11.2,8.2,NaN,NaN,NaN
2012-10-26,8.1,NaN,NaN,NaN,NaN,NaN,NaN,NaN,11.2,8.2,NaN,NaN,NaN
2012-10-27,8.2,NaN,NaN,NaN,NaN,NaN,NaN,NaN,11.2,8.2,NaN,NaN,NaN
2012-10-28,8.2,NaN,NaN,NaN,NaN,NaN,NaN,NaN,11.2,8.2,NaN,NaN,NaN
2012-10-29,8.2,NaN,NaN,NaN,NaN,NaN,NaN,NaN,11.2,8.2,NaN,NaN,NaN
2012-10-30,8.2,9,NaN,NaN,NaN,NaN,NaN,6.4,11.2,8.2,NaN,NaN,NaN
2012-10-31,8.3,9,NaN,NaN,NaN,NaN,NaN,6.4,11.2,8.2,NaN,NaN,NaN
2012-11-01,8.3,9,NaN,NaN,7.9,NaN,NaN,6.4,11.2,8.2,NaN,NaN,NaN
2012-11-02,8.3,9,NaN,NaN,7.9,NaN,NaN,6.4,11.2,8.2,NaN,NaN,NaN
2012-11-03,8.3,9,NaN,NaN,7.9,NaN,NaN,6.4,11.2,8.2,NaN,NaN,NaN
2012-11-04,8.4,9,NaN,NaN,7.9,NaN,NaN,6.4,11.2,8.2,NaN,NaN,NaN
2012-11-05,8.4,9,NaN,NaN,7.9,NaN,8.5,6.4,11.2,8.2,NaN,NaN,NaN
2012-11-06,8.4,9,NaN,NaN,7.9,NaN,8.5,6.4,11.2,8.2,NaN,NaN,NaN
2012-11-07,8.4,9,NaN,NaN,7.9,NaN,8.5,6.4,11.2,10.9,NaN,NaN,NaN
2012-11-08,8.5,NaN,8.8,NaN,7.9,NaN,8.5,6.4,11.2,10.9,NaN,NaN,NaN
2012-11-09,8.5,NaN,8.8,NaN,7.9,NaN,8.5,6.4,11.2,10.9,NaN,NaN,NaN
2012-11-10,8.5,NaN,8.8,NaN,7.9,NaN,8.5,6.4,11.2,10.9,NaN,NaN,NaN
2012-11-11,8.6,NaN,8.8,NaN,7.9,NaN,8.5,6.4,11.2,10.9,NaN,NaN,NaN
2012-11-12,8.6,NaN,8.8,NaN,7.9,NaN,8.5,6.4,9.7,10.9,NaN,NaN,NaN
2012-11-13,8.6,NaN,8.8,NaN,7.9,NaN,8.5,6.4,9.7,10.9,NaN,NaN,NaN
2012-11-14,8.6,NaN,8.8,NaN,7.9,NaN,8.5,6.4,9.7,10.9,NaN,NaN,NaN
2012-11-15,8.6,NaN,8.8,NaN,7.9,12.3,8.5,6.4,9.7,10.9,NaN,NaN,NaN
2012-11-16,8.7,NaN,8.8,NaN,7.9,12.3,NaN,6.4,9.7,10.9,NaN,NaN,NaN
2012-11-17,8.7,NaN,8.8,NaN,7.9,12.3,NaN,6.4,9.7,10.9,NaN,NaN,NaN
2012-11-18,8.7,NaN,8.8,NaN,7.9,12.3,NaN,6.4,9.7,10.9,NaN,NaN,NaN
2012-11-19,8.7,NaN,8.8,NaN,7.9,12.3,NaN,6.4,9.7,10.9,NaN,NaN,NaN
2012-11-20,8.8,NaN,8.8,NaN,7.9,12.3,NaN,6.4,9.7,10.9,NaN,NaN,NaN
2012-11-21,8.8,NaN,8.8,NaN,7.9,12.3,NaN,6.4,9.7,10.9,NaN,NaN,NaN
2012-11-22,8.8,NaN,8.8,8.6,7.9,NaN,NaN,NaN,9.7,10.9,NaN,NaN,NaN
2012-11-23,8.8,NaN,8.8,8.6,7.9,NaN,NaN,NaN,9.7,10.9,NaN,NaN,NaN
2012-11-24,8.9,NaN,8.8,8.6,7.9,NaN,NaN,NaN,9.7,10.9,NaN,NaN,NaN
2012-11-25,8.9,NaN,8.8,8.6,7.9,NaN,NaN,NaN,9.7,10.9,NaN,NaN,NaN
2012-11-26,8.9,NaN,8.8,9,NaN,NaN,NaN,NaN,9.7,10.9,NaN,NaN,NaN
2012-11-27,9,8.6,8.8,9,NaN,NaN,NaN,NaN,9.7,10.9,NaN,NaN,NaN
2012-11-28,9,8.6,NaN,9,NaN,NaN,NaN,NaN,9.7,10.9,NaN,NaN,NaN
2012-11-29,9,8.6,8.2,9,NaN,NaN,NaN,NaN,9.7,10.9,NaN,NaN,NaN
2012-11-30,9,8.6,8.2,9,NaN,NaN,NaN,NaN,9.7,10.9,NaN,NaN,NaN
2012-12-01,9.1,8.6,8.2,9,NaN,NaN,NaN,7.8,9.7,10.9,NaN,NaN,NaN
2012-12-02,9.1,8.6,8.2,9,NaN,NaN,NaN,7.8,9.7,10.9,NaN,NaN,NaN
2012-12-03,9.1,8.6,8.2,9,NaN,NaN,10,7.8,9.7,10.9,NaN,NaN,NaN
2012-12-04,9.1,8.6,8.2,9,NaN,NaN,10,7.8,9.7,10.9,NaN,NaN,NaN
2012-12-05,9.1,8.6,8.2,9,NaN,NaN,10,7.8,9.7,12.5,NaN,NaN,NaN
2012-12-06,9.1,NaN,8.2,9,NaN,11.6,10,7.8,9.7,12.5,NaN,NaN,NaN
2012-12-07,9.1,NaN,8.2,9,NaN,11.6,10,7.8,9.7,12.5,NaN,NaN,NaN
2012-12-08,9.1,NaN,8.2,9,NaN,11.6,10,7.8,9.7,12.5,NaN,NaN,NaN
2012-12-09,9.1,NaN,8.2,9,NaN,11.6,10,7.8,9.7,12.5,NaN,NaN,NaN
2012-12-10,9.1,NaN,8.2,9,NaN,11.6,10,7.8,9.7,12.5,NaN,NaN,NaN
2012-12-11,9.1,NaN,8.2,9,NaN,11.6,10,7.8,9.7,12.5,NaN,NaN,NaN
2012-12-12,9.2,NaN,8.2,9,NaN,11.6,10,7.8,9.7,12.5,NaN,NaN,NaN
2012-12-13,9.2,NaN,8.2,9,NaN,NaN,10,7.8,9.7,12.5,NaN,NaN,NaN
2012-12-14,9.2,NaN,8.2,9,NaN,NaN,NaN,7.8,9.7,12.5,NaN,NaN,NaN
2012-12-15,9.2,NaN,8.2,9,NaN,NaN,NaN,7.8,9.7,12.5,NaN,NaN,NaN
2012-12-16,9.2,NaN,8.2,9,NaN,NaN,NaN,7.8,9.7,12.5,NaN,NaN,NaN
2012-12-17,9.3,NaN,8.2,NaN,NaN,NaN,NaN,7.8,10.1,12.5,NaN,NaN,NaN
2012-12-18,9.3,NaN,8.2,NaN,NaN,NaN,NaN,7.8,10.1,12.5,NaN,NaN,NaN
2012-12-19,9.3,NaN,NaN,NaN,NaN,NaN,NaN,NaN,10.1,12.5,NaN,NaN,NaN
2012-12-20,9.3,NaN,NaN,NaN,NaN,NaN,NaN,NaN,10.1,12.5,NaN,NaN,NaN
2012-12-21,9.3,NaN,NaN,NaN,NaN,NaN,NaN,NaN,10.1,12.5,NaN,NaN,NaN
2012-12-22,9.3,NaN,NaN,NaN,NaN,NaN,NaN,NaN,10.1,12.5,NaN,NaN,NaN
2012-12-23,9.4,NaN,NaN,NaN,NaN,NaN,NaN,NaN,10.1,12.5,NaN,NaN,NaN
2012-12-24,9.4,NaN,NaN,NaN,NaN,NaN,NaN,NaN,10.1,12.5,NaN,NaN,NaN
2012-12-25,9.4,NaN,NaN,NaN,NaN,NaN,NaN,NaN,10.1,12.5,NaN,NaN,NaN
2012-12-26,9.4,NaN,NaN,NaN,NaN,NaN,NaN,NaN,10.1,12.5,NaN,NaN,NaN
2012-12-27,9.4,NaN,NaN,NaN,NaN,NaN,NaN,NaN,10.1,12.5,NaN,NaN,NaN
2012-12-28,9.4,NaN,NaN,NaN,NaN,NaN,NaN,NaN,10.1,12.5,NaN,NaN,NaN
2012-12-29,9.4,NaN,NaN,NaN,NaN,NaN,NaN,NaN,10.1,12.5,NaN,NaN,NaN
2012-12-30,9.5,NaN,NaN,NaN,NaN,NaN,NaN,NaN,10.1,12.5,NaN,NaN,NaN
2012-12-31,9.5,NaN,NaN,NaN,NaN,NaN,NaN,NaN,10.1,12.5,NaN,NaN,NaN
2013-01-01,9.5,NaN,NaN,NaN,NaN,NaN,NaN,NaN,10.1,12.5,NaN,NaN,NaN
2013-01-02,9.5,9.2,NaN,9.4,NaN,NaN,NaN,NaN,10.1,12.5,NaN,NaN,NaN
2013-01-03,9.5,9.2,NaN,9.4,NaN,NaN,NaN,NaN,10.1,12.5,NaN,NaN,NaN
2013-01-04,9.5,9.2,NaN,9.4,NaN,NaN,NaN,NaN,10.1,12.5,NaN,NaN,NaN
2013-01-05,9.5,9.2,NaN,9.4,NaN,NaN,NaN,NaN,10.1,12.5,NaN,NaN,NaN
2013-01-06,9.5,9.2,NaN,9.4,NaN,NaN,NaN,NaN,10.1,12.5,NaN,NaN,NaN
2013-01-07,9.5,9.2,NaN,9.4,NaN,NaN,9.1,NaN,10.1,12.5,NaN,NaN,NaN
2013-01-08,9.5,9.2,NaN,9.4,NaN,NaN,9.1,NaN,10.1,12.5,NaN,NaN,NaN
2013-01-09,9.5,9.2,NaN,9.4,NaN,NaN,9.1,NaN,10.1,11.5,NaN,NaN,NaN
2013-01-10,9.5,9.2,9,9.4,NaN,14,9.1,NaN,10.1,11.5,NaN,NaN,NaN
2013-01-11,9.5,NaN,9,9.4,NaN,14,9.1,NaN,10.1,11.5,NaN,NaN,NaN
2013-01-12,9.5,NaN,9,9.4,NaN,14,9.1,NaN,10.1,11.5,NaN,NaN,NaN
2013-01-13,9.5,NaN,9,9.4,NaN,14,9.1,NaN,10.1,11.5,NaN,NaN,NaN
2013-01-14,9.5,NaN,9,9.4,NaN,14,9.1,NaN,10.1,11.5,NaN,NaN,NaN
2013-01-15,9.5,NaN,9,9.4,NaN,14,9.1,NaN,10.1,11.5,NaN,NaN,NaN
2013-01-16,9.5,NaN,9,9.4,NaN,14,9.1,NaN,10.1,11.5,NaN,NaN,NaN
2013-01-17,9.5,NaN,9,9.4,NaN,NaN,9.1,NaN,10.1,11.5,NaN,NaN,NaN
2013-01-18,9.5,NaN,9,9.4,NaN,NaN,NaN,NaN,10.1,11.5,NaN,NaN,NaN
2013-01-19,9.6,NaN,9,9.4,NaN,NaN,NaN,NaN,10.1,11.5,NaN,NaN,NaN
2013-01-20,9.6,NaN,9,9.4,NaN,NaN,NaN,NaN,10.1,11.5,NaN,NaN,NaN
2013-01-21,9.6,NaN,9,9.4,NaN,NaN,NaN,NaN,11.1,11.5,NaN,NaN,NaN
2013-01-22,9.6,NaN,9,9.4,NaN,NaN,NaN,NaN,11.1,11.5,NaN,NaN,NaN
2013-01-23,9.6,NaN,9,9.4,NaN,NaN,NaN,NaN,11.1,11.5,NaN,NaN,NaN
2013-01-24,9.6,NaN,9,9.4,NaN,NaN,NaN,NaN,11.1,11.5,NaN,NaN,NaN
2013-01-25,9.7,NaN,9,9.4,NaN,NaN,NaN,NaN,11.1,11.5,NaN,NaN,NaN
2013-01-26,9.7,NaN,9,9.4,NaN,NaN,NaN,NaN,11.1,11.5,NaN,NaN,NaN
2013-01-27,9.7,NaN,9,9.4,NaN,NaN,NaN,NaN,11.1,11.5,NaN,NaN,NaN
2013-01-28,9.7,NaN,9,10.2,NaN,NaN,NaN,NaN,11.1,11.5,NaN,NaN,NaN
2013-01-29,9.7,9.6,9,10.2,NaN,NaN,NaN,NaN,11.1,11.5,NaN,NaN,NaN
2013-01-30,9.7,9.6,NaN,10.2,NaN,NaN,NaN,NaN,11.1,11.5,NaN,NaN,NaN
2013-01-31,9.7,9.6,NaN,10.2,NaN,NaN,NaN,NaN,11.1,11.5,NaN,NaN,NaN
2013-02-01,9.7,9.6,NaN,10.2,NaN,NaN,NaN,NaN,11.1,11.5,NaN,NaN,NaN
2013-02-02,9.7,9.6,NaN,10.2,NaN,NaN,NaN,NaN,11.1,11.5,NaN,NaN,NaN
2013-02-03,9.7,9.6,NaN,10.2,NaN,NaN,NaN,NaN,11.1,11.5,NaN,NaN,NaN
2013-02-04,9.7,9.6,NaN,10.2,NaN,NaN,8.5,NaN,11.1,11.5,NaN,NaN,NaN
2013-02-05,9.7,9.6,NaN,10.2,NaN,13.1,8.5,NaN,11.1,11.5,NaN,NaN,NaN
2013-02-06,9.7,9.6,NaN,10.2,NaN,13.1,8.5,NaN,11.1,12.6,NaN,NaN,NaN
2013-02-07,9.7,NaN,10.2,10.2,NaN,13.1,8.5,NaN,11.1,12.6,NaN,NaN,NaN
2013-02-08,9.7,NaN,10.2,10.2,NaN,13.1,8.5,NaN,11.1,12.6,NaN,NaN,NaN
2013-02-09,9.7,NaN,10.2,10.2,NaN,13.1,8.5,NaN,11.1,12.6,NaN,NaN,NaN
2013-02-10,9.7,NaN,10.2,10.2,NaN,13.1,8.5,NaN,11.1,12.6,NaN,NaN,NaN
2013-02-11,9.7,NaN,10.2,10.2,NaN,13.1,8.5,NaN,11.1,12.6,NaN,NaN,NaN
2013-02-12,9.7,NaN,10.2,10.2,NaN,13.1,8.5,NaN,11.1,12.6,NaN,NaN,NaN
2013-02-13,9.7,NaN,10.2,10.2,NaN,NaN,8.5,NaN,11.1,12.6,NaN,NaN,NaN
2013-02-14,9.7,NaN,10.2,10.2,NaN,NaN,8.5,NaN,11.1,12.6,NaN,NaN,NaN
2013-02-15,9.7,NaN,10.2,10.2,NaN,NaN,NaN,NaN,11.1,12.6,NaN,NaN,NaN
2013-02-16,9.7,NaN,10.2,10.2,NaN,NaN,NaN,NaN,11.1,12.6,NaN,NaN,NaN
2013-02-17,9.7,NaN,10.2,10.2,NaN,NaN,NaN,NaN,10.3,12.6,NaN,NaN,NaN
2013-02-18,9.6,NaN,10.2,10.2,NaN,NaN,NaN,NaN,10.3,12.6,NaN,NaN,NaN
2013-02-19,9.6,NaN,10.2,10.2,NaN,NaN,NaN,7.3,10.3,12.6,NaN,NaN,NaN
2013-02-20,9.6,NaN,10.2,10.2,NaN,NaN,NaN,7.3,10.3,12.6,NaN,NaN,NaN
2013-02-21,9.6,NaN,10.2,10.2,NaN,NaN,NaN,7.3,10.3,12.6,NaN,NaN,NaN
2013-02-22,9.6,NaN,10.2,10.2,NaN,NaN,NaN,7.3,10.3,12.6,NaN,NaN,NaN
2013-02-23,9.6,NaN,10.2,10.2,NaN,NaN,NaN,7.3,10.3,12.6,NaN,NaN,NaN
2013-02-24,9.6,NaN,10.2,10.2,NaN,NaN,NaN,7.3,10.3,12.6,NaN,NaN,NaN
2013-02-25,9.5,NaN,10.2,9.1,NaN,NaN,NaN,7.3,10.3,12.6,NaN,NaN,NaN
2013-02-26,9.5,11,10.2,9.1,NaN,NaN,NaN,7.3,10.3,12.6,NaN,NaN,NaN
2013-02-27,9.5,11,NaN,9.1,NaN,NaN,NaN,7.3,10.3,12.6,NaN,NaN,NaN
2013-02-28,9.5,11,NaN,9.1,NaN,NaN,NaN,7.3,10.3,12.6,NaN,NaN,NaN
2013-03-01,9.5,11,NaN,9.1,NaN,12.3,NaN,7.3,10.3,12.6,NaN,NaN,NaN
2013-03-02,9.5,11,NaN,9.1,NaN,12.3,NaN,7.3,10.3,12.6,NaN,NaN,NaN
2013-03-03,9.4,11,NaN,9.1,NaN,12.3,NaN,7.3,10.3,12.6,NaN,NaN,NaN
2013-03-04,9.4,11,NaN,9.1,NaN,12.3,9,7.3,10.3,12.6,NaN,NaN,NaN
2013-03-05,9.4,11,NaN,9.1,NaN,12.3,9,7.3,10.3,12.6,NaN,NaN,NaN
2013-03-06,9.4,11,NaN,9.1,NaN,12.3,9,7.3,10.3,10.8,NaN,NaN,NaN
2013-03-07,9.4,NaN,8,9.1,NaN,12.3,9,NaN,10.3,10.8,NaN,NaN,NaN
2013-03-08,9.4,NaN,8,9.1,NaN,12.3,9,NaN,10.3,10.8,NaN,NaN,NaN
2013-03-09,9.3,NaN,8,9.1,NaN,12.3,9,NaN,10.3,10.8,NaN,NaN,NaN
2013-03-10,9.3,NaN,8,9.1,NaN,12.3,9,NaN,10.3,10.8,NaN,NaN,NaN
2013-03-11,9.3,NaN,8,9.1,NaN,12.3,9,NaN,10.3,10.8,NaN,NaN,NaN
2013-03-12,9.3,NaN,8,9.1,NaN,12.3,9,NaN,10.3,10.8,NaN,NaN,NaN
2013-03-13,9.3,NaN,8,9.1,NaN,12.3,9,NaN,10.3,10.8,NaN,NaN,NaN
2013-03-14,9.2,NaN,8,9.1,NaN,12.3,9,NaN,10.3,10.8,NaN,NaN,NaN
2013-03-15,9.2,NaN,8,9.1,NaN,12.3,NaN,NaN,10.3,10.8,NaN,NaN,NaN
2013-03-16,9.2,NaN,8,9.1,NaN,12.3,NaN,NaN,10.3,10.8,NaN,NaN,NaN
2013-03-17,9.1,NaN,8,9.1,NaN,12.3,NaN,NaN,10.3,10.8,NaN,NaN,NaN
2013-03-18,9.1,NaN,8,9.1,NaN,12.3,NaN,NaN,10.1,10.8,NaN,NaN,NaN
2013-03-19,9,NaN,8,9.1,NaN,12.3,NaN,NaN,10.1,10.8,NaN,NaN,NaN
2013-03-20,9,NaN,8,9.1,NaN,12.3,NaN,NaN,10.1,10.8,NaN,NaN,NaN
2013-03-21,9,NaN,8,9.1,NaN,12.3,NaN,NaN,10.1,10.8,NaN,NaN,NaN
2013-03-22,8.9,NaN,8,9.1,NaN,12.3,NaN,NaN,10.1,10.8,NaN,NaN,NaN
2013-03-23,8.9,NaN,8,9.1,NaN,12.3,NaN,NaN,10.1,10.8,NaN,NaN,NaN
2013-03-24,8.9,NaN,8,9.1,NaN,12.3,NaN,NaN,10.1,10.8,NaN,NaN,NaN
2013-03-25,8.8,NaN,8,8.9,NaN,12.3,NaN,NaN,10.1,10.8,NaN,NaN,NaN
2013-03-26,8.8,9.2,8,8.9,NaN,12.3,NaN,7.4,10.1,10.8,NaN,NaN,NaN
2013-03-27,8.8,9.2,NaN,8.9,NaN,12.3,NaN,7.4,10.1,10.8,NaN,NaN,NaN
2013-03-28,8.8,9.2,NaN,8.9,NaN,12.3,NaN,7.4,10.1,10.8,NaN,NaN,NaN
2013-03-29,8.7,9.2,NaN,8.9,NaN,12.3,NaN,7.4,10.1,10.8,NaN,NaN,NaN
2013-03-30,8.7,9.2,NaN,8.9,NaN,12.3,NaN,7.4,10.1,10.8,NaN,NaN,NaN
2013-03-31,8.7,9.2,NaN,8.9,NaN,12.3,NaN,7.4,10.1,10.8,NaN,NaN,NaN
2013-04-01,8.7,9.2,NaN,8.9,NaN,NaN,NaN,7.4,10.1,10.8,NaN,NaN,NaN
2013-04-02,8.7,9.2,NaN,8.9,NaN,NaN,8,7.4,10.1,10.8,NaN,NaN,NaN
2013-04-03,8.7,9.2,NaN,8.9,NaN,NaN,8,7.4,10.1,10.9,NaN,NaN,NaN
2013-04-04,8.7,NaN,6.7,8.9,NaN,NaN,8,7.4,10.1,10.9,NaN,NaN,NaN
2013-04-05,8.7,NaN,6.7,8.9,NaN,NaN,8,7.4,10.1,10.9,NaN,NaN,NaN
2013-04-06,8.7,NaN,6.7,8.9,NaN,NaN,8,7.4,10.1,10.9,NaN,NaN,NaN
2013-04-07,8.7,NaN,6.7,8.9,NaN,NaN,8,7.4,10.1,10.9,NaN,NaN,NaN
2013-04-08,8.7,NaN,6.7,8.9,NaN,NaN,8,7.4,10.1,10.9,NaN,NaN,NaN
2013-04-09,8.7,NaN,6.7,8.9,NaN,NaN,8,7.4,10.1,10.9,NaN,NaN,NaN
2013-04-10,8.6,NaN,6.7,8.9,NaN,11.5,8,7.4,10.1,10.9,NaN,NaN,NaN
2013-04-11,8.6,NaN,6.7,8.9,NaN,11.5,8,7.4,10.1,10.9,NaN,NaN,NaN
2013-04-12,8.6,NaN,6.7,8.9,NaN,11.5,NaN,NaN,10.1,10.9,NaN,NaN,NaN
2013-04-13,8.6,NaN,6.7,8.9,NaN,11.5,NaN,NaN,10.1,10.9,NaN,NaN,NaN
2013-04-14,8.6,NaN,6.7,8.9,NaN,11.5,NaN,NaN,10.1,10.9,NaN,NaN,NaN
2013-04-15,8.5,NaN,6.7,8.9,NaN,11.5,NaN,NaN,10.1,10.9,NaN,NaN,NaN
2013-04-16,8.5,NaN,6.7,8.9,NaN,11.5,NaN,NaN,10.1,10.9,NaN,NaN,NaN
2013-04-17,8.5,NaN,6.7,8.9,NaN,11.5,NaN,NaN,10.1,10.9,NaN,NaN,NaN
2013-04-18,8.5,NaN,6.7,8.9,NaN,NaN,NaN,NaN,10.1,10.9,NaN,NaN,NaN
2013-04-19,8.5,NaN,6.7,8.9,NaN,NaN,NaN,NaN,10.1,10.9,NaN,NaN,NaN
2013-04-20,8.5,NaN,6.7,8.9,NaN,NaN,NaN,NaN,10.1,10.9,NaN,NaN,NaN
2013-04-21,8.5,NaN,6.7,8.9,NaN,NaN,NaN,NaN,10.1,10.9,NaN,NaN,NaN
2013-04-22,8.5,NaN,6.7,NaN,NaN,NaN,NaN,NaN,11,10.9,NaN,NaN,NaN
2013-04-23,8.5,NaN,6.7,NaN,NaN,NaN,NaN,NaN,11,10.9,NaN,NaN,NaN
2013-04-24,8.5,NaN,NaN,NaN,NaN,NaN,NaN,NaN,11,10.9,NaN,NaN,NaN
2013-04-25,8.5,NaN,NaN,NaN,NaN,NaN,NaN,NaN,11,10.9,NaN,NaN,NaN
2013-04-26,8.5,NaN,NaN,NaN,NaN,NaN,NaN,NaN,11,10.9,NaN,NaN,NaN
2013-04-27,8.5,NaN,NaN,NaN,NaN,NaN,NaN,NaN,11,10.9,NaN,NaN,NaN
2013-04-28,8.4,NaN,NaN,NaN,NaN,NaN,NaN,NaN,11,10.9,NaN,NaN,NaN
2013-04-29,8.4,9.9,NaN,9.2,NaN,NaN,NaN,6.6,11,10.9,NaN,NaN,NaN
2013-04-30,8.4,9.9,NaN,9.2,NaN,NaN,NaN,6.6,11,10.9,NaN,NaN,NaN
2013-05-01,8.4,9.9,NaN,9.2,NaN,NaN,NaN,6.6,11,10.9,NaN,NaN,NaN
2013-05-02,8.4,9.9,NaN,9.2,7.7,13.6,NaN,6.6,11,10.9,NaN,NaN,NaN
2013-05-03,8.4,9.9,NaN,9.2,7.7,13.6,NaN,6.6,11,10.9,NaN,NaN,NaN
2013-05-04,8.4,9.9,NaN,9.2,7.7,13.6,NaN,6.6,11,10.9,NaN,NaN,NaN
2013-05-05,8.4,9.9,NaN,9.2,7.7,13.6,NaN,6.6,11,10.9,NaN,NaN,NaN
2013-05-06,8.4,9.9,NaN,9.2,7.7,13.6,6.6,6.6,11,10.9,NaN,NaN,NaN
2013-05-07,8.4,9.9,NaN,9.2,7.7,13.6,6.6,6.6,11,10.9,NaN,NaN,NaN
2013-05-08,8.4,NaN,NaN,9.2,7.7,13.6,6.6,6.6,11,11.5,NaN,NaN,NaN
2013-05-09,8.4,NaN,NaN,9.2,7.7,13.6,6.6,6.6,11,11.5,NaN,NaN,NaN
2013-05-10,8.4,NaN,NaN,9.2,7.7,NaN,6.6,6.6,11,11.5,NaN,NaN,NaN
2013-05-11,8.4,NaN,NaN,9.2,7.7,NaN,6.6,6.6,11,11.5,NaN,NaN,NaN
2013-05-12,8.4,NaN,NaN,9.2,7.7,NaN,6.6,6.6,11,11.5,NaN,NaN,NaN
2013-05-13,8.5,NaN,7,9.2,7.7,NaN,6.6,6.6,11,11.5,NaN,NaN,NaN
2013-05-14,8.5,NaN,7,9.2,7.7,NaN,6.6,6.6,11,11.5,NaN,NaN,NaN
2013-05-15,8.5,NaN,7,9.2,7.7,NaN,6.6,6.6,11,11.5,NaN,NaN,NaN
2013-05-16,8.5,NaN,7,9.2,7.7,NaN,6.6,6.6,11,11.5,NaN,NaN,NaN
2013-05-17,8.5,NaN,7,9.2,7.7,NaN,NaN,NaN,11,11.5,NaN,NaN,NaN
2013-05-18,8.5,NaN,7,9.2,7.7,NaN,NaN,NaN,11,11.5,NaN,NaN,NaN
2013-05-19,8.5,NaN,7,9.2,7.7,NaN,NaN,NaN,11,11.5,NaN,NaN,NaN
2013-05-20,8.5,NaN,7,9.2,7.7,NaN,NaN,NaN,10.7,11.5,NaN,NaN,NaN
2013-05-21,8.5,NaN,7,9.2,7.7,NaN,NaN,NaN,10.7,11.5,NaN,NaN,NaN
2013-05-22,8.5,NaN,7,9.2,7.7,NaN,NaN,NaN,10.7,11.5,NaN,NaN,NaN
2013-05-23,8.5,NaN,7,9.2,7.7,NaN,NaN,NaN,10.7,11.5,NaN,NaN,NaN
2013-05-24,8.5,NaN,7,9.2,7.7,NaN,NaN,NaN,10.7,11.5,NaN,NaN,NaN
2013-05-25,8.5,NaN,7,9.2,7.7,NaN,NaN,NaN,10.7,11.5,NaN,NaN,NaN
2013-05-26,8.5,NaN,7,9.2,7.7,NaN,NaN,NaN,10.7,11.5,NaN,NaN,NaN
2013-05-27,8.6,NaN,7,9,7.7,NaN,NaN,NaN,10.7,11.5,NaN,NaN,NaN
2013-05-28,8.6,9.6,7,9,NaN,NaN,NaN,NaN,10.7,11.5,NaN,NaN,NaN
2013-05-29,8.6,9.6,NaN,9,NaN,NaN,NaN,NaN,10.7,11.5,NaN,NaN,NaN
2013-05-30,8.6,9.6,NaN,9,NaN,NaN,NaN,NaN,10.7,11.5,NaN,NaN,NaN
2013-05-31,8.6,9.6,NaN,9,NaN,NaN,NaN,NaN,10.7,11.5,NaN,NaN,NaN
2013-06-01,8.7,9.6,NaN,9,NaN,NaN,NaN,NaN,10.7,11.5,NaN,NaN,NaN
2013-06-02,8.7,9.6,NaN,9,NaN,NaN,NaN,NaN,10.7,11.5,NaN,NaN,NaN
2013-06-03,8.7,9.6,NaN,9,NaN,NaN,7.6,NaN,10.7,11.5,NaN,NaN,NaN
2013-06-04,8.7,9.6,NaN,9,NaN,NaN,7.6,NaN,10.7,11.5,NaN,NaN,NaN
2013-06-05,8.7,9.6,NaN,9,NaN,NaN,7.6,NaN,10.7,11.2,NaN,NaN,NaN
2013-06-06,8.7,NaN,NaN,9,NaN,NaN,7.6,NaN,10.7,11.2,NaN,NaN,NaN
2013-06-07,8.8,NaN,NaN,9,NaN,NaN,7.6,NaN,10.7,11.2,NaN,NaN,NaN
2013-06-08,8.8,NaN,NaN,9,NaN,NaN,7.6,NaN,10.7,11.2,NaN,NaN,NaN
2013-06-09,8.8,NaN,NaN,9,NaN,NaN,7.6,NaN,10.7,11.2,NaN,NaN,NaN
2013-06-10,8.8,NaN,7.3,9,NaN,NaN,7.6,NaN,10.7,11.2,NaN,NaN,NaN
2013-06-11,8.8,NaN,7.3,9,NaN,NaN,7.6,NaN,10.7,11.2,NaN,NaN,NaN
2013-06-12,8.8,NaN,7.3,9,NaN,NaN,7.6,NaN,10.7,11.2,NaN,NaN,NaN
2013-06-13,8.8,NaN,7.3,9,NaN,13.6,7.6,NaN,10.7,11.2,NaN,NaN,NaN
2013-06-14,8.8,NaN,7.3,9,NaN,13.6,NaN,NaN,10.7,11.2,NaN,NaN,NaN
2013-06-15,8.8,NaN,7.3,9,NaN,13.6,NaN,NaN,10.7,11.2,NaN,NaN,NaN
2013-06-16,8.9,NaN,7.3,9,NaN,13.6,NaN,NaN,10.7,11.2,NaN,NaN,NaN
2013-06-17,8.9,NaN,7.3,9,NaN,13.6,NaN,NaN,NaN,11.2,NaN,NaN,NaN
2013-06-18,8.9,NaN,7.3,9,NaN,13.6,NaN,NaN,NaN,11.2,NaN,NaN,NaN
2013-06-19,8.9,NaN,7.3,9,NaN,13.6,NaN,NaN,NaN,11.2,NaN,NaN,NaN
2013-06-20,8.9,NaN,7.3,9,NaN,13.6,NaN,NaN,NaN,11.2,NaN,NaN,NaN
2013-06-21,8.9,NaN,7.3,9,NaN,NaN,NaN,NaN,NaN,11.2,NaN,NaN,NaN
2013-06-22,8.9,NaN,7.3,9,NaN,NaN,NaN,NaN,NaN,11.2,NaN,NaN,NaN
2013-06-23,8.9,NaN,7.3,9,NaN,NaN,NaN,NaN,NaN,11.2,NaN,NaN,NaN
2013-06-24,8.9,NaN,7.3,NaN,NaN,NaN,NaN,NaN,NaN,11.2,NaN,NaN,NaN
2013-06-25,8.9,11.6,7.3,NaN,NaN,NaN,NaN,NaN,NaN,11.2,NaN,NaN,NaN
2013-06-26,8.9,11.6,NaN,NaN,NaN,NaN,NaN,NaN,NaN,11.2,NaN,NaN,NaN
2013-06-27,8.9,11.6,NaN,NaN,NaN,NaN,NaN,NaN,NaN,11.2,NaN,NaN,NaN
2013-06-28,8.9,11.6,NaN,NaN,NaN,NaN,NaN,NaN,NaN,11.2,NaN,NaN,NaN
2013-06-29,8.9,11.6,NaN,NaN,NaN,NaN,NaN,NaN,NaN,11.2,NaN,NaN,NaN
2013-06-30,8.9,11.6,NaN,NaN,NaN,NaN,NaN,NaN,NaN,11.2,NaN,NaN,NaN
2013-07-01,8.9,11.6,NaN,NaN,NaN,NaN,NaN,NaN,NaN,11.2,NaN,NaN,NaN
2013-07-02,8.9,11.6,NaN,NaN,NaN,NaN,NaN,NaN,NaN,11.2,NaN,NaN,NaN
2013-07-03,8.9,11.6,NaN,NaN,NaN,NaN,NaN,NaN,NaN,9.9,NaN,NaN,NaN
2013-07-04,9,NaN,NaN,NaN,NaN,12.8,NaN,NaN,NaN,9.9,NaN,NaN,NaN
2013-07-05,9,NaN,NaN,NaN,NaN,12.8,NaN,NaN,NaN,9.9,NaN,NaN,NaN
2013-07-06,9,NaN,NaN,NaN,NaN,12.8,NaN,NaN,NaN,9.9,NaN,NaN,NaN
2013-07-07,9,NaN,NaN,NaN,NaN,12.8,NaN,NaN,NaN,9.9,NaN,NaN,NaN
2013-07-08,8.9,NaN,NaN,9,NaN,12.8,NaN,NaN,NaN,9.9,NaN,NaN,NaN
2013-07-09,8.9,NaN,NaN,9,NaN,12.8,NaN,NaN,NaN,9.9,NaN,NaN,NaN
2013-07-10,8.9,NaN,NaN,9,NaN,12.8,NaN,NaN,NaN,9.9,NaN,NaN,NaN
2013-07-11,8.9,NaN,NaN,9,NaN,12.8,NaN,NaN,NaN,9.9,NaN,NaN,NaN
2013-07-12,8.9,NaN,NaN,9,NaN,NaN,NaN,NaN,NaN,9.9,NaN,NaN,NaN
2013-07-13,9.1,NaN,NaN,9,NaN,NaN,NaN,NaN,NaN,9.9,NaN,NaN,NaN
2013-07-14,9.1,NaN,NaN,9,NaN,NaN,NaN,NaN,NaN,9.9,NaN,NaN,NaN
2013-07-15,9.1,NaN,NaN,9,NaN,NaN,NaN,NaN,NaN,9.9,NaN,NaN,NaN
2013-07-16,9.1,NaN,NaN,9,NaN,NaN,NaN,NaN,NaN,9.9,NaN,NaN,NaN
2013-07-17,9.1,NaN,NaN,9,NaN,NaN,NaN,NaN,NaN,9.9,NaN,NaN,NaN
2013-07-18,9.1,NaN,NaN,9,NaN,NaN,NaN,NaN,NaN,9.9,NaN,NaN,NaN
2013-07-19,9.1,NaN,NaN,9,NaN,NaN,NaN,NaN,NaN,9.9,NaN,NaN,NaN
2013-07-20,9.1,NaN,NaN,9,NaN,NaN,NaN,NaN,NaN,9.9,NaN,NaN,NaN
2013-07-21,9.1,NaN,NaN,9,NaN,NaN,NaN,NaN,NaN,9.9,NaN,NaN,NaN
2013-07-22,9.1,NaN,NaN,9,NaN,NaN,NaN,NaN,11.3,9.9,NaN,NaN,NaN
2013-07-23,9.2,NaN,NaN,9,NaN,NaN,NaN,NaN,11.3,9.9,NaN,NaN,NaN
2013-07-24,9.2,NaN,NaN,9,NaN,NaN,NaN,NaN,11.3,9.9,NaN,NaN,NaN
2013-07-25,9.2,NaN,NaN,9,NaN,NaN,NaN,NaN,11.3,9.9,NaN,NaN,NaN
2013-07-26,9.2,NaN,NaN,9,NaN,NaN,NaN,NaN,11.3,9.9,NaN,NaN,NaN
2013-07-27,9.2,NaN,NaN,9,NaN,NaN,NaN,NaN,11.3,9.9,NaN,NaN,NaN
2013-07-28,9.2,NaN,NaN,9,NaN,NaN,NaN,NaN,11.3,9.9,NaN,NaN,NaN
2013-07-29,9.3,NaN,NaN,9,NaN,NaN,NaN,NaN,11.3,9.9,NaN,NaN,NaN
2013-07-30,9.3,NaN,NaN,9,NaN,NaN,NaN,NaN,11.3,9.9,NaN,NaN,NaN
2013-07-31,9.3,NaN,NaN,9,NaN,NaN,NaN,NaN,11.3,9.9,NaN,NaN,NaN
2013-08-01,9.3,NaN,NaN,9,NaN,NaN,NaN,NaN,11.3,9.9,NaN,NaN,NaN
2013-08-02,9.3,NaN,NaN,9,NaN,NaN,NaN,NaN,11.3,9.9,NaN,NaN,NaN
2013-08-03,9.3,NaN,NaN,9,NaN,NaN,NaN,NaN,11.3,9.9,NaN,NaN,NaN
2013-08-04,9.4,NaN,NaN,9,NaN,NaN,NaN,NaN,11.3,9.9,NaN,NaN,NaN
2013-08-05,9.1,NaN,NaN,8.5,NaN,NaN,NaN,NaN,11.3,9.9,NaN,NaN,NaN
2013-08-06,9.2,NaN,NaN,8.5,NaN,NaN,NaN,NaN,11.3,9.9,NaN,NaN,NaN
2013-08-07,9.2,NaN,NaN,8.5,NaN,NaN,NaN,NaN,11.3,11.4,NaN,NaN,NaN
2013-08-08,9.2,NaN,8.4,8.5,NaN,NaN,NaN,NaN,11.3,11.4,NaN,NaN,NaN
2013-08-09,9.2,NaN,8.4,8.5,NaN,NaN,NaN,NaN,11.3,11.4,NaN,NaN,NaN
2013-08-10,9.4,NaN,8.4,8.5,NaN,NaN,NaN,NaN,11.3,11.4,NaN,NaN,NaN
2013-08-11,9.4,NaN,8.4,8.5,NaN,NaN,NaN,NaN,11.3,11.4,NaN,NaN,NaN
2013-08-12,9.4,NaN,8.4,8.5,NaN,NaN,9.9,NaN,11.3,11.4,NaN,NaN,NaN
2013-08-13,9.4,NaN,8.4,8.5,NaN,NaN,9.9,NaN,11.3,11.4,NaN,NaN,NaN
2013-08-14,9.3,NaN,8.4,8.5,NaN,NaN,9.9,NaN,11.3,11.4,NaN,NaN,NaN
2013-08-15,9.4,NaN,8.4,8.5,NaN,14.6,9.9,NaN,11.3,11.4,NaN,NaN,NaN
2013-08-16,9.4,NaN,8.4,8.5,NaN,14.6,9.9,NaN,12.1,11.4,NaN,NaN,NaN
2013-08-17,9.4,NaN,8.4,8.5,NaN,14.6,9.9,NaN,12.1,11.4,NaN,NaN,NaN
2013-08-18,9.4,NaN,8.4,8.5,NaN,14.6,9.9,NaN,12.1,11.4,NaN,NaN,NaN
2013-08-19,9.4,NaN,8.4,8.5,NaN,14.6,9.9,NaN,12.1,11.4,NaN,NaN,NaN
2013-08-20,9.5,NaN,8.4,8.5,NaN,14.6,9.9,NaN,12.1,11.4,NaN,NaN,NaN
2013-08-21,9.5,NaN,8.4,8.5,NaN,14.6,9.9,NaN,12.1,11.4,NaN,NaN,NaN
2013-08-22,9.5,NaN,8.4,8.5,NaN,14.6,9.9,NaN,12.1,11.4,NaN,NaN,NaN
2013-08-23,9.5,NaN,8.4,8.5,NaN,NaN,NaN,NaN,12.1,11.4,NaN,NaN,NaN
2013-08-24,9.6,NaN,8.4,8.5,NaN,NaN,NaN,NaN,12.1,11.4,NaN,NaN,NaN
2013-08-25,9.6,NaN,8.4,8.5,NaN,NaN,NaN,NaN,12.1,11.4,NaN,NaN,NaN
2013-08-26,9.6,NaN,8.4,8.5,NaN,NaN,NaN,NaN,12.1,11.4,NaN,NaN,NaN
2013-08-27,9.6,10.1,8.4,8.5,NaN,NaN,NaN,NaN,12.1,11.4,NaN,NaN,NaN
2013-08-28,9.6,10.1,NaN,8.5,NaN,NaN,NaN,NaN,12.1,11.4,NaN,NaN,NaN
2013-08-29,9.6,10.1,NaN,8.5,NaN,NaN,NaN,NaN,12.1,11.4,NaN,NaN,NaN
2013-08-30,9.6,10.1,NaN,8.5,NaN,NaN,NaN,NaN,12.1,11.4,NaN,NaN,NaN
2013-08-31,9.6,10.1,NaN,8.5,NaN,NaN,NaN,NaN,12.1,11.4,NaN,NaN,NaN
2013-09-01,9.7,10.1,NaN,8.5,NaN,NaN,NaN,NaN,12.1,11.4,NaN,NaN,NaN
2013-09-02,9.7,10.1,NaN,10,NaN,NaN,9.4,NaN,12.1,11.4,NaN,NaN,NaN
2013-09-03,9.7,10.1,NaN,10,NaN,NaN,9.4,NaN,12.1,11.4,NaN,NaN,NaN
2013-09-04,9.7,NaN,NaN,10,NaN,NaN,9.4,NaN,12.1,12.9,NaN,NaN,NaN
2013-09-05,9.7,NaN,8.5,10,NaN,NaN,9.4,NaN,12.1,12.9,NaN,NaN,NaN
2013-09-06,9.7,NaN,8.5,10,NaN,NaN,9.4,NaN,12.1,12.9,NaN,NaN,NaN
2013-09-07,9.7,NaN,8.5,10,NaN,NaN,9.4,NaN,12.1,12.9,NaN,NaN,NaN
2013-09-08,9.7,NaN,8.5,10,NaN,NaN,9.4,NaN,12.1,12.9,NaN,NaN,NaN
2013-09-09,9.8,NaN,8.5,10,NaN,NaN,9.4,NaN,12.1,12.9,NaN,NaN,NaN
2013-09-10,9.8,NaN,8.5,10,NaN,NaN,9.4,NaN,12.1,12.9,NaN,NaN,NaN
2013-09-11,9.8,NaN,8.5,10,NaN,NaN,9.4,NaN,12.1,12.9,NaN,NaN,NaN
2013-09-12,9.8,NaN,8.5,10,NaN,NaN,9.4,NaN,12.1,12.9,NaN,NaN,NaN
2013-09-13,9.8,NaN,8.5,10,NaN,NaN,NaN,NaN,12.1,12.9,NaN,NaN,NaN
2013-09-14,9.8,NaN,8.5,10,NaN,NaN,NaN,NaN,12.1,12.9,NaN,NaN,NaN
2013-09-15,9.8,NaN,8.5,10,NaN,NaN,NaN,NaN,12.1,12.9,NaN,NaN,NaN
2013-09-16,9.8,NaN,8.5,10,NaN,NaN,NaN,NaN,11.1,12.9,NaN,NaN,NaN
2013-09-17,9.8,NaN,8.5,10,NaN,NaN,NaN,NaN,11.1,12.9,NaN,NaN,NaN
2013-09-18,9.8,NaN,8.5,10,NaN,NaN,NaN,NaN,11.1,12.9,NaN,NaN,NaN
2013-09-19,9.8,NaN,8.5,10,NaN,NaN,NaN,NaN,11.1,12.9,NaN,NaN,NaN
2013-09-20,9.8,NaN,8.5,10,NaN,NaN,NaN,NaN,11.1,12.9,NaN,NaN,NaN
2013-09-21,9.8,NaN,8.5,10,NaN,NaN,NaN,NaN,11.1,12.9,NaN,NaN,NaN
2013-09-22,9.8,NaN,8.5,10,NaN,NaN,NaN,NaN,11.1,12.9,NaN,NaN,NaN
2013-09-23,9.8,NaN,8.5,10,NaN,NaN,NaN,NaN,11.1,12.9,NaN,NaN,NaN
2013-09-24,9.8,9.9,8.5,10,NaN,NaN,NaN,NaN,11.1,12.9,NaN,NaN,NaN
2013-09-25,9.8,9.9,NaN,10,NaN,NaN,NaN,NaN,11.1,12.9,NaN,NaN,NaN
2013-09-26,9.8,9.9,NaN,10,NaN,NaN,NaN,NaN,11.1,12.9,NaN,NaN,NaN
2013-09-27,9.8,9.9,NaN,10,NaN,NaN,NaN,NaN,11.1,12.9,NaN,NaN,NaN
2013-09-28,9.8,9.9,NaN,10,NaN,NaN,NaN,NaN,11.1,12.9,NaN,NaN,NaN
2013-09-29,9.8,9.9,NaN,10,NaN,NaN,NaN,NaN,11.1,12.9,NaN,NaN,NaN
2013-09-30,9.8,9.9,NaN,10.1,NaN,NaN,9.7,NaN,11.1,12.9,NaN,NaN,NaN
2013-10-01,9.9,9.9,NaN,10.1,NaN,NaN,9.7,NaN,11.1,12.9,NaN,NaN,NaN
2013-10-02,9.9,9.9,NaN,10.1,NaN,NaN,9.7,NaN,11.1,12.9,NaN,NaN,NaN
2013-10-03,9.9,NaN,NaN,10.1,NaN,NaN,9.7,NaN,11.1,12.9,NaN,NaN,NaN
2013-10-04,9.9,NaN,NaN,10.1,NaN,NaN,9.7,NaN,11.1,12.9,NaN,NaN,NaN
2013-10-05,9.9,NaN,NaN,10.1,NaN,NaN,9.7,NaN,11.1,12.9,NaN,NaN,NaN
2013-10-06,9.9,NaN,NaN,10.1,NaN,NaN,9.7,NaN,11.1,12.9,NaN,NaN,NaN
2013-10-07,9.9,NaN,NaN,10.1,NaN,NaN,9.7,NaN,11.1,12.9,NaN,NaN,NaN
2013-10-08,9.9,NaN,NaN,10.1,NaN,NaN,9.7,NaN,11.1,12.9,NaN,NaN,NaN
2013-10-09,9.9,NaN,NaN,10.1,NaN,NaN,9.7,NaN,11.1,NaN,NaN,NaN,NaN
2013-10-10,9.9,NaN,8.5,10.1,NaN,NaN,9.7,NaN,11.1,11.3,NaN,NaN,NaN
2013-10-11,9.8,NaN,8.5,10.1,NaN,NaN,NaN,NaN,11.1,11.3,NaN,NaN,NaN
2013-10-12,9.8,NaN,8.5,10.1,NaN,NaN,NaN,NaN,11.1,11.3,NaN,NaN,NaN
2013-10-13,9.8,NaN,8.5,10.1,NaN,NaN,NaN,NaN,11.1,11.3,NaN,NaN,NaN
2013-10-14,9.8,NaN,8.5,10.1,NaN,NaN,NaN,NaN,10.8,11.3,NaN,NaN,NaN
2013-10-15,9.8,NaN,8.5,10.1,NaN,NaN,NaN,NaN,10.8,11.3,NaN,NaN,NaN
2013-10-16,9.8,NaN,8.5,10.1,NaN,NaN,NaN,NaN,10.8,11.3,NaN,NaN,NaN
2013-10-17,9.8,NaN,8.5,10.1,NaN,NaN,NaN,NaN,10.8,11.3,NaN,NaN,NaN
2013-10-18,9.8,NaN,8.5,10.1,NaN,NaN,NaN,NaN,10.8,11.3,NaN,NaN,NaN
2013-10-19,9.8,NaN,8.5,10.1,NaN,NaN,NaN,NaN,10.8,11.3,NaN,NaN,NaN
2013-10-20,9.8,NaN,8.5,10.1,NaN,NaN,NaN,NaN,10.8,11.3,NaN,NaN,NaN
2013-10-21,9.8,NaN,8.5,10.1,NaN,NaN,NaN,NaN,10.8,11.3,NaN,NaN,NaN
2013-10-22,9.8,NaN,8.5,10.1,NaN,NaN,NaN,NaN,10.8,11.3,NaN,NaN,NaN
2013-10-23,9.8,NaN,8.5,10.1,NaN,NaN,NaN,NaN,10.8,11.3,NaN,NaN,NaN
2013-10-24,9.8,NaN,8.5,10.1,NaN,NaN,NaN,NaN,10.8,11.3,NaN,NaN,NaN
2013-10-25,9.8,NaN,8.5,10.1,NaN,NaN,NaN,NaN,10.8,11.3,NaN,NaN,NaN
2013-10-26,9.8,NaN,8.5,10.1,NaN,NaN,NaN,NaN,10.8,11.3,NaN,NaN,NaN
2013-10-27,9.8,NaN,8.5,10.1,NaN,NaN,NaN,NaN,10.8,11.3,NaN,NaN,NaN
2013-10-28,9.8,NaN,8.5,9.4,NaN,NaN,NaN,NaN,10.8,11.3,NaN,NaN,NaN
2013-10-29,9.8,11.9,8.5,9.4,NaN,NaN,NaN,NaN,10.8,11.3,NaN,NaN,NaN
2013-10-30,9.8,11.9,NaN,9.4,NaN,NaN,NaN,NaN,10.8,11.3,NaN,NaN,NaN
2013-10-31,9.8,11.9,NaN,9.4,NaN,NaN,NaN,NaN,10.8,11.3,NaN,NaN,NaN
2013-11-01,9.8,11.9,NaN,9.4,NaN,NaN,NaN,NaN,10.8,11.3,NaN,NaN,NaN
2013-11-02,9.8,11.9,NaN,9.4,NaN,NaN,NaN,NaN,10.8,11.3,NaN,NaN,NaN
2013-11-03,9.8,11.9,NaN,9.4,9.3,NaN,NaN,NaN,10.8,11.3,NaN,NaN,NaN
2013-11-04,9.8,11.9,NaN,9.4,9.3,NaN,9,NaN,10.8,11.3,NaN,NaN,NaN
2013-11-05,9.8,11.9,NaN,9.4,9.3,NaN,9,NaN,10.8,11.3,NaN,NaN,NaN
2013-11-06,9.8,11.9,NaN,9.4,9.3,NaN,9,NaN,10.8,12.8,NaN,NaN,NaN
2013-11-07,9.8,NaN,8.5,9.4,9.3,NaN,9,NaN,10.8,12.8,NaN,NaN,NaN
2013-11-08,9.7,NaN,8.5,9.4,9.3,NaN,9,NaN,10.8,12.8,NaN,NaN,NaN
2013-11-09,9.7,NaN,8.5,9.4,9.3,NaN,9,NaN,10.8,12.8,NaN,NaN,NaN
2013-11-10,9.7,NaN,8.5,9.4,9.3,NaN,9,NaN,10.8,12.8,NaN,NaN,NaN
2013-11-11,9.7,NaN,8.5,9.4,9.3,NaN,9,NaN,10,12.8,NaN,NaN,NaN
2013-11-12,9.7,NaN,8.5,9.4,9.3,NaN,9,NaN,10,12.8,NaN,NaN,NaN
2013-11-13,9.7,NaN,8.5,9.4,9.3,NaN,9,NaN,10,12.8,NaN,NaN,NaN
2013-11-14,9.7,NaN,8.5,9.4,9.3,NaN,9,NaN,10,12.8,NaN,NaN,NaN
2013-11-15,9.7,NaN,8.5,9.4,9.3,NaN,NaN,NaN,10,12.8,NaN,NaN,NaN
2013-11-16,9.7,NaN,8.5,9.4,9.3,NaN,NaN,NaN,10,12.8,NaN,NaN,NaN
2013-11-17,9.7,NaN,8.5,9.4,9.3,NaN,NaN,NaN,10,12.8,NaN,NaN,NaN
2013-11-18,9.7,NaN,8.5,9.4,9.3,NaN,NaN,NaN,10,12.8,NaN,NaN,NaN
2013-11-19,9.7,NaN,8.5,9.4,9.3,NaN,NaN,NaN,10,12.8,NaN,NaN,NaN
2013-11-20,9.7,NaN,8.5,9.4,9.3,NaN,NaN,NaN,10,12.8,NaN,NaN,NaN
2013-11-21,9.7,NaN,8.5,9.4,9.3,NaN,NaN,NaN,10,12.8,NaN,NaN,NaN
2013-11-22,9.7,NaN,8.5,9.4,9.3,NaN,NaN,NaN,10,12.8,NaN,NaN,NaN
2013-11-23,9.7,NaN,8.5,9.4,9.3,NaN,NaN,NaN,10,12.8,NaN,NaN,NaN
2013-11-24,9.7,NaN,8.5,9.4,9.3,NaN,NaN,NaN,10,12.8,NaN,NaN,NaN
2013-11-25,9.7,NaN,8.5,10.4,9.3,NaN,NaN,NaN,10,12.8,NaN,NaN,NaN
2013-11-26,9.7,10.5,8.5,10.4,9.3,NaN,NaN,NaN,10,12.8,NaN,NaN,NaN
2013-11-27,9.7,10.5,NaN,10.4,9.3,NaN,NaN,NaN,10,12.8,NaN,NaN,NaN
2013-11-28,9.6,10.5,8.2,10.4,NaN,NaN,NaN,NaN,10,12.8,NaN,NaN,NaN
2013-11-29,9.6,10.5,8.2,10.4,NaN,NaN,NaN,NaN,10,12.8,NaN,NaN,NaN
2013-11-30,9.6,10.5,8.2,10.4,NaN,NaN,NaN,NaN,10,12.8,NaN,NaN,NaN
2013-12-01,9.6,10.5,8.2,10.4,NaN,NaN,NaN,NaN,10,12.8,NaN,NaN,NaN
2013-12-02,9.6,10.5,8.2,10.4,NaN,NaN,9.3,NaN,10,12.8,NaN,NaN,NaN
2013-12-03,9.6,10.5,8.2,10.4,NaN,NaN,9.3,NaN,10,12.8,NaN,NaN,NaN
2013-12-04,9.6,10.5,8.2,10.4,NaN,NaN,9.3,NaN,10,10,NaN,NaN,NaN
2013-12-05,9.6,NaN,8.2,10.4,NaN,NaN,9.3,NaN,10,10,NaN,NaN,NaN
2013-12-06,9.6,NaN,8.2,10.4,NaN,NaN,9.3,NaN,10,10,NaN,NaN,NaN
2013-12-07,9.6,NaN,8.2,10.4,NaN,NaN,9.3,NaN,10,10,NaN,NaN,NaN
2013-12-08,9.6,NaN,8.2,10.4,NaN,NaN,9.3,NaN,10,10,NaN,NaN,NaN
2013-12-09,9.6,NaN,8.2,10.4,NaN,NaN,9.3,8.4,10.8,10,NaN,NaN,NaN
2013-12-10,9.6,NaN,8.2,10.4,NaN,NaN,9.3,8.4,10.8,10,NaN,NaN,NaN
2013-12-11,9.6,NaN,8.2,10.4,NaN,NaN,9.3,8.4,10.8,10,NaN,NaN,NaN
2013-12-12,9.6,NaN,8.2,10.4,NaN,NaN,9.3,8.4,10.8,10,NaN,NaN,NaN
2013-12-13,9.6,NaN,8.2,10.4,NaN,NaN,NaN,8.4,10.8,10,NaN,NaN,NaN
2013-12-14,9.6,NaN,8.2,10.4,NaN,NaN,NaN,8.4,10.8,10,NaN,NaN,NaN
2013-12-15,9.6,NaN,8.2,10.4,NaN,NaN,NaN,8.4,10.8,10,NaN,NaN,NaN
2013-12-16,9.6,NaN,8.2,NaN,NaN,NaN,NaN,8.4,10.8,10,NaN,NaN,NaN
2013-12-17,9.6,NaN,8.2,NaN,NaN,NaN,NaN,8.4,10.8,10,NaN,NaN,NaN
2013-12-18,9.6,NaN,NaN,NaN,NaN,NaN,NaN,8.4,10.8,10,NaN,NaN,NaN
2013-12-19,9.5,NaN,NaN,NaN,NaN,NaN,NaN,8.4,10.8,10,NaN,NaN,NaN
2013-12-20,9.5,NaN,NaN,NaN,NaN,NaN,NaN,8.4,10.8,10,NaN,NaN,NaN
2013-12-21,9.5,NaN,NaN,NaN,NaN,NaN,NaN,8.4,10.8,10,NaN,NaN,NaN
2013-12-22,9.5,NaN,NaN,NaN,NaN,NaN,NaN,8.4,10.8,10,NaN,NaN,NaN
2013-12-23,9.5,NaN,NaN,NaN,NaN,NaN,NaN,8.4,10.8,10,NaN,NaN,NaN
2013-12-24,9.5,NaN,NaN,NaN,NaN,NaN,NaN,8.4,10.8,10,NaN,NaN,NaN
2013-12-25,9.5,NaN,NaN,NaN,NaN,NaN,NaN,8.4,10.8,10,NaN,NaN,NaN
2013-12-26,9.5,NaN,NaN,NaN,NaN,NaN,NaN,8.4,10.8,10,NaN,NaN,NaN
2013-12-27,9.5,NaN,NaN,NaN,NaN,NaN,NaN,8.4,10.8,10,NaN,NaN,NaN
2013-12-28,9.5,NaN,NaN,NaN,NaN,NaN,NaN,8.4,10.8,10,NaN,NaN,NaN
2013-12-29,9.4,NaN,NaN,NaN,NaN,NaN,NaN,8.4,10.8,10,NaN,NaN,NaN
2013-12-30,9.4,NaN,NaN,NaN,NaN,NaN,NaN,8.4,10.8,10,NaN,NaN,NaN
2013-12-31,9.4,NaN,NaN,NaN,NaN,NaN,NaN,8.4,10.8,10,NaN,NaN,NaN
2014-01-01,9.4,NaN,NaN,NaN,NaN,NaN,NaN,8.4,10.8,10,NaN,NaN,NaN
2014-01-02,9.4,9.8,NaN,NaN,NaN,NaN,NaN,8.4,10.8,10,NaN,NaN,NaN
2014-01-03,9.3,9.8,NaN,NaN,NaN,NaN,NaN,8.4,10.8,10,NaN,NaN,NaN
2014-01-04,9.3,9.8,NaN,NaN,NaN,NaN,NaN,8.4,10.8,10,NaN,NaN,NaN
2014-01-05,9.3,9.8,NaN,NaN,NaN,NaN,NaN,8.4,10.8,10,NaN,NaN,NaN
2014-01-06,9.3,9.8,NaN,11,NaN,NaN,NaN,8.4,10.8,10,NaN,NaN,NaN
2014-01-07,9.3,9.8,NaN,11,NaN,NaN,NaN,8.4,10.8,10,NaN,NaN,NaN
2014-01-08,9.3,9.8,NaN,11,NaN,NaN,NaN,NaN,10.8,10.3,NaN,NaN,NaN
2014-01-09,9.3,NaN,7.3,11,NaN,NaN,NaN,NaN,10.8,10.3,NaN,NaN,NaN
2014-01-10,9.3,NaN,7.3,11,NaN,NaN,NaN,NaN,10.8,10.3,NaN,NaN,NaN
2014-01-11,9.3,NaN,7.3,11,NaN,NaN,NaN,NaN,10.8,10.3,NaN,NaN,NaN
2014-01-12,9.3,NaN,7.3,11,NaN,NaN,NaN,NaN,10.8,10.3,NaN,NaN,NaN
2014-01-13,9.2,NaN,7.3,11,NaN,NaN,9.2,NaN,11.2,10.3,NaN,NaN,NaN
2014-01-14,9.2,NaN,7.3,11,NaN,NaN,9.2,NaN,11.2,10.3,NaN,NaN,NaN
2014-01-15,9.2,NaN,7.3,11,NaN,NaN,9.2,NaN,11.2,10.3,NaN,NaN,NaN
2014-01-16,9.2,NaN,7.3,11,NaN,NaN,9.2,NaN,11.2,10.3,NaN,NaN,NaN
2014-01-17,9.2,NaN,7.3,11,NaN,NaN,9.2,NaN,11.2,10.3,NaN,NaN,NaN
2014-01-18,9.2,NaN,7.3,11,NaN,NaN,9.2,NaN,11.2,10.3,NaN,NaN,NaN
2014-01-19,9.2,NaN,7.3,11,NaN,NaN,9.2,NaN,11.2,10.3,NaN,NaN,NaN
2014-01-20,9.2,NaN,7.3,11,NaN,NaN,9.2,NaN,11.2,10.3,NaN,NaN,NaN
2014-01-21,9.2,NaN,7.3,11,NaN,NaN,9.2,NaN,11.2,10.3,NaN,NaN,NaN
2014-01-22,9.2,NaN,7.3,11,NaN,NaN,9.2,NaN,11.2,10.3,NaN,NaN,NaN
2014-01-23,9.2,NaN,7.3,11,NaN,NaN,9.2,NaN,11.2,10.3,NaN,NaN,NaN
2014-01-24,9.2,NaN,7.3,11,NaN,NaN,NaN,NaN,11.2,10.3,NaN,NaN,NaN
2014-01-25,9.2,NaN,7.3,11,NaN,NaN,NaN,NaN,11.2,10.3,NaN,NaN,NaN
2014-01-26,9.2,NaN,7.3,11,NaN,NaN,NaN,NaN,11.2,10.3,NaN,NaN,NaN
2014-01-27,9.2,NaN,7.3,8.7,NaN,NaN,NaN,NaN,11.2,10.3,NaN,NaN,NaN
2014-01-28,9.2,8.8,7.3,8.7,NaN,NaN,NaN,NaN,11.2,10.3,NaN,NaN,NaN
2014-01-29,9.2,8.8,NaN,8.7,NaN,NaN,NaN,NaN,11.2,10.3,NaN,NaN,NaN
2014-01-30,9.2,8.8,NaN,8.7,NaN,NaN,NaN,NaN,11.2,10.3,NaN,NaN,NaN
2014-01-31,9.2,8.8,NaN,8.7,NaN,NaN,NaN,NaN,11.2,10.3,NaN,NaN,NaN
2014-02-01,9.2,8.8,NaN,8.7,NaN,NaN,NaN,NaN,11.2,10.3,NaN,NaN,NaN
2014-02-02,9.2,8.8,NaN,8.7,NaN,NaN,NaN,NaN,11.2,10.3,NaN,NaN,NaN
2014-02-03,9.1,8.8,NaN,8.7,NaN,NaN,9.5,NaN,11.2,10.3,NaN,NaN,NaN
2014-02-04,9.1,8.8,NaN,8.7,NaN,NaN,9.5,NaN,11.2,10.3,NaN,NaN,NaN
2014-02-05,9.1,8.8,NaN,8.7,NaN,NaN,9.5,NaN,11.2,11.5,NaN,NaN,NaN
2014-02-06,9.1,NaN,7.9,8.7,NaN,NaN,9.5,NaN,11.2,11.5,NaN,NaN,NaN
2014-02-07,9.1,NaN,7.9,8.7,NaN,NaN,9.5,NaN,11.2,11.5,NaN,NaN,NaN
2014-02-08,9.1,NaN,7.9,8.7,NaN,NaN,9.5,NaN,11.2,11.5,NaN,NaN,NaN
2014-02-09,9.1,NaN,7.9,8.7,NaN,NaN,9.5,8.2,11.2,11.5,NaN,NaN,NaN
2014-02-10,9.1,NaN,7.9,8.7,NaN,NaN,9.5,8.2,9.4,11.5,NaN,NaN,NaN
2014-02-11,9,NaN,7.9,8.7,NaN,NaN,9.5,8.2,9.4,11.5,NaN,NaN,NaN
2014-02-12,9,NaN,7.9,8.7,NaN,NaN,9.5,8.2,9.4,11.5,NaN,NaN,NaN
2014-02-13,9,NaN,7.9,8.7,NaN,NaN,9.5,8.2,9.4,11.5,NaN,NaN,NaN
2014-02-14,9,NaN,7.9,8.7,NaN,NaN,NaN,8.2,9.4,11.5,NaN,NaN,NaN
2014-02-15,9,NaN,7.9,8.7,NaN,NaN,NaN,8.2,9.4,11.5,NaN,NaN,NaN
2014-02-16,9,NaN,7.9,8.7,NaN,NaN,NaN,8.2,9.4,11.5,NaN,NaN,NaN
2014-02-17,9,NaN,7.9,8.7,NaN,NaN,NaN,8.2,9.4,11.5,NaN,NaN,NaN
2014-02-18,9,NaN,7.9,8.7,NaN,NaN,NaN,8.2,9.4,11.5,NaN,NaN,NaN
2014-02-19,9,NaN,7.9,8.7,NaN,NaN,NaN,8.2,9.4,11.5,NaN,NaN,NaN
2014-02-20,9,NaN,7.9,8.7,NaN,NaN,NaN,8.2,9.4,11.5,NaN,NaN,NaN
2014-02-21,9,NaN,7.9,8.7,NaN,NaN,NaN,8.2,9.4,11.5,NaN,NaN,NaN
2014-02-22,9,NaN,7.9,8.7,NaN,NaN,NaN,8.2,9.4,11.5,NaN,NaN,NaN
2014-02-23,9,NaN,7.9,8.7,NaN,NaN,NaN,8.2,9.4,11.5,NaN,NaN,NaN
2014-02-24,9,NaN,7.9,8.7,NaN,NaN,NaN,8.2,9.4,11.5,NaN,NaN,NaN
2014-02-25,9,10,7.9,8.7,NaN,NaN,NaN,8.2,9.4,11.5,NaN,NaN,NaN
2014-02-26,9,10,NaN,8.7,NaN,NaN,NaN,8.2,9.4,11.5,NaN,NaN,NaN
2014-02-27,9,10,NaN,8.7,NaN,NaN,NaN,8.2,9.4,11.5,NaN,NaN,NaN
2014-02-28,9,10,NaN,9.3,NaN,NaN,NaN,8.2,9.4,11.5,NaN,NaN,NaN
2014-03-01,8.9,10,NaN,9.3,NaN,NaN,NaN,8.2,9.4,11.5,NaN,NaN,NaN
2014-03-02,8.9,10,NaN,9.3,NaN,NaN,NaN,8.2,9.4,11.5,NaN,NaN,NaN
2014-03-03,8.9,10,NaN,9.3,NaN,NaN,8,8.2,9.4,11.5,NaN,NaN,NaN
2014-03-04,8.9,10,NaN,9.3,NaN,NaN,8,8.2,9.4,11.5,NaN,NaN,NaN
2014-03-05,8.9,10,NaN,9.3,NaN,NaN,8,NaN,9.4,11.4,NaN,NaN,NaN
2014-03-06,8.9,NaN,7.8,9.3,NaN,NaN,8,NaN,9.4,11.4,NaN,NaN,NaN
2014-03-07,8.9,NaN,7.8,9.3,NaN,NaN,8,NaN,9.4,11.4,NaN,NaN,NaN
2014-03-08,8.9,NaN,7.8,9.3,NaN,NaN,8,NaN,9.4,11.4,NaN,NaN,NaN
2014-03-09,8.9,NaN,7.8,9.3,NaN,NaN,8,NaN,9.4,11.4,NaN,NaN,NaN
2014-03-10,8.9,NaN,7.8,9.3,NaN,NaN,8,NaN,10.7,11.4,NaN,NaN,NaN
2014-03-11,8.9,NaN,7.8,9.3,NaN,NaN,8,NaN,10.7,11.4,NaN,NaN,NaN
2014-03-12,8.9,NaN,7.8,9.3,NaN,NaN,8,NaN,10.7,11.4,NaN,NaN,NaN
2014-03-13,8.9,NaN,7.8,9.3,NaN,NaN,8,NaN,10.7,11.4,NaN,NaN,NaN
2014-03-14,8.8,NaN,7.8,9.3,NaN,NaN,NaN,NaN,10.7,11.4,NaN,NaN,NaN
2014-03-15,8.8,NaN,7.8,9.3,NaN,NaN,NaN,NaN,10.7,11.4,NaN,NaN,NaN
2014-03-16,8.8,NaN,7.8,9.3,NaN,NaN,NaN,NaN,10.7,11.4,NaN,NaN,NaN
2014-03-17,8.8,NaN,7.8,9.3,NaN,NaN,NaN,NaN,10.7,11.4,NaN,NaN,NaN
2014-03-18,8.8,NaN,7.8,9.3,NaN,NaN,NaN,NaN,10.7,11.4,NaN,NaN,NaN
2014-03-19,8.8,NaN,7.8,9.3,NaN,NaN,NaN,NaN,10.7,11.4,NaN,NaN,NaN
2014-03-20,8.8,NaN,7.8,9.3,NaN,NaN,NaN,NaN,10.7,11.4,NaN,NaN,NaN
2014-03-21,8.8,NaN,7.8,9.3,NaN,NaN,NaN,NaN,10.7,11.4,NaN,NaN,NaN
2014-03-22,8.8,NaN,7.8,9.3,NaN,NaN,NaN,NaN,10.7,11.4,NaN,NaN,NaN
2014-03-23,8.8,NaN,7.8,9.3,NaN,NaN,NaN,NaN,10.7,11.4,NaN,NaN,NaN
2014-03-24,8.8,NaN,7.8,8.8,NaN,NaN,NaN,NaN,10.7,11.4,NaN,NaN,NaN
2014-03-25,8.8,8.5,7.8,8.8,NaN,NaN,NaN,NaN,10.7,11.4,NaN,NaN,NaN
2014-03-26,8.8,8.5,NaN,8.8,NaN,NaN,NaN,7.3,10.7,11.4,NaN,NaN,NaN
2014-03-27,8.8,8.5,NaN,8.8,NaN,NaN,NaN,7.3,10.7,11.4,NaN,NaN,NaN
2014-03-28,8.8,8.5,NaN,8.8,NaN,NaN,NaN,7.3,10.7,11.4,NaN,NaN,NaN
2014-03-29,8.7,8.5,NaN,8.8,NaN,NaN,NaN,7.3,10.7,11.4,NaN,NaN,NaN
2014-03-30,8.7,8.5,NaN,8.8,NaN,NaN,NaN,7.3,10.7,11.4,NaN,NaN,NaN
2014-03-31,8.7,8.5,NaN,8.8,NaN,NaN,8.3,7.3,10.7,11.4,NaN,NaN,NaN
2014-04-01,8.7,8.5,NaN,8.8,NaN,NaN,8.3,7.3,10.7,11.4,NaN,NaN,NaN
2014-04-02,8.7,8.5,NaN,8.8,NaN,NaN,8.3,7.3,10.7,11.4,NaN,NaN,NaN
2014-04-03,8.7,8.5,NaN,8.8,NaN,NaN,8.3,7.3,10.7,11.4,NaN,NaN,NaN
2014-04-04,8.7,NaN,NaN,8.8,NaN,NaN,8.3,7.3,10.7,11.4,NaN,NaN,NaN
2014-04-05,8.7,NaN,NaN,8.8,NaN,NaN,8.3,7.3,10.7,11.4,NaN,NaN,NaN
2014-04-06,8.6,NaN,NaN,8.8,NaN,NaN,8.3,7.3,10.7,11.4,NaN,NaN,NaN
2014-04-07,8.6,NaN,7.6,8.8,NaN,NaN,8.3,7.3,10.7,11.4,NaN,NaN,NaN
2014-04-08,8.6,NaN,7.6,8.8,NaN,NaN,8.3,7.3,10.7,11.4,NaN,NaN,NaN
2014-04-09,8.6,NaN,7.6,8.8,NaN,NaN,8.3,7.3,10.7,10.6,NaN,NaN,NaN
2014-04-10,8.6,NaN,7.6,8.8,NaN,NaN,8.3,7.3,10.7,10.6,NaN,NaN,NaN
2014-04-11,8.6,NaN,7.6,8.8,NaN,NaN,NaN,7.3,10.7,10.6,NaN,NaN,NaN
2014-04-12,8.6,NaN,7.6,8.8,NaN,NaN,NaN,7.3,10.7,10.6,NaN,NaN,NaN
2014-04-13,8.6,NaN,7.6,8.8,NaN,NaN,NaN,7.3,10.7,10.6,NaN,NaN,NaN
2014-04-14,8.6,NaN,7.6,8.8,NaN,NaN,NaN,7.3,10.7,10.6,NaN,NaN,NaN
2014-04-15,8.6,NaN,7.6,8.8,NaN,NaN,NaN,7.3,10.7,10.6,NaN,NaN,NaN
2014-04-16,8.6,NaN,7.6,8.8,NaN,NaN,NaN,7.3,10.7,10.6,NaN,NaN,NaN
2014-04-17,8.6,NaN,7.6,8.8,NaN,NaN,NaN,7.3,10.7,10.6,NaN,NaN,NaN
2014-04-18,8.6,NaN,7.6,8.8,NaN,NaN,NaN,7.3,10.7,10.6,NaN,NaN,NaN
2014-04-19,8.6,NaN,7.6,8.8,NaN,NaN,NaN,7.3,10.7,10.6,NaN,NaN,NaN
2014-04-20,8.5,NaN,7.6,8.8,NaN,NaN,NaN,7.3,10.7,10.6,NaN,NaN,NaN
2014-04-21,8.5,NaN,7.6,NaN,NaN,NaN,NaN,7.3,10.7,10.6,NaN,NaN,NaN
2014-04-22,8.5,NaN,7.6,NaN,NaN,NaN,NaN,7.3,10.7,10.6,NaN,NaN,NaN
2014-04-23,8.5,NaN,7.6,NaN,NaN,NaN,NaN,7.3,10.7,10.6,NaN,NaN,NaN
2014-04-24,8.5,NaN,7.6,NaN,NaN,NaN,NaN,7.3,10.7,10.6,NaN,NaN,NaN
2014-04-25,8.5,NaN,7.6,NaN,NaN,NaN,NaN,NaN,10.7,10.6,NaN,NaN,NaN
2014-04-26,8.5,NaN,7.6,NaN,NaN,NaN,NaN,NaN,10.7,10.6,NaN,NaN,NaN
2014-04-27,8.5,NaN,7.6,NaN,NaN,NaN,NaN,NaN,10.7,10.6,NaN,NaN,NaN
2014-04-28,8.5,NaN,NaN,7.7,NaN,NaN,NaN,NaN,10.7,10.6,NaN,NaN,NaN
2014-04-29,8.5,8.2,NaN,7.7,NaN,NaN,NaN,NaN,10.7,10.6,NaN,NaN,NaN
2014-04-30,8.5,8.2,NaN,7.7,NaN,NaN,NaN,NaN,10.7,10.6,NaN,NaN,NaN
2014-05-01,8.5,8.2,NaN,7.7,NaN,NaN,NaN,NaN,10.7,10.6,NaN,NaN,NaN
2014-05-02,8.5,8.2,NaN,7.7,8.1,NaN,NaN,NaN,10.7,10.6,NaN,NaN,NaN
2014-05-03,8.5,8.2,NaN,7.7,8.1,NaN,NaN,NaN,10.7,10.6,NaN,NaN,NaN
2014-05-04,8.6,8.2,NaN,7.7,8.1,NaN,NaN,NaN,10.7,10.6,NaN,NaN,NaN
2014-05-05,8.6,8.2,NaN,7.7,8.1,NaN,8.8,NaN,10.7,10.6,NaN,NaN,NaN
2014-05-06,8.6,8.2,NaN,7.7,8.1,NaN,8.8,NaN,10.7,10.6,NaN,NaN,NaN
2014-05-07,8.6,8.2,NaN,7.7,8.1,NaN,8.8,NaN,10.7,8.2,NaN,NaN,NaN
2014-05-08,8.6,NaN,7.8,7.7,8.1,NaN,8.8,NaN,10.7,8.2,NaN,NaN,NaN
2014-05-09,8.6,NaN,7.8,7.7,8.1,NaN,8.8,NaN,10.7,8.2,NaN,NaN,NaN
2014-05-10,8.6,NaN,7.8,7.7,8.1,NaN,8.8,NaN,10.7,8.2,NaN,NaN,NaN
2014-05-11,8.6,NaN,7.8,7.7,8.1,NaN,8.8,NaN,10.7,8.2,NaN,NaN,NaN
2014-05-12,8.6,NaN,7.8,7.7,8.1,NaN,8.8,NaN,11.3,8.2,NaN,NaN,NaN
2014-05-13,8.6,NaN,7.8,7.7,8.1,NaN,8.8,NaN,11.3,8.2,NaN,NaN,NaN
2014-05-14,8.6,NaN,7.8,7.7,8.1,NaN,8.8,NaN,11.3,8.2,NaN,NaN,NaN
2014-05-15,8.6,NaN,7.8,7.7,8.1,NaN,8.8,NaN,11.3,8.2,NaN,NaN,NaN
2014-05-16,8.6,NaN,7.8,7.7,8.1,NaN,NaN,NaN,11.3,8.2,NaN,NaN,NaN
2014-05-17,8.7,NaN,7.8,7.7,8.1,NaN,NaN,NaN,11.3,8.2,NaN,NaN,NaN
2014-05-18,8.7,NaN,7.8,7.7,8.1,NaN,NaN,NaN,11.3,8.2,NaN,NaN,NaN
2014-05-19,8.7,NaN,7.8,7.7,8.1,NaN,NaN,NaN,11.3,8.2,NaN,NaN,NaN
2014-05-20,8.7,NaN,7.8,7.7,8.1,NaN,NaN,NaN,11.3,8.2,NaN,NaN,NaN
2014-05-21,8.7,NaN,7.8,7.7,8.1,NaN,NaN,NaN,11.3,8.2,NaN,NaN,NaN
2014-05-22,8.7,NaN,7.8,7.7,8.1,NaN,NaN,NaN,11.3,8.2,NaN,NaN,NaN
2014-05-23,8.7,NaN,7.8,7.7,8.1,NaN,NaN,NaN,11.3,8.2,NaN,NaN,NaN
2014-05-24,8.7,NaN,7.8,7.7,8.1,NaN,NaN,NaN,11.3,8.2,NaN,NaN,NaN
2014-05-25,8.7,NaN,7.8,7.7,8.1,NaN,NaN,NaN,11.3,8.2,NaN,NaN,NaN
2014-05-26,8.8,NaN,NaN,8.3,NaN,NaN,NaN,NaN,11.3,8.2,NaN,NaN,NaN
2014-05-27,8.8,10,NaN,8.3,NaN,NaN,NaN,NaN,11.3,8.2,NaN,NaN,NaN
2014-05-28,8.8,10,NaN,8.3,NaN,NaN,NaN,NaN,11.3,8.2,NaN,NaN,NaN
2014-05-29,8.8,10,NaN,8.3,NaN,NaN,NaN,7.8,11.3,8.2,NaN,NaN,NaN
2014-05-30,8.8,10,NaN,8.3,NaN,NaN,NaN,7.8,11.3,8.2,NaN,NaN,NaN
2014-05-31,8.8,10,NaN,8.3,NaN,NaN,NaN,7.8,11.3,8.2,NaN,NaN,NaN
2014-06-01,8.9,10,NaN,8.3,NaN,NaN,NaN,7.8,11.3,8.2,NaN,NaN,NaN
2014-06-02,8.9,10,9.6,8.3,NaN,NaN,9,7.8,11.3,8.2,NaN,NaN,NaN
2014-06-03,8.9,10,9.6,8.3,NaN,NaN,9,7.8,11.3,8.2,NaN,NaN,NaN
2014-06-04,8.9,10,9.6,8.3,NaN,NaN,9,7.8,11.3,8.2,NaN,NaN,NaN
2014-06-05,8.9,NaN,9.6,8.3,NaN,NaN,9,7.8,11.3,8.2,NaN,NaN,NaN
2014-06-06,8.9,NaN,9.6,8.3,NaN,NaN,9,7.8,11.3,8.2,NaN,NaN,NaN
2014-06-07,9,NaN,9.6,8.3,NaN,NaN,9,7.8,11.3,8.2,NaN,NaN,NaN
2014-06-08,9,NaN,9.6,8.3,NaN,NaN,9,7.8,11.3,8.4,NaN,NaN,NaN
2014-06-09,9,NaN,9.6,8.3,NaN,NaN,9,7.8,10.5,8.4,NaN,NaN,NaN
2014-06-10,9,NaN,9.6,8.3,NaN,NaN,9,7.8,10.5,8.4,NaN,NaN,NaN
2014-06-11,9,NaN,9.6,8.3,NaN,NaN,9,7.8,10.5,8.4,NaN,NaN,NaN
2014-06-12,9,NaN,9.6,8.3,NaN,NaN,9,7.8,10.5,8.4,NaN,NaN,NaN
2014-06-13,9,NaN,9.6,8.3,NaN,NaN,NaN,7.8,10.5,8.4,NaN,NaN,NaN
2014-06-14,9,NaN,9.6,8.3,NaN,NaN,NaN,7.8,10.5,8.4,NaN,NaN,NaN
2014-06-15,9,NaN,9.6,8.3,NaN,NaN,NaN,7.8,10.5,8.4,NaN,NaN,NaN
2014-06-16,9,NaN,9.6,8.3,NaN,NaN,NaN,NaN,10.5,8.4,NaN,NaN,NaN
2014-06-17,9,NaN,9.6,8.3,NaN,NaN,NaN,NaN,10.5,8.4,NaN,NaN,NaN
2014-06-18,9,NaN,9.6,8.3,NaN,NaN,NaN,NaN,10.5,8.4,NaN,NaN,NaN
2014-06-19,9,NaN,9.6,8.3,NaN,NaN,NaN,NaN,10.5,8.4,NaN,NaN,NaN
2014-06-20,9,NaN,9.6,8.3,NaN,NaN,NaN,NaN,10.5,8.4,NaN,NaN,NaN
2014-06-21,9,NaN,9.6,8.3,NaN,NaN,NaN,NaN,10.5,8.4,NaN,NaN,NaN
2014-06-22,9,NaN,9.6,8.3,NaN,NaN,NaN,NaN,10.5,8.4,NaN,NaN,NaN
2014-06-23,9,NaN,NaN,NaN,NaN,NaN,NaN,NaN,10.5,8.4,NaN,NaN,NaN
2014-06-24,9,NaN,NaN,NaN,NaN,NaN,9.2,NaN,10.5,8.4,NaN,NaN,NaN
2014-06-25,9,NaN,NaN,NaN,NaN,NaN,9.2,NaN,10.5,8.4,NaN,NaN,NaN
2014-06-26,9,NaN,NaN,NaN,NaN,NaN,9.2,NaN,10.5,8.4,NaN,NaN,NaN
2014-06-27,9,NaN,NaN,NaN,NaN,NaN,9.2,NaN,10.5,8.4,NaN,NaN,NaN
2014-06-28,9,NaN,NaN,NaN,NaN,NaN,9.2,NaN,10.5,8.4,NaN,NaN,NaN
2014-06-29,9,NaN,NaN,NaN,NaN,NaN,9.2,NaN,10.5,8.4,NaN,NaN,NaN
2014-06-30,9,NaN,NaN,NaN,NaN,NaN,9.2,NaN,10.5,8.4,NaN,NaN,NaN
2014-07-01,9,NaN,NaN,NaN,NaN,NaN,9.2,NaN,NaN,8.4,NaN,NaN,NaN
2014-07-02,9,NaN,NaN,NaN,NaN,NaN,9.2,NaN,NaN,9.3,NaN,NaN,NaN
2014-07-03,8.9,NaN,NaN,NaN,NaN,NaN,NaN,NaN,NaN,9.3,NaN,NaN,NaN
2014-07-04,9.2,NaN,NaN,NaN,NaN,NaN,NaN,NaN,NaN,9.3,NaN,NaN,NaN
2014-07-05,9,NaN,NaN,NaN,NaN,NaN,NaN,NaN,NaN,9.3,NaN,NaN,NaN
2014-07-06,9,NaN,NaN,NaN,NaN,NaN,NaN,NaN,NaN,9.3,NaN,NaN,NaN
2014-07-07,9,NaN,NaN,NaN,NaN,NaN,NaN,NaN,NaN,9.3,NaN,NaN,NaN
2014-07-08,9.3,NaN,NaN,8.8,NaN,NaN,NaN,NaN,NaN,9.3,NaN,NaN,NaN
2014-07-09,9,NaN,NaN,8.8,NaN,NaN,NaN,NaN,NaN,9.3,NaN,NaN,NaN
2014-07-10,9,NaN,NaN,8.8,NaN,NaN,NaN,NaN,NaN,9.3,NaN,NaN,NaN
2014-07-11,9,NaN,NaN,8.8,NaN,NaN,NaN,NaN,NaN,9.3,NaN,NaN,NaN
2014-07-12,9,NaN,NaN,8.8,NaN,NaN,NaN,NaN,NaN,9.3,NaN,NaN,NaN
2014-07-13,9.1,NaN,NaN,8.8,NaN,NaN,NaN,NaN,NaN,9.3,NaN,NaN,NaN
2014-07-14,9.1,NaN,NaN,8.8,NaN,NaN,NaN,NaN,NaN,9.3,NaN,NaN,NaN
2014-07-15,9.5,NaN,NaN,8.8,NaN,NaN,NaN,NaN,NaN,9.3,NaN,NaN,NaN
2014-07-16,9.1,NaN,NaN,8.8,NaN,NaN,NaN,NaN,NaN,9.3,NaN,NaN,NaN
2014-07-17,9.1,NaN,NaN,8.8,NaN,NaN,NaN,NaN,NaN,9.3,NaN,NaN,NaN
2014-07-18,9.1,NaN,NaN,8.8,NaN,NaN,NaN,NaN,NaN,9.3,NaN,NaN,NaN
2014-07-19,9.1,NaN,NaN,8.8,NaN,NaN,NaN,NaN,NaN,9.3,NaN,NaN,NaN
2014-07-20,9.2,NaN,NaN,8.8,NaN,NaN,NaN,NaN,NaN,9.3,NaN,NaN,NaN
2014-07-21,9.2,NaN,NaN,8.8,NaN,NaN,NaN,NaN,NaN,9.3,NaN,NaN,NaN
2014-07-22,9.2,NaN,NaN,8.8,NaN,NaN,NaN,NaN,NaN,9.3,NaN,NaN,NaN
2014-07-23,9.2,NaN,NaN,8.8,NaN,NaN,NaN,NaN,NaN,9.3,NaN,NaN,NaN
2014-07-24,9.2,NaN,NaN,8.8,NaN,NaN,NaN,NaN,NaN,9.3,NaN,NaN,NaN
2014-07-25,9.2,NaN,NaN,8.8,NaN,NaN,NaN,NaN,NaN,9.3,NaN,NaN,NaN
2014-07-26,9.2,NaN,NaN,8.8,NaN,NaN,NaN,NaN,NaN,9.3,NaN,NaN,NaN
2014-07-27,9.2,NaN,NaN,8.8,NaN,NaN,NaN,NaN,NaN,9.3,NaN,NaN,NaN
2014-07-28,9.2,NaN,NaN,8.8,NaN,NaN,NaN,NaN,NaN,9.3,NaN,NaN,NaN
2014-07-29,9.2,NaN,NaN,8.8,NaN,NaN,NaN,NaN,NaN,9.3,NaN,NaN,NaN
2014-07-30,9.3,NaN,NaN,8.8,NaN,NaN,NaN,NaN,NaN,9.3,NaN,NaN,NaN
2014-07-31,9.3,NaN,NaN,8.8,NaN,NaN,NaN,NaN,NaN,9.3,NaN,NaN,NaN
2014-08-01,9.3,NaN,NaN,8.8,NaN,NaN,NaN,NaN,NaN,9.3,NaN,NaN,NaN
2014-08-02,9.3,NaN,NaN,8.8,NaN,NaN,NaN,NaN,NaN,9.3,NaN,NaN,NaN
2014-08-03,9.4,NaN,NaN,8.8,NaN,NaN,NaN,NaN,11.6,9.3,NaN,NaN,NaN
2014-08-04,9.4,NaN,NaN,8.9,NaN,NaN,9,NaN,11.6,9.3,NaN,NaN,NaN
2014-08-05,9.5,NaN,NaN,8.9,NaN,NaN,9,NaN,11.6,9.3,NaN,NaN,NaN
2014-08-06,9.5,NaN,NaN,8.9,NaN,NaN,9,NaN,11.6,NaN,NaN,NaN,NaN
2014-08-07,9.5,NaN,9.4,8.9,NaN,NaN,9,NaN,11.6,NaN,NaN,NaN,NaN
2014-08-08,9.6,NaN,9.4,8.9,NaN,NaN,NaN,NaN,11.6,NaN,NaN,NaN,NaN
2014-08-09,9.6,NaN,9.4,8.9,NaN,NaN,NaN,NaN,11.6,NaN,NaN,NaN,NaN
2014-08-10,9.6,NaN,9.4,8.9,NaN,NaN,NaN,NaN,11.6,NaN,NaN,NaN,NaN
2014-08-11,9.7,NaN,9.4,8.9,NaN,NaN,10.1,NaN,10.9,NaN,NaN,NaN,NaN
2014-08-12,9.7,NaN,9.4,8.9,NaN,NaN,10.1,NaN,10.9,NaN,NaN,NaN,NaN
2014-08-13,9.7,NaN,9.4,8.9,NaN,NaN,10.1,NaN,10.9,NaN,NaN,NaN,NaN
2014-08-14,9.7,NaN,9.4,8.9,NaN,NaN,10.1,NaN,10.9,NaN,NaN,NaN,NaN
2014-08-15,9.8,12.2,9.4,8.9,NaN,NaN,NaN,NaN,10.9,NaN,NaN,NaN,NaN
2014-08-16,9.8,12.2,9.4,8.9,NaN,NaN,NaN,NaN,10.9,NaN,NaN,NaN,NaN
2014-08-17,9.9,12.2,9.4,8.9,NaN,NaN,NaN,NaN,10.9,NaN,NaN,NaN,NaN
2014-08-18,9.9,12.2,9.4,8.9,NaN,NaN,10.1,NaN,11.5,NaN,NaN,NaN,NaN
2014-08-19,10,12.2,9.6,8.9,NaN,NaN,10.1,NaN,11.5,NaN,NaN,NaN,NaN
2014-08-20,10,12.2,9.6,8.9,NaN,NaN,10.1,NaN,11.5,NaN,NaN,NaN,NaN
2014-08-21,10.1,12.2,9.6,8.9,NaN,NaN,10.1,9.4,11.5,NaN,NaN,NaN,NaN
2014-08-22,10.1,NaN,9.6,8.9,NaN,NaN,NaN,9.4,11.5,NaN,NaN,NaN,NaN
2014-08-23,10.2,NaN,9.6,8.9,NaN,NaN,NaN,9.4,11.5,NaN,NaN,NaN,NaN
2014-08-24,10.3,NaN,9.6,8.9,NaN,NaN,NaN,9.4,11.5,NaN,NaN,NaN,NaN
2014-08-25,10.3,10.8,9.6,10.6,NaN,NaN,11,9.4,10.2,NaN,NaN,NaN,NaN
2014-08-26,10.4,10.8,9.7,10.6,NaN,NaN,11,9.4,10.2,NaN,NaN,NaN,NaN
2014-08-27,10.4,10.8,9.7,10.6,NaN,NaN,11,9.4,10.2,NaN,NaN,NaN,NaN
2014-08-28,10.5,10.8,9.7,10.6,NaN,NaN,11,9.4,10.2,NaN,NaN,NaN,NaN
2014-08-29,10.6,10.8,9.7,10.6,NaN,NaN,NaN,9.4,10.2,NaN,NaN,NaN,NaN
2014-08-30,10.6,10.8,9.7,10.6,NaN,NaN,NaN,9.4,10.2,NaN,NaN,NaN,NaN
2014-08-31,10.7,10.8,9.7,10.6,NaN,NaN,NaN,9.4,10.2,NaN,NaN,NaN,NaN
2014-09-01,10.8,10.8,9.7,10.2,NaN,NaN,10.4,9.4,11.4,NaN,NaN,NaN,NaN
2014-09-02,10.8,10.8,NaN,10.2,NaN,12.7,10.4,9.4,11.4,NaN,NaN,NaN,NaN
2014-09-03,10.9,11.8,NaN,9.5,NaN,12.7,10.4,9.4,11.4,NaN,NaN,NaN,NaN
2014-09-04,11,11.8,NaN,9.5,NaN,12.7,10.4,9.4,11.4,NaN,NaN,NaN,NaN
2014-09-05,11,11.8,NaN,9.5,NaN,12.7,NaN,8,11.4,NaN,NaN,NaN,NaN
2014-09-06,11.1,11.8,NaN,9.5,NaN,12.7,NaN,8,11.1,NaN,NaN,NaN,NaN
2014-09-07,11.1,11.8,9.4,9.5,NaN,12.7,NaN,8,11.1,NaN,NaN,NaN,NaN
2014-09-08,11.2,11.8,9.4,8.1,NaN,12.7,8.9,8,11.1,11.1,NaN,NaN,NaN
2014-09-09,11.3,10.2,9.4,8.1,NaN,NaN,8.9,8,11.1,11.1,NaN,NaN,NaN
2014-09-10,11.3,10.2,9.4,9.6,NaN,NaN,10.3,8,11.1,11.1,NaN,NaN,NaN
2014-09-11,11.4,10.2,9.4,9.6,NaN,NaN,10.3,8,11.1,NaN,NaN,NaN,NaN
2014-09-12,11.5,10.2,NaN,9.6,NaN,NaN,NaN,8,NaN,NaN,NaN,NaN,NaN
2014-09-13,11.5,NaN,NaN,NaN,NaN,NaN,NaN,NaN,NaN,NaN,NaN,NaN,NaN
2014-09-14,11.6,NaN,NaN,NaN,NaN,NaN,NaN,NaN,NaN,NaN,NaN,12.9,NaN
2014-09-15,11.6,NaN,NaN,13.2,NaN,NaN,NaN,NaN,NaN,NaN,NaN,NaN,NaN
2014-09-16,11.7,NaN,NaN,13.2,NaN,NaN,NaN,NaN,NaN,NaN,NaN,NaN,NaN
2014-09-17,11.8,12.1,12.4,13.2,NaN,NaN,NaN,NaN,NaN,NaN,NaN,NaN,NaN
2014-09-18,11.8,12.1,12.4,13.2,NaN,NaN,NaN,NaN,NaN,NaN,NaN,NaN,NaN
2014-09-19,11.9,12.1,12.4,13.2,NaN,NaN,NaN,NaN,NaN,NaN,NaN,NaN,NaN
2014-09-20,11.9,12.1,12.4,13.2,NaN,NaN,NaN,NaN,NaN,NaN,NaN,NaN,NaN
2014-09-21,12,12.1,12.4,13.2,NaN,NaN,NaN,NaN,NaN,NaN,NaN,NaN,NaN
2014-09-22,12,NaN,12.4,13.2,NaN,NaN,NaN,NaN,NaN,NaN,NaN,NaN,NaN
2014-09-23,12.1,NaN,12.4,13.2,NaN,NaN,NaN,NaN,NaN,NaN,NaN,NaN,NaN
2014-09-24,12.1,NaN,12.4,13.2,NaN,NaN,NaN,NaN,NaN,NaN,NaN,NaN,NaN
2014-09-25,12.1,NaN,NaN,13.2,NaN,NaN,NaN,NaN,NaN,NaN,NaN,NaN,NaN
2014-09-26,12.2,NaN,NaN,13.2,NaN,NaN,NaN,NaN,NaN,NaN,NaN,NaN,NaN
2014-09-27,12.2,NaN,NaN,13.2,NaN,NaN,NaN,NaN,NaN,NaN,NaN,NaN,NaN
2014-09-28,12.3,NaN,NaN,13.2,NaN,NaN,NaN,NaN,NaN,NaN,NaN,NaN,NaN
2014-09-29,12.3,NaN,NaN,13.2,NaN,NaN,NaN,NaN,NaN,NaN,NaN,NaN,NaN
2014-09-30,12.3,13.3,NaN,13.2,NaN,NaN,NaN,NaN,NaN,NaN,NaN,NaN,NaN
2014-10-01,12.3,13.3,NaN,13.2,NaN,NaN,NaN,NaN,NaN,NaN,NaN,NaN,NaN
2014-10-02,12.3,13.3,NaN,13.2,NaN,NaN,NaN,NaN,NaN,NaN,NaN,NaN,NaN
2014-10-03,12.4,13.3,NaN,13.2,NaN,NaN,NaN,NaN,NaN,NaN,NaN,NaN,NaN
2014-10-04,12.4,13.3,NaN,13.2,NaN,NaN,NaN,NaN,NaN,NaN,NaN,NaN,NaN
2014-10-05,12.4,13.3,NaN,13.2,NaN,NaN,NaN,NaN,NaN,NaN,NaN,NaN,NaN
2014-10-06,12.4,13.3,NaN,13.2,NaN,NaN,12.4,NaN,NaN,NaN,NaN,NaN,NaN
2014-10-07,12.4,13.3,NaN,13.2,NaN,NaN,12.4,NaN,NaN,NaN,NaN,NaN,NaN
2014-10-08,12.5,13.3,NaN,13.2,NaN,NaN,12.4,NaN,NaN,NaN,NaN,NaN,NaN
2014-10-09,12.5,NaN,12.5,13.2,NaN,NaN,12.4,NaN,NaN,NaN,NaN,NaN,NaN
2014-10-10,12.5,NaN,12.5,13.2,NaN,NaN,12.4,NaN,NaN,NaN,NaN,NaN,NaN
2014-10-11,12.6,NaN,12.5,13.2,NaN,NaN,12.4,NaN,NaN,NaN,NaN,NaN,NaN
2014-10-12,12.6,NaN,12.5,13.2,NaN,NaN,12.4,NaN,NaN,NaN,NaN,NaN,NaN
2014-10-13,12.6,NaN,12.5,12.3,NaN,NaN,12.4,NaN,NaN,NaN,NaN,NaN,NaN
2014-10-14,12.4,NaN,12.5,12.3,NaN,NaN,12.4,NaN,NaN,NaN,NaN,NaN,NaN
2014-10-15,12.4,NaN,12.5,12.3,NaN,NaN,12.4,NaN,NaN,NaN,NaN,NaN,12
2014-10-16,12.4,NaN,12.5,12.3,NaN,NaN,12.4,NaN,NaN,NaN,NaN,NaN,12
2014-10-17,12.5,NaN,12.5,12.3,NaN,NaN,NaN,NaN,NaN,NaN,NaN,NaN,12
2014-10-18,12.5,NaN,12.5,12.3,NaN,NaN,NaN,NaN,NaN,NaN,NaN,NaN,12
2014-10-19,12.5,NaN,12.5,12.3,NaN,NaN,NaN,NaN,NaN,NaN,NaN,NaN,12
2014-10-20,12.6,NaN,12.5,12.3,NaN,NaN,NaN,NaN,NaN,NaN,NaN,NaN,12
2014-10-21,12.6,NaN,12.5,12.3,NaN,NaN,NaN,NaN,NaN,NaN,NaN,NaN,12
2014-10-22,12.7,NaN,NaN,12.3,NaN,NaN,NaN,NaN,NaN,NaN,NaN,NaN,12
2014-10-23,12.7,NaN,NaN,12.3,NaN,NaN,NaN,NaN,NaN,NaN,NaN,NaN,12
2014-10-24,12.8,NaN,NaN,12.3,NaN,NaN,NaN,NaN,NaN,NaN,NaN,NaN,12
2014-10-25,12.8,NaN,NaN,12.3,NaN,NaN,NaN,NaN,NaN,NaN,NaN,NaN,12
2014-10-26,12.9,NaN,NaN,12.3,NaN,NaN,NaN,NaN,NaN,NaN,NaN,NaN,12
2014-10-27,12.9,NaN,NaN,12.3,NaN,NaN,NaN,NaN,NaN,NaN,NaN,NaN,12
2014-10-28,12.9,13.8,NaN,12.3,NaN,NaN,NaN,NaN,NaN,NaN,NaN,NaN,12
2014-10-29,12.9,13.8,NaN,12.3,12.4,NaN,NaN,NaN,NaN,NaN,NaN,NaN,12
2014-10-30,12.9,13.8,NaN,12.3,12.4,NaN,NaN,NaN,NaN,NaN,NaN,NaN,12
2014-10-31,12.9,13.8,NaN,12.3,12.4,NaN,NaN,NaN,NaN,NaN,NaN,NaN,NaN
2014-11-01,12.9,13.8,NaN,12.3,12.4,NaN,NaN,NaN,NaN,NaN,NaN,NaN,NaN
2014-11-02,12.9,13.8,NaN,12.3,12.4,NaN,NaN,NaN,NaN,NaN,NaN,NaN,NaN
2014-11-03,12.9,13.8,NaN,12.3,12.4,NaN,NaN,NaN,NaN,NaN,NaN,NaN,NaN
2014-11-04,12.9,13.8,NaN,12.3,12.4,NaN,NaN,11.8,NaN,NaN,NaN,NaN,NaN
2014-11-05,12.9,13.8,NaN,12.3,12.4,NaN,NaN,11.8,NaN,NaN,NaN,NaN,NaN
2014-11-06,13,NaN,NaN,12.3,12.4,NaN,NaN,11.8,NaN,NaN,NaN,NaN,NaN
2014-11-07,13,NaN,NaN,12.3,12.4,NaN,NaN,11.8,NaN,NaN,NaN,NaN,NaN
2014-11-08,13,NaN,NaN,12.3,12.4,NaN,NaN,11.8,NaN,NaN,NaN,NaN,NaN
2014-11-09,13.1,NaN,NaN,12.3,12.4,NaN,NaN,11.8,NaN,NaN,NaN,NaN,NaN
2014-11-10,13.1,NaN,NaN,NaN,12.4,NaN,12.1,11.8,NaN,NaN,NaN,NaN,NaN
2014-11-11,13.1,NaN,NaN,NaN,12.4,NaN,12.1,11.8,NaN,NaN,NaN,NaN,NaN
2014-11-12,13.1,NaN,NaN,NaN,12.4,NaN,12.1,11.8,NaN,NaN,NaN,NaN,NaN
2014-11-13,13.1,NaN,12.5,NaN,12.4,NaN,12.1,11.8,NaN,NaN,NaN,NaN,NaN
2014-11-14,13.2,NaN,12.5,NaN,12.4,NaN,12.1,11.8,NaN,NaN,NaN,NaN,NaN
2014-11-15,13.2,NaN,12.5,NaN,12.4,NaN,12.1,11.8,NaN,NaN,NaN,NaN,NaN
2014-11-16,13.2,NaN,12.5,NaN,12.4,NaN,12.1,11.8,NaN,NaN,NaN,NaN,NaN
2014-11-17,13.2,NaN,12.5,NaN,12.4,NaN,12.1,11.8,NaN,NaN,NaN,NaN,NaN
2014-11-18,13.2,NaN,12.5,NaN,12.4,NaN,12.1,11.8,NaN,NaN,NaN,NaN,NaN
2014-11-19,13.3,NaN,12.5,NaN,12.4,NaN,12.1,11.8,NaN,NaN,NaN,NaN,NaN
2014-11-20,13.3,NaN,12.5,NaN,12.4,NaN,12.1,11.8,NaN,NaN,NaN,NaN,NaN
2014-11-21,13.3,NaN,12.5,NaN,12.4,NaN,NaN,11.8,NaN,NaN,NaN,NaN,NaN
2014-11-22,13.4,NaN,12.5,NaN,12.4,NaN,NaN,11.8,NaN,NaN,NaN,NaN,NaN
2014-11-23,13.4,NaN,12.5,NaN,12.4,NaN,NaN,11.8,NaN,NaN,NaN,NaN,NaN
2014-11-24,13.5,NaN,12.5,NaN,12.4,NaN,NaN,11.8,NaN,NaN,NaN,NaN,NaN
2014-11-25,13.5,13.5,NaN,NaN,12.4,NaN,NaN,NaN,NaN,NaN,NaN,NaN,NaN
2014-11-26,13.6,13.5,NaN,NaN,NaN,NaN,NaN,NaN,NaN,NaN,NaN,NaN,NaN
2014-11-27,13.6,13.5,NaN,NaN,NaN,NaN,NaN,NaN,NaN,NaN,NaN,NaN,NaN
2014-11-28,13.7,13.5,NaN,NaN,NaN,NaN,NaN,NaN,NaN,NaN,NaN,NaN,NaN
2014-11-29,13.7,13.5,NaN,NaN,NaN,NaN,NaN,NaN,NaN,NaN,NaN,NaN,NaN
2014-11-30,13.8,13.5,NaN,NaN,NaN,NaN,NaN,NaN,NaN,NaN,NaN,NaN,NaN
2014-12-01,13.8,13.5,NaN,NaN,NaN,NaN,NaN,NaN,NaN,NaN,NaN,NaN,NaN
2014-12-02,13.8,13.5,NaN,NaN,NaN,NaN,NaN,NaN,NaN,NaN,NaN,NaN,NaN
2014-12-03,13.9,13.5,NaN,16,NaN,NaN,NaN,NaN,NaN,NaN,NaN,NaN,NaN
2014-12-04,13.9,NaN,NaN,16,NaN,NaN,NaN,NaN,NaN,17.7,NaN,NaN,14
2014-12-05,13.9,NaN,NaN,16,NaN,NaN,NaN,NaN,NaN,17.7,NaN,NaN,14
2014-12-06,14,NaN,NaN,16,NaN,NaN,NaN,NaN,NaN,NaN,NaN,NaN,14
2014-12-07,14,NaN,NaN,16,NaN,NaN,NaN,NaN,NaN,NaN,NaN,NaN,14
2014-12-08,14,NaN,12.5,16,NaN,NaN,12.9,NaN,NaN,NaN,NaN,NaN,14
2014-12-09,14,NaN,12.5,16,NaN,NaN,12.9,NaN,NaN,NaN,NaN,NaN,14
2014-12-10,14,NaN,12.5,16,NaN,NaN,12.9,NaN,NaN,NaN,NaN,NaN,14
2014-12-11,14,NaN,12.5,16,NaN,NaN,12.9,NaN,NaN,NaN,NaN,NaN,NaN
2014-12-12,14.1,NaN,12.5,16,NaN,NaN,12.9,NaN,NaN,NaN,NaN,NaN,NaN
2014-12-13,14.1,NaN,12.5,16,NaN,NaN,12.9,NaN,NaN,NaN,NaN,NaN,NaN
2014-12-14,14.1,NaN,12.5,16,NaN,NaN,12.9,NaN,NaN,NaN,NaN,NaN,NaN
2014-12-15,14.2,NaN,12.5,NaN,NaN,NaN,12.9,NaN,NaN,NaN,NaN,NaN,NaN
2014-12-16,14.2,NaN,NaN,NaN,NaN,NaN,12.9,NaN,NaN,NaN,NaN,NaN,NaN
2014-12-17,14.2,NaN,NaN,NaN,NaN,NaN,12.9,NaN,NaN,NaN,NaN,NaN,NaN
2014-12-18,14.2,NaN,NaN,NaN,NaN,NaN,12.9,NaN,NaN,NaN,NaN,NaN,NaN
2014-12-19,14.3,NaN,NaN,NaN,NaN,NaN,NaN,NaN,NaN,NaN,NaN,NaN,NaN
2014-12-20,14.3,NaN,NaN,NaN,NaN,NaN,NaN,NaN,NaN,NaN,NaN,NaN,NaN
2014-12-21,14.3,NaN,NaN,NaN,NaN,NaN,NaN,NaN,NaN,NaN,NaN,NaN,NaN
2014-12-22,14.3,NaN,NaN,16.5,NaN,NaN,NaN,NaN,NaN,NaN,NaN,NaN,NaN
2014-12-23,14.4,NaN,NaN,16.5,NaN,NaN,NaN,NaN,NaN,NaN,NaN,NaN,NaN
2014-12-24,14.4,NaN,NaN,16.5,NaN,NaN,NaN,NaN,NaN,NaN,NaN,NaN,NaN
2014-12-25,14.4,NaN,NaN,16.5,NaN,NaN,NaN,NaN,NaN,NaN,NaN,NaN,NaN
2014-12-26,14.4,NaN,NaN,16.5,NaN,NaN,NaN,NaN,NaN,NaN,NaN,NaN,NaN
2014-12-27,14.4,NaN,NaN,16.5,NaN,NaN,NaN,NaN,NaN,NaN,NaN,NaN,NaN
2014-12-28,14.5,NaN,NaN,16.5,NaN,NaN,NaN,NaN,NaN,NaN,NaN,NaN,NaN
2014-12-29,14.5,NaN,NaN,16.5,NaN,NaN,NaN,NaN,NaN,NaN,NaN,NaN,NaN
2014-12-30,14.5,14.4,NaN,16.5,NaN,NaN,NaN,NaN,NaN,NaN,NaN,NaN,NaN
2014-12-31,14.5,14.4,NaN,16.5,NaN,NaN,NaN,NaN,NaN,NaN,NaN,NaN,NaN
2015-01-01,14.5,14.4,NaN,16.5,NaN,NaN,NaN,NaN,NaN,NaN,NaN,NaN,NaN
2015-01-02,14.5,14.4,NaN,16.5,NaN,NaN,NaN,NaN,NaN,NaN,NaN,NaN,NaN
2015-01-03,14.4,14.4,NaN,16.5,NaN,NaN,NaN,NaN,NaN,NaN,NaN,NaN,NaN
2015-01-04,14.4,14.4,NaN,16.5,NaN,NaN,NaN,NaN,NaN,NaN,NaN,NaN,13.6
2015-01-05,14.4,14.4,NaN,16.5,NaN,NaN,NaN,NaN,NaN,NaN,NaN,NaN,13.6
2015-01-06,14.4,14.4,NaN,16.5,NaN,NaN,NaN,NaN,NaN,NaN,NaN,NaN,13.6
2015-01-07,14.4,14.4,NaN,16.5,NaN,NaN,13.4,NaN,NaN,NaN,NaN,NaN,13.6
2015-01-08,14.4,NaN,NaN,16.5,NaN,NaN,13.4,NaN,NaN,NaN,NaN,NaN,13.6
2015-01-09,14.4,NaN,NaN,16.5,NaN,NaN,NaN,NaN,NaN,NaN,NaN,NaN,13.6
2015-01-10,14.4,NaN,NaN,16.5,NaN,NaN,NaN,NaN,NaN,NaN,NaN,NaN,13.6
2015-01-11,14.4,NaN,NaN,16.5,NaN,NaN,NaN,NaN,NaN,NaN,NaN,NaN,NaN
2015-01-12,14.4,NaN,13.1,16.5,NaN,NaN,13.3,NaN,NaN,NaN,NaN,NaN,NaN
2015-01-13,14.5,NaN,13.1,16.5,NaN,NaN,13.3,NaN,NaN,NaN,NaN,NaN,NaN
2015-01-14,14.5,NaN,13.1,16.5,NaN,NaN,13.3,NaN,NaN,NaN,NaN,NaN,NaN
2015-01-15,14.5,NaN,13.1,16.5,NaN,NaN,13.3,NaN,NaN,NaN,NaN,NaN,NaN
2015-01-16,14.5,NaN,13.1,16.5,NaN,NaN,13.3,NaN,NaN,NaN,NaN,NaN,NaN
2015-01-17,14.5,NaN,13.1,16.5,NaN,NaN,13.3,NaN,NaN,NaN,NaN,NaN,NaN
2015-01-18,14.5,NaN,13.1,16.5,NaN,NaN,13.3,NaN,NaN,NaN,NaN,NaN,NaN
2015-01-19,14.5,NaN,13.1,NaN,NaN,NaN,13.3,NaN,NaN,NaN,NaN,NaN,NaN
2015-01-20,14.5,NaN,13.1,NaN,NaN,NaN,13.3,NaN,NaN,NaN,NaN,NaN,NaN
2015-01-21,14.5,NaN,13.1,NaN,NaN,NaN,13.3,NaN,NaN,NaN,NaN,NaN,NaN
2015-01-22,14.5,NaN,13.1,NaN,NaN,NaN,13.3,NaN,NaN,NaN,NaN,NaN,NaN
2015-01-23,14.4,NaN,13.1,NaN,NaN,NaN,NaN,NaN,NaN,NaN,NaN,NaN,NaN
2015-01-24,14.4,NaN,13.1,NaN,NaN,NaN,NaN,NaN,NaN,NaN,NaN,NaN,NaN
2015-01-25,14.4,NaN,13.1,NaN,NaN,NaN,NaN,NaN,NaN,NaN,NaN,NaN,NaN
2015-01-26,14.4,NaN,13.1,15,NaN,NaN,NaN,NaN,NaN,NaN,NaN,NaN,NaN
2015-01-27,14.4,14,NaN,15,NaN,NaN,NaN,NaN,NaN,NaN,NaN,NaN,NaN
2015-01-28,14.4,14,NaN,15,NaN,NaN,NaN,NaN,NaN,NaN,NaN,NaN,NaN
2015-01-29,14.4,14,NaN,15,NaN,NaN,NaN,NaN,NaN,NaN,NaN,NaN,NaN
2015-01-30,14.4,14,NaN,15,NaN,NaN,NaN,NaN,NaN,NaN,NaN,NaN,NaN
2015-01-31,14.4,14,NaN,15,NaN,NaN,NaN,NaN,NaN,NaN,NaN,NaN,NaN
2015-02-01,14.4,14,NaN,15,NaN,NaN,NaN,NaN,NaN,NaN,NaN,NaN,NaN
2015-02-02,14.4,14,NaN,15,NaN,NaN,13,NaN,NaN,NaN,NaN,NaN,14.8
2015-02-03,14.4,14,NaN,15,NaN,NaN,13,NaN,NaN,NaN,NaN,NaN,14.8
2015-02-04,14.4,14,NaN,15,NaN,NaN,13,NaN,NaN,NaN,NaN,NaN,14.8
2015-02-05,14.4,NaN,NaN,15,NaN,NaN,13,NaN,NaN,19,NaN,NaN,14.8
2015-02-06,14.4,NaN,NaN,15,NaN,NaN,13,NaN,NaN,19,NaN,NaN,14.8
2015-02-07,14.4,NaN,NaN,15,NaN,NaN,13,NaN,NaN,19,NaN,NaN,14.8
2015-02-08,14.4,NaN,NaN,15,NaN,NaN,13,NaN,NaN,19,NaN,NaN,14.8
2015-02-09,14.4,NaN,NaN,15,NaN,NaN,13,NaN,NaN,19,NaN,NaN,14.8
2015-02-10,14.4,NaN,NaN,15,NaN,NaN,13,NaN,NaN,NaN,NaN,NaN,14.8
2015-02-11,14.3,NaN,NaN,15,NaN,NaN,13,NaN,NaN,NaN,NaN,NaN,14.8
2015-02-12,14.3,NaN,13.6,15,NaN,NaN,13,NaN,NaN,NaN,NaN,NaN,NaN
2015-02-13,14.3,NaN,13.6,15,NaN,NaN,NaN,NaN,NaN,NaN,NaN,NaN,NaN
2015-02-14,14.3,NaN,13.6,15,NaN,NaN,NaN,NaN,NaN,NaN,NaN,NaN,NaN
2015-02-15,14.3,NaN,13.6,15,NaN,NaN,NaN,NaN,NaN,NaN,NaN,NaN,NaN
2015-02-16,14.3,NaN,13.6,15,NaN,NaN,NaN,NaN,NaN,NaN,NaN,NaN,NaN
2015-02-17,14.3,NaN,13.6,15,NaN,NaN,NaN,NaN,NaN,NaN,NaN,NaN,NaN
2015-02-18,14.3,NaN,13.6,15,NaN,NaN,NaN,NaN,NaN,NaN,NaN,NaN,NaN
2015-02-19,14.3,NaN,13.6,15,NaN,NaN,NaN,12.9,NaN,NaN,NaN,NaN,NaN
2015-02-20,14.3,NaN,13.6,15,NaN,NaN,NaN,12.9,NaN,NaN,NaN,NaN,NaN
2015-02-21,14.3,NaN,13.6,15,NaN,NaN,NaN,12.9,NaN,NaN,NaN,NaN,NaN
2015-02-22,14.3,NaN,13.6,15,NaN,NaN,NaN,12.9,NaN,NaN,NaN,NaN,NaN
2015-02-23,14.3,NaN,13.6,15.2,NaN,NaN,NaN,12.9,NaN,NaN,NaN,NaN,NaN
2015-02-24,14.4,14.2,NaN,15.2,NaN,NaN,NaN,12.9,NaN,NaN,NaN,NaN,NaN
2015-02-25,14.4,14.2,NaN,15.2,NaN,NaN,NaN,12.9,NaN,NaN,NaN,NaN,NaN
2015-02-26,14.4,14.2,NaN,15.2,NaN,NaN,NaN,12.9,NaN,NaN,NaN,NaN,NaN
2015-02-27,14.4,14.2,NaN,15.2,NaN,NaN,NaN,12.9,NaN,NaN,NaN,NaN,NaN
2015-02-28,14.4,14.2,NaN,15.2,NaN,NaN,NaN,12.9,NaN,NaN,NaN,NaN,NaN
2015-03-01,14.4,14.2,NaN,15.2,NaN,NaN,NaN,12.9,NaN,NaN,NaN,NaN,NaN
2015-03-02,14.4,14.2,NaN,15.2,NaN,NaN,13.9,12.9,NaN,NaN,NaN,NaN,16
2015-03-03,14.5,14.2,NaN,15.2,NaN,NaN,13.9,12.9,NaN,NaN,NaN,NaN,16
2015-03-04,14.5,14.2,NaN,15.2,NaN,NaN,13.9,12.9,NaN,NaN,NaN,NaN,16
2015-03-05,14.5,NaN,NaN,15.2,NaN,NaN,13.9,12.9,NaN,NaN,NaN,NaN,16
2015-03-06,14.5,NaN,NaN,15.2,NaN,NaN,13.9,12.9,NaN,NaN,NaN,NaN,16
2015-03-07,14.5,NaN,NaN,15.2,NaN,NaN,13.9,12.9,NaN,NaN,NaN,NaN,16
2015-03-08,14.6,NaN,NaN,15.2,NaN,NaN,13.9,12.9,NaN,NaN,NaN,NaN,16
2015-03-09,14.6,NaN,12.8,15.2,NaN,NaN,13.9,12.9,NaN,NaN,NaN,NaN,16
2015-03-10,14.6,NaN,12.8,15.2,NaN,NaN,13.9,12.9,NaN,NaN,NaN,NaN,16
2015-03-11,14.6,NaN,12.8,15.2,NaN,NaN,13.9,12.9,NaN,NaN,NaN,NaN,16
2015-03-12,14.6,NaN,12.8,15.2,NaN,NaN,13.9,NaN,NaN,NaN,NaN,NaN,16
2015-03-13,14.6,NaN,12.8,15.2,NaN,NaN,NaN,NaN,NaN,18.5,NaN,NaN,NaN
2015-03-14,14.6,NaN,12.8,15.2,NaN,NaN,NaN,NaN,NaN,18.5,NaN,NaN,NaN
2015-03-15,14.6,NaN,12.8,15.2,NaN,NaN,NaN,NaN,NaN,18.5,NaN,NaN,NaN
2015-03-16,14.6,NaN,12.8,15.2,NaN,NaN,NaN,NaN,NaN,18.5,NaN,NaN,NaN
2015-03-17,14.6,NaN,12.8,15.2,NaN,NaN,NaN,NaN,NaN,NaN,NaN,NaN,NaN
2015-03-18,14.6,NaN,NaN,15.2,NaN,NaN,NaN,NaN,NaN,NaN,NaN,NaN,NaN
2015-03-19,14.6,NaN,NaN,15.2,NaN,NaN,NaN,NaN,NaN,NaN,NaN,NaN,NaN
2015-03-20,14.6,NaN,NaN,15.2,NaN,NaN,NaN,NaN,NaN,NaN,NaN,NaN,NaN
2015-03-21,14.6,NaN,NaN,15.2,NaN,NaN,NaN,NaN,NaN,NaN,NaN,NaN,NaN
2015-03-22,14.6,NaN,NaN,15.2,NaN,NaN,NaN,NaN,NaN,NaN,NaN,NaN,NaN
2015-03-23,14.6,NaN,NaN,15.8,NaN,NaN,NaN,NaN,NaN,NaN,NaN,NaN,NaN
2015-03-24,14.7,NaN,NaN,15.8,NaN,NaN,NaN,NaN,NaN,NaN,NaN,NaN,NaN
2015-03-25,14.7,NaN,NaN,15.8,NaN,NaN,NaN,NaN,NaN,NaN,NaN,NaN,NaN
2015-03-26,14.7,NaN,NaN,15.8,NaN,NaN,NaN,NaN,NaN,NaN,NaN,NaN,NaN
2015-03-27,14.7,NaN,NaN,15.8,NaN,NaN,NaN,NaN,NaN,NaN,NaN,NaN,NaN
2015-03-28,14.8,NaN,NaN,15.8,NaN,NaN,NaN,NaN,NaN,NaN,NaN,NaN,NaN
2015-03-29,14.8,NaN,NaN,15.8,NaN,NaN,NaN,NaN,NaN,NaN,NaN,NaN,NaN
2015-03-30,14.8,NaN,NaN,15.8,NaN,NaN,NaN,NaN,NaN,NaN,NaN,NaN,NaN
2015-03-31,14.8,15.7,NaN,15.8,NaN,NaN,NaN,NaN,NaN,NaN,NaN,NaN,NaN
2015-04-01,14.8,15.7,NaN,15.8,NaN,NaN,NaN,NaN,NaN,NaN,NaN,NaN,NaN
2015-04-02,14.8,15.7,NaN,15.8,NaN,NaN,NaN,NaN,NaN,NaN,NaN,NaN,NaN
2015-04-03,14.8,15.7,NaN,15.8,NaN,NaN,NaN,NaN,NaN,NaN,NaN,NaN,NaN
2015-04-04,14.8,15.7,NaN,15.8,NaN,NaN,NaN,NaN,NaN,NaN,NaN,NaN,NaN
2015-04-05,14.8,15.7,NaN,15.8,NaN,NaN,NaN,NaN,NaN,NaN,NaN,NaN,NaN
2015-04-06,14.8,15.7,NaN,15.8,NaN,NaN,NaN,NaN,NaN,NaN,NaN,NaN,NaN
2015-04-07,14.8,15.7,NaN,15.8,NaN,NaN,12.5,NaN,NaN,NaN,NaN,NaN,16.3
2015-04-08,14.9,15.7,NaN,15.8,NaN,NaN,12.5,NaN,NaN,NaN,NaN,NaN,16.3
2015-04-09,14.9,NaN,NaN,15.8,NaN,NaN,12.5,NaN,NaN,NaN,NaN,NaN,16.3
2015-04-10,14.9,NaN,NaN,15.8,NaN,NaN,12.5,NaN,NaN,NaN,NaN,NaN,16.3
2015-04-11,14.9,NaN,NaN,15.8,NaN,NaN,12.5,NaN,NaN,NaN,NaN,NaN,16.3
2015-04-12,14.9,NaN,NaN,15.8,NaN,NaN,12.5,NaN,NaN,NaN,NaN,NaN,16.3
2015-04-13,15,NaN,NaN,15.8,NaN,NaN,12.5,NaN,NaN,NaN,NaN,NaN,16.3
2015-04-14,15,NaN,NaN,15.8,NaN,NaN,12.5,NaN,NaN,NaN,NaN,NaN,16.3
2015-04-15,15,NaN,NaN,15.8,NaN,NaN,12.5,NaN,NaN,NaN,NaN,NaN,16.3
2015-04-16,15,NaN,14.6,15.8,NaN,NaN,12.5,NaN,NaN,NaN,NaN,NaN,NaN
2015-04-17,15.1,NaN,14.6,15.8,NaN,NaN,NaN,NaN,NaN,19.5,NaN,NaN,NaN
2015-04-18,15.1,NaN,14.6,15.8,NaN,NaN,NaN,NaN,NaN,19.5,NaN,NaN,NaN
2015-04-19,15.1,NaN,14.6,15.8,NaN,NaN,NaN,NaN,NaN,19.5,NaN,NaN,NaN
2015-04-20,15.1,NaN,14.6,16.8,NaN,NaN,NaN,NaN,NaN,19.5,NaN,NaN,NaN
2015-04-21,15.1,NaN,14.6,16.8,NaN,NaN,NaN,NaN,NaN,NaN,NaN,NaN,NaN
2015-04-22,15.1,NaN,14.6,16.8,NaN,NaN,NaN,NaN,NaN,NaN,NaN,NaN,16.4
2015-04-23,15.2,NaN,14.6,16.8,NaN,NaN,NaN,NaN,NaN,NaN,NaN,NaN,16.4
2015-04-24,15.2,NaN,14.6,16.8,NaN,NaN,NaN,NaN,NaN,NaN,NaN,NaN,16.4
2015-04-25,15.2,NaN,14.6,16.8,NaN,NaN,NaN,NaN,NaN,NaN,NaN,NaN,16.4
2015-04-26,15.2,NaN,14.6,16.8,NaN,NaN,NaN,NaN,NaN,NaN,NaN,NaN,16.4
2015-04-27,15.2,NaN,14.6,16.8,14.4,NaN,NaN,NaN,NaN,NaN,NaN,NaN,16.4
2015-04-28,15.3,15,NaN,16.8,14.4,NaN,NaN,NaN,NaN,NaN,NaN,NaN,16.4
2015-04-29,15.3,15,NaN,16.8,14.4,NaN,NaN,NaN,NaN,NaN,NaN,NaN,16.4
2015-04-30,15.3,15,NaN,16.8,14.4,NaN,NaN,NaN,NaN,NaN,NaN,NaN,16.4
2015-05-01,15.3,15,NaN,16.8,14.4,NaN,NaN,NaN,NaN,NaN,NaN,NaN,NaN
2015-05-02,15.3,15,NaN,16.8,14.4,NaN,NaN,NaN,NaN,NaN,NaN,NaN,NaN
2015-05-03,15.4,15,NaN,16.8,14.4,NaN,NaN,NaN,NaN,NaN,NaN,NaN,NaN
2015-05-04,15.4,15,NaN,16.8,14.4,NaN,14.7,NaN,NaN,NaN,NaN,NaN,NaN
2015-05-05,15.4,15,NaN,16.8,14.4,NaN,14.7,NaN,NaN,NaN,NaN,NaN,NaN
2015-05-06,15.4,15,NaN,16.8,14.4,NaN,14.7,NaN,NaN,NaN,NaN,NaN,NaN
2015-05-07,15.5,NaN,NaN,16.8,14.4,NaN,14.7,NaN,NaN,NaN,NaN,NaN,NaN
2015-05-08,15.5,NaN,NaN,16.8,14.4,NaN,14.7,NaN,NaN,NaN,NaN,NaN,NaN
2015-05-09,15.5,NaN,NaN,16.8,14.4,NaN,14.7,NaN,NaN,NaN,NaN,NaN,NaN
2015-05-10,15.6,NaN,NaN,16.8,14.4,NaN,14.7,NaN,NaN,NaN,NaN,NaN,17.2
2015-05-11,15.6,NaN,NaN,16.8,14.4,NaN,14.7,NaN,NaN,NaN,NaN,NaN,17.2
2015-05-12,15.7,NaN,14,16.8,14.4,NaN,14.7,NaN,NaN,NaN,NaN,NaN,17.2
2015-05-13,15.7,NaN,14,16.8,14.4,NaN,NaN,NaN,NaN,19.7,NaN,NaN,17.2
2015-05-14,15.8,NaN,14,16.8,14.4,NaN,NaN,NaN,NaN,19.7,NaN,NaN,17.2
2015-05-15,15.8,NaN,14,16.8,14.4,NaN,NaN,NaN,NaN,19.7,NaN,NaN,17.2
2015-05-16,15.8,NaN,14,16.8,14.4,NaN,NaN,NaN,NaN,19.7,NaN,NaN,17.2
2015-05-17,15.8,NaN,14,16.8,14.4,NaN,NaN,NaN,NaN,19.7,NaN,NaN,17.2
2015-05-18,15.9,NaN,14,18,14.4,NaN,NaN,NaN,NaN,19.7,NaN,NaN,17.2
2015-05-19,15.9,NaN,14,18,14.4,NaN,NaN,NaN,NaN,NaN,NaN,NaN,17.2
2015-05-20,15.9,NaN,14,18,14.4,NaN,NaN,NaN,NaN,NaN,NaN,NaN,17.2
2015-05-21,15.9,NaN,14,18,14.4,NaN,NaN,NaN,NaN,NaN,NaN,NaN,17.2
2015-05-22,16,NaN,14,18,14.4,NaN,NaN,NaN,NaN,NaN,NaN,NaN,17.2
2015-05-23,16,NaN,14,18,14.4,NaN,NaN,NaN,NaN,NaN,NaN,NaN,17.2
2015-05-24,16,NaN,14,18,14.4,NaN,NaN,NaN,NaN,NaN,NaN,NaN,17.2
2015-05-25,16,NaN,14,18,14.4,NaN,NaN,NaN,NaN,NaN,NaN,NaN,17.2
2015-05-26,16.1,NaN,NaN,18,14.4,NaN,NaN,NaN,NaN,NaN,NaN,NaN,NaN
2015-05-27,16.1,15.7,NaN,18,14.4,NaN,NaN,NaN,NaN,NaN,NaN,NaN,NaN
2015-05-28,16.1,15.7,NaN,18,NaN,NaN,NaN,NaN,NaN,NaN,NaN,NaN,NaN
2015-05-29,16.1,15.7,NaN,18,NaN,NaN,NaN,NaN,NaN,NaN,NaN,NaN,NaN
2015-05-30,16.2,15.7,NaN,18,NaN,NaN,NaN,NaN,NaN,NaN,NaN,NaN,NaN
2015-05-31,16.2,15.7,NaN,18,NaN,NaN,NaN,NaN,NaN,NaN,NaN,NaN,NaN
2015-06-01,16.3,15.7,NaN,18,NaN,NaN,15.2,NaN,NaN,NaN,NaN,NaN,NaN
2015-06-02,16.3,15.7,NaN,18,NaN,NaN,15.2,NaN,NaN,NaN,NaN,NaN,NaN
2015-06-03,16.4,15.7,NaN,18,NaN,NaN,15.2,NaN,NaN,NaN,NaN,NaN,NaN
2015-06-04,16.5,NaN,NaN,18,NaN,NaN,15.2,NaN,NaN,NaN,NaN,NaN,NaN
2015-06-05,16.5,NaN,15.9,18,NaN,NaN,15.2,NaN,NaN,NaN,NaN,NaN,NaN
2015-06-06,16.6,NaN,15.9,18,NaN,NaN,15.2,NaN,NaN,NaN,NaN,NaN,NaN
2015-06-07,16.6,NaN,15.9,18,NaN,NaN,15.2,NaN,NaN,NaN,NaN,NaN,NaN
2015-06-08,16.7,NaN,15.9,18,NaN,NaN,15.2,14,NaN,NaN,NaN,NaN,NaN
2015-06-09,16.7,NaN,15.9,18,NaN,NaN,15.2,14,NaN,NaN,NaN,NaN,NaN
2015-06-10,16.8,NaN,15.9,18,NaN,NaN,15.2,14,NaN,NaN,NaN,NaN,NaN
2015-06-11,16.9,NaN,15.9,18,NaN,NaN,15.2,14,NaN,NaN,NaN,NaN,NaN
2015-06-12,16.9,NaN,15.9,18,NaN,NaN,NaN,14,NaN,20.1,NaN,NaN,NaN
2015-06-13,17,NaN,15.9,18,NaN,NaN,NaN,14,NaN,20.1,NaN,NaN,NaN
2015-06-14,17,NaN,15.9,18,NaN,NaN,NaN,14,NaN,20.1,NaN,NaN,NaN
2015-06-15,17.1,NaN,15.9,NaN,NaN,NaN,NaN,14,NaN,20.1,NaN,NaN,NaN
2015-06-16,17.1,NaN,NaN,NaN,NaN,NaN,NaN,14,NaN,NaN,NaN,NaN,NaN
2015-06-17,17.2,NaN,NaN,NaN,NaN,NaN,NaN,14,NaN,NaN,NaN,NaN,NaN
2015-06-18,17.2,NaN,NaN,NaN,NaN,NaN,NaN,14,NaN,NaN,NaN,NaN,NaN
2015-06-19,17.3,NaN,NaN,NaN,NaN,NaN,NaN,14,NaN,NaN,NaN,NaN,NaN
2015-06-20,17.4,NaN,NaN,NaN,NaN,NaN,NaN,14,NaN,NaN,NaN,NaN,NaN
2015-06-21,17.4,NaN,NaN,NaN,NaN,NaN,NaN,14,NaN,NaN,NaN,NaN,NaN
2015-06-22,17.5,NaN,NaN,NaN,NaN,NaN,NaN,14,NaN,NaN,NaN,NaN,NaN
2015-06-23,17.5,NaN,NaN,NaN,NaN,NaN,NaN,14,NaN,NaN,NaN,NaN,NaN
2015-06-24,17.3,NaN,NaN,NaN,NaN,NaN,NaN,14,NaN,NaN,NaN,NaN,NaN
2015-06-25,17.3,NaN,NaN,NaN,NaN,NaN,NaN,14,NaN,NaN,NaN,NaN,NaN
2015-06-26,17.3,NaN,NaN,NaN,NaN,NaN,NaN,NaN,NaN,NaN,NaN,NaN,NaN
2015-06-27,17.3,NaN,NaN,NaN,NaN,NaN,NaN,NaN,NaN,NaN,NaN,NaN,NaN
2015-06-28,17.3,NaN,NaN,NaN,NaN,NaN,NaN,NaN,NaN,NaN,NaN,NaN,NaN
2015-06-29,17.4,NaN,NaN,NaN,NaN,NaN,NaN,NaN,NaN,NaN,NaN,NaN,NaN
2015-06-30,17.4,18.7,NaN,NaN,NaN,NaN,NaN,NaN,NaN,NaN,NaN,NaN,NaN
2015-07-01,17.4,18.7,NaN,NaN,NaN,NaN,NaN,NaN,NaN,NaN,NaN,NaN,NaN
2015-07-02,17.4,18.7,NaN,NaN,NaN,NaN,NaN,NaN,NaN,NaN,NaN,NaN,NaN
2015-07-03,17.5,18.7,NaN,NaN,NaN,NaN,NaN,NaN,NaN,NaN,NaN,NaN,NaN
2015-07-04,17.5,18.7,NaN,NaN,NaN,NaN,NaN,NaN,NaN,NaN,NaN,NaN,NaN
2015-07-05,17.5,18.7,NaN,NaN,NaN,NaN,NaN,NaN,NaN,NaN,NaN,NaN,NaN
2015-07-06,17.6,18.7,NaN,NaN,NaN,NaN,NaN,NaN,NaN,NaN,NaN,NaN,NaN
2015-07-07,17.6,18.7,NaN,NaN,NaN,NaN,NaN,NaN,NaN,NaN,NaN,NaN,NaN
2015-07-08,17.7,NaN,NaN,NaN,NaN,NaN,NaN,NaN,NaN,NaN,NaN,NaN,NaN
2015-07-09,17.7,NaN,NaN,NaN,NaN,NaN,NaN,NaN,NaN,NaN,NaN,NaN,NaN
2015-07-10,17.7,NaN,NaN,NaN,NaN,NaN,NaN,NaN,NaN,NaN,NaN,NaN,NaN
2015-07-11,17.8,NaN,NaN,NaN,NaN,NaN,NaN,NaN,NaN,NaN,NaN,NaN,NaN
2015-07-12,17.8,NaN,NaN,NaN,NaN,NaN,NaN,NaN,NaN,NaN,NaN,NaN,NaN
2015-07-13,17.8,NaN,NaN,NaN,NaN,NaN,NaN,NaN,NaN,NaN,NaN,NaN,NaN
2015-07-14,17.9,NaN,NaN,NaN,NaN,NaN,NaN,NaN,NaN,NaN,NaN,NaN,NaN
2015-07-15,17.9,NaN,NaN,NaN,NaN,NaN,NaN,NaN,NaN,NaN,NaN,NaN,NaN
2015-07-16,18,NaN,NaN,NaN,NaN,NaN,NaN,NaN,NaN,NaN,NaN,NaN,NaN
2015-07-17,18,NaN,NaN,NaN,NaN,NaN,NaN,NaN,NaN,NaN,NaN,NaN,NaN
2015-07-18,18,NaN,NaN,NaN,NaN,NaN,NaN,NaN,NaN,NaN,NaN,NaN,NaN
2015-07-19,18.1,NaN,NaN,NaN,NaN,NaN,NaN,NaN,NaN,NaN,NaN,NaN,NaN
2015-07-20,18.1,NaN,NaN,NaN,NaN,NaN,NaN,NaN,NaN,NaN,NaN,NaN,NaN
2015-07-21,18.1,NaN,NaN,NaN,NaN,NaN,NaN,NaN,NaN,NaN,NaN,NaN,NaN
2015-07-22,18.1,NaN,NaN,NaN,NaN,NaN,NaN,NaN,NaN,NaN,NaN,NaN,NaN
2015-07-23,18.2,NaN,NaN,NaN,NaN,NaN,NaN,NaN,NaN,NaN,NaN,NaN,NaN
2015-07-24,18.2,NaN,NaN,NaN,NaN,NaN,NaN,NaN,NaN,NaN,NaN,NaN,NaN
2015-07-25,18.2,NaN,NaN,NaN,NaN,NaN,NaN,NaN,NaN,NaN,NaN,NaN,NaN
2015-07-26,18.2,NaN,NaN,NaN,NaN,NaN,NaN,NaN,NaN,NaN,NaN,NaN,NaN
2015-07-27,18.3,NaN,NaN,NaN,NaN,NaN,NaN,NaN,NaN,NaN,NaN,NaN,NaN
2015-07-28,18.3,NaN,NaN,NaN,NaN,NaN,NaN,NaN,NaN,NaN,NaN,NaN,NaN
2015-07-29,18.4,NaN,NaN,NaN,NaN,NaN,NaN,NaN,NaN,NaN,NaN,NaN,NaN
2015-07-30,18.4,NaN,NaN,NaN,NaN,NaN,NaN,NaN,NaN,NaN,NaN,NaN,NaN
2015-07-31,18.5,NaN,NaN,NaN,NaN,NaN,NaN,NaN,NaN,NaN,NaN,NaN,NaN
2015-08-01,18.5,NaN,NaN,NaN,NaN,NaN,NaN,NaN,NaN,NaN,NaN,NaN,NaN
2015-08-02,18.6,NaN,NaN,NaN,NaN,NaN,NaN,NaN,NaN,NaN,NaN,NaN,NaN
2015-08-03,18.7,NaN,NaN,19.4,NaN,NaN,NaN,NaN,NaN,NaN,NaN,NaN,NaN
2015-08-04,18.7,NaN,NaN,19.4,NaN,NaN,NaN,NaN,NaN,NaN,NaN,NaN,NaN
2015-08-05,18.8,NaN,NaN,19.4,NaN,NaN,NaN,NaN,NaN,NaN,NaN,NaN,NaN
2015-08-06,18.8,NaN,NaN,19.4,NaN,NaN,NaN,NaN,NaN,NaN,NaN,NaN,NaN
2015-08-07,18.9,NaN,NaN,19.4,NaN,NaN,NaN,NaN,NaN,NaN,NaN,NaN,NaN
2015-08-08,18.9,NaN,NaN,19.4,NaN,NaN,NaN,NaN,NaN,NaN,NaN,NaN,NaN
2015-08-09,19,NaN,NaN,19.4,NaN,NaN,NaN,NaN,NaN,NaN,NaN,NaN,NaN
2015-08-10,19,NaN,NaN,19.4,NaN,NaN,17.8,NaN,NaN,NaN,NaN,NaN,NaN
2015-08-11,19,NaN,NaN,19.4,NaN,NaN,17.8,NaN,NaN,NaN,NaN,NaN,20.8
2015-08-12,19,NaN,NaN,19.4,NaN,NaN,17.8,NaN,NaN,NaN,NaN,NaN,20.8
2015-08-13,19,NaN,NaN,19.4,NaN,23.4,17.8,NaN,NaN,NaN,NaN,NaN,20.8
2015-08-14,19,NaN,17.8,19.4,NaN,23.4,17.8,NaN,NaN,25.2,NaN,NaN,20.8
2015-08-15,18.9,NaN,17.8,19.4,NaN,23.4,17.8,NaN,NaN,25.2,NaN,NaN,20.8
2015-08-16,18.9,NaN,17.8,19.4,NaN,23.4,17.8,NaN,NaN,25.2,NaN,NaN,20.8
2015-08-17,19,NaN,17.8,19.4,NaN,23.4,17.8,NaN,NaN,25.2,NaN,NaN,20.8
2015-08-18,19,NaN,17.8,19.4,NaN,23.4,17.8,NaN,NaN,NaN,NaN,NaN,20.8
2015-08-19,19,NaN,17.8,19.4,NaN,23.4,17.8,NaN,NaN,NaN,NaN,NaN,20.8
2015-08-20,19,NaN,17.8,19.4,NaN,NaN,17.8,NaN,NaN,NaN,NaN,NaN,NaN
2015-08-21,19.1,NaN,17.8,19.4,NaN,NaN,NaN,NaN,NaN,NaN,NaN,NaN,NaN
2015-08-22,19.1,NaN,17.8,19.4,NaN,NaN,NaN,NaN,NaN,NaN,NaN,NaN,NaN
2015-08-23,19.1,NaN,17.8,19.4,NaN,NaN,NaN,NaN,NaN,NaN,NaN,NaN,NaN
2015-08-24,19.1,NaN,17.8,20.8,NaN,NaN,NaN,NaN,NaN,NaN,NaN,NaN,NaN
2015-08-25,19.1,19.3,NaN,20.8,NaN,NaN,NaN,NaN,NaN,NaN,NaN,NaN,NaN
2015-08-26,19.1,19.3,NaN,20.8,NaN,NaN,NaN,NaN,NaN,NaN,NaN,NaN,NaN
2015-08-27,19.2,19.3,NaN,20.8,NaN,NaN,NaN,NaN,NaN,NaN,NaN,NaN,NaN
2015-08-28,19.2,19.3,NaN,20.8,NaN,NaN,NaN,NaN,NaN,NaN,NaN,NaN,NaN
2015-08-29,19.2,19.3,NaN,20.8,NaN,NaN,NaN,NaN,NaN,NaN,NaN,NaN,NaN
2015-08-30,19.2,19.3,NaN,20.8,NaN,NaN,NaN,NaN,NaN,NaN,NaN,NaN,NaN
2015-08-31,19.2,19.3,NaN,20.8,NaN,NaN,NaN,NaN,NaN,NaN,NaN,NaN,NaN
2015-09-01,19.2,19.3,NaN,20.8,NaN,NaN,NaN,NaN,NaN,NaN,NaN,NaN,NaN
2015-09-02,19.2,19.3,NaN,20.8,NaN,NaN,NaN,NaN,NaN,NaN,NaN,NaN,21.5
2015-09-03,19.2,NaN,NaN,20.8,NaN,26.4,NaN,NaN,NaN,NaN,NaN,NaN,21.5
2015-09-04,19.2,NaN,NaN,20.8,NaN,26.4,NaN,NaN,NaN,NaN,NaN,NaN,21.5
2015-09-05,19.2,NaN,NaN,20.8,NaN,26.4,NaN,NaN,NaN,NaN,NaN,NaN,21.5
2015-09-06,19.2,NaN,NaN,20.8,NaN,26.4,NaN,NaN,NaN,NaN,NaN,NaN,21.5
2015-09-07,19.2,NaN,NaN,20.8,NaN,26.4,17.7,NaN,NaN,NaN,NaN,NaN,21.5
2015-09-08,19.2,NaN,NaN,20.8,NaN,26.4,17.7,NaN,NaN,NaN,NaN,NaN,21.5
2015-09-09,19.2,NaN,16.7,20.8,NaN,26.4,17.7,NaN,NaN,NaN,NaN,NaN,21.5
2015-09-10,19.2,NaN,16.7,20.8,NaN,NaN,17.7,NaN,NaN,27.3,NaN,NaN,NaN
2015-09-11,19.1,NaN,16.7,20.8,NaN,NaN,17.7,NaN,NaN,27.3,NaN,NaN,NaN
2015-09-12,19.1,NaN,16.7,20.8,NaN,NaN,17.7,NaN,NaN,27.3,NaN,NaN,NaN
2015-09-13,19.1,NaN,16.7,20.8,NaN,NaN,17.7,NaN,NaN,27.3,NaN,NaN,NaN
2015-09-14,19.1,NaN,16.7,NaN,NaN,NaN,17.7,NaN,NaN,27.3,NaN,NaN,NaN
2015-09-15,19.1,NaN,16.7,NaN,NaN,NaN,17.7,NaN,NaN,NaN,NaN,NaN,NaN
2015-09-16,19.2,NaN,16.7,NaN,NaN,NaN,17.7,NaN,NaN,NaN,NaN,NaN,21.2
2015-09-17,19.2,NaN,16.7,NaN,NaN,NaN,17.7,NaN,NaN,NaN,NaN,NaN,21.2
2015-09-18,19.2,NaN,16.7,NaN,NaN,NaN,NaN,NaN,NaN,NaN,NaN,NaN,21.2
2015-09-19,19.2,NaN,16.7,NaN,NaN,NaN,NaN,NaN,NaN,NaN,NaN,NaN,21.2
2015-09-20,19.2,NaN,16.7,NaN,NaN,NaN,NaN,NaN,NaN,NaN,NaN,NaN,21.2
2015-09-21,19.2,NaN,NaN,NaN,NaN,NaN,NaN,NaN,NaN,NaN,NaN,NaN,21.2
2015-09-22,19.2,NaN,NaN,NaN,NaN,NaN,NaN,NaN,NaN,NaN,NaN,NaN,21.2
2015-09-23,19.2,NaN,NaN,NaN,NaN,NaN,NaN,NaN,NaN,NaN,NaN,NaN,21.2
2015-09-24,19.2,NaN,NaN,NaN,NaN,NaN,NaN,NaN,NaN,NaN,NaN,NaN,21.2
2015-09-25,19.1,NaN,NaN,NaN,NaN,NaN,NaN,NaN,NaN,NaN,NaN,NaN,NaN
2015-09-26,19.1,NaN,NaN,NaN,NaN,NaN,NaN,NaN,NaN,NaN,NaN,NaN,NaN
2015-09-27,19.1,NaN,NaN,NaN,NaN,NaN,NaN,NaN,NaN,NaN,NaN,NaN,NaN
2015-09-28,19.1,NaN,NaN,19.4,NaN,NaN,NaN,NaN,NaN,NaN,NaN,NaN,NaN
2015-09-29,19.1,19.5,NaN,19.4,NaN,NaN,NaN,NaN,NaN,NaN,NaN,NaN,NaN
2015-09-30,19.1,19.5,NaN,19.4,NaN,NaN,NaN,NaN,NaN,NaN,NaN,NaN,NaN
2015-10-01,19.1,19.5,NaN,19.4,NaN,25,NaN,NaN,NaN,NaN,NaN,NaN,NaN
2015-10-02,19.1,19.5,NaN,19.4,NaN,25,NaN,NaN,NaN,NaN,NaN,NaN,NaN
2015-10-03,19.1,19.5,NaN,19.4,NaN,25,NaN,NaN,NaN,NaN,NaN,NaN,NaN
2015-10-04,19.1,19.5,NaN,19.4,NaN,25,NaN,16.7,NaN,NaN,NaN,NaN,NaN
2015-10-05,19.1,19.5,NaN,19.4,NaN,25,17.2,16.7,NaN,NaN,NaN,NaN,NaN
2015-10-06,19.1,19.5,NaN,19.4,NaN,25,17.2,16.7,NaN,NaN,NaN,NaN,NaN
2015-10-07,19.1,NaN,NaN,19.4,NaN,25,17.2,16.7,NaN,NaN,NaN,NaN,NaN
2015-10-08,19.1,NaN,NaN,19.4,NaN,25,17.2,16.7,NaN,24.8,NaN,NaN,NaN
2015-10-09,19.1,NaN,NaN,19.4,NaN,NaN,17.2,16.7,NaN,24.8,NaN,NaN,NaN
2015-10-10,19.1,NaN,NaN,19.4,NaN,NaN,17.2,16.7,NaN,24.8,NaN,NaN,NaN
2015-10-11,19.1,NaN,NaN,19.4,NaN,NaN,17.2,16.7,NaN,24.8,NaN,NaN,NaN
2015-10-12,19.1,NaN,NaN,19.4,NaN,NaN,17.2,16.7,NaN,24.8,NaN,NaN,20.5
2015-10-13,19.1,NaN,NaN,19.4,NaN,NaN,17.2,16.7,NaN,NaN,NaN,NaN,20.5
2015-10-14,19.1,NaN,NaN,19.4,NaN,NaN,17.2,16.7,NaN,NaN,NaN,NaN,20.5
2015-10-15,19.1,NaN,17.6,19.4,NaN,NaN,17.2,16.7,NaN,NaN,NaN,NaN,20.5
2015-10-16,19.1,NaN,17.6,19.4,NaN,NaN,NaN,16.7,NaN,NaN,NaN,NaN,20.5
2015-10-17,19.1,NaN,17.6,19.4,NaN,NaN,NaN,16.7,NaN,NaN,NaN,NaN,20.5
2015-10-18,19.2,NaN,17.6,19.4,NaN,NaN,NaN,16.7,NaN,NaN,NaN,NaN,20.5
2015-10-19,19.2,NaN,17.6,19.4,NaN,NaN,NaN,16.7,NaN,NaN,NaN,NaN,20.5
2015-10-20,19.2,NaN,17.6,19.4,NaN,NaN,NaN,16.7,NaN,NaN,NaN,NaN,20.5
2015-10-21,19.2,NaN,17.6,19.4,NaN,NaN,NaN,16.7,NaN,NaN,NaN,NaN,NaN
2015-10-22,19.2,NaN,17.6,19.4,NaN,NaN,NaN,NaN,NaN,NaN,NaN,NaN,NaN
2015-10-23,19.2,NaN,17.6,19.4,NaN,NaN,NaN,NaN,NaN,NaN,NaN,NaN,NaN
2015-10-24,19.3,NaN,17.6,19.4,NaN,NaN,NaN,NaN,NaN,NaN,NaN,NaN,NaN
2015-10-25,19.3,NaN,17.6,19.4,NaN,NaN,NaN,NaN,NaN,NaN,NaN,NaN,NaN
2015-10-26,19.3,NaN,17.6,20.7,NaN,NaN,NaN,NaN,NaN,NaN,NaN,NaN,NaN
2015-10-27,19.4,18.9,NaN,20.7,NaN,NaN,NaN,NaN,NaN,NaN,NaN,NaN,NaN
2015-10-28,19.4,18.9,NaN,20.7,NaN,NaN,NaN,NaN,NaN,NaN,NaN,NaN,NaN
2015-10-29,19.4,18.9,NaN,20.7,NaN,NaN,NaN,NaN,NaN,NaN,NaN,NaN,NaN
2015-10-30,19.4,18.9,NaN,20.7,NaN,NaN,NaN,NaN,NaN,NaN,NaN,NaN,NaN
2015-10-31,19.4,18.9,NaN,20.7,NaN,NaN,NaN,NaN,NaN,NaN,NaN,NaN,NaN
2015-11-01,19.5,18.9,NaN,20.7,NaN,NaN,NaN,NaN,NaN,NaN,NaN,NaN,NaN
2015-11-02,19.5,18.9,NaN,20.7,19.9,NaN,NaN,NaN,NaN,NaN,NaN,NaN,NaN
2015-11-03,19.5,18.9,NaN,20.7,19.9,NaN,NaN,NaN,NaN,NaN,NaN,NaN,NaN
2015-11-04,19.5,18.9,NaN,20.7,19.9,NaN,NaN,NaN,NaN,NaN,NaN,NaN,NaN
2015-11-05,19.6,NaN,NaN,20.7,19.9,26.8,NaN,NaN,NaN,NaN,NaN,NaN,NaN
2015-11-06,19.6,NaN,NaN,20.7,19.9,26.8,NaN,NaN,NaN,NaN,NaN,NaN,NaN
2015-11-07,19.6,NaN,NaN,20.7,19.9,26.8,NaN,NaN,NaN,NaN,NaN,NaN,NaN
2015-11-08,19.7,NaN,NaN,20.7,19.9,26.8,NaN,NaN,NaN,NaN,NaN,NaN,NaN
2015-11-09,19.7,NaN,NaN,20.7,19.9,26.8,17.6,NaN,NaN,NaN,NaN,NaN,20.7
2015-11-10,19.7,NaN,NaN,20.7,19.9,26.8,17.6,NaN,NaN,NaN,NaN,NaN,20.7
2015-11-11,19.8,NaN,NaN,20.7,19.9,NaN,17.6,NaN,NaN,NaN,NaN,NaN,20.7
2015-11-12,19.8,NaN,NaN,20.7,19.9,NaN,17.6,NaN,NaN,NaN,NaN,NaN,20.7
2015-11-13,19.8,NaN,17.2,20.7,19.9,NaN,17.6,NaN,NaN,26.7,NaN,NaN,20.7
2015-11-14,19.9,NaN,17.2,20.7,19.9,NaN,17.6,NaN,NaN,26.7,NaN,NaN,20.7
2015-11-15,19.9,NaN,17.2,20.7,19.9,NaN,17.6,NaN,NaN,26.7,NaN,NaN,20.7
2015-11-16,19.9,NaN,17.2,20.7,19.9,NaN,17.6,NaN,NaN,26.7,NaN,NaN,20.7
2015-11-17,19.9,NaN,17.2,20.7,19.9,NaN,17.6,NaN,NaN,NaN,NaN,NaN,NaN
2015-11-18,19.9,NaN,17.2,20.7,19.9,NaN,17.6,NaN,NaN,NaN,NaN,NaN,NaN
2015-11-19,20,NaN,17.2,20.7,19.9,NaN,17.6,NaN,NaN,NaN,NaN,NaN,NaN
2015-11-20,20,NaN,17.2,20.7,19.9,NaN,NaN,NaN,NaN,NaN,NaN,NaN,NaN
2015-11-21,20,NaN,17.2,20.7,19.9,NaN,NaN,NaN,NaN,NaN,NaN,NaN,NaN
2015-11-22,20,NaN,17.2,20.7,19.9,NaN,NaN,NaN,NaN,NaN,NaN,NaN,NaN
2015-11-23,20,NaN,17.2,22,19.9,NaN,NaN,NaN,NaN,NaN,NaN,NaN,NaN
2015-11-24,20,18.5,NaN,22,19.9,NaN,NaN,NaN,NaN,NaN,NaN,NaN,NaN
2015-11-25,20.1,18.5,NaN,22,19.9,NaN,NaN,NaN,NaN,NaN,NaN,NaN,NaN
2015-11-26,20.1,18.5,NaN,22,NaN,NaN,NaN,NaN,NaN,NaN,NaN,NaN,NaN
2015-11-27,20.1,18.5,NaN,22,NaN,NaN,NaN,NaN,NaN,NaN,NaN,NaN,NaN
2015-11-28,20.1,18.5,NaN,22,NaN,NaN,NaN,NaN,NaN,NaN,NaN,NaN,NaN
2015-11-29,20.1,18.5,NaN,22,NaN,NaN,NaN,NaN,NaN,NaN,NaN,NaN,NaN
2015-11-30,20.1,18.5,NaN,22,NaN,NaN,NaN,NaN,NaN,NaN,NaN,NaN,NaN
2015-12-01,20.1,18.5,NaN,22,NaN,NaN,NaN,NaN,NaN,NaN,NaN,NaN,NaN
2015-12-02,20.1,18.5,NaN,22,NaN,NaN,NaN,NaN,NaN,NaN,NaN,NaN,NaN
2015-12-03,20.1,NaN,18.9,22,NaN,NaN,NaN,NaN,NaN,NaN,NaN,NaN,NaN
2015-12-04,20.1,NaN,18.9,22,NaN,NaN,NaN,NaN,NaN,NaN,NaN,NaN,NaN
2015-12-05,20.1,NaN,18.9,22,NaN,NaN,NaN,NaN,NaN,NaN,NaN,NaN,NaN
2015-12-06,20.1,NaN,18.9,22,NaN,NaN,NaN,NaN,NaN,NaN,NaN,NaN,NaN
2015-12-07,20.1,NaN,18.9,22,NaN,NaN,19,16.3,NaN,NaN,NaN,NaN,NaN
2015-12-08,20.1,NaN,18.9,22,NaN,NaN,19,16.3,NaN,NaN,NaN,NaN,22.2
2015-12-09,20.1,NaN,18.9,22,NaN,NaN,19,16.3,NaN,NaN,NaN,NaN,22.2
2015-12-10,20,NaN,18.9,22,NaN,NaN,19,16.3,NaN,26.9,NaN,NaN,22.2
2015-12-11,20,NaN,18.9,22,NaN,NaN,19,16.3,NaN,26.9,NaN,NaN,22.2
2015-12-12,20,NaN,18.9,22,NaN,NaN,19,16.3,NaN,26.9,NaN,NaN,22.2
2015-12-13,20,NaN,18.9,22,NaN,NaN,19,16.3,NaN,26.9,NaN,NaN,22.2
2015-12-14,20,NaN,18.9,NaN,NaN,NaN,19,16.3,NaN,26.9,NaN,NaN,22.2
2015-12-15,20,NaN,NaN,NaN,NaN,NaN,19,16.3,NaN,NaN,NaN,NaN,22.2
2015-12-16,20,NaN,NaN,NaN,NaN,NaN,19,16.3,NaN,NaN,NaN,NaN,22.2
2015-12-17,20,NaN,NaN,NaN,NaN,NaN,19,16.3,NaN,NaN,NaN,NaN,NaN
2015-12-18,20,NaN,NaN,NaN,NaN,NaN,NaN,16.3,NaN,NaN,NaN,NaN,NaN
2015-12-19,20,NaN,NaN,NaN,NaN,NaN,NaN,16.3,NaN,NaN,NaN,NaN,NaN
2015-12-20,20,NaN,NaN,NaN,NaN,NaN,NaN,16.3,NaN,NaN,NaN,NaN,NaN
2015-12-21,20,NaN,NaN,NaN,NaN,NaN,NaN,16.3,NaN,NaN,NaN,NaN,NaN
2015-12-22,20,NaN,NaN,NaN,NaN,NaN,NaN,16.3,NaN,NaN,NaN,NaN,NaN
2015-12-23,20,NaN,NaN,NaN,NaN,NaN,NaN,16.3,NaN,NaN,NaN,NaN,NaN
2015-12-24,20,NaN,NaN,NaN,NaN,NaN,NaN,16.3,NaN,NaN,NaN,NaN,NaN
2015-12-25,19.9,NaN,NaN,NaN,NaN,NaN,NaN,16.3,NaN,NaN,NaN,NaN,NaN
2015-12-26,19.9,NaN,NaN,NaN,NaN,NaN,NaN,16.3,NaN,NaN,NaN,NaN,NaN
2015-12-27,19.9,NaN,NaN,NaN,NaN,NaN,NaN,16.3,NaN,NaN,NaN,NaN,NaN
2015-12-28,19.9,NaN,NaN,NaN,NaN,NaN,NaN,16.3,NaN,NaN,NaN,NaN,NaN
2015-12-29,19.9,NaN,NaN,NaN,NaN,NaN,NaN,NaN,NaN,NaN,NaN,NaN,NaN
2015-12-30,19.9,NaN,NaN,NaN,NaN,NaN,NaN,NaN,NaN,NaN,NaN,NaN,NaN
2015-12-31,19.8,NaN,NaN,NaN,NaN,NaN,NaN,NaN,NaN,NaN,NaN,NaN,NaN
2016-01-01,19.8,NaN,NaN,NaN,NaN,NaN,NaN,NaN,NaN,NaN,NaN,NaN,NaN
2016-01-02,19.8,NaN,NaN,NaN,NaN,NaN,NaN,NaN,NaN,NaN,NaN,NaN,NaN
2016-01-03,19.8,NaN,NaN,NaN,NaN,NaN,NaN,NaN,NaN,NaN,NaN,NaN,NaN
2016-01-04,19.7,NaN,NaN,20.3,NaN,NaN,NaN,NaN,NaN,NaN,NaN,NaN,NaN
2016-01-05,19.7,18.7,NaN,20.3,NaN,NaN,NaN,NaN,NaN,NaN,NaN,NaN,NaN
2016-01-06,19.6,18.7,NaN,20.3,NaN,NaN,NaN,NaN,NaN,NaN,NaN,NaN,NaN
2016-01-07,19.6,18.7,NaN,20.3,NaN,25.5,NaN,NaN,NaN,NaN,NaN,NaN,NaN
2016-01-08,19.5,18.7,NaN,20.3,NaN,25.5,NaN,NaN,NaN,NaN,NaN,NaN,NaN
2016-01-09,19.5,18.7,NaN,20.3,NaN,25.5,NaN,NaN,NaN,NaN,NaN,NaN,NaN
2016-01-10,19.5,18.7,NaN,20.3,NaN,25.5,NaN,NaN,NaN,NaN,NaN,NaN,NaN
2016-01-11,19.4,18.7,NaN,20.3,NaN,25.5,18.2,NaN,NaN,NaN,NaN,NaN,NaN
2016-01-12,19.4,18.7,NaN,20.3,NaN,25.5,18.2,NaN,NaN,NaN,NaN,NaN,22.2
2016-01-13,19.3,NaN,NaN,20.3,NaN,25.5,18.2,NaN,NaN,NaN,NaN,NaN,22.2
2016-01-14,19.3,NaN,16.7,20.3,NaN,NaN,18.2,NaN,NaN,NaN,NaN,NaN,22.2
2016-01-15,19.3,NaN,16.7,20.3,NaN,NaN,18.2,NaN,NaN,28.8,NaN,NaN,22.2
2016-01-16,19.3,NaN,16.7,20.3,NaN,NaN,18.2,NaN,NaN,28.8,NaN,NaN,22.2
2016-01-17,19.3,NaN,16.7,20.3,NaN,NaN,18.2,NaN,NaN,28.8,NaN,NaN,22.2
2016-01-18,19.2,NaN,16.7,20.3,NaN,NaN,18.2,NaN,NaN,28.8,NaN,NaN,22.2
2016-01-19,19.2,NaN,16.7,20.3,NaN,NaN,18.2,NaN,NaN,NaN,NaN,NaN,22.2
2016-01-20,19.2,NaN,16.7,20.3,NaN,NaN,18.2,NaN,NaN,NaN,NaN,NaN,NaN
2016-01-21,19.2,NaN,16.7,20.3,NaN,NaN,18.2,NaN,NaN,NaN,NaN,NaN,NaN
2016-01-22,19.2,NaN,16.7,20.3,NaN,NaN,NaN,NaN,NaN,NaN,NaN,NaN,NaN
2016-01-23,19.1,NaN,16.7,20.3,NaN,NaN,NaN,NaN,NaN,NaN,NaN,NaN,NaN
2016-01-24,19.1,NaN,16.7,20.3,NaN,NaN,NaN,NaN,NaN,NaN,NaN,NaN,NaN
2016-01-25,19.1,NaN,16.7,19.3,NaN,NaN,NaN,NaN,NaN,NaN,NaN,NaN,NaN
2016-01-26,19.1,18.8,NaN,19.3,NaN,NaN,NaN,NaN,NaN,NaN,NaN,NaN,NaN
2016-01-27,19.1,18.8,NaN,19.3,NaN,NaN,NaN,NaN,NaN,NaN,NaN,NaN,NaN
2016-01-28,19,18.8,NaN,19.3,NaN,NaN,NaN,NaN,NaN,NaN,NaN,NaN,NaN
2016-01-29,19,18.8,NaN,19.3,NaN,NaN,NaN,NaN,NaN,NaN,NaN,NaN,NaN
2016-01-30,19,18.8,NaN,19.3,NaN,NaN,NaN,NaN,NaN,NaN,NaN,NaN,NaN
2016-01-31,19,18.8,NaN,19.3,NaN,NaN,NaN,NaN,NaN,NaN,NaN,NaN,NaN
2016-02-01,19,18.8,NaN,19.3,NaN,NaN,16.6,NaN,NaN,NaN,NaN,NaN,NaN
2016-02-02,19,18.8,NaN,19.3,NaN,NaN,16.6,NaN,NaN,NaN,NaN,NaN,NaN
2016-02-03,19,NaN,NaN,19.3,NaN,25.5,16.6,NaN,NaN,NaN,NaN,NaN,NaN
2016-02-04,18.9,NaN,NaN,19.3,NaN,25.5,16.6,NaN,NaN,NaN,NaN,NaN,NaN
2016-02-05,18.9,NaN,NaN,19.3,NaN,25.5,16.6,NaN,NaN,NaN,NaN,NaN,NaN
2016-02-06,18.9,NaN,NaN,19.3,NaN,25.5,16.6,NaN,NaN,NaN,NaN,NaN,NaN
2016-02-07,18.9,NaN,NaN,19.3,NaN,25.5,16.6,NaN,NaN,NaN,NaN,NaN,20.9
2016-02-08,18.9,NaN,NaN,19.3,NaN,25.5,16.6,NaN,NaN,NaN,NaN,NaN,20.9
2016-02-09,18.9,NaN,NaN,19.3,NaN,25.5,16.6,NaN,NaN,NaN,NaN,NaN,20.9
2016-02-10,18.9,NaN,NaN,19.3,NaN,NaN,16.6,NaN,NaN,NaN,NaN,NaN,20.9
2016-02-11,18.9,NaN,16.2,19.3,NaN,NaN,16.6,NaN,NaN,NaN,NaN,NaN,20.9
2016-02-12,18.8,NaN,16.2,19.3,NaN,NaN,NaN,NaN,NaN,25.3,NaN,NaN,20.9
2016-02-13,18.8,NaN,16.2,19.3,NaN,NaN,NaN,NaN,NaN,25.3,NaN,NaN,20.9
2016-02-14,18.7,NaN,16.2,19.3,NaN,NaN,NaN,NaN,NaN,25.3,NaN,NaN,20.9
2016-02-15,18.7,NaN,16.2,19.3,NaN,NaN,NaN,NaN,NaN,25.3,NaN,NaN,20.9
2016-02-16,18.6,NaN,16.2,19.3,NaN,NaN,NaN,16.3,NaN,NaN,NaN,NaN,20.9
2016-02-17,18.6,NaN,16.2,19.3,NaN,NaN,NaN,16.3,NaN,NaN,NaN,NaN,20.9
2016-02-18,18.6,NaN,16.2,19.3,NaN,NaN,NaN,16.3,NaN,NaN,NaN,NaN,NaN
2016-02-19,18.5,NaN,16.2,19.3,NaN,NaN,NaN,16.3,NaN,NaN,NaN,NaN,NaN
2016-02-20,18.5,NaN,16.2,19.3,NaN,NaN,NaN,16.3,NaN,NaN,NaN,NaN,NaN
2016-02-21,18.5,NaN,16.2,19.3,NaN,NaN,NaN,16.3,NaN,NaN,NaN,NaN,NaN
2016-02-22,18.5,NaN,NaN,19.9,NaN,NaN,NaN,16.3,NaN,NaN,NaN,NaN,NaN
2016-02-23,18.5,17.7,NaN,19.9,NaN,NaN,NaN,16.3,NaN,NaN,NaN,NaN,NaN
2016-02-24,18.5,17.7,NaN,19.9,NaN,NaN,NaN,16.3,NaN,NaN,NaN,NaN,NaN
2016-02-25,18.4,17.7,NaN,19.9,NaN,NaN,NaN,16.3,NaN,NaN,NaN,NaN,NaN
2016-02-26,18.4,17.7,NaN,19.9,NaN,NaN,NaN,16.3,NaN,NaN,NaN,NaN,NaN
2016-02-27,18.4,17.7,NaN,19.9,NaN,NaN,NaN,16.3,NaN,NaN,NaN,NaN,NaN
2016-02-28,18.4,17.7,NaN,19.9,NaN,NaN,NaN,16.3,NaN,NaN,NaN,NaN,NaN
2016-02-29,18.4,17.7,NaN,19.9,NaN,NaN,17,16.3,NaN,NaN,NaN,NaN,NaN
2016-03-01,18.4,17.7,NaN,19.9,NaN,NaN,17,16.3,NaN,NaN,NaN,NaN,NaN
2016-03-02,18.3,17.7,NaN,19.9,NaN,NaN,17,16.3,NaN,NaN,NaN,NaN,NaN
2016-03-03,18.3,NaN,NaN,19.9,NaN,24,17,16.3,NaN,NaN,NaN,NaN,NaN
2016-03-04,18.3,NaN,NaN,19.9,NaN,24,17,16.3,NaN,NaN,NaN,NaN,NaN
2016-03-05,18.2,NaN,NaN,19.9,NaN,24,17,16.3,NaN,NaN,NaN,NaN,NaN
2016-03-06,18.2,NaN,NaN,19.9,NaN,24,17,16.3,NaN,NaN,NaN,NaN,NaN
2016-03-07,18.2,NaN,NaN,19.9,NaN,24,17,16.3,NaN,NaN,NaN,NaN,NaN
2016-03-08,18.2,NaN,NaN,19.9,NaN,24,17,16.3,NaN,NaN,NaN,NaN,NaN
2016-03-09,18.2,NaN,NaN,19.9,NaN,24,17,16.3,NaN,NaN,NaN,NaN,NaN
2016-03-10,18.2,NaN,14.7,19.9,NaN,NaN,17,16.3,NaN,NaN,NaN,NaN,NaN
2016-03-11,18.1,NaN,14.7,19.9,NaN,NaN,NaN,NaN,NaN,24.9,NaN,NaN,NaN
2016-03-12,18.1,NaN,14.7,19.9,NaN,NaN,NaN,NaN,NaN,24.9,NaN,NaN,NaN
2016-03-13,18.1,NaN,14.7,19.9,NaN,NaN,NaN,NaN,NaN,24.9,NaN,NaN,NaN
2016-03-14,18.1,NaN,14.7,19.9,NaN,NaN,NaN,NaN,NaN,24.9,NaN,NaN,NaN
2016-03-15,18.1,NaN,14.7,19.9,NaN,NaN,NaN,NaN,NaN,NaN,NaN,NaN,18.9
2016-03-16,18.1,NaN,14.7,19.9,NaN,NaN,NaN,NaN,NaN,NaN,NaN,NaN,18.9
2016-03-17,18.1,NaN,14.7,19.9,NaN,NaN,NaN,NaN,NaN,NaN,NaN,NaN,18.9
2016-03-18,18.1,NaN,14.7,19.9,NaN,NaN,NaN,NaN,NaN,NaN,NaN,NaN,18.9
2016-03-19,18.1,NaN,14.7,19.9,NaN,NaN,NaN,NaN,NaN,NaN,NaN,NaN,18.9
2016-03-20,18,NaN,14.7,19.9,NaN,NaN,NaN,NaN,NaN,NaN,NaN,NaN,18.9
2016-03-21,18,NaN,NaN,18.9,NaN,NaN,NaN,NaN,NaN,NaN,NaN,NaN,18.9
2016-03-22,18,NaN,NaN,18.9,NaN,NaN,NaN,NaN,NaN,NaN,NaN,NaN,18.9
2016-03-23,18,NaN,NaN,18.9,NaN,NaN,NaN,NaN,NaN,NaN,NaN,NaN,NaN
2016-03-24,18,NaN,NaN,18.9,NaN,NaN,NaN,NaN,NaN,NaN,NaN,NaN,NaN
2016-03-25,17.9,NaN,NaN,18.9,NaN,NaN,NaN,NaN,NaN,NaN,NaN,NaN,NaN
2016-03-26,17.9,NaN,NaN,18.9,NaN,NaN,NaN,NaN,NaN,NaN,NaN,NaN,NaN
2016-03-27,17.9,NaN,NaN,18.9,NaN,NaN,NaN,NaN,NaN,NaN,NaN,NaN,NaN
2016-03-28,17.9,NaN,NaN,18.9,NaN,NaN,NaN,NaN,NaN,NaN,NaN,NaN,NaN
2016-03-29,17.8,15.5,NaN,18.9,NaN,NaN,NaN,NaN,NaN,NaN,NaN,NaN,NaN
2016-03-30,17.8,15.5,NaN,18.9,NaN,NaN,NaN,NaN,NaN,NaN,NaN,NaN,NaN
2016-03-31,17.8,15.5,NaN,18.9,NaN,NaN,NaN,NaN,NaN,NaN,NaN,NaN,NaN
2016-04-01,17.7,15.5,NaN,18.9,NaN,NaN,NaN,NaN,NaN,NaN,NaN,NaN,NaN
2016-04-02,17.7,15.5,NaN,18.9,NaN,NaN,NaN,NaN,NaN,NaN,NaN,NaN,NaN
2016-04-03,17.7,15.5,NaN,18.9,NaN,NaN,NaN,NaN,NaN,NaN,NaN,NaN,NaN
2016-04-04,17.7,15.5,NaN,18.9,NaN,NaN,15.7,NaN,NaN,NaN,NaN,NaN,NaN
2016-04-05,17.6,15.5,NaN,18.9,NaN,22.3,15.7,NaN,NaN,NaN,NaN,NaN,NaN
2016-04-06,17.6,15.5,NaN,18.9,NaN,22.3,15.7,NaN,NaN,NaN,NaN,NaN,NaN
2016-04-07,17.6,NaN,NaN,18.9,NaN,22.3,15.7,NaN,NaN,NaN,NaN,NaN,19.7
2016-04-08,17.5,NaN,NaN,18.9,NaN,22.3,15.7,NaN,NaN,NaN,NaN,NaN,19.7
2016-04-09,17.5,NaN,NaN,18.9,NaN,22.3,15.7,NaN,NaN,NaN,NaN,NaN,19.7
2016-04-10,17.5,NaN,NaN,18.9,NaN,22.3,15.7,NaN,NaN,NaN,NaN,NaN,19.7
2016-04-11,17.5,NaN,NaN,18.9,NaN,22.3,15.7,NaN,NaN,NaN,NaN,NaN,19.7
2016-04-12,17.5,NaN,NaN,18.9,NaN,22.3,15.7,NaN,NaN,NaN,NaN,NaN,19.7
2016-04-13,17.5,NaN,NaN,18.9,NaN,22.3,15.7,NaN,NaN,NaN,NaN,NaN,19.7
2016-04-14,17.5,NaN,16.6,18.9,NaN,NaN,15.7,NaN,NaN,NaN,NaN,NaN,19.7
2016-04-15,17.5,NaN,16.6,18.9,NaN,NaN,NaN,NaN,NaN,23.6,NaN,NaN,19.7
2016-04-16,17.5,NaN,16.6,18.9,NaN,NaN,NaN,NaN,NaN,23.6,NaN,NaN,19.7
2016-04-17,17.5,NaN,16.6,18.9,NaN,NaN,NaN,NaN,NaN,23.6,NaN,NaN,19.7
2016-04-18,17.5,NaN,16.6,17.7,NaN,NaN,NaN,NaN,NaN,23.6,NaN,NaN,NaN
2016-04-19,17.5,NaN,16.6,17.7,NaN,NaN,NaN,NaN,NaN,23.6,NaN,NaN,NaN
2016-04-20,17.5,NaN,16.6,17.7,NaN,NaN,NaN,NaN,NaN,NaN,NaN,NaN,NaN
2016-04-21,17.5,NaN,16.6,17.7,NaN,NaN,NaN,NaN,NaN,NaN,NaN,NaN,NaN
2016-04-22,17.5,NaN,16.6,17.7,NaN,NaN,NaN,NaN,NaN,NaN,NaN,NaN,NaN
2016-04-23,17.5,NaN,16.6,17.7,NaN,NaN,NaN,NaN,NaN,NaN,NaN,NaN,NaN
2016-04-24,17.5,NaN,16.6,17.7,NaN,NaN,NaN,NaN,NaN,NaN,NaN,NaN,NaN
2016-04-25,17.5,NaN,16.6,17.7,NaN,NaN,15.3,NaN,NaN,NaN,NaN,NaN,NaN
2016-04-26,17.5,16.4,NaN,17.7,NaN,NaN,15.3,NaN,NaN,NaN,NaN,NaN,NaN
2016-04-27,17.5,16.4,NaN,17.7,NaN,NaN,15.3,NaN,NaN,NaN,NaN,NaN,NaN
2016-04-28,17.5,16.4,NaN,17.7,17.3,NaN,15.3,NaN,NaN,NaN,NaN,NaN,NaN
2016-04-29,17.5,16.4,NaN,17.7,17.3,NaN,15.3,NaN,NaN,NaN,NaN,NaN,NaN
2016-04-30,17.5,16.4,NaN,17.7,17.3,NaN,15.3,NaN,NaN,NaN,NaN,NaN,NaN
2016-05-01,17.5,16.4,NaN,17.7,17.3,NaN,15.3,NaN,NaN,NaN,NaN,NaN,NaN
2016-05-02,17.5,16.4,NaN,17.7,17.3,NaN,15.3,NaN,NaN,NaN,NaN,NaN,NaN
2016-05-03,17.5,16.4,NaN,17.7,17.3,NaN,15.3,NaN,NaN,NaN,NaN,NaN,NaN
2016-05-04,17.6,NaN,NaN,17.7,17.3,NaN,16.1,NaN,NaN,NaN,NaN,NaN,NaN
2016-05-05,17.6,NaN,NaN,17.7,17.3,NaN,16.1,NaN,NaN,NaN,NaN,NaN,NaN
2016-05-06,17.6,NaN,NaN,17.7,17.3,NaN,16.1,NaN,NaN,NaN,NaN,NaN,NaN
2016-05-07,17.6,NaN,NaN,17.7,17.3,NaN,16.1,NaN,NaN,NaN,NaN,NaN,NaN
2016-05-08,17.6,NaN,NaN,17.7,17.3,NaN,16.1,NaN,NaN,NaN,NaN,NaN,NaN
2016-05-09,17.6,NaN,NaN,17.8,17.3,NaN,16.1,NaN,NaN,NaN,NaN,NaN,18.8
2016-05-10,17.6,NaN,NaN,17.8,17.3,NaN,16.1,NaN,NaN,NaN,NaN,NaN,18.8
2016-05-11,17.6,NaN,NaN,17.8,17.3,NaN,16.1,NaN,NaN,NaN,NaN,NaN,18.8
2016-05-12,17.6,NaN,NaN,17.8,17.3,23.7,16.1,NaN,NaN,NaN,NaN,NaN,18.8
2016-05-13,17.6,NaN,NaN,17.8,17.3,23.7,NaN,NaN,NaN,NaN,NaN,NaN,18.8
2016-05-14,17.6,NaN,NaN,17.8,17.3,23.7,NaN,NaN,NaN,NaN,NaN,NaN,18.8
2016-05-15,17.6,NaN,NaN,17.8,17.3,23.7,NaN,NaN,NaN,NaN,NaN,NaN,18.8
2016-05-16,17.6,NaN,17.1,17.8,17.3,23.7,NaN,NaN,NaN,NaN,NaN,NaN,18.8
2016-05-17,17.6,NaN,17.1,17.8,17.3,23.7,NaN,NaN,NaN,NaN,NaN,NaN,18.8
2016-05-18,17.6,NaN,17.1,17.8,17.3,23.7,NaN,NaN,NaN,NaN,NaN,NaN,18.8
2016-05-19,17.6,NaN,17.1,17.8,17.3,NaN,NaN,NaN,NaN,22.9,NaN,NaN,18.8
2016-05-20,17.6,NaN,17.1,17.8,17.3,NaN,NaN,NaN,NaN,22.9,NaN,NaN,NaN
2016-05-21,17.6,NaN,17.1,17.8,17.3,NaN,NaN,NaN,NaN,22.9,NaN,NaN,NaN
2016-05-22,17.6,NaN,17.1,17.8,17.3,NaN,NaN,NaN,NaN,22.9,NaN,NaN,NaN
2016-05-23,17.6,NaN,17.1,17.8,17.3,NaN,NaN,NaN,NaN,22.9,NaN,NaN,NaN
2016-05-24,17.6,NaN,17.1,17.8,17.3,NaN,NaN,NaN,NaN,NaN,NaN,NaN,NaN
2016-05-25,17.7,NaN,17.1,17.8,17.3,NaN,NaN,NaN,NaN,NaN,NaN,NaN,NaN
2016-05-26,17.7,NaN,NaN,17.8,17.3,NaN,NaN,NaN,NaN,NaN,NaN,NaN,NaN
2016-05-27,17.7,NaN,NaN,17.8,NaN,NaN,NaN,NaN,NaN,NaN,NaN,NaN,NaN
2016-05-28,17.7,NaN,NaN,17.8,NaN,NaN,NaN,NaN,NaN,NaN,NaN,NaN,NaN
2016-05-29,17.7,NaN,NaN,17.8,NaN,NaN,NaN,NaN,NaN,NaN,NaN,NaN,NaN
2016-05-30,17.7,NaN,NaN,18.2,NaN,NaN,NaN,NaN,NaN,NaN,NaN,NaN,NaN
2016-05-31,17.7,17.4,NaN,18.2,NaN,NaN,NaN,NaN,NaN,NaN,NaN,NaN,NaN
2016-06-01,17.7,17.4,NaN,18.2,NaN,NaN,NaN,NaN,NaN,NaN,NaN,NaN,NaN
2016-06-02,17.7,17.4,NaN,18.2,NaN,24.5,NaN,NaN,NaN,NaN,NaN,NaN,NaN
2016-06-03,17.7,17.4,NaN,18.2,NaN,24.5,NaN,NaN,NaN,NaN,NaN,NaN,NaN
2016-06-04,17.7,17.4,NaN,18.2,NaN,24.5,NaN,NaN,NaN,NaN,NaN,NaN,NaN
2016-06-05,17.7,17.4,NaN,18.2,NaN,24.5,NaN,NaN,NaN,NaN,NaN,NaN,NaN
2016-06-06,17.7,17.4,NaN,18.2,NaN,24.5,NaN,NaN,NaN,NaN,NaN,NaN,19.5
2016-06-07,17.7,17.4,17,18.2,NaN,NaN,15.8,NaN,NaN,NaN,NaN,NaN,19.5
2016-06-08,17.7,17.4,17,18.2,NaN,NaN,15.8,NaN,NaN,NaN,NaN,NaN,19.5
2016-06-09,17.7,NaN,17,18.2,NaN,NaN,15.8,NaN,NaN,NaN,NaN,NaN,19.5
2016-06-10,17.7,NaN,17,18.2,NaN,NaN,15.8,NaN,NaN,NaN,NaN,NaN,19.5
2016-06-11,17.7,NaN,17,18.2,NaN,NaN,15.8,NaN,NaN,NaN,NaN,NaN,19.5
2016-06-12,17.7,NaN,17,18.2,NaN,NaN,15.8,NaN,NaN,NaN,NaN,NaN,19.5
2016-06-13,17.7,NaN,17,18.2,NaN,NaN,15.8,NaN,NaN,NaN,NaN,NaN,19.5
2016-06-14,17.7,NaN,17,18.2,NaN,NaN,15.8,NaN,NaN,NaN,NaN,NaN,19.5
2016-06-15,17.7,NaN,17,18.2,NaN,NaN,15.8,NaN,NaN,NaN,NaN,NaN,19.5
2016-06-16,17.7,NaN,17,18.2,NaN,NaN,15.8,NaN,NaN,NaN,NaN,NaN,19.5
2016-06-17,17.7,NaN,NaN,18.2,NaN,NaN,NaN,NaN,NaN,23.3,NaN,NaN,NaN
2016-06-18,17.7,NaN,NaN,18.2,NaN,NaN,NaN,NaN,NaN,23.3,NaN,NaN,NaN
2016-06-19,17.7,NaN,NaN,18.2,NaN,NaN,NaN,NaN,NaN,23.3,NaN,NaN,NaN
2016-06-20,17.7,NaN,NaN,18.2,NaN,NaN,NaN,NaN,NaN,23.3,NaN,NaN,NaN
2016-06-21,17.6,NaN,NaN,18.2,NaN,NaN,NaN,NaN,NaN,23.3,NaN,NaN,NaN
2016-06-22,17.6,NaN,NaN,18.2,NaN,NaN,NaN,NaN,NaN,NaN,NaN,NaN,NaN
2016-06-23,17.6,NaN,NaN,18.2,NaN,NaN,NaN,NaN,NaN,NaN,NaN,NaN,NaN
2016-06-24,17.6,NaN,NaN,18.2,NaN,NaN,NaN,NaN,NaN,NaN,NaN,NaN,NaN
2016-06-25,17.5,NaN,NaN,18.2,NaN,NaN,NaN,NaN,NaN,NaN,NaN,NaN,NaN
2016-06-26,17.5,NaN,NaN,18.2,NaN,NaN,NaN,NaN,NaN,NaN,NaN,NaN,NaN
2016-06-27,17.5,NaN,NaN,NaN,NaN,NaN,NaN,NaN,NaN,NaN,NaN,NaN,NaN
2016-06-28,17.5,16.8,NaN,NaN,NaN,NaN,NaN,NaN,NaN,NaN,NaN,NaN,NaN
2016-06-29,17.5,16.8,NaN,NaN,NaN,NaN,NaN,NaN,NaN,NaN,NaN,NaN,NaN
2016-06-30,17.5,16.8,NaN,NaN,NaN,NaN,NaN,NaN,NaN,NaN,NaN,NaN,NaN
2016-07-01,17.5,16.8,NaN,NaN,NaN,NaN,NaN,NaN,NaN,NaN,NaN,NaN,NaN
2016-07-02,17.5,16.8,NaN,NaN,NaN,NaN,NaN,NaN,NaN,NaN,NaN,NaN,NaN
2016-07-03,17.5,16.8,NaN,NaN,NaN,NaN,NaN,NaN,NaN,NaN,NaN,NaN,NaN
2016-07-04,17.5,16.8,NaN,NaN,NaN,NaN,NaN,NaN,NaN,NaN,NaN,NaN,NaN
2016-07-05,17.5,16.8,NaN,NaN,NaN,NaN,NaN,NaN,NaN,NaN,NaN,NaN,NaN
2016-07-06,17.5,NaN,NaN,NaN,NaN,NaN,NaN,NaN,NaN,NaN,NaN,NaN,NaN
2016-07-07,17.6,NaN,NaN,NaN,NaN,NaN,NaN,NaN,NaN,NaN,NaN,NaN,NaN
2016-07-08,17.6,NaN,NaN,NaN,NaN,NaN,NaN,NaN,NaN,NaN,NaN,NaN,NaN
2016-07-09,17.6,NaN,NaN,NaN,NaN,NaN,NaN,NaN,NaN,NaN,NaN,NaN,NaN
2016-07-10,17.6,NaN,NaN,NaN,NaN,NaN,NaN,NaN,NaN,NaN,NaN,NaN,NaN
2016-07-11,17.5,NaN,NaN,NaN,NaN,NaN,NaN,NaN,NaN,NaN,NaN,NaN,NaN
2016-07-12,17.5,NaN,NaN,NaN,NaN,NaN,NaN,NaN,NaN,NaN,NaN,NaN,NaN
2016-07-13,17.5,NaN,NaN,NaN,NaN,NaN,NaN,NaN,NaN,NaN,NaN,NaN,NaN
2016-07-14,17.5,NaN,NaN,NaN,NaN,NaN,NaN,NaN,NaN,NaN,NaN,NaN,NaN
2016-07-15,17.5,NaN,NaN,NaN,NaN,NaN,NaN,NaN,NaN,NaN,NaN,NaN,NaN
2016-07-16,17.5,NaN,NaN,NaN,NaN,NaN,NaN,NaN,NaN,NaN,NaN,NaN,NaN
2016-07-17,17.5,NaN,NaN,NaN,NaN,NaN,NaN,NaN,NaN,NaN,NaN,NaN,NaN
2016-07-18,17.5,NaN,NaN,NaN,NaN,NaN,NaN,NaN,NaN,NaN,NaN,NaN,NaN
2016-07-19,17.5,NaN,NaN,NaN,NaN,NaN,NaN,NaN,NaN,NaN,NaN,NaN,NaN
2016-07-20,17.5,NaN,NaN,NaN,NaN,NaN,NaN,NaN,NaN,NaN,NaN,NaN,NaN
2016-07-21,17.5,NaN,NaN,NaN,NaN,NaN,NaN,NaN,NaN,NaN,NaN,NaN,NaN
2016-07-22,17.5,NaN,NaN,NaN,NaN,NaN,NaN,NaN,NaN,NaN,NaN,NaN,NaN
2016-07-23,17.5,NaN,NaN,NaN,NaN,NaN,NaN,NaN,NaN,NaN,NaN,NaN,NaN
2016-07-24,17.5,NaN,NaN,NaN,NaN,NaN,NaN,NaN,NaN,NaN,NaN,NaN,NaN
2016-07-25,17.5,NaN,NaN,NaN,NaN,NaN,NaN,NaN,NaN,NaN,NaN,NaN,NaN
2016-07-26,17.5,NaN,NaN,NaN,NaN,NaN,NaN,NaN,NaN,NaN,NaN,NaN,NaN
2016-07-27,17.5,NaN,NaN,NaN,NaN,NaN,NaN,NaN,NaN,NaN,NaN,NaN,NaN
2016-07-28,17.5,NaN,NaN,NaN,NaN,NaN,NaN,NaN,NaN,NaN,NaN,NaN,NaN
2016-07-29,17.5,NaN,NaN,NaN,NaN,NaN,NaN,NaN,NaN,NaN,NaN,NaN,NaN
2016-07-30,17.5,NaN,NaN,NaN,NaN,NaN,NaN,NaN,NaN,NaN,NaN,NaN,NaN
2016-07-31,17.5,NaN,NaN,NaN,NaN,NaN,NaN,NaN,NaN,NaN,NaN,NaN,NaN
2016-08-01,17.5,NaN,NaN,17.2,NaN,NaN,NaN,NaN,NaN,NaN,NaN,NaN,NaN
2016-08-02,17.5,NaN,NaN,17.2,NaN,NaN,NaN,NaN,NaN,NaN,NaN,NaN,NaN
2016-08-03,17.5,NaN,NaN,17.2,NaN,NaN,NaN,NaN,NaN,NaN,NaN,NaN,NaN
2016-08-04,17.5,NaN,NaN,17.2,NaN,NaN,NaN,NaN,NaN,NaN,NaN,NaN,NaN
2016-08-05,17.5,NaN,NaN,17.2,NaN,NaN,NaN,NaN,NaN,NaN,NaN,NaN,NaN
2016-08-06,17.5,NaN,NaN,17.2,NaN,NaN,NaN,NaN,NaN,NaN,NaN,NaN,NaN
2016-08-07,17.4,NaN,NaN,17.2,NaN,NaN,NaN,NaN,NaN,NaN,NaN,NaN,NaN
2016-08-08,17.4,NaN,NaN,17.2,NaN,NaN,15.6,NaN,NaN,NaN,NaN,NaN,NaN
2016-08-09,17.4,NaN,NaN,17.2,NaN,NaN,15.6,NaN,NaN,NaN,NaN,NaN,NaN
2016-08-10,17.4,NaN,NaN,17.2,NaN,NaN,15.6,NaN,NaN,NaN,NaN,NaN,17.9
2016-08-11,17.5,NaN,NaN,17.2,NaN,NaN,15.6,NaN,NaN,NaN,NaN,NaN,17.9
2016-08-12,17.5,NaN,NaN,17.2,NaN,NaN,15.6,NaN,NaN,24.8,NaN,NaN,17.9
2016-08-13,17.5,NaN,NaN,17.2,NaN,NaN,15.6,NaN,NaN,24.8,NaN,NaN,17.9
2016-08-14,17.5,NaN,18,17.2,NaN,NaN,15.6,NaN,NaN,24.8,NaN,NaN,17.9
2016-08-15,17.5,NaN,18,17.2,NaN,NaN,15.6,NaN,NaN,24.8,NaN,NaN,17.9
2016-08-16,17.4,NaN,18,17.2,NaN,23.5,15.6,NaN,NaN,24.8,NaN,NaN,17.9
2016-08-17,17.4,NaN,18,17.2,NaN,23.5,15.6,NaN,NaN,NaN,NaN,NaN,17.9
2016-08-18,17.4,NaN,18,17.2,NaN,23.5,15.6,NaN,NaN,NaN,NaN,NaN,17.9
2016-08-19,17.5,NaN,18,17.2,NaN,23.5,NaN,NaN,NaN,NaN,NaN,NaN,NaN
2016-08-20,17.5,NaN,18,17.2,NaN,23.5,NaN,NaN,NaN,NaN,NaN,NaN,NaN
2016-08-21,17.5,NaN,18,17.2,NaN,23.5,NaN,NaN,NaN,NaN,NaN,NaN,NaN
2016-08-22,17.5,NaN,18,17.2,NaN,NaN,NaN,NaN,NaN,NaN,NaN,NaN,NaN
2016-08-23,17.5,NaN,NaN,17.2,NaN,NaN,NaN,NaN,NaN,NaN,NaN,NaN,NaN
2016-08-24,17.6,NaN,NaN,17.2,NaN,NaN,NaN,NaN,NaN,NaN,NaN,NaN,NaN
2016-08-25,17.6,NaN,NaN,17.2,NaN,NaN,NaN,NaN,NaN,NaN,NaN,NaN,NaN
2016-08-26,17.6,NaN,NaN,17.2,NaN,NaN,NaN,NaN,NaN,NaN,NaN,NaN,NaN
2016-08-27,17.6,NaN,NaN,17.2,NaN,NaN,NaN,NaN,NaN,NaN,NaN,NaN,NaN
2016-08-28,17.7,NaN,NaN,17.2,NaN,NaN,NaN,NaN,NaN,NaN,NaN,NaN,NaN
2016-08-29,17.7,NaN,NaN,17.7,NaN,NaN,NaN,NaN,NaN,NaN,NaN,NaN,NaN
2016-08-30,17.7,17.9,NaN,17.7,NaN,NaN,NaN,NaN,NaN,NaN,NaN,NaN,NaN
2016-08-31,17.7,17.9,NaN,17.7,NaN,NaN,NaN,NaN,NaN,NaN,NaN,NaN,NaN
2016-09-01,17.7,17.9,NaN,17.7,NaN,NaN,NaN,NaN,NaN,NaN,NaN,NaN,NaN
2016-09-02,17.8,17.9,NaN,17.7,NaN,NaN,NaN,NaN,NaN,NaN,NaN,NaN,NaN
2016-09-03,17.8,17.9,NaN,17.7,NaN,NaN,NaN,NaN,NaN,NaN,NaN,NaN,NaN
2016-09-04,17.8,17.9,NaN,17.7,NaN,NaN,NaN,NaN,NaN,NaN,NaN,NaN,NaN
2016-09-05,17.8,17.9,NaN,17.7,NaN,NaN,16.6,NaN,NaN,NaN,NaN,NaN,NaN
2016-09-06,17.8,17.9,NaN,17.7,NaN,NaN,16.6,NaN,NaN,NaN,NaN,NaN,NaN
2016-09-07,17.9,17.9,NaN,17.7,NaN,NaN,16.6,NaN,NaN,NaN,NaN,NaN,NaN
2016-09-08,17.9,NaN,NaN,17.7,NaN,24.5,16.6,NaN,NaN,NaN,NaN,NaN,NaN
2016-09-09,17.9,NaN,19,17.7,NaN,24.5,16.6,NaN,NaN,NaN,NaN,NaN,NaN
2016-09-10,17.9,NaN,19,17.7,NaN,24.5,16.6,NaN,NaN,NaN,NaN,NaN,NaN
2016-09-11,18,NaN,19,17.7,NaN,24.5,16.6,NaN,NaN,NaN,NaN,NaN,NaN
2016-09-12,18,NaN,19,17.7,NaN,24.5,16.6,NaN,NaN,NaN,NaN,NaN,18.9
2016-09-13,18,NaN,19,17.7,NaN,24.5,16.6,NaN,NaN,NaN,NaN,NaN,18.9
2016-09-14,18,NaN,19,17.7,NaN,NaN,16.6,NaN,NaN,NaN,NaN,NaN,18.9
2016-09-15,18,NaN,19,17.7,NaN,NaN,16.6,NaN,NaN,NaN,NaN,NaN,18.9
2016-09-16,18.1,NaN,19,17.7,NaN,NaN,NaN,NaN,NaN,25.2,NaN,NaN,18.9
2016-09-17,18.1,NaN,19,17.7,NaN,NaN,NaN,NaN,NaN,25.2,NaN,NaN,18.9
2016-09-18,18.1,NaN,19,17.7,NaN,NaN,NaN,NaN,NaN,25.2,NaN,NaN,18.9
2016-09-19,18.1,NaN,19,17.7,NaN,NaN,NaN,NaN,NaN,25.2,NaN,NaN,18.9
2016-09-20,18.1,NaN,NaN,17.7,NaN,NaN,NaN,NaN,NaN,NaN,NaN,NaN,18.9
2016-09-21,18.1,NaN,NaN,17.7,NaN,NaN,NaN,NaN,NaN,NaN,NaN,NaN,18.9
2016-09-22,18.2,NaN,NaN,17.7,NaN,NaN,NaN,NaN,NaN,NaN,NaN,NaN,18.9
2016-09-23,18.2,NaN,NaN,17.7,NaN,NaN,NaN,NaN,NaN,NaN,NaN,NaN,NaN
2016-09-24,18.2,NaN,NaN,17.7,NaN,NaN,NaN,NaN,NaN,NaN,NaN,NaN,NaN
2016-09-25,18.2,NaN,NaN,17.7,NaN,NaN,NaN,NaN,NaN,NaN,NaN,NaN,NaN
2016-09-26,18.2,NaN,NaN,18.7,NaN,NaN,NaN,NaN,NaN,NaN,NaN,NaN,NaN
2016-09-27,18.2,16.9,NaN,18.7,NaN,NaN,NaN,NaN,NaN,NaN,NaN,NaN,NaN
2016-09-28,18.2,16.9,NaN,18.7,NaN,NaN,NaN,NaN,NaN,NaN,NaN,NaN,NaN
2016-09-29,18.2,16.9,NaN,18.7,NaN,NaN,NaN,NaN,NaN,NaN,NaN,NaN,NaN
2016-09-30,18.2,16.9,NaN,18.7,NaN,NaN,NaN,NaN,NaN,NaN,NaN,NaN,NaN
2016-10-01,18.2,16.9,NaN,18.7,NaN,NaN,NaN,NaN,NaN,NaN,NaN,NaN,NaN
2016-10-02,18.2,16.9,NaN,18.7,NaN,NaN,NaN,NaN,NaN,NaN,NaN,NaN,NaN
2016-10-03,18.2,16.9,NaN,18.7,NaN,NaN,16.8,NaN,NaN,NaN,NaN,NaN,NaN
2016-10-04,18.2,16.9,NaN,18.7,NaN,NaN,16.8,NaN,NaN,NaN,NaN,NaN,NaN
2016-10-05,18.2,16.9,NaN,18.7,NaN,NaN,16.8,NaN,NaN,NaN,NaN,NaN,NaN
2016-10-06,18.2,NaN,NaN,18.7,NaN,NaN,16.8,NaN,NaN,NaN,NaN,NaN,NaN
2016-10-07,18.2,NaN,NaN,18.7,NaN,NaN,16.8,NaN,NaN,NaN,NaN,NaN,NaN
2016-10-08,18.2,NaN,NaN,18.7,NaN,NaN,16.8,NaN,NaN,NaN,NaN,NaN,NaN
2016-10-09,18.2,NaN,NaN,18.7,NaN,NaN,16.8,NaN,NaN,NaN,NaN,NaN,NaN
2016-10-10,18.2,NaN,NaN,18.7,NaN,NaN,16.8,NaN,NaN,NaN,NaN,NaN,NaN
2016-10-11,18.2,NaN,NaN,18.7,NaN,NaN,16.8,NaN,NaN,NaN,NaN,NaN,NaN
2016-10-12,18.2,NaN,NaN,18.7,NaN,NaN,16.8,NaN,NaN,NaN,NaN,NaN,NaN
2016-10-13,18.2,NaN,NaN,18.7,NaN,NaN,16.8,NaN,NaN,NaN,NaN,NaN,20
2016-10-14,18.2,NaN,19,18.7,NaN,NaN,NaN,NaN,NaN,24.2,NaN,NaN,20
2016-10-15,18.1,NaN,19,18.7,NaN,NaN,NaN,NaN,NaN,24.2,NaN,NaN,20
2016-10-16,18.1,NaN,19,18.7,NaN,NaN,NaN,NaN,NaN,24.2,NaN,NaN,20
2016-10-17,18.1,NaN,19,18.7,NaN,NaN,NaN,NaN,NaN,24.2,NaN,NaN,20
2016-10-18,18.1,NaN,19,18.7,NaN,NaN,NaN,NaN,NaN,24.2,NaN,NaN,20
2016-10-19,18.1,NaN,19,18.7,NaN,NaN,NaN,NaN,NaN,NaN,NaN,NaN,20
2016-10-20,18.1,NaN,19,18.7,NaN,21.7,NaN,NaN,NaN,NaN,NaN,NaN,NaN
2016-10-21,18.2,NaN,19,18.7,NaN,21.7,NaN,NaN,NaN,NaN,NaN,NaN,NaN
2016-10-22,18.2,NaN,19,18.7,NaN,21.7,NaN,NaN,NaN,NaN,NaN,NaN,NaN
2016-10-23,18.2,NaN,19,18.7,NaN,21.7,NaN,NaN,NaN,NaN,NaN,NaN,NaN
2016-10-24,18.2,NaN,19,17.8,NaN,21.7,NaN,NaN,NaN,NaN,NaN,NaN,NaN
2016-10-25,18.1,17.9,NaN,17.8,NaN,21.7,NaN,NaN,NaN,NaN,NaN,NaN,NaN
2016-10-26,18.1,17.9,NaN,17.8,NaN,21.7,NaN,NaN,NaN,NaN,NaN,NaN,NaN
2016-10-27,18.1,17.9,NaN,17.8,NaN,NaN,NaN,NaN,NaN,NaN,NaN,NaN,NaN
2016-10-28,18.1,17.9,NaN,17.8,17.5,NaN,NaN,NaN,NaN,NaN,NaN,NaN,NaN
2016-10-29,18.1,17.9,NaN,17.8,17.5,NaN,NaN,NaN,NaN,NaN,NaN,NaN,NaN
2016-10-30,18.1,17.9,NaN,17.8,17.5,NaN,NaN,NaN,NaN,NaN,NaN,NaN,NaN
2016-10-31,18.1,17.9,NaN,17.8,17.5,NaN,NaN,NaN,NaN,NaN,NaN,NaN,NaN
2016-11-01,18.1,17.9,NaN,17.8,17.5,NaN,NaN,NaN,NaN,NaN,NaN,NaN,NaN
2016-11-02,18.1,17.9,NaN,17.8,17.5,NaN,NaN,NaN,NaN,NaN,NaN,NaN,NaN
2016-11-03,18.1,NaN,NaN,17.8,17.5,NaN,NaN,NaN,NaN,NaN,NaN,NaN,NaN
2016-11-04,18.1,NaN,NaN,17.8,17.5,NaN,NaN,NaN,NaN,NaN,NaN,NaN,NaN
2016-11-05,18.1,NaN,NaN,17.8,17.5,NaN,NaN,NaN,NaN,NaN,NaN,NaN,NaN
2016-11-06,18.1,NaN,NaN,17.8,17.5,NaN,NaN,NaN,NaN,NaN,NaN,NaN,NaN
2016-11-07,18.1,NaN,NaN,17.8,17.5,NaN,15.8,NaN,NaN,NaN,NaN,NaN,21.5
2016-11-08,18.1,NaN,NaN,17.8,17.5,NaN,15.8,NaN,NaN,NaN,NaN,NaN,21.5
2016-11-09,18,NaN,NaN,17.8,17.5,NaN,15.8,NaN,NaN,NaN,NaN,NaN,21.5
2016-11-10,18,NaN,17,17.8,17.5,NaN,15.8,NaN,NaN,NaN,NaN,NaN,21.5
2016-11-11,18,NaN,17,17.8,17.5,NaN,15.8,NaN,NaN,24.8,NaN,NaN,21.5
2016-11-12,18,NaN,17,17.8,17.5,NaN,15.8,NaN,NaN,24.8,NaN,NaN,21.5
2016-11-13,18,NaN,17,17.8,17.5,NaN,15.8,NaN,NaN,24.8,NaN,NaN,21.5
2016-11-14,17.9,NaN,17,17.8,17.5,NaN,15.8,NaN,NaN,24.8,NaN,NaN,21.5
2016-11-15,17.9,NaN,17,17.8,17.5,NaN,15.8,NaN,NaN,NaN,NaN,NaN,21.5
2016-11-16,17.9,NaN,17,17.8,17.5,NaN,15.8,NaN,NaN,NaN,NaN,NaN,NaN
2016-11-17,17.9,NaN,17,17.8,17.5,25,15.8,NaN,NaN,NaN,NaN,NaN,NaN
2016-11-18,17.9,NaN,17,17.8,17.5,25,NaN,NaN,NaN,NaN,NaN,NaN,NaN
2016-11-19,17.8,NaN,17,17.8,17.5,25,NaN,NaN,NaN,NaN,NaN,NaN,NaN
2016-11-20,17.8,NaN,17,17.8,17.5,25,NaN,NaN,NaN,NaN,NaN,NaN,NaN
2016-11-21,17.8,NaN,17,17.9,17.5,25,NaN,NaN,NaN,NaN,NaN,NaN,NaN
2016-11-22,17.8,NaN,NaN,17.9,17.5,25,NaN,NaN,NaN,NaN,NaN,NaN,NaN
2016-11-23,17.8,NaN,NaN,17.9,17.5,NaN,NaN,NaN,NaN,NaN,NaN,NaN,NaN
2016-11-24,17.8,NaN,NaN,17.9,17.5,NaN,NaN,NaN,NaN,NaN,NaN,NaN,NaN
2016-11-25,17.8,NaN,NaN,17.9,17.5,NaN,NaN,NaN,NaN,NaN,NaN,NaN,NaN
2016-11-26,17.8,NaN,NaN,17.9,17.5,NaN,NaN,NaN,NaN,NaN,NaN,NaN,NaN
2016-11-27,17.7,NaN,NaN,17.9,17.5,NaN,NaN,NaN,NaN,NaN,NaN,NaN,NaN
2016-11-28,17.7,NaN,NaN,17.9,NaN,NaN,NaN,NaN,NaN,NaN,NaN,NaN,NaN
2016-11-29,17.7,18.5,NaN,17.9,NaN,NaN,NaN,NaN,NaN,NaN,NaN,NaN,NaN
2016-11-30,17.7,18.5,NaN,17.9,NaN,NaN,NaN,NaN,NaN,NaN,NaN,NaN,NaN
2016-12-01,17.7,18.5,17,17.9,NaN,NaN,NaN,15.4,NaN,NaN,NaN,NaN,NaN
2016-12-02,17.7,18.5,17,17.9,NaN,NaN,NaN,15.4,NaN,NaN,NaN,NaN,NaN
2016-12-03,17.7,18.5,17,17.9,NaN,NaN,NaN,15.4,NaN,NaN,NaN,NaN,NaN
2016-12-04,17.7,18.5,17,17.9,NaN,NaN,NaN,15.4,NaN,NaN,NaN,NaN,NaN
2016-12-05,17.7,18.5,17,17.9,NaN,NaN,15.2,15.4,NaN,NaN,NaN,NaN,20.6
2016-12-06,17.6,18.5,17,17.9,NaN,NaN,15.2,15.4,NaN,NaN,NaN,NaN,20.6
2016-12-07,17.6,NaN,17,17.9,NaN,NaN,15.2,15.4,NaN,NaN,NaN,NaN,20.6
2016-12-08,17.6,NaN,17,17.9,NaN,22.6,15.2,15.4,NaN,NaN,NaN,NaN,20.6
2016-12-09,17.6,NaN,17,17.9,NaN,22.6,15.2,15.4,NaN,NaN,NaN,NaN,20.6
2016-12-10,17.6,NaN,17,17.9,NaN,22.6,15.2,15.4,NaN,NaN,NaN,NaN,20.6
2016-12-11,17.6,NaN,17,17.9,NaN,22.6,15.2,15.4,NaN,NaN,NaN,NaN,20.6
2016-12-12,17.6,NaN,17,17.9,NaN,22.6,15.2,15.4,NaN,NaN,NaN,NaN,20.6
2016-12-13,17.6,NaN,NaN,17.9,NaN,22.6,15.2,15.4,NaN,NaN,NaN,NaN,20.6
2016-12-14,17.6,NaN,NaN,17.9,NaN,22.6,15.2,15.4,NaN,NaN,NaN,NaN,20.6
2016-12-15,17.6,NaN,NaN,17.9,NaN,NaN,15.2,15.4,NaN,NaN,NaN,NaN,NaN
2016-12-16,17.6,NaN,NaN,17.9,NaN,NaN,NaN,15.4,NaN,24.2,NaN,NaN,NaN
2016-12-17,17.6,NaN,NaN,17.9,NaN,NaN,NaN,15.4,NaN,24.2,NaN,NaN,NaN
2016-12-18,17.6,NaN,NaN,17.9,NaN,NaN,NaN,15.4,NaN,24.2,NaN,NaN,NaN
2016-12-19,17.6,NaN,NaN,NaN,NaN,NaN,NaN,15.4,NaN,24.2,NaN,NaN,NaN
2016-12-20,17.6,NaN,NaN,NaN,NaN,NaN,NaN,15.4,NaN,24.2,NaN,NaN,NaN
2016-12-21,17.6,NaN,NaN,NaN,NaN,NaN,NaN,15.4,NaN,NaN,NaN,NaN,NaN
2016-12-22,17.5,NaN,NaN,NaN,NaN,NaN,NaN,15.4,NaN,NaN,NaN,NaN,NaN
2016-12-23,17.5,NaN,NaN,NaN,NaN,NaN,NaN,15.4,NaN,NaN,NaN,NaN,NaN
2016-12-24,17.5,NaN,NaN,NaN,NaN,NaN,NaN,15.4,NaN,NaN,NaN,NaN,NaN
2016-12-25,17.5,NaN,NaN,NaN,NaN,NaN,NaN,15.4,NaN,NaN,NaN,NaN,NaN
2016-12-26,17.5,NaN,NaN,NaN,NaN,NaN,NaN,15.4,NaN,NaN,NaN,NaN,NaN
2016-12-27,17.5,NaN,NaN,NaN,NaN,NaN,NaN,15.4,NaN,NaN,NaN,NaN,NaN
2016-12-28,17.5,NaN,NaN,NaN,NaN,NaN,NaN,15.4,NaN,NaN,NaN,NaN,NaN
2016-12-29,17.5,NaN,NaN,NaN,NaN,NaN,NaN,15.4,NaN,NaN,NaN,NaN,NaN
2016-12-30,17.5,NaN,NaN,NaN,NaN,NaN,NaN,15.4,NaN,NaN,NaN,NaN,NaN
2016-12-31,17.5,NaN,NaN,NaN,NaN,NaN,NaN,15.4,NaN,NaN,NaN,NaN,NaN
2017-01-01,17.5,NaN,NaN,NaN,NaN,NaN,NaN,15.4,NaN,NaN,NaN,NaN,NaN
2017-01-02,17.5,NaN,NaN,17.7,NaN,NaN,NaN,NaN,NaN,NaN,NaN,NaN,NaN
2017-01-03,17.6,16.2,NaN,17.7,NaN,NaN,NaN,NaN,NaN,NaN,NaN,NaN,NaN
2017-01-04,17.6,16.2,NaN,17.7,NaN,NaN,NaN,NaN,NaN,NaN,NaN,NaN,NaN
2017-01-05,17.6,16.2,NaN,17.7,NaN,NaN,NaN,NaN,NaN,NaN,NaN,NaN,NaN
2017-01-06,17.6,16.2,NaN,17.7,NaN,NaN,NaN,NaN,NaN,NaN,NaN,NaN,NaN
2017-01-07,17.6,16.2,NaN,17.7,NaN,NaN,NaN,NaN,NaN,NaN,NaN,NaN,NaN
2017-01-08,17.6,16.2,NaN,17.7,NaN,NaN,NaN,NaN,NaN,NaN,NaN,NaN,NaN
2017-01-09,17.6,16.2,NaN,17.7,NaN,NaN,16,NaN,NaN,NaN,NaN,NaN,21.5
2017-01-10,17.6,16.2,NaN,17.7,NaN,NaN,16,NaN,NaN,NaN,NaN,NaN,21.5
2017-01-11,17.6,NaN,NaN,17.7,NaN,NaN,16,NaN,NaN,NaN,NaN,NaN,21.5
2017-01-12,17.6,NaN,16,17.7,NaN,22.3,16,NaN,NaN,24.7,NaN,NaN,21.5
2017-01-13,17.6,NaN,16,17.7,NaN,22.3,16,NaN,NaN,24.7,NaN,NaN,21.5
2017-01-14,17.7,NaN,16,17.7,NaN,22.3,16,NaN,NaN,24.7,NaN,NaN,21.5
2017-01-15,17.7,NaN,16,17.7,NaN,22.3,16,NaN,NaN,24.7,NaN,NaN,21.5
2017-01-16,17.7,NaN,16,17.7,NaN,22.3,16,NaN,NaN,24.7,NaN,NaN,21.5
2017-01-17,17.7,NaN,16,17.7,NaN,22.3,16,NaN,NaN,NaN,NaN,NaN,21.5
2017-01-18,17.7,NaN,16,17.7,NaN,22.3,16,NaN,NaN,NaN,NaN,NaN,NaN
2017-01-19,17.7,NaN,16,17.7,NaN,NaN,16,NaN,NaN,NaN,NaN,NaN,NaN
2017-01-20,17.7,NaN,16,17.7,NaN,NaN,NaN,NaN,NaN,NaN,NaN,NaN,NaN
2017-01-21,17.7,NaN,16,17.7,NaN,NaN,NaN,NaN,NaN,NaN,NaN,NaN,NaN
2017-01-22,17.8,NaN,16,17.7,NaN,NaN,16.5,NaN,NaN,NaN,NaN,NaN,NaN
2017-01-23,17.8,NaN,NaN,18.5,NaN,NaN,16.5,NaN,NaN,NaN,NaN,NaN,NaN
2017-01-24,17.8,NaN,NaN,18.5,NaN,NaN,16.5,NaN,NaN,NaN,NaN,NaN,NaN
2017-01-25,17.8,NaN,NaN,18.5,NaN,NaN,16.5,NaN,NaN,NaN,NaN,NaN,NaN
2017-01-26,17.9,NaN,NaN,18.5,NaN,NaN,16.5,NaN,NaN,NaN,NaN,NaN,NaN
2017-01-27,17.9,NaN,NaN,18.5,NaN,NaN,16.5,NaN,NaN,NaN,NaN,NaN,NaN
2017-01-28,17.9,NaN,NaN,18.5,NaN,NaN,16.5,NaN,NaN,NaN,NaN,NaN,NaN
2017-01-29,18,NaN,NaN,18.5,NaN,NaN,16.5,NaN,NaN,NaN,NaN,NaN,NaN
2017-01-30,18,NaN,NaN,18.5,NaN,NaN,16.5,NaN,NaN,NaN,NaN,NaN,NaN
2017-01-31,18,17.5,NaN,18.5,NaN,NaN,16.5,NaN,NaN,NaN,NaN,NaN,NaN
2017-02-01,18,17.5,NaN,18.5,NaN,NaN,16.5,NaN,NaN,NaN,NaN,NaN,NaN
2017-02-02,18.1,17.5,NaN,18.5,NaN,NaN,16.5,NaN,NaN,NaN,NaN,NaN,NaN
2017-02-03,18.1,17.5,NaN,18.5,NaN,NaN,16.5,NaN,NaN,NaN,NaN,NaN,NaN
2017-02-04,18.1,17.5,NaN,18.5,NaN,NaN,16.5,NaN,NaN,NaN,NaN,NaN,NaN
2017-02-05,18.2,17.5,NaN,18.5,NaN,NaN,16.5,NaN,NaN,NaN,NaN,NaN,21.5
2017-02-06,18.2,17.5,NaN,18.5,NaN,NaN,16.5,NaN,NaN,NaN,NaN,NaN,21.5
2017-02-07,18.2,17.5,NaN,18.5,NaN,NaN,16.5,NaN,NaN,NaN,NaN,NaN,21.5
2017-02-08,18.2,17.5,17,18.5,NaN,NaN,16.8,NaN,NaN,NaN,NaN,NaN,21.5
2017-02-09,18.3,NaN,17,18.5,NaN,NaN,16.8,NaN,NaN,NaN,NaN,NaN,21.5
2017-02-10,18.3,NaN,17,18.5,NaN,NaN,16.8,NaN,NaN,NaN,NaN,NaN,21.5
2017-02-11,18.3,NaN,17,18.5,NaN,NaN,16.8,NaN,NaN,NaN,NaN,NaN,21.5
2017-02-12,18.3,NaN,17,18.5,NaN,NaN,16.8,NaN,NaN,NaN,NaN,NaN,21.5
2017-02-13,18.3,NaN,17,18.5,NaN,NaN,16.8,NaN,NaN,NaN,NaN,NaN,21.5
2017-02-14,18.3,NaN,17,18.5,NaN,NaN,16.8,NaN,NaN,NaN,NaN,NaN,21.5
2017-02-15,18.4,NaN,17,18.5,NaN,NaN,16.8,NaN,NaN,NaN,NaN,NaN,NaN
2017-02-16,18.4,NaN,17,18.5,NaN,26.9,16.8,NaN,NaN,NaN,NaN,NaN,NaN
2017-02-17,18.4,NaN,17,18.5,NaN,26.9,NaN,NaN,NaN,23.9,NaN,NaN,NaN
2017-02-18,18.4,NaN,17,18.5,NaN,26.9,NaN,NaN,NaN,23.9,NaN,NaN,NaN
2017-02-19,18.5,NaN,17,18.5,NaN,26.9,NaN,NaN,NaN,23.9,NaN,NaN,NaN
2017-02-20,18.5,NaN,17,19.2,NaN,26.9,NaN,NaN,NaN,23.9,NaN,NaN,NaN
2017-02-21,18.5,NaN,NaN,19.2,NaN,NaN,NaN,NaN,NaN,NaN,NaN,NaN,NaN
2017-02-22,18.5,NaN,NaN,19.2,NaN,NaN,NaN,NaN,NaN,NaN,NaN,NaN,NaN
2017-02-23,18.5,NaN,NaN,19.2,NaN,NaN,NaN,NaN,NaN,NaN,NaN,NaN,NaN
2017-02-24,18.5,NaN,NaN,19.2,NaN,NaN,NaN,NaN,NaN,NaN,NaN,NaN,NaN
2017-02-25,18.5,NaN,NaN,19.2,NaN,NaN,NaN,NaN,NaN,NaN,NaN,NaN,NaN
2017-02-26,18.6,NaN,NaN,19.2,NaN,NaN,NaN,NaN,NaN,NaN,NaN,NaN,NaN
2017-02-27,18.6,NaN,NaN,19.2,NaN,NaN,NaN,NaN,NaN,NaN,NaN,NaN,NaN
2017-02-28,18.6,18.2,NaN,19.2,NaN,NaN,NaN,NaN,NaN,NaN,NaN,NaN,NaN
2017-03-01,18.6,18.2,NaN,19.2,NaN,NaN,NaN,NaN,NaN,NaN,NaN,NaN,NaN
2017-03-02,18.6,18.2,NaN,19.2,NaN,NaN,NaN,NaN,NaN,NaN,NaN,NaN,NaN
2017-03-03,18.6,18.2,NaN,19.2,NaN,NaN,NaN,NaN,NaN,NaN,NaN,NaN,NaN
2017-03-04,18.6,18.2,NaN,19.2,NaN,NaN,NaN,NaN,NaN,NaN,NaN,NaN,NaN
2017-03-05,18.6,18.2,NaN,19.2,NaN,NaN,NaN,NaN,NaN,NaN,NaN,NaN,NaN
2017-03-06,18.6,18.2,NaN,19.2,NaN,NaN,16.7,NaN,NaN,NaN,NaN,NaN,NaN
2017-03-07,18.6,18.2,NaN,19.2,NaN,NaN,16.7,NaN,NaN,NaN,NaN,NaN,NaN
2017-03-08,18.6,NaN,NaN,19.2,NaN,NaN,16.7,NaN,NaN,NaN,NaN,NaN,22.2
2017-03-09,18.6,NaN,18,19.2,NaN,26,16.7,NaN,NaN,NaN,NaN,NaN,22.2
2017-03-10,18.6,NaN,18,19.2,NaN,26,16.7,NaN,NaN,NaN,NaN,NaN,22.2
2017-03-11,18.6,NaN,18,19.2,NaN,26,16.7,NaN,NaN,NaN,NaN,NaN,22.2
2017-03-12,18.6,NaN,18,19.2,NaN,26,16.7,NaN,NaN,NaN,NaN,NaN,22.2
2017-03-13,18.6,NaN,18,19.2,NaN,26,16.7,NaN,NaN,NaN,NaN,NaN,22.2
2017-03-14,18.6,NaN,18,19.2,NaN,NaN,16.7,NaN,NaN,NaN,NaN,NaN,22.2
2017-03-15,18.6,NaN,18,19.2,NaN,NaN,16.7,NaN,NaN,NaN,NaN,NaN,NaN
2017-03-16,18.7,NaN,18,19.2,NaN,NaN,16.7,NaN,NaN,NaN,NaN,NaN,NaN
2017-03-17,18.7,NaN,18,19.2,NaN,NaN,NaN,NaN,NaN,23.9,NaN,NaN,NaN
2017-03-18,18.7,NaN,18,19.2,NaN,NaN,NaN,NaN,NaN,23.9,NaN,NaN,NaN
2017-03-19,18.7,NaN,18,19.2,NaN,NaN,NaN,NaN,NaN,23.9,NaN,NaN,NaN
2017-03-20,18.7,NaN,NaN,19,NaN,NaN,NaN,NaN,NaN,23.9,NaN,NaN,NaN
2017-03-21,18.7,NaN,NaN,19,NaN,NaN,NaN,NaN,NaN,NaN,NaN,NaN,NaN
2017-03-22,18.7,NaN,NaN,19,NaN,NaN,NaN,NaN,NaN,NaN,NaN,NaN,NaN
2017-03-23,18.7,NaN,NaN,19,NaN,NaN,NaN,NaN,NaN,NaN,NaN,NaN,NaN
2017-03-24,18.7,NaN,NaN,19,NaN,NaN,NaN,NaN,NaN,NaN,NaN,NaN,NaN
2017-03-25,18.7,NaN,NaN,19,NaN,NaN,NaN,NaN,NaN,NaN,NaN,NaN,NaN
2017-03-26,18.7,NaN,NaN,19,NaN,NaN,NaN,NaN,NaN,NaN,NaN,NaN,NaN
2017-03-27,18.7,NaN,NaN,19,NaN,NaN,NaN,NaN,NaN,NaN,NaN,NaN,NaN
2017-03-28,18.7,17.8,NaN,19,NaN,NaN,NaN,NaN,NaN,NaN,NaN,NaN,NaN
2017-03-29,18.7,17.8,NaN,19,NaN,NaN,NaN,NaN,NaN,NaN,NaN,NaN,NaN
2017-03-30,18.7,17.8,NaN,19,NaN,NaN,NaN,NaN,NaN,NaN,NaN,NaN,NaN
2017-03-31,18.7,17.8,NaN,19,NaN,NaN,NaN,NaN,NaN,NaN,NaN,NaN,NaN
2017-04-01,18.7,17.8,NaN,19,NaN,NaN,NaN,NaN,NaN,NaN,NaN,NaN,NaN
2017-04-02,18.7,17.8,NaN,19,NaN,NaN,NaN,NaN,NaN,NaN,NaN,NaN,NaN
2017-04-03,18.7,17.8,NaN,19,NaN,NaN,16.7,NaN,NaN,NaN,NaN,NaN,NaN
2017-04-04,18.7,17.8,18,19,NaN,NaN,16.7,NaN,NaN,NaN,NaN,NaN,NaN
2017-04-05,18.7,17.8,18,19,NaN,NaN,16.7,NaN,NaN,NaN,NaN,NaN,NaN
2017-04-06,18.7,17.8,18,19,NaN,NaN,16.7,NaN,NaN,NaN,NaN,NaN,NaN
2017-04-07,18.7,NaN,18,19,NaN,27.2,16.7,NaN,NaN,NaN,NaN,NaN,NaN
2017-04-08,18.7,NaN,18,19,NaN,27.2,16.7,NaN,NaN,NaN,NaN,NaN,NaN
2017-04-09,18.7,NaN,18,19,NaN,27.2,16.7,NaN,NaN,NaN,NaN,NaN,NaN
2017-04-10,18.7,NaN,18,19,NaN,27.2,16.7,NaN,NaN,NaN,NaN,NaN,21.2
2017-04-11,18.7,NaN,18,19,NaN,NaN,16.7,NaN,NaN,NaN,NaN,NaN,21.2
2017-04-12,18.7,NaN,18,19,NaN,NaN,16.7,NaN,NaN,25.6,NaN,NaN,21.2
2017-04-13,18.7,NaN,18,19,NaN,NaN,NaN,NaN,NaN,25.6,NaN,NaN,21.2
2017-04-14,18.7,NaN,18,19,NaN,NaN,NaN,NaN,NaN,25.6,NaN,NaN,21.2
2017-04-15,18.7,NaN,18,19,NaN,NaN,NaN,NaN,NaN,25.6,NaN,NaN,21.2
2017-04-16,18.7,NaN,18,19,NaN,NaN,NaN,NaN,NaN,25.6,NaN,NaN,21.2
2017-04-17,18.7,NaN,18,19,NaN,NaN,NaN,NaN,NaN,25.6,NaN,NaN,21.2
2017-04-18,18.7,NaN,18,19.5,NaN,NaN,16.5,NaN,NaN,25.6,NaN,NaN,NaN
2017-04-19,18.7,NaN,18,19.5,NaN,NaN,16.5,NaN,NaN,NaN,NaN,NaN,NaN
2017-04-20,18.7,NaN,NaN,19.5,NaN,NaN,16.5,NaN,NaN,NaN,NaN,NaN,NaN
2017-04-21,18.7,NaN,NaN,19.5,NaN,NaN,16.5,NaN,NaN,NaN,NaN,NaN,NaN
2017-04-22,18.7,NaN,NaN,19.5,NaN,NaN,16.5,NaN,NaN,NaN,NaN,NaN,NaN
2017-04-23,18.8,NaN,NaN,19.5,NaN,NaN,16.5,NaN,NaN,NaN,NaN,NaN,NaN
2017-04-24,18.8,17.3,NaN,19.5,NaN,NaN,16.5,NaN,NaN,NaN,NaN,NaN,20.7
2017-04-25,18.8,17.3,NaN,19.5,NaN,NaN,16.5,NaN,NaN,NaN,NaN,NaN,20.7
2017-04-26,18.8,17.3,NaN,19.5,NaN,NaN,16.5,NaN,NaN,NaN,NaN,NaN,20.7
2017-04-27,18.8,17.3,NaN,19.5,NaN,NaN,16.5,NaN,NaN,NaN,NaN,NaN,20.7
2017-04-28,18.8,17.3,NaN,19.5,18.4,NaN,NaN,NaN,NaN,NaN,NaN,NaN,20.7
2017-04-29,18.8,17.3,NaN,19.5,18.4,NaN,NaN,NaN,NaN,NaN,NaN,NaN,20.7
2017-04-30,18.8,17.3,NaN,19.5,18.4,NaN,NaN,NaN,NaN,NaN,NaN,NaN,20.7
2017-05-01,18.8,17.3,NaN,19.5,18.4,NaN,NaN,NaN,NaN,NaN,NaN,NaN,20.7
2017-05-02,18.9,17.3,NaN,19.5,18.4,NaN,16.6,NaN,NaN,NaN,NaN,NaN,NaN
2017-05-03,18.9,17.3,NaN,19.5,18.4,NaN,16.6,NaN,NaN,NaN,NaN,NaN,NaN
2017-05-04,18.9,NaN,NaN,19.5,18.4,NaN,16.6,NaN,NaN,NaN,NaN,NaN,NaN
2017-05-05,18.9,NaN,NaN,19.5,18.4,23.2,16.6,NaN,NaN,NaN,NaN,NaN,NaN
2017-05-06,18.9,NaN,NaN,19.5,18.4,23.2,16.6,NaN,NaN,NaN,NaN,NaN,NaN
2017-05-07,19,NaN,NaN,19.5,18.4,23.2,16.6,NaN,NaN,NaN,NaN,NaN,NaN
2017-05-08,19,NaN,NaN,19.3,18.4,23.2,16.6,NaN,NaN,NaN,NaN,NaN,NaN
2017-05-09,19,NaN,19,19.3,18.4,NaN,16.6,NaN,NaN,NaN,NaN,NaN,NaN
2017-05-10,19,NaN,19,19.3,18.4,NaN,16.6,NaN,NaN,NaN,NaN,NaN,20.8
2017-05-11,19,NaN,19,19.3,18.4,NaN,16.6,NaN,NaN,23.6,NaN,NaN,20.8
2017-05-12,19,NaN,19,19.3,18.4,NaN,NaN,NaN,NaN,23.6,NaN,NaN,20.8
2017-05-13,19,NaN,19,19.3,18.4,NaN,NaN,NaN,NaN,23.6,NaN,NaN,20.8
2017-05-14,19,NaN,19,19.3,18.4,NaN,NaN,NaN,NaN,23.6,NaN,NaN,20.8
2017-05-15,19.1,NaN,19,19.3,18.4,NaN,NaN,NaN,NaN,23.6,NaN,NaN,20.8
2017-05-16,19.1,NaN,19,19.3,18.4,NaN,NaN,NaN,NaN,NaN,NaN,NaN,20.8
2017-05-17,19.1,NaN,19,19.3,18.4,NaN,NaN,NaN,NaN,NaN,NaN,NaN,20.8
2017-05-18,19.1,NaN,19,19.3,18.4,NaN,NaN,NaN,NaN,NaN,NaN,NaN,NaN
2017-05-19,19.1,NaN,19,19.3,18.4,NaN,NaN,NaN,NaN,NaN,NaN,NaN,NaN
2017-05-20,19.1,NaN,19,19.3,18.4,NaN,NaN,NaN,NaN,NaN,NaN,NaN,NaN
2017-05-21,19.1,NaN,19,19.3,18.4,NaN,NaN,NaN,NaN,NaN,NaN,NaN,NaN
2017-05-22,19.1,NaN,19,19.3,18.4,NaN,NaN,NaN,NaN,NaN,NaN,NaN,NaN
2017-05-23,19.2,NaN,NaN,19.3,18.4,NaN,NaN,NaN,NaN,NaN,NaN,NaN,NaN
2017-05-24,19.2,NaN,NaN,19.3,18.4,NaN,NaN,NaN,NaN,NaN,NaN,NaN,NaN
2017-05-25,19.2,NaN,NaN,19.3,18.4,NaN,NaN,NaN,NaN,NaN,NaN,NaN,NaN
2017-05-26,19.2,NaN,NaN,19.3,18.4,NaN,NaN,NaN,NaN,NaN,NaN,NaN,NaN
2017-05-27,19.2,NaN,NaN,19.3,18.4,NaN,NaN,NaN,NaN,NaN,NaN,NaN,NaN
2017-05-28,19.3,NaN,NaN,19.3,18.4,NaN,NaN,NaN,NaN,NaN,NaN,NaN,NaN
2017-05-29,19.3,NaN,NaN,19.3,NaN,NaN,NaN,NaN,NaN,NaN,NaN,NaN,NaN
2017-05-30,19.3,20.2,NaN,19.3,NaN,NaN,NaN,NaN,NaN,NaN,NaN,NaN,NaN
2017-05-31,19.3,20.2,NaN,19.3,NaN,NaN,NaN,NaN,NaN,NaN,NaN,NaN,NaN
2017-06-01,19.3,20.2,NaN,19.3,NaN,25,NaN,NaN,NaN,NaN,NaN,NaN,NaN
2017-06-02,19.4,20.2,NaN,19.3,NaN,25,NaN,NaN,NaN,NaN,NaN,NaN,NaN
2017-06-03,19.4,20.2,NaN,19.3,NaN,25,NaN,NaN,NaN,NaN,NaN,NaN,NaN
2017-06-04,19.4,20.2,NaN,19.3,NaN,25,NaN,NaN,NaN,NaN,NaN,NaN,NaN
2017-06-05,19.4,20.2,NaN,20,NaN,25,18,NaN,NaN,NaN,NaN,NaN,NaN
2017-06-06,19.5,20.2,NaN,20,NaN,NaN,18,NaN,NaN,NaN,NaN,NaN,20.4
2017-06-07,19.5,20.2,18,20,NaN,NaN,18,20,NaN,NaN,NaN,NaN,20.4
2017-06-08,19.5,NaN,18,20,NaN,NaN,18,20,NaN,NaN,NaN,NaN,20.4
2017-06-09,19.5,NaN,18,20,NaN,NaN,18,20,NaN,NaN,NaN,NaN,20.4
2017-06-10,19.5,NaN,18,20,NaN,NaN,18,20,NaN,NaN,NaN,NaN,20.4
2017-06-11,19.6,NaN,18,20,NaN,NaN,18,20,NaN,NaN,NaN,NaN,20.4
2017-06-12,19.6,NaN,18,20,NaN,NaN,18,20,NaN,NaN,NaN,NaN,20.4
2017-06-13,19.6,NaN,18,20,NaN,NaN,18,20,NaN,NaN,NaN,NaN,20.4
2017-06-14,19.6,NaN,18,20,NaN,NaN,18,20,NaN,NaN,NaN,NaN,NaN
2017-06-15,19.6,NaN,18,20,NaN,NaN,18,20,NaN,24,NaN,NaN,NaN
2017-06-16,19.6,NaN,18,20,NaN,NaN,NaN,20,NaN,24,NaN,NaN,21.1
2017-06-17,19.6,NaN,18,20,NaN,NaN,NaN,20,NaN,24,NaN,NaN,21.1
2017-06-18,19.6,NaN,18,20,NaN,NaN,NaN,20,NaN,24,NaN,NaN,21.1
2017-06-19,19.7,NaN,18,20,NaN,NaN,NaN,20,NaN,24,NaN,NaN,21.1
2017-06-20,19.7,NaN,NaN,20,NaN,NaN,NaN,20,NaN,24,NaN,NaN,21.1
2017-06-21,19.7,NaN,NaN,20,NaN,NaN,NaN,20,NaN,NaN,NaN,NaN,21.1
2017-06-22,19.7,NaN,NaN,20,NaN,NaN,NaN,20,NaN,NaN,NaN,NaN,21.1
2017-06-23,19.7,NaN,NaN,20,NaN,NaN,NaN,20,NaN,NaN,NaN,NaN,21.1
2017-06-24,19.7,NaN,NaN,20,NaN,NaN,NaN,20,NaN,NaN,NaN,NaN,21.1
2017-06-25,19.7,NaN,NaN,20,NaN,NaN,NaN,20,NaN,NaN,NaN,NaN,21.1
2017-06-26,19.7,20.1,NaN,NaN,NaN,NaN,NaN,20,NaN,NaN,NaN,NaN,21.1
2017-06-27,19.7,20.1,NaN,NaN,NaN,NaN,NaN,20,NaN,NaN,NaN,NaN,21.1
2017-06-28,19.7,20.1,NaN,NaN,NaN,NaN,NaN,20,NaN,NaN,NaN,NaN,21.1
2017-06-29,19.8,20.1,NaN,NaN,NaN,NaN,NaN,20,NaN,NaN,NaN,NaN,21.1
2017-06-30,19.8,20.1,NaN,NaN,NaN,NaN,NaN,20,NaN,NaN,NaN,NaN,NaN
2017-07-01,19.8,20.1,NaN,NaN,NaN,NaN,NaN,20,NaN,NaN,NaN,NaN,NaN
2017-07-02,19.7,20.1,NaN,NaN,NaN,NaN,NaN,20,NaN,NaN,NaN,NaN,NaN
2017-07-03,19.5,20.1,NaN,NaN,NaN,NaN,NaN,20,NaN,NaN,NaN,NaN,NaN
2017-07-04,19.3,20.1,NaN,NaN,NaN,NaN,NaN,20,NaN,NaN,NaN,NaN,NaN
2017-07-05,19.2,NaN,NaN,NaN,NaN,NaN,NaN,20,NaN,NaN,NaN,NaN,NaN
2017-07-06,19.1,NaN,NaN,NaN,NaN,NaN,NaN,20,NaN,NaN,NaN,NaN,NaN
2017-07-07,19.2,NaN,NaN,NaN,NaN,NaN,NaN,NaN,NaN,NaN,NaN,NaN,NaN
2017-07-08,18.9,NaN,NaN,NaN,NaN,NaN,NaN,NaN,NaN,NaN,NaN,NaN,NaN
2017-07-09,18.9,NaN,NaN,NaN,NaN,NaN,NaN,NaN,NaN,NaN,NaN,NaN,NaN
2017-07-10,18.9,NaN,NaN,NaN,NaN,NaN,NaN,NaN,NaN,NaN,NaN,NaN,NaN
2017-07-11,19,NaN,NaN,NaN,NaN,NaN,NaN,NaN,NaN,NaN,NaN,NaN,NaN
2017-07-12,19,NaN,NaN,NaN,NaN,NaN,NaN,NaN,NaN,NaN,NaN,NaN,NaN
2017-07-13,19.1,NaN,NaN,NaN,NaN,NaN,NaN,NaN,NaN,NaN,NaN,NaN,NaN
2017-07-14,19.2,NaN,NaN,NaN,NaN,26.8,NaN,NaN,NaN,NaN,NaN,NaN,NaN
2017-07-15,19.1,NaN,NaN,NaN,NaN,26.8,NaN,NaN,NaN,NaN,NaN,NaN,NaN
2017-07-16,19.2,NaN,NaN,NaN,NaN,26.8,NaN,NaN,NaN,NaN,NaN,NaN,NaN
2017-07-17,19.2,NaN,NaN,NaN,NaN,26.8,NaN,NaN,NaN,NaN,NaN,NaN,NaN
2017-07-18,19.3,NaN,NaN,NaN,NaN,26.8,NaN,NaN,NaN,NaN,NaN,NaN,NaN
2017-07-19,19.3,NaN,NaN,NaN,NaN,26.8,NaN,NaN,NaN,NaN,NaN,NaN,NaN
2017-07-20,19.3,NaN,NaN,NaN,NaN,NaN,NaN,NaN,NaN,NaN,NaN,NaN,NaN
2017-07-21,19.3,NaN,NaN,NaN,NaN,NaN,NaN,NaN,NaN,NaN,NaN,NaN,NaN
2017-07-22,19.2,NaN,NaN,NaN,NaN,NaN,NaN,NaN,NaN,NaN,NaN,NaN,NaN
2017-07-23,19.2,NaN,NaN,NaN,NaN,NaN,NaN,NaN,NaN,NaN,NaN,NaN,NaN
2017-07-24,19.2,NaN,NaN,NaN,NaN,NaN,NaN,NaN,NaN,NaN,NaN,NaN,NaN
2017-07-25,19.2,NaN,NaN,NaN,NaN,NaN,NaN,NaN,NaN,NaN,NaN,NaN,NaN
2017-07-26,19.2,NaN,NaN,NaN,NaN,NaN,NaN,NaN,NaN,NaN,NaN,NaN,NaN
2017-07-27,19.1,NaN,NaN,NaN,NaN,NaN,NaN,NaN,NaN,NaN,NaN,NaN,NaN
2017-07-28,19.1,NaN,NaN,NaN,NaN,NaN,NaN,NaN,NaN,NaN,NaN,NaN,NaN
2017-07-29,19.1,NaN,NaN,NaN,NaN,NaN,NaN,NaN,NaN,NaN,NaN,NaN,NaN
2017-07-30,19,NaN,NaN,NaN,NaN,NaN,NaN,NaN,NaN,NaN,NaN,NaN,NaN
2017-07-31,19,NaN,NaN,18.7,NaN,NaN,NaN,NaN,NaN,NaN,NaN,NaN,NaN
2017-08-01,18.9,16.6,NaN,18.7,NaN,NaN,NaN,NaN,NaN,NaN,NaN,NaN,NaN
2017-08-02,18.8,16.6,NaN,18.7,NaN,NaN,NaN,NaN,NaN,NaN,NaN,NaN,NaN
2017-08-03,19,16.6,NaN,18.7,NaN,NaN,NaN,NaN,NaN,NaN,NaN,NaN,NaN
2017-08-04,19,16.6,NaN,18.7,NaN,NaN,NaN,NaN,NaN,NaN,NaN,NaN,NaN
2017-08-05,18.9,16.6,NaN,18.7,NaN,NaN,NaN,NaN,NaN,NaN,NaN,NaN,NaN
2017-08-06,18.9,16.6,NaN,18.7,NaN,NaN,NaN,NaN,NaN,NaN,NaN,NaN,NaN
2017-08-07,18.7,16.6,NaN,18.1,NaN,NaN,18.3,NaN,NaN,NaN,NaN,NaN,20.1
2017-08-08,18.7,16.6,NaN,18.1,NaN,NaN,18.3,NaN,NaN,NaN,NaN,NaN,20.1
2017-08-09,18.6,NaN,NaN,18.1,NaN,NaN,18.3,NaN,NaN,NaN,NaN,NaN,20.1
2017-08-10,18.6,NaN,19,18.1,NaN,NaN,18.3,NaN,NaN,NaN,NaN,NaN,20.1
2017-08-11,18.6,NaN,19,18.1,NaN,27.4,18.3,NaN,NaN,23.6,NaN,NaN,20.1
2017-08-12,18.6,NaN,19,18.1,NaN,27.4,18.3,NaN,NaN,23.6,NaN,NaN,20.1
2017-08-13,18.6,NaN,19,18.1,NaN,27.4,18.3,NaN,NaN,23.6,NaN,NaN,20.1
2017-08-14,18.6,NaN,19,18.1,NaN,27.4,18.3,NaN,NaN,23.6,NaN,NaN,20.1
2017-08-15,18.6,NaN,19,18.1,NaN,NaN,18.3,NaN,NaN,23.6,NaN,NaN,NaN
2017-08-16,18.6,NaN,19,18.1,NaN,NaN,18.3,NaN,NaN,NaN,NaN,NaN,NaN
2017-08-17,18.6,NaN,19,18.1,NaN,NaN,18.3,NaN,NaN,NaN,NaN,NaN,NaN
2017-08-18,18.6,NaN,19,18.1,NaN,NaN,NaN,NaN,NaN,NaN,NaN,NaN,NaN
2017-08-19,18.5,NaN,19,18.1,NaN,NaN,NaN,NaN,NaN,NaN,NaN,NaN,NaN
2017-08-20,18.5,NaN,19,18.1,NaN,NaN,NaN,NaN,NaN,NaN,NaN,NaN,NaN
2017-08-21,18.5,NaN,19,18.1,NaN,NaN,NaN,NaN,NaN,NaN,NaN,NaN,NaN
2017-08-22,18.5,NaN,NaN,18.1,NaN,NaN,NaN,NaN,NaN,NaN,NaN,NaN,NaN
2017-08-23,18.5,NaN,NaN,18.1,NaN,NaN,NaN,NaN,NaN,NaN,NaN,NaN,NaN
2017-08-24,18.5,NaN,NaN,18.1,NaN,NaN,NaN,NaN,NaN,NaN,NaN,NaN,NaN
2017-08-25,18.5,NaN,NaN,18.1,NaN,NaN,NaN,NaN,NaN,NaN,NaN,NaN,NaN
2017-08-26,18.4,NaN,NaN,18.1,NaN,NaN,NaN,NaN,NaN,NaN,NaN,NaN,NaN
2017-08-27,18.4,NaN,NaN,18.1,NaN,NaN,NaN,NaN,NaN,NaN,NaN,NaN,NaN
2017-08-28,18.4,NaN,NaN,18.1,NaN,NaN,NaN,NaN,NaN,NaN,NaN,NaN,NaN
2017-08-29,18.3,18.1,NaN,18.1,NaN,NaN,NaN,NaN,NaN,NaN,NaN,NaN,NaN
2017-08-30,18.3,18.1,NaN,18.1,NaN,NaN,NaN,NaN,NaN,NaN,NaN,NaN,NaN
2017-08-31,18.2,18.1,NaN,18.1,NaN,NaN,NaN,NaN,NaN,NaN,NaN,NaN,NaN
2017-09-01,18.2,18.1,NaN,18.1,NaN,NaN,NaN,NaN,NaN,NaN,NaN,NaN,19.9
2017-09-02,18.2,18.1,NaN,18.1,NaN,NaN,NaN,NaN,NaN,NaN,NaN,NaN,19.9
2017-09-03,18.1,18.1,NaN,18.1,NaN,NaN,NaN,NaN,NaN,NaN,NaN,NaN,19.9
2017-09-04,18.1,18.1,NaN,17.5,NaN,NaN,17.8,NaN,NaN,NaN,NaN,NaN,19.9
2017-09-05,18.1,18.1,NaN,17.5,NaN,NaN,17.8,NaN,NaN,NaN,NaN,NaN,19.9
2017-09-06,18,NaN,NaN,17.5,NaN,NaN,17.8,NaN,NaN,NaN,NaN,NaN,19.9
2017-09-07,18,NaN,18,17.5,NaN,NaN,17.8,NaN,NaN,NaN,NaN,NaN,NaN
2017-09-08,17.9,NaN,18,17.5,NaN,23.4,17.8,NaN,NaN,NaN,NaN,NaN,NaN
2017-09-09,17.9,NaN,18,17.5,NaN,23.4,17.8,NaN,NaN,NaN,NaN,NaN,NaN
2017-09-10,17.8,NaN,18,17.5,NaN,23.4,17.8,NaN,NaN,NaN,NaN,NaN,NaN
2017-09-11,17.8,NaN,18,17.5,NaN,23.4,17.8,NaN,NaN,NaN,NaN,NaN,NaN
2017-09-12,17.7,NaN,18,17.5,NaN,NaN,17.8,NaN,NaN,NaN,NaN,NaN,NaN
2017-09-13,17.7,NaN,18,17.5,NaN,NaN,17.8,NaN,NaN,NaN,NaN,NaN,NaN
2017-09-14,17.6,NaN,18,17.5,NaN,NaN,17.8,NaN,NaN,25.3,NaN,NaN,NaN
2017-09-15,17.6,NaN,18,17.5,NaN,NaN,NaN,NaN,NaN,25.3,NaN,NaN,NaN
2017-09-16,17.5,NaN,18,17.5,NaN,NaN,NaN,NaN,NaN,25.3,NaN,NaN,NaN
2017-09-17,17.5,NaN,18,17.5,NaN,NaN,NaN,NaN,NaN,25.3,NaN,NaN,NaN
2017-09-18,17.4,NaN,18,17.5,NaN,NaN,NaN,NaN,NaN,25.3,NaN,NaN,NaN
2017-09-19,17.4,NaN,NaN,17.5,NaN,NaN,NaN,NaN,NaN,NaN,NaN,NaN,NaN
2017-09-20,17.4,NaN,NaN,17.5,NaN,NaN,NaN,NaN,NaN,NaN,NaN,NaN,NaN
2017-09-21,17.3,NaN,NaN,17.5,NaN,NaN,NaN,NaN,NaN,NaN,NaN,NaN,NaN
2017-09-22,17.3,NaN,NaN,17.5,NaN,NaN,NaN,NaN,NaN,NaN,NaN,NaN,NaN
2017-09-23,17.2,NaN,NaN,17.5,NaN,NaN,NaN,NaN,NaN,NaN,NaN,NaN,NaN
2017-09-24,17.2,15.3,NaN,17.5,NaN,NaN,NaN,NaN,NaN,NaN,NaN,NaN,NaN
2017-09-25,17.2,15.3,NaN,17.5,NaN,NaN,NaN,NaN,NaN,NaN,NaN,NaN,NaN
2017-09-26,17.1,15.3,NaN,17.5,NaN,NaN,NaN,NaN,NaN,NaN,NaN,NaN,NaN
2017-09-27,17.1,15.3,NaN,17.5,NaN,NaN,NaN,NaN,NaN,NaN,NaN,NaN,NaN
2017-09-28,17.1,15.3,NaN,17.5,NaN,NaN,NaN,NaN,NaN,NaN,NaN,NaN,NaN
2017-09-29,17,15.3,NaN,17.5,NaN,NaN,NaN,NaN,NaN,NaN,NaN,NaN,NaN
2017-09-30,17,15.3,NaN,17.5,NaN,NaN,NaN,NaN,NaN,NaN,NaN,NaN,NaN
2017-10-01,17,15.3,NaN,17.5,NaN,NaN,NaN,NaN,NaN,NaN,NaN,NaN,NaN
2017-10-02,16.9,NaN,NaN,16.2,NaN,NaN,15,NaN,NaN,NaN,NaN,NaN,NaN
2017-10-03,16.9,NaN,NaN,16.2,NaN,NaN,15,NaN,NaN,NaN,NaN,NaN,17.9
2017-10-04,16.9,NaN,NaN,16.2,NaN,NaN,15,NaN,NaN,NaN,NaN,NaN,17.9
2017-10-05,16.8,NaN,NaN,16.2,NaN,22.8,15,NaN,NaN,NaN,NaN,NaN,17.9
2017-10-06,16.8,NaN,NaN,16.2,NaN,22.8,15,NaN,NaN,NaN,NaN,NaN,17.9
2017-10-07,16.7,NaN,NaN,16.2,NaN,22.8,15,NaN,NaN,NaN,NaN,NaN,17.9
2017-10-08,16.7,NaN,NaN,16.2,NaN,22.8,15,NaN,NaN,NaN,NaN,NaN,17.9
2017-10-09,16.6,NaN,NaN,16.2,NaN,22.8,15,NaN,NaN,NaN,NaN,NaN,17.9
2017-10-10,16.6,NaN,NaN,16.2,NaN,NaN,15,16,NaN,NaN,NaN,NaN,NaN
2017-10-11,16.5,NaN,NaN,16.2,NaN,NaN,15,16,NaN,NaN,NaN,NaN,NaN
2017-10-12,16.5,NaN,15,16.2,NaN,NaN,15,16,NaN,NaN,NaN,NaN,NaN
2017-10-13,16.4,NaN,15,16.2,NaN,NaN,NaN,16,NaN,NaN,NaN,NaN,NaN
2017-10-14,16.4,NaN,15,16.2,NaN,NaN,NaN,16,NaN,NaN,NaN,NaN,NaN
2017-10-15,16.3,NaN,15,16.2,NaN,NaN,NaN,16,NaN,NaN,NaN,NaN,NaN
2017-10-16,16.3,NaN,15,16.2,NaN,NaN,NaN,16,NaN,NaN,NaN,NaN,NaN
2017-10-17,16.2,NaN,15,16.2,NaN,NaN,NaN,16,NaN,NaN,NaN,NaN,NaN
2017-10-18,16.2,NaN,15,16.2,NaN,NaN,NaN,16,NaN,NaN,NaN,NaN,NaN
2017-10-19,16.2,NaN,15,16.2,NaN,NaN,NaN,16,NaN,NaN,NaN,NaN,NaN
2017-10-20,16.2,NaN,15,16.2,NaN,NaN,NaN,16,NaN,21.9,NaN,NaN,NaN
2017-10-21,16.2,NaN,15,16.2,NaN,NaN,NaN,16,NaN,21.9,NaN,NaN,NaN
2017-10-22,16.1,NaN,15,16.2,NaN,NaN,NaN,16,NaN,21.9,NaN,NaN,NaN
2017-10-23,16.1,NaN,NaN,16.2,NaN,NaN,NaN,16,NaN,21.9,NaN,NaN,NaN
2017-10-24,16.1,NaN,NaN,16.2,NaN,NaN,NaN,16,NaN,NaN,NaN,NaN,NaN
2017-10-25,16.1,18.1,NaN,16.2,NaN,NaN,NaN,16,NaN,NaN,NaN,NaN,NaN
2017-10-26,16.1,18.1,NaN,16.2,NaN,NaN,NaN,16,NaN,NaN,NaN,NaN,NaN
2017-10-27,16.1,18.1,NaN,16.2,14.8,NaN,NaN,16,NaN,NaN,NaN,NaN,NaN
2017-10-28,16.1,18.1,NaN,16.2,14.8,NaN,NaN,16,NaN,NaN,NaN,NaN,NaN
2017-10-29,16.1,18.1,NaN,16.2,14.8,NaN,NaN,16,NaN,NaN,NaN,NaN,NaN
2017-10-30,16.1,18.1,NaN,16.6,14.8,NaN,14.7,16,NaN,NaN,NaN,NaN,NaN
2017-10-31,16.1,18.1,NaN,16.6,14.8,NaN,14.7,16,NaN,NaN,NaN,NaN,NaN
2017-11-01,16.1,18.1,NaN,16.6,14.8,NaN,14.7,NaN,NaN,NaN,NaN,NaN,NaN
2017-11-02,16.2,NaN,NaN,16.6,14.8,NaN,14.7,NaN,NaN,NaN,NaN,NaN,NaN
2017-11-03,16.2,NaN,NaN,16.6,14.8,NaN,14.7,NaN,NaN,NaN,NaN,NaN,NaN
2017-11-04,16.2,NaN,NaN,16.6,14.8,NaN,14.7,NaN,NaN,NaN,NaN,NaN,NaN
2017-11-05,16.2,NaN,NaN,16.6,14.8,NaN,14.7,NaN,NaN,NaN,NaN,NaN,NaN
2017-11-06,16.2,NaN,NaN,16.6,14.8,NaN,14.7,NaN,NaN,NaN,NaN,NaN,NaN
2017-11-07,16.2,NaN,NaN,16.6,14.8,NaN,14.7,NaN,NaN,NaN,NaN,NaN,NaN
2017-11-08,16.2,NaN,NaN,16.6,14.8,NaN,14.7,NaN,NaN,NaN,NaN,NaN,15.4
2017-11-09,16.2,NaN,16,16.6,14.8,NaN,14.7,NaN,NaN,NaN,NaN,NaN,15.4
2017-11-10,16.3,NaN,16,16.6,14.8,NaN,NaN,NaN,NaN,NaN,NaN,NaN,15.4
2017-11-11,16.3,NaN,16,16.6,14.8,NaN,NaN,NaN,NaN,NaN,NaN,NaN,15.4
2017-11-12,16.3,NaN,16,16.6,14.8,NaN,NaN,NaN,NaN,NaN,NaN,NaN,15.4
2017-11-13,16.3,NaN,16,16.6,14.8,NaN,NaN,NaN,NaN,NaN,NaN,NaN,15.4
2017-11-14,16.3,NaN,16,16.6,14.8,NaN,NaN,NaN,NaN,NaN,NaN,NaN,NaN
2017-11-15,16.3,NaN,16,16.6,14.8,NaN,NaN,NaN,NaN,NaN,NaN,NaN,NaN
2017-11-16,16.4,NaN,16,16.6,14.8,21.7,NaN,NaN,NaN,NaN,NaN,NaN,NaN
2017-11-17,16.4,NaN,16,16.6,14.8,21.7,NaN,NaN,NaN,20.7,NaN,NaN,NaN
2017-11-18,16.4,18.3,16,16.6,14.8,21.7,NaN,NaN,NaN,20.7,NaN,NaN,NaN
2017-11-19,16.4,18.3,16,16.6,14.8,21.7,NaN,NaN,NaN,20.7,NaN,NaN,NaN
2017-11-20,16.4,18.3,NaN,16.6,14.8,21.7,NaN,NaN,NaN,20.7,NaN,NaN,NaN
2017-11-21,16.4,18.3,NaN,16.6,14.8,21.7,NaN,NaN,NaN,NaN,NaN,NaN,NaN
2017-11-22,16.4,18.3,NaN,16.6,14.8,NaN,NaN,NaN,NaN,NaN,NaN,NaN,NaN
2017-11-23,16.4,18.3,NaN,16.6,14.8,NaN,NaN,NaN,NaN,NaN,NaN,NaN,NaN
2017-11-24,16.5,18.3,NaN,16.6,14.8,NaN,NaN,NaN,NaN,NaN,NaN,NaN,NaN
2017-11-25,16.5,18.3,NaN,16.6,14.8,NaN,NaN,NaN,NaN,NaN,NaN,NaN,NaN
2017-11-26,16.5,18.3,NaN,16.6,14.8,NaN,NaN,NaN,NaN,NaN,NaN,NaN,NaN
2017-11-27,16.5,18.3,NaN,16.8,14.8,NaN,NaN,NaN,NaN,NaN,NaN,NaN,NaN
2017-11-28,16.5,18.3,NaN,16.8,14.8,NaN,NaN,NaN,NaN,NaN,NaN,NaN,NaN
2017-11-29,16.6,18.3,NaN,16.8,NaN,NaN,NaN,NaN,NaN,NaN,NaN,NaN,NaN
2017-11-30,16.6,18.3,NaN,16.8,NaN,NaN,NaN,NaN,NaN,NaN,NaN,NaN,NaN
2017-12-01,16.6,18.3,NaN,16.8,NaN,23,NaN,NaN,NaN,NaN,NaN,NaN,NaN
2017-12-02,16.6,18.3,NaN,16.8,NaN,23,NaN,NaN,NaN,NaN,NaN,NaN,NaN
2017-12-03,16.7,18.3,NaN,16.8,NaN,23,NaN,NaN,NaN,NaN,NaN,NaN,NaN
2017-12-04,16.7,18.3,NaN,16.8,NaN,23,16.5,NaN,NaN,NaN,NaN,NaN,NaN
2017-12-05,16.7,18.3,NaN,16.8,NaN,23,16.5,NaN,NaN,NaN,NaN,NaN,NaN
2017-12-06,16.7,NaN,16,16.8,NaN,23,16.5,NaN,NaN,NaN,NaN,NaN,15.9
2017-12-07,16.7,NaN,16,16.8,NaN,NaN,16.5,NaN,NaN,NaN,NaN,NaN,15.9
2017-12-08,16.7,NaN,16,16.8,NaN,NaN,16.5,NaN,NaN,NaN,NaN,NaN,15.9
2017-12-09,16.7,NaN,16,16.8,NaN,NaN,16.5,NaN,NaN,NaN,NaN,NaN,15.9
2017-12-10,16.7,NaN,16,16.8,NaN,NaN,16.5,NaN,NaN,NaN,NaN,NaN,15.9
2017-12-11,16.7,NaN,16,16.8,NaN,NaN,16.5,NaN,NaN,NaN,NaN,NaN,15.9
2017-12-12,16.7,NaN,16,16.8,NaN,NaN,16.5,NaN,NaN,NaN,NaN,NaN,15.9
2017-12-13,16.7,NaN,16,16.8,NaN,NaN,16.5,NaN,NaN,NaN,NaN,NaN,NaN
2017-12-14,16.7,NaN,16,16.8,NaN,NaN,16.5,NaN,NaN,NaN,NaN,NaN,NaN
2017-12-15,16.7,NaN,NaN,16.8,NaN,NaN,NaN,NaN,NaN,20.5,NaN,NaN,NaN
2017-12-16,16.7,NaN,NaN,16.8,NaN,NaN,NaN,NaN,NaN,20.5,NaN,NaN,NaN
2017-12-17,16.7,NaN,NaN,16.8,NaN,NaN,NaN,NaN,NaN,20.5,NaN,NaN,NaN
2017-12-18,16.7,NaN,NaN,16.8,NaN,NaN,NaN,NaN,NaN,20.5,NaN,NaN,NaN
2017-12-19,16.7,NaN,NaN,16.8,NaN,NaN,NaN,NaN,NaN,NaN,NaN,NaN,NaN
2017-12-20,16.8,NaN,NaN,16.8,NaN,NaN,NaN,NaN,NaN,NaN,NaN,NaN,NaN
2017-12-21,16.8,NaN,NaN,16.8,NaN,NaN,NaN,NaN,NaN,NaN,NaN,NaN,NaN
2017-12-22,16.8,NaN,NaN,NaN,NaN,NaN,NaN,NaN,NaN,NaN,NaN,NaN,NaN
2017-12-23,16.8,NaN,NaN,NaN,NaN,NaN,NaN,NaN,NaN,NaN,NaN,NaN,NaN
2017-12-24,16.8,NaN,NaN,NaN,NaN,NaN,NaN,NaN,NaN,NaN,NaN,NaN,NaN
2017-12-25,16.8,NaN,NaN,NaN,NaN,NaN,NaN,NaN,NaN,NaN,NaN,NaN,NaN
2017-12-26,16.8,NaN,NaN,NaN,NaN,NaN,NaN,NaN,NaN,NaN,NaN,NaN,NaN
2017-12-27,16.8,NaN,NaN,NaN,NaN,NaN,NaN,NaN,NaN,NaN,NaN,NaN,NaN
2017-12-28,16.8,NaN,NaN,NaN,NaN,NaN,NaN,NaN,NaN,NaN,NaN,NaN,NaN
2017-12-29,16.7,NaN,NaN,NaN,NaN,NaN,NaN,NaN,NaN,NaN,NaN,NaN,NaN
2017-12-30,16.7,NaN,NaN,NaN,NaN,NaN,NaN,NaN,NaN,NaN,NaN,NaN,NaN
2017-12-31,16.7,NaN,NaN,NaN,NaN,NaN,NaN,NaN,NaN,NaN,NaN,NaN,NaN
2018-01-01,16.7,NaN,NaN,NaN,NaN,NaN,NaN,NaN,NaN,NaN,NaN,NaN,NaN
2018-01-02,16.7,17.9,NaN,16.5,NaN,NaN,NaN,NaN,NaN,NaN,NaN,NaN,NaN
2018-01-03,16.7,17.9,NaN,16.5,NaN,NaN,NaN,NaN,NaN,NaN,NaN,NaN,16
2018-01-04,16.6,17.9,NaN,16.5,NaN,NaN,NaN,NaN,NaN,NaN,NaN,NaN,16
2018-01-05,16.6,17.9,NaN,16.5,NaN,NaN,NaN,NaN,NaN,NaN,NaN,NaN,16
2018-01-06,16.6,17.9,NaN,16.5,NaN,NaN,NaN,NaN,NaN,NaN,NaN,NaN,16
2018-01-07,16.6,17.9,NaN,16.5,NaN,NaN,NaN,NaN,NaN,NaN,NaN,NaN,16
2018-01-08,16.6,17.9,NaN,16.5,NaN,NaN,16.2,NaN,NaN,NaN,NaN,NaN,16
2018-01-09,16.6,17.9,NaN,16.5,NaN,NaN,16.2,NaN,NaN,NaN,NaN,NaN,NaN
2018-01-10,16.6,NaN,16,16.5,NaN,NaN,16.2,NaN,NaN,NaN,NaN,NaN,NaN
2018-01-11,16.6,NaN,16,16.5,NaN,NaN,16.2,15.5,NaN,NaN,NaN,NaN,NaN
2018-01-12,16.6,NaN,16,16.5,NaN,22.2,16.2,15.5,NaN,20.5,NaN,NaN,NaN
2018-01-13,16.6,NaN,16,16.5,NaN,22.2,16.2,15.5,NaN,20.5,NaN,NaN,NaN
2018-01-14,16.6,NaN,16,16.5,NaN,22.2,16.2,15.5,NaN,20.5,NaN,NaN,NaN
2018-01-15,16.6,NaN,16,16.5,NaN,22.2,16.2,15.5,NaN,20.5,NaN,NaN,NaN
2018-01-16,16.6,NaN,16,16.5,NaN,22.2,16.2,15.5,NaN,NaN,NaN,NaN,NaN
2018-01-17,16.6,NaN,16,16.5,NaN,NaN,16.2,15.5,NaN,NaN,NaN,NaN,NaN
2018-01-18,16.6,NaN,16,16.5,NaN,NaN,16.2,15.5,NaN,NaN,NaN,NaN,NaN
2018-01-19,16.6,NaN,16,16.5,NaN,NaN,NaN,15.5,NaN,NaN,NaN,NaN,NaN
2018-01-20,16.6,NaN,16,16.5,NaN,NaN,NaN,15.5,NaN,NaN,NaN,NaN,NaN
2018-01-21,16.6,NaN,16,16.5,NaN,NaN,NaN,15.5,NaN,NaN,NaN,NaN,NaN
2018-01-22,16.6,NaN,NaN,17.1,NaN,NaN,NaN,15.5,NaN,NaN,NaN,NaN,NaN
2018-01-23,16.6,NaN,NaN,17.1,NaN,NaN,NaN,15.5,NaN,NaN,NaN,NaN,NaN
2018-01-24,16.6,NaN,NaN,17.1,NaN,NaN,NaN,15.5,NaN,NaN,NaN,NaN,NaN
2018-01-25,16.7,NaN,NaN,17.1,NaN,NaN,NaN,15.5,NaN,NaN,NaN,NaN,NaN
2018-01-26,16.7,NaN,NaN,17.1,NaN,NaN,NaN,15.5,NaN,NaN,NaN,NaN,NaN
2018-01-27,16.7,NaN,NaN,17.1,NaN,NaN,NaN,15.5,NaN,NaN,NaN,NaN,NaN
2018-01-28,16.7,NaN,NaN,17.1,NaN,NaN,NaN,15.5,NaN,NaN,NaN,NaN,NaN
2018-01-29,16.7,NaN,NaN,17.1,NaN,NaN,NaN,15.5,NaN,NaN,NaN,NaN,NaN
2018-01-30,16.7,15.4,NaN,17.1,NaN,NaN,NaN,15.5,NaN,NaN,NaN,NaN,15.6
2018-01-31,16.7,15.4,NaN,17.1,NaN,NaN,NaN,15.5,NaN,NaN,NaN,NaN,15.6
2018-02-01,16.8,15.4,NaN,17.1,NaN,NaN,NaN,15.5,NaN,NaN,NaN,NaN,15.6
2018-02-02,16.8,15.4,NaN,17.1,NaN,NaN,NaN,15.5,NaN,NaN,NaN,NaN,15.6
2018-02-03,16.8,15.4,NaN,17.1,NaN,NaN,NaN,NaN,NaN,NaN,NaN,NaN,15.6
2018-02-04,16.8,15.4,NaN,17.1,NaN,NaN,NaN,NaN,NaN,NaN,NaN,NaN,15.6
2018-02-05,16.8,15.4,NaN,17.1,NaN,NaN,16.2,NaN,NaN,NaN,NaN,NaN,15.6
2018-02-06,16.8,15.4,NaN,17.1,NaN,NaN,16.2,NaN,NaN,NaN,NaN,NaN,NaN
2018-02-07,16.8,NaN,NaN,17.1,NaN,NaN,16.2,NaN,NaN,NaN,NaN,NaN,NaN
2018-02-08,16.8,NaN,16,17.1,NaN,NaN,16.2,NaN,NaN,NaN,NaN,NaN,NaN
2018-02-09,16.8,NaN,16,17.1,NaN,21.9,16.2,NaN,NaN,NaN,NaN,NaN,NaN
2018-02-10,16.8,NaN,16,17.1,NaN,21.9,16.2,NaN,NaN,NaN,NaN,NaN,NaN
2018-02-11,16.8,NaN,16,17.1,NaN,21.9,16.2,NaN,NaN,NaN,NaN,NaN,NaN
2018-02-12,16.8,NaN,16,17.1,NaN,21.9,16.2,NaN,NaN,NaN,NaN,NaN,NaN
2018-02-13,16.9,NaN,16,17.1,NaN,21.9,16.2,NaN,NaN,NaN,NaN,NaN,NaN
2018-02-14,16.9,NaN,16,17.1,NaN,21.9,16.2,NaN,NaN,NaN,NaN,NaN,NaN
2018-02-15,16.9,NaN,16,17.1,NaN,NaN,16.2,NaN,NaN,NaN,NaN,NaN,NaN
2018-02-16,16.9,NaN,16,17.1,NaN,NaN,NaN,NaN,NaN,22.1,NaN,NaN,NaN
2018-02-17,16.9,NaN,16,17.1,NaN,NaN,NaN,NaN,NaN,22.1,NaN,NaN,NaN
2018-02-18,16.9,NaN,16,17.1,NaN,NaN,NaN,NaN,NaN,22.1,NaN,NaN,NaN
2018-02-19,16.9,NaN,16,17.8,NaN,NaN,NaN,NaN,NaN,22.1,NaN,NaN,NaN
2018-02-20,16.9,NaN,NaN,17.8,NaN,NaN,NaN,NaN,NaN,NaN,NaN,NaN,NaN
2018-02-21,17,NaN,NaN,17.8,NaN,NaN,NaN,NaN,NaN,NaN,NaN,NaN,NaN
2018-02-22,17,NaN,NaN,17.8,NaN,NaN,NaN,NaN,NaN,NaN,NaN,NaN,NaN
2018-02-23,17,NaN,NaN,17.8,NaN,NaN,NaN,NaN,NaN,NaN,NaN,NaN,NaN
2018-02-24,17,NaN,NaN,17.8,NaN,NaN,NaN,NaN,NaN,NaN,NaN,NaN,NaN
2018-02-25,17,NaN,NaN,17.8,NaN,NaN,NaN,NaN,NaN,NaN,NaN,NaN,NaN
2018-02-26,17.1,NaN,NaN,17.8,NaN,NaN,NaN,NaN,NaN,NaN,NaN,NaN,NaN
2018-02-27,17.1,18.6,NaN,17.8,NaN,NaN,NaN,NaN,NaN,NaN,NaN,NaN,NaN
2018-02-28,17.1,18.6,NaN,17.8,NaN,NaN,NaN,NaN,NaN,NaN,NaN,NaN,NaN
2018-03-01,17.1,18.6,NaN,17.8,NaN,NaN,NaN,NaN,NaN,NaN,NaN,NaN,15.7
2018-03-02,17.1,18.6,NaN,17.8,NaN,NaN,NaN,NaN,NaN,NaN,NaN,NaN,15.7
2018-03-03,17.2,18.6,NaN,17.8,NaN,NaN,NaN,NaN,NaN,NaN,NaN,NaN,15.7
2018-03-04,17.2,18.6,NaN,17.8,NaN,NaN,NaN,NaN,NaN,NaN,NaN,NaN,15.7
2018-03-05,17.2,18.6,NaN,17.8,NaN,NaN,15.9,NaN,NaN,NaN,NaN,NaN,15.7
2018-03-06,17.2,18.6,NaN,17.8,NaN,NaN,15.9,NaN,NaN,NaN,NaN,NaN,NaN
2018-03-07,17.2,18.6,NaN,17.8,NaN,NaN,15.9,NaN,NaN,NaN,NaN,NaN,NaN
2018-03-08,17.2,NaN,NaN,17.8,NaN,NaN,15.9,NaN,NaN,NaN,NaN,NaN,NaN
2018-03-09,17.2,NaN,17,17.8,NaN,23,15.9,NaN,NaN,NaN,NaN,NaN,NaN
2018-03-10,17.1,NaN,17,17.8,NaN,23,15.9,NaN,NaN,NaN,NaN,NaN,NaN
2018-03-11,17.1,NaN,17,17.8,NaN,23,15.9,NaN,NaN,NaN,NaN,NaN,NaN
2018-03-12,17.1,NaN,17,17.8,NaN,23,15.9,NaN,NaN,NaN,NaN,NaN,NaN
2018-03-13,17.1,NaN,17,17.8,NaN,23,15.9,NaN,NaN,NaN,NaN,NaN,NaN
2018-03-14,17.1,NaN,17,17.8,NaN,NaN,15.9,NaN,NaN,NaN,NaN,NaN,NaN
2018-03-15,17.1,NaN,17,17.8,NaN,NaN,15.9,NaN,NaN,NaN,NaN,NaN,NaN
2018-03-16,17.1,NaN,17,17.8,NaN,NaN,NaN,16.7,NaN,22.4,NaN,NaN,NaN
2018-03-17,17.2,NaN,17,17.8,NaN,NaN,NaN,16.7,NaN,22.4,NaN,NaN,NaN
2018-03-18,17.2,NaN,17,17.8,NaN,NaN,NaN,16.7,NaN,22.4,NaN,NaN,NaN
2018-03-19,17.2,NaN,17,18.2,NaN,NaN,NaN,16.7,NaN,22.4,NaN,NaN,NaN
2018-03-20,17.2,NaN,NaN,18.2,NaN,NaN,NaN,16.7,NaN,NaN,NaN,NaN,NaN
2018-03-21,17.2,NaN,NaN,18.2,NaN,NaN,NaN,16.7,NaN,NaN,NaN,NaN,NaN
2018-03-22,17.2,NaN,NaN,18.2,NaN,NaN,NaN,16.7,NaN,NaN,NaN,NaN,NaN
2018-03-23,17.2,NaN,NaN,18.2,NaN,NaN,NaN,16.7,NaN,NaN,NaN,NaN,NaN
2018-03-24,17.2,NaN,NaN,18.2,NaN,NaN,NaN,16.7,NaN,NaN,NaN,NaN,NaN
2018-03-25,17.2,NaN,NaN,18.2,NaN,NaN,NaN,16.7,NaN,NaN,NaN,NaN,NaN
2018-03-26,17.2,NaN,NaN,18.2,NaN,NaN,NaN,16.7,NaN,NaN,NaN,NaN,NaN
2018-03-27,17.3,18.8,NaN,18.2,NaN,NaN,NaN,16.7,NaN,NaN,NaN,NaN,NaN
2018-03-28,17.3,18.8,NaN,18.2,NaN,NaN,NaN,16.7,NaN,NaN,NaN,NaN,NaN
2018-03-29,17.3,18.8,NaN,18.2,NaN,NaN,NaN,16.7,NaN,NaN,NaN,NaN,NaN
2018-03-30,17.3,18.8,NaN,18.2,NaN,NaN,NaN,16.7,NaN,NaN,NaN,NaN,NaN
2018-03-31,17.4,18.8,NaN,18.2,NaN,NaN,NaN,16.7,NaN,NaN,NaN,NaN,NaN
2018-04-01,17.4,18.8,NaN,18.2,NaN,NaN,NaN,16.7,NaN,NaN,NaN,NaN,NaN
2018-04-02,17.4,18.8,NaN,18.2,NaN,NaN,14.8,16.7,NaN,NaN,NaN,NaN,NaN
2018-04-03,17.5,18.8,NaN,18.2,NaN,NaN,14.8,16.7,NaN,NaN,NaN,NaN,15.9
2018-04-04,17.5,18.8,NaN,18.2,NaN,NaN,14.8,16.7,NaN,NaN,NaN,NaN,15.9
2018-04-05,17.5,NaN,NaN,18.2,NaN,21.4,14.8,16.7,NaN,NaN,NaN,NaN,15.9
2018-04-06,17.5,NaN,NaN,18.2,NaN,21.4,14.8,16.7,NaN,NaN,NaN,NaN,15.9
2018-04-07,17.6,NaN,NaN,18.2,NaN,21.4,14.8,16.7,NaN,NaN,NaN,NaN,15.9
2018-04-08,17.6,NaN,NaN,18.2,NaN,21.4,14.8,16.7,NaN,NaN,NaN,NaN,15.9
2018-04-09,17.6,NaN,NaN,18.2,NaN,21.4,14.8,16.7,NaN,NaN,NaN,NaN,15.9
2018-04-10,17.7,NaN,NaN,18.2,NaN,21.4,14.8,16.7,NaN,NaN,NaN,NaN,NaN
2018-04-11,17.7,NaN,NaN,18.2,NaN,NaN,14.8,16.7,NaN,NaN,NaN,NaN,NaN
2018-04-12,17.7,NaN,17,18.2,NaN,NaN,14.8,16.7,NaN,NaN,NaN,NaN,NaN
2018-04-13,17.7,NaN,17,18.2,NaN,NaN,NaN,16.7,NaN,22.1,NaN,NaN,NaN
2018-04-14,17.8,NaN,17,18.2,NaN,NaN,NaN,NaN,NaN,22.1,NaN,NaN,NaN
2018-04-15,17.8,NaN,17,18.2,NaN,NaN,NaN,NaN,NaN,22.1,NaN,NaN,NaN
2018-04-16,17.9,NaN,17,19.2,NaN,NaN,NaN,NaN,NaN,22.1,NaN,NaN,NaN
2018-04-17,17.9,NaN,17,19.2,NaN,NaN,NaN,NaN,NaN,NaN,NaN,NaN,NaN
2018-04-18,17.9,NaN,17,19.2,NaN,NaN,NaN,NaN,NaN,NaN,NaN,NaN,NaN
2018-04-19,18,NaN,17,19.2,NaN,NaN,NaN,NaN,NaN,NaN,NaN,NaN,NaN
2018-04-20,18.1,NaN,17,19.2,NaN,NaN,NaN,NaN,NaN,NaN,NaN,NaN,NaN
2018-04-21,18.1,NaN,17,19.2,NaN,NaN,NaN,NaN,NaN,NaN,NaN,NaN,NaN
2018-04-22,18.2,NaN,17,19.2,NaN,NaN,NaN,NaN,NaN,NaN,NaN,NaN,NaN
2018-04-23,18.2,NaN,17,19.2,NaN,NaN,NaN,NaN,NaN,NaN,NaN,NaN,NaN
2018-04-24,18.3,19.4,NaN,19.2,NaN,NaN,NaN,NaN,NaN,NaN,NaN,NaN,NaN
2018-04-25,18.3,19.4,NaN,19.2,NaN,NaN,NaN,NaN,NaN,NaN,NaN,NaN,NaN
2018-04-26,18.4,19.4,NaN,19.2,NaN,NaN,NaN,NaN,NaN,NaN,NaN,NaN,NaN
2018-04-27,18.4,19.4,NaN,19.2,18.5,NaN,NaN,NaN,NaN,NaN,NaN,NaN,NaN
2018-04-28,18.5,19.4,NaN,19.2,18.5,NaN,NaN,NaN,NaN,NaN,NaN,NaN,NaN
2018-04-29,18.5,19.4,NaN,19.2,18.5,NaN,NaN,NaN,NaN,NaN,NaN,NaN,NaN
2018-04-30,18.6,19.4,NaN,19.2,18.5,NaN,NaN,NaN,NaN,NaN,NaN,NaN,NaN
2018-05-01,18.6,19.4,NaN,19.2,18.5,NaN,NaN,NaN,NaN,NaN,NaN,NaN,16.9
2018-05-02,18.7,19.4,NaN,19.2,18.5,NaN,NaN,NaN,NaN,NaN,NaN,NaN,16.9
2018-05-03,18.7,NaN,NaN,19.2,18.5,NaN,NaN,NaN,NaN,NaN,NaN,NaN,16.9
2018-05-04,18.8,NaN,NaN,19.2,18.5,23.1,NaN,NaN,NaN,NaN,NaN,NaN,16.9
2018-05-05,18.9,NaN,NaN,19.2,18.5,23.1,NaN,NaN,NaN,NaN,NaN,NaN,16.9
2018-05-06,19,NaN,NaN,19.2,18.5,23.1,NaN,NaN,NaN,NaN,NaN,NaN,16.9
2018-05-07,19,NaN,NaN,19.2,18.5,23.1,18.7,NaN,NaN,NaN,NaN,NaN,16.9
2018-05-08,19.1,NaN,NaN,19.2,18.5,NaN,18.7,19,NaN,NaN,NaN,NaN,NaN
2018-05-09,19.2,NaN,NaN,19.2,18.5,NaN,18.7,19,NaN,NaN,NaN,NaN,NaN
2018-05-10,19.2,NaN,20,19.2,18.5,NaN,18.7,19,NaN,NaN,NaN,NaN,NaN
2018-05-11,19.3,NaN,20,19.2,18.5,NaN,18.7,19,NaN,23,NaN,NaN,NaN
2018-05-12,19.4,NaN,20,19.2,18.5,NaN,18.7,19,NaN,23,NaN,NaN,NaN
2018-05-13,19.4,NaN,20,19.2,18.5,NaN,18.7,19,NaN,23,NaN,NaN,NaN
2018-05-14,19.5,NaN,20,21.9,18.5,NaN,18.7,19,NaN,23,NaN,NaN,NaN
2018-05-15,19.5,NaN,20,21.9,18.5,NaN,18.7,19,NaN,NaN,NaN,NaN,NaN
2018-05-16,19.6,NaN,20,21.9,18.5,NaN,18.7,19,NaN,NaN,NaN,NaN,NaN
2018-05-17,19.6,NaN,20,21.9,18.5,NaN,18.7,19,NaN,NaN,NaN,NaN,NaN
2018-05-18,19.7,NaN,20,21.9,18.5,NaN,NaN,19,NaN,NaN,NaN,NaN,NaN
2018-05-19,19.7,NaN,20,21.9,18.5,NaN,NaN,19,NaN,NaN,NaN,NaN,NaN
2018-05-20,19.8,NaN,20,21.9,18.5,NaN,NaN,19,NaN,NaN,NaN,NaN,NaN
2018-05-21,19.8,NaN,20,21.9,18.5,NaN,NaN,19,NaN,NaN,NaN,NaN,19.5
2018-05-22,19.8,NaN,NaN,21.9,18.5,NaN,NaN,19,NaN,NaN,NaN,NaN,19.5
2018-05-23,19.9,NaN,NaN,21.9,18.5,NaN,NaN,19,NaN,NaN,NaN,NaN,19.5
2018-05-24,19.9,NaN,NaN,21.9,18.5,NaN,NaN,19,NaN,NaN,NaN,NaN,19.5
2018-05-25,20,NaN,NaN,21.9,18.5,NaN,NaN,19,NaN,NaN,NaN,NaN,19.5
2018-05-26,20,NaN,NaN,21.9,18.5,NaN,NaN,19,NaN,NaN,NaN,NaN,19.5
2018-05-27,20.1,NaN,NaN,21.9,18.5,NaN,NaN,19,NaN,NaN,NaN,NaN,19.5
2018-05-28,20.1,NaN,NaN,21.9,18.5,NaN,NaN,19,NaN,NaN,NaN,NaN,19.5
2018-05-29,20.1,21,NaN,21.9,18.5,NaN,NaN,19,NaN,NaN,NaN,NaN,19.5
2018-05-30,20.2,21,NaN,21.9,NaN,NaN,NaN,19,NaN,NaN,NaN,NaN,19.5
2018-05-31,20.2,21,NaN,21.9,NaN,NaN,NaN,19,NaN,NaN,NaN,NaN,NaN
2018-06-01,20.2,21,NaN,21.9,NaN,26.1,NaN,19,NaN,NaN,NaN,NaN,NaN
2018-06-02,20.3,21,NaN,21.9,NaN,26.1,NaN,19,NaN,NaN,NaN,NaN,NaN
2018-06-03,20.3,21,NaN,21.9,NaN,26.1,NaN,19,NaN,NaN,NaN,NaN,NaN
2018-06-04,20.3,21,NaN,21.9,NaN,26.1,18.5,19,NaN,NaN,NaN,NaN,NaN
2018-06-05,20.4,21,NaN,21.9,NaN,26.1,18.5,19,NaN,NaN,NaN,NaN,NaN
2018-06-06,20.4,21,NaN,21.9,NaN,NaN,18.5,19,NaN,NaN,NaN,NaN,NaN
2018-06-07,20.4,21,20,22.4,NaN,NaN,18.5,19,NaN,NaN,NaN,NaN,NaN
2018-06-08,20.5,21,20,22.4,NaN,NaN,18.5,19,NaN,NaN,NaN,NaN,NaN
2018-06-09,20.5,21,20,22.4,NaN,NaN,18.5,19,NaN,NaN,NaN,NaN,NaN
2018-06-10,20.5,21,20,22.4,NaN,NaN,18.5,19,NaN,NaN,NaN,NaN,NaN
2018-06-11,20.6,21,20,22.4,NaN,NaN,18.5,19,NaN,NaN,NaN,NaN,NaN
2018-06-12,20.6,21,20,22.4,NaN,NaN,18.5,19,NaN,NaN,NaN,NaN,NaN
2018-06-13,20.6,21,20,22.4,NaN,NaN,18.5,19,NaN,NaN,NaN,NaN,NaN
2018-06-14,20.6,21,20,22.4,NaN,NaN,18.5,19,NaN,NaN,NaN,NaN,NaN
2018-06-15,20.6,21,20,22.4,NaN,NaN,NaN,19,NaN,28.5,NaN,NaN,NaN
2018-06-16,20.6,21,20,22.4,NaN,NaN,NaN,19,NaN,28.5,NaN,NaN,NaN
2018-06-17,20.7,21,20,22.4,NaN,NaN,NaN,19,NaN,28.5,NaN,NaN,NaN
2018-06-18,20.7,21,20,22.4,NaN,NaN,NaN,19,NaN,28.5,NaN,NaN,NaN
2018-06-19,20.7,21,NaN,22.4,NaN,NaN,NaN,NaN,NaN,NaN,NaN,NaN,NaN
2018-06-20,20.7,21,NaN,22.4,NaN,NaN,NaN,20.7,NaN,NaN,NaN,NaN,20.5
2018-06-21,20.7,21,NaN,22.4,NaN,NaN,NaN,20.7,NaN,NaN,NaN,NaN,20.5
2018-06-22,20.7,21,NaN,22.4,NaN,NaN,NaN,20.7,NaN,NaN,NaN,NaN,20.5
2018-06-23,20.7,21,NaN,22.4,NaN,NaN,NaN,20.7,NaN,NaN,NaN,NaN,20.5
2018-06-24,20.8,21,NaN,22.4,NaN,NaN,NaN,20.7,NaN,NaN,NaN,NaN,20.5
2018-06-25,20.8,21,NaN,21.6,NaN,NaN,NaN,20.7,NaN,NaN,NaN,NaN,20.5
2018-06-26,20.8,21,NaN,21.6,NaN,NaN,NaN,20.7,NaN,NaN,NaN,NaN,20.5
2018-06-27,20.8,21,NaN,21.6,NaN,NaN,NaN,20.7,NaN,NaN,NaN,NaN,NaN
2018-06-28,20.8,21,NaN,21.6,NaN,25.6,NaN,20.7,NaN,NaN,NaN,NaN,NaN
2018-06-29,20.8,21,NaN,21.6,NaN,25.6,NaN,20.7,NaN,NaN,NaN,NaN,NaN
2018-06-30,20.8,21,NaN,21.6,NaN,25.6,NaN,20.7,NaN,NaN,NaN,NaN,NaN
2018-07-01,20.8,21,NaN,21.6,NaN,25.6,NaN,20.7,NaN,NaN,NaN,NaN,NaN
2018-07-02,20.8,21,NaN,21.6,NaN,25.6,NaN,20.7,NaN,NaN,NaN,NaN,NaN
2018-07-03,20.8,21,NaN,21.6,NaN,25.6,NaN,20.7,NaN,NaN,NaN,NaN,NaN
2018-07-04,20.8,NaN,NaN,21.6,NaN,NaN,NaN,20.7,NaN,NaN,NaN,NaN,NaN
2018-07-05,20.8,NaN,NaN,21.6,NaN,NaN,NaN,20.7,NaN,NaN,NaN,NaN,NaN
2018-07-06,20.8,NaN,NaN,21.6,NaN,NaN,NaN,20.7,NaN,NaN,NaN,NaN,NaN
2018-07-07,20.8,NaN,NaN,21.6,NaN,NaN,NaN,20.7,NaN,NaN,NaN,NaN,NaN
2018-07-08,20.8,NaN,NaN,21.6,NaN,NaN,NaN,20.7,NaN,NaN,NaN,NaN,NaN
2018-07-09,20.7,NaN,NaN,21.6,NaN,NaN,NaN,20.7,NaN,NaN,NaN,NaN,NaN
2018-07-10,20.7,NaN,NaN,21.6,NaN,NaN,NaN,20.7,NaN,NaN,NaN,NaN,NaN
2018-07-11,20.6,NaN,NaN,21.6,NaN,NaN,NaN,20.7,NaN,NaN,NaN,NaN,NaN
2018-07-12,20.6,NaN,NaN,21.6,NaN,NaN,NaN,20.7,NaN,NaN,NaN,NaN,NaN
2018-07-13,20.6,NaN,NaN,21.6,NaN,NaN,NaN,20.7,NaN,25.7,NaN,NaN,NaN
2018-07-14,20.6,NaN,NaN,21.6,NaN,NaN,NaN,20.7,NaN,25.7,NaN,NaN,NaN
2018-07-15,20.6,NaN,NaN,21.6,NaN,NaN,NaN,20.7,NaN,25.7,NaN,NaN,NaN
2018-07-16,20.6,NaN,NaN,21.6,NaN,NaN,NaN,20.7,NaN,NaN,NaN,NaN,NaN
2018-07-17,20.5,NaN,NaN,21.6,NaN,NaN,NaN,20.7,NaN,NaN,NaN,NaN,NaN
2018-07-18,20.5,NaN,NaN,21.6,NaN,NaN,NaN,20.7,NaN,NaN,NaN,NaN,NaN
2018-07-19,20.5,NaN,NaN,21.6,NaN,NaN,NaN,20.7,NaN,NaN,NaN,NaN,NaN
2018-07-20,20.4,NaN,NaN,21.6,NaN,NaN,NaN,20.7,NaN,NaN,NaN,NaN,NaN
2018-07-21,20.4,NaN,NaN,21.6,NaN,NaN,NaN,20.7,NaN,NaN,NaN,NaN,NaN
2018-07-22,20.4,NaN,NaN,21.6,NaN,NaN,NaN,NaN,NaN,NaN,NaN,NaN,NaN
2018-07-23,20.4,NaN,NaN,21.6,NaN,NaN,NaN,NaN,NaN,NaN,NaN,NaN,NaN
2018-07-24,20.4,NaN,NaN,21.6,NaN,NaN,NaN,NaN,NaN,NaN,NaN,NaN,NaN
2018-07-25,20.3,NaN,NaN,21.6,NaN,NaN,NaN,NaN,NaN,NaN,NaN,NaN,19
2018-07-26,20.3,NaN,NaN,21.6,NaN,NaN,NaN,NaN,NaN,NaN,NaN,NaN,19
2018-07-27,20.3,NaN,NaN,21.6,NaN,25.5,NaN,NaN,NaN,NaN,NaN,NaN,19
2018-07-28,20.3,NaN,NaN,21.6,NaN,25.5,NaN,NaN,NaN,NaN,NaN,NaN,19
2018-07-29,20.2,NaN,NaN,21.6,NaN,25.5,NaN,NaN,NaN,NaN,NaN,NaN,19
2018-07-30,20.2,NaN,NaN,21.6,NaN,25.5,NaN,NaN,NaN,NaN,NaN,NaN,19
2018-07-31,20.2,NaN,NaN,21.6,NaN,25.5,NaN,NaN,NaN,NaN,NaN,NaN,19
2018-08-01,20.1,NaN,NaN,21.6,NaN,25.5,NaN,NaN,NaN,NaN,NaN,NaN,19
2018-08-02,20.1,NaN,NaN,21.6,NaN,NaN,NaN,NaN,NaN,NaN,NaN,NaN,19
2018-08-03,20,NaN,NaN,21.6,NaN,NaN,NaN,NaN,NaN,NaN,NaN,NaN,NaN
2018-08-04,20,NaN,NaN,21.6,NaN,NaN,NaN,NaN,NaN,NaN,NaN,NaN,NaN
2018-08-05,20,NaN,NaN,21.6,NaN,NaN,NaN,NaN,NaN,NaN,NaN,NaN,NaN
2018-08-06,19.9,NaN,NaN,21.6,NaN,NaN,16.8,NaN,NaN,NaN,NaN,NaN,NaN
2018-08-07,19.9,NaN,19,21.6,NaN,NaN,16.8,NaN,NaN,NaN,NaN,NaN,NaN
2018-08-08,19.8,19.6,19,21.6,NaN,NaN,16.8,NaN,NaN,NaN,NaN,NaN,NaN
2018-08-09,19.8,19.6,19,21.6,NaN,NaN,16.8,NaN,NaN,NaN,NaN,NaN,NaN
2018-08-10,19.7,19.6,19,21.6,NaN,NaN,NaN,NaN,NaN,NaN,NaN,NaN,18.8
2018-08-11,19.7,19.6,19,21.6,NaN,NaN,NaN,NaN,NaN,NaN,NaN,NaN,18.8
2018-08-12,19.6,19.6,19,21.6,NaN,NaN,NaN,NaN,NaN,NaN,NaN,NaN,18.8
2018-08-13,19.6,19.6,19,19.2,NaN,NaN,18.7,NaN,NaN,NaN,NaN,NaN,18.8
2018-08-14,19.5,19.6,19,19.2,NaN,21.8,18.7,NaN,NaN,NaN,NaN,NaN,18.8
2018-08-15,19.5,19.6,19,19.2,NaN,NaN,18.7,NaN,NaN,NaN,NaN,NaN,18.8
2018-08-16,19.4,NaN,19,19.2,NaN,NaN,18.7,20.1,NaN,NaN,NaN,NaN,18.8
2018-08-17,19.4,NaN,19.4,19.2,NaN,NaN,NaN,20.1,NaN,24.2,NaN,NaN,NaN
2018-08-18,19.3,NaN,19.4,19.2,NaN,NaN,NaN,20.1,NaN,24.2,NaN,NaN,NaN
2018-08-19,19.3,NaN,19.4,19.2,NaN,NaN,NaN,20.1,NaN,24.2,NaN,NaN,NaN
2018-08-20,19.2,NaN,19.4,19.2,NaN,NaN,18.6,20.1,NaN,24.2,NaN,NaN,NaN
2018-08-21,19.1,NaN,19.4,19.2,NaN,NaN,18.6,20.1,NaN,NaN,NaN,NaN,NaN
2018-08-22,19.1,NaN,19.4,18.2,NaN,NaN,18.6,20.1,NaN,NaN,NaN,NaN,18.7
2018-08-23,19,19.8,19.4,18.2,NaN,NaN,18.6,20.1,NaN,NaN,NaN,NaN,18.7
2018-08-24,19,19.8,19.4,18.2,NaN,24,18.5,20.1,NaN,NaN,NaN,NaN,18.7
2018-08-25,18.9,19.8,NaN,18.2,NaN,24,18.5,20.1,NaN,NaN,NaN,NaN,18.7
2018-08-26,18.8,19.8,NaN,18.2,NaN,24,18.5,20.1,NaN,NaN,NaN,NaN,18.7
2018-08-27,18.8,19.8,NaN,18.2,NaN,24,18.8,20.1,NaN,NaN,NaN,NaN,18.1
2018-08-28,18.7,19.8,16.3,18.2,NaN,24,19.2,20.3,NaN,NaN,NaN,NaN,18.1
2018-08-29,18.7,19.8,16.3,NaN,NaN,24,17.6,20.3,NaN,NaN,NaN,NaN,18.1
2018-08-30,18.6,19.8,16.3,NaN,NaN,NaN,16.9,19.5,NaN,24.8,NaN,NaN,18.1
2018-08-31,18.6,18.2,16.3,NaN,NaN,NaN,18.1,20,NaN,24.8,NaN,NaN,19.2
2018-09-01,18.5,18.2,16.3,NaN,NaN,NaN,18.1,19.7,NaN,24.8,NaN,NaN,19.2
2018-09-02,18.5,18.2,16.3,NaN,NaN,NaN,18.1,19.7,NaN,NaN,NaN,NaN,19.2
2018-09-03,18.5,18.2,16.8,NaN,NaN,NaN,17.2,20.3,NaN,NaN,NaN,NaN,19.2
2018-09-04,18.4,18.2,16.8,19.1,NaN,NaN,17.1,20,NaN,NaN,NaN,NaN,16.8
2018-09-05,18.4,17.2,16.8,19.1,NaN,NaN,16.9,19.2,NaN,NaN,NaN,NaN,16.8
2018-09-06,18.4,17.2,NaN,19.1,NaN,NaN,17,17.7,NaN,NaN,NaN,NaN,16.8
2018-09-07,18.3,NaN,NaN,NaN,NaN,NaN,NaN,17.4,NaN,NaN,NaN,NaN,16.8
2018-09-08,18.3,NaN,NaN,NaN,NaN,NaN,NaN,NaN,NaN,NaN,NaN,NaN,NaN
2018-09-09,18.3,NaN,NaN,NaN,NaN,NaN,NaN,NaN,NaN,NaN,NaN,17.5,NaN
2018-09-10,18.3,NaN,NaN,NaN,NaN,NaN,NaN,NaN,NaN,NaN,NaN,NaN,NaN
2018-09-11,18.3,NaN,NaN,NaN,NaN,NaN,NaN,NaN,NaN,NaN,NaN,NaN,NaN
2018-09-12,18.3,NaN,NaN,NaN,NaN,NaN,NaN,NaN,NaN,NaN,NaN,NaN,NaN
2018-09-13,18.3,NaN,NaN,NaN,NaN,NaN,NaN,NaN,NaN,NaN,NaN,NaN,NaN
2018-09-14,18.3,NaN,NaN,NaN,NaN,NaN,NaN,NaN,NaN,NaN,NaN,NaN,NaN
2018-09-15,18.3,NaN,NaN,NaN,NaN,NaN,NaN,NaN,NaN,NaN,NaN,NaN,NaN
2018-09-16,18.3,NaN,NaN,NaN,NaN,NaN,NaN,NaN,NaN,NaN,NaN,NaN,NaN
2018-09-17,18.3,NaN,NaN,NaN,NaN,NaN,NaN,NaN,NaN,NaN,NaN,NaN,NaN
2018-09-18,18.3,NaN,NaN,NaN,NaN,NaN,NaN,NaN,NaN,NaN,NaN,NaN,NaN
2018-09-19,18.3,NaN,NaN,NaN,NaN,NaN,NaN,NaN,NaN,NaN,NaN,NaN,NaN
2018-09-20,18.3,NaN,NaN,NaN,NaN,NaN,NaN,NaN,NaN,NaN,NaN,NaN,NaN
2018-09-21,18.3,NaN,NaN,NaN,NaN,NaN,NaN,NaN,NaN,NaN,NaN,NaN,NaN
2018-09-22,18.4,NaN,NaN,NaN,NaN,NaN,NaN,NaN,NaN,NaN,NaN,NaN,NaN
2018-09-23,18.4,NaN,NaN,NaN,NaN,NaN,NaN,NaN,NaN,NaN,NaN,NaN,NaN
2018-09-24,18.4,NaN,NaN,NaN,NaN,NaN,18.3,NaN,NaN,NaN,NaN,NaN,NaN
2018-09-25,18.4,18,NaN,NaN,NaN,NaN,18.3,NaN,NaN,NaN,NaN,NaN,NaN
2018-09-26,18.4,18,NaN,NaN,NaN,NaN,18.3,NaN,NaN,NaN,NaN,NaN,NaN
2018-09-27,18.4,18,NaN,NaN,NaN,NaN,18.3,NaN,NaN,NaN,NaN,NaN,NaN
2018-09-28,18.5,18,NaN,NaN,NaN,NaN,18.3,NaN,NaN,NaN,NaN,NaN,NaN
2018-09-29,18.5,18,NaN,NaN,NaN,NaN,18.3,NaN,NaN,NaN,NaN,NaN,NaN
2018-09-30,18.5,18,NaN,NaN,NaN,NaN,18.3,NaN,NaN,NaN,NaN,NaN,NaN
2018-10-01,18.5,18,NaN,18.8,NaN,NaN,18.3,NaN,NaN,NaN,NaN,NaN,17.9
2018-10-02,18.5,18,NaN,18.8,NaN,NaN,18.3,NaN,NaN,NaN,NaN,NaN,17.9
2018-10-03,18.6,NaN,NaN,18.8,NaN,NaN,NaN,NaN,NaN,NaN,NaN,NaN,17.9
2018-10-04,18.6,NaN,NaN,18.8,NaN,NaN,NaN,NaN,NaN,NaN,NaN,NaN,17.9
2018-10-05,18.6,NaN,NaN,18.8,NaN,20.3,NaN,NaN,NaN,NaN,NaN,NaN,17.9
2018-10-06,18.6,NaN,NaN,18.8,NaN,20.3,NaN,NaN,NaN,NaN,NaN,NaN,17.9
2018-10-07,18.7,NaN,NaN,18.8,NaN,20.3,NaN,NaN,NaN,NaN,NaN,NaN,17.9
2018-10-08,18.7,NaN,NaN,18.8,NaN,20.3,18.6,NaN,NaN,NaN,NaN,NaN,17.9
2018-10-09,18.8,NaN,NaN,18.8,NaN,20.3,18.6,NaN,NaN,NaN,NaN,NaN,NaN
2018-10-10,18.7,NaN,NaN,18.8,NaN,NaN,18.6,NaN,NaN,NaN,NaN,NaN,NaN
2018-10-11,18.7,NaN,NaN,18.8,NaN,NaN,18.6,NaN,NaN,NaN,NaN,NaN,NaN
2018-10-12,18.8,NaN,NaN,18.8,NaN,NaN,18.6,NaN,NaN,NaN,NaN,NaN,NaN
2018-10-13,18.8,NaN,NaN,18.8,NaN,NaN,18.6,NaN,NaN,NaN,NaN,NaN,NaN
2018-10-14,18.8,NaN,NaN,18.8,NaN,NaN,18.6,NaN,NaN,NaN,NaN,NaN,NaN
2018-10-15,18.8,NaN,NaN,19.2,NaN,NaN,18.6,NaN,NaN,NaN,NaN,NaN,NaN
2018-10-16,18.9,NaN,19,19.2,NaN,NaN,18.6,NaN,NaN,NaN,NaN,NaN,NaN
2018-10-17,18.9,NaN,19,19.2,NaN,NaN,18.6,NaN,NaN,NaN,NaN,NaN,NaN
2018-10-18,18.9,NaN,19,19.2,NaN,NaN,18.6,NaN,NaN,NaN,NaN,NaN,NaN
2018-10-19,18.9,NaN,19,19.2,NaN,NaN,NaN,NaN,NaN,NaN,NaN,NaN,NaN
2018-10-20,18.9,NaN,19,19.2,NaN,NaN,NaN,NaN,NaN,NaN,NaN,NaN,NaN
2018-10-21,19,NaN,19,19.2,NaN,NaN,NaN,NaN,NaN,NaN,NaN,NaN,NaN
2018-10-22,19,NaN,19,19.2,NaN,NaN,NaN,NaN,NaN,NaN,NaN,NaN,NaN
2018-10-23,19,NaN,19,19.2,NaN,NaN,NaN,NaN,NaN,NaN,NaN,NaN,NaN
2018-10-24,19,NaN,19,19.2,NaN,NaN,NaN,NaN,NaN,NaN,NaN,NaN,NaN
2018-10-25,19.1,NaN,NaN,19.2,NaN,NaN,NaN,NaN,NaN,NaN,NaN,NaN,NaN
2018-10-26,19.1,NaN,NaN,19.2,NaN,NaN,NaN,NaN,NaN,NaN,NaN,NaN,18.9
2018-10-27,19.1,NaN,NaN,19.2,NaN,NaN,NaN,NaN,NaN,NaN,NaN,NaN,18.9
2018-10-28,19.1,NaN,NaN,19.2,NaN,NaN,NaN,NaN,NaN,NaN,NaN,NaN,18.9
2018-10-29,19.1,NaN,NaN,19.2,18.3,NaN,NaN,NaN,NaN,NaN,NaN,NaN,18.9
2018-10-30,19.2,21.1,NaN,19.2,18.3,NaN,NaN,NaN,NaN,NaN,NaN,NaN,18.9
2018-10-31,19.2,21.1,NaN,19.2,18.3,NaN,NaN,NaN,NaN,NaN,NaN,NaN,18.9
2018-11-01,19.2,21.1,NaN,19.2,18.3,20,NaN,NaN,NaN,NaN,NaN,NaN,18.9
2018-11-02,19.2,21.1,NaN,19.2,18.3,20,NaN,NaN,NaN,NaN,NaN,NaN,18.9
2018-11-03,19.2,21.1,NaN,19.2,18.3,20,NaN,NaN,NaN,NaN,NaN,NaN,18.9
2018-11-04,19.3,21.1,NaN,19.2,18.3,20,NaN,NaN,NaN,NaN,NaN,NaN,18.9
2018-11-05,19.3,21.1,NaN,19.2,18.3,20,19.3,NaN,NaN,NaN,NaN,NaN,18.9
2018-11-06,19.3,21.1,NaN,19.2,18.3,20,19.3,NaN,NaN,NaN,NaN,NaN,18.9
2018-11-07,19.4,21.1,NaN,19.2,18.3,20,19.3,NaN,NaN,NaN,NaN,NaN,NaN
2018-11-08,19.4,21.1,NaN,19.2,18.3,NaN,19.3,NaN,NaN,NaN,NaN,NaN,NaN
2018-11-09,19.4,NaN,NaN,19.2,18.3,NaN,19.3,NaN,NaN,NaN,NaN,NaN,NaN
2018-11-10,19.4,NaN,NaN,19.2,18.3,NaN,19.3,NaN,NaN,NaN,NaN,NaN,NaN
2018-11-11,19.4,NaN,NaN,19.2,18.3,NaN,19.3,NaN,NaN,NaN,NaN,NaN,NaN
2018-11-12,19.4,NaN,NaN,19.8,18.3,NaN,19.3,NaN,NaN,NaN,NaN,NaN,NaN
2018-11-13,19.4,NaN,NaN,19.8,18.3,NaN,19.3,NaN,NaN,NaN,NaN,NaN,NaN
2018-11-14,19.5,NaN,NaN,19.8,18.3,NaN,19.3,NaN,NaN,NaN,NaN,NaN,18.8
2018-11-15,19.5,NaN,NaN,19.8,18.3,NaN,19.3,NaN,NaN,NaN,NaN,NaN,18.8
2018-11-16,19.5,NaN,20,19.8,18.3,NaN,NaN,NaN,NaN,NaN,NaN,NaN,18.8
2018-11-17,19.5,NaN,20,19.8,18.3,NaN,NaN,NaN,NaN,NaN,NaN,NaN,18.8
2018-11-18,19.5,NaN,20,19.8,18.3,NaN,NaN,NaN,NaN,NaN,NaN,NaN,18.8
2018-11-19,19.5,NaN,20,19.8,18.3,NaN,NaN,NaN,NaN,NaN,NaN,NaN,18.8
2018-11-20,19.5,NaN,20,19.8,18.3,NaN,NaN,NaN,NaN,NaN,NaN,NaN,NaN
2018-11-21,19.5,NaN,20,19.8,18.3,NaN,NaN,NaN,NaN,NaN,NaN,NaN,NaN
2018-11-22,19.5,NaN,20,19.8,18.3,NaN,NaN,NaN,NaN,NaN,NaN,NaN,NaN
2018-11-23,19.6,NaN,20,19.8,18.3,NaN,NaN,NaN,NaN,NaN,NaN,NaN,NaN
2018-11-24,19.6,NaN,20,19.8,18.3,NaN,NaN,NaN,NaN,NaN,NaN,NaN,NaN
2018-11-25,19.6,NaN,NaN,19.8,18.3,NaN,NaN,NaN,NaN,NaN,NaN,NaN,NaN
2018-11-26,19.6,NaN,NaN,19.8,18.3,NaN,NaN,NaN,NaN,NaN,NaN,NaN,NaN
2018-11-27,19.6,20.7,NaN,19.8,18.3,NaN,NaN,NaN,NaN,NaN,NaN,NaN,NaN
2018-11-28,19.6,20.7,NaN,19.8,NaN,NaN,NaN,NaN,NaN,NaN,NaN,NaN,NaN
2018-11-29,19.6,20.7,NaN,19.8,NaN,22.3,NaN,NaN,NaN,NaN,NaN,NaN,NaN
2018-11-30,19.6,20.7,NaN,19.8,NaN,22.3,NaN,NaN,NaN,NaN,NaN,NaN,NaN
2018-12-01,19.6,20.7,NaN,19.8,NaN,22.3,NaN,NaN,NaN,NaN,NaN,NaN,NaN
2018-12-02,19.6,20.7,NaN,19.8,NaN,22.3,NaN,NaN,NaN,NaN,NaN,NaN,NaN
2018-12-03,19.6,20.7,NaN,19.8,NaN,22.3,20,NaN,NaN,NaN,NaN,NaN,NaN
2018-12-04,19.6,20.7,NaN,19.8,NaN,NaN,20,NaN,NaN,NaN,NaN,NaN,19.4
2018-12-05,19.6,NaN,18,19.8,NaN,NaN,20,NaN,NaN,NaN,NaN,NaN,19.4
2018-12-06,19.5,NaN,18,19.8,NaN,NaN,20,NaN,NaN,NaN,NaN,NaN,19.4
2018-12-07,19.5,NaN,18,19.8,NaN,NaN,20,NaN,NaN,NaN,NaN,NaN,19.4
2018-12-08,19.5,NaN,18,19.8,NaN,NaN,20,NaN,NaN,NaN,NaN,NaN,19.4
2018-12-09,19.4,NaN,18,19.8,NaN,NaN,20,NaN,NaN,NaN,NaN,NaN,19.4
2018-12-10,19.4,NaN,18,19.8,NaN,NaN,20,NaN,NaN,NaN,NaN,NaN,19.4
2018-12-11,19.4,NaN,18,19.8,NaN,NaN,20,NaN,NaN,NaN,NaN,NaN,19.4
2018-12-12,19.4,NaN,18,19.8,NaN,NaN,20,NaN,NaN,NaN,NaN,NaN,19.4
2018-12-13,19.3,NaN,18,19.8,NaN,NaN,20,NaN,NaN,NaN,NaN,NaN,NaN
2018-12-14,19.3,NaN,18,19.8,NaN,NaN,NaN,NaN,NaN,NaN,NaN,NaN,NaN
2018-12-15,19.3,NaN,18,19.8,NaN,NaN,NaN,NaN,NaN,NaN,NaN,NaN,NaN
2018-12-16,19.3,NaN,18,19.8,NaN,NaN,NaN,NaN,NaN,NaN,NaN,NaN,NaN
2018-12-17,19.3,NaN,NaN,NaN,NaN,NaN,NaN,NaN,NaN,NaN,NaN,NaN,NaN
2018-12-18,19.4,NaN,NaN,NaN,NaN,NaN,NaN,NaN,NaN,NaN,NaN,NaN,NaN
2018-12-19,19.4,NaN,NaN,NaN,NaN,NaN,NaN,NaN,NaN,NaN,NaN,NaN,18.8
2018-12-20,19.4,NaN,NaN,NaN,NaN,NaN,NaN,NaN,NaN,NaN,NaN,NaN,18.8
2018-12-21,19.4,NaN,NaN,NaN,NaN,NaN,NaN,NaN,NaN,NaN,NaN,NaN,18.8
2018-12-22,19.4,NaN,NaN,NaN,NaN,NaN,NaN,NaN,NaN,NaN,NaN,NaN,18.8
2018-12-23,19.4,NaN,NaN,NaN,NaN,NaN,NaN,NaN,NaN,NaN,NaN,NaN,18.8
2018-12-24,19.4,NaN,NaN,NaN,NaN,NaN,NaN,NaN,NaN,NaN,NaN,NaN,18.8
2018-12-25,19.4,NaN,NaN,NaN,NaN,NaN,NaN,NaN,NaN,NaN,NaN,NaN,18.8
2018-12-26,19.4,NaN,NaN,NaN,NaN,NaN,NaN,NaN,NaN,NaN,NaN,NaN,18.8
2018-12-27,19.4,NaN,NaN,NaN,NaN,NaN,NaN,NaN,NaN,NaN,NaN,NaN,NaN
2018-12-28,19.4,NaN,NaN,NaN,NaN,NaN,NaN,NaN,NaN,NaN,NaN,NaN,NaN
2018-12-29,19.5,NaN,NaN,NaN,NaN,NaN,NaN,NaN,NaN,NaN,NaN,NaN,NaN
2018-12-30,19.5,NaN,NaN,NaN,NaN,NaN,NaN,NaN,NaN,NaN,NaN,NaN,NaN
2018-12-31,19.5,NaN,NaN,NaN,NaN,NaN,NaN,NaN,NaN,NaN,NaN,NaN,NaN
2019-01-01,19.5,NaN,NaN,NaN,NaN,NaN,NaN,NaN,NaN,NaN,NaN,NaN,NaN
2019-01-02,19.5,19.5,NaN,19.2,NaN,NaN,NaN,NaN,NaN,NaN,NaN,NaN,NaN
2019-01-03,19.4,19.5,NaN,19.2,NaN,NaN,NaN,16.9,NaN,NaN,NaN,NaN,NaN
2019-01-04,19.4,19.5,NaN,19.2,NaN,NaN,NaN,16.9,NaN,NaN,NaN,NaN,NaN
2019-01-05,19.4,19.5,NaN,19.2,NaN,NaN,NaN,16.9,NaN,NaN,NaN,NaN,NaN
2019-01-06,19.4,19.5,NaN,19.2,NaN,NaN,NaN,16.9,NaN,NaN,NaN,NaN,NaN
2019-01-07,19.4,19.5,NaN,19.2,NaN,NaN,NaN,16.9,NaN,NaN,NaN,NaN,NaN
2019-01-08,19.4,19.5,NaN,19.2,NaN,NaN,NaN,16.9,NaN,NaN,NaN,NaN,NaN
2019-01-09,19.3,NaN,NaN,19.2,NaN,NaN,NaN,16.9,NaN,NaN,NaN,NaN,NaN
2019-01-10,19.3,NaN,18,19.2,NaN,NaN,NaN,16.9,NaN,NaN,NaN,NaN,NaN
2019-01-11,19.2,NaN,18,19.2,NaN,NaN,NaN,16.9,NaN,NaN,NaN,NaN,NaN
2019-01-12,19.2,NaN,18,19.2,NaN,NaN,NaN,16.9,NaN,NaN,NaN,NaN,NaN
2019-01-13,19.2,NaN,18,19.2,NaN,NaN,NaN,16.9,NaN,NaN,NaN,NaN,NaN
2019-01-14,19.2,NaN,18,21.2,NaN,NaN,19.9,16.9,NaN,NaN,NaN,NaN,NaN
2019-01-15,19.2,NaN,18,21.2,NaN,NaN,19.9,16.9,NaN,NaN,NaN,NaN,NaN
2019-01-16,19.2,NaN,18,21.2,NaN,NaN,19.9,16.9,NaN,NaN,NaN,NaN,18.4
2019-01-17,19.2,NaN,18,21.2,NaN,NaN,19.9,16.9,NaN,NaN,NaN,NaN,18.4
2019-01-18,19.3,NaN,18,21.2,NaN,NaN,NaN,NaN,NaN,NaN,NaN,NaN,18.4
2019-01-19,19.3,NaN,18,21.2,NaN,NaN,NaN,NaN,NaN,NaN,NaN,NaN,18.4
2019-01-20,19.3,NaN,18,21.2,NaN,NaN,NaN,NaN,NaN,NaN,NaN,NaN,18.4
2019-01-21,19.3,NaN,NaN,21.2,NaN,NaN,NaN,NaN,NaN,NaN,NaN,NaN,18.4
2019-01-22,19.3,NaN,NaN,21.2,NaN,NaN,NaN,NaN,NaN,NaN,NaN,NaN,18.4
2019-01-23,19.3,NaN,NaN,21.2,NaN,NaN,NaN,NaN,NaN,NaN,NaN,NaN,18.4
2019-01-24,19.3,NaN,NaN,21.2,NaN,20.4,NaN,NaN,NaN,NaN,NaN,NaN,NaN
2019-01-25,19.3,NaN,NaN,21.2,NaN,20.4,NaN,NaN,NaN,NaN,NaN,NaN,NaN
2019-01-26,19.3,NaN,NaN,21.2,NaN,20.4,NaN,NaN,NaN,NaN,NaN,NaN,NaN
2019-01-27,19.4,NaN,NaN,21.2,NaN,20.4,NaN,NaN,NaN,NaN,NaN,NaN,NaN
2019-01-28,19.4,NaN,NaN,21.2,NaN,20.4,NaN,NaN,NaN,NaN,NaN,NaN,NaN
2019-01-29,19.4,19.4,NaN,21.2,NaN,20.4,NaN,NaN,NaN,NaN,NaN,NaN,NaN
2019-01-30,19.4,19.4,NaN,21.2,NaN,20.4,NaN,NaN,NaN,NaN,NaN,NaN,NaN
2019-01-31,19.4,19.4,NaN,21.2,NaN,NaN,NaN,NaN,NaN,NaN,NaN,NaN,NaN
2019-02-01,19.4,19.4,NaN,21.2,NaN,NaN,NaN,NaN,NaN,NaN,NaN,NaN,NaN
2019-02-02,19.4,19.4,NaN,21.2,NaN,NaN,NaN,NaN,NaN,NaN,NaN,NaN,NaN
2019-02-03,19.4,19.4,NaN,21.2,NaN,NaN,NaN,NaN,NaN,NaN,NaN,NaN,NaN
2019-02-04,19.4,19.4,NaN,19.3,NaN,NaN,19.2,NaN,NaN,NaN,NaN,NaN,NaN
2019-02-05,19.4,19.4,NaN,19.3,NaN,NaN,19.2,NaN,NaN,NaN,NaN,NaN,NaN
2019-02-06,19.4,NaN,NaN,19.3,NaN,NaN,19.2,NaN,NaN,NaN,NaN,NaN,NaN
2019-02-07,19.4,NaN,19,19.3,NaN,NaN,19.2,NaN,NaN,NaN,NaN,NaN,NaN
2019-02-08,19.4,NaN,19,19.3,NaN,NaN,19.2,NaN,NaN,NaN,NaN,NaN,NaN
2019-02-09,19.4,NaN,19,19.3,NaN,NaN,19.2,NaN,NaN,NaN,NaN,NaN,NaN
2019-02-10,19.4,NaN,19,19.3,NaN,NaN,19.2,NaN,NaN,NaN,NaN,NaN,NaN
2019-02-11,19.4,NaN,19,19.3,NaN,NaN,19.2,NaN,NaN,NaN,NaN,NaN,19.5
2019-02-12,19.4,NaN,19,19.3,NaN,NaN,19.2,NaN,NaN,NaN,NaN,NaN,19.5
2019-02-13,19.3,NaN,19,19.3,NaN,NaN,19.2,NaN,NaN,NaN,NaN,NaN,19.5
2019-02-14,19.3,NaN,19,19.3,NaN,NaN,19.2,NaN,NaN,NaN,NaN,NaN,19.5
2019-02-15,19.3,NaN,19,19.3,NaN,NaN,NaN,NaN,NaN,NaN,NaN,NaN,19.5
2019-02-16,19.3,NaN,19,19.3,NaN,NaN,NaN,NaN,NaN,NaN,NaN,NaN,19.5
2019-02-17,19.3,NaN,19,19.3,NaN,NaN,NaN,NaN,NaN,NaN,NaN,NaN,19.5
2019-02-18,19.3,NaN,19,19.3,NaN,NaN,NaN,NaN,NaN,NaN,NaN,NaN,19.5
2019-02-19,19.3,NaN,19,19.3,NaN,NaN,NaN,NaN,NaN,NaN,NaN,NaN,NaN
2019-02-20,19.2,NaN,19,19.3,NaN,NaN,NaN,NaN,NaN,NaN,NaN,NaN,NaN
2019-02-21,19.2,NaN,NaN,19.3,NaN,NaN,NaN,NaN,NaN,NaN,NaN,NaN,NaN
2019-02-22,19.2,NaN,NaN,19.3,NaN,21.4,NaN,NaN,NaN,NaN,NaN,NaN,NaN
2019-02-23,19.1,NaN,NaN,19.3,NaN,21.4,NaN,NaN,NaN,NaN,NaN,NaN,NaN
2019-02-24,19.1,NaN,NaN,19.3,NaN,21.4,NaN,NaN,NaN,NaN,NaN,NaN,NaN
2019-02-25,19,NaN,NaN,19.3,NaN,21.4,NaN,NaN,NaN,NaN,NaN,NaN,NaN
2019-02-26,19,19.4,NaN,19.3,NaN,NaN,NaN,NaN,NaN,NaN,NaN,NaN,NaN
2019-02-27,19,19.4,NaN,19.3,NaN,NaN,NaN,NaN,NaN,NaN,NaN,NaN,NaN
2019-02-28,18.9,19.4,NaN,19.3,NaN,NaN,NaN,NaN,NaN,NaN,NaN,NaN,NaN
2019-03-01,18.9,19.4,NaN,19.3,NaN,NaN,NaN,NaN,NaN,NaN,NaN,NaN,NaN
2019-03-02,18.9,19.4,NaN,19.3,NaN,NaN,NaN,NaN,NaN,NaN,NaN,NaN,NaN
2019-03-03,18.8,19.4,NaN,19.3,NaN,NaN,19.1,NaN,NaN,NaN,NaN,NaN,NaN
2019-03-04,18.8,19.4,NaN,18.1,NaN,NaN,19.1,NaN,NaN,NaN,NaN,NaN,NaN
2019-03-05,18.8,19.4,NaN,18.1,NaN,NaN,19.1,NaN,NaN,NaN,NaN,NaN,NaN
2019-03-06,18.8,NaN,NaN,18.1,NaN,NaN,19.1,NaN,NaN,NaN,NaN,NaN,NaN
2019-03-07,18.8,NaN,NaN,18.1,NaN,NaN,19.1,16.5,NaN,NaN,NaN,NaN,NaN
2019-03-08,18.8,NaN,NaN,18.1,NaN,NaN,19.1,16.5,NaN,NaN,NaN,NaN,NaN
2019-03-09,18.8,NaN,NaN,18.1,NaN,NaN,19.1,16.5,NaN,NaN,NaN,NaN,NaN
2019-03-10,18.7,NaN,NaN,18.1,NaN,NaN,19.1,16.5,NaN,NaN,NaN,NaN,NaN
2019-03-11,18.7,NaN,NaN,18.1,NaN,NaN,19.1,16.5,NaN,NaN,NaN,NaN,NaN
2019-03-12,18.7,NaN,19,18.1,NaN,NaN,19.1,16.5,NaN,NaN,NaN,NaN,NaN
2019-03-13,18.7,NaN,19,18.1,NaN,NaN,19.1,16.5,NaN,NaN,NaN,NaN,NaN
2019-03-14,18.7,NaN,19,18.1,NaN,NaN,19.1,16.5,NaN,NaN,NaN,NaN,NaN
2019-03-15,18.6,NaN,19,18.1,NaN,NaN,NaN,16.5,NaN,NaN,NaN,NaN,NaN
2019-03-16,18.6,NaN,19,18.1,NaN,NaN,NaN,16.5,NaN,NaN,NaN,NaN,NaN
2019-03-17,18.6,NaN,19,18.1,NaN,NaN,NaN,16.5,NaN,NaN,NaN,NaN,NaN
2019-03-18,18.6,NaN,19,18.1,NaN,NaN,NaN,16.5,NaN,NaN,NaN,NaN,NaN
2019-03-19,18.5,NaN,19,18.1,NaN,NaN,NaN,16.5,NaN,NaN,NaN,NaN,NaN
2019-03-20,18.5,NaN,19,18.1,NaN,NaN,NaN,16.5,NaN,NaN,NaN,NaN,NaN
2019-03-21,18.5,NaN,19,18.1,NaN,NaN,NaN,16.5,NaN,NaN,NaN,NaN,NaN
2019-03-22,18.4,NaN,19,18.1,NaN,19.2,NaN,16.5,NaN,NaN,NaN,NaN,NaN
2019-03-23,18.4,NaN,19,18.1,NaN,19.2,NaN,16.5,NaN,NaN,NaN,NaN,18.2
2019-03-24,18.4,NaN,19,18.1,NaN,19.2,NaN,16.5,NaN,NaN,NaN,NaN,18.2
2019-03-25,18.4,18,19,18.1,NaN,19.2,NaN,16.5,NaN,NaN,NaN,NaN,18.2
2019-03-26,18.4,18,NaN,18.1,NaN,19.2,NaN,16.5,NaN,NaN,NaN,NaN,18.2
2019-03-27,18.3,18,NaN,18.1,NaN,19.2,NaN,16.5,NaN,NaN,NaN,NaN,18.2
2019-03-28,18.3,18,NaN,18.1,NaN,NaN,NaN,NaN,NaN,NaN,NaN,NaN,18.2
2019-03-29,18.3,18,NaN,18.1,NaN,NaN,NaN,NaN,NaN,NaN,NaN,NaN,NaN
2019-03-30,18.3,18,NaN,18.1,NaN,NaN,NaN,NaN,NaN,NaN,NaN,NaN,NaN
2019-03-31,18.3,18,NaN,18.1,NaN,NaN,NaN,NaN,NaN,NaN,NaN,NaN,NaN
2019-04-01,18.3,18,NaN,NaN,NaN,NaN,18.9,NaN,NaN,NaN,NaN,NaN,NaN
2019-04-02,18.3,18,NaN,NaN,NaN,NaN,18.9,NaN,NaN,NaN,NaN,NaN,NaN
2019-04-03,18.2,18,NaN,NaN,NaN,NaN,18.9,NaN,NaN,NaN,NaN,NaN,NaN
2019-04-04,18.2,NaN,NaN,NaN,NaN,20.1,18.9,NaN,NaN,NaN,NaN,NaN,NaN
2019-04-05,18.2,NaN,NaN,NaN,NaN,20.1,18.9,NaN,NaN,NaN,NaN,NaN,NaN
2019-04-06,18.2,NaN,NaN,NaN,NaN,20.1,18.9,NaN,NaN,NaN,NaN,NaN,NaN
2019-04-07,18.2,NaN,NaN,NaN,NaN,20.1,18.9,NaN,NaN,NaN,NaN,NaN,NaN
2019-04-08,18.2,NaN,NaN,17.8,NaN,20.1,18.9,NaN,NaN,NaN,NaN,NaN,NaN
2019-04-09,18.2,NaN,17,17.8,NaN,20.1,18.9,NaN,NaN,NaN,NaN,NaN,NaN
2019-04-10,18.2,NaN,17,17.8,NaN,20.1,18.9,NaN,NaN,NaN,NaN,NaN,NaN
2019-04-11,18.2,NaN,17,17.8,NaN,NaN,18.9,NaN,NaN,NaN,NaN,NaN,NaN
2019-04-12,18.1,NaN,17,17.8,NaN,NaN,NaN,NaN,NaN,NaN,NaN,NaN,NaN
2019-04-13,18.1,NaN,17,17.8,NaN,NaN,NaN,NaN,NaN,NaN,NaN,NaN,NaN
2019-04-14,18.1,NaN,17,17.8,NaN,NaN,NaN,NaN,NaN,NaN,NaN,NaN,NaN
2019-04-15,18.1,NaN,17,17.8,NaN,NaN,NaN,NaN,NaN,NaN,NaN,NaN,NaN
2019-04-16,18.1,NaN,17,17.8,NaN,NaN,NaN,NaN,NaN,NaN,NaN,NaN,NaN
2019-04-17,18.1,NaN,17,17.8,NaN,NaN,NaN,NaN,NaN,NaN,NaN,NaN,NaN
2019-04-18,18.1,NaN,17,17.8,NaN,NaN,NaN,NaN,NaN,NaN,NaN,NaN,NaN
2019-04-19,18,NaN,17,17.8,NaN,NaN,NaN,NaN,NaN,NaN,NaN,NaN,NaN
2019-04-20,18,NaN,17,17.8,NaN,NaN,NaN,NaN,NaN,NaN,NaN,NaN,NaN
2019-04-21,18,NaN,17,17.8,NaN,NaN,NaN,NaN,NaN,NaN,NaN,NaN,NaN
2019-04-22,18,NaN,17,17.8,NaN,NaN,NaN,NaN,NaN,NaN,NaN,NaN,18.6
2019-04-23,18,NaN,NaN,17.8,NaN,NaN,NaN,NaN,NaN,NaN,NaN,NaN,18.6
2019-04-24,18,NaN,NaN,17.8,NaN,NaN,NaN,NaN,NaN,NaN,NaN,NaN,18.6
2019-04-25,18,NaN,NaN,17.8,NaN,NaN,NaN,NaN,NaN,NaN,NaN,NaN,18.6
2019-04-26,18,NaN,NaN,17.8,NaN,NaN,NaN,NaN,NaN,NaN,NaN,NaN,18.6
2019-04-27,18,NaN,NaN,17.8,NaN,NaN,NaN,NaN,NaN,NaN,NaN,NaN,18.6
2019-04-28,18.1,NaN,NaN,17.8,NaN,NaN,NaN,NaN,NaN,NaN,NaN,NaN,18.6
2019-04-29,18.1,19.2,NaN,17.8,17.1,NaN,NaN,NaN,NaN,NaN,NaN,NaN,18.6
2019-04-30,18.1,19.2,NaN,17.8,17.1,NaN,NaN,NaN,NaN,NaN,NaN,NaN,NaN
2019-05-01,18.1,19.2,NaN,17.8,17.1,NaN,NaN,NaN,NaN,NaN,NaN,NaN,NaN
2019-05-02,18.1,19.2,NaN,17.8,17.1,NaN,NaN,NaN,NaN,NaN,NaN,NaN,NaN
2019-05-03,18.1,19.2,NaN,17.8,17.1,NaN,NaN,NaN,NaN,NaN,NaN,NaN,NaN
2019-05-04,18.1,19.2,NaN,17.8,17.1,NaN,NaN,NaN,NaN,NaN,NaN,NaN,NaN
2019-05-05,18,19.2,NaN,17.8,17.1,NaN,NaN,NaN,NaN,NaN,NaN,NaN,NaN
2019-05-06,18,19.2,17,17.6,17.1,NaN,18.1,NaN,NaN,NaN,NaN,NaN,NaN
2019-05-07,18,19.2,17,17.6,17.1,NaN,18.1,NaN,NaN,NaN,NaN,NaN,NaN
2019-05-08,18,NaN,17,17.6,17.1,NaN,18.1,NaN,NaN,NaN,NaN,NaN,NaN
2019-05-09,18,NaN,17,17.6,17.1,NaN,18.1,NaN,NaN,NaN,NaN,NaN,NaN
2019-05-10,18,NaN,17,17.6,17.1,NaN,18.1,NaN,NaN,NaN,NaN,NaN,NaN
2019-05-11,18,NaN,17,17.6,17.1,NaN,18.1,NaN,NaN,NaN,NaN,NaN,NaN
2019-05-12,18,NaN,17,17.6,17.1,NaN,18.1,NaN,NaN,NaN,NaN,NaN,NaN
2019-05-13,18,NaN,17,17.6,17.1,NaN,18.1,NaN,NaN,NaN,NaN,NaN,NaN
2019-05-14,18,NaN,17,17.6,17.1,NaN,18.1,NaN,NaN,NaN,NaN,NaN,NaN
2019-05-15,18,NaN,17,17.6,17.1,NaN,18.1,NaN,NaN,NaN,NaN,NaN,NaN
2019-05-16,17.9,NaN,17,17.6,17.1,NaN,18.1,NaN,NaN,NaN,NaN,NaN,NaN
2019-05-17,17.9,NaN,17,17.6,17.1,21.2,NaN,NaN,NaN,NaN,NaN,NaN,NaN
2019-05-18,17.9,NaN,17,17.6,17.1,21.2,NaN,NaN,NaN,NaN,NaN,NaN,NaN
2019-05-19,17.9,NaN,17,17.6,17.1,21.2,NaN,16.9,NaN,NaN,NaN,NaN,NaN
2019-05-20,17.9,NaN,17,17.6,17.1,21.2,NaN,16.9,NaN,NaN,NaN,NaN,NaN
2019-05-21,17.9,NaN,17,17.6,17.1,21.2,NaN,16.9,NaN,NaN,NaN,NaN,18.4
2019-05-22,17.9,NaN,NaN,17.6,17.1,NaN,NaN,16.9,NaN,NaN,NaN,NaN,18.4
2019-05-23,17.9,NaN,NaN,17.6,17.1,NaN,NaN,16.9,NaN,NaN,NaN,NaN,18.4
2019-05-24,17.9,NaN,NaN,17.6,17.1,NaN,NaN,16.9,NaN,NaN,NaN,NaN,18.4
2019-05-25,17.9,NaN,NaN,17.6,17.1,NaN,NaN,NaN,NaN,NaN,NaN,NaN,18.4
2019-05-26,17.9,NaN,NaN,17.6,17.1,NaN,NaN,NaN,NaN,NaN,NaN,NaN,18.4
2019-05-27,17.9,19.9,NaN,17.6,17.1,NaN,NaN,NaN,NaN,NaN,NaN,NaN,18.4
2019-05-28,17.9,19.9,NaN,17.6,17.1,NaN,NaN,NaN,NaN,NaN,NaN,NaN,18.4
2019-05-29,17.9,19.9,NaN,17.6,NaN,NaN,NaN,NaN,NaN,NaN,NaN,NaN,NaN
2019-05-30,17.9,19.9,NaN,17.6,NaN,NaN,NaN,NaN,NaN,NaN,NaN,NaN,NaN
2019-05-31,18,19.9,NaN,17.6,NaN,NaN,NaN,NaN,NaN,NaN,NaN,NaN,NaN
2019-06-01,18,19.9,NaN,17.6,NaN,NaN,NaN,NaN,NaN,NaN,NaN,NaN,NaN
2019-06-02,18,19.9,NaN,17.6,NaN,NaN,NaN,NaN,NaN,NaN,NaN,NaN,NaN
2019-06-03,18,19.9,NaN,16.7,NaN,21.8,18.1,NaN,NaN,NaN,NaN,NaN,NaN
2019-06-04,18,NaN,17.1,16.7,NaN,21.8,18.1,NaN,NaN,NaN,NaN,NaN,NaN
2019-06-05,18,NaN,17.1,16.7,NaN,21.8,18.1,NaN,NaN,NaN,NaN,NaN,NaN
2019-06-06,18,NaN,17.1,16.7,NaN,21.8,18.1,NaN,NaN,NaN,NaN,NaN,NaN
2019-06-07,18,NaN,17.1,16.7,NaN,21.8,18.1,NaN,NaN,NaN,NaN,NaN,NaN
2019-06-08,18,NaN,17.1,16.7,NaN,21.8,18.1,NaN,NaN,NaN,NaN,NaN,NaN
2019-06-09,18.1,NaN,17.1,16.7,NaN,21.8,18.1,NaN,NaN,NaN,NaN,NaN,NaN
2019-06-10,18.1,NaN,17.1,16.7,NaN,21.8,18.1,NaN,NaN,NaN,NaN,NaN,NaN
2019-06-11,18.1,NaN,17.1,16.7,NaN,21.8,18.1,NaN,NaN,NaN,NaN,NaN,NaN
2019-06-12,18.1,NaN,17.1,16.7,NaN,21.8,18.1,NaN,NaN,NaN,NaN,NaN,NaN
2019-06-13,18.1,NaN,17.1,16.7,NaN,21.8,18.1,NaN,NaN,NaN,NaN,NaN,NaN
2019-06-14,18.1,NaN,17.1,16.7,NaN,NaN,NaN,NaN,NaN,NaN,NaN,NaN,NaN
2019-06-15,18.1,NaN,17.1,16.7,NaN,NaN,NaN,NaN,NaN,NaN,NaN,NaN,NaN
2019-06-16,18.2,NaN,17.1,16.7,NaN,NaN,NaN,NaN,NaN,NaN,NaN,NaN,NaN
2019-06-17,18.2,NaN,17.1,16.7,NaN,NaN,NaN,NaN,NaN,NaN,NaN,NaN,19.4
2019-06-18,18.2,NaN,17.1,16.7,NaN,NaN,NaN,NaN,NaN,NaN,NaN,NaN,19.4
2019-06-19,18.2,NaN,NaN,16.7,NaN,NaN,NaN,NaN,NaN,NaN,NaN,NaN,19.4
2019-06-20,18.2,NaN,NaN,16.7,NaN,NaN,NaN,NaN,NaN,NaN,NaN,NaN,19.4
2019-06-21,18.3,NaN,NaN,16.7,NaN,NaN,NaN,NaN,NaN,NaN,NaN,NaN,19.4
2019-06-22,18.3,NaN,NaN,16.7,NaN,NaN,NaN,NaN,NaN,NaN,NaN,NaN,19.4
2019-06-23,18.3,NaN,NaN,16.7,NaN,NaN,NaN,NaN,NaN,NaN,NaN,NaN,19.4
2019-06-24,18.4,19.6,NaN,NaN,NaN,NaN,NaN,NaN,NaN,NaN,NaN,NaN,19.4
2019-06-25,18.4,19.6,NaN,NaN,NaN,NaN,NaN,18,NaN,NaN,NaN,NaN,NaN
2019-06-26,18.4,19.6,NaN,NaN,NaN,NaN,NaN,18,NaN,NaN,NaN,NaN,NaN
2019-06-27,18.2,19.6,NaN,NaN,NaN,NaN,NaN,18,NaN,NaN,NaN,NaN,NaN
2019-06-28,18.2,19.6,NaN,NaN,NaN,NaN,NaN,18,NaN,NaN,NaN,NaN,NaN
2019-06-29,18.2,19.6,NaN,NaN,NaN,NaN,NaN,18,NaN,NaN,NaN,NaN,NaN
2019-06-30,18.2,19.6,NaN,NaN,NaN,NaN,NaN,18,NaN,NaN,NaN,NaN,NaN
2019-07-01,18.2,19.6,NaN,NaN,NaN,NaN,NaN,18,NaN,NaN,NaN,NaN,NaN
2019-07-02,18.2,NaN,NaN,NaN,NaN,NaN,NaN,18,NaN,NaN,NaN,NaN,NaN
2019-07-03,18.2,NaN,NaN,NaN,NaN,NaN,NaN,18,NaN,NaN,NaN,NaN,NaN
2019-07-04,18.2,NaN,NaN,NaN,NaN,NaN,NaN,18,NaN,NaN,NaN,NaN,NaN
2019-07-05,18.3,NaN,NaN,NaN,NaN,NaN,NaN,18,NaN,NaN,NaN,NaN,NaN
2019-07-06,18.3,NaN,NaN,NaN,NaN,NaN,NaN,18,NaN,NaN,NaN,NaN,NaN
2019-07-07,18.3,NaN,NaN,NaN,NaN,NaN,NaN,18,NaN,NaN,NaN,NaN,NaN
2019-07-08,18.3,NaN,NaN,NaN,NaN,NaN,NaN,18,NaN,NaN,NaN,NaN,NaN
2019-07-09,18.3,NaN,NaN,NaN,NaN,NaN,NaN,18,NaN,NaN,NaN,NaN,NaN
2019-07-10,18.3,NaN,NaN,NaN,NaN,NaN,NaN,18,NaN,NaN,NaN,NaN,NaN
2019-07-11,18.4,NaN,NaN,NaN,NaN,NaN,NaN,18,NaN,NaN,NaN,NaN,NaN
2019-07-12,18.4,NaN,NaN,NaN,NaN,NaN,NaN,18,NaN,NaN,NaN,NaN,NaN
2019-07-13,18.4,NaN,NaN,NaN,NaN,NaN,NaN,18,NaN,NaN,NaN,NaN,NaN
2019-07-14,18.4,NaN,NaN,NaN,NaN,NaN,NaN,18,NaN,NaN,NaN,NaN,NaN
2019-07-15,18.5,NaN,NaN,NaN,NaN,NaN,NaN,18,NaN,NaN,NaN,NaN,NaN
2019-07-16,18.5,NaN,NaN,NaN,NaN,NaN,NaN,18,NaN,NaN,NaN,NaN,NaN
2019-07-17,18.5,NaN,NaN,NaN,NaN,NaN,NaN,NaN,NaN,NaN,NaN,NaN,NaN
2019-07-18,18.6,NaN,NaN,NaN,NaN,NaN,NaN,NaN,NaN,NaN,NaN,NaN,NaN
2019-07-19,18.6,NaN,NaN,NaN,NaN,NaN,NaN,NaN,NaN,NaN,NaN,NaN,NaN
2019-07-20,18.6,NaN,NaN,NaN,NaN,NaN,NaN,NaN,NaN,NaN,NaN,NaN,NaN
2019-07-21,18.7,NaN,NaN,NaN,NaN,NaN,NaN,NaN,NaN,NaN,NaN,NaN,NaN
2019-07-22,18.7,NaN,NaN,NaN,NaN,NaN,NaN,NaN,NaN,NaN,NaN,NaN,NaN
2019-07-23,18.7,NaN,NaN,NaN,NaN,NaN,NaN,NaN,NaN,NaN,NaN,NaN,NaN
2019-07-24,18.8,NaN,NaN,NaN,NaN,NaN,NaN,NaN,NaN,NaN,NaN,NaN,NaN
2019-07-25,18.8,NaN,NaN,NaN,NaN,NaN,NaN,NaN,NaN,NaN,NaN,NaN,NaN
2019-07-26,18.8,NaN,NaN,NaN,NaN,NaN,NaN,NaN,NaN,NaN,NaN,NaN,NaN
2019-07-27,18.8,NaN,NaN,NaN,NaN,NaN,NaN,NaN,NaN,NaN,NaN,NaN,NaN
2019-07-28,18.9,NaN,NaN,NaN,NaN,NaN,NaN,NaN,NaN,NaN,NaN,NaN,NaN
2019-07-29,18.9,NaN,NaN,NaN,NaN,NaN,NaN,NaN,NaN,NaN,NaN,NaN,NaN
2019-07-30,19,NaN,NaN,NaN,NaN,NaN,NaN,NaN,NaN,NaN,NaN,NaN,NaN
2019-07-31,19,NaN,NaN,NaN,NaN,NaN,NaN,NaN,NaN,NaN,NaN,NaN,NaN
2019-08-01,19,NaN,NaN,NaN,NaN,NaN,NaN,NaN,NaN,NaN,NaN,NaN,19.7
2019-08-02,19.1,NaN,NaN,NaN,NaN,NaN,NaN,NaN,NaN,NaN,NaN,NaN,19.7
2019-08-03,19.1,NaN,NaN,NaN,NaN,NaN,NaN,NaN,NaN,NaN,NaN,NaN,19.7
2019-08-04,19.1,NaN,NaN,NaN,NaN,NaN,NaN,NaN,NaN,NaN,NaN,NaN,19.7
2019-08-05,19.2,NaN,NaN,18.4,NaN,NaN,18.2,NaN,NaN,NaN,NaN,NaN,19.7
2019-08-06,19.2,NaN,NaN,18.4,NaN,NaN,18.2,NaN,NaN,NaN,NaN,NaN,19.7
2019-08-07,19.2,NaN,NaN,18.4,NaN,NaN,18.2,NaN,NaN,NaN,NaN,NaN,19.7
2019-08-08,19.3,NaN,NaN,18.4,NaN,NaN,18.2,NaN,NaN,NaN,NaN,NaN,19.7
2019-08-09,19.3,NaN,NaN,18.4,NaN,NaN,18.2,NaN,NaN,NaN,NaN,NaN,NaN
2019-08-10,19.3,NaN,NaN,18.4,NaN,NaN,18.2,NaN,NaN,NaN,NaN,NaN,NaN
2019-08-11,19.3,NaN,NaN,18.4,NaN,NaN,18.2,NaN,NaN,NaN,NaN,NaN,NaN
2019-08-12,19.3,NaN,NaN,18.4,NaN,NaN,18.2,NaN,NaN,NaN,NaN,NaN,NaN
2019-08-13,19.3,NaN,19,18.4,NaN,NaN,18.2,NaN,NaN,NaN,NaN,NaN,NaN
2019-08-14,19.3,NaN,19,18.4,NaN,NaN,18.2,NaN,NaN,NaN,NaN,NaN,NaN
2019-08-15,19.3,NaN,19,18.4,NaN,NaN,18.2,NaN,NaN,NaN,NaN,NaN,NaN
2019-08-16,19.3,NaN,19,18.4,NaN,NaN,NaN,NaN,NaN,NaN,NaN,NaN,NaN
2019-08-17,19.4,NaN,19,18.4,NaN,NaN,NaN,NaN,NaN,NaN,NaN,NaN,NaN
2019-08-18,19.4,NaN,19,18.4,NaN,NaN,NaN,NaN,NaN,NaN,NaN,NaN,NaN
2019-08-19,19.4,NaN,19,18.4,NaN,NaN,NaN,NaN,NaN,NaN,NaN,NaN,NaN
2019-08-20,19.4,NaN,19,18.4,NaN,NaN,NaN,NaN,NaN,NaN,NaN,NaN,NaN
2019-08-21,19.5,NaN,19,18.4,NaN,NaN,NaN,NaN,NaN,NaN,NaN,NaN,NaN
2019-08-22,19.5,NaN,19,18.4,NaN,23.5,NaN,NaN,NaN,NaN,NaN,NaN,21
2019-08-23,19.5,NaN,19,18.4,NaN,23.5,NaN,NaN,NaN,NaN,NaN,NaN,21
2019-08-24,19.6,NaN,19,18.4,NaN,23.5,NaN,NaN,NaN,NaN,NaN,NaN,21
2019-08-25,19.6,NaN,19,18.4,NaN,23.5,NaN,NaN,NaN,NaN,NaN,NaN,21
2019-08-26,19.6,NaN,NaN,20.7,NaN,23.5,NaN,NaN,NaN,NaN,NaN,NaN,21
2019-08-27,19.7,21.4,NaN,20.7,NaN,23.5,NaN,NaN,NaN,NaN,NaN,NaN,21
2019-08-28,19.7,21.4,NaN,20.7,NaN,NaN,NaN,NaN,NaN,NaN,NaN,NaN,21
2019-08-29,19.8,21.4,NaN,20.7,NaN,NaN,NaN,NaN,NaN,NaN,NaN,NaN,NaN
2019-08-30,19.8,21.4,NaN,20.7,NaN,NaN,NaN,NaN,NaN,NaN,NaN,NaN,NaN
2019-08-31,19.9,21.4,NaN,20.7,NaN,NaN,NaN,NaN,NaN,NaN,NaN,NaN,NaN
2019-09-01,20,21.4,NaN,20.7,NaN,NaN,NaN,NaN,NaN,NaN,NaN,NaN,NaN
2019-09-02,20,21.4,NaN,20.7,NaN,NaN,20.2,NaN,NaN,NaN,NaN,NaN,NaN
2019-09-03,20.1,21.4,NaN,20.7,NaN,NaN,20.2,NaN,NaN,NaN,NaN,NaN,NaN
2019-09-04,20.1,NaN,NaN,20.7,NaN,NaN,20.2,NaN,NaN,NaN,NaN,NaN,NaN
2019-09-05,20.2,NaN,NaN,20.7,NaN,NaN,20.2,NaN,NaN,NaN,NaN,NaN,NaN
2019-09-06,20.2,NaN,NaN,20.7,NaN,NaN,20.2,NaN,NaN,NaN,NaN,NaN,NaN
2019-09-07,20.3,NaN,NaN,20.7,NaN,NaN,20.2,NaN,NaN,NaN,NaN,NaN,NaN
2019-09-08,20.3,NaN,NaN,20.7,NaN,NaN,20.2,NaN,NaN,NaN,NaN,NaN,NaN
2019-09-09,20.4,NaN,NaN,20.7,NaN,NaN,20.2,NaN,NaN,NaN,NaN,NaN,NaN
2019-09-10,20.4,NaN,19,20.7,NaN,NaN,20.2,NaN,NaN,NaN,NaN,NaN,NaN
2019-09-11,20.5,NaN,19,20.7,NaN,NaN,20.2,NaN,NaN,NaN,NaN,NaN,NaN
2019-09-12,20.5,NaN,19,20.7,NaN,NaN,20.2,NaN,NaN,NaN,NaN,NaN,NaN
2019-09-13,20.6,NaN,19,20.7,NaN,NaN,NaN,NaN,NaN,NaN,NaN,NaN,NaN
2019-09-14,20.6,NaN,19,20.7,NaN,NaN,NaN,NaN,NaN,NaN,NaN,NaN,NaN
2019-09-15,20.7,NaN,19,20.7,NaN,NaN,NaN,NaN,NaN,NaN,NaN,NaN,NaN
2019-09-16,20.7,NaN,19,20.7,NaN,NaN,NaN,NaN,NaN,NaN,NaN,NaN,NaN
2019-09-17,20.7,NaN,19,20.7,NaN,NaN,NaN,NaN,NaN,NaN,NaN,NaN,NaN
2019-09-18,20.8,NaN,19,20.7,NaN,NaN,NaN,NaN,NaN,NaN,NaN,NaN,NaN
2019-09-19,20.8,NaN,19,20.7,NaN,NaN,NaN,NaN,NaN,NaN,NaN,NaN,NaN
2019-09-20,20.8,NaN,19,20.7,NaN,27.5,NaN,NaN,NaN,NaN,NaN,NaN,22.4
2019-09-21,20.8,NaN,19,20.7,NaN,27.5,NaN,NaN,NaN,NaN,NaN,NaN,22.4
2019-09-22,20.9,NaN,19,20.7,NaN,27.5,NaN,NaN,NaN,NaN,NaN,NaN,22.4
2019-09-23,20.9,NaN,19,20.5,NaN,27.5,NaN,NaN,NaN,NaN,NaN,NaN,22.4
2019-09-24,20.9,22.9,NaN,20.5,NaN,27.5,NaN,NaN,NaN,NaN,NaN,NaN,22.4
2019-09-25,21,22.9,NaN,20.5,NaN,NaN,NaN,NaN,NaN,NaN,NaN,NaN,22.4
2019-09-26,21,22.9,NaN,20.5,NaN,NaN,NaN,NaN,NaN,NaN,NaN,NaN,NaN
2019-09-27,21,22.9,NaN,20.5,NaN,NaN,NaN,NaN,NaN,NaN,NaN,NaN,NaN
2019-09-28,21,22.9,NaN,20.5,NaN,NaN,NaN,NaN,NaN,NaN,NaN,NaN,NaN
2019-09-29,21.1,22.9,NaN,20.5,NaN,NaN,NaN,NaN,NaN,NaN,NaN,NaN,NaN
2019-09-30,21.1,22.9,NaN,20.5,NaN,NaN,NaN,NaN,NaN,NaN,NaN,NaN,NaN
2019-10-01,21.1,22.9,NaN,20.5,NaN,NaN,NaN,NaN,NaN,NaN,NaN,NaN,NaN
2019-10-02,21.2,NaN,NaN,20.5,NaN,NaN,NaN,NaN,NaN,NaN,NaN,NaN,NaN
2019-10-03,21.2,NaN,NaN,20.5,NaN,NaN,NaN,NaN,NaN,NaN,NaN,NaN,NaN
2019-10-04,21.2,NaN,NaN,20.5,NaN,NaN,NaN,NaN,NaN,NaN,NaN,NaN,NaN
2019-10-05,21.3,NaN,NaN,20.5,NaN,NaN,NaN,NaN,NaN,NaN,NaN,NaN,NaN
2019-10-06,21.3,NaN,NaN,20.5,NaN,NaN,NaN,NaN,NaN,NaN,NaN,NaN,NaN
2019-10-07,21.4,NaN,NaN,20.5,NaN,NaN,22.7,NaN,NaN,NaN,NaN,NaN,NaN
2019-10-08,21.4,NaN,18.6,20.5,NaN,NaN,22.7,NaN,NaN,NaN,NaN,NaN,22.6
2019-10-09,21.5,NaN,18.6,20.5,NaN,NaN,22.7,NaN,NaN,NaN,NaN,NaN,22.6
2019-10-10,21.5,NaN,18.6,20.5,NaN,NaN,22.7,NaN,NaN,NaN,NaN,NaN,22.6
2019-10-11,21.6,NaN,18.6,20.5,NaN,NaN,22.7,NaN,NaN,NaN,NaN,NaN,22.6
2019-10-12,21.6,NaN,18.6,20.5,NaN,NaN,22.7,NaN,NaN,NaN,NaN,NaN,22.6
2019-10-13,21.7,NaN,18.6,20.5,NaN,NaN,22.7,NaN,NaN,NaN,NaN,NaN,22.6
2019-10-14,21.7,NaN,18.6,20.5,NaN,NaN,22.7,NaN,NaN,NaN,NaN,NaN,22.6
2019-10-15,21.7,NaN,18.6,20.5,NaN,NaN,22.7,NaN,NaN,NaN,NaN,NaN,NaN
2019-10-16,21.8,NaN,18.6,20.5,NaN,NaN,22.7,NaN,NaN,NaN,NaN,NaN,NaN
2019-10-17,21.8,NaN,18.6,20.5,NaN,NaN,22.7,NaN,NaN,NaN,NaN,NaN,NaN
2019-10-18,21.9,NaN,18.6,20.5,NaN,25.4,NaN,NaN,NaN,NaN,NaN,NaN,NaN
2019-10-19,21.9,NaN,18.6,20.5,NaN,25.4,NaN,NaN,NaN,NaN,NaN,NaN,NaN
2019-10-20,22,NaN,18.6,20.5,NaN,25.4,NaN,NaN,NaN,NaN,NaN,NaN,NaN
2019-10-21,22,NaN,18.6,21.5,NaN,25.4,NaN,NaN,NaN,NaN,NaN,NaN,NaN
2019-10-22,22,NaN,NaN,21.5,NaN,25.4,NaN,NaN,NaN,NaN,NaN,NaN,NaN
2019-10-23,22.1,NaN,NaN,21.5,NaN,25.4,NaN,NaN,NaN,NaN,NaN,NaN,NaN
2019-10-24,22.1,NaN,NaN,21.5,NaN,25.4,NaN,NaN,NaN,NaN,NaN,NaN,NaN
2019-10-25,22.2,NaN,NaN,21.5,NaN,NaN,NaN,NaN,NaN,NaN,NaN,NaN,NaN
2019-10-26,22.2,NaN,NaN,21.5,NaN,NaN,NaN,NaN,NaN,NaN,NaN,NaN,NaN
2019-10-27,22.3,NaN,NaN,21.5,NaN,NaN,NaN,NaN,NaN,NaN,NaN,NaN,NaN
2019-10-28,22.3,NaN,NaN,21.5,22.6,NaN,NaN,NaN,NaN,NaN,NaN,NaN,NaN
2019-10-29,22.3,NaN,NaN,21.5,22.6,NaN,NaN,NaN,NaN,NaN,NaN,NaN,NaN
2019-10-30,22.4,NaN,NaN,21.5,22.6,NaN,NaN,NaN,NaN,NaN,NaN,NaN,NaN
2019-10-31,22.5,NaN,NaN,21.5,22.6,NaN,NaN,NaN,NaN,NaN,NaN,NaN,NaN
2019-11-01,22.5,NaN,NaN,21.5,22.6,NaN,NaN,NaN,NaN,NaN,NaN,NaN,NaN
2019-11-02,22.6,NaN,NaN,21.5,22.6,NaN,NaN,NaN,NaN,NaN,NaN,NaN,NaN
2019-11-03,22.6,NaN,NaN,21.5,22.6,NaN,NaN,NaN,NaN,NaN,NaN,NaN,NaN
2019-11-04,22.7,24,NaN,21.5,22.6,NaN,NaN,NaN,NaN,NaN,NaN,NaN,NaN
2019-11-05,22.8,24,NaN,21.5,22.6,NaN,NaN,NaN,NaN,NaN,NaN,NaN,NaN
2019-11-06,22.8,24,NaN,21.5,22.6,NaN,NaN,NaN,NaN,NaN,NaN,NaN,NaN
2019-11-07,22.8,24,NaN,21.5,22.6,NaN,23,NaN,NaN,NaN,NaN,NaN,NaN
2019-11-08,22.9,24,NaN,21.5,22.6,NaN,23,NaN,NaN,NaN,NaN,NaN,NaN
2019-11-09,22.9,24,NaN,21.5,22.6,NaN,23,NaN,NaN,NaN,NaN,NaN,NaN
2019-11-10,23,24,NaN,21.5,22.6,NaN,23,NaN,NaN,NaN,NaN,NaN,NaN
2019-11-11,23,24,22.8,21.5,22.6,NaN,23,NaN,NaN,NaN,NaN,NaN,NaN
2019-11-12,23,24,22.8,21.5,22.6,NaN,23,NaN,NaN,NaN,NaN,NaN,NaN
2019-11-13,23.1,24,22.8,21.5,22.6,NaN,23,NaN,NaN,NaN,NaN,NaN,NaN
2019-11-14,23.1,NaN,22.8,21.5,22.6,NaN,23,NaN,NaN,NaN,NaN,NaN,NaN
2019-11-15,23.2,NaN,22.8,21.5,22.6,28.5,NaN,NaN,NaN,NaN,NaN,NaN,NaN
2019-11-16,23.3,NaN,22.8,21.5,22.6,28.5,NaN,NaN,NaN,NaN,NaN,NaN,NaN
2019-11-17,23.3,NaN,22.8,21.5,22.6,28.5,NaN,NaN,NaN,NaN,NaN,NaN,NaN
2019-11-18,23.4,NaN,22.8,24,22.6,28.5,NaN,NaN,NaN,NaN,NaN,NaN,NaN
2019-11-19,23.5,NaN,22.8,24,22.6,28.5,NaN,NaN,NaN,NaN,NaN,NaN,NaN
2019-11-20,23.5,NaN,22.8,24,22.6,NaN,NaN,NaN,NaN,NaN,NaN,NaN,NaN
2019-11-21,23.6,NaN,22.8,24,22.6,NaN,NaN,NaN,NaN,NaN,NaN,NaN,NaN
2019-11-22,23.7,NaN,22.8,24,22.6,NaN,NaN,NaN,NaN,NaN,NaN,NaN,NaN
2019-11-23,23.7,NaN,22.8,24,22.6,NaN,NaN,NaN,NaN,NaN,NaN,NaN,NaN
2019-11-24,23.8,NaN,22.8,24,22.6,NaN,NaN,NaN,NaN,NaN,NaN,NaN,NaN
2019-11-25,23.8,25.4,NaN,24,22.6,NaN,NaN,NaN,NaN,NaN,NaN,NaN,NaN
2019-11-26,23.8,25.4,NaN,24,22.6,NaN,NaN,NaN,NaN,NaN,NaN,NaN,NaN
2019-11-27,23.9,25.4,NaN,24,NaN,NaN,NaN,NaN,NaN,NaN,NaN,NaN,NaN
2019-11-28,23.9,25.4,NaN,24,NaN,NaN,NaN,NaN,NaN,NaN,NaN,NaN,NaN
2019-11-29,24,25.4,NaN,24,NaN,NaN,NaN,NaN,NaN,NaN,NaN,NaN,NaN
2019-11-30,24,25.4,NaN,24,NaN,NaN,NaN,NaN,NaN,NaN,NaN,NaN,NaN
2019-12-01,24.1,25.4,NaN,24,NaN,NaN,NaN,NaN,NaN,NaN,NaN,NaN,NaN
2019-12-02,24.1,25.4,NaN,24,NaN,NaN,24.2,NaN,NaN,NaN,NaN,NaN,NaN
2019-12-03,24.1,25.4,24,24,NaN,NaN,24.2,NaN,NaN,NaN,NaN,NaN,NaN
2019-12-04,24.2,25.4,24,24,NaN,NaN,24.2,NaN,NaN,NaN,NaN,NaN,NaN
2019-12-05,24.2,NaN,24,24,NaN,NaN,24.2,NaN,NaN,NaN,NaN,NaN,NaN
2019-12-06,24.2,NaN,24,24,NaN,NaN,24.2,NaN,NaN,NaN,NaN,NaN,NaN
2019-12-07,24.2,NaN,24,24,NaN,NaN,24.2,NaN,NaN,NaN,NaN,NaN,NaN
2019-12-08,24.2,NaN,24,24,NaN,NaN,24.2,NaN,NaN,NaN,NaN,NaN,NaN
2019-12-09,24.1,NaN,24,24,NaN,NaN,24.2,NaN,NaN,NaN,NaN,NaN,NaN
2019-12-10,24.1,NaN,24,24,NaN,NaN,24.2,NaN,NaN,NaN,NaN,NaN,NaN
2019-12-11,24,NaN,24,24,NaN,NaN,24.2,NaN,NaN,NaN,NaN,NaN,NaN
2019-12-12,24,NaN,24,24,NaN,NaN,24.2,NaN,NaN,NaN,NaN,NaN,NaN
2019-12-13,24,NaN,24,24,NaN,29.1,NaN,NaN,NaN,NaN,NaN,NaN,NaN
2019-12-14,24,NaN,24,24,NaN,29.1,NaN,NaN,NaN,NaN,NaN,NaN,NaN
2019-12-15,24,NaN,24,24,NaN,29.1,NaN,NaN,NaN,NaN,NaN,NaN,NaN
2019-12-16,24,NaN,NaN,NaN,NaN,29.1,NaN,NaN,NaN,NaN,NaN,NaN,NaN
2019-12-17,23.7,NaN,NaN,NaN,NaN,29.1,NaN,NaN,NaN,NaN,NaN,NaN,NaN
2019-12-18,24,NaN,NaN,NaN,NaN,29.1,NaN,NaN,NaN,NaN,NaN,NaN,NaN
2019-12-19,23.8,NaN,NaN,NaN,NaN,NaN,NaN,NaN,NaN,NaN,NaN,NaN,NaN
2019-12-20,23.8,NaN,NaN,NaN,NaN,NaN,NaN,NaN,NaN,NaN,NaN,NaN,NaN
2019-12-21,23.8,NaN,NaN,NaN,NaN,NaN,NaN,NaN,NaN,NaN,NaN,NaN,NaN
2019-12-22,23.8,NaN,NaN,NaN,NaN,NaN,NaN,NaN,NaN,NaN,NaN,NaN,NaN
2019-12-23,23.8,NaN,NaN,NaN,NaN,NaN,NaN,NaN,NaN,NaN,NaN,NaN,NaN
2019-12-24,23.8,NaN,NaN,NaN,NaN,NaN,NaN,NaN,NaN,NaN,NaN,NaN,NaN
2019-12-25,23.8,NaN,NaN,NaN,NaN,NaN,NaN,NaN,NaN,NaN,NaN,NaN,NaN
2019-12-26,23.8,NaN,NaN,NaN,NaN,NaN,NaN,NaN,NaN,NaN,NaN,NaN,NaN
2019-12-27,23.9,NaN,NaN,NaN,NaN,NaN,NaN,NaN,NaN,NaN,NaN,NaN,NaN
2019-12-28,23.9,NaN,NaN,NaN,NaN,NaN,NaN,NaN,NaN,NaN,NaN,NaN,NaN
2019-12-29,24,NaN,NaN,NaN,NaN,NaN,NaN,NaN,NaN,NaN,NaN,NaN,NaN
2019-12-30,24,24.5,NaN,NaN,NaN,NaN,NaN,NaN,NaN,NaN,NaN,NaN,NaN
2019-12-31,24,24.5,NaN,NaN,NaN,NaN,NaN,NaN,NaN,NaN,NaN,NaN,NaN
2020-01-01,23.9,24.5,NaN,NaN,NaN,NaN,NaN,NaN,NaN,NaN,NaN,NaN,NaN
2020-01-02,23.9,24.5,NaN,NaN,NaN,NaN,NaN,NaN,NaN,NaN,NaN,NaN,NaN
2020-01-03,23.9,24.5,NaN,NaN,NaN,NaN,NaN,NaN,NaN,NaN,NaN,NaN,NaN
2020-01-04,23.9,24.5,NaN,NaN,NaN,NaN,NaN,NaN,NaN,NaN,NaN,NaN,NaN
2020-01-05,23.9,24.5,NaN,NaN,NaN,NaN,NaN,NaN,NaN,NaN,NaN,NaN,NaN
2020-01-06,23.9,24.5,NaN,NaN,NaN,NaN,23.8,NaN,NaN,NaN,NaN,NaN,NaN
2020-01-07,23.9,24.5,NaN,22.6,NaN,NaN,23.8,NaN,NaN,NaN,NaN,NaN,NaN
2020-01-08,23.9,NaN,NaN,22.6,NaN,NaN,23.8,NaN,NaN,NaN,NaN,NaN,NaN
2020-01-09,23.8,NaN,NaN,22.6,NaN,NaN,23.8,NaN,NaN,NaN,NaN,NaN,NaN
2020-01-10,23.8,NaN,NaN,22.6,NaN,NaN,23.8,NaN,NaN,NaN,NaN,NaN,NaN
2020-01-11,23.8,NaN,NaN,22.6,NaN,NaN,23.8,NaN,NaN,NaN,NaN,NaN,NaN
2020-01-12,23.8,NaN,NaN,22.6,NaN,NaN,23.8,NaN,NaN,NaN,NaN,NaN,NaN
2020-01-13,23.8,NaN,NaN,22.6,NaN,NaN,23.8,NaN,NaN,NaN,NaN,NaN,NaN
2020-01-14,23.8,NaN,24.3,22.6,NaN,NaN,23.8,23.3,NaN,NaN,NaN,NaN,NaN
2020-01-15,23.8,NaN,24.3,22.6,NaN,NaN,23.8,23.3,NaN,NaN,NaN,NaN,NaN
2020-01-16,23.8,NaN,24.3,22.6,NaN,NaN,23.8,23.3,NaN,NaN,NaN,NaN,NaN
2020-01-17,23.8,NaN,24.3,22.6,NaN,NaN,NaN,23.3,NaN,NaN,NaN,NaN,NaN
2020-01-18,23.7,NaN,24.3,22.6,NaN,NaN,NaN,23.3,NaN,NaN,NaN,NaN,NaN
2020-01-19,23.7,NaN,24.3,22.6,NaN,NaN,NaN,23.3,NaN,NaN,NaN,NaN,NaN
2020-01-20,23.7,NaN,24.3,22.6,NaN,NaN,NaN,23.3,NaN,NaN,NaN,NaN,NaN
2020-01-21,23.7,NaN,24.3,22.6,NaN,NaN,NaN,23.3,NaN,NaN,NaN,NaN,NaN
2020-01-22,23.6,NaN,24.3,22.6,NaN,NaN,NaN,23.3,NaN,NaN,NaN,NaN,NaN
2020-01-23,23.6,NaN,24.3,22.6,NaN,NaN,NaN,23.3,NaN,NaN,NaN,NaN,NaN
2020-01-24,23.6,NaN,24.3,22.6,NaN,28.8,NaN,23.3,NaN,NaN,NaN,NaN,NaN
2020-01-25,23.7,23.5,24.3,22.6,NaN,28.8,NaN,NaN,NaN,NaN,NaN,NaN,NaN
2020-01-26,23.7,23.5,24.3,22.6,NaN,28.8,NaN,NaN,NaN,NaN,NaN,NaN,NaN
2020-01-27,23.7,23.5,24.3,23.9,NaN,28.8,NaN,NaN,NaN,NaN,NaN,NaN,NaN
2020-01-28,23.7,23.5,NaN,23.9,NaN,28.8,NaN,NaN,NaN,NaN,NaN,NaN,NaN
2020-01-29,23.7,23.5,NaN,23.9,NaN,NaN,NaN,NaN,NaN,NaN,NaN,NaN,NaN
2020-01-30,23.6,23.5,NaN,23.9,NaN,NaN,NaN,NaN,NaN,NaN,NaN,NaN,NaN
2020-01-31,23.6,23.5,NaN,23.9,NaN,NaN,NaN,NaN,NaN,NaN,NaN,NaN,NaN
2020-02-01,23.6,23.5,NaN,23.9,NaN,NaN,NaN,NaN,NaN,NaN,NaN,NaN,NaN
2020-02-02,23.5,23.5,NaN,23.9,NaN,NaN,NaN,NaN,NaN,NaN,NaN,NaN,NaN
2020-02-03,23.5,23.5,NaN,23.9,NaN,NaN,23.3,NaN,NaN,NaN,NaN,NaN,NaN
2020-02-04,23.4,23.5,NaN,23.9,NaN,NaN,23.3,NaN,NaN,NaN,NaN,NaN,NaN
2020-02-05,23.4,23.5,NaN,23.9,NaN,NaN,23.3,NaN,NaN,NaN,NaN,NaN,NaN
2020-02-06,23.4,NaN,NaN,23.9,NaN,NaN,23.3,NaN,NaN,NaN,NaN,NaN,NaN
2020-02-07,23.3,NaN,NaN,23.9,NaN,NaN,23.3,NaN,NaN,NaN,NaN,NaN,NaN
2020-02-08,23.3,NaN,NaN,23.9,NaN,NaN,23.3,NaN,NaN,NaN,NaN,NaN,NaN
2020-02-09,23.3,NaN,NaN,23.9,NaN,NaN,23.3,NaN,NaN,NaN,NaN,NaN,NaN
2020-02-10,23.3,NaN,NaN,23.9,NaN,NaN,23.3,NaN,NaN,NaN,NaN,NaN,NaN
2020-02-11,23.2,NaN,24,23.9,NaN,NaN,23.3,NaN,NaN,NaN,NaN,NaN,NaN
2020-02-12,23.2,NaN,24,23.9,NaN,NaN,23.3,NaN,NaN,NaN,NaN,NaN,NaN
2020-02-13,23.2,NaN,24,23.9,NaN,NaN,23.3,NaN,NaN,NaN,NaN,NaN,NaN
2020-02-14,23.2,NaN,24,23.9,NaN,NaN,NaN,NaN,NaN,NaN,NaN,NaN,NaN
2020-02-15,23.2,NaN,24,23.9,NaN,NaN,NaN,NaN,NaN,NaN,NaN,NaN,NaN
2020-02-16,23.1,NaN,24,23.9,NaN,NaN,NaN,NaN,NaN,NaN,NaN,NaN,NaN
2020-02-17,23.1,NaN,24,NaN,NaN,NaN,NaN,NaN,NaN,NaN,NaN,NaN,NaN
2020-02-18,23.1,NaN,24,NaN,NaN,NaN,NaN,NaN,NaN,NaN,NaN,NaN,NaN
2020-02-19,23.1,NaN,24,NaN,NaN,NaN,NaN,NaN,NaN,NaN,NaN,NaN,NaN
2020-02-20,23.1,NaN,24,NaN,NaN,NaN,NaN,NaN,NaN,NaN,NaN,NaN,NaN
2020-02-21,23,NaN,24,NaN,NaN,27.8,NaN,NaN,NaN,NaN,NaN,NaN,NaN
2020-02-22,23,NaN,24,NaN,NaN,27.8,NaN,NaN,NaN,NaN,NaN,NaN,NaN
2020-02-23,23,NaN,24,NaN,NaN,27.8,NaN,NaN,NaN,NaN,NaN,NaN,NaN
2020-02-24,22.9,NaN,NaN,22,NaN,27.8,NaN,NaN,NaN,NaN,NaN,NaN,NaN
2020-02-25,22.9,22.1,NaN,22,NaN,NaN,NaN,NaN,NaN,NaN,NaN,NaN,NaN
2020-02-26,22.8,22.1,NaN,22,NaN,NaN,NaN,NaN,NaN,NaN,NaN,NaN,NaN
2020-02-27,22.8,22.1,NaN,22,NaN,NaN,NaN,NaN,NaN,NaN,NaN,NaN,NaN
2020-02-28,22.7,22.1,NaN,22,NaN,NaN,NaN,NaN,NaN,NaN,NaN,NaN,NaN
2020-02-29,22.7,22.1,NaN,22,NaN,NaN,NaN,NaN,NaN,NaN,NaN,NaN,NaN
2020-03-01,22.6,22.1,NaN,22,NaN,NaN,NaN,NaN,NaN,NaN,NaN,NaN,NaN
2020-03-02,22.5,22.1,NaN,22,NaN,NaN,22.2,NaN,NaN,NaN,NaN,NaN,NaN
2020-03-03,22.4,22.1,NaN,22,NaN,NaN,22.2,NaN,NaN,NaN,NaN,NaN,NaN
2020-03-04,22.4,NaN,NaN,22,NaN,NaN,22.2,NaN,NaN,NaN,NaN,NaN,NaN
2020-03-05,22.3,NaN,NaN,22,NaN,NaN,22.2,NaN,NaN,NaN,NaN,NaN,NaN
2020-03-06,22.2,NaN,NaN,22,NaN,NaN,22.2,NaN,NaN,NaN,NaN,NaN,NaN
2020-03-07,22.1,NaN,NaN,22,NaN,NaN,22.2,NaN,NaN,NaN,NaN,NaN,NaN
2020-03-08,22.1,NaN,NaN,22,NaN,NaN,22.2,NaN,NaN,NaN,NaN,NaN,NaN
2020-03-09,22,NaN,NaN,22,NaN,NaN,22.2,NaN,NaN,NaN,NaN,NaN,NaN
2020-03-10,22,NaN,22.6,22,NaN,NaN,22.2,NaN,NaN,NaN,NaN,NaN,NaN
2020-03-11,21.9,NaN,22.6,22,NaN,NaN,22.2,NaN,NaN,NaN,NaN,NaN,NaN
2020-03-12,21.8,NaN,22.6,22,NaN,NaN,22.2,NaN,NaN,NaN,NaN,NaN,NaN
2020-03-13,21.8,NaN,22.6,22,NaN,NaN,NaN,NaN,NaN,NaN,NaN,NaN,NaN
2020-03-14,21.7,NaN,22.6,22,NaN,NaN,NaN,NaN,NaN,NaN,NaN,NaN,NaN
2020-03-15,21.6,NaN,22.6,22,NaN,NaN,NaN,NaN,NaN,NaN,NaN,NaN,NaN
2020-03-16,21.6,NaN,22.6,22,NaN,NaN,NaN,NaN,NaN,NaN,NaN,NaN,NaN
2020-03-17,21.6,NaN,22.6,22,NaN,NaN,NaN,NaN,NaN,NaN,NaN,NaN,NaN
2020-03-18,21.5,NaN,22.6,22,NaN,NaN,NaN,NaN,NaN,NaN,NaN,NaN,NaN
2020-03-19,21.4,NaN,22.6,22,NaN,NaN,NaN,NaN,NaN,NaN,NaN,NaN,NaN
2020-03-20,21.3,NaN,22.6,22,NaN,24.9,NaN,NaN,NaN,NaN,NaN,NaN,NaN
2020-03-21,21.3,NaN,22.6,22,NaN,24.9,NaN,NaN,NaN,NaN,NaN,NaN,NaN
2020-03-22,21.2,NaN,22.6,22,NaN,24.9,NaN,NaN,NaN,NaN,NaN,NaN,NaN
2020-03-23,21.2,NaN,NaN,NaN,NaN,24.9,NaN,NaN,NaN,NaN,NaN,NaN,NaN
2020-03-24,21.1,NaN,NaN,NaN,NaN,24.9,NaN,NaN,NaN,NaN,NaN,NaN,NaN
2020-03-25,21.1,20.8,NaN,NaN,NaN,NaN,NaN,NaN,NaN,NaN,NaN,NaN,NaN
2020-03-26,21,20.8,NaN,NaN,NaN,NaN,NaN,NaN,NaN,NaN,NaN,NaN,NaN
2020-03-27,21,20.8,NaN,NaN,NaN,NaN,NaN,NaN,NaN,NaN,NaN,NaN,NaN
2020-03-28,21,20.8,NaN,NaN,NaN,NaN,NaN,NaN,NaN,NaN,NaN,NaN,NaN
2020-03-29,20.9,20.8,NaN,NaN,NaN,NaN,NaN,NaN,NaN,NaN,NaN,NaN,NaN
2020-03-30,20.8,20.8,NaN,19.7,NaN,NaN,19.5,NaN,NaN,NaN,NaN,NaN,NaN
2020-03-31,20.8,20.8,NaN,19.7,NaN,NaN,19.5,NaN,NaN,NaN,NaN,NaN,NaN
2020-04-01,20.7,20.8,NaN,19.7,NaN,NaN,19.5,NaN,NaN,NaN,NaN,NaN,NaN
2020-04-02,20.6,NaN,NaN,19.7,NaN,NaN,19.5,NaN,NaN,NaN,NaN,NaN,NaN
2020-04-03,20.6,NaN,NaN,19.7,NaN,NaN,19.5,NaN,NaN,NaN,NaN,NaN,NaN
2020-04-04,20.5,NaN,NaN,19.7,NaN,NaN,19.5,NaN,NaN,NaN,NaN,NaN,NaN
2020-04-05,20.5,NaN,NaN,19.7,NaN,NaN,19.5,NaN,NaN,NaN,NaN,NaN,NaN
2020-04-06,20.3,NaN,NaN,19.7,NaN,NaN,19.5,NaN,NaN,NaN,NaN,NaN,NaN
2020-04-07,20.2,NaN,NaN,19.7,NaN,NaN,19.5,NaN,NaN,NaN,NaN,NaN,NaN
2020-04-08,20.2,NaN,NaN,19.7,NaN,NaN,19.5,NaN,NaN,NaN,NaN,NaN,NaN
2020-04-09,20.1,NaN,NaN,19.7,NaN,NaN,NaN,NaN,NaN,NaN,NaN,NaN,NaN
2020-04-10,20.1,NaN,NaN,19.7,NaN,NaN,NaN,NaN,NaN,NaN,NaN,NaN,NaN
2020-04-11,20,NaN,NaN,19.7,NaN,NaN,NaN,NaN,NaN,NaN,NaN,NaN,NaN
2020-04-12,19.9,NaN,NaN,19.7,NaN,NaN,NaN,NaN,NaN,NaN,NaN,NaN,NaN
2020-04-13,19.9,NaN,NaN,19.7,NaN,NaN,NaN,NaN,NaN,NaN,NaN,NaN,NaN
2020-04-14,19.8,NaN,22,19.7,NaN,NaN,NaN,NaN,NaN,NaN,NaN,NaN,NaN
2020-04-15,19.7,NaN,22,19.7,NaN,NaN,NaN,NaN,NaN,NaN,NaN,NaN,NaN
2020-04-16,19.7,NaN,22,19.7,NaN,NaN,NaN,NaN,NaN,NaN,NaN,NaN,NaN
2020-04-17,19.6,NaN,22,19.7,NaN,24.2,NaN,NaN,NaN,NaN,NaN,NaN,NaN
2020-04-18,19.5,NaN,22,19.7,NaN,24.2,NaN,NaN,NaN,NaN,NaN,NaN,NaN
2020-04-19,19.5,NaN,22,19.7,NaN,24.2,NaN,NaN,NaN,NaN,NaN,NaN,NaN
2020-04-20,19.4,NaN,22,NaN,NaN,24.2,NaN,NaN,NaN,NaN,NaN,NaN,NaN
2020-04-21,19.3,NaN,22,NaN,NaN,24.2,NaN,NaN,NaN,NaN,NaN,NaN,NaN
2020-04-22,19.3,NaN,22,NaN,NaN,NaN,NaN,NaN,NaN,NaN,NaN,NaN,NaN
2020-04-23,19.7,NaN,22,NaN,NaN,NaN,NaN,NaN,NaN,NaN,NaN,NaN,NaN
2020-04-24,19.6,NaN,22,NaN,NaN,NaN,NaN,NaN,NaN,NaN,NaN,NaN,NaN
2020-04-25,19.2,NaN,22,NaN,NaN,NaN,NaN,NaN,NaN,NaN,NaN,NaN,NaN
2020-04-26,19.2,NaN,22,NaN,NaN,NaN,NaN,NaN,NaN,NaN,NaN,NaN,NaN
2020-04-27,19.1,NaN,NaN,18,NaN,NaN,NaN,NaN,NaN,NaN,NaN,NaN,NaN
2020-04-28,19.1,18.8,NaN,18,NaN,NaN,NaN,NaN,NaN,NaN,NaN,NaN,NaN
2020-04-29,19.1,18.8,NaN,18,17.1,NaN,NaN,NaN,NaN,NaN,NaN,NaN,NaN
2020-04-30,19.1,18.8,NaN,18,17.1,NaN,NaN,16.3,NaN,NaN,NaN,NaN,NaN
2020-05-01,19,18.8,NaN,18,17.1,NaN,NaN,16.3,NaN,NaN,NaN,NaN,NaN
2020-05-02,19,18.8,NaN,18,17.1,NaN,NaN,16.3,NaN,NaN,NaN,NaN,NaN
2020-05-03,19,18.8,NaN,18,17.1,NaN,NaN,16.3,NaN,NaN,NaN,NaN,NaN
2020-05-04,19,18.8,NaN,18,17.1,NaN,18.9,16.3,NaN,NaN,NaN,NaN,NaN
2020-05-05,19,18.8,NaN,18,17.1,NaN,18.9,16.3,NaN,NaN,NaN,NaN,NaN
2020-05-06,19,NaN,NaN,18,17.1,NaN,18.9,NaN,NaN,NaN,NaN,NaN,NaN
2020-05-07,19,NaN,NaN,18,17.1,NaN,18.9,NaN,NaN,NaN,NaN,NaN,NaN
2020-05-08,18.9,NaN,NaN,18,17.1,NaN,18.9,NaN,NaN,NaN,NaN,NaN,NaN
2020-05-09,18.9,NaN,NaN,18,17.1,NaN,18.9,NaN,NaN,NaN,NaN,NaN,NaN
2020-05-10,18.9,NaN,NaN,18,17.1,NaN,18.9,NaN,NaN,NaN,NaN,NaN,NaN
2020-05-11,18.9,NaN,NaN,18,17.1,NaN,18.9,NaN,NaN,NaN,NaN,NaN,NaN
2020-05-12,18.9,NaN,21.3,18,17.1,NaN,18.9,NaN,NaN,NaN,NaN,NaN,NaN
2020-05-13,18.8,NaN,21.3,18,17.1,NaN,18.9,NaN,NaN,NaN,NaN,NaN,NaN
2020-05-14,18.8,NaN,21.3,18,17.1,NaN,18.9,NaN,NaN,NaN,NaN,NaN,NaN
2020-05-15,18.8,NaN,21.3,18,17.1,22.2,NaN,NaN,NaN,NaN,NaN,NaN,NaN
2020-05-16,18.8,NaN,21.3,18,17.1,22.2,NaN,NaN,NaN,NaN,NaN,NaN,NaN
2020-05-17,18.7,NaN,21.3,18,17.1,22.2,NaN,NaN,NaN,NaN,NaN,NaN,NaN
2020-05-18,18.7,NaN,21.3,18,17.1,22.2,NaN,NaN,NaN,NaN,NaN,NaN,NaN
2020-05-19,18.7,NaN,21.3,18,17.1,NaN,NaN,NaN,NaN,NaN,NaN,NaN,NaN
2020-05-20,18.7,NaN,21.3,18,17.1,NaN,NaN,NaN,NaN,NaN,NaN,NaN,NaN
2020-05-21,18.6,NaN,21.3,18,17.1,NaN,NaN,NaN,NaN,NaN,NaN,NaN,NaN
2020-05-22,18.6,NaN,21.3,18,17.1,NaN,NaN,NaN,NaN,NaN,NaN,NaN,NaN
2020-05-23,18.6,NaN,21.3,18,17.1,NaN,NaN,NaN,NaN,NaN,NaN,NaN,NaN
2020-05-24,18.6,NaN,21.3,18,17.1,NaN,NaN,NaN,NaN,NaN,NaN,NaN,NaN
2020-05-25,18.6,NaN,NaN,18.4,17.1,NaN,NaN,NaN,NaN,NaN,NaN,NaN,NaN
2020-05-26,18.6,19.3,NaN,18.4,17.1,NaN,NaN,NaN,NaN,NaN,NaN,NaN,NaN
2020-05-27,18.6,19.3,NaN,18.4,17.1,NaN,NaN,NaN,NaN,NaN,NaN,NaN,NaN
2020-05-28,18.7,19.3,NaN,18.4,NaN,NaN,NaN,NaN,NaN,NaN,NaN,NaN,NaN
2020-05-29,18.7,19.3,NaN,18.4,NaN,NaN,NaN,NaN,NaN,NaN,NaN,NaN,NaN
2020-05-30,18.7,19.3,NaN,18.4,NaN,NaN,NaN,NaN,NaN,NaN,NaN,NaN,NaN
2020-05-31,18.7,19.3,NaN,18.4,NaN,NaN,NaN,NaN,NaN,NaN,NaN,NaN,NaN
2020-06-01,18.7,19.3,NaN,18.4,NaN,NaN,18.9,NaN,NaN,NaN,NaN,NaN,NaN
2020-06-02,18.7,19.3,19.7,18.4,NaN,NaN,18.9,NaN,NaN,NaN,NaN,NaN,NaN
2020-06-03,18.7,19.3,19.7,18.4,NaN,NaN,18.9,NaN,NaN,NaN,NaN,NaN,NaN
2020-06-04,18.7,NaN,19.7,18.4,NaN,NaN,18.9,NaN,NaN,NaN,NaN,NaN,NaN
2020-06-05,18.7,NaN,19.7,18.4,NaN,NaN,18.9,NaN,NaN,NaN,NaN,NaN,NaN
2020-06-06,18.8,NaN,19.7,18.4,NaN,NaN,18.9,NaN,NaN,NaN,NaN,NaN,NaN
2020-06-07,18.8,NaN,19.7,18.4,NaN,NaN,18.9,NaN,NaN,NaN,NaN,NaN,NaN
2020-06-08,18.8,NaN,19.7,18.4,NaN,NaN,18.9,NaN,NaN,NaN,NaN,NaN,NaN
2020-06-09,18.8,NaN,19.7,18.4,NaN,NaN,18.9,NaN,NaN,NaN,NaN,NaN,NaN
2020-06-10,18.8,NaN,19.7,18.4,NaN,NaN,18.9,NaN,NaN,NaN,NaN,NaN,NaN
2020-06-11,18.8,NaN,19.7,18.4,NaN,NaN,18.9,NaN,NaN,NaN,NaN,NaN,NaN
2020-06-12,18.8,NaN,19.7,18.4,NaN,20.7,NaN,NaN,NaN,NaN,NaN,NaN,NaN
2020-06-13,18.9,NaN,19.7,18.4,NaN,20.7,NaN,NaN,NaN,NaN,NaN,NaN,NaN
2020-06-14,18.9,NaN,19.7,18.4,NaN,20.7,NaN,NaN,NaN,NaN,NaN,NaN,NaN
2020-06-15,18.9,NaN,19.7,18.4,NaN,20.7,NaN,NaN,NaN,NaN,NaN,NaN,NaN
2020-06-16,18.9,NaN,NaN,18.4,NaN,NaN,NaN,NaN,NaN,NaN,NaN,NaN,NaN
2020-06-17,18.9,NaN,NaN,18.4,NaN,NaN,NaN,NaN,NaN,NaN,NaN,NaN,NaN
2020-06-18,18.9,NaN,NaN,18.4,NaN,NaN,NaN,NaN,NaN,NaN,NaN,NaN,NaN
2020-06-19,18.9,NaN,NaN,18.4,NaN,NaN,NaN,NaN,NaN,NaN,NaN,NaN,NaN
2020-06-20,19,NaN,NaN,18.4,NaN,NaN,NaN,NaN,NaN,NaN,NaN,NaN,NaN
2020-06-21,19,NaN,NaN,18.4,NaN,NaN,NaN,NaN,NaN,NaN,NaN,NaN,NaN
2020-06-22,19,NaN,NaN,NaN,NaN,NaN,NaN,NaN,NaN,NaN,NaN,NaN,NaN
2020-06-23,19.1,NaN,NaN,NaN,NaN,NaN,NaN,NaN,NaN,NaN,NaN,NaN,NaN
2020-06-24,19.2,NaN,NaN,NaN,NaN,NaN,NaN,NaN,NaN,NaN,NaN,NaN,NaN
2020-06-25,19.2,NaN,NaN,NaN,NaN,NaN,NaN,NaN,NaN,NaN,NaN,NaN,NaN
2020-06-26,19.2,NaN,NaN,NaN,NaN,NaN,NaN,NaN,NaN,NaN,NaN,NaN,NaN
2020-06-27,19.2,NaN,NaN,NaN,NaN,NaN,NaN,NaN,NaN,NaN,NaN,NaN,NaN
2020-06-28,19.2,NaN,NaN,NaN,NaN,NaN,NaN,NaN,NaN,NaN,NaN,NaN,NaN
2020-06-29,19.2,NaN,NaN,NaN,NaN,NaN,NaN,NaN,NaN,NaN,NaN,NaN,NaN
2020-06-30,19.2,19.7,NaN,NaN,NaN,NaN,NaN,NaN,NaN,NaN,NaN,NaN,NaN
2020-07-01,19.2,19.7,NaN,NaN,NaN,NaN,NaN,NaN,NaN,NaN,NaN,NaN,NaN
2020-07-02,19.2,19.7,NaN,NaN,NaN,NaN,NaN,NaN,NaN,NaN,NaN,NaN,NaN
2020-07-03,19.2,19.7,NaN,NaN,NaN,NaN,NaN,NaN,NaN,NaN,NaN,NaN,NaN
2020-07-04,19.2,19.7,NaN,NaN,NaN,NaN,NaN,NaN,NaN,NaN,NaN,NaN,NaN
2020-07-05,19.2,19.7,NaN,NaN,NaN,NaN,NaN,NaN,NaN,NaN,NaN,NaN,NaN
2020-07-06,19.3,19.7,NaN,NaN,NaN,NaN,NaN,NaN,NaN,NaN,NaN,NaN,NaN
2020-07-07,19.3,19.7,NaN,NaN,NaN,NaN,NaN,NaN,NaN,NaN,NaN,NaN,NaN
2020-07-08,19.3,NaN,NaN,NaN,NaN,NaN,NaN,NaN,NaN,NaN,NaN,NaN,NaN
2020-07-09,19.3,NaN,NaN,NaN,NaN,NaN,NaN,NaN,NaN,NaN,NaN,NaN,NaN
2020-07-10,19.3,NaN,NaN,NaN,NaN,24.1,NaN,NaN,NaN,NaN,NaN,NaN,NaN
2020-07-11,19.3,NaN,NaN,NaN,NaN,24.1,NaN,NaN,NaN,NaN,NaN,NaN,NaN
2020-07-12,19.4,NaN,NaN,NaN,NaN,24.1,NaN,NaN,NaN,NaN,NaN,NaN,NaN
2020-07-13,19.4,NaN,NaN,NaN,NaN,NaN,NaN,NaN,NaN,NaN,NaN,NaN,NaN
2020-07-14,19.4,NaN,NaN,NaN,NaN,NaN,NaN,NaN,NaN,NaN,NaN,NaN,NaN
2020-07-15,19.4,NaN,NaN,NaN,NaN,NaN,NaN,NaN,NaN,NaN,NaN,NaN,NaN
2020-07-16,19.4,NaN,NaN,NaN,NaN,NaN,NaN,NaN,NaN,NaN,NaN,NaN,NaN
2020-07-17,19.4,NaN,NaN,NaN,NaN,NaN,NaN,NaN,NaN,NaN,NaN,NaN,NaN
2020-07-18,19.4,NaN,NaN,NaN,NaN,NaN,NaN,NaN,NaN,NaN,NaN,NaN,NaN
2020-07-19,19.5,NaN,NaN,NaN,NaN,NaN,NaN,NaN,NaN,NaN,NaN,NaN,NaN
2020-07-20,19.5,NaN,NaN,NaN,NaN,NaN,NaN,NaN,NaN,NaN,NaN,NaN,NaN
2020-07-21,19.5,NaN,NaN,NaN,NaN,NaN,NaN,NaN,NaN,NaN,NaN,NaN,NaN
2020-07-22,19.5,NaN,NaN,NaN,NaN,NaN,NaN,NaN,NaN,NaN,NaN,NaN,NaN
2020-07-23,19.5,NaN,NaN,NaN,NaN,NaN,NaN,17.9,NaN,NaN,NaN,NaN,NaN
2020-07-24,19.5,NaN,NaN,NaN,NaN,NaN,NaN,17.9,NaN,NaN,NaN,NaN,NaN
2020-07-25,19.5,NaN,NaN,NaN,NaN,NaN,NaN,17.9,NaN,NaN,NaN,NaN,NaN
2020-07-26,19.5,NaN,NaN,NaN,NaN,NaN,NaN,17.9,NaN,NaN,NaN,NaN,NaN
2020-07-27,19.5,NaN,NaN,NaN,NaN,NaN,NaN,17.9,NaN,NaN,NaN,NaN,NaN
2020-07-28,19.6,20.5,NaN,NaN,NaN,NaN,NaN,17.9,NaN,NaN,NaN,NaN,NaN
2020-07-29,19.6,20.5,NaN,NaN,NaN,NaN,NaN,NaN,NaN,NaN,NaN,NaN,NaN
2020-07-30,19.5,20.5,NaN,NaN,NaN,NaN,NaN,NaN,NaN,NaN,NaN,NaN,NaN
2020-07-31,19.7,20.5,NaN,NaN,NaN,NaN,NaN,NaN,NaN,NaN,NaN,NaN,NaN
2020-08-01,19.8,20.5,NaN,NaN,NaN,NaN,NaN,NaN,NaN,NaN,NaN,NaN,NaN
2020-08-02,19.8,20.5,NaN,NaN,NaN,NaN,NaN,NaN,NaN,NaN,NaN,NaN,NaN
2020-08-03,19.8,20.5,NaN,19.4,NaN,NaN,NaN,NaN,NaN,NaN,NaN,NaN,NaN
2020-08-04,19.8,20.5,NaN,19.4,NaN,NaN,NaN,NaN,NaN,NaN,NaN,NaN,NaN
2020-08-05,19.9,NaN,NaN,19.4,NaN,NaN,NaN,NaN,NaN,NaN,NaN,NaN,NaN
2020-08-06,19.9,NaN,NaN,19.4,NaN,NaN,NaN,NaN,NaN,NaN,NaN,NaN,NaN
2020-08-07,19.9,NaN,NaN,19.4,NaN,NaN,NaN,NaN,NaN,NaN,NaN,NaN,NaN
2020-08-08,19.9,NaN,NaN,19.4,NaN,NaN,NaN,NaN,NaN,NaN,NaN,NaN,NaN
2020-08-09,19.9,NaN,NaN,19.4,NaN,NaN,NaN,NaN,NaN,NaN,NaN,NaN,NaN
2020-08-10,19.9,NaN,NaN,19.4,NaN,NaN,19.7,NaN,NaN,NaN,NaN,NaN,NaN
2020-08-11,19.9,NaN,21,19.4,NaN,NaN,19.7,NaN,NaN,NaN,NaN,NaN,NaN
2020-08-12,19.9,NaN,21,19.4,NaN,NaN,19.7,NaN,NaN,NaN,NaN,NaN,NaN
2020-08-13,19.9,NaN,21,19.4,NaN,NaN,19.7,NaN,NaN,NaN,NaN,NaN,NaN
2020-08-14,19.9,NaN,21,19.4,NaN,NaN,19.7,NaN,NaN,NaN,NaN,NaN,NaN
2020-08-15,19.9,NaN,21,19.4,NaN,NaN,19.7,NaN,NaN,NaN,NaN,NaN,NaN
2020-08-16,19.9,NaN,21,19.4,NaN,NaN,19.7,NaN,NaN,NaN,NaN,NaN,NaN
2020-08-17,19.9,NaN,21,19.4,NaN,NaN,19.7,NaN,NaN,NaN,NaN,NaN,NaN
2020-08-18,19.9,NaN,21,19.4,NaN,NaN,19.7,NaN,NaN,NaN,NaN,NaN,NaN
2020-08-19,19.9,NaN,21,19.4,NaN,NaN,19.7,NaN,NaN,NaN,NaN,NaN,NaN
2020-08-20,19.9,NaN,21,19.4,NaN,NaN,19.7,NaN,NaN,NaN,NaN,NaN,NaN
2020-08-21,19.9,NaN,21,19.4,NaN,NaN,NaN,NaN,NaN,NaN,NaN,NaN,NaN
2020-08-22,19.9,NaN,21,19.4,NaN,NaN,NaN,NaN,NaN,NaN,NaN,NaN,NaN
2020-08-23,19.9,NaN,21,19.4,NaN,NaN,NaN,NaN,NaN,NaN,NaN,NaN,NaN
2020-08-24,19.9,NaN,NaN,19.6,NaN,NaN,NaN,NaN,NaN,NaN,NaN,NaN,NaN
2020-08-25,19.9,21.6,NaN,19.6,NaN,NaN,NaN,NaN,NaN,NaN,NaN,NaN,NaN
2020-08-26,19.9,21.6,NaN,19.6,NaN,NaN,NaN,NaN,NaN,NaN,NaN,NaN,NaN
2020-08-27,19.9,21.6,NaN,19.6,NaN,NaN,NaN,NaN,NaN,NaN,NaN,NaN,NaN
2020-08-28,19.9,21.6,NaN,19.6,NaN,NaN,NaN,NaN,NaN,NaN,NaN,NaN,NaN
2020-08-29,19.9,21.6,NaN,19.6,NaN,NaN,NaN,NaN,NaN,NaN,NaN,NaN,NaN
2020-08-30,19.9,21.6,NaN,19.6,NaN,NaN,NaN,NaN,NaN,NaN,NaN,NaN,NaN
2020-08-31,19.9,21.6,NaN,19.6,NaN,NaN,NaN,NaN,NaN,NaN,NaN,NaN,NaN
2020-09-01,19.9,21.6,NaN,19.6,NaN,NaN,NaN,NaN,NaN,NaN,NaN,NaN,NaN
2020-09-02,19.8,NaN,NaN,19.6,NaN,NaN,NaN,NaN,NaN,NaN,NaN,NaN,NaN
2020-09-03,19.8,NaN,NaN,19.6,NaN,NaN,NaN,NaN,NaN,NaN,NaN,NaN,NaN
2020-09-04,19.8,NaN,NaN,19.6,NaN,NaN,NaN,NaN,NaN,NaN,NaN,NaN,NaN
2020-09-05,19.8,NaN,NaN,19.6,NaN,NaN,NaN,NaN,NaN,NaN,NaN,NaN,NaN
2020-09-06,19.8,NaN,NaN,19.6,NaN,NaN,NaN,NaN,NaN,NaN,NaN,NaN,NaN
2020-09-07,19.8,NaN,NaN,19.6,NaN,NaN,19.8,NaN,NaN,NaN,NaN,NaN,NaN
2020-09-08,19.8,NaN,20,19.6,NaN,NaN,19.8,NaN,NaN,NaN,NaN,NaN,NaN
2020-09-09,19.8,NaN,20,19.6,NaN,NaN,19.8,NaN,NaN,NaN,NaN,NaN,NaN
2020-09-10,19.8,NaN,20,19.6,NaN,NaN,19.8,NaN,NaN,NaN,NaN,NaN,NaN
2020-09-11,19.8,NaN,20,19.6,NaN,NaN,19.8,NaN,NaN,NaN,NaN,NaN,NaN
2020-09-12,19.8,NaN,20,19.6,NaN,NaN,19.8,NaN,NaN,NaN,NaN,NaN,NaN
2020-09-13,19.8,NaN,20,19.6,NaN,NaN,19.8,NaN,NaN,NaN,NaN,NaN,NaN
2020-09-14,19.8,NaN,20,19.2,NaN,NaN,19.8,NaN,NaN,NaN,NaN,NaN,NaN
2020-09-15,19.8,NaN,20,19.2,NaN,NaN,19.8,NaN,NaN,NaN,NaN,NaN,NaN
2020-09-16,19.8,NaN,20,19.2,NaN,NaN,19.8,NaN,NaN,NaN,NaN,NaN,NaN
2020-09-17,19.8,NaN,20,19.2,NaN,NaN,19.8,NaN,NaN,NaN,NaN,NaN,NaN
2020-09-18,19.8,NaN,20,19.2,NaN,NaN,NaN,NaN,NaN,NaN,NaN,NaN,NaN
2020-09-19,19.8,NaN,20,19.2,NaN,NaN,NaN,NaN,NaN,NaN,NaN,NaN,NaN
2020-09-20,19.8,NaN,20,19.2,NaN,NaN,NaN,NaN,NaN,NaN,NaN,NaN,NaN
2020-09-21,19.8,NaN,20,19.2,NaN,NaN,NaN,NaN,NaN,NaN,NaN,NaN,NaN
2020-09-22,19.8,NaN,NaN,19.2,NaN,NaN,NaN,NaN,NaN,NaN,NaN,NaN,NaN
2020-09-23,19.8,NaN,NaN,19.2,NaN,NaN,NaN,NaN,NaN,NaN,NaN,NaN,NaN
2020-09-24,19.8,NaN,NaN,19.2,NaN,NaN,NaN,NaN,NaN,NaN,NaN,NaN,NaN
2020-09-25,19.8,NaN,NaN,19.2,NaN,NaN,NaN,NaN,NaN,NaN,NaN,NaN,NaN
2020-09-26,19.8,NaN,NaN,19.2,NaN,NaN,NaN,NaN,NaN,NaN,NaN,NaN,NaN
2020-09-27,19.8,NaN,NaN,19.2,NaN,NaN,NaN,NaN,NaN,NaN,NaN,NaN,NaN
2020-09-28,19.7,NaN,NaN,19.2,NaN,NaN,NaN,NaN,NaN,NaN,NaN,NaN,NaN
2020-09-29,19.7,NaN,NaN,19.2,NaN,NaN,NaN,NaN,NaN,NaN,NaN,NaN,NaN
2020-09-30,19.7,NaN,NaN,19.2,NaN,NaN,NaN,NaN,NaN,NaN,NaN,NaN,NaN
2020-10-01,19.7,19.9,NaN,19.2,NaN,NaN,NaN,NaN,NaN,NaN,NaN,NaN,NaN
2020-10-02,19.7,19.9,NaN,19.2,NaN,NaN,NaN,NaN,NaN,NaN,NaN,NaN,NaN
2020-10-03,19.7,19.9,NaN,19.2,NaN,NaN,NaN,NaN,NaN,NaN,NaN,NaN,NaN
2020-10-04,19.7,19.9,NaN,19.2,NaN,NaN,NaN,NaN,NaN,NaN,NaN,NaN,NaN
2020-10-05,19.7,19.9,NaN,19.2,NaN,NaN,20.2,NaN,NaN,NaN,NaN,NaN,NaN
2020-10-06,19.7,19.9,NaN,19.2,NaN,NaN,20.2,NaN,NaN,NaN,NaN,NaN,NaN
2020-10-07,19.7,19.9,NaN,19.2,NaN,NaN,20.2,NaN,NaN,NaN,NaN,NaN,NaN
2020-10-08,19.6,NaN,NaN,19.2,NaN,NaN,20.2,NaN,NaN,NaN,NaN,NaN,NaN
2020-10-09,19.6,NaN,NaN,19.2,NaN,NaN,20.2,NaN,NaN,NaN,NaN,NaN,NaN
2020-10-10,19.7,NaN,NaN,19.2,NaN,NaN,20.2,NaN,NaN,NaN,NaN,NaN,NaN
2020-10-11,19.7,NaN,NaN,19.2,NaN,NaN,20.2,NaN,NaN,NaN,NaN,NaN,NaN
2020-10-12,19.7,NaN,NaN,19.4,NaN,NaN,20.2,NaN,NaN,NaN,NaN,NaN,NaN
2020-10-13,19.6,NaN,20,19.4,NaN,NaN,20.2,NaN,NaN,NaN,NaN,NaN,NaN
2020-10-14,19.6,NaN,20,19.4,NaN,NaN,20.2,NaN,NaN,NaN,NaN,NaN,NaN
2020-10-15,19.6,NaN,20,19.4,NaN,NaN,20.2,NaN,NaN,NaN,NaN,NaN,NaN
2020-10-16,19.6,NaN,20,19.4,NaN,NaN,NaN,NaN,NaN,NaN,NaN,NaN,NaN
2020-10-17,19.5,NaN,20,19.4,NaN,NaN,NaN,NaN,NaN,NaN,NaN,NaN,NaN
2020-10-18,19.6,NaN,20,19.4,NaN,NaN,NaN,NaN,NaN,NaN,NaN,NaN,NaN
2020-10-19,19.6,NaN,20,19.4,NaN,NaN,NaN,NaN,NaN,NaN,NaN,NaN,NaN
2020-10-20,19.6,NaN,20,19.4,NaN,NaN,NaN,NaN,NaN,NaN,NaN,NaN,NaN
2020-10-21,19.5,NaN,20,19.4,NaN,NaN,NaN,NaN,NaN,NaN,NaN,NaN,NaN
2020-10-22,19.5,NaN,20,19.4,NaN,NaN,NaN,NaN,NaN,NaN,NaN,NaN,NaN
2020-10-23,19.5,NaN,20,19.4,NaN,NaN,NaN,17.8,NaN,NaN,NaN,NaN,NaN
2020-10-24,19.6,NaN,20,19.4,NaN,NaN,NaN,17.8,NaN,NaN,NaN,NaN,NaN
2020-10-25,19.5,NaN,20,19.4,NaN,NaN,NaN,17.8,NaN,NaN,NaN,NaN,NaN
2020-10-26,19.5,NaN,NaN,19.4,NaN,NaN,NaN,17.8,NaN,NaN,NaN,NaN,NaN
2020-10-27,19.5,19.9,NaN,19.4,NaN,NaN,NaN,NaN,NaN,NaN,NaN,NaN,NaN
2020-10-28,19.5,19.9,NaN,19.4,NaN,NaN,NaN,NaN,NaN,NaN,NaN,NaN,NaN
2020-10-29,19.5,19.9,NaN,19.4,NaN,NaN,NaN,NaN,NaN,NaN,NaN,NaN,NaN
2020-10-30,19.5,19.9,NaN,19.4,NaN,NaN,NaN,NaN,NaN,NaN,NaN,NaN,NaN
2020-10-31,19.4,19.9,NaN,19.4,NaN,NaN,NaN,NaN,NaN,NaN,NaN,NaN,NaN
2020-11-01,19.4,19.9,NaN,19.4,NaN,NaN,NaN,NaN,NaN,NaN,NaN,NaN,NaN
2020-11-02,19.4,19.9,NaN,19.4,17.6,NaN,19.9,NaN,NaN,NaN,NaN,NaN,NaN
2020-11-03,19.4,19.9,NaN,19.4,17.6,NaN,19.9,NaN,NaN,NaN,NaN,NaN,NaN
2020-11-04,19.4,19.9,NaN,19.4,17.6,NaN,19.9,NaN,NaN,NaN,NaN,NaN,NaN
2020-11-05,19.4,NaN,NaN,19.4,17.6,NaN,19.9,NaN,NaN,NaN,NaN,NaN,NaN
2020-11-06,19.4,NaN,NaN,19.4,17.6,NaN,19.9,NaN,NaN,NaN,NaN,NaN,NaN
2020-11-07,19.4,NaN,NaN,19.4,17.6,NaN,19.9,NaN,NaN,NaN,NaN,NaN,NaN
2020-11-08,19.3,NaN,NaN,19.4,17.6,NaN,19.9,NaN,NaN,NaN,NaN,NaN,NaN
2020-11-09,19.3,NaN,NaN,18.5,17.6,NaN,19.9,NaN,NaN,NaN,NaN,NaN,NaN
2020-11-10,19.3,NaN,20,18.5,17.6,NaN,19.9,NaN,NaN,NaN,NaN,NaN,NaN
2020-11-11,19.3,NaN,20,18.5,17.6,NaN,19.9,NaN,NaN,NaN,NaN,NaN,NaN
2020-11-12,19.3,NaN,20,18.5,17.6,25.2,19.9,NaN,NaN,NaN,NaN,NaN,NaN
2020-11-13,19.3,NaN,20,18.5,17.6,25.2,NaN,NaN,NaN,NaN,NaN,NaN,NaN
2020-11-14,19.3,NaN,20,18.5,17.6,25.2,NaN,NaN,NaN,NaN,NaN,NaN,NaN
2020-11-15,19.3,NaN,20,18.5,17.6,25.2,NaN,NaN,NaN,NaN,NaN,NaN,NaN
2020-11-16,19.2,NaN,20,18.5,17.6,25.2,NaN,NaN,NaN,NaN,NaN,NaN,NaN
2020-11-17,19.2,NaN,20,18.5,17.6,23.2,NaN,NaN,NaN,NaN,NaN,NaN,NaN
2020-11-18,19.2,NaN,20,18.5,17.6,23.2,NaN,NaN,NaN,NaN,NaN,NaN,NaN
2020-11-19,19.2,NaN,20,18.5,17.6,23.2,NaN,NaN,NaN,NaN,NaN,NaN,NaN
2020-11-20,19.2,NaN,20,18.5,17.6,23.2,NaN,NaN,NaN,NaN,NaN,NaN,NaN
2020-11-21,19.2,NaN,20,18.5,17.6,23.2,NaN,NaN,NaN,NaN,NaN,NaN,NaN
2020-11-22,19.2,NaN,20,18.5,17.6,23.2,NaN,NaN,NaN,NaN,NaN,NaN,NaN
2020-11-23,19.2,NaN,NaN,18.5,17.6,23.2,NaN,NaN,NaN,NaN,NaN,NaN,NaN
2020-11-24,19.2,NaN,NaN,18.5,17.6,23.2,NaN,NaN,NaN,NaN,NaN,NaN,NaN
2020-11-25,19.2,NaN,NaN,18.5,17.6,23.2,NaN,NaN,NaN,NaN,NaN,NaN,NaN
2020-11-26,19.2,19.6,NaN,18.5,17.6,23.2,NaN,NaN,NaN,NaN,NaN,NaN,NaN
2020-11-27,19.2,19.6,NaN,18.5,NaN,23.2,NaN,NaN,NaN,NaN,NaN,NaN,NaN
2020-11-28,19.2,19.6,NaN,18.5,NaN,23.2,NaN,NaN,NaN,NaN,NaN,NaN,NaN
2020-11-29,19.2,19.6,NaN,18.5,NaN,23.2,NaN,NaN,NaN,NaN,NaN,NaN,NaN
2020-11-30,19.2,19.6,NaN,18.5,NaN,23.2,18.9,NaN,NaN,NaN,NaN,NaN,NaN
2020-12-01,19.2,19.6,20,18.5,NaN,23.2,18.9,NaN,NaN,NaN,NaN,NaN,NaN
2020-12-02,19.2,19.6,20,18.5,NaN,23.2,18.9,NaN,NaN,NaN,NaN,NaN,NaN
2020-12-03,19.2,NaN,20,18.5,NaN,23.2,18.9,NaN,NaN,NaN,NaN,NaN,NaN
2020-12-04,19.2,NaN,20,18.5,NaN,23.2,18.9,NaN,NaN,NaN,NaN,NaN,NaN
2020-12-05,19.2,NaN,20,18.5,NaN,23.2,18.9,NaN,NaN,NaN,NaN,NaN,NaN
2020-12-06,19.2,NaN,20,18.5,NaN,23.2,18.9,NaN,NaN,NaN,NaN,NaN,NaN
2020-12-07,19.2,NaN,20,19.4,NaN,23.2,18.9,NaN,NaN,NaN,NaN,NaN,NaN
2020-12-08,19.1,NaN,20,19.4,NaN,23.2,18.9,NaN,NaN,NaN,NaN,NaN,NaN
2020-12-09,19.1,NaN,20,19.4,NaN,23.2,18.9,NaN,NaN,NaN,NaN,NaN,NaN
2020-12-10,19.1,NaN,20,19.4,NaN,23.2,18.9,NaN,NaN,NaN,NaN,NaN,NaN
2020-12-11,19,NaN,20,19.4,NaN,23.2,NaN,NaN,NaN,NaN,NaN,NaN,NaN
2020-12-12,19,NaN,20,19.4,NaN,23.2,NaN,NaN,NaN,NaN,NaN,NaN,NaN
2020-12-13,19.3,NaN,20,19.4,NaN,23.2,NaN,NaN,NaN,NaN,NaN,NaN,NaN
2020-12-14,19.2,NaN,NaN,19.4,NaN,23.2,NaN,NaN,NaN,NaN,NaN,NaN,NaN
2020-12-15,19.2,NaN,NaN,19.4,NaN,NaN,NaN,NaN,NaN,NaN,NaN,NaN,NaN
2020-12-16,19,NaN,NaN,19.4,NaN,NaN,NaN,NaN,NaN,NaN,NaN,NaN,NaN
2020-12-17,19,NaN,NaN,19.4,NaN,NaN,NaN,NaN,NaN,NaN,NaN,NaN,NaN
2020-12-18,19,NaN,NaN,19.4,NaN,NaN,NaN,NaN,NaN,NaN,NaN,NaN,NaN
2020-12-19,19,NaN,NaN,19.4,NaN,NaN,NaN,NaN,NaN,NaN,NaN,NaN,NaN
2020-12-20,18.9,NaN,NaN,19.4,NaN,NaN,NaN,NaN,NaN,NaN,NaN,NaN,NaN
2020-12-21,18.9,NaN,NaN,19.4,NaN,NaN,NaN,NaN,NaN,NaN,NaN,NaN,NaN
2020-12-22,18.9,NaN,NaN,19.4,NaN,NaN,NaN,NaN,NaN,NaN,NaN,NaN,NaN
2020-12-23,18.9,NaN,NaN,19.4,NaN,NaN,NaN,NaN,NaN,NaN,NaN,NaN,NaN
2020-12-24,18.9,NaN,NaN,19.4,NaN,NaN,NaN,NaN,NaN,NaN,NaN,NaN,NaN
2020-12-25,18.9,NaN,NaN,19.4,NaN,NaN,NaN,NaN,NaN,NaN,NaN,NaN,NaN
2020-12-26,18.9,NaN,NaN,19.4,NaN,NaN,NaN,NaN,NaN,NaN,NaN,NaN,NaN
2020-12-27,18.9,NaN,NaN,19.4,NaN,NaN,NaN,NaN,NaN,NaN,NaN,NaN,NaN
2020-12-28,18.9,NaN,NaN,19.4,NaN,NaN,NaN,NaN,NaN,NaN,NaN,NaN,NaN
2020-12-29,18.9,19.5,NaN,19.4,NaN,NaN,NaN,NaN,NaN,NaN,NaN,NaN,NaN
2020-12-30,18.9,19.5,NaN,19.4,NaN,NaN,NaN,NaN,NaN,NaN,NaN,NaN,NaN
2020-12-31,18.9,19.5,NaN,19.4,NaN,NaN,NaN,NaN,NaN,NaN,NaN,NaN,NaN
2021-01-01,18.8,19.5,NaN,19.4,NaN,NaN,NaN,NaN,NaN,NaN,NaN,NaN,NaN
2021-01-02,19,19.5,NaN,19.4,NaN,NaN,NaN,NaN,NaN,NaN,NaN,NaN,NaN
2021-01-03,19,19.5,NaN,19.4,NaN,NaN,NaN,NaN,NaN,NaN,NaN,NaN,NaN
2021-01-04,19,19.5,NaN,19.4,NaN,NaN,NaN,NaN,NaN,NaN,NaN,NaN,NaN
2021-01-05,19,19.5,NaN,19.4,NaN,NaN,NaN,NaN,NaN,NaN,NaN,NaN,NaN
2021-01-06,19,19.5,NaN,19.4,NaN,NaN,NaN,NaN,NaN,NaN,NaN,NaN,NaN
2021-01-07,19,19.5,NaN,19.4,NaN,NaN,NaN,NaN,NaN,NaN,NaN,NaN,NaN
2021-01-08,19,19.5,NaN,19.4,NaN,NaN,NaN,NaN,NaN,NaN,NaN,NaN,NaN
2021-01-09,18.8,19.5,NaN,19.4,NaN,NaN,NaN,NaN,NaN,NaN,NaN,NaN,NaN
2021-01-10,18.8,19.5,NaN,19.4,NaN,NaN,NaN,NaN,NaN,NaN,NaN,NaN,NaN
2021-01-11,18.8,19.5,NaN,18.1,NaN,NaN,18.6,NaN,NaN,NaN,NaN,NaN,NaN
2021-01-12,18.8,NaN,NaN,18.1,NaN,NaN,18.6,NaN,NaN,NaN,NaN,NaN,NaN
2021-01-13,18.8,NaN,19,18.1,NaN,NaN,18.6,NaN,NaN,NaN,NaN,NaN,NaN
2021-01-14,18.7,NaN,19,18.1,NaN,NaN,18.6,NaN,NaN,NaN,NaN,NaN,NaN
2021-01-15,18.7,NaN,19,18.1,NaN,NaN,18.6,NaN,NaN,NaN,NaN,NaN,NaN
2021-01-16,18.7,NaN,19,18.1,NaN,NaN,18.6,NaN,NaN,NaN,NaN,NaN,NaN
2021-01-17,18.7,NaN,19,18.1,NaN,NaN,18.6,NaN,NaN,NaN,NaN,NaN,NaN
2021-01-18,18.7,NaN,19,18.1,NaN,NaN,18.6,NaN,NaN,NaN,NaN,NaN,NaN
2021-01-19,18.7,NaN,19,18.1,NaN,NaN,18.6,NaN,NaN,NaN,NaN,NaN,NaN
2021-01-20,18.7,NaN,19,18.1,NaN,NaN,18.6,NaN,NaN,NaN,NaN,NaN,NaN
2021-01-21,18.7,NaN,19,18.1,NaN,NaN,18.6,NaN,NaN,NaN,NaN,NaN,NaN
2021-01-22,18.7,NaN,19,18.1,NaN,NaN,NaN,NaN,NaN,NaN,NaN,NaN,NaN
2021-01-23,18.7,NaN,19,18.1,NaN,NaN,NaN,NaN,NaN,NaN,NaN,NaN,NaN
2021-01-24,18.7,NaN,19,18.1,NaN,NaN,NaN,NaN,NaN,NaN,NaN,NaN,NaN
2021-01-25,18.6,NaN,19,18.1,NaN,NaN,NaN,NaN,NaN,NaN,NaN,NaN,NaN
2021-01-26,18.6,18.3,NaN,18.1,NaN,NaN,NaN,NaN,NaN,NaN,NaN,NaN,NaN
2021-01-27,18.6,18.3,NaN,18.1,NaN,NaN,NaN,NaN,NaN,NaN,NaN,NaN,NaN
2021-01-28,18.5,18.3,NaN,18.1,NaN,23.7,NaN,NaN,NaN,NaN,NaN,NaN,NaN
2021-01-29,18.5,18.3,NaN,18.1,NaN,23.7,NaN,NaN,NaN,NaN,NaN,NaN,NaN
2021-01-30,18.5,18.3,NaN,18.1,NaN,23.7,NaN,NaN,NaN,NaN,NaN,NaN,NaN
2021-01-31,18.5,18.3,NaN,18.1,NaN,23.7,NaN,NaN,NaN,NaN,NaN,NaN,NaN
2021-02-01,18.5,18.3,NaN,17.9,NaN,NaN,18.8,NaN,NaN,NaN,NaN,NaN,NaN
2021-02-02,18.5,18.3,NaN,17.9,NaN,NaN,18.8,NaN,NaN,NaN,NaN,NaN,NaN
2021-02-03,18.4,18.3,NaN,17.9,NaN,NaN,18.8,NaN,NaN,NaN,NaN,NaN,NaN
2021-02-04,18.4,NaN,NaN,17.9,NaN,NaN,18.8,NaN,NaN,NaN,NaN,NaN,NaN
2021-02-05,18.4,NaN,NaN,17.9,NaN,NaN,18.8,NaN,NaN,NaN,NaN,NaN,NaN
2021-02-06,18.4,NaN,NaN,17.9,NaN,NaN,18.8,NaN,NaN,NaN,NaN,NaN,NaN
2021-02-07,18.4,NaN,NaN,17.9,NaN,NaN,18.8,NaN,NaN,NaN,NaN,NaN,NaN
2021-02-08,18.4,NaN,NaN,17.9,NaN,NaN,18.8,NaN,NaN,NaN,NaN,NaN,NaN
2021-02-09,18.4,NaN,19,17.9,NaN,NaN,18.8,NaN,NaN,NaN,NaN,NaN,NaN
2021-02-10,18.4,NaN,19,17.9,NaN,NaN,18.8,NaN,NaN,NaN,NaN,NaN,NaN
2021-02-11,18.4,NaN,19,17.9,NaN,NaN,18.8,NaN,NaN,NaN,NaN,NaN,NaN
2021-02-12,18.4,NaN,19,17.9,NaN,NaN,NaN,NaN,NaN,NaN,NaN,NaN,NaN
2021-02-13,18.5,NaN,19,17.9,NaN,NaN,NaN,NaN,NaN,NaN,NaN,NaN,NaN
2021-02-14,18.5,NaN,19,17.9,NaN,NaN,NaN,NaN,NaN,NaN,NaN,NaN,NaN
2021-02-15,18.5,NaN,19,17.9,NaN,NaN,NaN,NaN,NaN,NaN,NaN,NaN,NaN
2021-02-16,18.5,NaN,19,17.9,NaN,NaN,NaN,NaN,NaN,NaN,NaN,NaN,NaN
2021-02-17,18.5,NaN,19,17.9,NaN,NaN,NaN,NaN,NaN,NaN,NaN,NaN,NaN
2021-02-18,18.5,NaN,19,17.9,NaN,NaN,NaN,NaN,NaN,NaN,NaN,NaN,NaN
2021-02-19,18.5,NaN,19,17.9,NaN,NaN,NaN,15.5,NaN,NaN,NaN,NaN,NaN
2021-02-20,18.5,NaN,19,17.9,NaN,NaN,NaN,15.5,NaN,NaN,NaN,NaN,NaN
2021-02-21,18.5,NaN,19,17.9,NaN,NaN,NaN,15.5,NaN,NaN,NaN,NaN,NaN
2021-02-22,18.6,NaN,NaN,17.9,NaN,NaN,NaN,15.5,NaN,NaN,NaN,NaN,NaN
2021-02-23,18.6,NaN,NaN,17.9,NaN,NaN,NaN,15.5,NaN,NaN,NaN,NaN,NaN
2021-02-24,18.6,NaN,NaN,17.9,NaN,NaN,NaN,NaN,NaN,NaN,NaN,NaN,NaN
2021-02-25,18.6,NaN,NaN,17.9,NaN,20.7,NaN,NaN,NaN,NaN,NaN,NaN,NaN
2021-02-26,18.6,18.2,NaN,17.9,NaN,20.7,NaN,NaN,NaN,NaN,NaN,NaN,NaN
2021-02-27,18.6,18.2,NaN,17.9,NaN,20.7,NaN,NaN,NaN,NaN,NaN,NaN,NaN
2021-02-28,18.6,18.2,NaN,17.9,NaN,20.7,NaN,NaN,NaN,NaN,NaN,NaN,NaN
2021-03-01,18.6,18.2,NaN,18.7,NaN,NaN,18.4,NaN,NaN,NaN,NaN,NaN,NaN
2021-03-02,18.6,18.2,NaN,18.7,NaN,NaN,18.4,NaN,NaN,NaN,NaN,NaN,NaN
2021-03-03,18.6,18.2,NaN,18.7,NaN,NaN,18.4,NaN,NaN,NaN,NaN,NaN,NaN
2021-03-04,18.7,NaN,NaN,18.7,NaN,NaN,18.4,NaN,NaN,NaN,NaN,NaN,NaN
2021-03-05,18.6,NaN,NaN,18.7,NaN,NaN,18.4,NaN,NaN,NaN,NaN,NaN,NaN
2021-03-06,18.7,NaN,NaN,18.7,NaN,NaN,18.4,NaN,NaN,NaN,NaN,NaN,NaN
2021-03-07,18.7,NaN,NaN,18.7,NaN,NaN,18.4,NaN,NaN,NaN,NaN,NaN,NaN
2021-03-08,18.7,NaN,NaN,18.7,NaN,NaN,18.4,NaN,NaN,NaN,NaN,NaN,NaN
2021-03-09,18.7,NaN,20,18.7,NaN,NaN,18.4,NaN,NaN,NaN,NaN,NaN,NaN
2021-03-10,18.7,NaN,20,18.7,NaN,NaN,18.4,NaN,NaN,NaN,NaN,NaN,NaN
2021-03-11,18.7,NaN,20,18.7,NaN,NaN,18.4,NaN,NaN,NaN,NaN,NaN,NaN
2021-03-12,18.7,NaN,20,18.7,NaN,NaN,NaN,NaN,NaN,NaN,NaN,NaN,NaN
2021-03-13,18.7,NaN,20,18.7,NaN,NaN,NaN,NaN,NaN,NaN,NaN,NaN,NaN
2021-03-14,18.7,NaN,20,18.7,NaN,NaN,NaN,NaN,NaN,NaN,NaN,NaN,NaN
2021-03-15,18.7,NaN,20,18.7,NaN,NaN,NaN,NaN,NaN,NaN,NaN,NaN,NaN
2021-03-16,18.7,NaN,20,18.7,NaN,NaN,NaN,NaN,NaN,NaN,NaN,NaN,NaN
2021-03-17,18.7,NaN,20,18.7,NaN,NaN,NaN,NaN,NaN,NaN,NaN,NaN,NaN
2021-03-18,18.7,NaN,20,18.7,NaN,NaN,NaN,NaN,NaN,NaN,NaN,NaN,NaN
2021-03-19,18.7,NaN,20,18.7,NaN,NaN,NaN,NaN,NaN,NaN,NaN,NaN,NaN
2021-03-20,18.7,NaN,20,18.7,NaN,NaN,NaN,NaN,NaN,NaN,NaN,NaN,NaN
2021-03-21,18.7,NaN,20,18.7,NaN,NaN,NaN,NaN,NaN,NaN,NaN,NaN,NaN
2021-03-22,18.7,NaN,NaN,18.7,NaN,NaN,NaN,NaN,NaN,NaN,NaN,NaN,NaN
2021-03-23,18.7,NaN,NaN,18.7,NaN,NaN,NaN,NaN,NaN,NaN,NaN,NaN,NaN
2021-03-24,18.7,NaN,NaN,18.7,NaN,NaN,NaN,NaN,NaN,NaN,NaN,NaN,NaN
2021-03-25,18.7,NaN,NaN,18.7,NaN,NaN,NaN,NaN,NaN,NaN,NaN,NaN,NaN
2021-03-26,18.7,NaN,NaN,18.7,NaN,22.2,NaN,NaN,NaN,NaN,NaN,NaN,NaN
2021-03-27,18.7,NaN,NaN,18.7,NaN,22.2,NaN,NaN,NaN,NaN,NaN,NaN,NaN
2021-03-28,18.7,NaN,NaN,18.7,NaN,22.2,NaN,NaN,NaN,NaN,NaN,NaN,NaN
2021-03-29,18.7,NaN,NaN,18.7,NaN,22.2,NaN,NaN,NaN,NaN,NaN,NaN,NaN
2021-03-30,18.7,19.2,NaN,18.7,NaN,NaN,NaN,NaN,NaN,NaN,NaN,NaN,NaN
2021-03-31,18.7,19.2,NaN,18.7,NaN,NaN,NaN,NaN,NaN,NaN,NaN,NaN,NaN
2021-04-01,18.8,19.2,NaN,18.7,NaN,NaN,NaN,NaN,NaN,NaN,NaN,NaN,NaN
2021-04-02,18.8,19.2,NaN,18.7,NaN,NaN,NaN,NaN,NaN,NaN,NaN,NaN,NaN
2021-04-03,18.8,19.2,NaN,18.7,NaN,NaN,NaN,NaN,NaN,NaN,NaN,NaN,NaN
2021-04-04,18.8,19.2,NaN,18.7,NaN,NaN,NaN,NaN,NaN,NaN,NaN,NaN,NaN
2021-04-05,18.8,19.2,NaN,18.1,NaN,NaN,18.9,NaN,NaN,NaN,NaN,NaN,NaN
2021-04-06,18.9,19.2,NaN,18.1,NaN,NaN,18.9,NaN,NaN,NaN,NaN,NaN,NaN
2021-04-07,18.9,19.2,NaN,18.1,NaN,NaN,18.9,NaN,NaN,NaN,NaN,NaN,NaN
2021-04-08,18.9,NaN,NaN,18.1,NaN,NaN,18.9,NaN,NaN,NaN,NaN,NaN,NaN
2021-04-09,18.9,NaN,NaN,18.1,NaN,NaN,18.9,NaN,NaN,NaN,NaN,NaN,NaN
2021-04-10,18.9,NaN,NaN,18.1,NaN,NaN,18.9,NaN,NaN,NaN,NaN,NaN,NaN
2021-04-11,18.9,NaN,NaN,18.1,NaN,NaN,18.9,NaN,NaN,NaN,NaN,NaN,NaN
2021-04-12,18.9,NaN,NaN,18.1,NaN,NaN,18.9,NaN,NaN,NaN,NaN,NaN,NaN
2021-04-13,19,NaN,19,18.1,NaN,NaN,18.9,NaN,NaN,NaN,NaN,NaN,NaN
2021-04-14,18.9,NaN,19,18.1,NaN,NaN,18.9,NaN,NaN,NaN,NaN,NaN,NaN
2021-04-15,18.9,NaN,19,18.1,NaN,NaN,18.9,NaN,NaN,NaN,NaN,NaN,NaN
2021-04-16,18.9,NaN,19,18.1,NaN,NaN,NaN,NaN,NaN,NaN,NaN,NaN,NaN
2021-04-17,18.9,NaN,19,18.1,NaN,NaN,NaN,NaN,NaN,NaN,NaN,NaN,NaN
2021-04-18,18.9,NaN,19,18.1,NaN,NaN,NaN,NaN,NaN,NaN,NaN,NaN,NaN
2021-04-19,18.9,NaN,19,18.1,NaN,NaN,NaN,NaN,NaN,NaN,NaN,NaN,NaN
2021-04-20,19,NaN,19,18.1,NaN,NaN,NaN,NaN,NaN,NaN,NaN,NaN,NaN
2021-04-21,19,NaN,19,18.1,NaN,NaN,NaN,NaN,NaN,NaN,NaN,NaN,NaN
2021-04-22,19.1,NaN,19,18.1,NaN,NaN,NaN,NaN,NaN,NaN,NaN,NaN,NaN
2021-04-23,19.1,NaN,19,18.1,NaN,21.4,NaN,NaN,NaN,NaN,NaN,NaN,NaN
2021-04-24,18.9,NaN,19,18.1,NaN,21.4,NaN,NaN,NaN,NaN,NaN,NaN,NaN
2021-04-25,19,NaN,19,18.1,NaN,21.4,NaN,NaN,NaN,NaN,NaN,NaN,NaN
2021-04-26,19,NaN,NaN,18.1,NaN,21.4,NaN,NaN,NaN,NaN,NaN,NaN,NaN
2021-04-27,19,NaN,NaN,18.1,NaN,NaN,NaN,NaN,NaN,NaN,NaN,NaN,NaN
2021-04-28,19,19,NaN,18.1,18.9,NaN,NaN,NaN,NaN,NaN,NaN,NaN,NaN
2021-04-29,19,19,NaN,18.1,18.9,NaN,NaN,NaN,NaN,NaN,NaN,NaN,NaN
2021-04-30,19,19,NaN,18.1,18.9,NaN,NaN,NaN,NaN,NaN,NaN,NaN,NaN
2021-05-01,19,19,NaN,18.1,18.9,NaN,NaN,NaN,NaN,NaN,NaN,NaN,NaN
2021-05-02,19,19,NaN,18.1,18.9,NaN,NaN,NaN,NaN,NaN,NaN,NaN,NaN
2021-05-03,19,19,NaN,19.2,18.9,NaN,18.8,NaN,NaN,NaN,NaN,NaN,NaN
2021-05-04,19.1,19,NaN,19.2,18.9,NaN,18.8,NaN,NaN,NaN,NaN,NaN,NaN
2021-05-05,19.1,19,NaN,19.2,18.9,NaN,18.8,NaN,NaN,NaN,NaN,NaN,NaN
2021-05-06,19.1,NaN,NaN,19.2,18.9,NaN,18.8,NaN,NaN,NaN,NaN,NaN,NaN
2021-05-07,19.1,NaN,NaN,19.2,18.9,NaN,18.8,NaN,NaN,NaN,NaN,NaN,NaN
2021-05-08,19.1,NaN,NaN,19.2,18.9,NaN,18.8,NaN,NaN,NaN,NaN,NaN,NaN
2021-05-09,19.1,NaN,NaN,19.2,18.9,NaN,18.8,NaN,NaN,NaN,NaN,NaN,NaN
2021-05-10,19.2,NaN,NaN,19.2,18.9,NaN,18.8,NaN,NaN,NaN,NaN,NaN,NaN
2021-05-11,19.2,NaN,20,19.2,18.9,NaN,18.8,NaN,NaN,NaN,NaN,NaN,NaN
2021-05-12,19.2,NaN,20,19.2,18.9,NaN,18.8,NaN,NaN,NaN,NaN,NaN,NaN
2021-05-13,19.2,NaN,20,19.2,18.9,NaN,18.8,NaN,NaN,NaN,NaN,NaN,NaN
2021-05-14,19.2,NaN,20,19.2,18.9,NaN,NaN,NaN,NaN,NaN,NaN,NaN,NaN
2021-05-15,19.2,NaN,20,19.2,18.9,NaN,NaN,NaN,NaN,NaN,NaN,NaN,NaN
2021-05-16,19.3,NaN,20,19.2,18.9,NaN,NaN,NaN,NaN,NaN,NaN,NaN,NaN
2021-05-17,19.3,NaN,20,19.2,18.9,NaN,NaN,NaN,NaN,NaN,NaN,NaN,NaN
2021-05-18,19.3,NaN,20,19.2,18.9,NaN,NaN,NaN,NaN,NaN,NaN,NaN,NaN
2021-05-19,19.3,NaN,20,19.2,18.9,NaN,NaN,NaN,NaN,NaN,NaN,NaN,NaN
2021-05-20,19.3,NaN,20,19.2,18.9,NaN,NaN,NaN,NaN,NaN,NaN,NaN,NaN
2021-05-21,19.3,NaN,20,19.2,18.9,21,NaN,NaN,NaN,NaN,NaN,NaN,NaN
2021-05-22,19.3,NaN,20,19.2,18.9,21,NaN,NaN,NaN,NaN,NaN,NaN,NaN
2021-05-23,19.4,NaN,20,19.2,18.9,21,NaN,NaN,NaN,NaN,NaN,NaN,NaN
2021-05-24,19.4,NaN,NaN,19.2,18.9,21,NaN,NaN,NaN,NaN,NaN,NaN,NaN
2021-05-25,19.4,19.2,NaN,19.2,18.9,NaN,NaN,NaN,NaN,NaN,NaN,NaN,NaN
2021-05-26,19.5,19.2,NaN,19.2,18.9,NaN,NaN,NaN,NaN,NaN,NaN,NaN,NaN
2021-05-27,19.5,19.2,NaN,19.2,18.9,NaN,NaN,NaN,NaN,NaN,NaN,NaN,NaN
2021-05-28,19.6,19.2,NaN,19.2,NaN,NaN,NaN,NaN,NaN,NaN,NaN,NaN,NaN
2021-05-29,19.6,19.2,NaN,19.2,NaN,NaN,NaN,NaN,NaN,NaN,NaN,NaN,NaN
2021-05-30,19.6,19.2,NaN,19.2,NaN,NaN,NaN,NaN,NaN,NaN,NaN,NaN,NaN
2021-05-31,19.6,19.2,NaN,19.2,NaN,NaN,NaN,NaN,NaN,NaN,NaN,NaN,NaN
2021-06-01,19.6,19.2,NaN,19.2,NaN,NaN,NaN,NaN,NaN,NaN,NaN,NaN,NaN
2021-06-02,19.6,19.2,NaN,19.2,NaN,NaN,NaN,NaN,NaN,NaN,NaN,NaN,NaN
2021-06-03,19.6,NaN,NaN,19.2,NaN,NaN,NaN,NaN,NaN,NaN,NaN,NaN,NaN
2021-06-04,19.7,NaN,NaN,19.2,NaN,NaN,NaN,NaN,NaN,NaN,NaN,NaN,NaN
2021-06-05,19.7,NaN,NaN,19.2,NaN,NaN,NaN,NaN,NaN,NaN,NaN,NaN,NaN
2021-06-06,19.7,NaN,NaN,19.2,NaN,NaN,NaN,NaN,NaN,NaN,NaN,NaN,NaN
2021-06-07,19.7,NaN,NaN,NaN,NaN,NaN,20.2,NaN,NaN,NaN,NaN,NaN,NaN
2021-06-08,19.7,NaN,19,NaN,NaN,NaN,20.2,NaN,NaN,NaN,NaN,NaN,NaN
2021-06-09,19.7,NaN,19,NaN,NaN,NaN,20.2,NaN,NaN,NaN,NaN,NaN,NaN
2021-06-10,19.7,NaN,19,NaN,NaN,NaN,20.2,NaN,NaN,NaN,NaN,NaN,NaN
2021-06-11,19.7,NaN,19,NaN,NaN,NaN,20.2,NaN,NaN,NaN,NaN,NaN,NaN
2021-06-12,19.8,NaN,19,NaN,NaN,NaN,20.2,NaN,NaN,NaN,NaN,NaN,NaN
2021-06-13,19.8,NaN,19,NaN,NaN,NaN,20.2,NaN,NaN,NaN,NaN,NaN,NaN
2021-06-14,19.8,NaN,19,NaN,NaN,NaN,20.2,NaN,NaN,NaN,NaN,NaN,NaN
2021-06-15,19.8,NaN,19,NaN,NaN,NaN,20.2,NaN,NaN,NaN,NaN,NaN,NaN
2021-06-16,19.8,NaN,19,NaN,NaN,NaN,20.2,NaN,NaN,NaN,NaN,NaN,NaN
2021-06-17,19.8,NaN,19,NaN,NaN,NaN,20.2,NaN,NaN,NaN,NaN,NaN,NaN
2021-06-18,19.9,NaN,19,NaN,NaN,19.4,NaN,NaN,NaN,NaN,NaN,NaN,NaN
2021-06-19,19.9,NaN,19,NaN,NaN,19.4,NaN,NaN,NaN,NaN,NaN,NaN,NaN
2021-06-20,20,NaN,19,NaN,NaN,19.4,NaN,NaN,NaN,NaN,NaN,NaN,NaN
2021-06-21,20.1,NaN,NaN,21.4,NaN,19.4,NaN,NaN,NaN,NaN,NaN,NaN,NaN
2021-06-22,20.1,NaN,NaN,21.4,NaN,NaN,NaN,NaN,NaN,NaN,NaN,NaN,NaN
2021-06-23,20.2,18.2,NaN,21.4,NaN,NaN,NaN,NaN,NaN,NaN,NaN,NaN,NaN
2021-06-24,20.2,18.2,NaN,21.4,NaN,NaN,NaN,NaN,NaN,NaN,NaN,NaN,NaN
2021-06-25,20.3,18.2,NaN,21.4,NaN,NaN,NaN,NaN,NaN,NaN,NaN,NaN,NaN
2021-06-26,20.3,18.2,NaN,21.4,NaN,NaN,NaN,NaN,NaN,NaN,NaN,NaN,NaN
2021-06-27,20.4,18.2,NaN,21.4,NaN,NaN,NaN,NaN,NaN,NaN,NaN,NaN,NaN
2021-06-28,20.4,18.2,NaN,NaN,NaN,NaN,NaN,NaN,NaN,NaN,NaN,NaN,NaN
2021-06-29,20.4,19.3,NaN,NaN,NaN,NaN,NaN,NaN,NaN,NaN,NaN,NaN,NaN
2021-06-30,20.5,19.3,NaN,NaN,NaN,NaN,NaN,NaN,NaN,NaN,NaN,NaN,NaN
2021-07-01,20.5,19.3,NaN,NaN,NaN,NaN,NaN,NaN,NaN,NaN,NaN,NaN,NaN
2021-07-02,20.6,19.3,NaN,NaN,NaN,21.9,NaN,NaN,NaN,NaN,NaN,NaN,NaN
2021-07-03,20.6,19.3,NaN,NaN,NaN,21.9,NaN,NaN,NaN,NaN,NaN,NaN,NaN
2021-07-04,20.6,19.3,NaN,NaN,NaN,21.9,NaN,NaN,NaN,NaN,NaN,NaN,NaN
2021-07-05,20.6,19.3,NaN,NaN,NaN,21.9,NaN,NaN,NaN,NaN,NaN,NaN,NaN
2021-07-06,20.5,19.3,NaN,NaN,NaN,NaN,NaN,NaN,NaN,NaN,NaN,NaN,NaN
2021-07-07,20.5,19.3,NaN,NaN,NaN,NaN,NaN,NaN,NaN,NaN,NaN,NaN,NaN
2021-07-08,20.5,NaN,NaN,NaN,NaN,NaN,NaN,NaN,NaN,NaN,NaN,NaN,NaN
2021-07-09,20.5,NaN,NaN,NaN,NaN,NaN,NaN,NaN,NaN,NaN,NaN,NaN,NaN
2021-07-10,20.5,NaN,NaN,NaN,NaN,NaN,NaN,NaN,NaN,NaN,NaN,NaN,NaN
2021-07-11,20.4,NaN,NaN,NaN,NaN,NaN,NaN,NaN,NaN,NaN,NaN,NaN,NaN
2021-07-12,20.4,NaN,NaN,NaN,NaN,NaN,NaN,NaN,NaN,NaN,NaN,NaN,NaN
2021-07-13,20.4,NaN,NaN,NaN,NaN,NaN,NaN,NaN,NaN,NaN,NaN,NaN,NaN
2021-07-14,20.4,NaN,NaN,NaN,NaN,NaN,NaN,NaN,NaN,NaN,NaN,NaN,NaN
2021-07-15,20.4,NaN,NaN,NaN,NaN,NaN,NaN,NaN,NaN,NaN,NaN,NaN,NaN
2021-07-16,20.4,NaN,NaN,NaN,NaN,23.9,NaN,NaN,NaN,NaN,NaN,NaN,NaN
2021-07-17,20.4,NaN,NaN,NaN,NaN,23.9,NaN,NaN,NaN,NaN,NaN,NaN,NaN
2021-07-18,20.5,NaN,NaN,NaN,NaN,23.9,NaN,NaN,NaN,NaN,NaN,NaN,NaN
2021-07-19,20.5,NaN,NaN,21.6,NaN,23.9,NaN,19.5,NaN,NaN,NaN,NaN,NaN
2021-07-20,20.2,NaN,NaN,21.6,NaN,NaN,NaN,19.5,NaN,NaN,NaN,NaN,NaN
2021-07-21,20.2,NaN,NaN,21.6,NaN,NaN,NaN,19.5,NaN,NaN,NaN,NaN,NaN
2021-07-22,20.2,NaN,NaN,21.6,NaN,NaN,NaN,19.5,NaN,NaN,NaN,NaN,NaN
2021-07-23,20.2,NaN,NaN,21.6,NaN,NaN,NaN,19.5,NaN,NaN,NaN,NaN,NaN
2021-07-24,20.2,NaN,NaN,21.6,NaN,NaN,NaN,NaN,NaN,NaN,NaN,NaN,NaN
2021-07-25,20.5,NaN,NaN,21.6,NaN,NaN,NaN,NaN,NaN,NaN,NaN,NaN,NaN
2021-07-26,20.5,NaN,NaN,21.6,NaN,NaN,NaN,NaN,NaN,NaN,NaN,NaN,NaN
2021-07-27,20.2,NaN,NaN,NaN,NaN,NaN,NaN,NaN,NaN,NaN,NaN,NaN,NaN
2021-07-28,20.2,NaN,NaN,NaN,NaN,NaN,NaN,NaN,NaN,NaN,NaN,NaN,NaN
2021-07-29,20.2,NaN,NaN,NaN,NaN,NaN,NaN,NaN,NaN,NaN,NaN,NaN,NaN
2021-07-30,20.2,NaN,NaN,NaN,NaN,NaN,NaN,NaN,NaN,NaN,NaN,NaN,NaN
2021-07-31,20.5,NaN,NaN,NaN,NaN,NaN,NaN,NaN,NaN,NaN,NaN,NaN,NaN
2021-08-01,20.5,NaN,NaN,NaN,NaN,NaN,NaN,NaN,NaN,NaN,NaN,NaN,NaN
2021-08-02,20.6,19.9,NaN,19.6,NaN,NaN,NaN,NaN,NaN,NaN,NaN,NaN,NaN
2021-08-03,20.6,19.9,NaN,19.6,NaN,NaN,NaN,NaN,NaN,NaN,NaN,NaN,NaN
2021-08-04,20.3,19.9,NaN,19.6,NaN,NaN,NaN,NaN,NaN,NaN,NaN,NaN,NaN
2021-08-05,20.3,19.9,NaN,19.6,NaN,NaN,NaN,NaN,NaN,NaN,NaN,NaN,NaN
2021-08-06,20.3,NaN,NaN,19.6,NaN,NaN,NaN,NaN,NaN,NaN,NaN,NaN,NaN
2021-08-07,20.3,NaN,NaN,19.6,NaN,NaN,NaN,NaN,NaN,NaN,NaN,NaN,NaN
2021-08-08,20.3,NaN,NaN,19.6,NaN,NaN,NaN,NaN,NaN,NaN,NaN,NaN,NaN
2021-08-09,20.2,NaN,NaN,19.6,NaN,NaN,20.5,NaN,NaN,NaN,NaN,NaN,NaN
2021-08-10,20.2,NaN,20,19.6,NaN,NaN,20.5,NaN,NaN,NaN,NaN,NaN,NaN
2021-08-11,20.2,NaN,20,19.6,NaN,NaN,20.5,NaN,NaN,NaN,NaN,NaN,NaN
2021-08-12,20.2,NaN,20,19.6,NaN,NaN,20.5,NaN,NaN,NaN,NaN,NaN,NaN
2021-08-13,20.3,NaN,20,19.6,NaN,NaN,20.5,NaN,NaN,NaN,NaN,NaN,NaN
2021-08-14,20.3,NaN,20,19.6,NaN,NaN,20.5,NaN,NaN,NaN,NaN,NaN,NaN
2021-08-15,20.3,NaN,20,19.6,NaN,NaN,20.5,NaN,NaN,NaN,NaN,NaN,NaN
2021-08-16,20.3,NaN,20,19.6,NaN,NaN,20.5,NaN,NaN,NaN,NaN,NaN,NaN
2021-08-17,20.2,NaN,20,19.6,NaN,NaN,20.5,NaN,NaN,NaN,NaN,NaN,NaN
2021-08-18,20.2,NaN,20,19.6,NaN,NaN,20.5,NaN,NaN,NaN,NaN,NaN,NaN
2021-08-19,20.2,NaN,20,19.6,NaN,NaN,20.5,NaN,NaN,NaN,NaN,NaN,NaN
2021-08-20,20.1,NaN,20,19.6,NaN,NaN,NaN,NaN,NaN,NaN,NaN,NaN,NaN
2021-08-21,20.1,NaN,20,19.6,NaN,NaN,NaN,NaN,NaN,NaN,NaN,NaN,NaN
2021-08-22,20.2,NaN,20,19.6,NaN,NaN,NaN,NaN,NaN,NaN,NaN,NaN,NaN
2021-08-23,20.2,NaN,20,19.6,NaN,NaN,NaN,NaN,NaN,NaN,NaN,NaN,NaN
2021-08-24,20.2,NaN,NaN,19.6,NaN,NaN,NaN,NaN,NaN,NaN,NaN,NaN,NaN
2021-08-25,20.2,NaN,NaN,19.6,NaN,NaN,NaN,NaN,NaN,NaN,NaN,NaN,NaN
2021-08-26,20.2,NaN,NaN,19.6,NaN,23.3,NaN,NaN,NaN,NaN,NaN,NaN,NaN
2021-08-27,20.2,NaN,NaN,19.6,NaN,23.3,NaN,NaN,NaN,NaN,NaN,NaN,NaN
2021-08-28,20.1,NaN,NaN,19.6,NaN,23.3,NaN,NaN,NaN,NaN,NaN,NaN,NaN
2021-08-29,19.9,NaN,NaN,19.6,NaN,23.3,NaN,NaN,NaN,NaN,NaN,NaN,NaN
2021-08-30,19.9,NaN,NaN,19.4,NaN,NaN,NaN,NaN,NaN,NaN,NaN,NaN,NaN
2021-08-31,19.9,20.7,NaN,19.4,NaN,NaN,NaN,NaN,NaN,NaN,NaN,NaN,NaN
2021-09-01,19.9,20.7,NaN,19.4,NaN,NaN,NaN,NaN,NaN,NaN,NaN,NaN,NaN
2021-09-02,19.9,20.7,NaN,19.4,NaN,NaN,NaN,NaN,NaN,NaN,NaN,NaN,NaN
2021-09-03,19.9,20.7,NaN,19.4,NaN,NaN,NaN,18.5,NaN,NaN,NaN,NaN,NaN
2021-09-04,19.9,20.7,NaN,19.4,NaN,NaN,NaN,18.5,NaN,NaN,NaN,NaN,NaN
2021-09-05,19.9,20.7,NaN,19.4,NaN,NaN,NaN,18.5,NaN,NaN,NaN,NaN,NaN
2021-09-06,19.9,20.7,NaN,19.4,NaN,NaN,19.6,18.5,NaN,NaN,NaN,NaN,NaN
2021-09-07,19.9,20.7,NaN,19.4,NaN,NaN,19.6,18.5,NaN,NaN,NaN,NaN,NaN
2021-09-08,19.9,20.7,NaN,19.4,NaN,NaN,19.6,18.5,NaN,NaN,NaN,NaN,NaN
2021-09-09,19.9,NaN,NaN,19.4,NaN,NaN,19.6,18.5,NaN,NaN,NaN,NaN,NaN
2021-09-10,19.9,NaN,NaN,19.4,NaN,NaN,19.6,18.5,NaN,NaN,NaN,NaN,NaN
2021-09-11,19.9,NaN,NaN,19.4,NaN,NaN,19.6,18.5,NaN,NaN,NaN,NaN,NaN
2021-09-12,19.9,NaN,NaN,19.4,NaN,NaN,19.6,NaN,NaN,NaN,NaN,NaN,NaN
2021-09-13,19.9,NaN,NaN,19.4,NaN,NaN,19.6,NaN,NaN,NaN,NaN,NaN,NaN
2021-09-14,19.9,NaN,21,19.4,NaN,NaN,19.6,NaN,NaN,NaN,NaN,NaN,NaN
2021-09-15,19.8,NaN,21,19.4,NaN,NaN,19.6,NaN,NaN,NaN,NaN,NaN,NaN
2021-09-16,19.8,NaN,21,19.4,NaN,NaN,19.6,NaN,NaN,NaN,NaN,NaN,NaN
2021-09-17,19.8,NaN,21,19.4,NaN,NaN,NaN,NaN,NaN,NaN,NaN,NaN,NaN
2021-09-18,19.8,NaN,21,19.4,NaN,NaN,NaN,NaN,NaN,NaN,NaN,NaN,NaN
2021-09-19,19.8,NaN,21,19.4,NaN,NaN,NaN,NaN,NaN,NaN,NaN,NaN,NaN
2021-09-20,19.8,NaN,21,19.4,NaN,NaN,NaN,NaN,NaN,NaN,NaN,NaN,NaN
2021-09-21,19.8,NaN,21,19.4,NaN,NaN,NaN,NaN,NaN,NaN,NaN,NaN,NaN
2021-09-22,19.8,NaN,21,19.4,NaN,NaN,NaN,NaN,NaN,NaN,NaN,NaN,NaN
2021-09-23,19.8,NaN,21,19.4,NaN,21.7,NaN,NaN,NaN,NaN,NaN,NaN,NaN
2021-09-24,19.8,NaN,21,19.4,NaN,21.7,NaN,NaN,NaN,NaN,NaN,NaN,NaN
2021-09-25,19.8,NaN,21,19.4,NaN,21.7,NaN,NaN,NaN,NaN,NaN,NaN,NaN
2021-09-26,19.8,NaN,21,19.4,NaN,21.7,NaN,NaN,NaN,NaN,NaN,NaN,NaN
2021-09-27,19.8,NaN,NaN,19.4,NaN,21.7,NaN,NaN,NaN,NaN,NaN,NaN,NaN
2021-09-28,19.8,NaN,NaN,19.4,NaN,NaN,NaN,NaN,NaN,NaN,NaN,NaN,NaN
2021-09-29,19.8,20.9,NaN,19.4,NaN,NaN,NaN,NaN,NaN,NaN,NaN,NaN,NaN
2021-09-30,19.8,20.9,NaN,19.4,NaN,NaN,NaN,NaN,NaN,NaN,NaN,NaN,NaN
2021-10-01,19.8,20.9,NaN,19.4,NaN,NaN,NaN,NaN,NaN,NaN,NaN,NaN,NaN
2021-10-02,19.8,20.9,NaN,19.4,NaN,NaN,NaN,NaN,NaN,NaN,NaN,NaN,NaN
2021-10-03,19.8,20.9,NaN,19.4,NaN,NaN,NaN,NaN,NaN,NaN,NaN,NaN,NaN
2021-10-04,19.8,20.9,NaN,19.1,NaN,NaN,19.9,NaN,NaN,NaN,NaN,NaN,NaN
2021-10-05,19.7,20.9,NaN,19.1,NaN,NaN,19.9,NaN,NaN,NaN,NaN,NaN,NaN
2021-10-06,19.7,20.9,NaN,19.1,NaN,NaN,19.9,NaN,NaN,NaN,NaN,NaN,NaN
2021-10-07,19.7,NaN,NaN,19.1,NaN,NaN,19.9,NaN,NaN,NaN,NaN,NaN,NaN
2021-10-08,19.7,NaN,NaN,19.1,NaN,NaN,19.9,NaN,NaN,NaN,NaN,NaN,NaN
2021-10-09,19.7,NaN,NaN,19.1,NaN,NaN,19.9,NaN,NaN,NaN,NaN,NaN,NaN
2021-10-10,19.7,NaN,NaN,19.1,NaN,NaN,19.9,NaN,NaN,NaN,NaN,NaN,NaN
2021-10-11,19.8,NaN,NaN,19.1,NaN,NaN,19.9,NaN,NaN,NaN,NaN,NaN,NaN
2021-10-12,19.8,NaN,20,19.1,NaN,NaN,19.9,NaN,NaN,NaN,NaN,NaN,NaN
2021-10-13,19.8,NaN,20,19.1,NaN,NaN,19.9,NaN,NaN,NaN,NaN,NaN,NaN
2021-10-14,19.8,NaN,20,19.1,NaN,NaN,19.9,NaN,NaN,NaN,NaN,NaN,NaN
2021-10-15,19.8,NaN,20,19.1,NaN,NaN,NaN,19.9,NaN,NaN,NaN,NaN,NaN
2021-10-16,19.8,NaN,20,19.1,NaN,NaN,NaN,19.9,NaN,NaN,NaN,NaN,NaN
2021-10-17,19.8,NaN,20,19.1,NaN,NaN,NaN,19.9,NaN,NaN,NaN,NaN,NaN
2021-10-18,19.8,NaN,20,19.1,NaN,NaN,NaN,NaN,NaN,NaN,NaN,NaN,NaN
2021-10-19,19.8,NaN,20,19.1,NaN,NaN,NaN,NaN,NaN,NaN,NaN,NaN,NaN
2021-10-20,19.8,NaN,20,19.1,NaN,NaN,NaN,NaN,NaN,NaN,NaN,NaN,NaN
2021-10-21,19.8,NaN,20,19.1,NaN,23.9,NaN,NaN,NaN,NaN,NaN,NaN,NaN
2021-10-22,19.7,NaN,20,19.1,NaN,23.9,NaN,NaN,NaN,NaN,NaN,NaN,NaN
2021-10-23,19.7,NaN,20,19.1,NaN,23.9,NaN,NaN,NaN,NaN,NaN,NaN,NaN
2021-10-24,19.7,NaN,20,19.1,NaN,23.9,NaN,NaN,NaN,NaN,NaN,NaN,NaN
2021-10-25,19.7,NaN,20,19.1,NaN,23.9,NaN,NaN,NaN,NaN,NaN,NaN,NaN
2021-10-26,19.7,NaN,NaN,19.1,NaN,NaN,NaN,NaN,NaN,NaN,NaN,NaN,NaN
2021-10-27,19.7,NaN,NaN,19.1,NaN,NaN,NaN,NaN,NaN,NaN,NaN,NaN,NaN
2021-10-28,19.7,NaN,NaN,19.1,18.6,NaN,NaN,NaN,NaN,NaN,NaN,NaN,NaN
2021-10-29,19.7,NaN,NaN,19.1,18.6,NaN,NaN,NaN,NaN,NaN,NaN,NaN,NaN
2021-10-30,19.6,NaN,NaN,19.1,18.6,NaN,NaN,NaN,NaN,NaN,NaN,NaN,NaN
2021-10-31,19.6,NaN,NaN,19.1,18.6,NaN,NaN,NaN,NaN,NaN,NaN,NaN,NaN
2021-11-01,19.6,NaN,NaN,NaN,18.6,NaN,NaN,NaN,NaN,NaN,NaN,NaN,NaN
2021-11-02,19.6,NaN,NaN,NaN,18.6,NaN,NaN,NaN,NaN,NaN,NaN,NaN,NaN
2021-11-03,19.6,NaN,NaN,NaN,18.6,NaN,NaN,NaN,NaN,NaN,NaN,NaN,NaN
2021-11-04,19.6,NaN,NaN,NaN,18.6,NaN,NaN,NaN,NaN,NaN,NaN,NaN,NaN
2021-11-05,19.6,18.7,NaN,NaN,18.6,NaN,NaN,NaN,NaN,NaN,NaN,NaN,NaN
2021-11-06,19.6,18.7,NaN,NaN,18.6,NaN,NaN,NaN,NaN,NaN,NaN,NaN,NaN
2021-11-07,19.6,18.7,NaN,NaN,18.6,NaN,NaN,NaN,NaN,NaN,NaN,NaN,NaN
2021-11-08,19.6,18.7,NaN,19,18.6,NaN,20.3,NaN,NaN,NaN,NaN,NaN,NaN
2021-11-09,19.6,18.7,20,19,18.6,NaN,20.3,NaN,NaN,NaN,NaN,NaN,NaN
2021-11-10,19.6,18.7,20,19,18.6,NaN,20.3,NaN,NaN,NaN,NaN,NaN,NaN
2021-11-11,19.6,18.7,20,19,18.6,NaN,20.3,NaN,NaN,NaN,NaN,NaN,NaN
2021-11-12,19.6,NaN,20,19,18.6,NaN,20.3,NaN,NaN,NaN,NaN,NaN,NaN
2021-11-13,19.6,NaN,20,19,18.6,NaN,20.3,NaN,NaN,NaN,NaN,NaN,NaN
2021-11-14,19.6,NaN,20,19,18.6,NaN,20.3,NaN,NaN,NaN,NaN,NaN,NaN
2021-11-15,19.6,NaN,20,19,18.6,NaN,20.3,NaN,NaN,NaN,NaN,NaN,NaN
2021-11-16,19.6,NaN,20,19,18.6,NaN,20.3,NaN,NaN,NaN,NaN,NaN,NaN
2021-11-17,19.6,NaN,20,19,18.6,NaN,20.3,NaN,NaN,NaN,NaN,NaN,NaN
2021-11-18,19.6,NaN,20,19,18.6,20.6,20.3,NaN,NaN,NaN,NaN,NaN,NaN
2021-11-19,19.6,NaN,20,19,18.6,20.6,NaN,NaN,NaN,NaN,NaN,NaN,NaN
2021-11-20,19.6,NaN,20,19,18.6,20.6,NaN,NaN,NaN,NaN,NaN,NaN,NaN
2021-11-21,19.6,NaN,20,19,18.6,20.6,NaN,NaN,NaN,NaN,NaN,NaN,NaN
2021-11-22,19.6,NaN,20,19,18.6,20.6,NaN,NaN,NaN,NaN,NaN,NaN,NaN
2021-11-23,19.6,NaN,NaN,19,18.6,NaN,NaN,NaN,NaN,NaN,NaN,NaN,NaN
2021-11-24,19.6,NaN,NaN,19,18.6,NaN,NaN,NaN,NaN,NaN,NaN,NaN,NaN
2021-11-25,19.6,NaN,NaN,19,18.6,NaN,NaN,NaN,NaN,NaN,NaN,NaN,NaN
2021-11-26,19.6,NaN,NaN,19,NaN,NaN,NaN,NaN,NaN,NaN,NaN,NaN,NaN
2021-11-27,19.6,NaN,NaN,19,NaN,NaN,NaN,NaN,NaN,NaN,NaN,NaN,NaN
2021-11-28,19.6,NaN,NaN,19,NaN,NaN,NaN,NaN,NaN,NaN,NaN,NaN,NaN
2021-11-29,19.6,NaN,NaN,19,NaN,NaN,NaN,NaN,NaN,NaN,NaN,NaN,NaN
2021-11-30,19.6,18.7,NaN,19,NaN,NaN,NaN,NaN,NaN,NaN,NaN,NaN,NaN
2021-12-01,19.6,18.7,NaN,19,NaN,NaN,NaN,NaN,NaN,NaN,NaN,NaN,NaN
2021-12-02,19.6,18.7,NaN,19,NaN,NaN,NaN,NaN,NaN,NaN,NaN,NaN,NaN
2021-12-03,19.6,18.7,NaN,19,NaN,NaN,NaN,NaN,NaN,NaN,NaN,NaN,NaN
2021-12-04,19.6,18.7,NaN,19,NaN,NaN,NaN,NaN,NaN,NaN,NaN,NaN,NaN
2021-12-05,19.6,18.7,NaN,19,NaN,NaN,NaN,NaN,NaN,NaN,NaN,NaN,NaN
2021-12-06,19.6,18.7,NaN,20.1,NaN,NaN,19.7,NaN,NaN,NaN,NaN,NaN,NaN
2021-12-07,19.6,18.7,20,20.1,NaN,NaN,19.7,NaN,NaN,NaN,NaN,NaN,NaN
2021-12-08,19.6,18.7,20,20.1,NaN,NaN,19.7,NaN,NaN,NaN,NaN,NaN,NaN
2021-12-09,19.6,NaN,20,20.1,NaN,NaN,19.7,NaN,NaN,NaN,NaN,NaN,NaN
2021-12-10,19.6,NaN,20,20.1,NaN,NaN,19.7,NaN,NaN,NaN,NaN,NaN,NaN
2021-12-11,19.6,NaN,20,20.1,NaN,NaN,19.7,NaN,NaN,NaN,NaN,NaN,NaN
2021-12-12,19.6,NaN,20,20.1,NaN,NaN,19.7,NaN,NaN,NaN,NaN,NaN,NaN
2021-12-13,19.6,NaN,20,20.1,NaN,NaN,19.7,NaN,NaN,NaN,NaN,NaN,NaN
2021-12-14,19.5,NaN,20,20.1,NaN,NaN,19.7,NaN,NaN,NaN,NaN,NaN,NaN
2021-12-15,19.5,NaN,20,20.1,NaN,NaN,19.7,NaN,NaN,NaN,NaN,NaN,NaN
2021-12-16,19.5,NaN,20,20.1,NaN,NaN,19.7,NaN,NaN,NaN,NaN,NaN,NaN
2021-12-17,19.5,NaN,20,20.1,NaN,20,NaN,NaN,NaN,NaN,NaN,NaN,NaN
2021-12-18,19.4,NaN,20,20.1,NaN,20,NaN,NaN,NaN,NaN,NaN,NaN,NaN
2021-12-19,19.4,NaN,20,20.1,NaN,20,NaN,NaN,NaN,NaN,NaN,NaN,NaN
2021-12-20,19.4,NaN,20,20.1,NaN,20,NaN,NaN,NaN,NaN,NaN,NaN,NaN
2021-12-21,19.4,NaN,NaN,20.1,NaN,NaN,NaN,NaN,NaN,NaN,NaN,NaN,NaN
2021-12-22,19.4,NaN,NaN,20.1,NaN,NaN,NaN,NaN,NaN,NaN,NaN,NaN,NaN
2021-12-23,19.4,NaN,NaN,20.1,NaN,NaN,NaN,NaN,NaN,NaN,NaN,NaN,NaN
2021-12-24,19.4,NaN,NaN,20.1,NaN,NaN,NaN,NaN,NaN,NaN,NaN,NaN,NaN
2021-12-25,19.4,NaN,NaN,20.1,NaN,NaN,NaN,NaN,NaN,NaN,NaN,NaN,NaN
2021-12-26,19.4,NaN,NaN,20.1,NaN,NaN,NaN,NaN,NaN,NaN,NaN,NaN,NaN
2021-12-27,19.4,NaN,NaN,20.1,NaN,NaN,NaN,NaN,NaN,NaN,NaN,NaN,NaN
2021-12-28,19.4,17.8,NaN,20.1,NaN,NaN,NaN,NaN,NaN,NaN,NaN,NaN,NaN
2021-12-29,19.4,17.8,NaN,20.1,NaN,NaN,NaN,NaN,NaN,NaN,NaN,NaN,NaN
2021-12-30,19.4,17.8,NaN,20.1,NaN,NaN,NaN,NaN,NaN,NaN,NaN,NaN,NaN
2021-12-31,19.4,17.8,NaN,20.1,NaN,NaN,NaN,NaN,NaN,NaN,NaN,NaN,NaN
2022-01-01,19.4,17.8,NaN,20.1,NaN,NaN,NaN,NaN,NaN,NaN,NaN,NaN,NaN
2022-01-02,19.4,17.8,NaN,20.1,NaN,NaN,NaN,NaN,NaN,NaN,NaN,NaN,NaN
2022-01-03,19.4,17.8,NaN,19.8,NaN,NaN,NaN,NaN,NaN,NaN,NaN,NaN,NaN
2022-01-04,19.4,17.8,NaN,19.8,NaN,NaN,NaN,NaN,NaN,NaN,NaN,NaN,NaN
2022-01-05,19.4,17.8,NaN,19.8,NaN,NaN,NaN,NaN,NaN,NaN,NaN,NaN,NaN
2022-01-06,19.4,NaN,NaN,19.8,NaN,NaN,NaN,NaN,NaN,NaN,NaN,NaN,NaN
2022-01-07,19.4,NaN,NaN,19.8,NaN,NaN,NaN,NaN,NaN,NaN,NaN,NaN,NaN
2022-01-08,19.4,NaN,NaN,19.8,NaN,NaN,NaN,NaN,NaN,NaN,NaN,NaN,NaN
2022-01-09,19.4,NaN,NaN,19.8,NaN,NaN,NaN,NaN,NaN,NaN,NaN,NaN,NaN
2022-01-10,19.4,NaN,NaN,19.8,NaN,NaN,NaN,NaN,NaN,NaN,NaN,NaN,NaN
2022-01-11,19.4,NaN,18,19.8,NaN,NaN,19.2,NaN,NaN,NaN,NaN,NaN,NaN
2022-01-12,19.4,NaN,18,19.8,NaN,NaN,19.2,NaN,NaN,NaN,NaN,NaN,NaN
2022-01-13,19.4,NaN,18,19.8,NaN,NaN,19.2,NaN,NaN,NaN,NaN,NaN,NaN
2022-01-14,19.4,NaN,18,19.8,NaN,NaN,19.2,NaN,NaN,NaN,NaN,NaN,NaN
2022-01-15,19.4,NaN,18,19.8,NaN,NaN,19.2,NaN,NaN,NaN,NaN,NaN,NaN
2022-01-16,19.4,NaN,18,19.8,NaN,NaN,19.2,NaN,NaN,NaN,NaN,NaN,NaN
2022-01-17,19.4,NaN,18,19.8,NaN,NaN,19.2,NaN,NaN,NaN,NaN,NaN,NaN
2022-01-18,19.4,NaN,18,19.8,NaN,NaN,19.2,NaN,NaN,NaN,NaN,NaN,NaN
2022-01-19,19.4,NaN,18,19.8,NaN,NaN,19.2,NaN,NaN,NaN,NaN,NaN,NaN
2022-01-20,19.4,NaN,18,19.8,NaN,NaN,19.2,NaN,NaN,NaN,NaN,NaN,NaN
2022-01-21,19.4,NaN,18,19.8,NaN,NaN,NaN,NaN,NaN,NaN,NaN,NaN,NaN
2022-01-22,19.3,NaN,18,19.8,NaN,NaN,NaN,NaN,NaN,NaN,NaN,NaN,NaN
2022-01-23,19.3,NaN,18,19.8,NaN,NaN,NaN,NaN,NaN,NaN,NaN,NaN,NaN
2022-01-24,19.3,NaN,18,19.8,NaN,NaN,NaN,NaN,NaN,NaN,NaN,NaN,NaN
2022-01-25,19.3,NaN,NaN,19.8,NaN,NaN,NaN,NaN,NaN,NaN,NaN,NaN,NaN
2022-01-26,19.3,NaN,NaN,19.8,NaN,NaN,NaN,NaN,NaN,NaN,NaN,NaN,NaN
2022-01-27,19.3,NaN,NaN,19.8,NaN,NaN,NaN,NaN,NaN,NaN,NaN,NaN,NaN
2022-01-28,19.3,NaN,NaN,19.8,NaN,20.2,NaN,NaN,NaN,NaN,NaN,NaN,NaN
2022-01-29,19.3,NaN,NaN,19.8,NaN,20.2,NaN,NaN,NaN,NaN,NaN,NaN,NaN
2022-01-30,19.3,NaN,NaN,19.8,NaN,20.2,NaN,NaN,NaN,NaN,NaN,NaN,NaN
2022-01-31,19.3,NaN,NaN,19.4,NaN,NaN,NaN,NaN,NaN,NaN,NaN,NaN,NaN
2022-02-01,19.3,19.2,NaN,19.4,NaN,NaN,NaN,NaN,NaN,NaN,NaN,NaN,NaN
2022-02-02,19.3,19.2,NaN,19.4,NaN,NaN,NaN,NaN,NaN,NaN,NaN,NaN,NaN
2022-02-03,19.3,19.2,NaN,19.4,NaN,NaN,NaN,NaN,NaN,NaN,NaN,NaN,NaN
2022-02-04,19.3,19.2,NaN,19.4,NaN,NaN,NaN,NaN,NaN,NaN,NaN,NaN,NaN
2022-02-05,19.3,19.2,NaN,19.4,NaN,NaN,NaN,NaN,NaN,NaN,NaN,NaN,NaN
2022-02-06,19.2,19.2,NaN,19.4,NaN,NaN,NaN,NaN,NaN,NaN,NaN,NaN,NaN
2022-02-07,19.2,19.2,NaN,19.4,NaN,NaN,19.3,NaN,NaN,NaN,NaN,NaN,NaN
2022-02-08,19.2,19.2,20,19.4,NaN,NaN,19.3,NaN,NaN,NaN,NaN,NaN,NaN
2022-02-09,19.2,NaN,20,19.4,NaN,NaN,19.3,NaN,NaN,NaN,NaN,NaN,NaN
2022-02-10,19.2,NaN,20,19.4,NaN,NaN,19.3,NaN,NaN,NaN,NaN,NaN,NaN
2022-02-11,19.2,NaN,20,19.4,NaN,NaN,19.3,19,NaN,NaN,NaN,NaN,NaN
2022-02-12,19.2,NaN,20,19.4,NaN,NaN,19.3,19,NaN,NaN,NaN,NaN,NaN
2022-02-13,19.2,NaN,20,19.4,NaN,NaN,19.3,19,NaN,NaN,NaN,NaN,NaN
2022-02-14,19.2,NaN,20,19.4,NaN,NaN,19.3,19,NaN,NaN,NaN,NaN,NaN
2022-02-15,19.2,NaN,20,19.4,NaN,NaN,19.3,NaN,NaN,NaN,NaN,NaN,NaN
2022-02-16,19.2,NaN,20,19.4,NaN,NaN,19.3,NaN,NaN,NaN,NaN,NaN,NaN
2022-02-17,19.2,NaN,20,19.4,NaN,NaN,19.3,NaN,NaN,NaN,NaN,NaN,NaN
2022-02-18,19.2,NaN,20,19.4,NaN,NaN,NaN,NaN,NaN,NaN,NaN,NaN,NaN
2022-02-19,19.2,NaN,20,19.4,NaN,NaN,NaN,NaN,NaN,NaN,NaN,NaN,NaN
2022-02-20,19.2,NaN,20,19.4,NaN,NaN,NaN,NaN,NaN,NaN,NaN,NaN,NaN
2022-02-21,19.2,NaN,NaN,19.4,NaN,NaN,NaN,NaN,NaN,NaN,NaN,NaN,NaN
2022-02-22,19.2,NaN,NaN,19.4,NaN,NaN,NaN,NaN,NaN,NaN,NaN,NaN,NaN
2022-02-23,19.1,NaN,NaN,19.4,NaN,NaN,NaN,NaN,NaN,NaN,NaN,NaN,NaN
2022-02-24,19.1,NaN,NaN,19.4,NaN,19.4,NaN,NaN,NaN,NaN,NaN,NaN,NaN
2022-02-25,19.1,NaN,NaN,19.4,NaN,19.4,NaN,NaN,NaN,NaN,NaN,NaN,NaN
2022-02-26,19.1,NaN,NaN,19.4,NaN,19.4,NaN,NaN,NaN,NaN,NaN,NaN,NaN
2022-02-27,19.1,NaN,NaN,19.4,NaN,19.4,NaN,NaN,NaN,NaN,NaN,NaN,NaN
2022-02-28,19,NaN,NaN,NaN,NaN,19.4,NaN,NaN,NaN,NaN,NaN,NaN,NaN
2022-03-01,19,17.5,NaN,NaN,NaN,19.4,NaN,NaN,NaN,NaN,NaN,NaN,NaN
2022-03-02,19,17.5,NaN,NaN,NaN,19.4,NaN,NaN,NaN,NaN,NaN,NaN,NaN
2022-03-03,19,17.5,NaN,NaN,NaN,NaN,NaN,NaN,NaN,NaN,NaN,NaN,NaN
2022-03-04,19,17.5,NaN,NaN,NaN,NaN,NaN,NaN,NaN,NaN,NaN,NaN,NaN
2022-03-05,18.9,17.5,NaN,NaN,NaN,NaN,NaN,NaN,NaN,NaN,NaN,NaN,NaN
2022-03-06,18.9,17.5,NaN,NaN,NaN,NaN,NaN,NaN,NaN,NaN,NaN,NaN,NaN
2022-03-07,18.9,17.5,NaN,18.7,NaN,NaN,18.6,NaN,NaN,NaN,NaN,NaN,NaN
2022-03-08,18.8,17.5,NaN,18.7,NaN,NaN,18.6,NaN,NaN,NaN,NaN,NaN,NaN
2022-03-09,18.8,17.5,NaN,18.7,NaN,NaN,18.6,NaN,NaN,NaN,NaN,NaN,NaN
2022-03-10,18.7,NaN,NaN,18.7,NaN,NaN,18.6,NaN,NaN,NaN,NaN,NaN,NaN
2022-03-11,18.7,NaN,NaN,18.7,NaN,NaN,18.6,NaN,NaN,NaN,NaN,NaN,NaN
2022-03-12,18.7,NaN,NaN,18.7,NaN,NaN,18.6,NaN,NaN,NaN,NaN,NaN,NaN
2022-03-13,18.6,NaN,NaN,18.7,NaN,NaN,18.6,NaN,NaN,NaN,NaN,NaN,NaN
2022-03-14,18.6,NaN,NaN,18.7,NaN,NaN,18.6,NaN,NaN,NaN,NaN,NaN,NaN
2022-03-15,18.6,NaN,19,18.7,NaN,NaN,18.6,NaN,NaN,NaN,NaN,NaN,NaN
2022-03-16,18.5,NaN,19,18.7,NaN,NaN,18.6,NaN,NaN,NaN,NaN,NaN,NaN
2022-03-17,18.5,NaN,19,18.7,NaN,NaN,18.6,NaN,NaN,NaN,NaN,NaN,NaN
2022-03-18,18.5,NaN,19,18.7,NaN,NaN,NaN,NaN,NaN,NaN,NaN,NaN,NaN
2022-03-19,18.5,NaN,19,18.7,NaN,NaN,NaN,NaN,NaN,NaN,NaN,NaN,NaN
2022-03-20,18.4,NaN,19,18.7,NaN,NaN,NaN,NaN,NaN,NaN,NaN,NaN,NaN
2022-03-21,18.4,NaN,19,18.7,NaN,NaN,NaN,NaN,NaN,NaN,NaN,NaN,NaN
2022-03-22,18.5,NaN,19,18.7,NaN,NaN,NaN,NaN,NaN,NaN,NaN,NaN,NaN
2022-03-23,18.4,NaN,19,18.7,NaN,NaN,NaN,NaN,NaN,NaN,NaN,NaN,NaN
2022-03-24,18.3,NaN,19,18.7,NaN,20.8,NaN,NaN,NaN,NaN,NaN,NaN,NaN
2022-03-25,18.3,NaN,19,18.7,NaN,20.8,NaN,NaN,NaN,NaN,NaN,NaN,NaN
2022-03-26,18.3,NaN,19,18.7,NaN,20.8,NaN,NaN,NaN,NaN,NaN,NaN,NaN
2022-03-27,18.3,NaN,19,18.7,NaN,20.8,NaN,NaN,NaN,NaN,NaN,NaN,NaN
2022-03-28,18.3,NaN,NaN,18.7,NaN,20.8,NaN,NaN,NaN,NaN,NaN,NaN,NaN
2022-03-29,18.3,17,NaN,18.7,NaN,20.8,NaN,NaN,NaN,NaN,NaN,NaN,NaN
2022-03-30,18.2,17,NaN,18.7,NaN,NaN,NaN,NaN,NaN,NaN,NaN,NaN,NaN
2022-03-31,18.2,17,NaN,18.7,NaN,NaN,NaN,NaN,NaN,NaN,NaN,NaN,NaN
2022-04-01,18.2,17,NaN,18.7,NaN,NaN,NaN,NaN,NaN,NaN,NaN,NaN,NaN
2022-04-02,18.2,17,NaN,18.7,NaN,NaN,NaN,NaN,NaN,NaN,NaN,NaN,NaN
2022-04-03,18.2,17,NaN,18.7,NaN,NaN,NaN,NaN,NaN,NaN,NaN,NaN,NaN
2022-04-04,18.2,17,NaN,17.9,NaN,NaN,NaN,NaN,NaN,NaN,NaN,NaN,NaN
2022-04-05,18.2,17,NaN,17.9,NaN,NaN,NaN,NaN,NaN,NaN,NaN,NaN,NaN
2022-04-06,18.2,NaN,NaN,17.9,NaN,NaN,NaN,15.6,NaN,NaN,NaN,NaN,NaN
2022-04-07,18.2,NaN,NaN,17.9,NaN,NaN,NaN,15.6,NaN,NaN,NaN,NaN,NaN
2022-04-08,18.2,NaN,NaN,17.9,NaN,NaN,NaN,15.6,NaN,NaN,NaN,NaN,NaN
2022-04-09,18.2,NaN,NaN,17.9,NaN,NaN,NaN,15.6,NaN,NaN,NaN,NaN,NaN
2022-04-10,18.2,NaN,NaN,17.9,NaN,NaN,NaN,15.6,NaN,NaN,NaN,NaN,NaN
2022-04-11,18.1,NaN,NaN,17.9,NaN,NaN,18.2,15.6,NaN,NaN,NaN,NaN,NaN
2022-04-12,18.1,NaN,18,17.9,NaN,NaN,18.2,15.6,NaN,NaN,NaN,NaN,NaN
2022-04-13,18.1,NaN,18,17.9,NaN,NaN,18.2,15.6,NaN,NaN,NaN,NaN,NaN
2022-04-14,18.1,NaN,18,17.9,NaN,NaN,18.2,15.6,NaN,NaN,NaN,NaN,NaN
2022-04-15,18.1,NaN,18,17.9,NaN,NaN,18.2,NaN,NaN,NaN,NaN,NaN,NaN
2022-04-16,18,NaN,18,17.9,NaN,NaN,18.2,NaN,NaN,NaN,NaN,NaN,NaN
2022-04-17,18,NaN,18,17.9,NaN,NaN,18.2,NaN,NaN,NaN,NaN,NaN,NaN
2022-04-18,18,NaN,18,17.9,NaN,NaN,18.2,NaN,NaN,NaN,NaN,NaN,NaN
2022-04-19,18,NaN,18,17.9,NaN,NaN,18.2,NaN,NaN,NaN,NaN,NaN,NaN
2022-04-20,18,NaN,18,17.9,NaN,NaN,18.2,NaN,NaN,NaN,NaN,NaN,NaN
2022-04-21,18,NaN,18,17.9,NaN,21.1,18.2,NaN,NaN,NaN,NaN,NaN,NaN
2022-04-22,17.9,NaN,18,17.9,NaN,21.1,NaN,NaN,NaN,NaN,NaN,NaN,NaN
2022-04-23,17.9,NaN,18,17.9,NaN,21.1,NaN,NaN,NaN,NaN,NaN,NaN,NaN
2022-04-24,17.9,NaN,18,17.9,NaN,21.1,NaN,NaN,NaN,NaN,NaN,NaN,NaN
2022-04-25,17.9,NaN,18,17.9,NaN,21.1,NaN,NaN,NaN,NaN,NaN,NaN,NaN
2022-04-26,17.9,16.9,18,17.9,NaN,NaN,NaN,NaN,NaN,NaN,NaN,NaN,NaN
2022-04-27,17.9,16.9,NaN,17.9,NaN,NaN,NaN,NaN,NaN,NaN,NaN,NaN,NaN
2022-04-28,17.8,16.9,NaN,17.9,17,NaN,NaN,NaN,NaN,NaN,NaN,NaN,NaN
2022-04-29,17.8,16.9,NaN,17.9,17,NaN,NaN,NaN,NaN,NaN,NaN,NaN,NaN
2022-04-30,17.8,16.9,NaN,17.9,17,NaN,NaN,NaN,NaN,NaN,NaN,NaN,NaN
2022-05-01,17.8,16.9,NaN,17.9,17,NaN,NaN,NaN,NaN,NaN,NaN,NaN,NaN
2022-05-02,17.8,16.9,NaN,NaN,17,NaN,18.1,NaN,NaN,NaN,NaN,NaN,NaN
2022-05-03,17.8,16.9,NaN,NaN,17,NaN,18.1,NaN,NaN,NaN,NaN,NaN,NaN
2022-05-04,17.8,16.9,NaN,NaN,17,NaN,18.1,NaN,NaN,NaN,NaN,NaN,NaN
2022-05-05,17.8,NaN,NaN,NaN,17,NaN,18.1,NaN,NaN,NaN,NaN,NaN,NaN
2022-05-06,17.8,NaN,NaN,NaN,17,NaN,18.1,NaN,NaN,NaN,NaN,NaN,NaN
2022-05-07,17.8,NaN,NaN,NaN,17,NaN,18.1,NaN,NaN,NaN,NaN,NaN,NaN
2022-05-08,17.8,NaN,NaN,NaN,17,NaN,18.1,NaN,NaN,NaN,NaN,NaN,NaN
2022-05-09,17.8,NaN,NaN,18,17,NaN,18.1,NaN,NaN,NaN,NaN,NaN,NaN
2022-05-10,17.8,NaN,18,18,17,NaN,18.1,NaN,NaN,NaN,NaN,NaN,NaN
2022-05-11,17.8,NaN,18,18,17,NaN,18.1,NaN,NaN,NaN,NaN,NaN,NaN
2022-05-12,17.8,NaN,18,18,17,NaN,18.1,NaN,NaN,NaN,NaN,NaN,NaN
2022-05-13,17.8,NaN,18,18,17,NaN,NaN,NaN,NaN,NaN,NaN,NaN,NaN
2022-05-14,17.8,NaN,18,18,17,NaN,NaN,NaN,NaN,NaN,NaN,NaN,NaN
2022-05-15,17.8,NaN,18,18,17,NaN,NaN,NaN,NaN,NaN,NaN,NaN,NaN
2022-05-16,17.8,NaN,18,18,17,NaN,NaN,NaN,NaN,NaN,NaN,NaN,NaN
2022-05-17,17.8,NaN,18,18,17,NaN,NaN,NaN,NaN,NaN,NaN,NaN,NaN
2022-05-18,17.8,NaN,18,18,17,NaN,NaN,NaN,NaN,NaN,NaN,NaN,NaN
2022-05-19,17.8,NaN,18,18,17,19.4,NaN,NaN,NaN,NaN,NaN,NaN,NaN
2022-05-20,17.8,NaN,18,18,17,19.4,NaN,NaN,NaN,NaN,NaN,NaN,NaN
2022-05-21,17.8,NaN,18,18,17,19.4,NaN,NaN,NaN,NaN,NaN,NaN,NaN
2022-05-22,17.8,NaN,18,18,17,19.4,NaN,NaN,NaN,NaN,NaN,NaN,NaN
2022-05-23,17.8,NaN,NaN,18,17,19.4,NaN,NaN,NaN,NaN,NaN,NaN,NaN
2022-05-24,17.8,NaN,NaN,18,17,NaN,NaN,NaN,NaN,NaN,NaN,NaN,NaN
2022-05-25,17.8,NaN,NaN,18,17,NaN,NaN,NaN,NaN,NaN,NaN,NaN,NaN
2022-05-26,17.8,NaN,NaN,18,NaN,NaN,NaN,NaN,NaN,NaN,NaN,NaN,NaN
2022-05-27,17.8,NaN,NaN,18,NaN,NaN,NaN,NaN,NaN,NaN,NaN,NaN,NaN
2022-05-28,17.8,NaN,NaN,18,NaN,NaN,NaN,NaN,NaN,NaN,NaN,NaN,NaN
2022-05-29,17.8,NaN,NaN,18,NaN,NaN,NaN,NaN,NaN,NaN,NaN,NaN,NaN
2022-05-30,17.8,NaN,NaN,18,NaN,NaN,NaN,NaN,NaN,NaN,NaN,NaN,NaN
2022-05-31,17.7,16.9,NaN,18,NaN,NaN,NaN,NaN,NaN,NaN,NaN,NaN,NaN
2022-06-01,17.7,16.9,NaN,18,NaN,NaN,NaN,NaN,NaN,NaN,NaN,NaN,NaN
2022-06-02,17.7,16.9,NaN,18,NaN,NaN,NaN,NaN,NaN,NaN,NaN,NaN,NaN
2022-06-03,17.7,16.9,NaN,18,NaN,NaN,NaN,NaN,NaN,NaN,NaN,NaN,NaN
2022-06-04,17.7,16.9,NaN,18,NaN,NaN,NaN,NaN,NaN,NaN,NaN,NaN,NaN
2022-06-05,17.7,16.9,NaN,18,NaN,NaN,NaN,NaN,NaN,NaN,NaN,NaN,NaN
2022-06-06,17.7,16.9,NaN,17.4,NaN,NaN,17.4,NaN,NaN,NaN,NaN,NaN,NaN
2022-06-07,17.7,16.9,19.3,17.4,NaN,NaN,17.4,NaN,NaN,NaN,NaN,NaN,NaN
2022-06-08,17.7,16.9,19.3,17.4,NaN,NaN,17.4,NaN,NaN,NaN,NaN,NaN,NaN
2022-06-09,17.7,16.9,19.3,17.4,NaN,NaN,17.4,NaN,NaN,NaN,NaN,NaN,NaN
2022-06-10,17.6,NaN,19.3,17.4,NaN,NaN,17.4,NaN,NaN,NaN,NaN,NaN,NaN
2022-06-11,17.6,NaN,19.3,17.4,NaN,NaN,17.4,NaN,NaN,NaN,NaN,NaN,NaN
2022-06-12,17.6,NaN,19.3,17.4,NaN,NaN,17.4,NaN,NaN,NaN,NaN,NaN,NaN
2022-06-13,17.6,NaN,19.3,17.4,NaN,NaN,17.4,NaN,NaN,NaN,NaN,NaN,NaN
2022-06-14,17.6,NaN,19.3,17.4,NaN,NaN,17.4,NaN,NaN,NaN,NaN,NaN,NaN
2022-06-15,17.6,NaN,19.3,17.4,NaN,NaN,17.4,NaN,NaN,NaN,NaN,NaN,NaN
2022-06-16,17.6,NaN,19.3,17.4,NaN,21.1,17.4,NaN,NaN,NaN,NaN,NaN,NaN
2022-06-17,17.6,NaN,19.3,17.4,NaN,21.1,NaN,NaN,NaN,NaN,NaN,NaN,NaN
2022-06-18,17.6,NaN,19.3,17.4,NaN,21.1,NaN,NaN,NaN,NaN,NaN,NaN,NaN
2022-06-19,17.6,NaN,19.3,17.4,NaN,21.1,NaN,NaN,NaN,NaN,NaN,NaN,NaN
2022-06-20,17.6,NaN,NaN,17.4,NaN,21.1,NaN,NaN,NaN,NaN,NaN,NaN,NaN
2022-06-21,17.6,NaN,NaN,17.4,NaN,21.1,NaN,NaN,NaN,NaN,NaN,NaN,NaN
2022-06-22,17.8,16.3,NaN,17.4,NaN,NaN,NaN,NaN,NaN,NaN,NaN,NaN,NaN
2022-06-23,17.8,16.3,NaN,17.4,NaN,NaN,NaN,NaN,NaN,NaN,NaN,NaN,NaN
2022-06-24,17.8,16.3,NaN,17.4,NaN,NaN,NaN,NaN,NaN,NaN,NaN,NaN,NaN
2022-06-25,17.9,16.3,NaN,17.4,NaN,NaN,NaN,NaN,NaN,NaN,NaN,NaN,NaN
2022-06-26,17.8,16.3,NaN,17.4,NaN,NaN,NaN,NaN,NaN,NaN,NaN,NaN,NaN
2022-06-27,17.8,16.3,NaN,NaN,NaN,NaN,NaN,NaN,NaN,NaN,NaN,NaN,NaN
2022-06-28,17.8,16.3,NaN,NaN,NaN,NaN,NaN,NaN,NaN,NaN,NaN,NaN,NaN
2022-06-29,17.8,16.3,NaN,NaN,NaN,NaN,NaN,NaN,NaN,NaN,NaN,NaN,NaN
2022-06-30,17.8,16.3,NaN,NaN,NaN,NaN,NaN,NaN,NaN,NaN,NaN,NaN,NaN
2022-07-01,17.8,NaN,NaN,NaN,NaN,NaN,NaN,NaN,NaN,NaN,NaN,NaN,NaN
2022-07-02,17.8,NaN,NaN,NaN,NaN,NaN,NaN,NaN,NaN,NaN,NaN,NaN,NaN
2022-07-03,17.9,NaN,NaN,NaN,NaN,NaN,NaN,NaN,NaN,NaN,NaN,NaN,NaN
2022-07-04,17.9,NaN,NaN,NaN,NaN,NaN,NaN,NaN,NaN,NaN,NaN,NaN,NaN
2022-07-05,17.9,NaN,NaN,NaN,NaN,NaN,NaN,NaN,NaN,NaN,NaN,NaN,NaN
2022-07-06,17.9,NaN,NaN,NaN,NaN,NaN,NaN,NaN,NaN,NaN,NaN,NaN,NaN
2022-07-07,18,NaN,NaN,NaN,NaN,NaN,NaN,NaN,NaN,NaN,NaN,NaN,NaN
2022-07-08,18,NaN,NaN,NaN,NaN,NaN,NaN,16.6,NaN,NaN,NaN,NaN,NaN
2022-07-09,18.1,NaN,NaN,NaN,NaN,NaN,NaN,16.6,NaN,NaN,NaN,NaN,NaN
2022-07-10,18.2,NaN,NaN,NaN,NaN,NaN,NaN,16.6,NaN,NaN,NaN,NaN,NaN
2022-07-11,18.2,NaN,NaN,NaN,NaN,NaN,NaN,16.6,NaN,NaN,NaN,NaN,NaN
2022-07-12,18.3,NaN,NaN,NaN,NaN,NaN,NaN,NaN,NaN,NaN,NaN,NaN,NaN
2022-07-13,18.3,NaN,NaN,NaN,NaN,NaN,NaN,NaN,NaN,NaN,NaN,NaN,NaN
2022-07-14,17.8,NaN,NaN,NaN,NaN,NaN,NaN,NaN,NaN,NaN,NaN,NaN,NaN
2022-07-15,17.8,NaN,NaN,NaN,NaN,NaN,NaN,NaN,NaN,NaN,NaN,NaN,NaN
2022-07-16,17.8,NaN,NaN,NaN,NaN,NaN,NaN,NaN,NaN,NaN,NaN,NaN,NaN
2022-07-17,17.8,NaN,NaN,NaN,NaN,NaN,NaN,NaN,NaN,NaN,NaN,NaN,NaN
2022-07-18,17.7,NaN,NaN,NaN,NaN,NaN,NaN,NaN,NaN,NaN,NaN,NaN,NaN
2022-07-19,17.7,NaN,NaN,NaN,NaN,NaN,NaN,NaN,NaN,NaN,NaN,NaN,NaN
2022-07-20,17.7,NaN,NaN,NaN,NaN,NaN,NaN,NaN,NaN,NaN,NaN,NaN,NaN
2022-07-21,17.7,NaN,NaN,NaN,NaN,NaN,NaN,NaN,NaN,NaN,NaN,NaN,NaN
2022-07-22,17.7,NaN,NaN,NaN,NaN,NaN,NaN,NaN,NaN,NaN,NaN,NaN,NaN
2022-07-23,17.8,NaN,NaN,NaN,NaN,NaN,NaN,NaN,NaN,NaN,NaN,NaN,NaN
2022-07-24,17.8,17.7,NaN,NaN,NaN,NaN,NaN,NaN,NaN,NaN,NaN,NaN,NaN
2022-07-25,17.8,17.7,NaN,NaN,NaN,NaN,NaN,NaN,NaN,NaN,NaN,NaN,NaN
2022-07-26,17.7,17.7,NaN,NaN,NaN,NaN,NaN,NaN,NaN,NaN,NaN,NaN,NaN
2022-07-27,17.7,17.7,NaN,NaN,NaN,NaN,NaN,NaN,NaN,NaN,NaN,NaN,NaN
2022-07-28,17.7,17.7,NaN,NaN,NaN,NaN,NaN,NaN,NaN,NaN,NaN,NaN,NaN
2022-07-29,17.7,17.7,NaN,NaN,NaN,NaN,NaN,NaN,NaN,NaN,NaN,NaN,NaN
2022-07-30,17.7,17.7,NaN,NaN,NaN,NaN,NaN,NaN,NaN,NaN,NaN,NaN,NaN
2022-07-31,17.8,17.7,NaN,NaN,NaN,NaN,NaN,NaN,NaN,NaN,NaN,NaN,NaN
2022-08-01,17.9,17.7,NaN,18.6,NaN,NaN,NaN,NaN,NaN,NaN,NaN,NaN,NaN
2022-08-02,18,17.7,NaN,18.6,NaN,NaN,NaN,NaN,NaN,NaN,NaN,NaN,NaN
2022-08-03,18.1,NaN,NaN,18.6,NaN,NaN,NaN,NaN,NaN,NaN,NaN,NaN,NaN
2022-08-04,18.2,NaN,NaN,18.6,NaN,NaN,NaN,NaN,NaN,NaN,NaN,NaN,NaN
2022-08-05,18.3,NaN,NaN,18.6,NaN,NaN,NaN,NaN,NaN,NaN,NaN,NaN,NaN
2022-08-06,18.4,18.4,NaN,18.6,NaN,NaN,NaN,NaN,NaN,NaN,NaN,NaN,NaN
2022-08-07,18.5,18.4,NaN,18.6,NaN,NaN,NaN,NaN,NaN,NaN,NaN,NaN,NaN
2022-08-08,18.5,18.4,NaN,18.8,NaN,NaN,NaN,NaN,NaN,NaN,NaN,NaN,NaN
2022-08-09,18.5,18.4,NaN,18.8,NaN,NaN,16.5,NaN,NaN,NaN,NaN,NaN,NaN
2022-08-10,18.6,18.4,NaN,18.8,NaN,NaN,16.5,NaN,NaN,NaN,NaN,NaN,NaN
2022-08-11,18.7,18.4,NaN,18.8,NaN,18.7,16.5,NaN,NaN,NaN,NaN,NaN,NaN
2022-08-12,18.7,18.4,NaN,18.8,NaN,18.7,17.3,NaN,NaN,NaN,NaN,NaN,NaN
2022-08-13,19,18.4,NaN,18.8,NaN,18.7,17.4,NaN,NaN,NaN,NaN,NaN,NaN
2022-08-14,19,18.4,NaN,18.8,NaN,18.7,16.9,NaN,NaN,NaN,NaN,NaN,NaN
2022-08-15,19.1,18.4,NaN,NaN,NaN,18.7,17.6,18,NaN,NaN,NaN,NaN,NaN
2022-08-16,19.1,18.4,20.7,NaN,NaN,18.7,17.5,18,NaN,NaN,NaN,NaN,NaN
2022-08-17,19.2,18.7,20.7,NaN,NaN,18.7,17.1,18,NaN,NaN,NaN,NaN,NaN
2022-08-18,19.2,18.7,20.7,NaN,NaN,NaN,16.1,18,NaN,NaN,NaN,NaN,NaN
2022-08-19,19.3,18.7,20.7,21.5,NaN,NaN,16.9,18.1,NaN,NaN,NaN,NaN,NaN
2022-08-20,19.3,18.7,20.7,21.5,NaN,NaN,16.8,17.8,NaN,NaN,NaN,NaN,NaN
2022-08-21,19.4,18.7,20.7,21.5,NaN,NaN,18.1,17.8,NaN,NaN,NaN,NaN,NaN
2022-08-22,19.4,20.6,20.7,21.4,NaN,NaN,19,19.3,NaN,NaN,NaN,NaN,NaN
2022-08-23,19.5,20.6,20.7,22,NaN,NaN,19.2,18,NaN,NaN,NaN,NaN,NaN
2022-08-24,19.6,20.6,20.7,22.4,19,NaN,20.3,18.8,NaN,NaN,NaN,NaN,NaN
2022-08-25,19.6,20.6,NaN,22.8,19,24.4,19.8,18.6,NaN,NaN,NaN,NaN,NaN
2022-08-26,19.7,20.6,22.2,22.4,19,24.4,19.4,18.6,NaN,NaN,NaN,NaN,NaN
2022-08-27,19.7,20.6,22.2,21.1,19,24.4,18.5,18.3,NaN,NaN,NaN,NaN,NaN
2022-08-28,19.8,20.6,22.2,20.6,19,24.4,19.4,18.6,NaN,NaN,NaN,NaN,NaN
2022-08-29,19.8,20.6,22.2,20.9,19,24.4,20.9,18.8,NaN,NaN,NaN,NaN,NaN
2022-08-30,19.9,NaN,22.2,19.5,19,NaN,19.7,19.6,NaN,NaN,NaN,NaN,NaN
2022-08-31,19.9,20.5,NaN,20,19,NaN,20.6,18.8,NaN,NaN,NaN,NaN,NaN
2022-09-01,20,20.5,20.4,20.9,19,NaN,20,18.4,NaN,NaN,NaN,NaN,NaN
2022-09-02,20,20.5,20.4,21,19,NaN,20.1,18.8,NaN,NaN,NaN,NaN,NaN
2022-09-03,20,20.5,20.4,19.8,19,NaN,19.4,18,NaN,NaN,NaN,NaN,NaN
2022-09-04,20.1,20.5,20.4,20,19,NaN,19.6,18.8,NaN,NaN,NaN,NaN,NaN
2022-09-05,20.1,20.5,20.4,19.9,19,NaN,20,18.1,NaN,NaN,NaN,NaN,NaN
2022-09-06,20.2,20.5,20.4,20.6,19,NaN,21,19.7,NaN,NaN,NaN,NaN,NaN
2022-09-07,20.2,20.5,21,21,19,NaN,20.2,19.8,NaN,NaN,NaN,NaN,NaN
2022-09-08,20.2,20.5,21,21.2,19,NaN,20.7,19.4,NaN,NaN,NaN,NaN,NaN
2022-09-09,20.2,20.5,21,NaN,19,NaN,NaN,19.3,NaN,NaN,NaN,NaN,NaN
2022-09-10,20.3,NaN,NaN,NaN,19,NaN,NaN,NaN,NaN,NaN,NaN,NaN,NaN
2022-09-11,20.3,NaN,NaN,NaN,NaN,NaN,NaN,NaN,NaN,NaN,NaN,20.5,NaN
2022-09-12,20.3,NaN,NaN,20.8,NaN,NaN,NaN,NaN,NaN,NaN,NaN,NaN,NaN
2022-09-13,20.3,NaN,20,20.8,NaN,NaN,NaN,NaN,NaN,NaN,NaN,NaN,NaN
2022-09-14,20.3,NaN,20,20.8,NaN,NaN,NaN,NaN,NaN,NaN,NaN,NaN,NaN
2022-09-15,20.3,NaN,20,20.8,NaN,NaN,NaN,NaN,NaN,NaN,NaN,NaN,NaN
2022-09-16,20.3,NaN,20,20.8,NaN,NaN,NaN,NaN,NaN,NaN,NaN,NaN,NaN
2022-09-17,20.3,NaN,20,20.8,NaN,NaN,NaN,NaN,NaN,NaN,NaN,NaN,NaN
2022-09-18,20.3,NaN,20,20.8,NaN,NaN,NaN,NaN,NaN,NaN,NaN,NaN,NaN
2022-09-19,20.2,NaN,20,20.8,NaN,NaN,NaN,NaN,NaN,NaN,NaN,NaN,NaN
2022-09-20,20.2,NaN,20,20.8,NaN,NaN,NaN,NaN,NaN,NaN,NaN,NaN,NaN
2022-09-21,20.2,NaN,20,20.8,NaN,NaN,NaN,NaN,NaN,NaN,NaN,NaN,NaN
2022-09-22,20.2,NaN,20,20.8,NaN,NaN,NaN,NaN,NaN,NaN,NaN,NaN,NaN
2022-09-23,20.2,NaN,20,20.8,NaN,NaN,NaN,NaN,NaN,NaN,NaN,NaN,NaN
2022-09-24,20.2,NaN,20,20.8,NaN,NaN,NaN,NaN,NaN,NaN,NaN,NaN,NaN
2022-09-25,20.2,NaN,20,20.8,NaN,NaN,NaN,NaN,NaN,NaN,NaN,NaN,NaN
2022-09-26,20.2,19.3,NaN,20.8,NaN,NaN,NaN,NaN,NaN,NaN,NaN,NaN,NaN
2022-09-27,20.1,19.3,NaN,20.8,NaN,NaN,NaN,NaN,NaN,NaN,NaN,NaN,NaN
2022-09-28,20.1,19.3,NaN,20.8,NaN,NaN,NaN,NaN,NaN,NaN,NaN,NaN,NaN
2022-09-29,20.1,19.3,NaN,20.8,NaN,NaN,NaN,NaN,NaN,NaN,NaN,NaN,NaN
2022-09-30,20.1,19.3,NaN,20.8,NaN,NaN,NaN,NaN,NaN,NaN,NaN,NaN,NaN
2022-10-01,20,19.3,NaN,20.8,NaN,NaN,NaN,NaN,NaN,NaN,NaN,NaN,NaN
2022-10-02,20,19.3,NaN,20.8,NaN,NaN,NaN,NaN,NaN,NaN,NaN,NaN,NaN
2022-10-03,20,19.3,NaN,19.4,NaN,NaN,19.8,NaN,NaN,NaN,NaN,NaN,NaN
2022-10-04,20,19.3,NaN,19.4,NaN,NaN,19.8,NaN,NaN,NaN,NaN,NaN,NaN
2022-10-05,20,NaN,NaN,19.4,NaN,NaN,19.8,NaN,NaN,NaN,NaN,NaN,NaN
2022-10-06,19.9,NaN,NaN,19.4,NaN,23,19.8,NaN,NaN,NaN,NaN,NaN,NaN
2022-10-07,19.9,NaN,NaN,19.4,NaN,23,19.8,NaN,NaN,NaN,NaN,NaN,NaN
2022-10-08,19.9,NaN,NaN,19.4,NaN,23,19.8,NaN,NaN,NaN,NaN,NaN,NaN
2022-10-09,19.9,NaN,NaN,19.4,NaN,NaN,19.8,NaN,NaN,NaN,NaN,NaN,NaN
2022-10-10,19.8,NaN,NaN,19.4,NaN,NaN,19.8,NaN,NaN,NaN,NaN,NaN,NaN
2022-10-11,19.8,NaN,21,19.4,NaN,NaN,19.8,NaN,NaN,NaN,NaN,NaN,NaN
2022-10-12,19.7,NaN,21,19.4,NaN,NaN,19.8,NaN,NaN,NaN,NaN,NaN,NaN
2022-10-13,19.7,NaN,21,19.4,NaN,NaN,19.8,NaN,NaN,NaN,NaN,NaN,NaN
2022-10-14,19.7,NaN,21,19.4,NaN,NaN,NaN,NaN,NaN,NaN,NaN,NaN,NaN
2022-10-15,19.7,NaN,21,19.4,NaN,NaN,NaN,NaN,NaN,NaN,NaN,NaN,NaN
2022-10-16,19.6,NaN,21,19.4,NaN,NaN,NaN,NaN,NaN,NaN,NaN,NaN,NaN
2022-10-17,19.6,NaN,21,19.4,NaN,NaN,NaN,NaN,NaN,NaN,NaN,NaN,NaN
2022-10-18,19.6,NaN,21,19.4,NaN,NaN,NaN,NaN,NaN,NaN,NaN,NaN,NaN
2022-10-19,19.6,NaN,21,19.4,NaN,NaN,NaN,NaN,NaN,NaN,NaN,NaN,NaN
2022-10-20,19.6,NaN,21,19.4,NaN,NaN,NaN,NaN,NaN,NaN,NaN,NaN,NaN
2022-10-21,19.5,NaN,21,19.4,NaN,NaN,NaN,NaN,NaN,NaN,NaN,NaN,NaN
2022-10-22,19.5,NaN,21,19.4,NaN,NaN,NaN,NaN,NaN,NaN,NaN,NaN,NaN
2022-10-23,19.5,19.6,21,19.4,NaN,NaN,NaN,NaN,NaN,NaN,NaN,NaN,NaN
2022-10-24,19.5,19.6,NaN,19.4,NaN,NaN,NaN,NaN,NaN,NaN,NaN,NaN,NaN
2022-10-25,19.5,19.6,NaN,19.4,NaN,NaN,NaN,NaN,NaN,NaN,NaN,NaN,NaN
2022-10-26,19.5,19.6,NaN,19.4,NaN,NaN,NaN,NaN,NaN,NaN,NaN,NaN,NaN
2022-10-27,19.4,19.6,NaN,19.4,18.2,NaN,NaN,NaN,NaN,NaN,NaN,NaN,NaN
2022-10-28,19.4,19.6,NaN,19.4,18.2,NaN,NaN,NaN,NaN,NaN,NaN,NaN,NaN
2022-10-29,19.4,19.6,NaN,19.4,18.2,NaN,NaN,NaN,NaN,NaN,NaN,NaN,NaN
2022-10-30,19.4,19.6,NaN,19.4,18.2,NaN,NaN,NaN,NaN,NaN,NaN,NaN,NaN
2022-10-31,19.3,19.6,NaN,19.9,18.2,NaN,NaN,NaN,NaN,NaN,NaN,NaN,NaN
2022-11-01,19.3,19.6,NaN,19.9,18.2,NaN,NaN,NaN,NaN,NaN,NaN,NaN,NaN
2022-11-02,19.3,NaN,NaN,19.9,18.2,NaN,NaN,NaN,NaN,NaN,NaN,NaN,NaN
2022-11-03,19.3,NaN,NaN,19.9,18.2,NaN,NaN,NaN,NaN,NaN,NaN,NaN,NaN
2022-11-04,19.3,NaN,NaN,19.9,18.2,NaN,NaN,NaN,NaN,NaN,NaN,NaN,NaN
2022-11-05,19.3,NaN,NaN,19.9,18.2,NaN,NaN,NaN,NaN,NaN,NaN,NaN,NaN
2022-11-06,19.3,NaN,NaN,19.9,18.2,NaN,NaN,NaN,NaN,NaN,NaN,NaN,NaN
2022-11-07,19.2,NaN,NaN,19.9,18.2,NaN,17.7,NaN,NaN,NaN,NaN,NaN,NaN
2022-11-08,19.2,NaN,NaN,19.9,18.2,NaN,17.7,NaN,NaN,NaN,NaN,NaN,NaN
2022-11-09,19.2,NaN,NaN,19.9,18.2,NaN,17.7,NaN,NaN,NaN,NaN,NaN,NaN
2022-11-10,19.2,NaN,NaN,19.9,18.2,NaN,17.7,NaN,NaN,NaN,NaN,NaN,NaN
2022-11-11,19.2,NaN,NaN,19.9,18.2,NaN,17.7,NaN,NaN,NaN,NaN,NaN,NaN
2022-11-12,19.1,NaN,NaN,19.9,18.2,NaN,17.7,NaN,NaN,NaN,NaN,NaN,NaN
2022-11-13,19.1,NaN,NaN,19.9,18.2,NaN,17.7,NaN,NaN,NaN,NaN,NaN,NaN
2022-11-14,19.1,NaN,NaN,19.9,18.2,NaN,17.7,NaN,NaN,NaN,NaN,NaN,NaN
2022-11-15,19.1,NaN,19,19.9,18.2,NaN,17.7,NaN,NaN,NaN,NaN,NaN,NaN
2022-11-16,19.1,NaN,19,19.9,18.2,NaN,17.7,NaN,NaN,NaN,NaN,NaN,NaN
2022-11-17,19,NaN,19,19.9,18.2,NaN,17.7,NaN,NaN,NaN,NaN,NaN,NaN
2022-11-18,19,NaN,19,19.9,18.2,NaN,NaN,NaN,NaN,NaN,NaN,NaN,NaN
2022-11-19,19,NaN,19,19.9,18.2,NaN,NaN,NaN,NaN,NaN,NaN,NaN,NaN
2022-11-20,19,NaN,19,19.9,18.2,NaN,NaN,NaN,NaN,NaN,NaN,NaN,NaN
2022-11-21,19,NaN,19,19.9,18.2,NaN,NaN,NaN,NaN,NaN,NaN,NaN,NaN
2022-11-22,18.9,NaN,19,19.9,18.2,NaN,NaN,NaN,NaN,NaN,NaN,NaN,NaN
2022-11-23,18.9,NaN,19,19.9,18.2,NaN,NaN,NaN,NaN,NaN,NaN,NaN,NaN
2022-11-24,18.9,NaN,19,19.9,18.2,NaN,NaN,NaN,NaN,NaN,NaN,NaN,NaN
2022-11-25,18.9,NaN,19,19.9,NaN,NaN,NaN,NaN,NaN,NaN,NaN,NaN,NaN
2022-11-26,18.9,17.6,19,19.9,NaN,NaN,NaN,NaN,NaN,NaN,NaN,NaN,NaN
2022-11-27,18.8,17.6,19,19.9,NaN,NaN,NaN,NaN,NaN,NaN,NaN,NaN,NaN
2022-11-28,18.8,17.6,19,18.4,NaN,NaN,NaN,NaN,NaN,NaN,NaN,NaN,NaN
2022-11-29,18.8,17.6,NaN,18.4,NaN,NaN,NaN,NaN,NaN,NaN,NaN,NaN,NaN
2022-11-30,18.8,17.6,NaN,18.4,NaN,NaN,NaN,NaN,NaN,NaN,NaN,NaN,NaN
2022-12-01,18.8,17.6,NaN,18.4,NaN,NaN,NaN,NaN,NaN,NaN,NaN,NaN,NaN
2022-12-02,18.8,17.6,NaN,18.4,NaN,NaN,NaN,NaN,NaN,NaN,NaN,NaN,NaN
2022-12-03,18.7,17.6,NaN,18.4,NaN,NaN,NaN,NaN,NaN,NaN,NaN,NaN,NaN
2022-12-04,18.7,17.6,NaN,18.4,NaN,NaN,NaN,NaN,NaN,NaN,NaN,NaN,NaN
2022-12-05,18.7,17.6,NaN,18.4,NaN,NaN,18.8,NaN,NaN,NaN,NaN,NaN,NaN
2022-12-06,18.7,17.6,NaN,18.4,NaN,NaN,18.8,NaN,NaN,NaN,NaN,NaN,NaN
2022-12-07,18.7,NaN,NaN,18.4,NaN,NaN,18.8,NaN,NaN,NaN,NaN,NaN,NaN
2022-12-08,18.6,NaN,NaN,18.4,NaN,NaN,18.8,NaN,NaN,NaN,NaN,NaN,NaN
2022-12-09,18.6,NaN,NaN,18.4,NaN,NaN,18.8,NaN,NaN,NaN,NaN,NaN,NaN
2022-12-10,18.6,NaN,NaN,18.4,NaN,NaN,18.8,NaN,NaN,NaN,NaN,NaN,NaN
2022-12-11,18.6,NaN,NaN,18.4,NaN,NaN,18.8,NaN,NaN,NaN,NaN,NaN,NaN
2022-12-12,18.5,NaN,NaN,18.4,NaN,NaN,18.8,NaN,NaN,NaN,NaN,NaN,NaN
2022-12-13,18.5,NaN,NaN,18.4,NaN,NaN,18.8,NaN,NaN,NaN,NaN,NaN,NaN
2022-12-14,18.5,NaN,NaN,18.4,NaN,NaN,18.8,NaN,NaN,NaN,NaN,NaN,NaN
2022-12-15,18.5,NaN,NaN,18.4,NaN,NaN,18.8,NaN,NaN,NaN,NaN,NaN,NaN
2022-12-16,18.5,NaN,NaN,18.4,NaN,NaN,NaN,NaN,NaN,NaN,NaN,NaN,NaN
2022-12-17,18.4,NaN,NaN,18.4,NaN,NaN,NaN,NaN,NaN,NaN,NaN,NaN,NaN
2022-12-18,18.4,NaN,NaN,18.4,NaN,NaN,NaN,NaN,NaN,NaN,NaN,NaN,NaN
2022-12-19,18.4,NaN,NaN,18.4,NaN,NaN,NaN,NaN,NaN,NaN,NaN,NaN,NaN
2022-12-20,18.4,NaN,NaN,18.4,NaN,NaN,NaN,NaN,NaN,NaN,NaN,NaN,NaN
2022-12-21,18.4,NaN,NaN,18.4,NaN,NaN,NaN,NaN,NaN,NaN,NaN,NaN,NaN
2022-12-22,18.4,NaN,NaN,18.4,NaN,NaN,NaN,NaN,NaN,NaN,NaN,NaN,NaN
2022-12-23,18.3,NaN,NaN,18.4,NaN,NaN,NaN,NaN,NaN,NaN,NaN,NaN,NaN
2022-12-24,18.3,NaN,NaN,18.4,NaN,NaN,NaN,NaN,NaN,NaN,NaN,NaN,NaN
2022-12-25,18.3,NaN,NaN,18.4,NaN,NaN,NaN,NaN,NaN,NaN,NaN,NaN,NaN
2022-12-26,18.3,NaN,NaN,18.4,NaN,NaN,NaN,NaN,NaN,NaN,NaN,NaN,NaN
2022-12-27,18.3,NaN,NaN,18.4,NaN,NaN,NaN,NaN,NaN,NaN,NaN,NaN,NaN
2022-12-28,18.3,NaN,NaN,18.4,NaN,NaN,NaN,NaN,NaN,NaN,NaN,NaN,NaN
2022-12-29,18.3,NaN,NaN,18.4,NaN,NaN,NaN,NaN,NaN,NaN,NaN,NaN,NaN
2022-12-30,18.3,NaN,NaN,18.4,NaN,NaN,NaN,NaN,NaN,NaN,NaN,NaN,NaN
2022-12-31,18.3,19.8,NaN,18.4,NaN,NaN,NaN,NaN,NaN,NaN,NaN,NaN,NaN
2023-01-01,18.3,19.8,NaN,18.4,NaN,NaN,NaN,NaN,NaN,NaN,NaN,NaN,NaN
2023-01-02,18.3,19.8,NaN,16.9,NaN,NaN,NaN,NaN,NaN,NaN,NaN,NaN,NaN
2023-01-03,18.3,19.8,NaN,16.9,NaN,NaN,NaN,NaN,NaN,NaN,NaN,NaN,NaN
2023-01-04,18.3,19.8,NaN,16.9,NaN,NaN,NaN,NaN,NaN,NaN,NaN,NaN,NaN
2023-01-05,18.3,19.8,NaN,16.9,NaN,NaN,NaN,NaN,NaN,NaN,NaN,NaN,NaN
2023-01-06,18.3,19.8,NaN,16.9,NaN,NaN,NaN,NaN,NaN,NaN,NaN,NaN,NaN
2023-01-07,18.2,19.8,NaN,16.9,NaN,NaN,NaN,NaN,NaN,NaN,NaN,NaN,NaN
2023-01-08,18.2,19.8,NaN,16.9,NaN,NaN,NaN,NaN,NaN,NaN,NaN,NaN,NaN
2023-01-09,18.2,19.8,NaN,16.9,NaN,NaN,19,NaN,NaN,NaN,NaN,NaN,NaN
2023-01-10,18.2,NaN,NaN,16.9,NaN,NaN,19,NaN,NaN,NaN,NaN,NaN,NaN
2023-01-11,18.2,NaN,NaN,16.9,NaN,NaN,19,NaN,NaN,NaN,NaN,NaN,NaN
2023-01-12,18.2,NaN,NaN,16.9,NaN,NaN,19,NaN,NaN,NaN,NaN,NaN,NaN
2023-01-13,18.2,NaN,NaN,16.9,NaN,NaN,19,NaN,NaN,NaN,NaN,NaN,NaN
2023-01-14,18.2,NaN,NaN,16.9,NaN,NaN,19,NaN,NaN,NaN,NaN,NaN,NaN
2023-01-15,18.2,NaN,NaN,16.9,NaN,NaN,19,NaN,NaN,NaN,NaN,NaN,NaN
2023-01-16,18.2,NaN,NaN,16.9,NaN,NaN,19,NaN,NaN,NaN,NaN,NaN,NaN
2023-01-17,18.2,NaN,18,16.9,NaN,NaN,19,NaN,NaN,NaN,NaN,NaN,NaN
2023-01-18,18.2,NaN,18,16.9,NaN,NaN,19,NaN,NaN,NaN,NaN,NaN,NaN
2023-01-19,18.2,NaN,18,16.9,NaN,NaN,19,NaN,NaN,NaN,NaN,NaN,NaN
2023-01-20,18.2,NaN,18,16.9,NaN,NaN,NaN,NaN,NaN,NaN,NaN,NaN,NaN
2023-01-21,18.1,NaN,18,16.9,NaN,NaN,NaN,NaN,NaN,NaN,NaN,NaN,NaN
2023-01-22,18.1,NaN,18,16.9,NaN,NaN,NaN,NaN,NaN,NaN,NaN,NaN,NaN
2023-01-23,18.1,NaN,18,16.9,NaN,NaN,NaN,NaN,NaN,NaN,NaN,NaN,NaN
2023-01-24,18.1,NaN,18,16.9,NaN,NaN,NaN,NaN,NaN,NaN,NaN,NaN,NaN
2023-01-25,18.1,NaN,18,16.9,NaN,NaN,NaN,NaN,NaN,NaN,NaN,NaN,NaN
2023-01-26,18.1,NaN,18,16.9,NaN,NaN,NaN,NaN,NaN,NaN,NaN,NaN,NaN
2023-01-27,18.1,18.6,18,16.9,NaN,NaN,NaN,NaN,NaN,NaN,NaN,NaN,NaN
2023-01-28,18,18.6,18,16.9,NaN,NaN,NaN,NaN,NaN,NaN,NaN,NaN,NaN
2023-01-29,18,18.6,18,16.9,NaN,NaN,NaN,NaN,NaN,NaN,NaN,NaN,NaN
2023-01-30,18,18.6,NaN,17.3,NaN,NaN,NaN,NaN,NaN,NaN,NaN,NaN,NaN
2023-01-31,18,18.6,NaN,17.3,NaN,NaN,NaN,NaN,NaN,NaN,NaN,NaN,NaN
2023-02-01,18,18.6,NaN,17.3,NaN,NaN,NaN,NaN,NaN,NaN,NaN,NaN,NaN
2023-02-02,18,18.6,NaN,17.3,NaN,NaN,NaN,NaN,NaN,NaN,NaN,NaN,NaN
2023-02-03,18,18.6,NaN,17.3,NaN,NaN,NaN,NaN,NaN,NaN,NaN,NaN,NaN
2023-02-04,18,18.6,NaN,17.3,NaN,NaN,NaN,NaN,NaN,NaN,NaN,NaN,NaN
2023-02-05,18,18.6,NaN,17.3,NaN,NaN,NaN,NaN,NaN,NaN,NaN,NaN,NaN
2023-02-06,18,18.6,NaN,17.3,NaN,NaN,18.4,NaN,NaN,NaN,NaN,NaN,NaN
2023-02-07,18,NaN,NaN,17.3,NaN,NaN,18.4,NaN,NaN,NaN,NaN,NaN,NaN
2023-02-08,18,NaN,NaN,17.3,NaN,NaN,18.4,NaN,NaN,NaN,NaN,NaN,NaN
2023-02-09,18,NaN,NaN,17.3,NaN,20.4,18.4,NaN,NaN,NaN,NaN,NaN,NaN
2023-02-10,18,NaN,NaN,17.3,NaN,20.4,18.4,NaN,NaN,NaN,NaN,NaN,NaN
2023-02-11,18,NaN,NaN,17.3,NaN,20.4,18.4,NaN,NaN,NaN,NaN,NaN,NaN
2023-02-12,18,NaN,NaN,17.3,NaN,20.4,18.4,NaN,NaN,NaN,NaN,NaN,NaN
2023-02-13,18,NaN,NaN,17.3,NaN,20.4,18.4,NaN,NaN,NaN,NaN,NaN,NaN
2023-02-14,18,NaN,19,17.3,NaN,20.4,18.4,NaN,NaN,NaN,NaN,NaN,NaN
2023-02-15,17.9,NaN,19,17.3,NaN,20.4,18.4,NaN,NaN,NaN,NaN,NaN,NaN
2023-02-16,17.9,NaN,19,17.3,NaN,NaN,18.4,NaN,NaN,NaN,NaN,NaN,NaN
2023-02-17,17.9,NaN,19,17.3,NaN,NaN,NaN,NaN,NaN,NaN,NaN,NaN,NaN
2023-02-18,17.9,NaN,19,17.3,NaN,NaN,NaN,NaN,NaN,NaN,NaN,NaN,NaN
2023-02-19,18,NaN,19,17.3,NaN,NaN,NaN,NaN,NaN,NaN,NaN,NaN,NaN
2023-02-20,18,NaN,19,17.3,NaN,NaN,NaN,NaN,NaN,NaN,NaN,NaN,NaN
2023-02-21,18,NaN,19,17.3,NaN,NaN,NaN,NaN,NaN,NaN,NaN,NaN,NaN
2023-02-22,18,NaN,19,17.3,NaN,NaN,NaN,NaN,NaN,NaN,NaN,NaN,NaN
2023-02-23,18,NaN,19,17.3,NaN,NaN,NaN,NaN,NaN,NaN,NaN,NaN,NaN
2023-02-24,18,19,19,17.3,NaN,NaN,NaN,NaN,NaN,NaN,NaN,NaN,NaN
2023-02-25,18,19,19,17.3,NaN,NaN,NaN,NaN,NaN,NaN,NaN,NaN,NaN
2023-02-26,18,19,19,17.3,NaN,NaN,NaN,NaN,NaN,NaN,NaN,NaN,NaN
2023-02-27,18,19,NaN,17.5,NaN,NaN,NaN,NaN,NaN,NaN,NaN,NaN,NaN
2023-02-28,17.9,19,NaN,17.5,NaN,NaN,NaN,NaN,NaN,NaN,NaN,NaN,NaN
2023-03-01,17.9,19,NaN,17.5,NaN,NaN,NaN,NaN,NaN,NaN,NaN,NaN,NaN
2023-03-02,17.9,19,NaN,17.5,NaN,NaN,NaN,NaN,NaN,NaN,NaN,NaN,NaN
2023-03-03,17.9,19,NaN,17.5,NaN,NaN,NaN,NaN,NaN,NaN,NaN,NaN,NaN
2023-03-04,18,19,NaN,17.5,NaN,NaN,NaN,NaN,NaN,NaN,NaN,NaN,NaN
2023-03-05,18,19,NaN,17.5,NaN,NaN,NaN,NaN,NaN,NaN,NaN,NaN,NaN
2023-03-06,18,19,NaN,17.5,NaN,NaN,18.6,NaN,NaN,NaN,NaN,NaN,NaN
2023-03-07,18,NaN,NaN,17.5,NaN,NaN,18.6,NaN,NaN,NaN,NaN,NaN,NaN
2023-03-08,18,NaN,NaN,17.5,NaN,NaN,18.6,NaN,NaN,NaN,NaN,NaN,NaN
2023-03-09,18,NaN,NaN,17.5,NaN,18.8,18.6,NaN,NaN,NaN,NaN,NaN,NaN
2023-03-10,18,NaN,NaN,17.5,NaN,18.8,18.6,NaN,NaN,NaN,NaN,NaN,NaN
2023-03-11,18,NaN,NaN,17.5,NaN,18.8,18.6,NaN,NaN,NaN,NaN,NaN,NaN
2023-03-12,18,NaN,NaN,17.5,NaN,18.8,18.6,NaN,NaN,NaN,NaN,NaN,NaN
2023-03-13,18,NaN,NaN,17.5,NaN,18.8,18.6,NaN,NaN,NaN,NaN,NaN,NaN
2023-03-14,18,NaN,18,17.5,NaN,18.8,18.6,NaN,NaN,NaN,NaN,NaN,NaN
2023-03-15,18,NaN,18,17.5,NaN,18.8,18.6,NaN,NaN,NaN,NaN,NaN,NaN
2023-03-16,18,NaN,18,17.5,NaN,NaN,18.6,NaN,NaN,NaN,NaN,NaN,NaN
2023-03-17,18,NaN,18,17.5,NaN,NaN,NaN,NaN,NaN,NaN,NaN,NaN,NaN
2023-03-18,18,NaN,18,17.5,NaN,NaN,NaN,NaN,NaN,NaN,NaN,NaN,NaN
2023-03-19,18,NaN,18,17.5,NaN,NaN,NaN,NaN,NaN,NaN,NaN,NaN,NaN
2023-03-20,18,NaN,18,17.5,NaN,NaN,NaN,NaN,NaN,NaN,NaN,NaN,NaN
2023-03-21,18,NaN,18,17.5,NaN,NaN,NaN,NaN,NaN,NaN,NaN,NaN,NaN
2023-03-22,17.9,NaN,18,17.5,NaN,NaN,NaN,NaN,NaN,NaN,NaN,NaN,NaN
2023-03-23,17.9,NaN,18,17.5,NaN,NaN,NaN,NaN,NaN,NaN,NaN,NaN,NaN
2023-03-24,17.9,18.6,18,17.5,NaN,NaN,NaN,NaN,NaN,NaN,NaN,NaN,NaN
2023-03-25,17.9,18.6,18,17.5,NaN,NaN,NaN,NaN,NaN,NaN,NaN,NaN,NaN
2023-03-26,17.9,18.6,18,17.5,NaN,NaN,NaN,NaN,NaN,NaN,NaN,NaN,NaN
2023-03-27,17.9,18.6,NaN,17.5,NaN,NaN,NaN,NaN,NaN,NaN,NaN,NaN,NaN
2023-03-28,17.9,18.6,NaN,17.5,NaN,NaN,NaN,NaN,NaN,NaN,NaN,NaN,NaN
2023-03-29,17.9,18.6,NaN,17.5,NaN,NaN,NaN,NaN,NaN,NaN,NaN,NaN,NaN
2023-03-30,17.8,18.6,NaN,17.5,NaN,NaN,NaN,NaN,NaN,NaN,NaN,NaN,NaN
2023-03-31,17.8,18.6,NaN,17.5,NaN,NaN,NaN,NaN,NaN,NaN,NaN,NaN,NaN
2023-04-01,17.8,18.6,NaN,17.5,NaN,NaN,NaN,NaN,NaN,NaN,NaN,NaN,NaN
2023-04-02,17.8,18.6,NaN,17.5,NaN,NaN,NaN,NaN,NaN,NaN,NaN,NaN,NaN
2023-04-03,17.8,18.6,NaN,16.4,NaN,NaN,18.8,NaN,NaN,NaN,NaN,NaN,NaN
2023-04-04,17.9,NaN,NaN,16.4,NaN,NaN,18.8,NaN,NaN,NaN,NaN,NaN,NaN
2023-04-05,17.9,NaN,NaN,16.4,NaN,NaN,18.8,NaN,NaN,NaN,NaN,NaN,NaN
2023-04-06,17.9,NaN,NaN,16.4,NaN,19.4,18.8,NaN,NaN,NaN,NaN,NaN,NaN
2023-04-07,17.9,NaN,NaN,16.4,NaN,19.4,18.8,NaN,NaN,NaN,NaN,NaN,NaN
2023-04-08,17.9,NaN,NaN,16.4,NaN,19.4,18.8,NaN,NaN,NaN,NaN,NaN,NaN
2023-04-09,17.9,NaN,NaN,16.4,NaN,19.4,18.8,NaN,NaN,NaN,NaN,NaN,NaN
2023-04-10,17.9,NaN,NaN,16.4,NaN,19.4,18.8,NaN,NaN,NaN,NaN,NaN,NaN
2023-04-11,17.9,NaN,18,16.4,NaN,19.4,18.8,NaN,NaN,NaN,NaN,NaN,NaN
2023-04-12,17.9,NaN,18,16.4,NaN,19.4,18.8,NaN,NaN,NaN,NaN,NaN,NaN
2023-04-13,17.9,NaN,18,16.4,NaN,NaN,18.8,NaN,NaN,NaN,NaN,NaN,NaN
2023-04-14,18,18.9,18,16.4,NaN,NaN,NaN,NaN,NaN,NaN,NaN,NaN,NaN
2023-04-15,18,18.9,18,16.4,NaN,NaN,NaN,NaN,NaN,NaN,NaN,NaN,NaN
2023-04-16,18,18.9,18,16.4,NaN,NaN,NaN,NaN,NaN,NaN,NaN,NaN,NaN
2023-04-17,18,18.9,18,16.4,NaN,NaN,NaN,NaN,NaN,NaN,NaN,NaN,NaN
2023-04-18,18,18.9,18,16.4,NaN,NaN,NaN,NaN,NaN,NaN,NaN,NaN,NaN
2023-04-19,18,18.9,18,16.4,NaN,NaN,NaN,NaN,NaN,NaN,NaN,NaN,NaN
2023-04-20,18,18.9,18,16.4,NaN,NaN,NaN,NaN,NaN,NaN,NaN,NaN,NaN
2023-04-21,18,18.9,18,16.4,NaN,NaN,NaN,NaN,NaN,NaN,NaN,NaN,NaN
2023-04-22,18.1,18.9,18,16.4,NaN,NaN,NaN,NaN,NaN,NaN,NaN,NaN,NaN
2023-04-23,18.1,18.9,18,16.4,NaN,NaN,NaN,NaN,NaN,NaN,NaN,NaN,NaN
2023-04-24,18.1,18.9,NaN,16.4,NaN,NaN,NaN,NaN,NaN,NaN,NaN,NaN,NaN
2023-04-25,18.1,NaN,NaN,16.4,NaN,NaN,NaN,NaN,NaN,NaN,NaN,NaN,NaN
2023-04-26,18.1,NaN,NaN,16.4,NaN,NaN,NaN,NaN,NaN,NaN,NaN,NaN,NaN
2023-04-27,18.1,NaN,NaN,16.4,18,NaN,NaN,NaN,NaN,NaN,NaN,NaN,NaN
2023-04-28,18.2,NaN,NaN,16.4,18,NaN,NaN,NaN,NaN,NaN,NaN,NaN,NaN
2023-04-29,18.2,NaN,NaN,16.4,18,NaN,NaN,NaN,NaN,NaN,NaN,NaN,NaN
2023-04-30,18.2,NaN,NaN,16.4,18,NaN,NaN,NaN,NaN,NaN,NaN,NaN,NaN
2023-05-01,18.2,NaN,NaN,NaN,18,NaN,18.3,NaN,NaN,NaN,NaN,NaN,NaN
2023-05-02,18.2,NaN,NaN,NaN,18,NaN,18.3,NaN,NaN,NaN,NaN,NaN,NaN
2023-05-03,18.1,NaN,NaN,NaN,18,NaN,18.3,NaN,NaN,NaN,NaN,NaN,NaN
2023-05-04,18.2,NaN,NaN,NaN,18,21.4,18.3,NaN,NaN,NaN,NaN,NaN,NaN
2023-05-05,18.2,NaN,NaN,NaN,18,21.4,18.3,NaN,NaN,NaN,NaN,NaN,NaN
2023-05-06,18.3,NaN,NaN,NaN,18,21.4,18.3,NaN,NaN,NaN,NaN,NaN,NaN
2023-05-07,18.3,NaN,NaN,NaN,18,21.4,18.3,NaN,NaN,NaN,NaN,NaN,NaN
2023-05-08,18.3,NaN,NaN,NaN,18,21.4,18.3,NaN,NaN,NaN,NaN,NaN,NaN
2023-05-09,18.3,NaN,19,NaN,18,21.4,18.3,NaN,NaN,NaN,NaN,NaN,NaN
2023-05-10,18.3,NaN,19,NaN,18,21.4,18.3,NaN,NaN,NaN,NaN,NaN,NaN
2023-05-11,18.3,NaN,19,NaN,18,NaN,18.3,NaN,NaN,NaN,NaN,NaN,NaN
2023-05-12,18.3,NaN,19,NaN,18,NaN,NaN,NaN,NaN,NaN,NaN,NaN,NaN
2023-05-13,18.2,NaN,19,NaN,18,NaN,NaN,NaN,NaN,NaN,NaN,NaN,NaN
2023-05-14,18.2,NaN,19,NaN,18,NaN,NaN,NaN,NaN,NaN,NaN,NaN,NaN
2023-05-15,18.3,NaN,19,NaN,18,NaN,NaN,NaN,NaN,NaN,NaN,NaN,NaN
2023-05-16,18.3,NaN,19,NaN,18,NaN,NaN,NaN,NaN,NaN,NaN,NaN,NaN
2023-05-17,18.3,NaN,19,NaN,18,NaN,NaN,NaN,NaN,NaN,NaN,NaN,NaN
2023-05-18,18.3,NaN,19,NaN,18,NaN,NaN,NaN,NaN,NaN,NaN,NaN,NaN
2023-05-19,18.3,NaN,19,NaN,18,NaN,NaN,NaN,NaN,NaN,NaN,NaN,NaN
2023-05-20,18.4,NaN,19,NaN,18,NaN,NaN,NaN,NaN,NaN,NaN,NaN,NaN
2023-05-21,18.4,NaN,19,NaN,18,NaN,NaN,NaN,NaN,NaN,NaN,NaN,NaN
2023-05-22,18.4,NaN,NaN,NaN,18,NaN,19.2,NaN,NaN,NaN,NaN,NaN,NaN
2023-05-23,18.4,NaN,NaN,NaN,18,NaN,19.2,NaN,NaN,NaN,NaN,NaN,NaN
2023-05-24,18.4,NaN,NaN,NaN,18,NaN,19.2,NaN,NaN,NaN,NaN,NaN,NaN
2023-05-25,18.5,18.9,NaN,NaN,18,NaN,19.2,NaN,NaN,NaN,NaN,NaN,NaN
2023-05-26,18.5,18.9,NaN,18.9,NaN,NaN,19.2,NaN,NaN,NaN,NaN,NaN,NaN
2023-05-27,18.5,18.9,NaN,18.9,NaN,NaN,19.2,NaN,NaN,NaN,NaN,NaN,NaN
2023-05-28,18.5,18.9,NaN,18.9,NaN,NaN,19.2,NaN,NaN,NaN,NaN,NaN,NaN
2023-05-29,18.5,18.9,NaN,17.6,NaN,NaN,19.2,NaN,NaN,NaN,NaN,NaN,NaN
2023-05-30,18.5,18.9,NaN,17.6,NaN,NaN,19.2,NaN,NaN,NaN,NaN,NaN,NaN
2023-05-31,18.5,18.9,NaN,17.6,NaN,NaN,19.2,NaN,NaN,NaN,NaN,NaN,NaN
2023-06-01,18.5,18.9,NaN,17.6,NaN,NaN,19.2,NaN,NaN,NaN,NaN,NaN,NaN
2023-06-02,18.5,18.9,NaN,17.6,NaN,NaN,19.2,NaN,NaN,NaN,NaN,NaN,NaN
2023-06-03,18.5,18.9,NaN,17.6,NaN,NaN,19.2,NaN,NaN,NaN,NaN,NaN,NaN
2023-06-04,18.5,18.9,NaN,17.6,NaN,NaN,19.2,NaN,NaN,NaN,NaN,NaN,NaN
2023-06-05,18.6,18.9,17,17.6,NaN,NaN,NaN,NaN,NaN,NaN,NaN,NaN,NaN
2023-06-06,18.6,18.9,17,17.6,NaN,NaN,NaN,NaN,NaN,NaN,NaN,NaN,NaN
2023-06-07,18.6,18.9,17,17.6,NaN,NaN,NaN,NaN,NaN,NaN,NaN,NaN,NaN
2023-06-08,18.6,NaN,17,17.6,NaN,NaN,NaN,NaN,NaN,NaN,NaN,NaN,NaN
2023-06-09,18.6,NaN,17,17.6,NaN,NaN,NaN,NaN,NaN,NaN,NaN,NaN,NaN
2023-06-10,18.6,NaN,17,17.6,NaN,NaN,NaN,NaN,NaN,NaN,NaN,NaN,NaN
2023-06-11,18.6,NaN,17,17.6,NaN,NaN,NaN,NaN,NaN,NaN,NaN,NaN,NaN
2023-06-12,18.6,NaN,17,17.6,NaN,NaN,NaN,NaN,NaN,NaN,NaN,NaN,NaN
2023-06-13,18.6,19.1,17,17.6,NaN,NaN,NaN,NaN,NaN,NaN,NaN,NaN,NaN
2023-06-14,18.6,19.1,17,17.6,NaN,NaN,NaN,NaN,NaN,NaN,NaN,NaN,NaN
2023-06-15,18.6,19.1,17,17.6,NaN,21,NaN,NaN,NaN,NaN,NaN,NaN,NaN
2023-06-16,18.6,19.1,17,17.6,NaN,21,NaN,NaN,NaN,NaN,NaN,NaN,NaN
2023-06-17,18.6,19.1,17,17.6,NaN,21,NaN,NaN,NaN,NaN,NaN,NaN,NaN
2023-06-18,18.6,19.1,17,17.6,NaN,21,NaN,NaN,NaN,NaN,NaN,NaN,NaN
2023-06-19,18.6,19.1,NaN,17.6,NaN,21,NaN,NaN,NaN,NaN,NaN,NaN,NaN
2023-06-20,18.6,19.1,NaN,17.6,NaN,NaN,NaN,NaN,NaN,NaN,NaN,NaN,NaN
2023-06-21,18.6,19.1,NaN,17.6,NaN,NaN,NaN,NaN,NaN,NaN,NaN,NaN,NaN
2023-06-22,18.6,19.1,NaN,18.9,NaN,NaN,NaN,NaN,NaN,NaN,NaN,NaN,NaN
2023-06-23,18.6,19.1,NaN,18.9,NaN,NaN,NaN,NaN,NaN,NaN,NaN,NaN,NaN
2023-06-24,18.5,19.1,NaN,18.9,NaN,NaN,NaN,NaN,NaN,NaN,NaN,NaN,NaN
2023-06-25,18.5,19.1,NaN,18.9,NaN,NaN,NaN,NaN,NaN,NaN,NaN,NaN,NaN
2023-06-26,18.5,NaN,NaN,18.9,NaN,NaN,NaN,NaN,NaN,NaN,NaN,NaN,NaN
2023-06-27,18.5,NaN,NaN,18.9,NaN,NaN,NaN,NaN,NaN,NaN,NaN,NaN,NaN
2023-06-28,18.4,NaN,NaN,18.9,NaN,NaN,NaN,NaN,NaN,NaN,NaN,NaN,NaN
2023-06-29,18.4,NaN,NaN,18.9,NaN,NaN,NaN,NaN,NaN,NaN,NaN,NaN,NaN
2023-06-30,18.4,NaN,NaN,18.9,NaN,NaN,NaN,NaN,NaN,NaN,NaN,NaN,NaN
2023-07-01,18.5,NaN,NaN,18.9,NaN,NaN,NaN,NaN,NaN,NaN,NaN,NaN,NaN
2023-07-02,18.5,NaN,NaN,18.9,NaN,NaN,NaN,NaN,NaN,NaN,NaN,NaN,NaN
2023-07-03,18.5,NaN,NaN,18.9,NaN,21,NaN,NaN,NaN,NaN,NaN,NaN,NaN
2023-07-04,18.5,NaN,NaN,18.9,NaN,21,NaN,NaN,NaN,NaN,NaN,NaN,NaN
2023-07-05,18.5,NaN,NaN,18.9,NaN,21,NaN,NaN,NaN,NaN,NaN,NaN,NaN
2023-07-06,18.5,NaN,NaN,18.9,NaN,21,NaN,NaN,NaN,NaN,NaN,NaN,NaN
2023-07-07,18.3,NaN,NaN,18.9,NaN,NaN,NaN,NaN,NaN,NaN,NaN,NaN,NaN
2023-07-08,18.3,NaN,NaN,18.9,NaN,NaN,NaN,NaN,NaN,NaN,NaN,NaN,NaN
2023-07-09,18.3,NaN,NaN,18.9,NaN,NaN,NaN,NaN,NaN,NaN,NaN,NaN,NaN
2023-07-10,18.3,NaN,NaN,18.9,NaN,NaN,NaN,NaN,NaN,NaN,NaN,NaN,NaN
2023-07-11,18.4,NaN,NaN,18.9,NaN,NaN,NaN,NaN,NaN,NaN,NaN,NaN,NaN
2023-07-12,18.4,NaN,NaN,18.9,NaN,NaN,NaN,NaN,NaN,NaN,NaN,NaN,NaN
2023-07-13,18.4,NaN,NaN,18.9,NaN,NaN,NaN,NaN,NaN,NaN,NaN,NaN,NaN
2023-07-14,18.4,NaN,NaN,18.9,NaN,NaN,NaN,NaN,NaN,NaN,NaN,NaN,NaN
2023-07-15,18.4,19.6,NaN,18.9,NaN,NaN,NaN,NaN,NaN,NaN,NaN,NaN,NaN
2023-07-16,18.4,19.6,NaN,18.9,NaN,NaN,NaN,NaN,NaN,NaN,NaN,NaN,NaN
2023-07-17,18.4,19.6,NaN,NaN,NaN,NaN,18.1,NaN,NaN,NaN,NaN,NaN,NaN
2023-07-18,18.4,19.6,NaN,NaN,NaN,NaN,18.1,NaN,NaN,NaN,NaN,NaN,NaN
2023-07-19,18.4,19.6,NaN,NaN,NaN,NaN,18.1,NaN,NaN,NaN,NaN,NaN,NaN
2023-07-20,18.4,19.6,NaN,NaN,NaN,NaN,18.1,NaN,NaN,NaN,NaN,NaN,NaN
2023-07-21,18.4,19.6,NaN,NaN,NaN,NaN,18.1,NaN,NaN,NaN,NaN,NaN,NaN
2023-07-22,18.5,19.6,NaN,NaN,NaN,NaN,18.1,NaN,NaN,NaN,NaN,NaN,NaN
2023-07-23,18.5,19.6,NaN,NaN,NaN,NaN,18.1,NaN,NaN,NaN,NaN,NaN,NaN
2023-07-24,18.5,19.6,NaN,NaN,NaN,NaN,18.1,NaN,NaN,NaN,NaN,NaN,NaN
2023-07-25,18.5,19.6,NaN,NaN,NaN,NaN,18.1,NaN,NaN,NaN,NaN,NaN,NaN
2023-07-26,18.5,19.6,NaN,NaN,NaN,NaN,18.1,NaN,NaN,NaN,NaN,NaN,NaN
2023-07-27,18.5,19.6,NaN,NaN,NaN,NaN,18.1,NaN,NaN,NaN,NaN,NaN,NaN
2023-07-28,18.5,19.6,NaN,NaN,NaN,NaN,18.1,NaN,NaN,NaN,NaN,NaN,NaN
2023-07-29,18.5,19.6,NaN,NaN,NaN,NaN,18.1,NaN,NaN,NaN,NaN,NaN,NaN
2023-07-30,18.6,19.6,NaN,NaN,NaN,NaN,18.1,NaN,NaN,NaN,NaN,NaN,NaN
2023-07-31,18.6,19.6,NaN,NaN,NaN,NaN,NaN,NaN,NaN,NaN,NaN,NaN,NaN
2023-08-01,18.6,19.6,NaN,17.3,NaN,NaN,NaN,NaN,NaN,NaN,NaN,NaN,NaN
2023-08-02,18.6,19.6,NaN,17.3,NaN,NaN,NaN,NaN,NaN,NaN,NaN,NaN,NaN
2023-08-03,18.6,NaN,NaN,17.3,NaN,NaN,NaN,NaN,NaN,NaN,NaN,NaN,NaN
2023-08-04,18.6,NaN,NaN,17.3,NaN,NaN,NaN,NaN,NaN,NaN,NaN,NaN,NaN
2023-08-05,18.6,NaN,NaN,17.3,NaN,NaN,NaN,NaN,NaN,NaN,NaN,NaN,NaN
2023-08-06,18.6,NaN,NaN,17.3,NaN,NaN,NaN,NaN,NaN,NaN,NaN,NaN,NaN
2023-08-07,18.6,NaN,NaN,17.3,NaN,NaN,NaN,NaN,NaN,NaN,NaN,NaN,NaN
2023-08-08,18.6,NaN,NaN,17.3,NaN,NaN,NaN,NaN,NaN,NaN,NaN,NaN,NaN
2023-08-09,18.6,NaN,NaN,17.3,NaN,NaN,NaN,NaN,NaN,NaN,NaN,NaN,NaN
2023-08-10,18.6,NaN,NaN,17.3,NaN,18.1,NaN,NaN,NaN,NaN,NaN,NaN,NaN
2023-08-11,18.6,NaN,NaN,17.3,NaN,18.1,NaN,NaN,NaN,NaN,NaN,NaN,NaN
2023-08-12,18.6,NaN,NaN,17.3,NaN,18.1,NaN,NaN,NaN,NaN,NaN,NaN,NaN
2023-08-13,18.7,NaN,NaN,17.3,NaN,18.1,NaN,NaN,NaN,NaN,NaN,NaN,NaN
2023-08-14,18.7,NaN,NaN,17.3,NaN,18.1,NaN,NaN,NaN,NaN,NaN,NaN,NaN
2023-08-15,18.7,NaN,18,17.3,NaN,18.1,NaN,NaN,NaN,NaN,NaN,NaN,NaN
2023-08-16,18.7,NaN,18,17.3,NaN,NaN,NaN,NaN,NaN,NaN,NaN,NaN,NaN
2023-08-17,18.7,NaN,18,17.3,NaN,NaN,NaN,NaN,NaN,NaN,NaN,NaN,NaN
2023-08-18,18.7,NaN,18,17.3,NaN,NaN,NaN,NaN,NaN,NaN,NaN,NaN,NaN
2023-08-19,18.7,NaN,18,17.3,NaN,NaN,NaN,NaN,NaN,NaN,NaN,NaN,NaN
2023-08-20,18.7,NaN,18,17.3,NaN,NaN,NaN,NaN,NaN,NaN,NaN,NaN,NaN
2023-08-21,18.7,19,18,18.2,NaN,NaN,19.7,NaN,NaN,NaN,NaN,NaN,NaN
2023-08-22,18.7,19,18,18.2,NaN,NaN,19.7,NaN,NaN,NaN,NaN,NaN,NaN
2023-08-23,18.8,19,18,18.2,NaN,NaN,19.7,NaN,NaN,NaN,NaN,NaN,NaN
2023-08-24,18.5,19,18,18.2,NaN,NaN,19.7,NaN,NaN,NaN,NaN,NaN,NaN
2023-08-25,18.6,19,18,18.2,NaN,NaN,19.7,NaN,NaN,NaN,NaN,NaN,NaN
2023-08-26,18.6,19,18,18.2,NaN,NaN,19.7,NaN,NaN,NaN,NaN,NaN,NaN
2023-08-27,18.6,19,18,18.2,NaN,NaN,19.7,NaN,NaN,NaN,NaN,NaN,NaN
2023-08-28,18.7,19,NaN,18.2,NaN,NaN,19.7,NaN,NaN,NaN,NaN,NaN,NaN
2023-08-29,18.7,19,NaN,18.2,NaN,NaN,19.7,NaN,NaN,NaN,NaN,NaN,NaN
2023-08-30,18.8,19,NaN,18.2,NaN,NaN,19.7,NaN,NaN,NaN,NaN,NaN,NaN
2023-08-31,18.8,19,NaN,18.2,NaN,NaN,19.7,NaN,NaN,NaN,NaN,NaN,NaN
2023-09-01,19,19,NaN,18.2,NaN,NaN,19.7,NaN,NaN,NaN,NaN,NaN,NaN
2023-09-02,18.9,19,NaN,18.2,NaN,NaN,19.7,NaN,NaN,NaN,NaN,NaN,NaN
2023-09-03,18.9,19,NaN,18.2,NaN,NaN,19.7,NaN,NaN,NaN,NaN,NaN,NaN
2023-09-04,19,19,NaN,18.2,NaN,NaN,NaN,NaN,NaN,NaN,NaN,NaN,NaN
2023-09-05,19,19,NaN,18.2,NaN,NaN,NaN,NaN,NaN,NaN,NaN,NaN,NaN
2023-09-06,19.1,NaN,NaN,18.2,NaN,NaN,NaN,NaN,NaN,NaN,NaN,NaN,NaN
2023-09-07,19.2,NaN,NaN,18.2,NaN,20.8,NaN,NaN,NaN,NaN,NaN,NaN,NaN
2023-09-08,19.2,NaN,NaN,18.2,NaN,20.8,NaN,NaN,NaN,NaN,NaN,NaN,NaN
2023-09-09,19.3,NaN,NaN,18.2,NaN,20.8,NaN,NaN,NaN,NaN,NaN,NaN,NaN
2023-09-10,19.3,NaN,NaN,18.2,NaN,20.8,NaN,NaN,NaN,NaN,NaN,NaN,NaN
2023-09-11,19.4,NaN,NaN,18.2,NaN,20.8,NaN,NaN,NaN,NaN,NaN,NaN,NaN
2023-09-12,19.5,NaN,20,18.2,NaN,20.8,NaN,NaN,NaN,NaN,NaN,NaN,NaN
2023-09-13,19.5,NaN,20,18.2,NaN,NaN,NaN,NaN,NaN,NaN,NaN,NaN,NaN
2023-09-14,19.6,NaN,20,18.2,NaN,NaN,NaN,NaN,NaN,NaN,NaN,NaN,NaN
2023-09-15,19.6,NaN,20,18.2,NaN,NaN,NaN,NaN,NaN,NaN,NaN,NaN,NaN
2023-09-16,19.7,NaN,20,18.2,NaN,NaN,NaN,NaN,NaN,NaN,NaN,NaN,NaN
2023-09-17,19.7,NaN,20,18.2,NaN,NaN,NaN,NaN,NaN,NaN,NaN,NaN,NaN
2023-09-18,19.8,NaN,20,20.7,NaN,NaN,20.2,NaN,NaN,NaN,NaN,NaN,NaN
2023-09-19,19.8,NaN,20,20.7,NaN,NaN,20.2,NaN,NaN,NaN,NaN,NaN,NaN
2023-09-20,19.9,NaN,20,20.7,NaN,NaN,20.2,NaN,NaN,NaN,NaN,NaN,NaN
2023-09-21,19.9,NaN,20,20.7,NaN,NaN,20.2,NaN,NaN,NaN,NaN,NaN,NaN
2023-09-22,20,NaN,20,20.7,NaN,NaN,20.2,NaN,NaN,NaN,NaN,NaN,NaN
2023-09-23,20,19.6,20,20.7,NaN,NaN,20.2,NaN,NaN,NaN,NaN,NaN,NaN
2023-09-24,20,19.6,20,20.7,NaN,NaN,20.2,NaN,NaN,NaN,NaN,NaN,NaN
2023-09-25,20.1,19.6,NaN,20.7,NaN,NaN,20.2,NaN,NaN,NaN,NaN,NaN,NaN
2023-09-26,20.1,19.6,NaN,20.7,NaN,NaN,20.2,NaN,NaN,NaN,NaN,NaN,NaN
2023-09-27,20.2,19.6,NaN,20.7,NaN,NaN,20.2,NaN,NaN,NaN,NaN,NaN,NaN
2023-09-28,20.2,19.6,NaN,20.7,NaN,NaN,20.2,NaN,NaN,NaN,NaN,NaN,NaN
2023-09-29,20.3,19.6,NaN,20.7,NaN,NaN,20.2,NaN,NaN,NaN,NaN,NaN,NaN
2023-09-30,20.3,19.6,NaN,20.7,NaN,NaN,20.2,NaN,NaN,NaN,NaN,NaN,NaN
2023-10-01,20.4,19.6,NaN,20.7,NaN,NaN,20.2,NaN,NaN,NaN,NaN,NaN,NaN
2023-10-02,20.4,19.6,NaN,20.7,NaN,NaN,NaN,NaN,NaN,NaN,NaN,NaN,NaN
2023-10-03,20.5,19.6,NaN,20.7,NaN,22.3,NaN,NaN,NaN,NaN,NaN,NaN,NaN
2023-10-04,20.5,19.6,NaN,20.7,NaN,22.3,NaN,NaN,NaN,NaN,NaN,NaN,NaN
2023-10-05,20.6,19.6,NaN,20.7,NaN,22.3,NaN,NaN,NaN,NaN,NaN,NaN,NaN
2023-10-06,20.7,19.6,NaN,20.7,NaN,22.3,NaN,NaN,NaN,NaN,NaN,NaN,NaN
2023-10-07,20.7,19.6,NaN,20.7,NaN,22.3,NaN,NaN,NaN,NaN,NaN,NaN,NaN
2023-10-08,20.8,NaN,NaN,20.7,NaN,22.3,NaN,NaN,NaN,NaN,NaN,NaN,NaN
2023-10-09,20.8,NaN,NaN,20.7,NaN,22.3,NaN,20.6,NaN,NaN,NaN,NaN,NaN
2023-10-10,20.9,NaN,NaN,20.7,NaN,22.3,NaN,20.6,NaN,NaN,NaN,NaN,NaN
2023-10-11,21,NaN,NaN,20.7,NaN,NaN,NaN,20.6,NaN,NaN,NaN,NaN,NaN
2023-10-12,21,NaN,NaN,20.7,NaN,NaN,NaN,20.6,NaN,NaN,NaN,NaN,NaN
2023-10-13,21.1,NaN,NaN,20.7,NaN,NaN,NaN,20.6,NaN,NaN,NaN,NaN,NaN
2023-10-14,21.1,NaN,NaN,20.7,NaN,NaN,NaN,20.6,NaN,NaN,NaN,NaN,NaN
2023-10-15,21.2,NaN,NaN,20.7,NaN,NaN,NaN,20.6,NaN,NaN,NaN,NaN,NaN
2023-10-16,21.2,NaN,21,22.1,NaN,NaN,21.2,20.6,NaN,NaN,NaN,NaN,NaN
2023-10-17,21.2,NaN,21,22.1,NaN,NaN,21.2,20.6,NaN,NaN,NaN,NaN,NaN
2023-10-18,21.3,NaN,21,22.1,NaN,NaN,21.2,20.6,NaN,NaN,NaN,NaN,NaN
2023-10-19,21.3,NaN,21,22.1,NaN,NaN,21.2,20.6,NaN,NaN,NaN,NaN,NaN
2023-10-20,21.3,NaN,21,22.1,NaN,NaN,21.2,20.6,NaN,NaN,NaN,NaN,NaN
2023-10-21,21.4,NaN,21,22.1,NaN,NaN,21.2,20.6,NaN,NaN,NaN,NaN,NaN
2023-10-22,21.4,21.6,21,22.1,NaN,NaN,21.2,20.6,NaN,NaN,NaN,NaN,NaN
2023-10-23,21.4,21.6,21,22.1,NaN,NaN,21.2,NaN,NaN,NaN,NaN,NaN,NaN
2023-10-24,21.4,21.6,21,22.1,NaN,NaN,21.2,NaN,NaN,NaN,NaN,NaN,NaN
2023-10-25,21.5,21.6,21,22.1,NaN,NaN,21.2,NaN,NaN,NaN,NaN,NaN,NaN
2023-10-26,21.5,21.6,21,22.1,NaN,NaN,21.2,NaN,NaN,NaN,NaN,NaN,NaN
2023-10-27,21.5,21.6,21,22.1,NaN,NaN,21.2,NaN,NaN,NaN,NaN,NaN,NaN
2023-10-28,21.5,21.6,21,22.1,NaN,NaN,21.2,NaN,NaN,NaN,NaN,NaN,NaN
2023-10-29,21.5,21.6,21,22.1,NaN,NaN,21.2,NaN,NaN,NaN,NaN,NaN,NaN
2023-10-30,21.6,21.6,21,22.1,NaN,NaN,NaN,NaN,NaN,NaN,NaN,NaN,NaN
2023-10-31,21.6,21.6,NaN,22.1,NaN,NaN,NaN,NaN,NaN,NaN,NaN,NaN,NaN
2023-11-01,21.6,21.6,NaN,22.1,NaN,NaN,NaN,NaN,NaN,NaN,NaN,NaN,NaN
2023-11-02,21.6,21.6,NaN,22.1,NaN,NaN,NaN,NaN,NaN,NaN,NaN,NaN,NaN
2023-11-03,21.6,21.6,NaN,22.1,NaN,22.3,NaN,NaN,NaN,NaN,NaN,NaN,NaN
2023-11-04,21.7,21.6,NaN,22.1,NaN,22.3,NaN,NaN,NaN,NaN,NaN,NaN,NaN
2023-11-05,21.7,21.6,NaN,22.1,NaN,22.3,NaN,NaN,NaN,NaN,NaN,NaN,NaN
2023-11-06,21.7,NaN,NaN,22.1,NaN,22.3,NaN,NaN,NaN,NaN,NaN,NaN,NaN
2023-11-07,21.7,NaN,NaN,22.1,NaN,22.3,NaN,NaN,NaN,NaN,NaN,NaN,NaN
2023-11-08,21.7,NaN,NaN,22.1,NaN,NaN,NaN,NaN,NaN,NaN,NaN,NaN,NaN
2023-11-09,21.8,NaN,NaN,22.1,NaN,NaN,NaN,NaN,NaN,NaN,NaN,NaN,NaN
2023-11-10,21.8,NaN,NaN,22.1,NaN,NaN,NaN,NaN,NaN,NaN,NaN,NaN,NaN
2023-11-11,21.8,NaN,NaN,22.1,NaN,NaN,NaN,NaN,NaN,NaN,NaN,NaN,NaN
2023-11-12,21.9,NaN,NaN,22.1,NaN,NaN,NaN,NaN,NaN,NaN,NaN,NaN,NaN
2023-11-13,21.9,NaN,21,20.6,NaN,NaN,NaN,NaN,NaN,NaN,NaN,NaN,NaN
2023-11-14,21.9,NaN,21,20.6,NaN,NaN,NaN,NaN,NaN,NaN,NaN,NaN,NaN
2023-11-15,22,NaN,21,20.6,NaN,NaN,NaN,NaN,NaN,NaN,NaN,NaN,NaN
2023-11-16,22,NaN,21,20.6,NaN,NaN,NaN,NaN,NaN,NaN,NaN,NaN,NaN
2023-11-17,22,NaN,21,20.6,NaN,NaN,NaN,NaN,NaN,NaN,NaN,NaN,NaN
2023-11-18,22.1,22.9,21,20.6,NaN,NaN,NaN,NaN,NaN,NaN,NaN,NaN,NaN
2023-11-19,22.1,22.9,21,20.6,NaN,NaN,NaN,NaN,NaN,NaN,NaN,NaN,NaN
2023-11-20,22.1,22.9,21,20.6,NaN,NaN,NaN,NaN,NaN,NaN,NaN,NaN,NaN
2023-11-21,22.1,22.9,21,20.6,NaN,NaN,NaN,NaN,NaN,NaN,NaN,NaN,NaN
2023-11-22,22.1,22.9,21,20.6,NaN,NaN,NaN,NaN,NaN,NaN,NaN,NaN,NaN
2023-11-23,22.1,22.9,21,20.6,NaN,NaN,NaN,NaN,NaN,NaN,NaN,NaN,NaN
2023-11-24,22.2,22.9,21,20.6,NaN,NaN,NaN,NaN,NaN,NaN,NaN,NaN,NaN
2023-11-25,22.2,22.9,21,20.6,NaN,NaN,NaN,NaN,NaN,NaN,NaN,NaN,NaN
2023-11-26,22.2,22.9,21,20.6,NaN,NaN,NaN,NaN,NaN,NaN,NaN,NaN,NaN
2023-11-27,22.2,22.9,NaN,20.6,NaN,NaN,22.5,NaN,NaN,NaN,NaN,NaN,NaN
2023-11-28,22.2,22.9,NaN,20.6,NaN,NaN,22.5,NaN,NaN,NaN,NaN,NaN,NaN
2023-11-29,22.2,22.9,NaN,20.6,NaN,NaN,22.5,NaN,NaN,NaN,NaN,NaN,NaN
2023-11-30,22.2,22.9,NaN,20.6,NaN,24.2,22.5,NaN,NaN,NaN,NaN,NaN,NaN
2023-12-01,22.2,22.9,NaN,20.6,NaN,24.2,22.5,NaN,NaN,NaN,NaN,NaN,NaN
2023-12-02,22.2,22.9,NaN,20.6,NaN,24.2,22.5,NaN,NaN,NaN,NaN,NaN,NaN
2023-12-03,22.2,22.9,NaN,20.6,NaN,24.2,22.5,NaN,NaN,NaN,NaN,NaN,NaN
2023-12-04,22.2,22.9,NaN,20.6,NaN,24.2,22.5,NaN,NaN,NaN,NaN,NaN,NaN
2023-12-05,22.2,NaN,24,20.6,NaN,NaN,22.5,NaN,NaN,NaN,NaN,NaN,NaN
2023-12-06,22.2,NaN,24,20.6,NaN,NaN,22.5,NaN,NaN,NaN,NaN,NaN,NaN
2023-12-07,22,NaN,24,20.6,NaN,NaN,22.5,NaN,NaN,NaN,NaN,NaN,NaN
2023-12-08,22,NaN,24,20.6,NaN,NaN,22.5,NaN,NaN,NaN,NaN,NaN,NaN
2023-12-09,22.2,NaN,24,20.6,NaN,NaN,22.5,NaN,NaN,NaN,NaN,NaN,NaN
2023-12-10,22.1,NaN,24,20.6,NaN,NaN,22.5,NaN,NaN,NaN,NaN,NaN,NaN
2023-12-11,22.1,NaN,24,NaN,NaN,NaN,NaN,NaN,NaN,NaN,NaN,NaN,NaN
2023-12-12,22.1,NaN,24,NaN,NaN,NaN,NaN,NaN,NaN,NaN,NaN,NaN,NaN
2023-12-13,22.1,NaN,24,NaN,NaN,NaN,NaN,NaN,NaN,NaN,NaN,NaN,NaN
2023-12-14,22.1,NaN,24,NaN,NaN,NaN,NaN,NaN,NaN,NaN,NaN,NaN,NaN
2023-12-15,22.1,NaN,24,NaN,NaN,NaN,NaN,NaN,NaN,NaN,NaN,NaN,NaN
2023-12-16,22.1,NaN,24,NaN,NaN,NaN,NaN,NaN,NaN,NaN,NaN,NaN,NaN
2023-12-17,22.1,NaN,24,NaN,NaN,NaN,NaN,NaN,NaN,NaN,NaN,NaN,NaN
2023-12-18,22.1,NaN,NaN,NaN,NaN,NaN,NaN,NaN,NaN,NaN,NaN,NaN,NaN
2023-12-19,22.1,NaN,NaN,NaN,NaN,NaN,NaN,NaN,NaN,NaN,NaN,NaN,NaN
2023-12-20,22.1,NaN,NaN,NaN,NaN,NaN,NaN,NaN,NaN,NaN,NaN,NaN,NaN
2023-12-21,22.1,NaN,NaN,NaN,NaN,NaN,NaN,23.3,NaN,NaN,NaN,NaN,NaN
2023-12-22,22.1,21.9,NaN,21.1,NaN,NaN,NaN,23.3,NaN,NaN,NaN,NaN,NaN
2023-12-23,22.1,21.9,NaN,21.1,NaN,NaN,NaN,23.3,NaN,NaN,NaN,NaN,NaN
2023-12-24,22.1,21.9,NaN,21.1,NaN,NaN,NaN,23.3,NaN,NaN,NaN,NaN,NaN
2023-12-25,22.1,21.9,NaN,21.1,NaN,NaN,22.5,23.3,NaN,NaN,NaN,NaN,NaN
2023-12-26,22,21.9,NaN,21.1,NaN,NaN,22.5,23.3,NaN,NaN,NaN,NaN,NaN
2023-12-27,22,21.9,NaN,21.1,NaN,NaN,22.5,23.3,NaN,NaN,NaN,NaN,NaN
2023-12-28,22,21.9,NaN,21.1,NaN,NaN,22.5,23.3,NaN,NaN,NaN,NaN,NaN
2023-12-29,22,21.9,NaN,21.1,NaN,NaN,22.5,23.3,NaN,NaN,NaN,NaN,NaN
2023-12-30,22,21.9,NaN,21.1,NaN,NaN,22.5,23.3,NaN,NaN,NaN,NaN,NaN
2023-12-31,22,21.9,NaN,21.1,NaN,NaN,22.5,23.3,NaN,NaN,NaN,NaN,NaN
2024-01-01,22,21.9,NaN,21.1,NaN,NaN,22.5,23.3,NaN,NaN,NaN,NaN,NaN
2024-01-02,22,21.9,NaN,21.1,NaN,NaN,22.5,23.3,NaN,NaN,NaN,NaN,NaN
2024-01-03,21.9,21.9,NaN,21.1,NaN,NaN,22.5,23.3,NaN,NaN,NaN,NaN,NaN
2024-01-04,21.9,21.9,NaN,21.1,NaN,NaN,22.5,23.3,NaN,NaN,NaN,NaN,NaN
2024-01-05,21.9,21.9,NaN,21.1,NaN,NaN,22.5,23.3,NaN,NaN,NaN,NaN,NaN
2024-01-06,21.9,21.9,NaN,21.1,NaN,NaN,22.5,23.3,NaN,NaN,NaN,NaN,NaN
2024-01-07,21.8,21.9,NaN,21.1,NaN,NaN,22.5,23.3,NaN,NaN,NaN,NaN,NaN
2024-01-08,21.8,21.9,NaN,21.1,NaN,NaN,NaN,23.3,NaN,NaN,NaN,NaN,NaN
2024-01-09,21.8,NaN,NaN,21.1,NaN,NaN,NaN,23.3,NaN,NaN,NaN,NaN,NaN
2024-01-10,21.7,NaN,NaN,21.1,NaN,NaN,NaN,23.3,NaN,NaN,NaN,NaN,NaN
2024-01-11,21.7,NaN,NaN,21.1,NaN,NaN,NaN,23.3,NaN,NaN,NaN,NaN,NaN
2024-01-12,21.7,NaN,NaN,21.1,NaN,NaN,NaN,23.3,NaN,NaN,NaN,NaN,NaN
2024-01-13,21.6,NaN,NaN,21.1,NaN,NaN,NaN,23.3,NaN,NaN,NaN,NaN,NaN
2024-01-14,21.6,NaN,NaN,21.1,NaN,NaN,NaN,23.3,NaN,NaN,NaN,NaN,NaN
2024-01-15,21.6,NaN,NaN,21.1,NaN,NaN,NaN,23.3,NaN,NaN,NaN,NaN,NaN
2024-01-16,21.5,NaN,21,21.1,NaN,NaN,NaN,23.3,NaN,NaN,NaN,NaN,NaN
2024-01-17,21.5,NaN,21,21.1,NaN,NaN,NaN,23.3,NaN,NaN,NaN,NaN,NaN
2024-01-18,21.5,NaN,21,21.1,NaN,NaN,NaN,23.3,NaN,NaN,NaN,NaN,NaN
2024-01-19,21.5,NaN,21,21.1,NaN,NaN,NaN,23.3,NaN,NaN,NaN,NaN,NaN
2024-01-20,21.4,NaN,21,21.1,NaN,NaN,NaN,23.3,NaN,NaN,NaN,NaN,NaN
2024-01-21,21.4,NaN,21,21.1,NaN,NaN,NaN,23.3,NaN,NaN,NaN,NaN,NaN
2024-01-22,21.4,NaN,21,20.5,NaN,22.4,21.4,23.3,NaN,NaN,NaN,NaN,NaN
2024-01-23,21.4,NaN,21,20.5,NaN,22.4,21.4,NaN,NaN,NaN,NaN,NaN,NaN
2024-01-24,21.4,NaN,21,20.5,NaN,22.4,21.4,NaN,NaN,NaN,NaN,NaN,NaN
2024-01-25,21.3,NaN,21,20.5,NaN,22.4,21.4,NaN,NaN,NaN,NaN,NaN,NaN
2024-01-26,21.3,NaN,21,20.5,NaN,22.4,21.4,NaN,NaN,NaN,NaN,NaN,NaN
2024-01-27,21.3,21.2,21,20.5,NaN,NaN,21.4,NaN,NaN,NaN,NaN,NaN,NaN
2024-01-28,21.2,21.2,21,20.5,NaN,NaN,21.4,NaN,NaN,NaN,NaN,NaN,NaN
2024-01-29,21.2,21.2,NaN,20.5,NaN,NaN,21.4,NaN,NaN,NaN,NaN,NaN,NaN
2024-01-30,21.2,21.2,NaN,20.5,NaN,NaN,21.4,NaN,NaN,NaN,NaN,NaN,NaN
2024-01-31,21.2,21.2,NaN,20.5,NaN,NaN,21.4,NaN,NaN,NaN,NaN,NaN,NaN
2024-02-01,21.1,21.2,NaN,20.5,NaN,NaN,21.4,NaN,NaN,NaN,NaN,NaN,NaN
2024-02-02,21.1,21.2,NaN,20.5,NaN,NaN,21.4,NaN,NaN,NaN,NaN,NaN,NaN
2024-02-03,21.1,21.2,NaN,20.5,NaN,NaN,21.4,NaN,NaN,NaN,NaN,NaN,NaN
2024-02-04,21,21.2,NaN,20.5,NaN,NaN,21.4,NaN,NaN,NaN,NaN,NaN,NaN
2024-02-05,21,21.2,NaN,20.5,NaN,NaN,NaN,NaN,NaN,NaN,NaN,NaN,NaN
2024-02-06,21,21.2,NaN,20.5,NaN,NaN,NaN,NaN,NaN,NaN,NaN,NaN,NaN
2024-02-07,21,21.2,NaN,20.5,NaN,NaN,NaN,NaN,NaN,NaN,NaN,NaN,NaN
2024-02-08,20.9,21.2,NaN,20.5,NaN,NaN,NaN,NaN,NaN,NaN,NaN,NaN,NaN
2024-02-09,20.9,21.2,NaN,20.5,NaN,NaN,NaN,NaN,NaN,NaN,NaN,NaN,NaN
2024-02-10,20.9,21.2,NaN,20.5,NaN,NaN,NaN,NaN,NaN,NaN,NaN,NaN,NaN
2024-02-11,20.9,21.2,NaN,20.5,NaN,NaN,NaN,NaN,NaN,NaN,NaN,NaN,NaN
2024-02-12,20.9,NaN,NaN,20.5,NaN,NaN,NaN,NaN,NaN,NaN,NaN,NaN,NaN
2024-02-13,20.8,NaN,21,20.5,NaN,NaN,NaN,NaN,NaN,NaN,NaN,NaN,NaN
2024-02-14,20.8,NaN,21,20.5,NaN,NaN,NaN,NaN,NaN,NaN,NaN,NaN,NaN
2024-02-15,20.8,NaN,21,20.5,NaN,20.4,20.4,NaN,NaN,NaN,NaN,NaN,NaN
2024-02-16,20.8,NaN,21,20.5,NaN,20.4,20.4,NaN,NaN,NaN,NaN,NaN,NaN
2024-02-17,20.8,NaN,21,20.5,NaN,20.4,20.4,NaN,NaN,NaN,NaN,NaN,NaN
2024-02-18,20.7,NaN,21,20.5,NaN,20.4,20.4,NaN,NaN,NaN,NaN,NaN,NaN
2024-02-19,20.7,NaN,21,19.1,NaN,NaN,20.7,NaN,NaN,NaN,NaN,NaN,NaN
2024-02-20,20.7,NaN,21,19.1,NaN,NaN,20.7,NaN,NaN,NaN,NaN,NaN,NaN
2024-02-21,20.7,NaN,21,19.1,NaN,NaN,20.7,NaN,NaN,NaN,NaN,NaN,NaN
2024-02-22,20.7,20.8,21,19.1,NaN,NaN,20.7,NaN,NaN,NaN,NaN,NaN,NaN
2024-02-23,20.6,20.8,21,19.1,NaN,NaN,20.7,NaN,NaN,NaN,NaN,NaN,NaN
2024-02-24,20.6,20.8,21,19.1,NaN,NaN,20.7,NaN,NaN,NaN,NaN,NaN,NaN
2024-02-25,20.6,20.8,21,19.1,NaN,NaN,20.7,NaN,NaN,NaN,NaN,NaN,NaN
2024-02-26,20.6,20.8,NaN,19.1,NaN,NaN,20.7,NaN,NaN,NaN,NaN,NaN,NaN
2024-02-27,20.6,20.8,NaN,19.1,NaN,NaN,20.7,NaN,NaN,NaN,NaN,NaN,NaN
2024-02-28,20.6,20.8,NaN,19.1,NaN,NaN,20.7,NaN,NaN,NaN,NaN,NaN,NaN
2024-02-29,20.5,20.8,NaN,19.1,NaN,NaN,20.7,NaN,NaN,NaN,NaN,NaN,NaN
2024-03-01,20.5,20.8,NaN,19.1,NaN,NaN,20.7,NaN,NaN,NaN,NaN,NaN,NaN
2024-03-02,20.5,20.8,NaN,19.1,NaN,NaN,20.7,NaN,NaN,NaN,NaN,NaN,NaN
2024-03-03,20.5,20.8,NaN,19.1,NaN,NaN,20.7,NaN,NaN,NaN,NaN,NaN,NaN
2024-03-04,20.5,20.8,NaN,19.1,NaN,NaN,NaN,NaN,NaN,NaN,NaN,NaN,NaN
2024-03-05,20.5,20.8,NaN,19.1,NaN,NaN,NaN,NaN,NaN,NaN,NaN,NaN,NaN
2024-03-06,20.4,20.8,NaN,19.1,NaN,NaN,NaN,NaN,NaN,NaN,NaN,NaN,NaN
2024-03-07,20.4,20.8,NaN,19.1,NaN,NaN,NaN,NaN,NaN,NaN,NaN,NaN,NaN
2024-03-08,20.4,20.8,NaN,19.1,NaN,NaN,NaN,NaN,NaN,NaN,NaN,NaN,NaN
2024-03-09,20.4,20.8,NaN,19.1,NaN,NaN,NaN,NaN,NaN,NaN,NaN,NaN,NaN
2024-03-10,20.4,20.8,NaN,19.1,NaN,NaN,NaN,NaN,NaN,NaN,NaN,NaN,NaN
2024-03-11,20.4,20.8,NaN,19.1,NaN,NaN,NaN,NaN,NaN,NaN,NaN,NaN,NaN
2024-03-12,20.4,NaN,19,19.1,NaN,NaN,NaN,NaN,NaN,NaN,NaN,NaN,NaN
2024-03-13,20.4,NaN,19,19.1,NaN,NaN,NaN,NaN,NaN,NaN,NaN,NaN,NaN
2024-03-14,20.4,NaN,19,19.1,NaN,NaN,NaN,NaN,NaN,NaN,NaN,NaN,NaN
2024-03-15,20.3,NaN,19,19.1,NaN,NaN,NaN,NaN,NaN,NaN,NaN,NaN,NaN
2024-03-16,20.3,NaN,19,19.1,NaN,NaN,NaN,NaN,NaN,NaN,NaN,NaN,NaN
2024-03-17,20.3,NaN,19,19.1,NaN,NaN,NaN,NaN,NaN,NaN,NaN,NaN,NaN
2024-03-18,20.3,NaN,19,NaN,NaN,NaN,NaN,NaN,NaN,NaN,NaN,NaN,NaN
2024-03-19,20.5,NaN,19,NaN,NaN,NaN,NaN,NaN,NaN,NaN,NaN,NaN,NaN
2024-03-20,20.5,NaN,19,NaN,NaN,NaN,NaN,NaN,NaN,NaN,NaN,NaN,NaN
2024-03-21,20.5,NaN,19,NaN,NaN,NaN,NaN,NaN,NaN,NaN,NaN,NaN,NaN
2024-03-22,20.5,NaN,19,NaN,NaN,NaN,NaN,NaN,NaN,NaN,NaN,NaN,NaN
2024-03-23,20.3,NaN,19,NaN,NaN,NaN,NaN,NaN,NaN,NaN,NaN,NaN,NaN
2024-03-24,20.3,20.8,19,NaN,NaN,NaN,NaN,NaN,NaN,NaN,NaN,NaN,NaN
2024-03-25,20.3,20.8,NaN,19.6,NaN,NaN,19.5,NaN,NaN,NaN,NaN,NaN,NaN
2024-03-26,20.3,20.8,NaN,19.6,NaN,NaN,19.5,NaN,NaN,NaN,NaN,NaN,NaN
2024-03-27,20.3,20.8,NaN,19.6,NaN,NaN,19.5,NaN,NaN,NaN,NaN,NaN,NaN
2024-03-28,20.3,20.8,NaN,19.6,NaN,NaN,19.5,NaN,NaN,NaN,NaN,NaN,NaN
2024-03-29,20.3,20.8,NaN,19.6,NaN,NaN,19.5,NaN,NaN,NaN,NaN,NaN,NaN
2024-03-30,20.3,20.8,NaN,19.6,NaN,NaN,19.5,NaN,NaN,NaN,NaN,NaN,NaN
2024-03-31,20.3,20.8,NaN,19.6,NaN,NaN,19.5,NaN,NaN,NaN,NaN,NaN,NaN
2024-04-01,20.3,20.8,NaN,19.6,NaN,NaN,19.5,NaN,NaN,NaN,NaN,NaN,NaN
2024-04-02,20.4,20.8,NaN,19.6,NaN,NaN,19.5,NaN,NaN,NaN,NaN,NaN,NaN
2024-04-03,20.4,20.8,NaN,19.6,NaN,NaN,19.5,NaN,NaN,NaN,NaN,NaN,NaN
2024-04-04,20.4,20.8,NaN,19.6,NaN,NaN,19.5,NaN,NaN,NaN,NaN,NaN,NaN
2024-04-05,20.4,20.8,NaN,19.6,NaN,NaN,19.5,NaN,NaN,NaN,NaN,NaN,NaN
2024-04-06,20.3,20.8,NaN,19.6,NaN,NaN,19.5,NaN,NaN,NaN,NaN,NaN,NaN
2024-04-07,20.4,20.8,NaN,19.6,NaN,NaN,19.5,NaN,NaN,NaN,NaN,NaN,NaN
2024-04-08,20.4,20.8,NaN,19.6,NaN,NaN,NaN,NaN,NaN,NaN,NaN,NaN,NaN
2024-04-09,20.4,NaN,21,19.6,NaN,NaN,NaN,NaN,NaN,NaN,NaN,NaN,NaN
2024-04-10,20.4,NaN,21,19.6,NaN,NaN,NaN,NaN,NaN,NaN,NaN,NaN,NaN
2024-04-11,20.4,NaN,21,19.6,NaN,NaN,NaN,NaN,NaN,NaN,NaN,NaN,NaN
2024-04-12,20.4,NaN,21,19.6,NaN,NaN,NaN,NaN,NaN,NaN,NaN,NaN,NaN
2024-04-13,20.4,NaN,21,19.6,NaN,NaN,NaN,NaN,NaN,NaN,NaN,NaN,NaN
2024-04-14,20.4,NaN,21,19.6,NaN,NaN,NaN,NaN,NaN,NaN,NaN,NaN,NaN
2024-04-15,20.4,NaN,21,19.6,NaN,NaN,NaN,NaN,NaN,NaN,NaN,NaN,NaN
2024-04-16,20.4,NaN,21,19.6,NaN,NaN,NaN,NaN,NaN,NaN,NaN,NaN,NaN
2024-04-17,20.4,NaN,21,19.6,NaN,NaN,NaN,NaN,NaN,NaN,NaN,NaN,NaN
2024-04-18,20.4,NaN,21,19.6,NaN,NaN,NaN,NaN,NaN,NaN,NaN,NaN,NaN
2024-04-19,20.4,NaN,21,19.6,NaN,NaN,NaN,NaN,NaN,NaN,NaN,NaN,NaN
2024-04-20,20.4,NaN,21,19.6,NaN,NaN,NaN,NaN,NaN,NaN,NaN,NaN,NaN
2024-04-21,20.4,NaN,21,19.6,NaN,NaN,NaN,NaN,NaN,NaN,NaN,NaN,NaN
2024-04-22,20.5,NaN,NaN,19.6,NaN,NaN,20.2,NaN,NaN,NaN,NaN,NaN,NaN
2024-04-23,20.5,NaN,NaN,19.6,NaN,NaN,20.2,NaN,NaN,NaN,NaN,NaN,NaN
2024-04-24,20.5,NaN,NaN,19.6,NaN,NaN,20.2,NaN,NaN,NaN,NaN,NaN,NaN
2024-04-25,20.3,NaN,NaN,19.6,NaN,NaN,20.2,NaN,NaN,NaN,NaN,NaN,NaN
2024-04-26,20.3,NaN,NaN,19.6,NaN,NaN,20.2,NaN,NaN,NaN,NaN,NaN,NaN
2024-04-27,20.5,NaN,NaN,19.6,NaN,NaN,20.2,NaN,NaN,NaN,NaN,NaN,NaN
2024-04-28,20.5,NaN,NaN,19.6,NaN,NaN,20.2,NaN,NaN,NaN,NaN,NaN,NaN
2024-04-29,20.5,21,NaN,19.6,NaN,NaN,20.2,NaN,NaN,NaN,NaN,NaN,NaN
2024-04-30,20.5,21,NaN,19.6,NaN,NaN,20.2,NaN,NaN,NaN,NaN,NaN,NaN
2024-05-01,20.6,21,NaN,19.6,NaN,NaN,20.2,NaN,NaN,NaN,NaN,NaN,NaN
2024-05-02,20.6,21,NaN,19.6,19.5,NaN,20.2,NaN,NaN,NaN,NaN,NaN,NaN
2024-05-03,20.6,21,NaN,19.6,19.5,NaN,20.2,NaN,NaN,NaN,NaN,NaN,NaN
2024-05-04,20.6,21,NaN,19.6,19.5,NaN,20.2,NaN,NaN,NaN,NaN,NaN,NaN
2024-05-05,20.6,21,NaN,19.6,19.5,NaN,20.2,NaN,NaN,NaN,NaN,NaN,NaN
2024-05-06,20.6,21,NaN,19.6,19.5,NaN,NaN,NaN,NaN,NaN,NaN,NaN,NaN
2024-05-07,20.5,21,19,19.6,19.5,NaN,NaN,NaN,NaN,NaN,NaN,NaN,NaN
2024-05-08,20.5,21,19,19.6,19.5,NaN,NaN,NaN,NaN,NaN,NaN,NaN,NaN
2024-05-09,20.4,21,19,19.6,19.5,NaN,NaN,NaN,NaN,NaN,NaN,NaN,NaN
2024-05-10,20.4,21,19,19.6,19.5,NaN,NaN,NaN,NaN,NaN,NaN,NaN,NaN
2024-05-11,20.4,21,19,19.6,19.5,NaN,NaN,NaN,NaN,NaN,NaN,NaN,NaN
2024-05-12,20.4,21,19,19.6,19.5,NaN,NaN,NaN,NaN,NaN,NaN,NaN,NaN
2024-05-13,20.3,21,19,19.6,19.5,NaN,NaN,NaN,NaN,NaN,NaN,NaN,NaN
2024-05-14,20.3,21,19,19.6,19.5,NaN,NaN,NaN,NaN,NaN,NaN,NaN,NaN
2024-05-15,20.3,NaN,19,19.6,19.5,NaN,NaN,NaN,NaN,NaN,NaN,NaN,NaN
2024-05-16,20.3,NaN,19,19.6,19.5,NaN,NaN,NaN,NaN,NaN,NaN,NaN,NaN
2024-05-17,20.3,NaN,19,19.6,19.5,NaN,NaN,NaN,NaN,NaN,NaN,NaN,NaN
2024-05-18,20.3,NaN,19,19.6,19.5,NaN,NaN,NaN,NaN,NaN,NaN,NaN,NaN
2024-05-19,20.2,NaN,19,19.6,19.5,NaN,NaN,NaN,NaN,NaN,NaN,NaN,NaN
2024-05-20,20.2,NaN,NaN,NaN,19.5,NaN,NaN,NaN,NaN,NaN,NaN,NaN,NaN
2024-05-21,20.2,NaN,NaN,NaN,19.5,NaN,NaN,NaN,NaN,NaN,NaN,NaN,NaN
2024-05-22,20.1,NaN,NaN,NaN,19.5,NaN,NaN,NaN,NaN,NaN,NaN,NaN,NaN
2024-05-23,20.1,NaN,NaN,NaN,19.5,NaN,NaN,NaN,NaN,NaN,NaN,NaN,NaN
2024-05-24,20.1,NaN,NaN,NaN,19.5,NaN,NaN,NaN,NaN,NaN,NaN,NaN,NaN
2024-05-25,20,NaN,NaN,NaN,19.5,NaN,NaN,NaN,NaN,NaN,NaN,NaN,NaN
2024-05-26,20,NaN,NaN,NaN,19.5,NaN,NaN,NaN,NaN,NaN,NaN,NaN,NaN
2024-05-27,20,NaN,NaN,NaN,19.5,NaN,NaN,NaN,NaN,NaN,NaN,NaN,NaN
2024-05-28,19.9,NaN,NaN,NaN,19.5,NaN,NaN,NaN,NaN,NaN,NaN,NaN,NaN
2024-05-29,19.9,NaN,NaN,NaN,19.5,NaN,NaN,NaN,NaN,NaN,NaN,NaN,NaN
2024-05-30,19.9,NaN,NaN,NaN,19.5,NaN,NaN,NaN,NaN,NaN,NaN,NaN,NaN
2024-05-31,19.8,NaN,NaN,NaN,NaN,NaN,NaN,NaN,NaN,NaN,NaN,NaN,NaN
2024-06-01,19.8,NaN,NaN,NaN,NaN,NaN,NaN,NaN,NaN,NaN,NaN,NaN,NaN
2024-06-02,19.7,21.3,NaN,NaN,NaN,NaN,NaN,NaN,NaN,NaN,NaN,NaN,NaN
2024-06-03,19.7,21.3,NaN,NaN,NaN,NaN,19.1,NaN,NaN,NaN,NaN,NaN,NaN
2024-06-04,19.7,21.3,19,NaN,NaN,NaN,19.1,18.4,NaN,NaN,NaN,NaN,NaN
2024-06-05,19.6,21.3,19,NaN,NaN,NaN,19.1,18.4,NaN,NaN,NaN,NaN,NaN
2024-06-06,19.6,21.3,19,NaN,NaN,NaN,19.1,18.4,NaN,NaN,NaN,NaN,NaN
2024-06-07,19.6,21.3,19,NaN,NaN,NaN,19.1,NaN,NaN,NaN,NaN,NaN,NaN
2024-06-08,19.6,21.3,19,NaN,NaN,NaN,19.1,NaN,NaN,NaN,NaN,NaN,NaN
2024-06-09,19.6,21.3,19,NaN,NaN,NaN,19.1,NaN,NaN,NaN,NaN,NaN,NaN
2024-06-10,19.6,21.3,19,20.1,NaN,NaN,19.1,NaN,NaN,NaN,NaN,NaN,NaN
2024-06-11,19.5,21.3,19,20.1,NaN,NaN,19.1,NaN,NaN,NaN,NaN,NaN,NaN
2024-06-12,19.5,NaN,19,20.1,NaN,NaN,19.1,NaN,NaN,NaN,NaN,NaN,NaN
2024-06-13,19.5,NaN,19,20.1,NaN,NaN,19.1,NaN,NaN,NaN,NaN,NaN,NaN
2024-06-14,19.5,NaN,19,20.1,NaN,NaN,19.1,NaN,NaN,NaN,NaN,NaN,NaN
2024-06-15,19.4,NaN,19,20.1,NaN,NaN,19.1,NaN,NaN,NaN,NaN,NaN,NaN
2024-06-16,19.4,NaN,19,20.1,NaN,NaN,19.1,NaN,NaN,NaN,NaN,NaN,NaN
2024-06-17,19.4,NaN,NaN,20.1,NaN,NaN,NaN,NaN,NaN,NaN,NaN,NaN,NaN
2024-06-18,19.4,NaN,NaN,NaN,NaN,NaN,NaN,NaN,NaN,NaN,NaN,NaN,NaN
2024-06-19,19.3,NaN,NaN,NaN,NaN,NaN,NaN,NaN,NaN,NaN,NaN,NaN,NaN
2024-06-20,19.3,NaN,NaN,NaN,NaN,NaN,NaN,NaN,NaN,NaN,NaN,NaN,NaN
2024-06-21,19.3,NaN,NaN,NaN,NaN,NaN,NaN,NaN,NaN,NaN,NaN,NaN,NaN
2024-06-22,19.3,NaN,NaN,NaN,NaN,NaN,NaN,NaN,NaN,NaN,NaN,NaN,NaN
2024-06-23,19.3,NaN,NaN,NaN,NaN,NaN,NaN,NaN,NaN,NaN,NaN,NaN,NaN
2024-06-24,19.3,NaN,NaN,NaN,NaN,NaN,NaN,NaN,NaN,NaN,NaN,NaN,NaN
2024-06-25,19.6,NaN,NaN,NaN,NaN,NaN,NaN,NaN,NaN,NaN,NaN,NaN,NaN
2024-06-26,19.6,NaN,NaN,NaN,NaN,NaN,NaN,NaN,NaN,NaN,NaN,NaN,NaN
2024-06-27,19.5,NaN,NaN,NaN,NaN,NaN,NaN,NaN,NaN,NaN,NaN,NaN,NaN
2024-06-28,19.5,NaN,NaN,NaN,NaN,NaN,NaN,NaN,NaN,NaN,NaN,NaN,NaN
2024-06-29,19.5,NaN,NaN,NaN,NaN,NaN,NaN,NaN,NaN,NaN,NaN,NaN,NaN
2024-06-30,19.5,NaN,NaN,NaN,NaN,NaN,NaN,NaN,NaN,NaN,NaN,NaN,NaN
2024-07-01,19.5,20.3,NaN,NaN,NaN,NaN,NaN,NaN,NaN,NaN,NaN,NaN,NaN
2024-07-02,19.4,20.3,NaN,NaN,NaN,NaN,NaN,NaN,NaN,NaN,NaN,NaN,NaN
2024-07-03,19.4,20.3,NaN,NaN,NaN,20.8,NaN,NaN,NaN,NaN,NaN,NaN,NaN
2024-07-04,19.4,20.3,NaN,NaN,NaN,20.8,NaN,NaN,NaN,NaN,NaN,NaN,NaN
2024-07-05,19.4,20.3,NaN,NaN,NaN,20.8,NaN,NaN,NaN,NaN,NaN,NaN,NaN
2024-07-06,19.3,20.3,NaN,NaN,NaN,20.8,NaN,NaN,NaN,NaN,NaN,NaN,NaN
2024-07-07,19.3,20.3,NaN,NaN,NaN,20.8,NaN,NaN,NaN,NaN,NaN,NaN,NaN
2024-07-08,19.3,20.3,NaN,NaN,NaN,20.8,NaN,NaN,NaN,NaN,NaN,NaN,NaN
2024-07-09,19.3,20.3,NaN,NaN,NaN,20.8,NaN,NaN,NaN,NaN,NaN,NaN,NaN
2024-07-10,19.3,20.3,NaN,NaN,NaN,20.8,NaN,NaN,NaN,NaN,NaN,NaN,NaN
2024-07-11,19.3,20.3,NaN,NaN,NaN,NaN,NaN,NaN,NaN,NaN,NaN,NaN,NaN
2024-07-12,19.2,20.3,NaN,NaN,NaN,NaN,NaN,NaN,NaN,NaN,NaN,NaN,NaN
2024-07-13,19.2,20.3,NaN,NaN,NaN,NaN,NaN,NaN,NaN,NaN,NaN,NaN,NaN
2024-07-14,19.2,20.3,NaN,NaN,NaN,NaN,NaN,NaN,NaN,NaN,NaN,NaN,NaN
2024-07-15,19.2,20.3,NaN,NaN,NaN,NaN,NaN,NaN,NaN,NaN,NaN,NaN,NaN
2024-07-16,19.2,NaN,NaN,NaN,NaN,NaN,NaN,NaN,NaN,NaN,NaN,NaN,NaN
2024-07-17,19.2,NaN,NaN,NaN,NaN,NaN,NaN,NaN,NaN,NaN,NaN,NaN,NaN
2024-07-18,19.2,NaN,NaN,NaN,NaN,NaN,NaN,NaN,NaN,NaN,NaN,NaN,NaN
2024-07-19,19.2,NaN,NaN,NaN,NaN,NaN,NaN,NaN,NaN,NaN,NaN,NaN,NaN
2024-07-20,19.2,NaN,NaN,NaN,NaN,NaN,NaN,NaN,NaN,NaN,NaN,NaN,NaN
2024-07-21,19.2,NaN,NaN,NaN,NaN,NaN,NaN,NaN,NaN,NaN,NaN,NaN,NaN
2024-07-22,19.3,NaN,NaN,NaN,NaN,NaN,NaN,NaN,NaN,NaN,NaN,NaN,NaN
2024-07-23,19.3,NaN,NaN,NaN,NaN,NaN,NaN,NaN,NaN,NaN,NaN,NaN,NaN
2024-07-24,19.3,NaN,NaN,NaN,NaN,NaN,NaN,NaN,NaN,NaN,NaN,NaN,NaN
2024-07-25,19.3,NaN,NaN,NaN,NaN,NaN,NaN,NaN,NaN,NaN,NaN,NaN,NaN
2024-07-26,19.3,NaN,NaN,NaN,NaN,NaN,NaN,NaN,NaN,NaN,NaN,NaN,NaN
2024-07-27,19.3,NaN,NaN,NaN,NaN,NaN,NaN,NaN,NaN,NaN,NaN,NaN,NaN
2024-07-28,19.2,NaN,NaN,NaN,NaN,NaN,NaN,NaN,NaN,NaN,NaN,NaN,NaN
2024-07-29,19.2,NaN,NaN,17.5,NaN,NaN,19.9,NaN,NaN,NaN,NaN,NaN,NaN
2024-07-30,19.2,NaN,NaN,17.5,NaN,NaN,19.9,NaN,NaN,NaN,NaN,NaN,NaN
2024-07-31,19.2,NaN,NaN,17.5,NaN,NaN,19.9,NaN,NaN,NaN,NaN,NaN,NaN
2024-08-01,19.1,NaN,NaN,17.5,NaN,NaN,19.9,NaN,NaN,NaN,NaN,NaN,NaN
2024-08-02,19.2,NaN,NaN,17.5,NaN,NaN,19.9,NaN,NaN,NaN,NaN,NaN,NaN
2024-08-03,19.2,NaN,NaN,17.5,NaN,NaN,19.9,NaN,NaN,NaN,NaN,NaN,NaN
2024-08-04,19.2,NaN,NaN,17.5,NaN,NaN,19.9,NaN,NaN,NaN,NaN,NaN,NaN
2024-08-05,19.2,NaN,NaN,17.5,NaN,NaN,19.9,NaN,NaN,NaN,NaN,NaN,NaN
2024-08-06,19.3,19.6,NaN,17.5,NaN,NaN,19.9,NaN,NaN,NaN,NaN,NaN,NaN
2024-08-07,19.3,19.6,NaN,17.5,NaN,NaN,19.9,NaN,NaN,NaN,NaN,NaN,NaN
2024-08-08,19.3,19.6,NaN,17.5,NaN,21.4,19.9,NaN,NaN,NaN,NaN,NaN,NaN
2024-08-09,19.3,19.6,NaN,17.5,NaN,21.4,19.9,NaN,NaN,NaN,NaN,NaN,NaN
2024-08-10,19.3,19.6,NaN,17.5,NaN,21.4,19.9,NaN,NaN,NaN,NaN,NaN,NaN
2024-08-11,19.3,19.6,NaN,17.5,NaN,21.4,19.9,NaN,NaN,NaN,NaN,NaN,NaN
2024-08-12,19.3,19.6,NaN,17.5,NaN,21.4,NaN,NaN,NaN,NaN,NaN,NaN,NaN
2024-08-13,19.3,19.6,20,17.5,NaN,21.4,NaN,NaN,NaN,NaN,NaN,NaN,NaN
2024-08-14,19.3,19.6,20,17.5,NaN,NaN,NaN,NaN,NaN,NaN,NaN,NaN,NaN
2024-08-15,19.3,19.6,20,17.5,NaN,NaN,NaN,NaN,NaN,NaN,NaN,NaN,NaN
2024-08-16,19.3,19.6,20,17.5,NaN,NaN,NaN,NaN,NaN,NaN,NaN,NaN,NaN
2024-08-17,19.3,NaN,20,17.5,NaN,NaN,NaN,NaN,NaN,NaN,NaN,NaN,NaN
2024-08-18,19.3,NaN,20,17.5,NaN,NaN,NaN,NaN,NaN,NaN,NaN,NaN,NaN
2024-08-19,19.3,NaN,20,17.5,NaN,NaN,NaN,NaN,NaN,NaN,NaN,NaN,NaN
2024-08-20,19.3,NaN,20,17.5,NaN,NaN,NaN,NaN,NaN,NaN,NaN,NaN,NaN
2024-08-21,19.3,NaN,20,17.5,NaN,NaN,NaN,NaN,NaN,NaN,NaN,NaN,NaN
2024-08-22,19.3,NaN,20,17.5,NaN,NaN,NaN,NaN,NaN,NaN,NaN,NaN,NaN
2024-08-23,19.3,NaN,20,17.5,NaN,NaN,NaN,NaN,NaN,NaN,NaN,NaN,NaN
2024-08-24,19.3,19.9,20,17.5,NaN,NaN,NaN,NaN,NaN,NaN,NaN,NaN,NaN
2024-08-25,19.3,19.9,20,17.5,NaN,NaN,NaN,NaN,NaN,NaN,NaN,NaN,NaN
2024-08-26,19.3,19.9,NaN,NaN,NaN,NaN,18.7,NaN,NaN,NaN,NaN,NaN,NaN
2024-08-27,19.3,19.9,NaN,NaN,NaN,NaN,18.7,NaN,NaN,NaN,NaN,NaN,NaN
2024-08-28,19.3,19.9,NaN,NaN,NaN,NaN,18.7,NaN,NaN,NaN,NaN,NaN,NaN
2024-08-29,19.3,19.9,NaN,NaN,NaN,NaN,18.7,NaN,NaN,NaN,NaN,NaN,NaN
2024-08-30,19.3,19.9,NaN,NaN,NaN,NaN,18.7,NaN,NaN,NaN,NaN,NaN,NaN
2024-08-31,19.3,19.9,NaN,NaN,NaN,NaN,18.7,NaN,NaN,NaN,NaN,NaN,NaN
2024-09-01,19.3,19.9,NaN,NaN,NaN,NaN,18.7,NaN,NaN,NaN,NaN,NaN,NaN
2024-09-02,19.3,19.9,NaN,NaN,NaN,NaN,18.7,NaN,NaN,NaN,NaN,NaN,NaN
2024-09-03,19.3,19.9,21,NaN,NaN,NaN,18.7,NaN,NaN,NaN,NaN,NaN,NaN
2024-09-04,19.3,19.9,21,NaN,NaN,NaN,18.7,NaN,NaN,NaN,NaN,NaN,NaN
2024-09-05,19.3,19.9,21,NaN,NaN,21.6,18.7,NaN,NaN,NaN,NaN,NaN,NaN
2024-09-06,19.3,19.9,21,NaN,NaN,21.6,18.7,NaN,NaN,NaN,NaN,NaN,NaN
2024-09-07,19.4,19.9,21,NaN,NaN,21.6,18.7,NaN,NaN,NaN,NaN,NaN,NaN
2024-09-08,19.4,19.9,21,NaN,NaN,21.6,18.7,NaN,NaN,NaN,NaN,NaN,NaN
2024-09-09,19.4,19.9,21,19.2,NaN,21.6,NaN,NaN,NaN,NaN,NaN,NaN,NaN
2024-09-10,19.4,NaN,21,19.2,NaN,NaN,NaN,NaN,NaN,NaN,NaN,NaN,NaN
2024-09-11,19.4,NaN,21,19.2,NaN,NaN,NaN,NaN,NaN,NaN,NaN,NaN,NaN
2024-09-12,19.4,NaN,21,19.2,NaN,NaN,NaN,NaN,NaN,NaN,NaN,NaN,NaN
2024-09-13,19.4,NaN,21,19.2,NaN,NaN,NaN,NaN,NaN,NaN,NaN,NaN,NaN
2024-09-14,19.4,NaN,21,19.2,NaN,NaN,NaN,NaN,NaN,NaN,NaN,NaN,NaN
2024-09-15,19.5,NaN,21,19.2,NaN,NaN,NaN,NaN,NaN,NaN,NaN,NaN,NaN
2024-09-16,19.5,NaN,NaN,19.2,NaN,NaN,NaN,NaN,NaN,NaN,NaN,NaN,NaN
2024-09-17,19.5,NaN,NaN,19.2,NaN,NaN,NaN,NaN,NaN,NaN,NaN,NaN,NaN
2024-09-18,19.5,NaN,NaN,19.2,NaN,NaN,NaN,NaN,NaN,NaN,NaN,NaN,NaN
2024-09-19,19.5,NaN,NaN,19.2,NaN,NaN,NaN,NaN,NaN,NaN,NaN,NaN,NaN
2024-09-20,19.5,NaN,NaN,19.2,NaN,NaN,NaN,NaN,NaN,NaN,NaN,NaN,NaN
2024-09-21,19.5,NaN,NaN,19.2,NaN,NaN,NaN,NaN,NaN,NaN,NaN,NaN,NaN
2024-09-22,19.5,19.2,NaN,19.2,NaN,NaN,NaN,NaN,NaN,NaN,NaN,NaN,NaN
2024-09-23,19.6,19.2,NaN,NaN,NaN,NaN,19.2,NaN,NaN,NaN,NaN,NaN,NaN
2024-09-24,19.6,19.2,NaN,NaN,NaN,NaN,19.2,NaN,NaN,NaN,NaN,NaN,NaN
2024-09-25,19.6,19.2,NaN,NaN,NaN,NaN,19.2,NaN,NaN,NaN,NaN,NaN,NaN
2024-09-26,19.6,19.2,NaN,NaN,NaN,NaN,19.2,NaN,NaN,NaN,NaN,NaN,NaN
2024-09-27,19.6,19.2,NaN,NaN,NaN,NaN,19.2,NaN,NaN,NaN,NaN,NaN,NaN
2024-09-28,19.6,19.2,NaN,NaN,NaN,NaN,19.2,NaN,NaN,NaN,NaN,NaN,NaN
2024-09-29,19.6,19.2,NaN,NaN,NaN,NaN,19.2,NaN,NaN,NaN,NaN,NaN,NaN
2024-09-30,19.6,19.2,NaN,NaN,NaN,NaN,19.2,NaN,NaN,NaN,NaN,NaN,NaN
2024-10-01,19.6,19.2,NaN,NaN,NaN,NaN,19.2,NaN,NaN,NaN,NaN,NaN,NaN
2024-10-02,19.6,19.2,NaN,NaN,NaN,NaN,19.2,NaN,NaN,NaN,NaN,NaN,NaN
2024-10-03,19.6,19.2,NaN,NaN,NaN,22.6,19.2,NaN,NaN,NaN,NaN,NaN,NaN
2024-10-04,19.6,19.2,NaN,NaN,NaN,22.6,19.2,NaN,NaN,NaN,NaN,NaN,NaN
2024-10-05,19.6,19.2,NaN,NaN,NaN,22.6,19.2,NaN,NaN,NaN,NaN,NaN,NaN
2024-10-06,19.6,19.2,NaN,NaN,NaN,22.6,19.2,NaN,NaN,NaN,NaN,NaN,NaN
2024-10-07,19.6,19.2,19,NaN,NaN,22.6,NaN,NaN,NaN,NaN,NaN,NaN,NaN
2024-10-08,19.6,19.2,19,NaN,NaN,22.6,NaN,NaN,NaN,NaN,NaN,NaN,NaN
2024-10-09,19.7,NaN,19,20.2,NaN,22.6,NaN,NaN,NaN,NaN,NaN,NaN,NaN
2024-10-10,19.7,NaN,19,20.2,NaN,NaN,NaN,NaN,NaN,NaN,NaN,NaN,NaN
2024-10-11,19.7,NaN,19,20.2,NaN,NaN,NaN,NaN,NaN,NaN,NaN,NaN,NaN
2024-10-12,19.7,NaN,19,20.2,NaN,NaN,NaN,NaN,NaN,NaN,NaN,NaN,NaN
2024-10-13,19.7,NaN,19,20.2,NaN,NaN,NaN,NaN,NaN,NaN,NaN,NaN,NaN
2024-10-14,19.7,NaN,19,20.2,NaN,NaN,NaN,NaN,NaN,NaN,NaN,NaN,NaN
2024-10-15,19.8,NaN,19,20.2,NaN,NaN,NaN,NaN,NaN,NaN,NaN,NaN,NaN
2024-10-16,19.8,NaN,19,20.2,NaN,NaN,NaN,NaN,NaN,NaN,NaN,NaN,NaN
2024-10-17,19.8,NaN,19,20.2,NaN,NaN,NaN,NaN,NaN,NaN,NaN,NaN,NaN
2024-10-18,19.8,NaN,19,20.2,NaN,NaN,NaN,NaN,NaN,NaN,NaN,NaN,NaN
2024-10-19,19.8,NaN,19,20.2,NaN,NaN,NaN,NaN,NaN,NaN,NaN,NaN,NaN
2024-10-20,19.8,NaN,19,20.2,NaN,NaN,NaN,NaN,NaN,NaN,NaN,NaN,NaN
2024-10-21,19.8,NaN,NaN,NaN,NaN,NaN,NaN,NaN,NaN,NaN,NaN,NaN,NaN
2024-10-22,19.8,NaN,NaN,NaN,NaN,NaN,NaN,NaN,NaN,NaN,NaN,NaN,NaN
2024-10-23,19.8,NaN,NaN,NaN,NaN,NaN,NaN,NaN,NaN,NaN,NaN,NaN,NaN
2024-10-24,19.8,NaN,NaN,NaN,NaN,NaN,NaN,NaN,NaN,NaN,NaN,NaN,NaN
2024-10-25,19.8,NaN,NaN,NaN,NaN,NaN,NaN,NaN,NaN,NaN,NaN,NaN,NaN
2024-10-26,19.9,19.7,NaN,NaN,NaN,NaN,NaN,NaN,NaN,NaN,NaN,NaN,NaN
2024-10-27,19.9,19.7,NaN,NaN,NaN,NaN,NaN,NaN,NaN,NaN,NaN,NaN,NaN
2024-10-28,19.9,19.7,NaN,NaN,NaN,NaN,18.9,NaN,NaN,NaN,NaN,NaN,NaN
2024-10-29,19.9,19.7,NaN,NaN,NaN,NaN,18.9,NaN,NaN,NaN,NaN,NaN,NaN
2024-10-30,19.9,19.7,NaN,NaN,NaN,NaN,18.9,NaN,NaN,NaN,NaN,NaN,NaN
2024-10-31,19.9,19.7,NaN,NaN,NaN,NaN,18.9,NaN,NaN,NaN,NaN,NaN,NaN
2024-11-01,19.9,19.7,NaN,NaN,NaN,NaN,18.9,NaN,NaN,NaN,NaN,NaN,NaN
2024-11-02,19.9,19.7,NaN,NaN,NaN,NaN,18.9,NaN,NaN,NaN,NaN,NaN,NaN
2024-11-03,19.9,19.7,NaN,NaN,NaN,NaN,18.9,NaN,NaN,NaN,NaN,NaN,NaN
2024-11-04,19.9,19.7,NaN,20.6,NaN,NaN,18.9,NaN,NaN,NaN,NaN,NaN,NaN
2024-11-05,19.9,19.7,21,20.6,NaN,NaN,18.9,NaN,NaN,NaN,NaN,NaN,NaN
2024-11-06,19.9,19.7,21,20.6,NaN,NaN,18.9,NaN,NaN,NaN,NaN,NaN,NaN
2024-11-07,20,19.7,21,20.6,NaN,NaN,18.9,NaN,NaN,NaN,NaN,NaN,NaN
2024-11-08,20,19.7,21,20.6,NaN,NaN,18.9,NaN,NaN,NaN,NaN,NaN,NaN
2024-11-09,20,19.7,21,20.6,NaN,NaN,18.9,NaN,NaN,NaN,NaN,NaN,NaN
2024-11-10,20,19.7,21,20.6,NaN,NaN,18.9,NaN,NaN,NaN,NaN,NaN,NaN
2024-11-11,20,19.7,21,20.6,NaN,NaN,NaN,NaN,NaN,NaN,NaN,NaN,NaN
2024-11-12,20,NaN,21,20.6,NaN,NaN,NaN,NaN,NaN,NaN,NaN,NaN,NaN
2024-11-13,20,NaN,21,20.6,NaN,NaN,NaN,NaN,NaN,NaN,NaN,NaN,NaN
2024-11-14,20,NaN,21,20.6,NaN,21.1,NaN,NaN,NaN,NaN,NaN,NaN,NaN
2024-11-15,20,NaN,21,20.6,NaN,21.1,NaN,NaN,NaN,NaN,NaN,NaN,NaN
2024-11-16,20,NaN,21,20.6,NaN,21.1,NaN,NaN,NaN,NaN,NaN,NaN,NaN
2024-11-17,20.1,NaN,21,20.6,NaN,21.1,NaN,NaN,NaN,NaN,NaN,NaN,NaN
2024-11-18,20.1,NaN,21,NaN,NaN,21.1,NaN,NaN,NaN,NaN,NaN,NaN,NaN
2024-11-19,20.1,NaN,NaN,NaN,NaN,21.1,NaN,NaN,NaN,NaN,NaN,NaN,NaN
2024-11-20,20.1,NaN,NaN,NaN,NaN,21.1,NaN,NaN,NaN,NaN,NaN,NaN,NaN
2024-11-21,20.1,NaN,NaN,NaN,NaN,NaN,NaN,NaN,NaN,NaN,NaN,NaN,NaN
2024-11-22,20.1,NaN,NaN,NaN,NaN,NaN,NaN,NaN,NaN,NaN,NaN,NaN,NaN
2024-11-23,20.2,20.2,NaN,NaN,NaN,NaN,NaN,NaN,NaN,NaN,NaN,NaN,NaN
2024-11-24,20.2,20.2,NaN,NaN,NaN,NaN,NaN,NaN,NaN,NaN,NaN,NaN,NaN
2024-11-25,20.2,20.2,NaN,NaN,NaN,NaN,19.3,NaN,NaN,NaN,NaN,NaN,NaN
2024-11-26,20.3,20.2,NaN,NaN,NaN,NaN,19.3,NaN,NaN,NaN,NaN,NaN,NaN
2024-11-27,20.3,20.2,NaN,NaN,NaN,NaN,19.3,NaN,NaN,NaN,NaN,NaN,NaN
2024-11-28,20.3,20.2,NaN,NaN,NaN,NaN,19.3,NaN,NaN,NaN,NaN,NaN,NaN
2024-11-29,20.3,20.2,NaN,NaN,NaN,NaN,19.3,NaN,NaN,NaN,NaN,NaN,NaN
2024-11-30,20.4,20.2,NaN,NaN,NaN,NaN,19.3,NaN,NaN,NaN,NaN,NaN,NaN
2024-12-01,20.4,20.2,NaN,NaN,NaN,NaN,19.3,NaN,NaN,NaN,NaN,NaN,NaN
2024-12-02,20.4,20.2,21,19.8,NaN,NaN,19.3,NaN,NaN,NaN,NaN,NaN,NaN
2024-12-03,20.4,20.2,21,19.8,NaN,NaN,19.3,NaN,NaN,NaN,NaN,NaN,NaN
2024-12-04,20.5,20.2,21,19.8,NaN,NaN,19.3,NaN,NaN,NaN,NaN,NaN,NaN
2024-12-05,20.5,20.2,21,19.8,NaN,NaN,19.3,NaN,NaN,NaN,NaN,NaN,NaN
2024-12-06,20.5,20.2,21,19.8,NaN,NaN,19.3,NaN,NaN,NaN,NaN,NaN,NaN
2024-12-07,20.5,20.2,21,19.8,NaN,NaN,19.3,NaN,NaN,NaN,NaN,NaN,NaN
2024-12-08,20.5,20.2,21,19.8,NaN,NaN,19.3,NaN,NaN,NaN,NaN,NaN,NaN
2024-12-09,20.5,20.2,21,19.8,NaN,NaN,NaN,NaN,NaN,NaN,NaN,NaN,NaN
2024-12-10,20.5,NaN,21,19.8,NaN,NaN,NaN,NaN,NaN,NaN,NaN,NaN,NaN
2024-12-11,20.3,NaN,21,19.8,NaN,NaN,NaN,NaN,NaN,NaN,NaN,NaN,NaN
2024-12-12,20.3,NaN,21,19.8,NaN,NaN,NaN,NaN,NaN,NaN,NaN,NaN,NaN
2024-12-13,20.3,NaN,21,19.8,NaN,NaN,NaN,NaN,NaN,NaN,NaN,NaN,NaN
2024-12-14,20.5,NaN,21,19.8,NaN,NaN,NaN,NaN,NaN,NaN,NaN,NaN,NaN
2024-12-15,20.5,NaN,21,19.8,NaN,NaN,NaN,NaN,NaN,NaN,NaN,NaN,NaN
2024-12-16,20.5,NaN,21,NaN,NaN,NaN,NaN,NaN,NaN,NaN,NaN,NaN,NaN
2024-12-17,20.3,NaN,NaN,NaN,NaN,NaN,NaN,NaN,NaN,NaN,NaN,NaN,NaN
2024-12-18,20.3,NaN,NaN,NaN,NaN,NaN,NaN,NaN,NaN,NaN,NaN,NaN,NaN
2024-12-19,20.3,NaN,NaN,NaN,NaN,NaN,NaN,NaN,NaN,NaN,NaN,NaN,NaN
2024-12-20,20.3,NaN,NaN,NaN,NaN,NaN,NaN,NaN,NaN,NaN,NaN,NaN,NaN
2024-12-21,20.4,NaN,NaN,NaN,NaN,NaN,NaN,NaN,NaN,NaN,NaN,NaN,NaN
2024-12-22,20.4,NaN,NaN,NaN,NaN,NaN,NaN,NaN,NaN,NaN,NaN,NaN,NaN
2024-12-23,20.4,NaN,NaN,NaN,NaN,NaN,NaN,NaN,NaN,NaN,NaN,NaN,NaN
2024-12-24,20.4,NaN,NaN,NaN,NaN,NaN,NaN,NaN,NaN,NaN,NaN,NaN,NaN
2024-12-25,20.4,NaN,NaN,NaN,NaN,NaN,NaN,NaN,NaN,NaN,NaN,NaN,NaN
2024-12-26,20.4,NaN,NaN,NaN,NaN,NaN,NaN,NaN,NaN,NaN,NaN,NaN,NaN
2024-12-27,20.3,NaN,NaN,NaN,NaN,NaN,NaN,NaN,NaN,NaN,NaN,NaN,NaN
2024-12-28,20.3,NaN,NaN,NaN,NaN,NaN,NaN,NaN,NaN,NaN,NaN,NaN,NaN
2024-12-29,20.4,NaN,NaN,NaN,NaN,NaN,NaN,NaN,NaN,NaN,NaN,NaN,NaN
2024-12-30,20.4,NaN,NaN,NaN,NaN,NaN,20.3,NaN,NaN,NaN,NaN,NaN,NaN
2024-12-31,20.4,NaN,NaN,NaN,NaN,NaN,20.3,NaN,NaN,NaN,NaN,NaN,NaN
2025-01-01,20.4,NaN,NaN,NaN,NaN,NaN,20.3,NaN,NaN,NaN,NaN,NaN,NaN
2025-01-02,20.5,NaN,NaN,NaN,NaN,NaN,20.3,NaN,NaN,NaN,NaN,NaN,NaN
2025-01-03,20.5,NaN,NaN,NaN,NaN,NaN,20.3,NaN,NaN,NaN,NaN,NaN,NaN
2025-01-04,20.5,NaN,NaN,NaN,NaN,NaN,20.3,NaN,NaN,NaN,NaN,NaN,NaN
2025-01-05,20.5,NaN,NaN,NaN,NaN,NaN,20.3,NaN,NaN,NaN,NaN,NaN,NaN
2025-01-06,20.5,NaN,NaN,NaN,NaN,NaN,20.3,NaN,NaN,NaN,NaN,NaN,NaN
2025-01-07,20.6,NaN,NaN,NaN,NaN,NaN,20.3,NaN,NaN,NaN,NaN,NaN,NaN
2025-01-08,20.3,NaN,NaN,NaN,NaN,NaN,20.3,NaN,NaN,NaN,NaN,NaN,NaN
2025-01-09,20.3,NaN,NaN,NaN,NaN,NaN,20.3,NaN,NaN,NaN,NaN,NaN,NaN
2025-01-10,20.3,20,NaN,NaN,NaN,NaN,20.3,NaN,NaN,NaN,NaN,NaN,NaN
2025-01-11,20.6,20,NaN,NaN,NaN,NaN,20.3,NaN,NaN,NaN,NaN,NaN,NaN
2025-01-12,20.6,20,NaN,NaN,NaN,NaN,20.3,NaN,NaN,NaN,NaN,NaN,NaN
2025-01-13,20.6,20,NaN,20.3,NaN,NaN,NaN,NaN,NaN,NaN,NaN,NaN,NaN
2025-01-14,20.3,20,20,20.3,NaN,NaN,NaN,NaN,NaN,NaN,NaN,NaN,NaN
2025-01-15,20.3,20,20,20.3,NaN,NaN,NaN,NaN,NaN,NaN,NaN,NaN,NaN
2025-01-16,20.3,20,20,20.3,NaN,NaN,NaN,NaN,NaN,NaN,NaN,NaN,NaN
2025-01-17,20.3,20,20,20.3,NaN,NaN,NaN,NaN,NaN,NaN,NaN,NaN,NaN
2025-01-18,20.3,20,20,20.3,NaN,NaN,NaN,NaN,NaN,NaN,NaN,NaN,NaN
2025-01-19,20.3,20,20,20.3,NaN,NaN,NaN,NaN,NaN,NaN,NaN,NaN,NaN
2025-01-20,20.3,20,20,20.3,NaN,NaN,NaN,NaN,NaN,NaN,NaN,NaN,NaN
2025-01-21,20.3,20,20,20.3,NaN,NaN,NaN,NaN,NaN,NaN,NaN,NaN,NaN
2025-01-22,20.3,20,20,20.3,NaN,NaN,NaN,NaN,NaN,NaN,NaN,NaN,NaN
2025-01-23,20.3,20,20,20.3,NaN,23.3,NaN,NaN,NaN,NaN,NaN,NaN,NaN
2025-01-24,20.3,20,20,20.3,NaN,23.3,NaN,NaN,NaN,NaN,NaN,NaN,NaN
2025-01-25,20.3,20,20,NaN,NaN,23.3,NaN,NaN,NaN,NaN,NaN,NaN,NaN
2025-01-26,20.3,20,20,NaN,NaN,23.3,NaN,NaN,NaN,NaN,NaN,NaN,NaN
2025-01-27,20.2,20,NaN,NaN,NaN,23.3,NaN,NaN,NaN,NaN,NaN,NaN,NaN
2025-01-28,20.2,NaN,NaN,NaN,NaN,NaN,NaN,NaN,NaN,NaN,NaN,NaN,NaN
2025-01-29,20.2,NaN,NaN,NaN,NaN,NaN,20.9,NaN,NaN,NaN,NaN,NaN,NaN
2025-01-30,20.2,NaN,NaN,NaN,NaN,NaN,20.9,NaN,NaN,NaN,NaN,NaN,NaN
2025-01-31,20.1,NaN,NaN,NaN,NaN,NaN,20.9,NaN,NaN,NaN,NaN,NaN,NaN
2025-02-01,20.1,NaN,NaN,NaN,NaN,NaN,20.9,NaN,NaN,NaN,NaN,NaN,NaN
2025-02-02,20.1,NaN,NaN,NaN,NaN,NaN,20.9,NaN,NaN,NaN,NaN,NaN,NaN
2025-02-03,20.1,NaN,NaN,NaN,NaN,NaN,20.9,NaN,NaN,NaN,NaN,NaN,NaN
2025-02-04,20.1,NaN,20,NaN,NaN,NaN,20.9,NaN,NaN,NaN,NaN,NaN,NaN
2025-02-05,20,NaN,20,NaN,NaN,NaN,20.9,NaN,NaN,NaN,NaN,NaN,NaN
2025-02-06,20,NaN,20,NaN,NaN,NaN,20.9,NaN,NaN,NaN,NaN,NaN,NaN
2025-02-07,20,NaN,20,NaN,NaN,NaN,20.9,NaN,NaN,NaN,NaN,NaN,NaN
2025-02-08,20,NaN,20,NaN,NaN,NaN,20.9,NaN,NaN,NaN,NaN,NaN,NaN
2025-02-09,20,19.2,20,NaN,NaN,NaN,20.9,NaN,NaN,NaN,NaN,NaN,NaN
2025-02-10,20,19.2,20,20.5,NaN,NaN,NaN,NaN,NaN,NaN,NaN,NaN,NaN
2025-02-11,19.9,19.2,20,20.5,NaN,NaN,NaN,NaN,NaN,NaN,NaN,NaN,NaN
2025-02-12,19.9,19.2,20,20.5,NaN,NaN,NaN,NaN,NaN,NaN,NaN,NaN,NaN
2025-02-13,19.9,19.2,20,20.5,NaN,NaN,NaN,NaN,NaN,NaN,NaN,NaN,NaN
2025-02-14,19.9,19.2,20,20.5,NaN,NaN,NaN,NaN,NaN,NaN,NaN,NaN,NaN
2025-02-15,19.9,19.2,20,20.5,NaN,NaN,NaN,NaN,NaN,NaN,NaN,NaN,NaN
2025-02-16,19.9,19.2,20,20.5,NaN,NaN,NaN,NaN,NaN,NaN,NaN,NaN,NaN
2025-02-17,19.9,19.2,NaN,20.5,NaN,NaN,NaN,NaN,NaN,NaN,NaN,NaN,NaN
2025-02-18,19.8,19.2,NaN,20.5,NaN,NaN,NaN,NaN,NaN,NaN,NaN,NaN,NaN
2025-02-19,19.8,19.2,NaN,20.5,NaN,NaN,NaN,NaN,NaN,NaN,NaN,NaN,NaN
2025-02-20,19.8,19.2,NaN,20.5,NaN,NaN,NaN,NaN,NaN,NaN,NaN,NaN,NaN
2025-02-21,19.8,19.2,NaN,20.5,NaN,NaN,NaN,NaN,NaN,NaN,NaN,NaN,NaN
2025-02-22,19.8,19.2,NaN,NaN,NaN,NaN,NaN,NaN,NaN,NaN,NaN,NaN,NaN
2025-02-23,19.8,19.2,NaN,NaN,NaN,NaN,NaN,NaN,NaN,NaN,NaN,NaN,NaN
2025-02-24,19.8,19.2,NaN,NaN,NaN,NaN,19.1,NaN,NaN,NaN,NaN,NaN,NaN
2025-02-25,19.8,NaN,NaN,NaN,NaN,NaN,19.1,NaN,NaN,NaN,NaN,NaN,NaN
2025-02-26,19.7,NaN,NaN,NaN,NaN,NaN,19.1,NaN,NaN,NaN,NaN,NaN,NaN
2025-02-27,19.7,NaN,NaN,NaN,NaN,NaN,19.1,NaN,NaN,NaN,NaN,NaN,NaN
2025-02-28,19.7,NaN,NaN,NaN,NaN,NaN,19.1,NaN,NaN,NaN,NaN,NaN,NaN
2025-03-01,19.7,NaN,NaN,NaN,NaN,NaN,19.1,NaN,NaN,NaN,NaN,NaN,NaN
2025-03-02,19.6,NaN,NaN,NaN,NaN,NaN,19.1,NaN,NaN,NaN,NaN,NaN,NaN
2025-03-03,19.6,NaN,NaN,NaN,NaN,NaN,19.1,NaN,NaN,NaN,NaN,NaN,NaN
2025-03-04,19.6,NaN,20,NaN,NaN,NaN,19.1,NaN,NaN,NaN,NaN,NaN,NaN
2025-03-05,19.6,NaN,20,NaN,NaN,NaN,19.1,NaN,NaN,NaN,NaN,NaN,NaN
2025-03-06,19.5,NaN,20,NaN,NaN,NaN,19.1,NaN,NaN,NaN,NaN,NaN,NaN
2025-03-07,19.5,NaN,20,19.4,NaN,NaN,19.1,NaN,NaN,NaN,NaN,NaN,NaN
2025-03-08,19.5,NaN,20,19.4,NaN,NaN,19.1,NaN,NaN,NaN,NaN,NaN,NaN
2025-03-09,19.5,NaN,20,19.4,NaN,NaN,19.1,NaN,NaN,NaN,NaN,NaN,NaN
2025-03-10,19.5,NaN,20,19.4,NaN,NaN,NaN,NaN,NaN,NaN,NaN,NaN,NaN
2025-03-11,19.4,NaN,20,19.4,NaN,NaN,NaN,NaN,NaN,NaN,NaN,NaN,NaN
2025-03-12,19.4,NaN,20,19.4,NaN,NaN,NaN,NaN,NaN,NaN,NaN,NaN,NaN
2025-03-13,19.4,19.7,20,19.4,NaN,NaN,NaN,NaN,NaN,NaN,NaN,NaN,NaN
2025-03-14,19.4,19.7,20,19.4,NaN,NaN,NaN,NaN,NaN,NaN,NaN,NaN,NaN
2025-03-15,19.4,19.7,20,19.4,NaN,NaN,NaN,NaN,NaN,NaN,NaN,NaN,NaN
2025-03-16,19.3,19.7,20,19.4,NaN,NaN,NaN,NaN,NaN,NaN,NaN,NaN,NaN
2025-03-17,19.3,19.7,NaN,19.4,NaN,NaN,NaN,NaN,NaN,NaN,NaN,NaN,NaN
2025-03-18,19.3,19.7,NaN,19.4,NaN,NaN,NaN,NaN,NaN,NaN,NaN,NaN,NaN
2025-03-19,19.3,19.7,NaN,19.4,NaN,NaN,NaN,NaN,NaN,NaN,NaN,NaN,NaN
2025-03-20,19.3,19.7,NaN,19.4,NaN,NaN,NaN,NaN,NaN,NaN,NaN,NaN,NaN
2025-03-21,19.3,19.7,NaN,19.4,NaN,NaN,NaN,NaN,NaN,NaN,NaN,NaN,NaN
2025-03-22,19.3,19.7,NaN,NaN,NaN,NaN,NaN,NaN,NaN,NaN,NaN,NaN,NaN
2025-03-23,19.2,19.7,NaN,NaN,NaN,NaN,NaN,NaN,NaN,NaN,NaN,NaN,NaN
2025-03-24,19.2,19.7,NaN,NaN,NaN,NaN,18.7,NaN,NaN,NaN,NaN,NaN,NaN
2025-03-25,19.2,NaN,NaN,NaN,NaN,NaN,18.7,NaN,NaN,NaN,NaN,NaN,NaN
2025-03-26,19.1,NaN,NaN,NaN,NaN,NaN,18.7,NaN,NaN,NaN,NaN,NaN,NaN
2025-03-27,19.3,NaN,NaN,NaN,NaN,NaN,18.7,NaN,NaN,NaN,NaN,NaN,NaN
2025-03-28,19.3,NaN,NaN,NaN,NaN,NaN,18.7,NaN,NaN,NaN,NaN,NaN,NaN
2025-03-29,19.3,NaN,NaN,NaN,NaN,NaN,18.7,NaN,NaN,NaN,NaN,NaN,NaN
2025-03-30,19.1,NaN,NaN,NaN,NaN,NaN,18.7,NaN,NaN,NaN,NaN,NaN,NaN
2025-03-31,19.1,NaN,NaN,NaN,NaN,NaN,18.7,NaN,NaN,NaN,NaN,NaN,NaN
2025-04-01,19.1,NaN,NaN,NaN,NaN,NaN,18.7,NaN,NaN,NaN,NaN,NaN,NaN
2025-04-02,19.1,NaN,NaN,NaN,NaN,NaN,18.7,NaN,NaN,NaN,NaN,NaN,NaN
2025-04-03,19.1,NaN,NaN,NaN,NaN,NaN,18.7,NaN,NaN,NaN,NaN,NaN,NaN
2025-04-04,19,NaN,NaN,NaN,NaN,NaN,18.7,NaN,NaN,NaN,NaN,NaN,NaN
2025-04-05,19,NaN,NaN,NaN,NaN,NaN,18.7,NaN,NaN,NaN,NaN,NaN,NaN
2025-04-06,19,NaN,NaN,NaN,NaN,NaN,18.7,NaN,NaN,NaN,NaN,NaN,NaN
2025-04-07,19.1,NaN,NaN,19.2,NaN,NaN,NaN,NaN,NaN,NaN,NaN,NaN,NaN
2025-04-08,19.1,NaN,NaN,19.2,NaN,NaN,NaN,NaN,NaN,NaN,NaN,NaN,NaN
2025-04-09,19.1,NaN,19,19.2,NaN,NaN,NaN,NaN,NaN,NaN,NaN,NaN,NaN
2025-04-10,19.1,18.3,19,19.2,NaN,NaN,NaN,NaN,NaN,NaN,NaN,NaN,NaN
2025-04-11,19.1,18.3,19,19.2,NaN,NaN,NaN,NaN,NaN,NaN,NaN,NaN,NaN
2025-04-12,19.1,18.3,19,19.2,NaN,NaN,NaN,NaN,NaN,NaN,NaN,NaN,NaN
2025-04-13,19.1,18.3,19,19.2,NaN,NaN,NaN,NaN,NaN,NaN,NaN,NaN,NaN
2025-04-14,19.1,18.3,19,19.2,NaN,NaN,NaN,NaN,NaN,NaN,NaN,NaN,NaN
2025-04-15,19.2,18.3,19,19.2,NaN,NaN,NaN,NaN,NaN,NaN,NaN,NaN,NaN
2025-04-16,19.2,18.3,19,19.2,NaN,NaN,NaN,NaN,NaN,NaN,NaN,NaN,NaN
2025-04-17,19.2,18.3,19,19.2,NaN,NaN,NaN,NaN,NaN,NaN,NaN,NaN,NaN
2025-04-18,19.2,18.3,19,19.2,NaN,NaN,NaN,NaN,NaN,NaN,NaN,NaN,NaN
2025-04-19,19.1,18.3,19,19.2,NaN,NaN,NaN,NaN,NaN,NaN,NaN,NaN,NaN
2025-04-20,19.1,18.3,19,19.2,NaN,NaN,NaN,NaN,NaN,NaN,NaN,NaN,NaN
2025-04-21,19.1,18.3,19,19.2,NaN,NaN,18.9,NaN,NaN,NaN,NaN,NaN,NaN
2025-04-22,19.1,18.3,NaN,NaN,NaN,NaN,18.9,NaN,NaN,NaN,NaN,NaN,NaN
2025-04-23,19.3,NaN,NaN,NaN,NaN,NaN,18.9,NaN,NaN,NaN,NaN,NaN,NaN
2025-04-24,19.3,NaN,NaN,NaN,NaN,NaN,18.9,NaN,NaN,NaN,NaN,NaN,NaN
2025-04-25,19.3,NaN,NaN,NaN,NaN,NaN,18.9,NaN,NaN,NaN,NaN,NaN,NaN
2025-04-26,19.1,NaN,NaN,NaN,NaN,NaN,18.9,NaN,NaN,NaN,NaN,NaN,NaN
2025-04-27,19.1,NaN,NaN,NaN,NaN,NaN,18.9,NaN,NaN,NaN,NaN,NaN,NaN
2025-04-28,19.1,NaN,NaN,NaN,NaN,NaN,18.9,NaN,NaN,NaN,NaN,NaN,NaN
2025-04-29,19.1,NaN,NaN,NaN,18,NaN,18.9,NaN,NaN,NaN,NaN,NaN,NaN
2025-04-30,19.1,NaN,NaN,NaN,18,NaN,18.9,NaN,NaN,NaN,NaN,NaN,NaN
2025-05-01,19.2,NaN,NaN,NaN,18,NaN,18.9,NaN,NaN,NaN,NaN,NaN,NaN
2025-05-02,19.2,NaN,NaN,NaN,18,NaN,18.9,NaN,NaN,NaN,NaN,NaN,NaN
2025-05-03,19.2,NaN,NaN,NaN,18,NaN,18.9,NaN,NaN,NaN,NaN,NaN,NaN
2025-05-04,19.2,NaN,NaN,NaN,18,NaN,18.9,NaN,NaN,NaN,NaN,NaN,NaN
2025-05-05,19.2,NaN,NaN,20.4,18,NaN,NaN,NaN,NaN,NaN,NaN,NaN,NaN
2025-05-06,19.2,NaN,20,20.4,18,NaN,NaN,NaN,NaN,NaN,NaN,NaN,NaN
2025-05-07,19.3,NaN,20,20.4,18,NaN,NaN,NaN,NaN,NaN,NaN,NaN,NaN
2025-05-08,19.3,NaN,20,20.4,18,NaN,NaN,NaN,NaN,NaN,NaN,NaN,NaN
2025-05-09,19.3,NaN,20,20.4,18,NaN,NaN,NaN,NaN,NaN,NaN,NaN,NaN
2025-05-10,19.3,NaN,20,20.4,18,NaN,NaN,NaN,NaN,NaN,NaN,NaN,NaN
2025-05-11,19.3,NaN,20,20.4,18,NaN,NaN,NaN,NaN,NaN,NaN,NaN,NaN
2025-05-12,19.3,19.6,20,20.4,18,NaN,NaN,NaN,NaN,NaN,NaN,NaN,NaN
2025-05-13,19.3,19.6,20,20.4,18,NaN,NaN,NaN,NaN,NaN,NaN,NaN,NaN
2025-05-14,19.3,19.6,20,20.4,18,NaN,NaN,NaN,NaN,NaN,NaN,NaN,NaN
2025-05-15,19.3,19.6,20,20.4,18,NaN,NaN,NaN,NaN,NaN,NaN,NaN,NaN
2025-05-16,19.4,19.6,20,20.4,18,NaN,NaN,NaN,NaN,NaN,NaN,NaN,NaN
2025-05-17,19.4,19.6,20,20.4,18,NaN,NaN,NaN,NaN,NaN,NaN,NaN,NaN
2025-05-18,19.4,19.6,20,20.4,18,NaN,NaN,NaN,NaN,NaN,NaN,NaN,NaN
2025-05-19,19.4,19.6,NaN,NaN,18,NaN,NaN,NaN,NaN,NaN,NaN,NaN,NaN
2025-05-20,19.4,19.6,NaN,NaN,18,NaN,NaN,NaN,NaN,NaN,NaN,NaN,NaN
2025-05-21,19.4,19.6,NaN,NaN,18,NaN,NaN,NaN,NaN,NaN,NaN,NaN,NaN
2025-05-22,19.4,19.6,NaN,NaN,18,NaN,NaN,NaN,NaN,NaN,NaN,NaN,NaN
2025-05-23,19.4,19.6,NaN,NaN,18,NaN,NaN,NaN,NaN,NaN,NaN,NaN,NaN
2025-05-24,19.4,19.6,NaN,NaN,18,NaN,NaN,NaN,NaN,NaN,NaN,NaN,NaN
2025-05-25,19.4,19.6,NaN,NaN,18,NaN,NaN,NaN,NaN,NaN,NaN,NaN,NaN
2025-05-26,19.4,19.6,NaN,NaN,18,NaN,19.3,NaN,NaN,NaN,NaN,NaN,NaN
2025-05-27,19.4,NaN,NaN,NaN,18,NaN,19.3,NaN,NaN,NaN,NaN,NaN,NaN
2025-05-28,19.4,NaN,NaN,NaN,18,NaN,19.3,NaN,NaN,NaN,NaN,NaN,NaN
2025-05-29,19.4,NaN,NaN,NaN,NaN,NaN,19.3,NaN,NaN,NaN,NaN,NaN,NaN
2025-05-30,19.4,NaN,NaN,NaN,NaN,NaN,19.3,NaN,NaN,NaN,NaN,NaN,NaN
2025-05-31,19.4,NaN,NaN,NaN,NaN,NaN,19.3,NaN,NaN,NaN,NaN,NaN,NaN
2025-06-01,19.4,20.5,NaN,NaN,NaN,NaN,19.3,NaN,NaN,NaN,NaN,NaN,NaN
2025-06-02,19.4,20.5,NaN,20.2,NaN,NaN,19.3,NaN,NaN,NaN,NaN,NaN,NaN
2025-06-03,19.4,20.5,19,20.2,NaN,NaN,19.3,NaN,NaN,NaN,NaN,NaN,NaN
2025-06-04,19.4,20.5,19,20.2,NaN,NaN,19.3,NaN,NaN,NaN,NaN,NaN,NaN
2025-06-05,19.4,20.5,19,20.2,NaN,NaN,19.3,NaN,NaN,NaN,NaN,NaN,NaN
2025-06-06,19.4,20.5,19,20.2,NaN,NaN,19.3,NaN,NaN,NaN,NaN,NaN,NaN
2025-06-07,19.4,20.5,19,20.2,NaN,NaN,19.3,NaN,NaN,NaN,NaN,NaN,NaN
2025-06-08,19.4,20.5,19,20.2,NaN,NaN,19.3,NaN,NaN,NaN,NaN,NaN,NaN
2025-06-09,19.4,20.5,19,20.2,NaN,NaN,NaN,NaN,NaN,NaN,NaN,NaN,NaN
2025-06-10,19.4,20.5,19,20.2,NaN,NaN,NaN,NaN,NaN,NaN,NaN,NaN,NaN
2025-06-11,19.4,20.5,19,20.2,NaN,NaN,NaN,NaN,NaN,NaN,NaN,NaN,NaN
2025-06-12,19.3,20.5,19,20.2,NaN,NaN,NaN,NaN,NaN,NaN,NaN,NaN,NaN
2025-06-13,19.3,20.5,19,20.2,NaN,NaN,NaN,NaN,NaN,NaN,NaN,NaN,NaN
2025-06-14,19.3,20.5,19,NaN,NaN,NaN,NaN,NaN,NaN,NaN,NaN,NaN,NaN
2025-06-15,19.3,20.5,19,NaN,NaN,NaN,NaN,NaN,NaN,NaN,NaN,NaN,NaN
2025-06-16,19.3,NaN,NaN,NaN,NaN,NaN,NaN,NaN,NaN,NaN,NaN,NaN,NaN
2025-06-17,19.3,NaN,NaN,NaN,NaN,NaN,NaN,NaN,NaN,NaN,NaN,NaN,NaN
2025-06-18,19.3,NaN,NaN,NaN,NaN,NaN,NaN,NaN,NaN,NaN,NaN,NaN,NaN
2025-06-19,19.3,NaN,NaN,NaN,NaN,NaN,NaN,NaN,NaN,NaN,NaN,NaN,NaN
2025-06-20,19.3,NaN,NaN,NaN,NaN,NaN,NaN,NaN,NaN,NaN,NaN,NaN,NaN
2025-06-21,19.4,NaN,NaN,NaN,NaN,NaN,NaN,NaN,NaN,NaN,NaN,NaN,NaN
2025-06-22,19.5,NaN,NaN,NaN,NaN,NaN,NaN,NaN,NaN,NaN,NaN,NaN,NaN
2025-06-23,19.6,NaN,NaN,NaN,NaN,NaN,NaN,NaN,NaN,NaN,NaN,NaN,NaN
2025-06-24,19.7,NaN,NaN,NaN,NaN,NaN,NaN,NaN,NaN,NaN,NaN,NaN,NaN
2025-06-25,19.7,NaN,NaN,NaN,NaN,NaN,NaN,NaN,NaN,NaN,NaN,NaN,NaN
2025-06-26,19.8,NaN,NaN,NaN,NaN,NaN,NaN,NaN,NaN,NaN,NaN,NaN,NaN
2025-06-27,19.9,NaN,NaN,NaN,NaN,NaN,NaN,NaN,NaN,NaN,NaN,NaN,NaN
2025-06-28,19.9,NaN,NaN,NaN,NaN,NaN,NaN,NaN,NaN,NaN,NaN,NaN,NaN
2025-06-29,19.9,NaN,NaN,NaN,NaN,NaN,NaN,NaN,NaN,NaN,NaN,NaN,NaN
2025-06-30,19.9,NaN,NaN,NaN,NaN,NaN,NaN,NaN,NaN,NaN,NaN,NaN,NaN
2025-07-01,19.9,NaN,NaN,NaN,NaN,NaN,NaN,NaN,NaN,NaN,NaN,NaN,NaN
2025-07-02,20,NaN,NaN,NaN,NaN,NaN,NaN,NaN,NaN,NaN,NaN,NaN,NaN
2025-07-03,20,NaN,NaN,NaN,NaN,NaN,NaN,NaN,NaN,NaN,NaN,NaN,NaN
2025-07-04,20,NaN,NaN,NaN,NaN,NaN,NaN,NaN,NaN,NaN,NaN,NaN,NaN
2025-07-05,20,NaN,NaN,NaN,NaN,NaN,NaN,NaN,NaN,NaN,NaN,NaN,NaN
2025-07-06,20.1,NaN,NaN,NaN,NaN,NaN,NaN,NaN,NaN,NaN,NaN,NaN,NaN
2025-07-07,20.1,NaN,NaN,NaN,NaN,NaN,NaN,NaN,NaN,NaN,NaN,NaN,NaN
2025-07-08,20.1,NaN,NaN,NaN,NaN,NaN,NaN,NaN,NaN,NaN,NaN,NaN,NaN
2025-07-09,20.1,NaN,NaN,NaN,NaN,NaN,NaN,NaN,NaN,NaN,NaN,NaN,NaN
2025-07-10,20.1,NaN,NaN,NaN,NaN,NaN,NaN,NaN,NaN,NaN,NaN,NaN,NaN
2025-07-11,20.1,NaN,NaN,NaN,NaN,NaN,NaN,NaN,NaN,NaN,NaN,NaN,NaN
2025-07-12,20.1,NaN,NaN,NaN,NaN,NaN,NaN,NaN,NaN,NaN,NaN,NaN,NaN
2025-07-13,20.2,NaN,NaN,NaN,NaN,NaN,NaN,NaN,NaN,NaN,NaN,NaN,NaN
2025-07-14,20.2,NaN,NaN,NaN,NaN,NaN,NaN,NaN,NaN,NaN,NaN,NaN,NaN
2025-07-15,20.2,NaN,NaN,NaN,NaN,NaN,NaN,NaN,NaN,NaN,NaN,NaN,NaN
2025-07-16,20.2,NaN,NaN,NaN,NaN,NaN,NaN,NaN,NaN,NaN,NaN,NaN,NaN
2025-07-17,20.2,NaN,NaN,NaN,NaN,NaN,NaN,NaN,NaN,NaN,NaN,NaN,NaN
2025-07-18,20.3,NaN,NaN,NaN,NaN,NaN,NaN,NaN,NaN,NaN,NaN,NaN,NaN
2025-07-19,20.3,NaN,NaN,NaN,NaN,NaN,NaN,NaN,NaN,NaN,NaN,NaN,NaN
2025-07-20,20.3,NaN,NaN,NaN,NaN,NaN,NaN,NaN,NaN,NaN,NaN,NaN,NaN
2025-07-21,20.3,NaN,NaN,NaN,NaN,NaN,NaN,NaN,NaN,NaN,NaN,NaN,NaN
2025-07-22,20.3,NaN,NaN,NaN,NaN,NaN,NaN,NaN,NaN,NaN,NaN,NaN,NaN
2025-07-23,20.3,NaN,NaN,NaN,NaN,NaN,NaN,NaN,NaN,NaN,NaN,NaN,NaN
2025-07-24,20.4,NaN,NaN,NaN,NaN,NaN,NaN,NaN,NaN,NaN,NaN,NaN,NaN
2025-07-25,20.4,NaN,NaN,NaN,NaN,NaN,NaN,NaN,NaN,NaN,NaN,NaN,NaN
2025-07-26,20.1,NaN,NaN,NaN,NaN,NaN,NaN,NaN,NaN,NaN,NaN,NaN,NaN
2025-07-27,20.1,NaN,NaN,NaN,NaN,NaN,NaN,NaN,NaN,NaN,NaN,NaN,NaN
2025-07-28,20.4,NaN,NaN,NaN,NaN,NaN,NaN,NaN,NaN,NaN,NaN,NaN,NaN
2025-07-29,20.4,NaN,NaN,NaN,NaN,NaN,NaN,NaN,NaN,NaN,NaN,NaN,NaN
2025-07-30,20.4,NaN,NaN,NaN,NaN,NaN,NaN,NaN,NaN,NaN,NaN,NaN,NaN
2025-07-31,20.4,NaN,NaN,NaN,NaN,NaN,NaN,NaN,NaN,NaN,NaN,NaN,NaN
2025-08-01,20.4,NaN,NaN,NaN,NaN,NaN,NaN,NaN,NaN,NaN,NaN,NaN,NaN
2025-08-02,20.5,NaN,NaN,NaN,NaN,NaN,NaN,NaN,NaN,NaN,NaN,NaN,NaN
2025-08-03,20.5,NaN,NaN,NaN,NaN,NaN,NaN,NaN,NaN,NaN,NaN,NaN,NaN
2025-08-04,20.5,NaN,NaN,NaN,NaN,NaN,20.5,NaN,NaN,NaN,NaN,NaN,NaN
2025-08-05,20.5,NaN,NaN,NaN,NaN,NaN,20.5,NaN,NaN,NaN,NaN,NaN,NaN
2025-08-06,20.5,NaN,NaN,NaN,NaN,NaN,20.5,NaN,NaN,NaN,NaN,NaN,NaN
2025-08-07,20.5,NaN,NaN,NaN,NaN,NaN,20.5,NaN,NaN,NaN,NaN,NaN,NaN
2025-08-08,20.5,NaN,NaN,NaN,NaN,NaN,20.5,NaN,NaN,NaN,NaN,NaN,NaN
2025-08-09,20.5,NaN,NaN,NaN,NaN,NaN,20.5,NaN,NaN,NaN,NaN,NaN,NaN
2025-08-10,20.5,NaN,NaN,NaN,NaN,NaN,20.5,NaN,NaN,NaN,NaN,NaN,NaN
2025-08-11,20.5,NaN,NaN,21,NaN,NaN,20.5,NaN,NaN,NaN,NaN,NaN,NaN
2025-08-12,20.5,NaN,20,21,NaN,NaN,20.5,NaN,NaN,NaN,NaN,NaN,NaN
2025-08-13,20.6,NaN,20,21,NaN,NaN,20.5,NaN,NaN,NaN,NaN,NaN,NaN
2025-08-14,20.6,20.7,20,21,NaN,NaN,20.5,NaN,NaN,NaN,NaN,NaN,NaN
2025-08-15,20.6,20.7,20,21,NaN,NaN,20.5,NaN,NaN,NaN,NaN,NaN,NaN
2025-08-16,20.7,20.7,20,21,NaN,NaN,20.5,NaN,NaN,NaN,NaN,NaN,NaN
2025-08-17,20.7,20.7,20,21,NaN,NaN,20.5,NaN,NaN,NaN,NaN,NaN,NaN
2025-08-18,20.7,20.7,20,21,NaN,NaN,NaN,NaN,NaN,NaN,NaN,NaN,NaN
2025-08-19,20.8,20.7,20,21,NaN,NaN,NaN,NaN,NaN,NaN,NaN,NaN,NaN
2025-08-20,20.8,20.7,20,21,NaN,NaN,NaN,NaN,NaN,NaN,NaN,NaN,NaN
2025-08-21,20.8,20.7,20,21,NaN,NaN,NaN,NaN,NaN,NaN,NaN,NaN,NaN
2025-08-22,20.9,20.7,20,21,NaN,NaN,NaN,NaN,NaN,NaN,NaN,NaN,NaN
2025-08-23,20.9,20.7,20,21,NaN,NaN,NaN,NaN,NaN,NaN,NaN,NaN,NaN
2025-08-24,20.9,20.7,20,21,NaN,NaN,NaN,NaN,NaN,NaN,NaN,NaN,NaN
2025-08-25,20.9,20.7,NaN,NaN,NaN,NaN,20.8,NaN,NaN,NaN,NaN,NaN,NaN
2025-08-26,21,NaN,NaN,NaN,NaN,NaN,20.8,NaN,NaN,NaN,NaN,NaN,NaN
2025-08-27,21,NaN,NaN,NaN,NaN,NaN,20.8,NaN,NaN,NaN,NaN,NaN,NaN
2025-08-28,21,NaN,NaN,NaN,NaN,NaN,20.8,NaN,NaN,NaN,NaN,NaN,NaN
2025-08-29,21,NaN,NaN,NaN,NaN,NaN,20.8,NaN,NaN,NaN,NaN,NaN,NaN
2025-08-30,21,NaN,NaN,NaN,NaN,NaN,20.8,NaN,NaN,NaN,NaN,NaN,NaN
2025-08-31,21.1,NaN,NaN,NaN,NaN,NaN,20.8,NaN,NaN,NaN,NaN,NaN,NaN
2025-09-01,21.1,NaN,NaN,NaN,NaN,NaN,20.8,NaN,NaN,NaN,NaN,NaN,NaN
2025-09-02,21.1,NaN,NaN,NaN,NaN,NaN,20.8,NaN,NaN,NaN,NaN,NaN,NaN
2025-09-03,21.1,NaN,NaN,NaN,NaN,NaN,20.8,NaN,NaN,NaN,NaN,NaN,NaN
2025-09-04,21.1,NaN,NaN,NaN,NaN,NaN,20.8,NaN,NaN,NaN,NaN,NaN,NaN
2025-09-05,21.1,NaN,NaN,NaN,NaN,NaN,20.8,NaN,NaN,NaN,NaN,NaN,NaN
2025-09-06,21.2,NaN,NaN,NaN,NaN,NaN,20.8,NaN,NaN,NaN,NaN,NaN,NaN
2025-09-07,21.2,NaN,NaN,NaN,NaN,NaN,20.8,NaN,NaN,NaN,NaN,NaN,NaN
2025-09-08,21.2,NaN,NaN,23.9,NaN,NaN,NaN,NaN,NaN,NaN,NaN,NaN,NaN
2025-09-09,21.2,NaN,21,23.9,NaN,NaN,NaN,NaN,NaN,NaN,NaN,NaN,NaN
2025-09-10,21.2,NaN,21,23.9,NaN,NaN,NaN,NaN,NaN,NaN,NaN,NaN,NaN
2025-09-11,21.3,NaN,21,23.9,NaN,NaN,NaN,NaN,NaN,NaN,NaN,NaN,NaN
2025-09-12,21.3,20.2,21,23.9,NaN,NaN,NaN,NaN,NaN,NaN,NaN,NaN,NaN
2025-09-13,21.3,20.2,21,23.9,NaN,NaN,NaN,NaN,NaN,NaN,NaN,NaN,NaN
2025-09-14,21.3,20.2,21,23.9,NaN,NaN,NaN,NaN,NaN,NaN,NaN,NaN,NaN
2025-09-15,21.3,20.2,21,23.9,NaN,NaN,NaN,NaN,NaN,NaN,NaN,NaN,NaN
2025-09-16,21.3,20.2,21,23.9,NaN,NaN,NaN,NaN,NaN,NaN,NaN,NaN,NaN
2025-09-17,21.3,20.2,21,23.9,NaN,NaN,NaN,NaN,NaN,NaN,NaN,NaN,NaN
2025-09-18,21.3,20.2,21,23.9,NaN,NaN,NaN,NaN,NaN,NaN,NaN,NaN,NaN
2025-09-19,21.3,20.2,21,23.9,NaN,NaN,NaN,NaN,NaN,NaN,NaN,NaN,NaN
2025-09-20,21.5,20.2,21,NaN,NaN,NaN,NaN,NaN,NaN,NaN,NaN,NaN,NaN
2025-09-21,21.5,20.2,21,NaN,NaN,NaN,NaN,NaN,NaN,NaN,NaN,NaN,NaN
2025-09-22,21.6,20.2,NaN,NaN,NaN,NaN,20.1,NaN,NaN,NaN,NaN,NaN,NaN
2025-09-23,21.3,NaN,NaN,NaN,NaN,NaN,20.1,NaN,NaN,NaN,NaN,NaN,NaN
2025-09-24,21.3,NaN,NaN,NaN,NaN,NaN,20.1,NaN,NaN,NaN,NaN,NaN,NaN
2025-09-25,21.3,NaN,NaN,NaN,NaN,NaN,20.1,NaN,NaN,NaN,NaN,NaN,NaN
2025-09-26,21.3,NaN,NaN,NaN,NaN,NaN,20.1,NaN,NaN,NaN,NaN,NaN,NaN
2025-09-27,21.3,NaN,NaN,NaN,NaN,NaN,20.1,NaN,NaN,NaN,NaN,NaN,NaN
2025-09-28,21.7,NaN,NaN,NaN,NaN,NaN,20.1,NaN,NaN,NaN,NaN,NaN,NaN
2025-09-29,21.7,NaN,NaN,NaN,NaN,NaN,20.1,NaN,NaN,NaN,NaN,NaN,NaN
2025-09-30,21.7,NaN,NaN,NaN,NaN,NaN,20.1,NaN,NaN,NaN,NaN,NaN,NaN
2025-10-01,21.7,NaN,NaN,NaN,NaN,NaN,20.1,NaN,NaN,NaN,NaN,NaN,NaN
2025-10-02,21.7,NaN,NaN,NaN,NaN,NaN,20.1,NaN,NaN,NaN,NaN,NaN,NaN
2025-10-03,21.7,NaN,NaN,NaN,NaN,NaN,20.1,NaN,NaN,NaN,NaN,NaN,NaN
2025-10-04,21.7,NaN,NaN,NaN,NaN,NaN,20.1,NaN,NaN,NaN,NaN,NaN,NaN
2025-10-05,21.6,NaN,NaN,NaN,NaN,NaN,20.1,NaN,NaN,NaN,NaN,NaN,NaN
2025-10-06,21.6,NaN,NaN,22.6,NaN,NaN,NaN,NaN,NaN,NaN,NaN,NaN,NaN
2025-10-07,21.4,NaN,21,22.6,NaN,NaN,NaN,NaN,NaN,NaN,NaN,NaN,NaN
2025-10-08,21.4,NaN,21,22.6,NaN,NaN,NaN,NaN,NaN,NaN,NaN,NaN,NaN
2025-10-09,21.4,NaN,21,22.6,NaN,NaN,NaN,NaN,NaN,NaN,NaN,NaN,NaN
2025-10-10,21.4,NaN,21,22.6,NaN,NaN,NaN,NaN,NaN,NaN,NaN,NaN,NaN
2025-10-11,21.4,NaN,21,22.6,NaN,NaN,NaN,NaN,NaN,NaN,NaN,NaN,NaN
2025-10-12,21.4,NaN,21,22.6,NaN,NaN,NaN,NaN,NaN,NaN,NaN,NaN,NaN
2025-10-13,21.4,NaN,21,22.6,NaN,NaN,NaN,NaN,NaN,NaN,NaN,NaN,NaN
2025-10-14,21.4,NaN,21,22.6,NaN,NaN,NaN,NaN,NaN,NaN,NaN,NaN,NaN
2025-10-15,21.4,NaN,21,22.6,NaN,NaN,NaN,NaN,NaN,NaN,NaN,NaN,NaN
2025-10-16,21.4,NaN,21,22.6,NaN,NaN,NaN,NaN,NaN,NaN,NaN,NaN,NaN
2025-10-17,21.4,NaN,21,22.6,NaN,NaN,NaN,NaN,NaN,NaN,NaN,NaN,NaN
2025-10-18,21.4,21.6,21,22.6,NaN,NaN,NaN,NaN,NaN,NaN,NaN,NaN,NaN
2025-10-19,21.4,21.6,21,22.6,NaN,NaN,NaN,NaN,NaN,NaN,NaN,NaN,NaN
2025-10-20,21.4,21.6,NaN,NaN,NaN,NaN,NaN,NaN,NaN,NaN,NaN,NaN,NaN
2025-10-21,21.5,21.6,NaN,NaN,NaN,NaN,NaN,NaN,NaN,NaN,NaN,NaN,NaN
2025-10-22,21.5,21.6,NaN,NaN,NaN,NaN,NaN,NaN,NaN,NaN,NaN,NaN,NaN
2025-10-23,21.5,21.6,NaN,NaN,NaN,NaN,NaN,NaN,NaN,NaN,NaN,NaN,NaN
2025-10-24,21.5,21.6,NaN,NaN,NaN,NaN,NaN,NaN,NaN,NaN,NaN,NaN,NaN
2025-10-25,21.5,21.6,NaN,NaN,NaN,NaN,NaN,NaN,NaN,NaN,NaN,NaN,NaN
2025-10-26,21.4,21.6,NaN,NaN,NaN,NaN,NaN,NaN,NaN,NaN,NaN,NaN,NaN
2025-10-27,21.4,21.6,NaN,NaN,NaN,NaN,20,NaN,NaN,NaN,NaN,NaN,NaN
2025-10-28,21.4,NaN,NaN,NaN,NaN,NaN,20,NaN,NaN,NaN,NaN,NaN,NaN
2025-10-29,21.4,NaN,NaN,NaN,NaN,NaN,20,NaN,NaN,NaN,NaN,NaN,NaN
2025-10-30,21.4,NaN,NaN,NaN,NaN,NaN,20,NaN,NaN,NaN,NaN,NaN,NaN
2025-10-31,21.3,NaN,NaN,NaN,NaN,NaN,20,NaN,NaN,NaN,NaN,NaN,NaN
2025-11-01,21.3,NaN,NaN,NaN,NaN,NaN,20,NaN,NaN,NaN,NaN,NaN,NaN
2025-11-02,21.3,NaN,NaN,NaN,NaN,NaN,20,NaN,NaN,NaN,NaN,NaN,NaN
2025-11-03,21.3,NaN,NaN,22.5,NaN,NaN,20,NaN,NaN,NaN,NaN,NaN,NaN
2025-11-04,21.5,NaN,21,22.5,NaN,NaN,20,NaN,NaN,NaN,NaN,NaN,NaN
2025-11-05,21.5,NaN,21,22.5,NaN,NaN,20,NaN,NaN,NaN,NaN,NaN,NaN
2025-11-06,21.5,NaN,21,22.5,NaN,NaN,20,NaN,NaN,NaN,NaN,NaN,NaN
2025-11-07,21.5,NaN,21,22.5,NaN,NaN,20,NaN,NaN,NaN,NaN,NaN,NaN
2025-11-08,21.4,NaN,21,22.5,NaN,NaN,20,NaN,NaN,NaN,NaN,NaN,NaN
2025-11-09,21.4,NaN,21,22.5,NaN,NaN,20,NaN,NaN,NaN,NaN,NaN,NaN
2025-11-10,21.5,NaN,21,22.5,NaN,NaN,NaN,NaN,NaN,NaN,NaN,NaN,NaN
2025-11-11,21.5,NaN,21,22.5,NaN,NaN,NaN,NaN,NaN,NaN,NaN,NaN,NaN
2025-11-12,21.5,NaN,21,22.5,NaN,NaN,NaN,NaN,NaN,NaN,NaN,NaN,NaN
2025-11-13,21.5,NaN,21,22.5,NaN,NaN,NaN,NaN,NaN,NaN,NaN,NaN,NaN
2025-11-14,21.5,NaN,21,22.5,NaN,NaN,NaN,NaN,NaN,NaN,NaN,NaN,NaN
2025-11-15,21.5,21.4,21,22.5,NaN,NaN,NaN,NaN,NaN,NaN,NaN,NaN,NaN
2025-11-16,21.4,21.4,21,22.5,NaN,NaN,NaN,NaN,NaN,NaN,NaN,NaN,NaN
2025-11-17,21.4,21.4,21,NaN,NaN,NaN,NaN,NaN,NaN,NaN,NaN,NaN,NaN
2025-11-18,21.4,21.4,NaN,NaN,NaN,NaN,NaN,NaN,NaN,NaN,NaN,NaN,NaN
2025-11-19,21.4,21.4,NaN,NaN,NaN,NaN,NaN,NaN,NaN,NaN,NaN,NaN,NaN
2025-11-20,21.4,21.4,NaN,NaN,NaN,NaN,NaN,NaN,NaN,NaN,NaN,NaN,NaN
2025-11-21,21.4,21.4,NaN,NaN,NaN,NaN,NaN,NaN,NaN,NaN,NaN,NaN,NaN
2025-11-22,21.4,21.4,NaN,NaN,NaN,NaN,NaN,NaN,NaN,NaN,NaN,NaN,NaN
2025-11-23,21.4,21.4,NaN,NaN,NaN,NaN,NaN,NaN,NaN,NaN,NaN,NaN,NaN
2025-11-24,21.4,21.4,NaN,NaN,NaN,NaN,20.4,NaN,NaN,NaN,NaN,NaN,NaN
2025-11-25,21.4,NaN,NaN,NaN,NaN,NaN,20.4,NaN,NaN,NaN,NaN,NaN,NaN
2025-11-26,21.6,NaN,NaN,NaN,NaN,NaN,20.4,NaN,NaN,NaN,NaN,NaN,NaN
2025-11-27,21.6,NaN,NaN,NaN,NaN,NaN,20.4,NaN,NaN,NaN,NaN,NaN,NaN
2025-11-28,21.5,NaN,NaN,NaN,NaN,NaN,20.4,NaN,NaN,NaN,NaN,NaN,NaN
2025-11-29,21.5,NaN,NaN,NaN,NaN,NaN,20.4,NaN,NaN,NaN,NaN,NaN,NaN
2025-11-30,21.5,NaN,NaN,NaN,NaN,NaN,20.4,NaN,NaN,NaN,NaN,NaN,NaN
2025-12-01,21.5,NaN,NaN,23.7,NaN,NaN,20.4,NaN,NaN,NaN,NaN,NaN,NaN
2025-12-02,21.5,NaN,22,23.7,NaN,NaN,20.4,NaN,NaN,NaN,NaN,NaN,NaN
2025-12-03,21.6,NaN,22,23.7,NaN,NaN,20.4,NaN,NaN,NaN,NaN,NaN,NaN
2025-12-04,21.6,NaN,22,23.7,NaN,NaN,20.4,NaN,NaN,NaN,NaN,NaN,NaN
2025-12-05,21.6,NaN,22,23.7,NaN,NaN,20.4,NaN,NaN,NaN,NaN,NaN,NaN
2025-12-06,21.6,NaN,22,23.7,NaN,NaN,20.4,NaN,NaN,NaN,NaN,NaN,NaN
2025-12-07,21.6,21.5,22,23.7,NaN,NaN,20.4,NaN,NaN,NaN,NaN,NaN,NaN
2025-12-08,21.6,21.5,22,23.7,NaN,NaN,NaN,NaN,NaN,NaN,NaN,NaN,NaN
2025-12-09,21.5,21.5,22,23.7,NaN,NaN,NaN,NaN,NaN,NaN,NaN,NaN,NaN
2025-12-10,21.5,21.5,22,23.7,NaN,NaN,NaN,NaN,NaN,NaN,NaN,NaN,NaN
2025-12-11,21.5,21.5,22,23.7,NaN,NaN,NaN,NaN,NaN,NaN,NaN,NaN,NaN
2025-12-12,21.5,21.5,22,23.7,NaN,NaN,NaN,NaN,NaN,NaN,NaN,NaN,NaN
2025-12-13,21.7,21.5,22,23.7,NaN,NaN,NaN,NaN,NaN,NaN,NaN,NaN,NaN
2025-12-14,21.7,21.5,22,23.7,NaN,NaN,NaN,NaN,NaN,NaN,NaN,NaN,NaN
2025-12-15,21.7,21.5,NaN,NaN,NaN,NaN,NaN,NaN,NaN,NaN,NaN,NaN,NaN
2025-12-16,21.5,21.5,NaN,NaN,NaN,NaN,NaN,NaN,NaN,NaN,NaN,NaN,NaN
2025-12-17,21.5,NaN,NaN,NaN,NaN,NaN,NaN,NaN,NaN,NaN,NaN,NaN,NaN
2025-12-18,21.5,NaN,NaN,NaN,NaN,NaN,NaN,NaN,NaN,NaN,NaN,NaN,NaN
2025-12-19,21.5,NaN,NaN,NaN,NaN,NaN,NaN,NaN,NaN,NaN,NaN,NaN,NaN
2025-12-20,21.5,NaN,NaN,NaN,NaN,NaN,NaN,NaN,NaN,NaN,NaN,NaN,NaN
2025-12-21,21.5,NaN,NaN,NaN,NaN,NaN,NaN,NaN,NaN,NaN,NaN,NaN,NaN
2025-12-22,21.5,NaN,NaN,NaN,NaN,NaN,NaN,NaN,NaN,NaN,NaN,NaN,NaN
2025-12-23,21.5,NaN,NaN,NaN,NaN,NaN,NaN,NaN,NaN,NaN,NaN,NaN,NaN
2025-12-24,21.5,NaN,NaN,NaN,NaN,NaN,NaN,NaN,NaN,NaN,NaN,NaN,NaN
2025-12-25,21.5,NaN,NaN,NaN,NaN,NaN,NaN,NaN,NaN,NaN,NaN,NaN,NaN
2025-12-26,21.5,NaN,NaN,NaN,NaN,NaN,NaN,NaN,NaN,NaN,NaN,NaN,NaN
2025-12-27,21.5,NaN,NaN,NaN,NaN,NaN,NaN,NaN,NaN,NaN,NaN,NaN,NaN
2025-12-28,21.5,NaN,NaN,NaN,NaN,NaN,NaN,NaN,NaN,NaN,NaN,NaN,NaN
2025-12-29,21.5,NaN,NaN,NaN,NaN,NaN,21.3,NaN,NaN,NaN,NaN,NaN,NaN
2025-12-30,21.5,NaN,NaN,NaN,NaN,NaN,21.3,NaN,NaN,NaN,NaN,NaN,NaN
2025-12-31,21.6,NaN,NaN,NaN,NaN,NaN,21.3,NaN,NaN,NaN,NaN,NaN,NaN
2026-01-01,21.6,NaN,NaN,NaN,NaN,NaN,21.3,NaN,NaN,NaN,NaN,NaN,NaN
2026-01-02,21.6,NaN,NaN,NaN,NaN,NaN,21.3,NaN,NaN,NaN,NaN,NaN,NaN
2026-01-03,21.6,NaN,NaN,NaN,NaN,NaN,21.3,NaN,NaN,NaN,NaN,NaN,NaN
2026-01-04,21.6,NaN,NaN,NaN,NaN,NaN,21.3,NaN,NaN,NaN,NaN,NaN,NaN
2026-01-05,21.6,NaN,NaN,NaN,NaN,NaN,21.3,NaN,NaN,NaN,NaN,NaN,NaN
2026-01-06,21.5,NaN,NaN,NaN,NaN,NaN,21.3,NaN,NaN,NaN,NaN,NaN,NaN
2026-01-07,21.5,NaN,NaN,22.5,NaN,NaN,21.3,NaN,NaN,NaN,NaN,NaN,NaN
2026-01-08,21.5,NaN,NaN,22.5,NaN,NaN,21.3,NaN,NaN,NaN,NaN,NaN,NaN
2026-01-09,21.5,NaN,NaN,22.5,NaN,NaN,21.3,NaN,NaN,NaN,NaN,NaN,NaN
2026-01-10,21.5,NaN,NaN,22.5,NaN,NaN,21.3,NaN,NaN,NaN,NaN,NaN,NaN
2026-01-11,21.5,NaN,NaN,22.5,NaN,NaN,21.3,NaN,NaN,NaN,NaN,NaN,NaN
2026-01-12,21.5,NaN,NaN,22.5,NaN,NaN,NaN,NaN,NaN,NaN,NaN,NaN,NaN
2026-01-13,21.5,NaN,NaN,22.5,NaN,NaN,NaN,NaN,NaN,NaN,NaN,NaN,NaN
2026-01-14,21.5,NaN,NaN,22.5,NaN,NaN,NaN,NaN,NaN,NaN,NaN,NaN,NaN
2026-01-15,21.5,NaN,NaN,22.5,NaN,NaN,NaN,NaN,NaN,NaN,NaN,NaN,NaN
2026-01-16,21.5,20.8,NaN,22.5,NaN,NaN,NaN,NaN,NaN,NaN,NaN,NaN,NaN
2026-01-17,21.5,20.8,NaN,22.5,NaN,NaN,NaN,NaN,NaN,NaN,NaN,NaN,NaN
2026-01-18,21.5,20.8,NaN,22.5,NaN,NaN,NaN,NaN,NaN,NaN,NaN,NaN,NaN
2026-01-19,21.5,20.8,NaN,NaN,NaN,NaN,NaN,NaN,NaN,NaN,NaN,NaN,NaN
2026-01-20,21.5,20.8,21,NaN,NaN,NaN,NaN,NaN,NaN,NaN,NaN,NaN,NaN
2026-01-21,21.5,20.8,21,NaN,NaN,NaN,NaN,NaN,NaN,NaN,NaN,NaN,NaN
2026-01-22,21.5,20.8,21,NaN,NaN,NaN,NaN,NaN,NaN,NaN,NaN,NaN,NaN
2026-01-23,21.5,20.8,21,NaN,NaN,NaN,NaN,NaN,NaN,NaN,NaN,NaN,NaN
2026-01-24,21.4,20.8,21,NaN,NaN,NaN,NaN,NaN,NaN,NaN,NaN,NaN,NaN
2026-01-25,21.4,20.8,21,NaN,NaN,NaN,NaN,NaN,NaN,NaN,NaN,NaN,NaN
2026-01-26,21.4,20.8,21,NaN,NaN,NaN,20.1,NaN,NaN,NaN,NaN,NaN,NaN
2026-01-27,21.4,NaN,21,NaN,NaN,NaN,20.1,NaN,NaN,NaN,NaN,NaN,NaN
2026-01-28,21.4,NaN,21,NaN,NaN,NaN,20.1,NaN,NaN,NaN,NaN,NaN,NaN
2026-01-29,21.4,NaN,21,NaN,NaN,NaN,20.1,NaN,NaN,NaN,NaN,NaN,NaN
2026-01-30,21.4,NaN,NaN,NaN,NaN,NaN,20.1,NaN,NaN,NaN,NaN,NaN,NaN
2026-01-31,21.4,NaN,NaN,NaN,NaN,NaN,20.1,NaN,NaN,NaN,NaN,NaN,NaN
2026-02-01,21.4,NaN,NaN,NaN,NaN,NaN,20.1,NaN,NaN,NaN,NaN,NaN,NaN
2026-02-02,21.3,NaN,NaN,22.9,NaN,NaN,20.1,NaN,NaN,NaN,NaN,NaN,NaN
2026-02-03,21.3,NaN,NaN,22.9,NaN,NaN,20.1,NaN,NaN,NaN,NaN,NaN,NaN
2026-02-04,21.3,NaN,NaN,22.9,NaN,NaN,20.1,NaN,NaN,NaN,NaN,NaN,NaN
2026-02-05,21.3,NaN,NaN,22.9,NaN,NaN,20.1,NaN,NaN,NaN,NaN,NaN,NaN
2026-02-06,21.3,NaN,NaN,22.9,NaN,NaN,20.1,NaN,NaN,NaN,NaN,NaN,NaN
2026-02-07,21.3,NaN,NaN,22.9,NaN,NaN,20.1,NaN,NaN,NaN,NaN,NaN,NaN
2026-02-08,21.3,NaN,NaN,22.9,NaN,NaN,20.1,NaN,NaN,NaN,NaN,NaN,NaN
2026-02-09,21.3,NaN,NaN,22.9,NaN,NaN,NaN,NaN,NaN,NaN,NaN,NaN,NaN
2026-02-10,21.3,21.2,20,22.9,NaN,NaN,NaN,NaN,NaN,NaN,NaN,NaN,NaN
2026-02-11,21.2,21.2,20,22.9,NaN,NaN,NaN,NaN,NaN,NaN,NaN,NaN,NaN
2026-02-12,21.2,21.2,20,22.9,NaN,NaN,NaN,NaN,NaN,NaN,NaN,NaN,NaN
2026-02-13,21.2,21.2,20,22.9,NaN,NaN,NaN,NaN,NaN,NaN,NaN,NaN,NaN
2026-02-14,21.1,21.2,20,22.9,NaN,NaN,NaN,NaN,NaN,NaN,NaN,NaN,NaN
2026-02-15,21.1,21.2,20,22.9,NaN,NaN,NaN,NaN,NaN,NaN,NaN,NaN,NaN
2026-02-16,21.1,21.2,20,NaN,NaN,NaN,NaN,NaN,NaN,NaN,NaN,NaN,NaN
2026-02-17,21.1,21.2,20,NaN,NaN,NaN,NaN,NaN,NaN,NaN,NaN,NaN,NaN
2026-02-18,21.1,21.2,20,NaN,NaN,NaN,NaN,NaN,NaN,NaN,NaN,NaN,NaN
2026-02-19,21,21.2,20,NaN,NaN,NaN,NaN,NaN,NaN,NaN,NaN,NaN,NaN
2026-02-20,21,21.2,20,NaN,NaN,NaN,NaN,NaN,NaN,NaN,NaN,NaN,NaN
2026-02-21,21,21.2,20,NaN,NaN,NaN,NaN,NaN,NaN,NaN,NaN,NaN,NaN
2026-02-22,21,21.2,20,NaN,NaN,NaN,NaN,NaN,NaN,NaN,NaN,NaN,NaN
2026-02-23,21,21.2,20,NaN,NaN,NaN,21.1,NaN,NaN,NaN,NaN,NaN,NaN
2026-02-24,21,21.2,NaN,NaN,NaN,NaN,21.1,NaN,NaN,NaN,NaN,NaN,NaN
2026-02-25,21,NaN,NaN,NaN,NaN,NaN,21.1,NaN,NaN,NaN,NaN,NaN,NaN
2026-02-26,21,NaN,NaN,NaN,NaN,NaN,21.1,NaN,NaN,NaN,NaN,NaN,NaN
2026-02-27,20.9,NaN,NaN,NaN,NaN,NaN,21.1,NaN,NaN,NaN,NaN,NaN,NaN
2026-02-28,20.9,NaN,NaN,NaN,NaN,NaN,21.1,NaN,NaN,NaN,NaN,NaN,NaN
2026-03-01,20.9,NaN,NaN,NaN,NaN,NaN,21.1,NaN,NaN,NaN,NaN,NaN,NaN
2026-03-02,20.9,NaN,NaN,NaN,NaN,NaN,21.1,NaN,NaN,NaN,NaN,NaN,NaN
2026-03-03,20.9,NaN,NaN,NaN,NaN,NaN,21.1,NaN,NaN,NaN,NaN,NaN,NaN
2026-03-04,20.9,NaN,NaN,NaN,NaN,NaN,21.1,NaN,NaN,NaN,NaN,NaN,NaN
2026-03-05,20.9,NaN,NaN,NaN,NaN,NaN,21.1,NaN,NaN,NaN,NaN,NaN,NaN
2026-03-06,20.8,NaN,NaN,NaN,NaN,NaN,21.1,NaN,NaN,NaN,NaN,NaN,NaN
2026-03-07,20.8,NaN,NaN,NaN,NaN,NaN,21.1,NaN,NaN,NaN,NaN,NaN,NaN
2026-03-08,20.8,NaN,NaN,NaN,NaN,NaN,21.1,NaN,NaN,NaN,NaN,NaN,NaN
2026-03-09,20.7,NaN,NaN,NaN,NaN,NaN,NaN,NaN,NaN,NaN,NaN,NaN,NaN
2026-03-10,20.7,19.9,20,NaN,NaN,NaN,NaN,NaN,NaN,NaN,NaN,NaN,NaN
2026-03-11,20.6,19.9,20,NaN,NaN,NaN,NaN,NaN,NaN,NaN,NaN,NaN,NaN
2026-03-12,20.6,19.9,20,NaN,NaN,NaN,NaN,NaN,NaN,NaN,NaN,NaN,NaN
2026-03-13,20.5,19.9,20,NaN,NaN,NaN,NaN,NaN,NaN,NaN,NaN,NaN,NaN
2026-03-14,20.5,19.9,20,21,NaN,NaN,NaN,NaN,NaN,NaN,NaN,NaN,NaN
2026-03-15,20.5,19.9,20,21,NaN,NaN,NaN,NaN,NaN,NaN,NaN,NaN,NaN
2026-03-16,20.4,19.9,20,21,NaN,NaN,NaN,NaN,NaN,NaN,NaN,NaN,NaN
2026-03-17,20.4,19.9,20,21,NaN,NaN,NaN,NaN,NaN,NaN,NaN,NaN,NaN
2026-03-18,20.4,19.9,20,21,NaN,NaN,NaN,NaN,NaN,NaN,NaN,NaN,NaN
2026-03-19,20.3,19.9,20,NaN,NaN,NaN,NaN,NaN,NaN,NaN,NaN,NaN,NaN
2026-03-20,20.3,NaN,20,NaN,NaN,NaN,NaN,NaN,NaN,NaN,NaN,NaN,NaN
2026-03-21,20.3,NaN,20,NaN,NaN,NaN,NaN,NaN,NaN,NaN,NaN,NaN,NaN
2026-03-22,20.3,NaN,20,NaN,NaN,NaN,NaN,NaN,NaN,NaN,NaN,NaN,NaN
2026-03-23,20.3,NaN,NaN,NaN,NaN,NaN,20,NaN,NaN,NaN,NaN,NaN,NaN
2026-03-24,20.3,NaN,NaN,NaN,NaN,NaN,20,NaN,NaN,NaN,NaN,NaN,NaN
2026-03-25,20.2,NaN,NaN,NaN,NaN,NaN,20,NaN,NaN,NaN,NaN,NaN,NaN
2026-03-26,20.2,NaN,NaN,NaN,NaN,NaN,20,NaN,NaN,NaN,NaN,NaN,NaN
2026-03-27,20.1,NaN,NaN,NaN,NaN,NaN,20,NaN,NaN,NaN,NaN,NaN,NaN
2026-03-28,20.1,NaN,NaN,NaN,NaN,NaN,20,NaN,NaN,NaN,NaN,NaN,NaN
2026-03-29,20.1,NaN,NaN,NaN,NaN,NaN,20,NaN,NaN,NaN,NaN,NaN,NaN
2026-03-30,20,NaN,NaN,NaN,NaN,NaN,20,NaN,NaN,NaN,NaN,NaN,NaN
2026-03-31,20,NaN,NaN,NaN,NaN,NaN,20,NaN,NaN,NaN,NaN,NaN,NaN
2026-04-01,19.9,NaN,NaN,NaN,NaN,NaN,20,NaN,NaN,NaN,NaN,NaN,NaN
2026-04-02,19.9,NaN,NaN,NaN,NaN,NaN,20,NaN,NaN,NaN,NaN,NaN,NaN
2026-04-03,19.9,NaN,NaN,NaN,NaN,NaN,20,NaN,NaN,NaN,NaN,NaN,NaN
2026-04-04,19.8,NaN,NaN,NaN,NaN,NaN,20,NaN,NaN,NaN,NaN,NaN,NaN
2026-04-05,19.8,NaN,NaN,NaN,NaN,NaN,20,NaN,NaN,NaN,NaN,NaN,NaN
2026-04-06,19.8,NaN,NaN,19.8,NaN,NaN,20,NaN,NaN,NaN,NaN,NaN,NaN
2026-04-07,19.9,NaN,NaN,19.8,NaN,NaN,NaN,NaN,NaN,NaN,NaN,NaN,NaN
2026-04-08,19.9,NaN,NaN,19.8,NaN,NaN,NaN,NaN,NaN,NaN,NaN,NaN,NaN
2026-04-09,19.9,NaN,NaN,19.8,NaN,NaN,NaN,NaN,NaN,NaN,NaN,NaN,NaN
2026-04-10,19.9,19.9,NaN,19.8,NaN,NaN,NaN,NaN,NaN,NaN,NaN,NaN,NaN
2026-04-11,19.7,19.9,NaN,19.8,NaN,NaN,NaN,NaN,NaN,NaN,NaN,NaN,NaN
2026-04-12,19.7,19.9,NaN,19.8,NaN,NaN,NaN,NaN,NaN,NaN,NaN,NaN,NaN
2026-04-13,19.6,19.9,NaN,19.8,NaN,NaN,NaN,NaN,NaN,NaN,NaN,NaN,NaN
2026-04-14,19.6,19.9,19,19.8,NaN,NaN,NaN,NaN,NaN,NaN,NaN,NaN,NaN
2026-04-15,19.6,19.9,19,19.8,NaN,NaN,NaN,NaN,NaN,NaN,NaN,NaN,NaN
2026-04-16,19.6,19.9,19,19.8,NaN,NaN,NaN,NaN,NaN,NaN,NaN,NaN,NaN
2026-04-17,19.7,19.9,19,19.8,NaN,NaN,NaN,NaN,NaN,NaN,NaN,NaN,NaN
2026-04-18,19.7,19.9,19,19.8,NaN,NaN,NaN,NaN,NaN,NaN,NaN,NaN,NaN
2026-04-19,19.7,19.9,19,19.8,NaN,NaN,NaN,NaN,NaN,NaN,NaN,NaN,NaN
2026-04-20,19.7,19.9,19,NaN,NaN,NaN,NaN,NaN,NaN,NaN,NaN,NaN,NaN
2026-04-21,19.6,19.9,19,NaN,NaN,NaN,NaN,NaN,NaN,NaN,NaN,NaN,NaN
2026-04-22,19.6,19.9,19,NaN,NaN,NaN,NaN,NaN,NaN,NaN,NaN,NaN,NaN
2026-04-23,19.6,19.9,19,NaN,NaN,NaN,NaN,NaN,NaN,NaN,NaN,NaN,NaN
2026-04-24,19.6,19.9,19,NaN,NaN,NaN,18.9,NaN,NaN,NaN,NaN,NaN,NaN
2026-04-25,19.4,NaN,19,NaN,NaN,NaN,18.9,NaN,NaN,NaN,NaN,NaN,NaN
2026-04-26,19.4,NaN,19,NaN,NaN,NaN,18.9,NaN,NaN,NaN,NaN,NaN,NaN
2026-04-27,19.4,NaN,19,NaN,NaN,NaN,18.9,NaN,NaN,NaN,NaN,NaN,NaN
2026-04-28,19.4,NaN,NaN,NaN,18.3,NaN,18.9,NaN,NaN,NaN,NaN,NaN,NaN
2026-04-29,19.4,NaN,NaN,NaN,18.3,NaN,18.9,NaN,NaN,NaN,NaN,NaN,NaN
2026-04-30,19.4,NaN,NaN,NaN,18.3,NaN,18.9,NaN,NaN,NaN,NaN,NaN,NaN
2026-05-01,19.4,NaN,NaN,NaN,18.3,NaN,18.9,NaN,NaN,NaN,NaN,NaN,NaN
2026-05-02,19.4,NaN,NaN,NaN,18.3,NaN,18.9,NaN,NaN,NaN,NaN,NaN,NaN
2026-05-03,19.3,NaN,NaN,NaN,18.3,NaN,18.9,NaN,NaN,NaN,NaN,NaN,NaN
2026-05-04,19.3,NaN,NaN,19.2,18.3,NaN,18.9,NaN,NaN,NaN,NaN,NaN,NaN
2026-05-05,19.3,NaN,NaN,19.2,18.3,NaN,18.9,NaN,NaN,NaN,NaN,NaN,NaN
2026-05-06,19.3,NaN,NaN,19.2,18.3,NaN,18.9,NaN,NaN,NaN,NaN,NaN,NaN
2026-05-07,19.3,NaN,NaN,19.2,18.3,NaN,18.9,NaN,NaN,NaN,NaN,NaN,NaN
2026-05-08,19.3,NaN,NaN,19.2,18.3,NaN,18.9,NaN,NaN,NaN,NaN,NaN,NaN
2026-05-09,19.3,NaN,NaN,19.2,18.3,NaN,18.9,NaN,NaN,NaN,NaN,NaN,NaN
2026-05-10,19.3,NaN,NaN,19.2,18.3,NaN,18.9,NaN,NaN,NaN,NaN,NaN,NaN
2026-05-11,19.4,NaN,NaN,19.2,18.3,NaN,NaN,NaN,NaN,NaN,NaN,NaN,NaN
2026-05-12,19.4,NaN,20,19.2,18.3,NaN,NaN,NaN,NaN,NaN,NaN,NaN,NaN
2026-05-13,19.4,NaN,20,19.2,18.3,NaN,NaN,NaN,NaN,NaN,NaN,NaN,NaN
2026-05-14,19.4,NaN,20,19.2,18.3,NaN,NaN,NaN,NaN,NaN,NaN,NaN,NaN
2026-05-15,19.4,NaN,20,19.2,18.3,NaN,NaN,NaN,NaN,NaN,NaN,NaN,NaN
2026-05-16,19.4,NaN,20,19.2,18.3,NaN,NaN,NaN,NaN,NaN,NaN,NaN,NaN
2026-05-17,19.4,19,20,19.2,18.3,NaN,NaN,NaN,NaN,NaN,NaN,NaN,NaN
2026-05-18,19.4,19,20,NaN,18.3,NaN,NaN,NaN,NaN,NaN,NaN,NaN,NaN
2026-05-19,19.4,19,20,NaN,18.3,NaN,NaN,NaN,NaN,NaN,NaN,NaN,NaN
2026-05-20,19.4,19,20,NaN,18.3,NaN,NaN,NaN,NaN,NaN,NaN,NaN,NaN
2026-05-21,19.4,19,20,NaN,18.3,NaN,NaN,NaN,NaN,NaN,NaN,NaN,NaN
2026-05-22,19.3,19,20,NaN,18.3,NaN,NaN,NaN,NaN,NaN,NaN,NaN,NaN
2026-05-23,19.3,19,20,NaN,18.3,NaN,NaN,NaN,NaN,NaN,NaN,NaN,NaN
2026-05-24,19.3,19,20,NaN,18.3,NaN,NaN,NaN,NaN,NaN,NaN,NaN,NaN
2026-05-25,19.3,NaN,20,NaN,18.3,NaN,18.9,NaN,NaN,NaN,NaN,NaN,NaN
2026-05-26,19.3,NaN,NaN,NaN,18.3,NaN,18.9,NaN,NaN,NaN,NaN,NaN,NaN
2026-05-27,19.3,NaN,NaN,NaN,18.3,NaN,18.9,NaN,NaN,NaN,NaN,NaN,NaN
2026-05-28,19.3,NaN,NaN,NaN,18.3,NaN,18.9,NaN,NaN,NaN,NaN,NaN,NaN
2026-05-29,19.4,NaN,NaN,NaN,NaN,NaN,18.9,NaN,NaN,NaN,NaN,NaN,NaN
2026-05-30,19.4,NaN,NaN,NaN,NaN,NaN,18.9,NaN,NaN,NaN,NaN,NaN,NaN
2026-05-31,19.4,NaN,NaN,NaN,NaN,NaN,18.9,NaN,NaN,NaN,NaN,NaN,NaN
2026-06-01,19.4,NaN,NaN,20,NaN,NaN,18.9,NaN,NaN,NaN,NaN,NaN,NaN
2026-06-02,19.4,NaN,19.3,20,NaN,NaN,18.9,NaN,NaN,NaN,NaN,NaN,NaN
2026-06-03,19.4,NaN,19.3,20,NaN,NaN,18.9,NaN,NaN,NaN,NaN,NaN,NaN
2026-06-04,19.4,NaN,19.3,20,NaN,NaN,18.9,NaN,NaN,NaN,NaN,NaN,NaN
2026-06-05,19.4,19.4,19.3,20,NaN,NaN,18.9,NaN,NaN,NaN,NaN,NaN,NaN
2026-06-06,19.4,19.4,19.3,20,NaN,NaN,18.9,NaN,NaN,NaN,NaN,NaN,NaN
2026-06-07,19.4,19.4,19.3,20,NaN,NaN,18.9,NaN,NaN,NaN,NaN,NaN,NaN
2026-06-08,19.4,19.4,19.3,20,NaN,NaN,NaN,NaN,NaN,NaN,NaN,NaN,NaN
2026-06-09,19.4,19.4,19.3,20,NaN,NaN,NaN,NaN,NaN,NaN,NaN,NaN,NaN
2026-06-10,19.4,19.4,19.3,20,NaN,NaN,NaN,NaN,NaN,NaN,NaN,NaN,NaN
2026-06-11,19.4,19.4,19.3,20,NaN,NaN,NaN,NaN,NaN,NaN,NaN,NaN,NaN
2026-06-12,19.4,19.4,19.3,20,NaN,NaN,NaN,NaN,NaN,NaN,NaN,NaN,NaN
2026-06-13,19.4,19.4,19.3,20,NaN,NaN,NaN,NaN,NaN,NaN,NaN,NaN,NaN
2026-06-14,19.4,19.4,19.3,20,NaN,NaN,NaN,NaN,NaN,NaN,NaN,NaN,NaN
2026-06-15,19.4,19.4,NaN,NaN,NaN,NaN,NaN,NaN,NaN,NaN,NaN,NaN,NaN
2026-06-16,19.4,19.4,NaN,NaN,NaN,NaN,NaN,NaN,NaN,NaN,NaN,NaN,NaN
2026-06-17,19.5,19.4,NaN,NaN,NaN,NaN,NaN,NaN,NaN,NaN,NaN,NaN,NaN
2026-06-18,19.5,NaN,NaN,NaN,NaN,NaN,NaN,NaN,NaN,NaN,NaN,NaN,NaN
2026-06-19,19.5,NaN,NaN,NaN,NaN,NaN,NaN,NaN,NaN,NaN,NaN,NaN,NaN
2026-06-20,19.4,NaN,NaN,NaN,NaN,NaN,NaN,NaN,NaN,NaN,NaN,NaN,NaN
2026-06-21,19.4,NaN,NaN,NaN,NaN,NaN,NaN,NaN,NaN,NaN,NaN,NaN,NaN
2026-06-22,19.4,NaN,NaN,NaN,NaN,NaN,NaN,NaN,NaN,NaN,NaN,NaN,NaN
2026-06-23,19.4,NaN,NaN,NaN,NaN,NaN,NaN,NaN,NaN,NaN,NaN,NaN,NaN
2026-06-24,19.4,NaN,NaN,NaN,NaN,NaN,NaN,NaN,NaN,NaN,NaN,NaN,NaN
2026-06-25,19.4,NaN,NaN,NaN,NaN,NaN,NaN,NaN,NaN,NaN,NaN,NaN,NaN
2026-06-26,19.3,NaN,NaN,NaN,NaN,NaN,NaN,NaN,NaN,NaN,NaN,NaN,NaN
2026-06-27,19.3,NaN,NaN,NaN,NaN,NaN,NaN,NaN,NaN,NaN,NaN,NaN,NaN
2026-06-28,19.3,NaN,NaN,NaN,NaN,NaN,NaN,NaN,NaN,NaN,NaN,NaN,NaN
2026-06-29,19.3,NaN,NaN,NaN,NaN,NaN,NaN,NaN,NaN,NaN,NaN,NaN,NaN
2026-06-30,19.3,NaN,NaN,NaN,NaN,NaN,NaN,NaN,NaN,NaN,NaN,NaN,NaN
2026-07-01,19.3,NaN,NaN,NaN,NaN,NaN,NaN,NaN,NaN,NaN,NaN,NaN,NaN
2026-07-02,19.3,NaN,NaN,NaN,NaN,NaN,NaN,NaN,NaN,NaN,NaN,NaN,NaN
2026-07-03,19.3,NaN,NaN,NaN,NaN,NaN,NaN,NaN,NaN,NaN,NaN,NaN,NaN
2026-07-04,19.3,NaN,NaN,NaN,NaN,NaN,NaN,NaN,NaN,NaN,NaN,NaN,NaN
2026-07-05,19.3,NaN,NaN,NaN,NaN,NaN,NaN,NaN,NaN,NaN,NaN,NaN,NaN
2026-07-06,19.3,NaN,NaN,20.4,NaN,NaN,NaN,NaN,NaN,NaN,NaN,NaN,NaN
2026-07-07,19.3,NaN,NaN,20.4,NaN,NaN,NaN,NaN,NaN,NaN,NaN,NaN,NaN
2026-07-08,19.3,NaN,NaN,20.4,NaN,NaN,NaN,NaN,NaN,NaN,NaN,NaN,NaN
2026-07-09,19.3,NaN,NaN,20.4,NaN,NaN,NaN,NaN,NaN,NaN,NaN,NaN,NaN
2026-07-10,19.3,NaN,NaN,20.4,NaN,NaN,NaN,NaN,NaN,NaN,NaN,NaN,NaN
2026-07-11,19.3,NaN,NaN,20.4,NaN,NaN,NaN,NaN,NaN,NaN,NaN,NaN,NaN
2026-07-12,19.3,NaN,NaN,20.4,NaN,NaN,NaN,NaN,NaN,NaN,NaN,NaN,NaN
2026-07-13,19.3,NaN,NaN,20.4,NaN,NaN,NaN,NaN,NaN,NaN,NaN,NaN,NaN
2026-07-14,19.3,NaN,NaN,20.4,NaN,NaN,NaN,NaN,NaN,NaN,NaN,NaN,NaN
2026-07-15,19.3,NaN,NaN,20.4,NaN,NaN,NaN,NaN,NaN,NaN,NaN,NaN,NaN
2026-07-16,19.3,NaN,NaN,20.4,NaN,NaN,NaN,NaN,NaN,NaN,NaN,NaN,NaN
2026-07-17,19.3,NaN,NaN,20.4,NaN,NaN,NaN,NaN,NaN,NaN,NaN,NaN,NaN
2026-07-18,19.3,NaN,NaN,20.4,NaN,NaN,NaN,NaN,NaN,NaN,NaN,NaN,NaN
2026-07-19,19.3,NaN,NaN,20.4,NaN,NaN,NaN,NaN,NaN,NaN,NaN,NaN,NaN
2026-07-20,19.3,NaN,NaN,NaN,NaN,NaN,NaN,NaN,NaN,NaN,NaN,NaN,NaN
2026-07-21,19.3,NaN,NaN,NaN,NaN,NaN,NaN,NaN,NaN,NaN,NaN,NaN,NaN
2026-07-22,19.3,NaN,NaN,NaN,NaN,NaN,NaN,NaN,NaN,NaN,NaN,NaN,NaN
2026-07-23,19.3,NaN,NaN,NaN,NaN,NaN,NaN,NaN,NaN,NaN,NaN,NaN,NaN
2026-07-24,19.3,NaN,NaN,NaN,NaN,NaN,NaN,NaN,NaN,NaN,NaN,NaN,NaN
2026-07-25,19.3,NaN,NaN,NaN,NaN,NaN,NaN,NaN,NaN,NaN,NaN,NaN,NaN
2026-07-26,19.3,NaN,NaN,NaN,NaN,NaN,NaN,NaN,NaN,NaN,NaN,NaN,NaN
2026-07-27,19.3,NaN,NaN,NaN,NaN,NaN,NaN,NaN,NaN,NaN,NaN,NaN,NaN
2026-07-28,19.3,NaN,NaN,NaN,NaN,NaN,NaN,NaN,NaN,NaN,NaN,NaN,NaN
2026-07-29,19.3,20.2,NaN,NaN,NaN,NaN,NaN,NaN,NaN,NaN,NaN,NaN,NaN
2026-07-30,19.3,20.2,NaN,NaN,NaN,NaN,NaN,NaN,NaN,NaN,NaN,NaN,NaN
2026-07-31,19.3,20.2,NaN,NaN,NaN,NaN,NaN,NaN,NaN,NaN,NaN,NaN,NaN
2026-08-01,19.3,20.2,NaN,NaN,NaN,NaN,NaN,NaN,NaN,NaN,NaN,NaN,NaN
2026-08-02,19.3,20.2,NaN,NaN,NaN,NaN,NaN,NaN,NaN,NaN,NaN,NaN,NaN
2026-08-03,19.3,20.2,NaN,19.1,NaN,NaN,18.5,NaN,NaN,NaN,NaN,NaN,NaN
2026-08-04,19.3,20.2,NaN,19.1,NaN,NaN,18.5,NaN,NaN,NaN,NaN,NaN,NaN
2026-08-05,19.3,20.2,NaN,19.1,NaN,NaN,18.5,NaN,NaN,NaN,NaN,NaN,NaN
2026-08-06,19.3,20.2,NaN,19.1,NaN,NaN,18.5,NaN,NaN,NaN,NaN,NaN,NaN
2026-08-07,19.3,20.2,NaN,19.1,NaN,NaN,18.5,NaN,NaN,NaN,NaN,NaN,NaN
2026-08-08,19.3,20.2,NaN,19.1,NaN,NaN,18.5,NaN,NaN,NaN,NaN,NaN,NaN
2026-08-09,19.3,20.2,NaN,19.1,NaN,NaN,18.5,NaN,NaN,NaN,NaN,NaN,NaN
2026-08-10,19.3,20.2,NaN,19.1,NaN,NaN,18.5,NaN,NaN,NaN,NaN,NaN,NaN
2026-08-11,19.3,NaN,19.3,19.1,NaN,NaN,18.5,NaN,NaN,NaN,NaN,NaN,NaN
2026-08-12,19.3,NaN,19.3,19.1,NaN,NaN,18.5,NaN,NaN,NaN,NaN,NaN,NaN
2026-08-13,19.3,18.3,19.3,19.1,NaN,NaN,18.5,NaN,NaN,NaN,NaN,NaN,NaN
2026-08-14,19.3,18.3,19.3,19.1,NaN,NaN,18.5,NaN,NaN,NaN,NaN,NaN,NaN
2026-08-15,19.3,18.3,19.3,19.1,NaN,NaN,18.5,NaN,NaN,NaN,NaN,NaN,NaN
2026-08-16,19.3,18.3,19.3,19.1,NaN,NaN,18.5,NaN,NaN,NaN,NaN,NaN,NaN
2026-08-17,19.3,18.3,19.3,NaN,NaN,NaN,NaN,NaN,NaN,NaN,NaN,NaN,NaN
2026-08-18,19.3,18.3,19.3,NaN,NaN,NaN,NaN,NaN,NaN,NaN,NaN,NaN,NaN
2026-08-19,19.3,18.3,19.3,NaN,NaN,NaN,NaN,NaN,NaN,NaN,NaN,NaN,NaN
2026-08-20,19.3,18.3,19.3,NaN,NaN,NaN,NaN,NaN,NaN,NaN,NaN,NaN,NaN
2026-08-21,19.3,18.3,19.3,NaN,NaN,NaN,NaN,NaN,NaN,NaN,NaN,NaN,NaN
2026-08-22,19.3,18.3,19.3,NaN,NaN,NaN,NaN,NaN,NaN,NaN,NaN,NaN,NaN
2026-08-23,19.3,18.3,19.3,NaN,NaN,NaN,NaN,NaN,NaN,NaN,NaN,NaN,NaN
2026-08-24,19.3,18.3,NaN,20.7,NaN,NaN,NaN,NaN,NaN,NaN,NaN,NaN,NaN
2026-08-25,19.3,20,NaN,20.7,NaN,NaN,NaN,NaN,NaN,NaN,NaN,NaN,NaN
2026-08-26,19.3,20,NaN,20.7,NaN,NaN,NaN,NaN,NaN,NaN,NaN,NaN,NaN
2026-08-27,19.3,20,NaN,20.7,NaN,NaN,NaN,NaN,NaN,NaN,NaN,NaN,NaN
2026-08-28,19.3,20,NaN,20.7,NaN,NaN,NaN,NaN,NaN,NaN,NaN,NaN,NaN
2026-08-29,19.3,20,NaN,20.7,NaN,NaN,NaN,NaN,NaN,NaN,NaN,NaN,NaN
2026-08-30,19.3,20,NaN,20.7,NaN,NaN,NaN,NaN,NaN,NaN,NaN,NaN,NaN
2026-08-31,19.3,20,NaN,NaN,NaN,NaN,NaN,NaN,NaN,NaN,NaN,NaN,NaN
2026-09-01,19.3,20,NaN,NaN,NaN,NaN,NaN,NaN,NaN,NaN,NaN,NaN,Na