wave,survey_date,period,donor_party,donor_party_code_raw,recipient_party,recipient_party_code_raw,vote_estimate_pct,vote_margin_error_pp,vote_value_status,second_choice_estimate_pct,second_choice_margin_error_pp,second_choice_value_status,donor_overall_sympathy_pct,donor_overall_sympathy_margin_error_pp,donor_overall_sympathy_value_status,recipient_overall_sympathy_pct,recipient_overall_sympathy_margin_error_pp,recipient_overall_sympathy_value_status,recipient_overall_vote_pct,recipient_overall_vote_margin_error_pp,recipient_overall_vote_value_status
2010M11,2010-11-01,2010-11,C,c,C,c,85.3,4.3,observed,0.0,0.0,observed,5.4,0.5,observed,5.4,0.5,observed,6.0,0.4,observed
2010M11,2010-11-01,2010-11,C,c,KD,kd,,,suppressed,8.0,3.4,observed,5.4,0.5,observed,3.8,0.4,observed,4.3,0.3,observed
2010M11,2010-11-01,2010-11,C,c,L,l,,,suppressed,16.1,4.4,observed,5.4,0.5,observed,6.9,0.5,observed,6.8,0.4,observed
2010M11,2010-11-01,2010-11,C,c,M,m,6.2,3.0,observed,36.4,6.0,observed,5.4,0.5,observed,32.2,0.8,observed,32.6,0.8,observed
2010M11,2010-11-01,2010-11,C,c,MP,mp,,,suppressed,7.2,3.3,observed,5.4,0.5,observed,8.5,0.6,observed,8.8,0.5,observed
2010M11,2010-11-01,2010-11,C,c,S,s,,,suppressed,5.9,3.2,observed,5.4,0.5,observed,31.4,0.9,observed,28.7,0.8,observed
2010M11,2010-11-01,2010-11,C,c,SD,SD,,,suppressed,0.0,0.0,observed,5.4,0.5,observed,5.0,0.5,observed,6.3,0.5,observed
2010M11,2010-11-01,2010-11,C,c,V,v,0.0,0.0,observed,,,suppressed,5.4,0.5,observed,5.3,0.4,observed,5.0,0.4,observed
2010M11,2010-11-01,2010-11,KD,kd,C,c,,,suppressed,14.4,5.1,observed,3.8,0.4,observed,5.4,0.5,observed,6.0,0.4,observed
2010M11,2010-11-01,2010-11,KD,kd,KD,kd,87.8,4.8,observed,0.0,0.0,observed,3.8,0.4,observed,3.8,0.4,observed,4.3,0.3,observed
2010M11,2010-11-01,2010-11,KD,kd,L,l,0.0,0.0,observed,19.7,5.6,observed,3.8,0.4,observed,6.9,0.5,observed,6.8,0.4,observed
2010M11,2010-11-01,2010-11,KD,kd,M,m,3.6,2.6,observed,37.4,6.8,observed,3.8,0.4,observed,32.2,0.8,observed,32.6,0.8,observed
2010M11,2010-11-01,2010-11,KD,kd,MP,mp,,,suppressed,4.4,2.8,observed,3.8,0.4,observed,8.5,0.6,observed,8.8,0.5,observed
2010M11,2010-11-01,2010-11,KD,kd,S,s,,,suppressed,5.3,3.2,observed,3.8,0.4,observed,31.4,0.9,observed,28.7,0.8,observed
2010M11,2010-11-01,2010-11,KD,kd,SD,SD,0.0,0.0,observed,,,suppressed,3.8,0.4,observed,5.0,0.5,observed,6.3,0.5,observed
2010M11,2010-11-01,2010-11,KD,kd,V,v,0.0,0.0,observed,0.0,0.0,observed,3.8,0.4,observed,5.3,0.4,observed,5.0,0.4,observed
2010M11,2010-11-01,2010-11,L,l,C,c,2.7,1.8,observed,10.6,3.3,observed,6.9,0.5,observed,5.4,0.5,observed,6.0,0.4,observed
2010M11,2010-11-01,2010-11,L,l,KD,kd,2.1,1.5,observed,7.5,2.7,observed,6.9,0.5,observed,3.8,0.4,observed,4.3,0.3,observed
2010M11,2010-11-01,2010-11,L,l,L,l,81.1,4.0,observed,0.0,0.0,observed,6.9,0.5,observed,6.9,0.5,observed,6.8,0.4,observed
2010M11,2010-11-01,2010-11,L,l,M,m,6.1,2.4,observed,46.8,5.2,observed,6.9,0.5,observed,32.2,0.8,observed,32.6,0.8,observed
2010M11,2010-11-01,2010-11,L,l,MP,mp,1.1,1.1,observed,6.3,2.4,observed,6.9,0.5,observed,8.5,0.6,observed,8.8,0.5,observed
2010M11,2010-11-01,2010-11,L,l,S,s,,,suppressed,6.9,2.5,observed,6.9,0.5,observed,31.4,0.9,observed,28.7,0.8,observed
2010M11,2010-11-01,2010-11,L,l,SD,SD,0.0,0.0,observed,,,suppressed,6.9,0.5,observed,5.0,0.5,observed,6.3,0.5,observed
2010M11,2010-11-01,2010-11,L,l,V,v,0.0,0.0,observed,,,suppressed,6.9,0.5,observed,5.3,0.4,observed,5.0,0.4,observed
2010M11,2010-11-01,2010-11,M,m,C,c,1.0,0.5,observed,10.6,1.4,observed,32.2,0.8,observed,5.4,0.5,observed,6.0,0.4,observed
2010M11,2010-11-01,2010-11,M,m,KD,kd,1.3,0.5,observed,8.1,1.3,observed,32.2,0.8,observed,3.8,0.4,observed,4.3,0.3,observed
2010M11,2010-11-01,2010-11,M,m,L,l,0.9,0.4,observed,36.5,2.2,observed,32.2,0.8,observed,6.9,0.5,observed,6.8,0.4,observed
2010M11,2010-11-01,2010-11,M,m,M,m,89.9,1.6,observed,0.0,0.0,observed,32.2,0.8,observed,32.2,0.8,observed,32.6,0.8,observed
2010M11,2010-11-01,2010-11,M,m,MP,mp,0.2,0.2,observed,6.4,1.2,observed,32.2,0.8,observed,8.5,0.6,observed,8.8,0.5,observed
2010M11,2010-11-01,2010-11,M,m,S,s,0.4,0.3,observed,7.9,1.4,observed,32.2,0.8,observed,31.4,0.9,observed,28.7,0.8,observed
2010M11,2010-11-01,2010-11,M,m,SD,SD,1.8,0.8,observed,3.8,1.1,observed,32.2,0.8,observed,5.0,0.5,observed,6.3,0.5,observed
2010M11,2010-11-01,2010-11,M,m,V,v,0.0,0.0,observed,0.5,0.3,observed,32.2,0.8,observed,5.3,0.4,observed,5.0,0.4,observed
2010M11,2010-11-01,2010-11,MP,mp,C,c,1.0,0.9,observed,3.8,1.6,observed,8.5,0.6,observed,5.4,0.5,observed,6.0,0.4,observed
2010M11,2010-11-01,2010-11,MP,mp,KD,kd,,,suppressed,0.8,0.7,observed,8.5,0.6,observed,3.8,0.4,observed,4.3,0.3,observed
2010M11,2010-11-01,2010-11,MP,mp,L,l,1.0,0.9,observed,4.5,1.8,observed,8.5,0.6,observed,6.9,0.5,observed,6.8,0.4,observed
2010M11,2010-11-01,2010-11,MP,mp,M,m,3.5,1.7,observed,6.1,2.2,observed,8.5,0.6,observed,32.2,0.8,observed,32.6,0.8,observed
2010M11,2010-11-01,2010-11,MP,mp,MP,mp,81.1,3.7,observed,0.0,0.0,observed,8.5,0.6,observed,8.5,0.6,observed,8.8,0.5,observed
2010M11,2010-11-01,2010-11,MP,mp,S,s,4.5,1.9,observed,37.4,4.4,observed,8.5,0.6,observed,31.4,0.9,observed,28.7,0.8,observed
2010M11,2010-11-01,2010-11,MP,mp,SD,SD,,,suppressed,,,suppressed,8.5,0.6,observed,5.0,0.5,observed,6.3,0.5,observed
2010M11,2010-11-01,2010-11,MP,mp,V,v,2.0,1.3,observed,16.1,3.2,observed,8.5,0.6,observed,5.3,0.4,observed,5.0,0.4,observed
2010M11,2010-11-01,2010-11,S,s,C,c,0.4,0.3,observed,2.1,0.7,observed,31.4,0.9,observed,5.4,0.5,observed,6.0,0.4,observed
2010M11,2010-11-01,2010-11,S,s,KD,kd,0.2,0.2,observed,1.1,0.6,observed,31.4,0.9,observed,3.8,0.4,observed,4.3,0.3,observed
2010M11,2010-11-01,2010-11,S,s,L,l,1.0,0.5,observed,4.3,1.0,observed,31.4,0.9,observed,6.9,0.5,observed,6.8,0.4,observed
2010M11,2010-11-01,2010-11,S,s,M,m,2.1,0.7,observed,9.8,1.5,observed,31.4,0.9,observed,32.2,0.8,observed,32.6,0.8,observed
2010M11,2010-11-01,2010-11,S,s,MP,mp,2.9,0.8,observed,32.8,2.4,observed,31.4,0.9,observed,8.5,0.6,observed,8.8,0.5,observed
2010M11,2010-11-01,2010-11,S,s,S,s,83.8,1.9,observed,0.0,0.0,observed,31.4,0.9,observed,31.4,0.9,observed,28.7,0.8,observed
2010M11,2010-11-01,2010-11,S,s,SD,SD,0.9,0.5,observed,2.0,0.8,observed,31.4,0.9,observed,5.0,0.5,observed,6.3,0.5,observed
2010M11,2010-11-01,2010-11,S,s,V,v,0.8,0.4,observed,12.9,1.6,observed,31.4,0.9,observed,5.3,0.4,observed,5.0,0.4,observed
2010M11,2010-11-01,2010-11,SD,SD,C,c,0.0,0.0,observed,2.4,2.3,observed,5.0,0.5,observed,5.4,0.5,observed,6.0,0.4,observed
2010M11,2010-11-01,2010-11,SD,SD,KD,kd,0.0,0.0,observed,4.0,3.0,observed,5.0,0.5,observed,3.8,0.4,observed,4.3,0.3,observed
2010M11,2010-11-01,2010-11,SD,SD,L,l,0.0,0.0,observed,7.2,4.1,observed,5.0,0.5,observed,6.9,0.5,observed,6.8,0.4,observed
2010M11,2010-11-01,2010-11,SD,SD,M,m,,,suppressed,23.1,6.5,observed,5.0,0.5,observed,32.2,0.8,observed,32.6,0.8,observed
2010M11,2010-11-01,2010-11,SD,SD,MP,mp,,,suppressed,6.4,3.8,observed,5.0,0.5,observed,8.5,0.6,observed,8.8,0.5,observed
2010M11,2010-11-01,2010-11,SD,SD,S,s,2.1,2.0,observed,18.0,5.9,observed,5.0,0.5,observed,31.4,0.9,observed,28.7,0.8,observed
2010M11,2010-11-01,2010-11,SD,SD,SD,SD,88.4,5.0,observed,0.0,0.0,observed,5.0,0.5,observed,5.0,0.5,observed,6.3,0.5,observed
2010M11,2010-11-01,2010-11,SD,SD,V,v,0.0,0.0,observed,3.1,2.6,observed,5.0,0.5,observed,5.3,0.4,observed,5.0,0.4,observed
2010M11,2010-11-01,2010-11,V,v,C,c,0.0,0.0,observed,0.0,0.0,observed,5.3,0.4,observed,5.4,0.5,observed,6.0,0.4,observed
2010M11,2010-11-01,2010-11,V,v,KD,kd,0.0,0.0,observed,0.0,0.0,observed,5.3,0.4,observed,3.8,0.4,observed,4.3,0.3,observed
2010M11,2010-11-01,2010-11,V,v,L,l,0.0,0.0,observed,,,suppressed,5.3,0.4,observed,6.9,0.5,observed,6.8,0.4,observed
2010M11,2010-11-01,2010-11,V,v,M,m,,,suppressed,1.4,1.3,observed,5.3,0.4,observed,32.2,0.8,observed,32.6,0.8,observed
2010M11,2010-11-01,2010-11,V,v,MP,mp,3.1,1.9,observed,33.7,5.7,observed,5.3,0.4,observed,8.5,0.6,observed,8.8,0.5,observed
2010M11,2010-11-01,2010-11,V,v,S,s,6.5,3.0,observed,43.2,6.0,observed,5.3,0.4,observed,31.4,0.9,observed,28.7,0.8,observed
2010M11,2010-11-01,2010-11,V,v,SD,SD,,,suppressed,,,suppressed,5.3,0.4,observed,5.0,0.5,observed,6.3,0.5,observed
2010M11,2010-11-01,2010-11,V,v,V,v,84.4,4.5,observed,0.0,0.0,observed,5.3,0.4,observed,5.3,0.4,observed,5.0,0.4,observed
2011M05,2011-05-01,2011-05,C,c,C,c,79.1,5.7,observed,0.0,0.0,observed,4.5,0.5,observed,4.5,0.5,observed,4.7,0.4,observed
2011M05,2011-05-01,2011-05,C,c,KD,kd,,,suppressed,7.5,3.8,observed,4.5,0.5,observed,3.3,0.4,observed,3.7,0.4,observed
2011M05,2011-05-01,2011-05,C,c,L,l,,,suppressed,14.1,5.0,observed,4.5,0.5,observed,6.2,0.6,observed,6.2,0.5,observed
2011M05,2011-05-01,2011-05,C,c,M,m,4.2,2.9,observed,36.5,6.7,observed,4.5,0.5,observed,31.5,0.9,observed,31.3,0.8,observed
2011M05,2011-05-01,2011-05,C,c,MP,mp,,,suppressed,10.0,4.1,observed,4.5,0.5,observed,8.7,0.6,observed,8.8,0.6,observed
2011M05,2011-05-01,2011-05,C,c,S,s,2.3,2.0,observed,7.6,3.6,observed,4.5,0.5,observed,34.2,1.0,observed,33.9,0.9,observed
2011M05,2011-05-01,2011-05,C,c,SD,SD,0.0,0.0,observed,,,suppressed,4.5,0.5,observed,4.8,0.5,observed,5.5,0.5,observed
2011M05,2011-05-01,2011-05,C,c,V,v,0.0,0.0,observed,0.0,0.0,observed,4.5,0.5,observed,5.5,0.5,observed,4.6,0.4,observed
2011M05,2011-05-01,2011-05,KD,kd,C,c,,,suppressed,7.4,4.3,observed,3.3,0.4,observed,4.5,0.5,observed,4.7,0.4,observed
2011M05,2011-05-01,2011-05,KD,kd,KD,kd,77.5,7.1,observed,0.0,0.0,observed,3.3,0.4,observed,3.3,0.4,observed,3.7,0.4,observed
2011M05,2011-05-01,2011-05,KD,kd,L,l,0.0,0.0,observed,12.3,5.6,observed,3.3,0.4,observed,6.2,0.6,observed,6.2,0.5,observed
2011M05,2011-05-01,2011-05,KD,kd,M,m,3.7,2.9,observed,41.0,8.1,observed,3.3,0.4,observed,31.5,0.9,observed,31.3,0.8,observed
2011M05,2011-05-01,2011-05,KD,kd,MP,mp,0.0,0.0,observed,8.7,4.6,observed,3.3,0.4,observed,8.7,0.6,observed,8.8,0.6,observed
2011M05,2011-05-01,2011-05,KD,kd,S,s,4.1,3.7,observed,4.4,3.7,observed,3.3,0.4,observed,34.2,1.0,observed,33.9,0.9,observed
2011M05,2011-05-01,2011-05,KD,kd,SD,SD,0.0,0.0,observed,0.0,0.0,observed,3.3,0.4,observed,4.8,0.5,observed,5.5,0.5,observed
2011M05,2011-05-01,2011-05,KD,kd,V,v,0.0,0.0,observed,,,suppressed,3.3,0.4,observed,5.5,0.5,observed,4.6,0.4,observed
2011M05,2011-05-01,2011-05,L,l,C,c,,,suppressed,7.6,3.1,observed,6.2,0.6,observed,4.5,0.5,observed,4.7,0.4,observed
2011M05,2011-05-01,2011-05,L,l,KD,kd,1.5,1.4,observed,8.6,3.3,observed,6.2,0.6,observed,3.3,0.4,observed,3.7,0.4,observed
2011M05,2011-05-01,2011-05,L,l,L,l,77.5,4.9,observed,0.0,0.0,observed,6.2,0.6,observed,6.2,0.6,observed,6.2,0.5,observed
2011M05,2011-05-01,2011-05,L,l,M,m,7.9,3.0,observed,50.0,5.8,observed,6.2,0.6,observed,31.5,0.9,observed,31.3,0.8,observed
2011M05,2011-05-01,2011-05,L,l,MP,mp,,,suppressed,8.5,3.2,observed,6.2,0.6,observed,8.7,0.6,observed,8.8,0.6,observed
2011M05,2011-05-01,2011-05,L,l,S,s,,,suppressed,6.0,2.7,observed,6.2,0.6,observed,34.2,1.0,observed,33.9,0.9,observed
2011M05,2011-05-01,2011-05,L,l,SD,SD,0.0,0.0,observed,,,suppressed,6.2,0.6,observed,4.8,0.5,observed,5.5,0.5,observed
2011M05,2011-05-01,2011-05,L,l,V,v,0.0,0.0,observed,,,suppressed,6.2,0.6,observed,5.5,0.5,observed,4.6,0.4,observed
2011M05,2011-05-01,2011-05,M,m,C,c,0.3,0.3,observed,8.3,1.3,observed,31.5,0.9,observed,4.5,0.5,observed,4.7,0.4,observed
2011M05,2011-05-01,2011-05,M,m,KD,kd,1.3,0.6,observed,7.2,1.3,observed,31.5,0.9,observed,3.3,0.4,observed,3.7,0.4,observed
2011M05,2011-05-01,2011-05,M,m,L,l,1.0,0.5,observed,35.2,2.3,observed,31.5,0.9,observed,6.2,0.6,observed,6.2,0.5,observed
2011M05,2011-05-01,2011-05,M,m,M,m,89.5,1.6,observed,0.0,0.0,observed,31.5,0.9,observed,31.5,0.9,observed,31.3,0.8,observed
2011M05,2011-05-01,2011-05,M,m,MP,mp,0.3,0.3,observed,6.9,1.3,observed,31.5,0.9,observed,8.7,0.6,observed,8.8,0.6,observed
2011M05,2011-05-01,2011-05,M,m,S,s,0.7,0.4,observed,6.9,1.2,observed,31.5,0.9,observed,34.2,1.0,observed,33.9,0.9,observed
2011M05,2011-05-01,2011-05,M,m,SD,SD,0.9,0.6,observed,3.2,0.9,observed,31.5,0.9,observed,4.8,0.5,observed,5.5,0.5,observed
2011M05,2011-05-01,2011-05,M,m,V,v,0.0,0.0,observed,0.4,0.4,observed,31.5,0.9,observed,5.5,0.5,observed,4.6,0.4,observed
2011M05,2011-05-01,2011-05,MP,mp,C,c,,,suppressed,4.2,1.9,observed,8.7,0.6,observed,4.5,0.5,observed,4.7,0.4,observed
2011M05,2011-05-01,2011-05,MP,mp,KD,kd,0.0,0.0,observed,1.8,1.4,observed,8.7,0.6,observed,3.3,0.4,observed,3.7,0.4,observed
2011M05,2011-05-01,2011-05,MP,mp,L,l,0.0,0.0,observed,4.9,2.1,observed,8.7,0.6,observed,6.2,0.6,observed,6.2,0.5,observed
2011M05,2011-05-01,2011-05,MP,mp,M,m,1.1,0.9,observed,7.5,2.3,observed,8.7,0.6,observed,31.5,0.9,observed,31.3,0.8,observed
2011M05,2011-05-01,2011-05,MP,mp,MP,mp,78.3,4.1,observed,0.0,0.0,observed,8.7,0.6,observed,8.7,0.6,observed,8.8,0.6,observed
2011M05,2011-05-01,2011-05,MP,mp,S,s,6.4,2.4,observed,33.7,4.3,observed,8.7,0.6,observed,34.2,1.0,observed,33.9,0.9,observed
2011M05,2011-05-01,2011-05,MP,mp,SD,SD,,,suppressed,,,suppressed,8.7,0.6,observed,4.8,0.5,observed,5.5,0.5,observed
2011M05,2011-05-01,2011-05,MP,mp,V,v,,,suppressed,13.2,3.2,observed,8.7,0.6,observed,5.5,0.5,observed,4.6,0.4,observed
2011M05,2011-05-01,2011-05,S,s,C,c,,,suppressed,2.0,0.7,observed,34.2,1.0,observed,4.5,0.5,observed,4.7,0.4,observed
2011M05,2011-05-01,2011-05,S,s,KD,kd,,,suppressed,1.4,0.7,observed,34.2,1.0,observed,3.3,0.4,observed,3.7,0.4,observed
2011M05,2011-05-01,2011-05,S,s,L,l,0.3,0.3,observed,4.6,1.0,observed,34.2,1.0,observed,6.2,0.6,observed,6.2,0.5,observed
2011M05,2011-05-01,2011-05,S,s,M,m,1.3,0.6,observed,9.1,1.4,observed,34.2,1.0,observed,31.5,0.9,observed,31.3,0.8,observed
2011M05,2011-05-01,2011-05,S,s,MP,mp,1.5,0.6,observed,26.3,2.2,observed,34.2,1.0,observed,8.7,0.6,observed,8.8,0.6,observed
2011M05,2011-05-01,2011-05,S,s,S,s,86.8,1.7,observed,0.0,0.0,observed,34.2,1.0,observed,34.2,1.0,observed,33.9,0.9,observed
2011M05,2011-05-01,2011-05,S,s,SD,SD,0.9,0.5,observed,2.7,0.9,observed,34.2,1.0,observed,4.8,0.5,observed,5.5,0.5,observed
2011M05,2011-05-01,2011-05,S,s,V,v,0.8,0.4,observed,16.4,1.8,observed,34.2,1.0,observed,5.5,0.5,observed,4.6,0.4,observed
2011M05,2011-05-01,2011-05,SD,SD,C,c,0.0,0.0,observed,3.0,2.6,observed,4.8,0.5,observed,4.5,0.5,observed,4.7,0.4,observed
2011M05,2011-05-01,2011-05,SD,SD,KD,kd,0.0,0.0,observed,,,suppressed,4.8,0.5,observed,3.3,0.4,observed,3.7,0.4,observed
2011M05,2011-05-01,2011-05,SD,SD,L,l,0.0,0.0,observed,5.4,3.5,observed,4.8,0.5,observed,6.2,0.6,observed,6.2,0.5,observed
2011M05,2011-05-01,2011-05,SD,SD,M,m,0.0,0.0,observed,24.4,6.7,observed,4.8,0.5,observed,31.5,0.9,observed,31.3,0.8,observed
2011M05,2011-05-01,2011-05,SD,SD,MP,mp,,,suppressed,5.1,3.6,observed,4.8,0.5,observed,8.7,0.6,observed,8.8,0.6,observed
2011M05,2011-05-01,2011-05,SD,SD,S,s,2.3,2.1,observed,18.9,6.2,observed,4.8,0.5,observed,34.2,1.0,observed,33.9,0.9,observed
2011M05,2011-05-01,2011-05,SD,SD,SD,SD,87.7,5.3,observed,0.0,0.0,observed,4.8,0.5,observed,4.8,0.5,observed,5.5,0.5,observed
2011M05,2011-05-01,2011-05,SD,SD,V,v,0.0,0.0,observed,,,suppressed,4.8,0.5,observed,5.5,0.5,observed,4.6,0.4,observed
2011M05,2011-05-01,2011-05,V,v,C,c,0.0,0.0,observed,,,suppressed,5.5,0.5,observed,4.5,0.5,observed,4.7,0.4,observed
2011M05,2011-05-01,2011-05,V,v,KD,kd,0.0,0.0,observed,,,suppressed,5.5,0.5,observed,3.3,0.4,observed,3.7,0.4,observed
2011M05,2011-05-01,2011-05,V,v,L,l,0.0,0.0,observed,,,suppressed,5.5,0.5,observed,6.2,0.6,observed,6.2,0.5,observed
2011M05,2011-05-01,2011-05,V,v,M,m,,,suppressed,,,suppressed,5.5,0.5,observed,31.5,0.9,observed,31.3,0.8,observed
2011M05,2011-05-01,2011-05,V,v,MP,mp,4.5,2.7,observed,31.2,5.7,observed,5.5,0.5,observed,8.7,0.6,observed,8.8,0.6,observed
2011M05,2011-05-01,2011-05,V,v,S,s,7.9,3.5,observed,48.9,6.2,observed,5.5,0.5,observed,34.2,1.0,observed,33.9,0.9,observed
2011M05,2011-05-01,2011-05,V,v,SD,SD,1.9,1.8,observed,,,suppressed,5.5,0.5,observed,4.8,0.5,observed,5.5,0.5,observed
2011M05,2011-05-01,2011-05,V,v,V,v,77.5,5.4,observed,0.0,0.0,observed,5.5,0.5,observed,5.5,0.5,observed,4.6,0.4,observed
2011M11,2011-11-01,2011-11,C,c,C,c,83.0,4.8,observed,0.0,0.0,observed,5.5,0.6,observed,5.5,0.6,observed,5.7,0.5,observed
2011M11,2011-11-01,2011-11,C,c,KD,kd,0.0,0.0,observed,7.6,3.5,observed,5.5,0.6,observed,3.8,0.5,observed,3.9,0.4,observed
2011M11,2011-11-01,2011-11,C,c,L,l,,,suppressed,13.2,4.4,observed,5.5,0.6,observed,6.2,0.6,observed,6.0,0.5,observed
2011M11,2011-11-01,2011-11,C,c,M,m,4.9,2.6,observed,38.9,6.3,observed,5.5,0.6,observed,33.1,1.0,observed,33.4,0.9,observed
2011M11,2011-11-01,2011-11,C,c,MP,mp,,,suppressed,12.6,4.3,observed,5.5,0.6,observed,10.4,0.7,observed,11.5,0.7,observed
2011M11,2011-11-01,2011-11,C,c,S,s,,,suppressed,5.0,2.9,observed,5.5,0.6,observed,29.8,1.0,observed,27.2,0.9,observed
2011M11,2011-11-01,2011-11,C,c,SD,SD,,,suppressed,,,suppressed,5.5,0.6,observed,4.7,0.6,observed,5.4,0.5,observed
2011M11,2011-11-01,2011-11,C,c,V,v,0.0,0.0,observed,,,suppressed,5.5,0.6,observed,5.1,0.5,observed,5.6,0.5,observed
2011M11,2011-11-01,2011-11,KD,kd,C,c,0.0,0.0,observed,6.8,4.2,observed,3.8,0.5,observed,5.5,0.6,observed,5.7,0.5,observed
2011M11,2011-11-01,2011-11,KD,kd,KD,kd,75.9,7.3,observed,0.0,0.0,observed,3.8,0.5,observed,3.8,0.5,observed,3.9,0.4,observed
2011M11,2011-11-01,2011-11,KD,kd,L,l,,,suppressed,14.4,5.9,observed,3.8,0.5,observed,6.2,0.6,observed,6.0,0.5,observed
2011M11,2011-11-01,2011-11,KD,kd,M,m,7.9,4.8,observed,40.7,8.2,observed,3.8,0.5,observed,33.1,1.0,observed,33.4,0.9,observed
2011M11,2011-11-01,2011-11,KD,kd,MP,mp,,,suppressed,11.7,5.3,observed,3.8,0.5,observed,10.4,0.7,observed,11.5,0.7,observed
2011M11,2011-11-01,2011-11,KD,kd,S,s,,,suppressed,3.9,3.6,observed,3.8,0.5,observed,29.8,1.0,observed,27.2,0.9,observed
2011M11,2011-11-01,2011-11,KD,kd,SD,SD,0.0,0.0,observed,,,suppressed,3.8,0.5,observed,4.7,0.6,observed,5.4,0.5,observed
2011M11,2011-11-01,2011-11,KD,kd,V,v,0.0,0.0,observed,,,suppressed,3.8,0.5,observed,5.1,0.5,observed,5.6,0.5,observed
2011M11,2011-11-01,2011-11,L,l,C,c,,,suppressed,15.8,4.3,observed,6.2,0.6,observed,5.5,0.6,observed,5.7,0.5,observed
2011M11,2011-11-01,2011-11,L,l,KD,kd,0.0,0.0,observed,3.4,2.1,observed,6.2,0.6,observed,3.8,0.5,observed,3.9,0.4,observed
2011M11,2011-11-01,2011-11,L,l,L,l,77.0,5.2,observed,0.0,0.0,observed,6.2,0.6,observed,6.2,0.6,observed,6.0,0.5,observed
2011M11,2011-11-01,2011-11,L,l,M,m,6.8,2.8,observed,49.0,6.0,observed,6.2,0.6,observed,33.1,1.0,observed,33.4,0.9,observed
2011M11,2011-11-01,2011-11,L,l,MP,mp,,,suppressed,6.3,3.0,observed,6.2,0.6,observed,10.4,0.7,observed,11.5,0.7,observed
2011M11,2011-11-01,2011-11,L,l,S,s,,,suppressed,7.8,3.2,observed,6.2,0.6,observed,29.8,1.0,observed,27.2,0.9,observed
2011M11,2011-11-01,2011-11,L,l,SD,SD,0.0,0.0,observed,,,suppressed,6.2,0.6,observed,4.7,0.6,observed,5.4,0.5,observed
2011M11,2011-11-01,2011-11,L,l,V,v,0.0,0.0,observed,1.4,1.3,observed,6.2,0.6,observed,5.1,0.5,observed,5.6,0.5,observed
2011M11,2011-11-01,2011-11,M,m,C,c,0.6,0.4,observed,10.7,1.5,observed,33.1,1.0,observed,5.5,0.6,observed,5.7,0.5,observed
2011M11,2011-11-01,2011-11,M,m,KD,kd,1.7,0.7,observed,8.6,1.4,observed,33.1,1.0,observed,3.8,0.5,observed,3.9,0.4,observed
2011M11,2011-11-01,2011-11,M,m,L,l,0.5,0.4,observed,33.2,2.3,observed,33.1,1.0,observed,6.2,0.6,observed,6.0,0.5,observed
2011M11,2011-11-01,2011-11,M,m,M,m,89.5,1.6,observed,0.0,0.0,observed,33.1,1.0,observed,33.1,1.0,observed,33.4,0.9,observed
2011M11,2011-11-01,2011-11,M,m,MP,mp,0.5,0.3,observed,8.8,1.4,observed,33.1,1.0,observed,10.4,0.7,observed,11.5,0.7,observed
2011M11,2011-11-01,2011-11,M,m,S,s,0.3,0.3,observed,6.7,1.3,observed,33.1,1.0,observed,29.8,1.0,observed,27.2,0.9,observed
2011M11,2011-11-01,2011-11,M,m,SD,SD,0.8,0.5,observed,3.8,1.0,observed,33.1,1.0,observed,4.7,0.6,observed,5.4,0.5,observed
2011M11,2011-11-01,2011-11,M,m,V,v,0.0,0.0,observed,0.5,0.3,observed,33.1,1.0,observed,5.1,0.5,observed,5.6,0.5,observed
2011M11,2011-11-01,2011-11,MP,mp,C,c,,,suppressed,5.7,2.1,observed,10.4,0.7,observed,5.5,0.6,observed,5.7,0.5,observed
2011M11,2011-11-01,2011-11,MP,mp,KD,kd,0.0,0.0,observed,1.8,1.2,observed,10.4,0.7,observed,3.8,0.5,observed,3.9,0.4,observed
2011M11,2011-11-01,2011-11,MP,mp,L,l,,,suppressed,3.3,1.7,observed,10.4,0.7,observed,6.2,0.6,observed,6.0,0.5,observed
2011M11,2011-11-01,2011-11,MP,mp,M,m,1.7,1.1,observed,6.9,2.1,observed,10.4,0.7,observed,33.1,1.0,observed,33.4,0.9,observed
2011M11,2011-11-01,2011-11,MP,mp,MP,mp,81.8,3.6,observed,0.0,0.0,observed,10.4,0.7,observed,10.4,0.7,observed,11.5,0.7,observed
2011M11,2011-11-01,2011-11,MP,mp,S,s,2.1,1.3,observed,33.3,4.2,observed,10.4,0.7,observed,29.8,1.0,observed,27.2,0.9,observed
2011M11,2011-11-01,2011-11,MP,mp,SD,SD,,,suppressed,,,suppressed,10.4,0.7,observed,4.7,0.6,observed,5.4,0.5,observed
2011M11,2011-11-01,2011-11,MP,mp,V,v,1.9,1.2,observed,11.7,2.8,observed,10.4,0.7,observed,5.1,0.5,observed,5.6,0.5,observed
2011M11,2011-11-01,2011-11,S,s,C,c,0.3,0.3,observed,4.0,1.1,observed,29.8,1.0,observed,5.5,0.6,observed,5.7,0.5,observed
2011M11,2011-11-01,2011-11,S,s,KD,kd,0.0,0.0,observed,1.3,0.7,observed,29.8,1.0,observed,3.8,0.5,observed,3.9,0.4,observed
2011M11,2011-11-01,2011-11,S,s,L,l,,,suppressed,3.9,1.1,observed,29.8,1.0,observed,6.2,0.6,observed,6.0,0.5,observed
2011M11,2011-11-01,2011-11,S,s,M,m,2.5,0.9,observed,8.6,1.6,observed,29.8,1.0,observed,33.1,1.0,observed,33.4,0.9,observed
2011M11,2011-11-01,2011-11,S,s,MP,mp,4.2,1.1,observed,24.4,2.3,observed,29.8,1.0,observed,10.4,0.7,observed,11.5,0.7,observed
2011M11,2011-11-01,2011-11,S,s,S,s,74.4,2.4,observed,0.0,0.0,observed,29.8,1.0,observed,29.8,1.0,observed,27.2,0.9,observed
2011M11,2011-11-01,2011-11,S,s,SD,SD,0.8,0.5,observed,1.6,0.7,observed,29.8,1.0,observed,4.7,0.6,observed,5.4,0.5,observed
2011M11,2011-11-01,2011-11,S,s,V,v,2.3,0.8,observed,20.3,2.2,observed,29.8,1.0,observed,5.1,0.5,observed,5.6,0.5,observed
2011M11,2011-11-01,2011-11,SD,SD,C,c,0.0,0.0,observed,,,suppressed,4.7,0.6,observed,5.5,0.6,observed,5.7,0.5,observed
2011M11,2011-11-01,2011-11,SD,SD,KD,kd,0.0,0.0,observed,,,suppressed,4.7,0.6,observed,3.8,0.5,observed,3.9,0.4,observed
2011M11,2011-11-01,2011-11,SD,SD,L,l,0.0,0.0,observed,7.6,4.3,observed,4.7,0.6,observed,6.2,0.6,observed,6.0,0.5,observed
2011M11,2011-11-01,2011-11,SD,SD,M,m,,,suppressed,21.8,6.5,observed,4.7,0.6,observed,33.1,1.0,observed,33.4,0.9,observed
2011M11,2011-11-01,2011-11,SD,SD,MP,mp,0.0,0.0,observed,,,suppressed,4.7,0.6,observed,10.4,0.7,observed,11.5,0.7,observed
2011M11,2011-11-01,2011-11,SD,SD,S,s,,,suppressed,22.4,6.6,observed,4.7,0.6,observed,29.8,1.0,observed,27.2,0.9,observed
2011M11,2011-11-01,2011-11,SD,SD,SD,SD,91.6,4.7,observed,0.0,0.0,observed,4.7,0.6,observed,4.7,0.6,observed,5.4,0.5,observed
2011M11,2011-11-01,2011-11,SD,SD,V,v,0.0,0.0,observed,2.0,2.0,observed,4.7,0.6,observed,5.1,0.5,observed,5.6,0.5,observed
2011M11,2011-11-01,2011-11,V,v,C,c,0.0,0.0,observed,0.0,0.0,observed,5.1,0.5,observed,5.5,0.6,observed,5.7,0.5,observed
2011M11,2011-11-01,2011-11,V,v,KD,kd,,,suppressed,0.0,0.0,observed,5.1,0.5,observed,3.8,0.5,observed,3.9,0.4,observed
2011M11,2011-11-01,2011-11,V,v,L,l,0.0,0.0,observed,,,suppressed,5.1,0.5,observed,6.2,0.6,observed,6.0,0.5,observed
2011M11,2011-11-01,2011-11,V,v,M,m,0.0,0.0,observed,2.2,1.9,observed,5.1,0.5,observed,33.1,1.0,observed,33.4,0.9,observed
2011M11,2011-11-01,2011-11,V,v,MP,mp,3.1,2.3,observed,29.8,5.9,observed,5.1,0.5,observed,10.4,0.7,observed,11.5,0.7,observed
2011M11,2011-11-01,2011-11,V,v,S,s,2.2,1.8,observed,47.2,6.5,observed,5.1,0.5,observed,29.8,1.0,observed,27.2,0.9,observed
2011M11,2011-11-01,2011-11,V,v,SD,SD,,,suppressed,0.0,0.0,observed,5.1,0.5,observed,4.7,0.6,observed,5.4,0.5,observed
2011M11,2011-11-01,2011-11,V,v,V,v,84.0,4.9,observed,0.0,0.0,observed,5.1,0.5,observed,5.1,0.5,observed,5.6,0.5,observed
2012M05,2012-05-01,2012-05,C,c,C,c,73.0,6.6,observed,0.0,0.0,observed,4.9,0.6,observed,4.9,0.6,observed,5.0,0.5,observed
2012M05,2012-05-01,2012-05,C,c,KD,kd,,,suppressed,6.4,3.4,observed,4.9,0.6,observed,3.5,0.5,observed,3.7,0.4,observed
2012M05,2012-05-01,2012-05,C,c,L,l,,,suppressed,9.4,4.4,observed,4.9,0.6,observed,5.5,0.6,observed,5.3,0.5,observed
2012M05,2012-05-01,2012-05,C,c,M,m,3.7,2.8,observed,32.5,6.9,observed,4.9,0.6,observed,28.4,1.0,observed,28.4,0.9,observed
2012M05,2012-05-01,2012-05,C,c,MP,mp,0.0,0.0,observed,8.9,4.1,observed,4.9,0.6,observed,8.2,0.7,observed,7.9,0.6,observed
2012M05,2012-05-01,2012-05,C,c,S,s,,,suppressed,7.3,3.6,observed,4.9,0.6,observed,38.0,1.1,observed,37.6,1.0,observed
2012M05,2012-05-01,2012-05,C,c,SD,SD,,,suppressed,2.6,2.6,observed,4.9,0.6,observed,5.0,0.6,observed,5.4,0.6,observed
2012M05,2012-05-01,2012-05,C,c,V,v,0.0,0.0,observed,,,suppressed,4.9,0.6,observed,5.7,0.6,observed,6.0,0.6,observed
2012M05,2012-05-01,2012-05,KD,kd,C,c,,,suppressed,11.6,5.6,observed,3.5,0.5,observed,4.9,0.6,observed,5.0,0.5,observed
2012M05,2012-05-01,2012-05,KD,kd,KD,kd,75.9,7.6,observed,0.0,0.0,observed,3.5,0.5,observed,3.5,0.5,observed,3.7,0.4,observed
2012M05,2012-05-01,2012-05,KD,kd,L,l,,,suppressed,14.9,6.6,observed,3.5,0.5,observed,5.5,0.6,observed,5.3,0.5,observed
2012M05,2012-05-01,2012-05,KD,kd,M,m,7.8,4.9,observed,33.2,8.3,observed,3.5,0.5,observed,28.4,1.0,observed,28.4,0.9,observed
2012M05,2012-05-01,2012-05,KD,kd,MP,mp,,,suppressed,8.3,4.7,observed,3.5,0.5,observed,8.2,0.7,observed,7.9,0.6,observed
2012M05,2012-05-01,2012-05,KD,kd,S,s,,,suppressed,8.3,5.1,observed,3.5,0.5,observed,38.0,1.1,observed,37.6,1.0,observed
2012M05,2012-05-01,2012-05,KD,kd,SD,SD,,,suppressed,,,suppressed,3.5,0.5,observed,5.0,0.6,observed,5.4,0.6,observed
2012M05,2012-05-01,2012-05,KD,kd,V,v,0.0,0.0,observed,,,suppressed,3.5,0.5,observed,5.7,0.6,observed,6.0,0.6,observed
2012M05,2012-05-01,2012-05,L,l,C,c,,,suppressed,13.6,4.4,observed,5.5,0.6,observed,4.9,0.6,observed,5.0,0.5,observed
2012M05,2012-05-01,2012-05,L,l,KD,kd,,,suppressed,5.3,3.1,observed,5.5,0.6,observed,3.5,0.5,observed,3.7,0.4,observed
2012M05,2012-05-01,2012-05,L,l,L,l,76.3,5.6,observed,0.0,0.0,observed,5.5,0.6,observed,5.5,0.6,observed,5.3,0.5,observed
2012M05,2012-05-01,2012-05,L,l,M,m,5.4,2.7,observed,44.5,6.3,observed,5.5,0.6,observed,28.4,1.0,observed,28.4,0.9,observed
2012M05,2012-05-01,2012-05,L,l,MP,mp,,,suppressed,10.3,4.0,observed,5.5,0.6,observed,8.2,0.7,observed,7.9,0.6,observed
2012M05,2012-05-01,2012-05,L,l,S,s,1.8,1.7,observed,8.1,3.4,observed,5.5,0.6,observed,38.0,1.1,observed,37.6,1.0,observed
2012M05,2012-05-01,2012-05,L,l,SD,SD,0.0,0.0,observed,,,suppressed,5.5,0.6,observed,5.0,0.6,observed,5.4,0.6,observed
2012M05,2012-05-01,2012-05,L,l,V,v,,,suppressed,,,suppressed,5.5,0.6,observed,5.7,0.6,observed,6.0,0.6,observed
2012M05,2012-05-01,2012-05,M,m,C,c,,,suppressed,8.9,1.5,observed,28.4,1.0,observed,4.9,0.6,observed,5.0,0.5,observed
2012M05,2012-05-01,2012-05,M,m,KD,kd,1.5,0.7,observed,6.2,1.3,observed,28.4,1.0,observed,3.5,0.5,observed,3.7,0.4,observed
2012M05,2012-05-01,2012-05,M,m,L,l,0.5,0.4,observed,32.3,2.5,observed,28.4,1.0,observed,5.5,0.6,observed,5.3,0.5,observed
2012M05,2012-05-01,2012-05,M,m,M,m,85.3,2.0,observed,0.0,0.0,observed,28.4,1.0,observed,28.4,1.0,observed,28.4,0.9,observed
2012M05,2012-05-01,2012-05,M,m,MP,mp,,,suppressed,6.4,1.4,observed,28.4,1.0,observed,8.2,0.7,observed,7.9,0.6,observed
2012M05,2012-05-01,2012-05,M,m,S,s,1.4,0.7,observed,11.9,1.8,observed,28.4,1.0,observed,38.0,1.1,observed,37.6,1.0,observed
2012M05,2012-05-01,2012-05,M,m,SD,SD,0.7,0.5,observed,3.9,1.1,observed,28.4,1.0,observed,5.0,0.6,observed,5.4,0.6,observed
2012M05,2012-05-01,2012-05,M,m,V,v,0.0,0.0,observed,0.8,0.5,observed,28.4,1.0,observed,5.7,0.6,observed,6.0,0.6,observed
2012M05,2012-05-01,2012-05,MP,mp,C,c,,,suppressed,6.1,2.4,observed,8.2,0.7,observed,4.9,0.6,observed,5.0,0.5,observed
2012M05,2012-05-01,2012-05,MP,mp,KD,kd,,,suppressed,,,suppressed,8.2,0.7,observed,3.5,0.5,observed,3.7,0.4,observed
2012M05,2012-05-01,2012-05,MP,mp,L,l,,,suppressed,5.4,2.2,observed,8.2,0.7,observed,5.5,0.6,observed,5.3,0.5,observed
2012M05,2012-05-01,2012-05,MP,mp,M,m,0.9,0.9,observed,7.2,2.9,observed,8.2,0.7,observed,28.4,1.0,observed,28.4,0.9,observed
2012M05,2012-05-01,2012-05,MP,mp,MP,mp,75.3,4.6,observed,0.0,0.0,observed,8.2,0.7,observed,8.2,0.7,observed,7.9,0.6,observed
2012M05,2012-05-01,2012-05,MP,mp,S,s,6.2,2.7,observed,36.6,5.1,observed,8.2,0.7,observed,38.0,1.1,observed,37.6,1.0,observed
2012M05,2012-05-01,2012-05,MP,mp,SD,SD,,,suppressed,,,suppressed,8.2,0.7,observed,5.0,0.6,observed,5.4,0.6,observed
2012M05,2012-05-01,2012-05,MP,mp,V,v,2.0,1.4,observed,13.9,3.6,observed,8.2,0.7,observed,5.7,0.6,observed,6.0,0.6,observed
2012M05,2012-05-01,2012-05,S,s,C,c,,,suppressed,2.6,0.8,observed,38.0,1.1,observed,4.9,0.6,observed,5.0,0.5,observed
2012M05,2012-05-01,2012-05,S,s,KD,kd,0.0,0.0,observed,1.2,0.6,observed,38.0,1.1,observed,3.5,0.5,observed,3.7,0.4,observed
2012M05,2012-05-01,2012-05,S,s,L,l,,,suppressed,4.0,0.9,observed,38.0,1.1,observed,5.5,0.6,observed,5.3,0.5,observed
2012M05,2012-05-01,2012-05,S,s,M,m,0.8,0.4,observed,8.1,1.4,observed,38.0,1.1,observed,28.4,1.0,observed,28.4,0.9,observed
2012M05,2012-05-01,2012-05,S,s,MP,mp,1.0,0.6,observed,22.6,2.1,observed,38.0,1.1,observed,8.2,0.7,observed,7.9,0.6,observed
2012M05,2012-05-01,2012-05,S,s,S,s,87.6,1.8,observed,0.0,0.0,observed,38.0,1.1,observed,38.0,1.1,observed,37.6,1.0,observed
2012M05,2012-05-01,2012-05,S,s,SD,SD,0.6,0.4,observed,2.6,0.9,observed,38.0,1.1,observed,5.0,0.6,observed,5.4,0.6,observed
2012M05,2012-05-01,2012-05,S,s,V,v,0.6,0.4,observed,21.2,2.0,observed,38.0,1.1,observed,5.7,0.6,observed,6.0,0.6,observed
2012M05,2012-05-01,2012-05,SD,SD,C,c,0.0,0.0,observed,,,suppressed,5.0,0.6,observed,4.9,0.6,observed,5.0,0.5,observed
2012M05,2012-05-01,2012-05,SD,SD,KD,kd,0.0,0.0,observed,,,suppressed,5.0,0.6,observed,3.5,0.5,observed,3.7,0.4,observed
2012M05,2012-05-01,2012-05,SD,SD,L,l,0.0,0.0,observed,5.9,3.7,observed,5.0,0.6,observed,5.5,0.6,observed,5.3,0.5,observed
2012M05,2012-05-01,2012-05,SD,SD,M,m,,,suppressed,17.6,5.9,observed,5.0,0.6,observed,28.4,1.0,observed,28.4,0.9,observed
2012M05,2012-05-01,2012-05,SD,SD,MP,mp,,,suppressed,,,suppressed,5.0,0.6,observed,8.2,0.7,observed,7.9,0.6,observed
2012M05,2012-05-01,2012-05,SD,SD,S,s,5.0,3.3,observed,25.7,6.9,observed,5.0,0.6,observed,38.0,1.1,observed,37.6,1.0,observed
2012M05,2012-05-01,2012-05,SD,SD,SD,SD,84.2,5.5,observed,0.0,0.0,observed,5.0,0.6,observed,5.0,0.6,observed,5.4,0.6,observed
2012M05,2012-05-01,2012-05,SD,SD,V,v,,,suppressed,4.1,3.3,observed,5.0,0.6,observed,5.7,0.6,observed,6.0,0.6,observed
2012M05,2012-05-01,2012-05,V,v,C,c,0.0,0.0,observed,0.0,0.0,observed,5.7,0.6,observed,4.9,0.6,observed,5.0,0.5,observed
2012M05,2012-05-01,2012-05,V,v,KD,kd,0.0,0.0,observed,0.0,0.0,observed,5.7,0.6,observed,3.5,0.5,observed,3.7,0.4,observed
2012M05,2012-05-01,2012-05,V,v,L,l,0.0,0.0,observed,,,suppressed,5.7,0.6,observed,5.5,0.6,observed,5.3,0.5,observed
2012M05,2012-05-01,2012-05,V,v,M,m,0.0,0.0,observed,,,suppressed,5.7,0.6,observed,28.4,1.0,observed,28.4,0.9,observed
2012M05,2012-05-01,2012-05,V,v,MP,mp,,,suppressed,32.0,6.0,observed,5.7,0.6,observed,8.2,0.7,observed,7.9,0.6,observed
2012M05,2012-05-01,2012-05,V,v,S,s,6.9,3.4,observed,51.8,6.4,observed,5.7,0.6,observed,38.0,1.1,observed,37.6,1.0,observed
2012M05,2012-05-01,2012-05,V,v,SD,SD,0.0,0.0,observed,,,suppressed,5.7,0.6,observed,5.0,0.6,observed,5.4,0.6,observed
2012M05,2012-05-01,2012-05,V,v,V,v,83.2,4.9,observed,0.0,0.0,observed,5.7,0.6,observed,5.7,0.6,observed,6.0,0.6,observed
2012M11,2012-11-01,2012-11,C,c,C,c,81.6,5.6,observed,0.0,0.0,observed,4.3,0.5,observed,4.3,0.5,observed,4.8,0.5,observed
2012M11,2012-11-01,2012-11,C,c,KD,kd,,,suppressed,6.1,3.4,observed,4.3,0.5,observed,3.7,0.5,observed,4.1,0.4,observed
2012M11,2012-11-01,2012-11,C,c,L,l,,,suppressed,12.4,5.0,observed,4.3,0.5,observed,5.9,0.5,observed,5.7,0.5,observed
2012M11,2012-11-01,2012-11,C,c,M,m,2.7,2.4,observed,33.6,7.1,observed,4.3,0.5,observed,28.7,1.0,observed,27.9,0.9,observed
2012M11,2012-11-01,2012-11,C,c,MP,mp,,,suppressed,6.9,3.6,observed,4.3,0.5,observed,8.1,0.7,observed,8.5,0.7,observed
2012M11,2012-11-01,2012-11,C,c,S,s,3.6,2.7,observed,7.7,4.0,observed,4.3,0.5,observed,36.0,1.1,observed,34.4,1.0,observed
2012M11,2012-11-01,2012-11,C,c,SD,SD,0.0,0.0,observed,,,suppressed,4.3,0.5,observed,7.0,0.7,observed,8.1,0.7,observed
2012M11,2012-11-01,2012-11,C,c,V,v,0.0,0.0,observed,,,suppressed,4.3,0.5,observed,5.3,0.5,observed,5.2,0.5,observed
2012M11,2012-11-01,2012-11,KD,kd,C,c,0.0,0.0,observed,10.8,5.2,observed,3.7,0.5,observed,4.3,0.5,observed,4.8,0.5,observed
2012M11,2012-11-01,2012-11,KD,kd,KD,kd,79.7,6.9,observed,0.0,0.0,observed,3.7,0.5,observed,3.7,0.5,observed,4.1,0.4,observed
2012M11,2012-11-01,2012-11,KD,kd,L,l,,,suppressed,15.0,6.0,observed,3.7,0.5,observed,5.9,0.5,observed,5.7,0.5,observed
2012M11,2012-11-01,2012-11,KD,kd,M,m,4.1,3.8,observed,35.9,8.2,observed,3.7,0.5,observed,28.7,1.0,observed,27.9,0.9,observed
2012M11,2012-11-01,2012-11,KD,kd,MP,mp,0.0,0.0,observed,4.7,3.4,observed,3.7,0.5,observed,8.1,0.7,observed,8.5,0.7,observed
2012M11,2012-11-01,2012-11,KD,kd,S,s,,,suppressed,8.4,5.4,observed,3.7,0.5,observed,36.0,1.1,observed,34.4,1.0,observed
2012M11,2012-11-01,2012-11,KD,kd,SD,SD,,,suppressed,,,suppressed,3.7,0.5,observed,7.0,0.7,observed,8.1,0.7,observed
2012M11,2012-11-01,2012-11,KD,kd,V,v,0.0,0.0,observed,,,suppressed,3.7,0.5,observed,5.3,0.5,observed,5.2,0.5,observed
2012M11,2012-11-01,2012-11,L,l,C,c,,,suppressed,13.6,4.2,observed,5.9,0.5,observed,4.3,0.5,observed,4.8,0.5,observed
2012M11,2012-11-01,2012-11,L,l,KD,kd,1.7,1.6,observed,5.4,3.0,observed,5.9,0.5,observed,3.7,0.5,observed,4.1,0.4,observed
2012M11,2012-11-01,2012-11,L,l,L,l,74.6,5.4,observed,0.0,0.0,observed,5.9,0.5,observed,5.9,0.5,observed,5.7,0.5,observed
2012M11,2012-11-01,2012-11,L,l,M,m,4.7,2.5,observed,44.6,6.2,observed,5.9,0.5,observed,28.7,1.0,observed,27.9,0.9,observed
2012M11,2012-11-01,2012-11,L,l,MP,mp,,,suppressed,7.6,3.2,observed,5.9,0.5,observed,8.1,0.7,observed,8.5,0.7,observed
2012M11,2012-11-01,2012-11,L,l,S,s,2.2,1.8,observed,12.2,4.1,observed,5.9,0.5,observed,36.0,1.1,observed,34.4,1.0,observed
2012M11,2012-11-01,2012-11,L,l,SD,SD,1.5,1.5,observed,1.4,1.4,observed,5.9,0.5,observed,7.0,0.7,observed,8.1,0.7,observed
2012M11,2012-11-01,2012-11,L,l,V,v,0.0,0.0,observed,0.0,0.0,observed,5.9,0.5,observed,5.3,0.5,observed,5.2,0.5,observed
2012M11,2012-11-01,2012-11,M,m,C,c,0.7,0.5,observed,7.5,1.4,observed,28.7,1.0,observed,4.3,0.5,observed,4.8,0.5,observed
2012M11,2012-11-01,2012-11,M,m,KD,kd,1.8,0.8,observed,7.3,1.4,observed,28.7,1.0,observed,3.7,0.5,observed,4.1,0.4,observed
2012M11,2012-11-01,2012-11,M,m,L,l,0.4,0.4,observed,31.3,2.5,observed,28.7,1.0,observed,5.9,0.5,observed,5.7,0.5,observed
2012M11,2012-11-01,2012-11,M,m,M,m,86.7,1.9,observed,0.0,0.0,observed,28.7,1.0,observed,28.7,1.0,observed,27.9,0.9,observed
2012M11,2012-11-01,2012-11,M,m,MP,mp,,,suppressed,6.2,1.3,observed,28.7,1.0,observed,8.1,0.7,observed,8.5,0.7,observed
2012M11,2012-11-01,2012-11,M,m,S,s,0.7,0.5,observed,12.1,1.8,observed,28.7,1.0,observed,36.0,1.1,observed,34.4,1.0,observed
2012M11,2012-11-01,2012-11,M,m,SD,SD,1.7,0.7,observed,5.8,1.3,observed,28.7,1.0,observed,7.0,0.7,observed,8.1,0.7,observed
2012M11,2012-11-01,2012-11,M,m,V,v,0.0,0.0,observed,0.5,0.4,observed,28.7,1.0,observed,5.3,0.5,observed,5.2,0.5,observed
2012M11,2012-11-01,2012-11,MP,mp,C,c,,,suppressed,4.0,1.9,observed,8.1,0.7,observed,4.3,0.5,observed,4.8,0.5,observed
2012M11,2012-11-01,2012-11,MP,mp,KD,kd,0.0,0.0,observed,1.6,1.5,observed,8.1,0.7,observed,3.7,0.5,observed,4.1,0.4,observed
2012M11,2012-11-01,2012-11,MP,mp,L,l,0.0,0.0,observed,6.2,2.7,observed,8.1,0.7,observed,5.9,0.5,observed,5.7,0.5,observed
2012M11,2012-11-01,2012-11,MP,mp,M,m,,,suppressed,8.4,2.7,observed,8.1,0.7,observed,28.7,1.0,observed,27.9,0.9,observed
2012M11,2012-11-01,2012-11,MP,mp,MP,mp,76.8,4.7,observed,0.0,0.0,observed,8.1,0.7,observed,8.1,0.7,observed,8.5,0.7,observed
2012M11,2012-11-01,2012-11,MP,mp,S,s,4.2,2.4,observed,35.6,4.9,observed,8.1,0.7,observed,36.0,1.1,observed,34.4,1.0,observed
2012M11,2012-11-01,2012-11,MP,mp,SD,SD,0.0,0.0,observed,,,suppressed,8.1,0.7,observed,7.0,0.7,observed,8.1,0.7,observed
2012M11,2012-11-01,2012-11,MP,mp,V,v,1.1,1.0,observed,16.7,3.8,observed,8.1,0.7,observed,5.3,0.5,observed,5.2,0.5,observed
2012M11,2012-11-01,2012-11,S,s,C,c,0.2,0.2,observed,2.3,0.8,observed,36.0,1.1,observed,4.3,0.5,observed,4.8,0.5,observed
2012M11,2012-11-01,2012-11,S,s,KD,kd,,,suppressed,1.1,0.6,observed,36.0,1.1,observed,3.7,0.5,observed,4.1,0.4,observed
2012M11,2012-11-01,2012-11,S,s,L,l,,,suppressed,4.1,1.0,observed,36.0,1.1,observed,5.9,0.5,observed,5.7,0.5,observed
2012M11,2012-11-01,2012-11,S,s,M,m,0.9,0.5,observed,9.7,1.5,observed,36.0,1.1,observed,28.7,1.0,observed,27.9,0.9,observed
2012M11,2012-11-01,2012-11,S,s,MP,mp,1.0,0.5,observed,22.3,2.1,observed,36.0,1.1,observed,8.1,0.7,observed,8.5,0.7,observed
2012M11,2012-11-01,2012-11,S,s,S,s,86.9,1.7,observed,0.0,0.0,observed,36.0,1.1,observed,36.0,1.1,observed,34.4,1.0,observed
2012M11,2012-11-01,2012-11,S,s,SD,SD,1.2,0.6,observed,3.8,1.0,observed,36.0,1.1,observed,7.0,0.7,observed,8.1,0.7,observed
2012M11,2012-11-01,2012-11,S,s,V,v,1.1,0.5,observed,19.8,2.0,observed,36.0,1.1,observed,5.3,0.5,observed,5.2,0.5,observed
2012M11,2012-11-01,2012-11,SD,SD,C,c,,,suppressed,,,suppressed,7.0,0.7,observed,4.3,0.5,observed,4.8,0.5,observed
2012M11,2012-11-01,2012-11,SD,SD,KD,kd,0.0,0.0,observed,1.5,1.3,observed,7.0,0.7,observed,3.7,0.5,observed,4.1,0.4,observed
2012M11,2012-11-01,2012-11,SD,SD,L,l,,,suppressed,5.7,3.0,observed,7.0,0.7,observed,5.9,0.5,observed,5.7,0.5,observed
2012M11,2012-11-01,2012-11,SD,SD,M,m,1.0,1.0,observed,26.5,5.5,observed,7.0,0.7,observed,28.7,1.0,observed,27.9,0.9,observed
2012M11,2012-11-01,2012-11,SD,SD,MP,mp,,,suppressed,2.5,2.2,observed,7.0,0.7,observed,8.1,0.7,observed,8.5,0.7,observed
2012M11,2012-11-01,2012-11,SD,SD,S,s,,,suppressed,28.9,5.9,observed,7.0,0.7,observed,36.0,1.1,observed,34.4,1.0,observed
2012M11,2012-11-01,2012-11,SD,SD,SD,SD,91.6,3.5,observed,0.0,0.0,observed,7.0,0.7,observed,7.0,0.7,observed,8.1,0.7,observed
2012M11,2012-11-01,2012-11,SD,SD,V,v,,,suppressed,2.2,1.8,observed,7.0,0.7,observed,5.3,0.5,observed,5.2,0.5,observed
2012M11,2012-11-01,2012-11,V,v,C,c,0.0,0.0,observed,0.0,0.0,observed,5.3,0.5,observed,4.3,0.5,observed,4.8,0.5,observed
2012M11,2012-11-01,2012-11,V,v,KD,kd,0.0,0.0,observed,0.0,0.0,observed,5.3,0.5,observed,3.7,0.5,observed,4.1,0.4,observed
2012M11,2012-11-01,2012-11,V,v,L,l,0.0,0.0,observed,,,suppressed,5.3,0.5,observed,5.9,0.5,observed,5.7,0.5,observed
2012M11,2012-11-01,2012-11,V,v,M,m,,,suppressed,1.3,1.3,observed,5.3,0.5,observed,28.7,1.0,observed,27.9,0.9,observed
2012M11,2012-11-01,2012-11,V,v,MP,mp,1.9,1.8,observed,33.4,6.2,observed,5.3,0.5,observed,8.1,0.7,observed,8.5,0.7,observed
2012M11,2012-11-01,2012-11,V,v,S,s,6.0,3.3,observed,50.5,6.6,observed,5.3,0.5,observed,36.0,1.1,observed,34.4,1.0,observed
2012M11,2012-11-01,2012-11,V,v,SD,SD,,,suppressed,2.8,2.2,observed,5.3,0.5,observed,7.0,0.7,observed,8.1,0.7,observed
2012M11,2012-11-01,2012-11,V,v,V,v,81.0,5.4,observed,0.0,0.0,observed,5.3,0.5,observed,5.3,0.5,observed,5.2,0.5,observed
2013M05,2013-05-01,2013-05,C,c,C,c,72.5,7.3,observed,0.0,0.0,observed,4.5,0.6,observed,4.5,0.6,observed,4.2,0.5,observed
2013M05,2013-05-01,2013-05,C,c,KD,kd,,,suppressed,6.1,3.7,observed,4.5,0.6,observed,3.4,0.4,observed,3.5,0.4,observed
2013M05,2013-05-01,2013-05,C,c,L,l,0.0,0.0,observed,12.6,5.2,observed,4.5,0.6,observed,6.2,0.6,observed,6.4,0.6,observed
2013M05,2013-05-01,2013-05,C,c,M,m,4.9,3.3,observed,30.3,7.3,observed,4.5,0.6,observed,27.0,1.0,observed,27.2,1.0,observed
2013M05,2013-05-01,2013-05,C,c,MP,mp,,,suppressed,9.2,4.4,observed,4.5,0.6,observed,8.3,0.7,observed,8.1,0.7,observed
2013M05,2013-05-01,2013-05,C,c,S,s,,,suppressed,9.2,4.7,observed,4.5,0.6,observed,35.7,1.2,observed,35.1,1.1,observed
2013M05,2013-05-01,2013-05,C,c,SD,SD,,,suppressed,3.3,2.8,observed,4.5,0.6,observed,7.0,0.7,observed,7.7,0.7,observed
2013M05,2013-05-01,2013-05,C,c,V,v,,,suppressed,0.0,0.0,observed,4.5,0.6,observed,6.5,0.7,observed,6.5,0.6,observed
2013M05,2013-05-01,2013-05,KD,kd,C,c,,,suppressed,11.3,5.7,observed,3.4,0.4,observed,4.5,0.6,observed,4.2,0.5,observed
2013M05,2013-05-01,2013-05,KD,kd,KD,kd,75.8,7.7,observed,0.0,0.0,observed,3.4,0.4,observed,3.4,0.4,observed,3.5,0.4,observed
2013M05,2013-05-01,2013-05,KD,kd,L,l,,,suppressed,17.8,6.8,observed,3.4,0.4,observed,6.2,0.6,observed,6.4,0.6,observed
2013M05,2013-05-01,2013-05,KD,kd,M,m,3.7,3.3,observed,33.9,8.4,observed,3.4,0.4,observed,27.0,1.0,observed,27.2,1.0,observed
2013M05,2013-05-01,2013-05,KD,kd,MP,mp,,,suppressed,7.2,4.6,observed,3.4,0.4,observed,8.3,0.7,observed,8.1,0.7,observed
2013M05,2013-05-01,2013-05,KD,kd,S,s,,,suppressed,3.4,3.0,observed,3.4,0.4,observed,35.7,1.2,observed,35.1,1.1,observed
2013M05,2013-05-01,2013-05,KD,kd,SD,SD,0.0,0.0,observed,,,suppressed,3.4,0.4,observed,7.0,0.7,observed,7.7,0.7,observed
2013M05,2013-05-01,2013-05,KD,kd,V,v,0.0,0.0,observed,0.0,0.0,observed,3.4,0.4,observed,6.5,0.7,observed,6.5,0.6,observed
2013M05,2013-05-01,2013-05,L,l,C,c,,,suppressed,11.0,4.1,observed,6.2,0.6,observed,4.5,0.6,observed,4.2,0.5,observed
2013M05,2013-05-01,2013-05,L,l,KD,kd,2.8,2.2,observed,5.8,3.0,observed,6.2,0.6,observed,3.4,0.4,observed,3.5,0.4,observed
2013M05,2013-05-01,2013-05,L,l,L,l,78.3,5.2,observed,0.0,0.0,observed,6.2,0.6,observed,6.2,0.6,observed,6.4,0.6,observed
2013M05,2013-05-01,2013-05,L,l,M,m,6.9,3.0,observed,44.9,6.4,observed,6.2,0.6,observed,27.0,1.0,observed,27.2,1.0,observed
2013M05,2013-05-01,2013-05,L,l,MP,mp,,,suppressed,8.0,3.4,observed,6.2,0.6,observed,8.3,0.7,observed,8.1,0.7,observed
2013M05,2013-05-01,2013-05,L,l,S,s,,,suppressed,12.5,4.2,observed,6.2,0.6,observed,35.7,1.2,observed,35.1,1.1,observed
2013M05,2013-05-01,2013-05,L,l,SD,SD,0.0,0.0,observed,2.1,1.7,observed,6.2,0.6,observed,7.0,0.7,observed,7.7,0.7,observed
2013M05,2013-05-01,2013-05,L,l,V,v,0.0,0.0,observed,,,suppressed,6.2,0.6,observed,6.5,0.7,observed,6.5,0.6,observed
2013M05,2013-05-01,2013-05,M,m,C,c,0.5,0.4,observed,5.8,1.4,observed,27.0,1.0,observed,4.5,0.6,observed,4.2,0.5,observed
2013M05,2013-05-01,2013-05,M,m,KD,kd,0.6,0.5,observed,6.3,1.4,observed,27.0,1.0,observed,3.4,0.4,observed,3.5,0.4,observed
2013M05,2013-05-01,2013-05,M,m,L,l,1.1,0.6,observed,34.6,2.7,observed,27.0,1.0,observed,6.2,0.6,observed,6.4,0.6,observed
2013M05,2013-05-01,2013-05,M,m,M,m,85.6,2.1,observed,0.0,0.0,observed,27.0,1.0,observed,27.0,1.0,observed,27.2,1.0,observed
2013M05,2013-05-01,2013-05,M,m,MP,mp,,,suppressed,6.7,1.5,observed,27.0,1.0,observed,8.3,0.7,observed,8.1,0.7,observed
2013M05,2013-05-01,2013-05,M,m,S,s,1.0,0.6,observed,11.9,1.9,observed,27.0,1.0,observed,35.7,1.2,observed,35.1,1.1,observed
2013M05,2013-05-01,2013-05,M,m,SD,SD,1.4,0.7,observed,6.6,1.5,observed,27.0,1.0,observed,7.0,0.7,observed,7.7,0.7,observed
2013M05,2013-05-01,2013-05,M,m,V,v,,,suppressed,,,suppressed,27.0,1.0,observed,6.5,0.7,observed,6.5,0.6,observed
2013M05,2013-05-01,2013-05,MP,mp,C,c,,,suppressed,3.7,2.0,observed,8.3,0.7,observed,4.5,0.6,observed,4.2,0.5,observed
2013M05,2013-05-01,2013-05,MP,mp,KD,kd,0.0,0.0,observed,,,suppressed,8.3,0.7,observed,3.4,0.4,observed,3.5,0.4,observed
2013M05,2013-05-01,2013-05,MP,mp,L,l,,,suppressed,8.6,3.2,observed,8.3,0.7,observed,6.2,0.6,observed,6.4,0.6,observed
2013M05,2013-05-01,2013-05,MP,mp,M,m,,,suppressed,6.1,2.5,observed,8.3,0.7,observed,27.0,1.0,observed,27.2,1.0,observed
2013M05,2013-05-01,2013-05,MP,mp,MP,mp,75.6,4.8,observed,0.0,0.0,observed,8.3,0.7,observed,8.3,0.7,observed,8.1,0.7,observed
2013M05,2013-05-01,2013-05,MP,mp,S,s,4.8,2.5,observed,34.4,5.1,observed,8.3,0.7,observed,35.7,1.2,observed,35.1,1.1,observed
2013M05,2013-05-01,2013-05,MP,mp,SD,SD,,,suppressed,,,suppressed,8.3,0.7,observed,7.0,0.7,observed,7.7,0.7,observed
2013M05,2013-05-01,2013-05,MP,mp,V,v,1.4,1.1,observed,18.5,4.2,observed,8.3,0.7,observed,6.5,0.7,observed,6.5,0.6,observed
2013M05,2013-05-01,2013-05,S,s,C,c,0.0,0.0,observed,2.7,0.9,observed,35.7,1.2,observed,4.5,0.6,observed,4.2,0.5,observed
2013M05,2013-05-01,2013-05,S,s,KD,kd,0.0,0.0,observed,1.4,0.7,observed,35.7,1.2,observed,3.4,0.4,observed,3.5,0.4,observed
2013M05,2013-05-01,2013-05,S,s,L,l,,,suppressed,3.5,0.9,observed,35.7,1.2,observed,6.2,0.6,observed,6.4,0.6,observed
2013M05,2013-05-01,2013-05,S,s,M,m,1.1,0.6,observed,8.8,1.6,observed,35.7,1.2,observed,27.0,1.0,observed,27.2,1.0,observed
2013M05,2013-05-01,2013-05,S,s,MP,mp,1.1,0.5,observed,22.5,2.2,observed,35.7,1.2,observed,8.3,0.7,observed,8.1,0.7,observed
2013M05,2013-05-01,2013-05,S,s,S,s,85.5,2.0,observed,0.0,0.0,observed,35.7,1.2,observed,35.7,1.2,observed,35.1,1.1,observed
2013M05,2013-05-01,2013-05,S,s,SD,SD,1.4,0.7,observed,3.3,1.0,observed,35.7,1.2,observed,7.0,0.7,observed,7.7,0.7,observed
2013M05,2013-05-01,2013-05,S,s,V,v,0.9,0.5,observed,21.6,2.1,observed,35.7,1.2,observed,6.5,0.7,observed,6.5,0.6,observed
2013M05,2013-05-01,2013-05,SD,SD,C,c,,,suppressed,,,suppressed,7.0,0.7,observed,4.5,0.6,observed,4.2,0.5,observed
2013M05,2013-05-01,2013-05,SD,SD,KD,kd,0.0,0.0,observed,1.8,1.7,observed,7.0,0.7,observed,3.4,0.4,observed,3.5,0.4,observed
2013M05,2013-05-01,2013-05,SD,SD,L,l,0.0,0.0,observed,2.5,1.9,observed,7.0,0.7,observed,6.2,0.6,observed,6.4,0.6,observed
2013M05,2013-05-01,2013-05,SD,SD,M,m,0.0,0.0,observed,29.9,6.1,observed,7.0,0.7,observed,27.0,1.0,observed,27.2,1.0,observed
2013M05,2013-05-01,2013-05,SD,SD,MP,mp,,,suppressed,3.1,2.8,observed,7.0,0.7,observed,8.3,0.7,observed,8.1,0.7,observed
2013M05,2013-05-01,2013-05,SD,SD,S,s,,,suppressed,21.9,5.6,observed,7.0,0.7,observed,35.7,1.2,observed,35.1,1.1,observed
2013M05,2013-05-01,2013-05,SD,SD,SD,SD,89.6,4.0,observed,0.0,0.0,observed,7.0,0.7,observed,7.0,0.7,observed,7.7,0.7,observed
2013M05,2013-05-01,2013-05,SD,SD,V,v,0.0,0.0,observed,3.3,2.5,observed,7.0,0.7,observed,6.5,0.7,observed,6.5,0.6,observed
2013M05,2013-05-01,2013-05,V,v,C,c,,,suppressed,,,suppressed,6.5,0.7,observed,4.5,0.6,observed,4.2,0.5,observed
2013M05,2013-05-01,2013-05,V,v,KD,kd,0.0,0.0,observed,0.0,0.0,observed,6.5,0.7,observed,3.4,0.4,observed,3.5,0.4,observed
2013M05,2013-05-01,2013-05,V,v,L,l,0.0,0.0,observed,,,suppressed,6.5,0.7,observed,6.2,0.6,observed,6.4,0.6,observed
2013M05,2013-05-01,2013-05,V,v,M,m,0.0,0.0,observed,,,suppressed,6.5,0.7,observed,27.0,1.0,observed,27.2,1.0,observed
2013M05,2013-05-01,2013-05,V,v,MP,mp,0.0,0.0,observed,33.8,5.9,observed,6.5,0.7,observed,8.3,0.7,observed,8.1,0.7,observed
2013M05,2013-05-01,2013-05,V,v,S,s,6.0,3.0,observed,42.9,6.3,observed,6.5,0.7,observed,35.7,1.2,observed,35.1,1.1,observed
2013M05,2013-05-01,2013-05,V,v,SD,SD,0.0,0.0,observed,,,suppressed,6.5,0.7,observed,7.0,0.7,observed,7.7,0.7,observed
2013M05,2013-05-01,2013-05,V,v,V,v,85.5,4.5,observed,0.0,0.0,observed,6.5,0.7,observed,6.5,0.7,observed,6.5,0.6,observed
2013M11,2013-11-01,2013-11,C,c,C,c,72.5,7.0,observed,0.0,0.0,observed,4.2,0.5,observed,4.2,0.5,observed,4.6,0.5,observed
2013M11,2013-11-01,2013-11,C,c,KD,kd,0.0,0.0,observed,3.2,2.8,observed,4.2,0.5,observed,3.8,0.5,observed,3.8,0.4,observed
2013M11,2013-11-01,2013-11,C,c,L,l,0.0,0.0,observed,20.6,6.4,observed,4.2,0.5,observed,5.6,0.6,observed,5.8,0.6,observed
2013M11,2013-11-01,2013-11,C,c,M,m,2.2,2.0,observed,32.8,7.3,observed,4.2,0.5,observed,25.9,1.0,observed,25.5,0.9,observed
2013M11,2013-11-01,2013-11,C,c,MP,mp,,,suppressed,10.1,4.7,observed,4.2,0.5,observed,8.5,0.7,observed,8.7,0.7,observed
2013M11,2013-11-01,2013-11,C,c,S,s,3.1,2.7,observed,11.6,5.2,observed,4.2,0.5,observed,36.0,1.2,observed,34.9,1.1,observed
2013M11,2013-11-01,2013-11,C,c,SD,SD,,,suppressed,,,suppressed,4.2,0.5,observed,8.0,0.7,observed,9.1,0.7,observed
2013M11,2013-11-01,2013-11,C,c,V,v,0.0,0.0,observed,0.0,0.0,observed,4.2,0.5,observed,6.4,0.6,observed,6.2,0.5,observed
2013M11,2013-11-01,2013-11,KD,kd,C,c,0.0,0.0,observed,17.1,6.7,observed,3.8,0.5,observed,4.2,0.5,observed,4.6,0.5,observed
2013M11,2013-11-01,2013-11,KD,kd,KD,kd,79.1,7.1,observed,0.0,0.0,observed,3.8,0.5,observed,3.8,0.5,observed,3.8,0.4,observed
2013M11,2013-11-01,2013-11,KD,kd,L,l,,,suppressed,16.8,6.3,observed,3.8,0.5,observed,5.6,0.6,observed,5.8,0.6,observed
2013M11,2013-11-01,2013-11,KD,kd,M,m,2.9,2.8,observed,31.7,8.0,observed,3.8,0.5,observed,25.9,1.0,observed,25.5,0.9,observed
2013M11,2013-11-01,2013-11,KD,kd,MP,mp,,,suppressed,6.7,4.1,observed,3.8,0.5,observed,8.5,0.7,observed,8.7,0.7,observed
2013M11,2013-11-01,2013-11,KD,kd,S,s,,,suppressed,5.1,3.7,observed,3.8,0.5,observed,36.0,1.2,observed,34.9,1.1,observed
2013M11,2013-11-01,2013-11,KD,kd,SD,SD,0.0,0.0,observed,,,suppressed,3.8,0.5,observed,8.0,0.7,observed,9.1,0.7,observed
2013M11,2013-11-01,2013-11,KD,kd,V,v,0.0,0.0,observed,,,suppressed,3.8,0.5,observed,6.4,0.6,observed,6.2,0.5,observed
2013M11,2013-11-01,2013-11,L,l,C,c,2.4,2.1,observed,12.4,4.5,observed,5.6,0.6,observed,4.2,0.5,observed,4.6,0.5,observed
2013M11,2013-11-01,2013-11,L,l,KD,kd,1.9,1.8,observed,6.1,3.3,observed,5.6,0.6,observed,3.8,0.5,observed,3.8,0.4,observed
2013M11,2013-11-01,2013-11,L,l,L,l,73.1,5.9,observed,0.0,0.0,observed,5.6,0.6,observed,5.6,0.6,observed,5.8,0.6,observed
2013M11,2013-11-01,2013-11,L,l,M,m,3.5,2.3,observed,41.7,6.6,observed,5.6,0.6,observed,25.9,1.0,observed,25.5,0.9,observed
2013M11,2013-11-01,2013-11,L,l,MP,mp,,,suppressed,7.0,3.2,observed,5.6,0.6,observed,8.5,0.7,observed,8.7,0.7,observed
2013M11,2013-11-01,2013-11,L,l,S,s,2.2,2.0,observed,11.8,4.1,observed,5.6,0.6,observed,36.0,1.2,observed,34.9,1.1,observed
2013M11,2013-11-01,2013-11,L,l,SD,SD,,,suppressed,,,suppressed,5.6,0.6,observed,8.0,0.7,observed,9.1,0.7,observed
2013M11,2013-11-01,2013-11,L,l,V,v,0.0,0.0,observed,0.0,0.0,observed,5.6,0.6,observed,6.4,0.6,observed,6.2,0.5,observed
2013M11,2013-11-01,2013-11,M,m,C,c,0.7,0.5,observed,7.9,1.6,observed,25.9,1.0,observed,4.2,0.5,observed,4.6,0.5,observed
2013M11,2013-11-01,2013-11,M,m,KD,kd,1.3,0.7,observed,7.1,1.5,observed,25.9,1.0,observed,3.8,0.5,observed,3.8,0.4,observed
2013M11,2013-11-01,2013-11,M,m,L,l,0.8,0.5,observed,34.5,2.7,observed,25.9,1.0,observed,5.6,0.6,observed,5.8,0.6,observed
2013M11,2013-11-01,2013-11,M,m,M,m,81.2,2.3,observed,0.0,0.0,observed,25.9,1.0,observed,25.9,1.0,observed,25.5,0.9,observed
2013M11,2013-11-01,2013-11,M,m,MP,mp,0.6,0.5,observed,6.0,1.4,observed,25.9,1.0,observed,8.5,0.7,observed,8.7,0.7,observed
2013M11,2013-11-01,2013-11,M,m,S,s,0.9,0.6,observed,10.8,1.9,observed,25.9,1.0,observed,36.0,1.2,observed,34.9,1.1,observed
2013M11,2013-11-01,2013-11,M,m,SD,SD,1.9,0.8,observed,6.5,1.5,observed,25.9,1.0,observed,8.0,0.7,observed,9.1,0.7,observed
2013M11,2013-11-01,2013-11,M,m,V,v,0.0,0.0,observed,0.6,0.5,observed,25.9,1.0,observed,6.4,0.6,observed,6.2,0.5,observed
2013M11,2013-11-01,2013-11,MP,mp,C,c,,,suppressed,3.5,2.0,observed,8.5,0.7,observed,4.2,0.5,observed,4.6,0.5,observed
2013M11,2013-11-01,2013-11,MP,mp,KD,kd,0.0,0.0,observed,,,suppressed,8.5,0.7,observed,3.8,0.5,observed,3.8,0.4,observed
2013M11,2013-11-01,2013-11,MP,mp,L,l,,,suppressed,4.2,2.1,observed,8.5,0.7,observed,5.6,0.6,observed,5.8,0.6,observed
2013M11,2013-11-01,2013-11,MP,mp,M,m,,,suppressed,6.4,2.5,observed,8.5,0.7,observed,25.9,1.0,observed,25.5,0.9,observed
2013M11,2013-11-01,2013-11,MP,mp,MP,mp,79.7,4.2,observed,0.0,0.0,observed,8.5,0.7,observed,8.5,0.7,observed,8.7,0.7,observed
2013M11,2013-11-01,2013-11,MP,mp,S,s,3.4,1.9,observed,37.2,4.9,observed,8.5,0.7,observed,36.0,1.2,observed,34.9,1.1,observed
2013M11,2013-11-01,2013-11,MP,mp,SD,SD,,,suppressed,0.0,0.0,observed,8.5,0.7,observed,8.0,0.7,observed,9.1,0.7,observed
2013M11,2013-11-01,2013-11,MP,mp,V,v,1.7,1.5,observed,17.6,3.9,observed,8.5,0.7,observed,6.4,0.6,observed,6.2,0.5,observed
2013M11,2013-11-01,2013-11,S,s,C,c,,,suppressed,2.7,0.8,observed,36.0,1.2,observed,4.2,0.5,observed,4.6,0.5,observed
2013M11,2013-11-01,2013-11,S,s,KD,kd,,,suppressed,1.6,0.7,observed,36.0,1.2,observed,3.8,0.5,observed,3.8,0.4,observed
2013M11,2013-11-01,2013-11,S,s,L,l,,,suppressed,6.3,1.3,observed,36.0,1.2,observed,5.6,0.6,observed,5.8,0.6,observed
2013M11,2013-11-01,2013-11,S,s,M,m,0.9,0.5,observed,8.2,1.5,observed,36.0,1.2,observed,25.9,1.0,observed,25.5,0.9,observed
2013M11,2013-11-01,2013-11,S,s,MP,mp,0.9,0.6,observed,23.5,2.2,observed,36.0,1.2,observed,8.5,0.7,observed,8.7,0.7,observed
2013M11,2013-11-01,2013-11,S,s,S,s,86.1,1.9,observed,0.0,0.0,observed,36.0,1.2,observed,36.0,1.2,observed,34.9,1.1,observed
2013M11,2013-11-01,2013-11,S,s,SD,SD,1.4,0.7,observed,4.4,1.1,observed,36.0,1.2,observed,8.0,0.7,observed,9.1,0.7,observed
2013M11,2013-11-01,2013-11,S,s,V,v,1.3,0.6,observed,20.6,2.1,observed,36.0,1.2,observed,6.4,0.6,observed,6.2,0.5,observed
2013M11,2013-11-01,2013-11,SD,SD,C,c,0.0,0.0,observed,,,suppressed,8.0,0.7,observed,4.2,0.5,observed,4.6,0.5,observed
2013M11,2013-11-01,2013-11,SD,SD,KD,kd,0.0,0.0,observed,2.6,1.8,observed,8.0,0.7,observed,3.8,0.5,observed,3.8,0.4,observed
2013M11,2013-11-01,2013-11,SD,SD,L,l,,,suppressed,3.7,2.2,observed,8.0,0.7,observed,5.6,0.6,observed,5.8,0.6,observed
2013M11,2013-11-01,2013-11,SD,SD,M,m,1.2,1.2,observed,24.0,5.1,observed,8.0,0.7,observed,25.9,1.0,observed,25.5,0.9,observed
2013M11,2013-11-01,2013-11,SD,SD,MP,mp,0.0,0.0,observed,2.1,1.7,observed,8.0,0.7,observed,8.5,0.7,observed,8.7,0.7,observed
2013M11,2013-11-01,2013-11,SD,SD,S,s,1.9,1.6,observed,26.9,5.4,observed,8.0,0.7,observed,36.0,1.2,observed,34.9,1.1,observed
2013M11,2013-11-01,2013-11,SD,SD,SD,SD,90.5,3.6,observed,,,suppressed,8.0,0.7,observed,8.0,0.7,observed,9.1,0.7,observed
2013M11,2013-11-01,2013-11,SD,SD,V,v,0.0,0.0,observed,2.2,1.9,observed,8.0,0.7,observed,6.4,0.6,observed,6.2,0.5,observed
2013M11,2013-11-01,2013-11,V,v,C,c,,,suppressed,,,suppressed,6.4,0.6,observed,4.2,0.5,observed,4.6,0.5,observed
2013M11,2013-11-01,2013-11,V,v,KD,kd,0.0,0.0,observed,,,suppressed,6.4,0.6,observed,3.8,0.5,observed,3.8,0.4,observed
2013M11,2013-11-01,2013-11,V,v,L,l,0.0,0.0,observed,,,suppressed,6.4,0.6,observed,5.6,0.6,observed,5.8,0.6,observed
2013M11,2013-11-01,2013-11,V,v,M,m,0.0,0.0,observed,,,suppressed,6.4,0.6,observed,25.9,1.0,observed,25.5,0.9,observed
2013M11,2013-11-01,2013-11,V,v,MP,mp,,,suppressed,36.2,5.8,observed,6.4,0.6,observed,8.5,0.7,observed,8.7,0.7,observed
2013M11,2013-11-01,2013-11,V,v,S,s,6.4,3.1,observed,40.4,6.0,observed,6.4,0.6,observed,36.0,1.2,observed,34.9,1.1,observed
2013M11,2013-11-01,2013-11,V,v,SD,SD,0.0,0.0,observed,2.8,2.2,observed,6.4,0.6,observed,8.0,0.7,observed,9.1,0.7,observed
2013M11,2013-11-01,2013-11,V,v,V,v,87.1,4.1,observed,0.0,0.0,observed,6.4,0.6,observed,6.4,0.6,observed,6.2,0.5,observed
2014M05,2014-05-01,2014-05,C,c,C,c,74.0,6.7,observed,0.0,0.0,observed,4.9,0.6,observed,4.9,0.6,observed,4.9,0.6,observed
2014M05,2014-05-01,2014-05,C,c,KD,kd,0.0,0.0,observed,8.7,4.4,observed,4.9,0.6,observed,4.0,0.5,observed,3.9,0.5,observed
2014M05,2014-05-01,2014-05,C,c,L,l,,,suppressed,16.2,5.5,observed,4.9,0.6,observed,5.3,0.6,observed,5.1,0.6,observed
2014M05,2014-05-01,2014-05,C,c,M,m,4.4,2.9,observed,32.2,7.2,observed,4.9,0.6,observed,22.5,1.1,observed,22.9,1.0,observed
2014M05,2014-05-01,2014-05,C,c,MP,mp,0.0,0.0,observed,8.6,4.1,observed,4.9,0.6,observed,8.2,0.8,observed,8.3,0.8,observed
2014M05,2014-05-01,2014-05,C,c,S,s,,,suppressed,5.2,3.2,observed,4.9,0.6,observed,36.0,1.3,observed,35.8,1.2,observed
2014M05,2014-05-01,2014-05,C,c,SD,SD,,,suppressed,3.6,3.2,observed,4.9,0.6,observed,7.2,0.7,observed,7.7,0.7,observed
2014M05,2014-05-01,2014-05,C,c,V,v,0.0,0.0,observed,,,suppressed,4.9,0.6,observed,8.0,0.8,observed,7.6,0.7,observed
2014M05,2014-05-01,2014-05,KD,kd,C,c,0.0,0.0,observed,8.8,4.8,observed,4.0,0.5,observed,4.9,0.6,observed,4.9,0.6,observed
2014M05,2014-05-01,2014-05,KD,kd,KD,kd,76.0,7.6,observed,0.0,0.0,observed,4.0,0.5,observed,4.0,0.5,observed,3.9,0.5,observed
2014M05,2014-05-01,2014-05,KD,kd,L,l,,,suppressed,15.4,6.1,observed,4.0,0.5,observed,5.3,0.6,observed,5.1,0.6,observed
2014M05,2014-05-01,2014-05,KD,kd,M,m,,,suppressed,24.3,7.4,observed,4.0,0.5,observed,22.5,1.1,observed,22.9,1.0,observed
2014M05,2014-05-01,2014-05,KD,kd,MP,mp,,,suppressed,7.4,4.5,observed,4.0,0.5,observed,8.2,0.8,observed,8.3,0.8,observed
2014M05,2014-05-01,2014-05,KD,kd,S,s,,,suppressed,10.9,5.6,observed,4.0,0.5,observed,36.0,1.3,observed,35.8,1.2,observed
2014M05,2014-05-01,2014-05,KD,kd,SD,SD,,,suppressed,,,suppressed,4.0,0.5,observed,7.2,0.7,observed,7.7,0.7,observed
2014M05,2014-05-01,2014-05,KD,kd,V,v,0.0,0.0,observed,,,suppressed,4.0,0.5,observed,8.0,0.8,observed,7.6,0.7,observed
2014M05,2014-05-01,2014-05,L,l,C,c,1.7,1.7,observed,8.7,3.9,observed,5.3,0.6,observed,4.9,0.6,observed,4.9,0.6,observed
2014M05,2014-05-01,2014-05,L,l,KD,kd,,,suppressed,6.2,3.4,observed,5.3,0.6,observed,4.0,0.5,observed,3.9,0.5,observed
2014M05,2014-05-01,2014-05,L,l,L,l,70.8,6.3,observed,0.0,0.0,observed,5.3,0.6,observed,5.3,0.6,observed,5.1,0.6,observed
2014M05,2014-05-01,2014-05,L,l,M,m,4.4,2.7,observed,41.1,6.7,observed,5.3,0.6,observed,22.5,1.1,observed,22.9,1.0,observed
2014M05,2014-05-01,2014-05,L,l,MP,mp,0.0,0.0,observed,11.7,4.5,observed,5.3,0.6,observed,8.2,0.8,observed,8.3,0.8,observed
2014M05,2014-05-01,2014-05,L,l,S,s,2.5,2.0,observed,12.1,4.3,observed,5.3,0.6,observed,36.0,1.3,observed,35.8,1.2,observed
2014M05,2014-05-01,2014-05,L,l,SD,SD,,,suppressed,,,suppressed,5.3,0.6,observed,7.2,0.7,observed,7.7,0.7,observed
2014M05,2014-05-01,2014-05,L,l,V,v,0.0,0.0,observed,,,suppressed,5.3,0.6,observed,8.0,0.8,observed,7.6,0.7,observed
2014M05,2014-05-01,2014-05,M,m,C,c,,,suppressed,7.9,1.8,observed,22.5,1.1,observed,4.9,0.6,observed,4.9,0.6,observed
2014M05,2014-05-01,2014-05,M,m,KD,kd,0.6,0.5,observed,8.6,1.9,observed,22.5,1.1,observed,4.0,0.5,observed,3.9,0.5,observed
2014M05,2014-05-01,2014-05,M,m,L,l,1.1,0.7,observed,34.0,3.0,observed,22.5,1.1,observed,5.3,0.6,observed,5.1,0.6,observed
2014M05,2014-05-01,2014-05,M,m,M,m,81.1,2.6,observed,0.0,0.0,observed,22.5,1.1,observed,22.5,1.1,observed,22.9,1.0,observed
2014M05,2014-05-01,2014-05,M,m,MP,mp,,,suppressed,5.2,1.4,observed,22.5,1.1,observed,8.2,0.8,observed,8.3,0.8,observed
2014M05,2014-05-01,2014-05,M,m,S,s,1.0,0.7,observed,10.3,2.0,observed,22.5,1.1,observed,36.0,1.3,observed,35.8,1.2,observed
2014M05,2014-05-01,2014-05,M,m,SD,SD,0.8,0.6,observed,5.0,1.5,observed,22.5,1.1,observed,7.2,0.7,observed,7.7,0.7,observed
2014M05,2014-05-01,2014-05,M,m,V,v,0.0,0.0,observed,0.8,0.7,observed,22.5,1.1,observed,8.0,0.8,observed,7.6,0.7,observed
2014M05,2014-05-01,2014-05,MP,mp,C,c,,,suppressed,3.5,2.2,observed,8.2,0.8,observed,4.9,0.6,observed,4.9,0.6,observed
2014M05,2014-05-01,2014-05,MP,mp,KD,kd,0.0,0.0,observed,,,suppressed,8.2,0.8,observed,4.0,0.5,observed,3.9,0.5,observed
2014M05,2014-05-01,2014-05,MP,mp,L,l,0.0,0.0,observed,3.5,1.9,observed,8.2,0.8,observed,5.3,0.6,observed,5.1,0.6,observed
2014M05,2014-05-01,2014-05,MP,mp,M,m,1.1,1.1,observed,4.8,2.5,observed,8.2,0.8,observed,22.5,1.1,observed,22.9,1.0,observed
2014M05,2014-05-01,2014-05,MP,mp,MP,mp,76.8,4.8,observed,0.0,0.0,observed,8.2,0.8,observed,8.2,0.8,observed,8.3,0.8,observed
2014M05,2014-05-01,2014-05,MP,mp,S,s,3.1,1.9,observed,38.3,5.6,observed,8.2,0.8,observed,36.0,1.3,observed,35.8,1.2,observed
2014M05,2014-05-01,2014-05,MP,mp,SD,SD,,,suppressed,,,suppressed,8.2,0.8,observed,7.2,0.7,observed,7.7,0.7,observed
2014M05,2014-05-01,2014-05,MP,mp,V,v,2.0,1.5,observed,17.6,4.0,observed,8.2,0.8,observed,8.0,0.8,observed,7.6,0.7,observed
2014M05,2014-05-01,2014-05,S,s,C,c,,,suppressed,2.4,0.8,observed,36.0,1.3,observed,4.9,0.6,observed,4.9,0.6,observed
2014M05,2014-05-01,2014-05,S,s,KD,kd,,,suppressed,1.2,0.5,observed,36.0,1.3,observed,4.0,0.5,observed,3.9,0.5,observed
2014M05,2014-05-01,2014-05,S,s,L,l,,,suppressed,4.9,1.1,observed,36.0,1.3,observed,5.3,0.6,observed,5.1,0.6,observed
2014M05,2014-05-01,2014-05,S,s,M,m,0.2,0.2,observed,7.9,1.5,observed,36.0,1.3,observed,22.5,1.1,observed,22.9,1.0,observed
2014M05,2014-05-01,2014-05,S,s,MP,mp,1.0,0.6,observed,20.6,2.2,observed,36.0,1.3,observed,8.2,0.8,observed,8.3,0.8,observed
2014M05,2014-05-01,2014-05,S,s,S,s,87.3,1.9,observed,0.0,0.0,observed,36.0,1.3,observed,36.0,1.3,observed,35.8,1.2,observed
2014M05,2014-05-01,2014-05,S,s,SD,SD,0.8,0.6,observed,3.7,1.1,observed,36.0,1.3,observed,7.2,0.7,observed,7.7,0.7,observed
2014M05,2014-05-01,2014-05,S,s,V,v,0.8,0.4,observed,23.4,2.2,observed,36.0,1.3,observed,8.0,0.8,observed,7.6,0.7,observed
2014M05,2014-05-01,2014-05,SD,SD,C,c,0.0,0.0,observed,,,suppressed,7.2,0.7,observed,4.9,0.6,observed,4.9,0.6,observed
2014M05,2014-05-01,2014-05,SD,SD,KD,kd,0.0,0.0,observed,2.2,1.9,observed,7.2,0.7,observed,4.0,0.5,observed,3.9,0.5,observed
2014M05,2014-05-01,2014-05,SD,SD,L,l,0.0,0.0,observed,6.2,3.3,observed,7.2,0.7,observed,5.3,0.6,observed,5.1,0.6,observed
2014M05,2014-05-01,2014-05,SD,SD,M,m,,,suppressed,28.6,6.0,observed,7.2,0.7,observed,22.5,1.1,observed,22.9,1.0,observed
2014M05,2014-05-01,2014-05,SD,SD,MP,mp,0.0,0.0,observed,,,suppressed,7.2,0.7,observed,8.2,0.8,observed,8.3,0.8,observed
2014M05,2014-05-01,2014-05,SD,SD,S,s,3.0,2.5,observed,19.5,5.2,observed,7.2,0.7,observed,36.0,1.3,observed,35.8,1.2,observed
2014M05,2014-05-01,2014-05,SD,SD,SD,SD,92.0,3.7,observed,0.0,0.0,observed,7.2,0.7,observed,7.2,0.7,observed,7.7,0.7,observed
2014M05,2014-05-01,2014-05,SD,SD,V,v,,,suppressed,3.8,2.5,observed,7.2,0.7,observed,8.0,0.8,observed,7.6,0.7,observed
2014M05,2014-05-01,2014-05,V,v,C,c,0.0,0.0,observed,,,suppressed,8.0,0.8,observed,4.9,0.6,observed,4.9,0.6,observed
2014M05,2014-05-01,2014-05,V,v,KD,kd,0.0,0.0,observed,,,suppressed,8.0,0.8,observed,4.0,0.5,observed,3.9,0.5,observed
2014M05,2014-05-01,2014-05,V,v,L,l,0.0,0.0,observed,,,suppressed,8.0,0.8,observed,5.3,0.6,observed,5.1,0.6,observed
2014M05,2014-05-01,2014-05,V,v,M,m,,,suppressed,,,suppressed,8.0,0.8,observed,22.5,1.1,observed,22.9,1.0,observed
2014M05,2014-05-01,2014-05,V,v,MP,mp,,,suppressed,30.4,5.0,observed,8.0,0.8,observed,8.2,0.8,observed,8.3,0.8,observed
2014M05,2014-05-01,2014-05,V,v,S,s,4.7,2.5,observed,40.0,5.5,observed,8.0,0.8,observed,36.0,1.3,observed,35.8,1.2,observed
2014M05,2014-05-01,2014-05,V,v,SD,SD,,,suppressed,3.7,2.5,observed,8.0,0.8,observed,7.2,0.7,observed,7.7,0.7,observed
2014M05,2014-05-01,2014-05,V,v,V,v,84.5,4.3,observed,0.0,0.0,observed,8.0,0.8,observed,8.0,0.8,observed,7.6,0.7,observed
2014M11,2014-11-01,2014-11,C,c,C,c,83.1,4.5,observed,0.0,0.0,observed,5.7,0.5,observed,5.7,0.5,observed,6.2,0.4,observed
2014M11,2014-11-01,2014-11,C,c,KD,kd,,,suppressed,6.6,2.7,observed,5.7,0.5,observed,3.9,0.4,observed,3.9,0.4,observed
2014M11,2014-11-01,2014-11,C,c,L,l,,,suppressed,16.4,4.2,observed,5.7,0.5,observed,5.4,0.4,observed,5.4,0.4,observed
2014M11,2014-11-01,2014-11,C,c,M,m,3.2,2.1,observed,37.4,5.7,observed,5.7,0.5,observed,24.7,0.9,observed,24.8,0.9,observed
2014M11,2014-11-01,2014-11,C,c,MP,mp,0.0,0.0,observed,5.2,2.7,observed,5.7,0.5,observed,7.9,0.6,observed,7.3,0.5,observed
2014M11,2014-11-01,2014-11,C,c,S,s,,,suppressed,4.5,2.3,observed,5.7,0.5,observed,33.3,1.0,observed,31.9,0.9,observed
2014M11,2014-11-01,2014-11,C,c,SD,SD,3.0,2.2,observed,6.0,2.9,observed,5.7,0.5,observed,10.6,0.7,observed,12.2,0.6,observed
2014M11,2014-11-01,2014-11,C,c,V,v,,,suppressed,,,suppressed,5.7,0.5,observed,6.1,0.5,observed,5.8,0.5,observed
2014M11,2014-11-01,2014-11,KD,kd,C,c,0.0,0.0,observed,11.9,4.8,observed,3.9,0.4,observed,5.7,0.5,observed,6.2,0.4,observed
2014M11,2014-11-01,2014-11,KD,kd,KD,kd,79.8,6.3,observed,0.0,0.0,observed,3.9,0.4,observed,3.9,0.4,observed,3.9,0.4,observed
2014M11,2014-11-01,2014-11,KD,kd,L,l,,,suppressed,18.2,5.9,observed,3.9,0.4,observed,5.4,0.4,observed,5.4,0.4,observed
2014M11,2014-11-01,2014-11,KD,kd,M,m,6.4,3.6,observed,37.7,7.3,observed,3.9,0.4,observed,24.7,0.9,observed,24.8,0.9,observed
2014M11,2014-11-01,2014-11,KD,kd,MP,mp,0.0,0.0,observed,4.8,3.3,observed,3.9,0.4,observed,7.9,0.6,observed,7.3,0.5,observed
2014M11,2014-11-01,2014-11,KD,kd,S,s,2.0,1.9,observed,6.0,3.5,observed,3.9,0.4,observed,33.3,1.0,observed,31.9,0.9,observed
2014M11,2014-11-01,2014-11,KD,kd,SD,SD,,,suppressed,4.8,3.9,observed,3.9,0.4,observed,10.6,0.7,observed,12.2,0.6,observed
2014M11,2014-11-01,2014-11,KD,kd,V,v,0.0,0.0,observed,0.0,0.0,observed,3.9,0.4,observed,6.1,0.5,observed,5.8,0.5,observed
2014M11,2014-11-01,2014-11,L,l,C,c,2.1,1.6,observed,11.5,3.5,observed,5.4,0.4,observed,5.7,0.5,observed,6.2,0.4,observed
2014M11,2014-11-01,2014-11,L,l,KD,kd,0.0,0.0,observed,9.9,3.4,observed,5.4,0.4,observed,3.9,0.4,observed,3.9,0.4,observed
2014M11,2014-11-01,2014-11,L,l,L,l,80.0,4.6,observed,0.0,0.0,observed,5.4,0.4,observed,5.4,0.4,observed,5.4,0.4,observed
2014M11,2014-11-01,2014-11,L,l,M,m,7.1,3.0,observed,49.7,5.8,observed,5.4,0.4,observed,24.7,0.9,observed,24.8,0.9,observed
2014M11,2014-11-01,2014-11,L,l,MP,mp,0.0,0.0,observed,4.3,2.2,observed,5.4,0.4,observed,7.9,0.6,observed,7.3,0.5,observed
2014M11,2014-11-01,2014-11,L,l,S,s,2.6,1.9,observed,8.9,3.2,observed,5.4,0.4,observed,33.3,1.0,observed,31.9,0.9,observed
2014M11,2014-11-01,2014-11,L,l,SD,SD,1.8,1.7,observed,1.5,1.5,observed,5.4,0.4,observed,10.6,0.7,observed,12.2,0.6,observed
2014M11,2014-11-01,2014-11,L,l,V,v,0.0,0.0,observed,,,suppressed,5.4,0.4,observed,6.1,0.5,observed,5.8,0.5,observed
2014M11,2014-11-01,2014-11,M,m,C,c,1.4,0.7,observed,17.4,2.2,observed,24.7,0.9,observed,5.7,0.5,observed,6.2,0.4,observed
2014M11,2014-11-01,2014-11,M,m,KD,kd,0.9,0.6,observed,8.3,1.7,observed,24.7,0.9,observed,3.9,0.4,observed,3.9,0.4,observed
2014M11,2014-11-01,2014-11,M,m,L,l,1.7,0.7,observed,31.2,2.8,observed,24.7,0.9,observed,5.4,0.4,observed,5.4,0.4,observed
2014M11,2014-11-01,2014-11,M,m,M,m,85.5,2.1,observed,0.0,0.0,observed,24.7,0.9,observed,24.7,0.9,observed,24.8,0.9,observed
2014M11,2014-11-01,2014-11,M,m,MP,mp,,,suppressed,4.4,1.4,observed,24.7,0.9,observed,7.9,0.6,observed,7.3,0.5,observed
2014M11,2014-11-01,2014-11,M,m,S,s,0.8,0.5,observed,7.6,1.6,observed,24.7,0.9,observed,33.3,1.0,observed,31.9,0.9,observed
2014M11,2014-11-01,2014-11,M,m,SD,SD,3.6,1.2,observed,7.4,1.7,observed,24.7,0.9,observed,10.6,0.7,observed,12.2,0.6,observed
2014M11,2014-11-01,2014-11,M,m,V,v,0.0,0.0,observed,0.6,0.6,observed,24.7,0.9,observed,6.1,0.5,observed,5.8,0.5,observed
2014M11,2014-11-01,2014-11,MP,mp,C,c,1.7,1.3,observed,8.2,3.1,observed,7.9,0.6,observed,5.7,0.5,observed,6.2,0.4,observed
2014M11,2014-11-01,2014-11,MP,mp,KD,kd,,,suppressed,1.1,1.1,observed,7.9,0.6,observed,3.9,0.4,observed,3.9,0.4,observed
2014M11,2014-11-01,2014-11,MP,mp,L,l,0.0,0.0,observed,3.8,2.0,observed,7.9,0.6,observed,5.4,0.4,observed,5.4,0.4,observed
2014M11,2014-11-01,2014-11,MP,mp,M,m,1.5,1.3,observed,3.3,2.2,observed,7.9,0.6,observed,24.7,0.9,observed,24.8,0.9,observed
2014M11,2014-11-01,2014-11,MP,mp,MP,mp,76.6,4.7,observed,0.0,0.0,observed,7.9,0.6,observed,7.9,0.6,observed,7.3,0.5,observed
2014M11,2014-11-01,2014-11,MP,mp,S,s,5.2,2.3,observed,36.2,5.3,observed,7.9,0.6,observed,33.3,1.0,observed,31.9,0.9,observed
2014M11,2014-11-01,2014-11,MP,mp,SD,SD,,,suppressed,,,suppressed,7.9,0.6,observed,10.6,0.7,observed,12.2,0.6,observed
2014M11,2014-11-01,2014-11,MP,mp,V,v,1.1,1.1,observed,15.3,3.8,observed,7.9,0.6,observed,6.1,0.5,observed,5.8,0.5,observed
2014M11,2014-11-01,2014-11,S,s,C,c,0.3,0.3,observed,4.0,1.1,observed,33.3,1.0,observed,5.7,0.5,observed,6.2,0.4,observed
2014M11,2014-11-01,2014-11,S,s,KD,kd,,,suppressed,0.8,0.5,observed,33.3,1.0,observed,3.9,0.4,observed,3.9,0.4,observed
2014M11,2014-11-01,2014-11,S,s,L,l,0.7,0.4,observed,6.3,1.3,observed,33.3,1.0,observed,5.4,0.4,observed,5.4,0.4,observed
2014M11,2014-11-01,2014-11,S,s,M,m,1.4,0.6,observed,9.1,1.7,observed,33.3,1.0,observed,24.7,0.9,observed,24.8,0.9,observed
2014M11,2014-11-01,2014-11,S,s,MP,mp,1.1,0.7,observed,22.7,2.3,observed,33.3,1.0,observed,7.9,0.6,observed,7.3,0.5,observed
2014M11,2014-11-01,2014-11,S,s,S,s,85.7,2.0,observed,0.0,0.0,observed,33.3,1.0,observed,33.3,1.0,observed,31.9,0.9,observed
2014M11,2014-11-01,2014-11,S,s,SD,SD,1.8,0.8,observed,5.0,1.3,observed,33.3,1.0,observed,10.6,0.7,observed,12.2,0.6,observed
2014M11,2014-11-01,2014-11,S,s,V,v,1.6,0.7,observed,20.7,2.2,observed,33.3,1.0,observed,6.1,0.5,observed,5.8,0.5,observed
2014M11,2014-11-01,2014-11,SD,SD,C,c,,,suppressed,4.1,2.2,observed,10.6,0.7,observed,5.7,0.5,observed,6.2,0.4,observed
2014M11,2014-11-01,2014-11,SD,SD,KD,kd,0.0,0.0,observed,4.4,2.2,observed,10.6,0.7,observed,3.9,0.4,observed,3.9,0.4,observed
2014M11,2014-11-01,2014-11,SD,SD,L,l,,,suppressed,4.2,2.1,observed,10.6,0.7,observed,5.4,0.4,observed,5.4,0.4,observed
2014M11,2014-11-01,2014-11,SD,SD,M,m,2.5,1.7,observed,34.5,5.2,observed,10.6,0.7,observed,24.7,0.9,observed,24.8,0.9,observed
2014M11,2014-11-01,2014-11,SD,SD,MP,mp,0.0,0.0,observed,1.5,1.3,observed,10.6,0.7,observed,7.9,0.6,observed,7.3,0.5,observed
2014M11,2014-11-01,2014-11,SD,SD,S,s,1.7,1.3,observed,17.3,4.1,observed,10.6,0.7,observed,33.3,1.0,observed,31.9,0.9,observed
2014M11,2014-11-01,2014-11,SD,SD,SD,SD,91.1,3.1,observed,0.0,0.0,observed,10.6,0.7,observed,10.6,0.7,observed,12.2,0.6,observed
2014M11,2014-11-01,2014-11,SD,SD,V,v,0.0,0.0,observed,2.2,1.6,observed,10.6,0.7,observed,6.1,0.5,observed,5.8,0.5,observed
2014M11,2014-11-01,2014-11,V,v,C,c,0.0,0.0,observed,,,suppressed,6.1,0.5,observed,5.7,0.5,observed,6.2,0.4,observed
2014M11,2014-11-01,2014-11,V,v,KD,kd,0.0,0.0,observed,,,suppressed,6.1,0.5,observed,3.9,0.4,observed,3.9,0.4,observed
2014M11,2014-11-01,2014-11,V,v,L,l,,,suppressed,,,suppressed,6.1,0.5,observed,5.4,0.4,observed,5.4,0.4,observed
2014M11,2014-11-01,2014-11,V,v,M,m,,,suppressed,0.0,0.0,observed,6.1,0.5,observed,24.7,0.9,observed,24.8,0.9,observed
2014M11,2014-11-01,2014-11,V,v,MP,mp,2.9,2.0,observed,25.3,5.2,observed,6.1,0.5,observed,7.9,0.6,observed,7.3,0.5,observed
2014M11,2014-11-01,2014-11,V,v,S,s,6.8,3.5,observed,47.6,6.0,observed,6.1,0.5,observed,33.3,1.0,observed,31.9,0.9,observed
2014M11,2014-11-01,2014-11,V,v,SD,SD,,,suppressed,2.8,2.5,observed,6.1,0.5,observed,10.6,0.7,observed,12.2,0.6,observed
2014M11,2014-11-01,2014-11,V,v,V,v,82.8,4.7,observed,0.0,0.0,observed,6.1,0.5,observed,6.1,0.5,observed,5.8,0.5,observed
2015M05,2015-05-01,2015-05,C,c,C,c,82.3,4.6,observed,0.0,0.0,observed,5.7,0.5,observed,5.7,0.5,observed,6.5,0.5,observed
2015M05,2015-05-01,2015-05,C,c,KD,kd,,,suppressed,6.9,2.8,observed,5.7,0.5,observed,3.8,0.4,observed,3.8,0.4,observed
2015M05,2015-05-01,2015-05,C,c,L,l,3.2,3.1,observed,15.2,4.4,observed,5.7,0.5,observed,5.0,0.5,observed,4.6,0.5,observed
2015M05,2015-05-01,2015-05,C,c,M,m,2.7,1.7,observed,40.8,5.7,observed,5.7,0.5,observed,25.8,0.9,observed,26.2,0.9,observed
2015M05,2015-05-01,2015-05,C,c,MP,mp,0.0,0.0,observed,6.9,2.8,observed,5.7,0.5,observed,7.1,0.6,observed,6.7,0.6,observed
2015M05,2015-05-01,2015-05,C,c,S,s,,,suppressed,6.9,3.2,observed,5.7,0.5,observed,31.2,1.0,observed,29.3,1.0,observed
2015M05,2015-05-01,2015-05,C,c,SD,SD,,,suppressed,2.5,1.8,observed,5.7,0.5,observed,13.4,0.8,observed,14.8,0.8,observed
2015M05,2015-05-01,2015-05,C,c,V,v,,,suppressed,,,suppressed,5.7,0.5,observed,6.0,0.5,observed,6.0,0.5,observed
2015M05,2015-05-01,2015-05,KD,kd,C,c,,,suppressed,13.3,4.6,observed,3.8,0.4,observed,5.7,0.5,observed,6.5,0.5,observed
2015M05,2015-05-01,2015-05,KD,kd,KD,kd,76.3,6.7,observed,0.0,0.0,observed,3.8,0.4,observed,3.8,0.4,observed,3.8,0.4,observed
2015M05,2015-05-01,2015-05,KD,kd,L,l,,,suppressed,16.2,5.0,observed,3.8,0.4,observed,5.0,0.5,observed,4.6,0.5,observed
2015M05,2015-05-01,2015-05,KD,kd,M,m,7.2,4.4,observed,36.3,7.2,observed,3.8,0.4,observed,25.8,0.9,observed,26.2,0.9,observed
2015M05,2015-05-01,2015-05,KD,kd,MP,mp,0.0,0.0,observed,2.3,2.3,observed,3.8,0.4,observed,7.1,0.6,observed,6.7,0.6,observed
2015M05,2015-05-01,2015-05,KD,kd,S,s,,,suppressed,7.2,4.3,observed,3.8,0.4,observed,31.2,1.0,observed,29.3,1.0,observed
2015M05,2015-05-01,2015-05,KD,kd,SD,SD,,,suppressed,4.3,2.8,observed,3.8,0.4,observed,13.4,0.8,observed,14.8,0.8,observed
2015M05,2015-05-01,2015-05,KD,kd,V,v,0.0,0.0,observed,0.0,0.0,observed,3.8,0.4,observed,6.0,0.5,observed,6.0,0.5,observed
2015M05,2015-05-01,2015-05,L,l,C,c,3.4,2.1,observed,17.4,4.8,observed,5.0,0.5,observed,5.7,0.5,observed,6.5,0.5,observed
2015M05,2015-05-01,2015-05,L,l,KD,kd,,,suppressed,5.9,2.7,observed,5.0,0.5,observed,3.8,0.4,observed,3.8,0.4,observed
2015M05,2015-05-01,2015-05,L,l,L,l,69.5,5.4,observed,0.0,0.0,observed,5.0,0.5,observed,5.0,0.5,observed,4.6,0.5,observed
2015M05,2015-05-01,2015-05,L,l,M,m,13.1,3.9,observed,43.3,5.9,observed,5.0,0.5,observed,25.8,0.9,observed,26.2,0.9,observed
2015M05,2015-05-01,2015-05,L,l,MP,mp,,,suppressed,6.5,2.9,observed,5.0,0.5,observed,7.1,0.6,observed,6.7,0.6,observed
2015M05,2015-05-01,2015-05,L,l,S,s,,,suppressed,10.1,3.8,observed,5.0,0.5,observed,31.2,1.0,observed,29.3,1.0,observed
2015M05,2015-05-01,2015-05,L,l,SD,SD,1.3,1.3,observed,1.5,1.2,observed,5.0,0.5,observed,13.4,0.8,observed,14.8,0.8,observed
2015M05,2015-05-01,2015-05,L,l,V,v,0.0,0.0,observed,,,suppressed,5.0,0.5,observed,6.0,0.5,observed,6.0,0.5,observed
2015M05,2015-05-01,2015-05,M,m,C,c,1.7,0.7,observed,18.9,2.1,observed,25.8,0.9,observed,5.7,0.5,observed,6.5,0.5,observed
2015M05,2015-05-01,2015-05,M,m,KD,kd,1.5,0.6,observed,8.8,1.6,observed,25.8,0.9,observed,3.8,0.4,observed,3.8,0.4,observed
2015M05,2015-05-01,2015-05,M,m,L,l,0.9,0.5,observed,28.6,2.5,observed,25.8,0.9,observed,5.0,0.5,observed,4.6,0.5,observed
2015M05,2015-05-01,2015-05,M,m,M,m,82.4,2.2,observed,0.0,0.0,observed,25.8,0.9,observed,25.8,0.9,observed,26.2,0.9,observed
2015M05,2015-05-01,2015-05,M,m,MP,mp,,,suppressed,3.9,1.1,observed,25.8,0.9,observed,7.1,0.6,observed,6.7,0.6,observed
2015M05,2015-05-01,2015-05,M,m,S,s,0.3,0.3,observed,8.3,1.8,observed,25.8,0.9,observed,31.2,1.0,observed,29.3,1.0,observed
2015M05,2015-05-01,2015-05,M,m,SD,SD,3.0,0.9,observed,8.1,1.5,observed,25.8,0.9,observed,13.4,0.8,observed,14.8,0.8,observed
2015M05,2015-05-01,2015-05,M,m,V,v,0.0,0.0,observed,,,suppressed,25.8,0.9,observed,6.0,0.5,observed,6.0,0.5,observed
2015M05,2015-05-01,2015-05,MP,mp,C,c,,,suppressed,7.4,3.0,observed,7.1,0.6,observed,5.7,0.5,observed,6.5,0.5,observed
2015M05,2015-05-01,2015-05,MP,mp,KD,kd,0.0,0.0,observed,0.9,0.9,observed,7.1,0.6,observed,3.8,0.4,observed,3.8,0.4,observed
2015M05,2015-05-01,2015-05,MP,mp,L,l,,,suppressed,5.2,2.2,observed,7.1,0.6,observed,5.0,0.5,observed,4.6,0.5,observed
2015M05,2015-05-01,2015-05,MP,mp,M,m,2.7,1.6,observed,5.9,3.0,observed,7.1,0.6,observed,25.8,0.9,observed,26.2,0.9,observed
2015M05,2015-05-01,2015-05,MP,mp,MP,mp,73.8,4.7,observed,0.0,0.0,observed,7.1,0.6,observed,7.1,0.6,observed,6.7,0.6,observed
2015M05,2015-05-01,2015-05,MP,mp,S,s,6.3,2.4,observed,36.2,5.3,observed,7.1,0.6,observed,31.2,1.0,observed,29.3,1.0,observed
2015M05,2015-05-01,2015-05,MP,mp,SD,SD,,,suppressed,,,suppressed,7.1,0.6,observed,13.4,0.8,observed,14.8,0.8,observed
2015M05,2015-05-01,2015-05,MP,mp,V,v,2.4,1.4,observed,16.6,3.9,observed,7.1,0.6,observed,6.0,0.5,observed,6.0,0.5,observed
2015M05,2015-05-01,2015-05,S,s,C,c,0.7,0.5,observed,5.3,1.3,observed,31.2,1.0,observed,5.7,0.5,observed,6.5,0.5,observed
2015M05,2015-05-01,2015-05,S,s,KD,kd,,,suppressed,1.6,0.7,observed,31.2,1.0,observed,3.8,0.4,observed,3.8,0.4,observed
2015M05,2015-05-01,2015-05,S,s,L,l,0.4,0.3,observed,5.5,1.1,observed,31.2,1.0,observed,5.0,0.5,observed,4.6,0.5,observed
2015M05,2015-05-01,2015-05,S,s,M,m,2.4,0.8,observed,12.6,1.9,observed,31.2,1.0,observed,25.8,0.9,observed,26.2,0.9,observed
2015M05,2015-05-01,2015-05,S,s,MP,mp,0.7,0.4,observed,19.0,2.0,observed,31.2,1.0,observed,7.1,0.6,observed,6.7,0.6,observed
2015M05,2015-05-01,2015-05,S,s,S,s,79.8,2.2,observed,0.0,0.0,observed,31.2,1.0,observed,31.2,1.0,observed,29.3,1.0,observed
2015M05,2015-05-01,2015-05,S,s,SD,SD,1.7,0.7,observed,4.0,1.1,observed,31.2,1.0,observed,13.4,0.8,observed,14.8,0.8,observed
2015M05,2015-05-01,2015-05,S,s,V,v,1.7,0.6,observed,19.5,2.0,observed,31.2,1.0,observed,6.0,0.5,observed,6.0,0.5,observed
2015M05,2015-05-01,2015-05,SD,SD,C,c,0.0,0.0,observed,3.9,1.7,observed,13.4,0.8,observed,5.7,0.5,observed,6.5,0.5,observed
2015M05,2015-05-01,2015-05,SD,SD,KD,kd,,,suppressed,7.4,2.3,observed,13.4,0.8,observed,3.8,0.4,observed,3.8,0.4,observed
2015M05,2015-05-01,2015-05,SD,SD,L,l,0.0,0.0,observed,4.5,1.9,observed,13.4,0.8,observed,5.0,0.5,observed,4.6,0.5,observed
2015M05,2015-05-01,2015-05,SD,SD,M,m,1.9,1.3,observed,34.4,4.2,observed,13.4,0.8,observed,25.8,0.9,observed,26.2,0.9,observed
2015M05,2015-05-01,2015-05,SD,SD,MP,mp,0.0,0.0,observed,,,suppressed,13.4,0.8,observed,7.1,0.6,observed,6.7,0.6,observed
2015M05,2015-05-01,2015-05,SD,SD,S,s,,,suppressed,14.5,3.1,observed,13.4,0.8,observed,31.2,1.0,observed,29.3,1.0,observed
2015M05,2015-05-01,2015-05,SD,SD,SD,SD,90.8,2.8,observed,0.0,0.0,observed,13.4,0.8,observed,13.4,0.8,observed,14.8,0.8,observed
2015M05,2015-05-01,2015-05,SD,SD,V,v,,,suppressed,3.7,1.7,observed,13.4,0.8,observed,6.0,0.5,observed,6.0,0.5,observed
2015M05,2015-05-01,2015-05,V,v,C,c,0.0,0.0,observed,0.0,0.0,observed,6.0,0.5,observed,5.7,0.5,observed,6.5,0.5,observed
2015M05,2015-05-01,2015-05,V,v,KD,kd,0.0,0.0,observed,,,suppressed,6.0,0.5,observed,3.8,0.4,observed,3.8,0.4,observed
2015M05,2015-05-01,2015-05,V,v,L,l,,,suppressed,,,suppressed,6.0,0.5,observed,5.0,0.5,observed,4.6,0.5,observed
2015M05,2015-05-01,2015-05,V,v,M,m,,,suppressed,1.1,1.1,observed,6.0,0.5,observed,25.8,0.9,observed,26.2,0.9,observed
2015M05,2015-05-01,2015-05,V,v,MP,mp,1.3,1.2,observed,28.9,5.3,observed,6.0,0.5,observed,7.1,0.6,observed,6.7,0.6,observed
2015M05,2015-05-01,2015-05,V,v,S,s,6.3,2.6,observed,45.8,5.7,observed,6.0,0.5,observed,31.2,1.0,observed,29.3,1.0,observed
2015M05,2015-05-01,2015-05,V,v,SD,SD,,,suppressed,,,suppressed,6.0,0.5,observed,13.4,0.8,observed,14.8,0.8,observed
2015M05,2015-05-01,2015-05,V,v,V,v,82.6,4.5,observed,0.0,0.0,observed,6.0,0.5,observed,6.0,0.5,observed,6.0,0.5,observed
2015M11,2015-11-01,2015-11,C,c,C,c,78.8,4.9,observed,0.0,0.0,observed,6.1,0.5,observed,6.1,0.5,observed,6.5,0.5,observed
2015M11,2015-11-01,2015-11,C,c,KD,kd,1.7,1.7,observed,4.6,2.4,observed,6.1,0.5,observed,3.6,0.5,observed,3.7,0.5,observed
2015M11,2015-11-01,2015-11,C,c,L,l,,,suppressed,19.0,4.7,observed,6.1,0.5,observed,5.9,0.7,observed,5.5,0.6,observed
2015M11,2015-11-01,2015-11,C,c,M,m,3.9,2.3,observed,40.0,5.8,observed,6.1,0.5,observed,23.3,1.1,observed,23.6,1.1,observed
2015M11,2015-11-01,2015-11,C,c,MP,mp,,,suppressed,4.6,2.4,observed,6.1,0.5,observed,6.2,0.6,observed,5.7,0.5,observed
2015M11,2015-11-01,2015-11,C,c,S,s,,,suppressed,7.6,3.0,observed,6.1,0.5,observed,29.4,1.1,observed,27.8,1.1,observed
2015M11,2015-11-01,2015-11,C,c,SD,SD,2.0,1.6,observed,2.3,1.7,observed,6.1,0.5,observed,17.5,1.0,observed,19.6,1.0,observed
2015M11,2015-11-01,2015-11,C,c,V,v,0.0,0.0,observed,,,suppressed,6.1,0.5,observed,6.1,0.6,observed,5.7,0.5,observed
2015M11,2015-11-01,2015-11,KD,kd,C,c,,,suppressed,25.1,7.7,observed,3.6,0.5,observed,6.1,0.5,observed,6.5,0.5,observed
2015M11,2015-11-01,2015-11,KD,kd,KD,kd,77.8,6.9,observed,0.0,0.0,observed,3.6,0.5,observed,3.6,0.5,observed,3.7,0.5,observed
2015M11,2015-11-01,2015-11,KD,kd,L,l,0.0,0.0,observed,10.0,4.9,observed,3.6,0.5,observed,5.9,0.7,observed,5.5,0.6,observed
2015M11,2015-11-01,2015-11,KD,kd,M,m,5.0,3.6,observed,37.7,8.2,observed,3.6,0.5,observed,23.3,1.1,observed,23.6,1.1,observed
2015M11,2015-11-01,2015-11,KD,kd,MP,mp,0.0,0.0,observed,,,suppressed,3.6,0.5,observed,6.2,0.6,observed,5.7,0.5,observed
2015M11,2015-11-01,2015-11,KD,kd,S,s,,,suppressed,4.4,3.2,observed,3.6,0.5,observed,29.4,1.1,observed,27.8,1.1,observed
2015M11,2015-11-01,2015-11,KD,kd,SD,SD,3.3,2.9,observed,6.1,3.9,observed,3.6,0.5,observed,17.5,1.0,observed,19.6,1.0,observed
2015M11,2015-11-01,2015-11,KD,kd,V,v,0.0,0.0,observed,0.0,0.0,observed,3.6,0.5,observed,6.1,0.6,observed,5.7,0.5,observed
2015M11,2015-11-01,2015-11,L,l,C,c,4.4,2.3,observed,26.4,5.8,observed,5.9,0.7,observed,6.1,0.5,observed,6.5,0.5,observed
2015M11,2015-11-01,2015-11,L,l,KD,kd,,,suppressed,5.6,3.3,observed,5.9,0.7,observed,3.6,0.5,observed,3.7,0.5,observed
2015M11,2015-11-01,2015-11,L,l,L,l,71.5,6.0,observed,0.0,0.0,observed,5.9,0.7,observed,5.9,0.7,observed,5.5,0.6,observed
2015M11,2015-11-01,2015-11,L,l,M,m,8.5,3.9,observed,39.2,6.5,observed,5.9,0.7,observed,23.3,1.1,observed,23.6,1.1,observed
2015M11,2015-11-01,2015-11,L,l,MP,mp,,,suppressed,4.3,3.1,observed,5.9,0.7,observed,6.2,0.6,observed,5.7,0.5,observed
2015M11,2015-11-01,2015-11,L,l,S,s,0.0,0.0,observed,8.5,3.8,observed,5.9,0.7,observed,29.4,1.1,observed,27.8,1.1,observed
2015M11,2015-11-01,2015-11,L,l,SD,SD,3.4,2.3,observed,3.9,2.4,observed,5.9,0.7,observed,17.5,1.0,observed,19.6,1.0,observed
2015M11,2015-11-01,2015-11,L,l,V,v,0.0,0.0,observed,,,suppressed,5.9,0.7,observed,6.1,0.6,observed,5.7,0.5,observed
2015M11,2015-11-01,2015-11,M,m,C,c,1.6,0.8,observed,20.3,2.6,observed,23.3,1.1,observed,6.1,0.5,observed,6.5,0.5,observed
2015M11,2015-11-01,2015-11,M,m,KD,kd,1.5,0.9,observed,8.5,1.8,observed,23.3,1.1,observed,3.6,0.5,observed,3.7,0.5,observed
2015M11,2015-11-01,2015-11,M,m,L,l,1.1,0.6,observed,26.6,2.8,observed,23.3,1.1,observed,5.9,0.7,observed,5.5,0.6,observed
2015M11,2015-11-01,2015-11,M,m,M,m,79.2,2.8,observed,0.0,0.0,observed,23.3,1.1,observed,23.3,1.1,observed,23.6,1.1,observed
2015M11,2015-11-01,2015-11,M,m,MP,mp,0.0,0.0,observed,3.7,1.5,observed,23.3,1.1,observed,6.2,0.6,observed,5.7,0.5,observed
2015M11,2015-11-01,2015-11,M,m,S,s,0.3,0.3,observed,7.0,1.7,observed,23.3,1.1,observed,29.4,1.1,observed,27.8,1.1,observed
2015M11,2015-11-01,2015-11,M,m,SD,SD,5.4,1.6,observed,9.9,2.0,observed,23.3,1.1,observed,17.5,1.0,observed,19.6,1.0,observed
2015M11,2015-11-01,2015-11,M,m,V,v,0.0,0.0,observed,1.0,0.8,observed,23.3,1.1,observed,6.1,0.6,observed,5.7,0.5,observed
2015M11,2015-11-01,2015-11,MP,mp,C,c,2.0,1.6,observed,6.2,2.6,observed,6.2,0.6,observed,6.1,0.5,observed,6.5,0.5,observed
2015M11,2015-11-01,2015-11,MP,mp,KD,kd,0.0,0.0,observed,,,suppressed,6.2,0.6,observed,3.6,0.5,observed,3.7,0.5,observed
2015M11,2015-11-01,2015-11,MP,mp,L,l,,,suppressed,3.6,2.0,observed,6.2,0.6,observed,5.9,0.7,observed,5.5,0.6,observed
2015M11,2015-11-01,2015-11,MP,mp,M,m,1.9,1.7,observed,6.0,2.8,observed,6.2,0.6,observed,23.3,1.1,observed,23.6,1.1,observed
2015M11,2015-11-01,2015-11,MP,mp,MP,mp,70.2,5.6,observed,0.0,0.0,observed,6.2,0.6,observed,6.2,0.6,observed,5.7,0.5,observed
2015M11,2015-11-01,2015-11,MP,mp,S,s,6.6,3.4,observed,41.9,5.9,observed,6.2,0.6,observed,29.4,1.1,observed,27.8,1.1,observed
2015M11,2015-11-01,2015-11,MP,mp,SD,SD,,,suppressed,1.7,1.7,observed,6.2,0.6,observed,17.5,1.0,observed,19.6,1.0,observed
2015M11,2015-11-01,2015-11,MP,mp,V,v,2.3,1.8,observed,12.5,4.1,observed,6.2,0.6,observed,6.1,0.6,observed,5.7,0.5,observed
2015M11,2015-11-01,2015-11,S,s,C,c,0.4,0.4,observed,4.9,1.2,observed,29.4,1.1,observed,6.1,0.5,observed,6.5,0.5,observed
2015M11,2015-11-01,2015-11,S,s,KD,kd,,,suppressed,1.3,0.8,observed,29.4,1.1,observed,3.6,0.5,observed,3.7,0.5,observed
2015M11,2015-11-01,2015-11,S,s,L,l,0.7,0.5,observed,7.9,1.5,observed,29.4,1.1,observed,5.9,0.7,observed,5.5,0.6,observed
2015M11,2015-11-01,2015-11,S,s,M,m,2.6,1.1,observed,10.7,1.9,observed,29.4,1.1,observed,23.3,1.1,observed,23.6,1.1,observed
2015M11,2015-11-01,2015-11,S,s,MP,mp,0.7,0.5,observed,20.0,2.3,observed,29.4,1.1,observed,6.2,0.6,observed,5.7,0.5,observed
2015M11,2015-11-01,2015-11,S,s,S,s,77.3,2.6,observed,0.0,0.0,observed,29.4,1.1,observed,29.4,1.1,observed,27.8,1.1,observed
2015M11,2015-11-01,2015-11,S,s,SD,SD,1.9,0.9,observed,4.0,1.2,observed,29.4,1.1,observed,17.5,1.0,observed,19.6,1.0,observed
2015M11,2015-11-01,2015-11,S,s,V,v,1.3,0.6,observed,16.5,2.0,observed,29.4,1.1,observed,6.1,0.6,observed,5.7,0.5,observed
2015M11,2015-11-01,2015-11,SD,SD,C,c,0.0,0.0,observed,2.4,1.2,observed,17.5,1.0,observed,6.1,0.5,observed,6.5,0.5,observed
2015M11,2015-11-01,2015-11,SD,SD,KD,kd,,,suppressed,11.7,2.7,observed,17.5,1.0,observed,3.6,0.5,observed,3.7,0.5,observed
2015M11,2015-11-01,2015-11,SD,SD,L,l,0.0,0.0,observed,4.6,1.8,observed,17.5,1.0,observed,5.9,0.7,observed,5.5,0.6,observed
2015M11,2015-11-01,2015-11,SD,SD,M,m,,,suppressed,34.4,4.0,observed,17.5,1.0,observed,23.3,1.1,observed,23.6,1.1,observed
2015M11,2015-11-01,2015-11,SD,SD,MP,mp,0.0,0.0,observed,,,suppressed,17.5,1.0,observed,6.2,0.6,observed,5.7,0.5,observed
2015M11,2015-11-01,2015-11,SD,SD,S,s,,,suppressed,8.1,2.2,observed,17.5,1.0,observed,29.4,1.1,observed,27.8,1.1,observed
2015M11,2015-11-01,2015-11,SD,SD,SD,SD,93.8,2.4,observed,0.0,0.0,observed,17.5,1.0,observed,17.5,1.0,observed,19.6,1.0,observed
2015M11,2015-11-01,2015-11,SD,SD,V,v,0.0,0.0,observed,0.8,0.7,observed,17.5,1.0,observed,6.1,0.6,observed,5.7,0.5,observed
2015M11,2015-11-01,2015-11,V,v,C,c,,,suppressed,,,suppressed,6.1,0.6,observed,6.1,0.5,observed,6.5,0.5,observed
2015M11,2015-11-01,2015-11,V,v,KD,kd,0.0,0.0,observed,0.0,0.0,observed,6.1,0.6,observed,3.6,0.5,observed,3.7,0.5,observed
2015M11,2015-11-01,2015-11,V,v,L,l,0.0,0.0,observed,,,suppressed,6.1,0.6,observed,5.9,0.7,observed,5.5,0.6,observed
2015M11,2015-11-01,2015-11,V,v,M,m,,,suppressed,,,suppressed,6.1,0.6,observed,23.3,1.1,observed,23.6,1.1,observed
2015M11,2015-11-01,2015-11,V,v,MP,mp,,,suppressed,28.2,6.0,observed,6.1,0.6,observed,6.2,0.6,observed,5.7,0.5,observed
2015M11,2015-11-01,2015-11,V,v,S,s,7.5,3.7,observed,43.6,6.7,observed,6.1,0.6,observed,29.4,1.1,observed,27.8,1.1,observed
2015M11,2015-11-01,2015-11,V,v,SD,SD,,,suppressed,,,suppressed,6.1,0.6,observed,17.5,1.0,observed,19.6,1.0,observed
2015M11,2015-11-01,2015-11,V,v,V,v,80.9,5.6,observed,0.0,0.0,observed,6.1,0.6,observed,6.1,0.6,observed,5.7,0.5,observed
2016M05,2016-05-01,2016-05,C,c,C,c,83.3,5.1,observed,0.0,0.0,observed,6.0,0.6,observed,6.0,0.6,observed,6.6,0.6,observed
2016M05,2016-05-01,2016-05,C,c,KD,kd,0.0,0.0,observed,4.5,2.6,observed,6.0,0.6,observed,3.2,0.5,observed,3.2,0.4,observed
2016M05,2016-05-01,2016-05,C,c,L,l,,,suppressed,14.4,4.3,observed,6.0,0.6,observed,5.9,0.6,observed,5.4,0.5,observed
2016M05,2016-05-01,2016-05,C,c,M,m,2.7,1.9,observed,41.7,6.5,observed,6.0,0.6,observed,24.9,1.1,observed,25.7,1.1,observed
2016M05,2016-05-01,2016-05,C,c,MP,mp,0.0,0.0,observed,5.4,2.9,observed,6.0,0.6,observed,4.7,0.6,observed,4.8,0.6,observed
2016M05,2016-05-01,2016-05,C,c,S,s,,,suppressed,10.3,4.1,observed,6.0,0.6,observed,30.4,1.1,observed,28.1,1.1,observed
2016M05,2016-05-01,2016-05,C,c,SD,SD,,,suppressed,1.6,1.6,observed,6.0,0.6,observed,16.4,1.0,observed,17.5,0.9,observed
2016M05,2016-05-01,2016-05,C,c,V,v,,,suppressed,,,suppressed,6.0,0.6,observed,6.2,0.6,observed,6.6,0.6,observed
2016M05,2016-05-01,2016-05,KD,kd,C,c,,,suppressed,12.8,5.9,observed,3.2,0.5,observed,6.0,0.6,observed,6.6,0.6,observed
2016M05,2016-05-01,2016-05,KD,kd,KD,kd,80.0,7.3,observed,0.0,0.0,observed,3.2,0.5,observed,3.2,0.5,observed,3.2,0.4,observed
2016M05,2016-05-01,2016-05,KD,kd,L,l,0.0,0.0,observed,14.5,6.4,observed,3.2,0.5,observed,5.9,0.6,observed,5.4,0.5,observed
2016M05,2016-05-01,2016-05,KD,kd,M,m,4.9,3.7,observed,37.9,8.8,observed,3.2,0.5,observed,24.9,1.1,observed,25.7,1.1,observed
2016M05,2016-05-01,2016-05,KD,kd,MP,mp,0.0,0.0,observed,5.0,4.0,observed,3.2,0.5,observed,4.7,0.6,observed,4.8,0.6,observed
2016M05,2016-05-01,2016-05,KD,kd,S,s,0.0,0.0,observed,3.4,3.4,observed,3.2,0.5,observed,30.4,1.1,observed,28.1,1.1,observed
2016M05,2016-05-01,2016-05,KD,kd,SD,SD,,,suppressed,7.7,5.0,observed,3.2,0.5,observed,16.4,1.0,observed,17.5,0.9,observed
2016M05,2016-05-01,2016-05,KD,kd,V,v,0.0,0.0,observed,,,suppressed,3.2,0.5,observed,6.2,0.6,observed,6.6,0.6,observed
2016M05,2016-05-01,2016-05,L,l,C,c,2.1,1.8,observed,20.4,5.0,observed,5.9,0.6,observed,6.0,0.6,observed,6.6,0.6,observed
2016M05,2016-05-01,2016-05,L,l,KD,kd,,,suppressed,4.7,2.5,observed,5.9,0.6,observed,3.2,0.5,observed,3.2,0.4,observed
2016M05,2016-05-01,2016-05,L,l,L,l,75.6,5.4,observed,0.0,0.0,observed,5.9,0.6,observed,5.9,0.6,observed,5.4,0.5,observed
2016M05,2016-05-01,2016-05,L,l,M,m,7.6,3.3,observed,40.6,6.1,observed,5.9,0.6,observed,24.9,1.1,observed,25.7,1.1,observed
2016M05,2016-05-01,2016-05,L,l,MP,mp,,,suppressed,4.6,2.5,observed,5.9,0.6,observed,4.7,0.6,observed,4.8,0.6,observed
2016M05,2016-05-01,2016-05,L,l,S,s,,,suppressed,10.3,3.9,observed,5.9,0.6,observed,30.4,1.1,observed,28.1,1.1,observed
2016M05,2016-05-01,2016-05,L,l,SD,SD,2.3,1.8,observed,2.5,2.1,observed,5.9,0.6,observed,16.4,1.0,observed,17.5,0.9,observed
2016M05,2016-05-01,2016-05,L,l,V,v,0.0,0.0,observed,,,suppressed,5.9,0.6,observed,6.2,0.6,observed,6.6,0.6,observed
2016M05,2016-05-01,2016-05,M,m,C,c,1.1,0.6,observed,17.2,2.3,observed,24.9,1.1,observed,6.0,0.6,observed,6.6,0.6,observed
2016M05,2016-05-01,2016-05,M,m,KD,kd,0.8,0.6,observed,7.6,1.6,observed,24.9,1.1,observed,3.2,0.5,observed,3.2,0.4,observed
2016M05,2016-05-01,2016-05,M,m,L,l,0.8,0.5,observed,29.6,2.7,observed,24.9,1.1,observed,5.9,0.6,observed,5.4,0.5,observed
2016M05,2016-05-01,2016-05,M,m,M,m,82.5,2.5,observed,0.0,0.0,observed,24.9,1.1,observed,24.9,1.1,observed,25.7,1.1,observed
2016M05,2016-05-01,2016-05,M,m,MP,mp,,,suppressed,3.7,1.4,observed,24.9,1.1,observed,4.7,0.6,observed,4.8,0.6,observed
2016M05,2016-05-01,2016-05,M,m,S,s,0.9,0.6,observed,8.4,1.8,observed,24.9,1.1,observed,30.4,1.1,observed,28.1,1.1,observed
2016M05,2016-05-01,2016-05,M,m,SD,SD,3.3,1.2,observed,11.3,2.1,observed,24.9,1.1,observed,16.4,1.0,observed,17.5,0.9,observed
2016M05,2016-05-01,2016-05,M,m,V,v,,,suppressed,0.9,0.7,observed,24.9,1.1,observed,6.2,0.6,observed,6.6,0.6,observed
2016M05,2016-05-01,2016-05,MP,mp,C,c,1.5,1.5,observed,9.9,3.9,observed,4.7,0.6,observed,6.0,0.6,observed,6.6,0.6,observed
2016M05,2016-05-01,2016-05,MP,mp,KD,kd,,,suppressed,0.0,0.0,observed,4.7,0.6,observed,3.2,0.5,observed,3.2,0.4,observed
2016M05,2016-05-01,2016-05,MP,mp,L,l,1.6,1.6,observed,7.4,4.2,observed,4.7,0.6,observed,5.9,0.6,observed,5.4,0.5,observed
2016M05,2016-05-01,2016-05,MP,mp,M,m,,,suppressed,2.5,1.9,observed,4.7,0.6,observed,24.9,1.1,observed,25.7,1.1,observed
2016M05,2016-05-01,2016-05,MP,mp,MP,mp,66.6,7.0,observed,0.0,0.0,observed,4.7,0.6,observed,4.7,0.6,observed,4.8,0.6,observed
2016M05,2016-05-01,2016-05,MP,mp,S,s,3.9,2.5,observed,37.5,7.3,observed,4.7,0.6,observed,30.4,1.1,observed,28.1,1.1,observed
2016M05,2016-05-01,2016-05,MP,mp,SD,SD,0.0,0.0,observed,,,suppressed,4.7,0.6,observed,16.4,1.0,observed,17.5,0.9,observed
2016M05,2016-05-01,2016-05,MP,mp,V,v,2.1,1.9,observed,16.1,5.3,observed,4.7,0.6,observed,6.2,0.6,observed,6.6,0.6,observed
2016M05,2016-05-01,2016-05,S,s,C,c,0.6,0.5,observed,5.4,1.3,observed,30.4,1.1,observed,6.0,0.6,observed,6.6,0.6,observed
2016M05,2016-05-01,2016-05,S,s,KD,kd,,,suppressed,1.3,0.7,observed,30.4,1.1,observed,3.2,0.5,observed,3.2,0.4,observed
2016M05,2016-05-01,2016-05,S,s,L,l,0.7,0.4,observed,6.5,1.5,observed,30.4,1.1,observed,5.9,0.6,observed,5.4,0.5,observed
2016M05,2016-05-01,2016-05,S,s,M,m,2.5,1.0,observed,11.7,2.0,observed,30.4,1.1,observed,24.9,1.1,observed,25.7,1.1,observed
2016M05,2016-05-01,2016-05,S,s,MP,mp,0.7,0.5,observed,15.5,2.2,observed,30.4,1.1,observed,4.7,0.6,observed,4.8,0.6,observed
2016M05,2016-05-01,2016-05,S,s,S,s,77.1,2.6,observed,0.0,0.0,observed,30.4,1.1,observed,30.4,1.1,observed,28.1,1.1,observed
2016M05,2016-05-01,2016-05,S,s,SD,SD,1.3,0.7,observed,2.7,1.1,observed,30.4,1.1,observed,16.4,1.0,observed,17.5,0.9,observed
2016M05,2016-05-01,2016-05,S,s,V,v,1.7,0.7,observed,23.2,2.3,observed,30.4,1.1,observed,6.2,0.6,observed,6.6,0.6,observed
2016M05,2016-05-01,2016-05,SD,SD,C,c,0.0,0.0,observed,1.7,1.2,observed,16.4,1.0,observed,6.0,0.6,observed,6.6,0.6,observed
2016M05,2016-05-01,2016-05,SD,SD,KD,kd,0.0,0.0,observed,7.8,2.5,observed,16.4,1.0,observed,3.2,0.5,observed,3.2,0.4,observed
2016M05,2016-05-01,2016-05,SD,SD,L,l,,,suppressed,3.5,1.6,observed,16.4,1.0,observed,5.9,0.6,observed,5.4,0.5,observed
2016M05,2016-05-01,2016-05,SD,SD,M,m,2.1,1.3,observed,40.2,4.4,observed,16.4,1.0,observed,24.9,1.1,observed,25.7,1.1,observed
2016M05,2016-05-01,2016-05,SD,SD,MP,mp,,,suppressed,0.8,0.8,observed,16.4,1.0,observed,4.7,0.6,observed,4.8,0.6,observed
2016M05,2016-05-01,2016-05,SD,SD,S,s,,,suppressed,13.6,3.1,observed,16.4,1.0,observed,30.4,1.1,observed,28.1,1.1,observed
2016M05,2016-05-01,2016-05,SD,SD,SD,SD,92.1,2.5,observed,0.0,0.0,observed,16.4,1.0,observed,16.4,1.0,observed,17.5,0.9,observed
2016M05,2016-05-01,2016-05,SD,SD,V,v,0.0,0.0,observed,0.8,0.8,observed,16.4,1.0,observed,6.2,0.6,observed,6.6,0.6,observed
2016M05,2016-05-01,2016-05,V,v,C,c,,,suppressed,,,suppressed,6.2,0.6,observed,6.0,0.6,observed,6.6,0.6,observed
2016M05,2016-05-01,2016-05,V,v,KD,kd,0.0,0.0,observed,0.0,0.0,observed,6.2,0.6,observed,3.2,0.5,observed,3.2,0.4,observed
2016M05,2016-05-01,2016-05,V,v,L,l,0.0,0.0,observed,,,suppressed,6.2,0.6,observed,5.9,0.6,observed,5.4,0.5,observed
2016M05,2016-05-01,2016-05,V,v,M,m,,,suppressed,3.2,2.2,observed,6.2,0.6,observed,24.9,1.1,observed,25.7,1.1,observed
2016M05,2016-05-01,2016-05,V,v,MP,mp,0.0,0.0,observed,17.3,4.7,observed,6.2,0.6,observed,4.7,0.6,observed,4.8,0.6,observed
2016M05,2016-05-01,2016-05,V,v,S,s,2.5,1.8,observed,42.9,6.2,observed,6.2,0.6,observed,30.4,1.1,observed,28.1,1.1,observed
2016M05,2016-05-01,2016-05,V,v,SD,SD,,,suppressed,,,suppressed,6.2,0.6,observed,16.4,1.0,observed,17.5,0.9,observed
2016M05,2016-05-01,2016-05,V,v,V,v,83.8,4.7,observed,0.0,0.0,observed,6.2,0.6,observed,6.2,0.6,observed,6.6,0.6,observed
2016M11,2016-11-01,2016-11,C,c,C,c,79.6,4.8,observed,0.0,0.0,observed,7.3,0.6,observed,7.3,0.6,observed,7.3,0.6,observed
2016M11,2016-11-01,2016-11,C,c,KD,kd,,,suppressed,4.9,2.3,observed,7.3,0.6,observed,3.5,0.5,observed,3.2,0.4,observed
2016M11,2016-11-01,2016-11,C,c,L,l,0.0,0.0,observed,22.4,4.9,observed,7.3,0.6,observed,4.9,0.6,observed,4.9,0.6,observed
2016M11,2016-11-01,2016-11,C,c,M,m,2.5,1.6,observed,37.0,5.4,observed,7.3,0.6,observed,23.8,1.0,observed,23.6,1.0,observed
2016M11,2016-11-01,2016-11,C,c,MP,mp,,,suppressed,4.7,2.3,observed,7.3,0.6,observed,4.6,0.6,observed,5.0,0.6,observed
2016M11,2016-11-01,2016-11,C,c,S,s,,,suppressed,8.1,3.1,observed,7.3,0.6,observed,30.7,1.1,observed,28.4,1.0,observed
2016M11,2016-11-01,2016-11,C,c,SD,SD,1.9,1.5,observed,3.1,1.9,observed,7.3,0.6,observed,15.8,0.9,observed,17.6,0.9,observed
2016M11,2016-11-01,2016-11,C,c,V,v,,,suppressed,,,suppressed,7.3,0.6,observed,6.8,0.6,observed,7.0,0.6,observed
2016M11,2016-11-01,2016-11,KD,kd,C,c,,,suppressed,15.1,6.1,observed,3.5,0.5,observed,7.3,0.6,observed,7.3,0.6,observed
2016M11,2016-11-01,2016-11,KD,kd,KD,kd,66.7,8.5,observed,0.0,0.0,observed,3.5,0.5,observed,3.5,0.5,observed,3.2,0.4,observed
2016M11,2016-11-01,2016-11,KD,kd,L,l,,,suppressed,10.6,5.2,observed,3.5,0.5,observed,4.9,0.6,observed,4.9,0.6,observed
2016M11,2016-11-01,2016-11,KD,kd,M,m,4.1,3.3,observed,37.4,8.3,observed,3.5,0.5,observed,23.8,1.0,observed,23.6,1.0,observed
2016M11,2016-11-01,2016-11,KD,kd,MP,mp,0.0,0.0,observed,5.0,3.6,observed,3.5,0.5,observed,4.6,0.6,observed,5.0,0.6,observed
2016M11,2016-11-01,2016-11,KD,kd,S,s,,,suppressed,6.6,5.3,observed,3.5,0.5,observed,30.7,1.1,observed,28.4,1.0,observed
2016M11,2016-11-01,2016-11,KD,kd,SD,SD,7.7,5.7,observed,11.2,6.3,observed,3.5,0.5,observed,15.8,0.9,observed,17.6,0.9,observed
2016M11,2016-11-01,2016-11,KD,kd,V,v,0.0,0.0,observed,,,suppressed,3.5,0.5,observed,6.8,0.6,observed,7.0,0.6,observed
2016M11,2016-11-01,2016-11,L,l,C,c,2.0,1.7,observed,22.9,5.5,observed,4.9,0.6,observed,7.3,0.6,observed,7.3,0.6,observed
2016M11,2016-11-01,2016-11,L,l,KD,kd,,,suppressed,3.6,2.4,observed,4.9,0.6,observed,3.5,0.5,observed,3.2,0.4,observed
2016M11,2016-11-01,2016-11,L,l,L,l,68.3,6.8,observed,0.0,0.0,observed,4.9,0.6,observed,4.9,0.6,observed,4.9,0.6,observed
2016M11,2016-11-01,2016-11,L,l,M,m,4.3,2.7,observed,37.2,6.7,observed,4.9,0.6,observed,23.8,1.0,observed,23.6,1.0,observed
2016M11,2016-11-01,2016-11,L,l,MP,mp,,,suppressed,3.8,2.5,observed,4.9,0.6,observed,4.6,0.6,observed,5.0,0.6,observed
2016M11,2016-11-01,2016-11,L,l,S,s,3.3,2.9,observed,9.3,4.6,observed,4.9,0.6,observed,30.7,1.1,observed,28.4,1.0,observed
2016M11,2016-11-01,2016-11,L,l,SD,SD,2.1,1.8,observed,4.1,2.7,observed,4.9,0.6,observed,15.8,0.9,observed,17.6,0.9,observed
2016M11,2016-11-01,2016-11,L,l,V,v,0.0,0.0,observed,,,suppressed,4.9,0.6,observed,6.8,0.6,observed,7.0,0.6,observed
2016M11,2016-11-01,2016-11,M,m,C,c,1.0,0.6,observed,17.4,2.3,observed,23.8,1.0,observed,7.3,0.6,observed,7.3,0.6,observed
2016M11,2016-11-01,2016-11,M,m,KD,kd,0.4,0.4,observed,6.1,1.4,observed,23.8,1.0,observed,3.5,0.5,observed,3.2,0.4,observed
2016M11,2016-11-01,2016-11,M,m,L,l,1.4,0.8,observed,28.1,2.8,observed,23.8,1.0,observed,4.9,0.6,observed,4.9,0.6,observed
2016M11,2016-11-01,2016-11,M,m,M,m,82.1,2.5,observed,0.0,0.0,observed,23.8,1.0,observed,23.8,1.0,observed,23.6,1.0,observed
2016M11,2016-11-01,2016-11,M,m,MP,mp,,,suppressed,3.1,1.2,observed,23.8,1.0,observed,4.6,0.6,observed,5.0,0.6,observed
2016M11,2016-11-01,2016-11,M,m,S,s,,,suppressed,8.0,1.8,observed,23.8,1.0,observed,30.7,1.1,observed,28.4,1.0,observed
2016M11,2016-11-01,2016-11,M,m,SD,SD,4.8,1.4,observed,13.4,2.2,observed,23.8,1.0,observed,15.8,0.9,observed,17.6,0.9,observed
2016M11,2016-11-01,2016-11,M,m,V,v,0.0,0.0,observed,0.4,0.4,observed,23.8,1.0,observed,6.8,0.6,observed,7.0,0.6,observed
2016M11,2016-11-01,2016-11,MP,mp,C,c,,,suppressed,8.3,3.5,observed,4.6,0.6,observed,7.3,0.6,observed,7.3,0.6,observed
2016M11,2016-11-01,2016-11,MP,mp,KD,kd,0.0,0.0,observed,,,suppressed,4.6,0.6,observed,3.5,0.5,observed,3.2,0.4,observed
2016M11,2016-11-01,2016-11,MP,mp,L,l,0.0,0.0,observed,4.5,2.7,observed,4.6,0.6,observed,4.9,0.6,observed,4.9,0.6,observed
2016M11,2016-11-01,2016-11,MP,mp,M,m,,,suppressed,4.5,3.6,observed,4.6,0.6,observed,23.8,1.0,observed,23.6,1.0,observed
2016M11,2016-11-01,2016-11,MP,mp,MP,mp,63.8,7.1,observed,0.0,0.0,observed,4.6,0.6,observed,4.6,0.6,observed,5.0,0.6,observed
2016M11,2016-11-01,2016-11,MP,mp,S,s,2.9,2.1,observed,31.7,6.6,observed,4.6,0.6,observed,30.7,1.1,observed,28.4,1.0,observed
2016M11,2016-11-01,2016-11,MP,mp,SD,SD,,,suppressed,,,suppressed,4.6,0.6,observed,15.8,0.9,observed,17.6,0.9,observed
2016M11,2016-11-01,2016-11,MP,mp,V,v,2.5,2.1,observed,16.9,5.3,observed,4.6,0.6,observed,6.8,0.6,observed,7.0,0.6,observed
2016M11,2016-11-01,2016-11,S,s,C,c,,,suppressed,5.4,1.2,observed,30.7,1.1,observed,7.3,0.6,observed,7.3,0.6,observed
2016M11,2016-11-01,2016-11,S,s,KD,kd,0.1,0.1,observed,0.9,0.5,observed,30.7,1.1,observed,3.5,0.5,observed,3.2,0.4,observed
2016M11,2016-11-01,2016-11,S,s,L,l,0.6,0.4,observed,8.3,1.5,observed,30.7,1.1,observed,4.9,0.6,observed,4.9,0.6,observed
2016M11,2016-11-01,2016-11,S,s,M,m,1.9,0.8,observed,12.7,2.0,observed,30.7,1.1,observed,23.8,1.0,observed,23.6,1.0,observed
2016M11,2016-11-01,2016-11,S,s,MP,mp,0.9,0.6,observed,15.9,2.1,observed,30.7,1.1,observed,4.6,0.6,observed,5.0,0.6,observed
2016M11,2016-11-01,2016-11,S,s,S,s,76.5,2.5,observed,0.0,0.0,observed,30.7,1.1,observed,30.7,1.1,observed,28.4,1.0,observed
2016M11,2016-11-01,2016-11,S,s,SD,SD,1.4,0.7,observed,4.6,1.3,observed,30.7,1.1,observed,15.8,0.9,observed,17.6,0.9,observed
2016M11,2016-11-01,2016-11,S,s,V,v,2.1,0.8,observed,19.7,2.2,observed,30.7,1.1,observed,6.8,0.6,observed,7.0,0.6,observed
2016M11,2016-11-01,2016-11,SD,SD,C,c,0.0,0.0,observed,3.3,1.5,observed,15.8,0.9,observed,7.3,0.6,observed,7.3,0.6,observed
2016M11,2016-11-01,2016-11,SD,SD,KD,kd,,,suppressed,9.6,2.6,observed,15.8,0.9,observed,3.5,0.5,observed,3.2,0.4,observed
2016M11,2016-11-01,2016-11,SD,SD,L,l,0.0,0.0,observed,3.6,1.5,observed,15.8,0.9,observed,4.9,0.6,observed,4.9,0.6,observed
2016M11,2016-11-01,2016-11,SD,SD,M,m,1.2,0.9,observed,38.2,4.2,observed,15.8,0.9,observed,23.8,1.0,observed,23.6,1.0,observed
2016M11,2016-11-01,2016-11,SD,SD,MP,mp,0.0,0.0,observed,,,suppressed,15.8,0.9,observed,4.6,0.6,observed,5.0,0.6,observed
2016M11,2016-11-01,2016-11,SD,SD,S,s,,,suppressed,10.7,2.6,observed,15.8,0.9,observed,30.7,1.1,observed,28.4,1.0,observed
2016M11,2016-11-01,2016-11,SD,SD,SD,SD,90.5,2.9,observed,0.0,0.0,observed,15.8,0.9,observed,15.8,0.9,observed,17.6,0.9,observed
2016M11,2016-11-01,2016-11,SD,SD,V,v,0.0,0.0,observed,1.5,1.1,observed,15.8,0.9,observed,6.8,0.6,observed,7.0,0.6,observed
2016M11,2016-11-01,2016-11,V,v,C,c,0.0,0.0,observed,,,suppressed,6.8,0.6,observed,7.3,0.6,observed,7.3,0.6,observed
2016M11,2016-11-01,2016-11,V,v,KD,kd,0.0,0.0,observed,,,suppressed,6.8,0.6,observed,3.5,0.5,observed,3.2,0.4,observed
2016M11,2016-11-01,2016-11,V,v,L,l,0.0,0.0,observed,,,suppressed,6.8,0.6,observed,4.9,0.6,observed,4.9,0.6,observed
2016M11,2016-11-01,2016-11,V,v,M,m,,,suppressed,1.5,1.3,observed,6.8,0.6,observed,23.8,1.0,observed,23.6,1.0,observed
2016M11,2016-11-01,2016-11,V,v,MP,mp,,,suppressed,22.3,4.9,observed,6.8,0.6,observed,4.6,0.6,observed,5.0,0.6,observed
2016M11,2016-11-01,2016-11,V,v,S,s,2.0,1.5,observed,39.7,5.6,observed,6.8,0.6,observed,30.7,1.1,observed,28.4,1.0,observed
2016M11,2016-11-01,2016-11,V,v,SD,SD,,,suppressed,,,suppressed,6.8,0.6,observed,15.8,0.9,observed,17.6,0.9,observed
2016M11,2016-11-01,2016-11,V,v,V,v,83.9,4.4,observed,0.0,0.0,observed,6.8,0.6,observed,6.8,0.6,observed,7.0,0.6,observed
2017M05,2017-05-01,2017-05,C,c,C,c,88.4,3.3,observed,0.0,0.0,observed,10.1,0.8,observed,10.1,0.8,observed,11.7,0.8,observed
2017M05,2017-05-01,2017-05,C,c,KD,kd,,,suppressed,6.3,2.2,observed,10.1,0.8,observed,3.4,0.5,observed,3.3,0.5,observed
2017M05,2017-05-01,2017-05,C,c,L,l,0.0,0.0,observed,19.5,3.6,observed,10.1,0.8,observed,5.6,0.7,observed,5.0,0.6,observed
2017M05,2017-05-01,2017-05,C,c,M,m,1.3,1.0,observed,27.7,4.1,observed,10.1,0.8,observed,19.3,1.0,observed,18.5,1.0,observed
2017M05,2017-05-01,2017-05,C,c,MP,mp,0.0,0.0,observed,5.8,2.1,observed,10.1,0.8,observed,4.5,0.6,observed,4.5,0.6,observed
2017M05,2017-05-01,2017-05,C,c,S,s,,,suppressed,14.6,3.4,observed,10.1,0.8,observed,31.5,1.2,observed,30.2,1.1,observed
2017M05,2017-05-01,2017-05,C,c,SD,SD,,,suppressed,2.9,1.7,observed,10.1,0.8,observed,16.3,1.0,observed,17.9,1.0,observed
2017M05,2017-05-01,2017-05,C,c,V,v,,,suppressed,1.8,1.2,observed,10.1,0.8,observed,6.7,0.6,observed,6.4,0.6,observed
2017M05,2017-05-01,2017-05,KD,kd,C,c,3.0,2.9,observed,22.9,7.6,observed,3.4,0.5,observed,10.1,0.8,observed,11.7,0.8,observed
2017M05,2017-05-01,2017-05,KD,kd,KD,kd,69.5,8.7,observed,0.0,0.0,observed,3.4,0.5,observed,3.4,0.5,observed,3.3,0.5,observed
2017M05,2017-05-01,2017-05,KD,kd,L,l,,,suppressed,8.0,5.0,observed,3.4,0.5,observed,5.6,0.7,observed,5.0,0.6,observed
2017M05,2017-05-01,2017-05,KD,kd,M,m,,,suppressed,33.4,8.3,observed,3.4,0.5,observed,19.3,1.0,observed,18.5,1.0,observed
2017M05,2017-05-01,2017-05,KD,kd,MP,mp,,,suppressed,,,suppressed,3.4,0.5,observed,4.5,0.6,observed,4.5,0.6,observed
2017M05,2017-05-01,2017-05,KD,kd,S,s,,,suppressed,7.2,5.0,observed,3.4,0.5,observed,31.5,1.2,observed,30.2,1.1,observed
2017M05,2017-05-01,2017-05,KD,kd,SD,SD,4.3,3.4,observed,6.8,4.2,observed,3.4,0.5,observed,16.3,1.0,observed,17.9,1.0,observed
2017M05,2017-05-01,2017-05,KD,kd,V,v,0.0,0.0,observed,0.0,0.0,observed,3.4,0.5,observed,6.7,0.6,observed,6.4,0.6,observed
2017M05,2017-05-01,2017-05,L,l,C,c,5.5,2.8,observed,28.9,5.9,observed,5.6,0.7,observed,10.1,0.8,observed,11.7,0.8,observed
2017M05,2017-05-01,2017-05,L,l,KD,kd,,,suppressed,4.2,2.9,observed,5.6,0.7,observed,3.4,0.5,observed,3.3,0.5,observed
2017M05,2017-05-01,2017-05,L,l,L,l,63.6,6.7,observed,0.0,0.0,observed,5.6,0.7,observed,5.6,0.7,observed,5.0,0.6,observed
2017M05,2017-05-01,2017-05,L,l,M,m,4.5,2.6,observed,31.9,6.3,observed,5.6,0.7,observed,19.3,1.0,observed,18.5,1.0,observed
2017M05,2017-05-01,2017-05,L,l,MP,mp,,,suppressed,2.8,2.1,observed,5.6,0.7,observed,4.5,0.6,observed,4.5,0.6,observed
2017M05,2017-05-01,2017-05,L,l,S,s,3.3,2.6,observed,13.8,5.1,observed,5.6,0.7,observed,31.5,1.2,observed,30.2,1.1,observed
2017M05,2017-05-01,2017-05,L,l,SD,SD,1.6,1.6,observed,4.7,2.7,observed,5.6,0.7,observed,16.3,1.0,observed,17.9,1.0,observed
2017M05,2017-05-01,2017-05,L,l,V,v,0.0,0.0,observed,,,suppressed,5.6,0.7,observed,6.7,0.6,observed,6.4,0.6,observed
2017M05,2017-05-01,2017-05,M,m,C,c,4.4,1.3,observed,26.4,3.0,observed,19.3,1.0,observed,10.1,0.8,observed,11.7,0.8,observed
2017M05,2017-05-01,2017-05,M,m,KD,kd,0.5,0.5,observed,5.6,1.5,observed,19.3,1.0,observed,3.4,0.5,observed,3.3,0.5,observed
2017M05,2017-05-01,2017-05,M,m,L,l,1.7,0.8,observed,22.6,2.8,observed,19.3,1.0,observed,5.6,0.7,observed,5.0,0.6,observed
2017M05,2017-05-01,2017-05,M,m,M,m,73.6,3.1,observed,0.0,0.0,observed,19.3,1.0,observed,19.3,1.0,observed,18.5,1.0,observed
2017M05,2017-05-01,2017-05,M,m,MP,mp,,,suppressed,2.8,1.2,observed,19.3,1.0,observed,4.5,0.6,observed,4.5,0.6,observed
2017M05,2017-05-01,2017-05,M,m,S,s,1.2,0.8,observed,8.4,2.0,observed,19.3,1.0,observed,31.5,1.2,observed,30.2,1.1,observed
2017M05,2017-05-01,2017-05,M,m,SD,SD,5.5,1.6,observed,15.1,2.6,observed,19.3,1.0,observed,16.3,1.0,observed,17.9,1.0,observed
2017M05,2017-05-01,2017-05,M,m,V,v,0.0,0.0,observed,,,suppressed,19.3,1.0,observed,6.7,0.6,observed,6.4,0.6,observed
2017M05,2017-05-01,2017-05,MP,mp,C,c,,,suppressed,10.5,4.2,observed,4.5,0.6,observed,10.1,0.8,observed,11.7,0.8,observed
2017M05,2017-05-01,2017-05,MP,mp,KD,kd,,,suppressed,,,suppressed,4.5,0.6,observed,3.4,0.5,observed,3.3,0.5,observed
2017M05,2017-05-01,2017-05,MP,mp,L,l,,,suppressed,3.0,2.1,observed,4.5,0.6,observed,5.6,0.7,observed,5.0,0.6,observed
2017M05,2017-05-01,2017-05,MP,mp,M,m,,,suppressed,4.3,3.0,observed,4.5,0.6,observed,19.3,1.0,observed,18.5,1.0,observed
2017M05,2017-05-01,2017-05,MP,mp,MP,mp,64.8,7.1,observed,0.0,0.0,observed,4.5,0.6,observed,4.5,0.6,observed,4.5,0.6,observed
2017M05,2017-05-01,2017-05,MP,mp,S,s,5.0,3.1,observed,35.5,7.0,observed,4.5,0.6,observed,31.5,1.2,observed,30.2,1.1,observed
2017M05,2017-05-01,2017-05,MP,mp,SD,SD,,,suppressed,,,suppressed,4.5,0.6,observed,16.3,1.0,observed,17.9,1.0,observed
2017M05,2017-05-01,2017-05,MP,mp,V,v,3.4,2.6,observed,15.4,5.8,observed,4.5,0.6,observed,6.7,0.6,observed,6.4,0.6,observed
2017M05,2017-05-01,2017-05,S,s,C,c,1.0,0.5,observed,12.3,1.8,observed,31.5,1.2,observed,10.1,0.8,observed,11.7,0.8,observed
2017M05,2017-05-01,2017-05,S,s,KD,kd,0.0,0.0,observed,0.6,0.4,observed,31.5,1.2,observed,3.4,0.5,observed,3.3,0.5,observed
2017M05,2017-05-01,2017-05,S,s,L,l,,,suppressed,6.9,1.4,observed,31.5,1.2,observed,5.6,0.7,observed,5.0,0.6,observed
2017M05,2017-05-01,2017-05,S,s,M,m,0.4,0.3,observed,10.1,1.9,observed,31.5,1.2,observed,19.3,1.0,observed,18.5,1.0,observed
2017M05,2017-05-01,2017-05,S,s,MP,mp,0.7,0.5,observed,15.0,2.1,observed,31.5,1.2,observed,4.5,0.6,observed,4.5,0.6,observed
2017M05,2017-05-01,2017-05,S,s,S,s,83.2,2.3,observed,0.0,0.0,observed,31.5,1.2,observed,31.5,1.2,observed,30.2,1.1,observed
2017M05,2017-05-01,2017-05,S,s,SD,SD,2.4,1.0,observed,5.5,1.4,observed,31.5,1.2,observed,16.3,1.0,observed,17.9,1.0,observed
2017M05,2017-05-01,2017-05,S,s,V,v,0.9,0.5,observed,19.7,2.2,observed,31.5,1.2,observed,6.7,0.6,observed,6.4,0.6,observed
2017M05,2017-05-01,2017-05,SD,SD,C,c,,,suppressed,4.5,1.7,observed,16.3,1.0,observed,10.1,0.8,observed,11.7,0.8,observed
2017M05,2017-05-01,2017-05,SD,SD,KD,kd,0.0,0.0,observed,7.3,2.3,observed,16.3,1.0,observed,3.4,0.5,observed,3.3,0.5,observed
2017M05,2017-05-01,2017-05,SD,SD,L,l,,,suppressed,3.2,1.6,observed,16.3,1.0,observed,5.6,0.7,observed,5.0,0.6,observed
2017M05,2017-05-01,2017-05,SD,SD,M,m,0.9,0.8,observed,38.5,4.3,observed,16.3,1.0,observed,19.3,1.0,observed,18.5,1.0,observed
2017M05,2017-05-01,2017-05,SD,SD,MP,mp,0.0,0.0,observed,1.4,1.0,observed,16.3,1.0,observed,4.5,0.6,observed,4.5,0.6,observed
2017M05,2017-05-01,2017-05,SD,SD,S,s,0.7,0.7,observed,11.8,2.7,observed,16.3,1.0,observed,31.5,1.2,observed,30.2,1.1,observed
2017M05,2017-05-01,2017-05,SD,SD,SD,SD,93.4,2.3,observed,0.0,0.0,observed,16.3,1.0,observed,16.3,1.0,observed,17.9,1.0,observed
2017M05,2017-05-01,2017-05,SD,SD,V,v,0.0,0.0,observed,1.8,1.2,observed,16.3,1.0,observed,6.7,0.6,observed,6.4,0.6,observed
2017M05,2017-05-01,2017-05,V,v,C,c,,,suppressed,2.9,1.9,observed,6.7,0.6,observed,10.1,0.8,observed,11.7,0.8,observed
2017M05,2017-05-01,2017-05,V,v,KD,kd,0.0,0.0,observed,0.0,0.0,observed,6.7,0.6,observed,3.4,0.5,observed,3.3,0.5,observed
2017M05,2017-05-01,2017-05,V,v,L,l,0.0,0.0,observed,,,suppressed,6.7,0.6,observed,5.6,0.7,observed,5.0,0.6,observed
2017M05,2017-05-01,2017-05,V,v,M,m,,,suppressed,,,suppressed,6.7,0.6,observed,19.3,1.0,observed,18.5,1.0,observed
2017M05,2017-05-01,2017-05,V,v,MP,mp,,,suppressed,19.9,5.0,observed,6.7,0.6,observed,4.5,0.6,observed,4.5,0.6,observed
2017M05,2017-05-01,2017-05,V,v,S,s,3.0,2.0,observed,43.7,5.8,observed,6.7,0.6,observed,31.5,1.2,observed,30.2,1.1,observed
2017M05,2017-05-01,2017-05,V,v,SD,SD,,,suppressed,,,suppressed,6.7,0.6,observed,16.3,1.0,observed,17.9,1.0,observed
2017M05,2017-05-01,2017-05,V,v,V,v,84.1,4.6,observed,0.0,0.0,observed,6.7,0.6,observed,6.7,0.6,observed,6.4,0.6,observed
2017M11,2017-11-01,2017-11,C,c,C,c,87.1,3.6,observed,0.0,0.0,observed,8.6,0.7,observed,8.6,0.7,observed,9.5,0.7,observed
2017M11,2017-11-01,2017-11,C,c,KD,kd,,,suppressed,5.4,2.3,observed,8.6,0.7,observed,3.0,0.5,observed,3.3,0.4,observed
2017M11,2017-11-01,2017-11,C,c,L,l,0.0,0.0,observed,19.5,4.0,observed,8.6,0.7,observed,4.9,0.6,observed,4.5,0.5,observed
2017M11,2017-11-01,2017-11,C,c,M,m,2.0,1.4,observed,36.3,4.9,observed,8.6,0.7,observed,22.1,1.1,observed,22.0,1.0,observed
2017M11,2017-11-01,2017-11,C,c,MP,mp,,,suppressed,4.1,1.9,observed,8.6,0.7,observed,4.0,0.6,observed,4.1,0.6,observed
2017M11,2017-11-01,2017-11,C,c,S,s,2.7,1.9,observed,13.2,3.6,observed,8.6,0.7,observed,33.1,1.2,observed,31.8,1.1,observed
2017M11,2017-11-01,2017-11,C,c,SD,SD,,,suppressed,2.3,1.8,observed,8.6,0.7,observed,14.3,1.0,observed,15.2,0.9,observed
2017M11,2017-11-01,2017-11,C,c,V,v,0.0,0.0,observed,1.0,1.0,observed,8.6,0.7,observed,7.0,0.6,observed,6.8,0.6,observed
2017M11,2017-11-01,2017-11,KD,kd,C,c,,,suppressed,24.6,8.5,observed,3.0,0.5,observed,8.6,0.7,observed,9.5,0.7,observed
2017M11,2017-11-01,2017-11,KD,kd,KD,kd,78.8,8.1,observed,0.0,0.0,observed,3.0,0.5,observed,3.0,0.5,observed,3.3,0.4,observed
2017M11,2017-11-01,2017-11,KD,kd,L,l,,,suppressed,7.2,5.2,observed,3.0,0.5,observed,4.9,0.6,observed,4.5,0.5,observed
2017M11,2017-11-01,2017-11,KD,kd,M,m,,,suppressed,33.7,9.0,observed,3.0,0.5,observed,22.1,1.1,observed,22.0,1.0,observed
2017M11,2017-11-01,2017-11,KD,kd,MP,mp,0.0,0.0,observed,,,suppressed,3.0,0.5,observed,4.0,0.6,observed,4.1,0.6,observed
2017M11,2017-11-01,2017-11,KD,kd,S,s,0.0,0.0,observed,6.8,5.4,observed,3.0,0.5,observed,33.1,1.2,observed,31.8,1.1,observed
2017M11,2017-11-01,2017-11,KD,kd,SD,SD,,,suppressed,6.5,4.8,observed,3.0,0.5,observed,14.3,1.0,observed,15.2,0.9,observed
2017M11,2017-11-01,2017-11,KD,kd,V,v,0.0,0.0,observed,,,suppressed,3.0,0.5,observed,7.0,0.6,observed,6.8,0.6,observed
2017M11,2017-11-01,2017-11,L,l,C,c,4.9,2.8,observed,32.1,6.5,observed,4.9,0.6,observed,8.6,0.7,observed,9.5,0.7,observed
2017M11,2017-11-01,2017-11,L,l,KD,kd,,,suppressed,4.2,2.9,observed,4.9,0.6,observed,3.0,0.5,observed,3.3,0.4,observed
2017M11,2017-11-01,2017-11,L,l,L,l,71.1,6.3,observed,0.0,0.0,observed,4.9,0.6,observed,4.9,0.6,observed,4.5,0.5,observed
2017M11,2017-11-01,2017-11,L,l,M,m,6.7,3.7,observed,29.4,6.2,observed,4.9,0.6,observed,22.1,1.1,observed,22.0,1.0,observed
2017M11,2017-11-01,2017-11,L,l,MP,mp,,,suppressed,4.0,2.6,observed,4.9,0.6,observed,4.0,0.6,observed,4.1,0.6,observed
2017M11,2017-11-01,2017-11,L,l,S,s,,,suppressed,11.5,4.7,observed,4.9,0.6,observed,33.1,1.2,observed,31.8,1.1,observed
2017M11,2017-11-01,2017-11,L,l,SD,SD,1.7,1.7,observed,4.0,3.2,observed,4.9,0.6,observed,14.3,1.0,observed,15.2,0.9,observed
2017M11,2017-11-01,2017-11,L,l,V,v,0.0,0.0,observed,,,suppressed,4.9,0.6,observed,7.0,0.6,observed,6.8,0.6,observed
2017M11,2017-11-01,2017-11,M,m,C,c,1.2,0.7,observed,27.1,2.9,observed,22.1,1.1,observed,8.6,0.7,observed,9.5,0.7,observed
2017M11,2017-11-01,2017-11,M,m,KD,kd,1.3,0.7,observed,8.2,1.8,observed,22.1,1.1,observed,3.0,0.5,observed,3.3,0.4,observed
2017M11,2017-11-01,2017-11,M,m,L,l,0.8,0.6,observed,18.6,2.5,observed,22.1,1.1,observed,4.9,0.6,observed,4.5,0.5,observed
2017M11,2017-11-01,2017-11,M,m,M,m,82.6,2.7,observed,0.0,0.0,observed,22.1,1.1,observed,22.1,1.1,observed,22.0,1.0,observed
2017M11,2017-11-01,2017-11,M,m,MP,mp,0.0,0.0,observed,2.4,1.0,observed,22.1,1.1,observed,4.0,0.6,observed,4.1,0.6,observed
2017M11,2017-11-01,2017-11,M,m,S,s,0.7,0.7,observed,8.4,2.0,observed,22.1,1.1,observed,33.1,1.2,observed,31.8,1.1,observed
2017M11,2017-11-01,2017-11,M,m,SD,SD,2.7,1.2,observed,14.2,2.4,observed,22.1,1.1,observed,14.3,1.0,observed,15.2,0.9,observed
2017M11,2017-11-01,2017-11,M,m,V,v,0.0,0.0,observed,,,suppressed,22.1,1.1,observed,7.0,0.6,observed,6.8,0.6,observed
2017M11,2017-11-01,2017-11,MP,mp,C,c,4.0,2.8,observed,11.2,4.6,observed,4.0,0.6,observed,8.6,0.7,observed,9.5,0.7,observed
2017M11,2017-11-01,2017-11,MP,mp,KD,kd,,,suppressed,,,suppressed,4.0,0.6,observed,3.0,0.5,observed,3.3,0.4,observed
2017M11,2017-11-01,2017-11,MP,mp,L,l,,,suppressed,4.4,3.0,observed,4.0,0.6,observed,4.9,0.6,observed,4.5,0.5,observed
2017M11,2017-11-01,2017-11,MP,mp,M,m,,,suppressed,7.9,4.2,observed,4.0,0.6,observed,22.1,1.1,observed,22.0,1.0,observed
2017M11,2017-11-01,2017-11,MP,mp,MP,mp,65.2,7.6,observed,0.0,0.0,observed,4.0,0.6,observed,4.0,0.6,observed,4.1,0.6,observed
2017M11,2017-11-01,2017-11,MP,mp,S,s,7.3,4.4,observed,35.2,7.5,observed,4.0,0.6,observed,33.1,1.2,observed,31.8,1.1,observed
2017M11,2017-11-01,2017-11,MP,mp,SD,SD,,,suppressed,,,suppressed,4.0,0.6,observed,14.3,1.0,observed,15.2,0.9,observed
2017M11,2017-11-01,2017-11,MP,mp,V,v,2.5,2.5,observed,15.4,5.8,observed,4.0,0.6,observed,7.0,0.6,observed,6.8,0.6,observed
2017M11,2017-11-01,2017-11,S,s,C,c,1.0,0.6,observed,12.8,1.8,observed,33.1,1.2,observed,8.6,0.7,observed,9.5,0.7,observed
2017M11,2017-11-01,2017-11,S,s,KD,kd,,,suppressed,0.8,0.6,observed,33.1,1.2,observed,3.0,0.5,observed,3.3,0.4,observed
2017M11,2017-11-01,2017-11,S,s,L,l,0.5,0.4,observed,6.1,1.3,observed,33.1,1.2,observed,4.9,0.6,observed,4.5,0.5,observed
2017M11,2017-11-01,2017-11,S,s,M,m,0.9,0.6,observed,10.1,1.7,observed,33.1,1.2,observed,22.1,1.1,observed,22.0,1.0,observed
2017M11,2017-11-01,2017-11,S,s,MP,mp,0.7,0.5,observed,15.6,2.1,observed,33.1,1.2,observed,4.0,0.6,observed,4.1,0.6,observed
2017M11,2017-11-01,2017-11,S,s,S,s,81.8,2.3,observed,0.0,0.0,observed,33.1,1.2,observed,33.1,1.2,observed,31.8,1.1,observed
2017M11,2017-11-01,2017-11,S,s,SD,SD,1.4,0.7,observed,3.5,1.1,observed,33.1,1.2,observed,14.3,1.0,observed,15.2,0.9,observed
2017M11,2017-11-01,2017-11,S,s,V,v,1.2,0.6,observed,19.7,2.2,observed,33.1,1.2,observed,7.0,0.6,observed,6.8,0.6,observed
2017M11,2017-11-01,2017-11,SD,SD,C,c,0.0,0.0,observed,2.2,1.4,observed,14.3,1.0,observed,8.6,0.7,observed,9.5,0.7,observed
2017M11,2017-11-01,2017-11,SD,SD,KD,kd,0.0,0.0,observed,5.6,2.3,observed,14.3,1.0,observed,3.0,0.5,observed,3.3,0.4,observed
2017M11,2017-11-01,2017-11,SD,SD,L,l,,,suppressed,1.9,1.2,observed,14.3,1.0,observed,4.9,0.6,observed,4.5,0.5,observed
2017M11,2017-11-01,2017-11,SD,SD,M,m,1.9,1.2,observed,45.5,4.7,observed,14.3,1.0,observed,22.1,1.1,observed,22.0,1.0,observed
2017M11,2017-11-01,2017-11,SD,SD,MP,mp,0.0,0.0,observed,,,suppressed,14.3,1.0,observed,4.0,0.6,observed,4.1,0.6,observed
2017M11,2017-11-01,2017-11,SD,SD,S,s,,,suppressed,10.3,2.9,observed,14.3,1.0,observed,33.1,1.2,observed,31.8,1.1,observed
2017M11,2017-11-01,2017-11,SD,SD,SD,SD,91.9,2.7,observed,0.0,0.0,observed,14.3,1.0,observed,14.3,1.0,observed,15.2,0.9,observed
2017M11,2017-11-01,2017-11,SD,SD,V,v,0.0,0.0,observed,1.0,0.9,observed,14.3,1.0,observed,7.0,0.6,observed,6.8,0.6,observed
2017M11,2017-11-01,2017-11,V,v,C,c,,,suppressed,1.6,1.4,observed,7.0,0.6,observed,8.6,0.7,observed,9.5,0.7,observed
2017M11,2017-11-01,2017-11,V,v,KD,kd,0.0,0.0,observed,,,suppressed,7.0,0.6,observed,3.0,0.5,observed,3.3,0.4,observed
2017M11,2017-11-01,2017-11,V,v,L,l,0.0,0.0,observed,0.0,0.0,observed,7.0,0.6,observed,4.9,0.6,observed,4.5,0.5,observed
2017M11,2017-11-01,2017-11,V,v,M,m,0.0,0.0,observed,,,suppressed,7.0,0.6,observed,22.1,1.1,observed,22.0,1.0,observed
2017M11,2017-11-01,2017-11,V,v,MP,mp,,,suppressed,19.7,4.7,observed,7.0,0.6,observed,4.0,0.6,observed,4.1,0.6,observed
2017M11,2017-11-01,2017-11,V,v,S,s,3.2,2.1,observed,48.2,5.9,observed,7.0,0.6,observed,33.1,1.2,observed,31.8,1.1,observed
2017M11,2017-11-01,2017-11,V,v,SD,SD,,,suppressed,,,suppressed,7.0,0.6,observed,14.3,1.0,observed,15.2,0.9,observed
2017M11,2017-11-01,2017-11,V,v,V,v,86.7,4.2,observed,0.0,0.0,observed,7.0,0.6,observed,7.0,0.6,observed,6.8,0.6,observed
2018M05,2018-05-01,2018-05,C,c,C,c,79.8,4.6,observed,0.0,0.0,observed,8.7,0.8,observed,8.7,0.8,observed,8.8,0.7,observed
2018M05,2018-05-01,2018-05,C,c,KD,kd,,,suppressed,8.0,2.8,observed,8.7,0.8,observed,3.0,0.5,observed,3.0,0.4,observed
2018M05,2018-05-01,2018-05,C,c,L,l,1.0,0.9,observed,16.4,3.8,observed,8.7,0.8,observed,4.6,0.6,observed,4.9,0.6,observed
2018M05,2018-05-01,2018-05,C,c,M,m,2.7,1.7,observed,29.0,5.0,observed,8.7,0.8,observed,22.3,1.1,observed,22.2,1.1,observed
2018M05,2018-05-01,2018-05,C,c,MP,mp,0.0,0.0,observed,4.8,2.1,observed,8.7,0.8,observed,4.6,0.6,observed,4.2,0.5,observed
2018M05,2018-05-01,2018-05,C,c,S,s,,,suppressed,17.0,4.2,observed,8.7,0.8,observed,29.1,1.2,observed,27.9,1.1,observed
2018M05,2018-05-01,2018-05,C,c,SD,SD,2.3,2.2,observed,2.4,1.7,observed,8.7,0.8,observed,17.3,1.0,observed,18.8,1.0,observed
2018M05,2018-05-01,2018-05,C,c,V,v,,,suppressed,2.0,1.5,observed,8.7,0.8,observed,7.5,0.7,observed,7.4,0.7,observed
2018M05,2018-05-01,2018-05,KD,kd,C,c,,,suppressed,23.6,8.2,observed,3.0,0.5,observed,8.7,0.8,observed,8.8,0.7,observed
2018M05,2018-05-01,2018-05,KD,kd,KD,kd,75.9,8.0,observed,0.0,0.0,observed,3.0,0.5,observed,3.0,0.5,observed,3.0,0.4,observed
2018M05,2018-05-01,2018-05,KD,kd,L,l,,,suppressed,10.6,5.5,observed,3.0,0.5,observed,4.6,0.6,observed,4.9,0.6,observed
2018M05,2018-05-01,2018-05,KD,kd,M,m,4.3,3.4,observed,37.5,9.0,observed,3.0,0.5,observed,22.3,1.1,observed,22.2,1.1,observed
2018M05,2018-05-01,2018-05,KD,kd,MP,mp,,,suppressed,,,suppressed,3.0,0.5,observed,4.6,0.6,observed,4.2,0.5,observed
2018M05,2018-05-01,2018-05,KD,kd,S,s,,,suppressed,4.3,3.8,observed,3.0,0.5,observed,29.1,1.2,observed,27.9,1.1,observed
2018M05,2018-05-01,2018-05,KD,kd,SD,SD,,,suppressed,5.1,3.8,observed,3.0,0.5,observed,17.3,1.0,observed,18.8,1.0,observed
2018M05,2018-05-01,2018-05,KD,kd,V,v,0.0,0.0,observed,,,suppressed,3.0,0.5,observed,7.5,0.7,observed,7.4,0.7,observed
2018M05,2018-05-01,2018-05,L,l,C,c,3.0,2.3,observed,24.8,6.0,observed,4.6,0.6,observed,8.7,0.8,observed,8.8,0.7,observed
2018M05,2018-05-01,2018-05,L,l,KD,kd,,,suppressed,3.5,2.5,observed,4.6,0.6,observed,3.0,0.5,observed,3.0,0.4,observed
2018M05,2018-05-01,2018-05,L,l,L,l,76.5,6.2,observed,0.0,0.0,observed,4.6,0.6,observed,4.6,0.6,observed,4.9,0.6,observed
2018M05,2018-05-01,2018-05,L,l,M,m,3.8,2.5,observed,40.4,7.2,observed,4.6,0.6,observed,22.3,1.1,observed,22.2,1.1,observed
2018M05,2018-05-01,2018-05,L,l,MP,mp,0.0,0.0,observed,,,suppressed,4.6,0.6,observed,4.6,0.6,observed,4.2,0.5,observed
2018M05,2018-05-01,2018-05,L,l,S,s,,,suppressed,9.3,4.5,observed,4.6,0.6,observed,29.1,1.2,observed,27.9,1.1,observed
2018M05,2018-05-01,2018-05,L,l,SD,SD,,,suppressed,6.0,4.0,observed,4.6,0.6,observed,17.3,1.0,observed,18.8,1.0,observed
2018M05,2018-05-01,2018-05,L,l,V,v,,,suppressed,,,suppressed,4.6,0.6,observed,7.5,0.7,observed,7.4,0.7,observed
2018M05,2018-05-01,2018-05,M,m,C,c,1.6,0.8,observed,19.4,2.5,observed,22.3,1.1,observed,8.7,0.8,observed,8.8,0.7,observed
2018M05,2018-05-01,2018-05,M,m,KD,kd,0.5,0.4,observed,7.9,1.8,observed,22.3,1.1,observed,3.0,0.5,observed,3.0,0.4,observed
2018M05,2018-05-01,2018-05,M,m,L,l,,,suppressed,24.1,2.8,observed,22.3,1.1,observed,4.6,0.6,observed,4.9,0.6,observed
2018M05,2018-05-01,2018-05,M,m,M,m,79.9,2.8,observed,0.0,0.0,observed,22.3,1.1,observed,22.3,1.1,observed,22.2,1.1,observed
2018M05,2018-05-01,2018-05,M,m,MP,mp,,,suppressed,2.9,1.3,observed,22.3,1.1,observed,4.6,0.6,observed,4.2,0.5,observed
2018M05,2018-05-01,2018-05,M,m,S,s,,,suppressed,10.8,2.4,observed,22.3,1.1,observed,29.1,1.2,observed,27.9,1.1,observed
2018M05,2018-05-01,2018-05,M,m,SD,SD,4.2,1.3,observed,15.2,2.5,observed,22.3,1.1,observed,17.3,1.0,observed,18.8,1.0,observed
2018M05,2018-05-01,2018-05,M,m,V,v,0.0,0.0,observed,1.2,0.8,observed,22.3,1.1,observed,7.5,0.7,observed,7.4,0.7,observed
2018M05,2018-05-01,2018-05,MP,mp,C,c,3.0,2.5,observed,9.8,4.3,observed,4.6,0.6,observed,8.7,0.8,observed,8.8,0.7,observed
2018M05,2018-05-01,2018-05,MP,mp,KD,kd,,,suppressed,,,suppressed,4.6,0.6,observed,3.0,0.5,observed,3.0,0.4,observed
2018M05,2018-05-01,2018-05,MP,mp,L,l,,,suppressed,4.5,2.8,observed,4.6,0.6,observed,4.6,0.6,observed,4.9,0.6,observed
2018M05,2018-05-01,2018-05,MP,mp,M,m,4.4,3.6,observed,8.5,4.1,observed,4.6,0.6,observed,22.3,1.1,observed,22.2,1.1,observed
2018M05,2018-05-01,2018-05,MP,mp,MP,mp,67.7,7.3,observed,0.0,0.0,observed,4.6,0.6,observed,4.6,0.6,observed,4.2,0.5,observed
2018M05,2018-05-01,2018-05,MP,mp,S,s,3.8,3.0,observed,28.9,6.9,observed,4.6,0.6,observed,29.1,1.2,observed,27.9,1.1,observed
2018M05,2018-05-01,2018-05,MP,mp,SD,SD,,,suppressed,,,suppressed,4.6,0.6,observed,17.3,1.0,observed,18.8,1.0,observed
2018M05,2018-05-01,2018-05,MP,mp,V,v,,,suppressed,22.7,6.1,observed,4.6,0.6,observed,7.5,0.7,observed,7.4,0.7,observed
2018M05,2018-05-01,2018-05,S,s,C,c,0.4,0.3,observed,14.4,2.1,observed,29.1,1.2,observed,8.7,0.8,observed,8.8,0.7,observed
2018M05,2018-05-01,2018-05,S,s,KD,kd,,,suppressed,1.0,0.8,observed,29.1,1.2,observed,3.0,0.5,observed,3.0,0.4,observed
2018M05,2018-05-01,2018-05,S,s,L,l,0.6,0.5,observed,5.6,1.3,observed,29.1,1.2,observed,4.6,0.6,observed,4.9,0.6,observed
2018M05,2018-05-01,2018-05,S,s,M,m,1.5,0.8,observed,11.7,2.1,observed,29.1,1.2,observed,22.3,1.1,observed,22.2,1.1,observed
2018M05,2018-05-01,2018-05,S,s,MP,mp,,,suppressed,12.5,2.1,observed,29.1,1.2,observed,4.6,0.6,observed,4.2,0.5,observed
2018M05,2018-05-01,2018-05,S,s,S,s,81.3,2.5,observed,0.0,0.0,observed,29.1,1.2,observed,29.1,1.2,observed,27.9,1.1,observed
2018M05,2018-05-01,2018-05,S,s,SD,SD,1.6,0.8,observed,4.8,1.4,observed,29.1,1.2,observed,17.3,1.0,observed,18.8,1.0,observed
2018M05,2018-05-01,2018-05,S,s,V,v,1.4,0.7,observed,22.7,2.5,observed,29.1,1.2,observed,7.5,0.7,observed,7.4,0.7,observed
2018M05,2018-05-01,2018-05,SD,SD,C,c,0.0,0.0,observed,2.8,1.5,observed,17.3,1.0,observed,8.7,0.8,observed,8.8,0.7,observed
2018M05,2018-05-01,2018-05,SD,SD,KD,kd,,,suppressed,7.4,2.3,observed,17.3,1.0,observed,3.0,0.5,observed,3.0,0.4,observed
2018M05,2018-05-01,2018-05,SD,SD,L,l,0.0,0.0,observed,3.1,1.6,observed,17.3,1.0,observed,4.6,0.6,observed,4.9,0.6,observed
2018M05,2018-05-01,2018-05,SD,SD,M,m,0.9,0.8,observed,43.7,4.3,observed,17.3,1.0,observed,22.3,1.1,observed,22.2,1.1,observed
2018M05,2018-05-01,2018-05,SD,SD,MP,mp,0.0,0.0,observed,,,suppressed,17.3,1.0,observed,4.6,0.6,observed,4.2,0.5,observed
2018M05,2018-05-01,2018-05,SD,SD,S,s,,,suppressed,12.0,2.9,observed,17.3,1.0,observed,29.1,1.2,observed,27.9,1.1,observed
2018M05,2018-05-01,2018-05,SD,SD,SD,SD,93.8,2.2,observed,0.0,0.0,observed,17.3,1.0,observed,17.3,1.0,observed,18.8,1.0,observed
2018M05,2018-05-01,2018-05,SD,SD,V,v,,,suppressed,1.0,0.8,observed,17.3,1.0,observed,7.5,0.7,observed,7.4,0.7,observed
2018M05,2018-05-01,2018-05,V,v,C,c,,,suppressed,3.5,2.2,observed,7.5,0.7,observed,8.7,0.8,observed,8.8,0.7,observed
2018M05,2018-05-01,2018-05,V,v,KD,kd,0.0,0.0,observed,0.0,0.0,observed,7.5,0.7,observed,3.0,0.5,observed,3.0,0.4,observed
2018M05,2018-05-01,2018-05,V,v,L,l,0.0,0.0,observed,,,suppressed,7.5,0.7,observed,4.6,0.6,observed,4.9,0.6,observed
2018M05,2018-05-01,2018-05,V,v,M,m,0.0,0.0,observed,1.1,1.1,observed,7.5,0.7,observed,22.3,1.1,observed,22.2,1.1,observed
2018M05,2018-05-01,2018-05,V,v,MP,mp,,,suppressed,16.4,4.2,observed,7.5,0.7,observed,4.6,0.6,observed,4.2,0.5,observed
2018M05,2018-05-01,2018-05,V,v,S,s,3.4,2.0,observed,35.8,5.5,observed,7.5,0.7,observed,29.1,1.2,observed,27.9,1.1,observed
2018M05,2018-05-01,2018-05,V,v,SD,SD,1.6,1.5,observed,2.3,1.7,observed,7.5,0.7,observed,17.3,1.0,observed,18.8,1.0,observed
2018M05,2018-05-01,2018-05,V,v,V,v,84.5,4.4,observed,0.0,0.0,observed,7.5,0.7,observed,7.5,0.7,observed,7.4,0.7,observed
2018M11,2018-11-01,2018-11,C,c,C,c,82.1,3.7,observed,0.0,0.0,observed,8.5,0.5,observed,8.5,0.5,observed,8.6,0.5,observed
2018M11,2018-11-01,2018-11,C,c,KD,kd,,,suppressed,6.6,2.4,observed,8.5,0.5,observed,5.1,0.4,observed,5.4,0.4,observed
2018M11,2018-11-01,2018-11,C,c,L,l,1.1,1.0,observed,26.9,4.4,observed,8.5,0.5,observed,4.7,0.4,observed,4.3,0.5,observed
2018M11,2018-11-01,2018-11,C,c,M,m,3.3,1.7,observed,26.7,4.5,observed,8.5,0.5,observed,20.6,0.9,observed,19.6,0.9,observed
2018M11,2018-11-01,2018-11,C,c,MP,mp,,,suppressed,7.2,2.7,observed,8.5,0.5,observed,4.6,0.5,observed,4.0,0.4,observed
2018M11,2018-11-01,2018-11,C,c,S,s,3.7,1.8,observed,17.5,4.0,observed,8.5,0.5,observed,30.0,1.0,observed,30.3,0.9,observed
2018M11,2018-11-01,2018-11,C,c,SD,SD,,,suppressed,,,suppressed,8.5,0.5,observed,16.0,0.7,observed,18.6,0.8,observed
2018M11,2018-11-01,2018-11,C,c,V,v,,,suppressed,,,suppressed,8.5,0.5,observed,8.6,0.7,observed,7.8,0.6,observed
2018M11,2018-11-01,2018-11,KD,kd,C,c,2.5,1.9,observed,14.5,4.5,observed,5.1,0.4,observed,8.5,0.5,observed,8.6,0.5,observed
2018M11,2018-11-01,2018-11,KD,kd,KD,kd,79.4,5.6,observed,0.0,0.0,observed,5.1,0.4,observed,5.1,0.4,observed,5.4,0.4,observed
2018M11,2018-11-01,2018-11,KD,kd,L,l,0.0,0.0,observed,7.8,3.5,observed,5.1,0.4,observed,4.7,0.4,observed,4.3,0.5,observed
2018M11,2018-11-01,2018-11,KD,kd,M,m,4.8,3.0,observed,46.0,6.5,observed,5.1,0.4,observed,20.6,0.9,observed,19.6,0.9,observed
2018M11,2018-11-01,2018-11,KD,kd,MP,mp,0.0,0.0,observed,,,suppressed,5.1,0.4,observed,4.6,0.5,observed,4.0,0.4,observed
2018M11,2018-11-01,2018-11,KD,kd,S,s,,,suppressed,4.6,2.6,observed,5.1,0.4,observed,30.0,1.0,observed,30.3,0.9,observed
2018M11,2018-11-01,2018-11,KD,kd,SD,SD,6.1,3.8,observed,9.8,4.4,observed,5.1,0.4,observed,16.0,0.7,observed,18.6,0.8,observed
2018M11,2018-11-01,2018-11,KD,kd,V,v,0.0,0.0,observed,,,suppressed,5.1,0.4,observed,8.6,0.7,observed,7.8,0.6,observed
2018M11,2018-11-01,2018-11,L,l,C,c,3.7,2.4,observed,36.6,6.1,observed,4.7,0.4,observed,8.5,0.5,observed,8.6,0.5,observed
2018M11,2018-11-01,2018-11,L,l,KD,kd,1.8,1.6,observed,3.4,2.2,observed,4.7,0.4,observed,5.1,0.4,observed,5.4,0.4,observed
2018M11,2018-11-01,2018-11,L,l,L,l,73.0,5.9,observed,0.0,0.0,observed,4.7,0.4,observed,4.7,0.4,observed,4.3,0.5,observed
2018M11,2018-11-01,2018-11,L,l,M,m,9.1,3.7,observed,28.7,5.8,observed,4.7,0.4,observed,20.6,0.9,observed,19.6,0.9,observed
2018M11,2018-11-01,2018-11,L,l,MP,mp,,,suppressed,2.5,2.1,observed,4.7,0.4,observed,4.6,0.5,observed,4.0,0.4,observed
2018M11,2018-11-01,2018-11,L,l,S,s,3.1,2.2,observed,12.6,4.6,observed,4.7,0.4,observed,30.0,1.0,observed,30.3,0.9,observed
2018M11,2018-11-01,2018-11,L,l,SD,SD,,,suppressed,2.9,2.2,observed,4.7,0.4,observed,16.0,0.7,observed,18.6,0.8,observed
2018M11,2018-11-01,2018-11,L,l,V,v,0.0,0.0,observed,,,suppressed,4.7,0.4,observed,8.6,0.7,observed,7.8,0.6,observed
2018M11,2018-11-01,2018-11,M,m,C,c,1.3,0.7,observed,16.2,2.5,observed,20.6,0.9,observed,8.5,0.5,observed,8.6,0.5,observed
2018M11,2018-11-01,2018-11,M,m,KD,kd,2.8,1.0,observed,24.0,2.9,observed,20.6,0.9,observed,5.1,0.4,observed,5.4,0.4,observed
2018M11,2018-11-01,2018-11,M,m,L,l,,,suppressed,18.8,2.7,observed,20.6,0.9,observed,4.7,0.4,observed,4.3,0.5,observed
2018M11,2018-11-01,2018-11,M,m,M,m,79.0,2.9,observed,0.0,0.0,observed,20.6,0.9,observed,20.6,0.9,observed,19.6,0.9,observed
2018M11,2018-11-01,2018-11,M,m,MP,mp,0.0,0.0,observed,0.9,0.6,observed,20.6,0.9,observed,4.6,0.5,observed,4.0,0.4,observed
2018M11,2018-11-01,2018-11,M,m,S,s,1.0,0.9,observed,9.5,2.4,observed,20.6,0.9,observed,30.0,1.0,observed,30.3,0.9,observed
2018M11,2018-11-01,2018-11,M,m,SD,SD,7.5,1.8,observed,15.4,2.6,observed,20.6,0.9,observed,16.0,0.7,observed,18.6,0.8,observed
2018M11,2018-11-01,2018-11,M,m,V,v,,,suppressed,,,suppressed,20.6,0.9,observed,8.6,0.7,observed,7.8,0.6,observed
2018M11,2018-11-01,2018-11,MP,mp,C,c,3.6,2.7,observed,16.5,5.7,observed,4.6,0.5,observed,8.5,0.5,observed,8.6,0.5,observed
2018M11,2018-11-01,2018-11,MP,mp,KD,kd,0.0,0.0,observed,,,suppressed,4.6,0.5,observed,5.1,0.4,observed,5.4,0.4,observed
2018M11,2018-11-01,2018-11,MP,mp,L,l,,,suppressed,2.9,2.2,observed,4.6,0.5,observed,4.7,0.4,observed,4.3,0.5,observed
2018M11,2018-11-01,2018-11,MP,mp,M,m,,,suppressed,5.5,3.2,observed,4.6,0.5,observed,20.6,0.9,observed,19.6,0.9,observed
2018M11,2018-11-01,2018-11,MP,mp,MP,mp,70.6,6.7,observed,0.0,0.0,observed,4.6,0.5,observed,4.6,0.5,observed,4.0,0.4,observed
2018M11,2018-11-01,2018-11,MP,mp,S,s,9.5,4.0,observed,39.9,7.1,observed,4.6,0.5,observed,30.0,1.0,observed,30.3,0.9,observed
2018M11,2018-11-01,2018-11,MP,mp,SD,SD,,,suppressed,,,suppressed,4.6,0.5,observed,16.0,0.7,observed,18.6,0.8,observed
2018M11,2018-11-01,2018-11,MP,mp,V,v,1.8,1.8,observed,15.7,5.3,observed,4.6,0.5,observed,8.6,0.7,observed,7.8,0.6,observed
2018M11,2018-11-01,2018-11,S,s,C,c,1.0,0.5,observed,16.3,2.1,observed,30.0,1.0,observed,8.5,0.5,observed,8.6,0.5,observed
2018M11,2018-11-01,2018-11,S,s,KD,kd,,,suppressed,1.5,0.7,observed,30.0,1.0,observed,5.1,0.4,observed,5.4,0.4,observed
2018M11,2018-11-01,2018-11,S,s,L,l,0.6,0.6,observed,7.0,1.4,observed,30.0,1.0,observed,4.7,0.4,observed,4.3,0.5,observed
2018M11,2018-11-01,2018-11,S,s,M,m,0.5,0.4,observed,8.1,1.8,observed,30.0,1.0,observed,20.6,0.9,observed,19.6,0.9,observed
2018M11,2018-11-01,2018-11,S,s,MP,mp,0.8,0.5,observed,13.3,1.9,observed,30.0,1.0,observed,4.6,0.5,observed,4.0,0.4,observed
2018M11,2018-11-01,2018-11,S,s,S,s,86.2,2.2,observed,0.0,0.0,observed,30.0,1.0,observed,30.0,1.0,observed,30.3,0.9,observed
2018M11,2018-11-01,2018-11,S,s,SD,SD,1.7,0.8,observed,3.9,1.3,observed,30.0,1.0,observed,16.0,0.7,observed,18.6,0.8,observed
2018M11,2018-11-01,2018-11,S,s,V,v,1.6,0.7,observed,23.5,2.4,observed,30.0,1.0,observed,8.6,0.7,observed,7.8,0.6,observed
2018M11,2018-11-01,2018-11,SD,SD,C,c,0.0,0.0,observed,1.7,1.0,observed,16.0,0.7,observed,8.5,0.5,observed,8.6,0.5,observed
2018M11,2018-11-01,2018-11,SD,SD,KD,kd,0.7,0.6,observed,20.7,3.5,observed,16.0,0.7,observed,5.1,0.4,observed,5.4,0.4,observed
2018M11,2018-11-01,2018-11,SD,SD,L,l,0.0,0.0,observed,1.4,1.0,observed,16.0,0.7,observed,4.7,0.4,observed,4.3,0.5,observed
2018M11,2018-11-01,2018-11,SD,SD,M,m,1.4,1.0,observed,40.9,4.3,observed,16.0,0.7,observed,20.6,0.9,observed,19.6,0.9,observed
2018M11,2018-11-01,2018-11,SD,SD,MP,mp,0.0,0.0,observed,,,suppressed,16.0,0.7,observed,4.6,0.5,observed,4.0,0.4,observed
2018M11,2018-11-01,2018-11,SD,SD,S,s,,,suppressed,11.4,3.0,observed,16.0,0.7,observed,30.0,1.0,observed,30.3,0.9,observed
2018M11,2018-11-01,2018-11,SD,SD,SD,SD,96.2,1.6,observed,0.0,0.0,observed,16.0,0.7,observed,16.0,0.7,observed,18.6,0.8,observed
2018M11,2018-11-01,2018-11,SD,SD,V,v,,,suppressed,1.4,1.0,observed,16.0,0.7,observed,8.6,0.7,observed,7.8,0.6,observed
2018M11,2018-11-01,2018-11,V,v,C,c,,,suppressed,2.4,1.6,observed,8.6,0.7,observed,8.5,0.5,observed,8.6,0.5,observed
2018M11,2018-11-01,2018-11,V,v,KD,kd,0.0,0.0,observed,0.0,0.0,observed,8.6,0.7,observed,5.1,0.4,observed,5.4,0.4,observed
2018M11,2018-11-01,2018-11,V,v,L,l,0.0,0.0,observed,,,suppressed,8.6,0.7,observed,4.7,0.4,observed,4.3,0.5,observed
2018M11,2018-11-01,2018-11,V,v,M,m,,,suppressed,,,suppressed,8.6,0.7,observed,20.6,0.9,observed,19.6,0.9,observed
2018M11,2018-11-01,2018-11,V,v,MP,mp,2.1,1.5,observed,20.0,4.0,observed,8.6,0.7,observed,4.6,0.5,observed,4.0,0.4,observed
2018M11,2018-11-01,2018-11,V,v,S,s,11.3,3.3,observed,49.2,5.7,observed,8.6,0.7,observed,30.0,1.0,observed,30.3,0.9,observed
2018M11,2018-11-01,2018-11,V,v,SD,SD,,,suppressed,,,suppressed,8.6,0.7,observed,16.0,0.7,observed,18.6,0.8,observed
2018M11,2018-11-01,2018-11,V,v,V,v,79.4,4.6,observed,0.0,0.0,observed,8.6,0.7,observed,8.6,0.7,observed,7.8,0.6,observed
2019M05,2019-05-01,2019-05,C,c,C,c,81.4,4.7,observed,0.0,0.0,observed,7.3,0.6,observed,7.3,0.6,observed,7.3,0.6,observed
2019M05,2019-05-01,2019-05,C,c,KD,kd,1.9,1.6,observed,7.5,2.9,observed,7.3,0.6,observed,10.5,0.8,observed,12.6,0.9,observed
2019M05,2019-05-01,2019-05,C,c,L,l,,,suppressed,29.5,5.3,observed,7.3,0.6,observed,4.3,0.5,observed,3.2,0.4,observed
2019M05,2019-05-01,2019-05,C,c,M,m,,,suppressed,21.4,4.6,observed,7.3,0.6,observed,17.6,1.0,observed,16.9,1.1,observed
2019M05,2019-05-01,2019-05,C,c,MP,mp,1.6,1.3,observed,10.8,3.5,observed,7.3,0.6,observed,5.4,0.7,observed,5.7,0.7,observed
2019M05,2019-05-01,2019-05,C,c,S,s,3.0,2.0,observed,14.9,4.0,observed,7.3,0.6,observed,28.5,1.1,observed,27.2,1.1,observed
2019M05,2019-05-01,2019-05,C,c,SD,SD,,,suppressed,1.5,1.5,observed,7.3,0.6,observed,16.0,1.0,observed,17.4,1.0,observed
2019M05,2019-05-01,2019-05,C,c,V,v,,,suppressed,1.9,1.9,observed,7.3,0.6,observed,8.4,0.7,observed,8.2,0.6,observed
2019M05,2019-05-01,2019-05,KD,kd,C,c,,,suppressed,7.8,2.5,observed,10.5,0.8,observed,7.3,0.6,observed,7.3,0.6,observed
2019M05,2019-05-01,2019-05,KD,kd,KD,kd,87.5,4.0,observed,0.0,0.0,observed,10.5,0.8,observed,10.5,0.8,observed,12.6,0.9,observed
2019M05,2019-05-01,2019-05,KD,kd,L,l,0.0,0.0,observed,4.2,1.8,observed,10.5,0.8,observed,4.3,0.5,observed,3.2,0.4,observed
2019M05,2019-05-01,2019-05,KD,kd,M,m,,,suppressed,48.4,5.0,observed,10.5,0.8,observed,17.6,1.0,observed,16.9,1.1,observed
2019M05,2019-05-01,2019-05,KD,kd,MP,mp,,,suppressed,0.9,0.7,observed,10.5,0.8,observed,5.4,0.7,observed,5.7,0.7,observed
2019M05,2019-05-01,2019-05,KD,kd,S,s,,,suppressed,4.5,1.9,observed,10.5,0.8,observed,28.5,1.1,observed,27.2,1.1,observed
2019M05,2019-05-01,2019-05,KD,kd,SD,SD,2.8,1.7,observed,19.3,4.0,observed,10.5,0.8,observed,16.0,1.0,observed,17.4,1.0,observed
2019M05,2019-05-01,2019-05,KD,kd,V,v,0.0,0.0,observed,,,suppressed,10.5,0.8,observed,8.4,0.7,observed,8.2,0.6,observed
2019M05,2019-05-01,2019-05,L,l,C,c,3.1,2.2,observed,33.6,6.5,observed,4.3,0.5,observed,7.3,0.6,observed,7.3,0.6,observed
2019M05,2019-05-01,2019-05,L,l,KD,kd,5.7,3.1,observed,7.5,3.6,observed,4.3,0.5,observed,10.5,0.8,observed,12.6,0.9,observed
2019M05,2019-05-01,2019-05,L,l,L,l,67.3,7.0,observed,0.0,0.0,observed,4.3,0.5,observed,4.3,0.5,observed,3.2,0.4,observed
2019M05,2019-05-01,2019-05,L,l,M,m,5.8,3.3,observed,29.1,6.9,observed,4.3,0.5,observed,17.6,1.0,observed,16.9,1.1,observed
2019M05,2019-05-01,2019-05,L,l,MP,mp,2.3,2.0,observed,4.1,2.9,observed,4.3,0.5,observed,5.4,0.7,observed,5.7,0.7,observed
2019M05,2019-05-01,2019-05,L,l,S,s,2.7,2.4,observed,14.3,5.0,observed,4.3,0.5,observed,28.5,1.1,observed,27.2,1.1,observed
2019M05,2019-05-01,2019-05,L,l,SD,SD,,,suppressed,,,suppressed,4.3,0.5,observed,16.0,1.0,observed,17.4,1.0,observed
2019M05,2019-05-01,2019-05,L,l,V,v,0.0,0.0,observed,,,suppressed,4.3,0.5,observed,8.4,0.7,observed,8.2,0.6,observed
2019M05,2019-05-01,2019-05,M,m,C,c,0.6,0.5,observed,9.9,2.3,observed,17.6,1.0,observed,7.3,0.6,observed,7.3,0.6,observed
2019M05,2019-05-01,2019-05,M,m,KD,kd,8.3,2.0,observed,39.1,3.9,observed,17.6,1.0,observed,10.5,0.8,observed,12.6,0.9,observed
2019M05,2019-05-01,2019-05,M,m,L,l,,,suppressed,15.2,3.0,observed,17.6,1.0,observed,4.3,0.5,observed,3.2,0.4,observed
2019M05,2019-05-01,2019-05,M,m,M,m,78.7,3.5,observed,0.0,0.0,observed,17.6,1.0,observed,17.6,1.0,observed,16.9,1.1,observed
2019M05,2019-05-01,2019-05,M,m,MP,mp,0.0,0.0,observed,2.0,1.1,observed,17.6,1.0,observed,5.4,0.7,observed,5.7,0.7,observed
2019M05,2019-05-01,2019-05,M,m,S,s,0.7,0.6,observed,8.7,2.7,observed,17.6,1.0,observed,28.5,1.1,observed,27.2,1.1,observed
2019M05,2019-05-01,2019-05,M,m,SD,SD,3.0,1.3,observed,10.8,2.7,observed,17.6,1.0,observed,16.0,1.0,observed,17.4,1.0,observed
2019M05,2019-05-01,2019-05,M,m,V,v,0.0,0.0,observed,,,suppressed,17.6,1.0,observed,8.4,0.7,observed,8.2,0.6,observed
2019M05,2019-05-01,2019-05,MP,mp,C,c,1.4,1.4,observed,10.8,4.6,observed,5.4,0.7,observed,7.3,0.6,observed,7.3,0.6,observed
2019M05,2019-05-01,2019-05,MP,mp,KD,kd,0.0,0.0,observed,,,suppressed,5.4,0.7,observed,10.5,0.8,observed,12.6,0.9,observed
2019M05,2019-05-01,2019-05,MP,mp,L,l,0.0,0.0,observed,5.5,2.9,observed,5.4,0.7,observed,4.3,0.5,observed,3.2,0.4,observed
2019M05,2019-05-01,2019-05,MP,mp,M,m,0.0,0.0,observed,,,suppressed,5.4,0.7,observed,17.6,1.0,observed,16.9,1.1,observed
2019M05,2019-05-01,2019-05,MP,mp,MP,mp,77.3,6.1,observed,0.0,0.0,observed,5.4,0.7,observed,5.4,0.7,observed,5.7,0.7,observed
2019M05,2019-05-01,2019-05,MP,mp,S,s,8.5,3.7,observed,40.7,7.7,observed,5.4,0.7,observed,28.5,1.1,observed,27.2,1.1,observed
2019M05,2019-05-01,2019-05,MP,mp,SD,SD,,,suppressed,,,suppressed,5.4,0.7,observed,16.0,1.0,observed,17.4,1.0,observed
2019M05,2019-05-01,2019-05,MP,mp,V,v,,,suppressed,20.7,5.5,observed,5.4,0.7,observed,8.4,0.7,observed,8.2,0.6,observed
2019M05,2019-05-01,2019-05,S,s,C,c,0.8,0.5,observed,13.1,2.0,observed,28.5,1.1,observed,7.3,0.6,observed,7.3,0.6,observed
2019M05,2019-05-01,2019-05,S,s,KD,kd,,,suppressed,2.2,0.8,observed,28.5,1.1,observed,10.5,0.8,observed,12.6,0.9,observed
2019M05,2019-05-01,2019-05,S,s,L,l,,,suppressed,6.7,1.4,observed,28.5,1.1,observed,4.3,0.5,observed,3.2,0.4,observed
2019M05,2019-05-01,2019-05,S,s,M,m,1.3,0.9,observed,6.4,1.6,observed,28.5,1.1,observed,17.6,1.0,observed,16.9,1.1,observed
2019M05,2019-05-01,2019-05,S,s,MP,mp,1.7,1.0,observed,17.4,2.4,observed,28.5,1.1,observed,5.4,0.7,observed,5.7,0.7,observed
2019M05,2019-05-01,2019-05,S,s,S,s,83.0,2.6,observed,0.0,0.0,observed,28.5,1.1,observed,28.5,1.1,observed,27.2,1.1,observed
2019M05,2019-05-01,2019-05,S,s,SD,SD,1.5,0.7,observed,4.6,1.4,observed,28.5,1.1,observed,16.0,1.0,observed,17.4,1.0,observed
2019M05,2019-05-01,2019-05,S,s,V,v,1.9,0.7,observed,22.7,2.5,observed,28.5,1.1,observed,8.4,0.7,observed,8.2,0.6,observed
2019M05,2019-05-01,2019-05,SD,SD,C,c,0.0,0.0,observed,,,suppressed,16.0,1.0,observed,7.3,0.6,observed,7.3,0.6,observed
2019M05,2019-05-01,2019-05,SD,SD,KD,kd,2.9,1.7,observed,41.2,4.5,observed,16.0,1.0,observed,10.5,0.8,observed,12.6,0.9,observed
2019M05,2019-05-01,2019-05,SD,SD,L,l,0.0,0.0,observed,0.7,0.7,observed,16.0,1.0,observed,4.3,0.5,observed,3.2,0.4,observed
2019M05,2019-05-01,2019-05,SD,SD,M,m,,,suppressed,26.6,4.3,observed,16.0,1.0,observed,17.6,1.0,observed,16.9,1.1,observed
2019M05,2019-05-01,2019-05,SD,SD,MP,mp,,,suppressed,1.7,1.5,observed,16.0,1.0,observed,5.4,0.7,observed,5.7,0.7,observed
2019M05,2019-05-01,2019-05,SD,SD,S,s,,,suppressed,8.3,2.7,observed,16.0,1.0,observed,28.5,1.1,observed,27.2,1.1,observed
2019M05,2019-05-01,2019-05,SD,SD,SD,SD,92.0,3.0,observed,0.0,0.0,observed,16.0,1.0,observed,16.0,1.0,observed,17.4,1.0,observed
2019M05,2019-05-01,2019-05,SD,SD,V,v,0.0,0.0,observed,1.4,1.0,observed,16.0,1.0,observed,8.4,0.7,observed,8.2,0.6,observed
2019M05,2019-05-01,2019-05,V,v,C,c,,,suppressed,2.3,1.6,observed,8.4,0.7,observed,7.3,0.6,observed,7.3,0.6,observed
2019M05,2019-05-01,2019-05,V,v,KD,kd,0.0,0.0,observed,,,suppressed,8.4,0.7,observed,10.5,0.8,observed,12.6,0.9,observed
2019M05,2019-05-01,2019-05,V,v,L,l,0.0,0.0,observed,,,suppressed,8.4,0.7,observed,4.3,0.5,observed,3.2,0.4,observed
2019M05,2019-05-01,2019-05,V,v,M,m,0.0,0.0,observed,,,suppressed,8.4,0.7,observed,17.6,1.0,observed,16.9,1.1,observed
2019M05,2019-05-01,2019-05,V,v,MP,mp,1.6,1.2,observed,22.1,4.6,observed,8.4,0.7,observed,5.4,0.7,observed,5.7,0.7,observed
2019M05,2019-05-01,2019-05,V,v,S,s,3.3,1.8,observed,42.0,5.7,observed,8.4,0.7,observed,28.5,1.1,observed,27.2,1.1,observed
2019M05,2019-05-01,2019-05,V,v,SD,SD,,,suppressed,3.2,3.1,observed,8.4,0.7,observed,16.0,1.0,observed,17.4,1.0,observed
2019M05,2019-05-01,2019-05,V,v,V,v,83.8,4.9,observed,0.0,0.0,observed,8.4,0.7,observed,8.4,0.7,observed,8.2,0.6,observed
2019M11,2019-11-01,2019-11,C,c,C,c,82.2,4.6,observed,0.0,0.0,observed,7.3,0.6,observed,7.3,0.6,observed,7.4,0.6,observed
2019M11,2019-11-01,2019-11,C,c,KD,kd,,,suppressed,4.3,2.2,observed,7.3,0.6,observed,6.5,0.6,observed,6.8,0.6,observed
2019M11,2019-11-01,2019-11,C,c,L,l,,,suppressed,21.0,4.6,observed,7.3,0.6,observed,4.2,0.6,observed,3.8,0.6,observed
2019M11,2019-11-01,2019-11,C,c,M,m,2.3,1.6,observed,23.9,5.0,observed,7.3,0.6,observed,18.8,1.0,observed,18.4,1.0,observed
2019M11,2019-11-01,2019-11,C,c,MP,mp,,,suppressed,10.2,3.5,observed,7.3,0.6,observed,5.2,0.6,observed,5.2,0.6,observed
2019M11,2019-11-01,2019-11,C,c,S,s,3.5,2.3,observed,15.8,4.4,observed,7.3,0.6,observed,27.2,1.1,observed,25.0,1.0,observed
2019M11,2019-11-01,2019-11,C,c,SD,SD,,,suppressed,,,suppressed,7.3,0.6,observed,20.7,1.0,observed,22.7,1.0,observed
2019M11,2019-11-01,2019-11,C,c,V,v,0.0,0.0,observed,3.3,2.1,observed,7.3,0.6,observed,8.6,0.6,observed,8.6,0.6,observed
2019M11,2019-11-01,2019-11,KD,kd,C,c,,,suppressed,7.3,3.0,observed,6.5,0.6,observed,7.3,0.6,observed,7.4,0.6,observed
2019M11,2019-11-01,2019-11,KD,kd,KD,kd,83.7,4.7,observed,0.0,0.0,observed,6.5,0.6,observed,6.5,0.6,observed,6.8,0.6,observed
2019M11,2019-11-01,2019-11,KD,kd,L,l,0.0,0.0,observed,3.6,2.2,observed,6.5,0.6,observed,4.2,0.6,observed,3.8,0.6,observed
2019M11,2019-11-01,2019-11,KD,kd,M,m,2.7,2.0,observed,42.9,5.9,observed,6.5,0.6,observed,18.8,1.0,observed,18.4,1.0,observed
2019M11,2019-11-01,2019-11,KD,kd,MP,mp,0.0,0.0,observed,,,suppressed,6.5,0.6,observed,5.2,0.6,observed,5.2,0.6,observed
2019M11,2019-11-01,2019-11,KD,kd,S,s,0.0,0.0,observed,3.8,3.1,observed,6.5,0.6,observed,27.2,1.1,observed,25.0,1.0,observed
2019M11,2019-11-01,2019-11,KD,kd,SD,SD,6.4,2.8,observed,22.1,5.2,observed,6.5,0.6,observed,20.7,1.0,observed,22.7,1.0,observed
2019M11,2019-11-01,2019-11,KD,kd,V,v,0.0,0.0,observed,,,suppressed,6.5,0.6,observed,8.6,0.6,observed,8.6,0.6,observed
2019M11,2019-11-01,2019-11,L,l,C,c,4.5,2.9,observed,28.1,6.8,observed,4.2,0.6,observed,7.3,0.6,observed,7.4,0.6,observed
2019M11,2019-11-01,2019-11,L,l,KD,kd,,,suppressed,5.7,3.2,observed,4.2,0.6,observed,6.5,0.6,observed,6.8,0.6,observed
2019M11,2019-11-01,2019-11,L,l,L,l,65.6,7.4,observed,0.0,0.0,observed,4.2,0.6,observed,4.2,0.6,observed,3.8,0.6,observed
2019M11,2019-11-01,2019-11,L,l,M,m,7.3,3.8,observed,27.9,6.6,observed,4.2,0.6,observed,18.8,1.0,observed,18.4,1.0,observed
2019M11,2019-11-01,2019-11,L,l,MP,mp,0.0,0.0,observed,2.2,2.0,observed,4.2,0.6,observed,5.2,0.6,observed,5.2,0.6,observed
2019M11,2019-11-01,2019-11,L,l,S,s,,,suppressed,16.7,6.3,observed,4.2,0.6,observed,27.2,1.1,observed,25.0,1.0,observed
2019M11,2019-11-01,2019-11,L,l,SD,SD,,,suppressed,,,suppressed,4.2,0.6,observed,20.7,1.0,observed,22.7,1.0,observed
2019M11,2019-11-01,2019-11,L,l,V,v,,,suppressed,,,suppressed,4.2,0.6,observed,8.6,0.6,observed,8.6,0.6,observed
2019M11,2019-11-01,2019-11,M,m,C,c,0.6,0.6,observed,11.1,2.4,observed,18.8,1.0,observed,7.3,0.6,observed,7.4,0.6,observed
2019M11,2019-11-01,2019-11,M,m,KD,kd,3.1,1.2,observed,28.2,3.3,observed,18.8,1.0,observed,6.5,0.6,observed,6.8,0.6,observed
2019M11,2019-11-01,2019-11,M,m,L,l,,,suppressed,14.8,2.6,observed,18.8,1.0,observed,4.2,0.6,observed,3.8,0.6,observed
2019M11,2019-11-01,2019-11,M,m,M,m,78.8,3.1,observed,0.0,0.0,observed,18.8,1.0,observed,18.8,1.0,observed,18.4,1.0,observed
2019M11,2019-11-01,2019-11,M,m,MP,mp,,,suppressed,1.6,0.9,observed,18.8,1.0,observed,5.2,0.6,observed,5.2,0.6,observed
2019M11,2019-11-01,2019-11,M,m,S,s,0.8,0.7,observed,7.6,2.4,observed,18.8,1.0,observed,27.2,1.1,observed,25.0,1.0,observed
2019M11,2019-11-01,2019-11,M,m,SD,SD,7.2,1.9,observed,19.9,3.0,observed,18.8,1.0,observed,20.7,1.0,observed,22.7,1.0,observed
2019M11,2019-11-01,2019-11,M,m,V,v,,,suppressed,,,suppressed,18.8,1.0,observed,8.6,0.6,observed,8.6,0.6,observed
2019M11,2019-11-01,2019-11,MP,mp,C,c,,,suppressed,11.9,4.2,observed,5.2,0.6,observed,7.3,0.6,observed,7.4,0.6,observed
2019M11,2019-11-01,2019-11,MP,mp,KD,kd,,,suppressed,2.2,2.1,observed,5.2,0.6,observed,6.5,0.6,observed,6.8,0.6,observed
2019M11,2019-11-01,2019-11,MP,mp,L,l,,,suppressed,3.4,2.3,observed,5.2,0.6,observed,4.2,0.6,observed,3.8,0.6,observed
2019M11,2019-11-01,2019-11,MP,mp,M,m,,,suppressed,1.9,1.9,observed,5.2,0.6,observed,18.8,1.0,observed,18.4,1.0,observed
2019M11,2019-11-01,2019-11,MP,mp,MP,mp,74.5,6.5,observed,0.0,0.0,observed,5.2,0.6,observed,5.2,0.6,observed,5.2,0.6,observed
2019M11,2019-11-01,2019-11,MP,mp,S,s,8.7,4.4,observed,39.7,7.3,observed,5.2,0.6,observed,27.2,1.1,observed,25.0,1.0,observed
2019M11,2019-11-01,2019-11,MP,mp,SD,SD,,,suppressed,,,suppressed,5.2,0.6,observed,20.7,1.0,observed,22.7,1.0,observed
2019M11,2019-11-01,2019-11,MP,mp,V,v,1.8,1.6,observed,21.1,5.6,observed,5.2,0.6,observed,8.6,0.6,observed,8.6,0.6,observed
2019M11,2019-11-01,2019-11,S,s,C,c,0.6,0.4,observed,13.7,2.1,observed,27.2,1.1,observed,7.3,0.6,observed,7.4,0.6,observed
2019M11,2019-11-01,2019-11,S,s,KD,kd,,,suppressed,2.0,1.0,observed,27.2,1.1,observed,6.5,0.6,observed,6.8,0.6,observed
2019M11,2019-11-01,2019-11,S,s,L,l,,,suppressed,6.6,1.4,observed,27.2,1.1,observed,4.2,0.6,observed,3.8,0.6,observed
2019M11,2019-11-01,2019-11,S,s,M,m,1.6,1.0,observed,7.8,1.8,observed,27.2,1.1,observed,18.8,1.0,observed,18.4,1.0,observed
2019M11,2019-11-01,2019-11,S,s,MP,mp,1.7,0.9,observed,15.0,2.2,observed,27.2,1.1,observed,5.2,0.6,observed,5.2,0.6,observed
2019M11,2019-11-01,2019-11,S,s,S,s,77.1,2.7,observed,0.0,0.0,observed,27.2,1.1,observed,27.2,1.1,observed,25.0,1.0,observed
2019M11,2019-11-01,2019-11,S,s,SD,SD,2.2,0.8,observed,4.1,1.3,observed,27.2,1.1,observed,20.7,1.0,observed,22.7,1.0,observed
2019M11,2019-11-01,2019-11,S,s,V,v,2.4,0.9,observed,24.6,2.7,observed,27.2,1.1,observed,8.6,0.6,observed,8.6,0.6,observed
2019M11,2019-11-01,2019-11,SD,SD,C,c,,,suppressed,1.2,0.9,observed,20.7,1.0,observed,7.3,0.6,observed,7.4,0.6,observed
2019M11,2019-11-01,2019-11,SD,SD,KD,kd,0.6,0.5,observed,28.6,3.5,observed,20.7,1.0,observed,6.5,0.6,observed,6.8,0.6,observed
2019M11,2019-11-01,2019-11,SD,SD,L,l,0.0,0.0,observed,1.4,0.9,observed,20.7,1.0,observed,4.2,0.6,observed,3.8,0.6,observed
2019M11,2019-11-01,2019-11,SD,SD,M,m,1.2,0.8,observed,34.3,3.7,observed,20.7,1.0,observed,18.8,1.0,observed,18.4,1.0,observed
2019M11,2019-11-01,2019-11,SD,SD,MP,mp,0.0,0.0,observed,0.9,0.7,observed,20.7,1.0,observed,5.2,0.6,observed,5.2,0.6,observed
2019M11,2019-11-01,2019-11,SD,SD,S,s,,,suppressed,8.0,2.2,observed,20.7,1.0,observed,27.2,1.1,observed,25.0,1.0,observed
2019M11,2019-11-01,2019-11,SD,SD,SD,SD,93.3,2.1,observed,0.0,0.0,observed,20.7,1.0,observed,20.7,1.0,observed,22.7,1.0,observed
2019M11,2019-11-01,2019-11,SD,SD,V,v,,,suppressed,2.4,1.2,observed,20.7,1.0,observed,8.6,0.6,observed,8.6,0.6,observed
2019M11,2019-11-01,2019-11,V,v,C,c,,,suppressed,2.2,1.5,observed,8.6,0.6,observed,7.3,0.6,observed,7.4,0.6,observed
2019M11,2019-11-01,2019-11,V,v,KD,kd,0.0,0.0,observed,,,suppressed,8.6,0.6,observed,6.5,0.6,observed,6.8,0.6,observed
2019M11,2019-11-01,2019-11,V,v,L,l,0.0,0.0,observed,1.1,1.1,observed,8.6,0.6,observed,4.2,0.6,observed,3.8,0.6,observed
2019M11,2019-11-01,2019-11,V,v,M,m,0.0,0.0,observed,,,suppressed,8.6,0.6,observed,18.8,1.0,observed,18.4,1.0,observed
2019M11,2019-11-01,2019-11,V,v,MP,mp,,,suppressed,22.8,4.4,observed,8.6,0.6,observed,5.2,0.6,observed,5.2,0.6,observed
2019M11,2019-11-01,2019-11,V,v,S,s,3.9,2.1,observed,43.1,5.2,observed,8.6,0.6,observed,27.2,1.1,observed,25.0,1.0,observed
2019M11,2019-11-01,2019-11,V,v,SD,SD,1.2,1.0,observed,2.0,1.3,observed,8.6,0.6,observed,20.7,1.0,observed,22.7,1.0,observed
2019M11,2019-11-01,2019-11,V,v,V,v,86.2,3.8,observed,0.0,0.0,observed,8.6,0.6,observed,8.6,0.6,observed,8.6,0.6,observed
2020M05,2020-05-01,2020-05,C,c,C,c,72.8,5.6,observed,0.0,0.0,observed,6.9,0.6,observed,6.9,0.6,observed,6.0,0.5,observed
2020M05,2020-05-01,2020-05,C,c,KD,kd,,,suppressed,4.3,2.2,observed,6.9,0.6,observed,5.8,0.6,observed,6.4,0.6,observed
2020M05,2020-05-01,2020-05,C,c,L,l,0.0,0.0,observed,18.8,4.5,observed,6.9,0.6,observed,3.9,0.5,observed,3.3,0.5,observed
2020M05,2020-05-01,2020-05,C,c,M,m,5.1,2.6,observed,22.2,4.8,observed,6.9,0.6,observed,20.7,1.0,observed,20.1,0.9,observed
2020M05,2020-05-01,2020-05,C,c,MP,mp,,,suppressed,5.5,3.1,observed,6.9,0.6,observed,4.2,0.5,observed,4.1,0.5,observed
2020M05,2020-05-01,2020-05,C,c,S,s,6.7,3.7,observed,25.1,5.2,observed,6.9,0.6,observed,32.2,1.2,observed,33.7,1.1,observed
2020M05,2020-05-01,2020-05,C,c,SD,SD,1.6,1.4,observed,2.0,1.6,observed,6.9,0.6,observed,16.7,0.9,observed,17.1,0.8,observed
2020M05,2020-05-01,2020-05,C,c,V,v,,,suppressed,1.6,1.4,observed,6.9,0.6,observed,8.4,0.6,observed,8.2,0.6,observed
2020M05,2020-05-01,2020-05,KD,kd,C,c,,,suppressed,8.8,4.2,observed,5.8,0.6,observed,6.9,0.6,observed,6.0,0.5,observed
2020M05,2020-05-01,2020-05,KD,kd,KD,kd,85.3,4.9,observed,0.0,0.0,observed,5.8,0.6,observed,5.8,0.6,observed,6.4,0.6,observed
2020M05,2020-05-01,2020-05,KD,kd,L,l,0.0,0.0,observed,4.4,2.4,observed,5.8,0.6,observed,3.9,0.5,observed,3.3,0.5,observed
2020M05,2020-05-01,2020-05,KD,kd,M,m,,,suppressed,43.3,6.4,observed,5.8,0.6,observed,20.7,1.0,observed,20.1,0.9,observed
2020M05,2020-05-01,2020-05,KD,kd,MP,mp,,,suppressed,,,suppressed,5.8,0.6,observed,4.2,0.5,observed,4.1,0.5,observed
2020M05,2020-05-01,2020-05,KD,kd,S,s,,,suppressed,7.0,3.5,observed,5.8,0.6,observed,32.2,1.2,observed,33.7,1.1,observed
2020M05,2020-05-01,2020-05,KD,kd,SD,SD,3.0,3.0,observed,16.6,5.3,observed,5.8,0.6,observed,16.7,0.9,observed,17.1,0.8,observed
2020M05,2020-05-01,2020-05,KD,kd,V,v,0.0,0.0,observed,1.8,1.7,observed,5.8,0.6,observed,8.4,0.6,observed,8.2,0.6,observed
2020M05,2020-05-01,2020-05,L,l,C,c,3.4,2.8,observed,24.2,6.7,observed,3.9,0.5,observed,6.9,0.6,observed,6.0,0.5,observed
2020M05,2020-05-01,2020-05,L,l,KD,kd,,,suppressed,8.5,4.2,observed,3.9,0.5,observed,5.8,0.6,observed,6.4,0.6,observed
2020M05,2020-05-01,2020-05,L,l,L,l,69.1,7.1,observed,0.0,0.0,observed,3.9,0.5,observed,3.9,0.5,observed,3.3,0.5,observed
2020M05,2020-05-01,2020-05,L,l,M,m,7.6,3.8,observed,30.7,7.0,observed,3.9,0.5,observed,20.7,1.0,observed,20.1,0.9,observed
2020M05,2020-05-01,2020-05,L,l,MP,mp,,,suppressed,3.1,2.4,observed,3.9,0.5,observed,4.2,0.5,observed,4.1,0.5,observed
2020M05,2020-05-01,2020-05,L,l,S,s,7.1,3.7,observed,18.9,6.0,observed,3.9,0.5,observed,32.2,1.2,observed,33.7,1.1,observed
2020M05,2020-05-01,2020-05,L,l,SD,SD,0.0,0.0,observed,,,suppressed,3.9,0.5,observed,16.7,0.9,observed,17.1,0.8,observed
2020M05,2020-05-01,2020-05,L,l,V,v,0.0,0.0,observed,2.7,2.7,observed,3.9,0.5,observed,8.4,0.6,observed,8.2,0.6,observed
2020M05,2020-05-01,2020-05,M,m,C,c,0.6,0.5,observed,11.3,2.1,observed,20.7,1.0,observed,6.9,0.6,observed,6.0,0.5,observed
2020M05,2020-05-01,2020-05,M,m,KD,kd,2.0,1.0,observed,24.3,2.9,observed,20.7,1.0,observed,5.8,0.6,observed,6.4,0.6,observed
2020M05,2020-05-01,2020-05,M,m,L,l,,,suppressed,14.1,2.3,observed,20.7,1.0,observed,3.9,0.5,observed,3.3,0.5,observed
2020M05,2020-05-01,2020-05,M,m,M,m,83.3,2.7,observed,0.0,0.0,observed,20.7,1.0,observed,20.7,1.0,observed,20.1,0.9,observed
2020M05,2020-05-01,2020-05,M,m,MP,mp,,,suppressed,2.8,1.2,observed,20.7,1.0,observed,4.2,0.5,observed,4.1,0.5,observed
2020M05,2020-05-01,2020-05,M,m,S,s,2.4,1.2,observed,13.3,2.6,observed,20.7,1.0,observed,32.2,1.2,observed,33.7,1.1,observed
2020M05,2020-05-01,2020-05,M,m,SD,SD,3.0,1.2,observed,17.5,2.6,observed,20.7,1.0,observed,16.7,0.9,observed,17.1,0.8,observed
2020M05,2020-05-01,2020-05,M,m,V,v,,,suppressed,0.9,0.9,observed,20.7,1.0,observed,8.4,0.6,observed,8.2,0.6,observed
2020M05,2020-05-01,2020-05,MP,mp,C,c,0.0,0.0,observed,9.4,4.1,observed,4.2,0.5,observed,6.9,0.6,observed,6.0,0.5,observed
2020M05,2020-05-01,2020-05,MP,mp,KD,kd,0.0,0.0,observed,0.0,0.0,observed,4.2,0.5,observed,5.8,0.6,observed,6.4,0.6,observed
2020M05,2020-05-01,2020-05,MP,mp,L,l,,,suppressed,,,suppressed,4.2,0.5,observed,3.9,0.5,observed,3.3,0.5,observed
2020M05,2020-05-01,2020-05,MP,mp,M,m,,,suppressed,2.4,2.1,observed,4.2,0.5,observed,20.7,1.0,observed,20.1,0.9,observed
2020M05,2020-05-01,2020-05,MP,mp,MP,mp,74.6,6.8,observed,0.0,0.0,observed,4.2,0.5,observed,4.2,0.5,observed,4.1,0.5,observed
2020M05,2020-05-01,2020-05,MP,mp,S,s,11.6,4.5,observed,43.9,7.5,observed,4.2,0.5,observed,32.2,1.2,observed,33.7,1.1,observed
2020M05,2020-05-01,2020-05,MP,mp,SD,SD,,,suppressed,,,suppressed,4.2,0.5,observed,16.7,0.9,observed,17.1,0.8,observed
2020M05,2020-05-01,2020-05,MP,mp,V,v,4.4,3.0,observed,21.9,6.2,observed,4.2,0.5,observed,8.4,0.6,observed,8.2,0.6,observed
2020M05,2020-05-01,2020-05,S,s,C,c,0.3,0.3,observed,11.2,1.7,observed,32.2,1.2,observed,6.9,0.6,observed,6.0,0.5,observed
2020M05,2020-05-01,2020-05,S,s,KD,kd,,,suppressed,2.4,0.8,observed,32.2,1.2,observed,5.8,0.6,observed,6.4,0.6,observed
2020M05,2020-05-01,2020-05,S,s,L,l,,,suppressed,6.4,1.3,observed,32.2,1.2,observed,3.9,0.5,observed,3.3,0.5,observed
2020M05,2020-05-01,2020-05,S,s,M,m,0.6,0.4,observed,11.2,1.9,observed,32.2,1.2,observed,20.7,1.0,observed,20.1,0.9,observed
2020M05,2020-05-01,2020-05,S,s,MP,mp,0.8,0.6,observed,14.0,1.9,observed,32.2,1.2,observed,4.2,0.5,observed,4.1,0.5,observed
2020M05,2020-05-01,2020-05,S,s,S,s,89.2,1.9,observed,0.0,0.0,observed,32.2,1.2,observed,32.2,1.2,observed,33.7,1.1,observed
2020M05,2020-05-01,2020-05,S,s,SD,SD,0.7,0.4,observed,5.0,1.3,observed,32.2,1.2,observed,16.7,0.9,observed,17.1,0.8,observed
2020M05,2020-05-01,2020-05,S,s,V,v,1.4,0.7,observed,25.7,2.3,observed,32.2,1.2,observed,8.4,0.6,observed,8.2,0.6,observed
2020M05,2020-05-01,2020-05,SD,SD,C,c,0.0,0.0,observed,1.0,0.8,observed,16.7,0.9,observed,6.9,0.6,observed,6.0,0.5,observed
2020M05,2020-05-01,2020-05,SD,SD,KD,kd,,,suppressed,21.6,3.5,observed,16.7,0.9,observed,5.8,0.6,observed,6.4,0.6,observed
2020M05,2020-05-01,2020-05,SD,SD,L,l,0.0,0.0,observed,0.6,0.5,observed,16.7,0.9,observed,3.9,0.5,observed,3.3,0.5,observed
2020M05,2020-05-01,2020-05,SD,SD,M,m,1.4,0.9,observed,42.5,4.1,observed,16.7,0.9,observed,20.7,1.0,observed,20.1,0.9,observed
2020M05,2020-05-01,2020-05,SD,SD,MP,mp,0.0,0.0,observed,1.1,1.1,observed,16.7,0.9,observed,4.2,0.5,observed,4.1,0.5,observed
2020M05,2020-05-01,2020-05,SD,SD,S,s,0.8,0.6,observed,6.9,2.0,observed,16.7,0.9,observed,32.2,1.2,observed,33.7,1.1,observed
2020M05,2020-05-01,2020-05,SD,SD,SD,SD,90.5,2.6,observed,0.0,0.0,observed,16.7,0.9,observed,16.7,0.9,observed,17.1,0.8,observed
2020M05,2020-05-01,2020-05,SD,SD,V,v,,,suppressed,2.9,1.4,observed,16.7,0.9,observed,8.4,0.6,observed,8.2,0.6,observed
2020M05,2020-05-01,2020-05,V,v,C,c,,,suppressed,1.4,1.2,observed,8.4,0.6,observed,6.9,0.6,observed,6.0,0.5,observed
2020M05,2020-05-01,2020-05,V,v,KD,kd,0.0,0.0,observed,,,suppressed,8.4,0.6,observed,5.8,0.6,observed,6.4,0.6,observed
2020M05,2020-05-01,2020-05,V,v,L,l,0.0,0.0,observed,1.4,1.3,observed,8.4,0.6,observed,3.9,0.5,observed,3.3,0.5,observed
2020M05,2020-05-01,2020-05,V,v,M,m,0.0,0.0,observed,0.0,0.0,observed,8.4,0.6,observed,20.7,1.0,observed,20.1,0.9,observed
2020M05,2020-05-01,2020-05,V,v,MP,mp,1.5,1.2,observed,18.6,4.3,observed,8.4,0.6,observed,4.2,0.5,observed,4.1,0.5,observed
2020M05,2020-05-01,2020-05,V,v,S,s,6.6,2.5,observed,51.5,5.4,observed,8.4,0.6,observed,32.2,1.2,observed,33.7,1.1,observed
2020M05,2020-05-01,2020-05,V,v,SD,SD,0.0,0.0,observed,,,suppressed,8.4,0.6,observed,16.7,0.9,observed,17.1,0.8,observed
2020M05,2020-05-01,2020-05,V,v,V,v,84.9,4.0,observed,0.0,0.0,observed,8.4,0.6,observed,8.4,0.6,observed,8.2,0.6,observed
2020M11,2020-11-01,2020-11,C,c,C,c,83.1,4.5,observed,0.0,0.0,observed,7.3,0.7,observed,7.3,0.7,observed,7.6,0.6,observed
2020M11,2020-11-01,2020-11,C,c,KD,kd,,,suppressed,5.1,3.0,observed,7.3,0.7,observed,5.3,0.6,observed,5.4,0.6,observed
2020M11,2020-11-01,2020-11,C,c,L,l,,,suppressed,22.5,4.7,observed,7.3,0.7,observed,3.8,0.5,observed,3.0,0.4,observed
2020M11,2020-11-01,2020-11,C,c,M,m,1.7,1.5,observed,19.6,4.5,observed,7.3,0.7,observed,22.2,1.0,observed,22.1,1.0,observed
2020M11,2020-11-01,2020-11,C,c,MP,mp,,,suppressed,7.4,3.5,observed,7.3,0.7,observed,3.9,0.6,observed,4.2,0.6,observed
2020M11,2020-11-01,2020-11,C,c,S,s,2.0,1.5,observed,25.6,5.1,observed,7.3,0.7,observed,29.9,1.2,observed,29.4,1.1,observed
2020M11,2020-11-01,2020-11,C,c,SD,SD,0.0,0.0,observed,3.4,2.5,observed,7.3,0.7,observed,16.8,0.9,observed,17.6,0.9,observed
2020M11,2020-11-01,2020-11,C,c,V,v,,,suppressed,3.3,2.0,observed,7.3,0.7,observed,9.2,0.7,observed,9.3,0.7,observed
2020M11,2020-11-01,2020-11,KD,kd,C,c,,,suppressed,7.1,3.3,observed,5.3,0.6,observed,7.3,0.7,observed,7.6,0.6,observed
2020M11,2020-11-01,2020-11,KD,kd,KD,kd,78.0,5.8,observed,0.0,0.0,observed,5.3,0.6,observed,5.3,0.6,observed,5.4,0.6,observed
2020M11,2020-11-01,2020-11,KD,kd,L,l,0.0,0.0,observed,3.0,2.1,observed,5.3,0.6,observed,3.8,0.5,observed,3.0,0.4,observed
2020M11,2020-11-01,2020-11,KD,kd,M,m,4.1,2.5,observed,43.9,6.7,observed,5.3,0.6,observed,22.2,1.0,observed,22.1,1.0,observed
2020M11,2020-11-01,2020-11,KD,kd,MP,mp,,,suppressed,,,suppressed,5.3,0.6,observed,3.9,0.6,observed,4.2,0.6,observed
2020M11,2020-11-01,2020-11,KD,kd,S,s,,,suppressed,4.7,2.8,observed,5.3,0.6,observed,29.9,1.2,observed,29.4,1.1,observed
2020M11,2020-11-01,2020-11,KD,kd,SD,SD,5.6,3.7,observed,24.7,6.3,observed,5.3,0.6,observed,16.8,0.9,observed,17.6,0.9,observed
2020M11,2020-11-01,2020-11,KD,kd,V,v,,,suppressed,1.7,1.6,observed,5.3,0.6,observed,9.2,0.7,observed,9.3,0.7,observed
2020M11,2020-11-01,2020-11,L,l,C,c,8.1,5.2,observed,29.1,7.1,observed,3.8,0.5,observed,7.3,0.7,observed,7.6,0.6,observed
2020M11,2020-11-01,2020-11,L,l,KD,kd,,,suppressed,4.0,3.0,observed,3.8,0.5,observed,5.3,0.6,observed,5.4,0.6,observed
2020M11,2020-11-01,2020-11,L,l,L,l,52.5,8.0,observed,0.0,0.0,observed,3.8,0.5,observed,3.8,0.5,observed,3.0,0.4,observed
2020M11,2020-11-01,2020-11,L,l,M,m,9.4,4.2,observed,29.2,6.8,observed,3.8,0.5,observed,22.2,1.0,observed,22.1,1.0,observed
2020M11,2020-11-01,2020-11,L,l,MP,mp,,,suppressed,5.2,4.6,observed,3.8,0.5,observed,3.9,0.6,observed,4.2,0.6,observed
2020M11,2020-11-01,2020-11,L,l,S,s,5.5,3.4,observed,21.5,6.8,observed,3.8,0.5,observed,29.9,1.2,observed,29.4,1.1,observed
2020M11,2020-11-01,2020-11,L,l,SD,SD,,,suppressed,,,suppressed,3.8,0.5,observed,16.8,0.9,observed,17.6,0.9,observed
2020M11,2020-11-01,2020-11,L,l,V,v,,,suppressed,,,suppressed,3.8,0.5,observed,9.2,0.7,observed,9.3,0.7,observed
2020M11,2020-11-01,2020-11,M,m,C,c,,,suppressed,13.0,2.2,observed,22.2,1.0,observed,7.3,0.7,observed,7.6,0.6,observed
2020M11,2020-11-01,2020-11,M,m,KD,kd,1.6,0.8,observed,25.4,2.9,observed,22.2,1.0,observed,5.3,0.6,observed,5.4,0.6,observed
2020M11,2020-11-01,2020-11,M,m,L,l,0.6,0.5,observed,13.7,2.2,observed,22.2,1.0,observed,3.8,0.5,observed,3.0,0.4,observed
2020M11,2020-11-01,2020-11,M,m,M,m,85.0,2.5,observed,0.0,0.0,observed,22.2,1.0,observed,22.2,1.0,observed,22.1,1.0,observed
2020M11,2020-11-01,2020-11,M,m,MP,mp,,,suppressed,1.1,0.7,observed,22.2,1.0,observed,3.9,0.6,observed,4.2,0.6,observed
2020M11,2020-11-01,2020-11,M,m,S,s,0.7,0.5,observed,10.5,2.1,observed,22.2,1.0,observed,29.9,1.2,observed,29.4,1.1,observed
2020M11,2020-11-01,2020-11,M,m,SD,SD,3.3,1.2,observed,19.4,2.7,observed,22.2,1.0,observed,16.8,0.9,observed,17.6,0.9,observed
2020M11,2020-11-01,2020-11,M,m,V,v,,,suppressed,1.0,0.6,observed,22.2,1.0,observed,9.2,0.7,observed,9.3,0.7,observed
2020M11,2020-11-01,2020-11,MP,mp,C,c,,,suppressed,13.9,5.2,observed,3.9,0.6,observed,7.3,0.7,observed,7.6,0.6,observed
2020M11,2020-11-01,2020-11,MP,mp,KD,kd,0.0,0.0,observed,0.0,0.0,observed,3.9,0.6,observed,5.3,0.6,observed,5.4,0.6,observed
2020M11,2020-11-01,2020-11,MP,mp,L,l,,,suppressed,2.2,2.1,observed,3.9,0.6,observed,3.8,0.5,observed,3.0,0.4,observed
2020M11,2020-11-01,2020-11,MP,mp,M,m,,,suppressed,3.1,2.6,observed,3.9,0.6,observed,22.2,1.0,observed,22.1,1.0,observed
2020M11,2020-11-01,2020-11,MP,mp,MP,mp,74.2,7.4,observed,0.0,0.0,observed,3.9,0.6,observed,3.9,0.6,observed,4.2,0.6,observed
2020M11,2020-11-01,2020-11,MP,mp,S,s,10.3,6.2,observed,35.3,7.9,observed,3.9,0.6,observed,29.9,1.2,observed,29.4,1.1,observed
2020M11,2020-11-01,2020-11,MP,mp,SD,SD,0.0,0.0,observed,,,suppressed,3.9,0.6,observed,16.8,0.9,observed,17.6,0.9,observed
2020M11,2020-11-01,2020-11,MP,mp,V,v,3.6,2.4,observed,21.2,5.9,observed,3.9,0.6,observed,9.2,0.7,observed,9.3,0.7,observed
2020M11,2020-11-01,2020-11,S,s,C,c,0.8,0.5,observed,12.5,1.9,observed,29.9,1.2,observed,7.3,0.7,observed,7.6,0.6,observed
2020M11,2020-11-01,2020-11,S,s,KD,kd,,,suppressed,1.3,0.6,observed,29.9,1.2,observed,5.3,0.6,observed,5.4,0.6,observed
2020M11,2020-11-01,2020-11,S,s,L,l,,,suppressed,5.5,1.3,observed,29.9,1.2,observed,3.8,0.5,observed,3.0,0.4,observed
2020M11,2020-11-01,2020-11,S,s,M,m,1.9,0.9,observed,10.5,2.1,observed,29.9,1.2,observed,22.2,1.0,observed,22.1,1.0,observed
2020M11,2020-11-01,2020-11,S,s,MP,mp,1.1,0.7,observed,13.4,2.1,observed,29.9,1.2,observed,3.9,0.6,observed,4.2,0.6,observed
2020M11,2020-11-01,2020-11,S,s,S,s,79.4,2.6,observed,0.0,0.0,observed,29.9,1.2,observed,29.9,1.2,observed,29.4,1.1,observed
2020M11,2020-11-01,2020-11,S,s,SD,SD,1.6,0.7,observed,3.4,1.0,observed,29.9,1.2,observed,16.8,0.9,observed,17.6,0.9,observed
2020M11,2020-11-01,2020-11,S,s,V,v,3.0,1.0,observed,26.2,2.6,observed,29.9,1.2,observed,9.2,0.7,observed,9.3,0.7,observed
2020M11,2020-11-01,2020-11,SD,SD,C,c,0.0,0.0,observed,1.0,0.8,observed,16.8,0.9,observed,7.3,0.7,observed,7.6,0.6,observed
2020M11,2020-11-01,2020-11,SD,SD,KD,kd,1.0,0.8,observed,17.5,3.1,observed,16.8,0.9,observed,5.3,0.6,observed,5.4,0.6,observed
2020M11,2020-11-01,2020-11,SD,SD,L,l,0.0,0.0,observed,1.2,0.9,observed,16.8,0.9,observed,3.8,0.5,observed,3.0,0.4,observed
2020M11,2020-11-01,2020-11,SD,SD,M,m,1.0,0.9,observed,40.7,4.1,observed,16.8,0.9,observed,22.2,1.0,observed,22.1,1.0,observed
2020M11,2020-11-01,2020-11,SD,SD,MP,mp,0.0,0.0,observed,,,suppressed,16.8,0.9,observed,3.9,0.6,observed,4.2,0.6,observed
2020M11,2020-11-01,2020-11,SD,SD,S,s,,,suppressed,7.3,2.2,observed,16.8,0.9,observed,29.9,1.2,observed,29.4,1.1,observed
2020M11,2020-11-01,2020-11,SD,SD,SD,SD,93.4,2.2,observed,0.0,0.0,observed,16.8,0.9,observed,16.8,0.9,observed,17.6,0.9,observed
2020M11,2020-11-01,2020-11,SD,SD,V,v,0.0,0.0,observed,3.1,1.4,observed,16.8,0.9,observed,9.2,0.7,observed,9.3,0.7,observed
2020M11,2020-11-01,2020-11,V,v,C,c,,,suppressed,2.4,1.5,observed,9.2,0.7,observed,7.3,0.7,observed,7.6,0.6,observed
2020M11,2020-11-01,2020-11,V,v,KD,kd,0.0,0.0,observed,1.4,1.3,observed,9.2,0.7,observed,5.3,0.6,observed,5.4,0.6,observed
2020M11,2020-11-01,2020-11,V,v,L,l,0.0,0.0,observed,,,suppressed,9.2,0.7,observed,3.8,0.5,observed,3.0,0.4,observed
2020M11,2020-11-01,2020-11,V,v,M,m,,,suppressed,,,suppressed,9.2,0.7,observed,22.2,1.0,observed,22.1,1.0,observed
2020M11,2020-11-01,2020-11,V,v,MP,mp,1.4,1.2,observed,25.2,4.5,observed,9.2,0.7,observed,3.9,0.6,observed,4.2,0.6,observed
2020M11,2020-11-01,2020-11,V,v,S,s,7.9,3.2,observed,44.4,5.1,observed,9.2,0.7,observed,29.9,1.2,observed,29.4,1.1,observed
2020M11,2020-11-01,2020-11,V,v,SD,SD,,,suppressed,1.3,1.0,observed,9.2,0.7,observed,16.8,0.9,observed,17.6,0.9,observed
2020M11,2020-11-01,2020-11,V,v,V,v,82.0,4.2,observed,0.0,0.0,observed,9.2,0.7,observed,9.2,0.7,observed,9.3,0.7,observed
2021M05,2021-05-01,2021-05,C,c,C,c,82.9,4.4,observed,0.0,0.0,observed,8.6,0.7,observed,8.6,0.7,observed,9.5,0.8,observed
2021M05,2021-05-01,2021-05,C,c,KD,kd,0.0,0.0,observed,3.0,1.7,observed,8.6,0.7,observed,4.4,0.6,observed,4.5,0.5,observed
2021M05,2021-05-01,2021-05,C,c,L,l,,,suppressed,15.7,3.8,observed,8.6,0.7,observed,2.7,0.4,observed,2.5,0.4,observed
2021M05,2021-05-01,2021-05,C,c,M,m,1.7,1.3,observed,17.3,4.0,observed,8.6,0.7,observed,22.1,1.0,observed,22.4,1.0,observed
2021M05,2021-05-01,2021-05,C,c,MP,mp,,,suppressed,8.7,3.5,observed,8.6,0.7,observed,3.9,0.6,observed,3.8,0.5,observed
2021M05,2021-05-01,2021-05,C,c,S,s,3.0,2.3,observed,33.3,5.2,observed,8.6,0.7,observed,29.9,1.2,observed,28.2,1.1,observed
2021M05,2021-05-01,2021-05,C,c,SD,SD,,,suppressed,1.0,1.0,observed,8.6,0.7,observed,17.9,1.0,observed,18.9,0.9,observed
2021M05,2021-05-01,2021-05,C,c,V,v,,,suppressed,2.6,1.8,observed,8.6,0.7,observed,9.1,0.7,observed,8.9,0.7,observed
2021M05,2021-05-01,2021-05,KD,kd,C,c,,,suppressed,10.9,5.4,observed,4.4,0.6,observed,8.6,0.7,observed,9.5,0.8,observed
2021M05,2021-05-01,2021-05,KD,kd,KD,kd,75.5,6.7,observed,0.0,0.0,observed,4.4,0.6,observed,4.4,0.6,observed,4.5,0.5,observed
2021M05,2021-05-01,2021-05,KD,kd,L,l,,,suppressed,4.9,2.9,observed,4.4,0.6,observed,2.7,0.4,observed,2.5,0.4,observed
2021M05,2021-05-01,2021-05,KD,kd,M,m,6.5,3.6,observed,47.5,7.5,observed,4.4,0.6,observed,22.1,1.0,observed,22.4,1.0,observed
2021M05,2021-05-01,2021-05,KD,kd,MP,mp,0.0,0.0,observed,,,suppressed,4.4,0.6,observed,3.9,0.6,observed,3.8,0.5,observed
2021M05,2021-05-01,2021-05,KD,kd,S,s,,,suppressed,4.2,2.9,observed,4.4,0.6,observed,29.9,1.2,observed,28.2,1.1,observed
2021M05,2021-05-01,2021-05,KD,kd,SD,SD,4.0,3.0,observed,16.2,5.5,observed,4.4,0.6,observed,17.9,1.0,observed,18.9,0.9,observed
2021M05,2021-05-01,2021-05,KD,kd,V,v,0.0,0.0,observed,,,suppressed,4.4,0.6,observed,9.1,0.7,observed,8.9,0.7,observed
2021M05,2021-05-01,2021-05,L,l,C,c,8.3,4.5,observed,27.3,7.9,observed,2.7,0.4,observed,8.6,0.7,observed,9.5,0.8,observed
2021M05,2021-05-01,2021-05,L,l,KD,kd,,,suppressed,5.9,4.4,observed,2.7,0.4,observed,4.4,0.6,observed,4.5,0.5,observed
2021M05,2021-05-01,2021-05,L,l,L,l,66.3,8.4,observed,0.0,0.0,observed,2.7,0.4,observed,2.7,0.4,observed,2.5,0.4,observed
2021M05,2021-05-01,2021-05,L,l,M,m,3.6,3.6,observed,39.1,8.9,observed,2.7,0.4,observed,22.1,1.0,observed,22.4,1.0,observed
2021M05,2021-05-01,2021-05,L,l,MP,mp,,,suppressed,,,suppressed,2.7,0.4,observed,3.9,0.6,observed,3.8,0.5,observed
2021M05,2021-05-01,2021-05,L,l,S,s,3.2,2.9,observed,12.4,5.9,observed,2.7,0.4,observed,29.9,1.2,observed,28.2,1.1,observed
2021M05,2021-05-01,2021-05,L,l,SD,SD,,,suppressed,,,suppressed,2.7,0.4,observed,17.9,1.0,observed,18.9,0.9,observed
2021M05,2021-05-01,2021-05,L,l,V,v,0.0,0.0,observed,,,suppressed,2.7,0.4,observed,9.1,0.7,observed,8.9,0.7,observed
2021M05,2021-05-01,2021-05,M,m,C,c,0.7,0.5,observed,10.7,2.1,observed,22.1,1.0,observed,8.6,0.7,observed,9.5,0.8,observed
2021M05,2021-05-01,2021-05,M,m,KD,kd,1.2,0.7,observed,24.5,2.8,observed,22.1,1.0,observed,4.4,0.6,observed,4.5,0.5,observed
2021M05,2021-05-01,2021-05,M,m,L,l,0.3,0.3,observed,16.4,2.4,observed,22.1,1.0,observed,2.7,0.4,observed,2.5,0.4,observed
2021M05,2021-05-01,2021-05,M,m,M,m,87.0,2.3,observed,0.0,0.0,observed,22.1,1.0,observed,22.1,1.0,observed,22.4,1.0,observed
2021M05,2021-05-01,2021-05,M,m,MP,mp,,,suppressed,1.5,0.8,observed,22.1,1.0,observed,3.9,0.6,observed,3.8,0.5,observed
2021M05,2021-05-01,2021-05,M,m,S,s,0.6,0.5,observed,8.5,2.1,observed,22.1,1.0,observed,29.9,1.2,observed,28.2,1.1,observed
2021M05,2021-05-01,2021-05,M,m,SD,SD,3.2,1.2,observed,18.0,2.5,observed,22.1,1.0,observed,17.9,1.0,observed,18.9,0.9,observed
2021M05,2021-05-01,2021-05,M,m,V,v,,,suppressed,,,suppressed,22.1,1.0,observed,9.1,0.7,observed,8.9,0.7,observed
2021M05,2021-05-01,2021-05,MP,mp,C,c,4.7,3.6,observed,14.9,6.0,observed,3.9,0.6,observed,8.6,0.7,observed,9.5,0.8,observed
2021M05,2021-05-01,2021-05,MP,mp,KD,kd,0.0,0.0,observed,,,suppressed,3.9,0.6,observed,4.4,0.6,observed,4.5,0.5,observed
2021M05,2021-05-01,2021-05,MP,mp,L,l,,,suppressed,3.0,2.3,observed,3.9,0.6,observed,2.7,0.4,observed,2.5,0.4,observed
2021M05,2021-05-01,2021-05,MP,mp,M,m,0.0,0.0,observed,,,suppressed,3.9,0.6,observed,22.1,1.0,observed,22.4,1.0,observed
2021M05,2021-05-01,2021-05,MP,mp,MP,mp,74.8,7.3,observed,0.0,0.0,observed,3.9,0.6,observed,3.9,0.6,observed,3.8,0.5,observed
2021M05,2021-05-01,2021-05,MP,mp,S,s,3.7,2.9,observed,36.6,7.9,observed,3.9,0.6,observed,29.9,1.2,observed,28.2,1.1,observed
2021M05,2021-05-01,2021-05,MP,mp,SD,SD,0.0,0.0,observed,,,suppressed,3.9,0.6,observed,17.9,1.0,observed,18.9,0.9,observed
2021M05,2021-05-01,2021-05,MP,mp,V,v,4.0,3.0,observed,21.1,6.2,observed,3.9,0.6,observed,9.1,0.7,observed,8.9,0.7,observed
2021M05,2021-05-01,2021-05,S,s,C,c,1.6,0.7,observed,19.1,2.3,observed,29.9,1.2,observed,8.6,0.7,observed,9.5,0.8,observed
2021M05,2021-05-01,2021-05,S,s,KD,kd,,,suppressed,1.1,0.7,observed,29.9,1.2,observed,4.4,0.6,observed,4.5,0.5,observed
2021M05,2021-05-01,2021-05,S,s,L,l,,,suppressed,4.2,1.2,observed,29.9,1.2,observed,2.7,0.4,observed,2.5,0.4,observed
2021M05,2021-05-01,2021-05,S,s,M,m,1.6,0.8,observed,8.2,1.7,observed,29.9,1.2,observed,22.1,1.0,observed,22.4,1.0,observed
2021M05,2021-05-01,2021-05,S,s,MP,mp,1.2,0.9,observed,13.5,2.2,observed,29.9,1.2,observed,3.9,0.6,observed,3.8,0.5,observed
2021M05,2021-05-01,2021-05,S,s,S,s,80.4,2.6,observed,0.0,0.0,observed,29.9,1.2,observed,29.9,1.2,observed,28.2,1.1,observed
2021M05,2021-05-01,2021-05,S,s,SD,SD,1.6,0.7,observed,3.7,1.2,observed,29.9,1.2,observed,17.9,1.0,observed,18.9,0.9,observed
2021M05,2021-05-01,2021-05,S,s,V,v,1.9,0.9,observed,24.2,2.6,observed,29.9,1.2,observed,9.1,0.7,observed,8.9,0.7,observed
2021M05,2021-05-01,2021-05,SD,SD,C,c,0.0,0.0,observed,0.7,0.6,observed,17.9,1.0,observed,8.6,0.7,observed,9.5,0.8,observed
2021M05,2021-05-01,2021-05,SD,SD,KD,kd,,,suppressed,14.4,3.0,observed,17.9,1.0,observed,4.4,0.6,observed,4.5,0.5,observed
2021M05,2021-05-01,2021-05,SD,SD,L,l,0.0,0.0,observed,1.9,1.2,observed,17.9,1.0,observed,2.7,0.4,observed,2.5,0.4,observed
2021M05,2021-05-01,2021-05,SD,SD,M,m,1.3,0.9,observed,45.9,4.2,observed,17.9,1.0,observed,22.1,1.0,observed,22.4,1.0,observed
2021M05,2021-05-01,2021-05,SD,SD,MP,mp,,,suppressed,1.7,1.5,observed,17.9,1.0,observed,3.9,0.6,observed,3.8,0.5,observed
2021M05,2021-05-01,2021-05,SD,SD,S,s,,,suppressed,6.1,1.9,observed,17.9,1.0,observed,29.9,1.2,observed,28.2,1.1,observed
2021M05,2021-05-01,2021-05,SD,SD,SD,SD,93.3,2.1,observed,0.0,0.0,observed,17.9,1.0,observed,17.9,1.0,observed,18.9,0.9,observed
2021M05,2021-05-01,2021-05,SD,SD,V,v,,,suppressed,1.9,1.1,observed,17.9,1.0,observed,9.1,0.7,observed,8.9,0.7,observed
2021M05,2021-05-01,2021-05,V,v,C,c,,,suppressed,3.6,2.0,observed,9.1,0.7,observed,8.6,0.7,observed,9.5,0.8,observed
2021M05,2021-05-01,2021-05,V,v,KD,kd,0.0,0.0,observed,,,suppressed,9.1,0.7,observed,4.4,0.6,observed,4.5,0.5,observed
2021M05,2021-05-01,2021-05,V,v,L,l,0.0,0.0,observed,,,suppressed,9.1,0.7,observed,2.7,0.4,observed,2.5,0.4,observed
2021M05,2021-05-01,2021-05,V,v,M,m,0.0,0.0,observed,,,suppressed,9.1,0.7,observed,22.1,1.0,observed,22.4,1.0,observed
2021M05,2021-05-01,2021-05,V,v,MP,mp,,,suppressed,19.5,4.2,observed,9.1,0.7,observed,3.9,0.6,observed,3.8,0.5,observed
2021M05,2021-05-01,2021-05,V,v,S,s,7.1,2.7,observed,50.4,5.3,observed,9.1,0.7,observed,29.9,1.2,observed,28.2,1.1,observed
2021M05,2021-05-01,2021-05,V,v,SD,SD,,,suppressed,1.7,1.3,observed,9.1,0.7,observed,17.9,1.0,observed,18.9,0.9,observed
2021M05,2021-05-01,2021-05,V,v,V,v,84.2,4.2,observed,0.0,0.0,observed,9.1,0.7,observed,9.1,0.7,observed,8.9,0.7,observed
2021M11,2021-11-01,2021-11,C,c,C,c,77.3,5.1,observed,0.0,0.0,observed,8.5,0.8,observed,8.5,0.8,observed,8.4,0.7,observed
2021M11,2021-11-01,2021-11,C,c,KD,kd,0.0,0.0,observed,5.1,3.1,observed,8.5,0.8,observed,4.4,0.6,observed,4.6,0.6,observed
2021M11,2021-11-01,2021-11,C,c,L,l,,,suppressed,10.1,3.2,observed,8.5,0.8,observed,3.0,0.5,observed,2.5,0.4,observed
2021M11,2021-11-01,2021-11,C,c,M,m,2.4,1.8,observed,19.9,4.5,observed,8.5,0.8,observed,22.4,1.1,observed,22.7,1.1,observed
2021M11,2021-11-01,2021-11,C,c,MP,mp,,,suppressed,9.7,3.8,observed,8.5,0.8,observed,4.0,0.6,observed,3.9,0.6,observed
2021M11,2021-11-01,2021-11,C,c,S,s,4.4,2.5,observed,37.7,5.7,observed,8.5,0.8,observed,30.1,1.2,observed,29.1,1.2,observed
2021M11,2021-11-01,2021-11,C,c,SD,SD,,,suppressed,,,suppressed,8.5,0.8,observed,17.0,1.0,observed,18.6,1.0,observed
2021M11,2021-11-01,2021-11,C,c,V,v,0.0,0.0,observed,3.3,2.2,observed,8.5,0.8,observed,9.6,0.7,observed,9.2,0.7,observed
2021M11,2021-11-01,2021-11,KD,kd,C,c,,,suppressed,5.3,3.6,observed,4.4,0.6,observed,8.5,0.8,observed,8.4,0.7,observed
2021M11,2021-11-01,2021-11,KD,kd,KD,kd,78.4,6.4,observed,0.0,0.0,observed,4.4,0.6,observed,4.4,0.6,observed,4.6,0.6,observed
2021M11,2021-11-01,2021-11,KD,kd,L,l,,,suppressed,4.3,3.0,observed,4.4,0.6,observed,3.0,0.5,observed,2.5,0.4,observed
2021M11,2021-11-01,2021-11,KD,kd,M,m,2.6,2.3,observed,49.2,7.8,observed,4.4,0.6,observed,22.4,1.1,observed,22.7,1.1,observed
2021M11,2021-11-01,2021-11,KD,kd,MP,mp,0.0,0.0,observed,,,suppressed,4.4,0.6,observed,4.0,0.6,observed,3.9,0.6,observed
2021M11,2021-11-01,2021-11,KD,kd,S,s,0.0,0.0,observed,5.1,3.4,observed,4.4,0.6,observed,30.1,1.2,observed,29.1,1.2,observed
2021M11,2021-11-01,2021-11,KD,kd,SD,SD,4.5,3.2,observed,17.7,6.1,observed,4.4,0.6,observed,17.0,1.0,observed,18.6,1.0,observed
2021M11,2021-11-01,2021-11,KD,kd,V,v,,,suppressed,,,suppressed,4.4,0.6,observed,9.6,0.7,observed,9.2,0.7,observed
2021M11,2021-11-01,2021-11,L,l,C,c,6.4,4.1,observed,25.1,8.1,observed,3.0,0.5,observed,8.5,0.8,observed,8.4,0.7,observed
2021M11,2021-11-01,2021-11,L,l,KD,kd,0.0,0.0,observed,,,suppressed,3.0,0.5,observed,4.4,0.6,observed,4.6,0.6,observed
2021M11,2021-11-01,2021-11,L,l,L,l,62.1,8.9,observed,0.0,0.0,observed,3.0,0.5,observed,3.0,0.5,observed,2.5,0.4,observed
2021M11,2021-11-01,2021-11,L,l,M,m,6.4,4.0,observed,36.7,8.7,observed,3.0,0.5,observed,22.4,1.1,observed,22.7,1.1,observed
2021M11,2021-11-01,2021-11,L,l,MP,mp,,,suppressed,,,suppressed,3.0,0.5,observed,4.0,0.6,observed,3.9,0.6,observed
2021M11,2021-11-01,2021-11,L,l,S,s,7.6,4.5,observed,19.4,7.3,observed,3.0,0.5,observed,30.1,1.2,observed,29.1,1.2,observed
2021M11,2021-11-01,2021-11,L,l,SD,SD,,,suppressed,,,suppressed,3.0,0.5,observed,17.0,1.0,observed,18.6,1.0,observed
2021M11,2021-11-01,2021-11,L,l,V,v,,,suppressed,,,suppressed,3.0,0.5,observed,9.6,0.7,observed,9.2,0.7,observed
2021M11,2021-11-01,2021-11,M,m,C,c,0.7,0.6,observed,9.9,2.1,observed,22.4,1.1,observed,8.5,0.8,observed,8.4,0.7,observed
2021M11,2021-11-01,2021-11,M,m,KD,kd,1.4,0.7,observed,26.6,3.0,observed,22.4,1.1,observed,4.4,0.6,observed,4.6,0.6,observed
2021M11,2021-11-01,2021-11,M,m,L,l,1.3,0.8,observed,15.8,2.5,observed,22.4,1.1,observed,3.0,0.5,observed,2.5,0.4,observed
2021M11,2021-11-01,2021-11,M,m,M,m,84.8,2.6,observed,0.0,0.0,observed,22.4,1.1,observed,22.4,1.1,observed,22.7,1.1,observed
2021M11,2021-11-01,2021-11,M,m,MP,mp,,,suppressed,1.1,0.7,observed,22.4,1.1,observed,4.0,0.6,observed,3.9,0.6,observed
2021M11,2021-11-01,2021-11,M,m,S,s,,,suppressed,8.2,1.8,observed,22.4,1.1,observed,30.1,1.2,observed,29.1,1.2,observed
2021M11,2021-11-01,2021-11,M,m,SD,SD,3.5,1.3,observed,19.4,2.8,observed,22.4,1.1,observed,17.0,1.0,observed,18.6,1.0,observed
2021M11,2021-11-01,2021-11,M,m,V,v,0.0,0.0,observed,0.8,0.7,observed,22.4,1.1,observed,9.6,0.7,observed,9.2,0.7,observed
2021M11,2021-11-01,2021-11,MP,mp,C,c,,,suppressed,8.7,5.0,observed,4.0,0.6,observed,8.5,0.8,observed,8.4,0.7,observed
2021M11,2021-11-01,2021-11,MP,mp,KD,kd,0.0,0.0,observed,,,suppressed,4.0,0.6,observed,4.4,0.6,observed,4.6,0.6,observed
2021M11,2021-11-01,2021-11,MP,mp,L,l,,,suppressed,2.8,2.2,observed,4.0,0.6,observed,3.0,0.5,observed,2.5,0.4,observed
2021M11,2021-11-01,2021-11,MP,mp,M,m,,,suppressed,4.3,4.3,observed,4.0,0.6,observed,22.4,1.1,observed,22.7,1.1,observed
2021M11,2021-11-01,2021-11,MP,mp,MP,mp,72.1,8.4,observed,0.0,0.0,observed,4.0,0.6,observed,4.0,0.6,observed,3.9,0.6,observed
2021M11,2021-11-01,2021-11,MP,mp,S,s,5.9,3.7,observed,35.3,8.0,observed,4.0,0.6,observed,30.1,1.2,observed,29.1,1.2,observed
2021M11,2021-11-01,2021-11,MP,mp,SD,SD,0.0,0.0,observed,,,suppressed,4.0,0.6,observed,17.0,1.0,observed,18.6,1.0,observed
2021M11,2021-11-01,2021-11,MP,mp,V,v,3.3,2.6,observed,26.4,7.8,observed,4.0,0.6,observed,9.6,0.7,observed,9.2,0.7,observed
2021M11,2021-11-01,2021-11,S,s,C,c,1.8,0.9,observed,20.2,2.4,observed,30.1,1.2,observed,8.5,0.8,observed,8.4,0.7,observed
2021M11,2021-11-01,2021-11,S,s,KD,kd,,,suppressed,1.7,1.0,observed,30.1,1.2,observed,4.4,0.6,observed,4.6,0.6,observed
2021M11,2021-11-01,2021-11,S,s,L,l,,,suppressed,3.1,1.0,observed,30.1,1.2,observed,3.0,0.5,observed,2.5,0.4,observed
2021M11,2021-11-01,2021-11,S,s,M,m,1.8,0.9,observed,8.1,1.8,observed,30.1,1.2,observed,22.4,1.1,observed,22.7,1.1,observed
2021M11,2021-11-01,2021-11,S,s,MP,mp,0.7,0.5,observed,11.6,1.9,observed,30.1,1.2,observed,4.0,0.6,observed,3.9,0.6,observed
2021M11,2021-11-01,2021-11,S,s,S,s,81.5,2.6,observed,0.0,0.0,observed,30.1,1.2,observed,30.1,1.2,observed,29.1,1.2,observed
2021M11,2021-11-01,2021-11,S,s,SD,SD,0.8,0.7,observed,4.4,1.3,observed,30.1,1.2,observed,17.0,1.0,observed,18.6,1.0,observed
2021M11,2021-11-01,2021-11,S,s,V,v,1.3,0.6,observed,23.2,2.5,observed,30.1,1.2,observed,9.6,0.7,observed,9.2,0.7,observed
2021M11,2021-11-01,2021-11,SD,SD,C,c,0.0,0.0,observed,,,suppressed,17.0,1.0,observed,8.5,0.8,observed,8.4,0.7,observed
2021M11,2021-11-01,2021-11,SD,SD,KD,kd,,,suppressed,13.6,3.0,observed,17.0,1.0,observed,4.4,0.6,observed,4.6,0.6,observed
2021M11,2021-11-01,2021-11,SD,SD,L,l,0.0,0.0,observed,1.1,1.0,observed,17.0,1.0,observed,3.0,0.5,observed,2.5,0.4,observed
2021M11,2021-11-01,2021-11,SD,SD,M,m,2.4,1.3,observed,50.5,4.4,observed,17.0,1.0,observed,22.4,1.1,observed,22.7,1.1,observed
2021M11,2021-11-01,2021-11,SD,SD,MP,mp,0.0,0.0,observed,,,suppressed,17.0,1.0,observed,4.0,0.6,observed,3.9,0.6,observed
2021M11,2021-11-01,2021-11,SD,SD,S,s,,,suppressed,5.5,1.9,observed,17.0,1.0,observed,30.1,1.2,observed,29.1,1.2,observed
2021M11,2021-11-01,2021-11,SD,SD,SD,SD,93.7,2.3,observed,0.0,0.0,observed,17.0,1.0,observed,17.0,1.0,observed,18.6,1.0,observed
2021M11,2021-11-01,2021-11,SD,SD,V,v,,,suppressed,4.0,1.8,observed,17.0,1.0,observed,9.6,0.7,observed,9.2,0.7,observed
2021M11,2021-11-01,2021-11,V,v,C,c,,,suppressed,1.7,1.4,observed,9.6,0.7,observed,8.5,0.8,observed,8.4,0.7,observed
2021M11,2021-11-01,2021-11,V,v,KD,kd,0.0,0.0,observed,,,suppressed,9.6,0.7,observed,4.4,0.6,observed,4.6,0.6,observed
2021M11,2021-11-01,2021-11,V,v,L,l,0.0,0.0,observed,,,suppressed,9.6,0.7,observed,3.0,0.5,observed,2.5,0.4,observed
2021M11,2021-11-01,2021-11,V,v,M,m,,,suppressed,,,suppressed,9.6,0.7,observed,22.4,1.1,observed,22.7,1.1,observed
2021M11,2021-11-01,2021-11,V,v,MP,mp,,,suppressed,15.0,3.6,observed,9.6,0.7,observed,4.0,0.6,observed,3.9,0.6,observed
2021M11,2021-11-01,2021-11,V,v,S,s,5.7,2.3,observed,53.6,5.2,observed,9.6,0.7,observed,30.1,1.2,observed,29.1,1.2,observed
2021M11,2021-11-01,2021-11,V,v,SD,SD,,,suppressed,2.1,1.5,observed,9.6,0.7,observed,17.0,1.0,observed,18.6,1.0,observed
2021M11,2021-11-01,2021-11,V,v,V,v,83.5,4.2,observed,0.0,0.0,observed,9.6,0.7,observed,9.6,0.7,observed,9.2,0.7,observed
2022M05,2022-05-01,2022-05,C,c,C,c,75.1,5.5,observed,0.0,0.0,observed,6.6,0.7,observed,6.6,0.7,observed,6.7,0.7,observed
2022M05,2022-05-01,2022-05,C,c,KD,kd,,,suppressed,2.8,2.0,observed,6.6,0.7,observed,5.1,0.6,observed,5.2,0.6,observed
2022M05,2022-05-01,2022-05,C,c,L,l,,,suppressed,12.0,4.0,observed,6.6,0.7,observed,3.6,0.5,observed,3.4,0.5,observed
2022M05,2022-05-01,2022-05,C,c,M,m,1.7,1.7,observed,19.8,5.3,observed,6.6,0.7,observed,21.4,1.2,observed,21.3,1.1,observed
2022M05,2022-05-01,2022-05,C,c,MP,mp,0.0,0.0,observed,6.4,3.7,observed,6.6,0.7,observed,3.4,0.6,observed,3.3,0.5,observed
2022M05,2022-05-01,2022-05,C,c,S,s,5.9,2.9,observed,42.9,6.5,observed,6.6,0.7,observed,33.0,1.3,observed,33.3,1.3,observed
2022M05,2022-05-01,2022-05,C,c,SD,SD,0.0,0.0,observed,,,suppressed,6.6,0.7,observed,16.5,1.0,observed,17.0,1.0,observed
2022M05,2022-05-01,2022-05,C,c,V,v,0.0,0.0,observed,,,suppressed,6.6,0.7,observed,8.4,0.8,observed,7.8,0.7,observed
2022M05,2022-05-01,2022-05,KD,kd,C,c,,,suppressed,4.3,3.0,observed,5.1,0.6,observed,6.6,0.7,observed,6.7,0.7,observed
2022M05,2022-05-01,2022-05,KD,kd,KD,kd,82.8,5.6,observed,0.0,0.0,observed,5.1,0.6,observed,5.1,0.6,observed,5.2,0.6,observed
2022M05,2022-05-01,2022-05,KD,kd,L,l,,,suppressed,8.3,4.0,observed,5.1,0.6,observed,3.6,0.5,observed,3.4,0.5,observed
2022M05,2022-05-01,2022-05,KD,kd,M,m,4.6,3.2,observed,53.9,7.5,observed,5.1,0.6,observed,21.4,1.2,observed,21.3,1.1,observed
2022M05,2022-05-01,2022-05,KD,kd,MP,mp,0.0,0.0,observed,,,suppressed,5.1,0.6,observed,3.4,0.6,observed,3.3,0.5,observed
2022M05,2022-05-01,2022-05,KD,kd,S,s,0.0,0.0,observed,6.2,3.6,observed,5.1,0.6,observed,33.0,1.3,observed,33.3,1.3,observed
2022M05,2022-05-01,2022-05,KD,kd,SD,SD,,,suppressed,12.4,4.9,observed,5.1,0.6,observed,16.5,1.0,observed,17.0,1.0,observed
2022M05,2022-05-01,2022-05,KD,kd,V,v,0.0,0.0,observed,,,suppressed,5.1,0.6,observed,8.4,0.8,observed,7.8,0.7,observed
2022M05,2022-05-01,2022-05,L,l,C,c,4.8,3.2,observed,24.8,6.8,observed,3.6,0.5,observed,6.6,0.7,observed,6.7,0.7,observed
2022M05,2022-05-01,2022-05,L,l,KD,kd,,,suppressed,7.3,4.1,observed,3.6,0.5,observed,5.1,0.6,observed,5.2,0.6,observed
2022M05,2022-05-01,2022-05,L,l,L,l,66.6,7.5,observed,0.0,0.0,observed,3.6,0.5,observed,3.6,0.5,observed,3.4,0.5,observed
2022M05,2022-05-01,2022-05,L,l,M,m,3.9,2.7,observed,28.2,6.9,observed,3.6,0.5,observed,21.4,1.2,observed,21.3,1.1,observed
2022M05,2022-05-01,2022-05,L,l,MP,mp,,,suppressed,4.3,3.2,observed,3.6,0.5,observed,3.4,0.6,observed,3.3,0.5,observed
2022M05,2022-05-01,2022-05,L,l,S,s,7.5,3.9,observed,19.1,6.2,observed,3.6,0.5,observed,33.0,1.3,observed,33.3,1.3,observed
2022M05,2022-05-01,2022-05,L,l,SD,SD,0.0,0.0,observed,,,suppressed,3.6,0.5,observed,16.5,1.0,observed,17.0,1.0,observed
2022M05,2022-05-01,2022-05,L,l,V,v,,,suppressed,,,suppressed,3.6,0.5,observed,8.4,0.8,observed,7.8,0.7,observed
2022M05,2022-05-01,2022-05,M,m,C,c,0.8,0.6,observed,8.3,1.9,observed,21.4,1.2,observed,6.6,0.7,observed,6.7,0.7,observed
2022M05,2022-05-01,2022-05,M,m,KD,kd,1.0,0.7,observed,25.2,3.1,observed,21.4,1.2,observed,5.1,0.6,observed,5.2,0.6,observed
2022M05,2022-05-01,2022-05,M,m,L,l,0.7,0.6,observed,12.5,2.4,observed,21.4,1.2,observed,3.6,0.5,observed,3.4,0.5,observed
2022M05,2022-05-01,2022-05,M,m,M,m,82.1,3.0,observed,0.0,0.0,observed,21.4,1.2,observed,21.4,1.2,observed,21.3,1.1,observed
2022M05,2022-05-01,2022-05,M,m,MP,mp,0.0,0.0,observed,0.8,0.6,observed,21.4,1.2,observed,3.4,0.6,observed,3.3,0.5,observed
2022M05,2022-05-01,2022-05,M,m,S,s,2.9,1.2,observed,12.0,2.4,observed,21.4,1.2,observed,33.0,1.3,observed,33.3,1.3,observed
2022M05,2022-05-01,2022-05,M,m,SD,SD,2.9,1.2,observed,18.4,2.8,observed,21.4,1.2,observed,16.5,1.0,observed,17.0,1.0,observed
2022M05,2022-05-01,2022-05,M,m,V,v,0.0,0.0,observed,1.1,1.0,observed,21.4,1.2,observed,8.4,0.8,observed,7.8,0.7,observed
2022M05,2022-05-01,2022-05,MP,mp,C,c,,,suppressed,8.2,4.5,observed,3.4,0.6,observed,6.6,0.7,observed,6.7,0.7,observed
2022M05,2022-05-01,2022-05,MP,mp,KD,kd,0.0,0.0,observed,,,suppressed,3.4,0.6,observed,5.1,0.6,observed,5.2,0.6,observed
2022M05,2022-05-01,2022-05,MP,mp,L,l,0.0,0.0,observed,,,suppressed,3.4,0.6,observed,3.6,0.5,observed,3.4,0.5,observed
2022M05,2022-05-01,2022-05,MP,mp,M,m,,,suppressed,3.7,3.3,observed,3.4,0.6,observed,21.4,1.2,observed,21.3,1.1,observed
2022M05,2022-05-01,2022-05,MP,mp,MP,mp,63.4,9.4,observed,0.0,0.0,observed,3.4,0.6,observed,3.4,0.6,observed,3.3,0.5,observed
2022M05,2022-05-01,2022-05,MP,mp,S,s,8.7,4.7,observed,46.7,9.3,observed,3.4,0.6,observed,33.0,1.3,observed,33.3,1.3,observed
2022M05,2022-05-01,2022-05,MP,mp,SD,SD,,,suppressed,,,suppressed,3.4,0.6,observed,16.5,1.0,observed,17.0,1.0,observed
2022M05,2022-05-01,2022-05,MP,mp,V,v,,,suppressed,14.7,5.8,observed,3.4,0.6,observed,8.4,0.8,observed,7.8,0.7,observed
2022M05,2022-05-01,2022-05,S,s,C,c,0.6,0.4,observed,20.0,2.3,observed,33.0,1.3,observed,6.6,0.7,observed,6.7,0.7,observed
2022M05,2022-05-01,2022-05,S,s,KD,kd,0.5,0.4,observed,1.4,0.7,observed,33.0,1.3,observed,5.1,0.6,observed,5.2,0.6,observed
2022M05,2022-05-01,2022-05,S,s,L,l,,,suppressed,3.7,1.1,observed,33.0,1.3,observed,3.6,0.5,observed,3.4,0.5,observed
2022M05,2022-05-01,2022-05,S,s,M,m,1.2,0.7,observed,10.7,1.9,observed,33.0,1.3,observed,21.4,1.2,observed,21.3,1.1,observed
2022M05,2022-05-01,2022-05,S,s,MP,mp,0.6,0.5,observed,9.1,1.6,observed,33.0,1.3,observed,3.4,0.6,observed,3.3,0.5,observed
2022M05,2022-05-01,2022-05,S,s,S,s,84.7,2.3,observed,0.0,0.0,observed,33.0,1.3,observed,33.0,1.3,observed,33.3,1.3,observed
2022M05,2022-05-01,2022-05,S,s,SD,SD,0.6,0.5,observed,3.7,1.3,observed,33.0,1.3,observed,16.5,1.0,observed,17.0,1.0,observed
2022M05,2022-05-01,2022-05,S,s,V,v,0.9,0.5,observed,24.9,2.5,observed,33.0,1.3,observed,8.4,0.8,observed,7.8,0.7,observed
2022M05,2022-05-01,2022-05,SD,SD,C,c,,,suppressed,,,suppressed,16.5,1.0,observed,6.6,0.7,observed,6.7,0.7,observed
2022M05,2022-05-01,2022-05,SD,SD,KD,kd,0.9,0.8,observed,22.6,3.9,observed,16.5,1.0,observed,5.1,0.6,observed,5.2,0.6,observed
2022M05,2022-05-01,2022-05,SD,SD,L,l,,,suppressed,1.4,1.1,observed,16.5,1.0,observed,3.6,0.5,observed,3.4,0.5,observed
2022M05,2022-05-01,2022-05,SD,SD,M,m,2.5,1.6,observed,41.6,4.5,observed,16.5,1.0,observed,21.4,1.2,observed,21.3,1.1,observed
2022M05,2022-05-01,2022-05,SD,SD,MP,mp,0.0,0.0,observed,2.5,2.0,observed,16.5,1.0,observed,3.4,0.6,observed,3.3,0.5,observed
2022M05,2022-05-01,2022-05,SD,SD,S,s,,,suppressed,6.6,2.2,observed,16.5,1.0,observed,33.0,1.3,observed,33.3,1.3,observed
2022M05,2022-05-01,2022-05,SD,SD,SD,SD,89.6,3.1,observed,0.0,0.0,observed,16.5,1.0,observed,16.5,1.0,observed,17.0,1.0,observed
2022M05,2022-05-01,2022-05,SD,SD,V,v,0.0,0.0,observed,1.2,1.1,observed,16.5,1.0,observed,8.4,0.8,observed,7.8,0.7,observed
2022M05,2022-05-01,2022-05,V,v,C,c,,,suppressed,4.3,2.9,observed,8.4,0.8,observed,6.6,0.7,observed,6.7,0.7,observed
2022M05,2022-05-01,2022-05,V,v,KD,kd,0.0,0.0,observed,,,suppressed,8.4,0.8,observed,5.1,0.6,observed,5.2,0.6,observed
2022M05,2022-05-01,2022-05,V,v,L,l,0.0,0.0,observed,,,suppressed,8.4,0.8,observed,3.6,0.5,observed,3.4,0.5,observed
2022M05,2022-05-01,2022-05,V,v,M,m,,,suppressed,1.6,1.4,observed,8.4,0.8,observed,21.4,1.2,observed,21.3,1.1,observed
2022M05,2022-05-01,2022-05,V,v,MP,mp,,,suppressed,16.3,4.2,observed,8.4,0.8,observed,3.4,0.6,observed,3.3,0.5,observed
2022M05,2022-05-01,2022-05,V,v,S,s,7.7,3.2,observed,55.3,5.9,observed,8.4,0.8,observed,33.0,1.3,observed,33.3,1.3,observed
2022M05,2022-05-01,2022-05,V,v,SD,SD,,,suppressed,1.1,1.1,observed,8.4,0.8,observed,16.5,1.0,observed,17.0,1.0,observed
2022M05,2022-05-01,2022-05,V,v,V,v,79.4,5.0,observed,0.0,0.0,observed,8.4,0.8,observed,8.4,0.8,observed,7.8,0.7,observed
2022M11,2022-11-01,2022-11,C,c,C,c,75.6,6.1,observed,0.0,0.0,observed,5.3,0.5,observed,5.3,0.5,observed,5.4,0.5,observed
2022M11,2022-11-01,2022-11,C,c,KD,kd,1.6,1.5,observed,2.8,2.1,observed,5.3,0.5,observed,5.0,0.5,observed,4.9,0.5,observed
2022M11,2022-11-01,2022-11,C,c,L,l,,,suppressed,16.0,4.7,observed,5.3,0.5,observed,4.9,0.6,observed,4.1,0.5,observed
2022M11,2022-11-01,2022-11,C,c,M,m,,,suppressed,11.6,4.2,observed,5.3,0.5,observed,19.4,1.0,observed,18.9,0.9,observed
2022M11,2022-11-01,2022-11,C,c,MP,mp,,,suppressed,6.0,3.2,observed,5.3,0.5,observed,4.6,0.5,observed,4.4,0.5,observed
2022M11,2022-11-01,2022-11,C,c,S,s,11.3,4.1,observed,43.8,6.9,observed,5.3,0.5,observed,32.8,1.2,observed,34.6,1.2,observed
2022M11,2022-11-01,2022-11,C,c,SD,SD,0.0,0.0,observed,0.0,0.0,observed,5.3,0.5,observed,18.1,0.9,observed,18.2,0.8,observed
2022M11,2022-11-01,2022-11,C,c,V,v,,,suppressed,3.0,2.4,observed,5.3,0.5,observed,8.2,0.8,observed,7.6,0.8,observed
2022M11,2022-11-01,2022-11,KD,kd,C,c,,,suppressed,4.3,2.9,observed,5.0,0.5,observed,5.3,0.5,observed,5.4,0.5,observed
2022M11,2022-11-01,2022-11,KD,kd,KD,kd,78.5,6.6,observed,0.0,0.0,observed,5.0,0.5,observed,5.0,0.5,observed,4.9,0.5,observed
2022M11,2022-11-01,2022-11,KD,kd,L,l,,,suppressed,8.0,3.6,observed,5.0,0.5,observed,4.9,0.6,observed,4.1,0.5,observed
2022M11,2022-11-01,2022-11,KD,kd,M,m,6.0,3.5,observed,53.3,7.7,observed,5.0,0.5,observed,19.4,1.0,observed,18.9,0.9,observed
2022M11,2022-11-01,2022-11,KD,kd,MP,mp,0.0,0.0,observed,,,suppressed,5.0,0.5,observed,4.6,0.5,observed,4.4,0.5,observed
2022M11,2022-11-01,2022-11,KD,kd,S,s,,,suppressed,4.1,2.6,observed,5.0,0.5,observed,32.8,1.2,observed,34.6,1.2,observed
2022M11,2022-11-01,2022-11,KD,kd,SD,SD,4.4,3.4,observed,15.0,6.1,observed,5.0,0.5,observed,18.1,0.9,observed,18.2,0.8,observed
2022M11,2022-11-01,2022-11,KD,kd,V,v,0.0,0.0,observed,,,suppressed,5.0,0.5,observed,8.2,0.8,observed,7.6,0.8,observed
2022M11,2022-11-01,2022-11,L,l,C,c,7.7,3.6,observed,17.3,5.2,observed,4.9,0.6,observed,5.3,0.5,observed,5.4,0.5,observed
2022M11,2022-11-01,2022-11,L,l,KD,kd,0.0,0.0,observed,,,suppressed,4.9,0.6,observed,5.0,0.5,observed,4.9,0.5,observed
2022M11,2022-11-01,2022-11,L,l,L,l,66.1,7.1,observed,0.0,0.0,observed,4.9,0.6,observed,4.9,0.6,observed,4.1,0.5,observed
2022M11,2022-11-01,2022-11,L,l,M,m,6.2,3.3,observed,39.7,7.2,observed,4.9,0.6,observed,19.4,1.0,observed,18.9,0.9,observed
2022M11,2022-11-01,2022-11,L,l,MP,mp,,,suppressed,4.7,4.2,observed,4.9,0.6,observed,4.6,0.5,observed,4.4,0.5,observed
2022M11,2022-11-01,2022-11,L,l,S,s,11.8,5.3,observed,21.2,7.1,observed,4.9,0.6,observed,32.8,1.2,observed,34.6,1.2,observed
2022M11,2022-11-01,2022-11,L,l,SD,SD,,,suppressed,2.7,2.4,observed,4.9,0.6,observed,18.1,0.9,observed,18.2,0.8,observed
2022M11,2022-11-01,2022-11,L,l,V,v,0.0,0.0,observed,,,suppressed,4.9,0.6,observed,8.2,0.8,observed,7.6,0.8,observed
2022M11,2022-11-01,2022-11,M,m,C,c,0.7,0.6,observed,4.2,1.6,observed,19.4,1.0,observed,5.3,0.5,observed,5.4,0.5,observed
2022M11,2022-11-01,2022-11,M,m,KD,kd,1.4,0.8,observed,25.4,3.3,observed,19.4,1.0,observed,5.0,0.5,observed,4.9,0.5,observed
2022M11,2022-11-01,2022-11,M,m,L,l,1.8,1.0,observed,16.7,2.7,observed,19.4,1.0,observed,4.9,0.6,observed,4.1,0.5,observed
2022M11,2022-11-01,2022-11,M,m,M,m,82.9,3.2,observed,0.0,0.0,observed,19.4,1.0,observed,19.4,1.0,observed,18.9,0.9,observed
2022M11,2022-11-01,2022-11,M,m,MP,mp,,,suppressed,,,suppressed,19.4,1.0,observed,4.6,0.5,observed,4.4,0.5,observed
2022M11,2022-11-01,2022-11,M,m,S,s,1.6,0.9,observed,11.8,2.7,observed,19.4,1.0,observed,32.8,1.2,observed,34.6,1.2,observed
2022M11,2022-11-01,2022-11,M,m,SD,SD,3.8,1.6,observed,20.9,3.1,observed,19.4,1.0,observed,18.1,0.9,observed,18.2,0.8,observed
2022M11,2022-11-01,2022-11,M,m,V,v,0.0,0.0,observed,0.9,0.7,observed,19.4,1.0,observed,8.2,0.8,observed,7.6,0.8,observed
2022M11,2022-11-01,2022-11,MP,mp,C,c,,,suppressed,9.1,4.1,observed,4.6,0.5,observed,5.3,0.5,observed,5.4,0.5,observed
2022M11,2022-11-01,2022-11,MP,mp,KD,kd,0.0,0.0,observed,,,suppressed,4.6,0.5,observed,5.0,0.5,observed,4.9,0.5,observed
2022M11,2022-11-01,2022-11,MP,mp,L,l,,,suppressed,2.4,2.2,observed,4.6,0.5,observed,4.9,0.6,observed,4.1,0.5,observed
2022M11,2022-11-01,2022-11,MP,mp,M,m,,,suppressed,,,suppressed,4.6,0.5,observed,19.4,1.0,observed,18.9,0.9,observed
2022M11,2022-11-01,2022-11,MP,mp,MP,mp,77.1,6.7,observed,0.0,0.0,observed,4.6,0.5,observed,4.6,0.5,observed,4.4,0.5,observed
2022M11,2022-11-01,2022-11,MP,mp,S,s,11.4,4.6,observed,45.5,7.4,observed,4.6,0.5,observed,32.8,1.2,observed,34.6,1.2,observed
2022M11,2022-11-01,2022-11,MP,mp,SD,SD,,,suppressed,,,suppressed,4.6,0.5,observed,18.1,0.9,observed,18.2,0.8,observed
2022M11,2022-11-01,2022-11,MP,mp,V,v,,,suppressed,26.4,6.1,observed,4.6,0.5,observed,8.2,0.8,observed,7.6,0.8,observed
2022M11,2022-11-01,2022-11,S,s,C,c,1.1,0.6,observed,22.9,2.5,observed,32.8,1.2,observed,5.3,0.5,observed,5.4,0.5,observed
2022M11,2022-11-01,2022-11,S,s,KD,kd,,,suppressed,1.8,1.0,observed,32.8,1.2,observed,5.0,0.5,observed,4.9,0.5,observed
2022M11,2022-11-01,2022-11,S,s,L,l,,,suppressed,5.3,1.5,observed,32.8,1.2,observed,4.9,0.6,observed,4.1,0.5,observed
2022M11,2022-11-01,2022-11,S,s,M,m,1.4,1.0,observed,9.0,1.8,observed,32.8,1.2,observed,19.4,1.0,observed,18.9,0.9,observed
2022M11,2022-11-01,2022-11,S,s,MP,mp,0.5,0.4,observed,11.6,1.9,observed,32.8,1.2,observed,4.6,0.5,observed,4.4,0.5,observed
2022M11,2022-11-01,2022-11,S,s,S,s,89.0,2.3,observed,0.0,0.0,observed,32.8,1.2,observed,32.8,1.2,observed,34.6,1.2,observed
2022M11,2022-11-01,2022-11,S,s,SD,SD,0.7,0.5,observed,3.1,1.1,observed,32.8,1.2,observed,18.1,0.9,observed,18.2,0.8,observed
2022M11,2022-11-01,2022-11,S,s,V,v,0.8,0.5,observed,21.8,2.4,observed,32.8,1.2,observed,8.2,0.8,observed,7.6,0.8,observed
2022M11,2022-11-01,2022-11,SD,SD,C,c,0.0,0.0,observed,,,suppressed,18.1,0.9,observed,5.3,0.5,observed,5.4,0.5,observed
2022M11,2022-11-01,2022-11,SD,SD,KD,kd,1.1,1.0,observed,19.2,3.5,observed,18.1,0.9,observed,5.0,0.5,observed,4.9,0.5,observed
2022M11,2022-11-01,2022-11,SD,SD,L,l,,,suppressed,1.5,1.1,observed,18.1,0.9,observed,4.9,0.6,observed,4.1,0.5,observed
2022M11,2022-11-01,2022-11,SD,SD,M,m,1.6,1.0,observed,43.3,4.5,observed,18.1,0.9,observed,19.4,1.0,observed,18.9,0.9,observed
2022M11,2022-11-01,2022-11,SD,SD,MP,mp,0.0,0.0,observed,,,suppressed,18.1,0.9,observed,4.6,0.5,observed,4.4,0.5,observed
2022M11,2022-11-01,2022-11,SD,SD,S,s,1.4,1.3,observed,10.7,2.8,observed,18.1,0.9,observed,32.8,1.2,observed,34.6,1.2,observed
2022M11,2022-11-01,2022-11,SD,SD,SD,SD,91.1,2.8,observed,0.0,0.0,observed,18.1,0.9,observed,18.1,0.9,observed,18.2,0.8,observed
2022M11,2022-11-01,2022-11,SD,SD,V,v,,,suppressed,2.1,1.6,observed,18.1,0.9,observed,8.2,0.8,observed,7.6,0.8,observed
2022M11,2022-11-01,2022-11,V,v,C,c,,,suppressed,3.3,1.9,observed,8.2,0.8,observed,5.3,0.5,observed,5.4,0.5,observed
2022M11,2022-11-01,2022-11,V,v,KD,kd,0.0,0.0,observed,0.0,0.0,observed,8.2,0.8,observed,5.0,0.5,observed,4.9,0.5,observed
2022M11,2022-11-01,2022-11,V,v,L,l,,,suppressed,,,suppressed,8.2,0.8,observed,4.9,0.6,observed,4.1,0.5,observed
2022M11,2022-11-01,2022-11,V,v,M,m,,,suppressed,1.5,1.5,observed,8.2,0.8,observed,19.4,1.0,observed,18.9,0.9,observed
2022M11,2022-11-01,2022-11,V,v,MP,mp,4.3,2.0,observed,22.3,4.7,observed,8.2,0.8,observed,4.6,0.5,observed,4.4,0.5,observed
2022M11,2022-11-01,2022-11,V,v,S,s,11.7,4.0,observed,52.3,6.3,observed,8.2,0.8,observed,32.8,1.2,observed,34.6,1.2,observed
2022M11,2022-11-01,2022-11,V,v,SD,SD,0.0,0.0,observed,,,suppressed,8.2,0.8,observed,18.1,0.9,observed,18.2,0.8,observed
2022M11,2022-11-01,2022-11,V,v,V,v,75.7,5.6,observed,0.0,0.0,observed,8.2,0.8,observed,8.2,0.8,observed,7.6,0.8,observed
2023M05,2023-05-01,2023-05,C,c,C,c,70.2,6.8,observed,0.0,0.0,observed,4.4,0.5,observed,4.4,0.5,observed,4.2,0.5,observed
2023M05,2023-05-01,2023-05,C,c,KD,kd,,,suppressed,4.7,2.9,observed,4.4,0.5,observed,3.7,0.5,observed,3.7,0.5,observed
2023M05,2023-05-01,2023-05,C,c,L,l,,,suppressed,20.9,5.6,observed,4.4,0.5,observed,3.8,0.5,observed,3.4,0.4,observed
2023M05,2023-05-01,2023-05,C,c,M,m,2.1,2.1,observed,9.8,5.2,observed,4.4,0.5,observed,19.7,1.0,observed,19.1,1.0,observed
2023M05,2023-05-01,2023-05,C,c,MP,mp,,,suppressed,6.7,3.6,observed,4.4,0.5,observed,4.4,0.5,observed,4.1,0.5,observed
2023M05,2023-05-01,2023-05,C,c,S,s,12.7,4.7,observed,35.5,7.1,observed,4.4,0.5,observed,36.7,1.3,observed,38.6,1.3,observed
2023M05,2023-05-01,2023-05,C,c,SD,SD,,,suppressed,,,suppressed,4.4,0.5,observed,17.3,1.0,observed,18.0,1.0,observed
2023M05,2023-05-01,2023-05,C,c,V,v,0.0,0.0,observed,2.0,2.0,observed,4.4,0.5,observed,8.0,0.7,observed,7.3,0.7,observed
2023M05,2023-05-01,2023-05,KD,kd,C,c,,,suppressed,4.2,3.4,observed,3.7,0.5,observed,4.4,0.5,observed,4.2,0.5,observed
2023M05,2023-05-01,2023-05,KD,kd,KD,kd,70.4,8.3,observed,0.0,0.0,observed,3.7,0.5,observed,3.7,0.5,observed,3.7,0.5,observed
2023M05,2023-05-01,2023-05,KD,kd,L,l,0.0,0.0,observed,4.7,3.3,observed,3.7,0.5,observed,3.8,0.5,observed,3.4,0.4,observed
2023M05,2023-05-01,2023-05,KD,kd,M,m,5.6,3.7,observed,50.3,8.9,observed,3.7,0.5,observed,19.7,1.0,observed,19.1,1.0,observed
2023M05,2023-05-01,2023-05,KD,kd,MP,mp,0.0,0.0,observed,,,suppressed,3.7,0.5,observed,4.4,0.5,observed,4.1,0.5,observed
2023M05,2023-05-01,2023-05,KD,kd,S,s,,,suppressed,5.4,3.6,observed,3.7,0.5,observed,36.7,1.3,observed,38.6,1.3,observed
2023M05,2023-05-01,2023-05,KD,kd,SD,SD,8.0,4.9,observed,17.1,6.7,observed,3.7,0.5,observed,17.3,1.0,observed,18.0,1.0,observed
2023M05,2023-05-01,2023-05,KD,kd,V,v,0.0,0.0,observed,,,suppressed,3.7,0.5,observed,8.0,0.7,observed,7.3,0.7,observed
2023M05,2023-05-01,2023-05,L,l,C,c,4.3,3.1,observed,11.7,4.5,observed,3.8,0.5,observed,4.4,0.5,observed,4.2,0.5,observed
2023M05,2023-05-01,2023-05,L,l,KD,kd,0.0,0.0,observed,6.6,4.0,observed,3.8,0.5,observed,3.7,0.5,observed,3.7,0.5,observed
2023M05,2023-05-01,2023-05,L,l,L,l,61.2,7.8,observed,0.0,0.0,observed,3.8,0.5,observed,3.8,0.5,observed,3.4,0.4,observed
2023M05,2023-05-01,2023-05,L,l,M,m,5.6,3.5,observed,41.0,7.8,observed,3.8,0.5,observed,19.7,1.0,observed,19.1,1.0,observed
2023M05,2023-05-01,2023-05,L,l,MP,mp,0.0,0.0,observed,,,suppressed,3.8,0.5,observed,4.4,0.5,observed,4.1,0.5,observed
2023M05,2023-05-01,2023-05,L,l,S,s,8.0,3.8,observed,19.4,6.5,observed,3.8,0.5,observed,36.7,1.3,observed,38.6,1.3,observed
2023M05,2023-05-01,2023-05,L,l,SD,SD,,,suppressed,2.8,2.8,observed,3.8,0.5,observed,17.3,1.0,observed,18.0,1.0,observed
2023M05,2023-05-01,2023-05,L,l,V,v,0.0,0.0,observed,,,suppressed,3.8,0.5,observed,8.0,0.7,observed,7.3,0.7,observed
2023M05,2023-05-01,2023-05,M,m,C,c,,,suppressed,3.9,1.3,observed,19.7,1.0,observed,4.4,0.5,observed,4.2,0.5,observed
2023M05,2023-05-01,2023-05,M,m,KD,kd,0.9,0.6,observed,21.1,2.9,observed,19.7,1.0,observed,3.7,0.5,observed,3.7,0.5,observed
2023M05,2023-05-01,2023-05,M,m,L,l,0.8,0.7,observed,18.8,2.8,observed,19.7,1.0,observed,3.8,0.5,observed,3.4,0.4,observed
2023M05,2023-05-01,2023-05,M,m,M,m,79.7,3.1,observed,0.0,0.0,observed,19.7,1.0,observed,19.7,1.0,observed,19.1,1.0,observed
2023M05,2023-05-01,2023-05,M,m,MP,mp,,,suppressed,1.1,1.0,observed,19.7,1.0,observed,4.4,0.5,observed,4.1,0.5,observed
2023M05,2023-05-01,2023-05,M,m,S,s,3.3,1.2,observed,15.9,2.9,observed,19.7,1.0,observed,36.7,1.3,observed,38.6,1.3,observed
2023M05,2023-05-01,2023-05,M,m,SD,SD,2.1,1.1,observed,19.1,2.9,observed,19.7,1.0,observed,17.3,1.0,observed,18.0,1.0,observed
2023M05,2023-05-01,2023-05,M,m,V,v,,,suppressed,0.6,0.6,observed,19.7,1.0,observed,8.0,0.7,observed,7.3,0.7,observed
2023M05,2023-05-01,2023-05,MP,mp,C,c,0.0,0.0,observed,5.4,3.1,observed,4.4,0.5,observed,4.4,0.5,observed,4.2,0.5,observed
2023M05,2023-05-01,2023-05,MP,mp,KD,kd,0.0,0.0,observed,,,suppressed,4.4,0.5,observed,3.7,0.5,observed,3.7,0.5,observed
2023M05,2023-05-01,2023-05,MP,mp,L,l,,,suppressed,,,suppressed,4.4,0.5,observed,3.8,0.5,observed,3.4,0.4,observed
2023M05,2023-05-01,2023-05,MP,mp,M,m,,,suppressed,,,suppressed,4.4,0.5,observed,19.7,1.0,observed,19.1,1.0,observed
2023M05,2023-05-01,2023-05,MP,mp,MP,mp,73.7,6.6,observed,0.0,0.0,observed,4.4,0.5,observed,4.4,0.5,observed,4.1,0.5,observed
2023M05,2023-05-01,2023-05,MP,mp,S,s,13.9,4.7,observed,49.6,7.7,observed,4.4,0.5,observed,36.7,1.3,observed,38.6,1.3,observed
2023M05,2023-05-01,2023-05,MP,mp,SD,SD,0.0,0.0,observed,,,suppressed,4.4,0.5,observed,17.3,1.0,observed,18.0,1.0,observed
2023M05,2023-05-01,2023-05,MP,mp,V,v,4.0,3.0,observed,23.8,6.1,observed,4.4,0.5,observed,8.0,0.7,observed,7.3,0.7,observed
2023M05,2023-05-01,2023-05,S,s,C,c,0.6,0.4,observed,18.9,2.1,observed,36.7,1.3,observed,4.4,0.5,observed,4.2,0.5,observed
2023M05,2023-05-01,2023-05,S,s,KD,kd,,,suppressed,1.7,1.0,observed,36.7,1.3,observed,3.7,0.5,observed,3.7,0.5,observed
2023M05,2023-05-01,2023-05,S,s,L,l,,,suppressed,5.2,1.2,observed,36.7,1.3,observed,3.8,0.5,observed,3.4,0.4,observed
2023M05,2023-05-01,2023-05,S,s,M,m,1.0,0.5,observed,10.0,1.8,observed,36.7,1.3,observed,19.7,1.0,observed,19.1,1.0,observed
2023M05,2023-05-01,2023-05,S,s,MP,mp,0.7,0.6,observed,12.8,1.8,observed,36.7,1.3,observed,4.4,0.5,observed,4.1,0.5,observed
2023M05,2023-05-01,2023-05,S,s,S,s,85.4,2.2,observed,0.0,0.0,observed,36.7,1.3,observed,36.7,1.3,observed,38.6,1.3,observed
2023M05,2023-05-01,2023-05,S,s,SD,SD,0.7,0.6,observed,3.7,1.2,observed,36.7,1.3,observed,17.3,1.0,observed,18.0,1.0,observed
2023M05,2023-05-01,2023-05,S,s,V,v,1.3,0.7,observed,20.9,2.2,observed,36.7,1.3,observed,8.0,0.7,observed,7.3,0.7,observed
2023M05,2023-05-01,2023-05,SD,SD,C,c,0.0,0.0,observed,,,suppressed,17.3,1.0,observed,4.4,0.5,observed,4.2,0.5,observed
2023M05,2023-05-01,2023-05,SD,SD,KD,kd,,,suppressed,13.0,3.0,observed,17.3,1.0,observed,3.7,0.5,observed,3.7,0.5,observed
2023M05,2023-05-01,2023-05,SD,SD,L,l,,,suppressed,1.0,0.8,observed,17.3,1.0,observed,3.8,0.5,observed,3.4,0.4,observed
2023M05,2023-05-01,2023-05,SD,SD,M,m,1.8,1.1,observed,48.1,4.7,observed,17.3,1.0,observed,19.7,1.0,observed,19.1,1.0,observed
2023M05,2023-05-01,2023-05,SD,SD,MP,mp,,,suppressed,1.6,1.3,observed,17.3,1.0,observed,4.4,0.5,observed,4.1,0.5,observed
2023M05,2023-05-01,2023-05,SD,SD,S,s,1.1,0.9,observed,7.9,2.5,observed,17.3,1.0,observed,36.7,1.3,observed,38.6,1.3,observed
2023M05,2023-05-01,2023-05,SD,SD,SD,SD,86.1,3.4,observed,0.0,0.0,observed,17.3,1.0,observed,17.3,1.0,observed,18.0,1.0,observed
2023M05,2023-05-01,2023-05,SD,SD,V,v,0.0,0.0,observed,1.3,1.0,observed,17.3,1.0,observed,8.0,0.7,observed,7.3,0.7,observed
2023M05,2023-05-01,2023-05,V,v,C,c,0.0,0.0,observed,,,suppressed,8.0,0.7,observed,4.4,0.5,observed,4.2,0.5,observed
2023M05,2023-05-01,2023-05,V,v,KD,kd,0.0,0.0,observed,,,suppressed,8.0,0.7,observed,3.7,0.5,observed,3.7,0.5,observed
2023M05,2023-05-01,2023-05,V,v,L,l,,,suppressed,1.2,1.2,observed,8.0,0.7,observed,3.8,0.5,observed,3.4,0.4,observed
2023M05,2023-05-01,2023-05,V,v,M,m,,,suppressed,1.7,1.5,observed,8.0,0.7,observed,19.7,1.0,observed,19.1,1.0,observed
2023M05,2023-05-01,2023-05,V,v,MP,mp,2.5,1.7,observed,24.3,5.1,observed,8.0,0.7,observed,4.4,0.5,observed,4.1,0.5,observed
2023M05,2023-05-01,2023-05,V,v,S,s,10.9,3.9,observed,51.7,5.9,observed,8.0,0.7,observed,36.7,1.3,observed,38.6,1.3,observed
2023M05,2023-05-01,2023-05,V,v,SD,SD,,,suppressed,1.3,1.3,observed,8.0,0.7,observed,17.3,1.0,observed,18.0,1.0,observed
2023M05,2023-05-01,2023-05,V,v,V,v,76.3,5.3,observed,0.0,0.0,observed,8.0,0.7,observed,8.0,0.7,observed,7.3,0.7,observed
2024M05,2024-05-01,2024-05,C,c,C,c,67.7,7.7,observed,0.0,0.0,observed,4.9,0.7,observed,4.9,0.7,observed,4.5,0.6,observed
2024M05,2024-05-01,2024-05,C,c,KD,kd,,,suppressed,2.0,2.0,observed,4.9,0.7,observed,3.1,0.5,observed,2.8,0.5,observed
2024M05,2024-05-01,2024-05,C,c,L,l,0.0,0.0,observed,17.4,5.9,observed,4.9,0.7,observed,3.6,0.5,observed,3.2,0.5,observed
2024M05,2024-05-01,2024-05,C,c,M,m,5.0,3.1,observed,14.3,5.0,observed,4.9,0.7,observed,19.7,1.1,observed,19.8,1.1,observed
2024M05,2024-05-01,2024-05,C,c,MP,mp,,,suppressed,5.6,3.1,observed,4.9,0.7,observed,5.1,0.6,observed,5.2,0.6,observed
2024M05,2024-05-01,2024-05,C,c,S,s,7.8,4.6,observed,36.4,7.5,observed,4.9,0.7,observed,34.1,1.3,observed,35.0,1.3,observed
2024M05,2024-05-01,2024-05,C,c,SD,SD,,,suppressed,,,suppressed,4.9,0.7,observed,18.5,1.0,observed,19.5,1.0,observed
2024M05,2024-05-01,2024-05,C,c,V,v,0.0,0.0,observed,,,suppressed,4.9,0.7,observed,8.8,0.8,observed,8.2,0.8,observed
2024M05,2024-05-01,2024-05,KD,kd,C,c,,,suppressed,7.8,5.0,observed,3.1,0.5,observed,4.9,0.7,observed,4.5,0.6,observed
2024M05,2024-05-01,2024-05,KD,kd,KD,kd,61.6,9.5,observed,0.0,0.0,observed,3.1,0.5,observed,3.1,0.5,observed,2.8,0.5,observed
2024M05,2024-05-01,2024-05,KD,kd,L,l,0.0,0.0,observed,4.4,3.5,observed,3.1,0.5,observed,3.6,0.5,observed,3.2,0.5,observed
2024M05,2024-05-01,2024-05,KD,kd,M,m,8.6,5.3,observed,38.8,9.6,observed,3.1,0.5,observed,19.7,1.1,observed,19.8,1.1,observed
2024M05,2024-05-01,2024-05,KD,kd,MP,mp,,,suppressed,,,suppressed,3.1,0.5,observed,5.1,0.6,observed,5.2,0.6,observed
2024M05,2024-05-01,2024-05,KD,kd,S,s,,,suppressed,8.3,6.4,observed,3.1,0.5,observed,34.1,1.3,observed,35.0,1.3,observed
2024M05,2024-05-01,2024-05,KD,kd,SD,SD,6.0,4.6,observed,16.9,7.2,observed,3.1,0.5,observed,18.5,1.0,observed,19.5,1.0,observed
2024M05,2024-05-01,2024-05,KD,kd,V,v,0.0,0.0,observed,,,suppressed,3.1,0.5,observed,8.8,0.8,observed,8.2,0.8,observed
2024M05,2024-05-01,2024-05,L,l,C,c,5.8,3.4,observed,21.8,6.4,observed,3.6,0.5,observed,4.9,0.7,observed,4.5,0.6,observed
2024M05,2024-05-01,2024-05,L,l,KD,kd,0.0,0.0,observed,6.4,3.8,observed,3.6,0.5,observed,3.1,0.5,observed,2.8,0.5,observed
2024M05,2024-05-01,2024-05,L,l,L,l,65.0,7.9,observed,0.0,0.0,observed,3.6,0.5,observed,3.6,0.5,observed,3.2,0.5,observed
2024M05,2024-05-01,2024-05,L,l,M,m,6.3,3.9,observed,35.3,7.9,observed,3.6,0.5,observed,19.7,1.1,observed,19.8,1.1,observed
2024M05,2024-05-01,2024-05,L,l,MP,mp,0.0,0.0,observed,,,suppressed,3.6,0.5,observed,5.1,0.6,observed,5.2,0.6,observed
2024M05,2024-05-01,2024-05,L,l,S,s,6.4,3.6,observed,18.3,6.0,observed,3.6,0.5,observed,34.1,1.3,observed,35.0,1.3,observed
2024M05,2024-05-01,2024-05,L,l,SD,SD,0.0,0.0,observed,3.0,2.7,observed,3.6,0.5,observed,18.5,1.0,observed,19.5,1.0,observed
2024M05,2024-05-01,2024-05,L,l,V,v,,,suppressed,,,suppressed,3.6,0.5,observed,8.8,0.8,observed,8.2,0.8,observed
2024M05,2024-05-01,2024-05,M,m,C,c,,,suppressed,4.7,1.4,observed,19.7,1.1,observed,4.9,0.7,observed,4.5,0.6,observed
2024M05,2024-05-01,2024-05,M,m,KD,kd,1.8,1.2,observed,17.6,2.7,observed,19.7,1.1,observed,3.1,0.5,observed,2.8,0.5,observed
2024M05,2024-05-01,2024-05,M,m,L,l,1.1,0.8,observed,17.6,2.7,observed,19.7,1.1,observed,3.6,0.5,observed,3.2,0.5,observed
2024M05,2024-05-01,2024-05,M,m,M,m,75.0,3.4,observed,0.0,0.0,observed,19.7,1.1,observed,19.7,1.1,observed,19.8,1.1,observed
2024M05,2024-05-01,2024-05,M,m,MP,mp,,,suppressed,1.4,0.8,observed,19.7,1.1,observed,5.1,0.6,observed,5.2,0.6,observed
2024M05,2024-05-01,2024-05,M,m,S,s,2.0,1.0,observed,13.2,2.5,observed,19.7,1.1,observed,34.1,1.3,observed,35.0,1.3,observed
2024M05,2024-05-01,2024-05,M,m,SD,SD,5.0,1.6,observed,23.7,3.0,observed,19.7,1.1,observed,18.5,1.0,observed,19.5,1.0,observed
2024M05,2024-05-01,2024-05,M,m,V,v,,,suppressed,1.0,0.7,observed,19.7,1.1,observed,8.8,0.8,observed,8.2,0.8,observed
2024M05,2024-05-01,2024-05,MP,mp,C,c,1.9,1.9,observed,9.2,3.7,observed,5.1,0.6,observed,4.9,0.7,observed,4.5,0.6,observed
2024M05,2024-05-01,2024-05,MP,mp,KD,kd,0.0,0.0,observed,,,suppressed,5.1,0.6,observed,3.1,0.5,observed,2.8,0.5,observed
2024M05,2024-05-01,2024-05,MP,mp,L,l,,,suppressed,1.7,1.7,observed,5.1,0.6,observed,3.6,0.5,observed,3.2,0.5,observed
2024M05,2024-05-01,2024-05,MP,mp,M,m,,,suppressed,2.3,2.0,observed,5.1,0.6,observed,19.7,1.1,observed,19.8,1.1,observed
2024M05,2024-05-01,2024-05,MP,mp,MP,mp,77.4,5.6,observed,0.0,0.0,observed,5.1,0.6,observed,5.1,0.6,observed,5.2,0.6,observed
2024M05,2024-05-01,2024-05,MP,mp,S,s,10.3,4.0,observed,44.6,6.5,observed,5.1,0.6,observed,34.1,1.3,observed,35.0,1.3,observed
2024M05,2024-05-01,2024-05,MP,mp,SD,SD,,,suppressed,,,suppressed,5.1,0.6,observed,18.5,1.0,observed,19.5,1.0,observed
2024M05,2024-05-01,2024-05,MP,mp,V,v,,,suppressed,29.1,6.1,observed,5.1,0.6,observed,8.8,0.8,observed,8.2,0.8,observed
2024M05,2024-05-01,2024-05,S,s,C,c,0.7,0.4,observed,12.7,1.7,observed,34.1,1.3,observed,4.9,0.7,observed,4.5,0.6,observed
2024M05,2024-05-01,2024-05,S,s,KD,kd,,,suppressed,1.6,0.9,observed,34.1,1.3,observed,3.1,0.5,observed,2.8,0.5,observed
2024M05,2024-05-01,2024-05,S,s,L,l,,,suppressed,5.2,1.2,observed,34.1,1.3,observed,3.6,0.5,observed,3.2,0.5,observed
2024M05,2024-05-01,2024-05,S,s,M,m,1.1,0.7,observed,9.3,1.7,observed,34.1,1.3,observed,19.7,1.1,observed,19.8,1.1,observed
2024M05,2024-05-01,2024-05,S,s,MP,mp,1.2,0.6,observed,17.7,2.3,observed,34.1,1.3,observed,5.1,0.6,observed,5.2,0.6,observed
2024M05,2024-05-01,2024-05,S,s,S,s,84.0,2.4,observed,0.0,0.0,observed,34.1,1.3,observed,34.1,1.3,observed,35.0,1.3,observed
2024M05,2024-05-01,2024-05,S,s,SD,SD,0.6,0.4,observed,3.3,1.0,observed,34.1,1.3,observed,18.5,1.0,observed,19.5,1.0,observed
2024M05,2024-05-01,2024-05,S,s,V,v,1.6,0.9,observed,21.9,2.4,observed,34.1,1.3,observed,8.8,0.8,observed,8.2,0.8,observed
2024M05,2024-05-01,2024-05,SD,SD,C,c,0.0,0.0,observed,,,suppressed,18.5,1.0,observed,4.9,0.7,observed,4.5,0.6,observed
2024M05,2024-05-01,2024-05,SD,SD,KD,kd,,,suppressed,12.3,2.9,observed,18.5,1.0,observed,3.1,0.5,observed,2.8,0.5,observed
2024M05,2024-05-01,2024-05,SD,SD,L,l,,,suppressed,2.5,1.6,observed,18.5,1.0,observed,3.6,0.5,observed,3.2,0.5,observed
2024M05,2024-05-01,2024-05,SD,SD,M,m,1.9,1.0,observed,44.9,4.3,observed,18.5,1.0,observed,19.7,1.1,observed,19.8,1.1,observed
2024M05,2024-05-01,2024-05,SD,SD,MP,mp,0.0,0.0,observed,1.4,1.0,observed,18.5,1.0,observed,5.1,0.6,observed,5.2,0.6,observed
2024M05,2024-05-01,2024-05,SD,SD,S,s,1.0,0.8,observed,10.3,2.7,observed,18.5,1.0,observed,34.1,1.3,observed,35.0,1.3,observed
2024M05,2024-05-01,2024-05,SD,SD,SD,SD,89.5,2.7,observed,0.0,0.0,observed,18.5,1.0,observed,18.5,1.0,observed,19.5,1.0,observed
2024M05,2024-05-01,2024-05,SD,SD,V,v,,,suppressed,1.1,0.8,observed,18.5,1.0,observed,8.8,0.8,observed,8.2,0.8,observed
2024M05,2024-05-01,2024-05,V,v,C,c,0.0,0.0,observed,1.1,1.1,observed,8.8,0.8,observed,4.9,0.7,observed,4.5,0.6,observed
2024M05,2024-05-01,2024-05,V,v,KD,kd,0.0,0.0,observed,,,suppressed,8.8,0.8,observed,3.1,0.5,observed,2.8,0.5,observed
2024M05,2024-05-01,2024-05,V,v,L,l,0.0,0.0,observed,,,suppressed,8.8,0.8,observed,3.6,0.5,observed,3.2,0.5,observed
2024M05,2024-05-01,2024-05,V,v,M,m,,,suppressed,1.9,1.4,observed,8.8,0.8,observed,19.7,1.1,observed,19.8,1.1,observed
2024M05,2024-05-01,2024-05,V,v,MP,mp,2.6,1.5,observed,24.9,4.7,observed,8.8,0.8,observed,5.1,0.6,observed,5.2,0.6,observed
2024M05,2024-05-01,2024-05,V,v,S,s,9.4,3.6,observed,48.1,5.9,observed,8.8,0.8,observed,34.1,1.3,observed,35.0,1.3,observed
2024M05,2024-05-01,2024-05,V,v,SD,SD,0.0,0.0,observed,,,suppressed,8.8,0.8,observed,18.5,1.0,observed,19.5,1.0,observed
2024M05,2024-05-01,2024-05,V,v,V,v,75.7,5.4,observed,0.0,0.0,observed,8.8,0.8,observed,8.8,0.8,observed,8.2,0.8,observed
2025M05,2025-05-01,2025-05,C,c,C,c,72.6,6.4,observed,0.0,0.0,observed,5.2,0.6,observed,5.2,0.6,observed,5.5,0.6,observed
2025M05,2025-05-01,2025-05,C,c,KD,kd,0.0,0.0,observed,,,suppressed,5.2,0.6,observed,3.5,0.5,observed,3.4,0.5,observed
2025M05,2025-05-01,2025-05,C,c,L,l,,,suppressed,14.6,4.8,observed,5.2,0.6,observed,3.2,0.5,observed,2.8,0.4,observed
2025M05,2025-05-01,2025-05,C,c,M,m,4.3,2.8,observed,19.5,5.5,observed,5.2,0.6,observed,18.7,1.0,observed,18.3,0.9,observed
2025M05,2025-05-01,2025-05,C,c,MP,mp,,,suppressed,6.2,3.2,observed,5.2,0.6,observed,6.3,0.6,observed,6.5,0.7,observed
2025M05,2025-05-01,2025-05,C,c,S,s,5.6,3.0,observed,39.4,6.9,observed,5.2,0.6,observed,35.9,1.3,observed,36.2,1.2,observed
2025M05,2025-05-01,2025-05,C,c,SD,SD,,,suppressed,,,suppressed,5.2,0.6,observed,17.5,1.1,observed,18.0,1.0,observed
2025M05,2025-05-01,2025-05,C,c,V,v,,,suppressed,1.8,1.8,observed,5.2,0.6,observed,7.6,0.7,observed,7.1,0.7,observed
2025M05,2025-05-01,2025-05,KD,kd,C,c,,,suppressed,4.4,3.5,observed,3.5,0.5,observed,5.2,0.6,observed,5.5,0.6,observed
2025M05,2025-05-01,2025-05,KD,kd,KD,kd,70.6,7.9,observed,0.0,0.0,observed,3.5,0.5,observed,3.5,0.5,observed,3.4,0.5,observed
2025M05,2025-05-01,2025-05,KD,kd,L,l,,,suppressed,,,suppressed,3.5,0.5,observed,3.2,0.5,observed,2.8,0.4,observed
2025M05,2025-05-01,2025-05,KD,kd,M,m,3.7,3.2,observed,43.6,8.7,observed,3.5,0.5,observed,18.7,1.0,observed,18.3,0.9,observed
2025M05,2025-05-01,2025-05,KD,kd,MP,mp,,,suppressed,4.2,3.6,observed,3.5,0.5,observed,6.3,0.6,observed,6.5,0.7,observed
2025M05,2025-05-01,2025-05,KD,kd,S,s,,,suppressed,9.4,5.1,observed,3.5,0.5,observed,35.9,1.3,observed,36.2,1.2,observed
2025M05,2025-05-01,2025-05,KD,kd,SD,SD,4.1,3.6,observed,14.8,6.4,observed,3.5,0.5,observed,17.5,1.1,observed,18.0,1.0,observed
2025M05,2025-05-01,2025-05,KD,kd,V,v,0.0,0.0,observed,,,suppressed,3.5,0.5,observed,7.6,0.7,observed,7.1,0.7,observed
2025M05,2025-05-01,2025-05,L,l,C,c,5.5,3.8,observed,19.5,6.6,observed,3.2,0.5,observed,5.2,0.6,observed,5.5,0.6,observed
2025M05,2025-05-01,2025-05,L,l,KD,kd,,,suppressed,3.2,2.6,observed,3.2,0.5,observed,3.5,0.5,observed,3.4,0.5,observed
2025M05,2025-05-01,2025-05,L,l,L,l,59.9,8.3,observed,0.0,0.0,observed,3.2,0.5,observed,3.2,0.5,observed,2.8,0.4,observed
2025M05,2025-05-01,2025-05,L,l,M,m,5.8,3.8,observed,34.4,7.9,observed,3.2,0.5,observed,18.7,1.0,observed,18.3,0.9,observed
2025M05,2025-05-01,2025-05,L,l,MP,mp,0.0,0.0,observed,6.1,4.0,observed,3.2,0.5,observed,6.3,0.6,observed,6.5,0.7,observed
2025M05,2025-05-01,2025-05,L,l,S,s,7.9,4.5,observed,22.4,7.6,observed,3.2,0.5,observed,35.9,1.3,observed,36.2,1.2,observed
2025M05,2025-05-01,2025-05,L,l,SD,SD,,,suppressed,,,suppressed,3.2,0.5,observed,17.5,1.1,observed,18.0,1.0,observed
2025M05,2025-05-01,2025-05,L,l,V,v,0.0,0.0,observed,,,suppressed,3.2,0.5,observed,7.6,0.7,observed,7.1,0.7,observed
2025M05,2025-05-01,2025-05,M,m,C,c,,,suppressed,4.9,1.5,observed,18.7,1.0,observed,5.2,0.6,observed,5.5,0.6,observed
2025M05,2025-05-01,2025-05,M,m,KD,kd,2.2,1.0,observed,18.3,2.6,observed,18.7,1.0,observed,3.5,0.5,observed,3.4,0.5,observed
2025M05,2025-05-01,2025-05,M,m,L,l,0.7,0.5,observed,14.9,2.3,observed,18.7,1.0,observed,3.2,0.5,observed,2.8,0.4,observed
2025M05,2025-05-01,2025-05,M,m,M,m,80.6,3.1,observed,0.0,0.0,observed,18.7,1.0,observed,18.7,1.0,observed,18.3,0.9,observed
2025M05,2025-05-01,2025-05,M,m,MP,mp,,,suppressed,0.9,0.6,observed,18.7,1.0,observed,6.3,0.6,observed,6.5,0.7,observed
2025M05,2025-05-01,2025-05,M,m,S,s,1.8,0.9,observed,14.6,2.6,observed,18.7,1.0,observed,35.9,1.3,observed,36.2,1.2,observed
2025M05,2025-05-01,2025-05,M,m,SD,SD,2.6,1.3,observed,22.8,3.1,observed,18.7,1.0,observed,17.5,1.1,observed,18.0,1.0,observed
2025M05,2025-05-01,2025-05,M,m,V,v,0.0,0.0,observed,0.5,0.5,observed,18.7,1.0,observed,7.6,0.7,observed,7.1,0.7,observed
2025M05,2025-05-01,2025-05,MP,mp,C,c,,,suppressed,8.1,3.5,observed,6.3,0.6,observed,5.2,0.6,observed,5.5,0.6,observed
2025M05,2025-05-01,2025-05,MP,mp,KD,kd,0.0,0.0,observed,,,suppressed,6.3,0.6,observed,3.5,0.5,observed,3.4,0.5,observed
2025M05,2025-05-01,2025-05,MP,mp,L,l,0.0,0.0,observed,2.0,1.8,observed,6.3,0.6,observed,3.2,0.5,observed,2.8,0.4,observed
2025M05,2025-05-01,2025-05,MP,mp,M,m,,,suppressed,2.9,2.8,observed,6.3,0.6,observed,18.7,1.0,observed,18.3,0.9,observed
2025M05,2025-05-01,2025-05,MP,mp,MP,mp,77.6,5.8,observed,0.0,0.0,observed,6.3,0.6,observed,6.3,0.6,observed,6.5,0.7,observed
2025M05,2025-05-01,2025-05,MP,mp,S,s,6.1,2.8,observed,46.3,6.3,observed,6.3,0.6,observed,35.9,1.3,observed,36.2,1.2,observed
2025M05,2025-05-01,2025-05,MP,mp,SD,SD,,,suppressed,1.9,1.9,observed,6.3,0.6,observed,17.5,1.1,observed,18.0,1.0,observed
2025M05,2025-05-01,2025-05,MP,mp,V,v,,,suppressed,25.2,5.3,observed,6.3,0.6,observed,7.6,0.7,observed,7.1,0.7,observed
2025M05,2025-05-01,2025-05,S,s,C,c,0.7,0.4,observed,14.1,1.9,observed,35.9,1.3,observed,5.2,0.6,observed,5.5,0.6,observed
2025M05,2025-05-01,2025-05,S,s,KD,kd,,,suppressed,1.4,0.8,observed,35.9,1.3,observed,3.5,0.5,observed,3.4,0.5,observed
2025M05,2025-05-01,2025-05,S,s,L,l,0.3,0.3,observed,4.4,1.1,observed,35.9,1.3,observed,3.2,0.5,observed,2.8,0.4,observed
2025M05,2025-05-01,2025-05,S,s,M,m,1.0,0.5,observed,9.3,1.5,observed,35.9,1.3,observed,18.7,1.0,observed,18.3,0.9,observed
2025M05,2025-05-01,2025-05,S,s,MP,mp,1.0,0.5,observed,16.4,2.1,observed,35.9,1.3,observed,6.3,0.6,observed,6.5,0.7,observed
2025M05,2025-05-01,2025-05,S,s,S,s,85.0,2.2,observed,0.0,0.0,observed,35.9,1.3,observed,35.9,1.3,observed,36.2,1.2,observed
2025M05,2025-05-01,2025-05,S,s,SD,SD,0.7,0.4,observed,4.7,1.2,observed,35.9,1.3,observed,17.5,1.1,observed,18.0,1.0,observed
2025M05,2025-05-01,2025-05,S,s,V,v,0.6,0.4,observed,22.0,2.3,observed,35.9,1.3,observed,7.6,0.7,observed,7.1,0.7,observed
2025M05,2025-05-01,2025-05,SD,SD,C,c,0.0,0.0,observed,1.3,1.2,observed,17.5,1.1,observed,5.2,0.6,observed,5.5,0.6,observed
2025M05,2025-05-01,2025-05,SD,SD,KD,kd,0.0,0.0,observed,10.9,2.8,observed,17.5,1.1,observed,3.5,0.5,observed,3.4,0.5,observed
2025M05,2025-05-01,2025-05,SD,SD,L,l,,,suppressed,2.1,1.3,observed,17.5,1.1,observed,3.2,0.5,observed,2.8,0.4,observed
2025M05,2025-05-01,2025-05,SD,SD,M,m,2.3,1.2,observed,45.7,4.4,observed,17.5,1.1,observed,18.7,1.0,observed,18.3,0.9,observed
2025M05,2025-05-01,2025-05,SD,SD,MP,mp,0.0,0.0,observed,,,suppressed,17.5,1.1,observed,6.3,0.6,observed,6.5,0.7,observed
2025M05,2025-05-01,2025-05,SD,SD,S,s,0.7,0.6,observed,6.3,2.1,observed,17.5,1.1,observed,35.9,1.3,observed,36.2,1.2,observed
2025M05,2025-05-01,2025-05,SD,SD,SD,SD,87.4,3.0,observed,0.0,0.0,observed,17.5,1.1,observed,17.5,1.1,observed,18.0,1.0,observed
2025M05,2025-05-01,2025-05,SD,SD,V,v,,,suppressed,1.5,1.3,observed,17.5,1.1,observed,7.6,0.7,observed,7.1,0.7,observed
2025M05,2025-05-01,2025-05,V,v,C,c,0.0,0.0,observed,1.5,1.4,observed,7.6,0.7,observed,5.2,0.6,observed,5.5,0.6,observed
2025M05,2025-05-01,2025-05,V,v,KD,kd,0.0,0.0,observed,,,suppressed,7.6,0.7,observed,3.5,0.5,observed,3.4,0.5,observed
2025M05,2025-05-01,2025-05,V,v,L,l,,,suppressed,1.4,1.2,observed,7.6,0.7,observed,3.2,0.5,observed,2.8,0.4,observed
2025M05,2025-05-01,2025-05,V,v,M,m,,,suppressed,,,suppressed,7.6,0.7,observed,18.7,1.0,observed,18.3,0.9,observed
2025M05,2025-05-01,2025-05,V,v,MP,mp,3.0,2.4,observed,30.4,5.2,observed,7.6,0.7,observed,6.3,0.6,observed,6.5,0.7,observed
2025M05,2025-05-01,2025-05,V,v,S,s,8.3,3.1,observed,41.5,5.5,observed,7.6,0.7,observed,35.9,1.3,observed,36.2,1.2,observed
2025M05,2025-05-01,2025-05,V,v,SD,SD,0.0,0.0,observed,3.5,2.9,observed,7.6,0.7,observed,17.5,1.1,observed,18.0,1.0,observed
2025M05,2025-05-01,2025-05,V,v,V,v,79.0,4.8,observed,0.0,0.0,observed,7.6,0.7,observed,7.6,0.7,observed,7.1,0.7,observed
2026M05,2026-05-01,2026-05,C,c,C,c,77.1,5.5,observed,0.0,0.0,observed,6.4,0.7,observed,6.4,0.7,observed,6.1,0.6,observed
2026M05,2026-05-01,2026-05,C,c,KD,kd,,,suppressed,3.7,2.4,observed,6.4,0.7,observed,4.2,0.6,observed,4.5,0.6,observed
2026M05,2026-05-01,2026-05,C,c,L,l,0.0,0.0,observed,6.9,3.4,observed,6.4,0.7,observed,2.3,0.4,observed,2.5,0.5,observed
2026M05,2026-05-01,2026-05,C,c,M,m,2.0,1.8,observed,18.3,5.1,observed,6.4,0.7,observed,18.1,1.0,observed,17.3,1.0,observed
2026M05,2026-05-01,2026-05,C,c,MP,mp,,,suppressed,11.8,4.1,observed,6.4,0.7,observed,6.3,0.7,observed,6.6,0.7,observed
2026M05,2026-05-01,2026-05,C,c,S,s,8.9,3.9,observed,38.3,6.4,observed,6.4,0.7,observed,33.5,1.3,observed,33.9,1.2,observed
2026M05,2026-05-01,2026-05,C,c,SD,SD,0.0,0.0,observed,,,suppressed,6.4,0.7,observed,18.4,1.0,observed,18.3,0.9,observed
2026M05,2026-05-01,2026-05,C,c,V,v,,,suppressed,3.3,2.5,observed,6.4,0.7,observed,8.7,0.8,observed,8.6,0.8,observed
2026M05,2026-05-01,2026-05,KD,kd,C,c,,,suppressed,8.2,4.4,observed,4.2,0.6,observed,6.4,0.7,observed,6.1,0.6,observed
2026M05,2026-05-01,2026-05,KD,kd,KD,kd,79.5,7.0,observed,0.0,0.0,observed,4.2,0.6,observed,4.2,0.6,observed,4.5,0.6,observed
2026M05,2026-05-01,2026-05,KD,kd,L,l,,,suppressed,4.7,3.2,observed,4.2,0.6,observed,2.3,0.4,observed,2.5,0.5,observed
2026M05,2026-05-01,2026-05,KD,kd,M,m,,,suppressed,43.8,8.0,observed,4.2,0.6,observed,18.1,1.0,observed,17.3,1.0,observed
2026M05,2026-05-01,2026-05,KD,kd,MP,mp,0.0,0.0,observed,0.0,0.0,observed,4.2,0.6,observed,6.3,0.7,observed,6.6,0.7,observed
2026M05,2026-05-01,2026-05,KD,kd,S,s,0.0,0.0,observed,6.2,4.5,observed,4.2,0.6,observed,33.5,1.3,observed,33.9,1.2,observed
2026M05,2026-05-01,2026-05,KD,kd,SD,SD,,,suppressed,20.2,6.7,observed,4.2,0.6,observed,18.4,1.0,observed,18.3,0.9,observed
2026M05,2026-05-01,2026-05,KD,kd,V,v,0.0,0.0,observed,,,suppressed,4.2,0.6,observed,8.7,0.8,observed,8.6,0.8,observed
2026M05,2026-05-01,2026-05,L,l,C,c,5.2,3.9,observed,20.4,7.6,observed,2.3,0.4,observed,6.4,0.7,observed,6.1,0.6,observed
2026M05,2026-05-01,2026-05,L,l,KD,kd,,,suppressed,4.8,4.2,observed,2.3,0.4,observed,4.2,0.6,observed,4.5,0.6,observed
2026M05,2026-05-01,2026-05,L,l,L,l,68.8,9.0,observed,0.0,0.0,observed,2.3,0.4,observed,2.3,0.4,observed,2.5,0.5,observed
2026M05,2026-05-01,2026-05,L,l,M,m,8.5,5.5,observed,41.6,10.1,observed,2.3,0.4,observed,18.1,1.0,observed,17.3,1.0,observed
2026M05,2026-05-01,2026-05,L,l,MP,mp,0.0,0.0,observed,,,suppressed,2.3,0.4,observed,6.3,0.7,observed,6.6,0.7,observed
2026M05,2026-05-01,2026-05,L,l,S,s,5.5,4.1,observed,15.5,7.0,observed,2.3,0.4,observed,33.5,1.3,observed,33.9,1.2,observed
2026M05,2026-05-01,2026-05,L,l,SD,SD,,,suppressed,,,suppressed,2.3,0.4,observed,18.4,1.0,observed,18.3,0.9,observed
2026M05,2026-05-01,2026-05,L,l,V,v,0.0,0.0,observed,,,suppressed,2.3,0.4,observed,8.7,0.8,observed,8.6,0.8,observed
2026M05,2026-05-01,2026-05,M,m,C,c,1.1,0.7,observed,6.9,1.8,observed,18.1,1.0,observed,6.4,0.7,observed,6.1,0.6,observed
2026M05,2026-05-01,2026-05,M,m,KD,kd,1.5,0.8,observed,22.7,2.9,observed,18.1,1.0,observed,4.2,0.6,observed,4.5,0.6,observed
2026M05,2026-05-01,2026-05,M,m,L,l,1.0,0.7,observed,12.5,2.3,observed,18.1,1.0,observed,2.3,0.4,observed,2.5,0.5,observed
2026M05,2026-05-01,2026-05,M,m,M,m,79.1,3.2,observed,0.0,0.0,observed,18.1,1.0,observed,18.1,1.0,observed,17.3,1.0,observed
2026M05,2026-05-01,2026-05,M,m,MP,mp,,,suppressed,0.9,0.7,observed,18.1,1.0,observed,6.3,0.7,observed,6.6,0.7,observed
2026M05,2026-05-01,2026-05,M,m,S,s,1.1,0.7,observed,12.0,2.3,observed,18.1,1.0,observed,33.5,1.3,observed,33.9,1.2,observed
2026M05,2026-05-01,2026-05,M,m,SD,SD,3.5,1.4,observed,26.1,3.3,observed,18.1,1.0,observed,18.4,1.0,observed,18.3,0.9,observed
2026M05,2026-05-01,2026-05,M,m,V,v,,,suppressed,1.2,0.9,observed,18.1,1.0,observed,8.7,0.8,observed,8.6,0.8,observed
2026M05,2026-05-01,2026-05,MP,mp,C,c,,,suppressed,10.3,3.5,observed,6.3,0.7,observed,6.4,0.7,observed,6.1,0.6,observed
2026M05,2026-05-01,2026-05,MP,mp,KD,kd,0.0,0.0,observed,,,suppressed,6.3,0.7,observed,4.2,0.6,observed,4.5,0.6,observed
2026M05,2026-05-01,2026-05,MP,mp,L,l,0.0,0.0,observed,,,suppressed,6.3,0.7,observed,2.3,0.4,observed,2.5,0.5,observed
2026M05,2026-05-01,2026-05,MP,mp,M,m,0.0,0.0,observed,1.1,1.1,observed,6.3,0.7,observed,18.1,1.0,observed,17.3,1.0,observed
2026M05,2026-05-01,2026-05,MP,mp,MP,mp,81.4,4.8,observed,0.0,0.0,observed,6.3,0.7,observed,6.3,0.7,observed,6.6,0.7,observed
2026M05,2026-05-01,2026-05,MP,mp,S,s,6.7,3.0,observed,39.0,6.0,observed,6.3,0.7,observed,33.5,1.3,observed,33.9,1.2,observed
2026M05,2026-05-01,2026-05,MP,mp,SD,SD,,,suppressed,,,suppressed,6.3,0.7,observed,18.4,1.0,observed,18.3,0.9,observed
2026M05,2026-05-01,2026-05,MP,mp,V,v,3.3,2.6,observed,34.7,5.9,observed,6.3,0.7,observed,8.7,0.8,observed,8.6,0.8,observed
2026M05,2026-05-01,2026-05,S,s,C,c,0.5,0.4,observed,16.4,2.1,observed,33.5,1.3,observed,6.4,0.7,observed,6.1,0.6,observed
2026M05,2026-05-01,2026-05,S,s,KD,kd,,,suppressed,1.2,0.6,observed,33.5,1.3,observed,4.2,0.6,observed,4.5,0.6,observed
2026M05,2026-05-01,2026-05,S,s,L,l,,,suppressed,2.1,0.7,observed,33.5,1.3,observed,2.3,0.4,observed,2.5,0.5,observed
2026M05,2026-05-01,2026-05,S,s,M,m,1.0,0.6,observed,9.1,1.6,observed,33.5,1.3,observed,18.1,1.0,observed,17.3,1.0,observed
2026M05,2026-05-01,2026-05,S,s,MP,mp,1.1,0.6,observed,15.7,1.9,observed,33.5,1.3,observed,6.3,0.7,observed,6.6,0.7,observed
2026M05,2026-05-01,2026-05,S,s,S,s,85.2,2.2,observed,0.0,0.0,observed,33.5,1.3,observed,33.5,1.3,observed,33.9,1.2,observed
2026M05,2026-05-01,2026-05,S,s,SD,SD,0.7,0.6,observed,3.6,1.2,observed,33.5,1.3,observed,18.4,1.0,observed,18.3,0.9,observed
2026M05,2026-05-01,2026-05,S,s,V,v,0.6,0.4,observed,22.9,2.4,observed,33.5,1.3,observed,8.7,0.8,observed,8.6,0.8,observed
2026M05,2026-05-01,2026-05,SD,SD,C,c,0.0,0.0,observed,,,suppressed,18.4,1.0,observed,6.4,0.7,observed,6.1,0.6,observed
2026M05,2026-05-01,2026-05,SD,SD,KD,kd,1.0,0.8,observed,21.2,3.4,observed,18.4,1.0,observed,4.2,0.6,observed,4.5,0.6,observed
2026M05,2026-05-01,2026-05,SD,SD,L,l,1.2,0.9,observed,1.7,1.1,observed,18.4,1.0,observed,2.3,0.4,observed,2.5,0.5,observed
2026M05,2026-05-01,2026-05,SD,SD,M,m,0.9,0.9,observed,44.0,4.2,observed,18.4,1.0,observed,18.1,1.0,observed,17.3,1.0,observed
2026M05,2026-05-01,2026-05,SD,SD,MP,mp,0.0,0.0,observed,1.0,0.8,observed,18.4,1.0,observed,6.3,0.7,observed,6.6,0.7,observed
2026M05,2026-05-01,2026-05,SD,SD,S,s,,,suppressed,6.0,2.0,observed,18.4,1.0,observed,33.5,1.3,observed,33.9,1.2,observed
2026M05,2026-05-01,2026-05,SD,SD,SD,SD,90.5,2.4,observed,0.0,0.0,observed,18.4,1.0,observed,18.4,1.0,observed,18.3,0.9,observed
2026M05,2026-05-01,2026-05,SD,SD,V,v,0.0,0.0,observed,1.3,1.1,observed,18.4,1.0,observed,8.7,0.8,observed,8.6,0.8,observed
2026M05,2026-05-01,2026-05,V,v,C,c,,,suppressed,,,suppressed,8.7,0.8,observed,6.4,0.7,observed,6.1,0.6,observed
2026M05,2026-05-01,2026-05,V,v,KD,kd,0.0,0.0,observed,,,suppressed,8.7,0.8,observed,4.2,0.6,observed,4.5,0.6,observed
2026M05,2026-05-01,2026-05,V,v,L,l,,,suppressed,,,suppressed,8.7,0.8,observed,2.3,0.4,observed,2.5,0.5,observed
2026M05,2026-05-01,2026-05,V,v,M,m,0.0,0.0,observed,,,suppressed,8.7,0.8,observed,18.1,1.0,observed,17.3,1.0,observed
2026M05,2026-05-01,2026-05,V,v,MP,mp,3.6,2.2,observed,30.3,5.2,observed,8.7,0.8,observed,6.3,0.7,observed,6.6,0.7,observed
2026M05,2026-05-01,2026-05,V,v,S,s,4.9,2.3,observed,47.9,5.7,observed,8.7,0.8,observed,33.5,1.3,observed,33.9,1.2,observed
2026M05,2026-05-01,2026-05,V,v,SD,SD,,,suppressed,4.4,3.0,observed,8.7,0.8,observed,18.4,1.0,observed,18.3,0.9,observed
2026M05,2026-05-01,2026-05,V,v,V,v,78.5,4.9,observed,0.0,0.0,observed,8.7,0.8,observed,8.7,0.8,observed,8.6,0.8,observed
