wave,survey_date,period,best_party_code_raw,best_party_raw,best_party,best_party_type,second_choice_code_raw,second_choice_raw,second_choice_party,second_choice_type,estimate_pct,margin_error_pp,value_status,source_table
2010M11,2010-11-01,2010-11,SD,SD,SD,parliamentary_party,SD,SD,SD,parliamentary_party,0.0,0.0,observed,ME/ME0201/ME0201D/Nastbastaparti190
2010M11,2010-11-01,2010-11,SD,SD,SD,parliamentary_party,c,C,C,parliamentary_party,2.4,2.3,observed,ME/ME0201/ME0201D/Nastbastaparti190
2010M11,2010-11-01,2010-11,SD,SD,SD,parliamentary_party,inget parti,inget parti,NO_SECOND_CHOICE,no_second_choice,25.2,6.9,observed,ME/ME0201/ME0201D/Nastbastaparti190
2010M11,2010-11-01,2010-11,SD,SD,SD,parliamentary_party,kd,KD,KD,parliamentary_party,4.0,3.0,observed,ME/ME0201/ME0201D/Nastbastaparti190
2010M11,2010-11-01,2010-11,SD,SD,SD,parliamentary_party,l,L,L,parliamentary_party,7.2,4.1,observed,ME/ME0201/ME0201D/Nastbastaparti190
2010M11,2010-11-01,2010-11,SD,SD,SD,parliamentary_party,m,M,M,parliamentary_party,23.1,6.5,observed,ME/ME0201/ME0201D/Nastbastaparti190
2010M11,2010-11-01,2010-11,SD,SD,SD,parliamentary_party,mp,MP,MP,parliamentary_party,6.4,3.8,observed,ME/ME0201/ME0201D/Nastbastaparti190
2010M11,2010-11-01,2010-11,SD,SD,SD,parliamentary_party,s,S,S,parliamentary_party,18.0,5.9,observed,ME/ME0201/ME0201D/Nastbastaparti190
2010M11,2010-11-01,2010-11,SD,SD,SD,parliamentary_party,v,V,V,parliamentary_party,3.1,2.6,observed,ME/ME0201/ME0201D/Nastbastaparti190
2010M11,2010-11-01,2010-11,SD,SD,SD,parliamentary_party,vet ej,vet ej/uppgift saknas,DONT_KNOW,dont_know,7.5,4.1,observed,ME/ME0201/ME0201D/Nastbastaparti190
2010M11,2010-11-01,2010-11,SD,SD,SD,parliamentary_party,övr,övriga,OTHER,other_party,3.2,2.8,observed,ME/ME0201/ME0201D/Nastbastaparti190
2010M11,2010-11-01,2010-11,c,C,C,parliamentary_party,SD,SD,SD,parliamentary_party,0.0,0.0,observed,ME/ME0201/ME0201D/Nastbastaparti190
2010M11,2010-11-01,2010-11,c,C,C,parliamentary_party,c,C,C,parliamentary_party,0.0,0.0,observed,ME/ME0201/ME0201D/Nastbastaparti190
2010M11,2010-11-01,2010-11,c,C,C,parliamentary_party,inget parti,inget parti,NO_SECOND_CHOICE,no_second_choice,14.8,4.7,observed,ME/ME0201/ME0201D/Nastbastaparti190
2010M11,2010-11-01,2010-11,c,C,C,parliamentary_party,kd,KD,KD,parliamentary_party,8.0,3.4,observed,ME/ME0201/ME0201D/Nastbastaparti190
2010M11,2010-11-01,2010-11,c,C,C,parliamentary_party,l,L,L,parliamentary_party,16.1,4.4,observed,ME/ME0201/ME0201D/Nastbastaparti190
2010M11,2010-11-01,2010-11,c,C,C,parliamentary_party,m,M,M,parliamentary_party,36.4,6.0,observed,ME/ME0201/ME0201D/Nastbastaparti190
2010M11,2010-11-01,2010-11,c,C,C,parliamentary_party,mp,MP,MP,parliamentary_party,7.2,3.3,observed,ME/ME0201/ME0201D/Nastbastaparti190
2010M11,2010-11-01,2010-11,c,C,C,parliamentary_party,s,S,S,parliamentary_party,5.9,3.2,observed,ME/ME0201/ME0201D/Nastbastaparti190
2010M11,2010-11-01,2010-11,c,C,C,parliamentary_party,v,V,V,parliamentary_party,,,suppressed,ME/ME0201/ME0201D/Nastbastaparti190
2010M11,2010-11-01,2010-11,c,C,C,parliamentary_party,vet ej,vet ej/uppgift saknas,DONT_KNOW,dont_know,10.8,4.0,observed,ME/ME0201/ME0201D/Nastbastaparti190
2010M11,2010-11-01,2010-11,c,C,C,parliamentary_party,övr,övriga,OTHER,other_party,,,suppressed,ME/ME0201/ME0201D/Nastbastaparti190
2010M11,2010-11-01,2010-11,hela väljarkåren,hela väljarkåren,TOTAL_ELECTORATE,total_electorate,SD,SD,SD,parliamentary_party,1.7,0.4,observed,ME/ME0201/ME0201D/Nastbastaparti190
2010M11,2010-11-01,2010-11,hela väljarkåren,hela väljarkåren,TOTAL_ELECTORATE,total_electorate,c,C,C,parliamentary_party,4.8,0.5,observed,ME/ME0201/ME0201D/Nastbastaparti190
2010M11,2010-11-01,2010-11,hela väljarkåren,hela väljarkåren,TOTAL_ELECTORATE,total_electorate,inget parti,inget parti,NO_SECOND_CHOICE,no_second_choice,15.2,0.9,observed,ME/ME0201/ME0201D/Nastbastaparti190
2010M11,2010-11-01,2010-11,hela väljarkåren,hela väljarkåren,TOTAL_ELECTORATE,total_electorate,kd,KD,KD,parliamentary_party,3.5,0.5,observed,ME/ME0201/ME0201D/Nastbastaparti190
2010M11,2010-11-01,2010-11,hela väljarkåren,hela väljarkåren,TOTAL_ELECTORATE,total_electorate,l,L,L,parliamentary_party,12.9,0.7,observed,ME/ME0201/ME0201D/Nastbastaparti190
2010M11,2010-11-01,2010-11,hela väljarkåren,hela väljarkåren,TOTAL_ELECTORATE,total_electorate,m,M,M,parliamentary_party,9.6,0.7,observed,ME/ME0201/ME0201D/Nastbastaparti190
2010M11,2010-11-01,2010-11,hela väljarkåren,hela väljarkåren,TOTAL_ELECTORATE,total_electorate,mp,MP,MP,parliamentary_party,13.1,0.8,observed,ME/ME0201/ME0201D/Nastbastaparti190
2010M11,2010-11-01,2010-11,hela väljarkåren,hela väljarkåren,TOTAL_ELECTORATE,total_electorate,s,S,S,parliamentary_party,8.3,0.7,observed,ME/ME0201/ME0201D/Nastbastaparti190
2010M11,2010-11-01,2010-11,hela väljarkåren,hela väljarkåren,TOTAL_ELECTORATE,total_electorate,v,V,V,parliamentary_party,4.9,0.5,observed,ME/ME0201/ME0201D/Nastbastaparti190
2010M11,2010-11-01,2010-11,hela väljarkåren,hela väljarkåren,TOTAL_ELECTORATE,total_electorate,vet ej,vet ej/uppgift saknas,DONT_KNOW,dont_know,25.2,1.1,observed,ME/ME0201/ME0201D/Nastbastaparti190
2010M11,2010-11-01,2010-11,hela väljarkåren,hela väljarkåren,TOTAL_ELECTORATE,total_electorate,övr,övriga,OTHER,other_party,1.0,0.3,observed,ME/ME0201/ME0201D/Nastbastaparti190
2010M11,2010-11-01,2010-11,ingen sympati/vet ej,ingen sympati/vet ej,NO_SYMPATHY_OR_DONT_KNOW,no_sympathy,SD,SD,SD,parliamentary_party,0.0,0.0,observed,ME/ME0201/ME0201D/Nastbastaparti190
2010M11,2010-11-01,2010-11,ingen sympati/vet ej,ingen sympati/vet ej,NO_SYMPATHY_OR_DONT_KNOW,no_sympathy,c,C,C,parliamentary_party,0.0,0.0,observed,ME/ME0201/ME0201D/Nastbastaparti190
2010M11,2010-11-01,2010-11,ingen sympati/vet ej,ingen sympati/vet ej,NO_SYMPATHY_OR_DONT_KNOW,no_sympathy,inget parti,inget parti,NO_SECOND_CHOICE,no_second_choice,0.0,0.0,observed,ME/ME0201/ME0201D/Nastbastaparti190
2010M11,2010-11-01,2010-11,ingen sympati/vet ej,ingen sympati/vet ej,NO_SYMPATHY_OR_DONT_KNOW,no_sympathy,kd,KD,KD,parliamentary_party,0.0,0.0,observed,ME/ME0201/ME0201D/Nastbastaparti190
2010M11,2010-11-01,2010-11,ingen sympati/vet ej,ingen sympati/vet ej,NO_SYMPATHY_OR_DONT_KNOW,no_sympathy,l,L,L,parliamentary_party,0.0,0.0,observed,ME/ME0201/ME0201D/Nastbastaparti190
2010M11,2010-11-01,2010-11,ingen sympati/vet ej,ingen sympati/vet ej,NO_SYMPATHY_OR_DONT_KNOW,no_sympathy,m,M,M,parliamentary_party,0.0,0.0,observed,ME/ME0201/ME0201D/Nastbastaparti190
2010M11,2010-11-01,2010-11,ingen sympati/vet ej,ingen sympati/vet ej,NO_SYMPATHY_OR_DONT_KNOW,no_sympathy,mp,MP,MP,parliamentary_party,0.0,0.0,observed,ME/ME0201/ME0201D/Nastbastaparti190
2010M11,2010-11-01,2010-11,ingen sympati/vet ej,ingen sympati/vet ej,NO_SYMPATHY_OR_DONT_KNOW,no_sympathy,s,S,S,parliamentary_party,0.0,0.0,observed,ME/ME0201/ME0201D/Nastbastaparti190
2010M11,2010-11-01,2010-11,ingen sympati/vet ej,ingen sympati/vet ej,NO_SYMPATHY_OR_DONT_KNOW,no_sympathy,v,V,V,parliamentary_party,0.0,0.0,observed,ME/ME0201/ME0201D/Nastbastaparti190
2010M11,2010-11-01,2010-11,ingen sympati/vet ej,ingen sympati/vet ej,NO_SYMPATHY_OR_DONT_KNOW,no_sympathy,vet ej,vet ej/uppgift saknas,DONT_KNOW,dont_know,100.0,0.0,observed,ME/ME0201/ME0201D/Nastbastaparti190
2010M11,2010-11-01,2010-11,ingen sympati/vet ej,ingen sympati/vet ej,NO_SYMPATHY_OR_DONT_KNOW,no_sympathy,övr,övriga,OTHER,other_party,0.0,0.0,observed,ME/ME0201/ME0201D/Nastbastaparti190
2010M11,2010-11-01,2010-11,kd,KD,KD,parliamentary_party,SD,SD,SD,parliamentary_party,,,suppressed,ME/ME0201/ME0201D/Nastbastaparti190
2010M11,2010-11-01,2010-11,kd,KD,KD,parliamentary_party,c,C,C,parliamentary_party,14.4,5.1,observed,ME/ME0201/ME0201D/Nastbastaparti190
2010M11,2010-11-01,2010-11,kd,KD,KD,parliamentary_party,inget parti,inget parti,NO_SECOND_CHOICE,no_second_choice,8.6,3.9,observed,ME/ME0201/ME0201D/Nastbastaparti190
2010M11,2010-11-01,2010-11,kd,KD,KD,parliamentary_party,kd,KD,KD,parliamentary_party,0.0,0.0,observed,ME/ME0201/ME0201D/Nastbastaparti190
2010M11,2010-11-01,2010-11,kd,KD,KD,parliamentary_party,l,L,L,parliamentary_party,19.7,5.6,observed,ME/ME0201/ME0201D/Nastbastaparti190
2010M11,2010-11-01,2010-11,kd,KD,KD,parliamentary_party,m,M,M,parliamentary_party,37.4,6.8,observed,ME/ME0201/ME0201D/Nastbastaparti190
2010M11,2010-11-01,2010-11,kd,KD,KD,parliamentary_party,mp,MP,MP,parliamentary_party,4.4,2.8,observed,ME/ME0201/ME0201D/Nastbastaparti190
2010M11,2010-11-01,2010-11,kd,KD,KD,parliamentary_party,s,S,S,parliamentary_party,5.3,3.2,observed,ME/ME0201/ME0201D/Nastbastaparti190
2010M11,2010-11-01,2010-11,kd,KD,KD,parliamentary_party,v,V,V,parliamentary_party,0.0,0.0,observed,ME/ME0201/ME0201D/Nastbastaparti190
2010M11,2010-11-01,2010-11,kd,KD,KD,parliamentary_party,vet ej,vet ej/uppgift saknas,DONT_KNOW,dont_know,7.8,4.3,observed,ME/ME0201/ME0201D/Nastbastaparti190
2010M11,2010-11-01,2010-11,kd,KD,KD,parliamentary_party,övr,övriga,OTHER,other_party,,,suppressed,ME/ME0201/ME0201D/Nastbastaparti190
2010M11,2010-11-01,2010-11,l,L,L,parliamentary_party,SD,SD,SD,parliamentary_party,,,suppressed,ME/ME0201/ME0201D/Nastbastaparti190
2010M11,2010-11-01,2010-11,l,L,L,parliamentary_party,c,C,C,parliamentary_party,10.6,3.3,observed,ME/ME0201/ME0201D/Nastbastaparti190
2010M11,2010-11-01,2010-11,l,L,L,parliamentary_party,inget parti,inget parti,NO_SECOND_CHOICE,no_second_choice,12.8,3.7,observed,ME/ME0201/ME0201D/Nastbastaparti190
2010M11,2010-11-01,2010-11,l,L,L,parliamentary_party,kd,KD,KD,parliamentary_party,7.5,2.7,observed,ME/ME0201/ME0201D/Nastbastaparti190
2010M11,2010-11-01,2010-11,l,L,L,parliamentary_party,l,L,L,parliamentary_party,0.0,0.0,observed,ME/ME0201/ME0201D/Nastbastaparti190
2010M11,2010-11-01,2010-11,l,L,L,parliamentary_party,m,M,M,parliamentary_party,46.8,5.2,observed,ME/ME0201/ME0201D/Nastbastaparti190
2010M11,2010-11-01,2010-11,l,L,L,parliamentary_party,mp,MP,MP,parliamentary_party,6.3,2.4,observed,ME/ME0201/ME0201D/Nastbastaparti190
2010M11,2010-11-01,2010-11,l,L,L,parliamentary_party,s,S,S,parliamentary_party,6.9,2.5,observed,ME/ME0201/ME0201D/Nastbastaparti190
2010M11,2010-11-01,2010-11,l,L,L,parliamentary_party,v,V,V,parliamentary_party,,,suppressed,ME/ME0201/ME0201D/Nastbastaparti190
2010M11,2010-11-01,2010-11,l,L,L,parliamentary_party,vet ej,vet ej/uppgift saknas,DONT_KNOW,dont_know,7.5,3.0,observed,ME/ME0201/ME0201D/Nastbastaparti190
2010M11,2010-11-01,2010-11,l,L,L,parliamentary_party,övr,övriga,OTHER,other_party,,,suppressed,ME/ME0201/ME0201D/Nastbastaparti190
2010M11,2010-11-01,2010-11,m,M,M,parliamentary_party,SD,SD,SD,parliamentary_party,3.8,1.1,observed,ME/ME0201/ME0201D/Nastbastaparti190
2010M11,2010-11-01,2010-11,m,M,M,parliamentary_party,c,C,C,parliamentary_party,10.6,1.4,observed,ME/ME0201/ME0201D/Nastbastaparti190
2010M11,2010-11-01,2010-11,m,M,M,parliamentary_party,inget parti,inget parti,NO_SECOND_CHOICE,no_second_choice,17.3,1.9,observed,ME/ME0201/ME0201D/Nastbastaparti190
2010M11,2010-11-01,2010-11,m,M,M,parliamentary_party,kd,KD,KD,parliamentary_party,8.1,1.3,observed,ME/ME0201/ME0201D/Nastbastaparti190
2010M11,2010-11-01,2010-11,m,M,M,parliamentary_party,l,L,L,parliamentary_party,36.5,2.2,observed,ME/ME0201/ME0201D/Nastbastaparti190
2010M11,2010-11-01,2010-11,m,M,M,parliamentary_party,m,M,M,parliamentary_party,0.0,0.0,observed,ME/ME0201/ME0201D/Nastbastaparti190
2010M11,2010-11-01,2010-11,m,M,M,parliamentary_party,mp,MP,MP,parliamentary_party,6.4,1.2,observed,ME/ME0201/ME0201D/Nastbastaparti190
2010M11,2010-11-01,2010-11,m,M,M,parliamentary_party,s,S,S,parliamentary_party,7.9,1.4,observed,ME/ME0201/ME0201D/Nastbastaparti190
2010M11,2010-11-01,2010-11,m,M,M,parliamentary_party,v,V,V,parliamentary_party,0.5,0.3,observed,ME/ME0201/ME0201D/Nastbastaparti190
2010M11,2010-11-01,2010-11,m,M,M,parliamentary_party,vet ej,vet ej/uppgift saknas,DONT_KNOW,dont_know,8.3,1.3,observed,ME/ME0201/ME0201D/Nastbastaparti190
2010M11,2010-11-01,2010-11,m,M,M,parliamentary_party,övr,övriga,OTHER,other_party,0.7,0.4,observed,ME/ME0201/ME0201D/Nastbastaparti190
2010M11,2010-11-01,2010-11,mp,MP,MP,parliamentary_party,SD,SD,SD,parliamentary_party,,,suppressed,ME/ME0201/ME0201D/Nastbastaparti190
2010M11,2010-11-01,2010-11,mp,MP,MP,parliamentary_party,c,C,C,parliamentary_party,3.8,1.6,observed,ME/ME0201/ME0201D/Nastbastaparti190
2010M11,2010-11-01,2010-11,mp,MP,MP,parliamentary_party,inget parti,inget parti,NO_SECOND_CHOICE,no_second_choice,18.0,3.5,observed,ME/ME0201/ME0201D/Nastbastaparti190
2010M11,2010-11-01,2010-11,mp,MP,MP,parliamentary_party,kd,KD,KD,parliamentary_party,0.8,0.7,observed,ME/ME0201/ME0201D/Nastbastaparti190
2010M11,2010-11-01,2010-11,mp,MP,MP,parliamentary_party,l,L,L,parliamentary_party,4.5,1.8,observed,ME/ME0201/ME0201D/Nastbastaparti190
2010M11,2010-11-01,2010-11,mp,MP,MP,parliamentary_party,m,M,M,parliamentary_party,6.1,2.2,observed,ME/ME0201/ME0201D/Nastbastaparti190
2010M11,2010-11-01,2010-11,mp,MP,MP,parliamentary_party,mp,MP,MP,parliamentary_party,0.0,0.0,observed,ME/ME0201/ME0201D/Nastbastaparti190
2010M11,2010-11-01,2010-11,mp,MP,MP,parliamentary_party,s,S,S,parliamentary_party,37.4,4.4,observed,ME/ME0201/ME0201D/Nastbastaparti190
2010M11,2010-11-01,2010-11,mp,MP,MP,parliamentary_party,v,V,V,parliamentary_party,16.1,3.2,observed,ME/ME0201/ME0201D/Nastbastaparti190
2010M11,2010-11-01,2010-11,mp,MP,MP,parliamentary_party,vet ej,vet ej/uppgift saknas,DONT_KNOW,dont_know,10.5,3.1,observed,ME/ME0201/ME0201D/Nastbastaparti190
2010M11,2010-11-01,2010-11,mp,MP,MP,parliamentary_party,övr,övriga,OTHER,other_party,2.6,1.8,observed,ME/ME0201/ME0201D/Nastbastaparti190
2010M11,2010-11-01,2010-11,s,S,S,parliamentary_party,SD,SD,SD,parliamentary_party,2.0,0.8,observed,ME/ME0201/ME0201D/Nastbastaparti190
2010M11,2010-11-01,2010-11,s,S,S,parliamentary_party,c,C,C,parliamentary_party,2.1,0.7,observed,ME/ME0201/ME0201D/Nastbastaparti190
2010M11,2010-11-01,2010-11,s,S,S,parliamentary_party,inget parti,inget parti,NO_SECOND_CHOICE,no_second_choice,22.9,2.1,observed,ME/ME0201/ME0201D/Nastbastaparti190
2010M11,2010-11-01,2010-11,s,S,S,parliamentary_party,kd,KD,KD,parliamentary_party,1.1,0.6,observed,ME/ME0201/ME0201D/Nastbastaparti190
2010M11,2010-11-01,2010-11,s,S,S,parliamentary_party,l,L,L,parliamentary_party,4.3,1.0,observed,ME/ME0201/ME0201D/Nastbastaparti190
2010M11,2010-11-01,2010-11,s,S,S,parliamentary_party,m,M,M,parliamentary_party,9.8,1.5,observed,ME/ME0201/ME0201D/Nastbastaparti190
2010M11,2010-11-01,2010-11,s,S,S,parliamentary_party,mp,MP,MP,parliamentary_party,32.8,2.4,observed,ME/ME0201/ME0201D/Nastbastaparti190
2010M11,2010-11-01,2010-11,s,S,S,parliamentary_party,s,S,S,parliamentary_party,0.0,0.0,observed,ME/ME0201/ME0201D/Nastbastaparti190
2010M11,2010-11-01,2010-11,s,S,S,parliamentary_party,v,V,V,parliamentary_party,12.9,1.6,observed,ME/ME0201/ME0201D/Nastbastaparti190
2010M11,2010-11-01,2010-11,s,S,S,parliamentary_party,vet ej,vet ej/uppgift saknas,DONT_KNOW,dont_know,11.5,1.7,observed,ME/ME0201/ME0201D/Nastbastaparti190
2010M11,2010-11-01,2010-11,s,S,S,parliamentary_party,övr,övriga,OTHER,other_party,0.6,0.4,observed,ME/ME0201/ME0201D/Nastbastaparti190
2010M11,2010-11-01,2010-11,v,V,V,parliamentary_party,SD,SD,SD,parliamentary_party,,,suppressed,ME/ME0201/ME0201D/Nastbastaparti190
2010M11,2010-11-01,2010-11,v,V,V,parliamentary_party,c,C,C,parliamentary_party,0.0,0.0,observed,ME/ME0201/ME0201D/Nastbastaparti190
2010M11,2010-11-01,2010-11,v,V,V,parliamentary_party,inget parti,inget parti,NO_SECOND_CHOICE,no_second_choice,10.2,3.9,observed,ME/ME0201/ME0201D/Nastbastaparti190
2010M11,2010-11-01,2010-11,v,V,V,parliamentary_party,kd,KD,KD,parliamentary_party,0.0,0.0,observed,ME/ME0201/ME0201D/Nastbastaparti190
2010M11,2010-11-01,2010-11,v,V,V,parliamentary_party,l,L,L,parliamentary_party,,,suppressed,ME/ME0201/ME0201D/Nastbastaparti190
2010M11,2010-11-01,2010-11,v,V,V,parliamentary_party,m,M,M,parliamentary_party,1.4,1.3,observed,ME/ME0201/ME0201D/Nastbastaparti190
2010M11,2010-11-01,2010-11,v,V,V,parliamentary_party,mp,MP,MP,parliamentary_party,33.7,5.7,observed,ME/ME0201/ME0201D/Nastbastaparti190
2010M11,2010-11-01,2010-11,v,V,V,parliamentary_party,s,S,S,parliamentary_party,43.2,6.0,observed,ME/ME0201/ME0201D/Nastbastaparti190
2010M11,2010-11-01,2010-11,v,V,V,parliamentary_party,v,V,V,parliamentary_party,0.0,0.0,observed,ME/ME0201/ME0201D/Nastbastaparti190
2010M11,2010-11-01,2010-11,v,V,V,parliamentary_party,vet ej,vet ej/uppgift saknas,DONT_KNOW,dont_know,4.0,2.5,observed,ME/ME0201/ME0201D/Nastbastaparti190
2010M11,2010-11-01,2010-11,v,V,V,parliamentary_party,övr,övriga,OTHER,other_party,5.7,2.9,observed,ME/ME0201/ME0201D/Nastbastaparti190
2010M11,2010-11-01,2010-11,övr,övriga,OTHER,other_party,SD,SD,SD,parliamentary_party,,,suppressed,ME/ME0201/ME0201D/Nastbastaparti190
2010M11,2010-11-01,2010-11,övr,övriga,OTHER,other_party,c,C,C,parliamentary_party,0.0,0.0,observed,ME/ME0201/ME0201D/Nastbastaparti190
2010M11,2010-11-01,2010-11,övr,övriga,OTHER,other_party,inget parti,inget parti,NO_SECOND_CHOICE,no_second_choice,21.5,12.2,observed,ME/ME0201/ME0201D/Nastbastaparti190
2010M11,2010-11-01,2010-11,övr,övriga,OTHER,other_party,kd,KD,KD,parliamentary_party,0.0,0.0,observed,ME/ME0201/ME0201D/Nastbastaparti190
2010M11,2010-11-01,2010-11,övr,övriga,OTHER,other_party,l,L,L,parliamentary_party,,,suppressed,ME/ME0201/ME0201D/Nastbastaparti190
2010M11,2010-11-01,2010-11,övr,övriga,OTHER,other_party,m,M,M,parliamentary_party,,,suppressed,ME/ME0201/ME0201D/Nastbastaparti190
2010M11,2010-11-01,2010-11,övr,övriga,OTHER,other_party,mp,MP,MP,parliamentary_party,26.3,12.8,observed,ME/ME0201/ME0201D/Nastbastaparti190
2010M11,2010-11-01,2010-11,övr,övriga,OTHER,other_party,s,S,S,parliamentary_party,,,suppressed,ME/ME0201/ME0201D/Nastbastaparti190
2010M11,2010-11-01,2010-11,övr,övriga,OTHER,other_party,v,V,V,parliamentary_party,13.5,10.3,observed,ME/ME0201/ME0201D/Nastbastaparti190
2010M11,2010-11-01,2010-11,övr,övriga,OTHER,other_party,vet ej,vet ej/uppgift saknas,DONT_KNOW,dont_know,14.0,10.0,observed,ME/ME0201/ME0201D/Nastbastaparti190
2010M11,2010-11-01,2010-11,övr,övriga,OTHER,other_party,övr,övriga,OTHER,other_party,,,suppressed,ME/ME0201/ME0201D/Nastbastaparti190
2011M05,2011-05-01,2011-05,SD,SD,SD,parliamentary_party,SD,SD,SD,parliamentary_party,0.0,0.0,observed,ME/ME0201/ME0201D/Nastbastaparti190
2011M05,2011-05-01,2011-05,SD,SD,SD,parliamentary_party,c,C,C,parliamentary_party,3.0,2.6,observed,ME/ME0201/ME0201D/Nastbastaparti190
2011M05,2011-05-01,2011-05,SD,SD,SD,parliamentary_party,inget parti,inget parti,NO_SECOND_CHOICE,no_second_choice,29.1,7.3,observed,ME/ME0201/ME0201D/Nastbastaparti190
2011M05,2011-05-01,2011-05,SD,SD,SD,parliamentary_party,kd,KD,KD,parliamentary_party,,,suppressed,ME/ME0201/ME0201D/Nastbastaparti190
2011M05,2011-05-01,2011-05,SD,SD,SD,parliamentary_party,l,L,L,parliamentary_party,5.4,3.5,observed,ME/ME0201/ME0201D/Nastbastaparti190
2011M05,2011-05-01,2011-05,SD,SD,SD,parliamentary_party,m,M,M,parliamentary_party,24.4,6.7,observed,ME/ME0201/ME0201D/Nastbastaparti190
2011M05,2011-05-01,2011-05,SD,SD,SD,parliamentary_party,mp,MP,MP,parliamentary_party,5.1,3.6,observed,ME/ME0201/ME0201D/Nastbastaparti190
2011M05,2011-05-01,2011-05,SD,SD,SD,parliamentary_party,s,S,S,parliamentary_party,18.9,6.2,observed,ME/ME0201/ME0201D/Nastbastaparti190
2011M05,2011-05-01,2011-05,SD,SD,SD,parliamentary_party,v,V,V,parliamentary_party,,,suppressed,ME/ME0201/ME0201D/Nastbastaparti190
2011M05,2011-05-01,2011-05,SD,SD,SD,parliamentary_party,vet ej,vet ej/uppgift saknas,DONT_KNOW,dont_know,8.2,4.4,observed,ME/ME0201/ME0201D/Nastbastaparti190
2011M05,2011-05-01,2011-05,SD,SD,SD,parliamentary_party,övr,övriga,OTHER,other_party,3.2,3.1,observed,ME/ME0201/ME0201D/Nastbastaparti190
2011M05,2011-05-01,2011-05,c,C,C,parliamentary_party,SD,SD,SD,parliamentary_party,,,suppressed,ME/ME0201/ME0201D/Nastbastaparti190
2011M05,2011-05-01,2011-05,c,C,C,parliamentary_party,c,C,C,parliamentary_party,0.0,0.0,observed,ME/ME0201/ME0201D/Nastbastaparti190
2011M05,2011-05-01,2011-05,c,C,C,parliamentary_party,inget parti,inget parti,NO_SECOND_CHOICE,no_second_choice,17.0,5.4,observed,ME/ME0201/ME0201D/Nastbastaparti190
2011M05,2011-05-01,2011-05,c,C,C,parliamentary_party,kd,KD,KD,parliamentary_party,7.5,3.8,observed,ME/ME0201/ME0201D/Nastbastaparti190
2011M05,2011-05-01,2011-05,c,C,C,parliamentary_party,l,L,L,parliamentary_party,14.1,5.0,observed,ME/ME0201/ME0201D/Nastbastaparti190
2011M05,2011-05-01,2011-05,c,C,C,parliamentary_party,m,M,M,parliamentary_party,36.5,6.7,observed,ME/ME0201/ME0201D/Nastbastaparti190
2011M05,2011-05-01,2011-05,c,C,C,parliamentary_party,mp,MP,MP,parliamentary_party,10.0,4.1,observed,ME/ME0201/ME0201D/Nastbastaparti190
2011M05,2011-05-01,2011-05,c,C,C,parliamentary_party,s,S,S,parliamentary_party,7.6,3.6,observed,ME/ME0201/ME0201D/Nastbastaparti190
2011M05,2011-05-01,2011-05,c,C,C,parliamentary_party,v,V,V,parliamentary_party,0.0,0.0,observed,ME/ME0201/ME0201D/Nastbastaparti190
2011M05,2011-05-01,2011-05,c,C,C,parliamentary_party,vet ej,vet ej/uppgift saknas,DONT_KNOW,dont_know,5.5,3.2,observed,ME/ME0201/ME0201D/Nastbastaparti190
2011M05,2011-05-01,2011-05,c,C,C,parliamentary_party,övr,övriga,OTHER,other_party,,,suppressed,ME/ME0201/ME0201D/Nastbastaparti190
2011M05,2011-05-01,2011-05,hela väljarkåren,hela väljarkåren,TOTAL_ELECTORATE,total_electorate,SD,SD,SD,parliamentary_party,1.6,0.4,observed,ME/ME0201/ME0201D/Nastbastaparti190
2011M05,2011-05-01,2011-05,hela väljarkåren,hela väljarkåren,TOTAL_ELECTORATE,total_electorate,c,C,C,parliamentary_party,3.5,0.5,observed,ME/ME0201/ME0201D/Nastbastaparti190
2011M05,2011-05-01,2011-05,hela väljarkåren,hela väljarkåren,TOTAL_ELECTORATE,total_electorate,inget parti,inget parti,NO_SECOND_CHOICE,no_second_choice,16.5,1.0,observed,ME/ME0201/ME0201D/Nastbastaparti190
2011M05,2011-05-01,2011-05,hela väljarkåren,hela väljarkåren,TOTAL_ELECTORATE,total_electorate,kd,KD,KD,parliamentary_party,3.0,0.4,observed,ME/ME0201/ME0201D/Nastbastaparti190
2011M05,2011-05-01,2011-05,hela väljarkåren,hela väljarkåren,TOTAL_ELECTORATE,total_electorate,l,L,L,parliamentary_party,11.2,0.7,observed,ME/ME0201/ME0201D/Nastbastaparti190
2011M05,2011-05-01,2011-05,hela väljarkåren,hela väljarkåren,TOTAL_ELECTORATE,total_electorate,m,M,M,parliamentary_party,8.6,0.7,observed,ME/ME0201/ME0201D/Nastbastaparti190
2011M05,2011-05-01,2011-05,hela väljarkåren,hela väljarkåren,TOTAL_ELECTORATE,total_electorate,mp,MP,MP,parliamentary_party,11.3,0.8,observed,ME/ME0201/ME0201D/Nastbastaparti190
2011M05,2011-05-01,2011-05,hela väljarkåren,hela väljarkåren,TOTAL_ELECTORATE,total_electorate,s,S,S,parliamentary_party,7.5,0.6,observed,ME/ME0201/ME0201D/Nastbastaparti190
2011M05,2011-05-01,2011-05,hela väljarkåren,hela väljarkåren,TOTAL_ELECTORATE,total_electorate,v,V,V,parliamentary_party,5.6,0.6,observed,ME/ME0201/ME0201D/Nastbastaparti190
2011M05,2011-05-01,2011-05,hela väljarkåren,hela väljarkåren,TOTAL_ELECTORATE,total_electorate,vet ej,vet ej/uppgift saknas,DONT_KNOW,dont_know,29.9,1.2,observed,ME/ME0201/ME0201D/Nastbastaparti190
2011M05,2011-05-01,2011-05,hela väljarkåren,hela väljarkåren,TOTAL_ELECTORATE,total_electorate,övr,övriga,OTHER,other_party,1.0,0.3,observed,ME/ME0201/ME0201D/Nastbastaparti190
2011M05,2011-05-01,2011-05,ingen sympati/vet ej,ingen sympati/vet ej,NO_SYMPATHY_OR_DONT_KNOW,no_sympathy,SD,SD,SD,parliamentary_party,0.0,0.0,observed,ME/ME0201/ME0201D/Nastbastaparti190
2011M05,2011-05-01,2011-05,ingen sympati/vet ej,ingen sympati/vet ej,NO_SYMPATHY_OR_DONT_KNOW,no_sympathy,c,C,C,parliamentary_party,0.0,0.0,observed,ME/ME0201/ME0201D/Nastbastaparti190
2011M05,2011-05-01,2011-05,ingen sympati/vet ej,ingen sympati/vet ej,NO_SYMPATHY_OR_DONT_KNOW,no_sympathy,inget parti,inget parti,NO_SECOND_CHOICE,no_second_choice,0.0,0.0,observed,ME/ME0201/ME0201D/Nastbastaparti190
2011M05,2011-05-01,2011-05,ingen sympati/vet ej,ingen sympati/vet ej,NO_SYMPATHY_OR_DONT_KNOW,no_sympathy,kd,KD,KD,parliamentary_party,0.0,0.0,observed,ME/ME0201/ME0201D/Nastbastaparti190
2011M05,2011-05-01,2011-05,ingen sympati/vet ej,ingen sympati/vet ej,NO_SYMPATHY_OR_DONT_KNOW,no_sympathy,l,L,L,parliamentary_party,0.0,0.0,observed,ME/ME0201/ME0201D/Nastbastaparti190
2011M05,2011-05-01,2011-05,ingen sympati/vet ej,ingen sympati/vet ej,NO_SYMPATHY_OR_DONT_KNOW,no_sympathy,m,M,M,parliamentary_party,0.0,0.0,observed,ME/ME0201/ME0201D/Nastbastaparti190
2011M05,2011-05-01,2011-05,ingen sympati/vet ej,ingen sympati/vet ej,NO_SYMPATHY_OR_DONT_KNOW,no_sympathy,mp,MP,MP,parliamentary_party,0.0,0.0,observed,ME/ME0201/ME0201D/Nastbastaparti190
2011M05,2011-05-01,2011-05,ingen sympati/vet ej,ingen sympati/vet ej,NO_SYMPATHY_OR_DONT_KNOW,no_sympathy,s,S,S,parliamentary_party,0.0,0.0,observed,ME/ME0201/ME0201D/Nastbastaparti190
2011M05,2011-05-01,2011-05,ingen sympati/vet ej,ingen sympati/vet ej,NO_SYMPATHY_OR_DONT_KNOW,no_sympathy,v,V,V,parliamentary_party,0.0,0.0,observed,ME/ME0201/ME0201D/Nastbastaparti190
2011M05,2011-05-01,2011-05,ingen sympati/vet ej,ingen sympati/vet ej,NO_SYMPATHY_OR_DONT_KNOW,no_sympathy,vet ej,vet ej/uppgift saknas,DONT_KNOW,dont_know,99.8,0.3,observed,ME/ME0201/ME0201D/Nastbastaparti190
2011M05,2011-05-01,2011-05,ingen sympati/vet ej,ingen sympati/vet ej,NO_SYMPATHY_OR_DONT_KNOW,no_sympathy,övr,övriga,OTHER,other_party,0.0,0.0,observed,ME/ME0201/ME0201D/Nastbastaparti190
2011M05,2011-05-01,2011-05,kd,KD,KD,parliamentary_party,SD,SD,SD,parliamentary_party,0.0,0.0,observed,ME/ME0201/ME0201D/Nastbastaparti190
2011M05,2011-05-01,2011-05,kd,KD,KD,parliamentary_party,c,C,C,parliamentary_party,7.4,4.3,observed,ME/ME0201/ME0201D/Nastbastaparti190
2011M05,2011-05-01,2011-05,kd,KD,KD,parliamentary_party,inget parti,inget parti,NO_SECOND_CHOICE,no_second_choice,20.4,7.0,observed,ME/ME0201/ME0201D/Nastbastaparti190
2011M05,2011-05-01,2011-05,kd,KD,KD,parliamentary_party,kd,KD,KD,parliamentary_party,0.0,0.0,observed,ME/ME0201/ME0201D/Nastbastaparti190
2011M05,2011-05-01,2011-05,kd,KD,KD,parliamentary_party,l,L,L,parliamentary_party,12.3,5.6,observed,ME/ME0201/ME0201D/Nastbastaparti190
2011M05,2011-05-01,2011-05,kd,KD,KD,parliamentary_party,m,M,M,parliamentary_party,41.0,8.1,observed,ME/ME0201/ME0201D/Nastbastaparti190
2011M05,2011-05-01,2011-05,kd,KD,KD,parliamentary_party,mp,MP,MP,parliamentary_party,8.7,4.6,observed,ME/ME0201/ME0201D/Nastbastaparti190
2011M05,2011-05-01,2011-05,kd,KD,KD,parliamentary_party,s,S,S,parliamentary_party,4.4,3.7,observed,ME/ME0201/ME0201D/Nastbastaparti190
2011M05,2011-05-01,2011-05,kd,KD,KD,parliamentary_party,v,V,V,parliamentary_party,,,suppressed,ME/ME0201/ME0201D/Nastbastaparti190
2011M05,2011-05-01,2011-05,kd,KD,KD,parliamentary_party,vet ej,vet ej/uppgift saknas,DONT_KNOW,dont_know,4.3,3.4,observed,ME/ME0201/ME0201D/Nastbastaparti190
2011M05,2011-05-01,2011-05,kd,KD,KD,parliamentary_party,övr,övriga,OTHER,other_party,,,suppressed,ME/ME0201/ME0201D/Nastbastaparti190
2011M05,2011-05-01,2011-05,l,L,L,parliamentary_party,SD,SD,SD,parliamentary_party,,,suppressed,ME/ME0201/ME0201D/Nastbastaparti190
2011M05,2011-05-01,2011-05,l,L,L,parliamentary_party,c,C,C,parliamentary_party,7.6,3.1,observed,ME/ME0201/ME0201D/Nastbastaparti190
2011M05,2011-05-01,2011-05,l,L,L,parliamentary_party,inget parti,inget parti,NO_SECOND_CHOICE,no_second_choice,13.1,4.2,observed,ME/ME0201/ME0201D/Nastbastaparti190
2011M05,2011-05-01,2011-05,l,L,L,parliamentary_party,kd,KD,KD,parliamentary_party,8.6,3.3,observed,ME/ME0201/ME0201D/Nastbastaparti190
2011M05,2011-05-01,2011-05,l,L,L,parliamentary_party,l,L,L,parliamentary_party,0.0,0.0,observed,ME/ME0201/ME0201D/Nastbastaparti190
2011M05,2011-05-01,2011-05,l,L,L,parliamentary_party,m,M,M,parliamentary_party,50.0,5.8,observed,ME/ME0201/ME0201D/Nastbastaparti190
2011M05,2011-05-01,2011-05,l,L,L,parliamentary_party,mp,MP,MP,parliamentary_party,8.5,3.2,observed,ME/ME0201/ME0201D/Nastbastaparti190
2011M05,2011-05-01,2011-05,l,L,L,parliamentary_party,s,S,S,parliamentary_party,6.0,2.7,observed,ME/ME0201/ME0201D/Nastbastaparti190
2011M05,2011-05-01,2011-05,l,L,L,parliamentary_party,v,V,V,parliamentary_party,,,suppressed,ME/ME0201/ME0201D/Nastbastaparti190
2011M05,2011-05-01,2011-05,l,L,L,parliamentary_party,vet ej,vet ej/uppgift saknas,DONT_KNOW,dont_know,5.5,2.6,observed,ME/ME0201/ME0201D/Nastbastaparti190
2011M05,2011-05-01,2011-05,l,L,L,parliamentary_party,övr,övriga,OTHER,other_party,0.0,0.0,observed,ME/ME0201/ME0201D/Nastbastaparti190
2011M05,2011-05-01,2011-05,m,M,M,parliamentary_party,SD,SD,SD,parliamentary_party,3.2,0.9,observed,ME/ME0201/ME0201D/Nastbastaparti190
2011M05,2011-05-01,2011-05,m,M,M,parliamentary_party,c,C,C,parliamentary_party,8.3,1.3,observed,ME/ME0201/ME0201D/Nastbastaparti190
2011M05,2011-05-01,2011-05,m,M,M,parliamentary_party,inget parti,inget parti,NO_SECOND_CHOICE,no_second_choice,21.4,2.0,observed,ME/ME0201/ME0201D/Nastbastaparti190
2011M05,2011-05-01,2011-05,m,M,M,parliamentary_party,kd,KD,KD,parliamentary_party,7.2,1.3,observed,ME/ME0201/ME0201D/Nastbastaparti190
2011M05,2011-05-01,2011-05,m,M,M,parliamentary_party,l,L,L,parliamentary_party,35.2,2.3,observed,ME/ME0201/ME0201D/Nastbastaparti190
2011M05,2011-05-01,2011-05,m,M,M,parliamentary_party,m,M,M,parliamentary_party,0.0,0.0,observed,ME/ME0201/ME0201D/Nastbastaparti190
2011M05,2011-05-01,2011-05,m,M,M,parliamentary_party,mp,MP,MP,parliamentary_party,6.9,1.3,observed,ME/ME0201/ME0201D/Nastbastaparti190
2011M05,2011-05-01,2011-05,m,M,M,parliamentary_party,s,S,S,parliamentary_party,6.9,1.2,observed,ME/ME0201/ME0201D/Nastbastaparti190
2011M05,2011-05-01,2011-05,m,M,M,parliamentary_party,v,V,V,parliamentary_party,0.4,0.4,observed,ME/ME0201/ME0201D/Nastbastaparti190
2011M05,2011-05-01,2011-05,m,M,M,parliamentary_party,vet ej,vet ej/uppgift saknas,DONT_KNOW,dont_know,9.8,1.5,observed,ME/ME0201/ME0201D/Nastbastaparti190
2011M05,2011-05-01,2011-05,m,M,M,parliamentary_party,övr,övriga,OTHER,other_party,0.6,0.4,observed,ME/ME0201/ME0201D/Nastbastaparti190
2011M05,2011-05-01,2011-05,mp,MP,MP,parliamentary_party,SD,SD,SD,parliamentary_party,,,suppressed,ME/ME0201/ME0201D/Nastbastaparti190
2011M05,2011-05-01,2011-05,mp,MP,MP,parliamentary_party,c,C,C,parliamentary_party,4.2,1.9,observed,ME/ME0201/ME0201D/Nastbastaparti190
2011M05,2011-05-01,2011-05,mp,MP,MP,parliamentary_party,inget parti,inget parti,NO_SECOND_CHOICE,no_second_choice,19.9,3.9,observed,ME/ME0201/ME0201D/Nastbastaparti190
2011M05,2011-05-01,2011-05,mp,MP,MP,parliamentary_party,kd,KD,KD,parliamentary_party,1.8,1.4,observed,ME/ME0201/ME0201D/Nastbastaparti190
2011M05,2011-05-01,2011-05,mp,MP,MP,parliamentary_party,l,L,L,parliamentary_party,4.9,2.1,observed,ME/ME0201/ME0201D/Nastbastaparti190
2011M05,2011-05-01,2011-05,mp,MP,MP,parliamentary_party,m,M,M,parliamentary_party,7.5,2.3,observed,ME/ME0201/ME0201D/Nastbastaparti190
2011M05,2011-05-01,2011-05,mp,MP,MP,parliamentary_party,mp,MP,MP,parliamentary_party,0.0,0.0,observed,ME/ME0201/ME0201D/Nastbastaparti190
2011M05,2011-05-01,2011-05,mp,MP,MP,parliamentary_party,s,S,S,parliamentary_party,33.7,4.3,observed,ME/ME0201/ME0201D/Nastbastaparti190
2011M05,2011-05-01,2011-05,mp,MP,MP,parliamentary_party,v,V,V,parliamentary_party,13.2,3.2,observed,ME/ME0201/ME0201D/Nastbastaparti190
2011M05,2011-05-01,2011-05,mp,MP,MP,parliamentary_party,vet ej,vet ej/uppgift saknas,DONT_KNOW,dont_know,10.9,3.1,observed,ME/ME0201/ME0201D/Nastbastaparti190
2011M05,2011-05-01,2011-05,mp,MP,MP,parliamentary_party,övr,övriga,OTHER,other_party,3.2,1.7,observed,ME/ME0201/ME0201D/Nastbastaparti190
2011M05,2011-05-01,2011-05,s,S,S,parliamentary_party,SD,SD,SD,parliamentary_party,2.7,0.9,observed,ME/ME0201/ME0201D/Nastbastaparti190
2011M05,2011-05-01,2011-05,s,S,S,parliamentary_party,c,C,C,parliamentary_party,2.0,0.7,observed,ME/ME0201/ME0201D/Nastbastaparti190
2011M05,2011-05-01,2011-05,s,S,S,parliamentary_party,inget parti,inget parti,NO_SECOND_CHOICE,no_second_choice,24.5,2.2,observed,ME/ME0201/ME0201D/Nastbastaparti190
2011M05,2011-05-01,2011-05,s,S,S,parliamentary_party,kd,KD,KD,parliamentary_party,1.4,0.7,observed,ME/ME0201/ME0201D/Nastbastaparti190
2011M05,2011-05-01,2011-05,s,S,S,parliamentary_party,l,L,L,parliamentary_party,4.6,1.0,observed,ME/ME0201/ME0201D/Nastbastaparti190
2011M05,2011-05-01,2011-05,s,S,S,parliamentary_party,m,M,M,parliamentary_party,9.1,1.4,observed,ME/ME0201/ME0201D/Nastbastaparti190
2011M05,2011-05-01,2011-05,s,S,S,parliamentary_party,mp,MP,MP,parliamentary_party,26.3,2.2,observed,ME/ME0201/ME0201D/Nastbastaparti190
2011M05,2011-05-01,2011-05,s,S,S,parliamentary_party,s,S,S,parliamentary_party,0.0,0.0,observed,ME/ME0201/ME0201D/Nastbastaparti190
2011M05,2011-05-01,2011-05,s,S,S,parliamentary_party,v,V,V,parliamentary_party,16.4,1.8,observed,ME/ME0201/ME0201D/Nastbastaparti190
2011M05,2011-05-01,2011-05,s,S,S,parliamentary_party,vet ej,vet ej/uppgift saknas,DONT_KNOW,dont_know,12.1,1.7,observed,ME/ME0201/ME0201D/Nastbastaparti190
2011M05,2011-05-01,2011-05,s,S,S,parliamentary_party,övr,övriga,OTHER,other_party,0.8,0.5,observed,ME/ME0201/ME0201D/Nastbastaparti190
2011M05,2011-05-01,2011-05,v,V,V,parliamentary_party,SD,SD,SD,parliamentary_party,,,suppressed,ME/ME0201/ME0201D/Nastbastaparti190
2011M05,2011-05-01,2011-05,v,V,V,parliamentary_party,c,C,C,parliamentary_party,,,suppressed,ME/ME0201/ME0201D/Nastbastaparti190
2011M05,2011-05-01,2011-05,v,V,V,parliamentary_party,inget parti,inget parti,NO_SECOND_CHOICE,no_second_choice,8.3,3.3,observed,ME/ME0201/ME0201D/Nastbastaparti190
2011M05,2011-05-01,2011-05,v,V,V,parliamentary_party,kd,KD,KD,parliamentary_party,,,suppressed,ME/ME0201/ME0201D/Nastbastaparti190
2011M05,2011-05-01,2011-05,v,V,V,parliamentary_party,l,L,L,parliamentary_party,,,suppressed,ME/ME0201/ME0201D/Nastbastaparti190
2011M05,2011-05-01,2011-05,v,V,V,parliamentary_party,m,M,M,parliamentary_party,,,suppressed,ME/ME0201/ME0201D/Nastbastaparti190
2011M05,2011-05-01,2011-05,v,V,V,parliamentary_party,mp,MP,MP,parliamentary_party,31.2,5.7,observed,ME/ME0201/ME0201D/Nastbastaparti190
2011M05,2011-05-01,2011-05,v,V,V,parliamentary_party,s,S,S,parliamentary_party,48.9,6.2,observed,ME/ME0201/ME0201D/Nastbastaparti190
2011M05,2011-05-01,2011-05,v,V,V,parliamentary_party,v,V,V,parliamentary_party,0.0,0.0,observed,ME/ME0201/ME0201D/Nastbastaparti190
2011M05,2011-05-01,2011-05,v,V,V,parliamentary_party,vet ej,vet ej/uppgift saknas,DONT_KNOW,dont_know,3.5,2.4,observed,ME/ME0201/ME0201D/Nastbastaparti190
2011M05,2011-05-01,2011-05,v,V,V,parliamentary_party,övr,övriga,OTHER,other_party,5.2,2.8,observed,ME/ME0201/ME0201D/Nastbastaparti190
2011M05,2011-05-01,2011-05,övr,övriga,OTHER,other_party,SD,SD,SD,parliamentary_party,0.0,0.0,observed,ME/ME0201/ME0201D/Nastbastaparti190
2011M05,2011-05-01,2011-05,övr,övriga,OTHER,other_party,c,C,C,parliamentary_party,0.0,0.0,observed,ME/ME0201/ME0201D/Nastbastaparti190
2011M05,2011-05-01,2011-05,övr,övriga,OTHER,other_party,inget parti,inget parti,NO_SECOND_CHOICE,no_second_choice,25.7,13.3,observed,ME/ME0201/ME0201D/Nastbastaparti190
2011M05,2011-05-01,2011-05,övr,övriga,OTHER,other_party,kd,KD,KD,parliamentary_party,,,suppressed,ME/ME0201/ME0201D/Nastbastaparti190
2011M05,2011-05-01,2011-05,övr,övriga,OTHER,other_party,l,L,L,parliamentary_party,,,suppressed,ME/ME0201/ME0201D/Nastbastaparti190
2011M05,2011-05-01,2011-05,övr,övriga,OTHER,other_party,m,M,M,parliamentary_party,,,suppressed,ME/ME0201/ME0201D/Nastbastaparti190
2011M05,2011-05-01,2011-05,övr,övriga,OTHER,other_party,mp,MP,MP,parliamentary_party,15.8,10.0,observed,ME/ME0201/ME0201D/Nastbastaparti190
2011M05,2011-05-01,2011-05,övr,övriga,OTHER,other_party,s,S,S,parliamentary_party,12.1,9.2,observed,ME/ME0201/ME0201D/Nastbastaparti190
2011M05,2011-05-01,2011-05,övr,övriga,OTHER,other_party,v,V,V,parliamentary_party,21.0,11.9,observed,ME/ME0201/ME0201D/Nastbastaparti190
2011M05,2011-05-01,2011-05,övr,övriga,OTHER,other_party,vet ej,vet ej/uppgift saknas,DONT_KNOW,dont_know,,,suppressed,ME/ME0201/ME0201D/Nastbastaparti190
2011M05,2011-05-01,2011-05,övr,övriga,OTHER,other_party,övr,övriga,OTHER,other_party,,,suppressed,ME/ME0201/ME0201D/Nastbastaparti190
2011M11,2011-11-01,2011-11,SD,SD,SD,parliamentary_party,SD,SD,SD,parliamentary_party,0.0,0.0,observed,ME/ME0201/ME0201D/Nastbastaparti190
2011M11,2011-11-01,2011-11,SD,SD,SD,parliamentary_party,c,C,C,parliamentary_party,,,suppressed,ME/ME0201/ME0201D/Nastbastaparti190
2011M11,2011-11-01,2011-11,SD,SD,SD,parliamentary_party,inget parti,inget parti,NO_SECOND_CHOICE,no_second_choice,23.7,6.8,observed,ME/ME0201/ME0201D/Nastbastaparti190
2011M11,2011-11-01,2011-11,SD,SD,SD,parliamentary_party,kd,KD,KD,parliamentary_party,,,suppressed,ME/ME0201/ME0201D/Nastbastaparti190
2011M11,2011-11-01,2011-11,SD,SD,SD,parliamentary_party,l,L,L,parliamentary_party,7.6,4.3,observed,ME/ME0201/ME0201D/Nastbastaparti190
2011M11,2011-11-01,2011-11,SD,SD,SD,parliamentary_party,m,M,M,parliamentary_party,21.8,6.5,observed,ME/ME0201/ME0201D/Nastbastaparti190
2011M11,2011-11-01,2011-11,SD,SD,SD,parliamentary_party,mp,MP,MP,parliamentary_party,,,suppressed,ME/ME0201/ME0201D/Nastbastaparti190
2011M11,2011-11-01,2011-11,SD,SD,SD,parliamentary_party,s,S,S,parliamentary_party,22.4,6.6,observed,ME/ME0201/ME0201D/Nastbastaparti190
2011M11,2011-11-01,2011-11,SD,SD,SD,parliamentary_party,v,V,V,parliamentary_party,2.0,2.0,observed,ME/ME0201/ME0201D/Nastbastaparti190
2011M11,2011-11-01,2011-11,SD,SD,SD,parliamentary_party,vet ej,vet ej/uppgift saknas,DONT_KNOW,dont_know,14.6,5.7,observed,ME/ME0201/ME0201D/Nastbastaparti190
2011M11,2011-11-01,2011-11,SD,SD,SD,parliamentary_party,övr,övriga,OTHER,other_party,2.8,2.7,observed,ME/ME0201/ME0201D/Nastbastaparti190
2011M11,2011-11-01,2011-11,c,C,C,parliamentary_party,SD,SD,SD,parliamentary_party,,,suppressed,ME/ME0201/ME0201D/Nastbastaparti190
2011M11,2011-11-01,2011-11,c,C,C,parliamentary_party,c,C,C,parliamentary_party,0.0,0.0,observed,ME/ME0201/ME0201D/Nastbastaparti190
2011M11,2011-11-01,2011-11,c,C,C,parliamentary_party,inget parti,inget parti,NO_SECOND_CHOICE,no_second_choice,15.4,4.8,observed,ME/ME0201/ME0201D/Nastbastaparti190
2011M11,2011-11-01,2011-11,c,C,C,parliamentary_party,kd,KD,KD,parliamentary_party,7.6,3.5,observed,ME/ME0201/ME0201D/Nastbastaparti190
2011M11,2011-11-01,2011-11,c,C,C,parliamentary_party,l,L,L,parliamentary_party,13.2,4.4,observed,ME/ME0201/ME0201D/Nastbastaparti190
2011M11,2011-11-01,2011-11,c,C,C,parliamentary_party,m,M,M,parliamentary_party,38.9,6.3,observed,ME/ME0201/ME0201D/Nastbastaparti190
2011M11,2011-11-01,2011-11,c,C,C,parliamentary_party,mp,MP,MP,parliamentary_party,12.6,4.3,observed,ME/ME0201/ME0201D/Nastbastaparti190
2011M11,2011-11-01,2011-11,c,C,C,parliamentary_party,s,S,S,parliamentary_party,5.0,2.9,observed,ME/ME0201/ME0201D/Nastbastaparti190
2011M11,2011-11-01,2011-11,c,C,C,parliamentary_party,v,V,V,parliamentary_party,,,suppressed,ME/ME0201/ME0201D/Nastbastaparti190
2011M11,2011-11-01,2011-11,c,C,C,parliamentary_party,vet ej,vet ej/uppgift saknas,DONT_KNOW,dont_know,5.9,3.2,observed,ME/ME0201/ME0201D/Nastbastaparti190
2011M11,2011-11-01,2011-11,c,C,C,parliamentary_party,övr,övriga,OTHER,other_party,,,suppressed,ME/ME0201/ME0201D/Nastbastaparti190
2011M11,2011-11-01,2011-11,hela väljarkåren,hela väljarkåren,TOTAL_ELECTORATE,total_electorate,SD,SD,SD,parliamentary_party,1.4,0.3,observed,ME/ME0201/ME0201D/Nastbastaparti190
2011M11,2011-11-01,2011-11,hela väljarkåren,hela väljarkåren,TOTAL_ELECTORATE,total_electorate,c,C,C,parliamentary_party,5.1,0.6,observed,ME/ME0201/ME0201D/Nastbastaparti190
2011M11,2011-11-01,2011-11,hela väljarkåren,hela väljarkåren,TOTAL_ELECTORATE,total_electorate,inget parti,inget parti,NO_SECOND_CHOICE,no_second_choice,13.1,0.9,observed,ME/ME0201/ME0201D/Nastbastaparti190
2011M11,2011-11-01,2011-11,hela väljarkåren,hela väljarkåren,TOTAL_ELECTORATE,total_electorate,kd,KD,KD,parliamentary_party,3.1,0.4,observed,ME/ME0201/ME0201D/Nastbastaparti190
2011M11,2011-11-01,2011-11,hela väljarkåren,hela väljarkåren,TOTAL_ELECTORATE,total_electorate,l,L,L,parliamentary_party,10.8,0.7,observed,ME/ME0201/ME0201D/Nastbastaparti190
2011M11,2011-11-01,2011-11,hela väljarkåren,hela väljarkåren,TOTAL_ELECTORATE,total_electorate,m,M,M,parliamentary_party,8.7,0.7,observed,ME/ME0201/ME0201D/Nastbastaparti190
2011M11,2011-11-01,2011-11,hela väljarkåren,hela väljarkåren,TOTAL_ELECTORATE,total_electorate,mp,MP,MP,parliamentary_party,10.3,0.8,observed,ME/ME0201/ME0201D/Nastbastaparti190
2011M11,2011-11-01,2011-11,hela väljarkåren,hela väljarkåren,TOTAL_ELECTORATE,total_electorate,s,S,S,parliamentary_party,7.8,0.7,observed,ME/ME0201/ME0201D/Nastbastaparti190
2011M11,2011-11-01,2011-11,hela väljarkåren,hela väljarkåren,TOTAL_ELECTORATE,total_electorate,v,V,V,parliamentary_party,6.0,0.6,observed,ME/ME0201/ME0201D/Nastbastaparti190
2011M11,2011-11-01,2011-11,hela väljarkåren,hela väljarkåren,TOTAL_ELECTORATE,total_electorate,vet ej,vet ej/uppgift saknas,DONT_KNOW,dont_know,32.9,1.2,observed,ME/ME0201/ME0201D/Nastbastaparti190
2011M11,2011-11-01,2011-11,hela väljarkåren,hela väljarkåren,TOTAL_ELECTORATE,total_electorate,övr,övriga,OTHER,other_party,0.7,0.2,observed,ME/ME0201/ME0201D/Nastbastaparti190
2011M11,2011-11-01,2011-11,ingen sympati/vet ej,ingen sympati/vet ej,NO_SYMPATHY_OR_DONT_KNOW,no_sympathy,SD,SD,SD,parliamentary_party,0.0,0.0,observed,ME/ME0201/ME0201D/Nastbastaparti190
2011M11,2011-11-01,2011-11,ingen sympati/vet ej,ingen sympati/vet ej,NO_SYMPATHY_OR_DONT_KNOW,no_sympathy,c,C,C,parliamentary_party,0.0,0.0,observed,ME/ME0201/ME0201D/Nastbastaparti190
2011M11,2011-11-01,2011-11,ingen sympati/vet ej,ingen sympati/vet ej,NO_SYMPATHY_OR_DONT_KNOW,no_sympathy,inget parti,inget parti,NO_SECOND_CHOICE,no_second_choice,0.0,0.0,observed,ME/ME0201/ME0201D/Nastbastaparti190
2011M11,2011-11-01,2011-11,ingen sympati/vet ej,ingen sympati/vet ej,NO_SYMPATHY_OR_DONT_KNOW,no_sympathy,kd,KD,KD,parliamentary_party,0.0,0.0,observed,ME/ME0201/ME0201D/Nastbastaparti190
2011M11,2011-11-01,2011-11,ingen sympati/vet ej,ingen sympati/vet ej,NO_SYMPATHY_OR_DONT_KNOW,no_sympathy,l,L,L,parliamentary_party,0.0,0.0,observed,ME/ME0201/ME0201D/Nastbastaparti190
2011M11,2011-11-01,2011-11,ingen sympati/vet ej,ingen sympati/vet ej,NO_SYMPATHY_OR_DONT_KNOW,no_sympathy,m,M,M,parliamentary_party,0.0,0.0,observed,ME/ME0201/ME0201D/Nastbastaparti190
2011M11,2011-11-01,2011-11,ingen sympati/vet ej,ingen sympati/vet ej,NO_SYMPATHY_OR_DONT_KNOW,no_sympathy,mp,MP,MP,parliamentary_party,0.0,0.0,observed,ME/ME0201/ME0201D/Nastbastaparti190
2011M11,2011-11-01,2011-11,ingen sympati/vet ej,ingen sympati/vet ej,NO_SYMPATHY_OR_DONT_KNOW,no_sympathy,s,S,S,parliamentary_party,0.0,0.0,observed,ME/ME0201/ME0201D/Nastbastaparti190
2011M11,2011-11-01,2011-11,ingen sympati/vet ej,ingen sympati/vet ej,NO_SYMPATHY_OR_DONT_KNOW,no_sympathy,v,V,V,parliamentary_party,0.0,0.0,observed,ME/ME0201/ME0201D/Nastbastaparti190
2011M11,2011-11-01,2011-11,ingen sympati/vet ej,ingen sympati/vet ej,NO_SYMPATHY_OR_DONT_KNOW,no_sympathy,vet ej,vet ej/uppgift saknas,DONT_KNOW,dont_know,100.0,0.0,observed,ME/ME0201/ME0201D/Nastbastaparti190
2011M11,2011-11-01,2011-11,ingen sympati/vet ej,ingen sympati/vet ej,NO_SYMPATHY_OR_DONT_KNOW,no_sympathy,övr,övriga,OTHER,other_party,0.0,0.0,observed,ME/ME0201/ME0201D/Nastbastaparti190
2011M11,2011-11-01,2011-11,kd,KD,KD,parliamentary_party,SD,SD,SD,parliamentary_party,,,suppressed,ME/ME0201/ME0201D/Nastbastaparti190
2011M11,2011-11-01,2011-11,kd,KD,KD,parliamentary_party,c,C,C,parliamentary_party,6.8,4.2,observed,ME/ME0201/ME0201D/Nastbastaparti190
2011M11,2011-11-01,2011-11,kd,KD,KD,parliamentary_party,inget parti,inget parti,NO_SECOND_CHOICE,no_second_choice,13.0,5.7,observed,ME/ME0201/ME0201D/Nastbastaparti190
2011M11,2011-11-01,2011-11,kd,KD,KD,parliamentary_party,kd,KD,KD,parliamentary_party,0.0,0.0,observed,ME/ME0201/ME0201D/Nastbastaparti190
2011M11,2011-11-01,2011-11,kd,KD,KD,parliamentary_party,l,L,L,parliamentary_party,14.4,5.9,observed,ME/ME0201/ME0201D/Nastbastaparti190
2011M11,2011-11-01,2011-11,kd,KD,KD,parliamentary_party,m,M,M,parliamentary_party,40.7,8.2,observed,ME/ME0201/ME0201D/Nastbastaparti190
2011M11,2011-11-01,2011-11,kd,KD,KD,parliamentary_party,mp,MP,MP,parliamentary_party,11.7,5.3,observed,ME/ME0201/ME0201D/Nastbastaparti190
2011M11,2011-11-01,2011-11,kd,KD,KD,parliamentary_party,s,S,S,parliamentary_party,3.9,3.6,observed,ME/ME0201/ME0201D/Nastbastaparti190
2011M11,2011-11-01,2011-11,kd,KD,KD,parliamentary_party,v,V,V,parliamentary_party,,,suppressed,ME/ME0201/ME0201D/Nastbastaparti190
2011M11,2011-11-01,2011-11,kd,KD,KD,parliamentary_party,vet ej,vet ej/uppgift saknas,DONT_KNOW,dont_know,6.2,3.9,observed,ME/ME0201/ME0201D/Nastbastaparti190
2011M11,2011-11-01,2011-11,kd,KD,KD,parliamentary_party,övr,övriga,OTHER,other_party,,,suppressed,ME/ME0201/ME0201D/Nastbastaparti190
2011M11,2011-11-01,2011-11,l,L,L,parliamentary_party,SD,SD,SD,parliamentary_party,,,suppressed,ME/ME0201/ME0201D/Nastbastaparti190
2011M11,2011-11-01,2011-11,l,L,L,parliamentary_party,c,C,C,parliamentary_party,15.8,4.3,observed,ME/ME0201/ME0201D/Nastbastaparti190
2011M11,2011-11-01,2011-11,l,L,L,parliamentary_party,inget parti,inget parti,NO_SECOND_CHOICE,no_second_choice,9.4,3.7,observed,ME/ME0201/ME0201D/Nastbastaparti190
2011M11,2011-11-01,2011-11,l,L,L,parliamentary_party,kd,KD,KD,parliamentary_party,3.4,2.1,observed,ME/ME0201/ME0201D/Nastbastaparti190
2011M11,2011-11-01,2011-11,l,L,L,parliamentary_party,l,L,L,parliamentary_party,0.0,0.0,observed,ME/ME0201/ME0201D/Nastbastaparti190
2011M11,2011-11-01,2011-11,l,L,L,parliamentary_party,m,M,M,parliamentary_party,49.0,6.0,observed,ME/ME0201/ME0201D/Nastbastaparti190
2011M11,2011-11-01,2011-11,l,L,L,parliamentary_party,mp,MP,MP,parliamentary_party,6.3,3.0,observed,ME/ME0201/ME0201D/Nastbastaparti190
2011M11,2011-11-01,2011-11,l,L,L,parliamentary_party,s,S,S,parliamentary_party,7.8,3.2,observed,ME/ME0201/ME0201D/Nastbastaparti190
2011M11,2011-11-01,2011-11,l,L,L,parliamentary_party,v,V,V,parliamentary_party,1.4,1.3,observed,ME/ME0201/ME0201D/Nastbastaparti190
2011M11,2011-11-01,2011-11,l,L,L,parliamentary_party,vet ej,vet ej/uppgift saknas,DONT_KNOW,dont_know,6.1,2.8,observed,ME/ME0201/ME0201D/Nastbastaparti190
2011M11,2011-11-01,2011-11,l,L,L,parliamentary_party,övr,övriga,OTHER,other_party,0.0,0.0,observed,ME/ME0201/ME0201D/Nastbastaparti190
2011M11,2011-11-01,2011-11,m,M,M,parliamentary_party,SD,SD,SD,parliamentary_party,3.8,1.0,observed,ME/ME0201/ME0201D/Nastbastaparti190
2011M11,2011-11-01,2011-11,m,M,M,parliamentary_party,c,C,C,parliamentary_party,10.7,1.5,observed,ME/ME0201/ME0201D/Nastbastaparti190
2011M11,2011-11-01,2011-11,m,M,M,parliamentary_party,inget parti,inget parti,NO_SECOND_CHOICE,no_second_choice,15.4,1.8,observed,ME/ME0201/ME0201D/Nastbastaparti190
2011M11,2011-11-01,2011-11,m,M,M,parliamentary_party,kd,KD,KD,parliamentary_party,8.6,1.4,observed,ME/ME0201/ME0201D/Nastbastaparti190
2011M11,2011-11-01,2011-11,m,M,M,parliamentary_party,l,L,L,parliamentary_party,33.2,2.3,observed,ME/ME0201/ME0201D/Nastbastaparti190
2011M11,2011-11-01,2011-11,m,M,M,parliamentary_party,m,M,M,parliamentary_party,0.0,0.0,observed,ME/ME0201/ME0201D/Nastbastaparti190
2011M11,2011-11-01,2011-11,m,M,M,parliamentary_party,mp,MP,MP,parliamentary_party,8.8,1.4,observed,ME/ME0201/ME0201D/Nastbastaparti190
2011M11,2011-11-01,2011-11,m,M,M,parliamentary_party,s,S,S,parliamentary_party,6.7,1.3,observed,ME/ME0201/ME0201D/Nastbastaparti190
2011M11,2011-11-01,2011-11,m,M,M,parliamentary_party,v,V,V,parliamentary_party,0.5,0.3,observed,ME/ME0201/ME0201D/Nastbastaparti190
2011M11,2011-11-01,2011-11,m,M,M,parliamentary_party,vet ej,vet ej/uppgift saknas,DONT_KNOW,dont_know,11.9,1.6,observed,ME/ME0201/ME0201D/Nastbastaparti190
2011M11,2011-11-01,2011-11,m,M,M,parliamentary_party,övr,övriga,OTHER,other_party,0.3,0.3,observed,ME/ME0201/ME0201D/Nastbastaparti190
2011M11,2011-11-01,2011-11,mp,MP,MP,parliamentary_party,SD,SD,SD,parliamentary_party,,,suppressed,ME/ME0201/ME0201D/Nastbastaparti190
2011M11,2011-11-01,2011-11,mp,MP,MP,parliamentary_party,c,C,C,parliamentary_party,5.7,2.1,observed,ME/ME0201/ME0201D/Nastbastaparti190
2011M11,2011-11-01,2011-11,mp,MP,MP,parliamentary_party,inget parti,inget parti,NO_SECOND_CHOICE,no_second_choice,18.1,3.5,observed,ME/ME0201/ME0201D/Nastbastaparti190
2011M11,2011-11-01,2011-11,mp,MP,MP,parliamentary_party,kd,KD,KD,parliamentary_party,1.8,1.2,observed,ME/ME0201/ME0201D/Nastbastaparti190
2011M11,2011-11-01,2011-11,mp,MP,MP,parliamentary_party,l,L,L,parliamentary_party,3.3,1.7,observed,ME/ME0201/ME0201D/Nastbastaparti190
2011M11,2011-11-01,2011-11,mp,MP,MP,parliamentary_party,m,M,M,parliamentary_party,6.9,2.1,observed,ME/ME0201/ME0201D/Nastbastaparti190
2011M11,2011-11-01,2011-11,mp,MP,MP,parliamentary_party,mp,MP,MP,parliamentary_party,0.0,0.0,observed,ME/ME0201/ME0201D/Nastbastaparti190
2011M11,2011-11-01,2011-11,mp,MP,MP,parliamentary_party,s,S,S,parliamentary_party,33.3,4.2,observed,ME/ME0201/ME0201D/Nastbastaparti190
2011M11,2011-11-01,2011-11,mp,MP,MP,parliamentary_party,v,V,V,parliamentary_party,11.7,2.8,observed,ME/ME0201/ME0201D/Nastbastaparti190
2011M11,2011-11-01,2011-11,mp,MP,MP,parliamentary_party,vet ej,vet ej/uppgift saknas,DONT_KNOW,dont_know,16.3,3.5,observed,ME/ME0201/ME0201D/Nastbastaparti190
2011M11,2011-11-01,2011-11,mp,MP,MP,parliamentary_party,övr,övriga,OTHER,other_party,2.4,1.4,observed,ME/ME0201/ME0201D/Nastbastaparti190
2011M11,2011-11-01,2011-11,s,S,S,parliamentary_party,SD,SD,SD,parliamentary_party,1.6,0.7,observed,ME/ME0201/ME0201D/Nastbastaparti190
2011M11,2011-11-01,2011-11,s,S,S,parliamentary_party,c,C,C,parliamentary_party,4.0,1.1,observed,ME/ME0201/ME0201D/Nastbastaparti190
2011M11,2011-11-01,2011-11,s,S,S,parliamentary_party,inget parti,inget parti,NO_SECOND_CHOICE,no_second_choice,21.0,2.3,observed,ME/ME0201/ME0201D/Nastbastaparti190
2011M11,2011-11-01,2011-11,s,S,S,parliamentary_party,kd,KD,KD,parliamentary_party,1.3,0.7,observed,ME/ME0201/ME0201D/Nastbastaparti190
2011M11,2011-11-01,2011-11,s,S,S,parliamentary_party,l,L,L,parliamentary_party,3.9,1.1,observed,ME/ME0201/ME0201D/Nastbastaparti190
2011M11,2011-11-01,2011-11,s,S,S,parliamentary_party,m,M,M,parliamentary_party,8.6,1.6,observed,ME/ME0201/ME0201D/Nastbastaparti190
2011M11,2011-11-01,2011-11,s,S,S,parliamentary_party,mp,MP,MP,parliamentary_party,24.4,2.3,observed,ME/ME0201/ME0201D/Nastbastaparti190
2011M11,2011-11-01,2011-11,s,S,S,parliamentary_party,s,S,S,parliamentary_party,0.0,0.0,observed,ME/ME0201/ME0201D/Nastbastaparti190
2011M11,2011-11-01,2011-11,s,S,S,parliamentary_party,v,V,V,parliamentary_party,20.3,2.2,observed,ME/ME0201/ME0201D/Nastbastaparti190
2011M11,2011-11-01,2011-11,s,S,S,parliamentary_party,vet ej,vet ej/uppgift saknas,DONT_KNOW,dont_know,14.5,2.0,observed,ME/ME0201/ME0201D/Nastbastaparti190
2011M11,2011-11-01,2011-11,s,S,S,parliamentary_party,övr,övriga,OTHER,other_party,0.4,0.3,observed,ME/ME0201/ME0201D/Nastbastaparti190
2011M11,2011-11-01,2011-11,v,V,V,parliamentary_party,SD,SD,SD,parliamentary_party,0.0,0.0,observed,ME/ME0201/ME0201D/Nastbastaparti190
2011M11,2011-11-01,2011-11,v,V,V,parliamentary_party,c,C,C,parliamentary_party,0.0,0.0,observed,ME/ME0201/ME0201D/Nastbastaparti190
2011M11,2011-11-01,2011-11,v,V,V,parliamentary_party,inget parti,inget parti,NO_SECOND_CHOICE,no_second_choice,11.6,4.3,observed,ME/ME0201/ME0201D/Nastbastaparti190
2011M11,2011-11-01,2011-11,v,V,V,parliamentary_party,kd,KD,KD,parliamentary_party,0.0,0.0,observed,ME/ME0201/ME0201D/Nastbastaparti190
2011M11,2011-11-01,2011-11,v,V,V,parliamentary_party,l,L,L,parliamentary_party,,,suppressed,ME/ME0201/ME0201D/Nastbastaparti190
2011M11,2011-11-01,2011-11,v,V,V,parliamentary_party,m,M,M,parliamentary_party,2.2,1.9,observed,ME/ME0201/ME0201D/Nastbastaparti190
2011M11,2011-11-01,2011-11,v,V,V,parliamentary_party,mp,MP,MP,parliamentary_party,29.8,5.9,observed,ME/ME0201/ME0201D/Nastbastaparti190
2011M11,2011-11-01,2011-11,v,V,V,parliamentary_party,s,S,S,parliamentary_party,47.2,6.5,observed,ME/ME0201/ME0201D/Nastbastaparti190
2011M11,2011-11-01,2011-11,v,V,V,parliamentary_party,v,V,V,parliamentary_party,0.0,0.0,observed,ME/ME0201/ME0201D/Nastbastaparti190
2011M11,2011-11-01,2011-11,v,V,V,parliamentary_party,vet ej,vet ej/uppgift saknas,DONT_KNOW,dont_know,4.7,2.9,observed,ME/ME0201/ME0201D/Nastbastaparti190
2011M11,2011-11-01,2011-11,v,V,V,parliamentary_party,övr,övriga,OTHER,other_party,3.6,2.5,observed,ME/ME0201/ME0201D/Nastbastaparti190
2011M11,2011-11-01,2011-11,övr,övriga,OTHER,other_party,SD,SD,SD,parliamentary_party,0.0,0.0,observed,ME/ME0201/ME0201D/Nastbastaparti190
2011M11,2011-11-01,2011-11,övr,övriga,OTHER,other_party,c,C,C,parliamentary_party,0.0,0.0,observed,ME/ME0201/ME0201D/Nastbastaparti190
2011M11,2011-11-01,2011-11,övr,övriga,OTHER,other_party,inget parti,inget parti,NO_SECOND_CHOICE,no_second_choice,18.8,12.2,observed,ME/ME0201/ME0201D/Nastbastaparti190
2011M11,2011-11-01,2011-11,övr,övriga,OTHER,other_party,kd,KD,KD,parliamentary_party,0.0,0.0,observed,ME/ME0201/ME0201D/Nastbastaparti190
2011M11,2011-11-01,2011-11,övr,övriga,OTHER,other_party,l,L,L,parliamentary_party,,,suppressed,ME/ME0201/ME0201D/Nastbastaparti190
2011M11,2011-11-01,2011-11,övr,övriga,OTHER,other_party,m,M,M,parliamentary_party,15.0,11.8,observed,ME/ME0201/ME0201D/Nastbastaparti190
2011M11,2011-11-01,2011-11,övr,övriga,OTHER,other_party,mp,MP,MP,parliamentary_party,17.7,11.6,observed,ME/ME0201/ME0201D/Nastbastaparti190
2011M11,2011-11-01,2011-11,övr,övriga,OTHER,other_party,s,S,S,parliamentary_party,12.6,10.4,observed,ME/ME0201/ME0201D/Nastbastaparti190
2011M11,2011-11-01,2011-11,övr,övriga,OTHER,other_party,v,V,V,parliamentary_party,16.3,10.8,observed,ME/ME0201/ME0201D/Nastbastaparti190
2011M11,2011-11-01,2011-11,övr,övriga,OTHER,other_party,vet ej,vet ej/uppgift saknas,DONT_KNOW,dont_know,,,suppressed,ME/ME0201/ME0201D/Nastbastaparti190
2011M11,2011-11-01,2011-11,övr,övriga,OTHER,other_party,övr,övriga,OTHER,other_party,,,suppressed,ME/ME0201/ME0201D/Nastbastaparti190
2012M05,2012-05-01,2012-05,SD,SD,SD,parliamentary_party,SD,SD,SD,parliamentary_party,0.0,0.0,observed,ME/ME0201/ME0201D/Nastbastaparti190
2012M05,2012-05-01,2012-05,SD,SD,SD,parliamentary_party,c,C,C,parliamentary_party,,,suppressed,ME/ME0201/ME0201D/Nastbastaparti190
2012M05,2012-05-01,2012-05,SD,SD,SD,parliamentary_party,inget parti,inget parti,NO_SECOND_CHOICE,no_second_choice,24.0,6.9,observed,ME/ME0201/ME0201D/Nastbastaparti190
2012M05,2012-05-01,2012-05,SD,SD,SD,parliamentary_party,kd,KD,KD,parliamentary_party,,,suppressed,ME/ME0201/ME0201D/Nastbastaparti190
2012M05,2012-05-01,2012-05,SD,SD,SD,parliamentary_party,l,L,L,parliamentary_party,5.9,3.7,observed,ME/ME0201/ME0201D/Nastbastaparti190
2012M05,2012-05-01,2012-05,SD,SD,SD,parliamentary_party,m,M,M,parliamentary_party,17.6,5.9,observed,ME/ME0201/ME0201D/Nastbastaparti190
2012M05,2012-05-01,2012-05,SD,SD,SD,parliamentary_party,mp,MP,MP,parliamentary_party,,,suppressed,ME/ME0201/ME0201D/Nastbastaparti190
2012M05,2012-05-01,2012-05,SD,SD,SD,parliamentary_party,s,S,S,parliamentary_party,25.7,6.9,observed,ME/ME0201/ME0201D/Nastbastaparti190
2012M05,2012-05-01,2012-05,SD,SD,SD,parliamentary_party,v,V,V,parliamentary_party,4.1,3.3,observed,ME/ME0201/ME0201D/Nastbastaparti190
2012M05,2012-05-01,2012-05,SD,SD,SD,parliamentary_party,vet ej,vet ej/uppgift saknas,DONT_KNOW,dont_know,16.3,5.8,observed,ME/ME0201/ME0201D/Nastbastaparti190
2012M05,2012-05-01,2012-05,SD,SD,SD,parliamentary_party,övr,övriga,OTHER,other_party,2.7,2.3,observed,ME/ME0201/ME0201D/Nastbastaparti190
2012M05,2012-05-01,2012-05,c,C,C,parliamentary_party,SD,SD,SD,parliamentary_party,2.6,2.6,observed,ME/ME0201/ME0201D/Nastbastaparti190
2012M05,2012-05-01,2012-05,c,C,C,parliamentary_party,c,C,C,parliamentary_party,0.0,0.0,observed,ME/ME0201/ME0201D/Nastbastaparti190
2012M05,2012-05-01,2012-05,c,C,C,parliamentary_party,inget parti,inget parti,NO_SECOND_CHOICE,no_second_choice,16.7,5.9,observed,ME/ME0201/ME0201D/Nastbastaparti190
2012M05,2012-05-01,2012-05,c,C,C,parliamentary_party,kd,KD,KD,parliamentary_party,6.4,3.4,observed,ME/ME0201/ME0201D/Nastbastaparti190
2012M05,2012-05-01,2012-05,c,C,C,parliamentary_party,l,L,L,parliamentary_party,9.4,4.4,observed,ME/ME0201/ME0201D/Nastbastaparti190
2012M05,2012-05-01,2012-05,c,C,C,parliamentary_party,m,M,M,parliamentary_party,32.5,6.9,observed,ME/ME0201/ME0201D/Nastbastaparti190
2012M05,2012-05-01,2012-05,c,C,C,parliamentary_party,mp,MP,MP,parliamentary_party,8.9,4.1,observed,ME/ME0201/ME0201D/Nastbastaparti190
2012M05,2012-05-01,2012-05,c,C,C,parliamentary_party,s,S,S,parliamentary_party,7.3,3.6,observed,ME/ME0201/ME0201D/Nastbastaparti190
2012M05,2012-05-01,2012-05,c,C,C,parliamentary_party,v,V,V,parliamentary_party,,,suppressed,ME/ME0201/ME0201D/Nastbastaparti190
2012M05,2012-05-01,2012-05,c,C,C,parliamentary_party,vet ej,vet ej/uppgift saknas,DONT_KNOW,dont_know,15.2,5.5,observed,ME/ME0201/ME0201D/Nastbastaparti190
2012M05,2012-05-01,2012-05,c,C,C,parliamentary_party,övr,övriga,OTHER,other_party,0.0,0.0,observed,ME/ME0201/ME0201D/Nastbastaparti190
2012M05,2012-05-01,2012-05,hela väljarkåren,hela väljarkåren,TOTAL_ELECTORATE,total_electorate,SD,SD,SD,parliamentary_party,1.9,0.4,observed,ME/ME0201/ME0201D/Nastbastaparti190
2012M05,2012-05-01,2012-05,hela väljarkåren,hela väljarkåren,TOTAL_ELECTORATE,total_electorate,c,C,C,parliamentary_party,4.1,0.5,observed,ME/ME0201/ME0201D/Nastbastaparti190
2012M05,2012-05-01,2012-05,hela väljarkåren,hela väljarkåren,TOTAL_ELECTORATE,total_electorate,inget parti,inget parti,NO_SECOND_CHOICE,no_second_choice,14.1,1.0,observed,ME/ME0201/ME0201D/Nastbastaparti190
2012M05,2012-05-01,2012-05,hela väljarkåren,hela väljarkåren,TOTAL_ELECTORATE,total_electorate,kd,KD,KD,parliamentary_party,2.3,0.4,observed,ME/ME0201/ME0201D/Nastbastaparti190
2012M05,2012-05-01,2012-05,hela väljarkåren,hela väljarkåren,TOTAL_ELECTORATE,total_electorate,l,L,L,parliamentary_party,9.9,0.7,observed,ME/ME0201/ME0201D/Nastbastaparti190
2012M05,2012-05-01,2012-05,hela väljarkåren,hela väljarkåren,TOTAL_ELECTORATE,total_electorate,m,M,M,parliamentary_party,7.7,0.7,observed,ME/ME0201/ME0201D/Nastbastaparti190
2012M05,2012-05-01,2012-05,hela väljarkåren,hela väljarkåren,TOTAL_ELECTORATE,total_electorate,mp,MP,MP,parliamentary_party,10.7,0.8,observed,ME/ME0201/ME0201D/Nastbastaparti190
2012M05,2012-05-01,2012-05,hela väljarkåren,hela väljarkåren,TOTAL_ELECTORATE,total_electorate,s,S,S,parliamentary_party,9.3,0.8,observed,ME/ME0201/ME0201D/Nastbastaparti190
2012M05,2012-05-01,2012-05,hela väljarkåren,hela väljarkåren,TOTAL_ELECTORATE,total_electorate,v,V,V,parliamentary_party,7.8,0.7,observed,ME/ME0201/ME0201D/Nastbastaparti190
2012M05,2012-05-01,2012-05,hela väljarkåren,hela väljarkåren,TOTAL_ELECTORATE,total_electorate,vet ej,vet ej/uppgift saknas,DONT_KNOW,dont_know,31.5,1.3,observed,ME/ME0201/ME0201D/Nastbastaparti190
2012M05,2012-05-01,2012-05,hela väljarkåren,hela väljarkåren,TOTAL_ELECTORATE,total_electorate,övr,övriga,OTHER,other_party,0.7,0.2,observed,ME/ME0201/ME0201D/Nastbastaparti190
2012M05,2012-05-01,2012-05,ingen sympati/vet ej,ingen sympati/vet ej,NO_SYMPATHY_OR_DONT_KNOW,no_sympathy,SD,SD,SD,parliamentary_party,0.0,0.0,observed,ME/ME0201/ME0201D/Nastbastaparti190
2012M05,2012-05-01,2012-05,ingen sympati/vet ej,ingen sympati/vet ej,NO_SYMPATHY_OR_DONT_KNOW,no_sympathy,c,C,C,parliamentary_party,0.0,0.0,observed,ME/ME0201/ME0201D/Nastbastaparti190
2012M05,2012-05-01,2012-05,ingen sympati/vet ej,ingen sympati/vet ej,NO_SYMPATHY_OR_DONT_KNOW,no_sympathy,inget parti,inget parti,NO_SECOND_CHOICE,no_second_choice,0.0,0.0,observed,ME/ME0201/ME0201D/Nastbastaparti190
2012M05,2012-05-01,2012-05,ingen sympati/vet ej,ingen sympati/vet ej,NO_SYMPATHY_OR_DONT_KNOW,no_sympathy,kd,KD,KD,parliamentary_party,0.0,0.0,observed,ME/ME0201/ME0201D/Nastbastaparti190
2012M05,2012-05-01,2012-05,ingen sympati/vet ej,ingen sympati/vet ej,NO_SYMPATHY_OR_DONT_KNOW,no_sympathy,l,L,L,parliamentary_party,0.0,0.0,observed,ME/ME0201/ME0201D/Nastbastaparti190
2012M05,2012-05-01,2012-05,ingen sympati/vet ej,ingen sympati/vet ej,NO_SYMPATHY_OR_DONT_KNOW,no_sympathy,m,M,M,parliamentary_party,0.0,0.0,observed,ME/ME0201/ME0201D/Nastbastaparti190
2012M05,2012-05-01,2012-05,ingen sympati/vet ej,ingen sympati/vet ej,NO_SYMPATHY_OR_DONT_KNOW,no_sympathy,mp,MP,MP,parliamentary_party,0.0,0.0,observed,ME/ME0201/ME0201D/Nastbastaparti190
2012M05,2012-05-01,2012-05,ingen sympati/vet ej,ingen sympati/vet ej,NO_SYMPATHY_OR_DONT_KNOW,no_sympathy,s,S,S,parliamentary_party,0.0,0.0,observed,ME/ME0201/ME0201D/Nastbastaparti190
2012M05,2012-05-01,2012-05,ingen sympati/vet ej,ingen sympati/vet ej,NO_SYMPATHY_OR_DONT_KNOW,no_sympathy,v,V,V,parliamentary_party,0.0,0.0,observed,ME/ME0201/ME0201D/Nastbastaparti190
2012M05,2012-05-01,2012-05,ingen sympati/vet ej,ingen sympati/vet ej,NO_SYMPATHY_OR_DONT_KNOW,no_sympathy,vet ej,vet ej/uppgift saknas,DONT_KNOW,dont_know,100.0,0.0,observed,ME/ME0201/ME0201D/Nastbastaparti190
2012M05,2012-05-01,2012-05,ingen sympati/vet ej,ingen sympati/vet ej,NO_SYMPATHY_OR_DONT_KNOW,no_sympathy,övr,övriga,OTHER,other_party,0.0,0.0,observed,ME/ME0201/ME0201D/Nastbastaparti190
2012M05,2012-05-01,2012-05,kd,KD,KD,parliamentary_party,SD,SD,SD,parliamentary_party,,,suppressed,ME/ME0201/ME0201D/Nastbastaparti190
2012M05,2012-05-01,2012-05,kd,KD,KD,parliamentary_party,c,C,C,parliamentary_party,11.6,5.6,observed,ME/ME0201/ME0201D/Nastbastaparti190
2012M05,2012-05-01,2012-05,kd,KD,KD,parliamentary_party,inget parti,inget parti,NO_SECOND_CHOICE,no_second_choice,11.7,5.9,observed,ME/ME0201/ME0201D/Nastbastaparti190
2012M05,2012-05-01,2012-05,kd,KD,KD,parliamentary_party,kd,KD,KD,parliamentary_party,0.0,0.0,observed,ME/ME0201/ME0201D/Nastbastaparti190
2012M05,2012-05-01,2012-05,kd,KD,KD,parliamentary_party,l,L,L,parliamentary_party,14.9,6.6,observed,ME/ME0201/ME0201D/Nastbastaparti190
2012M05,2012-05-01,2012-05,kd,KD,KD,parliamentary_party,m,M,M,parliamentary_party,33.2,8.3,observed,ME/ME0201/ME0201D/Nastbastaparti190
2012M05,2012-05-01,2012-05,kd,KD,KD,parliamentary_party,mp,MP,MP,parliamentary_party,8.3,4.7,observed,ME/ME0201/ME0201D/Nastbastaparti190
2012M05,2012-05-01,2012-05,kd,KD,KD,parliamentary_party,s,S,S,parliamentary_party,8.3,5.1,observed,ME/ME0201/ME0201D/Nastbastaparti190
2012M05,2012-05-01,2012-05,kd,KD,KD,parliamentary_party,v,V,V,parliamentary_party,,,suppressed,ME/ME0201/ME0201D/Nastbastaparti190
2012M05,2012-05-01,2012-05,kd,KD,KD,parliamentary_party,vet ej,vet ej/uppgift saknas,DONT_KNOW,dont_know,10.6,5.5,observed,ME/ME0201/ME0201D/Nastbastaparti190
2012M05,2012-05-01,2012-05,kd,KD,KD,parliamentary_party,övr,övriga,OTHER,other_party,0.0,0.0,observed,ME/ME0201/ME0201D/Nastbastaparti190
2012M05,2012-05-01,2012-05,l,L,L,parliamentary_party,SD,SD,SD,parliamentary_party,,,suppressed,ME/ME0201/ME0201D/Nastbastaparti190
2012M05,2012-05-01,2012-05,l,L,L,parliamentary_party,c,C,C,parliamentary_party,13.6,4.4,observed,ME/ME0201/ME0201D/Nastbastaparti190
2012M05,2012-05-01,2012-05,l,L,L,parliamentary_party,inget parti,inget parti,NO_SECOND_CHOICE,no_second_choice,9.6,4.2,observed,ME/ME0201/ME0201D/Nastbastaparti190
2012M05,2012-05-01,2012-05,l,L,L,parliamentary_party,kd,KD,KD,parliamentary_party,5.3,3.1,observed,ME/ME0201/ME0201D/Nastbastaparti190
2012M05,2012-05-01,2012-05,l,L,L,parliamentary_party,l,L,L,parliamentary_party,0.0,0.0,observed,ME/ME0201/ME0201D/Nastbastaparti190
2012M05,2012-05-01,2012-05,l,L,L,parliamentary_party,m,M,M,parliamentary_party,44.5,6.3,observed,ME/ME0201/ME0201D/Nastbastaparti190
2012M05,2012-05-01,2012-05,l,L,L,parliamentary_party,mp,MP,MP,parliamentary_party,10.3,4.0,observed,ME/ME0201/ME0201D/Nastbastaparti190
2012M05,2012-05-01,2012-05,l,L,L,parliamentary_party,s,S,S,parliamentary_party,8.1,3.4,observed,ME/ME0201/ME0201D/Nastbastaparti190
2012M05,2012-05-01,2012-05,l,L,L,parliamentary_party,v,V,V,parliamentary_party,,,suppressed,ME/ME0201/ME0201D/Nastbastaparti190
2012M05,2012-05-01,2012-05,l,L,L,parliamentary_party,vet ej,vet ej/uppgift saknas,DONT_KNOW,dont_know,7.7,3.6,observed,ME/ME0201/ME0201D/Nastbastaparti190
2012M05,2012-05-01,2012-05,l,L,L,parliamentary_party,övr,övriga,OTHER,other_party,0.0,0.0,observed,ME/ME0201/ME0201D/Nastbastaparti190
2012M05,2012-05-01,2012-05,m,M,M,parliamentary_party,SD,SD,SD,parliamentary_party,3.9,1.1,observed,ME/ME0201/ME0201D/Nastbastaparti190
2012M05,2012-05-01,2012-05,m,M,M,parliamentary_party,c,C,C,parliamentary_party,8.9,1.5,observed,ME/ME0201/ME0201D/Nastbastaparti190
2012M05,2012-05-01,2012-05,m,M,M,parliamentary_party,inget parti,inget parti,NO_SECOND_CHOICE,no_second_choice,16.4,2.1,observed,ME/ME0201/ME0201D/Nastbastaparti190
2012M05,2012-05-01,2012-05,m,M,M,parliamentary_party,kd,KD,KD,parliamentary_party,6.2,1.3,observed,ME/ME0201/ME0201D/Nastbastaparti190
2012M05,2012-05-01,2012-05,m,M,M,parliamentary_party,l,L,L,parliamentary_party,32.3,2.5,observed,ME/ME0201/ME0201D/Nastbastaparti190
2012M05,2012-05-01,2012-05,m,M,M,parliamentary_party,m,M,M,parliamentary_party,0.0,0.0,observed,ME/ME0201/ME0201D/Nastbastaparti190
2012M05,2012-05-01,2012-05,m,M,M,parliamentary_party,mp,MP,MP,parliamentary_party,6.4,1.4,observed,ME/ME0201/ME0201D/Nastbastaparti190
2012M05,2012-05-01,2012-05,m,M,M,parliamentary_party,s,S,S,parliamentary_party,11.9,1.8,observed,ME/ME0201/ME0201D/Nastbastaparti190
2012M05,2012-05-01,2012-05,m,M,M,parliamentary_party,v,V,V,parliamentary_party,0.8,0.5,observed,ME/ME0201/ME0201D/Nastbastaparti190
2012M05,2012-05-01,2012-05,m,M,M,parliamentary_party,vet ej,vet ej/uppgift saknas,DONT_KNOW,dont_know,12.8,1.9,observed,ME/ME0201/ME0201D/Nastbastaparti190
2012M05,2012-05-01,2012-05,m,M,M,parliamentary_party,övr,övriga,OTHER,other_party,,,suppressed,ME/ME0201/ME0201D/Nastbastaparti190
2012M05,2012-05-01,2012-05,mp,MP,MP,parliamentary_party,SD,SD,SD,parliamentary_party,,,suppressed,ME/ME0201/ME0201D/Nastbastaparti190
2012M05,2012-05-01,2012-05,mp,MP,MP,parliamentary_party,c,C,C,parliamentary_party,6.1,2.4,observed,ME/ME0201/ME0201D/Nastbastaparti190
2012M05,2012-05-01,2012-05,mp,MP,MP,parliamentary_party,inget parti,inget parti,NO_SECOND_CHOICE,no_second_choice,15.0,3.8,observed,ME/ME0201/ME0201D/Nastbastaparti190
2012M05,2012-05-01,2012-05,mp,MP,MP,parliamentary_party,kd,KD,KD,parliamentary_party,,,suppressed,ME/ME0201/ME0201D/Nastbastaparti190
2012M05,2012-05-01,2012-05,mp,MP,MP,parliamentary_party,l,L,L,parliamentary_party,5.4,2.2,observed,ME/ME0201/ME0201D/Nastbastaparti190
2012M05,2012-05-01,2012-05,mp,MP,MP,parliamentary_party,m,M,M,parliamentary_party,7.2,2.9,observed,ME/ME0201/ME0201D/Nastbastaparti190
2012M05,2012-05-01,2012-05,mp,MP,MP,parliamentary_party,mp,MP,MP,parliamentary_party,0.0,0.0,observed,ME/ME0201/ME0201D/Nastbastaparti190
2012M05,2012-05-01,2012-05,mp,MP,MP,parliamentary_party,s,S,S,parliamentary_party,36.6,5.1,observed,ME/ME0201/ME0201D/Nastbastaparti190
2012M05,2012-05-01,2012-05,mp,MP,MP,parliamentary_party,v,V,V,parliamentary_party,13.9,3.6,observed,ME/ME0201/ME0201D/Nastbastaparti190
2012M05,2012-05-01,2012-05,mp,MP,MP,parliamentary_party,vet ej,vet ej/uppgift saknas,DONT_KNOW,dont_know,11.7,3.3,observed,ME/ME0201/ME0201D/Nastbastaparti190
2012M05,2012-05-01,2012-05,mp,MP,MP,parliamentary_party,övr,övriga,OTHER,other_party,2.3,1.7,observed,ME/ME0201/ME0201D/Nastbastaparti190
2012M05,2012-05-01,2012-05,s,S,S,parliamentary_party,SD,SD,SD,parliamentary_party,2.6,0.9,observed,ME/ME0201/ME0201D/Nastbastaparti190
2012M05,2012-05-01,2012-05,s,S,S,parliamentary_party,c,C,C,parliamentary_party,2.6,0.8,observed,ME/ME0201/ME0201D/Nastbastaparti190
2012M05,2012-05-01,2012-05,s,S,S,parliamentary_party,inget parti,inget parti,NO_SECOND_CHOICE,no_second_choice,22.6,2.2,observed,ME/ME0201/ME0201D/Nastbastaparti190
2012M05,2012-05-01,2012-05,s,S,S,parliamentary_party,kd,KD,KD,parliamentary_party,1.2,0.6,observed,ME/ME0201/ME0201D/Nastbastaparti190
2012M05,2012-05-01,2012-05,s,S,S,parliamentary_party,l,L,L,parliamentary_party,4.0,0.9,observed,ME/ME0201/ME0201D/Nastbastaparti190
2012M05,2012-05-01,2012-05,s,S,S,parliamentary_party,m,M,M,parliamentary_party,8.1,1.4,observed,ME/ME0201/ME0201D/Nastbastaparti190
2012M05,2012-05-01,2012-05,s,S,S,parliamentary_party,mp,MP,MP,parliamentary_party,22.6,2.1,observed,ME/ME0201/ME0201D/Nastbastaparti190
2012M05,2012-05-01,2012-05,s,S,S,parliamentary_party,s,S,S,parliamentary_party,0.0,0.0,observed,ME/ME0201/ME0201D/Nastbastaparti190
2012M05,2012-05-01,2012-05,s,S,S,parliamentary_party,v,V,V,parliamentary_party,21.2,2.0,observed,ME/ME0201/ME0201D/Nastbastaparti190
2012M05,2012-05-01,2012-05,s,S,S,parliamentary_party,vet ej,vet ej/uppgift saknas,DONT_KNOW,dont_know,14.8,1.8,observed,ME/ME0201/ME0201D/Nastbastaparti190
2012M05,2012-05-01,2012-05,s,S,S,parliamentary_party,övr,övriga,OTHER,other_party,0.4,0.3,observed,ME/ME0201/ME0201D/Nastbastaparti190
2012M05,2012-05-01,2012-05,v,V,V,parliamentary_party,SD,SD,SD,parliamentary_party,,,suppressed,ME/ME0201/ME0201D/Nastbastaparti190
2012M05,2012-05-01,2012-05,v,V,V,parliamentary_party,c,C,C,parliamentary_party,0.0,0.0,observed,ME/ME0201/ME0201D/Nastbastaparti190
2012M05,2012-05-01,2012-05,v,V,V,parliamentary_party,inget parti,inget parti,NO_SECOND_CHOICE,no_second_choice,6.0,3.1,observed,ME/ME0201/ME0201D/Nastbastaparti190
2012M05,2012-05-01,2012-05,v,V,V,parliamentary_party,kd,KD,KD,parliamentary_party,0.0,0.0,observed,ME/ME0201/ME0201D/Nastbastaparti190
2012M05,2012-05-01,2012-05,v,V,V,parliamentary_party,l,L,L,parliamentary_party,,,suppressed,ME/ME0201/ME0201D/Nastbastaparti190
2012M05,2012-05-01,2012-05,v,V,V,parliamentary_party,m,M,M,parliamentary_party,,,suppressed,ME/ME0201/ME0201D/Nastbastaparti190
2012M05,2012-05-01,2012-05,v,V,V,parliamentary_party,mp,MP,MP,parliamentary_party,32.0,6.0,observed,ME/ME0201/ME0201D/Nastbastaparti190
2012M05,2012-05-01,2012-05,v,V,V,parliamentary_party,s,S,S,parliamentary_party,51.8,6.4,observed,ME/ME0201/ME0201D/Nastbastaparti190
2012M05,2012-05-01,2012-05,v,V,V,parliamentary_party,v,V,V,parliamentary_party,0.0,0.0,observed,ME/ME0201/ME0201D/Nastbastaparti190
2012M05,2012-05-01,2012-05,v,V,V,parliamentary_party,vet ej,vet ej/uppgift saknas,DONT_KNOW,dont_know,4.0,2.7,observed,ME/ME0201/ME0201D/Nastbastaparti190
2012M05,2012-05-01,2012-05,v,V,V,parliamentary_party,övr,övriga,OTHER,other_party,3.3,2.3,observed,ME/ME0201/ME0201D/Nastbastaparti190
2012M05,2012-05-01,2012-05,övr,övriga,OTHER,other_party,SD,SD,SD,parliamentary_party,,,suppressed,ME/ME0201/ME0201D/Nastbastaparti190
2012M05,2012-05-01,2012-05,övr,övriga,OTHER,other_party,c,C,C,parliamentary_party,0.0,0.0,observed,ME/ME0201/ME0201D/Nastbastaparti190
2012M05,2012-05-01,2012-05,övr,övriga,OTHER,other_party,inget parti,inget parti,NO_SECOND_CHOICE,no_second_choice,19.1,15.2,observed,ME/ME0201/ME0201D/Nastbastaparti190
2012M05,2012-05-01,2012-05,övr,övriga,OTHER,other_party,kd,KD,KD,parliamentary_party,0.0,0.0,observed,ME/ME0201/ME0201D/Nastbastaparti190
2012M05,2012-05-01,2012-05,övr,övriga,OTHER,other_party,l,L,L,parliamentary_party,,,suppressed,ME/ME0201/ME0201D/Nastbastaparti190
2012M05,2012-05-01,2012-05,övr,övriga,OTHER,other_party,m,M,M,parliamentary_party,,,suppressed,ME/ME0201/ME0201D/Nastbastaparti190
2012M05,2012-05-01,2012-05,övr,övriga,OTHER,other_party,mp,MP,MP,parliamentary_party,,,suppressed,ME/ME0201/ME0201D/Nastbastaparti190
2012M05,2012-05-01,2012-05,övr,övriga,OTHER,other_party,s,S,S,parliamentary_party,,,suppressed,ME/ME0201/ME0201D/Nastbastaparti190
2012M05,2012-05-01,2012-05,övr,övriga,OTHER,other_party,v,V,V,parliamentary_party,21.7,15.1,observed,ME/ME0201/ME0201D/Nastbastaparti190
2012M05,2012-05-01,2012-05,övr,övriga,OTHER,other_party,vet ej,vet ej/uppgift saknas,DONT_KNOW,dont_know,14.2,13.3,observed,ME/ME0201/ME0201D/Nastbastaparti190
2012M05,2012-05-01,2012-05,övr,övriga,OTHER,other_party,övr,övriga,OTHER,other_party,16.0,13.6,observed,ME/ME0201/ME0201D/Nastbastaparti190
2012M11,2012-11-01,2012-11,SD,SD,SD,parliamentary_party,SD,SD,SD,parliamentary_party,0.0,0.0,observed,ME/ME0201/ME0201D/Nastbastaparti190
2012M11,2012-11-01,2012-11,SD,SD,SD,parliamentary_party,c,C,C,parliamentary_party,,,suppressed,ME/ME0201/ME0201D/Nastbastaparti190
2012M11,2012-11-01,2012-11,SD,SD,SD,parliamentary_party,inget parti,inget parti,NO_SECOND_CHOICE,no_second_choice,21.5,5.5,observed,ME/ME0201/ME0201D/Nastbastaparti190
2012M11,2012-11-01,2012-11,SD,SD,SD,parliamentary_party,kd,KD,KD,parliamentary_party,1.5,1.3,observed,ME/ME0201/ME0201D/Nastbastaparti190
2012M11,2012-11-01,2012-11,SD,SD,SD,parliamentary_party,l,L,L,parliamentary_party,5.7,3.0,observed,ME/ME0201/ME0201D/Nastbastaparti190
2012M11,2012-11-01,2012-11,SD,SD,SD,parliamentary_party,m,M,M,parliamentary_party,26.5,5.5,observed,ME/ME0201/ME0201D/Nastbastaparti190
2012M11,2012-11-01,2012-11,SD,SD,SD,parliamentary_party,mp,MP,MP,parliamentary_party,2.5,2.2,observed,ME/ME0201/ME0201D/Nastbastaparti190
2012M11,2012-11-01,2012-11,SD,SD,SD,parliamentary_party,s,S,S,parliamentary_party,28.9,5.9,observed,ME/ME0201/ME0201D/Nastbastaparti190
2012M11,2012-11-01,2012-11,SD,SD,SD,parliamentary_party,v,V,V,parliamentary_party,2.2,1.8,observed,ME/ME0201/ME0201D/Nastbastaparti190
2012M11,2012-11-01,2012-11,SD,SD,SD,parliamentary_party,vet ej,vet ej/uppgift saknas,DONT_KNOW,dont_know,9.9,4.1,observed,ME/ME0201/ME0201D/Nastbastaparti190
2012M11,2012-11-01,2012-11,SD,SD,SD,parliamentary_party,övr,övriga,OTHER,other_party,0.0,0.0,observed,ME/ME0201/ME0201D/Nastbastaparti190
2012M11,2012-11-01,2012-11,c,C,C,parliamentary_party,SD,SD,SD,parliamentary_party,,,suppressed,ME/ME0201/ME0201D/Nastbastaparti190
2012M11,2012-11-01,2012-11,c,C,C,parliamentary_party,c,C,C,parliamentary_party,0.0,0.0,observed,ME/ME0201/ME0201D/Nastbastaparti190
2012M11,2012-11-01,2012-11,c,C,C,parliamentary_party,inget parti,inget parti,NO_SECOND_CHOICE,no_second_choice,17.0,5.9,observed,ME/ME0201/ME0201D/Nastbastaparti190
2012M11,2012-11-01,2012-11,c,C,C,parliamentary_party,kd,KD,KD,parliamentary_party,6.1,3.4,observed,ME/ME0201/ME0201D/Nastbastaparti190
2012M11,2012-11-01,2012-11,c,C,C,parliamentary_party,l,L,L,parliamentary_party,12.4,5.0,observed,ME/ME0201/ME0201D/Nastbastaparti190
2012M11,2012-11-01,2012-11,c,C,C,parliamentary_party,m,M,M,parliamentary_party,33.6,7.1,observed,ME/ME0201/ME0201D/Nastbastaparti190
2012M11,2012-11-01,2012-11,c,C,C,parliamentary_party,mp,MP,MP,parliamentary_party,6.9,3.6,observed,ME/ME0201/ME0201D/Nastbastaparti190
2012M11,2012-11-01,2012-11,c,C,C,parliamentary_party,s,S,S,parliamentary_party,7.7,4.0,observed,ME/ME0201/ME0201D/Nastbastaparti190
2012M11,2012-11-01,2012-11,c,C,C,parliamentary_party,v,V,V,parliamentary_party,,,suppressed,ME/ME0201/ME0201D/Nastbastaparti190
2012M11,2012-11-01,2012-11,c,C,C,parliamentary_party,vet ej,vet ej/uppgift saknas,DONT_KNOW,dont_know,13.4,5.5,observed,ME/ME0201/ME0201D/Nastbastaparti190
2012M11,2012-11-01,2012-11,c,C,C,parliamentary_party,övr,övriga,OTHER,other_party,,,suppressed,ME/ME0201/ME0201D/Nastbastaparti190
2012M11,2012-11-01,2012-11,hela väljarkåren,hela väljarkåren,TOTAL_ELECTORATE,total_electorate,SD,SD,SD,parliamentary_party,2.8,0.5,observed,ME/ME0201/ME0201D/Nastbastaparti190
2012M11,2012-11-01,2012-11,hela väljarkåren,hela väljarkåren,TOTAL_ELECTORATE,total_electorate,c,C,C,parliamentary_party,3.7,0.5,observed,ME/ME0201/ME0201D/Nastbastaparti190
2012M11,2012-11-01,2012-11,hela väljarkåren,hela väljarkåren,TOTAL_ELECTORATE,total_electorate,inget parti,inget parti,NO_SECOND_CHOICE,no_second_choice,13.8,1.0,observed,ME/ME0201/ME0201D/Nastbastaparti190
2012M11,2012-11-01,2012-11,hela väljarkåren,hela väljarkåren,TOTAL_ELECTORATE,total_electorate,kd,KD,KD,parliamentary_party,2.6,0.4,observed,ME/ME0201/ME0201D/Nastbastaparti190
2012M11,2012-11-01,2012-11,hela väljarkåren,hela väljarkåren,TOTAL_ELECTORATE,total_electorate,l,L,L,parliamentary_party,10.0,0.7,observed,ME/ME0201/ME0201D/Nastbastaparti190
2012M11,2012-11-01,2012-11,hela väljarkåren,hela väljarkåren,TOTAL_ELECTORATE,total_electorate,m,M,M,parliamentary_party,9.2,0.8,observed,ME/ME0201/ME0201D/Nastbastaparti190
2012M11,2012-11-01,2012-11,hela väljarkåren,hela väljarkåren,TOTAL_ELECTORATE,total_electorate,mp,MP,MP,parliamentary_party,10.2,0.8,observed,ME/ME0201/ME0201D/Nastbastaparti190
2012M11,2012-11-01,2012-11,hela väljarkåren,hela väljarkåren,TOTAL_ELECTORATE,total_electorate,s,S,S,parliamentary_party,10.0,0.8,observed,ME/ME0201/ME0201D/Nastbastaparti190
2012M11,2012-11-01,2012-11,hela väljarkåren,hela väljarkåren,TOTAL_ELECTORATE,total_electorate,v,V,V,parliamentary_party,7.2,0.7,observed,ME/ME0201/ME0201D/Nastbastaparti190
2012M11,2012-11-01,2012-11,hela väljarkåren,hela väljarkåren,TOTAL_ELECTORATE,total_electorate,vet ej,vet ej/uppgift saknas,DONT_KNOW,dont_know,30.1,1.3,observed,ME/ME0201/ME0201D/Nastbastaparti190
2012M11,2012-11-01,2012-11,hela väljarkåren,hela väljarkåren,TOTAL_ELECTORATE,total_electorate,övr,övriga,OTHER,other_party,0.5,0.2,observed,ME/ME0201/ME0201D/Nastbastaparti190
2012M11,2012-11-01,2012-11,ingen sympati/vet ej,ingen sympati/vet ej,NO_SYMPATHY_OR_DONT_KNOW,no_sympathy,SD,SD,SD,parliamentary_party,0.0,0.0,observed,ME/ME0201/ME0201D/Nastbastaparti190
2012M11,2012-11-01,2012-11,ingen sympati/vet ej,ingen sympati/vet ej,NO_SYMPATHY_OR_DONT_KNOW,no_sympathy,c,C,C,parliamentary_party,0.0,0.0,observed,ME/ME0201/ME0201D/Nastbastaparti190
2012M11,2012-11-01,2012-11,ingen sympati/vet ej,ingen sympati/vet ej,NO_SYMPATHY_OR_DONT_KNOW,no_sympathy,inget parti,inget parti,NO_SECOND_CHOICE,no_second_choice,0.0,0.0,observed,ME/ME0201/ME0201D/Nastbastaparti190
2012M11,2012-11-01,2012-11,ingen sympati/vet ej,ingen sympati/vet ej,NO_SYMPATHY_OR_DONT_KNOW,no_sympathy,kd,KD,KD,parliamentary_party,0.0,0.0,observed,ME/ME0201/ME0201D/Nastbastaparti190
2012M11,2012-11-01,2012-11,ingen sympati/vet ej,ingen sympati/vet ej,NO_SYMPATHY_OR_DONT_KNOW,no_sympathy,l,L,L,parliamentary_party,0.0,0.0,observed,ME/ME0201/ME0201D/Nastbastaparti190
2012M11,2012-11-01,2012-11,ingen sympati/vet ej,ingen sympati/vet ej,NO_SYMPATHY_OR_DONT_KNOW,no_sympathy,m,M,M,parliamentary_party,0.0,0.0,observed,ME/ME0201/ME0201D/Nastbastaparti190
2012M11,2012-11-01,2012-11,ingen sympati/vet ej,ingen sympati/vet ej,NO_SYMPATHY_OR_DONT_KNOW,no_sympathy,mp,MP,MP,parliamentary_party,0.0,0.0,observed,ME/ME0201/ME0201D/Nastbastaparti190
2012M11,2012-11-01,2012-11,ingen sympati/vet ej,ingen sympati/vet ej,NO_SYMPATHY_OR_DONT_KNOW,no_sympathy,s,S,S,parliamentary_party,0.0,0.0,observed,ME/ME0201/ME0201D/Nastbastaparti190
2012M11,2012-11-01,2012-11,ingen sympati/vet ej,ingen sympati/vet ej,NO_SYMPATHY_OR_DONT_KNOW,no_sympathy,v,V,V,parliamentary_party,0.0,0.0,observed,ME/ME0201/ME0201D/Nastbastaparti190
2012M11,2012-11-01,2012-11,ingen sympati/vet ej,ingen sympati/vet ej,NO_SYMPATHY_OR_DONT_KNOW,no_sympathy,vet ej,vet ej/uppgift saknas,DONT_KNOW,dont_know,100.0,0.0,observed,ME/ME0201/ME0201D/Nastbastaparti190
2012M11,2012-11-01,2012-11,ingen sympati/vet ej,ingen sympati/vet ej,NO_SYMPATHY_OR_DONT_KNOW,no_sympathy,övr,övriga,OTHER,other_party,0.0,0.0,observed,ME/ME0201/ME0201D/Nastbastaparti190
2012M11,2012-11-01,2012-11,kd,KD,KD,parliamentary_party,SD,SD,SD,parliamentary_party,,,suppressed,ME/ME0201/ME0201D/Nastbastaparti190
2012M11,2012-11-01,2012-11,kd,KD,KD,parliamentary_party,c,C,C,parliamentary_party,10.8,5.2,observed,ME/ME0201/ME0201D/Nastbastaparti190
2012M11,2012-11-01,2012-11,kd,KD,KD,parliamentary_party,inget parti,inget parti,NO_SECOND_CHOICE,no_second_choice,13.0,5.7,observed,ME/ME0201/ME0201D/Nastbastaparti190
2012M11,2012-11-01,2012-11,kd,KD,KD,parliamentary_party,kd,KD,KD,parliamentary_party,0.0,0.0,observed,ME/ME0201/ME0201D/Nastbastaparti190
2012M11,2012-11-01,2012-11,kd,KD,KD,parliamentary_party,l,L,L,parliamentary_party,15.0,6.0,observed,ME/ME0201/ME0201D/Nastbastaparti190
2012M11,2012-11-01,2012-11,kd,KD,KD,parliamentary_party,m,M,M,parliamentary_party,35.9,8.2,observed,ME/ME0201/ME0201D/Nastbastaparti190
2012M11,2012-11-01,2012-11,kd,KD,KD,parliamentary_party,mp,MP,MP,parliamentary_party,4.7,3.4,observed,ME/ME0201/ME0201D/Nastbastaparti190
2012M11,2012-11-01,2012-11,kd,KD,KD,parliamentary_party,s,S,S,parliamentary_party,8.4,5.4,observed,ME/ME0201/ME0201D/Nastbastaparti190
2012M11,2012-11-01,2012-11,kd,KD,KD,parliamentary_party,v,V,V,parliamentary_party,,,suppressed,ME/ME0201/ME0201D/Nastbastaparti190
2012M11,2012-11-01,2012-11,kd,KD,KD,parliamentary_party,vet ej,vet ej/uppgift saknas,DONT_KNOW,dont_know,10.1,5.2,observed,ME/ME0201/ME0201D/Nastbastaparti190
2012M11,2012-11-01,2012-11,kd,KD,KD,parliamentary_party,övr,övriga,OTHER,other_party,0.0,0.0,observed,ME/ME0201/ME0201D/Nastbastaparti190
2012M11,2012-11-01,2012-11,l,L,L,parliamentary_party,SD,SD,SD,parliamentary_party,1.4,1.4,observed,ME/ME0201/ME0201D/Nastbastaparti190
2012M11,2012-11-01,2012-11,l,L,L,parliamentary_party,c,C,C,parliamentary_party,13.6,4.2,observed,ME/ME0201/ME0201D/Nastbastaparti190
2012M11,2012-11-01,2012-11,l,L,L,parliamentary_party,inget parti,inget parti,NO_SECOND_CHOICE,no_second_choice,7.9,3.3,observed,ME/ME0201/ME0201D/Nastbastaparti190
2012M11,2012-11-01,2012-11,l,L,L,parliamentary_party,kd,KD,KD,parliamentary_party,5.4,3.0,observed,ME/ME0201/ME0201D/Nastbastaparti190
2012M11,2012-11-01,2012-11,l,L,L,parliamentary_party,l,L,L,parliamentary_party,0.0,0.0,observed,ME/ME0201/ME0201D/Nastbastaparti190
2012M11,2012-11-01,2012-11,l,L,L,parliamentary_party,m,M,M,parliamentary_party,44.6,6.2,observed,ME/ME0201/ME0201D/Nastbastaparti190
2012M11,2012-11-01,2012-11,l,L,L,parliamentary_party,mp,MP,MP,parliamentary_party,7.6,3.2,observed,ME/ME0201/ME0201D/Nastbastaparti190
2012M11,2012-11-01,2012-11,l,L,L,parliamentary_party,s,S,S,parliamentary_party,12.2,4.1,observed,ME/ME0201/ME0201D/Nastbastaparti190
2012M11,2012-11-01,2012-11,l,L,L,parliamentary_party,v,V,V,parliamentary_party,0.0,0.0,observed,ME/ME0201/ME0201D/Nastbastaparti190
2012M11,2012-11-01,2012-11,l,L,L,parliamentary_party,vet ej,vet ej/uppgift saknas,DONT_KNOW,dont_know,7.2,3.6,observed,ME/ME0201/ME0201D/Nastbastaparti190
2012M11,2012-11-01,2012-11,l,L,L,parliamentary_party,övr,övriga,OTHER,other_party,0.0,0.0,observed,ME/ME0201/ME0201D/Nastbastaparti190
2012M11,2012-11-01,2012-11,m,M,M,parliamentary_party,SD,SD,SD,parliamentary_party,5.8,1.3,observed,ME/ME0201/ME0201D/Nastbastaparti190
2012M11,2012-11-01,2012-11,m,M,M,parliamentary_party,c,C,C,parliamentary_party,7.5,1.4,observed,ME/ME0201/ME0201D/Nastbastaparti190
2012M11,2012-11-01,2012-11,m,M,M,parliamentary_party,inget parti,inget parti,NO_SECOND_CHOICE,no_second_choice,16.0,2.0,observed,ME/ME0201/ME0201D/Nastbastaparti190
2012M11,2012-11-01,2012-11,m,M,M,parliamentary_party,kd,KD,KD,parliamentary_party,7.3,1.4,observed,ME/ME0201/ME0201D/Nastbastaparti190
2012M11,2012-11-01,2012-11,m,M,M,parliamentary_party,l,L,L,parliamentary_party,31.3,2.5,observed,ME/ME0201/ME0201D/Nastbastaparti190
2012M11,2012-11-01,2012-11,m,M,M,parliamentary_party,m,M,M,parliamentary_party,0.0,0.0,observed,ME/ME0201/ME0201D/Nastbastaparti190
2012M11,2012-11-01,2012-11,m,M,M,parliamentary_party,mp,MP,MP,parliamentary_party,6.2,1.3,observed,ME/ME0201/ME0201D/Nastbastaparti190
2012M11,2012-11-01,2012-11,m,M,M,parliamentary_party,s,S,S,parliamentary_party,12.1,1.8,observed,ME/ME0201/ME0201D/Nastbastaparti190
2012M11,2012-11-01,2012-11,m,M,M,parliamentary_party,v,V,V,parliamentary_party,0.5,0.4,observed,ME/ME0201/ME0201D/Nastbastaparti190
2012M11,2012-11-01,2012-11,m,M,M,parliamentary_party,vet ej,vet ej/uppgift saknas,DONT_KNOW,dont_know,12.8,1.8,observed,ME/ME0201/ME0201D/Nastbastaparti190
2012M11,2012-11-01,2012-11,m,M,M,parliamentary_party,övr,övriga,OTHER,other_party,0.5,0.4,observed,ME/ME0201/ME0201D/Nastbastaparti190
2012M11,2012-11-01,2012-11,mp,MP,MP,parliamentary_party,SD,SD,SD,parliamentary_party,,,suppressed,ME/ME0201/ME0201D/Nastbastaparti190
2012M11,2012-11-01,2012-11,mp,MP,MP,parliamentary_party,c,C,C,parliamentary_party,4.0,1.9,observed,ME/ME0201/ME0201D/Nastbastaparti190
2012M11,2012-11-01,2012-11,mp,MP,MP,parliamentary_party,inget parti,inget parti,NO_SECOND_CHOICE,no_second_choice,15.1,4.0,observed,ME/ME0201/ME0201D/Nastbastaparti190
2012M11,2012-11-01,2012-11,mp,MP,MP,parliamentary_party,kd,KD,KD,parliamentary_party,1.6,1.5,observed,ME/ME0201/ME0201D/Nastbastaparti190
2012M11,2012-11-01,2012-11,mp,MP,MP,parliamentary_party,l,L,L,parliamentary_party,6.2,2.7,observed,ME/ME0201/ME0201D/Nastbastaparti190
2012M11,2012-11-01,2012-11,mp,MP,MP,parliamentary_party,m,M,M,parliamentary_party,8.4,2.7,observed,ME/ME0201/ME0201D/Nastbastaparti190
2012M11,2012-11-01,2012-11,mp,MP,MP,parliamentary_party,mp,MP,MP,parliamentary_party,0.0,0.0,observed,ME/ME0201/ME0201D/Nastbastaparti190
2012M11,2012-11-01,2012-11,mp,MP,MP,parliamentary_party,s,S,S,parliamentary_party,35.6,4.9,observed,ME/ME0201/ME0201D/Nastbastaparti190
2012M11,2012-11-01,2012-11,mp,MP,MP,parliamentary_party,v,V,V,parliamentary_party,16.7,3.8,observed,ME/ME0201/ME0201D/Nastbastaparti190
2012M11,2012-11-01,2012-11,mp,MP,MP,parliamentary_party,vet ej,vet ej/uppgift saknas,DONT_KNOW,dont_know,9.6,3.2,observed,ME/ME0201/ME0201D/Nastbastaparti190
2012M11,2012-11-01,2012-11,mp,MP,MP,parliamentary_party,övr,övriga,OTHER,other_party,1.7,1.5,observed,ME/ME0201/ME0201D/Nastbastaparti190
2012M11,2012-11-01,2012-11,s,S,S,parliamentary_party,SD,SD,SD,parliamentary_party,3.8,1.0,observed,ME/ME0201/ME0201D/Nastbastaparti190
2012M11,2012-11-01,2012-11,s,S,S,parliamentary_party,c,C,C,parliamentary_party,2.3,0.8,observed,ME/ME0201/ME0201D/Nastbastaparti190
2012M11,2012-11-01,2012-11,s,S,S,parliamentary_party,inget parti,inget parti,NO_SECOND_CHOICE,no_second_choice,21.4,2.1,observed,ME/ME0201/ME0201D/Nastbastaparti190
2012M11,2012-11-01,2012-11,s,S,S,parliamentary_party,kd,KD,KD,parliamentary_party,1.1,0.6,observed,ME/ME0201/ME0201D/Nastbastaparti190
2012M11,2012-11-01,2012-11,s,S,S,parliamentary_party,l,L,L,parliamentary_party,4.1,1.0,observed,ME/ME0201/ME0201D/Nastbastaparti190
2012M11,2012-11-01,2012-11,s,S,S,parliamentary_party,m,M,M,parliamentary_party,9.7,1.5,observed,ME/ME0201/ME0201D/Nastbastaparti190
2012M11,2012-11-01,2012-11,s,S,S,parliamentary_party,mp,MP,MP,parliamentary_party,22.3,2.1,observed,ME/ME0201/ME0201D/Nastbastaparti190
2012M11,2012-11-01,2012-11,s,S,S,parliamentary_party,s,S,S,parliamentary_party,0.0,0.0,observed,ME/ME0201/ME0201D/Nastbastaparti190
2012M11,2012-11-01,2012-11,s,S,S,parliamentary_party,v,V,V,parliamentary_party,19.8,2.0,observed,ME/ME0201/ME0201D/Nastbastaparti190
2012M11,2012-11-01,2012-11,s,S,S,parliamentary_party,vet ej,vet ej/uppgift saknas,DONT_KNOW,dont_know,15.2,1.9,observed,ME/ME0201/ME0201D/Nastbastaparti190
2012M11,2012-11-01,2012-11,s,S,S,parliamentary_party,övr,övriga,OTHER,other_party,,,suppressed,ME/ME0201/ME0201D/Nastbastaparti190
2012M11,2012-11-01,2012-11,v,V,V,parliamentary_party,SD,SD,SD,parliamentary_party,2.8,2.2,observed,ME/ME0201/ME0201D/Nastbastaparti190
2012M11,2012-11-01,2012-11,v,V,V,parliamentary_party,c,C,C,parliamentary_party,0.0,0.0,observed,ME/ME0201/ME0201D/Nastbastaparti190
2012M11,2012-11-01,2012-11,v,V,V,parliamentary_party,inget parti,inget parti,NO_SECOND_CHOICE,no_second_choice,5.1,2.9,observed,ME/ME0201/ME0201D/Nastbastaparti190
2012M11,2012-11-01,2012-11,v,V,V,parliamentary_party,kd,KD,KD,parliamentary_party,0.0,0.0,observed,ME/ME0201/ME0201D/Nastbastaparti190
2012M11,2012-11-01,2012-11,v,V,V,parliamentary_party,l,L,L,parliamentary_party,,,suppressed,ME/ME0201/ME0201D/Nastbastaparti190
2012M11,2012-11-01,2012-11,v,V,V,parliamentary_party,m,M,M,parliamentary_party,1.3,1.3,observed,ME/ME0201/ME0201D/Nastbastaparti190
2012M11,2012-11-01,2012-11,v,V,V,parliamentary_party,mp,MP,MP,parliamentary_party,33.4,6.2,observed,ME/ME0201/ME0201D/Nastbastaparti190
2012M11,2012-11-01,2012-11,v,V,V,parliamentary_party,s,S,S,parliamentary_party,50.5,6.6,observed,ME/ME0201/ME0201D/Nastbastaparti190
2012M11,2012-11-01,2012-11,v,V,V,parliamentary_party,v,V,V,parliamentary_party,0.0,0.0,observed,ME/ME0201/ME0201D/Nastbastaparti190
2012M11,2012-11-01,2012-11,v,V,V,parliamentary_party,vet ej,vet ej/uppgift saknas,DONT_KNOW,dont_know,2.6,2.1,observed,ME/ME0201/ME0201D/Nastbastaparti190
2012M11,2012-11-01,2012-11,v,V,V,parliamentary_party,övr,övriga,OTHER,other_party,3.9,2.6,observed,ME/ME0201/ME0201D/Nastbastaparti190
2012M11,2012-11-01,2012-11,övr,övriga,OTHER,other_party,SD,SD,SD,parliamentary_party,,,suppressed,ME/ME0201/ME0201D/Nastbastaparti190
2012M11,2012-11-01,2012-11,övr,övriga,OTHER,other_party,c,C,C,parliamentary_party,0.0,0.0,observed,ME/ME0201/ME0201D/Nastbastaparti190
2012M11,2012-11-01,2012-11,övr,övriga,OTHER,other_party,inget parti,inget parti,NO_SECOND_CHOICE,no_second_choice,31.0,16.8,observed,ME/ME0201/ME0201D/Nastbastaparti190
2012M11,2012-11-01,2012-11,övr,övriga,OTHER,other_party,kd,KD,KD,parliamentary_party,0.0,0.0,observed,ME/ME0201/ME0201D/Nastbastaparti190
2012M11,2012-11-01,2012-11,övr,övriga,OTHER,other_party,l,L,L,parliamentary_party,,,suppressed,ME/ME0201/ME0201D/Nastbastaparti190
2012M11,2012-11-01,2012-11,övr,övriga,OTHER,other_party,m,M,M,parliamentary_party,10.4,10.2,observed,ME/ME0201/ME0201D/Nastbastaparti190
2012M11,2012-11-01,2012-11,övr,övriga,OTHER,other_party,mp,MP,MP,parliamentary_party,14.8,12.0,observed,ME/ME0201/ME0201D/Nastbastaparti190
2012M11,2012-11-01,2012-11,övr,övriga,OTHER,other_party,s,S,S,parliamentary_party,,,suppressed,ME/ME0201/ME0201D/Nastbastaparti190
2012M11,2012-11-01,2012-11,övr,övriga,OTHER,other_party,v,V,V,parliamentary_party,20.4,15.0,observed,ME/ME0201/ME0201D/Nastbastaparti190
2012M11,2012-11-01,2012-11,övr,övriga,OTHER,other_party,vet ej,vet ej/uppgift saknas,DONT_KNOW,dont_know,0.0,0.0,observed,ME/ME0201/ME0201D/Nastbastaparti190
2012M11,2012-11-01,2012-11,övr,övriga,OTHER,other_party,övr,övriga,OTHER,other_party,,,suppressed,ME/ME0201/ME0201D/Nastbastaparti190
2013M05,2013-05-01,2013-05,SD,SD,SD,parliamentary_party,SD,SD,SD,parliamentary_party,0.0,0.0,observed,ME/ME0201/ME0201D/Nastbastaparti190
2013M05,2013-05-01,2013-05,SD,SD,SD,parliamentary_party,c,C,C,parliamentary_party,,,suppressed,ME/ME0201/ME0201D/Nastbastaparti190
2013M05,2013-05-01,2013-05,SD,SD,SD,parliamentary_party,inget parti,inget parti,NO_SECOND_CHOICE,no_second_choice,23.1,5.8,observed,ME/ME0201/ME0201D/Nastbastaparti190
2013M05,2013-05-01,2013-05,SD,SD,SD,parliamentary_party,kd,KD,KD,parliamentary_party,1.8,1.7,observed,ME/ME0201/ME0201D/Nastbastaparti190
2013M05,2013-05-01,2013-05,SD,SD,SD,parliamentary_party,l,L,L,parliamentary_party,2.5,1.9,observed,ME/ME0201/ME0201D/Nastbastaparti190
2013M05,2013-05-01,2013-05,SD,SD,SD,parliamentary_party,m,M,M,parliamentary_party,29.9,6.1,observed,ME/ME0201/ME0201D/Nastbastaparti190
2013M05,2013-05-01,2013-05,SD,SD,SD,parliamentary_party,mp,MP,MP,parliamentary_party,3.1,2.8,observed,ME/ME0201/ME0201D/Nastbastaparti190
2013M05,2013-05-01,2013-05,SD,SD,SD,parliamentary_party,s,S,S,parliamentary_party,21.9,5.6,observed,ME/ME0201/ME0201D/Nastbastaparti190
2013M05,2013-05-01,2013-05,SD,SD,SD,parliamentary_party,v,V,V,parliamentary_party,3.3,2.5,observed,ME/ME0201/ME0201D/Nastbastaparti190
2013M05,2013-05-01,2013-05,SD,SD,SD,parliamentary_party,vet ej,vet ej/uppgift saknas,DONT_KNOW,dont_know,11.3,4.4,observed,ME/ME0201/ME0201D/Nastbastaparti190
2013M05,2013-05-01,2013-05,SD,SD,SD,parliamentary_party,övr,övriga,OTHER,other_party,2.1,1.9,observed,ME/ME0201/ME0201D/Nastbastaparti190
2013M05,2013-05-01,2013-05,c,C,C,parliamentary_party,SD,SD,SD,parliamentary_party,3.3,2.8,observed,ME/ME0201/ME0201D/Nastbastaparti190
2013M05,2013-05-01,2013-05,c,C,C,parliamentary_party,c,C,C,parliamentary_party,0.0,0.0,observed,ME/ME0201/ME0201D/Nastbastaparti190
2013M05,2013-05-01,2013-05,c,C,C,parliamentary_party,inget parti,inget parti,NO_SECOND_CHOICE,no_second_choice,16.5,6.3,observed,ME/ME0201/ME0201D/Nastbastaparti190
2013M05,2013-05-01,2013-05,c,C,C,parliamentary_party,kd,KD,KD,parliamentary_party,6.1,3.7,observed,ME/ME0201/ME0201D/Nastbastaparti190
2013M05,2013-05-01,2013-05,c,C,C,parliamentary_party,l,L,L,parliamentary_party,12.6,5.2,observed,ME/ME0201/ME0201D/Nastbastaparti190
2013M05,2013-05-01,2013-05,c,C,C,parliamentary_party,m,M,M,parliamentary_party,30.3,7.3,observed,ME/ME0201/ME0201D/Nastbastaparti190
2013M05,2013-05-01,2013-05,c,C,C,parliamentary_party,mp,MP,MP,parliamentary_party,9.2,4.4,observed,ME/ME0201/ME0201D/Nastbastaparti190
2013M05,2013-05-01,2013-05,c,C,C,parliamentary_party,s,S,S,parliamentary_party,9.2,4.7,observed,ME/ME0201/ME0201D/Nastbastaparti190
2013M05,2013-05-01,2013-05,c,C,C,parliamentary_party,v,V,V,parliamentary_party,0.0,0.0,observed,ME/ME0201/ME0201D/Nastbastaparti190
2013M05,2013-05-01,2013-05,c,C,C,parliamentary_party,vet ej,vet ej/uppgift saknas,DONT_KNOW,dont_know,12.8,6.0,observed,ME/ME0201/ME0201D/Nastbastaparti190
2013M05,2013-05-01,2013-05,c,C,C,parliamentary_party,övr,övriga,OTHER,other_party,0.0,0.0,observed,ME/ME0201/ME0201D/Nastbastaparti190
2013M05,2013-05-01,2013-05,hela väljarkåren,hela väljarkåren,TOTAL_ELECTORATE,total_electorate,SD,SD,SD,parliamentary_party,2.6,0.5,observed,ME/ME0201/ME0201D/Nastbastaparti190
2013M05,2013-05-01,2013-05,hela väljarkåren,hela väljarkåren,TOTAL_ELECTORATE,total_electorate,c,C,C,parliamentary_party,3.1,0.5,observed,ME/ME0201/ME0201D/Nastbastaparti190
2013M05,2013-05-01,2013-05,hela väljarkåren,hela väljarkåren,TOTAL_ELECTORATE,total_electorate,inget parti,inget parti,NO_SECOND_CHOICE,no_second_choice,12.7,1.0,observed,ME/ME0201/ME0201D/Nastbastaparti190
2013M05,2013-05-01,2013-05,hela väljarkåren,hela väljarkåren,TOTAL_ELECTORATE,total_electorate,kd,KD,KD,parliamentary_party,2.3,0.4,observed,ME/ME0201/ME0201D/Nastbastaparti190
2013M05,2013-05-01,2013-05,hela väljarkåren,hela väljarkåren,TOTAL_ELECTORATE,total_electorate,l,L,L,parliamentary_party,9.9,0.8,observed,ME/ME0201/ME0201D/Nastbastaparti190
2013M05,2013-05-01,2013-05,hela väljarkåren,hela väljarkåren,TOTAL_ELECTORATE,total_electorate,m,M,M,parliamentary_party,8.6,0.8,observed,ME/ME0201/ME0201D/Nastbastaparti190
2013M05,2013-05-01,2013-05,hela väljarkåren,hela väljarkåren,TOTAL_ELECTORATE,total_electorate,mp,MP,MP,parliamentary_party,10.6,0.8,observed,ME/ME0201/ME0201D/Nastbastaparti190
2013M05,2013-05-01,2013-05,hela väljarkåren,hela väljarkåren,TOTAL_ELECTORATE,total_electorate,s,S,S,parliamentary_party,9.2,0.8,observed,ME/ME0201/ME0201D/Nastbastaparti190
2013M05,2013-05-01,2013-05,hela väljarkåren,hela väljarkåren,TOTAL_ELECTORATE,total_electorate,v,V,V,parliamentary_party,7.6,0.7,observed,ME/ME0201/ME0201D/Nastbastaparti190
2013M05,2013-05-01,2013-05,hela väljarkåren,hela väljarkåren,TOTAL_ELECTORATE,total_electorate,vet ej,vet ej/uppgift saknas,DONT_KNOW,dont_know,32.4,1.3,observed,ME/ME0201/ME0201D/Nastbastaparti190
2013M05,2013-05-01,2013-05,hela väljarkåren,hela väljarkåren,TOTAL_ELECTORATE,total_electorate,övr,övriga,OTHER,other_party,0.9,0.3,observed,ME/ME0201/ME0201D/Nastbastaparti190
2013M05,2013-05-01,2013-05,ingen sympati/vet ej,ingen sympati/vet ej,NO_SYMPATHY_OR_DONT_KNOW,no_sympathy,SD,SD,SD,parliamentary_party,0.0,0.0,observed,ME/ME0201/ME0201D/Nastbastaparti190
2013M05,2013-05-01,2013-05,ingen sympati/vet ej,ingen sympati/vet ej,NO_SYMPATHY_OR_DONT_KNOW,no_sympathy,c,C,C,parliamentary_party,0.0,0.0,observed,ME/ME0201/ME0201D/Nastbastaparti190
2013M05,2013-05-01,2013-05,ingen sympati/vet ej,ingen sympati/vet ej,NO_SYMPATHY_OR_DONT_KNOW,no_sympathy,inget parti,inget parti,NO_SECOND_CHOICE,no_second_choice,0.0,0.0,observed,ME/ME0201/ME0201D/Nastbastaparti190
2013M05,2013-05-01,2013-05,ingen sympati/vet ej,ingen sympati/vet ej,NO_SYMPATHY_OR_DONT_KNOW,no_sympathy,kd,KD,KD,parliamentary_party,0.0,0.0,observed,ME/ME0201/ME0201D/Nastbastaparti190
2013M05,2013-05-01,2013-05,ingen sympati/vet ej,ingen sympati/vet ej,NO_SYMPATHY_OR_DONT_KNOW,no_sympathy,l,L,L,parliamentary_party,0.0,0.0,observed,ME/ME0201/ME0201D/Nastbastaparti190
2013M05,2013-05-01,2013-05,ingen sympati/vet ej,ingen sympati/vet ej,NO_SYMPATHY_OR_DONT_KNOW,no_sympathy,m,M,M,parliamentary_party,0.0,0.0,observed,ME/ME0201/ME0201D/Nastbastaparti190
2013M05,2013-05-01,2013-05,ingen sympati/vet ej,ingen sympati/vet ej,NO_SYMPATHY_OR_DONT_KNOW,no_sympathy,mp,MP,MP,parliamentary_party,0.0,0.0,observed,ME/ME0201/ME0201D/Nastbastaparti190
2013M05,2013-05-01,2013-05,ingen sympati/vet ej,ingen sympati/vet ej,NO_SYMPATHY_OR_DONT_KNOW,no_sympathy,s,S,S,parliamentary_party,0.0,0.0,observed,ME/ME0201/ME0201D/Nastbastaparti190
2013M05,2013-05-01,2013-05,ingen sympati/vet ej,ingen sympati/vet ej,NO_SYMPATHY_OR_DONT_KNOW,no_sympathy,v,V,V,parliamentary_party,0.0,0.0,observed,ME/ME0201/ME0201D/Nastbastaparti190
2013M05,2013-05-01,2013-05,ingen sympati/vet ej,ingen sympati/vet ej,NO_SYMPATHY_OR_DONT_KNOW,no_sympathy,vet ej,vet ej/uppgift saknas,DONT_KNOW,dont_know,100.0,0.0,observed,ME/ME0201/ME0201D/Nastbastaparti190
2013M05,2013-05-01,2013-05,ingen sympati/vet ej,ingen sympati/vet ej,NO_SYMPATHY_OR_DONT_KNOW,no_sympathy,övr,övriga,OTHER,other_party,0.0,0.0,observed,ME/ME0201/ME0201D/Nastbastaparti190
2013M05,2013-05-01,2013-05,kd,KD,KD,parliamentary_party,SD,SD,SD,parliamentary_party,,,suppressed,ME/ME0201/ME0201D/Nastbastaparti190
2013M05,2013-05-01,2013-05,kd,KD,KD,parliamentary_party,c,C,C,parliamentary_party,11.3,5.7,observed,ME/ME0201/ME0201D/Nastbastaparti190
2013M05,2013-05-01,2013-05,kd,KD,KD,parliamentary_party,inget parti,inget parti,NO_SECOND_CHOICE,no_second_choice,12.8,5.9,observed,ME/ME0201/ME0201D/Nastbastaparti190
2013M05,2013-05-01,2013-05,kd,KD,KD,parliamentary_party,kd,KD,KD,parliamentary_party,0.0,0.0,observed,ME/ME0201/ME0201D/Nastbastaparti190
2013M05,2013-05-01,2013-05,kd,KD,KD,parliamentary_party,l,L,L,parliamentary_party,17.8,6.8,observed,ME/ME0201/ME0201D/Nastbastaparti190
2013M05,2013-05-01,2013-05,kd,KD,KD,parliamentary_party,m,M,M,parliamentary_party,33.9,8.4,observed,ME/ME0201/ME0201D/Nastbastaparti190
2013M05,2013-05-01,2013-05,kd,KD,KD,parliamentary_party,mp,MP,MP,parliamentary_party,7.2,4.6,observed,ME/ME0201/ME0201D/Nastbastaparti190
2013M05,2013-05-01,2013-05,kd,KD,KD,parliamentary_party,s,S,S,parliamentary_party,3.4,3.0,observed,ME/ME0201/ME0201D/Nastbastaparti190
2013M05,2013-05-01,2013-05,kd,KD,KD,parliamentary_party,v,V,V,parliamentary_party,0.0,0.0,observed,ME/ME0201/ME0201D/Nastbastaparti190
2013M05,2013-05-01,2013-05,kd,KD,KD,parliamentary_party,vet ej,vet ej/uppgift saknas,DONT_KNOW,dont_know,12.1,6.2,observed,ME/ME0201/ME0201D/Nastbastaparti190
2013M05,2013-05-01,2013-05,kd,KD,KD,parliamentary_party,övr,övriga,OTHER,other_party,0.0,0.0,observed,ME/ME0201/ME0201D/Nastbastaparti190
2013M05,2013-05-01,2013-05,l,L,L,parliamentary_party,SD,SD,SD,parliamentary_party,2.1,1.7,observed,ME/ME0201/ME0201D/Nastbastaparti190
2013M05,2013-05-01,2013-05,l,L,L,parliamentary_party,c,C,C,parliamentary_party,11.0,4.1,observed,ME/ME0201/ME0201D/Nastbastaparti190
2013M05,2013-05-01,2013-05,l,L,L,parliamentary_party,inget parti,inget parti,NO_SECOND_CHOICE,no_second_choice,7.6,3.8,observed,ME/ME0201/ME0201D/Nastbastaparti190
2013M05,2013-05-01,2013-05,l,L,L,parliamentary_party,kd,KD,KD,parliamentary_party,5.8,3.0,observed,ME/ME0201/ME0201D/Nastbastaparti190
2013M05,2013-05-01,2013-05,l,L,L,parliamentary_party,l,L,L,parliamentary_party,0.0,0.0,observed,ME/ME0201/ME0201D/Nastbastaparti190
2013M05,2013-05-01,2013-05,l,L,L,parliamentary_party,m,M,M,parliamentary_party,44.9,6.4,observed,ME/ME0201/ME0201D/Nastbastaparti190
2013M05,2013-05-01,2013-05,l,L,L,parliamentary_party,mp,MP,MP,parliamentary_party,8.0,3.4,observed,ME/ME0201/ME0201D/Nastbastaparti190
2013M05,2013-05-01,2013-05,l,L,L,parliamentary_party,s,S,S,parliamentary_party,12.5,4.2,observed,ME/ME0201/ME0201D/Nastbastaparti190
2013M05,2013-05-01,2013-05,l,L,L,parliamentary_party,v,V,V,parliamentary_party,,,suppressed,ME/ME0201/ME0201D/Nastbastaparti190
2013M05,2013-05-01,2013-05,l,L,L,parliamentary_party,vet ej,vet ej/uppgift saknas,DONT_KNOW,dont_know,7.5,3.3,observed,ME/ME0201/ME0201D/Nastbastaparti190
2013M05,2013-05-01,2013-05,l,L,L,parliamentary_party,övr,övriga,OTHER,other_party,0.0,0.0,observed,ME/ME0201/ME0201D/Nastbastaparti190
2013M05,2013-05-01,2013-05,m,M,M,parliamentary_party,SD,SD,SD,parliamentary_party,6.6,1.5,observed,ME/ME0201/ME0201D/Nastbastaparti190
2013M05,2013-05-01,2013-05,m,M,M,parliamentary_party,c,C,C,parliamentary_party,5.8,1.4,observed,ME/ME0201/ME0201D/Nastbastaparti190
2013M05,2013-05-01,2013-05,m,M,M,parliamentary_party,inget parti,inget parti,NO_SECOND_CHOICE,no_second_choice,14.3,2.1,observed,ME/ME0201/ME0201D/Nastbastaparti190
2013M05,2013-05-01,2013-05,m,M,M,parliamentary_party,kd,KD,KD,parliamentary_party,6.3,1.4,observed,ME/ME0201/ME0201D/Nastbastaparti190
2013M05,2013-05-01,2013-05,m,M,M,parliamentary_party,l,L,L,parliamentary_party,34.6,2.7,observed,ME/ME0201/ME0201D/Nastbastaparti190
2013M05,2013-05-01,2013-05,m,M,M,parliamentary_party,m,M,M,parliamentary_party,0.0,0.0,observed,ME/ME0201/ME0201D/Nastbastaparti190
2013M05,2013-05-01,2013-05,m,M,M,parliamentary_party,mp,MP,MP,parliamentary_party,6.7,1.5,observed,ME/ME0201/ME0201D/Nastbastaparti190
2013M05,2013-05-01,2013-05,m,M,M,parliamentary_party,s,S,S,parliamentary_party,11.9,1.9,observed,ME/ME0201/ME0201D/Nastbastaparti190
2013M05,2013-05-01,2013-05,m,M,M,parliamentary_party,v,V,V,parliamentary_party,,,suppressed,ME/ME0201/ME0201D/Nastbastaparti190
2013M05,2013-05-01,2013-05,m,M,M,parliamentary_party,vet ej,vet ej/uppgift saknas,DONT_KNOW,dont_know,12.7,2.0,observed,ME/ME0201/ME0201D/Nastbastaparti190
2013M05,2013-05-01,2013-05,m,M,M,parliamentary_party,övr,övriga,OTHER,other_party,,,suppressed,ME/ME0201/ME0201D/Nastbastaparti190
2013M05,2013-05-01,2013-05,mp,MP,MP,parliamentary_party,SD,SD,SD,parliamentary_party,,,suppressed,ME/ME0201/ME0201D/Nastbastaparti190
2013M05,2013-05-01,2013-05,mp,MP,MP,parliamentary_party,c,C,C,parliamentary_party,3.7,2.0,observed,ME/ME0201/ME0201D/Nastbastaparti190
2013M05,2013-05-01,2013-05,mp,MP,MP,parliamentary_party,inget parti,inget parti,NO_SECOND_CHOICE,no_second_choice,14.7,3.9,observed,ME/ME0201/ME0201D/Nastbastaparti190
2013M05,2013-05-01,2013-05,mp,MP,MP,parliamentary_party,kd,KD,KD,parliamentary_party,,,suppressed,ME/ME0201/ME0201D/Nastbastaparti190
2013M05,2013-05-01,2013-05,mp,MP,MP,parliamentary_party,l,L,L,parliamentary_party,8.6,3.2,observed,ME/ME0201/ME0201D/Nastbastaparti190
2013M05,2013-05-01,2013-05,mp,MP,MP,parliamentary_party,m,M,M,parliamentary_party,6.1,2.5,observed,ME/ME0201/ME0201D/Nastbastaparti190
2013M05,2013-05-01,2013-05,mp,MP,MP,parliamentary_party,mp,MP,MP,parliamentary_party,0.0,0.0,observed,ME/ME0201/ME0201D/Nastbastaparti190
2013M05,2013-05-01,2013-05,mp,MP,MP,parliamentary_party,s,S,S,parliamentary_party,34.4,5.1,observed,ME/ME0201/ME0201D/Nastbastaparti190
2013M05,2013-05-01,2013-05,mp,MP,MP,parliamentary_party,v,V,V,parliamentary_party,18.5,4.2,observed,ME/ME0201/ME0201D/Nastbastaparti190
2013M05,2013-05-01,2013-05,mp,MP,MP,parliamentary_party,vet ej,vet ej/uppgift saknas,DONT_KNOW,dont_know,10.9,3.5,observed,ME/ME0201/ME0201D/Nastbastaparti190
2013M05,2013-05-01,2013-05,mp,MP,MP,parliamentary_party,övr,övriga,OTHER,other_party,2.4,1.8,observed,ME/ME0201/ME0201D/Nastbastaparti190
2013M05,2013-05-01,2013-05,s,S,S,parliamentary_party,SD,SD,SD,parliamentary_party,3.3,1.0,observed,ME/ME0201/ME0201D/Nastbastaparti190
2013M05,2013-05-01,2013-05,s,S,S,parliamentary_party,c,C,C,parliamentary_party,2.7,0.9,observed,ME/ME0201/ME0201D/Nastbastaparti190
2013M05,2013-05-01,2013-05,s,S,S,parliamentary_party,inget parti,inget parti,NO_SECOND_CHOICE,no_second_choice,19.4,2.2,observed,ME/ME0201/ME0201D/Nastbastaparti190
2013M05,2013-05-01,2013-05,s,S,S,parliamentary_party,kd,KD,KD,parliamentary_party,1.4,0.7,observed,ME/ME0201/ME0201D/Nastbastaparti190
2013M05,2013-05-01,2013-05,s,S,S,parliamentary_party,l,L,L,parliamentary_party,3.5,0.9,observed,ME/ME0201/ME0201D/Nastbastaparti190
2013M05,2013-05-01,2013-05,s,S,S,parliamentary_party,m,M,M,parliamentary_party,8.8,1.6,observed,ME/ME0201/ME0201D/Nastbastaparti190
2013M05,2013-05-01,2013-05,s,S,S,parliamentary_party,mp,MP,MP,parliamentary_party,22.5,2.2,observed,ME/ME0201/ME0201D/Nastbastaparti190
2013M05,2013-05-01,2013-05,s,S,S,parliamentary_party,s,S,S,parliamentary_party,0.0,0.0,observed,ME/ME0201/ME0201D/Nastbastaparti190
2013M05,2013-05-01,2013-05,s,S,S,parliamentary_party,v,V,V,parliamentary_party,21.6,2.1,observed,ME/ME0201/ME0201D/Nastbastaparti190
2013M05,2013-05-01,2013-05,s,S,S,parliamentary_party,vet ej,vet ej/uppgift saknas,DONT_KNOW,dont_know,15.9,2.0,observed,ME/ME0201/ME0201D/Nastbastaparti190
2013M05,2013-05-01,2013-05,s,S,S,parliamentary_party,övr,övriga,OTHER,other_party,0.9,0.5,observed,ME/ME0201/ME0201D/Nastbastaparti190
2013M05,2013-05-01,2013-05,v,V,V,parliamentary_party,SD,SD,SD,parliamentary_party,,,suppressed,ME/ME0201/ME0201D/Nastbastaparti190
2013M05,2013-05-01,2013-05,v,V,V,parliamentary_party,c,C,C,parliamentary_party,,,suppressed,ME/ME0201/ME0201D/Nastbastaparti190
2013M05,2013-05-01,2013-05,v,V,V,parliamentary_party,inget parti,inget parti,NO_SECOND_CHOICE,no_second_choice,8.4,3.6,observed,ME/ME0201/ME0201D/Nastbastaparti190
2013M05,2013-05-01,2013-05,v,V,V,parliamentary_party,kd,KD,KD,parliamentary_party,0.0,0.0,observed,ME/ME0201/ME0201D/Nastbastaparti190
2013M05,2013-05-01,2013-05,v,V,V,parliamentary_party,l,L,L,parliamentary_party,,,suppressed,ME/ME0201/ME0201D/Nastbastaparti190
2013M05,2013-05-01,2013-05,v,V,V,parliamentary_party,m,M,M,parliamentary_party,,,suppressed,ME/ME0201/ME0201D/Nastbastaparti190
2013M05,2013-05-01,2013-05,v,V,V,parliamentary_party,mp,MP,MP,parliamentary_party,33.8,5.9,observed,ME/ME0201/ME0201D/Nastbastaparti190
2013M05,2013-05-01,2013-05,v,V,V,parliamentary_party,s,S,S,parliamentary_party,42.9,6.3,observed,ME/ME0201/ME0201D/Nastbastaparti190
2013M05,2013-05-01,2013-05,v,V,V,parliamentary_party,v,V,V,parliamentary_party,0.0,0.0,observed,ME/ME0201/ME0201D/Nastbastaparti190
2013M05,2013-05-01,2013-05,v,V,V,parliamentary_party,vet ej,vet ej/uppgift saknas,DONT_KNOW,dont_know,8.5,3.8,observed,ME/ME0201/ME0201D/Nastbastaparti190
2013M05,2013-05-01,2013-05,v,V,V,parliamentary_party,övr,övriga,OTHER,other_party,4.5,2.5,observed,ME/ME0201/ME0201D/Nastbastaparti190
2013M05,2013-05-01,2013-05,övr,övriga,OTHER,other_party,SD,SD,SD,parliamentary_party,,,suppressed,ME/ME0201/ME0201D/Nastbastaparti190
2013M05,2013-05-01,2013-05,övr,övriga,OTHER,other_party,c,C,C,parliamentary_party,,,suppressed,ME/ME0201/ME0201D/Nastbastaparti190
2013M05,2013-05-01,2013-05,övr,övriga,OTHER,other_party,inget parti,inget parti,NO_SECOND_CHOICE,no_second_choice,33.1,14.5,observed,ME/ME0201/ME0201D/Nastbastaparti190
2013M05,2013-05-01,2013-05,övr,övriga,OTHER,other_party,kd,KD,KD,parliamentary_party,0.0,0.0,observed,ME/ME0201/ME0201D/Nastbastaparti190
2013M05,2013-05-01,2013-05,övr,övriga,OTHER,other_party,l,L,L,parliamentary_party,,,suppressed,ME/ME0201/ME0201D/Nastbastaparti190
2013M05,2013-05-01,2013-05,övr,övriga,OTHER,other_party,m,M,M,parliamentary_party,0.0,0.0,observed,ME/ME0201/ME0201D/Nastbastaparti190
2013M05,2013-05-01,2013-05,övr,övriga,OTHER,other_party,mp,MP,MP,parliamentary_party,15.2,10.9,observed,ME/ME0201/ME0201D/Nastbastaparti190
2013M05,2013-05-01,2013-05,övr,övriga,OTHER,other_party,s,S,S,parliamentary_party,9.4,9.0,observed,ME/ME0201/ME0201D/Nastbastaparti190
2013M05,2013-05-01,2013-05,övr,övriga,OTHER,other_party,v,V,V,parliamentary_party,10.9,9.3,observed,ME/ME0201/ME0201D/Nastbastaparti190
2013M05,2013-05-01,2013-05,övr,övriga,OTHER,other_party,vet ej,vet ej/uppgift saknas,DONT_KNOW,dont_know,14.6,12.0,observed,ME/ME0201/ME0201D/Nastbastaparti190
2013M05,2013-05-01,2013-05,övr,övriga,OTHER,other_party,övr,övriga,OTHER,other_party,,,suppressed,ME/ME0201/ME0201D/Nastbastaparti190
2013M11,2013-11-01,2013-11,SD,SD,SD,parliamentary_party,SD,SD,SD,parliamentary_party,,,suppressed,ME/ME0201/ME0201D/Nastbastaparti190
2013M11,2013-11-01,2013-11,SD,SD,SD,parliamentary_party,c,C,C,parliamentary_party,,,suppressed,ME/ME0201/ME0201D/Nastbastaparti190
2013M11,2013-11-01,2013-11,SD,SD,SD,parliamentary_party,inget parti,inget parti,NO_SECOND_CHOICE,no_second_choice,22.5,5.1,observed,ME/ME0201/ME0201D/Nastbastaparti190
2013M11,2013-11-01,2013-11,SD,SD,SD,parliamentary_party,kd,KD,KD,parliamentary_party,2.6,1.8,observed,ME/ME0201/ME0201D/Nastbastaparti190
2013M11,2013-11-01,2013-11,SD,SD,SD,parliamentary_party,l,L,L,parliamentary_party,3.7,2.2,observed,ME/ME0201/ME0201D/Nastbastaparti190
2013M11,2013-11-01,2013-11,SD,SD,SD,parliamentary_party,m,M,M,parliamentary_party,24.0,5.1,observed,ME/ME0201/ME0201D/Nastbastaparti190
2013M11,2013-11-01,2013-11,SD,SD,SD,parliamentary_party,mp,MP,MP,parliamentary_party,2.1,1.7,observed,ME/ME0201/ME0201D/Nastbastaparti190
2013M11,2013-11-01,2013-11,SD,SD,SD,parliamentary_party,s,S,S,parliamentary_party,26.9,5.4,observed,ME/ME0201/ME0201D/Nastbastaparti190
2013M11,2013-11-01,2013-11,SD,SD,SD,parliamentary_party,v,V,V,parliamentary_party,2.2,1.9,observed,ME/ME0201/ME0201D/Nastbastaparti190
2013M11,2013-11-01,2013-11,SD,SD,SD,parliamentary_party,vet ej,vet ej/uppgift saknas,DONT_KNOW,dont_know,12.5,4.2,observed,ME/ME0201/ME0201D/Nastbastaparti190
2013M11,2013-11-01,2013-11,SD,SD,SD,parliamentary_party,övr,övriga,OTHER,other_party,,,suppressed,ME/ME0201/ME0201D/Nastbastaparti190
2013M11,2013-11-01,2013-11,c,C,C,parliamentary_party,SD,SD,SD,parliamentary_party,,,suppressed,ME/ME0201/ME0201D/Nastbastaparti190
2013M11,2013-11-01,2013-11,c,C,C,parliamentary_party,c,C,C,parliamentary_party,0.0,0.0,observed,ME/ME0201/ME0201D/Nastbastaparti190
2013M11,2013-11-01,2013-11,c,C,C,parliamentary_party,inget parti,inget parti,NO_SECOND_CHOICE,no_second_choice,7.9,4.5,observed,ME/ME0201/ME0201D/Nastbastaparti190
2013M11,2013-11-01,2013-11,c,C,C,parliamentary_party,kd,KD,KD,parliamentary_party,3.2,2.8,observed,ME/ME0201/ME0201D/Nastbastaparti190
2013M11,2013-11-01,2013-11,c,C,C,parliamentary_party,l,L,L,parliamentary_party,20.6,6.4,observed,ME/ME0201/ME0201D/Nastbastaparti190
2013M11,2013-11-01,2013-11,c,C,C,parliamentary_party,m,M,M,parliamentary_party,32.8,7.3,observed,ME/ME0201/ME0201D/Nastbastaparti190
2013M11,2013-11-01,2013-11,c,C,C,parliamentary_party,mp,MP,MP,parliamentary_party,10.1,4.7,observed,ME/ME0201/ME0201D/Nastbastaparti190
2013M11,2013-11-01,2013-11,c,C,C,parliamentary_party,s,S,S,parliamentary_party,11.6,5.2,observed,ME/ME0201/ME0201D/Nastbastaparti190
2013M11,2013-11-01,2013-11,c,C,C,parliamentary_party,v,V,V,parliamentary_party,0.0,0.0,observed,ME/ME0201/ME0201D/Nastbastaparti190
2013M11,2013-11-01,2013-11,c,C,C,parliamentary_party,vet ej,vet ej/uppgift saknas,DONT_KNOW,dont_know,13.1,5.3,observed,ME/ME0201/ME0201D/Nastbastaparti190
2013M11,2013-11-01,2013-11,c,C,C,parliamentary_party,övr,övriga,OTHER,other_party,0.0,0.0,observed,ME/ME0201/ME0201D/Nastbastaparti190
2013M11,2013-11-01,2013-11,hela väljarkåren,hela väljarkåren,TOTAL_ELECTORATE,total_electorate,SD,SD,SD,parliamentary_party,2.8,0.5,observed,ME/ME0201/ME0201D/Nastbastaparti190
2013M11,2013-11-01,2013-11,hela väljarkåren,hela väljarkåren,TOTAL_ELECTORATE,total_electorate,c,C,C,parliamentary_party,3.8,0.5,observed,ME/ME0201/ME0201D/Nastbastaparti190
2013M11,2013-11-01,2013-11,hela väljarkåren,hela väljarkåren,TOTAL_ELECTORATE,total_electorate,inget parti,inget parti,NO_SECOND_CHOICE,no_second_choice,8.2,0.8,observed,ME/ME0201/ME0201D/Nastbastaparti190
2013M11,2013-11-01,2013-11,hela väljarkåren,hela väljarkåren,TOTAL_ELECTORATE,total_electorate,kd,KD,KD,parliamentary_party,2.6,0.4,observed,ME/ME0201/ME0201D/Nastbastaparti190
2013M11,2013-11-01,2013-11,hela väljarkåren,hela väljarkåren,TOTAL_ELECTORATE,total_electorate,l,L,L,parliamentary_party,10.5,0.8,observed,ME/ME0201/ME0201D/Nastbastaparti190
2013M11,2013-11-01,2013-11,hela väljarkåren,hela väljarkåren,TOTAL_ELECTORATE,total_electorate,m,M,M,parliamentary_party,8.2,0.8,observed,ME/ME0201/ME0201D/Nastbastaparti190
2013M11,2013-11-01,2013-11,hela väljarkåren,hela väljarkåren,TOTAL_ELECTORATE,total_electorate,mp,MP,MP,parliamentary_party,10.9,0.8,observed,ME/ME0201/ME0201D/Nastbastaparti190
2013M11,2013-11-01,2013-11,hela väljarkåren,hela väljarkåren,TOTAL_ELECTORATE,total_electorate,s,S,S,parliamentary_party,9.6,0.8,observed,ME/ME0201/ME0201D/Nastbastaparti190
2013M11,2013-11-01,2013-11,hela väljarkåren,hela väljarkåren,TOTAL_ELECTORATE,total_electorate,v,V,V,parliamentary_party,7.5,0.7,observed,ME/ME0201/ME0201D/Nastbastaparti190
2013M11,2013-11-01,2013-11,hela väljarkåren,hela väljarkåren,TOTAL_ELECTORATE,total_electorate,vet ej,vet ej/uppgift saknas,DONT_KNOW,dont_know,34.7,1.3,observed,ME/ME0201/ME0201D/Nastbastaparti190
2013M11,2013-11-01,2013-11,hela väljarkåren,hela väljarkåren,TOTAL_ELECTORATE,total_electorate,övr,övriga,OTHER,other_party,1.1,0.3,observed,ME/ME0201/ME0201D/Nastbastaparti190
2013M11,2013-11-01,2013-11,ingen sympati/vet ej,ingen sympati/vet ej,NO_SYMPATHY_OR_DONT_KNOW,no_sympathy,SD,SD,SD,parliamentary_party,0.0,0.0,observed,ME/ME0201/ME0201D/Nastbastaparti190
2013M11,2013-11-01,2013-11,ingen sympati/vet ej,ingen sympati/vet ej,NO_SYMPATHY_OR_DONT_KNOW,no_sympathy,c,C,C,parliamentary_party,0.0,0.0,observed,ME/ME0201/ME0201D/Nastbastaparti190
2013M11,2013-11-01,2013-11,ingen sympati/vet ej,ingen sympati/vet ej,NO_SYMPATHY_OR_DONT_KNOW,no_sympathy,inget parti,inget parti,NO_SECOND_CHOICE,no_second_choice,0.0,0.0,observed,ME/ME0201/ME0201D/Nastbastaparti190
2013M11,2013-11-01,2013-11,ingen sympati/vet ej,ingen sympati/vet ej,NO_SYMPATHY_OR_DONT_KNOW,no_sympathy,kd,KD,KD,parliamentary_party,0.0,0.0,observed,ME/ME0201/ME0201D/Nastbastaparti190
2013M11,2013-11-01,2013-11,ingen sympati/vet ej,ingen sympati/vet ej,NO_SYMPATHY_OR_DONT_KNOW,no_sympathy,l,L,L,parliamentary_party,0.0,0.0,observed,ME/ME0201/ME0201D/Nastbastaparti190
2013M11,2013-11-01,2013-11,ingen sympati/vet ej,ingen sympati/vet ej,NO_SYMPATHY_OR_DONT_KNOW,no_sympathy,m,M,M,parliamentary_party,0.0,0.0,observed,ME/ME0201/ME0201D/Nastbastaparti190
2013M11,2013-11-01,2013-11,ingen sympati/vet ej,ingen sympati/vet ej,NO_SYMPATHY_OR_DONT_KNOW,no_sympathy,mp,MP,MP,parliamentary_party,0.0,0.0,observed,ME/ME0201/ME0201D/Nastbastaparti190
2013M11,2013-11-01,2013-11,ingen sympati/vet ej,ingen sympati/vet ej,NO_SYMPATHY_OR_DONT_KNOW,no_sympathy,s,S,S,parliamentary_party,0.0,0.0,observed,ME/ME0201/ME0201D/Nastbastaparti190
2013M11,2013-11-01,2013-11,ingen sympati/vet ej,ingen sympati/vet ej,NO_SYMPATHY_OR_DONT_KNOW,no_sympathy,v,V,V,parliamentary_party,0.0,0.0,observed,ME/ME0201/ME0201D/Nastbastaparti190
2013M11,2013-11-01,2013-11,ingen sympati/vet ej,ingen sympati/vet ej,NO_SYMPATHY_OR_DONT_KNOW,no_sympathy,vet ej,vet ej/uppgift saknas,DONT_KNOW,dont_know,100.0,0.0,observed,ME/ME0201/ME0201D/Nastbastaparti190
2013M11,2013-11-01,2013-11,ingen sympati/vet ej,ingen sympati/vet ej,NO_SYMPATHY_OR_DONT_KNOW,no_sympathy,övr,övriga,OTHER,other_party,0.0,0.0,observed,ME/ME0201/ME0201D/Nastbastaparti190
2013M11,2013-11-01,2013-11,kd,KD,KD,parliamentary_party,SD,SD,SD,parliamentary_party,,,suppressed,ME/ME0201/ME0201D/Nastbastaparti190
2013M11,2013-11-01,2013-11,kd,KD,KD,parliamentary_party,c,C,C,parliamentary_party,17.1,6.7,observed,ME/ME0201/ME0201D/Nastbastaparti190
2013M11,2013-11-01,2013-11,kd,KD,KD,parliamentary_party,inget parti,inget parti,NO_SECOND_CHOICE,no_second_choice,7.9,4.8,observed,ME/ME0201/ME0201D/Nastbastaparti190
2013M11,2013-11-01,2013-11,kd,KD,KD,parliamentary_party,kd,KD,KD,parliamentary_party,0.0,0.0,observed,ME/ME0201/ME0201D/Nastbastaparti190
2013M11,2013-11-01,2013-11,kd,KD,KD,parliamentary_party,l,L,L,parliamentary_party,16.8,6.3,observed,ME/ME0201/ME0201D/Nastbastaparti190
2013M11,2013-11-01,2013-11,kd,KD,KD,parliamentary_party,m,M,M,parliamentary_party,31.7,8.0,observed,ME/ME0201/ME0201D/Nastbastaparti190
2013M11,2013-11-01,2013-11,kd,KD,KD,parliamentary_party,mp,MP,MP,parliamentary_party,6.7,4.1,observed,ME/ME0201/ME0201D/Nastbastaparti190
2013M11,2013-11-01,2013-11,kd,KD,KD,parliamentary_party,s,S,S,parliamentary_party,5.1,3.7,observed,ME/ME0201/ME0201D/Nastbastaparti190
2013M11,2013-11-01,2013-11,kd,KD,KD,parliamentary_party,v,V,V,parliamentary_party,,,suppressed,ME/ME0201/ME0201D/Nastbastaparti190
2013M11,2013-11-01,2013-11,kd,KD,KD,parliamentary_party,vet ej,vet ej/uppgift saknas,DONT_KNOW,dont_know,12.7,5.8,observed,ME/ME0201/ME0201D/Nastbastaparti190
2013M11,2013-11-01,2013-11,kd,KD,KD,parliamentary_party,övr,övriga,OTHER,other_party,0.0,0.0,observed,ME/ME0201/ME0201D/Nastbastaparti190
2013M11,2013-11-01,2013-11,l,L,L,parliamentary_party,SD,SD,SD,parliamentary_party,,,suppressed,ME/ME0201/ME0201D/Nastbastaparti190
2013M11,2013-11-01,2013-11,l,L,L,parliamentary_party,c,C,C,parliamentary_party,12.4,4.5,observed,ME/ME0201/ME0201D/Nastbastaparti190
2013M11,2013-11-01,2013-11,l,L,L,parliamentary_party,inget parti,inget parti,NO_SECOND_CHOICE,no_second_choice,6.2,3.1,observed,ME/ME0201/ME0201D/Nastbastaparti190
2013M11,2013-11-01,2013-11,l,L,L,parliamentary_party,kd,KD,KD,parliamentary_party,6.1,3.3,observed,ME/ME0201/ME0201D/Nastbastaparti190
2013M11,2013-11-01,2013-11,l,L,L,parliamentary_party,l,L,L,parliamentary_party,0.0,0.0,observed,ME/ME0201/ME0201D/Nastbastaparti190
2013M11,2013-11-01,2013-11,l,L,L,parliamentary_party,m,M,M,parliamentary_party,41.7,6.6,observed,ME/ME0201/ME0201D/Nastbastaparti190
2013M11,2013-11-01,2013-11,l,L,L,parliamentary_party,mp,MP,MP,parliamentary_party,7.0,3.2,observed,ME/ME0201/ME0201D/Nastbastaparti190
2013M11,2013-11-01,2013-11,l,L,L,parliamentary_party,s,S,S,parliamentary_party,11.8,4.1,observed,ME/ME0201/ME0201D/Nastbastaparti190
2013M11,2013-11-01,2013-11,l,L,L,parliamentary_party,v,V,V,parliamentary_party,0.0,0.0,observed,ME/ME0201/ME0201D/Nastbastaparti190
2013M11,2013-11-01,2013-11,l,L,L,parliamentary_party,vet ej,vet ej/uppgift saknas,DONT_KNOW,dont_know,12.8,4.5,observed,ME/ME0201/ME0201D/Nastbastaparti190
2013M11,2013-11-01,2013-11,l,L,L,parliamentary_party,övr,övriga,OTHER,other_party,,,suppressed,ME/ME0201/ME0201D/Nastbastaparti190
2013M11,2013-11-01,2013-11,m,M,M,parliamentary_party,SD,SD,SD,parliamentary_party,6.5,1.5,observed,ME/ME0201/ME0201D/Nastbastaparti190
2013M11,2013-11-01,2013-11,m,M,M,parliamentary_party,c,C,C,parliamentary_party,7.9,1.6,observed,ME/ME0201/ME0201D/Nastbastaparti190
2013M11,2013-11-01,2013-11,m,M,M,parliamentary_party,inget parti,inget parti,NO_SECOND_CHOICE,no_second_choice,9.8,1.7,observed,ME/ME0201/ME0201D/Nastbastaparti190
2013M11,2013-11-01,2013-11,m,M,M,parliamentary_party,kd,KD,KD,parliamentary_party,7.1,1.5,observed,ME/ME0201/ME0201D/Nastbastaparti190
2013M11,2013-11-01,2013-11,m,M,M,parliamentary_party,l,L,L,parliamentary_party,34.5,2.7,observed,ME/ME0201/ME0201D/Nastbastaparti190
2013M11,2013-11-01,2013-11,m,M,M,parliamentary_party,m,M,M,parliamentary_party,0.0,0.0,observed,ME/ME0201/ME0201D/Nastbastaparti190
2013M11,2013-11-01,2013-11,m,M,M,parliamentary_party,mp,MP,MP,parliamentary_party,6.0,1.4,observed,ME/ME0201/ME0201D/Nastbastaparti190
2013M11,2013-11-01,2013-11,m,M,M,parliamentary_party,s,S,S,parliamentary_party,10.8,1.9,observed,ME/ME0201/ME0201D/Nastbastaparti190
2013M11,2013-11-01,2013-11,m,M,M,parliamentary_party,v,V,V,parliamentary_party,0.6,0.5,observed,ME/ME0201/ME0201D/Nastbastaparti190
2013M11,2013-11-01,2013-11,m,M,M,parliamentary_party,vet ej,vet ej/uppgift saknas,DONT_KNOW,dont_know,16.0,2.2,observed,ME/ME0201/ME0201D/Nastbastaparti190
2013M11,2013-11-01,2013-11,m,M,M,parliamentary_party,övr,övriga,OTHER,other_party,0.9,0.6,observed,ME/ME0201/ME0201D/Nastbastaparti190
2013M11,2013-11-01,2013-11,mp,MP,MP,parliamentary_party,SD,SD,SD,parliamentary_party,0.0,0.0,observed,ME/ME0201/ME0201D/Nastbastaparti190
2013M11,2013-11-01,2013-11,mp,MP,MP,parliamentary_party,c,C,C,parliamentary_party,3.5,2.0,observed,ME/ME0201/ME0201D/Nastbastaparti190
2013M11,2013-11-01,2013-11,mp,MP,MP,parliamentary_party,inget parti,inget parti,NO_SECOND_CHOICE,no_second_choice,7.7,3.0,observed,ME/ME0201/ME0201D/Nastbastaparti190
2013M11,2013-11-01,2013-11,mp,MP,MP,parliamentary_party,kd,KD,KD,parliamentary_party,,,suppressed,ME/ME0201/ME0201D/Nastbastaparti190
2013M11,2013-11-01,2013-11,mp,MP,MP,parliamentary_party,l,L,L,parliamentary_party,4.2,2.1,observed,ME/ME0201/ME0201D/Nastbastaparti190
2013M11,2013-11-01,2013-11,mp,MP,MP,parliamentary_party,m,M,M,parliamentary_party,6.4,2.5,observed,ME/ME0201/ME0201D/Nastbastaparti190
2013M11,2013-11-01,2013-11,mp,MP,MP,parliamentary_party,mp,MP,MP,parliamentary_party,0.0,0.0,observed,ME/ME0201/ME0201D/Nastbastaparti190
2013M11,2013-11-01,2013-11,mp,MP,MP,parliamentary_party,s,S,S,parliamentary_party,37.2,4.9,observed,ME/ME0201/ME0201D/Nastbastaparti190
2013M11,2013-11-01,2013-11,mp,MP,MP,parliamentary_party,v,V,V,parliamentary_party,17.6,3.9,observed,ME/ME0201/ME0201D/Nastbastaparti190
2013M11,2013-11-01,2013-11,mp,MP,MP,parliamentary_party,vet ej,vet ej/uppgift saknas,DONT_KNOW,dont_know,18.1,4.2,observed,ME/ME0201/ME0201D/Nastbastaparti190
2013M11,2013-11-01,2013-11,mp,MP,MP,parliamentary_party,övr,övriga,OTHER,other_party,3.9,1.9,observed,ME/ME0201/ME0201D/Nastbastaparti190
2013M11,2013-11-01,2013-11,s,S,S,parliamentary_party,SD,SD,SD,parliamentary_party,4.4,1.1,observed,ME/ME0201/ME0201D/Nastbastaparti190
2013M11,2013-11-01,2013-11,s,S,S,parliamentary_party,c,C,C,parliamentary_party,2.7,0.8,observed,ME/ME0201/ME0201D/Nastbastaparti190
2013M11,2013-11-01,2013-11,s,S,S,parliamentary_party,inget parti,inget parti,NO_SECOND_CHOICE,no_second_choice,11.2,1.7,observed,ME/ME0201/ME0201D/Nastbastaparti190
2013M11,2013-11-01,2013-11,s,S,S,parliamentary_party,kd,KD,KD,parliamentary_party,1.6,0.7,observed,ME/ME0201/ME0201D/Nastbastaparti190
2013M11,2013-11-01,2013-11,s,S,S,parliamentary_party,l,L,L,parliamentary_party,6.3,1.3,observed,ME/ME0201/ME0201D/Nastbastaparti190
2013M11,2013-11-01,2013-11,s,S,S,parliamentary_party,m,M,M,parliamentary_party,8.2,1.5,observed,ME/ME0201/ME0201D/Nastbastaparti190
2013M11,2013-11-01,2013-11,s,S,S,parliamentary_party,mp,MP,MP,parliamentary_party,23.5,2.2,observed,ME/ME0201/ME0201D/Nastbastaparti190
2013M11,2013-11-01,2013-11,s,S,S,parliamentary_party,s,S,S,parliamentary_party,0.0,0.0,observed,ME/ME0201/ME0201D/Nastbastaparti190
2013M11,2013-11-01,2013-11,s,S,S,parliamentary_party,v,V,V,parliamentary_party,20.6,2.1,observed,ME/ME0201/ME0201D/Nastbastaparti190
2013M11,2013-11-01,2013-11,s,S,S,parliamentary_party,vet ej,vet ej/uppgift saknas,DONT_KNOW,dont_know,21.0,2.2,observed,ME/ME0201/ME0201D/Nastbastaparti190
2013M11,2013-11-01,2013-11,s,S,S,parliamentary_party,övr,övriga,OTHER,other_party,0.4,0.4,observed,ME/ME0201/ME0201D/Nastbastaparti190
2013M11,2013-11-01,2013-11,v,V,V,parliamentary_party,SD,SD,SD,parliamentary_party,2.8,2.2,observed,ME/ME0201/ME0201D/Nastbastaparti190
2013M11,2013-11-01,2013-11,v,V,V,parliamentary_party,c,C,C,parliamentary_party,,,suppressed,ME/ME0201/ME0201D/Nastbastaparti190
2013M11,2013-11-01,2013-11,v,V,V,parliamentary_party,inget parti,inget parti,NO_SECOND_CHOICE,no_second_choice,5.8,3.1,observed,ME/ME0201/ME0201D/Nastbastaparti190
2013M11,2013-11-01,2013-11,v,V,V,parliamentary_party,kd,KD,KD,parliamentary_party,,,suppressed,ME/ME0201/ME0201D/Nastbastaparti190
2013M11,2013-11-01,2013-11,v,V,V,parliamentary_party,l,L,L,parliamentary_party,,,suppressed,ME/ME0201/ME0201D/Nastbastaparti190
2013M11,2013-11-01,2013-11,v,V,V,parliamentary_party,m,M,M,parliamentary_party,,,suppressed,ME/ME0201/ME0201D/Nastbastaparti190
2013M11,2013-11-01,2013-11,v,V,V,parliamentary_party,mp,MP,MP,parliamentary_party,36.2,5.8,observed,ME/ME0201/ME0201D/Nastbastaparti190
2013M11,2013-11-01,2013-11,v,V,V,parliamentary_party,s,S,S,parliamentary_party,40.4,6.0,observed,ME/ME0201/ME0201D/Nastbastaparti190
2013M11,2013-11-01,2013-11,v,V,V,parliamentary_party,v,V,V,parliamentary_party,0.0,0.0,observed,ME/ME0201/ME0201D/Nastbastaparti190
2013M11,2013-11-01,2013-11,v,V,V,parliamentary_party,vet ej,vet ej/uppgift saknas,DONT_KNOW,dont_know,6.8,3.1,observed,ME/ME0201/ME0201D/Nastbastaparti190
2013M11,2013-11-01,2013-11,v,V,V,parliamentary_party,övr,övriga,OTHER,other_party,6.0,2.7,observed,ME/ME0201/ME0201D/Nastbastaparti190
2013M11,2013-11-01,2013-11,övr,övriga,OTHER,other_party,SD,SD,SD,parliamentary_party,,,suppressed,ME/ME0201/ME0201D/Nastbastaparti190
2013M11,2013-11-01,2013-11,övr,övriga,OTHER,other_party,c,C,C,parliamentary_party,,,suppressed,ME/ME0201/ME0201D/Nastbastaparti190
2013M11,2013-11-01,2013-11,övr,övriga,OTHER,other_party,inget parti,inget parti,NO_SECOND_CHOICE,no_second_choice,6.0,5.8,observed,ME/ME0201/ME0201D/Nastbastaparti190
2013M11,2013-11-01,2013-11,övr,övriga,OTHER,other_party,kd,KD,KD,parliamentary_party,0.0,0.0,observed,ME/ME0201/ME0201D/Nastbastaparti190
2013M11,2013-11-01,2013-11,övr,övriga,OTHER,other_party,l,L,L,parliamentary_party,,,suppressed,ME/ME0201/ME0201D/Nastbastaparti190
2013M11,2013-11-01,2013-11,övr,övriga,OTHER,other_party,m,M,M,parliamentary_party,,,suppressed,ME/ME0201/ME0201D/Nastbastaparti190
2013M11,2013-11-01,2013-11,övr,övriga,OTHER,other_party,mp,MP,MP,parliamentary_party,20.5,10.8,observed,ME/ME0201/ME0201D/Nastbastaparti190
2013M11,2013-11-01,2013-11,övr,övriga,OTHER,other_party,s,S,S,parliamentary_party,15.3,10.9,observed,ME/ME0201/ME0201D/Nastbastaparti190
2013M11,2013-11-01,2013-11,övr,övriga,OTHER,other_party,v,V,V,parliamentary_party,17.6,10.4,observed,ME/ME0201/ME0201D/Nastbastaparti190
2013M11,2013-11-01,2013-11,övr,övriga,OTHER,other_party,vet ej,vet ej/uppgift saknas,DONT_KNOW,dont_know,20.3,11.0,observed,ME/ME0201/ME0201D/Nastbastaparti190
2013M11,2013-11-01,2013-11,övr,övriga,OTHER,other_party,övr,övriga,OTHER,other_party,,,suppressed,ME/ME0201/ME0201D/Nastbastaparti190
2014M05,2014-05-01,2014-05,SD,SD,SD,parliamentary_party,SD,SD,SD,parliamentary_party,0.0,0.0,observed,ME/ME0201/ME0201D/Nastbastaparti190
2014M05,2014-05-01,2014-05,SD,SD,SD,parliamentary_party,c,C,C,parliamentary_party,,,suppressed,ME/ME0201/ME0201D/Nastbastaparti190
2014M05,2014-05-01,2014-05,SD,SD,SD,parliamentary_party,inget parti,inget parti,NO_SECOND_CHOICE,no_second_choice,21.5,5.7,observed,ME/ME0201/ME0201D/Nastbastaparti190
2014M05,2014-05-01,2014-05,SD,SD,SD,parliamentary_party,kd,KD,KD,parliamentary_party,2.2,1.9,observed,ME/ME0201/ME0201D/Nastbastaparti190
2014M05,2014-05-01,2014-05,SD,SD,SD,parliamentary_party,l,L,L,parliamentary_party,6.2,3.3,observed,ME/ME0201/ME0201D/Nastbastaparti190
2014M05,2014-05-01,2014-05,SD,SD,SD,parliamentary_party,m,M,M,parliamentary_party,28.6,6.0,observed,ME/ME0201/ME0201D/Nastbastaparti190
2014M05,2014-05-01,2014-05,SD,SD,SD,parliamentary_party,mp,MP,MP,parliamentary_party,,,suppressed,ME/ME0201/ME0201D/Nastbastaparti190
2014M05,2014-05-01,2014-05,SD,SD,SD,parliamentary_party,s,S,S,parliamentary_party,19.5,5.2,observed,ME/ME0201/ME0201D/Nastbastaparti190
2014M05,2014-05-01,2014-05,SD,SD,SD,parliamentary_party,v,V,V,parliamentary_party,3.8,2.5,observed,ME/ME0201/ME0201D/Nastbastaparti190
2014M05,2014-05-01,2014-05,SD,SD,SD,parliamentary_party,vet ej,vet ej/uppgift saknas,DONT_KNOW,dont_know,13.3,4.8,observed,ME/ME0201/ME0201D/Nastbastaparti190
2014M05,2014-05-01,2014-05,SD,SD,SD,parliamentary_party,övr,övriga,OTHER,other_party,3.1,2.6,observed,ME/ME0201/ME0201D/Nastbastaparti190
2014M05,2014-05-01,2014-05,c,C,C,parliamentary_party,SD,SD,SD,parliamentary_party,3.6,3.2,observed,ME/ME0201/ME0201D/Nastbastaparti190
2014M05,2014-05-01,2014-05,c,C,C,parliamentary_party,c,C,C,parliamentary_party,0.0,0.0,observed,ME/ME0201/ME0201D/Nastbastaparti190
2014M05,2014-05-01,2014-05,c,C,C,parliamentary_party,inget parti,inget parti,NO_SECOND_CHOICE,no_second_choice,4.6,3.0,observed,ME/ME0201/ME0201D/Nastbastaparti190
2014M05,2014-05-01,2014-05,c,C,C,parliamentary_party,kd,KD,KD,parliamentary_party,8.7,4.4,observed,ME/ME0201/ME0201D/Nastbastaparti190
2014M05,2014-05-01,2014-05,c,C,C,parliamentary_party,l,L,L,parliamentary_party,16.2,5.5,observed,ME/ME0201/ME0201D/Nastbastaparti190
2014M05,2014-05-01,2014-05,c,C,C,parliamentary_party,m,M,M,parliamentary_party,32.2,7.2,observed,ME/ME0201/ME0201D/Nastbastaparti190
2014M05,2014-05-01,2014-05,c,C,C,parliamentary_party,mp,MP,MP,parliamentary_party,8.6,4.1,observed,ME/ME0201/ME0201D/Nastbastaparti190
2014M05,2014-05-01,2014-05,c,C,C,parliamentary_party,s,S,S,parliamentary_party,5.2,3.2,observed,ME/ME0201/ME0201D/Nastbastaparti190
2014M05,2014-05-01,2014-05,c,C,C,parliamentary_party,v,V,V,parliamentary_party,,,suppressed,ME/ME0201/ME0201D/Nastbastaparti190
2014M05,2014-05-01,2014-05,c,C,C,parliamentary_party,vet ej,vet ej/uppgift saknas,DONT_KNOW,dont_know,17.8,5.9,observed,ME/ME0201/ME0201D/Nastbastaparti190
2014M05,2014-05-01,2014-05,c,C,C,parliamentary_party,övr,övriga,OTHER,other_party,,,suppressed,ME/ME0201/ME0201D/Nastbastaparti190
2014M05,2014-05-01,2014-05,hela väljarkåren,hela väljarkåren,TOTAL_ELECTORATE,total_electorate,SD,SD,SD,parliamentary_party,2.7,0.5,observed,ME/ME0201/ME0201D/Nastbastaparti190
2014M05,2014-05-01,2014-05,hela väljarkåren,hela väljarkåren,TOTAL_ELECTORATE,total_electorate,c,C,C,parliamentary_party,3.1,0.5,observed,ME/ME0201/ME0201D/Nastbastaparti190
2014M05,2014-05-01,2014-05,hela väljarkåren,hela väljarkåren,TOTAL_ELECTORATE,total_electorate,inget parti,inget parti,NO_SECOND_CHOICE,no_second_choice,8.7,0.9,observed,ME/ME0201/ME0201D/Nastbastaparti190
2014M05,2014-05-01,2014-05,hela väljarkåren,hela väljarkåren,TOTAL_ELECTORATE,total_electorate,kd,KD,KD,parliamentary_party,2.8,0.5,observed,ME/ME0201/ME0201D/Nastbastaparti190
2014M05,2014-05-01,2014-05,hela väljarkåren,hela väljarkåren,TOTAL_ELECTORATE,total_electorate,l,L,L,parliamentary_party,9.6,0.8,observed,ME/ME0201/ME0201D/Nastbastaparti190
2014M05,2014-05-01,2014-05,hela väljarkåren,hela väljarkåren,TOTAL_ELECTORATE,total_electorate,m,M,M,parliamentary_party,8.3,0.8,observed,ME/ME0201/ME0201D/Nastbastaparti190
2014M05,2014-05-01,2014-05,hela väljarkåren,hela väljarkåren,TOTAL_ELECTORATE,total_electorate,mp,MP,MP,parliamentary_party,10.7,0.9,observed,ME/ME0201/ME0201D/Nastbastaparti190
2014M05,2014-05-01,2014-05,hela väljarkåren,hela väljarkåren,TOTAL_ELECTORATE,total_electorate,s,S,S,parliamentary_party,9.6,0.9,observed,ME/ME0201/ME0201D/Nastbastaparti190
2014M05,2014-05-01,2014-05,hela väljarkåren,hela väljarkåren,TOTAL_ELECTORATE,total_electorate,v,V,V,parliamentary_party,9.3,0.8,observed,ME/ME0201/ME0201D/Nastbastaparti190
2014M05,2014-05-01,2014-05,hela väljarkåren,hela väljarkåren,TOTAL_ELECTORATE,total_electorate,vet ej,vet ej/uppgift saknas,DONT_KNOW,dont_know,32.3,1.4,observed,ME/ME0201/ME0201D/Nastbastaparti190
2014M05,2014-05-01,2014-05,hela väljarkåren,hela väljarkåren,TOTAL_ELECTORATE,total_electorate,övr,övriga,OTHER,other_party,2.9,0.5,observed,ME/ME0201/ME0201D/Nastbastaparti190
2014M05,2014-05-01,2014-05,ingen sympati/vet ej,ingen sympati/vet ej,NO_SYMPATHY_OR_DONT_KNOW,no_sympathy,SD,SD,SD,parliamentary_party,0.0,0.0,observed,ME/ME0201/ME0201D/Nastbastaparti190
2014M05,2014-05-01,2014-05,ingen sympati/vet ej,ingen sympati/vet ej,NO_SYMPATHY_OR_DONT_KNOW,no_sympathy,c,C,C,parliamentary_party,0.0,0.0,observed,ME/ME0201/ME0201D/Nastbastaparti190
2014M05,2014-05-01,2014-05,ingen sympati/vet ej,ingen sympati/vet ej,NO_SYMPATHY_OR_DONT_KNOW,no_sympathy,inget parti,inget parti,NO_SECOND_CHOICE,no_second_choice,0.0,0.0,observed,ME/ME0201/ME0201D/Nastbastaparti190
2014M05,2014-05-01,2014-05,ingen sympati/vet ej,ingen sympati/vet ej,NO_SYMPATHY_OR_DONT_KNOW,no_sympathy,kd,KD,KD,parliamentary_party,0.0,0.0,observed,ME/ME0201/ME0201D/Nastbastaparti190
2014M05,2014-05-01,2014-05,ingen sympati/vet ej,ingen sympati/vet ej,NO_SYMPATHY_OR_DONT_KNOW,no_sympathy,l,L,L,parliamentary_party,0.0,0.0,observed,ME/ME0201/ME0201D/Nastbastaparti190
2014M05,2014-05-01,2014-05,ingen sympati/vet ej,ingen sympati/vet ej,NO_SYMPATHY_OR_DONT_KNOW,no_sympathy,m,M,M,parliamentary_party,0.0,0.0,observed,ME/ME0201/ME0201D/Nastbastaparti190
2014M05,2014-05-01,2014-05,ingen sympati/vet ej,ingen sympati/vet ej,NO_SYMPATHY_OR_DONT_KNOW,no_sympathy,mp,MP,MP,parliamentary_party,0.0,0.0,observed,ME/ME0201/ME0201D/Nastbastaparti190
2014M05,2014-05-01,2014-05,ingen sympati/vet ej,ingen sympati/vet ej,NO_SYMPATHY_OR_DONT_KNOW,no_sympathy,s,S,S,parliamentary_party,0.0,0.0,observed,ME/ME0201/ME0201D/Nastbastaparti190
2014M05,2014-05-01,2014-05,ingen sympati/vet ej,ingen sympati/vet ej,NO_SYMPATHY_OR_DONT_KNOW,no_sympathy,v,V,V,parliamentary_party,0.0,0.0,observed,ME/ME0201/ME0201D/Nastbastaparti190
2014M05,2014-05-01,2014-05,ingen sympati/vet ej,ingen sympati/vet ej,NO_SYMPATHY_OR_DONT_KNOW,no_sympathy,vet ej,vet ej/uppgift saknas,DONT_KNOW,dont_know,100.0,0.0,observed,ME/ME0201/ME0201D/Nastbastaparti190
2014M05,2014-05-01,2014-05,ingen sympati/vet ej,ingen sympati/vet ej,NO_SYMPATHY_OR_DONT_KNOW,no_sympathy,övr,övriga,OTHER,other_party,0.0,0.0,observed,ME/ME0201/ME0201D/Nastbastaparti190
2014M05,2014-05-01,2014-05,kd,KD,KD,parliamentary_party,SD,SD,SD,parliamentary_party,,,suppressed,ME/ME0201/ME0201D/Nastbastaparti190
2014M05,2014-05-01,2014-05,kd,KD,KD,parliamentary_party,c,C,C,parliamentary_party,8.8,4.8,observed,ME/ME0201/ME0201D/Nastbastaparti190
2014M05,2014-05-01,2014-05,kd,KD,KD,parliamentary_party,inget parti,inget parti,NO_SECOND_CHOICE,no_second_choice,10.9,5.5,observed,ME/ME0201/ME0201D/Nastbastaparti190
2014M05,2014-05-01,2014-05,kd,KD,KD,parliamentary_party,kd,KD,KD,parliamentary_party,0.0,0.0,observed,ME/ME0201/ME0201D/Nastbastaparti190
2014M05,2014-05-01,2014-05,kd,KD,KD,parliamentary_party,l,L,L,parliamentary_party,15.4,6.1,observed,ME/ME0201/ME0201D/Nastbastaparti190
2014M05,2014-05-01,2014-05,kd,KD,KD,parliamentary_party,m,M,M,parliamentary_party,24.3,7.4,observed,ME/ME0201/ME0201D/Nastbastaparti190
2014M05,2014-05-01,2014-05,kd,KD,KD,parliamentary_party,mp,MP,MP,parliamentary_party,7.4,4.5,observed,ME/ME0201/ME0201D/Nastbastaparti190
2014M05,2014-05-01,2014-05,kd,KD,KD,parliamentary_party,s,S,S,parliamentary_party,10.9,5.6,observed,ME/ME0201/ME0201D/Nastbastaparti190
2014M05,2014-05-01,2014-05,kd,KD,KD,parliamentary_party,v,V,V,parliamentary_party,,,suppressed,ME/ME0201/ME0201D/Nastbastaparti190
2014M05,2014-05-01,2014-05,kd,KD,KD,parliamentary_party,vet ej,vet ej/uppgift saknas,DONT_KNOW,dont_know,16.9,6.8,observed,ME/ME0201/ME0201D/Nastbastaparti190
2014M05,2014-05-01,2014-05,kd,KD,KD,parliamentary_party,övr,övriga,OTHER,other_party,,,suppressed,ME/ME0201/ME0201D/Nastbastaparti190
2014M05,2014-05-01,2014-05,l,L,L,parliamentary_party,SD,SD,SD,parliamentary_party,,,suppressed,ME/ME0201/ME0201D/Nastbastaparti190
2014M05,2014-05-01,2014-05,l,L,L,parliamentary_party,c,C,C,parliamentary_party,8.7,3.9,observed,ME/ME0201/ME0201D/Nastbastaparti190
2014M05,2014-05-01,2014-05,l,L,L,parliamentary_party,inget parti,inget parti,NO_SECOND_CHOICE,no_second_choice,6.6,3.4,observed,ME/ME0201/ME0201D/Nastbastaparti190
2014M05,2014-05-01,2014-05,l,L,L,parliamentary_party,kd,KD,KD,parliamentary_party,6.2,3.4,observed,ME/ME0201/ME0201D/Nastbastaparti190
2014M05,2014-05-01,2014-05,l,L,L,parliamentary_party,l,L,L,parliamentary_party,0.0,0.0,observed,ME/ME0201/ME0201D/Nastbastaparti190
2014M05,2014-05-01,2014-05,l,L,L,parliamentary_party,m,M,M,parliamentary_party,41.1,6.7,observed,ME/ME0201/ME0201D/Nastbastaparti190
2014M05,2014-05-01,2014-05,l,L,L,parliamentary_party,mp,MP,MP,parliamentary_party,11.7,4.5,observed,ME/ME0201/ME0201D/Nastbastaparti190
2014M05,2014-05-01,2014-05,l,L,L,parliamentary_party,s,S,S,parliamentary_party,12.1,4.3,observed,ME/ME0201/ME0201D/Nastbastaparti190
2014M05,2014-05-01,2014-05,l,L,L,parliamentary_party,v,V,V,parliamentary_party,,,suppressed,ME/ME0201/ME0201D/Nastbastaparti190
2014M05,2014-05-01,2014-05,l,L,L,parliamentary_party,vet ej,vet ej/uppgift saknas,DONT_KNOW,dont_know,9.9,4.3,observed,ME/ME0201/ME0201D/Nastbastaparti190
2014M05,2014-05-01,2014-05,l,L,L,parliamentary_party,övr,övriga,OTHER,other_party,,,suppressed,ME/ME0201/ME0201D/Nastbastaparti190
2014M05,2014-05-01,2014-05,m,M,M,parliamentary_party,SD,SD,SD,parliamentary_party,5.0,1.5,observed,ME/ME0201/ME0201D/Nastbastaparti190
2014M05,2014-05-01,2014-05,m,M,M,parliamentary_party,c,C,C,parliamentary_party,7.9,1.8,observed,ME/ME0201/ME0201D/Nastbastaparti190
2014M05,2014-05-01,2014-05,m,M,M,parliamentary_party,inget parti,inget parti,NO_SECOND_CHOICE,no_second_choice,9.3,2.0,observed,ME/ME0201/ME0201D/Nastbastaparti190
2014M05,2014-05-01,2014-05,m,M,M,parliamentary_party,kd,KD,KD,parliamentary_party,8.6,1.9,observed,ME/ME0201/ME0201D/Nastbastaparti190
2014M05,2014-05-01,2014-05,m,M,M,parliamentary_party,l,L,L,parliamentary_party,34.0,3.0,observed,ME/ME0201/ME0201D/Nastbastaparti190
2014M05,2014-05-01,2014-05,m,M,M,parliamentary_party,m,M,M,parliamentary_party,0.0,0.0,observed,ME/ME0201/ME0201D/Nastbastaparti190
2014M05,2014-05-01,2014-05,m,M,M,parliamentary_party,mp,MP,MP,parliamentary_party,5.2,1.4,observed,ME/ME0201/ME0201D/Nastbastaparti190
2014M05,2014-05-01,2014-05,m,M,M,parliamentary_party,s,S,S,parliamentary_party,10.3,2.0,observed,ME/ME0201/ME0201D/Nastbastaparti190
2014M05,2014-05-01,2014-05,m,M,M,parliamentary_party,v,V,V,parliamentary_party,0.8,0.7,observed,ME/ME0201/ME0201D/Nastbastaparti190
2014M05,2014-05-01,2014-05,m,M,M,parliamentary_party,vet ej,vet ej/uppgift saknas,DONT_KNOW,dont_know,17.7,2.6,observed,ME/ME0201/ME0201D/Nastbastaparti190
2014M05,2014-05-01,2014-05,m,M,M,parliamentary_party,övr,övriga,OTHER,other_party,1.2,0.7,observed,ME/ME0201/ME0201D/Nastbastaparti190
2014M05,2014-05-01,2014-05,mp,MP,MP,parliamentary_party,SD,SD,SD,parliamentary_party,,,suppressed,ME/ME0201/ME0201D/Nastbastaparti190
2014M05,2014-05-01,2014-05,mp,MP,MP,parliamentary_party,c,C,C,parliamentary_party,3.5,2.2,observed,ME/ME0201/ME0201D/Nastbastaparti190
2014M05,2014-05-01,2014-05,mp,MP,MP,parliamentary_party,inget parti,inget parti,NO_SECOND_CHOICE,no_second_choice,6.4,2.9,observed,ME/ME0201/ME0201D/Nastbastaparti190
2014M05,2014-05-01,2014-05,mp,MP,MP,parliamentary_party,kd,KD,KD,parliamentary_party,,,suppressed,ME/ME0201/ME0201D/Nastbastaparti190
2014M05,2014-05-01,2014-05,mp,MP,MP,parliamentary_party,l,L,L,parliamentary_party,3.5,1.9,observed,ME/ME0201/ME0201D/Nastbastaparti190
2014M05,2014-05-01,2014-05,mp,MP,MP,parliamentary_party,m,M,M,parliamentary_party,4.8,2.5,observed,ME/ME0201/ME0201D/Nastbastaparti190
2014M05,2014-05-01,2014-05,mp,MP,MP,parliamentary_party,mp,MP,MP,parliamentary_party,0.0,0.0,observed,ME/ME0201/ME0201D/Nastbastaparti190
2014M05,2014-05-01,2014-05,mp,MP,MP,parliamentary_party,s,S,S,parliamentary_party,38.3,5.6,observed,ME/ME0201/ME0201D/Nastbastaparti190
2014M05,2014-05-01,2014-05,mp,MP,MP,parliamentary_party,v,V,V,parliamentary_party,17.6,4.0,observed,ME/ME0201/ME0201D/Nastbastaparti190
2014M05,2014-05-01,2014-05,mp,MP,MP,parliamentary_party,vet ej,vet ej/uppgift saknas,DONT_KNOW,dont_know,11.8,3.7,observed,ME/ME0201/ME0201D/Nastbastaparti190
2014M05,2014-05-01,2014-05,mp,MP,MP,parliamentary_party,övr,övriga,OTHER,other_party,12.5,3.7,observed,ME/ME0201/ME0201D/Nastbastaparti190
2014M05,2014-05-01,2014-05,s,S,S,parliamentary_party,SD,SD,SD,parliamentary_party,3.7,1.1,observed,ME/ME0201/ME0201D/Nastbastaparti190
2014M05,2014-05-01,2014-05,s,S,S,parliamentary_party,c,C,C,parliamentary_party,2.4,0.8,observed,ME/ME0201/ME0201D/Nastbastaparti190
2014M05,2014-05-01,2014-05,s,S,S,parliamentary_party,inget parti,inget parti,NO_SECOND_CHOICE,no_second_choice,13.6,1.9,observed,ME/ME0201/ME0201D/Nastbastaparti190
2014M05,2014-05-01,2014-05,s,S,S,parliamentary_party,kd,KD,KD,parliamentary_party,1.2,0.5,observed,ME/ME0201/ME0201D/Nastbastaparti190
2014M05,2014-05-01,2014-05,s,S,S,parliamentary_party,l,L,L,parliamentary_party,4.9,1.1,observed,ME/ME0201/ME0201D/Nastbastaparti190
2014M05,2014-05-01,2014-05,s,S,S,parliamentary_party,m,M,M,parliamentary_party,7.9,1.5,observed,ME/ME0201/ME0201D/Nastbastaparti190
2014M05,2014-05-01,2014-05,s,S,S,parliamentary_party,mp,MP,MP,parliamentary_party,20.6,2.2,observed,ME/ME0201/ME0201D/Nastbastaparti190
2014M05,2014-05-01,2014-05,s,S,S,parliamentary_party,s,S,S,parliamentary_party,0.0,0.0,observed,ME/ME0201/ME0201D/Nastbastaparti190
2014M05,2014-05-01,2014-05,s,S,S,parliamentary_party,v,V,V,parliamentary_party,23.4,2.2,observed,ME/ME0201/ME0201D/Nastbastaparti190
2014M05,2014-05-01,2014-05,s,S,S,parliamentary_party,vet ej,vet ej/uppgift saknas,DONT_KNOW,dont_know,20.1,2.3,observed,ME/ME0201/ME0201D/Nastbastaparti190
2014M05,2014-05-01,2014-05,s,S,S,parliamentary_party,övr,övriga,OTHER,other_party,2.2,0.8,observed,ME/ME0201/ME0201D/Nastbastaparti190
2014M05,2014-05-01,2014-05,v,V,V,parliamentary_party,SD,SD,SD,parliamentary_party,3.7,2.5,observed,ME/ME0201/ME0201D/Nastbastaparti190
2014M05,2014-05-01,2014-05,v,V,V,parliamentary_party,c,C,C,parliamentary_party,,,suppressed,ME/ME0201/ME0201D/Nastbastaparti190
2014M05,2014-05-01,2014-05,v,V,V,parliamentary_party,inget parti,inget parti,NO_SECOND_CHOICE,no_second_choice,3.4,2.0,observed,ME/ME0201/ME0201D/Nastbastaparti190
2014M05,2014-05-01,2014-05,v,V,V,parliamentary_party,kd,KD,KD,parliamentary_party,,,suppressed,ME/ME0201/ME0201D/Nastbastaparti190
2014M05,2014-05-01,2014-05,v,V,V,parliamentary_party,l,L,L,parliamentary_party,,,suppressed,ME/ME0201/ME0201D/Nastbastaparti190
2014M05,2014-05-01,2014-05,v,V,V,parliamentary_party,m,M,M,parliamentary_party,,,suppressed,ME/ME0201/ME0201D/Nastbastaparti190
2014M05,2014-05-01,2014-05,v,V,V,parliamentary_party,mp,MP,MP,parliamentary_party,30.4,5.0,observed,ME/ME0201/ME0201D/Nastbastaparti190
2014M05,2014-05-01,2014-05,v,V,V,parliamentary_party,s,S,S,parliamentary_party,40.0,5.5,observed,ME/ME0201/ME0201D/Nastbastaparti190
2014M05,2014-05-01,2014-05,v,V,V,parliamentary_party,v,V,V,parliamentary_party,0.0,0.0,observed,ME/ME0201/ME0201D/Nastbastaparti190
2014M05,2014-05-01,2014-05,v,V,V,parliamentary_party,vet ej,vet ej/uppgift saknas,DONT_KNOW,dont_know,6.4,3.1,observed,ME/ME0201/ME0201D/Nastbastaparti190
2014M05,2014-05-01,2014-05,v,V,V,parliamentary_party,övr,övriga,OTHER,other_party,12.9,3.6,observed,ME/ME0201/ME0201D/Nastbastaparti190
2014M05,2014-05-01,2014-05,övr,övriga,OTHER,other_party,SD,SD,SD,parliamentary_party,,,suppressed,ME/ME0201/ME0201D/Nastbastaparti190
2014M05,2014-05-01,2014-05,övr,övriga,OTHER,other_party,c,C,C,parliamentary_party,,,suppressed,ME/ME0201/ME0201D/Nastbastaparti190
2014M05,2014-05-01,2014-05,övr,övriga,OTHER,other_party,inget parti,inget parti,NO_SECOND_CHOICE,no_second_choice,10.9,5.4,observed,ME/ME0201/ME0201D/Nastbastaparti190
2014M05,2014-05-01,2014-05,övr,övriga,OTHER,other_party,kd,KD,KD,parliamentary_party,,,suppressed,ME/ME0201/ME0201D/Nastbastaparti190
2014M05,2014-05-01,2014-05,övr,övriga,OTHER,other_party,l,L,L,parliamentary_party,6.6,4.7,observed,ME/ME0201/ME0201D/Nastbastaparti190
2014M05,2014-05-01,2014-05,övr,övriga,OTHER,other_party,m,M,M,parliamentary_party,5.3,3.6,observed,ME/ME0201/ME0201D/Nastbastaparti190
2014M05,2014-05-01,2014-05,övr,övriga,OTHER,other_party,mp,MP,MP,parliamentary_party,22.1,6.7,observed,ME/ME0201/ME0201D/Nastbastaparti190
2014M05,2014-05-01,2014-05,övr,övriga,OTHER,other_party,s,S,S,parliamentary_party,12.9,5.6,observed,ME/ME0201/ME0201D/Nastbastaparti190
2014M05,2014-05-01,2014-05,övr,övriga,OTHER,other_party,v,V,V,parliamentary_party,23.6,6.8,observed,ME/ME0201/ME0201D/Nastbastaparti190
2014M05,2014-05-01,2014-05,övr,övriga,OTHER,other_party,vet ej,vet ej/uppgift saknas,DONT_KNOW,dont_know,9.5,5.0,observed,ME/ME0201/ME0201D/Nastbastaparti190
2014M05,2014-05-01,2014-05,övr,övriga,OTHER,other_party,övr,övriga,OTHER,other_party,2.7,2.6,observed,ME/ME0201/ME0201D/Nastbastaparti190
2014M11,2014-11-01,2014-11,SD,SD,SD,parliamentary_party,SD,SD,SD,parliamentary_party,0.0,0.0,observed,ME/ME0201/ME0201D/Nastbastaparti190
2014M11,2014-11-01,2014-11,SD,SD,SD,parliamentary_party,c,C,C,parliamentary_party,4.1,2.2,observed,ME/ME0201/ME0201D/Nastbastaparti190
2014M11,2014-11-01,2014-11,SD,SD,SD,parliamentary_party,inget parti,inget parti,NO_SECOND_CHOICE,no_second_choice,21.8,4.6,observed,ME/ME0201/ME0201D/Nastbastaparti190
2014M11,2014-11-01,2014-11,SD,SD,SD,parliamentary_party,kd,KD,KD,parliamentary_party,4.4,2.2,observed,ME/ME0201/ME0201D/Nastbastaparti190
2014M11,2014-11-01,2014-11,SD,SD,SD,parliamentary_party,l,L,L,parliamentary_party,4.2,2.1,observed,ME/ME0201/ME0201D/Nastbastaparti190
2014M11,2014-11-01,2014-11,SD,SD,SD,parliamentary_party,m,M,M,parliamentary_party,34.5,5.2,observed,ME/ME0201/ME0201D/Nastbastaparti190
2014M11,2014-11-01,2014-11,SD,SD,SD,parliamentary_party,mp,MP,MP,parliamentary_party,1.5,1.3,observed,ME/ME0201/ME0201D/Nastbastaparti190
2014M11,2014-11-01,2014-11,SD,SD,SD,parliamentary_party,s,S,S,parliamentary_party,17.3,4.1,observed,ME/ME0201/ME0201D/Nastbastaparti190
2014M11,2014-11-01,2014-11,SD,SD,SD,parliamentary_party,v,V,V,parliamentary_party,2.2,1.6,observed,ME/ME0201/ME0201D/Nastbastaparti190
2014M11,2014-11-01,2014-11,SD,SD,SD,parliamentary_party,vet ej,vet ej/uppgift saknas,DONT_KNOW,dont_know,9.1,3.2,observed,ME/ME0201/ME0201D/Nastbastaparti190
2014M11,2014-11-01,2014-11,SD,SD,SD,parliamentary_party,övr,övriga,OTHER,other_party,,,suppressed,ME/ME0201/ME0201D/Nastbastaparti190
2014M11,2014-11-01,2014-11,c,C,C,parliamentary_party,SD,SD,SD,parliamentary_party,6.0,2.9,observed,ME/ME0201/ME0201D/Nastbastaparti190
2014M11,2014-11-01,2014-11,c,C,C,parliamentary_party,c,C,C,parliamentary_party,0.0,0.0,observed,ME/ME0201/ME0201D/Nastbastaparti190
2014M11,2014-11-01,2014-11,c,C,C,parliamentary_party,inget parti,inget parti,NO_SECOND_CHOICE,no_second_choice,11.6,4.3,observed,ME/ME0201/ME0201D/Nastbastaparti190
2014M11,2014-11-01,2014-11,c,C,C,parliamentary_party,kd,KD,KD,parliamentary_party,6.6,2.7,observed,ME/ME0201/ME0201D/Nastbastaparti190
2014M11,2014-11-01,2014-11,c,C,C,parliamentary_party,l,L,L,parliamentary_party,16.4,4.2,observed,ME/ME0201/ME0201D/Nastbastaparti190
2014M11,2014-11-01,2014-11,c,C,C,parliamentary_party,m,M,M,parliamentary_party,37.4,5.7,observed,ME/ME0201/ME0201D/Nastbastaparti190
2014M11,2014-11-01,2014-11,c,C,C,parliamentary_party,mp,MP,MP,parliamentary_party,5.2,2.7,observed,ME/ME0201/ME0201D/Nastbastaparti190
2014M11,2014-11-01,2014-11,c,C,C,parliamentary_party,s,S,S,parliamentary_party,4.5,2.3,observed,ME/ME0201/ME0201D/Nastbastaparti190
2014M11,2014-11-01,2014-11,c,C,C,parliamentary_party,v,V,V,parliamentary_party,,,suppressed,ME/ME0201/ME0201D/Nastbastaparti190
2014M11,2014-11-01,2014-11,c,C,C,parliamentary_party,vet ej,vet ej/uppgift saknas,DONT_KNOW,dont_know,9.6,3.6,observed,ME/ME0201/ME0201D/Nastbastaparti190
2014M11,2014-11-01,2014-11,c,C,C,parliamentary_party,övr,övriga,OTHER,other_party,1.8,1.5,observed,ME/ME0201/ME0201D/Nastbastaparti190
2014M11,2014-11-01,2014-11,hela väljarkåren,hela väljarkåren,TOTAL_ELECTORATE,total_electorate,SD,SD,SD,parliamentary_party,3.7,0.6,observed,ME/ME0201/ME0201D/Nastbastaparti190
2014M11,2014-11-01,2014-11,hela väljarkåren,hela väljarkåren,TOTAL_ELECTORATE,total_electorate,c,C,C,parliamentary_party,6.6,0.7,observed,ME/ME0201/ME0201D/Nastbastaparti190
2014M11,2014-11-01,2014-11,hela väljarkåren,hela väljarkåren,TOTAL_ELECTORATE,total_electorate,inget parti,inget parti,NO_SECOND_CHOICE,no_second_choice,11.4,1.0,observed,ME/ME0201/ME0201D/Nastbastaparti190
2014M11,2014-11-01,2014-11,hela väljarkåren,hela väljarkåren,TOTAL_ELECTORATE,total_electorate,kd,KD,KD,parliamentary_party,3.3,0.5,observed,ME/ME0201/ME0201D/Nastbastaparti190
2014M11,2014-11-01,2014-11,hela väljarkåren,hela väljarkåren,TOTAL_ELECTORATE,total_electorate,l,L,L,parliamentary_party,10.4,0.8,observed,ME/ME0201/ME0201D/Nastbastaparti190
2014M11,2014-11-01,2014-11,hela väljarkåren,hela väljarkåren,TOTAL_ELECTORATE,total_electorate,m,M,M,parliamentary_party,11.3,0.9,observed,ME/ME0201/ME0201D/Nastbastaparti190
2014M11,2014-11-01,2014-11,hela väljarkåren,hela väljarkåren,TOTAL_ELECTORATE,total_electorate,mp,MP,MP,parliamentary_party,9.8,0.8,observed,ME/ME0201/ME0201D/Nastbastaparti190
2014M11,2014-11-01,2014-11,hela väljarkåren,hela väljarkåren,TOTAL_ELECTORATE,total_electorate,s,S,S,parliamentary_party,9.0,0.8,observed,ME/ME0201/ME0201D/Nastbastaparti190
2014M11,2014-11-01,2014-11,hela väljarkåren,hela väljarkåren,TOTAL_ELECTORATE,total_electorate,v,V,V,parliamentary_party,7.8,0.7,observed,ME/ME0201/ME0201D/Nastbastaparti190
2014M11,2014-11-01,2014-11,hela väljarkåren,hela väljarkåren,TOTAL_ELECTORATE,total_electorate,vet ej,vet ej/uppgift saknas,DONT_KNOW,dont_know,24.5,1.3,observed,ME/ME0201/ME0201D/Nastbastaparti190
2014M11,2014-11-01,2014-11,hela väljarkåren,hela väljarkåren,TOTAL_ELECTORATE,total_electorate,övr,övriga,OTHER,other_party,2.2,0.4,observed,ME/ME0201/ME0201D/Nastbastaparti190
2014M11,2014-11-01,2014-11,ingen sympati/vet ej,ingen sympati/vet ej,NO_SYMPATHY_OR_DONT_KNOW,no_sympathy,SD,SD,SD,parliamentary_party,0.0,0.0,observed,ME/ME0201/ME0201D/Nastbastaparti190
2014M11,2014-11-01,2014-11,ingen sympati/vet ej,ingen sympati/vet ej,NO_SYMPATHY_OR_DONT_KNOW,no_sympathy,c,C,C,parliamentary_party,0.0,0.0,observed,ME/ME0201/ME0201D/Nastbastaparti190
2014M11,2014-11-01,2014-11,ingen sympati/vet ej,ingen sympati/vet ej,NO_SYMPATHY_OR_DONT_KNOW,no_sympathy,inget parti,inget parti,NO_SECOND_CHOICE,no_second_choice,,,suppressed,ME/ME0201/ME0201D/Nastbastaparti190
2014M11,2014-11-01,2014-11,ingen sympati/vet ej,ingen sympati/vet ej,NO_SYMPATHY_OR_DONT_KNOW,no_sympathy,kd,KD,KD,parliamentary_party,0.0,0.0,observed,ME/ME0201/ME0201D/Nastbastaparti190
2014M11,2014-11-01,2014-11,ingen sympati/vet ej,ingen sympati/vet ej,NO_SYMPATHY_OR_DONT_KNOW,no_sympathy,l,L,L,parliamentary_party,0.0,0.0,observed,ME/ME0201/ME0201D/Nastbastaparti190
2014M11,2014-11-01,2014-11,ingen sympati/vet ej,ingen sympati/vet ej,NO_SYMPATHY_OR_DONT_KNOW,no_sympathy,m,M,M,parliamentary_party,0.0,0.0,observed,ME/ME0201/ME0201D/Nastbastaparti190
2014M11,2014-11-01,2014-11,ingen sympati/vet ej,ingen sympati/vet ej,NO_SYMPATHY_OR_DONT_KNOW,no_sympathy,mp,MP,MP,parliamentary_party,0.0,0.0,observed,ME/ME0201/ME0201D/Nastbastaparti190
2014M11,2014-11-01,2014-11,ingen sympati/vet ej,ingen sympati/vet ej,NO_SYMPATHY_OR_DONT_KNOW,no_sympathy,s,S,S,parliamentary_party,0.0,0.0,observed,ME/ME0201/ME0201D/Nastbastaparti190
2014M11,2014-11-01,2014-11,ingen sympati/vet ej,ingen sympati/vet ej,NO_SYMPATHY_OR_DONT_KNOW,no_sympathy,v,V,V,parliamentary_party,0.0,0.0,observed,ME/ME0201/ME0201D/Nastbastaparti190
2014M11,2014-11-01,2014-11,ingen sympati/vet ej,ingen sympati/vet ej,NO_SYMPATHY_OR_DONT_KNOW,no_sympathy,vet ej,vet ej/uppgift saknas,DONT_KNOW,dont_know,99.7,0.6,observed,ME/ME0201/ME0201D/Nastbastaparti190
2014M11,2014-11-01,2014-11,ingen sympati/vet ej,ingen sympati/vet ej,NO_SYMPATHY_OR_DONT_KNOW,no_sympathy,övr,övriga,OTHER,other_party,0.0,0.0,observed,ME/ME0201/ME0201D/Nastbastaparti190
2014M11,2014-11-01,2014-11,kd,KD,KD,parliamentary_party,SD,SD,SD,parliamentary_party,4.8,3.9,observed,ME/ME0201/ME0201D/Nastbastaparti190
2014M11,2014-11-01,2014-11,kd,KD,KD,parliamentary_party,c,C,C,parliamentary_party,11.9,4.8,observed,ME/ME0201/ME0201D/Nastbastaparti190
2014M11,2014-11-01,2014-11,kd,KD,KD,parliamentary_party,inget parti,inget parti,NO_SECOND_CHOICE,no_second_choice,5.0,3.9,observed,ME/ME0201/ME0201D/Nastbastaparti190
2014M11,2014-11-01,2014-11,kd,KD,KD,parliamentary_party,kd,KD,KD,parliamentary_party,0.0,0.0,observed,ME/ME0201/ME0201D/Nastbastaparti190
2014M11,2014-11-01,2014-11,kd,KD,KD,parliamentary_party,l,L,L,parliamentary_party,18.2,5.9,observed,ME/ME0201/ME0201D/Nastbastaparti190
2014M11,2014-11-01,2014-11,kd,KD,KD,parliamentary_party,m,M,M,parliamentary_party,37.7,7.3,observed,ME/ME0201/ME0201D/Nastbastaparti190
2014M11,2014-11-01,2014-11,kd,KD,KD,parliamentary_party,mp,MP,MP,parliamentary_party,4.8,3.3,observed,ME/ME0201/ME0201D/Nastbastaparti190
2014M11,2014-11-01,2014-11,kd,KD,KD,parliamentary_party,s,S,S,parliamentary_party,6.0,3.5,observed,ME/ME0201/ME0201D/Nastbastaparti190
2014M11,2014-11-01,2014-11,kd,KD,KD,parliamentary_party,v,V,V,parliamentary_party,0.0,0.0,observed,ME/ME0201/ME0201D/Nastbastaparti190
2014M11,2014-11-01,2014-11,kd,KD,KD,parliamentary_party,vet ej,vet ej/uppgift saknas,DONT_KNOW,dont_know,11.8,5.1,observed,ME/ME0201/ME0201D/Nastbastaparti190
2014M11,2014-11-01,2014-11,kd,KD,KD,parliamentary_party,övr,övriga,OTHER,other_party,0.0,0.0,observed,ME/ME0201/ME0201D/Nastbastaparti190
2014M11,2014-11-01,2014-11,l,L,L,parliamentary_party,SD,SD,SD,parliamentary_party,1.5,1.5,observed,ME/ME0201/ME0201D/Nastbastaparti190
2014M11,2014-11-01,2014-11,l,L,L,parliamentary_party,c,C,C,parliamentary_party,11.5,3.5,observed,ME/ME0201/ME0201D/Nastbastaparti190
2014M11,2014-11-01,2014-11,l,L,L,parliamentary_party,inget parti,inget parti,NO_SECOND_CHOICE,no_second_choice,10.1,4.0,observed,ME/ME0201/ME0201D/Nastbastaparti190
2014M11,2014-11-01,2014-11,l,L,L,parliamentary_party,kd,KD,KD,parliamentary_party,9.9,3.4,observed,ME/ME0201/ME0201D/Nastbastaparti190
2014M11,2014-11-01,2014-11,l,L,L,parliamentary_party,l,L,L,parliamentary_party,0.0,0.0,observed,ME/ME0201/ME0201D/Nastbastaparti190
2014M11,2014-11-01,2014-11,l,L,L,parliamentary_party,m,M,M,parliamentary_party,49.7,5.8,observed,ME/ME0201/ME0201D/Nastbastaparti190
2014M11,2014-11-01,2014-11,l,L,L,parliamentary_party,mp,MP,MP,parliamentary_party,4.3,2.2,observed,ME/ME0201/ME0201D/Nastbastaparti190
2014M11,2014-11-01,2014-11,l,L,L,parliamentary_party,s,S,S,parliamentary_party,8.9,3.2,observed,ME/ME0201/ME0201D/Nastbastaparti190
2014M11,2014-11-01,2014-11,l,L,L,parliamentary_party,v,V,V,parliamentary_party,,,suppressed,ME/ME0201/ME0201D/Nastbastaparti190
2014M11,2014-11-01,2014-11,l,L,L,parliamentary_party,vet ej,vet ej/uppgift saknas,DONT_KNOW,dont_know,3.4,2.0,observed,ME/ME0201/ME0201D/Nastbastaparti190
2014M11,2014-11-01,2014-11,l,L,L,parliamentary_party,övr,övriga,OTHER,other_party,,,suppressed,ME/ME0201/ME0201D/Nastbastaparti190
2014M11,2014-11-01,2014-11,m,M,M,parliamentary_party,SD,SD,SD,parliamentary_party,7.4,1.7,observed,ME/ME0201/ME0201D/Nastbastaparti190
2014M11,2014-11-01,2014-11,m,M,M,parliamentary_party,c,C,C,parliamentary_party,17.4,2.2,observed,ME/ME0201/ME0201D/Nastbastaparti190
2014M11,2014-11-01,2014-11,m,M,M,parliamentary_party,inget parti,inget parti,NO_SECOND_CHOICE,no_second_choice,13.3,2.1,observed,ME/ME0201/ME0201D/Nastbastaparti190
2014M11,2014-11-01,2014-11,m,M,M,parliamentary_party,kd,KD,KD,parliamentary_party,8.3,1.7,observed,ME/ME0201/ME0201D/Nastbastaparti190
2014M11,2014-11-01,2014-11,m,M,M,parliamentary_party,l,L,L,parliamentary_party,31.2,2.8,observed,ME/ME0201/ME0201D/Nastbastaparti190
2014M11,2014-11-01,2014-11,m,M,M,parliamentary_party,m,M,M,parliamentary_party,0.0,0.0,observed,ME/ME0201/ME0201D/Nastbastaparti190
2014M11,2014-11-01,2014-11,m,M,M,parliamentary_party,mp,MP,MP,parliamentary_party,4.4,1.4,observed,ME/ME0201/ME0201D/Nastbastaparti190
2014M11,2014-11-01,2014-11,m,M,M,parliamentary_party,s,S,S,parliamentary_party,7.6,1.6,observed,ME/ME0201/ME0201D/Nastbastaparti190
2014M11,2014-11-01,2014-11,m,M,M,parliamentary_party,v,V,V,parliamentary_party,0.6,0.6,observed,ME/ME0201/ME0201D/Nastbastaparti190
2014M11,2014-11-01,2014-11,m,M,M,parliamentary_party,vet ej,vet ej/uppgift saknas,DONT_KNOW,dont_know,9.5,1.9,observed,ME/ME0201/ME0201D/Nastbastaparti190
2014M11,2014-11-01,2014-11,m,M,M,parliamentary_party,övr,övriga,OTHER,other_party,0.4,0.4,observed,ME/ME0201/ME0201D/Nastbastaparti190
2014M11,2014-11-01,2014-11,mp,MP,MP,parliamentary_party,SD,SD,SD,parliamentary_party,,,suppressed,ME/ME0201/ME0201D/Nastbastaparti190
2014M11,2014-11-01,2014-11,mp,MP,MP,parliamentary_party,c,C,C,parliamentary_party,8.2,3.1,observed,ME/ME0201/ME0201D/Nastbastaparti190
2014M11,2014-11-01,2014-11,mp,MP,MP,parliamentary_party,inget parti,inget parti,NO_SECOND_CHOICE,no_second_choice,9.1,3.4,observed,ME/ME0201/ME0201D/Nastbastaparti190
2014M11,2014-11-01,2014-11,mp,MP,MP,parliamentary_party,kd,KD,KD,parliamentary_party,1.1,1.1,observed,ME/ME0201/ME0201D/Nastbastaparti190
2014M11,2014-11-01,2014-11,mp,MP,MP,parliamentary_party,l,L,L,parliamentary_party,3.8,2.0,observed,ME/ME0201/ME0201D/Nastbastaparti190
2014M11,2014-11-01,2014-11,mp,MP,MP,parliamentary_party,m,M,M,parliamentary_party,3.3,2.2,observed,ME/ME0201/ME0201D/Nastbastaparti190
2014M11,2014-11-01,2014-11,mp,MP,MP,parliamentary_party,mp,MP,MP,parliamentary_party,0.0,0.0,observed,ME/ME0201/ME0201D/Nastbastaparti190
2014M11,2014-11-01,2014-11,mp,MP,MP,parliamentary_party,s,S,S,parliamentary_party,36.2,5.3,observed,ME/ME0201/ME0201D/Nastbastaparti190
2014M11,2014-11-01,2014-11,mp,MP,MP,parliamentary_party,v,V,V,parliamentary_party,15.3,3.8,observed,ME/ME0201/ME0201D/Nastbastaparti190
2014M11,2014-11-01,2014-11,mp,MP,MP,parliamentary_party,vet ej,vet ej/uppgift saknas,DONT_KNOW,dont_know,9.9,3.4,observed,ME/ME0201/ME0201D/Nastbastaparti190
2014M11,2014-11-01,2014-11,mp,MP,MP,parliamentary_party,övr,övriga,OTHER,other_party,11.9,3.5,observed,ME/ME0201/ME0201D/Nastbastaparti190
2014M11,2014-11-01,2014-11,s,S,S,parliamentary_party,SD,SD,SD,parliamentary_party,5.0,1.3,observed,ME/ME0201/ME0201D/Nastbastaparti190
2014M11,2014-11-01,2014-11,s,S,S,parliamentary_party,c,C,C,parliamentary_party,4.0,1.1,observed,ME/ME0201/ME0201D/Nastbastaparti190
2014M11,2014-11-01,2014-11,s,S,S,parliamentary_party,inget parti,inget parti,NO_SECOND_CHOICE,no_second_choice,15.0,2.0,observed,ME/ME0201/ME0201D/Nastbastaparti190
2014M11,2014-11-01,2014-11,s,S,S,parliamentary_party,kd,KD,KD,parliamentary_party,0.8,0.5,observed,ME/ME0201/ME0201D/Nastbastaparti190
2014M11,2014-11-01,2014-11,s,S,S,parliamentary_party,l,L,L,parliamentary_party,6.3,1.3,observed,ME/ME0201/ME0201D/Nastbastaparti190
2014M11,2014-11-01,2014-11,s,S,S,parliamentary_party,m,M,M,parliamentary_party,9.1,1.7,observed,ME/ME0201/ME0201D/Nastbastaparti190
2014M11,2014-11-01,2014-11,s,S,S,parliamentary_party,mp,MP,MP,parliamentary_party,22.7,2.3,observed,ME/ME0201/ME0201D/Nastbastaparti190
2014M11,2014-11-01,2014-11,s,S,S,parliamentary_party,s,S,S,parliamentary_party,0.0,0.0,observed,ME/ME0201/ME0201D/Nastbastaparti190
2014M11,2014-11-01,2014-11,s,S,S,parliamentary_party,v,V,V,parliamentary_party,20.7,2.2,observed,ME/ME0201/ME0201D/Nastbastaparti190
2014M11,2014-11-01,2014-11,s,S,S,parliamentary_party,vet ej,vet ej/uppgift saknas,DONT_KNOW,dont_know,15.2,2.1,observed,ME/ME0201/ME0201D/Nastbastaparti190
2014M11,2014-11-01,2014-11,s,S,S,parliamentary_party,övr,övriga,OTHER,other_party,1.2,0.6,observed,ME/ME0201/ME0201D/Nastbastaparti190
2014M11,2014-11-01,2014-11,v,V,V,parliamentary_party,SD,SD,SD,parliamentary_party,2.8,2.5,observed,ME/ME0201/ME0201D/Nastbastaparti190
2014M11,2014-11-01,2014-11,v,V,V,parliamentary_party,c,C,C,parliamentary_party,,,suppressed,ME/ME0201/ME0201D/Nastbastaparti190
2014M11,2014-11-01,2014-11,v,V,V,parliamentary_party,inget parti,inget parti,NO_SECOND_CHOICE,no_second_choice,4.8,2.7,observed,ME/ME0201/ME0201D/Nastbastaparti190
2014M11,2014-11-01,2014-11,v,V,V,parliamentary_party,kd,KD,KD,parliamentary_party,,,suppressed,ME/ME0201/ME0201D/Nastbastaparti190
2014M11,2014-11-01,2014-11,v,V,V,parliamentary_party,l,L,L,parliamentary_party,,,suppressed,ME/ME0201/ME0201D/Nastbastaparti190
2014M11,2014-11-01,2014-11,v,V,V,parliamentary_party,m,M,M,parliamentary_party,0.0,0.0,observed,ME/ME0201/ME0201D/Nastbastaparti190
2014M11,2014-11-01,2014-11,v,V,V,parliamentary_party,mp,MP,MP,parliamentary_party,25.3,5.2,observed,ME/ME0201/ME0201D/Nastbastaparti190
2014M11,2014-11-01,2014-11,v,V,V,parliamentary_party,s,S,S,parliamentary_party,47.6,6.0,observed,ME/ME0201/ME0201D/Nastbastaparti190
2014M11,2014-11-01,2014-11,v,V,V,parliamentary_party,v,V,V,parliamentary_party,0.0,0.0,observed,ME/ME0201/ME0201D/Nastbastaparti190
2014M11,2014-11-01,2014-11,v,V,V,parliamentary_party,vet ej,vet ej/uppgift saknas,DONT_KNOW,dont_know,3.4,2.1,observed,ME/ME0201/ME0201D/Nastbastaparti190
2014M11,2014-11-01,2014-11,v,V,V,parliamentary_party,övr,övriga,OTHER,other_party,14.8,4.3,observed,ME/ME0201/ME0201D/Nastbastaparti190
2014M11,2014-11-01,2014-11,övr,övriga,OTHER,other_party,SD,SD,SD,parliamentary_party,,,suppressed,ME/ME0201/ME0201D/Nastbastaparti190
2014M11,2014-11-01,2014-11,övr,övriga,OTHER,other_party,c,C,C,parliamentary_party,0.0,0.0,observed,ME/ME0201/ME0201D/Nastbastaparti190
2014M11,2014-11-01,2014-11,övr,övriga,OTHER,other_party,inget parti,inget parti,NO_SECOND_CHOICE,no_second_choice,15.9,8.0,observed,ME/ME0201/ME0201D/Nastbastaparti190
2014M11,2014-11-01,2014-11,övr,övriga,OTHER,other_party,kd,KD,KD,parliamentary_party,,,suppressed,ME/ME0201/ME0201D/Nastbastaparti190
2014M11,2014-11-01,2014-11,övr,övriga,OTHER,other_party,l,L,L,parliamentary_party,3.6,3.2,observed,ME/ME0201/ME0201D/Nastbastaparti190
2014M11,2014-11-01,2014-11,övr,övriga,OTHER,other_party,m,M,M,parliamentary_party,3.6,3.2,observed,ME/ME0201/ME0201D/Nastbastaparti190
2014M11,2014-11-01,2014-11,övr,övriga,OTHER,other_party,mp,MP,MP,parliamentary_party,21.2,7.4,observed,ME/ME0201/ME0201D/Nastbastaparti190
2014M11,2014-11-01,2014-11,övr,övriga,OTHER,other_party,s,S,S,parliamentary_party,10.7,5.5,observed,ME/ME0201/ME0201D/Nastbastaparti190
2014M11,2014-11-01,2014-11,övr,övriga,OTHER,other_party,v,V,V,parliamentary_party,28.0,8.0,observed,ME/ME0201/ME0201D/Nastbastaparti190
2014M11,2014-11-01,2014-11,övr,övriga,OTHER,other_party,vet ej,vet ej/uppgift saknas,DONT_KNOW,dont_know,9.1,7.0,observed,ME/ME0201/ME0201D/Nastbastaparti190
2014M11,2014-11-01,2014-11,övr,övriga,OTHER,other_party,övr,övriga,OTHER,other_party,2.9,2.8,observed,ME/ME0201/ME0201D/Nastbastaparti190
2015M05,2015-05-01,2015-05,SD,SD,SD,parliamentary_party,SD,SD,SD,parliamentary_party,0.0,0.0,observed,ME/ME0201/ME0201D/Nastbastaparti190
2015M05,2015-05-01,2015-05,SD,SD,SD,parliamentary_party,c,C,C,parliamentary_party,3.9,1.7,observed,ME/ME0201/ME0201D/Nastbastaparti190
2015M05,2015-05-01,2015-05,SD,SD,SD,parliamentary_party,inget parti,inget parti,NO_SECOND_CHOICE,no_second_choice,19.1,3.7,observed,ME/ME0201/ME0201D/Nastbastaparti190
2015M05,2015-05-01,2015-05,SD,SD,SD,parliamentary_party,kd,KD,KD,parliamentary_party,7.4,2.3,observed,ME/ME0201/ME0201D/Nastbastaparti190
2015M05,2015-05-01,2015-05,SD,SD,SD,parliamentary_party,l,L,L,parliamentary_party,4.5,1.9,observed,ME/ME0201/ME0201D/Nastbastaparti190
2015M05,2015-05-01,2015-05,SD,SD,SD,parliamentary_party,m,M,M,parliamentary_party,34.4,4.2,observed,ME/ME0201/ME0201D/Nastbastaparti190
2015M05,2015-05-01,2015-05,SD,SD,SD,parliamentary_party,mp,MP,MP,parliamentary_party,,,suppressed,ME/ME0201/ME0201D/Nastbastaparti190
2015M05,2015-05-01,2015-05,SD,SD,SD,parliamentary_party,s,S,S,parliamentary_party,14.5,3.1,observed,ME/ME0201/ME0201D/Nastbastaparti190
2015M05,2015-05-01,2015-05,SD,SD,SD,parliamentary_party,v,V,V,parliamentary_party,3.7,1.7,observed,ME/ME0201/ME0201D/Nastbastaparti190
2015M05,2015-05-01,2015-05,SD,SD,SD,parliamentary_party,vet ej,vet ej/uppgift saknas,DONT_KNOW,dont_know,11.0,2.9,observed,ME/ME0201/ME0201D/Nastbastaparti190
2015M05,2015-05-01,2015-05,SD,SD,SD,parliamentary_party,övr,övriga,OTHER,other_party,0.8,0.8,observed,ME/ME0201/ME0201D/Nastbastaparti190
2015M05,2015-05-01,2015-05,c,C,C,parliamentary_party,SD,SD,SD,parliamentary_party,2.5,1.8,observed,ME/ME0201/ME0201D/Nastbastaparti190
2015M05,2015-05-01,2015-05,c,C,C,parliamentary_party,c,C,C,parliamentary_party,0.0,0.0,observed,ME/ME0201/ME0201D/Nastbastaparti190
2015M05,2015-05-01,2015-05,c,C,C,parliamentary_party,inget parti,inget parti,NO_SECOND_CHOICE,no_second_choice,9.6,3.8,observed,ME/ME0201/ME0201D/Nastbastaparti190
2015M05,2015-05-01,2015-05,c,C,C,parliamentary_party,kd,KD,KD,parliamentary_party,6.9,2.8,observed,ME/ME0201/ME0201D/Nastbastaparti190
2015M05,2015-05-01,2015-05,c,C,C,parliamentary_party,l,L,L,parliamentary_party,15.2,4.4,observed,ME/ME0201/ME0201D/Nastbastaparti190
2015M05,2015-05-01,2015-05,c,C,C,parliamentary_party,m,M,M,parliamentary_party,40.8,5.7,observed,ME/ME0201/ME0201D/Nastbastaparti190
2015M05,2015-05-01,2015-05,c,C,C,parliamentary_party,mp,MP,MP,parliamentary_party,6.9,2.8,observed,ME/ME0201/ME0201D/Nastbastaparti190
2015M05,2015-05-01,2015-05,c,C,C,parliamentary_party,s,S,S,parliamentary_party,6.9,3.2,observed,ME/ME0201/ME0201D/Nastbastaparti190
2015M05,2015-05-01,2015-05,c,C,C,parliamentary_party,v,V,V,parliamentary_party,,,suppressed,ME/ME0201/ME0201D/Nastbastaparti190
2015M05,2015-05-01,2015-05,c,C,C,parliamentary_party,vet ej,vet ej/uppgift saknas,DONT_KNOW,dont_know,9.7,3.5,observed,ME/ME0201/ME0201D/Nastbastaparti190
2015M05,2015-05-01,2015-05,c,C,C,parliamentary_party,övr,övriga,OTHER,other_party,,,suppressed,ME/ME0201/ME0201D/Nastbastaparti190
2015M05,2015-05-01,2015-05,hela väljarkåren,hela väljarkåren,TOTAL_ELECTORATE,total_electorate,SD,SD,SD,parliamentary_party,3.3,0.5,observed,ME/ME0201/ME0201D/Nastbastaparti190
2015M05,2015-05-01,2015-05,hela väljarkåren,hela väljarkåren,TOTAL_ELECTORATE,total_electorate,c,C,C,parliamentary_party,7.5,0.7,observed,ME/ME0201/ME0201D/Nastbastaparti190
2015M05,2015-05-01,2015-05,hela väljarkåren,hela väljarkåren,TOTAL_ELECTORATE,total_electorate,inget parti,inget parti,NO_SECOND_CHOICE,no_second_choice,11.1,0.9,observed,ME/ME0201/ME0201D/Nastbastaparti190
2015M05,2015-05-01,2015-05,hela väljarkåren,hela väljarkåren,TOTAL_ELECTORATE,total_electorate,kd,KD,KD,parliamentary_party,3.8,0.5,observed,ME/ME0201/ME0201D/Nastbastaparti190
2015M05,2015-05-01,2015-05,hela väljarkåren,hela väljarkåren,TOTAL_ELECTORATE,total_electorate,l,L,L,parliamentary_party,9.8,0.7,observed,ME/ME0201/ME0201D/Nastbastaparti190
2015M05,2015-05-01,2015-05,hela väljarkåren,hela väljarkåren,TOTAL_ELECTORATE,total_electorate,m,M,M,parliamentary_party,12.5,0.9,observed,ME/ME0201/ME0201D/Nastbastaparti190
2015M05,2015-05-01,2015-05,hela väljarkåren,hela väljarkåren,TOTAL_ELECTORATE,total_electorate,mp,MP,MP,parliamentary_party,8.4,0.7,observed,ME/ME0201/ME0201D/Nastbastaparti190
2015M05,2015-05-01,2015-05,hela väljarkåren,hela väljarkåren,TOTAL_ELECTORATE,total_electorate,s,S,S,parliamentary_party,9.0,0.8,observed,ME/ME0201/ME0201D/Nastbastaparti190
2015M05,2015-05-01,2015-05,hela väljarkåren,hela väljarkåren,TOTAL_ELECTORATE,total_electorate,v,V,V,parliamentary_party,7.2,0.6,observed,ME/ME0201/ME0201D/Nastbastaparti190
2015M05,2015-05-01,2015-05,hela väljarkåren,hela väljarkåren,TOTAL_ELECTORATE,total_electorate,vet ej,vet ej/uppgift saknas,DONT_KNOW,dont_know,25.4,1.3,observed,ME/ME0201/ME0201D/Nastbastaparti190
2015M05,2015-05-01,2015-05,hela väljarkåren,hela väljarkåren,TOTAL_ELECTORATE,total_electorate,övr,övriga,OTHER,other_party,2.0,0.4,observed,ME/ME0201/ME0201D/Nastbastaparti190
2015M05,2015-05-01,2015-05,ingen sympati/vet ej,ingen sympati/vet ej,NO_SYMPATHY_OR_DONT_KNOW,no_sympathy,SD,SD,SD,parliamentary_party,0.0,0.0,observed,ME/ME0201/ME0201D/Nastbastaparti190
2015M05,2015-05-01,2015-05,ingen sympati/vet ej,ingen sympati/vet ej,NO_SYMPATHY_OR_DONT_KNOW,no_sympathy,c,C,C,parliamentary_party,0.0,0.0,observed,ME/ME0201/ME0201D/Nastbastaparti190
2015M05,2015-05-01,2015-05,ingen sympati/vet ej,ingen sympati/vet ej,NO_SYMPATHY_OR_DONT_KNOW,no_sympathy,inget parti,inget parti,NO_SECOND_CHOICE,no_second_choice,0.0,0.0,observed,ME/ME0201/ME0201D/Nastbastaparti190
2015M05,2015-05-01,2015-05,ingen sympati/vet ej,ingen sympati/vet ej,NO_SYMPATHY_OR_DONT_KNOW,no_sympathy,kd,KD,KD,parliamentary_party,0.0,0.0,observed,ME/ME0201/ME0201D/Nastbastaparti190
2015M05,2015-05-01,2015-05,ingen sympati/vet ej,ingen sympati/vet ej,NO_SYMPATHY_OR_DONT_KNOW,no_sympathy,l,L,L,parliamentary_party,0.0,0.0,observed,ME/ME0201/ME0201D/Nastbastaparti190
2015M05,2015-05-01,2015-05,ingen sympati/vet ej,ingen sympati/vet ej,NO_SYMPATHY_OR_DONT_KNOW,no_sympathy,m,M,M,parliamentary_party,0.0,0.0,observed,ME/ME0201/ME0201D/Nastbastaparti190
2015M05,2015-05-01,2015-05,ingen sympati/vet ej,ingen sympati/vet ej,NO_SYMPATHY_OR_DONT_KNOW,no_sympathy,mp,MP,MP,parliamentary_party,0.0,0.0,observed,ME/ME0201/ME0201D/Nastbastaparti190
2015M05,2015-05-01,2015-05,ingen sympati/vet ej,ingen sympati/vet ej,NO_SYMPATHY_OR_DONT_KNOW,no_sympathy,s,S,S,parliamentary_party,0.0,0.0,observed,ME/ME0201/ME0201D/Nastbastaparti190
2015M05,2015-05-01,2015-05,ingen sympati/vet ej,ingen sympati/vet ej,NO_SYMPATHY_OR_DONT_KNOW,no_sympathy,v,V,V,parliamentary_party,0.0,0.0,observed,ME/ME0201/ME0201D/Nastbastaparti190
2015M05,2015-05-01,2015-05,ingen sympati/vet ej,ingen sympati/vet ej,NO_SYMPATHY_OR_DONT_KNOW,no_sympathy,vet ej,vet ej/uppgift saknas,DONT_KNOW,dont_know,100.0,0.0,observed,ME/ME0201/ME0201D/Nastbastaparti190
2015M05,2015-05-01,2015-05,ingen sympati/vet ej,ingen sympati/vet ej,NO_SYMPATHY_OR_DONT_KNOW,no_sympathy,övr,övriga,OTHER,other_party,0.0,0.0,observed,ME/ME0201/ME0201D/Nastbastaparti190
2015M05,2015-05-01,2015-05,kd,KD,KD,parliamentary_party,SD,SD,SD,parliamentary_party,4.3,2.8,observed,ME/ME0201/ME0201D/Nastbastaparti190
2015M05,2015-05-01,2015-05,kd,KD,KD,parliamentary_party,c,C,C,parliamentary_party,13.3,4.6,observed,ME/ME0201/ME0201D/Nastbastaparti190
2015M05,2015-05-01,2015-05,kd,KD,KD,parliamentary_party,inget parti,inget parti,NO_SECOND_CHOICE,no_second_choice,10.3,4.7,observed,ME/ME0201/ME0201D/Nastbastaparti190
2015M05,2015-05-01,2015-05,kd,KD,KD,parliamentary_party,kd,KD,KD,parliamentary_party,0.0,0.0,observed,ME/ME0201/ME0201D/Nastbastaparti190
2015M05,2015-05-01,2015-05,kd,KD,KD,parliamentary_party,l,L,L,parliamentary_party,16.2,5.0,observed,ME/ME0201/ME0201D/Nastbastaparti190
2015M05,2015-05-01,2015-05,kd,KD,KD,parliamentary_party,m,M,M,parliamentary_party,36.3,7.2,observed,ME/ME0201/ME0201D/Nastbastaparti190
2015M05,2015-05-01,2015-05,kd,KD,KD,parliamentary_party,mp,MP,MP,parliamentary_party,2.3,2.3,observed,ME/ME0201/ME0201D/Nastbastaparti190
2015M05,2015-05-01,2015-05,kd,KD,KD,parliamentary_party,s,S,S,parliamentary_party,7.2,4.3,observed,ME/ME0201/ME0201D/Nastbastaparti190
2015M05,2015-05-01,2015-05,kd,KD,KD,parliamentary_party,v,V,V,parliamentary_party,0.0,0.0,observed,ME/ME0201/ME0201D/Nastbastaparti190
2015M05,2015-05-01,2015-05,kd,KD,KD,parliamentary_party,vet ej,vet ej/uppgift saknas,DONT_KNOW,dont_know,9.5,4.9,observed,ME/ME0201/ME0201D/Nastbastaparti190
2015M05,2015-05-01,2015-05,kd,KD,KD,parliamentary_party,övr,övriga,OTHER,other_party,,,suppressed,ME/ME0201/ME0201D/Nastbastaparti190
2015M05,2015-05-01,2015-05,l,L,L,parliamentary_party,SD,SD,SD,parliamentary_party,1.5,1.2,observed,ME/ME0201/ME0201D/Nastbastaparti190
2015M05,2015-05-01,2015-05,l,L,L,parliamentary_party,c,C,C,parliamentary_party,17.4,4.8,observed,ME/ME0201/ME0201D/Nastbastaparti190
2015M05,2015-05-01,2015-05,l,L,L,parliamentary_party,inget parti,inget parti,NO_SECOND_CHOICE,no_second_choice,6.6,2.7,observed,ME/ME0201/ME0201D/Nastbastaparti190
2015M05,2015-05-01,2015-05,l,L,L,parliamentary_party,kd,KD,KD,parliamentary_party,5.9,2.7,observed,ME/ME0201/ME0201D/Nastbastaparti190
2015M05,2015-05-01,2015-05,l,L,L,parliamentary_party,l,L,L,parliamentary_party,0.0,0.0,observed,ME/ME0201/ME0201D/Nastbastaparti190
2015M05,2015-05-01,2015-05,l,L,L,parliamentary_party,m,M,M,parliamentary_party,43.3,5.9,observed,ME/ME0201/ME0201D/Nastbastaparti190
2015M05,2015-05-01,2015-05,l,L,L,parliamentary_party,mp,MP,MP,parliamentary_party,6.5,2.9,observed,ME/ME0201/ME0201D/Nastbastaparti190
2015M05,2015-05-01,2015-05,l,L,L,parliamentary_party,s,S,S,parliamentary_party,10.1,3.8,observed,ME/ME0201/ME0201D/Nastbastaparti190
2015M05,2015-05-01,2015-05,l,L,L,parliamentary_party,v,V,V,parliamentary_party,,,suppressed,ME/ME0201/ME0201D/Nastbastaparti190
2015M05,2015-05-01,2015-05,l,L,L,parliamentary_party,vet ej,vet ej/uppgift saknas,DONT_KNOW,dont_know,8.4,3.6,observed,ME/ME0201/ME0201D/Nastbastaparti190
2015M05,2015-05-01,2015-05,l,L,L,parliamentary_party,övr,övriga,OTHER,other_party,,,suppressed,ME/ME0201/ME0201D/Nastbastaparti190
2015M05,2015-05-01,2015-05,m,M,M,parliamentary_party,SD,SD,SD,parliamentary_party,8.1,1.5,observed,ME/ME0201/ME0201D/Nastbastaparti190
2015M05,2015-05-01,2015-05,m,M,M,parliamentary_party,c,C,C,parliamentary_party,18.9,2.1,observed,ME/ME0201/ME0201D/Nastbastaparti190
2015M05,2015-05-01,2015-05,m,M,M,parliamentary_party,inget parti,inget parti,NO_SECOND_CHOICE,no_second_choice,10.1,1.7,observed,ME/ME0201/ME0201D/Nastbastaparti190
2015M05,2015-05-01,2015-05,m,M,M,parliamentary_party,kd,KD,KD,parliamentary_party,8.8,1.6,observed,ME/ME0201/ME0201D/Nastbastaparti190
2015M05,2015-05-01,2015-05,m,M,M,parliamentary_party,l,L,L,parliamentary_party,28.6,2.5,observed,ME/ME0201/ME0201D/Nastbastaparti190
2015M05,2015-05-01,2015-05,m,M,M,parliamentary_party,m,M,M,parliamentary_party,0.0,0.0,observed,ME/ME0201/ME0201D/Nastbastaparti190
2015M05,2015-05-01,2015-05,m,M,M,parliamentary_party,mp,MP,MP,parliamentary_party,3.9,1.1,observed,ME/ME0201/ME0201D/Nastbastaparti190
2015M05,2015-05-01,2015-05,m,M,M,parliamentary_party,s,S,S,parliamentary_party,8.3,1.8,observed,ME/ME0201/ME0201D/Nastbastaparti190
2015M05,2015-05-01,2015-05,m,M,M,parliamentary_party,v,V,V,parliamentary_party,,,suppressed,ME/ME0201/ME0201D/Nastbastaparti190
2015M05,2015-05-01,2015-05,m,M,M,parliamentary_party,vet ej,vet ej/uppgift saknas,DONT_KNOW,dont_know,12.2,1.9,observed,ME/ME0201/ME0201D/Nastbastaparti190
2015M05,2015-05-01,2015-05,m,M,M,parliamentary_party,övr,övriga,OTHER,other_party,0.6,0.5,observed,ME/ME0201/ME0201D/Nastbastaparti190
2015M05,2015-05-01,2015-05,mp,MP,MP,parliamentary_party,SD,SD,SD,parliamentary_party,,,suppressed,ME/ME0201/ME0201D/Nastbastaparti190
2015M05,2015-05-01,2015-05,mp,MP,MP,parliamentary_party,c,C,C,parliamentary_party,7.4,3.0,observed,ME/ME0201/ME0201D/Nastbastaparti190
2015M05,2015-05-01,2015-05,mp,MP,MP,parliamentary_party,inget parti,inget parti,NO_SECOND_CHOICE,no_second_choice,8.0,2.7,observed,ME/ME0201/ME0201D/Nastbastaparti190
2015M05,2015-05-01,2015-05,mp,MP,MP,parliamentary_party,kd,KD,KD,parliamentary_party,0.9,0.9,observed,ME/ME0201/ME0201D/Nastbastaparti190
2015M05,2015-05-01,2015-05,mp,MP,MP,parliamentary_party,l,L,L,parliamentary_party,5.2,2.2,observed,ME/ME0201/ME0201D/Nastbastaparti190
2015M05,2015-05-01,2015-05,mp,MP,MP,parliamentary_party,m,M,M,parliamentary_party,5.9,3.0,observed,ME/ME0201/ME0201D/Nastbastaparti190
2015M05,2015-05-01,2015-05,mp,MP,MP,parliamentary_party,mp,MP,MP,parliamentary_party,0.0,0.0,observed,ME/ME0201/ME0201D/Nastbastaparti190
2015M05,2015-05-01,2015-05,mp,MP,MP,parliamentary_party,s,S,S,parliamentary_party,36.2,5.3,observed,ME/ME0201/ME0201D/Nastbastaparti190
2015M05,2015-05-01,2015-05,mp,MP,MP,parliamentary_party,v,V,V,parliamentary_party,16.6,3.9,observed,ME/ME0201/ME0201D/Nastbastaparti190
2015M05,2015-05-01,2015-05,mp,MP,MP,parliamentary_party,vet ej,vet ej/uppgift saknas,DONT_KNOW,dont_know,7.6,2.9,observed,ME/ME0201/ME0201D/Nastbastaparti190
2015M05,2015-05-01,2015-05,mp,MP,MP,parliamentary_party,övr,övriga,OTHER,other_party,10.8,3.3,observed,ME/ME0201/ME0201D/Nastbastaparti190
2015M05,2015-05-01,2015-05,s,S,S,parliamentary_party,SD,SD,SD,parliamentary_party,4.0,1.1,observed,ME/ME0201/ME0201D/Nastbastaparti190
2015M05,2015-05-01,2015-05,s,S,S,parliamentary_party,c,C,C,parliamentary_party,5.3,1.3,observed,ME/ME0201/ME0201D/Nastbastaparti190
2015M05,2015-05-01,2015-05,s,S,S,parliamentary_party,inget parti,inget parti,NO_SECOND_CHOICE,no_second_choice,18.4,2.2,observed,ME/ME0201/ME0201D/Nastbastaparti190
2015M05,2015-05-01,2015-05,s,S,S,parliamentary_party,kd,KD,KD,parliamentary_party,1.6,0.7,observed,ME/ME0201/ME0201D/Nastbastaparti190
2015M05,2015-05-01,2015-05,s,S,S,parliamentary_party,l,L,L,parliamentary_party,5.5,1.1,observed,ME/ME0201/ME0201D/Nastbastaparti190
2015M05,2015-05-01,2015-05,s,S,S,parliamentary_party,m,M,M,parliamentary_party,12.6,1.9,observed,ME/ME0201/ME0201D/Nastbastaparti190
2015M05,2015-05-01,2015-05,s,S,S,parliamentary_party,mp,MP,MP,parliamentary_party,19.0,2.0,observed,ME/ME0201/ME0201D/Nastbastaparti190
2015M05,2015-05-01,2015-05,s,S,S,parliamentary_party,s,S,S,parliamentary_party,0.0,0.0,observed,ME/ME0201/ME0201D/Nastbastaparti190
2015M05,2015-05-01,2015-05,s,S,S,parliamentary_party,v,V,V,parliamentary_party,19.5,2.0,observed,ME/ME0201/ME0201D/Nastbastaparti190
2015M05,2015-05-01,2015-05,s,S,S,parliamentary_party,vet ej,vet ej/uppgift saknas,DONT_KNOW,dont_know,12.3,1.8,observed,ME/ME0201/ME0201D/Nastbastaparti190
2015M05,2015-05-01,2015-05,s,S,S,parliamentary_party,övr,övriga,OTHER,other_party,1.7,0.7,observed,ME/ME0201/ME0201D/Nastbastaparti190
2015M05,2015-05-01,2015-05,v,V,V,parliamentary_party,SD,SD,SD,parliamentary_party,,,suppressed,ME/ME0201/ME0201D/Nastbastaparti190
2015M05,2015-05-01,2015-05,v,V,V,parliamentary_party,c,C,C,parliamentary_party,0.0,0.0,observed,ME/ME0201/ME0201D/Nastbastaparti190
2015M05,2015-05-01,2015-05,v,V,V,parliamentary_party,inget parti,inget parti,NO_SECOND_CHOICE,no_second_choice,6.2,3.0,observed,ME/ME0201/ME0201D/Nastbastaparti190
2015M05,2015-05-01,2015-05,v,V,V,parliamentary_party,kd,KD,KD,parliamentary_party,,,suppressed,ME/ME0201/ME0201D/Nastbastaparti190
2015M05,2015-05-01,2015-05,v,V,V,parliamentary_party,l,L,L,parliamentary_party,,,suppressed,ME/ME0201/ME0201D/Nastbastaparti190
2015M05,2015-05-01,2015-05,v,V,V,parliamentary_party,m,M,M,parliamentary_party,1.1,1.1,observed,ME/ME0201/ME0201D/Nastbastaparti190
2015M05,2015-05-01,2015-05,v,V,V,parliamentary_party,mp,MP,MP,parliamentary_party,28.9,5.3,observed,ME/ME0201/ME0201D/Nastbastaparti190
2015M05,2015-05-01,2015-05,v,V,V,parliamentary_party,s,S,S,parliamentary_party,45.8,5.7,observed,ME/ME0201/ME0201D/Nastbastaparti190
2015M05,2015-05-01,2015-05,v,V,V,parliamentary_party,v,V,V,parliamentary_party,0.0,0.0,observed,ME/ME0201/ME0201D/Nastbastaparti190
2015M05,2015-05-01,2015-05,v,V,V,parliamentary_party,vet ej,vet ej/uppgift saknas,DONT_KNOW,dont_know,4.2,3.1,observed,ME/ME0201/ME0201D/Nastbastaparti190
2015M05,2015-05-01,2015-05,v,V,V,parliamentary_party,övr,övriga,OTHER,other_party,12.1,3.5,observed,ME/ME0201/ME0201D/Nastbastaparti190
2015M05,2015-05-01,2015-05,övr,övriga,OTHER,other_party,SD,SD,SD,parliamentary_party,2.9,2.9,observed,ME/ME0201/ME0201D/Nastbastaparti190
2015M05,2015-05-01,2015-05,övr,övriga,OTHER,other_party,c,C,C,parliamentary_party,,,suppressed,ME/ME0201/ME0201D/Nastbastaparti190
2015M05,2015-05-01,2015-05,övr,övriga,OTHER,other_party,inget parti,inget parti,NO_SECOND_CHOICE,no_second_choice,10.4,5.3,observed,ME/ME0201/ME0201D/Nastbastaparti190
2015M05,2015-05-01,2015-05,övr,övriga,OTHER,other_party,kd,KD,KD,parliamentary_party,,,suppressed,ME/ME0201/ME0201D/Nastbastaparti190
2015M05,2015-05-01,2015-05,övr,övriga,OTHER,other_party,l,L,L,parliamentary_party,,,suppressed,ME/ME0201/ME0201D/Nastbastaparti190
2015M05,2015-05-01,2015-05,övr,övriga,OTHER,other_party,m,M,M,parliamentary_party,4.5,3.9,observed,ME/ME0201/ME0201D/Nastbastaparti190
2015M05,2015-05-01,2015-05,övr,övriga,OTHER,other_party,mp,MP,MP,parliamentary_party,26.5,9.2,observed,ME/ME0201/ME0201D/Nastbastaparti190
2015M05,2015-05-01,2015-05,övr,övriga,OTHER,other_party,s,S,S,parliamentary_party,11.4,5.7,observed,ME/ME0201/ME0201D/Nastbastaparti190
2015M05,2015-05-01,2015-05,övr,övriga,OTHER,other_party,v,V,V,parliamentary_party,31.0,8.7,observed,ME/ME0201/ME0201D/Nastbastaparti190
2015M05,2015-05-01,2015-05,övr,övriga,OTHER,other_party,vet ej,vet ej/uppgift saknas,DONT_KNOW,dont_know,5.2,4.1,observed,ME/ME0201/ME0201D/Nastbastaparti190
2015M05,2015-05-01,2015-05,övr,övriga,OTHER,other_party,övr,övriga,OTHER,other_party,3.5,3.4,observed,ME/ME0201/ME0201D/Nastbastaparti190
2015M11,2015-11-01,2015-11,SD,SD,SD,parliamentary_party,SD,SD,SD,parliamentary_party,0.0,0.0,observed,ME/ME0201/ME0201D/Nastbastaparti190
2015M11,2015-11-01,2015-11,SD,SD,SD,parliamentary_party,c,C,C,parliamentary_party,2.4,1.2,observed,ME/ME0201/ME0201D/Nastbastaparti190
2015M11,2015-11-01,2015-11,SD,SD,SD,parliamentary_party,inget parti,inget parti,NO_SECOND_CHOICE,no_second_choice,25.5,3.8,observed,ME/ME0201/ME0201D/Nastbastaparti190
2015M11,2015-11-01,2015-11,SD,SD,SD,parliamentary_party,kd,KD,KD,parliamentary_party,11.7,2.7,observed,ME/ME0201/ME0201D/Nastbastaparti190
2015M11,2015-11-01,2015-11,SD,SD,SD,parliamentary_party,l,L,L,parliamentary_party,4.6,1.8,observed,ME/ME0201/ME0201D/Nastbastaparti190
2015M11,2015-11-01,2015-11,SD,SD,SD,parliamentary_party,m,M,M,parliamentary_party,34.4,4.0,observed,ME/ME0201/ME0201D/Nastbastaparti190
2015M11,2015-11-01,2015-11,SD,SD,SD,parliamentary_party,mp,MP,MP,parliamentary_party,,,suppressed,ME/ME0201/ME0201D/Nastbastaparti190
2015M11,2015-11-01,2015-11,SD,SD,SD,parliamentary_party,s,S,S,parliamentary_party,8.1,2.2,observed,ME/ME0201/ME0201D/Nastbastaparti190
2015M11,2015-11-01,2015-11,SD,SD,SD,parliamentary_party,v,V,V,parliamentary_party,0.8,0.7,observed,ME/ME0201/ME0201D/Nastbastaparti190
2015M11,2015-11-01,2015-11,SD,SD,SD,parliamentary_party,vet ej,vet ej/uppgift saknas,DONT_KNOW,dont_know,10.7,2.8,observed,ME/ME0201/ME0201D/Nastbastaparti190
2015M11,2015-11-01,2015-11,SD,SD,SD,parliamentary_party,övr,övriga,OTHER,other_party,,,suppressed,ME/ME0201/ME0201D/Nastbastaparti190
2015M11,2015-11-01,2015-11,c,C,C,parliamentary_party,SD,SD,SD,parliamentary_party,2.3,1.7,observed,ME/ME0201/ME0201D/Nastbastaparti190
2015M11,2015-11-01,2015-11,c,C,C,parliamentary_party,c,C,C,parliamentary_party,0.0,0.0,observed,ME/ME0201/ME0201D/Nastbastaparti190
2015M11,2015-11-01,2015-11,c,C,C,parliamentary_party,inget parti,inget parti,NO_SECOND_CHOICE,no_second_choice,8.5,3.3,observed,ME/ME0201/ME0201D/Nastbastaparti190
2015M11,2015-11-01,2015-11,c,C,C,parliamentary_party,kd,KD,KD,parliamentary_party,4.6,2.4,observed,ME/ME0201/ME0201D/Nastbastaparti190
2015M11,2015-11-01,2015-11,c,C,C,parliamentary_party,l,L,L,parliamentary_party,19.0,4.7,observed,ME/ME0201/ME0201D/Nastbastaparti190
2015M11,2015-11-01,2015-11,c,C,C,parliamentary_party,m,M,M,parliamentary_party,40.0,5.8,observed,ME/ME0201/ME0201D/Nastbastaparti190
2015M11,2015-11-01,2015-11,c,C,C,parliamentary_party,mp,MP,MP,parliamentary_party,4.6,2.4,observed,ME/ME0201/ME0201D/Nastbastaparti190
2015M11,2015-11-01,2015-11,c,C,C,parliamentary_party,s,S,S,parliamentary_party,7.6,3.0,observed,ME/ME0201/ME0201D/Nastbastaparti190
2015M11,2015-11-01,2015-11,c,C,C,parliamentary_party,v,V,V,parliamentary_party,,,suppressed,ME/ME0201/ME0201D/Nastbastaparti190
2015M11,2015-11-01,2015-11,c,C,C,parliamentary_party,vet ej,vet ej/uppgift saknas,DONT_KNOW,dont_know,11.2,3.8,observed,ME/ME0201/ME0201D/Nastbastaparti190
2015M11,2015-11-01,2015-11,c,C,C,parliamentary_party,övr,övriga,OTHER,other_party,,,suppressed,ME/ME0201/ME0201D/Nastbastaparti190
2015M11,2015-11-01,2015-11,hela väljarkåren,hela väljarkåren,TOTAL_ELECTORATE,total_electorate,SD,SD,SD,parliamentary_party,3.5,0.5,observed,ME/ME0201/ME0201D/Nastbastaparti190
2015M11,2015-11-01,2015-11,hela väljarkåren,hela väljarkåren,TOTAL_ELECTORATE,total_electorate,c,C,C,parliamentary_party,7.8,0.7,observed,ME/ME0201/ME0201D/Nastbastaparti190
2015M11,2015-11-01,2015-11,hela väljarkåren,hela väljarkåren,TOTAL_ELECTORATE,total_electorate,inget parti,inget parti,NO_SECOND_CHOICE,no_second_choice,11.9,1.0,observed,ME/ME0201/ME0201D/Nastbastaparti190
2015M11,2015-11-01,2015-11,hela väljarkåren,hela väljarkåren,TOTAL_ELECTORATE,total_electorate,kd,KD,KD,parliamentary_party,4.2,0.6,observed,ME/ME0201/ME0201D/Nastbastaparti190
2015M11,2015-11-01,2015-11,hela väljarkåren,hela väljarkåren,TOTAL_ELECTORATE,total_electorate,l,L,L,parliamentary_party,9.1,0.8,observed,ME/ME0201/ME0201D/Nastbastaparti190
2015M11,2015-11-01,2015-11,hela väljarkåren,hela väljarkåren,TOTAL_ELECTORATE,total_electorate,m,M,M,parliamentary_party,12.9,1.0,observed,ME/ME0201/ME0201D/Nastbastaparti190
2015M11,2015-11-01,2015-11,hela väljarkåren,hela väljarkåren,TOTAL_ELECTORATE,total_electorate,mp,MP,MP,parliamentary_party,7.8,0.8,observed,ME/ME0201/ME0201D/Nastbastaparti190
2015M11,2015-11-01,2015-11,hela väljarkåren,hela väljarkåren,TOTAL_ELECTORATE,total_electorate,s,S,S,parliamentary_party,7.9,0.7,observed,ME/ME0201/ME0201D/Nastbastaparti190
2015M11,2015-11-01,2015-11,hela väljarkåren,hela väljarkåren,TOTAL_ELECTORATE,total_electorate,v,V,V,parliamentary_party,5.5,0.6,observed,ME/ME0201/ME0201D/Nastbastaparti190
2015M11,2015-11-01,2015-11,hela väljarkåren,hela väljarkåren,TOTAL_ELECTORATE,total_electorate,vet ej,vet ej/uppgift saknas,DONT_KNOW,dont_know,27.8,1.4,observed,ME/ME0201/ME0201D/Nastbastaparti190
2015M11,2015-11-01,2015-11,hela väljarkåren,hela väljarkåren,TOTAL_ELECTORATE,total_electorate,övr,övriga,OTHER,other_party,1.8,0.4,observed,ME/ME0201/ME0201D/Nastbastaparti190
2015M11,2015-11-01,2015-11,ingen sympati/vet ej,ingen sympati/vet ej,NO_SYMPATHY_OR_DONT_KNOW,no_sympathy,SD,SD,SD,parliamentary_party,0.0,0.0,observed,ME/ME0201/ME0201D/Nastbastaparti190
2015M11,2015-11-01,2015-11,ingen sympati/vet ej,ingen sympati/vet ej,NO_SYMPATHY_OR_DONT_KNOW,no_sympathy,c,C,C,parliamentary_party,0.0,0.0,observed,ME/ME0201/ME0201D/Nastbastaparti190
2015M11,2015-11-01,2015-11,ingen sympati/vet ej,ingen sympati/vet ej,NO_SYMPATHY_OR_DONT_KNOW,no_sympathy,inget parti,inget parti,NO_SECOND_CHOICE,no_second_choice,0.0,0.0,observed,ME/ME0201/ME0201D/Nastbastaparti190
2015M11,2015-11-01,2015-11,ingen sympati/vet ej,ingen sympati/vet ej,NO_SYMPATHY_OR_DONT_KNOW,no_sympathy,kd,KD,KD,parliamentary_party,0.0,0.0,observed,ME/ME0201/ME0201D/Nastbastaparti190
2015M11,2015-11-01,2015-11,ingen sympati/vet ej,ingen sympati/vet ej,NO_SYMPATHY_OR_DONT_KNOW,no_sympathy,l,L,L,parliamentary_party,0.0,0.0,observed,ME/ME0201/ME0201D/Nastbastaparti190
2015M11,2015-11-01,2015-11,ingen sympati/vet ej,ingen sympati/vet ej,NO_SYMPATHY_OR_DONT_KNOW,no_sympathy,m,M,M,parliamentary_party,0.0,0.0,observed,ME/ME0201/ME0201D/Nastbastaparti190
2015M11,2015-11-01,2015-11,ingen sympati/vet ej,ingen sympati/vet ej,NO_SYMPATHY_OR_DONT_KNOW,no_sympathy,mp,MP,MP,parliamentary_party,0.0,0.0,observed,ME/ME0201/ME0201D/Nastbastaparti190
2015M11,2015-11-01,2015-11,ingen sympati/vet ej,ingen sympati/vet ej,NO_SYMPATHY_OR_DONT_KNOW,no_sympathy,s,S,S,parliamentary_party,0.0,0.0,observed,ME/ME0201/ME0201D/Nastbastaparti190
2015M11,2015-11-01,2015-11,ingen sympati/vet ej,ingen sympati/vet ej,NO_SYMPATHY_OR_DONT_KNOW,no_sympathy,v,V,V,parliamentary_party,0.0,0.0,observed,ME/ME0201/ME0201D/Nastbastaparti190
2015M11,2015-11-01,2015-11,ingen sympati/vet ej,ingen sympati/vet ej,NO_SYMPATHY_OR_DONT_KNOW,no_sympathy,vet ej,vet ej/uppgift saknas,DONT_KNOW,dont_know,100.0,0.0,observed,ME/ME0201/ME0201D/Nastbastaparti190
2015M11,2015-11-01,2015-11,ingen sympati/vet ej,ingen sympati/vet ej,NO_SYMPATHY_OR_DONT_KNOW,no_sympathy,övr,övriga,OTHER,other_party,0.0,0.0,observed,ME/ME0201/ME0201D/Nastbastaparti190
2015M11,2015-11-01,2015-11,kd,KD,KD,parliamentary_party,SD,SD,SD,parliamentary_party,6.1,3.9,observed,ME/ME0201/ME0201D/Nastbastaparti190
2015M11,2015-11-01,2015-11,kd,KD,KD,parliamentary_party,c,C,C,parliamentary_party,25.1,7.7,observed,ME/ME0201/ME0201D/Nastbastaparti190
2015M11,2015-11-01,2015-11,kd,KD,KD,parliamentary_party,inget parti,inget parti,NO_SECOND_CHOICE,no_second_choice,7.3,4.5,observed,ME/ME0201/ME0201D/Nastbastaparti190
2015M11,2015-11-01,2015-11,kd,KD,KD,parliamentary_party,kd,KD,KD,parliamentary_party,0.0,0.0,observed,ME/ME0201/ME0201D/Nastbastaparti190
2015M11,2015-11-01,2015-11,kd,KD,KD,parliamentary_party,l,L,L,parliamentary_party,10.0,4.9,observed,ME/ME0201/ME0201D/Nastbastaparti190
2015M11,2015-11-01,2015-11,kd,KD,KD,parliamentary_party,m,M,M,parliamentary_party,37.7,8.2,observed,ME/ME0201/ME0201D/Nastbastaparti190
2015M11,2015-11-01,2015-11,kd,KD,KD,parliamentary_party,mp,MP,MP,parliamentary_party,,,suppressed,ME/ME0201/ME0201D/Nastbastaparti190
2015M11,2015-11-01,2015-11,kd,KD,KD,parliamentary_party,s,S,S,parliamentary_party,4.4,3.2,observed,ME/ME0201/ME0201D/Nastbastaparti190
2015M11,2015-11-01,2015-11,kd,KD,KD,parliamentary_party,v,V,V,parliamentary_party,0.0,0.0,observed,ME/ME0201/ME0201D/Nastbastaparti190
2015M11,2015-11-01,2015-11,kd,KD,KD,parliamentary_party,vet ej,vet ej/uppgift saknas,DONT_KNOW,dont_know,8.8,4.8,observed,ME/ME0201/ME0201D/Nastbastaparti190
2015M11,2015-11-01,2015-11,kd,KD,KD,parliamentary_party,övr,övriga,OTHER,other_party,0.0,0.0,observed,ME/ME0201/ME0201D/Nastbastaparti190
2015M11,2015-11-01,2015-11,l,L,L,parliamentary_party,SD,SD,SD,parliamentary_party,3.9,2.4,observed,ME/ME0201/ME0201D/Nastbastaparti190
2015M11,2015-11-01,2015-11,l,L,L,parliamentary_party,c,C,C,parliamentary_party,26.4,5.8,observed,ME/ME0201/ME0201D/Nastbastaparti190
2015M11,2015-11-01,2015-11,l,L,L,parliamentary_party,inget parti,inget parti,NO_SECOND_CHOICE,no_second_choice,5.3,2.6,observed,ME/ME0201/ME0201D/Nastbastaparti190
2015M11,2015-11-01,2015-11,l,L,L,parliamentary_party,kd,KD,KD,parliamentary_party,5.6,3.3,observed,ME/ME0201/ME0201D/Nastbastaparti190
2015M11,2015-11-01,2015-11,l,L,L,parliamentary_party,l,L,L,parliamentary_party,0.0,0.0,observed,ME/ME0201/ME0201D/Nastbastaparti190
2015M11,2015-11-01,2015-11,l,L,L,parliamentary_party,m,M,M,parliamentary_party,39.2,6.5,observed,ME/ME0201/ME0201D/Nastbastaparti190
2015M11,2015-11-01,2015-11,l,L,L,parliamentary_party,mp,MP,MP,parliamentary_party,4.3,3.1,observed,ME/ME0201/ME0201D/Nastbastaparti190
2015M11,2015-11-01,2015-11,l,L,L,parliamentary_party,s,S,S,parliamentary_party,8.5,3.8,observed,ME/ME0201/ME0201D/Nastbastaparti190
2015M11,2015-11-01,2015-11,l,L,L,parliamentary_party,v,V,V,parliamentary_party,,,suppressed,ME/ME0201/ME0201D/Nastbastaparti190
2015M11,2015-11-01,2015-11,l,L,L,parliamentary_party,vet ej,vet ej/uppgift saknas,DONT_KNOW,dont_know,5.8,2.7,observed,ME/ME0201/ME0201D/Nastbastaparti190
2015M11,2015-11-01,2015-11,l,L,L,parliamentary_party,övr,övriga,OTHER,other_party,,,suppressed,ME/ME0201/ME0201D/Nastbastaparti190
2015M11,2015-11-01,2015-11,m,M,M,parliamentary_party,SD,SD,SD,parliamentary_party,9.9,2.0,observed,ME/ME0201/ME0201D/Nastbastaparti190
2015M11,2015-11-01,2015-11,m,M,M,parliamentary_party,c,C,C,parliamentary_party,20.3,2.6,observed,ME/ME0201/ME0201D/Nastbastaparti190
2015M11,2015-11-01,2015-11,m,M,M,parliamentary_party,inget parti,inget parti,NO_SECOND_CHOICE,no_second_choice,10.9,2.2,observed,ME/ME0201/ME0201D/Nastbastaparti190
2015M11,2015-11-01,2015-11,m,M,M,parliamentary_party,kd,KD,KD,parliamentary_party,8.5,1.8,observed,ME/ME0201/ME0201D/Nastbastaparti190
2015M11,2015-11-01,2015-11,m,M,M,parliamentary_party,l,L,L,parliamentary_party,26.6,2.8,observed,ME/ME0201/ME0201D/Nastbastaparti190
2015M11,2015-11-01,2015-11,m,M,M,parliamentary_party,m,M,M,parliamentary_party,0.0,0.0,observed,ME/ME0201/ME0201D/Nastbastaparti190
2015M11,2015-11-01,2015-11,m,M,M,parliamentary_party,mp,MP,MP,parliamentary_party,3.7,1.5,observed,ME/ME0201/ME0201D/Nastbastaparti190
2015M11,2015-11-01,2015-11,m,M,M,parliamentary_party,s,S,S,parliamentary_party,7.0,1.7,observed,ME/ME0201/ME0201D/Nastbastaparti190
2015M11,2015-11-01,2015-11,m,M,M,parliamentary_party,v,V,V,parliamentary_party,1.0,0.8,observed,ME/ME0201/ME0201D/Nastbastaparti190
2015M11,2015-11-01,2015-11,m,M,M,parliamentary_party,vet ej,vet ej/uppgift saknas,DONT_KNOW,dont_know,11.8,2.3,observed,ME/ME0201/ME0201D/Nastbastaparti190
2015M11,2015-11-01,2015-11,m,M,M,parliamentary_party,övr,övriga,OTHER,other_party,,,suppressed,ME/ME0201/ME0201D/Nastbastaparti190
2015M11,2015-11-01,2015-11,mp,MP,MP,parliamentary_party,SD,SD,SD,parliamentary_party,1.7,1.7,observed,ME/ME0201/ME0201D/Nastbastaparti190
2015M11,2015-11-01,2015-11,mp,MP,MP,parliamentary_party,c,C,C,parliamentary_party,6.2,2.6,observed,ME/ME0201/ME0201D/Nastbastaparti190
2015M11,2015-11-01,2015-11,mp,MP,MP,parliamentary_party,inget parti,inget parti,NO_SECOND_CHOICE,no_second_choice,8.5,3.5,observed,ME/ME0201/ME0201D/Nastbastaparti190
2015M11,2015-11-01,2015-11,mp,MP,MP,parliamentary_party,kd,KD,KD,parliamentary_party,,,suppressed,ME/ME0201/ME0201D/Nastbastaparti190
2015M11,2015-11-01,2015-11,mp,MP,MP,parliamentary_party,l,L,L,parliamentary_party,3.6,2.0,observed,ME/ME0201/ME0201D/Nastbastaparti190
2015M11,2015-11-01,2015-11,mp,MP,MP,parliamentary_party,m,M,M,parliamentary_party,6.0,2.8,observed,ME/ME0201/ME0201D/Nastbastaparti190
2015M11,2015-11-01,2015-11,mp,MP,MP,parliamentary_party,mp,MP,MP,parliamentary_party,0.0,0.0,observed,ME/ME0201/ME0201D/Nastbastaparti190
2015M11,2015-11-01,2015-11,mp,MP,MP,parliamentary_party,s,S,S,parliamentary_party,41.9,5.9,observed,ME/ME0201/ME0201D/Nastbastaparti190
2015M11,2015-11-01,2015-11,mp,MP,MP,parliamentary_party,v,V,V,parliamentary_party,12.5,4.1,observed,ME/ME0201/ME0201D/Nastbastaparti190
2015M11,2015-11-01,2015-11,mp,MP,MP,parliamentary_party,vet ej,vet ej/uppgift saknas,DONT_KNOW,dont_know,10.3,3.5,observed,ME/ME0201/ME0201D/Nastbastaparti190
2015M11,2015-11-01,2015-11,mp,MP,MP,parliamentary_party,övr,övriga,OTHER,other_party,8.6,3.3,observed,ME/ME0201/ME0201D/Nastbastaparti190
2015M11,2015-11-01,2015-11,s,S,S,parliamentary_party,SD,SD,SD,parliamentary_party,4.0,1.2,observed,ME/ME0201/ME0201D/Nastbastaparti190
2015M11,2015-11-01,2015-11,s,S,S,parliamentary_party,c,C,C,parliamentary_party,4.9,1.2,observed,ME/ME0201/ME0201D/Nastbastaparti190
2015M11,2015-11-01,2015-11,s,S,S,parliamentary_party,inget parti,inget parti,NO_SECOND_CHOICE,no_second_choice,18.0,2.4,observed,ME/ME0201/ME0201D/Nastbastaparti190
2015M11,2015-11-01,2015-11,s,S,S,parliamentary_party,kd,KD,KD,parliamentary_party,1.3,0.8,observed,ME/ME0201/ME0201D/Nastbastaparti190
2015M11,2015-11-01,2015-11,s,S,S,parliamentary_party,l,L,L,parliamentary_party,7.9,1.5,observed,ME/ME0201/ME0201D/Nastbastaparti190
2015M11,2015-11-01,2015-11,s,S,S,parliamentary_party,m,M,M,parliamentary_party,10.7,1.9,observed,ME/ME0201/ME0201D/Nastbastaparti190
2015M11,2015-11-01,2015-11,s,S,S,parliamentary_party,mp,MP,MP,parliamentary_party,20.0,2.3,observed,ME/ME0201/ME0201D/Nastbastaparti190
2015M11,2015-11-01,2015-11,s,S,S,parliamentary_party,s,S,S,parliamentary_party,0.0,0.0,observed,ME/ME0201/ME0201D/Nastbastaparti190
2015M11,2015-11-01,2015-11,s,S,S,parliamentary_party,v,V,V,parliamentary_party,16.5,2.0,observed,ME/ME0201/ME0201D/Nastbastaparti190
2015M11,2015-11-01,2015-11,s,S,S,parliamentary_party,vet ej,vet ej/uppgift saknas,DONT_KNOW,dont_know,14.9,2.3,observed,ME/ME0201/ME0201D/Nastbastaparti190
2015M11,2015-11-01,2015-11,s,S,S,parliamentary_party,övr,övriga,OTHER,other_party,1.7,0.8,observed,ME/ME0201/ME0201D/Nastbastaparti190
2015M11,2015-11-01,2015-11,v,V,V,parliamentary_party,SD,SD,SD,parliamentary_party,,,suppressed,ME/ME0201/ME0201D/Nastbastaparti190
2015M11,2015-11-01,2015-11,v,V,V,parliamentary_party,c,C,C,parliamentary_party,,,suppressed,ME/ME0201/ME0201D/Nastbastaparti190
2015M11,2015-11-01,2015-11,v,V,V,parliamentary_party,inget parti,inget parti,NO_SECOND_CHOICE,no_second_choice,9.4,4.4,observed,ME/ME0201/ME0201D/Nastbastaparti190
2015M11,2015-11-01,2015-11,v,V,V,parliamentary_party,kd,KD,KD,parliamentary_party,0.0,0.0,observed,ME/ME0201/ME0201D/Nastbastaparti190
2015M11,2015-11-01,2015-11,v,V,V,parliamentary_party,l,L,L,parliamentary_party,,,suppressed,ME/ME0201/ME0201D/Nastbastaparti190
2015M11,2015-11-01,2015-11,v,V,V,parliamentary_party,m,M,M,parliamentary_party,,,suppressed,ME/ME0201/ME0201D/Nastbastaparti190
2015M11,2015-11-01,2015-11,v,V,V,parliamentary_party,mp,MP,MP,parliamentary_party,28.2,6.0,observed,ME/ME0201/ME0201D/Nastbastaparti190
2015M11,2015-11-01,2015-11,v,V,V,parliamentary_party,s,S,S,parliamentary_party,43.6,6.7,observed,ME/ME0201/ME0201D/Nastbastaparti190
2015M11,2015-11-01,2015-11,v,V,V,parliamentary_party,v,V,V,parliamentary_party,0.0,0.0,observed,ME/ME0201/ME0201D/Nastbastaparti190
2015M11,2015-11-01,2015-11,v,V,V,parliamentary_party,vet ej,vet ej/uppgift saknas,DONT_KNOW,dont_know,5.3,3.9,observed,ME/ME0201/ME0201D/Nastbastaparti190
2015M11,2015-11-01,2015-11,v,V,V,parliamentary_party,övr,övriga,OTHER,other_party,11.3,4.0,observed,ME/ME0201/ME0201D/Nastbastaparti190
2015M11,2015-11-01,2015-11,övr,övriga,OTHER,other_party,SD,SD,SD,parliamentary_party,,,suppressed,ME/ME0201/ME0201D/Nastbastaparti190
2015M11,2015-11-01,2015-11,övr,övriga,OTHER,other_party,c,C,C,parliamentary_party,,,suppressed,ME/ME0201/ME0201D/Nastbastaparti190
2015M11,2015-11-01,2015-11,övr,övriga,OTHER,other_party,inget parti,inget parti,NO_SECOND_CHOICE,no_second_choice,6.6,5.2,observed,ME/ME0201/ME0201D/Nastbastaparti190
2015M11,2015-11-01,2015-11,övr,övriga,OTHER,other_party,kd,KD,KD,parliamentary_party,,,suppressed,ME/ME0201/ME0201D/Nastbastaparti190
2015M11,2015-11-01,2015-11,övr,övriga,OTHER,other_party,l,L,L,parliamentary_party,,,suppressed,ME/ME0201/ME0201D/Nastbastaparti190
2015M11,2015-11-01,2015-11,övr,övriga,OTHER,other_party,m,M,M,parliamentary_party,,,suppressed,ME/ME0201/ME0201D/Nastbastaparti190
2015M11,2015-11-01,2015-11,övr,övriga,OTHER,other_party,mp,MP,MP,parliamentary_party,21.0,9.2,observed,ME/ME0201/ME0201D/Nastbastaparti190
2015M11,2015-11-01,2015-11,övr,övriga,OTHER,other_party,s,S,S,parliamentary_party,14.0,8.0,observed,ME/ME0201/ME0201D/Nastbastaparti190
2015M11,2015-11-01,2015-11,övr,övriga,OTHER,other_party,v,V,V,parliamentary_party,30.6,10.5,observed,ME/ME0201/ME0201D/Nastbastaparti190
2015M11,2015-11-01,2015-11,övr,övriga,OTHER,other_party,vet ej,vet ej/uppgift saknas,DONT_KNOW,dont_know,7.9,6.2,observed,ME/ME0201/ME0201D/Nastbastaparti190
2015M11,2015-11-01,2015-11,övr,övriga,OTHER,other_party,övr,övriga,OTHER,other_party,,,suppressed,ME/ME0201/ME0201D/Nastbastaparti190
2016M05,2016-05-01,2016-05,SD,SD,SD,parliamentary_party,SD,SD,SD,parliamentary_party,0.0,0.0,observed,ME/ME0201/ME0201D/Nastbastaparti190
2016M05,2016-05-01,2016-05,SD,SD,SD,parliamentary_party,c,C,C,parliamentary_party,1.7,1.2,observed,ME/ME0201/ME0201D/Nastbastaparti190
2016M05,2016-05-01,2016-05,SD,SD,SD,parliamentary_party,inget parti,inget parti,NO_SECOND_CHOICE,no_second_choice,20.7,3.7,observed,ME/ME0201/ME0201D/Nastbastaparti190
2016M05,2016-05-01,2016-05,SD,SD,SD,parliamentary_party,kd,KD,KD,parliamentary_party,7.8,2.5,observed,ME/ME0201/ME0201D/Nastbastaparti190
2016M05,2016-05-01,2016-05,SD,SD,SD,parliamentary_party,l,L,L,parliamentary_party,3.5,1.6,observed,ME/ME0201/ME0201D/Nastbastaparti190
2016M05,2016-05-01,2016-05,SD,SD,SD,parliamentary_party,m,M,M,parliamentary_party,40.2,4.4,observed,ME/ME0201/ME0201D/Nastbastaparti190
2016M05,2016-05-01,2016-05,SD,SD,SD,parliamentary_party,mp,MP,MP,parliamentary_party,0.8,0.8,observed,ME/ME0201/ME0201D/Nastbastaparti190
2016M05,2016-05-01,2016-05,SD,SD,SD,parliamentary_party,s,S,S,parliamentary_party,13.6,3.1,observed,ME/ME0201/ME0201D/Nastbastaparti190
2016M05,2016-05-01,2016-05,SD,SD,SD,parliamentary_party,v,V,V,parliamentary_party,0.8,0.8,observed,ME/ME0201/ME0201D/Nastbastaparti190
2016M05,2016-05-01,2016-05,SD,SD,SD,parliamentary_party,vet ej,vet ej/uppgift saknas,DONT_KNOW,dont_know,10.1,2.9,observed,ME/ME0201/ME0201D/Nastbastaparti190
2016M05,2016-05-01,2016-05,SD,SD,SD,parliamentary_party,övr,övriga,OTHER,other_party,1.0,0.9,observed,ME/ME0201/ME0201D/Nastbastaparti190
2016M05,2016-05-01,2016-05,c,C,C,parliamentary_party,SD,SD,SD,parliamentary_party,1.6,1.6,observed,ME/ME0201/ME0201D/Nastbastaparti190
2016M05,2016-05-01,2016-05,c,C,C,parliamentary_party,c,C,C,parliamentary_party,0.0,0.0,observed,ME/ME0201/ME0201D/Nastbastaparti190
2016M05,2016-05-01,2016-05,c,C,C,parliamentary_party,inget parti,inget parti,NO_SECOND_CHOICE,no_second_choice,10.5,4.2,observed,ME/ME0201/ME0201D/Nastbastaparti190
2016M05,2016-05-01,2016-05,c,C,C,parliamentary_party,kd,KD,KD,parliamentary_party,4.5,2.6,observed,ME/ME0201/ME0201D/Nastbastaparti190
2016M05,2016-05-01,2016-05,c,C,C,parliamentary_party,l,L,L,parliamentary_party,14.4,4.3,observed,ME/ME0201/ME0201D/Nastbastaparti190
2016M05,2016-05-01,2016-05,c,C,C,parliamentary_party,m,M,M,parliamentary_party,41.7,6.5,observed,ME/ME0201/ME0201D/Nastbastaparti190
2016M05,2016-05-01,2016-05,c,C,C,parliamentary_party,mp,MP,MP,parliamentary_party,5.4,2.9,observed,ME/ME0201/ME0201D/Nastbastaparti190
2016M05,2016-05-01,2016-05,c,C,C,parliamentary_party,s,S,S,parliamentary_party,10.3,4.1,observed,ME/ME0201/ME0201D/Nastbastaparti190
2016M05,2016-05-01,2016-05,c,C,C,parliamentary_party,v,V,V,parliamentary_party,,,suppressed,ME/ME0201/ME0201D/Nastbastaparti190
2016M05,2016-05-01,2016-05,c,C,C,parliamentary_party,vet ej,vet ej/uppgift saknas,DONT_KNOW,dont_know,9.9,3.8,observed,ME/ME0201/ME0201D/Nastbastaparti190
2016M05,2016-05-01,2016-05,c,C,C,parliamentary_party,övr,övriga,OTHER,other_party,,,suppressed,ME/ME0201/ME0201D/Nastbastaparti190
2016M05,2016-05-01,2016-05,hela väljarkåren,hela väljarkåren,TOTAL_ELECTORATE,total_electorate,SD,SD,SD,parliamentary_party,3.5,0.6,observed,ME/ME0201/ME0201D/Nastbastaparti190
2016M05,2016-05-01,2016-05,hela väljarkåren,hela väljarkåren,TOTAL_ELECTORATE,total_electorate,c,C,C,parliamentary_party,7.0,0.7,observed,ME/ME0201/ME0201D/Nastbastaparti190
2016M05,2016-05-01,2016-05,hela väljarkåren,hela väljarkåren,TOTAL_ELECTORATE,total_electorate,inget parti,inget parti,NO_SECOND_CHOICE,no_second_choice,11.5,1.0,observed,ME/ME0201/ME0201D/Nastbastaparti190
2016M05,2016-05-01,2016-05,hela väljarkåren,hela väljarkåren,TOTAL_ELECTORATE,total_electorate,kd,KD,KD,parliamentary_party,3.4,0.5,observed,ME/ME0201/ME0201D/Nastbastaparti190
2016M05,2016-05-01,2016-05,hela väljarkåren,hela väljarkåren,TOTAL_ELECTORATE,total_electorate,l,L,L,parliamentary_party,9.6,0.8,observed,ME/ME0201/ME0201D/Nastbastaparti190
2016M05,2016-05-01,2016-05,hela väljarkåren,hela väljarkåren,TOTAL_ELECTORATE,total_electorate,m,M,M,parliamentary_party,13.7,1.0,observed,ME/ME0201/ME0201D/Nastbastaparti190
2016M05,2016-05-01,2016-05,hela väljarkåren,hela väljarkåren,TOTAL_ELECTORATE,total_electorate,mp,MP,MP,parliamentary_party,6.6,0.7,observed,ME/ME0201/ME0201D/Nastbastaparti190
2016M05,2016-05-01,2016-05,hela väljarkåren,hela väljarkåren,TOTAL_ELECTORATE,total_electorate,s,S,S,parliamentary_party,8.6,0.8,observed,ME/ME0201/ME0201D/Nastbastaparti190
2016M05,2016-05-01,2016-05,hela väljarkåren,hela väljarkåren,TOTAL_ELECTORATE,total_electorate,v,V,V,parliamentary_party,7.4,0.7,observed,ME/ME0201/ME0201D/Nastbastaparti190
2016M05,2016-05-01,2016-05,hela väljarkåren,hela väljarkåren,TOTAL_ELECTORATE,total_electorate,vet ej,vet ej/uppgift saknas,DONT_KNOW,dont_know,26.9,1.4,observed,ME/ME0201/ME0201D/Nastbastaparti190
2016M05,2016-05-01,2016-05,hela väljarkåren,hela väljarkåren,TOTAL_ELECTORATE,total_electorate,övr,övriga,OTHER,other_party,1.9,0.4,observed,ME/ME0201/ME0201D/Nastbastaparti190
2016M05,2016-05-01,2016-05,ingen sympati/vet ej,ingen sympati/vet ej,NO_SYMPATHY_OR_DONT_KNOW,no_sympathy,SD,SD,SD,parliamentary_party,0.0,0.0,observed,ME/ME0201/ME0201D/Nastbastaparti190
2016M05,2016-05-01,2016-05,ingen sympati/vet ej,ingen sympati/vet ej,NO_SYMPATHY_OR_DONT_KNOW,no_sympathy,c,C,C,parliamentary_party,0.0,0.0,observed,ME/ME0201/ME0201D/Nastbastaparti190
2016M05,2016-05-01,2016-05,ingen sympati/vet ej,ingen sympati/vet ej,NO_SYMPATHY_OR_DONT_KNOW,no_sympathy,inget parti,inget parti,NO_SECOND_CHOICE,no_second_choice,0.0,0.0,observed,ME/ME0201/ME0201D/Nastbastaparti190
2016M05,2016-05-01,2016-05,ingen sympati/vet ej,ingen sympati/vet ej,NO_SYMPATHY_OR_DONT_KNOW,no_sympathy,kd,KD,KD,parliamentary_party,0.0,0.0,observed,ME/ME0201/ME0201D/Nastbastaparti190
2016M05,2016-05-01,2016-05,ingen sympati/vet ej,ingen sympati/vet ej,NO_SYMPATHY_OR_DONT_KNOW,no_sympathy,l,L,L,parliamentary_party,0.0,0.0,observed,ME/ME0201/ME0201D/Nastbastaparti190
2016M05,2016-05-01,2016-05,ingen sympati/vet ej,ingen sympati/vet ej,NO_SYMPATHY_OR_DONT_KNOW,no_sympathy,m,M,M,parliamentary_party,0.0,0.0,observed,ME/ME0201/ME0201D/Nastbastaparti190
2016M05,2016-05-01,2016-05,ingen sympati/vet ej,ingen sympati/vet ej,NO_SYMPATHY_OR_DONT_KNOW,no_sympathy,mp,MP,MP,parliamentary_party,0.0,0.0,observed,ME/ME0201/ME0201D/Nastbastaparti190
2016M05,2016-05-01,2016-05,ingen sympati/vet ej,ingen sympati/vet ej,NO_SYMPATHY_OR_DONT_KNOW,no_sympathy,s,S,S,parliamentary_party,0.0,0.0,observed,ME/ME0201/ME0201D/Nastbastaparti190
2016M05,2016-05-01,2016-05,ingen sympati/vet ej,ingen sympati/vet ej,NO_SYMPATHY_OR_DONT_KNOW,no_sympathy,v,V,V,parliamentary_party,0.0,0.0,observed,ME/ME0201/ME0201D/Nastbastaparti190
2016M05,2016-05-01,2016-05,ingen sympati/vet ej,ingen sympati/vet ej,NO_SYMPATHY_OR_DONT_KNOW,no_sympathy,vet ej,vet ej/uppgift saknas,DONT_KNOW,dont_know,100.0,0.0,observed,ME/ME0201/ME0201D/Nastbastaparti190
2016M05,2016-05-01,2016-05,ingen sympati/vet ej,ingen sympati/vet ej,NO_SYMPATHY_OR_DONT_KNOW,no_sympathy,övr,övriga,OTHER,other_party,0.0,0.0,observed,ME/ME0201/ME0201D/Nastbastaparti190
2016M05,2016-05-01,2016-05,kd,KD,KD,parliamentary_party,SD,SD,SD,parliamentary_party,7.7,5.0,observed,ME/ME0201/ME0201D/Nastbastaparti190
2016M05,2016-05-01,2016-05,kd,KD,KD,parliamentary_party,c,C,C,parliamentary_party,12.8,5.9,observed,ME/ME0201/ME0201D/Nastbastaparti190
2016M05,2016-05-01,2016-05,kd,KD,KD,parliamentary_party,inget parti,inget parti,NO_SECOND_CHOICE,no_second_choice,12.1,6.1,observed,ME/ME0201/ME0201D/Nastbastaparti190
2016M05,2016-05-01,2016-05,kd,KD,KD,parliamentary_party,kd,KD,KD,parliamentary_party,0.0,0.0,observed,ME/ME0201/ME0201D/Nastbastaparti190
2016M05,2016-05-01,2016-05,kd,KD,KD,parliamentary_party,l,L,L,parliamentary_party,14.5,6.4,observed,ME/ME0201/ME0201D/Nastbastaparti190
2016M05,2016-05-01,2016-05,kd,KD,KD,parliamentary_party,m,M,M,parliamentary_party,37.9,8.8,observed,ME/ME0201/ME0201D/Nastbastaparti190
2016M05,2016-05-01,2016-05,kd,KD,KD,parliamentary_party,mp,MP,MP,parliamentary_party,5.0,4.0,observed,ME/ME0201/ME0201D/Nastbastaparti190
2016M05,2016-05-01,2016-05,kd,KD,KD,parliamentary_party,s,S,S,parliamentary_party,3.4,3.4,observed,ME/ME0201/ME0201D/Nastbastaparti190
2016M05,2016-05-01,2016-05,kd,KD,KD,parliamentary_party,v,V,V,parliamentary_party,,,suppressed,ME/ME0201/ME0201D/Nastbastaparti190
2016M05,2016-05-01,2016-05,kd,KD,KD,parliamentary_party,vet ej,vet ej/uppgift saknas,DONT_KNOW,dont_know,4.5,4.5,observed,ME/ME0201/ME0201D/Nastbastaparti190
2016M05,2016-05-01,2016-05,kd,KD,KD,parliamentary_party,övr,övriga,OTHER,other_party,,,suppressed,ME/ME0201/ME0201D/Nastbastaparti190
2016M05,2016-05-01,2016-05,l,L,L,parliamentary_party,SD,SD,SD,parliamentary_party,2.5,2.1,observed,ME/ME0201/ME0201D/Nastbastaparti190
2016M05,2016-05-01,2016-05,l,L,L,parliamentary_party,c,C,C,parliamentary_party,20.4,5.0,observed,ME/ME0201/ME0201D/Nastbastaparti190
2016M05,2016-05-01,2016-05,l,L,L,parliamentary_party,inget parti,inget parti,NO_SECOND_CHOICE,no_second_choice,7.3,3.2,observed,ME/ME0201/ME0201D/Nastbastaparti190
2016M05,2016-05-01,2016-05,l,L,L,parliamentary_party,kd,KD,KD,parliamentary_party,4.7,2.5,observed,ME/ME0201/ME0201D/Nastbastaparti190
2016M05,2016-05-01,2016-05,l,L,L,parliamentary_party,l,L,L,parliamentary_party,0.0,0.0,observed,ME/ME0201/ME0201D/Nastbastaparti190
2016M05,2016-05-01,2016-05,l,L,L,parliamentary_party,m,M,M,parliamentary_party,40.6,6.1,observed,ME/ME0201/ME0201D/Nastbastaparti190
2016M05,2016-05-01,2016-05,l,L,L,parliamentary_party,mp,MP,MP,parliamentary_party,4.6,2.5,observed,ME/ME0201/ME0201D/Nastbastaparti190
2016M05,2016-05-01,2016-05,l,L,L,parliamentary_party,s,S,S,parliamentary_party,10.3,3.9,observed,ME/ME0201/ME0201D/Nastbastaparti190
2016M05,2016-05-01,2016-05,l,L,L,parliamentary_party,v,V,V,parliamentary_party,,,suppressed,ME/ME0201/ME0201D/Nastbastaparti190
2016M05,2016-05-01,2016-05,l,L,L,parliamentary_party,vet ej,vet ej/uppgift saknas,DONT_KNOW,dont_know,7.6,3.8,observed,ME/ME0201/ME0201D/Nastbastaparti190
2016M05,2016-05-01,2016-05,l,L,L,parliamentary_party,övr,övriga,OTHER,other_party,,,suppressed,ME/ME0201/ME0201D/Nastbastaparti190
2016M05,2016-05-01,2016-05,m,M,M,parliamentary_party,SD,SD,SD,parliamentary_party,11.3,2.1,observed,ME/ME0201/ME0201D/Nastbastaparti190
2016M05,2016-05-01,2016-05,m,M,M,parliamentary_party,c,C,C,parliamentary_party,17.2,2.3,observed,ME/ME0201/ME0201D/Nastbastaparti190
2016M05,2016-05-01,2016-05,m,M,M,parliamentary_party,inget parti,inget parti,NO_SECOND_CHOICE,no_second_choice,10.3,2.0,observed,ME/ME0201/ME0201D/Nastbastaparti190
2016M05,2016-05-01,2016-05,m,M,M,parliamentary_party,kd,KD,KD,parliamentary_party,7.6,1.6,observed,ME/ME0201/ME0201D/Nastbastaparti190
2016M05,2016-05-01,2016-05,m,M,M,parliamentary_party,l,L,L,parliamentary_party,29.6,2.7,observed,ME/ME0201/ME0201D/Nastbastaparti190
2016M05,2016-05-01,2016-05,m,M,M,parliamentary_party,m,M,M,parliamentary_party,0.0,0.0,observed,ME/ME0201/ME0201D/Nastbastaparti190
2016M05,2016-05-01,2016-05,m,M,M,parliamentary_party,mp,MP,MP,parliamentary_party,3.7,1.4,observed,ME/ME0201/ME0201D/Nastbastaparti190
2016M05,2016-05-01,2016-05,m,M,M,parliamentary_party,s,S,S,parliamentary_party,8.4,1.8,observed,ME/ME0201/ME0201D/Nastbastaparti190
2016M05,2016-05-01,2016-05,m,M,M,parliamentary_party,v,V,V,parliamentary_party,0.9,0.7,observed,ME/ME0201/ME0201D/Nastbastaparti190
2016M05,2016-05-01,2016-05,m,M,M,parliamentary_party,vet ej,vet ej/uppgift saknas,DONT_KNOW,dont_know,10.9,2.1,observed,ME/ME0201/ME0201D/Nastbastaparti190
2016M05,2016-05-01,2016-05,m,M,M,parliamentary_party,övr,övriga,OTHER,other_party,,,suppressed,ME/ME0201/ME0201D/Nastbastaparti190
2016M05,2016-05-01,2016-05,mp,MP,MP,parliamentary_party,SD,SD,SD,parliamentary_party,,,suppressed,ME/ME0201/ME0201D/Nastbastaparti190
2016M05,2016-05-01,2016-05,mp,MP,MP,parliamentary_party,c,C,C,parliamentary_party,9.9,3.9,observed,ME/ME0201/ME0201D/Nastbastaparti190
2016M05,2016-05-01,2016-05,mp,MP,MP,parliamentary_party,inget parti,inget parti,NO_SECOND_CHOICE,no_second_choice,9.3,3.9,observed,ME/ME0201/ME0201D/Nastbastaparti190
2016M05,2016-05-01,2016-05,mp,MP,MP,parliamentary_party,kd,KD,KD,parliamentary_party,0.0,0.0,observed,ME/ME0201/ME0201D/Nastbastaparti190
2016M05,2016-05-01,2016-05,mp,MP,MP,parliamentary_party,l,L,L,parliamentary_party,7.4,4.2,observed,ME/ME0201/ME0201D/Nastbastaparti190
2016M05,2016-05-01,2016-05,mp,MP,MP,parliamentary_party,m,M,M,parliamentary_party,2.5,1.9,observed,ME/ME0201/ME0201D/Nastbastaparti190
2016M05,2016-05-01,2016-05,mp,MP,MP,parliamentary_party,mp,MP,MP,parliamentary_party,0.0,0.0,observed,ME/ME0201/ME0201D/Nastbastaparti190
2016M05,2016-05-01,2016-05,mp,MP,MP,parliamentary_party,s,S,S,parliamentary_party,37.5,7.3,observed,ME/ME0201/ME0201D/Nastbastaparti190
2016M05,2016-05-01,2016-05,mp,MP,MP,parliamentary_party,v,V,V,parliamentary_party,16.1,5.3,observed,ME/ME0201/ME0201D/Nastbastaparti190
2016M05,2016-05-01,2016-05,mp,MP,MP,parliamentary_party,vet ej,vet ej/uppgift saknas,DONT_KNOW,dont_know,9.0,4.8,observed,ME/ME0201/ME0201D/Nastbastaparti190
2016M05,2016-05-01,2016-05,mp,MP,MP,parliamentary_party,övr,övriga,OTHER,other_party,6.4,3.3,observed,ME/ME0201/ME0201D/Nastbastaparti190
2016M05,2016-05-01,2016-05,s,S,S,parliamentary_party,SD,SD,SD,parliamentary_party,2.7,1.1,observed,ME/ME0201/ME0201D/Nastbastaparti190
2016M05,2016-05-01,2016-05,s,S,S,parliamentary_party,c,C,C,parliamentary_party,5.4,1.3,observed,ME/ME0201/ME0201D/Nastbastaparti190
2016M05,2016-05-01,2016-05,s,S,S,parliamentary_party,inget parti,inget parti,NO_SECOND_CHOICE,no_second_choice,17.6,2.3,observed,ME/ME0201/ME0201D/Nastbastaparti190
2016M05,2016-05-01,2016-05,s,S,S,parliamentary_party,kd,KD,KD,parliamentary_party,1.3,0.7,observed,ME/ME0201/ME0201D/Nastbastaparti190
2016M05,2016-05-01,2016-05,s,S,S,parliamentary_party,l,L,L,parliamentary_party,6.5,1.5,observed,ME/ME0201/ME0201D/Nastbastaparti190
2016M05,2016-05-01,2016-05,s,S,S,parliamentary_party,m,M,M,parliamentary_party,11.7,2.0,observed,ME/ME0201/ME0201D/Nastbastaparti190
2016M05,2016-05-01,2016-05,s,S,S,parliamentary_party,mp,MP,MP,parliamentary_party,15.5,2.2,observed,ME/ME0201/ME0201D/Nastbastaparti190
2016M05,2016-05-01,2016-05,s,S,S,parliamentary_party,s,S,S,parliamentary_party,0.0,0.0,observed,ME/ME0201/ME0201D/Nastbastaparti190
2016M05,2016-05-01,2016-05,s,S,S,parliamentary_party,v,V,V,parliamentary_party,23.2,2.3,observed,ME/ME0201/ME0201D/Nastbastaparti190
2016M05,2016-05-01,2016-05,s,S,S,parliamentary_party,vet ej,vet ej/uppgift saknas,DONT_KNOW,dont_know,14.5,2.1,observed,ME/ME0201/ME0201D/Nastbastaparti190
2016M05,2016-05-01,2016-05,s,S,S,parliamentary_party,övr,övriga,OTHER,other_party,1.7,0.7,observed,ME/ME0201/ME0201D/Nastbastaparti190
2016M05,2016-05-01,2016-05,v,V,V,parliamentary_party,SD,SD,SD,parliamentary_party,,,suppressed,ME/ME0201/ME0201D/Nastbastaparti190
2016M05,2016-05-01,2016-05,v,V,V,parliamentary_party,c,C,C,parliamentary_party,,,suppressed,ME/ME0201/ME0201D/Nastbastaparti190
2016M05,2016-05-01,2016-05,v,V,V,parliamentary_party,inget parti,inget parti,NO_SECOND_CHOICE,no_second_choice,11.6,4.3,observed,ME/ME0201/ME0201D/Nastbastaparti190
2016M05,2016-05-01,2016-05,v,V,V,parliamentary_party,kd,KD,KD,parliamentary_party,0.0,0.0,observed,ME/ME0201/ME0201D/Nastbastaparti190
2016M05,2016-05-01,2016-05,v,V,V,parliamentary_party,l,L,L,parliamentary_party,,,suppressed,ME/ME0201/ME0201D/Nastbastaparti190
2016M05,2016-05-01,2016-05,v,V,V,parliamentary_party,m,M,M,parliamentary_party,3.2,2.2,observed,ME/ME0201/ME0201D/Nastbastaparti190
2016M05,2016-05-01,2016-05,v,V,V,parliamentary_party,mp,MP,MP,parliamentary_party,17.3,4.7,observed,ME/ME0201/ME0201D/Nastbastaparti190
2016M05,2016-05-01,2016-05,v,V,V,parliamentary_party,s,S,S,parliamentary_party,42.9,6.2,observed,ME/ME0201/ME0201D/Nastbastaparti190
2016M05,2016-05-01,2016-05,v,V,V,parliamentary_party,v,V,V,parliamentary_party,0.0,0.0,observed,ME/ME0201/ME0201D/Nastbastaparti190
2016M05,2016-05-01,2016-05,v,V,V,parliamentary_party,vet ej,vet ej/uppgift saknas,DONT_KNOW,dont_know,4.6,2.5,observed,ME/ME0201/ME0201D/Nastbastaparti190
2016M05,2016-05-01,2016-05,v,V,V,parliamentary_party,övr,övriga,OTHER,other_party,17.1,4.6,observed,ME/ME0201/ME0201D/Nastbastaparti190
2016M05,2016-05-01,2016-05,övr,övriga,OTHER,other_party,SD,SD,SD,parliamentary_party,,,suppressed,ME/ME0201/ME0201D/Nastbastaparti190
2016M05,2016-05-01,2016-05,övr,övriga,OTHER,other_party,c,C,C,parliamentary_party,,,suppressed,ME/ME0201/ME0201D/Nastbastaparti190
2016M05,2016-05-01,2016-05,övr,övriga,OTHER,other_party,inget parti,inget parti,NO_SECOND_CHOICE,no_second_choice,4.8,4.1,observed,ME/ME0201/ME0201D/Nastbastaparti190
2016M05,2016-05-01,2016-05,övr,övriga,OTHER,other_party,kd,KD,KD,parliamentary_party,,,suppressed,ME/ME0201/ME0201D/Nastbastaparti190
2016M05,2016-05-01,2016-05,övr,övriga,OTHER,other_party,l,L,L,parliamentary_party,,,suppressed,ME/ME0201/ME0201D/Nastbastaparti190
2016M05,2016-05-01,2016-05,övr,övriga,OTHER,other_party,m,M,M,parliamentary_party,7.7,5.7,observed,ME/ME0201/ME0201D/Nastbastaparti190
2016M05,2016-05-01,2016-05,övr,övriga,OTHER,other_party,mp,MP,MP,parliamentary_party,18.1,8.4,observed,ME/ME0201/ME0201D/Nastbastaparti190
2016M05,2016-05-01,2016-05,övr,övriga,OTHER,other_party,s,S,S,parliamentary_party,17.4,8.3,observed,ME/ME0201/ME0201D/Nastbastaparti190
2016M05,2016-05-01,2016-05,övr,övriga,OTHER,other_party,v,V,V,parliamentary_party,27.4,9.6,observed,ME/ME0201/ME0201D/Nastbastaparti190
2016M05,2016-05-01,2016-05,övr,övriga,OTHER,other_party,vet ej,vet ej/uppgift saknas,DONT_KNOW,dont_know,11.8,8.7,observed,ME/ME0201/ME0201D/Nastbastaparti190
2016M05,2016-05-01,2016-05,övr,övriga,OTHER,other_party,övr,övriga,OTHER,other_party,,,suppressed,ME/ME0201/ME0201D/Nastbastaparti190
2016M11,2016-11-01,2016-11,SD,SD,SD,parliamentary_party,SD,SD,SD,parliamentary_party,0.0,0.0,observed,ME/ME0201/ME0201D/Nastbastaparti190
2016M11,2016-11-01,2016-11,SD,SD,SD,parliamentary_party,c,C,C,parliamentary_party,3.3,1.5,observed,ME/ME0201/ME0201D/Nastbastaparti190
2016M11,2016-11-01,2016-11,SD,SD,SD,parliamentary_party,inget parti,inget parti,NO_SECOND_CHOICE,no_second_choice,21.8,3.8,observed,ME/ME0201/ME0201D/Nastbastaparti190
2016M11,2016-11-01,2016-11,SD,SD,SD,parliamentary_party,kd,KD,KD,parliamentary_party,9.6,2.6,observed,ME/ME0201/ME0201D/Nastbastaparti190
2016M11,2016-11-01,2016-11,SD,SD,SD,parliamentary_party,l,L,L,parliamentary_party,3.6,1.5,observed,ME/ME0201/ME0201D/Nastbastaparti190
2016M11,2016-11-01,2016-11,SD,SD,SD,parliamentary_party,m,M,M,parliamentary_party,38.2,4.2,observed,ME/ME0201/ME0201D/Nastbastaparti190
2016M11,2016-11-01,2016-11,SD,SD,SD,parliamentary_party,mp,MP,MP,parliamentary_party,,,suppressed,ME/ME0201/ME0201D/Nastbastaparti190
2016M11,2016-11-01,2016-11,SD,SD,SD,parliamentary_party,s,S,S,parliamentary_party,10.7,2.6,observed,ME/ME0201/ME0201D/Nastbastaparti190
2016M11,2016-11-01,2016-11,SD,SD,SD,parliamentary_party,v,V,V,parliamentary_party,1.5,1.1,observed,ME/ME0201/ME0201D/Nastbastaparti190
2016M11,2016-11-01,2016-11,SD,SD,SD,parliamentary_party,vet ej,vet ej/uppgift saknas,DONT_KNOW,dont_know,9.8,2.6,observed,ME/ME0201/ME0201D/Nastbastaparti190
2016M11,2016-11-01,2016-11,SD,SD,SD,parliamentary_party,övr,övriga,OTHER,other_party,1.4,1.1,observed,ME/ME0201/ME0201D/Nastbastaparti190
2016M11,2016-11-01,2016-11,c,C,C,parliamentary_party,SD,SD,SD,parliamentary_party,3.1,1.9,observed,ME/ME0201/ME0201D/Nastbastaparti190
2016M11,2016-11-01,2016-11,c,C,C,parliamentary_party,c,C,C,parliamentary_party,0.0,0.0,observed,ME/ME0201/ME0201D/Nastbastaparti190
2016M11,2016-11-01,2016-11,c,C,C,parliamentary_party,inget parti,inget parti,NO_SECOND_CHOICE,no_second_choice,7.0,2.8,observed,ME/ME0201/ME0201D/Nastbastaparti190
2016M11,2016-11-01,2016-11,c,C,C,parliamentary_party,kd,KD,KD,parliamentary_party,4.9,2.3,observed,ME/ME0201/ME0201D/Nastbastaparti190
2016M11,2016-11-01,2016-11,c,C,C,parliamentary_party,l,L,L,parliamentary_party,22.4,4.9,observed,ME/ME0201/ME0201D/Nastbastaparti190
2016M11,2016-11-01,2016-11,c,C,C,parliamentary_party,m,M,M,parliamentary_party,37.0,5.4,observed,ME/ME0201/ME0201D/Nastbastaparti190
2016M11,2016-11-01,2016-11,c,C,C,parliamentary_party,mp,MP,MP,parliamentary_party,4.7,2.3,observed,ME/ME0201/ME0201D/Nastbastaparti190
2016M11,2016-11-01,2016-11,c,C,C,parliamentary_party,s,S,S,parliamentary_party,8.1,3.1,observed,ME/ME0201/ME0201D/Nastbastaparti190
2016M11,2016-11-01,2016-11,c,C,C,parliamentary_party,v,V,V,parliamentary_party,,,suppressed,ME/ME0201/ME0201D/Nastbastaparti190
2016M11,2016-11-01,2016-11,c,C,C,parliamentary_party,vet ej,vet ej/uppgift saknas,DONT_KNOW,dont_know,11.3,3.7,observed,ME/ME0201/ME0201D/Nastbastaparti190
2016M11,2016-11-01,2016-11,c,C,C,parliamentary_party,övr,övriga,OTHER,other_party,,,suppressed,ME/ME0201/ME0201D/Nastbastaparti190
2016M11,2016-11-01,2016-11,hela väljarkåren,hela väljarkåren,TOTAL_ELECTORATE,total_electorate,SD,SD,SD,parliamentary_party,4.6,0.6,observed,ME/ME0201/ME0201D/Nastbastaparti190
2016M11,2016-11-01,2016-11,hela väljarkåren,hela väljarkåren,TOTAL_ELECTORATE,total_electorate,c,C,C,parliamentary_party,6.9,0.7,observed,ME/ME0201/ME0201D/Nastbastaparti190
2016M11,2016-11-01,2016-11,hela väljarkåren,hela väljarkåren,TOTAL_ELECTORATE,total_electorate,inget parti,inget parti,NO_SECOND_CHOICE,no_second_choice,10.1,0.9,observed,ME/ME0201/ME0201D/Nastbastaparti190
2016M11,2016-11-01,2016-11,hela väljarkåren,hela väljarkåren,TOTAL_ELECTORATE,total_electorate,kd,KD,KD,parliamentary_party,3.2,0.5,observed,ME/ME0201/ME0201D/Nastbastaparti190
2016M11,2016-11-01,2016-11,hela väljarkåren,hela väljarkåren,TOTAL_ELECTORATE,total_electorate,l,L,L,parliamentary_party,9.9,0.8,observed,ME/ME0201/ME0201D/Nastbastaparti190
2016M11,2016-11-01,2016-11,hela väljarkåren,hela väljarkåren,TOTAL_ELECTORATE,total_electorate,m,M,M,parliamentary_party,13.3,1.0,observed,ME/ME0201/ME0201D/Nastbastaparti190
2016M11,2016-11-01,2016-11,hela väljarkåren,hela väljarkåren,TOTAL_ELECTORATE,total_electorate,mp,MP,MP,parliamentary_party,6.9,0.7,observed,ME/ME0201/ME0201D/Nastbastaparti190
2016M11,2016-11-01,2016-11,hela väljarkåren,hela väljarkåren,TOTAL_ELECTORATE,total_electorate,s,S,S,parliamentary_party,7.7,0.8,observed,ME/ME0201/ME0201D/Nastbastaparti190
2016M11,2016-11-01,2016-11,hela väljarkåren,hela väljarkåren,TOTAL_ELECTORATE,total_electorate,v,V,V,parliamentary_party,6.7,0.7,observed,ME/ME0201/ME0201D/Nastbastaparti190
2016M11,2016-11-01,2016-11,hela väljarkåren,hela väljarkåren,TOTAL_ELECTORATE,total_electorate,vet ej,vet ej/uppgift saknas,DONT_KNOW,dont_know,28.6,1.4,observed,ME/ME0201/ME0201D/Nastbastaparti190
2016M11,2016-11-01,2016-11,hela väljarkåren,hela väljarkåren,TOTAL_ELECTORATE,total_electorate,övr,övriga,OTHER,other_party,2.2,0.4,observed,ME/ME0201/ME0201D/Nastbastaparti190
2016M11,2016-11-01,2016-11,ingen sympati/vet ej,ingen sympati/vet ej,NO_SYMPATHY_OR_DONT_KNOW,no_sympathy,SD,SD,SD,parliamentary_party,0.0,0.0,observed,ME/ME0201/ME0201D/Nastbastaparti190
2016M11,2016-11-01,2016-11,ingen sympati/vet ej,ingen sympati/vet ej,NO_SYMPATHY_OR_DONT_KNOW,no_sympathy,c,C,C,parliamentary_party,0.0,0.0,observed,ME/ME0201/ME0201D/Nastbastaparti190
2016M11,2016-11-01,2016-11,ingen sympati/vet ej,ingen sympati/vet ej,NO_SYMPATHY_OR_DONT_KNOW,no_sympathy,inget parti,inget parti,NO_SECOND_CHOICE,no_second_choice,0.0,0.0,observed,ME/ME0201/ME0201D/Nastbastaparti190
2016M11,2016-11-01,2016-11,ingen sympati/vet ej,ingen sympati/vet ej,NO_SYMPATHY_OR_DONT_KNOW,no_sympathy,kd,KD,KD,parliamentary_party,0.0,0.0,observed,ME/ME0201/ME0201D/Nastbastaparti190
2016M11,2016-11-01,2016-11,ingen sympati/vet ej,ingen sympati/vet ej,NO_SYMPATHY_OR_DONT_KNOW,no_sympathy,l,L,L,parliamentary_party,0.0,0.0,observed,ME/ME0201/ME0201D/Nastbastaparti190
2016M11,2016-11-01,2016-11,ingen sympati/vet ej,ingen sympati/vet ej,NO_SYMPATHY_OR_DONT_KNOW,no_sympathy,m,M,M,parliamentary_party,0.0,0.0,observed,ME/ME0201/ME0201D/Nastbastaparti190
2016M11,2016-11-01,2016-11,ingen sympati/vet ej,ingen sympati/vet ej,NO_SYMPATHY_OR_DONT_KNOW,no_sympathy,mp,MP,MP,parliamentary_party,0.0,0.0,observed,ME/ME0201/ME0201D/Nastbastaparti190
2016M11,2016-11-01,2016-11,ingen sympati/vet ej,ingen sympati/vet ej,NO_SYMPATHY_OR_DONT_KNOW,no_sympathy,s,S,S,parliamentary_party,0.0,0.0,observed,ME/ME0201/ME0201D/Nastbastaparti190
2016M11,2016-11-01,2016-11,ingen sympati/vet ej,ingen sympati/vet ej,NO_SYMPATHY_OR_DONT_KNOW,no_sympathy,v,V,V,parliamentary_party,0.0,0.0,observed,ME/ME0201/ME0201D/Nastbastaparti190
2016M11,2016-11-01,2016-11,ingen sympati/vet ej,ingen sympati/vet ej,NO_SYMPATHY_OR_DONT_KNOW,no_sympathy,vet ej,vet ej/uppgift saknas,DONT_KNOW,dont_know,100.0,0.0,observed,ME/ME0201/ME0201D/Nastbastaparti190
2016M11,2016-11-01,2016-11,ingen sympati/vet ej,ingen sympati/vet ej,NO_SYMPATHY_OR_DONT_KNOW,no_sympathy,övr,övriga,OTHER,other_party,0.0,0.0,observed,ME/ME0201/ME0201D/Nastbastaparti190
2016M11,2016-11-01,2016-11,kd,KD,KD,parliamentary_party,SD,SD,SD,parliamentary_party,11.2,6.3,observed,ME/ME0201/ME0201D/Nastbastaparti190
2016M11,2016-11-01,2016-11,kd,KD,KD,parliamentary_party,c,C,C,parliamentary_party,15.1,6.1,observed,ME/ME0201/ME0201D/Nastbastaparti190
2016M11,2016-11-01,2016-11,kd,KD,KD,parliamentary_party,inget parti,inget parti,NO_SECOND_CHOICE,no_second_choice,3.4,3.0,observed,ME/ME0201/ME0201D/Nastbastaparti190
2016M11,2016-11-01,2016-11,kd,KD,KD,parliamentary_party,kd,KD,KD,parliamentary_party,0.0,0.0,observed,ME/ME0201/ME0201D/Nastbastaparti190
2016M11,2016-11-01,2016-11,kd,KD,KD,parliamentary_party,l,L,L,parliamentary_party,10.6,5.2,observed,ME/ME0201/ME0201D/Nastbastaparti190
2016M11,2016-11-01,2016-11,kd,KD,KD,parliamentary_party,m,M,M,parliamentary_party,37.4,8.3,observed,ME/ME0201/ME0201D/Nastbastaparti190
2016M11,2016-11-01,2016-11,kd,KD,KD,parliamentary_party,mp,MP,MP,parliamentary_party,5.0,3.6,observed,ME/ME0201/ME0201D/Nastbastaparti190
2016M11,2016-11-01,2016-11,kd,KD,KD,parliamentary_party,s,S,S,parliamentary_party,6.6,5.3,observed,ME/ME0201/ME0201D/Nastbastaparti190
2016M11,2016-11-01,2016-11,kd,KD,KD,parliamentary_party,v,V,V,parliamentary_party,,,suppressed,ME/ME0201/ME0201D/Nastbastaparti190
2016M11,2016-11-01,2016-11,kd,KD,KD,parliamentary_party,vet ej,vet ej/uppgift saknas,DONT_KNOW,dont_know,8.7,4.8,observed,ME/ME0201/ME0201D/Nastbastaparti190
2016M11,2016-11-01,2016-11,kd,KD,KD,parliamentary_party,övr,övriga,OTHER,other_party,,,suppressed,ME/ME0201/ME0201D/Nastbastaparti190
2016M11,2016-11-01,2016-11,l,L,L,parliamentary_party,SD,SD,SD,parliamentary_party,4.1,2.7,observed,ME/ME0201/ME0201D/Nastbastaparti190
2016M11,2016-11-01,2016-11,l,L,L,parliamentary_party,c,C,C,parliamentary_party,22.9,5.5,observed,ME/ME0201/ME0201D/Nastbastaparti190
2016M11,2016-11-01,2016-11,l,L,L,parliamentary_party,inget parti,inget parti,NO_SECOND_CHOICE,no_second_choice,7.9,3.4,observed,ME/ME0201/ME0201D/Nastbastaparti190
2016M11,2016-11-01,2016-11,l,L,L,parliamentary_party,kd,KD,KD,parliamentary_party,3.6,2.4,observed,ME/ME0201/ME0201D/Nastbastaparti190
2016M11,2016-11-01,2016-11,l,L,L,parliamentary_party,l,L,L,parliamentary_party,0.0,0.0,observed,ME/ME0201/ME0201D/Nastbastaparti190
2016M11,2016-11-01,2016-11,l,L,L,parliamentary_party,m,M,M,parliamentary_party,37.2,6.7,observed,ME/ME0201/ME0201D/Nastbastaparti190
2016M11,2016-11-01,2016-11,l,L,L,parliamentary_party,mp,MP,MP,parliamentary_party,3.8,2.5,observed,ME/ME0201/ME0201D/Nastbastaparti190
2016M11,2016-11-01,2016-11,l,L,L,parliamentary_party,s,S,S,parliamentary_party,9.3,4.6,observed,ME/ME0201/ME0201D/Nastbastaparti190
2016M11,2016-11-01,2016-11,l,L,L,parliamentary_party,v,V,V,parliamentary_party,,,suppressed,ME/ME0201/ME0201D/Nastbastaparti190
2016M11,2016-11-01,2016-11,l,L,L,parliamentary_party,vet ej,vet ej/uppgift saknas,DONT_KNOW,dont_know,9.2,4.8,observed,ME/ME0201/ME0201D/Nastbastaparti190
2016M11,2016-11-01,2016-11,l,L,L,parliamentary_party,övr,övriga,OTHER,other_party,,,suppressed,ME/ME0201/ME0201D/Nastbastaparti190
2016M11,2016-11-01,2016-11,m,M,M,parliamentary_party,SD,SD,SD,parliamentary_party,13.4,2.2,observed,ME/ME0201/ME0201D/Nastbastaparti190
2016M11,2016-11-01,2016-11,m,M,M,parliamentary_party,c,C,C,parliamentary_party,17.4,2.3,observed,ME/ME0201/ME0201D/Nastbastaparti190
2016M11,2016-11-01,2016-11,m,M,M,parliamentary_party,inget parti,inget parti,NO_SECOND_CHOICE,no_second_choice,10.6,2.1,observed,ME/ME0201/ME0201D/Nastbastaparti190
2016M11,2016-11-01,2016-11,m,M,M,parliamentary_party,kd,KD,KD,parliamentary_party,6.1,1.4,observed,ME/ME0201/ME0201D/Nastbastaparti190
2016M11,2016-11-01,2016-11,m,M,M,parliamentary_party,l,L,L,parliamentary_party,28.1,2.8,observed,ME/ME0201/ME0201D/Nastbastaparti190
2016M11,2016-11-01,2016-11,m,M,M,parliamentary_party,m,M,M,parliamentary_party,0.0,0.0,observed,ME/ME0201/ME0201D/Nastbastaparti190
2016M11,2016-11-01,2016-11,m,M,M,parliamentary_party,mp,MP,MP,parliamentary_party,3.1,1.2,observed,ME/ME0201/ME0201D/Nastbastaparti190
2016M11,2016-11-01,2016-11,m,M,M,parliamentary_party,s,S,S,parliamentary_party,8.0,1.8,observed,ME/ME0201/ME0201D/Nastbastaparti190
2016M11,2016-11-01,2016-11,m,M,M,parliamentary_party,v,V,V,parliamentary_party,0.4,0.4,observed,ME/ME0201/ME0201D/Nastbastaparti190
2016M11,2016-11-01,2016-11,m,M,M,parliamentary_party,vet ej,vet ej/uppgift saknas,DONT_KNOW,dont_know,12.7,2.2,observed,ME/ME0201/ME0201D/Nastbastaparti190
2016M11,2016-11-01,2016-11,m,M,M,parliamentary_party,övr,övriga,OTHER,other_party,,,suppressed,ME/ME0201/ME0201D/Nastbastaparti190
2016M11,2016-11-01,2016-11,mp,MP,MP,parliamentary_party,SD,SD,SD,parliamentary_party,,,suppressed,ME/ME0201/ME0201D/Nastbastaparti190
2016M11,2016-11-01,2016-11,mp,MP,MP,parliamentary_party,c,C,C,parliamentary_party,8.3,3.5,observed,ME/ME0201/ME0201D/Nastbastaparti190
2016M11,2016-11-01,2016-11,mp,MP,MP,parliamentary_party,inget parti,inget parti,NO_SECOND_CHOICE,no_second_choice,12.8,5.6,observed,ME/ME0201/ME0201D/Nastbastaparti190
2016M11,2016-11-01,2016-11,mp,MP,MP,parliamentary_party,kd,KD,KD,parliamentary_party,,,suppressed,ME/ME0201/ME0201D/Nastbastaparti190
2016M11,2016-11-01,2016-11,mp,MP,MP,parliamentary_party,l,L,L,parliamentary_party,4.5,2.7,observed,ME/ME0201/ME0201D/Nastbastaparti190
2016M11,2016-11-01,2016-11,mp,MP,MP,parliamentary_party,m,M,M,parliamentary_party,4.5,3.6,observed,ME/ME0201/ME0201D/Nastbastaparti190
2016M11,2016-11-01,2016-11,mp,MP,MP,parliamentary_party,mp,MP,MP,parliamentary_party,0.0,0.0,observed,ME/ME0201/ME0201D/Nastbastaparti190
2016M11,2016-11-01,2016-11,mp,MP,MP,parliamentary_party,s,S,S,parliamentary_party,31.7,6.6,observed,ME/ME0201/ME0201D/Nastbastaparti190
2016M11,2016-11-01,2016-11,mp,MP,MP,parliamentary_party,v,V,V,parliamentary_party,16.9,5.3,observed,ME/ME0201/ME0201D/Nastbastaparti190
2016M11,2016-11-01,2016-11,mp,MP,MP,parliamentary_party,vet ej,vet ej/uppgift saknas,DONT_KNOW,dont_know,15.4,5.7,observed,ME/ME0201/ME0201D/Nastbastaparti190
2016M11,2016-11-01,2016-11,mp,MP,MP,parliamentary_party,övr,övriga,OTHER,other_party,4.6,3.0,observed,ME/ME0201/ME0201D/Nastbastaparti190
2016M11,2016-11-01,2016-11,s,S,S,parliamentary_party,SD,SD,SD,parliamentary_party,4.6,1.3,observed,ME/ME0201/ME0201D/Nastbastaparti190
2016M11,2016-11-01,2016-11,s,S,S,parliamentary_party,c,C,C,parliamentary_party,5.4,1.2,observed,ME/ME0201/ME0201D/Nastbastaparti190
2016M11,2016-11-01,2016-11,s,S,S,parliamentary_party,inget parti,inget parti,NO_SECOND_CHOICE,no_second_choice,13.5,2.0,observed,ME/ME0201/ME0201D/Nastbastaparti190
2016M11,2016-11-01,2016-11,s,S,S,parliamentary_party,kd,KD,KD,parliamentary_party,0.9,0.5,observed,ME/ME0201/ME0201D/Nastbastaparti190
2016M11,2016-11-01,2016-11,s,S,S,parliamentary_party,l,L,L,parliamentary_party,8.3,1.5,observed,ME/ME0201/ME0201D/Nastbastaparti190
2016M11,2016-11-01,2016-11,s,S,S,parliamentary_party,m,M,M,parliamentary_party,12.7,2.0,observed,ME/ME0201/ME0201D/Nastbastaparti190
2016M11,2016-11-01,2016-11,s,S,S,parliamentary_party,mp,MP,MP,parliamentary_party,15.9,2.1,observed,ME/ME0201/ME0201D/Nastbastaparti190
2016M11,2016-11-01,2016-11,s,S,S,parliamentary_party,s,S,S,parliamentary_party,0.0,0.0,observed,ME/ME0201/ME0201D/Nastbastaparti190
2016M11,2016-11-01,2016-11,s,S,S,parliamentary_party,v,V,V,parliamentary_party,19.7,2.2,observed,ME/ME0201/ME0201D/Nastbastaparti190
2016M11,2016-11-01,2016-11,s,S,S,parliamentary_party,vet ej,vet ej/uppgift saknas,DONT_KNOW,dont_know,17.4,2.3,observed,ME/ME0201/ME0201D/Nastbastaparti190
2016M11,2016-11-01,2016-11,s,S,S,parliamentary_party,övr,övriga,OTHER,other_party,1.6,0.7,observed,ME/ME0201/ME0201D/Nastbastaparti190
2016M11,2016-11-01,2016-11,v,V,V,parliamentary_party,SD,SD,SD,parliamentary_party,,,suppressed,ME/ME0201/ME0201D/Nastbastaparti190
2016M11,2016-11-01,2016-11,v,V,V,parliamentary_party,c,C,C,parliamentary_party,,,suppressed,ME/ME0201/ME0201D/Nastbastaparti190
2016M11,2016-11-01,2016-11,v,V,V,parliamentary_party,inget parti,inget parti,NO_SECOND_CHOICE,no_second_choice,7.0,2.8,observed,ME/ME0201/ME0201D/Nastbastaparti190
2016M11,2016-11-01,2016-11,v,V,V,parliamentary_party,kd,KD,KD,parliamentary_party,,,suppressed,ME/ME0201/ME0201D/Nastbastaparti190
2016M11,2016-11-01,2016-11,v,V,V,parliamentary_party,l,L,L,parliamentary_party,,,suppressed,ME/ME0201/ME0201D/Nastbastaparti190
2016M11,2016-11-01,2016-11,v,V,V,parliamentary_party,m,M,M,parliamentary_party,1.5,1.3,observed,ME/ME0201/ME0201D/Nastbastaparti190
2016M11,2016-11-01,2016-11,v,V,V,parliamentary_party,mp,MP,MP,parliamentary_party,22.3,4.9,observed,ME/ME0201/ME0201D/Nastbastaparti190
2016M11,2016-11-01,2016-11,v,V,V,parliamentary_party,s,S,S,parliamentary_party,39.7,5.6,observed,ME/ME0201/ME0201D/Nastbastaparti190
2016M11,2016-11-01,2016-11,v,V,V,parliamentary_party,v,V,V,parliamentary_party,0.0,0.0,observed,ME/ME0201/ME0201D/Nastbastaparti190
2016M11,2016-11-01,2016-11,v,V,V,parliamentary_party,vet ej,vet ej/uppgift saknas,DONT_KNOW,dont_know,7.0,3.3,observed,ME/ME0201/ME0201D/Nastbastaparti190
2016M11,2016-11-01,2016-11,v,V,V,parliamentary_party,övr,övriga,OTHER,other_party,20.8,4.8,observed,ME/ME0201/ME0201D/Nastbastaparti190
2016M11,2016-11-01,2016-11,övr,övriga,OTHER,other_party,SD,SD,SD,parliamentary_party,4.6,3.9,observed,ME/ME0201/ME0201D/Nastbastaparti190
2016M11,2016-11-01,2016-11,övr,övriga,OTHER,other_party,c,C,C,parliamentary_party,3.5,3.5,observed,ME/ME0201/ME0201D/Nastbastaparti190
2016M11,2016-11-01,2016-11,övr,övriga,OTHER,other_party,inget parti,inget parti,NO_SECOND_CHOICE,no_second_choice,4.6,4.0,observed,ME/ME0201/ME0201D/Nastbastaparti190
2016M11,2016-11-01,2016-11,övr,övriga,OTHER,other_party,kd,KD,KD,parliamentary_party,3.1,3.1,observed,ME/ME0201/ME0201D/Nastbastaparti190
2016M11,2016-11-01,2016-11,övr,övriga,OTHER,other_party,l,L,L,parliamentary_party,,,suppressed,ME/ME0201/ME0201D/Nastbastaparti190
2016M11,2016-11-01,2016-11,övr,övriga,OTHER,other_party,m,M,M,parliamentary_party,,,suppressed,ME/ME0201/ME0201D/Nastbastaparti190
2016M11,2016-11-01,2016-11,övr,övriga,OTHER,other_party,mp,MP,MP,parliamentary_party,22.4,8.8,observed,ME/ME0201/ME0201D/Nastbastaparti190
2016M11,2016-11-01,2016-11,övr,övriga,OTHER,other_party,s,S,S,parliamentary_party,11.9,7.2,observed,ME/ME0201/ME0201D/Nastbastaparti190
2016M11,2016-11-01,2016-11,övr,övriga,OTHER,other_party,v,V,V,parliamentary_party,30.9,9.6,observed,ME/ME0201/ME0201D/Nastbastaparti190
2016M11,2016-11-01,2016-11,övr,övriga,OTHER,other_party,vet ej,vet ej/uppgift saknas,DONT_KNOW,dont_know,6.5,4.5,observed,ME/ME0201/ME0201D/Nastbastaparti190
2016M11,2016-11-01,2016-11,övr,övriga,OTHER,other_party,övr,övriga,OTHER,other_party,,,suppressed,ME/ME0201/ME0201D/Nastbastaparti190
2017M05,2017-05-01,2017-05,SD,SD,SD,parliamentary_party,SD,SD,SD,parliamentary_party,0.0,0.0,observed,ME/ME0201/ME0201D/Nastbastaparti190
2017M05,2017-05-01,2017-05,SD,SD,SD,parliamentary_party,c,C,C,parliamentary_party,4.5,1.7,observed,ME/ME0201/ME0201D/Nastbastaparti190
2017M05,2017-05-01,2017-05,SD,SD,SD,parliamentary_party,inget parti,inget parti,NO_SECOND_CHOICE,no_second_choice,15.3,3.3,observed,ME/ME0201/ME0201D/Nastbastaparti190
2017M05,2017-05-01,2017-05,SD,SD,SD,parliamentary_party,kd,KD,KD,parliamentary_party,7.3,2.3,observed,ME/ME0201/ME0201D/Nastbastaparti190
2017M05,2017-05-01,2017-05,SD,SD,SD,parliamentary_party,l,L,L,parliamentary_party,3.2,1.6,observed,ME/ME0201/ME0201D/Nastbastaparti190
2017M05,2017-05-01,2017-05,SD,SD,SD,parliamentary_party,m,M,M,parliamentary_party,38.5,4.3,observed,ME/ME0201/ME0201D/Nastbastaparti190
2017M05,2017-05-01,2017-05,SD,SD,SD,parliamentary_party,mp,MP,MP,parliamentary_party,1.4,1.0,observed,ME/ME0201/ME0201D/Nastbastaparti190
2017M05,2017-05-01,2017-05,SD,SD,SD,parliamentary_party,s,S,S,parliamentary_party,11.8,2.7,observed,ME/ME0201/ME0201D/Nastbastaparti190
2017M05,2017-05-01,2017-05,SD,SD,SD,parliamentary_party,v,V,V,parliamentary_party,1.8,1.2,observed,ME/ME0201/ME0201D/Nastbastaparti190
2017M05,2017-05-01,2017-05,SD,SD,SD,parliamentary_party,vet ej,vet ej/uppgift saknas,DONT_KNOW,dont_know,13.7,3.2,observed,ME/ME0201/ME0201D/Nastbastaparti190
2017M05,2017-05-01,2017-05,SD,SD,SD,parliamentary_party,övr,övriga,OTHER,other_party,2.5,1.3,observed,ME/ME0201/ME0201D/Nastbastaparti190
2017M05,2017-05-01,2017-05,c,C,C,parliamentary_party,SD,SD,SD,parliamentary_party,2.9,1.7,observed,ME/ME0201/ME0201D/Nastbastaparti190
2017M05,2017-05-01,2017-05,c,C,C,parliamentary_party,c,C,C,parliamentary_party,0.0,0.0,observed,ME/ME0201/ME0201D/Nastbastaparti190
2017M05,2017-05-01,2017-05,c,C,C,parliamentary_party,inget parti,inget parti,NO_SECOND_CHOICE,no_second_choice,6.4,2.2,observed,ME/ME0201/ME0201D/Nastbastaparti190
2017M05,2017-05-01,2017-05,c,C,C,parliamentary_party,kd,KD,KD,parliamentary_party,6.3,2.2,observed,ME/ME0201/ME0201D/Nastbastaparti190
2017M05,2017-05-01,2017-05,c,C,C,parliamentary_party,l,L,L,parliamentary_party,19.5,3.6,observed,ME/ME0201/ME0201D/Nastbastaparti190
2017M05,2017-05-01,2017-05,c,C,C,parliamentary_party,m,M,M,parliamentary_party,27.7,4.1,observed,ME/ME0201/ME0201D/Nastbastaparti190
2017M05,2017-05-01,2017-05,c,C,C,parliamentary_party,mp,MP,MP,parliamentary_party,5.8,2.1,observed,ME/ME0201/ME0201D/Nastbastaparti190
2017M05,2017-05-01,2017-05,c,C,C,parliamentary_party,s,S,S,parliamentary_party,14.6,3.4,observed,ME/ME0201/ME0201D/Nastbastaparti190
2017M05,2017-05-01,2017-05,c,C,C,parliamentary_party,v,V,V,parliamentary_party,1.8,1.2,observed,ME/ME0201/ME0201D/Nastbastaparti190
2017M05,2017-05-01,2017-05,c,C,C,parliamentary_party,vet ej,vet ej/uppgift saknas,DONT_KNOW,dont_know,13.4,3.4,observed,ME/ME0201/ME0201D/Nastbastaparti190
2017M05,2017-05-01,2017-05,c,C,C,parliamentary_party,övr,övriga,OTHER,other_party,1.6,1.3,observed,ME/ME0201/ME0201D/Nastbastaparti190
2017M05,2017-05-01,2017-05,hela väljarkåren,hela väljarkåren,TOTAL_ELECTORATE,total_electorate,SD,SD,SD,parliamentary_party,4.6,0.6,observed,ME/ME0201/ME0201D/Nastbastaparti190
2017M05,2017-05-01,2017-05,hela väljarkåren,hela väljarkåren,TOTAL_ELECTORATE,total_electorate,c,C,C,parliamentary_party,10.7,0.8,observed,ME/ME0201/ME0201D/Nastbastaparti190
2017M05,2017-05-01,2017-05,hela väljarkåren,hela väljarkåren,TOTAL_ELECTORATE,total_electorate,inget parti,inget parti,NO_SECOND_CHOICE,no_second_choice,8.3,0.8,observed,ME/ME0201/ME0201D/Nastbastaparti190
2017M05,2017-05-01,2017-05,hela väljarkåren,hela väljarkåren,TOTAL_ELECTORATE,total_electorate,kd,KD,KD,parliamentary_party,2.8,0.5,observed,ME/ME0201/ME0201D/Nastbastaparti190
2017M05,2017-05-01,2017-05,hela väljarkåren,hela väljarkåren,TOTAL_ELECTORATE,total_electorate,l,L,L,parliamentary_party,7.9,0.7,observed,ME/ME0201/ME0201D/Nastbastaparti190
2017M05,2017-05-01,2017-05,hela väljarkåren,hela väljarkåren,TOTAL_ELECTORATE,total_electorate,m,M,M,parliamentary_party,12.9,1.0,observed,ME/ME0201/ME0201D/Nastbastaparti190
2017M05,2017-05-01,2017-05,hela väljarkåren,hela väljarkåren,TOTAL_ELECTORATE,total_electorate,mp,MP,MP,parliamentary_party,6.7,0.7,observed,ME/ME0201/ME0201D/Nastbastaparti190
2017M05,2017-05-01,2017-05,hela väljarkåren,hela väljarkåren,TOTAL_ELECTORATE,total_electorate,s,S,S,parliamentary_party,8.9,0.8,observed,ME/ME0201/ME0201D/Nastbastaparti190
2017M05,2017-05-01,2017-05,hela väljarkåren,hela väljarkåren,TOTAL_ELECTORATE,total_electorate,v,V,V,parliamentary_party,6.8,0.7,observed,ME/ME0201/ME0201D/Nastbastaparti190
2017M05,2017-05-01,2017-05,hela väljarkåren,hela väljarkåren,TOTAL_ELECTORATE,total_electorate,vet ej,vet ej/uppgift saknas,DONT_KNOW,dont_know,27.8,1.3,observed,ME/ME0201/ME0201D/Nastbastaparti190
2017M05,2017-05-01,2017-05,hela väljarkåren,hela väljarkåren,TOTAL_ELECTORATE,total_electorate,övr,övriga,OTHER,other_party,2.7,0.5,observed,ME/ME0201/ME0201D/Nastbastaparti190
2017M05,2017-05-01,2017-05,ingen sympati/vet ej,ingen sympati/vet ej,NO_SYMPATHY_OR_DONT_KNOW,no_sympathy,SD,SD,SD,parliamentary_party,0.0,0.0,observed,ME/ME0201/ME0201D/Nastbastaparti190
2017M05,2017-05-01,2017-05,ingen sympati/vet ej,ingen sympati/vet ej,NO_SYMPATHY_OR_DONT_KNOW,no_sympathy,c,C,C,parliamentary_party,0.0,0.0,observed,ME/ME0201/ME0201D/Nastbastaparti190
2017M05,2017-05-01,2017-05,ingen sympati/vet ej,ingen sympati/vet ej,NO_SYMPATHY_OR_DONT_KNOW,no_sympathy,inget parti,inget parti,NO_SECOND_CHOICE,no_second_choice,0.0,0.0,observed,ME/ME0201/ME0201D/Nastbastaparti190
2017M05,2017-05-01,2017-05,ingen sympati/vet ej,ingen sympati/vet ej,NO_SYMPATHY_OR_DONT_KNOW,no_sympathy,kd,KD,KD,parliamentary_party,0.0,0.0,observed,ME/ME0201/ME0201D/Nastbastaparti190
2017M05,2017-05-01,2017-05,ingen sympati/vet ej,ingen sympati/vet ej,NO_SYMPATHY_OR_DONT_KNOW,no_sympathy,l,L,L,parliamentary_party,0.0,0.0,observed,ME/ME0201/ME0201D/Nastbastaparti190
2017M05,2017-05-01,2017-05,ingen sympati/vet ej,ingen sympati/vet ej,NO_SYMPATHY_OR_DONT_KNOW,no_sympathy,m,M,M,parliamentary_party,0.0,0.0,observed,ME/ME0201/ME0201D/Nastbastaparti190
2017M05,2017-05-01,2017-05,ingen sympati/vet ej,ingen sympati/vet ej,NO_SYMPATHY_OR_DONT_KNOW,no_sympathy,mp,MP,MP,parliamentary_party,0.0,0.0,observed,ME/ME0201/ME0201D/Nastbastaparti190
2017M05,2017-05-01,2017-05,ingen sympati/vet ej,ingen sympati/vet ej,NO_SYMPATHY_OR_DONT_KNOW,no_sympathy,s,S,S,parliamentary_party,0.0,0.0,observed,ME/ME0201/ME0201D/Nastbastaparti190
2017M05,2017-05-01,2017-05,ingen sympati/vet ej,ingen sympati/vet ej,NO_SYMPATHY_OR_DONT_KNOW,no_sympathy,v,V,V,parliamentary_party,0.0,0.0,observed,ME/ME0201/ME0201D/Nastbastaparti190
2017M05,2017-05-01,2017-05,ingen sympati/vet ej,ingen sympati/vet ej,NO_SYMPATHY_OR_DONT_KNOW,no_sympathy,vet ej,vet ej/uppgift saknas,DONT_KNOW,dont_know,100.0,0.0,observed,ME/ME0201/ME0201D/Nastbastaparti190
2017M05,2017-05-01,2017-05,ingen sympati/vet ej,ingen sympati/vet ej,NO_SYMPATHY_OR_DONT_KNOW,no_sympathy,övr,övriga,OTHER,other_party,0.0,0.0,observed,ME/ME0201/ME0201D/Nastbastaparti190
2017M05,2017-05-01,2017-05,kd,KD,KD,parliamentary_party,SD,SD,SD,parliamentary_party,6.8,4.2,observed,ME/ME0201/ME0201D/Nastbastaparti190
2017M05,2017-05-01,2017-05,kd,KD,KD,parliamentary_party,c,C,C,parliamentary_party,22.9,7.6,observed,ME/ME0201/ME0201D/Nastbastaparti190
2017M05,2017-05-01,2017-05,kd,KD,KD,parliamentary_party,inget parti,inget parti,NO_SECOND_CHOICE,no_second_choice,7.9,4.8,observed,ME/ME0201/ME0201D/Nastbastaparti190
2017M05,2017-05-01,2017-05,kd,KD,KD,parliamentary_party,kd,KD,KD,parliamentary_party,0.0,0.0,observed,ME/ME0201/ME0201D/Nastbastaparti190
2017M05,2017-05-01,2017-05,kd,KD,KD,parliamentary_party,l,L,L,parliamentary_party,8.0,5.0,observed,ME/ME0201/ME0201D/Nastbastaparti190
2017M05,2017-05-01,2017-05,kd,KD,KD,parliamentary_party,m,M,M,parliamentary_party,33.4,8.3,observed,ME/ME0201/ME0201D/Nastbastaparti190
2017M05,2017-05-01,2017-05,kd,KD,KD,parliamentary_party,mp,MP,MP,parliamentary_party,,,suppressed,ME/ME0201/ME0201D/Nastbastaparti190
2017M05,2017-05-01,2017-05,kd,KD,KD,parliamentary_party,s,S,S,parliamentary_party,7.2,5.0,observed,ME/ME0201/ME0201D/Nastbastaparti190
2017M05,2017-05-01,2017-05,kd,KD,KD,parliamentary_party,v,V,V,parliamentary_party,0.0,0.0,observed,ME/ME0201/ME0201D/Nastbastaparti190
2017M05,2017-05-01,2017-05,kd,KD,KD,parliamentary_party,vet ej,vet ej/uppgift saknas,DONT_KNOW,dont_know,10.9,5.7,observed,ME/ME0201/ME0201D/Nastbastaparti190
2017M05,2017-05-01,2017-05,kd,KD,KD,parliamentary_party,övr,övriga,OTHER,other_party,,,suppressed,ME/ME0201/ME0201D/Nastbastaparti190
2017M05,2017-05-01,2017-05,l,L,L,parliamentary_party,SD,SD,SD,parliamentary_party,4.7,2.7,observed,ME/ME0201/ME0201D/Nastbastaparti190
2017M05,2017-05-01,2017-05,l,L,L,parliamentary_party,c,C,C,parliamentary_party,28.9,5.9,observed,ME/ME0201/ME0201D/Nastbastaparti190
2017M05,2017-05-01,2017-05,l,L,L,parliamentary_party,inget parti,inget parti,NO_SECOND_CHOICE,no_second_choice,4.0,2.4,observed,ME/ME0201/ME0201D/Nastbastaparti190
2017M05,2017-05-01,2017-05,l,L,L,parliamentary_party,kd,KD,KD,parliamentary_party,4.2,2.9,observed,ME/ME0201/ME0201D/Nastbastaparti190
2017M05,2017-05-01,2017-05,l,L,L,parliamentary_party,l,L,L,parliamentary_party,0.0,0.0,observed,ME/ME0201/ME0201D/Nastbastaparti190
2017M05,2017-05-01,2017-05,l,L,L,parliamentary_party,m,M,M,parliamentary_party,31.9,6.3,observed,ME/ME0201/ME0201D/Nastbastaparti190
2017M05,2017-05-01,2017-05,l,L,L,parliamentary_party,mp,MP,MP,parliamentary_party,2.8,2.1,observed,ME/ME0201/ME0201D/Nastbastaparti190
2017M05,2017-05-01,2017-05,l,L,L,parliamentary_party,s,S,S,parliamentary_party,13.8,5.1,observed,ME/ME0201/ME0201D/Nastbastaparti190
2017M05,2017-05-01,2017-05,l,L,L,parliamentary_party,v,V,V,parliamentary_party,,,suppressed,ME/ME0201/ME0201D/Nastbastaparti190
2017M05,2017-05-01,2017-05,l,L,L,parliamentary_party,vet ej,vet ej/uppgift saknas,DONT_KNOW,dont_know,7.8,4.0,observed,ME/ME0201/ME0201D/Nastbastaparti190
2017M05,2017-05-01,2017-05,l,L,L,parliamentary_party,övr,övriga,OTHER,other_party,,,suppressed,ME/ME0201/ME0201D/Nastbastaparti190
2017M05,2017-05-01,2017-05,m,M,M,parliamentary_party,SD,SD,SD,parliamentary_party,15.1,2.6,observed,ME/ME0201/ME0201D/Nastbastaparti190
2017M05,2017-05-01,2017-05,m,M,M,parliamentary_party,c,C,C,parliamentary_party,26.4,3.0,observed,ME/ME0201/ME0201D/Nastbastaparti190
2017M05,2017-05-01,2017-05,m,M,M,parliamentary_party,inget parti,inget parti,NO_SECOND_CHOICE,no_second_choice,7.2,1.9,observed,ME/ME0201/ME0201D/Nastbastaparti190
2017M05,2017-05-01,2017-05,m,M,M,parliamentary_party,kd,KD,KD,parliamentary_party,5.6,1.5,observed,ME/ME0201/ME0201D/Nastbastaparti190
2017M05,2017-05-01,2017-05,m,M,M,parliamentary_party,l,L,L,parliamentary_party,22.6,2.8,observed,ME/ME0201/ME0201D/Nastbastaparti190
2017M05,2017-05-01,2017-05,m,M,M,parliamentary_party,m,M,M,parliamentary_party,0.0,0.0,observed,ME/ME0201/ME0201D/Nastbastaparti190
2017M05,2017-05-01,2017-05,m,M,M,parliamentary_party,mp,MP,MP,parliamentary_party,2.8,1.2,observed,ME/ME0201/ME0201D/Nastbastaparti190
2017M05,2017-05-01,2017-05,m,M,M,parliamentary_party,s,S,S,parliamentary_party,8.4,2.0,observed,ME/ME0201/ME0201D/Nastbastaparti190
2017M05,2017-05-01,2017-05,m,M,M,parliamentary_party,v,V,V,parliamentary_party,,,suppressed,ME/ME0201/ME0201D/Nastbastaparti190
2017M05,2017-05-01,2017-05,m,M,M,parliamentary_party,vet ej,vet ej/uppgift saknas,DONT_KNOW,dont_know,10.9,2.3,observed,ME/ME0201/ME0201D/Nastbastaparti190
2017M05,2017-05-01,2017-05,m,M,M,parliamentary_party,övr,övriga,OTHER,other_party,0.8,0.8,observed,ME/ME0201/ME0201D/Nastbastaparti190
2017M05,2017-05-01,2017-05,mp,MP,MP,parliamentary_party,SD,SD,SD,parliamentary_party,,,suppressed,ME/ME0201/ME0201D/Nastbastaparti190
2017M05,2017-05-01,2017-05,mp,MP,MP,parliamentary_party,c,C,C,parliamentary_party,10.5,4.2,observed,ME/ME0201/ME0201D/Nastbastaparti190
2017M05,2017-05-01,2017-05,mp,MP,MP,parliamentary_party,inget parti,inget parti,NO_SECOND_CHOICE,no_second_choice,6.3,3.3,observed,ME/ME0201/ME0201D/Nastbastaparti190
2017M05,2017-05-01,2017-05,mp,MP,MP,parliamentary_party,kd,KD,KD,parliamentary_party,,,suppressed,ME/ME0201/ME0201D/Nastbastaparti190
2017M05,2017-05-01,2017-05,mp,MP,MP,parliamentary_party,l,L,L,parliamentary_party,3.0,2.1,observed,ME/ME0201/ME0201D/Nastbastaparti190
2017M05,2017-05-01,2017-05,mp,MP,MP,parliamentary_party,m,M,M,parliamentary_party,4.3,3.0,observed,ME/ME0201/ME0201D/Nastbastaparti190
2017M05,2017-05-01,2017-05,mp,MP,MP,parliamentary_party,mp,MP,MP,parliamentary_party,0.0,0.0,observed,ME/ME0201/ME0201D/Nastbastaparti190
2017M05,2017-05-01,2017-05,mp,MP,MP,parliamentary_party,s,S,S,parliamentary_party,35.5,7.0,observed,ME/ME0201/ME0201D/Nastbastaparti190
2017M05,2017-05-01,2017-05,mp,MP,MP,parliamentary_party,v,V,V,parliamentary_party,15.4,5.8,observed,ME/ME0201/ME0201D/Nastbastaparti190
2017M05,2017-05-01,2017-05,mp,MP,MP,parliamentary_party,vet ej,vet ej/uppgift saknas,DONT_KNOW,dont_know,14.9,5.8,observed,ME/ME0201/ME0201D/Nastbastaparti190
2017M05,2017-05-01,2017-05,mp,MP,MP,parliamentary_party,övr,övriga,OTHER,other_party,8.1,4.4,observed,ME/ME0201/ME0201D/Nastbastaparti190
2017M05,2017-05-01,2017-05,s,S,S,parliamentary_party,SD,SD,SD,parliamentary_party,5.5,1.4,observed,ME/ME0201/ME0201D/Nastbastaparti190
2017M05,2017-05-01,2017-05,s,S,S,parliamentary_party,c,C,C,parliamentary_party,12.3,1.8,observed,ME/ME0201/ME0201D/Nastbastaparti190
2017M05,2017-05-01,2017-05,s,S,S,parliamentary_party,inget parti,inget parti,NO_SECOND_CHOICE,no_second_choice,12.8,2.0,observed,ME/ME0201/ME0201D/Nastbastaparti190
2017M05,2017-05-01,2017-05,s,S,S,parliamentary_party,kd,KD,KD,parliamentary_party,0.6,0.4,observed,ME/ME0201/ME0201D/Nastbastaparti190
2017M05,2017-05-01,2017-05,s,S,S,parliamentary_party,l,L,L,parliamentary_party,6.9,1.4,observed,ME/ME0201/ME0201D/Nastbastaparti190
2017M05,2017-05-01,2017-05,s,S,S,parliamentary_party,m,M,M,parliamentary_party,10.1,1.9,observed,ME/ME0201/ME0201D/Nastbastaparti190
2017M05,2017-05-01,2017-05,s,S,S,parliamentary_party,mp,MP,MP,parliamentary_party,15.0,2.1,observed,ME/ME0201/ME0201D/Nastbastaparti190
2017M05,2017-05-01,2017-05,s,S,S,parliamentary_party,s,S,S,parliamentary_party,0.0,0.0,observed,ME/ME0201/ME0201D/Nastbastaparti190
2017M05,2017-05-01,2017-05,s,S,S,parliamentary_party,v,V,V,parliamentary_party,19.7,2.2,observed,ME/ME0201/ME0201D/Nastbastaparti190
2017M05,2017-05-01,2017-05,s,S,S,parliamentary_party,vet ej,vet ej/uppgift saknas,DONT_KNOW,dont_know,15.6,2.1,observed,ME/ME0201/ME0201D/Nastbastaparti190
2017M05,2017-05-01,2017-05,s,S,S,parliamentary_party,övr,övriga,OTHER,other_party,1.7,0.8,observed,ME/ME0201/ME0201D/Nastbastaparti190
2017M05,2017-05-01,2017-05,v,V,V,parliamentary_party,SD,SD,SD,parliamentary_party,,,suppressed,ME/ME0201/ME0201D/Nastbastaparti190
2017M05,2017-05-01,2017-05,v,V,V,parliamentary_party,c,C,C,parliamentary_party,2.9,1.9,observed,ME/ME0201/ME0201D/Nastbastaparti190
2017M05,2017-05-01,2017-05,v,V,V,parliamentary_party,inget parti,inget parti,NO_SECOND_CHOICE,no_second_choice,5.1,2.4,observed,ME/ME0201/ME0201D/Nastbastaparti190
2017M05,2017-05-01,2017-05,v,V,V,parliamentary_party,kd,KD,KD,parliamentary_party,0.0,0.0,observed,ME/ME0201/ME0201D/Nastbastaparti190
2017M05,2017-05-01,2017-05,v,V,V,parliamentary_party,l,L,L,parliamentary_party,,,suppressed,ME/ME0201/ME0201D/Nastbastaparti190
2017M05,2017-05-01,2017-05,v,V,V,parliamentary_party,m,M,M,parliamentary_party,,,suppressed,ME/ME0201/ME0201D/Nastbastaparti190
2017M05,2017-05-01,2017-05,v,V,V,parliamentary_party,mp,MP,MP,parliamentary_party,19.9,5.0,observed,ME/ME0201/ME0201D/Nastbastaparti190
2017M05,2017-05-01,2017-05,v,V,V,parliamentary_party,s,S,S,parliamentary_party,43.7,5.8,observed,ME/ME0201/ME0201D/Nastbastaparti190
2017M05,2017-05-01,2017-05,v,V,V,parliamentary_party,v,V,V,parliamentary_party,0.0,0.0,observed,ME/ME0201/ME0201D/Nastbastaparti190
2017M05,2017-05-01,2017-05,v,V,V,parliamentary_party,vet ej,vet ej/uppgift saknas,DONT_KNOW,dont_know,5.6,2.6,observed,ME/ME0201/ME0201D/Nastbastaparti190
2017M05,2017-05-01,2017-05,v,V,V,parliamentary_party,övr,övriga,OTHER,other_party,21.2,4.9,observed,ME/ME0201/ME0201D/Nastbastaparti190
2017M05,2017-05-01,2017-05,övr,övriga,OTHER,other_party,SD,SD,SD,parliamentary_party,,,suppressed,ME/ME0201/ME0201D/Nastbastaparti190
2017M05,2017-05-01,2017-05,övr,övriga,OTHER,other_party,c,C,C,parliamentary_party,6.4,6.0,observed,ME/ME0201/ME0201D/Nastbastaparti190
2017M05,2017-05-01,2017-05,övr,övriga,OTHER,other_party,inget parti,inget parti,NO_SECOND_CHOICE,no_second_choice,14.7,8.1,observed,ME/ME0201/ME0201D/Nastbastaparti190
2017M05,2017-05-01,2017-05,övr,övriga,OTHER,other_party,kd,KD,KD,parliamentary_party,,,suppressed,ME/ME0201/ME0201D/Nastbastaparti190
2017M05,2017-05-01,2017-05,övr,övriga,OTHER,other_party,l,L,L,parliamentary_party,,,suppressed,ME/ME0201/ME0201D/Nastbastaparti190
2017M05,2017-05-01,2017-05,övr,övriga,OTHER,other_party,m,M,M,parliamentary_party,3.5,3.5,observed,ME/ME0201/ME0201D/Nastbastaparti190
2017M05,2017-05-01,2017-05,övr,övriga,OTHER,other_party,mp,MP,MP,parliamentary_party,18.2,8.1,observed,ME/ME0201/ME0201D/Nastbastaparti190
2017M05,2017-05-01,2017-05,övr,övriga,OTHER,other_party,s,S,S,parliamentary_party,4.2,4.2,observed,ME/ME0201/ME0201D/Nastbastaparti190
2017M05,2017-05-01,2017-05,övr,övriga,OTHER,other_party,v,V,V,parliamentary_party,27.4,9.5,observed,ME/ME0201/ME0201D/Nastbastaparti190
2017M05,2017-05-01,2017-05,övr,övriga,OTHER,other_party,vet ej,vet ej/uppgift saknas,DONT_KNOW,dont_know,15.6,8.1,observed,ME/ME0201/ME0201D/Nastbastaparti190
2017M05,2017-05-01,2017-05,övr,övriga,OTHER,other_party,övr,övriga,OTHER,other_party,,,suppressed,ME/ME0201/ME0201D/Nastbastaparti190
2017M11,2017-11-01,2017-11,SD,SD,SD,parliamentary_party,SD,SD,SD,parliamentary_party,0.0,0.0,observed,ME/ME0201/ME0201D/Nastbastaparti190
2017M11,2017-11-01,2017-11,SD,SD,SD,parliamentary_party,c,C,C,parliamentary_party,2.2,1.4,observed,ME/ME0201/ME0201D/Nastbastaparti190
2017M11,2017-11-01,2017-11,SD,SD,SD,parliamentary_party,inget parti,inget parti,NO_SECOND_CHOICE,no_second_choice,18.6,3.9,observed,ME/ME0201/ME0201D/Nastbastaparti190
2017M11,2017-11-01,2017-11,SD,SD,SD,parliamentary_party,kd,KD,KD,parliamentary_party,5.6,2.3,observed,ME/ME0201/ME0201D/Nastbastaparti190
2017M11,2017-11-01,2017-11,SD,SD,SD,parliamentary_party,l,L,L,parliamentary_party,1.9,1.2,observed,ME/ME0201/ME0201D/Nastbastaparti190
2017M11,2017-11-01,2017-11,SD,SD,SD,parliamentary_party,m,M,M,parliamentary_party,45.5,4.7,observed,ME/ME0201/ME0201D/Nastbastaparti190
2017M11,2017-11-01,2017-11,SD,SD,SD,parliamentary_party,mp,MP,MP,parliamentary_party,,,suppressed,ME/ME0201/ME0201D/Nastbastaparti190
2017M11,2017-11-01,2017-11,SD,SD,SD,parliamentary_party,s,S,S,parliamentary_party,10.3,2.9,observed,ME/ME0201/ME0201D/Nastbastaparti190
2017M11,2017-11-01,2017-11,SD,SD,SD,parliamentary_party,v,V,V,parliamentary_party,1.0,0.9,observed,ME/ME0201/ME0201D/Nastbastaparti190
2017M11,2017-11-01,2017-11,SD,SD,SD,parliamentary_party,vet ej,vet ej/uppgift saknas,DONT_KNOW,dont_know,12.3,3.3,observed,ME/ME0201/ME0201D/Nastbastaparti190
2017M11,2017-11-01,2017-11,SD,SD,SD,parliamentary_party,övr,övriga,OTHER,other_party,2.0,1.4,observed,ME/ME0201/ME0201D/Nastbastaparti190
2017M11,2017-11-01,2017-11,c,C,C,parliamentary_party,SD,SD,SD,parliamentary_party,2.3,1.8,observed,ME/ME0201/ME0201D/Nastbastaparti190
2017M11,2017-11-01,2017-11,c,C,C,parliamentary_party,c,C,C,parliamentary_party,0.0,0.0,observed,ME/ME0201/ME0201D/Nastbastaparti190
2017M11,2017-11-01,2017-11,c,C,C,parliamentary_party,inget parti,inget parti,NO_SECOND_CHOICE,no_second_choice,5.6,2.4,observed,ME/ME0201/ME0201D/Nastbastaparti190
2017M11,2017-11-01,2017-11,c,C,C,parliamentary_party,kd,KD,KD,parliamentary_party,5.4,2.3,observed,ME/ME0201/ME0201D/Nastbastaparti190
2017M11,2017-11-01,2017-11,c,C,C,parliamentary_party,l,L,L,parliamentary_party,19.5,4.0,observed,ME/ME0201/ME0201D/Nastbastaparti190
2017M11,2017-11-01,2017-11,c,C,C,parliamentary_party,m,M,M,parliamentary_party,36.3,4.9,observed,ME/ME0201/ME0201D/Nastbastaparti190
2017M11,2017-11-01,2017-11,c,C,C,parliamentary_party,mp,MP,MP,parliamentary_party,4.1,1.9,observed,ME/ME0201/ME0201D/Nastbastaparti190
2017M11,2017-11-01,2017-11,c,C,C,parliamentary_party,s,S,S,parliamentary_party,13.2,3.6,observed,ME/ME0201/ME0201D/Nastbastaparti190
2017M11,2017-11-01,2017-11,c,C,C,parliamentary_party,v,V,V,parliamentary_party,1.0,1.0,observed,ME/ME0201/ME0201D/Nastbastaparti190
2017M11,2017-11-01,2017-11,c,C,C,parliamentary_party,vet ej,vet ej/uppgift saknas,DONT_KNOW,dont_know,12.2,3.5,observed,ME/ME0201/ME0201D/Nastbastaparti190
2017M11,2017-11-01,2017-11,c,C,C,parliamentary_party,övr,övriga,OTHER,other_party,,,suppressed,ME/ME0201/ME0201D/Nastbastaparti190
2017M11,2017-11-01,2017-11,hela väljarkåren,hela väljarkåren,TOTAL_ELECTORATE,total_electorate,SD,SD,SD,parliamentary_party,4.2,0.6,observed,ME/ME0201/ME0201D/Nastbastaparti190
2017M11,2017-11-01,2017-11,hela väljarkåren,hela väljarkåren,TOTAL_ELECTORATE,total_electorate,c,C,C,parliamentary_party,11.3,0.9,observed,ME/ME0201/ME0201D/Nastbastaparti190
2017M11,2017-11-01,2017-11,hela väljarkåren,hela väljarkåren,TOTAL_ELECTORATE,total_electorate,inget parti,inget parti,NO_SECOND_CHOICE,no_second_choice,8.8,0.9,observed,ME/ME0201/ME0201D/Nastbastaparti190
2017M11,2017-11-01,2017-11,hela väljarkåren,hela väljarkåren,TOTAL_ELECTORATE,total_electorate,kd,KD,KD,parliamentary_party,3.0,0.5,observed,ME/ME0201/ME0201D/Nastbastaparti190
2017M11,2017-11-01,2017-11,hela väljarkåren,hela väljarkåren,TOTAL_ELECTORATE,total_electorate,l,L,L,parliamentary_party,7.0,0.7,observed,ME/ME0201/ME0201D/Nastbastaparti190
2017M11,2017-11-01,2017-11,hela väljarkåren,hela väljarkåren,TOTAL_ELECTORATE,total_electorate,m,M,M,parliamentary_party,13.3,1.0,observed,ME/ME0201/ME0201D/Nastbastaparti190
2017M11,2017-11-01,2017-11,hela väljarkåren,hela väljarkåren,TOTAL_ELECTORATE,total_electorate,mp,MP,MP,parliamentary_party,6.8,0.7,observed,ME/ME0201/ME0201D/Nastbastaparti190
2017M11,2017-11-01,2017-11,hela väljarkåren,hela väljarkåren,TOTAL_ELECTORATE,total_electorate,s,S,S,parliamentary_party,8.5,0.8,observed,ME/ME0201/ME0201D/Nastbastaparti190
2017M11,2017-11-01,2017-11,hela väljarkåren,hela väljarkåren,TOTAL_ELECTORATE,total_electorate,v,V,V,parliamentary_party,7.2,0.7,observed,ME/ME0201/ME0201D/Nastbastaparti190
2017M11,2017-11-01,2017-11,hela väljarkåren,hela väljarkåren,TOTAL_ELECTORATE,total_electorate,vet ej,vet ej/uppgift saknas,DONT_KNOW,dont_know,27.5,1.4,observed,ME/ME0201/ME0201D/Nastbastaparti190
2017M11,2017-11-01,2017-11,hela väljarkåren,hela väljarkåren,TOTAL_ELECTORATE,total_electorate,övr,övriga,OTHER,other_party,2.3,0.5,observed,ME/ME0201/ME0201D/Nastbastaparti190
2017M11,2017-11-01,2017-11,ingen sympati/vet ej,ingen sympati/vet ej,NO_SYMPATHY_OR_DONT_KNOW,no_sympathy,SD,SD,SD,parliamentary_party,0.0,0.0,observed,ME/ME0201/ME0201D/Nastbastaparti190
2017M11,2017-11-01,2017-11,ingen sympati/vet ej,ingen sympati/vet ej,NO_SYMPATHY_OR_DONT_KNOW,no_sympathy,c,C,C,parliamentary_party,0.0,0.0,observed,ME/ME0201/ME0201D/Nastbastaparti190
2017M11,2017-11-01,2017-11,ingen sympati/vet ej,ingen sympati/vet ej,NO_SYMPATHY_OR_DONT_KNOW,no_sympathy,inget parti,inget parti,NO_SECOND_CHOICE,no_second_choice,0.0,0.0,observed,ME/ME0201/ME0201D/Nastbastaparti190
2017M11,2017-11-01,2017-11,ingen sympati/vet ej,ingen sympati/vet ej,NO_SYMPATHY_OR_DONT_KNOW,no_sympathy,kd,KD,KD,parliamentary_party,0.0,0.0,observed,ME/ME0201/ME0201D/Nastbastaparti190
2017M11,2017-11-01,2017-11,ingen sympati/vet ej,ingen sympati/vet ej,NO_SYMPATHY_OR_DONT_KNOW,no_sympathy,l,L,L,parliamentary_party,0.0,0.0,observed,ME/ME0201/ME0201D/Nastbastaparti190
2017M11,2017-11-01,2017-11,ingen sympati/vet ej,ingen sympati/vet ej,NO_SYMPATHY_OR_DONT_KNOW,no_sympathy,m,M,M,parliamentary_party,0.0,0.0,observed,ME/ME0201/ME0201D/Nastbastaparti190
2017M11,2017-11-01,2017-11,ingen sympati/vet ej,ingen sympati/vet ej,NO_SYMPATHY_OR_DONT_KNOW,no_sympathy,mp,MP,MP,parliamentary_party,0.0,0.0,observed,ME/ME0201/ME0201D/Nastbastaparti190
2017M11,2017-11-01,2017-11,ingen sympati/vet ej,ingen sympati/vet ej,NO_SYMPATHY_OR_DONT_KNOW,no_sympathy,s,S,S,parliamentary_party,0.0,0.0,observed,ME/ME0201/ME0201D/Nastbastaparti190
2017M11,2017-11-01,2017-11,ingen sympati/vet ej,ingen sympati/vet ej,NO_SYMPATHY_OR_DONT_KNOW,no_sympathy,v,V,V,parliamentary_party,0.0,0.0,observed,ME/ME0201/ME0201D/Nastbastaparti190
2017M11,2017-11-01,2017-11,ingen sympati/vet ej,ingen sympati/vet ej,NO_SYMPATHY_OR_DONT_KNOW,no_sympathy,vet ej,vet ej/uppgift saknas,DONT_KNOW,dont_know,100.0,0.0,observed,ME/ME0201/ME0201D/Nastbastaparti190
2017M11,2017-11-01,2017-11,ingen sympati/vet ej,ingen sympati/vet ej,NO_SYMPATHY_OR_DONT_KNOW,no_sympathy,övr,övriga,OTHER,other_party,0.0,0.0,observed,ME/ME0201/ME0201D/Nastbastaparti190
2017M11,2017-11-01,2017-11,kd,KD,KD,parliamentary_party,SD,SD,SD,parliamentary_party,6.5,4.8,observed,ME/ME0201/ME0201D/Nastbastaparti190
2017M11,2017-11-01,2017-11,kd,KD,KD,parliamentary_party,c,C,C,parliamentary_party,24.6,8.5,observed,ME/ME0201/ME0201D/Nastbastaparti190
2017M11,2017-11-01,2017-11,kd,KD,KD,parliamentary_party,inget parti,inget parti,NO_SECOND_CHOICE,no_second_choice,8.7,5.3,observed,ME/ME0201/ME0201D/Nastbastaparti190
2017M11,2017-11-01,2017-11,kd,KD,KD,parliamentary_party,kd,KD,KD,parliamentary_party,0.0,0.0,observed,ME/ME0201/ME0201D/Nastbastaparti190
2017M11,2017-11-01,2017-11,kd,KD,KD,parliamentary_party,l,L,L,parliamentary_party,7.2,5.2,observed,ME/ME0201/ME0201D/Nastbastaparti190
2017M11,2017-11-01,2017-11,kd,KD,KD,parliamentary_party,m,M,M,parliamentary_party,33.7,9.0,observed,ME/ME0201/ME0201D/Nastbastaparti190
2017M11,2017-11-01,2017-11,kd,KD,KD,parliamentary_party,mp,MP,MP,parliamentary_party,,,suppressed,ME/ME0201/ME0201D/Nastbastaparti190
2017M11,2017-11-01,2017-11,kd,KD,KD,parliamentary_party,s,S,S,parliamentary_party,6.8,5.4,observed,ME/ME0201/ME0201D/Nastbastaparti190
2017M11,2017-11-01,2017-11,kd,KD,KD,parliamentary_party,v,V,V,parliamentary_party,,,suppressed,ME/ME0201/ME0201D/Nastbastaparti190
2017M11,2017-11-01,2017-11,kd,KD,KD,parliamentary_party,vet ej,vet ej/uppgift saknas,DONT_KNOW,dont_know,10.3,5.8,observed,ME/ME0201/ME0201D/Nastbastaparti190
2017M11,2017-11-01,2017-11,kd,KD,KD,parliamentary_party,övr,övriga,OTHER,other_party,0.0,0.0,observed,ME/ME0201/ME0201D/Nastbastaparti190
2017M11,2017-11-01,2017-11,l,L,L,parliamentary_party,SD,SD,SD,parliamentary_party,4.0,3.2,observed,ME/ME0201/ME0201D/Nastbastaparti190
2017M11,2017-11-01,2017-11,l,L,L,parliamentary_party,c,C,C,parliamentary_party,32.1,6.5,observed,ME/ME0201/ME0201D/Nastbastaparti190
2017M11,2017-11-01,2017-11,l,L,L,parliamentary_party,inget parti,inget parti,NO_SECOND_CHOICE,no_second_choice,6.2,3.9,observed,ME/ME0201/ME0201D/Nastbastaparti190
2017M11,2017-11-01,2017-11,l,L,L,parliamentary_party,kd,KD,KD,parliamentary_party,4.2,2.9,observed,ME/ME0201/ME0201D/Nastbastaparti190
2017M11,2017-11-01,2017-11,l,L,L,parliamentary_party,l,L,L,parliamentary_party,0.0,0.0,observed,ME/ME0201/ME0201D/Nastbastaparti190
2017M11,2017-11-01,2017-11,l,L,L,parliamentary_party,m,M,M,parliamentary_party,29.4,6.2,observed,ME/ME0201/ME0201D/Nastbastaparti190
2017M11,2017-11-01,2017-11,l,L,L,parliamentary_party,mp,MP,MP,parliamentary_party,4.0,2.6,observed,ME/ME0201/ME0201D/Nastbastaparti190
2017M11,2017-11-01,2017-11,l,L,L,parliamentary_party,s,S,S,parliamentary_party,11.5,4.7,observed,ME/ME0201/ME0201D/Nastbastaparti190
2017M11,2017-11-01,2017-11,l,L,L,parliamentary_party,v,V,V,parliamentary_party,,,suppressed,ME/ME0201/ME0201D/Nastbastaparti190
2017M11,2017-11-01,2017-11,l,L,L,parliamentary_party,vet ej,vet ej/uppgift saknas,DONT_KNOW,dont_know,5.2,3.0,observed,ME/ME0201/ME0201D/Nastbastaparti190
2017M11,2017-11-01,2017-11,l,L,L,parliamentary_party,övr,övriga,OTHER,other_party,1.9,1.9,observed,ME/ME0201/ME0201D/Nastbastaparti190
2017M11,2017-11-01,2017-11,m,M,M,parliamentary_party,SD,SD,SD,parliamentary_party,14.2,2.4,observed,ME/ME0201/ME0201D/Nastbastaparti190
2017M11,2017-11-01,2017-11,m,M,M,parliamentary_party,c,C,C,parliamentary_party,27.1,2.9,observed,ME/ME0201/ME0201D/Nastbastaparti190
2017M11,2017-11-01,2017-11,m,M,M,parliamentary_party,inget parti,inget parti,NO_SECOND_CHOICE,no_second_choice,8.2,1.9,observed,ME/ME0201/ME0201D/Nastbastaparti190
2017M11,2017-11-01,2017-11,m,M,M,parliamentary_party,kd,KD,KD,parliamentary_party,8.2,1.8,observed,ME/ME0201/ME0201D/Nastbastaparti190
2017M11,2017-11-01,2017-11,m,M,M,parliamentary_party,l,L,L,parliamentary_party,18.6,2.5,observed,ME/ME0201/ME0201D/Nastbastaparti190
2017M11,2017-11-01,2017-11,m,M,M,parliamentary_party,m,M,M,parliamentary_party,0.0,0.0,observed,ME/ME0201/ME0201D/Nastbastaparti190
2017M11,2017-11-01,2017-11,m,M,M,parliamentary_party,mp,MP,MP,parliamentary_party,2.4,1.0,observed,ME/ME0201/ME0201D/Nastbastaparti190
2017M11,2017-11-01,2017-11,m,M,M,parliamentary_party,s,S,S,parliamentary_party,8.4,2.0,observed,ME/ME0201/ME0201D/Nastbastaparti190
2017M11,2017-11-01,2017-11,m,M,M,parliamentary_party,v,V,V,parliamentary_party,,,suppressed,ME/ME0201/ME0201D/Nastbastaparti190
2017M11,2017-11-01,2017-11,m,M,M,parliamentary_party,vet ej,vet ej/uppgift saknas,DONT_KNOW,dont_know,11.8,2.3,observed,ME/ME0201/ME0201D/Nastbastaparti190
2017M11,2017-11-01,2017-11,m,M,M,parliamentary_party,övr,övriga,OTHER,other_party,,,suppressed,ME/ME0201/ME0201D/Nastbastaparti190
2017M11,2017-11-01,2017-11,mp,MP,MP,parliamentary_party,SD,SD,SD,parliamentary_party,,,suppressed,ME/ME0201/ME0201D/Nastbastaparti190
2017M11,2017-11-01,2017-11,mp,MP,MP,parliamentary_party,c,C,C,parliamentary_party,11.2,4.6,observed,ME/ME0201/ME0201D/Nastbastaparti190
2017M11,2017-11-01,2017-11,mp,MP,MP,parliamentary_party,inget parti,inget parti,NO_SECOND_CHOICE,no_second_choice,3.9,2.9,observed,ME/ME0201/ME0201D/Nastbastaparti190
2017M11,2017-11-01,2017-11,mp,MP,MP,parliamentary_party,kd,KD,KD,parliamentary_party,,,suppressed,ME/ME0201/ME0201D/Nastbastaparti190
2017M11,2017-11-01,2017-11,mp,MP,MP,parliamentary_party,l,L,L,parliamentary_party,4.4,3.0,observed,ME/ME0201/ME0201D/Nastbastaparti190
2017M11,2017-11-01,2017-11,mp,MP,MP,parliamentary_party,m,M,M,parliamentary_party,7.9,4.2,observed,ME/ME0201/ME0201D/Nastbastaparti190
2017M11,2017-11-01,2017-11,mp,MP,MP,parliamentary_party,mp,MP,MP,parliamentary_party,0.0,0.0,observed,ME/ME0201/ME0201D/Nastbastaparti190
2017M11,2017-11-01,2017-11,mp,MP,MP,parliamentary_party,s,S,S,parliamentary_party,35.2,7.5,observed,ME/ME0201/ME0201D/Nastbastaparti190
2017M11,2017-11-01,2017-11,mp,MP,MP,parliamentary_party,v,V,V,parliamentary_party,15.4,5.8,observed,ME/ME0201/ME0201D/Nastbastaparti190
2017M11,2017-11-01,2017-11,mp,MP,MP,parliamentary_party,vet ej,vet ej/uppgift saknas,DONT_KNOW,dont_know,12.6,5.6,observed,ME/ME0201/ME0201D/Nastbastaparti190
2017M11,2017-11-01,2017-11,mp,MP,MP,parliamentary_party,övr,övriga,OTHER,other_party,6.3,4.4,observed,ME/ME0201/ME0201D/Nastbastaparti190
2017M11,2017-11-01,2017-11,s,S,S,parliamentary_party,SD,SD,SD,parliamentary_party,3.5,1.1,observed,ME/ME0201/ME0201D/Nastbastaparti190
2017M11,2017-11-01,2017-11,s,S,S,parliamentary_party,c,C,C,parliamentary_party,12.8,1.8,observed,ME/ME0201/ME0201D/Nastbastaparti190
2017M11,2017-11-01,2017-11,s,S,S,parliamentary_party,inget parti,inget parti,NO_SECOND_CHOICE,no_second_choice,12.9,1.9,observed,ME/ME0201/ME0201D/Nastbastaparti190
2017M11,2017-11-01,2017-11,s,S,S,parliamentary_party,kd,KD,KD,parliamentary_party,0.8,0.6,observed,ME/ME0201/ME0201D/Nastbastaparti190
2017M11,2017-11-01,2017-11,s,S,S,parliamentary_party,l,L,L,parliamentary_party,6.1,1.3,observed,ME/ME0201/ME0201D/Nastbastaparti190
2017M11,2017-11-01,2017-11,s,S,S,parliamentary_party,m,M,M,parliamentary_party,10.1,1.7,observed,ME/ME0201/ME0201D/Nastbastaparti190
2017M11,2017-11-01,2017-11,s,S,S,parliamentary_party,mp,MP,MP,parliamentary_party,15.6,2.1,observed,ME/ME0201/ME0201D/Nastbastaparti190
2017M11,2017-11-01,2017-11,s,S,S,parliamentary_party,s,S,S,parliamentary_party,0.0,0.0,observed,ME/ME0201/ME0201D/Nastbastaparti190
2017M11,2017-11-01,2017-11,s,S,S,parliamentary_party,v,V,V,parliamentary_party,19.7,2.2,observed,ME/ME0201/ME0201D/Nastbastaparti190
2017M11,2017-11-01,2017-11,s,S,S,parliamentary_party,vet ej,vet ej/uppgift saknas,DONT_KNOW,dont_know,16.8,2.3,observed,ME/ME0201/ME0201D/Nastbastaparti190
2017M11,2017-11-01,2017-11,s,S,S,parliamentary_party,övr,övriga,OTHER,other_party,1.6,0.8,observed,ME/ME0201/ME0201D/Nastbastaparti190
2017M11,2017-11-01,2017-11,v,V,V,parliamentary_party,SD,SD,SD,parliamentary_party,,,suppressed,ME/ME0201/ME0201D/Nastbastaparti190
2017M11,2017-11-01,2017-11,v,V,V,parliamentary_party,c,C,C,parliamentary_party,1.6,1.4,observed,ME/ME0201/ME0201D/Nastbastaparti190
2017M11,2017-11-01,2017-11,v,V,V,parliamentary_party,inget parti,inget parti,NO_SECOND_CHOICE,no_second_choice,8.0,3.2,observed,ME/ME0201/ME0201D/Nastbastaparti190
2017M11,2017-11-01,2017-11,v,V,V,parliamentary_party,kd,KD,KD,parliamentary_party,,,suppressed,ME/ME0201/ME0201D/Nastbastaparti190
2017M11,2017-11-01,2017-11,v,V,V,parliamentary_party,l,L,L,parliamentary_party,0.0,0.0,observed,ME/ME0201/ME0201D/Nastbastaparti190
2017M11,2017-11-01,2017-11,v,V,V,parliamentary_party,m,M,M,parliamentary_party,,,suppressed,ME/ME0201/ME0201D/Nastbastaparti190
2017M11,2017-11-01,2017-11,v,V,V,parliamentary_party,mp,MP,MP,parliamentary_party,19.7,4.7,observed,ME/ME0201/ME0201D/Nastbastaparti190
2017M11,2017-11-01,2017-11,v,V,V,parliamentary_party,s,S,S,parliamentary_party,48.2,5.9,observed,ME/ME0201/ME0201D/Nastbastaparti190
2017M11,2017-11-01,2017-11,v,V,V,parliamentary_party,v,V,V,parliamentary_party,0.0,0.0,observed,ME/ME0201/ME0201D/Nastbastaparti190
2017M11,2017-11-01,2017-11,v,V,V,parliamentary_party,vet ej,vet ej/uppgift saknas,DONT_KNOW,dont_know,3.0,2.0,observed,ME/ME0201/ME0201D/Nastbastaparti190
2017M11,2017-11-01,2017-11,v,V,V,parliamentary_party,övr,övriga,OTHER,other_party,17.5,4.6,observed,ME/ME0201/ME0201D/Nastbastaparti190
2017M11,2017-11-01,2017-11,övr,övriga,OTHER,other_party,SD,SD,SD,parliamentary_party,,,suppressed,ME/ME0201/ME0201D/Nastbastaparti190
2017M11,2017-11-01,2017-11,övr,övriga,OTHER,other_party,c,C,C,parliamentary_party,6.8,5.5,observed,ME/ME0201/ME0201D/Nastbastaparti190
2017M11,2017-11-01,2017-11,övr,övriga,OTHER,other_party,inget parti,inget parti,NO_SECOND_CHOICE,no_second_choice,4.7,4.6,observed,ME/ME0201/ME0201D/Nastbastaparti190
2017M11,2017-11-01,2017-11,övr,övriga,OTHER,other_party,kd,KD,KD,parliamentary_party,0.0,0.0,observed,ME/ME0201/ME0201D/Nastbastaparti190
2017M11,2017-11-01,2017-11,övr,övriga,OTHER,other_party,l,L,L,parliamentary_party,,,suppressed,ME/ME0201/ME0201D/Nastbastaparti190
2017M11,2017-11-01,2017-11,övr,övriga,OTHER,other_party,m,M,M,parliamentary_party,11.2,6.8,observed,ME/ME0201/ME0201D/Nastbastaparti190
2017M11,2017-11-01,2017-11,övr,övriga,OTHER,other_party,mp,MP,MP,parliamentary_party,14.5,6.6,observed,ME/ME0201/ME0201D/Nastbastaparti190
2017M11,2017-11-01,2017-11,övr,övriga,OTHER,other_party,s,S,S,parliamentary_party,9.4,6.2,observed,ME/ME0201/ME0201D/Nastbastaparti190
2017M11,2017-11-01,2017-11,övr,övriga,OTHER,other_party,v,V,V,parliamentary_party,36.9,9.8,observed,ME/ME0201/ME0201D/Nastbastaparti190
2017M11,2017-11-01,2017-11,övr,övriga,OTHER,other_party,vet ej,vet ej/uppgift saknas,DONT_KNOW,dont_know,4.6,4.0,observed,ME/ME0201/ME0201D/Nastbastaparti190
2017M11,2017-11-01,2017-11,övr,övriga,OTHER,other_party,övr,övriga,OTHER,other_party,6.2,6.1,observed,ME/ME0201/ME0201D/Nastbastaparti190
2018M05,2018-05-01,2018-05,SD,SD,SD,parliamentary_party,SD,SD,SD,parliamentary_party,0.0,0.0,observed,ME/ME0201/ME0201D/Nastbastaparti190
2018M05,2018-05-01,2018-05,SD,SD,SD,parliamentary_party,c,C,C,parliamentary_party,2.8,1.5,observed,ME/ME0201/ME0201D/Nastbastaparti190
2018M05,2018-05-01,2018-05,SD,SD,SD,parliamentary_party,inget parti,inget parti,NO_SECOND_CHOICE,no_second_choice,14.7,3.0,observed,ME/ME0201/ME0201D/Nastbastaparti190
2018M05,2018-05-01,2018-05,SD,SD,SD,parliamentary_party,kd,KD,KD,parliamentary_party,7.4,2.3,observed,ME/ME0201/ME0201D/Nastbastaparti190
2018M05,2018-05-01,2018-05,SD,SD,SD,parliamentary_party,l,L,L,parliamentary_party,3.1,1.6,observed,ME/ME0201/ME0201D/Nastbastaparti190
2018M05,2018-05-01,2018-05,SD,SD,SD,parliamentary_party,m,M,M,parliamentary_party,43.7,4.3,observed,ME/ME0201/ME0201D/Nastbastaparti190
2018M05,2018-05-01,2018-05,SD,SD,SD,parliamentary_party,mp,MP,MP,parliamentary_party,,,suppressed,ME/ME0201/ME0201D/Nastbastaparti190
2018M05,2018-05-01,2018-05,SD,SD,SD,parliamentary_party,s,S,S,parliamentary_party,12.0,2.9,observed,ME/ME0201/ME0201D/Nastbastaparti190
2018M05,2018-05-01,2018-05,SD,SD,SD,parliamentary_party,v,V,V,parliamentary_party,1.0,0.8,observed,ME/ME0201/ME0201D/Nastbastaparti190
2018M05,2018-05-01,2018-05,SD,SD,SD,parliamentary_party,vet ej,vet ej/uppgift saknas,DONT_KNOW,dont_know,10.5,2.7,observed,ME/ME0201/ME0201D/Nastbastaparti190
2018M05,2018-05-01,2018-05,SD,SD,SD,parliamentary_party,övr,övriga,OTHER,other_party,3.8,1.7,observed,ME/ME0201/ME0201D/Nastbastaparti190
2018M05,2018-05-01,2018-05,c,C,C,parliamentary_party,SD,SD,SD,parliamentary_party,2.4,1.7,observed,ME/ME0201/ME0201D/Nastbastaparti190
2018M05,2018-05-01,2018-05,c,C,C,parliamentary_party,c,C,C,parliamentary_party,0.0,0.0,observed,ME/ME0201/ME0201D/Nastbastaparti190
2018M05,2018-05-01,2018-05,c,C,C,parliamentary_party,inget parti,inget parti,NO_SECOND_CHOICE,no_second_choice,7.8,3.4,observed,ME/ME0201/ME0201D/Nastbastaparti190
2018M05,2018-05-01,2018-05,c,C,C,parliamentary_party,kd,KD,KD,parliamentary_party,8.0,2.8,observed,ME/ME0201/ME0201D/Nastbastaparti190
2018M05,2018-05-01,2018-05,c,C,C,parliamentary_party,l,L,L,parliamentary_party,16.4,3.8,observed,ME/ME0201/ME0201D/Nastbastaparti190
2018M05,2018-05-01,2018-05,c,C,C,parliamentary_party,m,M,M,parliamentary_party,29.0,5.0,observed,ME/ME0201/ME0201D/Nastbastaparti190
2018M05,2018-05-01,2018-05,c,C,C,parliamentary_party,mp,MP,MP,parliamentary_party,4.8,2.1,observed,ME/ME0201/ME0201D/Nastbastaparti190
2018M05,2018-05-01,2018-05,c,C,C,parliamentary_party,s,S,S,parliamentary_party,17.0,4.2,observed,ME/ME0201/ME0201D/Nastbastaparti190
2018M05,2018-05-01,2018-05,c,C,C,parliamentary_party,v,V,V,parliamentary_party,2.0,1.5,observed,ME/ME0201/ME0201D/Nastbastaparti190
2018M05,2018-05-01,2018-05,c,C,C,parliamentary_party,vet ej,vet ej/uppgift saknas,DONT_KNOW,dont_know,11.1,3.2,observed,ME/ME0201/ME0201D/Nastbastaparti190
2018M05,2018-05-01,2018-05,c,C,C,parliamentary_party,övr,övriga,OTHER,other_party,1.4,1.2,observed,ME/ME0201/ME0201D/Nastbastaparti190
2018M05,2018-05-01,2018-05,hela väljarkåren,hela väljarkåren,TOTAL_ELECTORATE,total_electorate,SD,SD,SD,parliamentary_party,5.0,0.7,observed,ME/ME0201/ME0201D/Nastbastaparti190
2018M05,2018-05-01,2018-05,hela väljarkåren,hela väljarkåren,TOTAL_ELECTORATE,total_electorate,c,C,C,parliamentary_party,9.7,0.8,observed,ME/ME0201/ME0201D/Nastbastaparti190
2018M05,2018-05-01,2018-05,hela väljarkåren,hela väljarkåren,TOTAL_ELECTORATE,total_electorate,inget parti,inget parti,NO_SECOND_CHOICE,no_second_choice,8.6,0.9,observed,ME/ME0201/ME0201D/Nastbastaparti190
2018M05,2018-05-01,2018-05,hela väljarkåren,hela väljarkåren,TOTAL_ELECTORATE,total_electorate,kd,KD,KD,parliamentary_party,3.6,0.6,observed,ME/ME0201/ME0201D/Nastbastaparti190
2018M05,2018-05-01,2018-05,hela väljarkåren,hela väljarkåren,TOTAL_ELECTORATE,total_electorate,l,L,L,parliamentary_party,8.0,0.8,observed,ME/ME0201/ME0201D/Nastbastaparti190
2018M05,2018-05-01,2018-05,hela väljarkåren,hela väljarkåren,TOTAL_ELECTORATE,total_electorate,m,M,M,parliamentary_party,14.3,1.1,observed,ME/ME0201/ME0201D/Nastbastaparti190
2018M05,2018-05-01,2018-05,hela väljarkåren,hela väljarkåren,TOTAL_ELECTORATE,total_electorate,mp,MP,MP,parliamentary_party,5.4,0.7,observed,ME/ME0201/ME0201D/Nastbastaparti190
2018M05,2018-05-01,2018-05,hela väljarkåren,hela väljarkåren,TOTAL_ELECTORATE,total_electorate,s,S,S,parliamentary_party,9.0,0.9,observed,ME/ME0201/ME0201D/Nastbastaparti190
2018M05,2018-05-01,2018-05,hela väljarkåren,hela väljarkåren,TOTAL_ELECTORATE,total_electorate,v,V,V,parliamentary_party,7.9,0.8,observed,ME/ME0201/ME0201D/Nastbastaparti190
2018M05,2018-05-01,2018-05,hela väljarkåren,hela väljarkåren,TOTAL_ELECTORATE,total_electorate,vet ej,vet ej/uppgift saknas,DONT_KNOW,dont_know,25.6,1.4,observed,ME/ME0201/ME0201D/Nastbastaparti190
2018M05,2018-05-01,2018-05,hela väljarkåren,hela väljarkåren,TOTAL_ELECTORATE,total_electorate,övr,övriga,OTHER,other_party,2.9,0.5,observed,ME/ME0201/ME0201D/Nastbastaparti190
2018M05,2018-05-01,2018-05,ingen sympati/vet ej,ingen sympati/vet ej,NO_SYMPATHY_OR_DONT_KNOW,no_sympathy,SD,SD,SD,parliamentary_party,0.0,0.0,observed,ME/ME0201/ME0201D/Nastbastaparti190
2018M05,2018-05-01,2018-05,ingen sympati/vet ej,ingen sympati/vet ej,NO_SYMPATHY_OR_DONT_KNOW,no_sympathy,c,C,C,parliamentary_party,0.0,0.0,observed,ME/ME0201/ME0201D/Nastbastaparti190
2018M05,2018-05-01,2018-05,ingen sympati/vet ej,ingen sympati/vet ej,NO_SYMPATHY_OR_DONT_KNOW,no_sympathy,inget parti,inget parti,NO_SECOND_CHOICE,no_second_choice,0.0,0.0,observed,ME/ME0201/ME0201D/Nastbastaparti190
2018M05,2018-05-01,2018-05,ingen sympati/vet ej,ingen sympati/vet ej,NO_SYMPATHY_OR_DONT_KNOW,no_sympathy,kd,KD,KD,parliamentary_party,0.0,0.0,observed,ME/ME0201/ME0201D/Nastbastaparti190
2018M05,2018-05-01,2018-05,ingen sympati/vet ej,ingen sympati/vet ej,NO_SYMPATHY_OR_DONT_KNOW,no_sympathy,l,L,L,parliamentary_party,0.0,0.0,observed,ME/ME0201/ME0201D/Nastbastaparti190
2018M05,2018-05-01,2018-05,ingen sympati/vet ej,ingen sympati/vet ej,NO_SYMPATHY_OR_DONT_KNOW,no_sympathy,m,M,M,parliamentary_party,0.0,0.0,observed,ME/ME0201/ME0201D/Nastbastaparti190
2018M05,2018-05-01,2018-05,ingen sympati/vet ej,ingen sympati/vet ej,NO_SYMPATHY_OR_DONT_KNOW,no_sympathy,mp,MP,MP,parliamentary_party,0.0,0.0,observed,ME/ME0201/ME0201D/Nastbastaparti190
2018M05,2018-05-01,2018-05,ingen sympati/vet ej,ingen sympati/vet ej,NO_SYMPATHY_OR_DONT_KNOW,no_sympathy,s,S,S,parliamentary_party,0.0,0.0,observed,ME/ME0201/ME0201D/Nastbastaparti190
2018M05,2018-05-01,2018-05,ingen sympati/vet ej,ingen sympati/vet ej,NO_SYMPATHY_OR_DONT_KNOW,no_sympathy,v,V,V,parliamentary_party,0.0,0.0,observed,ME/ME0201/ME0201D/Nastbastaparti190
2018M05,2018-05-01,2018-05,ingen sympati/vet ej,ingen sympati/vet ej,NO_SYMPATHY_OR_DONT_KNOW,no_sympathy,vet ej,vet ej/uppgift saknas,DONT_KNOW,dont_know,100.0,0.0,observed,ME/ME0201/ME0201D/Nastbastaparti190
2018M05,2018-05-01,2018-05,ingen sympati/vet ej,ingen sympati/vet ej,NO_SYMPATHY_OR_DONT_KNOW,no_sympathy,övr,övriga,OTHER,other_party,0.0,0.0,observed,ME/ME0201/ME0201D/Nastbastaparti190
2018M05,2018-05-01,2018-05,kd,KD,KD,parliamentary_party,SD,SD,SD,parliamentary_party,5.1,3.8,observed,ME/ME0201/ME0201D/Nastbastaparti190
2018M05,2018-05-01,2018-05,kd,KD,KD,parliamentary_party,c,C,C,parliamentary_party,23.6,8.2,observed,ME/ME0201/ME0201D/Nastbastaparti190
2018M05,2018-05-01,2018-05,kd,KD,KD,parliamentary_party,inget parti,inget parti,NO_SECOND_CHOICE,no_second_choice,8.0,4.8,observed,ME/ME0201/ME0201D/Nastbastaparti190
2018M05,2018-05-01,2018-05,kd,KD,KD,parliamentary_party,kd,KD,KD,parliamentary_party,0.0,0.0,observed,ME/ME0201/ME0201D/Nastbastaparti190
2018M05,2018-05-01,2018-05,kd,KD,KD,parliamentary_party,l,L,L,parliamentary_party,10.6,5.5,observed,ME/ME0201/ME0201D/Nastbastaparti190
2018M05,2018-05-01,2018-05,kd,KD,KD,parliamentary_party,m,M,M,parliamentary_party,37.5,9.0,observed,ME/ME0201/ME0201D/Nastbastaparti190
2018M05,2018-05-01,2018-05,kd,KD,KD,parliamentary_party,mp,MP,MP,parliamentary_party,,,suppressed,ME/ME0201/ME0201D/Nastbastaparti190
2018M05,2018-05-01,2018-05,kd,KD,KD,parliamentary_party,s,S,S,parliamentary_party,4.3,3.8,observed,ME/ME0201/ME0201D/Nastbastaparti190
2018M05,2018-05-01,2018-05,kd,KD,KD,parliamentary_party,v,V,V,parliamentary_party,,,suppressed,ME/ME0201/ME0201D/Nastbastaparti190
2018M05,2018-05-01,2018-05,kd,KD,KD,parliamentary_party,vet ej,vet ej/uppgift saknas,DONT_KNOW,dont_know,8.2,5.0,observed,ME/ME0201/ME0201D/Nastbastaparti190
2018M05,2018-05-01,2018-05,kd,KD,KD,parliamentary_party,övr,övriga,OTHER,other_party,0.0,0.0,observed,ME/ME0201/ME0201D/Nastbastaparti190
2018M05,2018-05-01,2018-05,l,L,L,parliamentary_party,SD,SD,SD,parliamentary_party,6.0,4.0,observed,ME/ME0201/ME0201D/Nastbastaparti190
2018M05,2018-05-01,2018-05,l,L,L,parliamentary_party,c,C,C,parliamentary_party,24.8,6.0,observed,ME/ME0201/ME0201D/Nastbastaparti190
2018M05,2018-05-01,2018-05,l,L,L,parliamentary_party,inget parti,inget parti,NO_SECOND_CHOICE,no_second_choice,6.1,4.1,observed,ME/ME0201/ME0201D/Nastbastaparti190
2018M05,2018-05-01,2018-05,l,L,L,parliamentary_party,kd,KD,KD,parliamentary_party,3.5,2.5,observed,ME/ME0201/ME0201D/Nastbastaparti190
2018M05,2018-05-01,2018-05,l,L,L,parliamentary_party,l,L,L,parliamentary_party,0.0,0.0,observed,ME/ME0201/ME0201D/Nastbastaparti190
2018M05,2018-05-01,2018-05,l,L,L,parliamentary_party,m,M,M,parliamentary_party,40.4,7.2,observed,ME/ME0201/ME0201D/Nastbastaparti190
2018M05,2018-05-01,2018-05,l,L,L,parliamentary_party,mp,MP,MP,parliamentary_party,,,suppressed,ME/ME0201/ME0201D/Nastbastaparti190
2018M05,2018-05-01,2018-05,l,L,L,parliamentary_party,s,S,S,parliamentary_party,9.3,4.5,observed,ME/ME0201/ME0201D/Nastbastaparti190
2018M05,2018-05-01,2018-05,l,L,L,parliamentary_party,v,V,V,parliamentary_party,,,suppressed,ME/ME0201/ME0201D/Nastbastaparti190
2018M05,2018-05-01,2018-05,l,L,L,parliamentary_party,vet ej,vet ej/uppgift saknas,DONT_KNOW,dont_know,6.8,4.2,observed,ME/ME0201/ME0201D/Nastbastaparti190
2018M05,2018-05-01,2018-05,l,L,L,parliamentary_party,övr,övriga,OTHER,other_party,,,suppressed,ME/ME0201/ME0201D/Nastbastaparti190
2018M05,2018-05-01,2018-05,m,M,M,parliamentary_party,SD,SD,SD,parliamentary_party,15.2,2.5,observed,ME/ME0201/ME0201D/Nastbastaparti190
2018M05,2018-05-01,2018-05,m,M,M,parliamentary_party,c,C,C,parliamentary_party,19.4,2.5,observed,ME/ME0201/ME0201D/Nastbastaparti190
2018M05,2018-05-01,2018-05,m,M,M,parliamentary_party,inget parti,inget parti,NO_SECOND_CHOICE,no_second_choice,7.5,1.9,observed,ME/ME0201/ME0201D/Nastbastaparti190
2018M05,2018-05-01,2018-05,m,M,M,parliamentary_party,kd,KD,KD,parliamentary_party,7.9,1.8,observed,ME/ME0201/ME0201D/Nastbastaparti190
2018M05,2018-05-01,2018-05,m,M,M,parliamentary_party,l,L,L,parliamentary_party,24.1,2.8,observed,ME/ME0201/ME0201D/Nastbastaparti190
2018M05,2018-05-01,2018-05,m,M,M,parliamentary_party,m,M,M,parliamentary_party,0.0,0.0,observed,ME/ME0201/ME0201D/Nastbastaparti190
2018M05,2018-05-01,2018-05,m,M,M,parliamentary_party,mp,MP,MP,parliamentary_party,2.9,1.3,observed,ME/ME0201/ME0201D/Nastbastaparti190
2018M05,2018-05-01,2018-05,m,M,M,parliamentary_party,s,S,S,parliamentary_party,10.8,2.4,observed,ME/ME0201/ME0201D/Nastbastaparti190
2018M05,2018-05-01,2018-05,m,M,M,parliamentary_party,v,V,V,parliamentary_party,1.2,0.8,observed,ME/ME0201/ME0201D/Nastbastaparti190
2018M05,2018-05-01,2018-05,m,M,M,parliamentary_party,vet ej,vet ej/uppgift saknas,DONT_KNOW,dont_know,10.4,2.2,observed,ME/ME0201/ME0201D/Nastbastaparti190
2018M05,2018-05-01,2018-05,m,M,M,parliamentary_party,övr,övriga,OTHER,other_party,0.5,0.4,observed,ME/ME0201/ME0201D/Nastbastaparti190
2018M05,2018-05-01,2018-05,mp,MP,MP,parliamentary_party,SD,SD,SD,parliamentary_party,,,suppressed,ME/ME0201/ME0201D/Nastbastaparti190
2018M05,2018-05-01,2018-05,mp,MP,MP,parliamentary_party,c,C,C,parliamentary_party,9.8,4.3,observed,ME/ME0201/ME0201D/Nastbastaparti190
2018M05,2018-05-01,2018-05,mp,MP,MP,parliamentary_party,inget parti,inget parti,NO_SECOND_CHOICE,no_second_choice,7.5,4.8,observed,ME/ME0201/ME0201D/Nastbastaparti190
2018M05,2018-05-01,2018-05,mp,MP,MP,parliamentary_party,kd,KD,KD,parliamentary_party,,,suppressed,ME/ME0201/ME0201D/Nastbastaparti190
2018M05,2018-05-01,2018-05,mp,MP,MP,parliamentary_party,l,L,L,parliamentary_party,4.5,2.8,observed,ME/ME0201/ME0201D/Nastbastaparti190
2018M05,2018-05-01,2018-05,mp,MP,MP,parliamentary_party,m,M,M,parliamentary_party,8.5,4.1,observed,ME/ME0201/ME0201D/Nastbastaparti190
2018M05,2018-05-01,2018-05,mp,MP,MP,parliamentary_party,mp,MP,MP,parliamentary_party,0.0,0.0,observed,ME/ME0201/ME0201D/Nastbastaparti190
2018M05,2018-05-01,2018-05,mp,MP,MP,parliamentary_party,s,S,S,parliamentary_party,28.9,6.9,observed,ME/ME0201/ME0201D/Nastbastaparti190
2018M05,2018-05-01,2018-05,mp,MP,MP,parliamentary_party,v,V,V,parliamentary_party,22.7,6.1,observed,ME/ME0201/ME0201D/Nastbastaparti190
2018M05,2018-05-01,2018-05,mp,MP,MP,parliamentary_party,vet ej,vet ej/uppgift saknas,DONT_KNOW,dont_know,9.7,4.9,observed,ME/ME0201/ME0201D/Nastbastaparti190
2018M05,2018-05-01,2018-05,mp,MP,MP,parliamentary_party,övr,övriga,OTHER,other_party,6.4,3.7,observed,ME/ME0201/ME0201D/Nastbastaparti190
2018M05,2018-05-01,2018-05,s,S,S,parliamentary_party,SD,SD,SD,parliamentary_party,4.8,1.4,observed,ME/ME0201/ME0201D/Nastbastaparti190
2018M05,2018-05-01,2018-05,s,S,S,parliamentary_party,c,C,C,parliamentary_party,14.4,2.1,observed,ME/ME0201/ME0201D/Nastbastaparti190
2018M05,2018-05-01,2018-05,s,S,S,parliamentary_party,inget parti,inget parti,NO_SECOND_CHOICE,no_second_choice,11.8,2.0,observed,ME/ME0201/ME0201D/Nastbastaparti190
2018M05,2018-05-01,2018-05,s,S,S,parliamentary_party,kd,KD,KD,parliamentary_party,1.0,0.8,observed,ME/ME0201/ME0201D/Nastbastaparti190
2018M05,2018-05-01,2018-05,s,S,S,parliamentary_party,l,L,L,parliamentary_party,5.6,1.3,observed,ME/ME0201/ME0201D/Nastbastaparti190
2018M05,2018-05-01,2018-05,s,S,S,parliamentary_party,m,M,M,parliamentary_party,11.7,2.1,observed,ME/ME0201/ME0201D/Nastbastaparti190
2018M05,2018-05-01,2018-05,s,S,S,parliamentary_party,mp,MP,MP,parliamentary_party,12.5,2.1,observed,ME/ME0201/ME0201D/Nastbastaparti190
2018M05,2018-05-01,2018-05,s,S,S,parliamentary_party,s,S,S,parliamentary_party,0.0,0.0,observed,ME/ME0201/ME0201D/Nastbastaparti190
2018M05,2018-05-01,2018-05,s,S,S,parliamentary_party,v,V,V,parliamentary_party,22.7,2.5,observed,ME/ME0201/ME0201D/Nastbastaparti190
2018M05,2018-05-01,2018-05,s,S,S,parliamentary_party,vet ej,vet ej/uppgift saknas,DONT_KNOW,dont_know,13.7,2.1,observed,ME/ME0201/ME0201D/Nastbastaparti190
2018M05,2018-05-01,2018-05,s,S,S,parliamentary_party,övr,övriga,OTHER,other_party,1.7,0.8,observed,ME/ME0201/ME0201D/Nastbastaparti190
2018M05,2018-05-01,2018-05,v,V,V,parliamentary_party,SD,SD,SD,parliamentary_party,2.3,1.7,observed,ME/ME0201/ME0201D/Nastbastaparti190
2018M05,2018-05-01,2018-05,v,V,V,parliamentary_party,c,C,C,parliamentary_party,3.5,2.2,observed,ME/ME0201/ME0201D/Nastbastaparti190
2018M05,2018-05-01,2018-05,v,V,V,parliamentary_party,inget parti,inget parti,NO_SECOND_CHOICE,no_second_choice,8.0,3.4,observed,ME/ME0201/ME0201D/Nastbastaparti190
2018M05,2018-05-01,2018-05,v,V,V,parliamentary_party,kd,KD,KD,parliamentary_party,0.0,0.0,observed,ME/ME0201/ME0201D/Nastbastaparti190
2018M05,2018-05-01,2018-05,v,V,V,parliamentary_party,l,L,L,parliamentary_party,,,suppressed,ME/ME0201/ME0201D/Nastbastaparti190
2018M05,2018-05-01,2018-05,v,V,V,parliamentary_party,m,M,M,parliamentary_party,1.1,1.1,observed,ME/ME0201/ME0201D/Nastbastaparti190
2018M05,2018-05-01,2018-05,v,V,V,parliamentary_party,mp,MP,MP,parliamentary_party,16.4,4.2,observed,ME/ME0201/ME0201D/Nastbastaparti190
2018M05,2018-05-01,2018-05,v,V,V,parliamentary_party,s,S,S,parliamentary_party,35.8,5.5,observed,ME/ME0201/ME0201D/Nastbastaparti190
2018M05,2018-05-01,2018-05,v,V,V,parliamentary_party,v,V,V,parliamentary_party,0.0,0.0,observed,ME/ME0201/ME0201D/Nastbastaparti190
2018M05,2018-05-01,2018-05,v,V,V,parliamentary_party,vet ej,vet ej/uppgift saknas,DONT_KNOW,dont_know,11.6,4.3,observed,ME/ME0201/ME0201D/Nastbastaparti190
2018M05,2018-05-01,2018-05,v,V,V,parliamentary_party,övr,övriga,OTHER,other_party,20.9,4.7,observed,ME/ME0201/ME0201D/Nastbastaparti190
2018M05,2018-05-01,2018-05,övr,övriga,OTHER,other_party,SD,SD,SD,parliamentary_party,8.0,7.1,observed,ME/ME0201/ME0201D/Nastbastaparti190
2018M05,2018-05-01,2018-05,övr,övriga,OTHER,other_party,c,C,C,parliamentary_party,,,suppressed,ME/ME0201/ME0201D/Nastbastaparti190
2018M05,2018-05-01,2018-05,övr,övriga,OTHER,other_party,inget parti,inget parti,NO_SECOND_CHOICE,no_second_choice,14.9,8.1,observed,ME/ME0201/ME0201D/Nastbastaparti190
2018M05,2018-05-01,2018-05,övr,övriga,OTHER,other_party,kd,KD,KD,parliamentary_party,3.2,3.2,observed,ME/ME0201/ME0201D/Nastbastaparti190
2018M05,2018-05-01,2018-05,övr,övriga,OTHER,other_party,l,L,L,parliamentary_party,,,suppressed,ME/ME0201/ME0201D/Nastbastaparti190
2018M05,2018-05-01,2018-05,övr,övriga,OTHER,other_party,m,M,M,parliamentary_party,3.5,3.1,observed,ME/ME0201/ME0201D/Nastbastaparti190
2018M05,2018-05-01,2018-05,övr,övriga,OTHER,other_party,mp,MP,MP,parliamentary_party,7.9,5.1,observed,ME/ME0201/ME0201D/Nastbastaparti190
2018M05,2018-05-01,2018-05,övr,övriga,OTHER,other_party,s,S,S,parliamentary_party,7.6,5.0,observed,ME/ME0201/ME0201D/Nastbastaparti190
2018M05,2018-05-01,2018-05,övr,övriga,OTHER,other_party,v,V,V,parliamentary_party,39.1,10.5,observed,ME/ME0201/ME0201D/Nastbastaparti190
2018M05,2018-05-01,2018-05,övr,övriga,OTHER,other_party,vet ej,vet ej/uppgift saknas,DONT_KNOW,dont_know,9.3,5.6,observed,ME/ME0201/ME0201D/Nastbastaparti190
2018M05,2018-05-01,2018-05,övr,övriga,OTHER,other_party,övr,övriga,OTHER,other_party,4.6,4.0,observed,ME/ME0201/ME0201D/Nastbastaparti190
2018M11,2018-11-01,2018-11,SD,SD,SD,parliamentary_party,SD,SD,SD,parliamentary_party,0.0,0.0,observed,ME/ME0201/ME0201D/Nastbastaparti190
2018M11,2018-11-01,2018-11,SD,SD,SD,parliamentary_party,c,C,C,parliamentary_party,1.7,1.0,observed,ME/ME0201/ME0201D/Nastbastaparti190
2018M11,2018-11-01,2018-11,SD,SD,SD,parliamentary_party,inget parti,inget parti,NO_SECOND_CHOICE,no_second_choice,13.4,3.0,observed,ME/ME0201/ME0201D/Nastbastaparti190
2018M11,2018-11-01,2018-11,SD,SD,SD,parliamentary_party,kd,KD,KD,parliamentary_party,20.7,3.5,observed,ME/ME0201/ME0201D/Nastbastaparti190
2018M11,2018-11-01,2018-11,SD,SD,SD,parliamentary_party,l,L,L,parliamentary_party,1.4,1.0,observed,ME/ME0201/ME0201D/Nastbastaparti190
2018M11,2018-11-01,2018-11,SD,SD,SD,parliamentary_party,m,M,M,parliamentary_party,40.9,4.3,observed,ME/ME0201/ME0201D/Nastbastaparti190
2018M11,2018-11-01,2018-11,SD,SD,SD,parliamentary_party,mp,MP,MP,parliamentary_party,,,suppressed,ME/ME0201/ME0201D/Nastbastaparti190
2018M11,2018-11-01,2018-11,SD,SD,SD,parliamentary_party,s,S,S,parliamentary_party,11.4,3.0,observed,ME/ME0201/ME0201D/Nastbastaparti190
2018M11,2018-11-01,2018-11,SD,SD,SD,parliamentary_party,v,V,V,parliamentary_party,1.4,1.0,observed,ME/ME0201/ME0201D/Nastbastaparti190
2018M11,2018-11-01,2018-11,SD,SD,SD,parliamentary_party,vet ej,vet ej/uppgift saknas,DONT_KNOW,dont_know,6.1,2.1,observed,ME/ME0201/ME0201D/Nastbastaparti190
2018M11,2018-11-01,2018-11,SD,SD,SD,parliamentary_party,övr,övriga,OTHER,other_party,2.5,1.4,observed,ME/ME0201/ME0201D/Nastbastaparti190
2018M11,2018-11-01,2018-11,c,C,C,parliamentary_party,SD,SD,SD,parliamentary_party,,,suppressed,ME/ME0201/ME0201D/Nastbastaparti190
2018M11,2018-11-01,2018-11,c,C,C,parliamentary_party,c,C,C,parliamentary_party,0.0,0.0,observed,ME/ME0201/ME0201D/Nastbastaparti190
2018M11,2018-11-01,2018-11,c,C,C,parliamentary_party,inget parti,inget parti,NO_SECOND_CHOICE,no_second_choice,4.9,2.0,observed,ME/ME0201/ME0201D/Nastbastaparti190
2018M11,2018-11-01,2018-11,c,C,C,parliamentary_party,kd,KD,KD,parliamentary_party,6.6,2.4,observed,ME/ME0201/ME0201D/Nastbastaparti190
2018M11,2018-11-01,2018-11,c,C,C,parliamentary_party,l,L,L,parliamentary_party,26.9,4.4,observed,ME/ME0201/ME0201D/Nastbastaparti190
2018M11,2018-11-01,2018-11,c,C,C,parliamentary_party,m,M,M,parliamentary_party,26.7,4.5,observed,ME/ME0201/ME0201D/Nastbastaparti190
2018M11,2018-11-01,2018-11,c,C,C,parliamentary_party,mp,MP,MP,parliamentary_party,7.2,2.7,observed,ME/ME0201/ME0201D/Nastbastaparti190
2018M11,2018-11-01,2018-11,c,C,C,parliamentary_party,s,S,S,parliamentary_party,17.5,4.0,observed,ME/ME0201/ME0201D/Nastbastaparti190
2018M11,2018-11-01,2018-11,c,C,C,parliamentary_party,v,V,V,parliamentary_party,,,suppressed,ME/ME0201/ME0201D/Nastbastaparti190
2018M11,2018-11-01,2018-11,c,C,C,parliamentary_party,vet ej,vet ej/uppgift saknas,DONT_KNOW,dont_know,8.8,3.1,observed,ME/ME0201/ME0201D/Nastbastaparti190
2018M11,2018-11-01,2018-11,c,C,C,parliamentary_party,övr,övriga,OTHER,other_party,,,suppressed,ME/ME0201/ME0201D/Nastbastaparti190
2018M11,2018-11-01,2018-11,hela väljarkåren,hela väljarkåren,TOTAL_ELECTORATE,total_electorate,SD,SD,SD,parliamentary_party,4.9,0.7,observed,ME/ME0201/ME0201D/Nastbastaparti190
2018M11,2018-11-01,2018-11,hela väljarkåren,hela väljarkåren,TOTAL_ELECTORATE,total_electorate,c,C,C,parliamentary_party,10.6,0.9,observed,ME/ME0201/ME0201D/Nastbastaparti190
2018M11,2018-11-01,2018-11,hela väljarkåren,hela väljarkåren,TOTAL_ELECTORATE,total_electorate,inget parti,inget parti,NO_SECOND_CHOICE,no_second_choice,7.7,0.9,observed,ME/ME0201/ME0201D/Nastbastaparti190
2018M11,2018-11-01,2018-11,hela väljarkåren,hela väljarkåren,TOTAL_ELECTORATE,total_electorate,kd,KD,KD,parliamentary_party,8.4,0.8,observed,ME/ME0201/ME0201D/Nastbastaparti190
2018M11,2018-11-01,2018-11,hela väljarkåren,hela väljarkåren,TOTAL_ELECTORATE,total_electorate,l,L,L,parliamentary_party,8.1,0.8,observed,ME/ME0201/ME0201D/Nastbastaparti190
2018M11,2018-11-01,2018-11,hela väljarkåren,hela väljarkåren,TOTAL_ELECTORATE,total_electorate,m,M,M,parliamentary_party,13.7,1.0,observed,ME/ME0201/ME0201D/Nastbastaparti190
2018M11,2018-11-01,2018-11,hela väljarkåren,hela väljarkåren,TOTAL_ELECTORATE,total_electorate,mp,MP,MP,parliamentary_party,6.1,0.7,observed,ME/ME0201/ME0201D/Nastbastaparti190
2018M11,2018-11-01,2018-11,hela väljarkåren,hela väljarkåren,TOTAL_ELECTORATE,total_electorate,s,S,S,parliamentary_party,10.8,1.0,observed,ME/ME0201/ME0201D/Nastbastaparti190
2018M11,2018-11-01,2018-11,hela väljarkåren,hela väljarkåren,TOTAL_ELECTORATE,total_electorate,v,V,V,parliamentary_party,7.8,0.8,observed,ME/ME0201/ME0201D/Nastbastaparti190
2018M11,2018-11-01,2018-11,hela väljarkåren,hela väljarkåren,TOTAL_ELECTORATE,total_electorate,vet ej,vet ej/uppgift saknas,DONT_KNOW,dont_know,19.7,1.3,observed,ME/ME0201/ME0201D/Nastbastaparti190
2018M11,2018-11-01,2018-11,hela väljarkåren,hela väljarkåren,TOTAL_ELECTORATE,total_electorate,övr,övriga,OTHER,other_party,2.1,0.4,observed,ME/ME0201/ME0201D/Nastbastaparti190
2018M11,2018-11-01,2018-11,ingen sympati/vet ej,ingen sympati/vet ej,NO_SYMPATHY_OR_DONT_KNOW,no_sympathy,SD,SD,SD,parliamentary_party,0.0,0.0,observed,ME/ME0201/ME0201D/Nastbastaparti190
2018M11,2018-11-01,2018-11,ingen sympati/vet ej,ingen sympati/vet ej,NO_SYMPATHY_OR_DONT_KNOW,no_sympathy,c,C,C,parliamentary_party,0.0,0.0,observed,ME/ME0201/ME0201D/Nastbastaparti190
2018M11,2018-11-01,2018-11,ingen sympati/vet ej,ingen sympati/vet ej,NO_SYMPATHY_OR_DONT_KNOW,no_sympathy,inget parti,inget parti,NO_SECOND_CHOICE,no_second_choice,0.0,0.0,observed,ME/ME0201/ME0201D/Nastbastaparti190
2018M11,2018-11-01,2018-11,ingen sympati/vet ej,ingen sympati/vet ej,NO_SYMPATHY_OR_DONT_KNOW,no_sympathy,kd,KD,KD,parliamentary_party,0.0,0.0,observed,ME/ME0201/ME0201D/Nastbastaparti190
2018M11,2018-11-01,2018-11,ingen sympati/vet ej,ingen sympati/vet ej,NO_SYMPATHY_OR_DONT_KNOW,no_sympathy,l,L,L,parliamentary_party,0.0,0.0,observed,ME/ME0201/ME0201D/Nastbastaparti190
2018M11,2018-11-01,2018-11,ingen sympati/vet ej,ingen sympati/vet ej,NO_SYMPATHY_OR_DONT_KNOW,no_sympathy,m,M,M,parliamentary_party,0.0,0.0,observed,ME/ME0201/ME0201D/Nastbastaparti190
2018M11,2018-11-01,2018-11,ingen sympati/vet ej,ingen sympati/vet ej,NO_SYMPATHY_OR_DONT_KNOW,no_sympathy,mp,MP,MP,parliamentary_party,0.0,0.0,observed,ME/ME0201/ME0201D/Nastbastaparti190
2018M11,2018-11-01,2018-11,ingen sympati/vet ej,ingen sympati/vet ej,NO_SYMPATHY_OR_DONT_KNOW,no_sympathy,s,S,S,parliamentary_party,0.0,0.0,observed,ME/ME0201/ME0201D/Nastbastaparti190
2018M11,2018-11-01,2018-11,ingen sympati/vet ej,ingen sympati/vet ej,NO_SYMPATHY_OR_DONT_KNOW,no_sympathy,v,V,V,parliamentary_party,0.0,0.0,observed,ME/ME0201/ME0201D/Nastbastaparti190
2018M11,2018-11-01,2018-11,ingen sympati/vet ej,ingen sympati/vet ej,NO_SYMPATHY_OR_DONT_KNOW,no_sympathy,vet ej,vet ej/uppgift saknas,DONT_KNOW,dont_know,100.0,0.0,observed,ME/ME0201/ME0201D/Nastbastaparti190
2018M11,2018-11-01,2018-11,ingen sympati/vet ej,ingen sympati/vet ej,NO_SYMPATHY_OR_DONT_KNOW,no_sympathy,övr,övriga,OTHER,other_party,0.0,0.0,observed,ME/ME0201/ME0201D/Nastbastaparti190
2018M11,2018-11-01,2018-11,kd,KD,KD,parliamentary_party,SD,SD,SD,parliamentary_party,9.8,4.4,observed,ME/ME0201/ME0201D/Nastbastaparti190
2018M11,2018-11-01,2018-11,kd,KD,KD,parliamentary_party,c,C,C,parliamentary_party,14.5,4.5,observed,ME/ME0201/ME0201D/Nastbastaparti190
2018M11,2018-11-01,2018-11,kd,KD,KD,parliamentary_party,inget parti,inget parti,NO_SECOND_CHOICE,no_second_choice,6.9,3.3,observed,ME/ME0201/ME0201D/Nastbastaparti190
2018M11,2018-11-01,2018-11,kd,KD,KD,parliamentary_party,kd,KD,KD,parliamentary_party,0.0,0.0,observed,ME/ME0201/ME0201D/Nastbastaparti190
2018M11,2018-11-01,2018-11,kd,KD,KD,parliamentary_party,l,L,L,parliamentary_party,7.8,3.5,observed,ME/ME0201/ME0201D/Nastbastaparti190
2018M11,2018-11-01,2018-11,kd,KD,KD,parliamentary_party,m,M,M,parliamentary_party,46.0,6.5,observed,ME/ME0201/ME0201D/Nastbastaparti190
2018M11,2018-11-01,2018-11,kd,KD,KD,parliamentary_party,mp,MP,MP,parliamentary_party,,,suppressed,ME/ME0201/ME0201D/Nastbastaparti190
2018M11,2018-11-01,2018-11,kd,KD,KD,parliamentary_party,s,S,S,parliamentary_party,4.6,2.6,observed,ME/ME0201/ME0201D/Nastbastaparti190
2018M11,2018-11-01,2018-11,kd,KD,KD,parliamentary_party,v,V,V,parliamentary_party,,,suppressed,ME/ME0201/ME0201D/Nastbastaparti190
2018M11,2018-11-01,2018-11,kd,KD,KD,parliamentary_party,vet ej,vet ej/uppgift saknas,DONT_KNOW,dont_know,7.8,3.4,observed,ME/ME0201/ME0201D/Nastbastaparti190
2018M11,2018-11-01,2018-11,kd,KD,KD,parliamentary_party,övr,övriga,OTHER,other_party,,,suppressed,ME/ME0201/ME0201D/Nastbastaparti190
2018M11,2018-11-01,2018-11,l,L,L,parliamentary_party,SD,SD,SD,parliamentary_party,2.9,2.2,observed,ME/ME0201/ME0201D/Nastbastaparti190
2018M11,2018-11-01,2018-11,l,L,L,parliamentary_party,c,C,C,parliamentary_party,36.6,6.1,observed,ME/ME0201/ME0201D/Nastbastaparti190
2018M11,2018-11-01,2018-11,l,L,L,parliamentary_party,inget parti,inget parti,NO_SECOND_CHOICE,no_second_choice,3.8,2.2,observed,ME/ME0201/ME0201D/Nastbastaparti190
2018M11,2018-11-01,2018-11,l,L,L,parliamentary_party,kd,KD,KD,parliamentary_party,3.4,2.2,observed,ME/ME0201/ME0201D/Nastbastaparti190
2018M11,2018-11-01,2018-11,l,L,L,parliamentary_party,l,L,L,parliamentary_party,0.0,0.0,observed,ME/ME0201/ME0201D/Nastbastaparti190
2018M11,2018-11-01,2018-11,l,L,L,parliamentary_party,m,M,M,parliamentary_party,28.7,5.8,observed,ME/ME0201/ME0201D/Nastbastaparti190
2018M11,2018-11-01,2018-11,l,L,L,parliamentary_party,mp,MP,MP,parliamentary_party,2.5,2.1,observed,ME/ME0201/ME0201D/Nastbastaparti190
2018M11,2018-11-01,2018-11,l,L,L,parliamentary_party,s,S,S,parliamentary_party,12.6,4.6,observed,ME/ME0201/ME0201D/Nastbastaparti190
2018M11,2018-11-01,2018-11,l,L,L,parliamentary_party,v,V,V,parliamentary_party,,,suppressed,ME/ME0201/ME0201D/Nastbastaparti190
2018M11,2018-11-01,2018-11,l,L,L,parliamentary_party,vet ej,vet ej/uppgift saknas,DONT_KNOW,dont_know,8.9,4.3,observed,ME/ME0201/ME0201D/Nastbastaparti190
2018M11,2018-11-01,2018-11,l,L,L,parliamentary_party,övr,övriga,OTHER,other_party,0.0,0.0,observed,ME/ME0201/ME0201D/Nastbastaparti190
2018M11,2018-11-01,2018-11,m,M,M,parliamentary_party,SD,SD,SD,parliamentary_party,15.4,2.6,observed,ME/ME0201/ME0201D/Nastbastaparti190
2018M11,2018-11-01,2018-11,m,M,M,parliamentary_party,c,C,C,parliamentary_party,16.2,2.5,observed,ME/ME0201/ME0201D/Nastbastaparti190
2018M11,2018-11-01,2018-11,m,M,M,parliamentary_party,inget parti,inget parti,NO_SECOND_CHOICE,no_second_choice,5.3,1.5,observed,ME/ME0201/ME0201D/Nastbastaparti190
2018M11,2018-11-01,2018-11,m,M,M,parliamentary_party,kd,KD,KD,parliamentary_party,24.0,2.9,observed,ME/ME0201/ME0201D/Nastbastaparti190
2018M11,2018-11-01,2018-11,m,M,M,parliamentary_party,l,L,L,parliamentary_party,18.8,2.7,observed,ME/ME0201/ME0201D/Nastbastaparti190
2018M11,2018-11-01,2018-11,m,M,M,parliamentary_party,m,M,M,parliamentary_party,0.0,0.0,observed,ME/ME0201/ME0201D/Nastbastaparti190
2018M11,2018-11-01,2018-11,m,M,M,parliamentary_party,mp,MP,MP,parliamentary_party,0.9,0.6,observed,ME/ME0201/ME0201D/Nastbastaparti190
2018M11,2018-11-01,2018-11,m,M,M,parliamentary_party,s,S,S,parliamentary_party,9.5,2.4,observed,ME/ME0201/ME0201D/Nastbastaparti190
2018M11,2018-11-01,2018-11,m,M,M,parliamentary_party,v,V,V,parliamentary_party,,,suppressed,ME/ME0201/ME0201D/Nastbastaparti190
2018M11,2018-11-01,2018-11,m,M,M,parliamentary_party,vet ej,vet ej/uppgift saknas,DONT_KNOW,dont_know,8.5,2.1,observed,ME/ME0201/ME0201D/Nastbastaparti190
2018M11,2018-11-01,2018-11,m,M,M,parliamentary_party,övr,övriga,OTHER,other_party,0.5,0.5,observed,ME/ME0201/ME0201D/Nastbastaparti190
2018M11,2018-11-01,2018-11,mp,MP,MP,parliamentary_party,SD,SD,SD,parliamentary_party,,,suppressed,ME/ME0201/ME0201D/Nastbastaparti190
2018M11,2018-11-01,2018-11,mp,MP,MP,parliamentary_party,c,C,C,parliamentary_party,16.5,5.7,observed,ME/ME0201/ME0201D/Nastbastaparti190
2018M11,2018-11-01,2018-11,mp,MP,MP,parliamentary_party,inget parti,inget parti,NO_SECOND_CHOICE,no_second_choice,5.5,4.0,observed,ME/ME0201/ME0201D/Nastbastaparti190
2018M11,2018-11-01,2018-11,mp,MP,MP,parliamentary_party,kd,KD,KD,parliamentary_party,,,suppressed,ME/ME0201/ME0201D/Nastbastaparti190
2018M11,2018-11-01,2018-11,mp,MP,MP,parliamentary_party,l,L,L,parliamentary_party,2.9,2.2,observed,ME/ME0201/ME0201D/Nastbastaparti190
2018M11,2018-11-01,2018-11,mp,MP,MP,parliamentary_party,m,M,M,parliamentary_party,5.5,3.2,observed,ME/ME0201/ME0201D/Nastbastaparti190
2018M11,2018-11-01,2018-11,mp,MP,MP,parliamentary_party,mp,MP,MP,parliamentary_party,0.0,0.0,observed,ME/ME0201/ME0201D/Nastbastaparti190
2018M11,2018-11-01,2018-11,mp,MP,MP,parliamentary_party,s,S,S,parliamentary_party,39.9,7.1,observed,ME/ME0201/ME0201D/Nastbastaparti190
2018M11,2018-11-01,2018-11,mp,MP,MP,parliamentary_party,v,V,V,parliamentary_party,15.7,5.3,observed,ME/ME0201/ME0201D/Nastbastaparti190
2018M11,2018-11-01,2018-11,mp,MP,MP,parliamentary_party,vet ej,vet ej/uppgift saknas,DONT_KNOW,dont_know,6.3,3.4,observed,ME/ME0201/ME0201D/Nastbastaparti190
2018M11,2018-11-01,2018-11,mp,MP,MP,parliamentary_party,övr,övriga,OTHER,other_party,5.9,4.3,observed,ME/ME0201/ME0201D/Nastbastaparti190
2018M11,2018-11-01,2018-11,s,S,S,parliamentary_party,SD,SD,SD,parliamentary_party,3.9,1.3,observed,ME/ME0201/ME0201D/Nastbastaparti190
2018M11,2018-11-01,2018-11,s,S,S,parliamentary_party,c,C,C,parliamentary_party,16.3,2.1,observed,ME/ME0201/ME0201D/Nastbastaparti190
2018M11,2018-11-01,2018-11,s,S,S,parliamentary_party,inget parti,inget parti,NO_SECOND_CHOICE,no_second_choice,11.3,2.1,observed,ME/ME0201/ME0201D/Nastbastaparti190
2018M11,2018-11-01,2018-11,s,S,S,parliamentary_party,kd,KD,KD,parliamentary_party,1.5,0.7,observed,ME/ME0201/ME0201D/Nastbastaparti190
2018M11,2018-11-01,2018-11,s,S,S,parliamentary_party,l,L,L,parliamentary_party,7.0,1.4,observed,ME/ME0201/ME0201D/Nastbastaparti190
2018M11,2018-11-01,2018-11,s,S,S,parliamentary_party,m,M,M,parliamentary_party,8.1,1.8,observed,ME/ME0201/ME0201D/Nastbastaparti190
2018M11,2018-11-01,2018-11,s,S,S,parliamentary_party,mp,MP,MP,parliamentary_party,13.3,1.9,observed,ME/ME0201/ME0201D/Nastbastaparti190
2018M11,2018-11-01,2018-11,s,S,S,parliamentary_party,s,S,S,parliamentary_party,0.0,0.0,observed,ME/ME0201/ME0201D/Nastbastaparti190
2018M11,2018-11-01,2018-11,s,S,S,parliamentary_party,v,V,V,parliamentary_party,23.5,2.4,observed,ME/ME0201/ME0201D/Nastbastaparti190
2018M11,2018-11-01,2018-11,s,S,S,parliamentary_party,vet ej,vet ej/uppgift saknas,DONT_KNOW,dont_know,14.3,2.3,observed,ME/ME0201/ME0201D/Nastbastaparti190
2018M11,2018-11-01,2018-11,s,S,S,parliamentary_party,övr,övriga,OTHER,other_party,0.6,0.4,observed,ME/ME0201/ME0201D/Nastbastaparti190
2018M11,2018-11-01,2018-11,v,V,V,parliamentary_party,SD,SD,SD,parliamentary_party,,,suppressed,ME/ME0201/ME0201D/Nastbastaparti190
2018M11,2018-11-01,2018-11,v,V,V,parliamentary_party,c,C,C,parliamentary_party,2.4,1.6,observed,ME/ME0201/ME0201D/Nastbastaparti190
2018M11,2018-11-01,2018-11,v,V,V,parliamentary_party,inget parti,inget parti,NO_SECOND_CHOICE,no_second_choice,7.1,3.5,observed,ME/ME0201/ME0201D/Nastbastaparti190
2018M11,2018-11-01,2018-11,v,V,V,parliamentary_party,kd,KD,KD,parliamentary_party,0.0,0.0,observed,ME/ME0201/ME0201D/Nastbastaparti190
2018M11,2018-11-01,2018-11,v,V,V,parliamentary_party,l,L,L,parliamentary_party,,,suppressed,ME/ME0201/ME0201D/Nastbastaparti190
2018M11,2018-11-01,2018-11,v,V,V,parliamentary_party,m,M,M,parliamentary_party,,,suppressed,ME/ME0201/ME0201D/Nastbastaparti190
2018M11,2018-11-01,2018-11,v,V,V,parliamentary_party,mp,MP,MP,parliamentary_party,20.0,4.0,observed,ME/ME0201/ME0201D/Nastbastaparti190
2018M11,2018-11-01,2018-11,v,V,V,parliamentary_party,s,S,S,parliamentary_party,49.2,5.7,observed,ME/ME0201/ME0201D/Nastbastaparti190
2018M11,2018-11-01,2018-11,v,V,V,parliamentary_party,v,V,V,parliamentary_party,0.0,0.0,observed,ME/ME0201/ME0201D/Nastbastaparti190
2018M11,2018-11-01,2018-11,v,V,V,parliamentary_party,vet ej,vet ej/uppgift saknas,DONT_KNOW,dont_know,4.0,2.0,observed,ME/ME0201/ME0201D/Nastbastaparti190
2018M11,2018-11-01,2018-11,v,V,V,parliamentary_party,övr,övriga,OTHER,other_party,14.6,3.7,observed,ME/ME0201/ME0201D/Nastbastaparti190
2018M11,2018-11-01,2018-11,övr,övriga,OTHER,other_party,SD,SD,SD,parliamentary_party,18.0,10.6,observed,ME/ME0201/ME0201D/Nastbastaparti190
2018M11,2018-11-01,2018-11,övr,övriga,OTHER,other_party,c,C,C,parliamentary_party,,,suppressed,ME/ME0201/ME0201D/Nastbastaparti190
2018M11,2018-11-01,2018-11,övr,övriga,OTHER,other_party,inget parti,inget parti,NO_SECOND_CHOICE,no_second_choice,13.5,9.7,observed,ME/ME0201/ME0201D/Nastbastaparti190
2018M11,2018-11-01,2018-11,övr,övriga,OTHER,other_party,kd,KD,KD,parliamentary_party,,,suppressed,ME/ME0201/ME0201D/Nastbastaparti190
2018M11,2018-11-01,2018-11,övr,övriga,OTHER,other_party,l,L,L,parliamentary_party,,,suppressed,ME/ME0201/ME0201D/Nastbastaparti190
2018M11,2018-11-01,2018-11,övr,övriga,OTHER,other_party,m,M,M,parliamentary_party,10.0,9.2,observed,ME/ME0201/ME0201D/Nastbastaparti190
2018M11,2018-11-01,2018-11,övr,övriga,OTHER,other_party,mp,MP,MP,parliamentary_party,,,suppressed,ME/ME0201/ME0201D/Nastbastaparti190
2018M11,2018-11-01,2018-11,övr,övriga,OTHER,other_party,s,S,S,parliamentary_party,,,suppressed,ME/ME0201/ME0201D/Nastbastaparti190
2018M11,2018-11-01,2018-11,övr,övriga,OTHER,other_party,v,V,V,parliamentary_party,30.3,12.1,observed,ME/ME0201/ME0201D/Nastbastaparti190
2018M11,2018-11-01,2018-11,övr,övriga,OTHER,other_party,vet ej,vet ej/uppgift saknas,DONT_KNOW,dont_know,,,suppressed,ME/ME0201/ME0201D/Nastbastaparti190
2018M11,2018-11-01,2018-11,övr,övriga,OTHER,other_party,övr,övriga,OTHER,other_party,,,suppressed,ME/ME0201/ME0201D/Nastbastaparti190
2019M05,2019-05-01,2019-05,SD,SD,SD,parliamentary_party,SD,SD,SD,parliamentary_party,0.0,0.0,observed,ME/ME0201/ME0201D/Nastbastaparti190
2019M05,2019-05-01,2019-05,SD,SD,SD,parliamentary_party,c,C,C,parliamentary_party,,,suppressed,ME/ME0201/ME0201D/Nastbastaparti190
2019M05,2019-05-01,2019-05,SD,SD,SD,parliamentary_party,inget parti,inget parti,NO_SECOND_CHOICE,no_second_choice,11.9,3.1,observed,ME/ME0201/ME0201D/Nastbastaparti190
2019M05,2019-05-01,2019-05,SD,SD,SD,parliamentary_party,kd,KD,KD,parliamentary_party,41.2,4.5,observed,ME/ME0201/ME0201D/Nastbastaparti190
2019M05,2019-05-01,2019-05,SD,SD,SD,parliamentary_party,l,L,L,parliamentary_party,0.7,0.7,observed,ME/ME0201/ME0201D/Nastbastaparti190
2019M05,2019-05-01,2019-05,SD,SD,SD,parliamentary_party,m,M,M,parliamentary_party,26.6,4.3,observed,ME/ME0201/ME0201D/Nastbastaparti190
2019M05,2019-05-01,2019-05,SD,SD,SD,parliamentary_party,mp,MP,MP,parliamentary_party,1.7,1.5,observed,ME/ME0201/ME0201D/Nastbastaparti190
2019M05,2019-05-01,2019-05,SD,SD,SD,parliamentary_party,s,S,S,parliamentary_party,8.3,2.7,observed,ME/ME0201/ME0201D/Nastbastaparti190
2019M05,2019-05-01,2019-05,SD,SD,SD,parliamentary_party,v,V,V,parliamentary_party,1.4,1.0,observed,ME/ME0201/ME0201D/Nastbastaparti190
2019M05,2019-05-01,2019-05,SD,SD,SD,parliamentary_party,vet ej,vet ej/uppgift saknas,DONT_KNOW,dont_know,5.6,2.5,observed,ME/ME0201/ME0201D/Nastbastaparti190
2019M05,2019-05-01,2019-05,SD,SD,SD,parliamentary_party,övr,övriga,OTHER,other_party,1.5,1.1,observed,ME/ME0201/ME0201D/Nastbastaparti190
2019M05,2019-05-01,2019-05,c,C,C,parliamentary_party,SD,SD,SD,parliamentary_party,1.5,1.5,observed,ME/ME0201/ME0201D/Nastbastaparti190
2019M05,2019-05-01,2019-05,c,C,C,parliamentary_party,c,C,C,parliamentary_party,0.0,0.0,observed,ME/ME0201/ME0201D/Nastbastaparti190
2019M05,2019-05-01,2019-05,c,C,C,parliamentary_party,inget parti,inget parti,NO_SECOND_CHOICE,no_second_choice,2.6,1.7,observed,ME/ME0201/ME0201D/Nastbastaparti190
2019M05,2019-05-01,2019-05,c,C,C,parliamentary_party,kd,KD,KD,parliamentary_party,7.5,2.9,observed,ME/ME0201/ME0201D/Nastbastaparti190
2019M05,2019-05-01,2019-05,c,C,C,parliamentary_party,l,L,L,parliamentary_party,29.5,5.3,observed,ME/ME0201/ME0201D/Nastbastaparti190
2019M05,2019-05-01,2019-05,c,C,C,parliamentary_party,m,M,M,parliamentary_party,21.4,4.6,observed,ME/ME0201/ME0201D/Nastbastaparti190
2019M05,2019-05-01,2019-05,c,C,C,parliamentary_party,mp,MP,MP,parliamentary_party,10.8,3.5,observed,ME/ME0201/ME0201D/Nastbastaparti190
2019M05,2019-05-01,2019-05,c,C,C,parliamentary_party,s,S,S,parliamentary_party,14.9,4.0,observed,ME/ME0201/ME0201D/Nastbastaparti190
2019M05,2019-05-01,2019-05,c,C,C,parliamentary_party,v,V,V,parliamentary_party,1.9,1.9,observed,ME/ME0201/ME0201D/Nastbastaparti190
2019M05,2019-05-01,2019-05,c,C,C,parliamentary_party,vet ej,vet ej/uppgift saknas,DONT_KNOW,dont_know,9.7,3.4,observed,ME/ME0201/ME0201D/Nastbastaparti190
2019M05,2019-05-01,2019-05,c,C,C,parliamentary_party,övr,övriga,OTHER,other_party,,,suppressed,ME/ME0201/ME0201D/Nastbastaparti190
2019M05,2019-05-01,2019-05,hela väljarkåren,hela väljarkåren,TOTAL_ELECTORATE,total_electorate,SD,SD,SD,parliamentary_party,5.4,0.8,observed,ME/ME0201/ME0201D/Nastbastaparti190
2019M05,2019-05-01,2019-05,hela väljarkåren,hela väljarkåren,TOTAL_ELECTORATE,total_electorate,c,C,C,parliamentary_party,7.6,0.8,observed,ME/ME0201/ME0201D/Nastbastaparti190
2019M05,2019-05-01,2019-05,hela väljarkåren,hela väljarkåren,TOTAL_ELECTORATE,total_electorate,inget parti,inget parti,NO_SECOND_CHOICE,no_second_choice,7.2,0.9,observed,ME/ME0201/ME0201D/Nastbastaparti190
2019M05,2019-05-01,2019-05,hela väljarkåren,hela väljarkåren,TOTAL_ELECTORATE,total_electorate,kd,KD,KD,parliamentary_party,13.3,1.0,observed,ME/ME0201/ME0201D/Nastbastaparti190
2019M05,2019-05-01,2019-05,hela väljarkåren,hela väljarkåren,TOTAL_ELECTORATE,total_electorate,l,L,L,parliamentary_party,6.6,0.7,observed,ME/ME0201/ME0201D/Nastbastaparti190
2019M05,2019-05-01,2019-05,hela väljarkåren,hela väljarkåren,TOTAL_ELECTORATE,total_electorate,m,M,M,parliamentary_party,12.3,1.1,observed,ME/ME0201/ME0201D/Nastbastaparti190
2019M05,2019-05-01,2019-05,hela väljarkåren,hela väljarkåren,TOTAL_ELECTORATE,total_electorate,mp,MP,MP,parliamentary_party,7.4,0.8,observed,ME/ME0201/ME0201D/Nastbastaparti190
2019M05,2019-05-01,2019-05,hela väljarkåren,hela väljarkåren,TOTAL_ELECTORATE,total_electorate,s,S,S,parliamentary_party,9.4,0.9,observed,ME/ME0201/ME0201D/Nastbastaparti190
2019M05,2019-05-01,2019-05,hela väljarkåren,hela väljarkåren,TOTAL_ELECTORATE,total_electorate,v,V,V,parliamentary_party,7.5,0.7,observed,ME/ME0201/ME0201D/Nastbastaparti190
2019M05,2019-05-01,2019-05,hela väljarkåren,hela väljarkåren,TOTAL_ELECTORATE,total_electorate,vet ej,vet ej/uppgift saknas,DONT_KNOW,dont_know,21.5,1.4,observed,ME/ME0201/ME0201D/Nastbastaparti190
2019M05,2019-05-01,2019-05,hela väljarkåren,hela väljarkåren,TOTAL_ELECTORATE,total_electorate,övr,övriga,OTHER,other_party,2.0,0.4,observed,ME/ME0201/ME0201D/Nastbastaparti190
2019M05,2019-05-01,2019-05,ingen sympati/vet ej,ingen sympati/vet ej,NO_SYMPATHY_OR_DONT_KNOW,no_sympathy,SD,SD,SD,parliamentary_party,0.0,0.0,observed,ME/ME0201/ME0201D/Nastbastaparti190
2019M05,2019-05-01,2019-05,ingen sympati/vet ej,ingen sympati/vet ej,NO_SYMPATHY_OR_DONT_KNOW,no_sympathy,c,C,C,parliamentary_party,0.0,0.0,observed,ME/ME0201/ME0201D/Nastbastaparti190
2019M05,2019-05-01,2019-05,ingen sympati/vet ej,ingen sympati/vet ej,NO_SYMPATHY_OR_DONT_KNOW,no_sympathy,inget parti,inget parti,NO_SECOND_CHOICE,no_second_choice,0.0,0.0,observed,ME/ME0201/ME0201D/Nastbastaparti190
2019M05,2019-05-01,2019-05,ingen sympati/vet ej,ingen sympati/vet ej,NO_SYMPATHY_OR_DONT_KNOW,no_sympathy,kd,KD,KD,parliamentary_party,,,suppressed,ME/ME0201/ME0201D/Nastbastaparti190
2019M05,2019-05-01,2019-05,ingen sympati/vet ej,ingen sympati/vet ej,NO_SYMPATHY_OR_DONT_KNOW,no_sympathy,l,L,L,parliamentary_party,0.0,0.0,observed,ME/ME0201/ME0201D/Nastbastaparti190
2019M05,2019-05-01,2019-05,ingen sympati/vet ej,ingen sympati/vet ej,NO_SYMPATHY_OR_DONT_KNOW,no_sympathy,m,M,M,parliamentary_party,0.0,0.0,observed,ME/ME0201/ME0201D/Nastbastaparti190
2019M05,2019-05-01,2019-05,ingen sympati/vet ej,ingen sympati/vet ej,NO_SYMPATHY_OR_DONT_KNOW,no_sympathy,mp,MP,MP,parliamentary_party,0.0,0.0,observed,ME/ME0201/ME0201D/Nastbastaparti190
2019M05,2019-05-01,2019-05,ingen sympati/vet ej,ingen sympati/vet ej,NO_SYMPATHY_OR_DONT_KNOW,no_sympathy,s,S,S,parliamentary_party,0.0,0.0,observed,ME/ME0201/ME0201D/Nastbastaparti190
2019M05,2019-05-01,2019-05,ingen sympati/vet ej,ingen sympati/vet ej,NO_SYMPATHY_OR_DONT_KNOW,no_sympathy,v,V,V,parliamentary_party,0.0,0.0,observed,ME/ME0201/ME0201D/Nastbastaparti190
2019M05,2019-05-01,2019-05,ingen sympati/vet ej,ingen sympati/vet ej,NO_SYMPATHY_OR_DONT_KNOW,no_sympathy,vet ej,vet ej/uppgift saknas,DONT_KNOW,dont_know,99.8,0.4,observed,ME/ME0201/ME0201D/Nastbastaparti190
2019M05,2019-05-01,2019-05,ingen sympati/vet ej,ingen sympati/vet ej,NO_SYMPATHY_OR_DONT_KNOW,no_sympathy,övr,övriga,OTHER,other_party,0.0,0.0,observed,ME/ME0201/ME0201D/Nastbastaparti190
2019M05,2019-05-01,2019-05,kd,KD,KD,parliamentary_party,SD,SD,SD,parliamentary_party,19.3,4.0,observed,ME/ME0201/ME0201D/Nastbastaparti190
2019M05,2019-05-01,2019-05,kd,KD,KD,parliamentary_party,c,C,C,parliamentary_party,7.8,2.5,observed,ME/ME0201/ME0201D/Nastbastaparti190
2019M05,2019-05-01,2019-05,kd,KD,KD,parliamentary_party,inget parti,inget parti,NO_SECOND_CHOICE,no_second_choice,7.6,2.8,observed,ME/ME0201/ME0201D/Nastbastaparti190
2019M05,2019-05-01,2019-05,kd,KD,KD,parliamentary_party,kd,KD,KD,parliamentary_party,0.0,0.0,observed,ME/ME0201/ME0201D/Nastbastaparti190
2019M05,2019-05-01,2019-05,kd,KD,KD,parliamentary_party,l,L,L,parliamentary_party,4.2,1.8,observed,ME/ME0201/ME0201D/Nastbastaparti190
2019M05,2019-05-01,2019-05,kd,KD,KD,parliamentary_party,m,M,M,parliamentary_party,48.4,5.0,observed,ME/ME0201/ME0201D/Nastbastaparti190
2019M05,2019-05-01,2019-05,kd,KD,KD,parliamentary_party,mp,MP,MP,parliamentary_party,0.9,0.7,observed,ME/ME0201/ME0201D/Nastbastaparti190
2019M05,2019-05-01,2019-05,kd,KD,KD,parliamentary_party,s,S,S,parliamentary_party,4.5,1.9,observed,ME/ME0201/ME0201D/Nastbastaparti190
2019M05,2019-05-01,2019-05,kd,KD,KD,parliamentary_party,v,V,V,parliamentary_party,,,suppressed,ME/ME0201/ME0201D/Nastbastaparti190
2019M05,2019-05-01,2019-05,kd,KD,KD,parliamentary_party,vet ej,vet ej/uppgift saknas,DONT_KNOW,dont_know,6.3,2.3,observed,ME/ME0201/ME0201D/Nastbastaparti190
2019M05,2019-05-01,2019-05,kd,KD,KD,parliamentary_party,övr,övriga,OTHER,other_party,,,suppressed,ME/ME0201/ME0201D/Nastbastaparti190
2019M05,2019-05-01,2019-05,l,L,L,parliamentary_party,SD,SD,SD,parliamentary_party,,,suppressed,ME/ME0201/ME0201D/Nastbastaparti190
2019M05,2019-05-01,2019-05,l,L,L,parliamentary_party,c,C,C,parliamentary_party,33.6,6.5,observed,ME/ME0201/ME0201D/Nastbastaparti190
2019M05,2019-05-01,2019-05,l,L,L,parliamentary_party,inget parti,inget parti,NO_SECOND_CHOICE,no_second_choice,4.7,2.8,observed,ME/ME0201/ME0201D/Nastbastaparti190
2019M05,2019-05-01,2019-05,l,L,L,parliamentary_party,kd,KD,KD,parliamentary_party,7.5,3.6,observed,ME/ME0201/ME0201D/Nastbastaparti190
2019M05,2019-05-01,2019-05,l,L,L,parliamentary_party,l,L,L,parliamentary_party,0.0,0.0,observed,ME/ME0201/ME0201D/Nastbastaparti190
2019M05,2019-05-01,2019-05,l,L,L,parliamentary_party,m,M,M,parliamentary_party,29.1,6.9,observed,ME/ME0201/ME0201D/Nastbastaparti190
2019M05,2019-05-01,2019-05,l,L,L,parliamentary_party,mp,MP,MP,parliamentary_party,4.1,2.9,observed,ME/ME0201/ME0201D/Nastbastaparti190
2019M05,2019-05-01,2019-05,l,L,L,parliamentary_party,s,S,S,parliamentary_party,14.3,5.0,observed,ME/ME0201/ME0201D/Nastbastaparti190
2019M05,2019-05-01,2019-05,l,L,L,parliamentary_party,v,V,V,parliamentary_party,,,suppressed,ME/ME0201/ME0201D/Nastbastaparti190
2019M05,2019-05-01,2019-05,l,L,L,parliamentary_party,vet ej,vet ej/uppgift saknas,DONT_KNOW,dont_know,4.9,2.8,observed,ME/ME0201/ME0201D/Nastbastaparti190
2019M05,2019-05-01,2019-05,l,L,L,parliamentary_party,övr,övriga,OTHER,other_party,,,suppressed,ME/ME0201/ME0201D/Nastbastaparti190
2019M05,2019-05-01,2019-05,m,M,M,parliamentary_party,SD,SD,SD,parliamentary_party,10.8,2.7,observed,ME/ME0201/ME0201D/Nastbastaparti190
2019M05,2019-05-01,2019-05,m,M,M,parliamentary_party,c,C,C,parliamentary_party,9.9,2.3,observed,ME/ME0201/ME0201D/Nastbastaparti190
2019M05,2019-05-01,2019-05,m,M,M,parliamentary_party,inget parti,inget parti,NO_SECOND_CHOICE,no_second_choice,5.4,2.1,observed,ME/ME0201/ME0201D/Nastbastaparti190
2019M05,2019-05-01,2019-05,m,M,M,parliamentary_party,kd,KD,KD,parliamentary_party,39.1,3.9,observed,ME/ME0201/ME0201D/Nastbastaparti190
2019M05,2019-05-01,2019-05,m,M,M,parliamentary_party,l,L,L,parliamentary_party,15.2,3.0,observed,ME/ME0201/ME0201D/Nastbastaparti190
2019M05,2019-05-01,2019-05,m,M,M,parliamentary_party,m,M,M,parliamentary_party,0.0,0.0,observed,ME/ME0201/ME0201D/Nastbastaparti190
2019M05,2019-05-01,2019-05,m,M,M,parliamentary_party,mp,MP,MP,parliamentary_party,2.0,1.1,observed,ME/ME0201/ME0201D/Nastbastaparti190
2019M05,2019-05-01,2019-05,m,M,M,parliamentary_party,s,S,S,parliamentary_party,8.7,2.7,observed,ME/ME0201/ME0201D/Nastbastaparti190
2019M05,2019-05-01,2019-05,m,M,M,parliamentary_party,v,V,V,parliamentary_party,,,suppressed,ME/ME0201/ME0201D/Nastbastaparti190
2019M05,2019-05-01,2019-05,m,M,M,parliamentary_party,vet ej,vet ej/uppgift saknas,DONT_KNOW,dont_know,8.2,2.1,observed,ME/ME0201/ME0201D/Nastbastaparti190
2019M05,2019-05-01,2019-05,m,M,M,parliamentary_party,övr,övriga,OTHER,other_party,,,suppressed,ME/ME0201/ME0201D/Nastbastaparti190
2019M05,2019-05-01,2019-05,mp,MP,MP,parliamentary_party,SD,SD,SD,parliamentary_party,,,suppressed,ME/ME0201/ME0201D/Nastbastaparti190
2019M05,2019-05-01,2019-05,mp,MP,MP,parliamentary_party,c,C,C,parliamentary_party,10.8,4.6,observed,ME/ME0201/ME0201D/Nastbastaparti190
2019M05,2019-05-01,2019-05,mp,MP,MP,parliamentary_party,inget parti,inget parti,NO_SECOND_CHOICE,no_second_choice,6.0,4.3,observed,ME/ME0201/ME0201D/Nastbastaparti190
2019M05,2019-05-01,2019-05,mp,MP,MP,parliamentary_party,kd,KD,KD,parliamentary_party,,,suppressed,ME/ME0201/ME0201D/Nastbastaparti190
2019M05,2019-05-01,2019-05,mp,MP,MP,parliamentary_party,l,L,L,parliamentary_party,5.5,2.9,observed,ME/ME0201/ME0201D/Nastbastaparti190
2019M05,2019-05-01,2019-05,mp,MP,MP,parliamentary_party,m,M,M,parliamentary_party,,,suppressed,ME/ME0201/ME0201D/Nastbastaparti190
2019M05,2019-05-01,2019-05,mp,MP,MP,parliamentary_party,mp,MP,MP,parliamentary_party,0.0,0.0,observed,ME/ME0201/ME0201D/Nastbastaparti190
2019M05,2019-05-01,2019-05,mp,MP,MP,parliamentary_party,s,S,S,parliamentary_party,40.7,7.7,observed,ME/ME0201/ME0201D/Nastbastaparti190
2019M05,2019-05-01,2019-05,mp,MP,MP,parliamentary_party,v,V,V,parliamentary_party,20.7,5.5,observed,ME/ME0201/ME0201D/Nastbastaparti190
2019M05,2019-05-01,2019-05,mp,MP,MP,parliamentary_party,vet ej,vet ej/uppgift saknas,DONT_KNOW,dont_know,7.3,4.3,observed,ME/ME0201/ME0201D/Nastbastaparti190
2019M05,2019-05-01,2019-05,mp,MP,MP,parliamentary_party,övr,övriga,OTHER,other_party,2.9,2.2,observed,ME/ME0201/ME0201D/Nastbastaparti190
2019M05,2019-05-01,2019-05,s,S,S,parliamentary_party,SD,SD,SD,parliamentary_party,4.6,1.4,observed,ME/ME0201/ME0201D/Nastbastaparti190
2019M05,2019-05-01,2019-05,s,S,S,parliamentary_party,c,C,C,parliamentary_party,13.1,2.0,observed,ME/ME0201/ME0201D/Nastbastaparti190
2019M05,2019-05-01,2019-05,s,S,S,parliamentary_party,inget parti,inget parti,NO_SECOND_CHOICE,no_second_choice,11.2,2.3,observed,ME/ME0201/ME0201D/Nastbastaparti190
2019M05,2019-05-01,2019-05,s,S,S,parliamentary_party,kd,KD,KD,parliamentary_party,2.2,0.8,observed,ME/ME0201/ME0201D/Nastbastaparti190
2019M05,2019-05-01,2019-05,s,S,S,parliamentary_party,l,L,L,parliamentary_party,6.7,1.4,observed,ME/ME0201/ME0201D/Nastbastaparti190
2019M05,2019-05-01,2019-05,s,S,S,parliamentary_party,m,M,M,parliamentary_party,6.4,1.6,observed,ME/ME0201/ME0201D/Nastbastaparti190
2019M05,2019-05-01,2019-05,s,S,S,parliamentary_party,mp,MP,MP,parliamentary_party,17.4,2.4,observed,ME/ME0201/ME0201D/Nastbastaparti190
2019M05,2019-05-01,2019-05,s,S,S,parliamentary_party,s,S,S,parliamentary_party,0.0,0.0,observed,ME/ME0201/ME0201D/Nastbastaparti190
2019M05,2019-05-01,2019-05,s,S,S,parliamentary_party,v,V,V,parliamentary_party,22.7,2.5,observed,ME/ME0201/ME0201D/Nastbastaparti190
2019M05,2019-05-01,2019-05,s,S,S,parliamentary_party,vet ej,vet ej/uppgift saknas,DONT_KNOW,dont_know,14.4,2.3,observed,ME/ME0201/ME0201D/Nastbastaparti190
2019M05,2019-05-01,2019-05,s,S,S,parliamentary_party,övr,övriga,OTHER,other_party,1.4,1.1,observed,ME/ME0201/ME0201D/Nastbastaparti190
2019M05,2019-05-01,2019-05,v,V,V,parliamentary_party,SD,SD,SD,parliamentary_party,3.2,3.1,observed,ME/ME0201/ME0201D/Nastbastaparti190
2019M05,2019-05-01,2019-05,v,V,V,parliamentary_party,c,C,C,parliamentary_party,2.3,1.6,observed,ME/ME0201/ME0201D/Nastbastaparti190
2019M05,2019-05-01,2019-05,v,V,V,parliamentary_party,inget parti,inget parti,NO_SECOND_CHOICE,no_second_choice,6.0,2.4,observed,ME/ME0201/ME0201D/Nastbastaparti190
2019M05,2019-05-01,2019-05,v,V,V,parliamentary_party,kd,KD,KD,parliamentary_party,,,suppressed,ME/ME0201/ME0201D/Nastbastaparti190
2019M05,2019-05-01,2019-05,v,V,V,parliamentary_party,l,L,L,parliamentary_party,,,suppressed,ME/ME0201/ME0201D/Nastbastaparti190
2019M05,2019-05-01,2019-05,v,V,V,parliamentary_party,m,M,M,parliamentary_party,,,suppressed,ME/ME0201/ME0201D/Nastbastaparti190
2019M05,2019-05-01,2019-05,v,V,V,parliamentary_party,mp,MP,MP,parliamentary_party,22.1,4.6,observed,ME/ME0201/ME0201D/Nastbastaparti190
2019M05,2019-05-01,2019-05,v,V,V,parliamentary_party,s,S,S,parliamentary_party,42.0,5.7,observed,ME/ME0201/ME0201D/Nastbastaparti190
2019M05,2019-05-01,2019-05,v,V,V,parliamentary_party,v,V,V,parliamentary_party,0.0,0.0,observed,ME/ME0201/ME0201D/Nastbastaparti190
2019M05,2019-05-01,2019-05,v,V,V,parliamentary_party,vet ej,vet ej/uppgift saknas,DONT_KNOW,dont_know,7.8,4.1,observed,ME/ME0201/ME0201D/Nastbastaparti190
2019M05,2019-05-01,2019-05,v,V,V,parliamentary_party,övr,övriga,OTHER,other_party,14.5,3.7,observed,ME/ME0201/ME0201D/Nastbastaparti190
2019M05,2019-05-01,2019-05,övr,övriga,OTHER,other_party,SD,SD,SD,parliamentary_party,16.6,9.2,observed,ME/ME0201/ME0201D/Nastbastaparti190
2019M05,2019-05-01,2019-05,övr,övriga,OTHER,other_party,c,C,C,parliamentary_party,,,suppressed,ME/ME0201/ME0201D/Nastbastaparti190
2019M05,2019-05-01,2019-05,övr,övriga,OTHER,other_party,inget parti,inget parti,NO_SECOND_CHOICE,no_second_choice,14.5,8.4,observed,ME/ME0201/ME0201D/Nastbastaparti190
2019M05,2019-05-01,2019-05,övr,övriga,OTHER,other_party,kd,KD,KD,parliamentary_party,7.7,6.6,observed,ME/ME0201/ME0201D/Nastbastaparti190
2019M05,2019-05-01,2019-05,övr,övriga,OTHER,other_party,l,L,L,parliamentary_party,,,suppressed,ME/ME0201/ME0201D/Nastbastaparti190
2019M05,2019-05-01,2019-05,övr,övriga,OTHER,other_party,m,M,M,parliamentary_party,9.2,6.8,observed,ME/ME0201/ME0201D/Nastbastaparti190
2019M05,2019-05-01,2019-05,övr,övriga,OTHER,other_party,mp,MP,MP,parliamentary_party,,,suppressed,ME/ME0201/ME0201D/Nastbastaparti190
2019M05,2019-05-01,2019-05,övr,övriga,OTHER,other_party,s,S,S,parliamentary_party,,,suppressed,ME/ME0201/ME0201D/Nastbastaparti190
2019M05,2019-05-01,2019-05,övr,övriga,OTHER,other_party,v,V,V,parliamentary_party,25.8,10.4,observed,ME/ME0201/ME0201D/Nastbastaparti190
2019M05,2019-05-01,2019-05,övr,övriga,OTHER,other_party,vet ej,vet ej/uppgift saknas,DONT_KNOW,dont_know,12.8,10.5,observed,ME/ME0201/ME0201D/Nastbastaparti190
2019M05,2019-05-01,2019-05,övr,övriga,OTHER,other_party,övr,övriga,OTHER,other_party,7.1,6.6,observed,ME/ME0201/ME0201D/Nastbastaparti190
2019M11,2019-11-01,2019-11,SD,SD,SD,parliamentary_party,SD,SD,SD,parliamentary_party,0.0,0.0,observed,ME/ME0201/ME0201D/Nastbastaparti190
2019M11,2019-11-01,2019-11,SD,SD,SD,parliamentary_party,c,C,C,parliamentary_party,1.2,0.9,observed,ME/ME0201/ME0201D/Nastbastaparti190
2019M11,2019-11-01,2019-11,SD,SD,SD,parliamentary_party,inget parti,inget parti,NO_SECOND_CHOICE,no_second_choice,15.4,2.8,observed,ME/ME0201/ME0201D/Nastbastaparti190
2019M11,2019-11-01,2019-11,SD,SD,SD,parliamentary_party,kd,KD,KD,parliamentary_party,28.6,3.5,observed,ME/ME0201/ME0201D/Nastbastaparti190
2019M11,2019-11-01,2019-11,SD,SD,SD,parliamentary_party,l,L,L,parliamentary_party,1.4,0.9,observed,ME/ME0201/ME0201D/Nastbastaparti190
2019M11,2019-11-01,2019-11,SD,SD,SD,parliamentary_party,m,M,M,parliamentary_party,34.3,3.7,observed,ME/ME0201/ME0201D/Nastbastaparti190
2019M11,2019-11-01,2019-11,SD,SD,SD,parliamentary_party,mp,MP,MP,parliamentary_party,0.9,0.7,observed,ME/ME0201/ME0201D/Nastbastaparti190
2019M11,2019-11-01,2019-11,SD,SD,SD,parliamentary_party,s,S,S,parliamentary_party,8.0,2.2,observed,ME/ME0201/ME0201D/Nastbastaparti190
2019M11,2019-11-01,2019-11,SD,SD,SD,parliamentary_party,v,V,V,parliamentary_party,2.4,1.2,observed,ME/ME0201/ME0201D/Nastbastaparti190
2019M11,2019-11-01,2019-11,SD,SD,SD,parliamentary_party,vet ej,vet ej/uppgift saknas,DONT_KNOW,dont_know,4.9,1.6,observed,ME/ME0201/ME0201D/Nastbastaparti190
2019M11,2019-11-01,2019-11,SD,SD,SD,parliamentary_party,övr,övriga,OTHER,other_party,3.1,1.3,observed,ME/ME0201/ME0201D/Nastbastaparti190
2019M11,2019-11-01,2019-11,c,C,C,parliamentary_party,SD,SD,SD,parliamentary_party,,,suppressed,ME/ME0201/ME0201D/Nastbastaparti190
2019M11,2019-11-01,2019-11,c,C,C,parliamentary_party,c,C,C,parliamentary_party,0.0,0.0,observed,ME/ME0201/ME0201D/Nastbastaparti190
2019M11,2019-11-01,2019-11,c,C,C,parliamentary_party,inget parti,inget parti,NO_SECOND_CHOICE,no_second_choice,9.2,3.9,observed,ME/ME0201/ME0201D/Nastbastaparti190
2019M11,2019-11-01,2019-11,c,C,C,parliamentary_party,kd,KD,KD,parliamentary_party,4.3,2.2,observed,ME/ME0201/ME0201D/Nastbastaparti190
2019M11,2019-11-01,2019-11,c,C,C,parliamentary_party,l,L,L,parliamentary_party,21.0,4.6,observed,ME/ME0201/ME0201D/Nastbastaparti190
2019M11,2019-11-01,2019-11,c,C,C,parliamentary_party,m,M,M,parliamentary_party,23.9,5.0,observed,ME/ME0201/ME0201D/Nastbastaparti190
2019M11,2019-11-01,2019-11,c,C,C,parliamentary_party,mp,MP,MP,parliamentary_party,10.2,3.5,observed,ME/ME0201/ME0201D/Nastbastaparti190
2019M11,2019-11-01,2019-11,c,C,C,parliamentary_party,s,S,S,parliamentary_party,15.8,4.4,observed,ME/ME0201/ME0201D/Nastbastaparti190
2019M11,2019-11-01,2019-11,c,C,C,parliamentary_party,v,V,V,parliamentary_party,3.3,2.1,observed,ME/ME0201/ME0201D/Nastbastaparti190
2019M11,2019-11-01,2019-11,c,C,C,parliamentary_party,vet ej,vet ej/uppgift saknas,DONT_KNOW,dont_know,10.7,3.9,observed,ME/ME0201/ME0201D/Nastbastaparti190
2019M11,2019-11-01,2019-11,c,C,C,parliamentary_party,övr,övriga,OTHER,other_party,,,suppressed,ME/ME0201/ME0201D/Nastbastaparti190
2019M11,2019-11-01,2019-11,hela väljarkåren,hela väljarkåren,TOTAL_ELECTORATE,total_electorate,SD,SD,SD,parliamentary_party,6.0,0.7,observed,ME/ME0201/ME0201D/Nastbastaparti190
2019M11,2019-11-01,2019-11,hela väljarkåren,hela väljarkåren,TOTAL_ELECTORATE,total_electorate,c,C,C,parliamentary_party,7.3,0.7,observed,ME/ME0201/ME0201D/Nastbastaparti190
2019M11,2019-11-01,2019-11,hela väljarkåren,hela väljarkåren,TOTAL_ELECTORATE,total_electorate,inget parti,inget parti,NO_SECOND_CHOICE,no_second_choice,9.6,1.0,observed,ME/ME0201/ME0201D/Nastbastaparti190
2019M11,2019-11-01,2019-11,hela väljarkåren,hela väljarkåren,TOTAL_ELECTORATE,total_electorate,kd,KD,KD,parliamentary_party,10.7,0.9,observed,ME/ME0201/ME0201D/Nastbastaparti190
2019M11,2019-11-01,2019-11,hela väljarkåren,hela väljarkåren,TOTAL_ELECTORATE,total_electorate,l,L,L,parliamentary_party,5.9,0.7,observed,ME/ME0201/ME0201D/Nastbastaparti190
2019M11,2019-11-01,2019-11,hela väljarkåren,hela väljarkåren,TOTAL_ELECTORATE,total_electorate,m,M,M,parliamentary_party,13.0,1.0,observed,ME/ME0201/ME0201D/Nastbastaparti190
2019M11,2019-11-01,2019-11,hela väljarkåren,hela väljarkåren,TOTAL_ELECTORATE,total_electorate,mp,MP,MP,parliamentary_party,6.4,0.7,observed,ME/ME0201/ME0201D/Nastbastaparti190
2019M11,2019-11-01,2019-11,hela väljarkåren,hela väljarkåren,TOTAL_ELECTORATE,total_electorate,s,S,S,parliamentary_party,9.4,0.9,observed,ME/ME0201/ME0201D/Nastbastaparti190
2019M11,2019-11-01,2019-11,hela väljarkåren,hela väljarkåren,TOTAL_ELECTORATE,total_electorate,v,V,V,parliamentary_party,7.8,0.8,observed,ME/ME0201/ME0201D/Nastbastaparti190
2019M11,2019-11-01,2019-11,hela väljarkåren,hela väljarkåren,TOTAL_ELECTORATE,total_electorate,vet ej,vet ej/uppgift saknas,DONT_KNOW,dont_know,21.7,1.4,observed,ME/ME0201/ME0201D/Nastbastaparti190
2019M11,2019-11-01,2019-11,hela väljarkåren,hela väljarkåren,TOTAL_ELECTORATE,total_electorate,övr,övriga,OTHER,other_party,2.2,0.5,observed,ME/ME0201/ME0201D/Nastbastaparti190
2019M11,2019-11-01,2019-11,ingen sympati/vet ej,ingen sympati/vet ej,NO_SYMPATHY_OR_DONT_KNOW,no_sympathy,SD,SD,SD,parliamentary_party,0.0,0.0,observed,ME/ME0201/ME0201D/Nastbastaparti190
2019M11,2019-11-01,2019-11,ingen sympati/vet ej,ingen sympati/vet ej,NO_SYMPATHY_OR_DONT_KNOW,no_sympathy,c,C,C,parliamentary_party,0.0,0.0,observed,ME/ME0201/ME0201D/Nastbastaparti190
2019M11,2019-11-01,2019-11,ingen sympati/vet ej,ingen sympati/vet ej,NO_SYMPATHY_OR_DONT_KNOW,no_sympathy,inget parti,inget parti,NO_SECOND_CHOICE,no_second_choice,,,suppressed,ME/ME0201/ME0201D/Nastbastaparti190
2019M11,2019-11-01,2019-11,ingen sympati/vet ej,ingen sympati/vet ej,NO_SYMPATHY_OR_DONT_KNOW,no_sympathy,kd,KD,KD,parliamentary_party,0.0,0.0,observed,ME/ME0201/ME0201D/Nastbastaparti190
2019M11,2019-11-01,2019-11,ingen sympati/vet ej,ingen sympati/vet ej,NO_SYMPATHY_OR_DONT_KNOW,no_sympathy,l,L,L,parliamentary_party,,,suppressed,ME/ME0201/ME0201D/Nastbastaparti190
2019M11,2019-11-01,2019-11,ingen sympati/vet ej,ingen sympati/vet ej,NO_SYMPATHY_OR_DONT_KNOW,no_sympathy,m,M,M,parliamentary_party,,,suppressed,ME/ME0201/ME0201D/Nastbastaparti190
2019M11,2019-11-01,2019-11,ingen sympati/vet ej,ingen sympati/vet ej,NO_SYMPATHY_OR_DONT_KNOW,no_sympathy,mp,MP,MP,parliamentary_party,0.0,0.0,observed,ME/ME0201/ME0201D/Nastbastaparti190
2019M11,2019-11-01,2019-11,ingen sympati/vet ej,ingen sympati/vet ej,NO_SYMPATHY_OR_DONT_KNOW,no_sympathy,s,S,S,parliamentary_party,0.0,0.0,observed,ME/ME0201/ME0201D/Nastbastaparti190
2019M11,2019-11-01,2019-11,ingen sympati/vet ej,ingen sympati/vet ej,NO_SYMPATHY_OR_DONT_KNOW,no_sympathy,v,V,V,parliamentary_party,0.0,0.0,observed,ME/ME0201/ME0201D/Nastbastaparti190
2019M11,2019-11-01,2019-11,ingen sympati/vet ej,ingen sympati/vet ej,NO_SYMPATHY_OR_DONT_KNOW,no_sympathy,vet ej,vet ej/uppgift saknas,DONT_KNOW,dont_know,99.5,0.5,observed,ME/ME0201/ME0201D/Nastbastaparti190
2019M11,2019-11-01,2019-11,ingen sympati/vet ej,ingen sympati/vet ej,NO_SYMPATHY_OR_DONT_KNOW,no_sympathy,övr,övriga,OTHER,other_party,0.0,0.0,observed,ME/ME0201/ME0201D/Nastbastaparti190
2019M11,2019-11-01,2019-11,kd,KD,KD,parliamentary_party,SD,SD,SD,parliamentary_party,22.1,5.2,observed,ME/ME0201/ME0201D/Nastbastaparti190
2019M11,2019-11-01,2019-11,kd,KD,KD,parliamentary_party,c,C,C,parliamentary_party,7.3,3.0,observed,ME/ME0201/ME0201D/Nastbastaparti190
2019M11,2019-11-01,2019-11,kd,KD,KD,parliamentary_party,inget parti,inget parti,NO_SECOND_CHOICE,no_second_choice,11.6,3.7,observed,ME/ME0201/ME0201D/Nastbastaparti190
2019M11,2019-11-01,2019-11,kd,KD,KD,parliamentary_party,kd,KD,KD,parliamentary_party,0.0,0.0,observed,ME/ME0201/ME0201D/Nastbastaparti190
2019M11,2019-11-01,2019-11,kd,KD,KD,parliamentary_party,l,L,L,parliamentary_party,3.6,2.2,observed,ME/ME0201/ME0201D/Nastbastaparti190
2019M11,2019-11-01,2019-11,kd,KD,KD,parliamentary_party,m,M,M,parliamentary_party,42.9,5.9,observed,ME/ME0201/ME0201D/Nastbastaparti190
2019M11,2019-11-01,2019-11,kd,KD,KD,parliamentary_party,mp,MP,MP,parliamentary_party,,,suppressed,ME/ME0201/ME0201D/Nastbastaparti190
2019M11,2019-11-01,2019-11,kd,KD,KD,parliamentary_party,s,S,S,parliamentary_party,3.8,3.1,observed,ME/ME0201/ME0201D/Nastbastaparti190
2019M11,2019-11-01,2019-11,kd,KD,KD,parliamentary_party,v,V,V,parliamentary_party,,,suppressed,ME/ME0201/ME0201D/Nastbastaparti190
2019M11,2019-11-01,2019-11,kd,KD,KD,parliamentary_party,vet ej,vet ej/uppgift saknas,DONT_KNOW,dont_know,7.0,3.5,observed,ME/ME0201/ME0201D/Nastbastaparti190
2019M11,2019-11-01,2019-11,kd,KD,KD,parliamentary_party,övr,övriga,OTHER,other_party,0.0,0.0,observed,ME/ME0201/ME0201D/Nastbastaparti190
2019M11,2019-11-01,2019-11,l,L,L,parliamentary_party,SD,SD,SD,parliamentary_party,,,suppressed,ME/ME0201/ME0201D/Nastbastaparti190
2019M11,2019-11-01,2019-11,l,L,L,parliamentary_party,c,C,C,parliamentary_party,28.1,6.8,observed,ME/ME0201/ME0201D/Nastbastaparti190
2019M11,2019-11-01,2019-11,l,L,L,parliamentary_party,inget parti,inget parti,NO_SECOND_CHOICE,no_second_choice,9.2,5.0,observed,ME/ME0201/ME0201D/Nastbastaparti190
2019M11,2019-11-01,2019-11,l,L,L,parliamentary_party,kd,KD,KD,parliamentary_party,5.7,3.2,observed,ME/ME0201/ME0201D/Nastbastaparti190
2019M11,2019-11-01,2019-11,l,L,L,parliamentary_party,l,L,L,parliamentary_party,0.0,0.0,observed,ME/ME0201/ME0201D/Nastbastaparti190
2019M11,2019-11-01,2019-11,l,L,L,parliamentary_party,m,M,M,parliamentary_party,27.9,6.6,observed,ME/ME0201/ME0201D/Nastbastaparti190
2019M11,2019-11-01,2019-11,l,L,L,parliamentary_party,mp,MP,MP,parliamentary_party,2.2,2.0,observed,ME/ME0201/ME0201D/Nastbastaparti190
2019M11,2019-11-01,2019-11,l,L,L,parliamentary_party,s,S,S,parliamentary_party,16.7,6.3,observed,ME/ME0201/ME0201D/Nastbastaparti190
2019M11,2019-11-01,2019-11,l,L,L,parliamentary_party,v,V,V,parliamentary_party,,,suppressed,ME/ME0201/ME0201D/Nastbastaparti190
2019M11,2019-11-01,2019-11,l,L,L,parliamentary_party,vet ej,vet ej/uppgift saknas,DONT_KNOW,dont_know,7.1,4.7,observed,ME/ME0201/ME0201D/Nastbastaparti190
2019M11,2019-11-01,2019-11,l,L,L,parliamentary_party,övr,övriga,OTHER,other_party,0.0,0.0,observed,ME/ME0201/ME0201D/Nastbastaparti190
2019M11,2019-11-01,2019-11,m,M,M,parliamentary_party,SD,SD,SD,parliamentary_party,19.9,3.0,observed,ME/ME0201/ME0201D/Nastbastaparti190
2019M11,2019-11-01,2019-11,m,M,M,parliamentary_party,c,C,C,parliamentary_party,11.1,2.4,observed,ME/ME0201/ME0201D/Nastbastaparti190
2019M11,2019-11-01,2019-11,m,M,M,parliamentary_party,inget parti,inget parti,NO_SECOND_CHOICE,no_second_choice,8.2,2.1,observed,ME/ME0201/ME0201D/Nastbastaparti190
2019M11,2019-11-01,2019-11,m,M,M,parliamentary_party,kd,KD,KD,parliamentary_party,28.2,3.3,observed,ME/ME0201/ME0201D/Nastbastaparti190
2019M11,2019-11-01,2019-11,m,M,M,parliamentary_party,l,L,L,parliamentary_party,14.8,2.6,observed,ME/ME0201/ME0201D/Nastbastaparti190
2019M11,2019-11-01,2019-11,m,M,M,parliamentary_party,m,M,M,parliamentary_party,0.0,0.0,observed,ME/ME0201/ME0201D/Nastbastaparti190
2019M11,2019-11-01,2019-11,m,M,M,parliamentary_party,mp,MP,MP,parliamentary_party,1.6,0.9,observed,ME/ME0201/ME0201D/Nastbastaparti190
2019M11,2019-11-01,2019-11,m,M,M,parliamentary_party,s,S,S,parliamentary_party,7.6,2.4,observed,ME/ME0201/ME0201D/Nastbastaparti190
2019M11,2019-11-01,2019-11,m,M,M,parliamentary_party,v,V,V,parliamentary_party,,,suppressed,ME/ME0201/ME0201D/Nastbastaparti190
2019M11,2019-11-01,2019-11,m,M,M,parliamentary_party,vet ej,vet ej/uppgift saknas,DONT_KNOW,dont_know,7.8,2.2,observed,ME/ME0201/ME0201D/Nastbastaparti190
2019M11,2019-11-01,2019-11,m,M,M,parliamentary_party,övr,övriga,OTHER,other_party,,,suppressed,ME/ME0201/ME0201D/Nastbastaparti190
2019M11,2019-11-01,2019-11,mp,MP,MP,parliamentary_party,SD,SD,SD,parliamentary_party,,,suppressed,ME/ME0201/ME0201D/Nastbastaparti190
2019M11,2019-11-01,2019-11,mp,MP,MP,parliamentary_party,c,C,C,parliamentary_party,11.9,4.2,observed,ME/ME0201/ME0201D/Nastbastaparti190
2019M11,2019-11-01,2019-11,mp,MP,MP,parliamentary_party,inget parti,inget parti,NO_SECOND_CHOICE,no_second_choice,8.7,5.5,observed,ME/ME0201/ME0201D/Nastbastaparti190
2019M11,2019-11-01,2019-11,mp,MP,MP,parliamentary_party,kd,KD,KD,parliamentary_party,2.2,2.1,observed,ME/ME0201/ME0201D/Nastbastaparti190
2019M11,2019-11-01,2019-11,mp,MP,MP,parliamentary_party,l,L,L,parliamentary_party,3.4,2.3,observed,ME/ME0201/ME0201D/Nastbastaparti190
2019M11,2019-11-01,2019-11,mp,MP,MP,parliamentary_party,m,M,M,parliamentary_party,1.9,1.9,observed,ME/ME0201/ME0201D/Nastbastaparti190
2019M11,2019-11-01,2019-11,mp,MP,MP,parliamentary_party,mp,MP,MP,parliamentary_party,0.0,0.0,observed,ME/ME0201/ME0201D/Nastbastaparti190
2019M11,2019-11-01,2019-11,mp,MP,MP,parliamentary_party,s,S,S,parliamentary_party,39.7,7.3,observed,ME/ME0201/ME0201D/Nastbastaparti190
2019M11,2019-11-01,2019-11,mp,MP,MP,parliamentary_party,v,V,V,parliamentary_party,21.1,5.6,observed,ME/ME0201/ME0201D/Nastbastaparti190
2019M11,2019-11-01,2019-11,mp,MP,MP,parliamentary_party,vet ej,vet ej/uppgift saknas,DONT_KNOW,dont_know,5.2,3.0,observed,ME/ME0201/ME0201D/Nastbastaparti190
2019M11,2019-11-01,2019-11,mp,MP,MP,parliamentary_party,övr,övriga,OTHER,other_party,3.6,2.7,observed,ME/ME0201/ME0201D/Nastbastaparti190
2019M11,2019-11-01,2019-11,s,S,S,parliamentary_party,SD,SD,SD,parliamentary_party,4.1,1.3,observed,ME/ME0201/ME0201D/Nastbastaparti190
2019M11,2019-11-01,2019-11,s,S,S,parliamentary_party,c,C,C,parliamentary_party,13.7,2.1,observed,ME/ME0201/ME0201D/Nastbastaparti190
2019M11,2019-11-01,2019-11,s,S,S,parliamentary_party,inget parti,inget parti,NO_SECOND_CHOICE,no_second_choice,11.6,2.1,observed,ME/ME0201/ME0201D/Nastbastaparti190
2019M11,2019-11-01,2019-11,s,S,S,parliamentary_party,kd,KD,KD,parliamentary_party,2.0,1.0,observed,ME/ME0201/ME0201D/Nastbastaparti190
2019M11,2019-11-01,2019-11,s,S,S,parliamentary_party,l,L,L,parliamentary_party,6.6,1.4,observed,ME/ME0201/ME0201D/Nastbastaparti190
2019M11,2019-11-01,2019-11,s,S,S,parliamentary_party,m,M,M,parliamentary_party,7.8,1.8,observed,ME/ME0201/ME0201D/Nastbastaparti190
2019M11,2019-11-01,2019-11,s,S,S,parliamentary_party,mp,MP,MP,parliamentary_party,15.0,2.2,observed,ME/ME0201/ME0201D/Nastbastaparti190
2019M11,2019-11-01,2019-11,s,S,S,parliamentary_party,s,S,S,parliamentary_party,0.0,0.0,observed,ME/ME0201/ME0201D/Nastbastaparti190
2019M11,2019-11-01,2019-11,s,S,S,parliamentary_party,v,V,V,parliamentary_party,24.6,2.7,observed,ME/ME0201/ME0201D/Nastbastaparti190
2019M11,2019-11-01,2019-11,s,S,S,parliamentary_party,vet ej,vet ej/uppgift saknas,DONT_KNOW,dont_know,13.2,2.3,observed,ME/ME0201/ME0201D/Nastbastaparti190
2019M11,2019-11-01,2019-11,s,S,S,parliamentary_party,övr,övriga,OTHER,other_party,1.3,0.9,observed,ME/ME0201/ME0201D/Nastbastaparti190
2019M11,2019-11-01,2019-11,v,V,V,parliamentary_party,SD,SD,SD,parliamentary_party,2.0,1.3,observed,ME/ME0201/ME0201D/Nastbastaparti190
2019M11,2019-11-01,2019-11,v,V,V,parliamentary_party,c,C,C,parliamentary_party,2.2,1.5,observed,ME/ME0201/ME0201D/Nastbastaparti190
2019M11,2019-11-01,2019-11,v,V,V,parliamentary_party,inget parti,inget parti,NO_SECOND_CHOICE,no_second_choice,9.6,3.2,observed,ME/ME0201/ME0201D/Nastbastaparti190
2019M11,2019-11-01,2019-11,v,V,V,parliamentary_party,kd,KD,KD,parliamentary_party,,,suppressed,ME/ME0201/ME0201D/Nastbastaparti190
2019M11,2019-11-01,2019-11,v,V,V,parliamentary_party,l,L,L,parliamentary_party,1.1,1.1,observed,ME/ME0201/ME0201D/Nastbastaparti190
2019M11,2019-11-01,2019-11,v,V,V,parliamentary_party,m,M,M,parliamentary_party,,,suppressed,ME/ME0201/ME0201D/Nastbastaparti190
2019M11,2019-11-01,2019-11,v,V,V,parliamentary_party,mp,MP,MP,parliamentary_party,22.8,4.4,observed,ME/ME0201/ME0201D/Nastbastaparti190
2019M11,2019-11-01,2019-11,v,V,V,parliamentary_party,s,S,S,parliamentary_party,43.1,5.2,observed,ME/ME0201/ME0201D/Nastbastaparti190
2019M11,2019-11-01,2019-11,v,V,V,parliamentary_party,v,V,V,parliamentary_party,0.0,0.0,observed,ME/ME0201/ME0201D/Nastbastaparti190
2019M11,2019-11-01,2019-11,v,V,V,parliamentary_party,vet ej,vet ej/uppgift saknas,DONT_KNOW,dont_know,4.6,2.2,observed,ME/ME0201/ME0201D/Nastbastaparti190
2019M11,2019-11-01,2019-11,v,V,V,parliamentary_party,övr,övriga,OTHER,other_party,13.9,3.9,observed,ME/ME0201/ME0201D/Nastbastaparti190
2019M11,2019-11-01,2019-11,övr,övriga,OTHER,other_party,SD,SD,SD,parliamentary_party,21.6,11.2,observed,ME/ME0201/ME0201D/Nastbastaparti190
2019M11,2019-11-01,2019-11,övr,övriga,OTHER,other_party,c,C,C,parliamentary_party,,,suppressed,ME/ME0201/ME0201D/Nastbastaparti190
2019M11,2019-11-01,2019-11,övr,övriga,OTHER,other_party,inget parti,inget parti,NO_SECOND_CHOICE,no_second_choice,15.2,11.5,observed,ME/ME0201/ME0201D/Nastbastaparti190
2019M11,2019-11-01,2019-11,övr,övriga,OTHER,other_party,kd,KD,KD,parliamentary_party,,,suppressed,ME/ME0201/ME0201D/Nastbastaparti190
2019M11,2019-11-01,2019-11,övr,övriga,OTHER,other_party,l,L,L,parliamentary_party,0.0,0.0,observed,ME/ME0201/ME0201D/Nastbastaparti190
2019M11,2019-11-01,2019-11,övr,övriga,OTHER,other_party,m,M,M,parliamentary_party,10.4,7.8,observed,ME/ME0201/ME0201D/Nastbastaparti190
2019M11,2019-11-01,2019-11,övr,övriga,OTHER,other_party,mp,MP,MP,parliamentary_party,,,suppressed,ME/ME0201/ME0201D/Nastbastaparti190
2019M11,2019-11-01,2019-11,övr,övriga,OTHER,other_party,s,S,S,parliamentary_party,,,suppressed,ME/ME0201/ME0201D/Nastbastaparti190
2019M11,2019-11-01,2019-11,övr,övriga,OTHER,other_party,v,V,V,parliamentary_party,22.2,13.5,observed,ME/ME0201/ME0201D/Nastbastaparti190
2019M11,2019-11-01,2019-11,övr,övriga,OTHER,other_party,vet ej,vet ej/uppgift saknas,DONT_KNOW,dont_know,12.6,12.3,observed,ME/ME0201/ME0201D/Nastbastaparti190
2019M11,2019-11-01,2019-11,övr,övriga,OTHER,other_party,övr,övriga,OTHER,other_party,,,suppressed,ME/ME0201/ME0201D/Nastbastaparti190
2020M05,2020-05-01,2020-05,SD,SD,SD,parliamentary_party,SD,SD,SD,parliamentary_party,0.0,0.0,observed,ME/ME0201/ME0201D/Nastbastaparti190
2020M05,2020-05-01,2020-05,SD,SD,SD,parliamentary_party,c,C,C,parliamentary_party,1.0,0.8,observed,ME/ME0201/ME0201D/Nastbastaparti190
2020M05,2020-05-01,2020-05,SD,SD,SD,parliamentary_party,inget parti,inget parti,NO_SECOND_CHOICE,no_second_choice,13.9,2.8,observed,ME/ME0201/ME0201D/Nastbastaparti190
2020M05,2020-05-01,2020-05,SD,SD,SD,parliamentary_party,kd,KD,KD,parliamentary_party,21.6,3.5,observed,ME/ME0201/ME0201D/Nastbastaparti190
2020M05,2020-05-01,2020-05,SD,SD,SD,parliamentary_party,l,L,L,parliamentary_party,0.6,0.5,observed,ME/ME0201/ME0201D/Nastbastaparti190
2020M05,2020-05-01,2020-05,SD,SD,SD,parliamentary_party,m,M,M,parliamentary_party,42.5,4.1,observed,ME/ME0201/ME0201D/Nastbastaparti190
2020M05,2020-05-01,2020-05,SD,SD,SD,parliamentary_party,mp,MP,MP,parliamentary_party,1.1,1.1,observed,ME/ME0201/ME0201D/Nastbastaparti190
2020M05,2020-05-01,2020-05,SD,SD,SD,parliamentary_party,s,S,S,parliamentary_party,6.9,2.0,observed,ME/ME0201/ME0201D/Nastbastaparti190
2020M05,2020-05-01,2020-05,SD,SD,SD,parliamentary_party,v,V,V,parliamentary_party,2.9,1.4,observed,ME/ME0201/ME0201D/Nastbastaparti190
2020M05,2020-05-01,2020-05,SD,SD,SD,parliamentary_party,vet ej,vet ej/uppgift saknas,DONT_KNOW,dont_know,5.8,2.2,observed,ME/ME0201/ME0201D/Nastbastaparti190
2020M05,2020-05-01,2020-05,SD,SD,SD,parliamentary_party,övr,övriga,OTHER,other_party,3.5,1.6,observed,ME/ME0201/ME0201D/Nastbastaparti190
2020M05,2020-05-01,2020-05,c,C,C,parliamentary_party,SD,SD,SD,parliamentary_party,2.0,1.6,observed,ME/ME0201/ME0201D/Nastbastaparti190
2020M05,2020-05-01,2020-05,c,C,C,parliamentary_party,c,C,C,parliamentary_party,0.0,0.0,observed,ME/ME0201/ME0201D/Nastbastaparti190
2020M05,2020-05-01,2020-05,c,C,C,parliamentary_party,inget parti,inget parti,NO_SECOND_CHOICE,no_second_choice,8.9,3.3,observed,ME/ME0201/ME0201D/Nastbastaparti190
2020M05,2020-05-01,2020-05,c,C,C,parliamentary_party,kd,KD,KD,parliamentary_party,4.3,2.2,observed,ME/ME0201/ME0201D/Nastbastaparti190
2020M05,2020-05-01,2020-05,c,C,C,parliamentary_party,l,L,L,parliamentary_party,18.8,4.5,observed,ME/ME0201/ME0201D/Nastbastaparti190
2020M05,2020-05-01,2020-05,c,C,C,parliamentary_party,m,M,M,parliamentary_party,22.2,4.8,observed,ME/ME0201/ME0201D/Nastbastaparti190
2020M05,2020-05-01,2020-05,c,C,C,parliamentary_party,mp,MP,MP,parliamentary_party,5.5,3.1,observed,ME/ME0201/ME0201D/Nastbastaparti190
2020M05,2020-05-01,2020-05,c,C,C,parliamentary_party,s,S,S,parliamentary_party,25.1,5.2,observed,ME/ME0201/ME0201D/Nastbastaparti190
2020M05,2020-05-01,2020-05,c,C,C,parliamentary_party,v,V,V,parliamentary_party,1.6,1.4,observed,ME/ME0201/ME0201D/Nastbastaparti190
2020M05,2020-05-01,2020-05,c,C,C,parliamentary_party,vet ej,vet ej/uppgift saknas,DONT_KNOW,dont_know,10.9,4.3,observed,ME/ME0201/ME0201D/Nastbastaparti190
2020M05,2020-05-01,2020-05,c,C,C,parliamentary_party,övr,övriga,OTHER,other_party,,,suppressed,ME/ME0201/ME0201D/Nastbastaparti190
2020M05,2020-05-01,2020-05,hela väljarkåren,hela väljarkåren,TOTAL_ELECTORATE,total_electorate,SD,SD,SD,parliamentary_party,5.8,0.7,observed,ME/ME0201/ME0201D/Nastbastaparti190
2020M05,2020-05-01,2020-05,hela väljarkåren,hela väljarkåren,TOTAL_ELECTORATE,total_electorate,c,C,C,parliamentary_party,7.1,0.7,observed,ME/ME0201/ME0201D/Nastbastaparti190
2020M05,2020-05-01,2020-05,hela väljarkåren,hela väljarkåren,TOTAL_ELECTORATE,total_electorate,inget parti,inget parti,NO_SECOND_CHOICE,no_second_choice,9.4,0.9,observed,ME/ME0201/ME0201D/Nastbastaparti190
2020M05,2020-05-01,2020-05,hela väljarkåren,hela väljarkåren,TOTAL_ELECTORATE,total_electorate,kd,KD,KD,parliamentary_party,8.8,0.8,observed,ME/ME0201/ME0201D/Nastbastaparti190
2020M05,2020-05-01,2020-05,hela väljarkåren,hela väljarkåren,TOTAL_ELECTORATE,total_electorate,l,L,L,parliamentary_party,6.0,0.6,observed,ME/ME0201/ME0201D/Nastbastaparti190
2020M05,2020-05-01,2020-05,hela väljarkåren,hela väljarkåren,TOTAL_ELECTORATE,total_electorate,m,M,M,parliamentary_party,14.1,1.0,observed,ME/ME0201/ME0201D/Nastbastaparti190
2020M05,2020-05-01,2020-05,hela väljarkåren,hela väljarkåren,TOTAL_ELECTORATE,total_electorate,mp,MP,MP,parliamentary_party,6.6,0.7,observed,ME/ME0201/ME0201D/Nastbastaparti190
2020M05,2020-05-01,2020-05,hela väljarkåren,hela väljarkåren,TOTAL_ELECTORATE,total_electorate,s,S,S,parliamentary_party,11.3,0.9,observed,ME/ME0201/ME0201D/Nastbastaparti190
2020M05,2020-05-01,2020-05,hela väljarkåren,hela väljarkåren,TOTAL_ELECTORATE,total_electorate,v,V,V,parliamentary_party,9.0,0.8,observed,ME/ME0201/ME0201D/Nastbastaparti190
2020M05,2020-05-01,2020-05,hela väljarkåren,hela väljarkåren,TOTAL_ELECTORATE,total_electorate,vet ej,vet ej/uppgift saknas,DONT_KNOW,dont_know,20.5,1.3,observed,ME/ME0201/ME0201D/Nastbastaparti190
2020M05,2020-05-01,2020-05,hela väljarkåren,hela väljarkåren,TOTAL_ELECTORATE,total_electorate,övr,övriga,OTHER,other_party,1.6,0.4,observed,ME/ME0201/ME0201D/Nastbastaparti190
2020M05,2020-05-01,2020-05,ingen sympati/vet ej,ingen sympati/vet ej,NO_SYMPATHY_OR_DONT_KNOW,no_sympathy,SD,SD,SD,parliamentary_party,0.0,0.0,observed,ME/ME0201/ME0201D/Nastbastaparti190
2020M05,2020-05-01,2020-05,ingen sympati/vet ej,ingen sympati/vet ej,NO_SYMPATHY_OR_DONT_KNOW,no_sympathy,c,C,C,parliamentary_party,0.0,0.0,observed,ME/ME0201/ME0201D/Nastbastaparti190
2020M05,2020-05-01,2020-05,ingen sympati/vet ej,ingen sympati/vet ej,NO_SYMPATHY_OR_DONT_KNOW,no_sympathy,inget parti,inget parti,NO_SECOND_CHOICE,no_second_choice,0.0,0.0,observed,ME/ME0201/ME0201D/Nastbastaparti190
2020M05,2020-05-01,2020-05,ingen sympati/vet ej,ingen sympati/vet ej,NO_SYMPATHY_OR_DONT_KNOW,no_sympathy,kd,KD,KD,parliamentary_party,0.0,0.0,observed,ME/ME0201/ME0201D/Nastbastaparti190
2020M05,2020-05-01,2020-05,ingen sympati/vet ej,ingen sympati/vet ej,NO_SYMPATHY_OR_DONT_KNOW,no_sympathy,l,L,L,parliamentary_party,0.0,0.0,observed,ME/ME0201/ME0201D/Nastbastaparti190
2020M05,2020-05-01,2020-05,ingen sympati/vet ej,ingen sympati/vet ej,NO_SYMPATHY_OR_DONT_KNOW,no_sympathy,m,M,M,parliamentary_party,0.0,0.0,observed,ME/ME0201/ME0201D/Nastbastaparti190
2020M05,2020-05-01,2020-05,ingen sympati/vet ej,ingen sympati/vet ej,NO_SYMPATHY_OR_DONT_KNOW,no_sympathy,mp,MP,MP,parliamentary_party,0.0,0.0,observed,ME/ME0201/ME0201D/Nastbastaparti190
2020M05,2020-05-01,2020-05,ingen sympati/vet ej,ingen sympati/vet ej,NO_SYMPATHY_OR_DONT_KNOW,no_sympathy,s,S,S,parliamentary_party,0.0,0.0,observed,ME/ME0201/ME0201D/Nastbastaparti190
2020M05,2020-05-01,2020-05,ingen sympati/vet ej,ingen sympati/vet ej,NO_SYMPATHY_OR_DONT_KNOW,no_sympathy,v,V,V,parliamentary_party,0.0,0.0,observed,ME/ME0201/ME0201D/Nastbastaparti190
2020M05,2020-05-01,2020-05,ingen sympati/vet ej,ingen sympati/vet ej,NO_SYMPATHY_OR_DONT_KNOW,no_sympathy,vet ej,vet ej/uppgift saknas,DONT_KNOW,dont_know,100.0,0.0,observed,ME/ME0201/ME0201D/Nastbastaparti190
2020M05,2020-05-01,2020-05,ingen sympati/vet ej,ingen sympati/vet ej,NO_SYMPATHY_OR_DONT_KNOW,no_sympathy,övr,övriga,OTHER,other_party,0.0,0.0,observed,ME/ME0201/ME0201D/Nastbastaparti190
2020M05,2020-05-01,2020-05,kd,KD,KD,parliamentary_party,SD,SD,SD,parliamentary_party,16.6,5.3,observed,ME/ME0201/ME0201D/Nastbastaparti190
2020M05,2020-05-01,2020-05,kd,KD,KD,parliamentary_party,c,C,C,parliamentary_party,8.8,4.2,observed,ME/ME0201/ME0201D/Nastbastaparti190
2020M05,2020-05-01,2020-05,kd,KD,KD,parliamentary_party,inget parti,inget parti,NO_SECOND_CHOICE,no_second_choice,10.5,4.7,observed,ME/ME0201/ME0201D/Nastbastaparti190
2020M05,2020-05-01,2020-05,kd,KD,KD,parliamentary_party,kd,KD,KD,parliamentary_party,0.0,0.0,observed,ME/ME0201/ME0201D/Nastbastaparti190
2020M05,2020-05-01,2020-05,kd,KD,KD,parliamentary_party,l,L,L,parliamentary_party,4.4,2.4,observed,ME/ME0201/ME0201D/Nastbastaparti190
2020M05,2020-05-01,2020-05,kd,KD,KD,parliamentary_party,m,M,M,parliamentary_party,43.3,6.4,observed,ME/ME0201/ME0201D/Nastbastaparti190
2020M05,2020-05-01,2020-05,kd,KD,KD,parliamentary_party,mp,MP,MP,parliamentary_party,,,suppressed,ME/ME0201/ME0201D/Nastbastaparti190
2020M05,2020-05-01,2020-05,kd,KD,KD,parliamentary_party,s,S,S,parliamentary_party,7.0,3.5,observed,ME/ME0201/ME0201D/Nastbastaparti190
2020M05,2020-05-01,2020-05,kd,KD,KD,parliamentary_party,v,V,V,parliamentary_party,1.8,1.7,observed,ME/ME0201/ME0201D/Nastbastaparti190
2020M05,2020-05-01,2020-05,kd,KD,KD,parliamentary_party,vet ej,vet ej/uppgift saknas,DONT_KNOW,dont_know,6.4,3.3,observed,ME/ME0201/ME0201D/Nastbastaparti190
2020M05,2020-05-01,2020-05,kd,KD,KD,parliamentary_party,övr,övriga,OTHER,other_party,0.0,0.0,observed,ME/ME0201/ME0201D/Nastbastaparti190
2020M05,2020-05-01,2020-05,l,L,L,parliamentary_party,SD,SD,SD,parliamentary_party,,,suppressed,ME/ME0201/ME0201D/Nastbastaparti190
2020M05,2020-05-01,2020-05,l,L,L,parliamentary_party,c,C,C,parliamentary_party,24.2,6.7,observed,ME/ME0201/ME0201D/Nastbastaparti190
2020M05,2020-05-01,2020-05,l,L,L,parliamentary_party,inget parti,inget parti,NO_SECOND_CHOICE,no_second_choice,5.2,3.6,observed,ME/ME0201/ME0201D/Nastbastaparti190
2020M05,2020-05-01,2020-05,l,L,L,parliamentary_party,kd,KD,KD,parliamentary_party,8.5,4.2,observed,ME/ME0201/ME0201D/Nastbastaparti190
2020M05,2020-05-01,2020-05,l,L,L,parliamentary_party,l,L,L,parliamentary_party,0.0,0.0,observed,ME/ME0201/ME0201D/Nastbastaparti190
2020M05,2020-05-01,2020-05,l,L,L,parliamentary_party,m,M,M,parliamentary_party,30.7,7.0,observed,ME/ME0201/ME0201D/Nastbastaparti190
2020M05,2020-05-01,2020-05,l,L,L,parliamentary_party,mp,MP,MP,parliamentary_party,3.1,2.4,observed,ME/ME0201/ME0201D/Nastbastaparti190
2020M05,2020-05-01,2020-05,l,L,L,parliamentary_party,s,S,S,parliamentary_party,18.9,6.0,observed,ME/ME0201/ME0201D/Nastbastaparti190
2020M05,2020-05-01,2020-05,l,L,L,parliamentary_party,v,V,V,parliamentary_party,2.7,2.7,observed,ME/ME0201/ME0201D/Nastbastaparti190
2020M05,2020-05-01,2020-05,l,L,L,parliamentary_party,vet ej,vet ej/uppgift saknas,DONT_KNOW,dont_know,5.8,3.5,observed,ME/ME0201/ME0201D/Nastbastaparti190
2020M05,2020-05-01,2020-05,l,L,L,parliamentary_party,övr,övriga,OTHER,other_party,0.0,0.0,observed,ME/ME0201/ME0201D/Nastbastaparti190
2020M05,2020-05-01,2020-05,m,M,M,parliamentary_party,SD,SD,SD,parliamentary_party,17.5,2.6,observed,ME/ME0201/ME0201D/Nastbastaparti190
2020M05,2020-05-01,2020-05,m,M,M,parliamentary_party,c,C,C,parliamentary_party,11.3,2.1,observed,ME/ME0201/ME0201D/Nastbastaparti190
2020M05,2020-05-01,2020-05,m,M,M,parliamentary_party,inget parti,inget parti,NO_SECOND_CHOICE,no_second_choice,7.1,1.7,observed,ME/ME0201/ME0201D/Nastbastaparti190
2020M05,2020-05-01,2020-05,m,M,M,parliamentary_party,kd,KD,KD,parliamentary_party,24.3,2.9,observed,ME/ME0201/ME0201D/Nastbastaparti190
2020M05,2020-05-01,2020-05,m,M,M,parliamentary_party,l,L,L,parliamentary_party,14.1,2.3,observed,ME/ME0201/ME0201D/Nastbastaparti190
2020M05,2020-05-01,2020-05,m,M,M,parliamentary_party,m,M,M,parliamentary_party,0.0,0.0,observed,ME/ME0201/ME0201D/Nastbastaparti190
2020M05,2020-05-01,2020-05,m,M,M,parliamentary_party,mp,MP,MP,parliamentary_party,2.8,1.2,observed,ME/ME0201/ME0201D/Nastbastaparti190
2020M05,2020-05-01,2020-05,m,M,M,parliamentary_party,s,S,S,parliamentary_party,13.3,2.6,observed,ME/ME0201/ME0201D/Nastbastaparti190
2020M05,2020-05-01,2020-05,m,M,M,parliamentary_party,v,V,V,parliamentary_party,0.9,0.9,observed,ME/ME0201/ME0201D/Nastbastaparti190
2020M05,2020-05-01,2020-05,m,M,M,parliamentary_party,vet ej,vet ej/uppgift saknas,DONT_KNOW,dont_know,8.3,2.0,observed,ME/ME0201/ME0201D/Nastbastaparti190
2020M05,2020-05-01,2020-05,m,M,M,parliamentary_party,övr,övriga,OTHER,other_party,,,suppressed,ME/ME0201/ME0201D/Nastbastaparti190
2020M05,2020-05-01,2020-05,mp,MP,MP,parliamentary_party,SD,SD,SD,parliamentary_party,,,suppressed,ME/ME0201/ME0201D/Nastbastaparti190
2020M05,2020-05-01,2020-05,mp,MP,MP,parliamentary_party,c,C,C,parliamentary_party,9.4,4.1,observed,ME/ME0201/ME0201D/Nastbastaparti190
2020M05,2020-05-01,2020-05,mp,MP,MP,parliamentary_party,inget parti,inget parti,NO_SECOND_CHOICE,no_second_choice,12.7,6.3,observed,ME/ME0201/ME0201D/Nastbastaparti190
2020M05,2020-05-01,2020-05,mp,MP,MP,parliamentary_party,kd,KD,KD,parliamentary_party,0.0,0.0,observed,ME/ME0201/ME0201D/Nastbastaparti190
2020M05,2020-05-01,2020-05,mp,MP,MP,parliamentary_party,l,L,L,parliamentary_party,,,suppressed,ME/ME0201/ME0201D/Nastbastaparti190
2020M05,2020-05-01,2020-05,mp,MP,MP,parliamentary_party,m,M,M,parliamentary_party,2.4,2.1,observed,ME/ME0201/ME0201D/Nastbastaparti190
2020M05,2020-05-01,2020-05,mp,MP,MP,parliamentary_party,mp,MP,MP,parliamentary_party,0.0,0.0,observed,ME/ME0201/ME0201D/Nastbastaparti190
2020M05,2020-05-01,2020-05,mp,MP,MP,parliamentary_party,s,S,S,parliamentary_party,43.9,7.5,observed,ME/ME0201/ME0201D/Nastbastaparti190
2020M05,2020-05-01,2020-05,mp,MP,MP,parliamentary_party,v,V,V,parliamentary_party,21.9,6.2,observed,ME/ME0201/ME0201D/Nastbastaparti190
2020M05,2020-05-01,2020-05,mp,MP,MP,parliamentary_party,vet ej,vet ej/uppgift saknas,DONT_KNOW,dont_know,4.2,3.1,observed,ME/ME0201/ME0201D/Nastbastaparti190
2020M05,2020-05-01,2020-05,mp,MP,MP,parliamentary_party,övr,övriga,OTHER,other_party,3.3,2.5,observed,ME/ME0201/ME0201D/Nastbastaparti190
2020M05,2020-05-01,2020-05,s,S,S,parliamentary_party,SD,SD,SD,parliamentary_party,5.0,1.3,observed,ME/ME0201/ME0201D/Nastbastaparti190
2020M05,2020-05-01,2020-05,s,S,S,parliamentary_party,c,C,C,parliamentary_party,11.2,1.7,observed,ME/ME0201/ME0201D/Nastbastaparti190
2020M05,2020-05-01,2020-05,s,S,S,parliamentary_party,inget parti,inget parti,NO_SECOND_CHOICE,no_second_choice,11.8,1.9,observed,ME/ME0201/ME0201D/Nastbastaparti190
2020M05,2020-05-01,2020-05,s,S,S,parliamentary_party,kd,KD,KD,parliamentary_party,2.4,0.8,observed,ME/ME0201/ME0201D/Nastbastaparti190
2020M05,2020-05-01,2020-05,s,S,S,parliamentary_party,l,L,L,parliamentary_party,6.4,1.3,observed,ME/ME0201/ME0201D/Nastbastaparti190
2020M05,2020-05-01,2020-05,s,S,S,parliamentary_party,m,M,M,parliamentary_party,11.2,1.9,observed,ME/ME0201/ME0201D/Nastbastaparti190
2020M05,2020-05-01,2020-05,s,S,S,parliamentary_party,mp,MP,MP,parliamentary_party,14.0,1.9,observed,ME/ME0201/ME0201D/Nastbastaparti190
2020M05,2020-05-01,2020-05,s,S,S,parliamentary_party,s,S,S,parliamentary_party,0.0,0.0,observed,ME/ME0201/ME0201D/Nastbastaparti190
2020M05,2020-05-01,2020-05,s,S,S,parliamentary_party,v,V,V,parliamentary_party,25.7,2.3,observed,ME/ME0201/ME0201D/Nastbastaparti190
2020M05,2020-05-01,2020-05,s,S,S,parliamentary_party,vet ej,vet ej/uppgift saknas,DONT_KNOW,dont_know,12.1,2.0,observed,ME/ME0201/ME0201D/Nastbastaparti190
2020M05,2020-05-01,2020-05,s,S,S,parliamentary_party,övr,övriga,OTHER,other_party,0.3,0.3,observed,ME/ME0201/ME0201D/Nastbastaparti190
2020M05,2020-05-01,2020-05,v,V,V,parliamentary_party,SD,SD,SD,parliamentary_party,,,suppressed,ME/ME0201/ME0201D/Nastbastaparti190
2020M05,2020-05-01,2020-05,v,V,V,parliamentary_party,c,C,C,parliamentary_party,1.4,1.2,observed,ME/ME0201/ME0201D/Nastbastaparti190
2020M05,2020-05-01,2020-05,v,V,V,parliamentary_party,inget parti,inget parti,NO_SECOND_CHOICE,no_second_choice,11.6,3.9,observed,ME/ME0201/ME0201D/Nastbastaparti190
2020M05,2020-05-01,2020-05,v,V,V,parliamentary_party,kd,KD,KD,parliamentary_party,,,suppressed,ME/ME0201/ME0201D/Nastbastaparti190
2020M05,2020-05-01,2020-05,v,V,V,parliamentary_party,l,L,L,parliamentary_party,1.4,1.3,observed,ME/ME0201/ME0201D/Nastbastaparti190
2020M05,2020-05-01,2020-05,v,V,V,parliamentary_party,m,M,M,parliamentary_party,0.0,0.0,observed,ME/ME0201/ME0201D/Nastbastaparti190
2020M05,2020-05-01,2020-05,v,V,V,parliamentary_party,mp,MP,MP,parliamentary_party,18.6,4.3,observed,ME/ME0201/ME0201D/Nastbastaparti190
2020M05,2020-05-01,2020-05,v,V,V,parliamentary_party,s,S,S,parliamentary_party,51.5,5.4,observed,ME/ME0201/ME0201D/Nastbastaparti190
2020M05,2020-05-01,2020-05,v,V,V,parliamentary_party,v,V,V,parliamentary_party,0.0,0.0,observed,ME/ME0201/ME0201D/Nastbastaparti190
2020M05,2020-05-01,2020-05,v,V,V,parliamentary_party,vet ej,vet ej/uppgift saknas,DONT_KNOW,dont_know,5.2,2.3,observed,ME/ME0201/ME0201D/Nastbastaparti190
2020M05,2020-05-01,2020-05,v,V,V,parliamentary_party,övr,övriga,OTHER,other_party,10.1,3.3,observed,ME/ME0201/ME0201D/Nastbastaparti190
2020M05,2020-05-01,2020-05,övr,övriga,OTHER,other_party,SD,SD,SD,parliamentary_party,15.6,10.9,observed,ME/ME0201/ME0201D/Nastbastaparti190
2020M05,2020-05-01,2020-05,övr,övriga,OTHER,other_party,c,C,C,parliamentary_party,,,suppressed,ME/ME0201/ME0201D/Nastbastaparti190
2020M05,2020-05-01,2020-05,övr,övriga,OTHER,other_party,inget parti,inget parti,NO_SECOND_CHOICE,no_second_choice,19.1,14.7,observed,ME/ME0201/ME0201D/Nastbastaparti190
2020M05,2020-05-01,2020-05,övr,övriga,OTHER,other_party,kd,KD,KD,parliamentary_party,,,suppressed,ME/ME0201/ME0201D/Nastbastaparti190
2020M05,2020-05-01,2020-05,övr,övriga,OTHER,other_party,l,L,L,parliamentary_party,,,suppressed,ME/ME0201/ME0201D/Nastbastaparti190
2020M05,2020-05-01,2020-05,övr,övriga,OTHER,other_party,m,M,M,parliamentary_party,14.4,10.1,observed,ME/ME0201/ME0201D/Nastbastaparti190
2020M05,2020-05-01,2020-05,övr,övriga,OTHER,other_party,mp,MP,MP,parliamentary_party,10.9,9.2,observed,ME/ME0201/ME0201D/Nastbastaparti190
2020M05,2020-05-01,2020-05,övr,övriga,OTHER,other_party,s,S,S,parliamentary_party,,,suppressed,ME/ME0201/ME0201D/Nastbastaparti190
2020M05,2020-05-01,2020-05,övr,övriga,OTHER,other_party,v,V,V,parliamentary_party,11.8,10.2,observed,ME/ME0201/ME0201D/Nastbastaparti190
2020M05,2020-05-01,2020-05,övr,övriga,OTHER,other_party,vet ej,vet ej/uppgift saknas,DONT_KNOW,dont_know,,,suppressed,ME/ME0201/ME0201D/Nastbastaparti190
2020M05,2020-05-01,2020-05,övr,övriga,OTHER,other_party,övr,övriga,OTHER,other_party,,,suppressed,ME/ME0201/ME0201D/Nastbastaparti190
2020M11,2020-11-01,2020-11,SD,SD,SD,parliamentary_party,SD,SD,SD,parliamentary_party,0.0,0.0,observed,ME/ME0201/ME0201D/Nastbastaparti190
2020M11,2020-11-01,2020-11,SD,SD,SD,parliamentary_party,c,C,C,parliamentary_party,1.0,0.8,observed,ME/ME0201/ME0201D/Nastbastaparti190
2020M11,2020-11-01,2020-11,SD,SD,SD,parliamentary_party,inget parti,inget parti,NO_SECOND_CHOICE,no_second_choice,18.3,3.3,observed,ME/ME0201/ME0201D/Nastbastaparti190
2020M11,2020-11-01,2020-11,SD,SD,SD,parliamentary_party,kd,KD,KD,parliamentary_party,17.5,3.1,observed,ME/ME0201/ME0201D/Nastbastaparti190
2020M11,2020-11-01,2020-11,SD,SD,SD,parliamentary_party,l,L,L,parliamentary_party,1.2,0.9,observed,ME/ME0201/ME0201D/Nastbastaparti190
2020M11,2020-11-01,2020-11,SD,SD,SD,parliamentary_party,m,M,M,parliamentary_party,40.7,4.1,observed,ME/ME0201/ME0201D/Nastbastaparti190
2020M11,2020-11-01,2020-11,SD,SD,SD,parliamentary_party,mp,MP,MP,parliamentary_party,,,suppressed,ME/ME0201/ME0201D/Nastbastaparti190
2020M11,2020-11-01,2020-11,SD,SD,SD,parliamentary_party,s,S,S,parliamentary_party,7.3,2.2,observed,ME/ME0201/ME0201D/Nastbastaparti190
2020M11,2020-11-01,2020-11,SD,SD,SD,parliamentary_party,v,V,V,parliamentary_party,3.1,1.4,observed,ME/ME0201/ME0201D/Nastbastaparti190
2020M11,2020-11-01,2020-11,SD,SD,SD,parliamentary_party,vet ej,vet ej/uppgift saknas,DONT_KNOW,dont_know,7.5,2.5,observed,ME/ME0201/ME0201D/Nastbastaparti190
2020M11,2020-11-01,2020-11,SD,SD,SD,parliamentary_party,övr,övriga,OTHER,other_party,3.1,1.4,observed,ME/ME0201/ME0201D/Nastbastaparti190
2020M11,2020-11-01,2020-11,c,C,C,parliamentary_party,SD,SD,SD,parliamentary_party,3.4,2.5,observed,ME/ME0201/ME0201D/Nastbastaparti190
2020M11,2020-11-01,2020-11,c,C,C,parliamentary_party,c,C,C,parliamentary_party,0.0,0.0,observed,ME/ME0201/ME0201D/Nastbastaparti190
2020M11,2020-11-01,2020-11,c,C,C,parliamentary_party,inget parti,inget parti,NO_SECOND_CHOICE,no_second_choice,6.0,2.5,observed,ME/ME0201/ME0201D/Nastbastaparti190
2020M11,2020-11-01,2020-11,c,C,C,parliamentary_party,kd,KD,KD,parliamentary_party,5.1,3.0,observed,ME/ME0201/ME0201D/Nastbastaparti190
2020M11,2020-11-01,2020-11,c,C,C,parliamentary_party,l,L,L,parliamentary_party,22.5,4.7,observed,ME/ME0201/ME0201D/Nastbastaparti190
2020M11,2020-11-01,2020-11,c,C,C,parliamentary_party,m,M,M,parliamentary_party,19.6,4.5,observed,ME/ME0201/ME0201D/Nastbastaparti190
2020M11,2020-11-01,2020-11,c,C,C,parliamentary_party,mp,MP,MP,parliamentary_party,7.4,3.5,observed,ME/ME0201/ME0201D/Nastbastaparti190
2020M11,2020-11-01,2020-11,c,C,C,parliamentary_party,s,S,S,parliamentary_party,25.6,5.1,observed,ME/ME0201/ME0201D/Nastbastaparti190
2020M11,2020-11-01,2020-11,c,C,C,parliamentary_party,v,V,V,parliamentary_party,3.3,2.0,observed,ME/ME0201/ME0201D/Nastbastaparti190
2020M11,2020-11-01,2020-11,c,C,C,parliamentary_party,vet ej,vet ej/uppgift saknas,DONT_KNOW,dont_know,7.1,2.9,observed,ME/ME0201/ME0201D/Nastbastaparti190
2020M11,2020-11-01,2020-11,c,C,C,parliamentary_party,övr,övriga,OTHER,other_party,0.0,0.0,observed,ME/ME0201/ME0201D/Nastbastaparti190
2020M11,2020-11-01,2020-11,hela väljarkåren,hela väljarkåren,TOTAL_ELECTORATE,total_electorate,SD,SD,SD,parliamentary_party,6.6,0.8,observed,ME/ME0201/ME0201D/Nastbastaparti190
2020M11,2020-11-01,2020-11,hela väljarkåren,hela väljarkåren,TOTAL_ELECTORATE,total_electorate,c,C,C,parliamentary_party,7.9,0.8,observed,ME/ME0201/ME0201D/Nastbastaparti190
2020M11,2020-11-01,2020-11,hela väljarkåren,hela väljarkåren,TOTAL_ELECTORATE,total_electorate,inget parti,inget parti,NO_SECOND_CHOICE,no_second_choice,9.9,0.9,observed,ME/ME0201/ME0201D/Nastbastaparti190
2020M11,2020-11-01,2020-11,hela väljarkåren,hela väljarkåren,TOTAL_ELECTORATE,total_electorate,kd,KD,KD,parliamentary_party,8.5,0.8,observed,ME/ME0201/ME0201D/Nastbastaparti190
2020M11,2020-11-01,2020-11,hela väljarkåren,hela väljarkåren,TOTAL_ELECTORATE,total_electorate,l,L,L,parliamentary_party,5.9,0.7,observed,ME/ME0201/ME0201D/Nastbastaparti190
2020M11,2020-11-01,2020-11,hela väljarkåren,hela väljarkåren,TOTAL_ELECTORATE,total_electorate,m,M,M,parliamentary_party,13.2,1.0,observed,ME/ME0201/ME0201D/Nastbastaparti190
2020M11,2020-11-01,2020-11,hela väljarkåren,hela väljarkåren,TOTAL_ELECTORATE,total_electorate,mp,MP,MP,parliamentary_party,6.5,0.7,observed,ME/ME0201/ME0201D/Nastbastaparti190
2020M11,2020-11-01,2020-11,hela väljarkåren,hela väljarkåren,TOTAL_ELECTORATE,total_electorate,s,S,S,parliamentary_party,10.5,0.9,observed,ME/ME0201/ME0201D/Nastbastaparti190
2020M11,2020-11-01,2020-11,hela väljarkåren,hela väljarkåren,TOTAL_ELECTORATE,total_electorate,v,V,V,parliamentary_party,8.7,0.8,observed,ME/ME0201/ME0201D/Nastbastaparti190
2020M11,2020-11-01,2020-11,hela väljarkåren,hela väljarkåren,TOTAL_ELECTORATE,total_electorate,vet ej,vet ej/uppgift saknas,DONT_KNOW,dont_know,20.8,1.3,observed,ME/ME0201/ME0201D/Nastbastaparti190
2020M11,2020-11-01,2020-11,hela väljarkåren,hela väljarkåren,TOTAL_ELECTORATE,total_electorate,övr,övriga,OTHER,other_party,1.3,0.4,observed,ME/ME0201/ME0201D/Nastbastaparti190
2020M11,2020-11-01,2020-11,ingen sympati/vet ej,ingen sympati/vet ej,NO_SYMPATHY_OR_DONT_KNOW,no_sympathy,SD,SD,SD,parliamentary_party,0.0,0.0,observed,ME/ME0201/ME0201D/Nastbastaparti190
2020M11,2020-11-01,2020-11,ingen sympati/vet ej,ingen sympati/vet ej,NO_SYMPATHY_OR_DONT_KNOW,no_sympathy,c,C,C,parliamentary_party,0.0,0.0,observed,ME/ME0201/ME0201D/Nastbastaparti190
2020M11,2020-11-01,2020-11,ingen sympati/vet ej,ingen sympati/vet ej,NO_SYMPATHY_OR_DONT_KNOW,no_sympathy,inget parti,inget parti,NO_SECOND_CHOICE,no_second_choice,0.0,0.0,observed,ME/ME0201/ME0201D/Nastbastaparti190
2020M11,2020-11-01,2020-11,ingen sympati/vet ej,ingen sympati/vet ej,NO_SYMPATHY_OR_DONT_KNOW,no_sympathy,kd,KD,KD,parliamentary_party,0.0,0.0,observed,ME/ME0201/ME0201D/Nastbastaparti190
2020M11,2020-11-01,2020-11,ingen sympati/vet ej,ingen sympati/vet ej,NO_SYMPATHY_OR_DONT_KNOW,no_sympathy,l,L,L,parliamentary_party,0.0,0.0,observed,ME/ME0201/ME0201D/Nastbastaparti190
2020M11,2020-11-01,2020-11,ingen sympati/vet ej,ingen sympati/vet ej,NO_SYMPATHY_OR_DONT_KNOW,no_sympathy,m,M,M,parliamentary_party,0.0,0.0,observed,ME/ME0201/ME0201D/Nastbastaparti190
2020M11,2020-11-01,2020-11,ingen sympati/vet ej,ingen sympati/vet ej,NO_SYMPATHY_OR_DONT_KNOW,no_sympathy,mp,MP,MP,parliamentary_party,0.0,0.0,observed,ME/ME0201/ME0201D/Nastbastaparti190
2020M11,2020-11-01,2020-11,ingen sympati/vet ej,ingen sympati/vet ej,NO_SYMPATHY_OR_DONT_KNOW,no_sympathy,s,S,S,parliamentary_party,0.0,0.0,observed,ME/ME0201/ME0201D/Nastbastaparti190
2020M11,2020-11-01,2020-11,ingen sympati/vet ej,ingen sympati/vet ej,NO_SYMPATHY_OR_DONT_KNOW,no_sympathy,v,V,V,parliamentary_party,0.0,0.0,observed,ME/ME0201/ME0201D/Nastbastaparti190
2020M11,2020-11-01,2020-11,ingen sympati/vet ej,ingen sympati/vet ej,NO_SYMPATHY_OR_DONT_KNOW,no_sympathy,vet ej,vet ej/uppgift saknas,DONT_KNOW,dont_know,100.0,0.0,observed,ME/ME0201/ME0201D/Nastbastaparti190
2020M11,2020-11-01,2020-11,ingen sympati/vet ej,ingen sympati/vet ej,NO_SYMPATHY_OR_DONT_KNOW,no_sympathy,övr,övriga,OTHER,other_party,0.0,0.0,observed,ME/ME0201/ME0201D/Nastbastaparti190
2020M11,2020-11-01,2020-11,kd,KD,KD,parliamentary_party,SD,SD,SD,parliamentary_party,24.7,6.3,observed,ME/ME0201/ME0201D/Nastbastaparti190
2020M11,2020-11-01,2020-11,kd,KD,KD,parliamentary_party,c,C,C,parliamentary_party,7.1,3.3,observed,ME/ME0201/ME0201D/Nastbastaparti190
2020M11,2020-11-01,2020-11,kd,KD,KD,parliamentary_party,inget parti,inget parti,NO_SECOND_CHOICE,no_second_choice,8.5,4.5,observed,ME/ME0201/ME0201D/Nastbastaparti190
2020M11,2020-11-01,2020-11,kd,KD,KD,parliamentary_party,kd,KD,KD,parliamentary_party,0.0,0.0,observed,ME/ME0201/ME0201D/Nastbastaparti190
2020M11,2020-11-01,2020-11,kd,KD,KD,parliamentary_party,l,L,L,parliamentary_party,3.0,2.1,observed,ME/ME0201/ME0201D/Nastbastaparti190
2020M11,2020-11-01,2020-11,kd,KD,KD,parliamentary_party,m,M,M,parliamentary_party,43.9,6.7,observed,ME/ME0201/ME0201D/Nastbastaparti190
2020M11,2020-11-01,2020-11,kd,KD,KD,parliamentary_party,mp,MP,MP,parliamentary_party,,,suppressed,ME/ME0201/ME0201D/Nastbastaparti190
2020M11,2020-11-01,2020-11,kd,KD,KD,parliamentary_party,s,S,S,parliamentary_party,4.7,2.8,observed,ME/ME0201/ME0201D/Nastbastaparti190
2020M11,2020-11-01,2020-11,kd,KD,KD,parliamentary_party,v,V,V,parliamentary_party,1.7,1.6,observed,ME/ME0201/ME0201D/Nastbastaparti190
2020M11,2020-11-01,2020-11,kd,KD,KD,parliamentary_party,vet ej,vet ej/uppgift saknas,DONT_KNOW,dont_know,6.3,3.2,observed,ME/ME0201/ME0201D/Nastbastaparti190
2020M11,2020-11-01,2020-11,kd,KD,KD,parliamentary_party,övr,övriga,OTHER,other_party,0.0,0.0,observed,ME/ME0201/ME0201D/Nastbastaparti190
2020M11,2020-11-01,2020-11,l,L,L,parliamentary_party,SD,SD,SD,parliamentary_party,,,suppressed,ME/ME0201/ME0201D/Nastbastaparti190
2020M11,2020-11-01,2020-11,l,L,L,parliamentary_party,c,C,C,parliamentary_party,29.1,7.1,observed,ME/ME0201/ME0201D/Nastbastaparti190
2020M11,2020-11-01,2020-11,l,L,L,parliamentary_party,inget parti,inget parti,NO_SECOND_CHOICE,no_second_choice,4.9,3.4,observed,ME/ME0201/ME0201D/Nastbastaparti190
2020M11,2020-11-01,2020-11,l,L,L,parliamentary_party,kd,KD,KD,parliamentary_party,4.0,3.0,observed,ME/ME0201/ME0201D/Nastbastaparti190
2020M11,2020-11-01,2020-11,l,L,L,parliamentary_party,l,L,L,parliamentary_party,0.0,0.0,observed,ME/ME0201/ME0201D/Nastbastaparti190
2020M11,2020-11-01,2020-11,l,L,L,parliamentary_party,m,M,M,parliamentary_party,29.2,6.8,observed,ME/ME0201/ME0201D/Nastbastaparti190
2020M11,2020-11-01,2020-11,l,L,L,parliamentary_party,mp,MP,MP,parliamentary_party,5.2,4.6,observed,ME/ME0201/ME0201D/Nastbastaparti190
2020M11,2020-11-01,2020-11,l,L,L,parliamentary_party,s,S,S,parliamentary_party,21.5,6.8,observed,ME/ME0201/ME0201D/Nastbastaparti190
2020M11,2020-11-01,2020-11,l,L,L,parliamentary_party,v,V,V,parliamentary_party,,,suppressed,ME/ME0201/ME0201D/Nastbastaparti190
2020M11,2020-11-01,2020-11,l,L,L,parliamentary_party,vet ej,vet ej/uppgift saknas,DONT_KNOW,dont_know,3.8,2.9,observed,ME/ME0201/ME0201D/Nastbastaparti190
2020M11,2020-11-01,2020-11,l,L,L,parliamentary_party,övr,övriga,OTHER,other_party,,,suppressed,ME/ME0201/ME0201D/Nastbastaparti190
2020M11,2020-11-01,2020-11,m,M,M,parliamentary_party,SD,SD,SD,parliamentary_party,19.4,2.7,observed,ME/ME0201/ME0201D/Nastbastaparti190
2020M11,2020-11-01,2020-11,m,M,M,parliamentary_party,c,C,C,parliamentary_party,13.0,2.2,observed,ME/ME0201/ME0201D/Nastbastaparti190
2020M11,2020-11-01,2020-11,m,M,M,parliamentary_party,inget parti,inget parti,NO_SECOND_CHOICE,no_second_choice,8.0,1.7,observed,ME/ME0201/ME0201D/Nastbastaparti190
2020M11,2020-11-01,2020-11,m,M,M,parliamentary_party,kd,KD,KD,parliamentary_party,25.4,2.9,observed,ME/ME0201/ME0201D/Nastbastaparti190
2020M11,2020-11-01,2020-11,m,M,M,parliamentary_party,l,L,L,parliamentary_party,13.7,2.2,observed,ME/ME0201/ME0201D/Nastbastaparti190
2020M11,2020-11-01,2020-11,m,M,M,parliamentary_party,m,M,M,parliamentary_party,0.0,0.0,observed,ME/ME0201/ME0201D/Nastbastaparti190
2020M11,2020-11-01,2020-11,m,M,M,parliamentary_party,mp,MP,MP,parliamentary_party,1.1,0.7,observed,ME/ME0201/ME0201D/Nastbastaparti190
2020M11,2020-11-01,2020-11,m,M,M,parliamentary_party,s,S,S,parliamentary_party,10.5,2.1,observed,ME/ME0201/ME0201D/Nastbastaparti190
2020M11,2020-11-01,2020-11,m,M,M,parliamentary_party,v,V,V,parliamentary_party,1.0,0.6,observed,ME/ME0201/ME0201D/Nastbastaparti190
2020M11,2020-11-01,2020-11,m,M,M,parliamentary_party,vet ej,vet ej/uppgift saknas,DONT_KNOW,dont_know,7.4,1.8,observed,ME/ME0201/ME0201D/Nastbastaparti190
2020M11,2020-11-01,2020-11,m,M,M,parliamentary_party,övr,övriga,OTHER,other_party,,,suppressed,ME/ME0201/ME0201D/Nastbastaparti190
2020M11,2020-11-01,2020-11,mp,MP,MP,parliamentary_party,SD,SD,SD,parliamentary_party,,,suppressed,ME/ME0201/ME0201D/Nastbastaparti190
2020M11,2020-11-01,2020-11,mp,MP,MP,parliamentary_party,c,C,C,parliamentary_party,13.9,5.2,observed,ME/ME0201/ME0201D/Nastbastaparti190
2020M11,2020-11-01,2020-11,mp,MP,MP,parliamentary_party,inget parti,inget parti,NO_SECOND_CHOICE,no_second_choice,6.4,4.7,observed,ME/ME0201/ME0201D/Nastbastaparti190
2020M11,2020-11-01,2020-11,mp,MP,MP,parliamentary_party,kd,KD,KD,parliamentary_party,0.0,0.0,observed,ME/ME0201/ME0201D/Nastbastaparti190
2020M11,2020-11-01,2020-11,mp,MP,MP,parliamentary_party,l,L,L,parliamentary_party,2.2,2.1,observed,ME/ME0201/ME0201D/Nastbastaparti190
2020M11,2020-11-01,2020-11,mp,MP,MP,parliamentary_party,m,M,M,parliamentary_party,3.1,2.6,observed,ME/ME0201/ME0201D/Nastbastaparti190
2020M11,2020-11-01,2020-11,mp,MP,MP,parliamentary_party,mp,MP,MP,parliamentary_party,0.0,0.0,observed,ME/ME0201/ME0201D/Nastbastaparti190
2020M11,2020-11-01,2020-11,mp,MP,MP,parliamentary_party,s,S,S,parliamentary_party,35.3,7.9,observed,ME/ME0201/ME0201D/Nastbastaparti190
2020M11,2020-11-01,2020-11,mp,MP,MP,parliamentary_party,v,V,V,parliamentary_party,21.2,5.9,observed,ME/ME0201/ME0201D/Nastbastaparti190
2020M11,2020-11-01,2020-11,mp,MP,MP,parliamentary_party,vet ej,vet ej/uppgift saknas,DONT_KNOW,dont_know,9.3,5.4,observed,ME/ME0201/ME0201D/Nastbastaparti190
2020M11,2020-11-01,2020-11,mp,MP,MP,parliamentary_party,övr,övriga,OTHER,other_party,5.9,5.0,observed,ME/ME0201/ME0201D/Nastbastaparti190
2020M11,2020-11-01,2020-11,s,S,S,parliamentary_party,SD,SD,SD,parliamentary_party,3.4,1.0,observed,ME/ME0201/ME0201D/Nastbastaparti190
2020M11,2020-11-01,2020-11,s,S,S,parliamentary_party,c,C,C,parliamentary_party,12.5,1.9,observed,ME/ME0201/ME0201D/Nastbastaparti190
2020M11,2020-11-01,2020-11,s,S,S,parliamentary_party,inget parti,inget parti,NO_SECOND_CHOICE,no_second_choice,12.6,2.1,observed,ME/ME0201/ME0201D/Nastbastaparti190
2020M11,2020-11-01,2020-11,s,S,S,parliamentary_party,kd,KD,KD,parliamentary_party,1.3,0.6,observed,ME/ME0201/ME0201D/Nastbastaparti190
2020M11,2020-11-01,2020-11,s,S,S,parliamentary_party,l,L,L,parliamentary_party,5.5,1.3,observed,ME/ME0201/ME0201D/Nastbastaparti190
2020M11,2020-11-01,2020-11,s,S,S,parliamentary_party,m,M,M,parliamentary_party,10.5,2.1,observed,ME/ME0201/ME0201D/Nastbastaparti190
2020M11,2020-11-01,2020-11,s,S,S,parliamentary_party,mp,MP,MP,parliamentary_party,13.4,2.1,observed,ME/ME0201/ME0201D/Nastbastaparti190
2020M11,2020-11-01,2020-11,s,S,S,parliamentary_party,s,S,S,parliamentary_party,0.0,0.0,observed,ME/ME0201/ME0201D/Nastbastaparti190
2020M11,2020-11-01,2020-11,s,S,S,parliamentary_party,v,V,V,parliamentary_party,26.2,2.6,observed,ME/ME0201/ME0201D/Nastbastaparti190
2020M11,2020-11-01,2020-11,s,S,S,parliamentary_party,vet ej,vet ej/uppgift saknas,DONT_KNOW,dont_know,14.1,2.4,observed,ME/ME0201/ME0201D/Nastbastaparti190
2020M11,2020-11-01,2020-11,s,S,S,parliamentary_party,övr,övriga,OTHER,other_party,0.3,0.3,observed,ME/ME0201/ME0201D/Nastbastaparti190
2020M11,2020-11-01,2020-11,v,V,V,parliamentary_party,SD,SD,SD,parliamentary_party,1.3,1.0,observed,ME/ME0201/ME0201D/Nastbastaparti190
2020M11,2020-11-01,2020-11,v,V,V,parliamentary_party,c,C,C,parliamentary_party,2.4,1.5,observed,ME/ME0201/ME0201D/Nastbastaparti190
2020M11,2020-11-01,2020-11,v,V,V,parliamentary_party,inget parti,inget parti,NO_SECOND_CHOICE,no_second_choice,12.2,3.4,observed,ME/ME0201/ME0201D/Nastbastaparti190
2020M11,2020-11-01,2020-11,v,V,V,parliamentary_party,kd,KD,KD,parliamentary_party,1.4,1.3,observed,ME/ME0201/ME0201D/Nastbastaparti190
2020M11,2020-11-01,2020-11,v,V,V,parliamentary_party,l,L,L,parliamentary_party,,,suppressed,ME/ME0201/ME0201D/Nastbastaparti190
2020M11,2020-11-01,2020-11,v,V,V,parliamentary_party,m,M,M,parliamentary_party,,,suppressed,ME/ME0201/ME0201D/Nastbastaparti190
2020M11,2020-11-01,2020-11,v,V,V,parliamentary_party,mp,MP,MP,parliamentary_party,25.2,4.5,observed,ME/ME0201/ME0201D/Nastbastaparti190
2020M11,2020-11-01,2020-11,v,V,V,parliamentary_party,s,S,S,parliamentary_party,44.4,5.1,observed,ME/ME0201/ME0201D/Nastbastaparti190
2020M11,2020-11-01,2020-11,v,V,V,parliamentary_party,v,V,V,parliamentary_party,0.0,0.0,observed,ME/ME0201/ME0201D/Nastbastaparti190
2020M11,2020-11-01,2020-11,v,V,V,parliamentary_party,vet ej,vet ej/uppgift saknas,DONT_KNOW,dont_know,6.2,2.4,observed,ME/ME0201/ME0201D/Nastbastaparti190
2020M11,2020-11-01,2020-11,v,V,V,parliamentary_party,övr,övriga,OTHER,other_party,5.7,2.3,observed,ME/ME0201/ME0201D/Nastbastaparti190
2020M11,2020-11-01,2020-11,övr,övriga,OTHER,other_party,SD,SD,SD,parliamentary_party,25.9,14.0,observed,ME/ME0201/ME0201D/Nastbastaparti190
2020M11,2020-11-01,2020-11,övr,övriga,OTHER,other_party,c,C,C,parliamentary_party,,,suppressed,ME/ME0201/ME0201D/Nastbastaparti190
2020M11,2020-11-01,2020-11,övr,övriga,OTHER,other_party,inget parti,inget parti,NO_SECOND_CHOICE,no_second_choice,19.9,12.1,observed,ME/ME0201/ME0201D/Nastbastaparti190
2020M11,2020-11-01,2020-11,övr,övriga,OTHER,other_party,kd,KD,KD,parliamentary_party,,,suppressed,ME/ME0201/ME0201D/Nastbastaparti190
2020M11,2020-11-01,2020-11,övr,övriga,OTHER,other_party,l,L,L,parliamentary_party,,,suppressed,ME/ME0201/ME0201D/Nastbastaparti190
2020M11,2020-11-01,2020-11,övr,övriga,OTHER,other_party,m,M,M,parliamentary_party,9.6,9.0,observed,ME/ME0201/ME0201D/Nastbastaparti190
2020M11,2020-11-01,2020-11,övr,övriga,OTHER,other_party,mp,MP,MP,parliamentary_party,,,suppressed,ME/ME0201/ME0201D/Nastbastaparti190
2020M11,2020-11-01,2020-11,övr,övriga,OTHER,other_party,s,S,S,parliamentary_party,7.3,6.5,observed,ME/ME0201/ME0201D/Nastbastaparti190
2020M11,2020-11-01,2020-11,övr,övriga,OTHER,other_party,v,V,V,parliamentary_party,10.2,7.5,observed,ME/ME0201/ME0201D/Nastbastaparti190
2020M11,2020-11-01,2020-11,övr,övriga,OTHER,other_party,vet ej,vet ej/uppgift saknas,DONT_KNOW,dont_know,,,suppressed,ME/ME0201/ME0201D/Nastbastaparti190
2020M11,2020-11-01,2020-11,övr,övriga,OTHER,other_party,övr,övriga,OTHER,other_party,,,suppressed,ME/ME0201/ME0201D/Nastbastaparti190
2021M05,2021-05-01,2021-05,SD,SD,SD,parliamentary_party,SD,SD,SD,parliamentary_party,0.0,0.0,observed,ME/ME0201/ME0201D/Nastbastaparti190
2021M05,2021-05-01,2021-05,SD,SD,SD,parliamentary_party,c,C,C,parliamentary_party,0.7,0.6,observed,ME/ME0201/ME0201D/Nastbastaparti190
2021M05,2021-05-01,2021-05,SD,SD,SD,parliamentary_party,inget parti,inget parti,NO_SECOND_CHOICE,no_second_choice,16.0,3.2,observed,ME/ME0201/ME0201D/Nastbastaparti190
2021M05,2021-05-01,2021-05,SD,SD,SD,parliamentary_party,kd,KD,KD,parliamentary_party,14.4,3.0,observed,ME/ME0201/ME0201D/Nastbastaparti190
2021M05,2021-05-01,2021-05,SD,SD,SD,parliamentary_party,l,L,L,parliamentary_party,1.9,1.2,observed,ME/ME0201/ME0201D/Nastbastaparti190
2021M05,2021-05-01,2021-05,SD,SD,SD,parliamentary_party,m,M,M,parliamentary_party,45.9,4.2,observed,ME/ME0201/ME0201D/Nastbastaparti190
2021M05,2021-05-01,2021-05,SD,SD,SD,parliamentary_party,mp,MP,MP,parliamentary_party,1.7,1.5,observed,ME/ME0201/ME0201D/Nastbastaparti190
2021M05,2021-05-01,2021-05,SD,SD,SD,parliamentary_party,s,S,S,parliamentary_party,6.1,1.9,observed,ME/ME0201/ME0201D/Nastbastaparti190
2021M05,2021-05-01,2021-05,SD,SD,SD,parliamentary_party,v,V,V,parliamentary_party,1.9,1.1,observed,ME/ME0201/ME0201D/Nastbastaparti190
2021M05,2021-05-01,2021-05,SD,SD,SD,parliamentary_party,vet ej,vet ej/uppgift saknas,DONT_KNOW,dont_know,8.7,2.7,observed,ME/ME0201/ME0201D/Nastbastaparti190
2021M05,2021-05-01,2021-05,SD,SD,SD,parliamentary_party,övr,övriga,OTHER,other_party,2.6,1.2,observed,ME/ME0201/ME0201D/Nastbastaparti190
2021M05,2021-05-01,2021-05,c,C,C,parliamentary_party,SD,SD,SD,parliamentary_party,1.0,1.0,observed,ME/ME0201/ME0201D/Nastbastaparti190
2021M05,2021-05-01,2021-05,c,C,C,parliamentary_party,c,C,C,parliamentary_party,0.0,0.0,observed,ME/ME0201/ME0201D/Nastbastaparti190
2021M05,2021-05-01,2021-05,c,C,C,parliamentary_party,inget parti,inget parti,NO_SECOND_CHOICE,no_second_choice,8.9,3.2,observed,ME/ME0201/ME0201D/Nastbastaparti190
2021M05,2021-05-01,2021-05,c,C,C,parliamentary_party,kd,KD,KD,parliamentary_party,3.0,1.7,observed,ME/ME0201/ME0201D/Nastbastaparti190
2021M05,2021-05-01,2021-05,c,C,C,parliamentary_party,l,L,L,parliamentary_party,15.7,3.8,observed,ME/ME0201/ME0201D/Nastbastaparti190
2021M05,2021-05-01,2021-05,c,C,C,parliamentary_party,m,M,M,parliamentary_party,17.3,4.0,observed,ME/ME0201/ME0201D/Nastbastaparti190
2021M05,2021-05-01,2021-05,c,C,C,parliamentary_party,mp,MP,MP,parliamentary_party,8.7,3.5,observed,ME/ME0201/ME0201D/Nastbastaparti190
2021M05,2021-05-01,2021-05,c,C,C,parliamentary_party,s,S,S,parliamentary_party,33.3,5.2,observed,ME/ME0201/ME0201D/Nastbastaparti190
2021M05,2021-05-01,2021-05,c,C,C,parliamentary_party,v,V,V,parliamentary_party,2.6,1.8,observed,ME/ME0201/ME0201D/Nastbastaparti190
2021M05,2021-05-01,2021-05,c,C,C,parliamentary_party,vet ej,vet ej/uppgift saknas,DONT_KNOW,dont_know,7.7,2.9,observed,ME/ME0201/ME0201D/Nastbastaparti190
2021M05,2021-05-01,2021-05,c,C,C,parliamentary_party,övr,övriga,OTHER,other_party,,,suppressed,ME/ME0201/ME0201D/Nastbastaparti190
2021M05,2021-05-01,2021-05,hela väljarkåren,hela väljarkåren,TOTAL_ELECTORATE,total_electorate,SD,SD,SD,parliamentary_party,5.5,0.7,observed,ME/ME0201/ME0201D/Nastbastaparti190
2021M05,2021-05-01,2021-05,hela väljarkåren,hela väljarkåren,TOTAL_ELECTORATE,total_electorate,c,C,C,parliamentary_party,8.9,0.8,observed,ME/ME0201/ME0201D/Nastbastaparti190
2021M05,2021-05-01,2021-05,hela väljarkåren,hela väljarkåren,TOTAL_ELECTORATE,total_electorate,inget parti,inget parti,NO_SECOND_CHOICE,no_second_choice,9.3,0.9,observed,ME/ME0201/ME0201D/Nastbastaparti190
2021M05,2021-05-01,2021-05,hela väljarkåren,hela väljarkåren,TOTAL_ELECTORATE,total_electorate,kd,KD,KD,parliamentary_party,7.6,0.8,observed,ME/ME0201/ME0201D/Nastbastaparti190
2021M05,2021-05-01,2021-05,hela väljarkåren,hela väljarkåren,TOTAL_ELECTORATE,total_electorate,l,L,L,parliamentary_party,6.0,0.7,observed,ME/ME0201/ME0201D/Nastbastaparti190
2021M05,2021-05-01,2021-05,hela väljarkåren,hela väljarkåren,TOTAL_ELECTORATE,total_electorate,m,M,M,parliamentary_party,13.5,1.0,observed,ME/ME0201/ME0201D/Nastbastaparti190
2021M05,2021-05-01,2021-05,hela väljarkåren,hela väljarkåren,TOTAL_ELECTORATE,total_electorate,mp,MP,MP,parliamentary_party,6.4,0.8,observed,ME/ME0201/ME0201D/Nastbastaparti190
2021M05,2021-05-01,2021-05,hela väljarkåren,hela väljarkåren,TOTAL_ELECTORATE,total_electorate,s,S,S,parliamentary_party,10.8,0.9,observed,ME/ME0201/ME0201D/Nastbastaparti190
2021M05,2021-05-01,2021-05,hela väljarkåren,hela väljarkåren,TOTAL_ELECTORATE,total_electorate,v,V,V,parliamentary_party,7.7,0.8,observed,ME/ME0201/ME0201D/Nastbastaparti190
2021M05,2021-05-01,2021-05,hela väljarkåren,hela väljarkåren,TOTAL_ELECTORATE,total_electorate,vet ej,vet ej/uppgift saknas,DONT_KNOW,dont_know,22.7,1.4,observed,ME/ME0201/ME0201D/Nastbastaparti190
2021M05,2021-05-01,2021-05,hela väljarkåren,hela väljarkåren,TOTAL_ELECTORATE,total_electorate,övr,övriga,OTHER,other_party,1.6,0.4,observed,ME/ME0201/ME0201D/Nastbastaparti190
2021M05,2021-05-01,2021-05,ingen sympati/vet ej,ingen sympati/vet ej,NO_SYMPATHY_OR_DONT_KNOW,no_sympathy,SD,SD,SD,parliamentary_party,0.0,0.0,observed,ME/ME0201/ME0201D/Nastbastaparti190
2021M05,2021-05-01,2021-05,ingen sympati/vet ej,ingen sympati/vet ej,NO_SYMPATHY_OR_DONT_KNOW,no_sympathy,c,C,C,parliamentary_party,0.0,0.0,observed,ME/ME0201/ME0201D/Nastbastaparti190
2021M05,2021-05-01,2021-05,ingen sympati/vet ej,ingen sympati/vet ej,NO_SYMPATHY_OR_DONT_KNOW,no_sympathy,inget parti,inget parti,NO_SECOND_CHOICE,no_second_choice,0.0,0.0,observed,ME/ME0201/ME0201D/Nastbastaparti190
2021M05,2021-05-01,2021-05,ingen sympati/vet ej,ingen sympati/vet ej,NO_SYMPATHY_OR_DONT_KNOW,no_sympathy,kd,KD,KD,parliamentary_party,0.0,0.0,observed,ME/ME0201/ME0201D/Nastbastaparti190
2021M05,2021-05-01,2021-05,ingen sympati/vet ej,ingen sympati/vet ej,NO_SYMPATHY_OR_DONT_KNOW,no_sympathy,l,L,L,parliamentary_party,0.0,0.0,observed,ME/ME0201/ME0201D/Nastbastaparti190
2021M05,2021-05-01,2021-05,ingen sympati/vet ej,ingen sympati/vet ej,NO_SYMPATHY_OR_DONT_KNOW,no_sympathy,m,M,M,parliamentary_party,0.0,0.0,observed,ME/ME0201/ME0201D/Nastbastaparti190
2021M05,2021-05-01,2021-05,ingen sympati/vet ej,ingen sympati/vet ej,NO_SYMPATHY_OR_DONT_KNOW,no_sympathy,mp,MP,MP,parliamentary_party,0.0,0.0,observed,ME/ME0201/ME0201D/Nastbastaparti190
2021M05,2021-05-01,2021-05,ingen sympati/vet ej,ingen sympati/vet ej,NO_SYMPATHY_OR_DONT_KNOW,no_sympathy,s,S,S,parliamentary_party,0.0,0.0,observed,ME/ME0201/ME0201D/Nastbastaparti190
2021M05,2021-05-01,2021-05,ingen sympati/vet ej,ingen sympati/vet ej,NO_SYMPATHY_OR_DONT_KNOW,no_sympathy,v,V,V,parliamentary_party,0.0,0.0,observed,ME/ME0201/ME0201D/Nastbastaparti190
2021M05,2021-05-01,2021-05,ingen sympati/vet ej,ingen sympati/vet ej,NO_SYMPATHY_OR_DONT_KNOW,no_sympathy,vet ej,vet ej/uppgift saknas,DONT_KNOW,dont_know,100.0,0.0,observed,ME/ME0201/ME0201D/Nastbastaparti190
2021M05,2021-05-01,2021-05,ingen sympati/vet ej,ingen sympati/vet ej,NO_SYMPATHY_OR_DONT_KNOW,no_sympathy,övr,övriga,OTHER,other_party,0.0,0.0,observed,ME/ME0201/ME0201D/Nastbastaparti190
2021M05,2021-05-01,2021-05,kd,KD,KD,parliamentary_party,SD,SD,SD,parliamentary_party,16.2,5.5,observed,ME/ME0201/ME0201D/Nastbastaparti190
2021M05,2021-05-01,2021-05,kd,KD,KD,parliamentary_party,c,C,C,parliamentary_party,10.9,5.4,observed,ME/ME0201/ME0201D/Nastbastaparti190
2021M05,2021-05-01,2021-05,kd,KD,KD,parliamentary_party,inget parti,inget parti,NO_SECOND_CHOICE,no_second_choice,5.3,2.9,observed,ME/ME0201/ME0201D/Nastbastaparti190
2021M05,2021-05-01,2021-05,kd,KD,KD,parliamentary_party,kd,KD,KD,parliamentary_party,0.0,0.0,observed,ME/ME0201/ME0201D/Nastbastaparti190
2021M05,2021-05-01,2021-05,kd,KD,KD,parliamentary_party,l,L,L,parliamentary_party,4.9,2.9,observed,ME/ME0201/ME0201D/Nastbastaparti190
2021M05,2021-05-01,2021-05,kd,KD,KD,parliamentary_party,m,M,M,parliamentary_party,47.5,7.5,observed,ME/ME0201/ME0201D/Nastbastaparti190
2021M05,2021-05-01,2021-05,kd,KD,KD,parliamentary_party,mp,MP,MP,parliamentary_party,,,suppressed,ME/ME0201/ME0201D/Nastbastaparti190
2021M05,2021-05-01,2021-05,kd,KD,KD,parliamentary_party,s,S,S,parliamentary_party,4.2,2.9,observed,ME/ME0201/ME0201D/Nastbastaparti190
2021M05,2021-05-01,2021-05,kd,KD,KD,parliamentary_party,v,V,V,parliamentary_party,,,suppressed,ME/ME0201/ME0201D/Nastbastaparti190
2021M05,2021-05-01,2021-05,kd,KD,KD,parliamentary_party,vet ej,vet ej/uppgift saknas,DONT_KNOW,dont_know,8.1,5.2,observed,ME/ME0201/ME0201D/Nastbastaparti190
2021M05,2021-05-01,2021-05,kd,KD,KD,parliamentary_party,övr,övriga,OTHER,other_party,0.0,0.0,observed,ME/ME0201/ME0201D/Nastbastaparti190
2021M05,2021-05-01,2021-05,l,L,L,parliamentary_party,SD,SD,SD,parliamentary_party,,,suppressed,ME/ME0201/ME0201D/Nastbastaparti190
2021M05,2021-05-01,2021-05,l,L,L,parliamentary_party,c,C,C,parliamentary_party,27.3,7.9,observed,ME/ME0201/ME0201D/Nastbastaparti190
2021M05,2021-05-01,2021-05,l,L,L,parliamentary_party,inget parti,inget parti,NO_SECOND_CHOICE,no_second_choice,4.7,3.5,observed,ME/ME0201/ME0201D/Nastbastaparti190
2021M05,2021-05-01,2021-05,l,L,L,parliamentary_party,kd,KD,KD,parliamentary_party,5.9,4.4,observed,ME/ME0201/ME0201D/Nastbastaparti190
2021M05,2021-05-01,2021-05,l,L,L,parliamentary_party,l,L,L,parliamentary_party,0.0,0.0,observed,ME/ME0201/ME0201D/Nastbastaparti190
2021M05,2021-05-01,2021-05,l,L,L,parliamentary_party,m,M,M,parliamentary_party,39.1,8.9,observed,ME/ME0201/ME0201D/Nastbastaparti190
2021M05,2021-05-01,2021-05,l,L,L,parliamentary_party,mp,MP,MP,parliamentary_party,,,suppressed,ME/ME0201/ME0201D/Nastbastaparti190
2021M05,2021-05-01,2021-05,l,L,L,parliamentary_party,s,S,S,parliamentary_party,12.4,5.9,observed,ME/ME0201/ME0201D/Nastbastaparti190
2021M05,2021-05-01,2021-05,l,L,L,parliamentary_party,v,V,V,parliamentary_party,,,suppressed,ME/ME0201/ME0201D/Nastbastaparti190
2021M05,2021-05-01,2021-05,l,L,L,parliamentary_party,vet ej,vet ej/uppgift saknas,DONT_KNOW,dont_know,3.9,3.4,observed,ME/ME0201/ME0201D/Nastbastaparti190
2021M05,2021-05-01,2021-05,l,L,L,parliamentary_party,övr,övriga,OTHER,other_party,0.0,0.0,observed,ME/ME0201/ME0201D/Nastbastaparti190
2021M05,2021-05-01,2021-05,m,M,M,parliamentary_party,SD,SD,SD,parliamentary_party,18.0,2.5,observed,ME/ME0201/ME0201D/Nastbastaparti190
2021M05,2021-05-01,2021-05,m,M,M,parliamentary_party,c,C,C,parliamentary_party,10.7,2.1,observed,ME/ME0201/ME0201D/Nastbastaparti190
2021M05,2021-05-01,2021-05,m,M,M,parliamentary_party,inget parti,inget parti,NO_SECOND_CHOICE,no_second_choice,9.4,1.9,observed,ME/ME0201/ME0201D/Nastbastaparti190
2021M05,2021-05-01,2021-05,m,M,M,parliamentary_party,kd,KD,KD,parliamentary_party,24.5,2.8,observed,ME/ME0201/ME0201D/Nastbastaparti190
2021M05,2021-05-01,2021-05,m,M,M,parliamentary_party,l,L,L,parliamentary_party,16.4,2.4,observed,ME/ME0201/ME0201D/Nastbastaparti190
2021M05,2021-05-01,2021-05,m,M,M,parliamentary_party,m,M,M,parliamentary_party,0.0,0.0,observed,ME/ME0201/ME0201D/Nastbastaparti190
2021M05,2021-05-01,2021-05,m,M,M,parliamentary_party,mp,MP,MP,parliamentary_party,1.5,0.8,observed,ME/ME0201/ME0201D/Nastbastaparti190
2021M05,2021-05-01,2021-05,m,M,M,parliamentary_party,s,S,S,parliamentary_party,8.5,2.1,observed,ME/ME0201/ME0201D/Nastbastaparti190
2021M05,2021-05-01,2021-05,m,M,M,parliamentary_party,v,V,V,parliamentary_party,,,suppressed,ME/ME0201/ME0201D/Nastbastaparti190
2021M05,2021-05-01,2021-05,m,M,M,parliamentary_party,vet ej,vet ej/uppgift saknas,DONT_KNOW,dont_know,10.5,2.1,observed,ME/ME0201/ME0201D/Nastbastaparti190
2021M05,2021-05-01,2021-05,m,M,M,parliamentary_party,övr,övriga,OTHER,other_party,,,suppressed,ME/ME0201/ME0201D/Nastbastaparti190
2021M05,2021-05-01,2021-05,mp,MP,MP,parliamentary_party,SD,SD,SD,parliamentary_party,,,suppressed,ME/ME0201/ME0201D/Nastbastaparti190
2021M05,2021-05-01,2021-05,mp,MP,MP,parliamentary_party,c,C,C,parliamentary_party,14.9,6.0,observed,ME/ME0201/ME0201D/Nastbastaparti190
2021M05,2021-05-01,2021-05,mp,MP,MP,parliamentary_party,inget parti,inget parti,NO_SECOND_CHOICE,no_second_choice,7.9,5.6,observed,ME/ME0201/ME0201D/Nastbastaparti190
2021M05,2021-05-01,2021-05,mp,MP,MP,parliamentary_party,kd,KD,KD,parliamentary_party,,,suppressed,ME/ME0201/ME0201D/Nastbastaparti190
2021M05,2021-05-01,2021-05,mp,MP,MP,parliamentary_party,l,L,L,parliamentary_party,3.0,2.3,observed,ME/ME0201/ME0201D/Nastbastaparti190
2021M05,2021-05-01,2021-05,mp,MP,MP,parliamentary_party,m,M,M,parliamentary_party,,,suppressed,ME/ME0201/ME0201D/Nastbastaparti190
2021M05,2021-05-01,2021-05,mp,MP,MP,parliamentary_party,mp,MP,MP,parliamentary_party,0.0,0.0,observed,ME/ME0201/ME0201D/Nastbastaparti190
2021M05,2021-05-01,2021-05,mp,MP,MP,parliamentary_party,s,S,S,parliamentary_party,36.6,7.9,observed,ME/ME0201/ME0201D/Nastbastaparti190
2021M05,2021-05-01,2021-05,mp,MP,MP,parliamentary_party,v,V,V,parliamentary_party,21.1,6.2,observed,ME/ME0201/ME0201D/Nastbastaparti190
2021M05,2021-05-01,2021-05,mp,MP,MP,parliamentary_party,vet ej,vet ej/uppgift saknas,DONT_KNOW,dont_know,5.3,3.7,observed,ME/ME0201/ME0201D/Nastbastaparti190
2021M05,2021-05-01,2021-05,mp,MP,MP,parliamentary_party,övr,övriga,OTHER,other_party,5.6,4.6,observed,ME/ME0201/ME0201D/Nastbastaparti190
2021M05,2021-05-01,2021-05,s,S,S,parliamentary_party,SD,SD,SD,parliamentary_party,3.7,1.2,observed,ME/ME0201/ME0201D/Nastbastaparti190
2021M05,2021-05-01,2021-05,s,S,S,parliamentary_party,c,C,C,parliamentary_party,19.1,2.3,observed,ME/ME0201/ME0201D/Nastbastaparti190
2021M05,2021-05-01,2021-05,s,S,S,parliamentary_party,inget parti,inget parti,NO_SECOND_CHOICE,no_second_choice,11.6,2.1,observed,ME/ME0201/ME0201D/Nastbastaparti190
2021M05,2021-05-01,2021-05,s,S,S,parliamentary_party,kd,KD,KD,parliamentary_party,1.1,0.7,observed,ME/ME0201/ME0201D/Nastbastaparti190
2021M05,2021-05-01,2021-05,s,S,S,parliamentary_party,l,L,L,parliamentary_party,4.2,1.2,observed,ME/ME0201/ME0201D/Nastbastaparti190
2021M05,2021-05-01,2021-05,s,S,S,parliamentary_party,m,M,M,parliamentary_party,8.2,1.7,observed,ME/ME0201/ME0201D/Nastbastaparti190
2021M05,2021-05-01,2021-05,s,S,S,parliamentary_party,mp,MP,MP,parliamentary_party,13.5,2.2,observed,ME/ME0201/ME0201D/Nastbastaparti190
2021M05,2021-05-01,2021-05,s,S,S,parliamentary_party,s,S,S,parliamentary_party,0.0,0.0,observed,ME/ME0201/ME0201D/Nastbastaparti190
2021M05,2021-05-01,2021-05,s,S,S,parliamentary_party,v,V,V,parliamentary_party,24.2,2.6,observed,ME/ME0201/ME0201D/Nastbastaparti190
2021M05,2021-05-01,2021-05,s,S,S,parliamentary_party,vet ej,vet ej/uppgift saknas,DONT_KNOW,dont_know,13.7,2.3,observed,ME/ME0201/ME0201D/Nastbastaparti190
2021M05,2021-05-01,2021-05,s,S,S,parliamentary_party,övr,övriga,OTHER,other_party,0.6,0.4,observed,ME/ME0201/ME0201D/Nastbastaparti190
2021M05,2021-05-01,2021-05,v,V,V,parliamentary_party,SD,SD,SD,parliamentary_party,1.7,1.3,observed,ME/ME0201/ME0201D/Nastbastaparti190
2021M05,2021-05-01,2021-05,v,V,V,parliamentary_party,c,C,C,parliamentary_party,3.6,2.0,observed,ME/ME0201/ME0201D/Nastbastaparti190
2021M05,2021-05-01,2021-05,v,V,V,parliamentary_party,inget parti,inget parti,NO_SECOND_CHOICE,no_second_choice,8.8,3.2,observed,ME/ME0201/ME0201D/Nastbastaparti190
2021M05,2021-05-01,2021-05,v,V,V,parliamentary_party,kd,KD,KD,parliamentary_party,,,suppressed,ME/ME0201/ME0201D/Nastbastaparti190
2021M05,2021-05-01,2021-05,v,V,V,parliamentary_party,l,L,L,parliamentary_party,,,suppressed,ME/ME0201/ME0201D/Nastbastaparti190
2021M05,2021-05-01,2021-05,v,V,V,parliamentary_party,m,M,M,parliamentary_party,,,suppressed,ME/ME0201/ME0201D/Nastbastaparti190
2021M05,2021-05-01,2021-05,v,V,V,parliamentary_party,mp,MP,MP,parliamentary_party,19.5,4.2,observed,ME/ME0201/ME0201D/Nastbastaparti190
2021M05,2021-05-01,2021-05,v,V,V,parliamentary_party,s,S,S,parliamentary_party,50.4,5.3,observed,ME/ME0201/ME0201D/Nastbastaparti190
2021M05,2021-05-01,2021-05,v,V,V,parliamentary_party,v,V,V,parliamentary_party,0.0,0.0,observed,ME/ME0201/ME0201D/Nastbastaparti190
2021M05,2021-05-01,2021-05,v,V,V,parliamentary_party,vet ej,vet ej/uppgift saknas,DONT_KNOW,dont_know,6.7,2.9,observed,ME/ME0201/ME0201D/Nastbastaparti190
2021M05,2021-05-01,2021-05,v,V,V,parliamentary_party,övr,övriga,OTHER,other_party,7.8,2.8,observed,ME/ME0201/ME0201D/Nastbastaparti190
2021M05,2021-05-01,2021-05,övr,övriga,OTHER,other_party,SD,SD,SD,parliamentary_party,20.5,14.4,observed,ME/ME0201/ME0201D/Nastbastaparti190
2021M05,2021-05-01,2021-05,övr,övriga,OTHER,other_party,c,C,C,parliamentary_party,,,suppressed,ME/ME0201/ME0201D/Nastbastaparti190
2021M05,2021-05-01,2021-05,övr,övriga,OTHER,other_party,inget parti,inget parti,NO_SECOND_CHOICE,no_second_choice,11.6,9.4,observed,ME/ME0201/ME0201D/Nastbastaparti190
2021M05,2021-05-01,2021-05,övr,övriga,OTHER,other_party,kd,KD,KD,parliamentary_party,,,suppressed,ME/ME0201/ME0201D/Nastbastaparti190
2021M05,2021-05-01,2021-05,övr,övriga,OTHER,other_party,l,L,L,parliamentary_party,,,suppressed,ME/ME0201/ME0201D/Nastbastaparti190
2021M05,2021-05-01,2021-05,övr,övriga,OTHER,other_party,m,M,M,parliamentary_party,10.5,8.5,observed,ME/ME0201/ME0201D/Nastbastaparti190
2021M05,2021-05-01,2021-05,övr,övriga,OTHER,other_party,mp,MP,MP,parliamentary_party,,,suppressed,ME/ME0201/ME0201D/Nastbastaparti190
2021M05,2021-05-01,2021-05,övr,övriga,OTHER,other_party,s,S,S,parliamentary_party,,,suppressed,ME/ME0201/ME0201D/Nastbastaparti190
2021M05,2021-05-01,2021-05,övr,övriga,OTHER,other_party,v,V,V,parliamentary_party,14.6,10.0,observed,ME/ME0201/ME0201D/Nastbastaparti190
2021M05,2021-05-01,2021-05,övr,övriga,OTHER,other_party,vet ej,vet ej/uppgift saknas,DONT_KNOW,dont_know,9.8,8.5,observed,ME/ME0201/ME0201D/Nastbastaparti190
2021M05,2021-05-01,2021-05,övr,övriga,OTHER,other_party,övr,övriga,OTHER,other_party,7.0,6.8,observed,ME/ME0201/ME0201D/Nastbastaparti190
2021M11,2021-11-01,2021-11,SD,SD,SD,parliamentary_party,SD,SD,SD,parliamentary_party,0.0,0.0,observed,ME/ME0201/ME0201D/Nastbastaparti190
2021M11,2021-11-01,2021-11,SD,SD,SD,parliamentary_party,c,C,C,parliamentary_party,,,suppressed,ME/ME0201/ME0201D/Nastbastaparti190
2021M11,2021-11-01,2021-11,SD,SD,SD,parliamentary_party,inget parti,inget parti,NO_SECOND_CHOICE,no_second_choice,15.4,3.3,observed,ME/ME0201/ME0201D/Nastbastaparti190
2021M11,2021-11-01,2021-11,SD,SD,SD,parliamentary_party,kd,KD,KD,parliamentary_party,13.6,3.0,observed,ME/ME0201/ME0201D/Nastbastaparti190
2021M11,2021-11-01,2021-11,SD,SD,SD,parliamentary_party,l,L,L,parliamentary_party,1.1,1.0,observed,ME/ME0201/ME0201D/Nastbastaparti190
2021M11,2021-11-01,2021-11,SD,SD,SD,parliamentary_party,m,M,M,parliamentary_party,50.5,4.4,observed,ME/ME0201/ME0201D/Nastbastaparti190
2021M11,2021-11-01,2021-11,SD,SD,SD,parliamentary_party,mp,MP,MP,parliamentary_party,,,suppressed,ME/ME0201/ME0201D/Nastbastaparti190
2021M11,2021-11-01,2021-11,SD,SD,SD,parliamentary_party,s,S,S,parliamentary_party,5.5,1.9,observed,ME/ME0201/ME0201D/Nastbastaparti190
2021M11,2021-11-01,2021-11,SD,SD,SD,parliamentary_party,v,V,V,parliamentary_party,4.0,1.8,observed,ME/ME0201/ME0201D/Nastbastaparti190
2021M11,2021-11-01,2021-11,SD,SD,SD,parliamentary_party,vet ej,vet ej/uppgift saknas,DONT_KNOW,dont_know,5.2,2.1,observed,ME/ME0201/ME0201D/Nastbastaparti190
2021M11,2021-11-01,2021-11,SD,SD,SD,parliamentary_party,övr,övriga,OTHER,other_party,3.6,1.7,observed,ME/ME0201/ME0201D/Nastbastaparti190
2021M11,2021-11-01,2021-11,c,C,C,parliamentary_party,SD,SD,SD,parliamentary_party,,,suppressed,ME/ME0201/ME0201D/Nastbastaparti190
2021M11,2021-11-01,2021-11,c,C,C,parliamentary_party,c,C,C,parliamentary_party,0.0,0.0,observed,ME/ME0201/ME0201D/Nastbastaparti190
2021M11,2021-11-01,2021-11,c,C,C,parliamentary_party,inget parti,inget parti,NO_SECOND_CHOICE,no_second_choice,5.2,2.9,observed,ME/ME0201/ME0201D/Nastbastaparti190
2021M11,2021-11-01,2021-11,c,C,C,parliamentary_party,kd,KD,KD,parliamentary_party,5.1,3.1,observed,ME/ME0201/ME0201D/Nastbastaparti190
2021M11,2021-11-01,2021-11,c,C,C,parliamentary_party,l,L,L,parliamentary_party,10.1,3.2,observed,ME/ME0201/ME0201D/Nastbastaparti190
2021M11,2021-11-01,2021-11,c,C,C,parliamentary_party,m,M,M,parliamentary_party,19.9,4.5,observed,ME/ME0201/ME0201D/Nastbastaparti190
2021M11,2021-11-01,2021-11,c,C,C,parliamentary_party,mp,MP,MP,parliamentary_party,9.7,3.8,observed,ME/ME0201/ME0201D/Nastbastaparti190
2021M11,2021-11-01,2021-11,c,C,C,parliamentary_party,s,S,S,parliamentary_party,37.7,5.7,observed,ME/ME0201/ME0201D/Nastbastaparti190
2021M11,2021-11-01,2021-11,c,C,C,parliamentary_party,v,V,V,parliamentary_party,3.3,2.2,observed,ME/ME0201/ME0201D/Nastbastaparti190
2021M11,2021-11-01,2021-11,c,C,C,parliamentary_party,vet ej,vet ej/uppgift saknas,DONT_KNOW,dont_know,8.7,3.4,observed,ME/ME0201/ME0201D/Nastbastaparti190
2021M11,2021-11-01,2021-11,c,C,C,parliamentary_party,övr,övriga,OTHER,other_party,0.0,0.0,observed,ME/ME0201/ME0201D/Nastbastaparti190
2021M11,2021-11-01,2021-11,hela väljarkåren,hela väljarkåren,TOTAL_ELECTORATE,total_electorate,SD,SD,SD,parliamentary_party,6.0,0.7,observed,ME/ME0201/ME0201D/Nastbastaparti190
2021M11,2021-11-01,2021-11,hela väljarkåren,hela väljarkåren,TOTAL_ELECTORATE,total_electorate,c,C,C,parliamentary_party,8.4,0.8,observed,ME/ME0201/ME0201D/Nastbastaparti190
2021M11,2021-11-01,2021-11,hela väljarkåren,hela väljarkåren,TOTAL_ELECTORATE,total_electorate,inget parti,inget parti,NO_SECOND_CHOICE,no_second_choice,9.4,1.0,observed,ME/ME0201/ME0201D/Nastbastaparti190
2021M11,2021-11-01,2021-11,hela väljarkåren,hela väljarkåren,TOTAL_ELECTORATE,total_electorate,kd,KD,KD,parliamentary_party,8.0,0.8,observed,ME/ME0201/ME0201D/Nastbastaparti190
2021M11,2021-11-01,2021-11,hela väljarkåren,hela väljarkåren,TOTAL_ELECTORATE,total_electorate,l,L,L,parliamentary_party,5.0,0.6,observed,ME/ME0201/ME0201D/Nastbastaparti190
2021M11,2021-11-01,2021-11,hela väljarkåren,hela väljarkåren,TOTAL_ELECTORATE,total_electorate,m,M,M,parliamentary_party,13.9,1.0,observed,ME/ME0201/ME0201D/Nastbastaparti190
2021M11,2021-11-01,2021-11,hela väljarkåren,hela väljarkåren,TOTAL_ELECTORATE,total_electorate,mp,MP,MP,parliamentary_party,5.4,0.7,observed,ME/ME0201/ME0201D/Nastbastaparti190
2021M11,2021-11-01,2021-11,hela väljarkåren,hela väljarkåren,TOTAL_ELECTORATE,total_electorate,s,S,S,parliamentary_party,11.4,0.9,observed,ME/ME0201/ME0201D/Nastbastaparti190
2021M11,2021-11-01,2021-11,hela väljarkåren,hela väljarkåren,TOTAL_ELECTORATE,total_electorate,v,V,V,parliamentary_party,8.1,0.8,observed,ME/ME0201/ME0201D/Nastbastaparti190
2021M11,2021-11-01,2021-11,hela väljarkåren,hela väljarkåren,TOTAL_ELECTORATE,total_electorate,vet ej,vet ej/uppgift saknas,DONT_KNOW,dont_know,23.0,1.3,observed,ME/ME0201/ME0201D/Nastbastaparti190
2021M11,2021-11-01,2021-11,hela väljarkåren,hela väljarkåren,TOTAL_ELECTORATE,total_electorate,övr,övriga,OTHER,other_party,1.5,0.4,observed,ME/ME0201/ME0201D/Nastbastaparti190
2021M11,2021-11-01,2021-11,ingen sympati/vet ej,ingen sympati/vet ej,NO_SYMPATHY_OR_DONT_KNOW,no_sympathy,SD,SD,SD,parliamentary_party,0.0,0.0,observed,ME/ME0201/ME0201D/Nastbastaparti190
2021M11,2021-11-01,2021-11,ingen sympati/vet ej,ingen sympati/vet ej,NO_SYMPATHY_OR_DONT_KNOW,no_sympathy,c,C,C,parliamentary_party,0.0,0.0,observed,ME/ME0201/ME0201D/Nastbastaparti190
2021M11,2021-11-01,2021-11,ingen sympati/vet ej,ingen sympati/vet ej,NO_SYMPATHY_OR_DONT_KNOW,no_sympathy,inget parti,inget parti,NO_SECOND_CHOICE,no_second_choice,0.0,0.0,observed,ME/ME0201/ME0201D/Nastbastaparti190
2021M11,2021-11-01,2021-11,ingen sympati/vet ej,ingen sympati/vet ej,NO_SYMPATHY_OR_DONT_KNOW,no_sympathy,kd,KD,KD,parliamentary_party,0.0,0.0,observed,ME/ME0201/ME0201D/Nastbastaparti190
2021M11,2021-11-01,2021-11,ingen sympati/vet ej,ingen sympati/vet ej,NO_SYMPATHY_OR_DONT_KNOW,no_sympathy,l,L,L,parliamentary_party,0.0,0.0,observed,ME/ME0201/ME0201D/Nastbastaparti190
2021M11,2021-11-01,2021-11,ingen sympati/vet ej,ingen sympati/vet ej,NO_SYMPATHY_OR_DONT_KNOW,no_sympathy,m,M,M,parliamentary_party,0.0,0.0,observed,ME/ME0201/ME0201D/Nastbastaparti190
2021M11,2021-11-01,2021-11,ingen sympati/vet ej,ingen sympati/vet ej,NO_SYMPATHY_OR_DONT_KNOW,no_sympathy,mp,MP,MP,parliamentary_party,0.0,0.0,observed,ME/ME0201/ME0201D/Nastbastaparti190
2021M11,2021-11-01,2021-11,ingen sympati/vet ej,ingen sympati/vet ej,NO_SYMPATHY_OR_DONT_KNOW,no_sympathy,s,S,S,parliamentary_party,0.0,0.0,observed,ME/ME0201/ME0201D/Nastbastaparti190
2021M11,2021-11-01,2021-11,ingen sympati/vet ej,ingen sympati/vet ej,NO_SYMPATHY_OR_DONT_KNOW,no_sympathy,v,V,V,parliamentary_party,0.0,0.0,observed,ME/ME0201/ME0201D/Nastbastaparti190
2021M11,2021-11-01,2021-11,ingen sympati/vet ej,ingen sympati/vet ej,NO_SYMPATHY_OR_DONT_KNOW,no_sympathy,vet ej,vet ej/uppgift saknas,DONT_KNOW,dont_know,100.0,0.0,observed,ME/ME0201/ME0201D/Nastbastaparti190
2021M11,2021-11-01,2021-11,ingen sympati/vet ej,ingen sympati/vet ej,NO_SYMPATHY_OR_DONT_KNOW,no_sympathy,övr,övriga,OTHER,other_party,0.0,0.0,observed,ME/ME0201/ME0201D/Nastbastaparti190
2021M11,2021-11-01,2021-11,kd,KD,KD,parliamentary_party,SD,SD,SD,parliamentary_party,17.7,6.1,observed,ME/ME0201/ME0201D/Nastbastaparti190
2021M11,2021-11-01,2021-11,kd,KD,KD,parliamentary_party,c,C,C,parliamentary_party,5.3,3.6,observed,ME/ME0201/ME0201D/Nastbastaparti190
2021M11,2021-11-01,2021-11,kd,KD,KD,parliamentary_party,inget parti,inget parti,NO_SECOND_CHOICE,no_second_choice,10.0,4.7,observed,ME/ME0201/ME0201D/Nastbastaparti190
2021M11,2021-11-01,2021-11,kd,KD,KD,parliamentary_party,kd,KD,KD,parliamentary_party,0.0,0.0,observed,ME/ME0201/ME0201D/Nastbastaparti190
2021M11,2021-11-01,2021-11,kd,KD,KD,parliamentary_party,l,L,L,parliamentary_party,4.3,3.0,observed,ME/ME0201/ME0201D/Nastbastaparti190
2021M11,2021-11-01,2021-11,kd,KD,KD,parliamentary_party,m,M,M,parliamentary_party,49.2,7.8,observed,ME/ME0201/ME0201D/Nastbastaparti190
2021M11,2021-11-01,2021-11,kd,KD,KD,parliamentary_party,mp,MP,MP,parliamentary_party,,,suppressed,ME/ME0201/ME0201D/Nastbastaparti190
2021M11,2021-11-01,2021-11,kd,KD,KD,parliamentary_party,s,S,S,parliamentary_party,5.1,3.4,observed,ME/ME0201/ME0201D/Nastbastaparti190
2021M11,2021-11-01,2021-11,kd,KD,KD,parliamentary_party,v,V,V,parliamentary_party,,,suppressed,ME/ME0201/ME0201D/Nastbastaparti190
2021M11,2021-11-01,2021-11,kd,KD,KD,parliamentary_party,vet ej,vet ej/uppgift saknas,DONT_KNOW,dont_know,5.8,3.7,observed,ME/ME0201/ME0201D/Nastbastaparti190
2021M11,2021-11-01,2021-11,kd,KD,KD,parliamentary_party,övr,övriga,OTHER,other_party,0.0,0.0,observed,ME/ME0201/ME0201D/Nastbastaparti190
2021M11,2021-11-01,2021-11,l,L,L,parliamentary_party,SD,SD,SD,parliamentary_party,,,suppressed,ME/ME0201/ME0201D/Nastbastaparti190
2021M11,2021-11-01,2021-11,l,L,L,parliamentary_party,c,C,C,parliamentary_party,25.1,8.1,observed,ME/ME0201/ME0201D/Nastbastaparti190
2021M11,2021-11-01,2021-11,l,L,L,parliamentary_party,inget parti,inget parti,NO_SECOND_CHOICE,no_second_choice,4.7,3.4,observed,ME/ME0201/ME0201D/Nastbastaparti190
2021M11,2021-11-01,2021-11,l,L,L,parliamentary_party,kd,KD,KD,parliamentary_party,,,suppressed,ME/ME0201/ME0201D/Nastbastaparti190
2021M11,2021-11-01,2021-11,l,L,L,parliamentary_party,l,L,L,parliamentary_party,0.0,0.0,observed,ME/ME0201/ME0201D/Nastbastaparti190
2021M11,2021-11-01,2021-11,l,L,L,parliamentary_party,m,M,M,parliamentary_party,36.7,8.7,observed,ME/ME0201/ME0201D/Nastbastaparti190
2021M11,2021-11-01,2021-11,l,L,L,parliamentary_party,mp,MP,MP,parliamentary_party,,,suppressed,ME/ME0201/ME0201D/Nastbastaparti190
2021M11,2021-11-01,2021-11,l,L,L,parliamentary_party,s,S,S,parliamentary_party,19.4,7.3,observed,ME/ME0201/ME0201D/Nastbastaparti190
2021M11,2021-11-01,2021-11,l,L,L,parliamentary_party,v,V,V,parliamentary_party,,,suppressed,ME/ME0201/ME0201D/Nastbastaparti190
2021M11,2021-11-01,2021-11,l,L,L,parliamentary_party,vet ej,vet ej/uppgift saknas,DONT_KNOW,dont_know,5.2,3.6,observed,ME/ME0201/ME0201D/Nastbastaparti190
2021M11,2021-11-01,2021-11,l,L,L,parliamentary_party,övr,övriga,OTHER,other_party,,,suppressed,ME/ME0201/ME0201D/Nastbastaparti190
2021M11,2021-11-01,2021-11,m,M,M,parliamentary_party,SD,SD,SD,parliamentary_party,19.4,2.8,observed,ME/ME0201/ME0201D/Nastbastaparti190
2021M11,2021-11-01,2021-11,m,M,M,parliamentary_party,c,C,C,parliamentary_party,9.9,2.1,observed,ME/ME0201/ME0201D/Nastbastaparti190
2021M11,2021-11-01,2021-11,m,M,M,parliamentary_party,inget parti,inget parti,NO_SECOND_CHOICE,no_second_choice,8.5,2.0,observed,ME/ME0201/ME0201D/Nastbastaparti190
2021M11,2021-11-01,2021-11,m,M,M,parliamentary_party,kd,KD,KD,parliamentary_party,26.6,3.0,observed,ME/ME0201/ME0201D/Nastbastaparti190
2021M11,2021-11-01,2021-11,m,M,M,parliamentary_party,l,L,L,parliamentary_party,15.8,2.5,observed,ME/ME0201/ME0201D/Nastbastaparti190
2021M11,2021-11-01,2021-11,m,M,M,parliamentary_party,m,M,M,parliamentary_party,0.0,0.0,observed,ME/ME0201/ME0201D/Nastbastaparti190
2021M11,2021-11-01,2021-11,m,M,M,parliamentary_party,mp,MP,MP,parliamentary_party,1.1,0.7,observed,ME/ME0201/ME0201D/Nastbastaparti190
2021M11,2021-11-01,2021-11,m,M,M,parliamentary_party,s,S,S,parliamentary_party,8.2,1.8,observed,ME/ME0201/ME0201D/Nastbastaparti190
2021M11,2021-11-01,2021-11,m,M,M,parliamentary_party,v,V,V,parliamentary_party,0.8,0.7,observed,ME/ME0201/ME0201D/Nastbastaparti190
2021M11,2021-11-01,2021-11,m,M,M,parliamentary_party,vet ej,vet ej/uppgift saknas,DONT_KNOW,dont_know,9.5,2.3,observed,ME/ME0201/ME0201D/Nastbastaparti190
2021M11,2021-11-01,2021-11,m,M,M,parliamentary_party,övr,övriga,OTHER,other_party,,,suppressed,ME/ME0201/ME0201D/Nastbastaparti190
2021M11,2021-11-01,2021-11,mp,MP,MP,parliamentary_party,SD,SD,SD,parliamentary_party,,,suppressed,ME/ME0201/ME0201D/Nastbastaparti190
2021M11,2021-11-01,2021-11,mp,MP,MP,parliamentary_party,c,C,C,parliamentary_party,8.7,5.0,observed,ME/ME0201/ME0201D/Nastbastaparti190
2021M11,2021-11-01,2021-11,mp,MP,MP,parliamentary_party,inget parti,inget parti,NO_SECOND_CHOICE,no_second_choice,7.8,5.8,observed,ME/ME0201/ME0201D/Nastbastaparti190
2021M11,2021-11-01,2021-11,mp,MP,MP,parliamentary_party,kd,KD,KD,parliamentary_party,,,suppressed,ME/ME0201/ME0201D/Nastbastaparti190
2021M11,2021-11-01,2021-11,mp,MP,MP,parliamentary_party,l,L,L,parliamentary_party,2.8,2.2,observed,ME/ME0201/ME0201D/Nastbastaparti190
2021M11,2021-11-01,2021-11,mp,MP,MP,parliamentary_party,m,M,M,parliamentary_party,4.3,4.3,observed,ME/ME0201/ME0201D/Nastbastaparti190
2021M11,2021-11-01,2021-11,mp,MP,MP,parliamentary_party,mp,MP,MP,parliamentary_party,0.0,0.0,observed,ME/ME0201/ME0201D/Nastbastaparti190
2021M11,2021-11-01,2021-11,mp,MP,MP,parliamentary_party,s,S,S,parliamentary_party,35.3,8.0,observed,ME/ME0201/ME0201D/Nastbastaparti190
2021M11,2021-11-01,2021-11,mp,MP,MP,parliamentary_party,v,V,V,parliamentary_party,26.4,7.8,observed,ME/ME0201/ME0201D/Nastbastaparti190
2021M11,2021-11-01,2021-11,mp,MP,MP,parliamentary_party,vet ej,vet ej/uppgift saknas,DONT_KNOW,dont_know,9.5,5.7,observed,ME/ME0201/ME0201D/Nastbastaparti190
2021M11,2021-11-01,2021-11,mp,MP,MP,parliamentary_party,övr,övriga,OTHER,other_party,,,suppressed,ME/ME0201/ME0201D/Nastbastaparti190
2021M11,2021-11-01,2021-11,s,S,S,parliamentary_party,SD,SD,SD,parliamentary_party,4.4,1.3,observed,ME/ME0201/ME0201D/Nastbastaparti190
2021M11,2021-11-01,2021-11,s,S,S,parliamentary_party,c,C,C,parliamentary_party,20.2,2.4,observed,ME/ME0201/ME0201D/Nastbastaparti190
2021M11,2021-11-01,2021-11,s,S,S,parliamentary_party,inget parti,inget parti,NO_SECOND_CHOICE,no_second_choice,13.1,2.2,observed,ME/ME0201/ME0201D/Nastbastaparti190
2021M11,2021-11-01,2021-11,s,S,S,parliamentary_party,kd,KD,KD,parliamentary_party,1.7,1.0,observed,ME/ME0201/ME0201D/Nastbastaparti190
2021M11,2021-11-01,2021-11,s,S,S,parliamentary_party,l,L,L,parliamentary_party,3.1,1.0,observed,ME/ME0201/ME0201D/Nastbastaparti190
2021M11,2021-11-01,2021-11,s,S,S,parliamentary_party,m,M,M,parliamentary_party,8.1,1.8,observed,ME/ME0201/ME0201D/Nastbastaparti190
2021M11,2021-11-01,2021-11,s,S,S,parliamentary_party,mp,MP,MP,parliamentary_party,11.6,1.9,observed,ME/ME0201/ME0201D/Nastbastaparti190
2021M11,2021-11-01,2021-11,s,S,S,parliamentary_party,s,S,S,parliamentary_party,0.0,0.0,observed,ME/ME0201/ME0201D/Nastbastaparti190
2021M11,2021-11-01,2021-11,s,S,S,parliamentary_party,v,V,V,parliamentary_party,23.2,2.5,observed,ME/ME0201/ME0201D/Nastbastaparti190
2021M11,2021-11-01,2021-11,s,S,S,parliamentary_party,vet ej,vet ej/uppgift saknas,DONT_KNOW,dont_know,14.2,2.3,observed,ME/ME0201/ME0201D/Nastbastaparti190
2021M11,2021-11-01,2021-11,s,S,S,parliamentary_party,övr,övriga,OTHER,other_party,,,suppressed,ME/ME0201/ME0201D/Nastbastaparti190
2021M11,2021-11-01,2021-11,v,V,V,parliamentary_party,SD,SD,SD,parliamentary_party,2.1,1.5,observed,ME/ME0201/ME0201D/Nastbastaparti190
2021M11,2021-11-01,2021-11,v,V,V,parliamentary_party,c,C,C,parliamentary_party,1.7,1.4,observed,ME/ME0201/ME0201D/Nastbastaparti190
2021M11,2021-11-01,2021-11,v,V,V,parliamentary_party,inget parti,inget parti,NO_SECOND_CHOICE,no_second_choice,11.3,3.3,observed,ME/ME0201/ME0201D/Nastbastaparti190
2021M11,2021-11-01,2021-11,v,V,V,parliamentary_party,kd,KD,KD,parliamentary_party,,,suppressed,ME/ME0201/ME0201D/Nastbastaparti190
2021M11,2021-11-01,2021-11,v,V,V,parliamentary_party,l,L,L,parliamentary_party,,,suppressed,ME/ME0201/ME0201D/Nastbastaparti190
2021M11,2021-11-01,2021-11,v,V,V,parliamentary_party,m,M,M,parliamentary_party,,,suppressed,ME/ME0201/ME0201D/Nastbastaparti190
2021M11,2021-11-01,2021-11,v,V,V,parliamentary_party,mp,MP,MP,parliamentary_party,15.0,3.6,observed,ME/ME0201/ME0201D/Nastbastaparti190
2021M11,2021-11-01,2021-11,v,V,V,parliamentary_party,s,S,S,parliamentary_party,53.6,5.2,observed,ME/ME0201/ME0201D/Nastbastaparti190
2021M11,2021-11-01,2021-11,v,V,V,parliamentary_party,v,V,V,parliamentary_party,0.0,0.0,observed,ME/ME0201/ME0201D/Nastbastaparti190
2021M11,2021-11-01,2021-11,v,V,V,parliamentary_party,vet ej,vet ej/uppgift saknas,DONT_KNOW,dont_know,6.5,2.8,observed,ME/ME0201/ME0201D/Nastbastaparti190
2021M11,2021-11-01,2021-11,v,V,V,parliamentary_party,övr,övriga,OTHER,other_party,7.5,2.7,observed,ME/ME0201/ME0201D/Nastbastaparti190
2021M11,2021-11-01,2021-11,övr,övriga,OTHER,other_party,SD,SD,SD,parliamentary_party,28.1,15.5,observed,ME/ME0201/ME0201D/Nastbastaparti190
2021M11,2021-11-01,2021-11,övr,övriga,OTHER,other_party,c,C,C,parliamentary_party,0.0,0.0,observed,ME/ME0201/ME0201D/Nastbastaparti190
2021M11,2021-11-01,2021-11,övr,övriga,OTHER,other_party,inget parti,inget parti,NO_SECOND_CHOICE,no_second_choice,12.3,10.7,observed,ME/ME0201/ME0201D/Nastbastaparti190
2021M11,2021-11-01,2021-11,övr,övriga,OTHER,other_party,kd,KD,KD,parliamentary_party,,,suppressed,ME/ME0201/ME0201D/Nastbastaparti190
2021M11,2021-11-01,2021-11,övr,övriga,OTHER,other_party,l,L,L,parliamentary_party,,,suppressed,ME/ME0201/ME0201D/Nastbastaparti190
2021M11,2021-11-01,2021-11,övr,övriga,OTHER,other_party,m,M,M,parliamentary_party,,,suppressed,ME/ME0201/ME0201D/Nastbastaparti190
2021M11,2021-11-01,2021-11,övr,övriga,OTHER,other_party,mp,MP,MP,parliamentary_party,,,suppressed,ME/ME0201/ME0201D/Nastbastaparti190
2021M11,2021-11-01,2021-11,övr,övriga,OTHER,other_party,s,S,S,parliamentary_party,,,suppressed,ME/ME0201/ME0201D/Nastbastaparti190
2021M11,2021-11-01,2021-11,övr,övriga,OTHER,other_party,v,V,V,parliamentary_party,17.3,12.9,observed,ME/ME0201/ME0201D/Nastbastaparti190
2021M11,2021-11-01,2021-11,övr,övriga,OTHER,other_party,vet ej,vet ej/uppgift saknas,DONT_KNOW,dont_know,,,suppressed,ME/ME0201/ME0201D/Nastbastaparti190
2021M11,2021-11-01,2021-11,övr,övriga,OTHER,other_party,övr,övriga,OTHER,other_party,,,suppressed,ME/ME0201/ME0201D/Nastbastaparti190
2022M05,2022-05-01,2022-05,SD,SD,SD,parliamentary_party,SD,SD,SD,parliamentary_party,0.0,0.0,observed,ME/ME0201/ME0201D/Nastbastaparti190
2022M05,2022-05-01,2022-05,SD,SD,SD,parliamentary_party,c,C,C,parliamentary_party,,,suppressed,ME/ME0201/ME0201D/Nastbastaparti190
2022M05,2022-05-01,2022-05,SD,SD,SD,parliamentary_party,inget parti,inget parti,NO_SECOND_CHOICE,no_second_choice,12.7,3.0,observed,ME/ME0201/ME0201D/Nastbastaparti190
2022M05,2022-05-01,2022-05,SD,SD,SD,parliamentary_party,kd,KD,KD,parliamentary_party,22.6,3.9,observed,ME/ME0201/ME0201D/Nastbastaparti190
2022M05,2022-05-01,2022-05,SD,SD,SD,parliamentary_party,l,L,L,parliamentary_party,1.4,1.1,observed,ME/ME0201/ME0201D/Nastbastaparti190
2022M05,2022-05-01,2022-05,SD,SD,SD,parliamentary_party,m,M,M,parliamentary_party,41.6,4.5,observed,ME/ME0201/ME0201D/Nastbastaparti190
2022M05,2022-05-01,2022-05,SD,SD,SD,parliamentary_party,mp,MP,MP,parliamentary_party,2.5,2.0,observed,ME/ME0201/ME0201D/Nastbastaparti190
2022M05,2022-05-01,2022-05,SD,SD,SD,parliamentary_party,s,S,S,parliamentary_party,6.6,2.2,observed,ME/ME0201/ME0201D/Nastbastaparti190
2022M05,2022-05-01,2022-05,SD,SD,SD,parliamentary_party,v,V,V,parliamentary_party,1.2,1.1,observed,ME/ME0201/ME0201D/Nastbastaparti190
2022M05,2022-05-01,2022-05,SD,SD,SD,parliamentary_party,vet ej,vet ej/uppgift saknas,DONT_KNOW,dont_know,7.4,2.4,observed,ME/ME0201/ME0201D/Nastbastaparti190
2022M05,2022-05-01,2022-05,SD,SD,SD,parliamentary_party,övr,övriga,OTHER,other_party,3.0,1.5,observed,ME/ME0201/ME0201D/Nastbastaparti190
2022M05,2022-05-01,2022-05,c,C,C,parliamentary_party,SD,SD,SD,parliamentary_party,,,suppressed,ME/ME0201/ME0201D/Nastbastaparti190
2022M05,2022-05-01,2022-05,c,C,C,parliamentary_party,c,C,C,parliamentary_party,0.0,0.0,observed,ME/ME0201/ME0201D/Nastbastaparti190
2022M05,2022-05-01,2022-05,c,C,C,parliamentary_party,inget parti,inget parti,NO_SECOND_CHOICE,no_second_choice,5.5,2.9,observed,ME/ME0201/ME0201D/Nastbastaparti190
2022M05,2022-05-01,2022-05,c,C,C,parliamentary_party,kd,KD,KD,parliamentary_party,2.8,2.0,observed,ME/ME0201/ME0201D/Nastbastaparti190
2022M05,2022-05-01,2022-05,c,C,C,parliamentary_party,l,L,L,parliamentary_party,12.0,4.0,observed,ME/ME0201/ME0201D/Nastbastaparti190
2022M05,2022-05-01,2022-05,c,C,C,parliamentary_party,m,M,M,parliamentary_party,19.8,5.3,observed,ME/ME0201/ME0201D/Nastbastaparti190
2022M05,2022-05-01,2022-05,c,C,C,parliamentary_party,mp,MP,MP,parliamentary_party,6.4,3.7,observed,ME/ME0201/ME0201D/Nastbastaparti190
2022M05,2022-05-01,2022-05,c,C,C,parliamentary_party,s,S,S,parliamentary_party,42.9,6.5,observed,ME/ME0201/ME0201D/Nastbastaparti190
2022M05,2022-05-01,2022-05,c,C,C,parliamentary_party,v,V,V,parliamentary_party,,,suppressed,ME/ME0201/ME0201D/Nastbastaparti190
2022M05,2022-05-01,2022-05,c,C,C,parliamentary_party,vet ej,vet ej/uppgift saknas,DONT_KNOW,dont_know,9.6,3.7,observed,ME/ME0201/ME0201D/Nastbastaparti190
2022M05,2022-05-01,2022-05,c,C,C,parliamentary_party,övr,övriga,OTHER,other_party,0.0,0.0,observed,ME/ME0201/ME0201D/Nastbastaparti190
2022M05,2022-05-01,2022-05,hela väljarkåren,hela väljarkåren,TOTAL_ELECTORATE,total_electorate,SD,SD,SD,parliamentary_party,5.6,0.7,observed,ME/ME0201/ME0201D/Nastbastaparti190
2022M05,2022-05-01,2022-05,hela väljarkåren,hela väljarkåren,TOTAL_ELECTORATE,total_electorate,c,C,C,parliamentary_party,8.9,0.9,observed,ME/ME0201/ME0201D/Nastbastaparti190
2022M05,2022-05-01,2022-05,hela väljarkåren,hela väljarkåren,TOTAL_ELECTORATE,total_electorate,inget parti,inget parti,NO_SECOND_CHOICE,no_second_choice,8.9,1.0,observed,ME/ME0201/ME0201D/Nastbastaparti190
2022M05,2022-05-01,2022-05,hela väljarkåren,hela väljarkåren,TOTAL_ELECTORATE,total_electorate,kd,KD,KD,parliamentary_party,8.8,0.9,observed,ME/ME0201/ME0201D/Nastbastaparti190
2022M05,2022-05-01,2022-05,hela väljarkåren,hela väljarkåren,TOTAL_ELECTORATE,total_electorate,l,L,L,parliamentary_party,4.8,0.7,observed,ME/ME0201/ME0201D/Nastbastaparti190
2022M05,2022-05-01,2022-05,hela väljarkåren,hela väljarkåren,TOTAL_ELECTORATE,total_electorate,m,M,M,parliamentary_party,13.6,1.1,observed,ME/ME0201/ME0201D/Nastbastaparti190
2022M05,2022-05-01,2022-05,hela väljarkåren,hela väljarkåren,TOTAL_ELECTORATE,total_electorate,mp,MP,MP,parliamentary_party,4.9,0.7,observed,ME/ME0201/ME0201D/Nastbastaparti190
2022M05,2022-05-01,2022-05,hela väljarkåren,hela väljarkåren,TOTAL_ELECTORATE,total_electorate,s,S,S,parliamentary_party,11.9,1.0,observed,ME/ME0201/ME0201D/Nastbastaparti190
2022M05,2022-05-01,2022-05,hela väljarkåren,hela väljarkåren,TOTAL_ELECTORATE,total_electorate,v,V,V,parliamentary_party,8.1,0.8,observed,ME/ME0201/ME0201D/Nastbastaparti190
2022M05,2022-05-01,2022-05,hela väljarkåren,hela väljarkåren,TOTAL_ELECTORATE,total_electorate,vet ej,vet ej/uppgift saknas,DONT_KNOW,dont_know,23.3,1.4,observed,ME/ME0201/ME0201D/Nastbastaparti190
2022M05,2022-05-01,2022-05,hela väljarkåren,hela väljarkåren,TOTAL_ELECTORATE,total_electorate,övr,övriga,OTHER,other_party,1.1,0.3,observed,ME/ME0201/ME0201D/Nastbastaparti190
2022M05,2022-05-01,2022-05,ingen sympati/vet ej,ingen sympati/vet ej,NO_SYMPATHY_OR_DONT_KNOW,no_sympathy,SD,SD,SD,parliamentary_party,0.0,0.0,observed,ME/ME0201/ME0201D/Nastbastaparti190
2022M05,2022-05-01,2022-05,ingen sympati/vet ej,ingen sympati/vet ej,NO_SYMPATHY_OR_DONT_KNOW,no_sympathy,c,C,C,parliamentary_party,0.0,0.0,observed,ME/ME0201/ME0201D/Nastbastaparti190
2022M05,2022-05-01,2022-05,ingen sympati/vet ej,ingen sympati/vet ej,NO_SYMPATHY_OR_DONT_KNOW,no_sympathy,inget parti,inget parti,NO_SECOND_CHOICE,no_second_choice,0.0,0.0,observed,ME/ME0201/ME0201D/Nastbastaparti190
2022M05,2022-05-01,2022-05,ingen sympati/vet ej,ingen sympati/vet ej,NO_SYMPATHY_OR_DONT_KNOW,no_sympathy,kd,KD,KD,parliamentary_party,0.0,0.0,observed,ME/ME0201/ME0201D/Nastbastaparti190
2022M05,2022-05-01,2022-05,ingen sympati/vet ej,ingen sympati/vet ej,NO_SYMPATHY_OR_DONT_KNOW,no_sympathy,l,L,L,parliamentary_party,0.0,0.0,observed,ME/ME0201/ME0201D/Nastbastaparti190
2022M05,2022-05-01,2022-05,ingen sympati/vet ej,ingen sympati/vet ej,NO_SYMPATHY_OR_DONT_KNOW,no_sympathy,m,M,M,parliamentary_party,0.0,0.0,observed,ME/ME0201/ME0201D/Nastbastaparti190
2022M05,2022-05-01,2022-05,ingen sympati/vet ej,ingen sympati/vet ej,NO_SYMPATHY_OR_DONT_KNOW,no_sympathy,mp,MP,MP,parliamentary_party,0.0,0.0,observed,ME/ME0201/ME0201D/Nastbastaparti190
2022M05,2022-05-01,2022-05,ingen sympati/vet ej,ingen sympati/vet ej,NO_SYMPATHY_OR_DONT_KNOW,no_sympathy,s,S,S,parliamentary_party,0.0,0.0,observed,ME/ME0201/ME0201D/Nastbastaparti190
2022M05,2022-05-01,2022-05,ingen sympati/vet ej,ingen sympati/vet ej,NO_SYMPATHY_OR_DONT_KNOW,no_sympathy,v,V,V,parliamentary_party,0.0,0.0,observed,ME/ME0201/ME0201D/Nastbastaparti190
2022M05,2022-05-01,2022-05,ingen sympati/vet ej,ingen sympati/vet ej,NO_SYMPATHY_OR_DONT_KNOW,no_sympathy,vet ej,vet ej/uppgift saknas,DONT_KNOW,dont_know,100.0,0.0,observed,ME/ME0201/ME0201D/Nastbastaparti190
2022M05,2022-05-01,2022-05,ingen sympati/vet ej,ingen sympati/vet ej,NO_SYMPATHY_OR_DONT_KNOW,no_sympathy,övr,övriga,OTHER,other_party,0.0,0.0,observed,ME/ME0201/ME0201D/Nastbastaparti190
2022M05,2022-05-01,2022-05,kd,KD,KD,parliamentary_party,SD,SD,SD,parliamentary_party,12.4,4.9,observed,ME/ME0201/ME0201D/Nastbastaparti190
2022M05,2022-05-01,2022-05,kd,KD,KD,parliamentary_party,c,C,C,parliamentary_party,4.3,3.0,observed,ME/ME0201/ME0201D/Nastbastaparti190
2022M05,2022-05-01,2022-05,kd,KD,KD,parliamentary_party,inget parti,inget parti,NO_SECOND_CHOICE,no_second_choice,5.3,3.4,observed,ME/ME0201/ME0201D/Nastbastaparti190
2022M05,2022-05-01,2022-05,kd,KD,KD,parliamentary_party,kd,KD,KD,parliamentary_party,0.0,0.0,observed,ME/ME0201/ME0201D/Nastbastaparti190
2022M05,2022-05-01,2022-05,kd,KD,KD,parliamentary_party,l,L,L,parliamentary_party,8.3,4.0,observed,ME/ME0201/ME0201D/Nastbastaparti190
2022M05,2022-05-01,2022-05,kd,KD,KD,parliamentary_party,m,M,M,parliamentary_party,53.9,7.5,observed,ME/ME0201/ME0201D/Nastbastaparti190
2022M05,2022-05-01,2022-05,kd,KD,KD,parliamentary_party,mp,MP,MP,parliamentary_party,,,suppressed,ME/ME0201/ME0201D/Nastbastaparti190
2022M05,2022-05-01,2022-05,kd,KD,KD,parliamentary_party,s,S,S,parliamentary_party,6.2,3.6,observed,ME/ME0201/ME0201D/Nastbastaparti190
2022M05,2022-05-01,2022-05,kd,KD,KD,parliamentary_party,v,V,V,parliamentary_party,,,suppressed,ME/ME0201/ME0201D/Nastbastaparti190
2022M05,2022-05-01,2022-05,kd,KD,KD,parliamentary_party,vet ej,vet ej/uppgift saknas,DONT_KNOW,dont_know,7.7,4.4,observed,ME/ME0201/ME0201D/Nastbastaparti190
2022M05,2022-05-01,2022-05,kd,KD,KD,parliamentary_party,övr,övriga,OTHER,other_party,,,suppressed,ME/ME0201/ME0201D/Nastbastaparti190
2022M05,2022-05-01,2022-05,l,L,L,parliamentary_party,SD,SD,SD,parliamentary_party,,,suppressed,ME/ME0201/ME0201D/Nastbastaparti190
2022M05,2022-05-01,2022-05,l,L,L,parliamentary_party,c,C,C,parliamentary_party,24.8,6.8,observed,ME/ME0201/ME0201D/Nastbastaparti190
2022M05,2022-05-01,2022-05,l,L,L,parliamentary_party,inget parti,inget parti,NO_SECOND_CHOICE,no_second_choice,6.8,4.6,observed,ME/ME0201/ME0201D/Nastbastaparti190
2022M05,2022-05-01,2022-05,l,L,L,parliamentary_party,kd,KD,KD,parliamentary_party,7.3,4.1,observed,ME/ME0201/ME0201D/Nastbastaparti190
2022M05,2022-05-01,2022-05,l,L,L,parliamentary_party,l,L,L,parliamentary_party,0.0,0.0,observed,ME/ME0201/ME0201D/Nastbastaparti190
2022M05,2022-05-01,2022-05,l,L,L,parliamentary_party,m,M,M,parliamentary_party,28.2,6.9,observed,ME/ME0201/ME0201D/Nastbastaparti190
2022M05,2022-05-01,2022-05,l,L,L,parliamentary_party,mp,MP,MP,parliamentary_party,4.3,3.2,observed,ME/ME0201/ME0201D/Nastbastaparti190
2022M05,2022-05-01,2022-05,l,L,L,parliamentary_party,s,S,S,parliamentary_party,19.1,6.2,observed,ME/ME0201/ME0201D/Nastbastaparti190
2022M05,2022-05-01,2022-05,l,L,L,parliamentary_party,v,V,V,parliamentary_party,,,suppressed,ME/ME0201/ME0201D/Nastbastaparti190
2022M05,2022-05-01,2022-05,l,L,L,parliamentary_party,vet ej,vet ej/uppgift saknas,DONT_KNOW,dont_know,5.3,3.8,observed,ME/ME0201/ME0201D/Nastbastaparti190
2022M05,2022-05-01,2022-05,l,L,L,parliamentary_party,övr,övriga,OTHER,other_party,,,suppressed,ME/ME0201/ME0201D/Nastbastaparti190
2022M05,2022-05-01,2022-05,m,M,M,parliamentary_party,SD,SD,SD,parliamentary_party,18.4,2.8,observed,ME/ME0201/ME0201D/Nastbastaparti190
2022M05,2022-05-01,2022-05,m,M,M,parliamentary_party,c,C,C,parliamentary_party,8.3,1.9,observed,ME/ME0201/ME0201D/Nastbastaparti190
2022M05,2022-05-01,2022-05,m,M,M,parliamentary_party,inget parti,inget parti,NO_SECOND_CHOICE,no_second_choice,10.1,2.4,observed,ME/ME0201/ME0201D/Nastbastaparti190
2022M05,2022-05-01,2022-05,m,M,M,parliamentary_party,kd,KD,KD,parliamentary_party,25.2,3.1,observed,ME/ME0201/ME0201D/Nastbastaparti190
2022M05,2022-05-01,2022-05,m,M,M,parliamentary_party,l,L,L,parliamentary_party,12.5,2.4,observed,ME/ME0201/ME0201D/Nastbastaparti190
2022M05,2022-05-01,2022-05,m,M,M,parliamentary_party,m,M,M,parliamentary_party,0.0,0.0,observed,ME/ME0201/ME0201D/Nastbastaparti190
2022M05,2022-05-01,2022-05,m,M,M,parliamentary_party,mp,MP,MP,parliamentary_party,0.8,0.6,observed,ME/ME0201/ME0201D/Nastbastaparti190
2022M05,2022-05-01,2022-05,m,M,M,parliamentary_party,s,S,S,parliamentary_party,12.0,2.4,observed,ME/ME0201/ME0201D/Nastbastaparti190
2022M05,2022-05-01,2022-05,m,M,M,parliamentary_party,v,V,V,parliamentary_party,1.1,1.0,observed,ME/ME0201/ME0201D/Nastbastaparti190
2022M05,2022-05-01,2022-05,m,M,M,parliamentary_party,vet ej,vet ej/uppgift saknas,DONT_KNOW,dont_know,11.4,2.3,observed,ME/ME0201/ME0201D/Nastbastaparti190
2022M05,2022-05-01,2022-05,m,M,M,parliamentary_party,övr,övriga,OTHER,other_party,,,suppressed,ME/ME0201/ME0201D/Nastbastaparti190
2022M05,2022-05-01,2022-05,mp,MP,MP,parliamentary_party,SD,SD,SD,parliamentary_party,,,suppressed,ME/ME0201/ME0201D/Nastbastaparti190
2022M05,2022-05-01,2022-05,mp,MP,MP,parliamentary_party,c,C,C,parliamentary_party,8.2,4.5,observed,ME/ME0201/ME0201D/Nastbastaparti190
2022M05,2022-05-01,2022-05,mp,MP,MP,parliamentary_party,inget parti,inget parti,NO_SECOND_CHOICE,no_second_choice,7.8,6.5,observed,ME/ME0201/ME0201D/Nastbastaparti190
2022M05,2022-05-01,2022-05,mp,MP,MP,parliamentary_party,kd,KD,KD,parliamentary_party,,,suppressed,ME/ME0201/ME0201D/Nastbastaparti190
2022M05,2022-05-01,2022-05,mp,MP,MP,parliamentary_party,l,L,L,parliamentary_party,,,suppressed,ME/ME0201/ME0201D/Nastbastaparti190
2022M05,2022-05-01,2022-05,mp,MP,MP,parliamentary_party,m,M,M,parliamentary_party,3.7,3.3,observed,ME/ME0201/ME0201D/Nastbastaparti190
2022M05,2022-05-01,2022-05,mp,MP,MP,parliamentary_party,mp,MP,MP,parliamentary_party,0.0,0.0,observed,ME/ME0201/ME0201D/Nastbastaparti190
2022M05,2022-05-01,2022-05,mp,MP,MP,parliamentary_party,s,S,S,parliamentary_party,46.7,9.3,observed,ME/ME0201/ME0201D/Nastbastaparti190
2022M05,2022-05-01,2022-05,mp,MP,MP,parliamentary_party,v,V,V,parliamentary_party,14.7,5.8,observed,ME/ME0201/ME0201D/Nastbastaparti190
2022M05,2022-05-01,2022-05,mp,MP,MP,parliamentary_party,vet ej,vet ej/uppgift saknas,DONT_KNOW,dont_know,10.2,6.1,observed,ME/ME0201/ME0201D/Nastbastaparti190
2022M05,2022-05-01,2022-05,mp,MP,MP,parliamentary_party,övr,övriga,OTHER,other_party,,,suppressed,ME/ME0201/ME0201D/Nastbastaparti190
2022M05,2022-05-01,2022-05,s,S,S,parliamentary_party,SD,SD,SD,parliamentary_party,3.7,1.3,observed,ME/ME0201/ME0201D/Nastbastaparti190
2022M05,2022-05-01,2022-05,s,S,S,parliamentary_party,c,C,C,parliamentary_party,20.0,2.3,observed,ME/ME0201/ME0201D/Nastbastaparti190
2022M05,2022-05-01,2022-05,s,S,S,parliamentary_party,inget parti,inget parti,NO_SECOND_CHOICE,no_second_choice,11.5,2.1,observed,ME/ME0201/ME0201D/Nastbastaparti190
2022M05,2022-05-01,2022-05,s,S,S,parliamentary_party,kd,KD,KD,parliamentary_party,1.4,0.7,observed,ME/ME0201/ME0201D/Nastbastaparti190
2022M05,2022-05-01,2022-05,s,S,S,parliamentary_party,l,L,L,parliamentary_party,3.7,1.1,observed,ME/ME0201/ME0201D/Nastbastaparti190
2022M05,2022-05-01,2022-05,s,S,S,parliamentary_party,m,M,M,parliamentary_party,10.7,1.9,observed,ME/ME0201/ME0201D/Nastbastaparti190
2022M05,2022-05-01,2022-05,s,S,S,parliamentary_party,mp,MP,MP,parliamentary_party,9.1,1.6,observed,ME/ME0201/ME0201D/Nastbastaparti190
2022M05,2022-05-01,2022-05,s,S,S,parliamentary_party,s,S,S,parliamentary_party,0.0,0.0,observed,ME/ME0201/ME0201D/Nastbastaparti190
2022M05,2022-05-01,2022-05,s,S,S,parliamentary_party,v,V,V,parliamentary_party,24.9,2.5,observed,ME/ME0201/ME0201D/Nastbastaparti190
2022M05,2022-05-01,2022-05,s,S,S,parliamentary_party,vet ej,vet ej/uppgift saknas,DONT_KNOW,dont_know,14.7,2.1,observed,ME/ME0201/ME0201D/Nastbastaparti190
2022M05,2022-05-01,2022-05,s,S,S,parliamentary_party,övr,övriga,OTHER,other_party,0.4,0.3,observed,ME/ME0201/ME0201D/Nastbastaparti190
2022M05,2022-05-01,2022-05,v,V,V,parliamentary_party,SD,SD,SD,parliamentary_party,1.1,1.1,observed,ME/ME0201/ME0201D/Nastbastaparti190
2022M05,2022-05-01,2022-05,v,V,V,parliamentary_party,c,C,C,parliamentary_party,4.3,2.9,observed,ME/ME0201/ME0201D/Nastbastaparti190
2022M05,2022-05-01,2022-05,v,V,V,parliamentary_party,inget parti,inget parti,NO_SECOND_CHOICE,no_second_choice,10.0,3.5,observed,ME/ME0201/ME0201D/Nastbastaparti190
2022M05,2022-05-01,2022-05,v,V,V,parliamentary_party,kd,KD,KD,parliamentary_party,,,suppressed,ME/ME0201/ME0201D/Nastbastaparti190
2022M05,2022-05-01,2022-05,v,V,V,parliamentary_party,l,L,L,parliamentary_party,,,suppressed,ME/ME0201/ME0201D/Nastbastaparti190
2022M05,2022-05-01,2022-05,v,V,V,parliamentary_party,m,M,M,parliamentary_party,1.6,1.4,observed,ME/ME0201/ME0201D/Nastbastaparti190
2022M05,2022-05-01,2022-05,v,V,V,parliamentary_party,mp,MP,MP,parliamentary_party,16.3,4.2,observed,ME/ME0201/ME0201D/Nastbastaparti190
2022M05,2022-05-01,2022-05,v,V,V,parliamentary_party,s,S,S,parliamentary_party,55.3,5.9,observed,ME/ME0201/ME0201D/Nastbastaparti190
2022M05,2022-05-01,2022-05,v,V,V,parliamentary_party,v,V,V,parliamentary_party,0.0,0.0,observed,ME/ME0201/ME0201D/Nastbastaparti190
2022M05,2022-05-01,2022-05,v,V,V,parliamentary_party,vet ej,vet ej/uppgift saknas,DONT_KNOW,dont_know,6.4,3.4,observed,ME/ME0201/ME0201D/Nastbastaparti190
2022M05,2022-05-01,2022-05,v,V,V,parliamentary_party,övr,övriga,OTHER,other_party,3.6,2.3,observed,ME/ME0201/ME0201D/Nastbastaparti190
2022M05,2022-05-01,2022-05,övr,övriga,OTHER,other_party,SD,SD,SD,parliamentary_party,22.5,10.7,observed,ME/ME0201/ME0201D/Nastbastaparti190
2022M05,2022-05-01,2022-05,övr,övriga,OTHER,other_party,c,C,C,parliamentary_party,,,suppressed,ME/ME0201/ME0201D/Nastbastaparti190
2022M05,2022-05-01,2022-05,övr,övriga,OTHER,other_party,inget parti,inget parti,NO_SECOND_CHOICE,no_second_choice,18.6,12.6,observed,ME/ME0201/ME0201D/Nastbastaparti190
2022M05,2022-05-01,2022-05,övr,övriga,OTHER,other_party,kd,KD,KD,parliamentary_party,7.5,6.1,observed,ME/ME0201/ME0201D/Nastbastaparti190
2022M05,2022-05-01,2022-05,övr,övriga,OTHER,other_party,l,L,L,parliamentary_party,,,suppressed,ME/ME0201/ME0201D/Nastbastaparti190
2022M05,2022-05-01,2022-05,övr,övriga,OTHER,other_party,m,M,M,parliamentary_party,5.6,5.5,observed,ME/ME0201/ME0201D/Nastbastaparti190
2022M05,2022-05-01,2022-05,övr,övriga,OTHER,other_party,mp,MP,MP,parliamentary_party,,,suppressed,ME/ME0201/ME0201D/Nastbastaparti190
2022M05,2022-05-01,2022-05,övr,övriga,OTHER,other_party,s,S,S,parliamentary_party,5.2,5.1,observed,ME/ME0201/ME0201D/Nastbastaparti190
2022M05,2022-05-01,2022-05,övr,övriga,OTHER,other_party,v,V,V,parliamentary_party,11.3,9.7,observed,ME/ME0201/ME0201D/Nastbastaparti190
2022M05,2022-05-01,2022-05,övr,övriga,OTHER,other_party,vet ej,vet ej/uppgift saknas,DONT_KNOW,dont_know,11.9,8.4,observed,ME/ME0201/ME0201D/Nastbastaparti190
2022M05,2022-05-01,2022-05,övr,övriga,OTHER,other_party,övr,övriga,OTHER,other_party,9.1,7.2,observed,ME/ME0201/ME0201D/Nastbastaparti190
2022M11,2022-11-01,2022-11,SD,SD,SD,parliamentary_party,SD,SD,SD,parliamentary_party,0.0,0.0,observed,ME/ME0201/ME0201D/Nastbastaparti190
2022M11,2022-11-01,2022-11,SD,SD,SD,parliamentary_party,c,C,C,parliamentary_party,,,suppressed,ME/ME0201/ME0201D/Nastbastaparti190
2022M11,2022-11-01,2022-11,SD,SD,SD,parliamentary_party,inget parti,inget parti,NO_SECOND_CHOICE,no_second_choice,12.4,3.2,observed,ME/ME0201/ME0201D/Nastbastaparti190
2022M11,2022-11-01,2022-11,SD,SD,SD,parliamentary_party,kd,KD,KD,parliamentary_party,19.2,3.5,observed,ME/ME0201/ME0201D/Nastbastaparti190
2022M11,2022-11-01,2022-11,SD,SD,SD,parliamentary_party,l,L,L,parliamentary_party,1.5,1.1,observed,ME/ME0201/ME0201D/Nastbastaparti190
2022M11,2022-11-01,2022-11,SD,SD,SD,parliamentary_party,m,M,M,parliamentary_party,43.3,4.5,observed,ME/ME0201/ME0201D/Nastbastaparti190
2022M11,2022-11-01,2022-11,SD,SD,SD,parliamentary_party,mp,MP,MP,parliamentary_party,,,suppressed,ME/ME0201/ME0201D/Nastbastaparti190
2022M11,2022-11-01,2022-11,SD,SD,SD,parliamentary_party,s,S,S,parliamentary_party,10.7,2.8,observed,ME/ME0201/ME0201D/Nastbastaparti190
2022M11,2022-11-01,2022-11,SD,SD,SD,parliamentary_party,v,V,V,parliamentary_party,2.1,1.6,observed,ME/ME0201/ME0201D/Nastbastaparti190
2022M11,2022-11-01,2022-11,SD,SD,SD,parliamentary_party,vet ej,vet ej/uppgift saknas,DONT_KNOW,dont_know,6.5,2.4,observed,ME/ME0201/ME0201D/Nastbastaparti190
2022M11,2022-11-01,2022-11,SD,SD,SD,parliamentary_party,övr,övriga,OTHER,other_party,2.8,1.4,observed,ME/ME0201/ME0201D/Nastbastaparti190
2022M11,2022-11-01,2022-11,c,C,C,parliamentary_party,SD,SD,SD,parliamentary_party,0.0,0.0,observed,ME/ME0201/ME0201D/Nastbastaparti190
2022M11,2022-11-01,2022-11,c,C,C,parliamentary_party,c,C,C,parliamentary_party,0.0,0.0,observed,ME/ME0201/ME0201D/Nastbastaparti190
2022M11,2022-11-01,2022-11,c,C,C,parliamentary_party,inget parti,inget parti,NO_SECOND_CHOICE,no_second_choice,8.4,4.5,observed,ME/ME0201/ME0201D/Nastbastaparti190
2022M11,2022-11-01,2022-11,c,C,C,parliamentary_party,kd,KD,KD,parliamentary_party,2.8,2.1,observed,ME/ME0201/ME0201D/Nastbastaparti190
2022M11,2022-11-01,2022-11,c,C,C,parliamentary_party,l,L,L,parliamentary_party,16.0,4.7,observed,ME/ME0201/ME0201D/Nastbastaparti190
2022M11,2022-11-01,2022-11,c,C,C,parliamentary_party,m,M,M,parliamentary_party,11.6,4.2,observed,ME/ME0201/ME0201D/Nastbastaparti190
2022M11,2022-11-01,2022-11,c,C,C,parliamentary_party,mp,MP,MP,parliamentary_party,6.0,3.2,observed,ME/ME0201/ME0201D/Nastbastaparti190
2022M11,2022-11-01,2022-11,c,C,C,parliamentary_party,s,S,S,parliamentary_party,43.8,6.9,observed,ME/ME0201/ME0201D/Nastbastaparti190
2022M11,2022-11-01,2022-11,c,C,C,parliamentary_party,v,V,V,parliamentary_party,3.0,2.4,observed,ME/ME0201/ME0201D/Nastbastaparti190
2022M11,2022-11-01,2022-11,c,C,C,parliamentary_party,vet ej,vet ej/uppgift saknas,DONT_KNOW,dont_know,8.3,3.5,observed,ME/ME0201/ME0201D/Nastbastaparti190
2022M11,2022-11-01,2022-11,c,C,C,parliamentary_party,övr,övriga,OTHER,other_party,0.0,0.0,observed,ME/ME0201/ME0201D/Nastbastaparti190
2022M11,2022-11-01,2022-11,hela väljarkåren,hela väljarkåren,TOTAL_ELECTORATE,total_electorate,SD,SD,SD,parliamentary_party,5.4,0.7,observed,ME/ME0201/ME0201D/Nastbastaparti190
2022M11,2022-11-01,2022-11,hela väljarkåren,hela väljarkåren,TOTAL_ELECTORATE,total_electorate,c,C,C,parliamentary_party,9.0,0.9,observed,ME/ME0201/ME0201D/Nastbastaparti190
2022M11,2022-11-01,2022-11,hela väljarkåren,hela väljarkåren,TOTAL_ELECTORATE,total_electorate,inget parti,inget parti,NO_SECOND_CHOICE,no_second_choice,9.3,1.1,observed,ME/ME0201/ME0201D/Nastbastaparti190
2022M11,2022-11-01,2022-11,hela väljarkåren,hela väljarkåren,TOTAL_ELECTORATE,total_electorate,kd,KD,KD,parliamentary_party,8.4,0.9,observed,ME/ME0201/ME0201D/Nastbastaparti190
2022M11,2022-11-01,2022-11,hela väljarkåren,hela väljarkåren,TOTAL_ELECTORATE,total_electorate,l,L,L,parliamentary_party,5.9,0.7,observed,ME/ME0201/ME0201D/Nastbastaparti190
2022M11,2022-11-01,2022-11,hela väljarkåren,hela väljarkåren,TOTAL_ELECTORATE,total_electorate,m,M,M,parliamentary_party,14.6,1.1,observed,ME/ME0201/ME0201D/Nastbastaparti190
2022M11,2022-11-01,2022-11,hela väljarkåren,hela väljarkåren,TOTAL_ELECTORATE,total_electorate,mp,MP,MP,parliamentary_party,6.0,0.7,observed,ME/ME0201/ME0201D/Nastbastaparti190
2022M11,2022-11-01,2022-11,hela väljarkåren,hela väljarkåren,TOTAL_ELECTORATE,total_electorate,s,S,S,parliamentary_party,12.6,1.1,observed,ME/ME0201/ME0201D/Nastbastaparti190
2022M11,2022-11-01,2022-11,hela väljarkåren,hela väljarkåren,TOTAL_ELECTORATE,total_electorate,v,V,V,parliamentary_party,8.2,0.8,observed,ME/ME0201/ME0201D/Nastbastaparti190
2022M11,2022-11-01,2022-11,hela väljarkåren,hela väljarkåren,TOTAL_ELECTORATE,total_electorate,vet ej,vet ej/uppgift saknas,DONT_KNOW,dont_know,19.5,1.5,observed,ME/ME0201/ME0201D/Nastbastaparti190
2022M11,2022-11-01,2022-11,hela väljarkåren,hela väljarkåren,TOTAL_ELECTORATE,total_electorate,övr,övriga,OTHER,other_party,1.0,0.3,observed,ME/ME0201/ME0201D/Nastbastaparti190
2022M11,2022-11-01,2022-11,ingen sympati/vet ej,ingen sympati/vet ej,NO_SYMPATHY_OR_DONT_KNOW,no_sympathy,SD,SD,SD,parliamentary_party,0.0,0.0,observed,ME/ME0201/ME0201D/Nastbastaparti190
2022M11,2022-11-01,2022-11,ingen sympati/vet ej,ingen sympati/vet ej,NO_SYMPATHY_OR_DONT_KNOW,no_sympathy,c,C,C,parliamentary_party,0.0,0.0,observed,ME/ME0201/ME0201D/Nastbastaparti190
2022M11,2022-11-01,2022-11,ingen sympati/vet ej,ingen sympati/vet ej,NO_SYMPATHY_OR_DONT_KNOW,no_sympathy,inget parti,inget parti,NO_SECOND_CHOICE,no_second_choice,0.0,0.0,observed,ME/ME0201/ME0201D/Nastbastaparti190
2022M11,2022-11-01,2022-11,ingen sympati/vet ej,ingen sympati/vet ej,NO_SYMPATHY_OR_DONT_KNOW,no_sympathy,kd,KD,KD,parliamentary_party,0.0,0.0,observed,ME/ME0201/ME0201D/Nastbastaparti190
2022M11,2022-11-01,2022-11,ingen sympati/vet ej,ingen sympati/vet ej,NO_SYMPATHY_OR_DONT_KNOW,no_sympathy,l,L,L,parliamentary_party,0.0,0.0,observed,ME/ME0201/ME0201D/Nastbastaparti190
2022M11,2022-11-01,2022-11,ingen sympati/vet ej,ingen sympati/vet ej,NO_SYMPATHY_OR_DONT_KNOW,no_sympathy,m,M,M,parliamentary_party,0.0,0.0,observed,ME/ME0201/ME0201D/Nastbastaparti190
2022M11,2022-11-01,2022-11,ingen sympati/vet ej,ingen sympati/vet ej,NO_SYMPATHY_OR_DONT_KNOW,no_sympathy,mp,MP,MP,parliamentary_party,0.0,0.0,observed,ME/ME0201/ME0201D/Nastbastaparti190
2022M11,2022-11-01,2022-11,ingen sympati/vet ej,ingen sympati/vet ej,NO_SYMPATHY_OR_DONT_KNOW,no_sympathy,s,S,S,parliamentary_party,0.0,0.0,observed,ME/ME0201/ME0201D/Nastbastaparti190
2022M11,2022-11-01,2022-11,ingen sympati/vet ej,ingen sympati/vet ej,NO_SYMPATHY_OR_DONT_KNOW,no_sympathy,v,V,V,parliamentary_party,0.0,0.0,observed,ME/ME0201/ME0201D/Nastbastaparti190
2022M11,2022-11-01,2022-11,ingen sympati/vet ej,ingen sympati/vet ej,NO_SYMPATHY_OR_DONT_KNOW,no_sympathy,vet ej,vet ej/uppgift saknas,DONT_KNOW,dont_know,100.0,0.0,observed,ME/ME0201/ME0201D/Nastbastaparti190
2022M11,2022-11-01,2022-11,ingen sympati/vet ej,ingen sympati/vet ej,NO_SYMPATHY_OR_DONT_KNOW,no_sympathy,övr,övriga,OTHER,other_party,0.0,0.0,observed,ME/ME0201/ME0201D/Nastbastaparti190
2022M11,2022-11-01,2022-11,kd,KD,KD,parliamentary_party,SD,SD,SD,parliamentary_party,15.0,6.1,observed,ME/ME0201/ME0201D/Nastbastaparti190
2022M11,2022-11-01,2022-11,kd,KD,KD,parliamentary_party,c,C,C,parliamentary_party,4.3,2.9,observed,ME/ME0201/ME0201D/Nastbastaparti190
2022M11,2022-11-01,2022-11,kd,KD,KD,parliamentary_party,inget parti,inget parti,NO_SECOND_CHOICE,no_second_choice,9.1,5.0,observed,ME/ME0201/ME0201D/Nastbastaparti190
2022M11,2022-11-01,2022-11,kd,KD,KD,parliamentary_party,kd,KD,KD,parliamentary_party,0.0,0.0,observed,ME/ME0201/ME0201D/Nastbastaparti190
2022M11,2022-11-01,2022-11,kd,KD,KD,parliamentary_party,l,L,L,parliamentary_party,8.0,3.6,observed,ME/ME0201/ME0201D/Nastbastaparti190
2022M11,2022-11-01,2022-11,kd,KD,KD,parliamentary_party,m,M,M,parliamentary_party,53.3,7.7,observed,ME/ME0201/ME0201D/Nastbastaparti190
2022M11,2022-11-01,2022-11,kd,KD,KD,parliamentary_party,mp,MP,MP,parliamentary_party,,,suppressed,ME/ME0201/ME0201D/Nastbastaparti190
2022M11,2022-11-01,2022-11,kd,KD,KD,parliamentary_party,s,S,S,parliamentary_party,4.1,2.6,observed,ME/ME0201/ME0201D/Nastbastaparti190
2022M11,2022-11-01,2022-11,kd,KD,KD,parliamentary_party,v,V,V,parliamentary_party,,,suppressed,ME/ME0201/ME0201D/Nastbastaparti190
2022M11,2022-11-01,2022-11,kd,KD,KD,parliamentary_party,vet ej,vet ej/uppgift saknas,DONT_KNOW,dont_know,5.4,3.2,observed,ME/ME0201/ME0201D/Nastbastaparti190
2022M11,2022-11-01,2022-11,kd,KD,KD,parliamentary_party,övr,övriga,OTHER,other_party,0.0,0.0,observed,ME/ME0201/ME0201D/Nastbastaparti190
2022M11,2022-11-01,2022-11,l,L,L,parliamentary_party,SD,SD,SD,parliamentary_party,2.7,2.4,observed,ME/ME0201/ME0201D/Nastbastaparti190
2022M11,2022-11-01,2022-11,l,L,L,parliamentary_party,c,C,C,parliamentary_party,17.3,5.2,observed,ME/ME0201/ME0201D/Nastbastaparti190
2022M11,2022-11-01,2022-11,l,L,L,parliamentary_party,inget parti,inget parti,NO_SECOND_CHOICE,no_second_choice,5.0,2.9,observed,ME/ME0201/ME0201D/Nastbastaparti190
2022M11,2022-11-01,2022-11,l,L,L,parliamentary_party,kd,KD,KD,parliamentary_party,,,suppressed,ME/ME0201/ME0201D/Nastbastaparti190
2022M11,2022-11-01,2022-11,l,L,L,parliamentary_party,l,L,L,parliamentary_party,0.0,0.0,observed,ME/ME0201/ME0201D/Nastbastaparti190
2022M11,2022-11-01,2022-11,l,L,L,parliamentary_party,m,M,M,parliamentary_party,39.7,7.2,observed,ME/ME0201/ME0201D/Nastbastaparti190
2022M11,2022-11-01,2022-11,l,L,L,parliamentary_party,mp,MP,MP,parliamentary_party,4.7,4.2,observed,ME/ME0201/ME0201D/Nastbastaparti190
2022M11,2022-11-01,2022-11,l,L,L,parliamentary_party,s,S,S,parliamentary_party,21.2,7.1,observed,ME/ME0201/ME0201D/Nastbastaparti190
2022M11,2022-11-01,2022-11,l,L,L,parliamentary_party,v,V,V,parliamentary_party,,,suppressed,ME/ME0201/ME0201D/Nastbastaparti190
2022M11,2022-11-01,2022-11,l,L,L,parliamentary_party,vet ej,vet ej/uppgift saknas,DONT_KNOW,dont_know,7.7,3.6,observed,ME/ME0201/ME0201D/Nastbastaparti190
2022M11,2022-11-01,2022-11,l,L,L,parliamentary_party,övr,övriga,OTHER,other_party,0.0,0.0,observed,ME/ME0201/ME0201D/Nastbastaparti190
2022M11,2022-11-01,2022-11,m,M,M,parliamentary_party,SD,SD,SD,parliamentary_party,20.9,3.1,observed,ME/ME0201/ME0201D/Nastbastaparti190
2022M11,2022-11-01,2022-11,m,M,M,parliamentary_party,c,C,C,parliamentary_party,4.2,1.6,observed,ME/ME0201/ME0201D/Nastbastaparti190
2022M11,2022-11-01,2022-11,m,M,M,parliamentary_party,inget parti,inget parti,NO_SECOND_CHOICE,no_second_choice,9.3,2.5,observed,ME/ME0201/ME0201D/Nastbastaparti190
2022M11,2022-11-01,2022-11,m,M,M,parliamentary_party,kd,KD,KD,parliamentary_party,25.4,3.3,observed,ME/ME0201/ME0201D/Nastbastaparti190
2022M11,2022-11-01,2022-11,m,M,M,parliamentary_party,l,L,L,parliamentary_party,16.7,2.7,observed,ME/ME0201/ME0201D/Nastbastaparti190
2022M11,2022-11-01,2022-11,m,M,M,parliamentary_party,m,M,M,parliamentary_party,0.0,0.0,observed,ME/ME0201/ME0201D/Nastbastaparti190
2022M11,2022-11-01,2022-11,m,M,M,parliamentary_party,mp,MP,MP,parliamentary_party,,,suppressed,ME/ME0201/ME0201D/Nastbastaparti190
2022M11,2022-11-01,2022-11,m,M,M,parliamentary_party,s,S,S,parliamentary_party,11.8,2.7,observed,ME/ME0201/ME0201D/Nastbastaparti190
2022M11,2022-11-01,2022-11,m,M,M,parliamentary_party,v,V,V,parliamentary_party,0.9,0.7,observed,ME/ME0201/ME0201D/Nastbastaparti190
2022M11,2022-11-01,2022-11,m,M,M,parliamentary_party,vet ej,vet ej/uppgift saknas,DONT_KNOW,dont_know,9.9,2.3,observed,ME/ME0201/ME0201D/Nastbastaparti190
2022M11,2022-11-01,2022-11,m,M,M,parliamentary_party,övr,övriga,OTHER,other_party,0.0,0.0,observed,ME/ME0201/ME0201D/Nastbastaparti190
2022M11,2022-11-01,2022-11,mp,MP,MP,parliamentary_party,SD,SD,SD,parliamentary_party,,,suppressed,ME/ME0201/ME0201D/Nastbastaparti190
2022M11,2022-11-01,2022-11,mp,MP,MP,parliamentary_party,c,C,C,parliamentary_party,9.1,4.1,observed,ME/ME0201/ME0201D/Nastbastaparti190
2022M11,2022-11-01,2022-11,mp,MP,MP,parliamentary_party,inget parti,inget parti,NO_SECOND_CHOICE,no_second_choice,5.2,4.8,observed,ME/ME0201/ME0201D/Nastbastaparti190
2022M11,2022-11-01,2022-11,mp,MP,MP,parliamentary_party,kd,KD,KD,parliamentary_party,,,suppressed,ME/ME0201/ME0201D/Nastbastaparti190
2022M11,2022-11-01,2022-11,mp,MP,MP,parliamentary_party,l,L,L,parliamentary_party,2.4,2.2,observed,ME/ME0201/ME0201D/Nastbastaparti190
2022M11,2022-11-01,2022-11,mp,MP,MP,parliamentary_party,m,M,M,parliamentary_party,,,suppressed,ME/ME0201/ME0201D/Nastbastaparti190
2022M11,2022-11-01,2022-11,mp,MP,MP,parliamentary_party,mp,MP,MP,parliamentary_party,0.0,0.0,observed,ME/ME0201/ME0201D/Nastbastaparti190
2022M11,2022-11-01,2022-11,mp,MP,MP,parliamentary_party,s,S,S,parliamentary_party,45.5,7.4,observed,ME/ME0201/ME0201D/Nastbastaparti190
2022M11,2022-11-01,2022-11,mp,MP,MP,parliamentary_party,v,V,V,parliamentary_party,26.4,6.1,observed,ME/ME0201/ME0201D/Nastbastaparti190
2022M11,2022-11-01,2022-11,mp,MP,MP,parliamentary_party,vet ej,vet ej/uppgift saknas,DONT_KNOW,dont_know,4.9,3.1,observed,ME/ME0201/ME0201D/Nastbastaparti190
2022M11,2022-11-01,2022-11,mp,MP,MP,parliamentary_party,övr,övriga,OTHER,other_party,,,suppressed,ME/ME0201/ME0201D/Nastbastaparti190
2022M11,2022-11-01,2022-11,s,S,S,parliamentary_party,SD,SD,SD,parliamentary_party,3.1,1.1,observed,ME/ME0201/ME0201D/Nastbastaparti190
2022M11,2022-11-01,2022-11,s,S,S,parliamentary_party,c,C,C,parliamentary_party,22.9,2.5,observed,ME/ME0201/ME0201D/Nastbastaparti190
2022M11,2022-11-01,2022-11,s,S,S,parliamentary_party,inget parti,inget parti,NO_SECOND_CHOICE,no_second_choice,12.9,2.3,observed,ME/ME0201/ME0201D/Nastbastaparti190
2022M11,2022-11-01,2022-11,s,S,S,parliamentary_party,kd,KD,KD,parliamentary_party,1.8,1.0,observed,ME/ME0201/ME0201D/Nastbastaparti190
2022M11,2022-11-01,2022-11,s,S,S,parliamentary_party,l,L,L,parliamentary_party,5.3,1.5,observed,ME/ME0201/ME0201D/Nastbastaparti190
2022M11,2022-11-01,2022-11,s,S,S,parliamentary_party,m,M,M,parliamentary_party,9.0,1.8,observed,ME/ME0201/ME0201D/Nastbastaparti190
2022M11,2022-11-01,2022-11,s,S,S,parliamentary_party,mp,MP,MP,parliamentary_party,11.6,1.9,observed,ME/ME0201/ME0201D/Nastbastaparti190
2022M11,2022-11-01,2022-11,s,S,S,parliamentary_party,s,S,S,parliamentary_party,0.0,0.0,observed,ME/ME0201/ME0201D/Nastbastaparti190
2022M11,2022-11-01,2022-11,s,S,S,parliamentary_party,v,V,V,parliamentary_party,21.8,2.4,observed,ME/ME0201/ME0201D/Nastbastaparti190
2022M11,2022-11-01,2022-11,s,S,S,parliamentary_party,vet ej,vet ej/uppgift saknas,DONT_KNOW,dont_know,11.3,2.1,observed,ME/ME0201/ME0201D/Nastbastaparti190
2022M11,2022-11-01,2022-11,s,S,S,parliamentary_party,övr,övriga,OTHER,other_party,,,suppressed,ME/ME0201/ME0201D/Nastbastaparti190
2022M11,2022-11-01,2022-11,v,V,V,parliamentary_party,SD,SD,SD,parliamentary_party,,,suppressed,ME/ME0201/ME0201D/Nastbastaparti190
2022M11,2022-11-01,2022-11,v,V,V,parliamentary_party,c,C,C,parliamentary_party,3.3,1.9,observed,ME/ME0201/ME0201D/Nastbastaparti190
2022M11,2022-11-01,2022-11,v,V,V,parliamentary_party,inget parti,inget parti,NO_SECOND_CHOICE,no_second_choice,7.8,3.7,observed,ME/ME0201/ME0201D/Nastbastaparti190
2022M11,2022-11-01,2022-11,v,V,V,parliamentary_party,kd,KD,KD,parliamentary_party,0.0,0.0,observed,ME/ME0201/ME0201D/Nastbastaparti190
2022M11,2022-11-01,2022-11,v,V,V,parliamentary_party,l,L,L,parliamentary_party,,,suppressed,ME/ME0201/ME0201D/Nastbastaparti190
2022M11,2022-11-01,2022-11,v,V,V,parliamentary_party,m,M,M,parliamentary_party,1.5,1.5,observed,ME/ME0201/ME0201D/Nastbastaparti190
2022M11,2022-11-01,2022-11,v,V,V,parliamentary_party,mp,MP,MP,parliamentary_party,22.3,4.7,observed,ME/ME0201/ME0201D/Nastbastaparti190
2022M11,2022-11-01,2022-11,v,V,V,parliamentary_party,s,S,S,parliamentary_party,52.3,6.3,observed,ME/ME0201/ME0201D/Nastbastaparti190
2022M11,2022-11-01,2022-11,v,V,V,parliamentary_party,v,V,V,parliamentary_party,0.0,0.0,observed,ME/ME0201/ME0201D/Nastbastaparti190
2022M11,2022-11-01,2022-11,v,V,V,parliamentary_party,vet ej,vet ej/uppgift saknas,DONT_KNOW,dont_know,7.4,4.5,observed,ME/ME0201/ME0201D/Nastbastaparti190
2022M11,2022-11-01,2022-11,v,V,V,parliamentary_party,övr,övriga,OTHER,other_party,4.4,2.8,observed,ME/ME0201/ME0201D/Nastbastaparti190
2022M11,2022-11-01,2022-11,övr,övriga,OTHER,other_party,SD,SD,SD,parliamentary_party,9.2,7.8,observed,ME/ME0201/ME0201D/Nastbastaparti190
2022M11,2022-11-01,2022-11,övr,övriga,OTHER,other_party,c,C,C,parliamentary_party,,,suppressed,ME/ME0201/ME0201D/Nastbastaparti190
2022M11,2022-11-01,2022-11,övr,övriga,OTHER,other_party,inget parti,inget parti,NO_SECOND_CHOICE,no_second_choice,12.6,11.4,observed,ME/ME0201/ME0201D/Nastbastaparti190
2022M11,2022-11-01,2022-11,övr,övriga,OTHER,other_party,kd,KD,KD,parliamentary_party,13.7,9.5,observed,ME/ME0201/ME0201D/Nastbastaparti190
2022M11,2022-11-01,2022-11,övr,övriga,OTHER,other_party,l,L,L,parliamentary_party,,,suppressed,ME/ME0201/ME0201D/Nastbastaparti190
2022M11,2022-11-01,2022-11,övr,övriga,OTHER,other_party,m,M,M,parliamentary_party,22.1,12.1,observed,ME/ME0201/ME0201D/Nastbastaparti190
2022M11,2022-11-01,2022-11,övr,övriga,OTHER,other_party,mp,MP,MP,parliamentary_party,12.3,11.9,observed,ME/ME0201/ME0201D/Nastbastaparti190
2022M11,2022-11-01,2022-11,övr,övriga,OTHER,other_party,s,S,S,parliamentary_party,,,suppressed,ME/ME0201/ME0201D/Nastbastaparti190
2022M11,2022-11-01,2022-11,övr,övriga,OTHER,other_party,v,V,V,parliamentary_party,7.4,6.5,observed,ME/ME0201/ME0201D/Nastbastaparti190
2022M11,2022-11-01,2022-11,övr,övriga,OTHER,other_party,vet ej,vet ej/uppgift saknas,DONT_KNOW,dont_know,,,suppressed,ME/ME0201/ME0201D/Nastbastaparti190
2022M11,2022-11-01,2022-11,övr,övriga,OTHER,other_party,övr,övriga,OTHER,other_party,,,suppressed,ME/ME0201/ME0201D/Nastbastaparti190
2023M05,2023-05-01,2023-05,SD,SD,SD,parliamentary_party,SD,SD,SD,parliamentary_party,0.0,0.0,observed,ME/ME0201/ME0201D/Nastbastaparti190
2023M05,2023-05-01,2023-05,SD,SD,SD,parliamentary_party,c,C,C,parliamentary_party,,,suppressed,ME/ME0201/ME0201D/Nastbastaparti190
2023M05,2023-05-01,2023-05,SD,SD,SD,parliamentary_party,inget parti,inget parti,NO_SECOND_CHOICE,no_second_choice,14.1,3.3,observed,ME/ME0201/ME0201D/Nastbastaparti190
2023M05,2023-05-01,2023-05,SD,SD,SD,parliamentary_party,kd,KD,KD,parliamentary_party,13.0,3.0,observed,ME/ME0201/ME0201D/Nastbastaparti190
2023M05,2023-05-01,2023-05,SD,SD,SD,parliamentary_party,l,L,L,parliamentary_party,1.0,0.8,observed,ME/ME0201/ME0201D/Nastbastaparti190
2023M05,2023-05-01,2023-05,SD,SD,SD,parliamentary_party,m,M,M,parliamentary_party,48.1,4.7,observed,ME/ME0201/ME0201D/Nastbastaparti190
2023M05,2023-05-01,2023-05,SD,SD,SD,parliamentary_party,mp,MP,MP,parliamentary_party,1.6,1.3,observed,ME/ME0201/ME0201D/Nastbastaparti190
2023M05,2023-05-01,2023-05,SD,SD,SD,parliamentary_party,s,S,S,parliamentary_party,7.9,2.5,observed,ME/ME0201/ME0201D/Nastbastaparti190
2023M05,2023-05-01,2023-05,SD,SD,SD,parliamentary_party,v,V,V,parliamentary_party,1.3,1.0,observed,ME/ME0201/ME0201D/Nastbastaparti190
2023M05,2023-05-01,2023-05,SD,SD,SD,parliamentary_party,vet ej,vet ej/uppgift saknas,DONT_KNOW,dont_know,10.2,2.8,observed,ME/ME0201/ME0201D/Nastbastaparti190
2023M05,2023-05-01,2023-05,SD,SD,SD,parliamentary_party,övr,övriga,OTHER,other_party,2.4,1.4,observed,ME/ME0201/ME0201D/Nastbastaparti190
2023M05,2023-05-01,2023-05,c,C,C,parliamentary_party,SD,SD,SD,parliamentary_party,,,suppressed,ME/ME0201/ME0201D/Nastbastaparti190
2023M05,2023-05-01,2023-05,c,C,C,parliamentary_party,c,C,C,parliamentary_party,0.0,0.0,observed,ME/ME0201/ME0201D/Nastbastaparti190
2023M05,2023-05-01,2023-05,c,C,C,parliamentary_party,inget parti,inget parti,NO_SECOND_CHOICE,no_second_choice,6.4,3.5,observed,ME/ME0201/ME0201D/Nastbastaparti190
2023M05,2023-05-01,2023-05,c,C,C,parliamentary_party,kd,KD,KD,parliamentary_party,4.7,2.9,observed,ME/ME0201/ME0201D/Nastbastaparti190
2023M05,2023-05-01,2023-05,c,C,C,parliamentary_party,l,L,L,parliamentary_party,20.9,5.6,observed,ME/ME0201/ME0201D/Nastbastaparti190
2023M05,2023-05-01,2023-05,c,C,C,parliamentary_party,m,M,M,parliamentary_party,9.8,5.2,observed,ME/ME0201/ME0201D/Nastbastaparti190
2023M05,2023-05-01,2023-05,c,C,C,parliamentary_party,mp,MP,MP,parliamentary_party,6.7,3.6,observed,ME/ME0201/ME0201D/Nastbastaparti190
2023M05,2023-05-01,2023-05,c,C,C,parliamentary_party,s,S,S,parliamentary_party,35.5,7.1,observed,ME/ME0201/ME0201D/Nastbastaparti190
2023M05,2023-05-01,2023-05,c,C,C,parliamentary_party,v,V,V,parliamentary_party,2.0,2.0,observed,ME/ME0201/ME0201D/Nastbastaparti190
2023M05,2023-05-01,2023-05,c,C,C,parliamentary_party,vet ej,vet ej/uppgift saknas,DONT_KNOW,dont_know,13.1,4.8,observed,ME/ME0201/ME0201D/Nastbastaparti190
2023M05,2023-05-01,2023-05,c,C,C,parliamentary_party,övr,övriga,OTHER,other_party,0.0,0.0,observed,ME/ME0201/ME0201D/Nastbastaparti190
2023M05,2023-05-01,2023-05,hela väljarkåren,hela väljarkåren,TOTAL_ELECTORATE,total_electorate,SD,SD,SD,parliamentary_party,5.5,0.7,observed,ME/ME0201/ME0201D/Nastbastaparti190
2023M05,2023-05-01,2023-05,hela väljarkåren,hela väljarkåren,TOTAL_ELECTORATE,total_electorate,c,C,C,parliamentary_party,7.5,0.8,observed,ME/ME0201/ME0201D/Nastbastaparti190
2023M05,2023-05-01,2023-05,hela väljarkåren,hela väljarkåren,TOTAL_ELECTORATE,total_electorate,inget parti,inget parti,NO_SECOND_CHOICE,no_second_choice,9.8,1.0,observed,ME/ME0201/ME0201D/Nastbastaparti190
2023M05,2023-05-01,2023-05,hela väljarkåren,hela väljarkåren,TOTAL_ELECTORATE,total_electorate,kd,KD,KD,parliamentary_party,6.8,0.8,observed,ME/ME0201/ME0201D/Nastbastaparti190
2023M05,2023-05-01,2023-05,hela väljarkåren,hela väljarkåren,TOTAL_ELECTORATE,total_electorate,l,L,L,parliamentary_party,6.1,0.7,observed,ME/ME0201/ME0201D/Nastbastaparti190
2023M05,2023-05-01,2023-05,hela väljarkåren,hela väljarkåren,TOTAL_ELECTORATE,total_electorate,m,M,M,parliamentary_party,14.1,1.1,observed,ME/ME0201/ME0201D/Nastbastaparti190
2023M05,2023-05-01,2023-05,hela väljarkåren,hela väljarkåren,TOTAL_ELECTORATE,total_electorate,mp,MP,MP,parliamentary_party,6.6,0.8,observed,ME/ME0201/ME0201D/Nastbastaparti190
2023M05,2023-05-01,2023-05,hela väljarkåren,hela väljarkåren,TOTAL_ELECTORATE,total_electorate,s,S,S,parliamentary_party,11.6,1.0,observed,ME/ME0201/ME0201D/Nastbastaparti190
2023M05,2023-05-01,2023-05,hela väljarkåren,hela väljarkåren,TOTAL_ELECTORATE,total_electorate,v,V,V,parliamentary_party,8.1,0.8,observed,ME/ME0201/ME0201D/Nastbastaparti190
2023M05,2023-05-01,2023-05,hela väljarkåren,hela väljarkåren,TOTAL_ELECTORATE,total_electorate,vet ej,vet ej/uppgift saknas,DONT_KNOW,dont_know,22.7,1.5,observed,ME/ME0201/ME0201D/Nastbastaparti190
2023M05,2023-05-01,2023-05,hela väljarkåren,hela väljarkåren,TOTAL_ELECTORATE,total_electorate,övr,övriga,OTHER,other_party,1.3,0.4,observed,ME/ME0201/ME0201D/Nastbastaparti190
2023M05,2023-05-01,2023-05,ingen sympati/vet ej,ingen sympati/vet ej,NO_SYMPATHY_OR_DONT_KNOW,no_sympathy,SD,SD,SD,parliamentary_party,0.0,0.0,observed,ME/ME0201/ME0201D/Nastbastaparti190
2023M05,2023-05-01,2023-05,ingen sympati/vet ej,ingen sympati/vet ej,NO_SYMPATHY_OR_DONT_KNOW,no_sympathy,c,C,C,parliamentary_party,0.0,0.0,observed,ME/ME0201/ME0201D/Nastbastaparti190
2023M05,2023-05-01,2023-05,ingen sympati/vet ej,ingen sympati/vet ej,NO_SYMPATHY_OR_DONT_KNOW,no_sympathy,inget parti,inget parti,NO_SECOND_CHOICE,no_second_choice,0.0,0.0,observed,ME/ME0201/ME0201D/Nastbastaparti190
2023M05,2023-05-01,2023-05,ingen sympati/vet ej,ingen sympati/vet ej,NO_SYMPATHY_OR_DONT_KNOW,no_sympathy,kd,KD,KD,parliamentary_party,0.0,0.0,observed,ME/ME0201/ME0201D/Nastbastaparti190
2023M05,2023-05-01,2023-05,ingen sympati/vet ej,ingen sympati/vet ej,NO_SYMPATHY_OR_DONT_KNOW,no_sympathy,l,L,L,parliamentary_party,0.0,0.0,observed,ME/ME0201/ME0201D/Nastbastaparti190
2023M05,2023-05-01,2023-05,ingen sympati/vet ej,ingen sympati/vet ej,NO_SYMPATHY_OR_DONT_KNOW,no_sympathy,m,M,M,parliamentary_party,,,suppressed,ME/ME0201/ME0201D/Nastbastaparti190
2023M05,2023-05-01,2023-05,ingen sympati/vet ej,ingen sympati/vet ej,NO_SYMPATHY_OR_DONT_KNOW,no_sympathy,mp,MP,MP,parliamentary_party,0.0,0.0,observed,ME/ME0201/ME0201D/Nastbastaparti190
2023M05,2023-05-01,2023-05,ingen sympati/vet ej,ingen sympati/vet ej,NO_SYMPATHY_OR_DONT_KNOW,no_sympathy,s,S,S,parliamentary_party,0.0,0.0,observed,ME/ME0201/ME0201D/Nastbastaparti190
2023M05,2023-05-01,2023-05,ingen sympati/vet ej,ingen sympati/vet ej,NO_SYMPATHY_OR_DONT_KNOW,no_sympathy,v,V,V,parliamentary_party,0.0,0.0,observed,ME/ME0201/ME0201D/Nastbastaparti190
2023M05,2023-05-01,2023-05,ingen sympati/vet ej,ingen sympati/vet ej,NO_SYMPATHY_OR_DONT_KNOW,no_sympathy,vet ej,vet ej/uppgift saknas,DONT_KNOW,dont_know,99.9,0.3,observed,ME/ME0201/ME0201D/Nastbastaparti190
2023M05,2023-05-01,2023-05,ingen sympati/vet ej,ingen sympati/vet ej,NO_SYMPATHY_OR_DONT_KNOW,no_sympathy,övr,övriga,OTHER,other_party,0.0,0.0,observed,ME/ME0201/ME0201D/Nastbastaparti190
2023M05,2023-05-01,2023-05,kd,KD,KD,parliamentary_party,SD,SD,SD,parliamentary_party,17.1,6.7,observed,ME/ME0201/ME0201D/Nastbastaparti190
2023M05,2023-05-01,2023-05,kd,KD,KD,parliamentary_party,c,C,C,parliamentary_party,4.2,3.4,observed,ME/ME0201/ME0201D/Nastbastaparti190
2023M05,2023-05-01,2023-05,kd,KD,KD,parliamentary_party,inget parti,inget parti,NO_SECOND_CHOICE,no_second_choice,9.9,5.0,observed,ME/ME0201/ME0201D/Nastbastaparti190
2023M05,2023-05-01,2023-05,kd,KD,KD,parliamentary_party,kd,KD,KD,parliamentary_party,0.0,0.0,observed,ME/ME0201/ME0201D/Nastbastaparti190
2023M05,2023-05-01,2023-05,kd,KD,KD,parliamentary_party,l,L,L,parliamentary_party,4.7,3.3,observed,ME/ME0201/ME0201D/Nastbastaparti190
2023M05,2023-05-01,2023-05,kd,KD,KD,parliamentary_party,m,M,M,parliamentary_party,50.3,8.9,observed,ME/ME0201/ME0201D/Nastbastaparti190
2023M05,2023-05-01,2023-05,kd,KD,KD,parliamentary_party,mp,MP,MP,parliamentary_party,,,suppressed,ME/ME0201/ME0201D/Nastbastaparti190
2023M05,2023-05-01,2023-05,kd,KD,KD,parliamentary_party,s,S,S,parliamentary_party,5.4,3.6,observed,ME/ME0201/ME0201D/Nastbastaparti190
2023M05,2023-05-01,2023-05,kd,KD,KD,parliamentary_party,v,V,V,parliamentary_party,,,suppressed,ME/ME0201/ME0201D/Nastbastaparti190
2023M05,2023-05-01,2023-05,kd,KD,KD,parliamentary_party,vet ej,vet ej/uppgift saknas,DONT_KNOW,dont_know,5.8,4.2,observed,ME/ME0201/ME0201D/Nastbastaparti190
2023M05,2023-05-01,2023-05,kd,KD,KD,parliamentary_party,övr,övriga,OTHER,other_party,0.0,0.0,observed,ME/ME0201/ME0201D/Nastbastaparti190
2023M05,2023-05-01,2023-05,l,L,L,parliamentary_party,SD,SD,SD,parliamentary_party,2.8,2.8,observed,ME/ME0201/ME0201D/Nastbastaparti190
2023M05,2023-05-01,2023-05,l,L,L,parliamentary_party,c,C,C,parliamentary_party,11.7,4.5,observed,ME/ME0201/ME0201D/Nastbastaparti190
2023M05,2023-05-01,2023-05,l,L,L,parliamentary_party,inget parti,inget parti,NO_SECOND_CHOICE,no_second_choice,6.5,3.5,observed,ME/ME0201/ME0201D/Nastbastaparti190
2023M05,2023-05-01,2023-05,l,L,L,parliamentary_party,kd,KD,KD,parliamentary_party,6.6,4.0,observed,ME/ME0201/ME0201D/Nastbastaparti190
2023M05,2023-05-01,2023-05,l,L,L,parliamentary_party,l,L,L,parliamentary_party,0.0,0.0,observed,ME/ME0201/ME0201D/Nastbastaparti190
2023M05,2023-05-01,2023-05,l,L,L,parliamentary_party,m,M,M,parliamentary_party,41.0,7.8,observed,ME/ME0201/ME0201D/Nastbastaparti190
2023M05,2023-05-01,2023-05,l,L,L,parliamentary_party,mp,MP,MP,parliamentary_party,,,suppressed,ME/ME0201/ME0201D/Nastbastaparti190
2023M05,2023-05-01,2023-05,l,L,L,parliamentary_party,s,S,S,parliamentary_party,19.4,6.5,observed,ME/ME0201/ME0201D/Nastbastaparti190
2023M05,2023-05-01,2023-05,l,L,L,parliamentary_party,v,V,V,parliamentary_party,,,suppressed,ME/ME0201/ME0201D/Nastbastaparti190
2023M05,2023-05-01,2023-05,l,L,L,parliamentary_party,vet ej,vet ej/uppgift saknas,DONT_KNOW,dont_know,9.1,5.1,observed,ME/ME0201/ME0201D/Nastbastaparti190
2023M05,2023-05-01,2023-05,l,L,L,parliamentary_party,övr,övriga,OTHER,other_party,,,suppressed,ME/ME0201/ME0201D/Nastbastaparti190
2023M05,2023-05-01,2023-05,m,M,M,parliamentary_party,SD,SD,SD,parliamentary_party,19.1,2.9,observed,ME/ME0201/ME0201D/Nastbastaparti190
2023M05,2023-05-01,2023-05,m,M,M,parliamentary_party,c,C,C,parliamentary_party,3.9,1.3,observed,ME/ME0201/ME0201D/Nastbastaparti190
2023M05,2023-05-01,2023-05,m,M,M,parliamentary_party,inget parti,inget parti,NO_SECOND_CHOICE,no_second_choice,9.0,2.1,observed,ME/ME0201/ME0201D/Nastbastaparti190
2023M05,2023-05-01,2023-05,m,M,M,parliamentary_party,kd,KD,KD,parliamentary_party,21.1,2.9,observed,ME/ME0201/ME0201D/Nastbastaparti190
2023M05,2023-05-01,2023-05,m,M,M,parliamentary_party,l,L,L,parliamentary_party,18.8,2.8,observed,ME/ME0201/ME0201D/Nastbastaparti190
2023M05,2023-05-01,2023-05,m,M,M,parliamentary_party,m,M,M,parliamentary_party,0.0,0.0,observed,ME/ME0201/ME0201D/Nastbastaparti190
2023M05,2023-05-01,2023-05,m,M,M,parliamentary_party,mp,MP,MP,parliamentary_party,1.1,1.0,observed,ME/ME0201/ME0201D/Nastbastaparti190
2023M05,2023-05-01,2023-05,m,M,M,parliamentary_party,s,S,S,parliamentary_party,15.9,2.9,observed,ME/ME0201/ME0201D/Nastbastaparti190
2023M05,2023-05-01,2023-05,m,M,M,parliamentary_party,v,V,V,parliamentary_party,0.6,0.6,observed,ME/ME0201/ME0201D/Nastbastaparti190
2023M05,2023-05-01,2023-05,m,M,M,parliamentary_party,vet ej,vet ej/uppgift saknas,DONT_KNOW,dont_know,9.1,2.2,observed,ME/ME0201/ME0201D/Nastbastaparti190
2023M05,2023-05-01,2023-05,m,M,M,parliamentary_party,övr,övriga,OTHER,other_party,1.5,1.3,observed,ME/ME0201/ME0201D/Nastbastaparti190
2023M05,2023-05-01,2023-05,mp,MP,MP,parliamentary_party,SD,SD,SD,parliamentary_party,,,suppressed,ME/ME0201/ME0201D/Nastbastaparti190
2023M05,2023-05-01,2023-05,mp,MP,MP,parliamentary_party,c,C,C,parliamentary_party,5.4,3.1,observed,ME/ME0201/ME0201D/Nastbastaparti190
2023M05,2023-05-01,2023-05,mp,MP,MP,parliamentary_party,inget parti,inget parti,NO_SECOND_CHOICE,no_second_choice,6.4,4.7,observed,ME/ME0201/ME0201D/Nastbastaparti190
2023M05,2023-05-01,2023-05,mp,MP,MP,parliamentary_party,kd,KD,KD,parliamentary_party,,,suppressed,ME/ME0201/ME0201D/Nastbastaparti190
2023M05,2023-05-01,2023-05,mp,MP,MP,parliamentary_party,l,L,L,parliamentary_party,,,suppressed,ME/ME0201/ME0201D/Nastbastaparti190
2023M05,2023-05-01,2023-05,mp,MP,MP,parliamentary_party,m,M,M,parliamentary_party,,,suppressed,ME/ME0201/ME0201D/Nastbastaparti190
2023M05,2023-05-01,2023-05,mp,MP,MP,parliamentary_party,mp,MP,MP,parliamentary_party,0.0,0.0,observed,ME/ME0201/ME0201D/Nastbastaparti190
2023M05,2023-05-01,2023-05,mp,MP,MP,parliamentary_party,s,S,S,parliamentary_party,49.6,7.7,observed,ME/ME0201/ME0201D/Nastbastaparti190
2023M05,2023-05-01,2023-05,mp,MP,MP,parliamentary_party,v,V,V,parliamentary_party,23.8,6.1,observed,ME/ME0201/ME0201D/Nastbastaparti190
2023M05,2023-05-01,2023-05,mp,MP,MP,parliamentary_party,vet ej,vet ej/uppgift saknas,DONT_KNOW,dont_know,6.1,4.3,observed,ME/ME0201/ME0201D/Nastbastaparti190
2023M05,2023-05-01,2023-05,mp,MP,MP,parliamentary_party,övr,övriga,OTHER,other_party,,,suppressed,ME/ME0201/ME0201D/Nastbastaparti190
2023M05,2023-05-01,2023-05,s,S,S,parliamentary_party,SD,SD,SD,parliamentary_party,3.7,1.2,observed,ME/ME0201/ME0201D/Nastbastaparti190
2023M05,2023-05-01,2023-05,s,S,S,parliamentary_party,c,C,C,parliamentary_party,18.9,2.1,observed,ME/ME0201/ME0201D/Nastbastaparti190
2023M05,2023-05-01,2023-05,s,S,S,parliamentary_party,inget parti,inget parti,NO_SECOND_CHOICE,no_second_choice,13.0,2.0,observed,ME/ME0201/ME0201D/Nastbastaparti190
2023M05,2023-05-01,2023-05,s,S,S,parliamentary_party,kd,KD,KD,parliamentary_party,1.7,1.0,observed,ME/ME0201/ME0201D/Nastbastaparti190
2023M05,2023-05-01,2023-05,s,S,S,parliamentary_party,l,L,L,parliamentary_party,5.2,1.2,observed,ME/ME0201/ME0201D/Nastbastaparti190
2023M05,2023-05-01,2023-05,s,S,S,parliamentary_party,m,M,M,parliamentary_party,10.0,1.8,observed,ME/ME0201/ME0201D/Nastbastaparti190
2023M05,2023-05-01,2023-05,s,S,S,parliamentary_party,mp,MP,MP,parliamentary_party,12.8,1.8,observed,ME/ME0201/ME0201D/Nastbastaparti190
2023M05,2023-05-01,2023-05,s,S,S,parliamentary_party,s,S,S,parliamentary_party,0.0,0.0,observed,ME/ME0201/ME0201D/Nastbastaparti190
2023M05,2023-05-01,2023-05,s,S,S,parliamentary_party,v,V,V,parliamentary_party,20.9,2.2,observed,ME/ME0201/ME0201D/Nastbastaparti190
2023M05,2023-05-01,2023-05,s,S,S,parliamentary_party,vet ej,vet ej/uppgift saknas,DONT_KNOW,dont_know,13.3,1.9,observed,ME/ME0201/ME0201D/Nastbastaparti190
2023M05,2023-05-01,2023-05,s,S,S,parliamentary_party,övr,övriga,OTHER,other_party,0.4,0.4,observed,ME/ME0201/ME0201D/Nastbastaparti190
2023M05,2023-05-01,2023-05,v,V,V,parliamentary_party,SD,SD,SD,parliamentary_party,1.3,1.3,observed,ME/ME0201/ME0201D/Nastbastaparti190
2023M05,2023-05-01,2023-05,v,V,V,parliamentary_party,c,C,C,parliamentary_party,,,suppressed,ME/ME0201/ME0201D/Nastbastaparti190
2023M05,2023-05-01,2023-05,v,V,V,parliamentary_party,inget parti,inget parti,NO_SECOND_CHOICE,no_second_choice,8.9,4.0,observed,ME/ME0201/ME0201D/Nastbastaparti190
2023M05,2023-05-01,2023-05,v,V,V,parliamentary_party,kd,KD,KD,parliamentary_party,,,suppressed,ME/ME0201/ME0201D/Nastbastaparti190
2023M05,2023-05-01,2023-05,v,V,V,parliamentary_party,l,L,L,parliamentary_party,1.2,1.2,observed,ME/ME0201/ME0201D/Nastbastaparti190
2023M05,2023-05-01,2023-05,v,V,V,parliamentary_party,m,M,M,parliamentary_party,1.7,1.5,observed,ME/ME0201/ME0201D/Nastbastaparti190
2023M05,2023-05-01,2023-05,v,V,V,parliamentary_party,mp,MP,MP,parliamentary_party,24.3,5.1,observed,ME/ME0201/ME0201D/Nastbastaparti190
2023M05,2023-05-01,2023-05,v,V,V,parliamentary_party,s,S,S,parliamentary_party,51.7,5.9,observed,ME/ME0201/ME0201D/Nastbastaparti190
2023M05,2023-05-01,2023-05,v,V,V,parliamentary_party,v,V,V,parliamentary_party,0.0,0.0,observed,ME/ME0201/ME0201D/Nastbastaparti190
2023M05,2023-05-01,2023-05,v,V,V,parliamentary_party,vet ej,vet ej/uppgift saknas,DONT_KNOW,dont_know,5.4,2.9,observed,ME/ME0201/ME0201D/Nastbastaparti190
2023M05,2023-05-01,2023-05,v,V,V,parliamentary_party,övr,övriga,OTHER,other_party,4.0,2.0,observed,ME/ME0201/ME0201D/Nastbastaparti190
2023M05,2023-05-01,2023-05,övr,övriga,OTHER,other_party,SD,SD,SD,parliamentary_party,14.7,9.2,observed,ME/ME0201/ME0201D/Nastbastaparti190
2023M05,2023-05-01,2023-05,övr,övriga,OTHER,other_party,c,C,C,parliamentary_party,,,suppressed,ME/ME0201/ME0201D/Nastbastaparti190
2023M05,2023-05-01,2023-05,övr,övriga,OTHER,other_party,inget parti,inget parti,NO_SECOND_CHOICE,no_second_choice,21.0,10.2,observed,ME/ME0201/ME0201D/Nastbastaparti190
2023M05,2023-05-01,2023-05,övr,övriga,OTHER,other_party,kd,KD,KD,parliamentary_party,10.1,6.9,observed,ME/ME0201/ME0201D/Nastbastaparti190
2023M05,2023-05-01,2023-05,övr,övriga,OTHER,other_party,l,L,L,parliamentary_party,0.0,0.0,observed,ME/ME0201/ME0201D/Nastbastaparti190
2023M05,2023-05-01,2023-05,övr,övriga,OTHER,other_party,m,M,M,parliamentary_party,8.6,6.9,observed,ME/ME0201/ME0201D/Nastbastaparti190
2023M05,2023-05-01,2023-05,övr,övriga,OTHER,other_party,mp,MP,MP,parliamentary_party,,,suppressed,ME/ME0201/ME0201D/Nastbastaparti190
2023M05,2023-05-01,2023-05,övr,övriga,OTHER,other_party,s,S,S,parliamentary_party,6.1,6.0,observed,ME/ME0201/ME0201D/Nastbastaparti190
2023M05,2023-05-01,2023-05,övr,övriga,OTHER,other_party,v,V,V,parliamentary_party,7.2,6.2,observed,ME/ME0201/ME0201D/Nastbastaparti190
2023M05,2023-05-01,2023-05,övr,övriga,OTHER,other_party,vet ej,vet ej/uppgift saknas,DONT_KNOW,dont_know,15.8,12.6,observed,ME/ME0201/ME0201D/Nastbastaparti190
2023M05,2023-05-01,2023-05,övr,övriga,OTHER,other_party,övr,övriga,OTHER,other_party,11.5,9.6,observed,ME/ME0201/ME0201D/Nastbastaparti190
2024M05,2024-05-01,2024-05,SD,SD,SD,parliamentary_party,SD,SD,SD,parliamentary_party,0.0,0.0,observed,ME/ME0201/ME0201D/Nastbastaparti190
2024M05,2024-05-01,2024-05,SD,SD,SD,parliamentary_party,c,C,C,parliamentary_party,,,suppressed,ME/ME0201/ME0201D/Nastbastaparti190
2024M05,2024-05-01,2024-05,SD,SD,SD,parliamentary_party,inget parti,inget parti,NO_SECOND_CHOICE,no_second_choice,15.5,3.2,observed,ME/ME0201/ME0201D/Nastbastaparti190
2024M05,2024-05-01,2024-05,SD,SD,SD,parliamentary_party,kd,KD,KD,parliamentary_party,12.3,2.9,observed,ME/ME0201/ME0201D/Nastbastaparti190
2024M05,2024-05-01,2024-05,SD,SD,SD,parliamentary_party,l,L,L,parliamentary_party,2.5,1.6,observed,ME/ME0201/ME0201D/Nastbastaparti190
2024M05,2024-05-01,2024-05,SD,SD,SD,parliamentary_party,m,M,M,parliamentary_party,44.9,4.3,observed,ME/ME0201/ME0201D/Nastbastaparti190
2024M05,2024-05-01,2024-05,SD,SD,SD,parliamentary_party,mp,MP,MP,parliamentary_party,1.4,1.0,observed,ME/ME0201/ME0201D/Nastbastaparti190
2024M05,2024-05-01,2024-05,SD,SD,SD,parliamentary_party,s,S,S,parliamentary_party,10.3,2.7,observed,ME/ME0201/ME0201D/Nastbastaparti190
2024M05,2024-05-01,2024-05,SD,SD,SD,parliamentary_party,v,V,V,parliamentary_party,1.1,0.8,observed,ME/ME0201/ME0201D/Nastbastaparti190
2024M05,2024-05-01,2024-05,SD,SD,SD,parliamentary_party,vet ej,vet ej/uppgift saknas,DONT_KNOW,dont_know,9.2,2.6,observed,ME/ME0201/ME0201D/Nastbastaparti190
2024M05,2024-05-01,2024-05,SD,SD,SD,parliamentary_party,övr,övriga,OTHER,other_party,2.6,1.3,observed,ME/ME0201/ME0201D/Nastbastaparti190
2024M05,2024-05-01,2024-05,c,C,C,parliamentary_party,SD,SD,SD,parliamentary_party,,,suppressed,ME/ME0201/ME0201D/Nastbastaparti190
2024M05,2024-05-01,2024-05,c,C,C,parliamentary_party,c,C,C,parliamentary_party,0.0,0.0,observed,ME/ME0201/ME0201D/Nastbastaparti190
2024M05,2024-05-01,2024-05,c,C,C,parliamentary_party,inget parti,inget parti,NO_SECOND_CHOICE,no_second_choice,6.0,3.3,observed,ME/ME0201/ME0201D/Nastbastaparti190
2024M05,2024-05-01,2024-05,c,C,C,parliamentary_party,kd,KD,KD,parliamentary_party,2.0,2.0,observed,ME/ME0201/ME0201D/Nastbastaparti190
2024M05,2024-05-01,2024-05,c,C,C,parliamentary_party,l,L,L,parliamentary_party,17.4,5.9,observed,ME/ME0201/ME0201D/Nastbastaparti190
2024M05,2024-05-01,2024-05,c,C,C,parliamentary_party,m,M,M,parliamentary_party,14.3,5.0,observed,ME/ME0201/ME0201D/Nastbastaparti190
2024M05,2024-05-01,2024-05,c,C,C,parliamentary_party,mp,MP,MP,parliamentary_party,5.6,3.1,observed,ME/ME0201/ME0201D/Nastbastaparti190
2024M05,2024-05-01,2024-05,c,C,C,parliamentary_party,s,S,S,parliamentary_party,36.4,7.5,observed,ME/ME0201/ME0201D/Nastbastaparti190
2024M05,2024-05-01,2024-05,c,C,C,parliamentary_party,v,V,V,parliamentary_party,,,suppressed,ME/ME0201/ME0201D/Nastbastaparti190
2024M05,2024-05-01,2024-05,c,C,C,parliamentary_party,vet ej,vet ej/uppgift saknas,DONT_KNOW,dont_know,13.6,6.0,observed,ME/ME0201/ME0201D/Nastbastaparti190
2024M05,2024-05-01,2024-05,c,C,C,parliamentary_party,övr,övriga,OTHER,other_party,0.0,0.0,observed,ME/ME0201/ME0201D/Nastbastaparti190
2024M05,2024-05-01,2024-05,hela väljarkåren,hela väljarkåren,TOTAL_ELECTORATE,total_electorate,SD,SD,SD,parliamentary_party,6.3,0.7,observed,ME/ME0201/ME0201D/Nastbastaparti190
2024M05,2024-05-01,2024-05,hela väljarkåren,hela väljarkåren,TOTAL_ELECTORATE,total_electorate,c,C,C,parliamentary_party,5.9,0.6,observed,ME/ME0201/ME0201D/Nastbastaparti190
2024M05,2024-05-01,2024-05,hela väljarkåren,hela väljarkåren,TOTAL_ELECTORATE,total_electorate,inget parti,inget parti,NO_SECOND_CHOICE,no_second_choice,9.7,1.0,observed,ME/ME0201/ME0201D/Nastbastaparti190
2024M05,2024-05-01,2024-05,hela väljarkåren,hela väljarkåren,TOTAL_ELECTORATE,total_electorate,kd,KD,KD,parliamentary_party,5.8,0.7,observed,ME/ME0201/ME0201D/Nastbastaparti190
2024M05,2024-05-01,2024-05,hela väljarkåren,hela väljarkåren,TOTAL_ELECTORATE,total_electorate,l,L,L,parliamentary_party,5.8,0.7,observed,ME/ME0201/ME0201D/Nastbastaparti190
2024M05,2024-05-01,2024-05,hela väljarkåren,hela väljarkåren,TOTAL_ELECTORATE,total_electorate,m,M,M,parliamentary_party,12.9,1.0,observed,ME/ME0201/ME0201D/Nastbastaparti190
2024M05,2024-05-01,2024-05,hela väljarkåren,hela väljarkåren,TOTAL_ELECTORATE,total_electorate,mp,MP,MP,parliamentary_party,7.8,0.8,observed,ME/ME0201/ME0201D/Nastbastaparti190
2024M05,2024-05-01,2024-05,hela väljarkåren,hela väljarkåren,TOTAL_ELECTORATE,total_electorate,s,S,S,parliamentary_party,11.9,1.0,observed,ME/ME0201/ME0201D/Nastbastaparti190
2024M05,2024-05-01,2024-05,hela väljarkåren,hela väljarkåren,TOTAL_ELECTORATE,total_electorate,v,V,V,parliamentary_party,8.3,0.8,observed,ME/ME0201/ME0201D/Nastbastaparti190
2024M05,2024-05-01,2024-05,hela väljarkåren,hela väljarkåren,TOTAL_ELECTORATE,total_electorate,vet ej,vet ej/uppgift saknas,DONT_KNOW,dont_know,24.6,1.5,observed,ME/ME0201/ME0201D/Nastbastaparti190
2024M05,2024-05-01,2024-05,hela väljarkåren,hela väljarkåren,TOTAL_ELECTORATE,total_electorate,övr,övriga,OTHER,other_party,1.1,0.3,observed,ME/ME0201/ME0201D/Nastbastaparti190
2024M05,2024-05-01,2024-05,ingen sympati/vet ej,ingen sympati/vet ej,NO_SYMPATHY_OR_DONT_KNOW,no_sympathy,SD,SD,SD,parliamentary_party,0.0,0.0,observed,ME/ME0201/ME0201D/Nastbastaparti190
2024M05,2024-05-01,2024-05,ingen sympati/vet ej,ingen sympati/vet ej,NO_SYMPATHY_OR_DONT_KNOW,no_sympathy,c,C,C,parliamentary_party,0.0,0.0,observed,ME/ME0201/ME0201D/Nastbastaparti190
2024M05,2024-05-01,2024-05,ingen sympati/vet ej,ingen sympati/vet ej,NO_SYMPATHY_OR_DONT_KNOW,no_sympathy,inget parti,inget parti,NO_SECOND_CHOICE,no_second_choice,0.0,0.0,observed,ME/ME0201/ME0201D/Nastbastaparti190
2024M05,2024-05-01,2024-05,ingen sympati/vet ej,ingen sympati/vet ej,NO_SYMPATHY_OR_DONT_KNOW,no_sympathy,kd,KD,KD,parliamentary_party,0.0,0.0,observed,ME/ME0201/ME0201D/Nastbastaparti190
2024M05,2024-05-01,2024-05,ingen sympati/vet ej,ingen sympati/vet ej,NO_SYMPATHY_OR_DONT_KNOW,no_sympathy,l,L,L,parliamentary_party,0.0,0.0,observed,ME/ME0201/ME0201D/Nastbastaparti190
2024M05,2024-05-01,2024-05,ingen sympati/vet ej,ingen sympati/vet ej,NO_SYMPATHY_OR_DONT_KNOW,no_sympathy,m,M,M,parliamentary_party,0.0,0.0,observed,ME/ME0201/ME0201D/Nastbastaparti190
2024M05,2024-05-01,2024-05,ingen sympati/vet ej,ingen sympati/vet ej,NO_SYMPATHY_OR_DONT_KNOW,no_sympathy,mp,MP,MP,parliamentary_party,0.0,0.0,observed,ME/ME0201/ME0201D/Nastbastaparti190
2024M05,2024-05-01,2024-05,ingen sympati/vet ej,ingen sympati/vet ej,NO_SYMPATHY_OR_DONT_KNOW,no_sympathy,s,S,S,parliamentary_party,0.0,0.0,observed,ME/ME0201/ME0201D/Nastbastaparti190
2024M05,2024-05-01,2024-05,ingen sympati/vet ej,ingen sympati/vet ej,NO_SYMPATHY_OR_DONT_KNOW,no_sympathy,v,V,V,parliamentary_party,0.0,0.0,observed,ME/ME0201/ME0201D/Nastbastaparti190
2024M05,2024-05-01,2024-05,ingen sympati/vet ej,ingen sympati/vet ej,NO_SYMPATHY_OR_DONT_KNOW,no_sympathy,vet ej,vet ej/uppgift saknas,DONT_KNOW,dont_know,100.0,0.0,observed,ME/ME0201/ME0201D/Nastbastaparti190
2024M05,2024-05-01,2024-05,ingen sympati/vet ej,ingen sympati/vet ej,NO_SYMPATHY_OR_DONT_KNOW,no_sympathy,övr,övriga,OTHER,other_party,0.0,0.0,observed,ME/ME0201/ME0201D/Nastbastaparti190
2024M05,2024-05-01,2024-05,kd,KD,KD,parliamentary_party,SD,SD,SD,parliamentary_party,16.9,7.2,observed,ME/ME0201/ME0201D/Nastbastaparti190
2024M05,2024-05-01,2024-05,kd,KD,KD,parliamentary_party,c,C,C,parliamentary_party,7.8,5.0,observed,ME/ME0201/ME0201D/Nastbastaparti190
2024M05,2024-05-01,2024-05,kd,KD,KD,parliamentary_party,inget parti,inget parti,NO_SECOND_CHOICE,no_second_choice,12.9,6.1,observed,ME/ME0201/ME0201D/Nastbastaparti190
2024M05,2024-05-01,2024-05,kd,KD,KD,parliamentary_party,kd,KD,KD,parliamentary_party,0.0,0.0,observed,ME/ME0201/ME0201D/Nastbastaparti190
2024M05,2024-05-01,2024-05,kd,KD,KD,parliamentary_party,l,L,L,parliamentary_party,4.4,3.5,observed,ME/ME0201/ME0201D/Nastbastaparti190
2024M05,2024-05-01,2024-05,kd,KD,KD,parliamentary_party,m,M,M,parliamentary_party,38.8,9.6,observed,ME/ME0201/ME0201D/Nastbastaparti190
2024M05,2024-05-01,2024-05,kd,KD,KD,parliamentary_party,mp,MP,MP,parliamentary_party,,,suppressed,ME/ME0201/ME0201D/Nastbastaparti190
2024M05,2024-05-01,2024-05,kd,KD,KD,parliamentary_party,s,S,S,parliamentary_party,8.3,6.4,observed,ME/ME0201/ME0201D/Nastbastaparti190
2024M05,2024-05-01,2024-05,kd,KD,KD,parliamentary_party,v,V,V,parliamentary_party,,,suppressed,ME/ME0201/ME0201D/Nastbastaparti190
2024M05,2024-05-01,2024-05,kd,KD,KD,parliamentary_party,vet ej,vet ej/uppgift saknas,DONT_KNOW,dont_know,7.7,4.9,observed,ME/ME0201/ME0201D/Nastbastaparti190
2024M05,2024-05-01,2024-05,kd,KD,KD,parliamentary_party,övr,övriga,OTHER,other_party,0.0,0.0,observed,ME/ME0201/ME0201D/Nastbastaparti190
2024M05,2024-05-01,2024-05,l,L,L,parliamentary_party,SD,SD,SD,parliamentary_party,3.0,2.7,observed,ME/ME0201/ME0201D/Nastbastaparti190
2024M05,2024-05-01,2024-05,l,L,L,parliamentary_party,c,C,C,parliamentary_party,21.8,6.4,observed,ME/ME0201/ME0201D/Nastbastaparti190
2024M05,2024-05-01,2024-05,l,L,L,parliamentary_party,inget parti,inget parti,NO_SECOND_CHOICE,no_second_choice,6.7,5.5,observed,ME/ME0201/ME0201D/Nastbastaparti190
2024M05,2024-05-01,2024-05,l,L,L,parliamentary_party,kd,KD,KD,parliamentary_party,6.4,3.8,observed,ME/ME0201/ME0201D/Nastbastaparti190
2024M05,2024-05-01,2024-05,l,L,L,parliamentary_party,l,L,L,parliamentary_party,0.0,0.0,observed,ME/ME0201/ME0201D/Nastbastaparti190
2024M05,2024-05-01,2024-05,l,L,L,parliamentary_party,m,M,M,parliamentary_party,35.3,7.9,observed,ME/ME0201/ME0201D/Nastbastaparti190
2024M05,2024-05-01,2024-05,l,L,L,parliamentary_party,mp,MP,MP,parliamentary_party,,,suppressed,ME/ME0201/ME0201D/Nastbastaparti190
2024M05,2024-05-01,2024-05,l,L,L,parliamentary_party,s,S,S,parliamentary_party,18.3,6.0,observed,ME/ME0201/ME0201D/Nastbastaparti190
2024M05,2024-05-01,2024-05,l,L,L,parliamentary_party,v,V,V,parliamentary_party,,,suppressed,ME/ME0201/ME0201D/Nastbastaparti190
2024M05,2024-05-01,2024-05,l,L,L,parliamentary_party,vet ej,vet ej/uppgift saknas,DONT_KNOW,dont_know,5.8,3.6,observed,ME/ME0201/ME0201D/Nastbastaparti190
2024M05,2024-05-01,2024-05,l,L,L,parliamentary_party,övr,övriga,OTHER,other_party,,,suppressed,ME/ME0201/ME0201D/Nastbastaparti190
2024M05,2024-05-01,2024-05,m,M,M,parliamentary_party,SD,SD,SD,parliamentary_party,23.7,3.0,observed,ME/ME0201/ME0201D/Nastbastaparti190
2024M05,2024-05-01,2024-05,m,M,M,parliamentary_party,c,C,C,parliamentary_party,4.7,1.4,observed,ME/ME0201/ME0201D/Nastbastaparti190
2024M05,2024-05-01,2024-05,m,M,M,parliamentary_party,inget parti,inget parti,NO_SECOND_CHOICE,no_second_choice,9.9,2.3,observed,ME/ME0201/ME0201D/Nastbastaparti190
2024M05,2024-05-01,2024-05,m,M,M,parliamentary_party,kd,KD,KD,parliamentary_party,17.6,2.7,observed,ME/ME0201/ME0201D/Nastbastaparti190
2024M05,2024-05-01,2024-05,m,M,M,parliamentary_party,l,L,L,parliamentary_party,17.6,2.7,observed,ME/ME0201/ME0201D/Nastbastaparti190
2024M05,2024-05-01,2024-05,m,M,M,parliamentary_party,m,M,M,parliamentary_party,0.0,0.0,observed,ME/ME0201/ME0201D/Nastbastaparti190
2024M05,2024-05-01,2024-05,m,M,M,parliamentary_party,mp,MP,MP,parliamentary_party,1.4,0.8,observed,ME/ME0201/ME0201D/Nastbastaparti190
2024M05,2024-05-01,2024-05,m,M,M,parliamentary_party,s,S,S,parliamentary_party,13.2,2.5,observed,ME/ME0201/ME0201D/Nastbastaparti190
2024M05,2024-05-01,2024-05,m,M,M,parliamentary_party,v,V,V,parliamentary_party,1.0,0.7,observed,ME/ME0201/ME0201D/Nastbastaparti190
2024M05,2024-05-01,2024-05,m,M,M,parliamentary_party,vet ej,vet ej/uppgift saknas,DONT_KNOW,dont_know,9.8,2.3,observed,ME/ME0201/ME0201D/Nastbastaparti190
2024M05,2024-05-01,2024-05,m,M,M,parliamentary_party,övr,övriga,OTHER,other_party,1.2,0.8,observed,ME/ME0201/ME0201D/Nastbastaparti190
2024M05,2024-05-01,2024-05,mp,MP,MP,parliamentary_party,SD,SD,SD,parliamentary_party,,,suppressed,ME/ME0201/ME0201D/Nastbastaparti190
2024M05,2024-05-01,2024-05,mp,MP,MP,parliamentary_party,c,C,C,parliamentary_party,9.2,3.7,observed,ME/ME0201/ME0201D/Nastbastaparti190
2024M05,2024-05-01,2024-05,mp,MP,MP,parliamentary_party,inget parti,inget parti,NO_SECOND_CHOICE,no_second_choice,4.6,2.7,observed,ME/ME0201/ME0201D/Nastbastaparti190
2024M05,2024-05-01,2024-05,mp,MP,MP,parliamentary_party,kd,KD,KD,parliamentary_party,,,suppressed,ME/ME0201/ME0201D/Nastbastaparti190
2024M05,2024-05-01,2024-05,mp,MP,MP,parliamentary_party,l,L,L,parliamentary_party,1.7,1.7,observed,ME/ME0201/ME0201D/Nastbastaparti190
2024M05,2024-05-01,2024-05,mp,MP,MP,parliamentary_party,m,M,M,parliamentary_party,2.3,2.0,observed,ME/ME0201/ME0201D/Nastbastaparti190
2024M05,2024-05-01,2024-05,mp,MP,MP,parliamentary_party,mp,MP,MP,parliamentary_party,0.0,0.0,observed,ME/ME0201/ME0201D/Nastbastaparti190
2024M05,2024-05-01,2024-05,mp,MP,MP,parliamentary_party,s,S,S,parliamentary_party,44.6,6.5,observed,ME/ME0201/ME0201D/Nastbastaparti190
2024M05,2024-05-01,2024-05,mp,MP,MP,parliamentary_party,v,V,V,parliamentary_party,29.1,6.1,observed,ME/ME0201/ME0201D/Nastbastaparti190
2024M05,2024-05-01,2024-05,mp,MP,MP,parliamentary_party,vet ej,vet ej/uppgift saknas,DONT_KNOW,dont_know,5.6,3.0,observed,ME/ME0201/ME0201D/Nastbastaparti190
2024M05,2024-05-01,2024-05,mp,MP,MP,parliamentary_party,övr,övriga,OTHER,other_party,,,suppressed,ME/ME0201/ME0201D/Nastbastaparti190
2024M05,2024-05-01,2024-05,s,S,S,parliamentary_party,SD,SD,SD,parliamentary_party,3.3,1.0,observed,ME/ME0201/ME0201D/Nastbastaparti190
2024M05,2024-05-01,2024-05,s,S,S,parliamentary_party,c,C,C,parliamentary_party,12.7,1.7,observed,ME/ME0201/ME0201D/Nastbastaparti190
2024M05,2024-05-01,2024-05,s,S,S,parliamentary_party,inget parti,inget parti,NO_SECOND_CHOICE,no_second_choice,12.7,2.2,observed,ME/ME0201/ME0201D/Nastbastaparti190
2024M05,2024-05-01,2024-05,s,S,S,parliamentary_party,kd,KD,KD,parliamentary_party,1.6,0.9,observed,ME/ME0201/ME0201D/Nastbastaparti190
2024M05,2024-05-01,2024-05,s,S,S,parliamentary_party,l,L,L,parliamentary_party,5.2,1.2,observed,ME/ME0201/ME0201D/Nastbastaparti190
2024M05,2024-05-01,2024-05,s,S,S,parliamentary_party,m,M,M,parliamentary_party,9.3,1.7,observed,ME/ME0201/ME0201D/Nastbastaparti190
2024M05,2024-05-01,2024-05,s,S,S,parliamentary_party,mp,MP,MP,parliamentary_party,17.7,2.3,observed,ME/ME0201/ME0201D/Nastbastaparti190
2024M05,2024-05-01,2024-05,s,S,S,parliamentary_party,s,S,S,parliamentary_party,0.0,0.0,observed,ME/ME0201/ME0201D/Nastbastaparti190
2024M05,2024-05-01,2024-05,s,S,S,parliamentary_party,v,V,V,parliamentary_party,21.9,2.4,observed,ME/ME0201/ME0201D/Nastbastaparti190
2024M05,2024-05-01,2024-05,s,S,S,parliamentary_party,vet ej,vet ej/uppgift saknas,DONT_KNOW,dont_know,15.3,2.2,observed,ME/ME0201/ME0201D/Nastbastaparti190
2024M05,2024-05-01,2024-05,s,S,S,parliamentary_party,övr,övriga,OTHER,other_party,,,suppressed,ME/ME0201/ME0201D/Nastbastaparti190
2024M05,2024-05-01,2024-05,v,V,V,parliamentary_party,SD,SD,SD,parliamentary_party,,,suppressed,ME/ME0201/ME0201D/Nastbastaparti190
2024M05,2024-05-01,2024-05,v,V,V,parliamentary_party,c,C,C,parliamentary_party,1.1,1.1,observed,ME/ME0201/ME0201D/Nastbastaparti190
2024M05,2024-05-01,2024-05,v,V,V,parliamentary_party,inget parti,inget parti,NO_SECOND_CHOICE,no_second_choice,8.2,3.5,observed,ME/ME0201/ME0201D/Nastbastaparti190
2024M05,2024-05-01,2024-05,v,V,V,parliamentary_party,kd,KD,KD,parliamentary_party,,,suppressed,ME/ME0201/ME0201D/Nastbastaparti190
2024M05,2024-05-01,2024-05,v,V,V,parliamentary_party,l,L,L,parliamentary_party,,,suppressed,ME/ME0201/ME0201D/Nastbastaparti190
2024M05,2024-05-01,2024-05,v,V,V,parliamentary_party,m,M,M,parliamentary_party,1.9,1.4,observed,ME/ME0201/ME0201D/Nastbastaparti190
2024M05,2024-05-01,2024-05,v,V,V,parliamentary_party,mp,MP,MP,parliamentary_party,24.9,4.7,observed,ME/ME0201/ME0201D/Nastbastaparti190
2024M05,2024-05-01,2024-05,v,V,V,parliamentary_party,s,S,S,parliamentary_party,48.1,5.9,observed,ME/ME0201/ME0201D/Nastbastaparti190
2024M05,2024-05-01,2024-05,v,V,V,parliamentary_party,v,V,V,parliamentary_party,0.0,0.0,observed,ME/ME0201/ME0201D/Nastbastaparti190
2024M05,2024-05-01,2024-05,v,V,V,parliamentary_party,vet ej,vet ej/uppgift saknas,DONT_KNOW,dont_know,9.6,4.3,observed,ME/ME0201/ME0201D/Nastbastaparti190
2024M05,2024-05-01,2024-05,v,V,V,parliamentary_party,övr,övriga,OTHER,other_party,3.8,2.0,observed,ME/ME0201/ME0201D/Nastbastaparti190
2024M05,2024-05-01,2024-05,övr,övriga,OTHER,other_party,SD,SD,SD,parliamentary_party,32.1,12.8,observed,ME/ME0201/ME0201D/Nastbastaparti190
2024M05,2024-05-01,2024-05,övr,övriga,OTHER,other_party,c,C,C,parliamentary_party,,,suppressed,ME/ME0201/ME0201D/Nastbastaparti190
2024M05,2024-05-01,2024-05,övr,övriga,OTHER,other_party,inget parti,inget parti,NO_SECOND_CHOICE,no_second_choice,17.2,11.8,observed,ME/ME0201/ME0201D/Nastbastaparti190
2024M05,2024-05-01,2024-05,övr,övriga,OTHER,other_party,kd,KD,KD,parliamentary_party,,,suppressed,ME/ME0201/ME0201D/Nastbastaparti190
2024M05,2024-05-01,2024-05,övr,övriga,OTHER,other_party,l,L,L,parliamentary_party,0.0,0.0,observed,ME/ME0201/ME0201D/Nastbastaparti190
2024M05,2024-05-01,2024-05,övr,övriga,OTHER,other_party,m,M,M,parliamentary_party,7.5,5.9,observed,ME/ME0201/ME0201D/Nastbastaparti190
2024M05,2024-05-01,2024-05,övr,övriga,OTHER,other_party,mp,MP,MP,parliamentary_party,,,suppressed,ME/ME0201/ME0201D/Nastbastaparti190
2024M05,2024-05-01,2024-05,övr,övriga,OTHER,other_party,s,S,S,parliamentary_party,16.2,10.1,observed,ME/ME0201/ME0201D/Nastbastaparti190
2024M05,2024-05-01,2024-05,övr,övriga,OTHER,other_party,v,V,V,parliamentary_party,9.2,8.1,observed,ME/ME0201/ME0201D/Nastbastaparti190
2024M05,2024-05-01,2024-05,övr,övriga,OTHER,other_party,vet ej,vet ej/uppgift saknas,DONT_KNOW,dont_know,,,suppressed,ME/ME0201/ME0201D/Nastbastaparti190
2024M05,2024-05-01,2024-05,övr,övriga,OTHER,other_party,övr,övriga,OTHER,other_party,,,suppressed,ME/ME0201/ME0201D/Nastbastaparti190
2025M05,2025-05-01,2025-05,SD,SD,SD,parliamentary_party,SD,SD,SD,parliamentary_party,0.0,0.0,observed,ME/ME0201/ME0201D/Nastbastaparti190
2025M05,2025-05-01,2025-05,SD,SD,SD,parliamentary_party,c,C,C,parliamentary_party,1.3,1.2,observed,ME/ME0201/ME0201D/Nastbastaparti190
2025M05,2025-05-01,2025-05,SD,SD,SD,parliamentary_party,inget parti,inget parti,NO_SECOND_CHOICE,no_second_choice,19.1,3.6,observed,ME/ME0201/ME0201D/Nastbastaparti190
2025M05,2025-05-01,2025-05,SD,SD,SD,parliamentary_party,kd,KD,KD,parliamentary_party,10.9,2.8,observed,ME/ME0201/ME0201D/Nastbastaparti190
2025M05,2025-05-01,2025-05,SD,SD,SD,parliamentary_party,l,L,L,parliamentary_party,2.1,1.3,observed,ME/ME0201/ME0201D/Nastbastaparti190
2025M05,2025-05-01,2025-05,SD,SD,SD,parliamentary_party,m,M,M,parliamentary_party,45.7,4.4,observed,ME/ME0201/ME0201D/Nastbastaparti190
2025M05,2025-05-01,2025-05,SD,SD,SD,parliamentary_party,mp,MP,MP,parliamentary_party,,,suppressed,ME/ME0201/ME0201D/Nastbastaparti190
2025M05,2025-05-01,2025-05,SD,SD,SD,parliamentary_party,s,S,S,parliamentary_party,6.3,2.1,observed,ME/ME0201/ME0201D/Nastbastaparti190
2025M05,2025-05-01,2025-05,SD,SD,SD,parliamentary_party,v,V,V,parliamentary_party,1.5,1.3,observed,ME/ME0201/ME0201D/Nastbastaparti190
2025M05,2025-05-01,2025-05,SD,SD,SD,parliamentary_party,vet ej,vet ej/uppgift saknas,DONT_KNOW,dont_know,8.0,2.5,observed,ME/ME0201/ME0201D/Nastbastaparti190
2025M05,2025-05-01,2025-05,SD,SD,SD,parliamentary_party,övr,övriga,OTHER,other_party,4.2,1.7,observed,ME/ME0201/ME0201D/Nastbastaparti190
2025M05,2025-05-01,2025-05,c,C,C,parliamentary_party,SD,SD,SD,parliamentary_party,,,suppressed,ME/ME0201/ME0201D/Nastbastaparti190
2025M05,2025-05-01,2025-05,c,C,C,parliamentary_party,c,C,C,parliamentary_party,0.0,0.0,observed,ME/ME0201/ME0201D/Nastbastaparti190
2025M05,2025-05-01,2025-05,c,C,C,parliamentary_party,inget parti,inget parti,NO_SECOND_CHOICE,no_second_choice,6.4,3.3,observed,ME/ME0201/ME0201D/Nastbastaparti190
2025M05,2025-05-01,2025-05,c,C,C,parliamentary_party,kd,KD,KD,parliamentary_party,,,suppressed,ME/ME0201/ME0201D/Nastbastaparti190
2025M05,2025-05-01,2025-05,c,C,C,parliamentary_party,l,L,L,parliamentary_party,14.6,4.8,observed,ME/ME0201/ME0201D/Nastbastaparti190
2025M05,2025-05-01,2025-05,c,C,C,parliamentary_party,m,M,M,parliamentary_party,19.5,5.5,observed,ME/ME0201/ME0201D/Nastbastaparti190
2025M05,2025-05-01,2025-05,c,C,C,parliamentary_party,mp,MP,MP,parliamentary_party,6.2,3.2,observed,ME/ME0201/ME0201D/Nastbastaparti190
2025M05,2025-05-01,2025-05,c,C,C,parliamentary_party,s,S,S,parliamentary_party,39.4,6.9,observed,ME/ME0201/ME0201D/Nastbastaparti190
2025M05,2025-05-01,2025-05,c,C,C,parliamentary_party,v,V,V,parliamentary_party,1.8,1.8,observed,ME/ME0201/ME0201D/Nastbastaparti190
2025M05,2025-05-01,2025-05,c,C,C,parliamentary_party,vet ej,vet ej/uppgift saknas,DONT_KNOW,dont_know,10.5,4.6,observed,ME/ME0201/ME0201D/Nastbastaparti190
2025M05,2025-05-01,2025-05,c,C,C,parliamentary_party,övr,övriga,OTHER,other_party,0.0,0.0,observed,ME/ME0201/ME0201D/Nastbastaparti190
2025M05,2025-05-01,2025-05,hela väljarkåren,hela väljarkåren,TOTAL_ELECTORATE,total_electorate,SD,SD,SD,parliamentary_party,6.2,0.7,observed,ME/ME0201/ME0201D/Nastbastaparti190
2025M05,2025-05-01,2025-05,hela väljarkåren,hela väljarkåren,TOTAL_ELECTORATE,total_electorate,c,C,C,parliamentary_party,6.3,0.7,observed,ME/ME0201/ME0201D/Nastbastaparti190
2025M05,2025-05-01,2025-05,hela väljarkåren,hela väljarkåren,TOTAL_ELECTORATE,total_electorate,inget parti,inget parti,NO_SECOND_CHOICE,no_second_choice,10.9,1.0,observed,ME/ME0201/ME0201D/Nastbastaparti190
2025M05,2025-05-01,2025-05,hela väljarkåren,hela väljarkåren,TOTAL_ELECTORATE,total_electorate,kd,KD,KD,parliamentary_party,5.1,0.7,observed,ME/ME0201/ME0201D/Nastbastaparti190
2025M05,2025-05-01,2025-05,hela väljarkåren,hela väljarkåren,TOTAL_ELECTORATE,total_electorate,l,L,L,parliamentary_party,4.8,0.6,observed,ME/ME0201/ME0201D/Nastbastaparti190
2025M05,2025-05-01,2025-05,hela väljarkåren,hela väljarkåren,TOTAL_ELECTORATE,total_electorate,m,M,M,parliamentary_party,12.8,1.0,observed,ME/ME0201/ME0201D/Nastbastaparti190
2025M05,2025-05-01,2025-05,hela väljarkåren,hela väljarkåren,TOTAL_ELECTORATE,total_electorate,mp,MP,MP,parliamentary_party,7.7,0.8,observed,ME/ME0201/ME0201D/Nastbastaparti190
2025M05,2025-05-01,2025-05,hela väljarkåren,hela väljarkåren,TOTAL_ELECTORATE,total_electorate,s,S,S,parliamentary_party,11.1,0.9,observed,ME/ME0201/ME0201D/Nastbastaparti190
2025M05,2025-05-01,2025-05,hela väljarkåren,hela väljarkåren,TOTAL_ELECTORATE,total_electorate,v,V,V,parliamentary_party,8.4,0.8,observed,ME/ME0201/ME0201D/Nastbastaparti190
2025M05,2025-05-01,2025-05,hela väljarkåren,hela väljarkåren,TOTAL_ELECTORATE,total_electorate,vet ej,vet ej/uppgift saknas,DONT_KNOW,dont_know,25.3,1.4,observed,ME/ME0201/ME0201D/Nastbastaparti190
2025M05,2025-05-01,2025-05,hela väljarkåren,hela väljarkåren,TOTAL_ELECTORATE,total_electorate,övr,övriga,OTHER,other_party,1.4,0.4,observed,ME/ME0201/ME0201D/Nastbastaparti190
2025M05,2025-05-01,2025-05,ingen sympati/vet ej,ingen sympati/vet ej,NO_SYMPATHY_OR_DONT_KNOW,no_sympathy,SD,SD,SD,parliamentary_party,0.0,0.0,observed,ME/ME0201/ME0201D/Nastbastaparti190
2025M05,2025-05-01,2025-05,ingen sympati/vet ej,ingen sympati/vet ej,NO_SYMPATHY_OR_DONT_KNOW,no_sympathy,c,C,C,parliamentary_party,0.0,0.0,observed,ME/ME0201/ME0201D/Nastbastaparti190
2025M05,2025-05-01,2025-05,ingen sympati/vet ej,ingen sympati/vet ej,NO_SYMPATHY_OR_DONT_KNOW,no_sympathy,inget parti,inget parti,NO_SECOND_CHOICE,no_second_choice,0.0,0.0,observed,ME/ME0201/ME0201D/Nastbastaparti190
2025M05,2025-05-01,2025-05,ingen sympati/vet ej,ingen sympati/vet ej,NO_SYMPATHY_OR_DONT_KNOW,no_sympathy,kd,KD,KD,parliamentary_party,0.0,0.0,observed,ME/ME0201/ME0201D/Nastbastaparti190
2025M05,2025-05-01,2025-05,ingen sympati/vet ej,ingen sympati/vet ej,NO_SYMPATHY_OR_DONT_KNOW,no_sympathy,l,L,L,parliamentary_party,0.0,0.0,observed,ME/ME0201/ME0201D/Nastbastaparti190
2025M05,2025-05-01,2025-05,ingen sympati/vet ej,ingen sympati/vet ej,NO_SYMPATHY_OR_DONT_KNOW,no_sympathy,m,M,M,parliamentary_party,0.0,0.0,observed,ME/ME0201/ME0201D/Nastbastaparti190
2025M05,2025-05-01,2025-05,ingen sympati/vet ej,ingen sympati/vet ej,NO_SYMPATHY_OR_DONT_KNOW,no_sympathy,mp,MP,MP,parliamentary_party,0.0,0.0,observed,ME/ME0201/ME0201D/Nastbastaparti190
2025M05,2025-05-01,2025-05,ingen sympati/vet ej,ingen sympati/vet ej,NO_SYMPATHY_OR_DONT_KNOW,no_sympathy,s,S,S,parliamentary_party,0.0,0.0,observed,ME/ME0201/ME0201D/Nastbastaparti190
2025M05,2025-05-01,2025-05,ingen sympati/vet ej,ingen sympati/vet ej,NO_SYMPATHY_OR_DONT_KNOW,no_sympathy,v,V,V,parliamentary_party,0.0,0.0,observed,ME/ME0201/ME0201D/Nastbastaparti190
2025M05,2025-05-01,2025-05,ingen sympati/vet ej,ingen sympati/vet ej,NO_SYMPATHY_OR_DONT_KNOW,no_sympathy,vet ej,vet ej/uppgift saknas,DONT_KNOW,dont_know,100.0,0.0,observed,ME/ME0201/ME0201D/Nastbastaparti190
2025M05,2025-05-01,2025-05,ingen sympati/vet ej,ingen sympati/vet ej,NO_SYMPATHY_OR_DONT_KNOW,no_sympathy,övr,övriga,OTHER,other_party,0.0,0.0,observed,ME/ME0201/ME0201D/Nastbastaparti190
2025M05,2025-05-01,2025-05,kd,KD,KD,parliamentary_party,SD,SD,SD,parliamentary_party,14.8,6.4,observed,ME/ME0201/ME0201D/Nastbastaparti190
2025M05,2025-05-01,2025-05,kd,KD,KD,parliamentary_party,c,C,C,parliamentary_party,4.4,3.5,observed,ME/ME0201/ME0201D/Nastbastaparti190
2025M05,2025-05-01,2025-05,kd,KD,KD,parliamentary_party,inget parti,inget parti,NO_SECOND_CHOICE,no_second_choice,11.2,6.0,observed,ME/ME0201/ME0201D/Nastbastaparti190
2025M05,2025-05-01,2025-05,kd,KD,KD,parliamentary_party,kd,KD,KD,parliamentary_party,0.0,0.0,observed,ME/ME0201/ME0201D/Nastbastaparti190
2025M05,2025-05-01,2025-05,kd,KD,KD,parliamentary_party,l,L,L,parliamentary_party,,,suppressed,ME/ME0201/ME0201D/Nastbastaparti190
2025M05,2025-05-01,2025-05,kd,KD,KD,parliamentary_party,m,M,M,parliamentary_party,43.6,8.7,observed,ME/ME0201/ME0201D/Nastbastaparti190
2025M05,2025-05-01,2025-05,kd,KD,KD,parliamentary_party,mp,MP,MP,parliamentary_party,4.2,3.6,observed,ME/ME0201/ME0201D/Nastbastaparti190
2025M05,2025-05-01,2025-05,kd,KD,KD,parliamentary_party,s,S,S,parliamentary_party,9.4,5.1,observed,ME/ME0201/ME0201D/Nastbastaparti190
2025M05,2025-05-01,2025-05,kd,KD,KD,parliamentary_party,v,V,V,parliamentary_party,,,suppressed,ME/ME0201/ME0201D/Nastbastaparti190
2025M05,2025-05-01,2025-05,kd,KD,KD,parliamentary_party,vet ej,vet ej/uppgift saknas,DONT_KNOW,dont_know,8.3,4.8,observed,ME/ME0201/ME0201D/Nastbastaparti190
2025M05,2025-05-01,2025-05,kd,KD,KD,parliamentary_party,övr,övriga,OTHER,other_party,,,suppressed,ME/ME0201/ME0201D/Nastbastaparti190
2025M05,2025-05-01,2025-05,l,L,L,parliamentary_party,SD,SD,SD,parliamentary_party,,,suppressed,ME/ME0201/ME0201D/Nastbastaparti190
2025M05,2025-05-01,2025-05,l,L,L,parliamentary_party,c,C,C,parliamentary_party,19.5,6.6,observed,ME/ME0201/ME0201D/Nastbastaparti190
2025M05,2025-05-01,2025-05,l,L,L,parliamentary_party,inget parti,inget parti,NO_SECOND_CHOICE,no_second_choice,6.8,4.3,observed,ME/ME0201/ME0201D/Nastbastaparti190
2025M05,2025-05-01,2025-05,l,L,L,parliamentary_party,kd,KD,KD,parliamentary_party,3.2,2.6,observed,ME/ME0201/ME0201D/Nastbastaparti190
2025M05,2025-05-01,2025-05,l,L,L,parliamentary_party,l,L,L,parliamentary_party,0.0,0.0,observed,ME/ME0201/ME0201D/Nastbastaparti190
2025M05,2025-05-01,2025-05,l,L,L,parliamentary_party,m,M,M,parliamentary_party,34.4,7.9,observed,ME/ME0201/ME0201D/Nastbastaparti190
2025M05,2025-05-01,2025-05,l,L,L,parliamentary_party,mp,MP,MP,parliamentary_party,6.1,4.0,observed,ME/ME0201/ME0201D/Nastbastaparti190
2025M05,2025-05-01,2025-05,l,L,L,parliamentary_party,s,S,S,parliamentary_party,22.4,7.6,observed,ME/ME0201/ME0201D/Nastbastaparti190
2025M05,2025-05-01,2025-05,l,L,L,parliamentary_party,v,V,V,parliamentary_party,,,suppressed,ME/ME0201/ME0201D/Nastbastaparti190
2025M05,2025-05-01,2025-05,l,L,L,parliamentary_party,vet ej,vet ej/uppgift saknas,DONT_KNOW,dont_know,6.0,4.1,observed,ME/ME0201/ME0201D/Nastbastaparti190
2025M05,2025-05-01,2025-05,l,L,L,parliamentary_party,övr,övriga,OTHER,other_party,0.0,0.0,observed,ME/ME0201/ME0201D/Nastbastaparti190
2025M05,2025-05-01,2025-05,m,M,M,parliamentary_party,SD,SD,SD,parliamentary_party,22.8,3.1,observed,ME/ME0201/ME0201D/Nastbastaparti190
2025M05,2025-05-01,2025-05,m,M,M,parliamentary_party,c,C,C,parliamentary_party,4.9,1.5,observed,ME/ME0201/ME0201D/Nastbastaparti190
2025M05,2025-05-01,2025-05,m,M,M,parliamentary_party,inget parti,inget parti,NO_SECOND_CHOICE,no_second_choice,11.1,2.4,observed,ME/ME0201/ME0201D/Nastbastaparti190
2025M05,2025-05-01,2025-05,m,M,M,parliamentary_party,kd,KD,KD,parliamentary_party,18.3,2.6,observed,ME/ME0201/ME0201D/Nastbastaparti190
2025M05,2025-05-01,2025-05,m,M,M,parliamentary_party,l,L,L,parliamentary_party,14.9,2.3,observed,ME/ME0201/ME0201D/Nastbastaparti190
2025M05,2025-05-01,2025-05,m,M,M,parliamentary_party,m,M,M,parliamentary_party,0.0,0.0,observed,ME/ME0201/ME0201D/Nastbastaparti190
2025M05,2025-05-01,2025-05,m,M,M,parliamentary_party,mp,MP,MP,parliamentary_party,0.9,0.6,observed,ME/ME0201/ME0201D/Nastbastaparti190
2025M05,2025-05-01,2025-05,m,M,M,parliamentary_party,s,S,S,parliamentary_party,14.6,2.6,observed,ME/ME0201/ME0201D/Nastbastaparti190
2025M05,2025-05-01,2025-05,m,M,M,parliamentary_party,v,V,V,parliamentary_party,0.5,0.5,observed,ME/ME0201/ME0201D/Nastbastaparti190
2025M05,2025-05-01,2025-05,m,M,M,parliamentary_party,vet ej,vet ej/uppgift saknas,DONT_KNOW,dont_know,11.1,2.4,observed,ME/ME0201/ME0201D/Nastbastaparti190
2025M05,2025-05-01,2025-05,m,M,M,parliamentary_party,övr,övriga,OTHER,other_party,0.9,0.8,observed,ME/ME0201/ME0201D/Nastbastaparti190
2025M05,2025-05-01,2025-05,mp,MP,MP,parliamentary_party,SD,SD,SD,parliamentary_party,1.9,1.9,observed,ME/ME0201/ME0201D/Nastbastaparti190
2025M05,2025-05-01,2025-05,mp,MP,MP,parliamentary_party,c,C,C,parliamentary_party,8.1,3.5,observed,ME/ME0201/ME0201D/Nastbastaparti190
2025M05,2025-05-01,2025-05,mp,MP,MP,parliamentary_party,inget parti,inget parti,NO_SECOND_CHOICE,no_second_choice,5.4,3.1,observed,ME/ME0201/ME0201D/Nastbastaparti190
2025M05,2025-05-01,2025-05,mp,MP,MP,parliamentary_party,kd,KD,KD,parliamentary_party,,,suppressed,ME/ME0201/ME0201D/Nastbastaparti190
2025M05,2025-05-01,2025-05,mp,MP,MP,parliamentary_party,l,L,L,parliamentary_party,2.0,1.8,observed,ME/ME0201/ME0201D/Nastbastaparti190
2025M05,2025-05-01,2025-05,mp,MP,MP,parliamentary_party,m,M,M,parliamentary_party,2.9,2.8,observed,ME/ME0201/ME0201D/Nastbastaparti190
2025M05,2025-05-01,2025-05,mp,MP,MP,parliamentary_party,mp,MP,MP,parliamentary_party,0.0,0.0,observed,ME/ME0201/ME0201D/Nastbastaparti190
2025M05,2025-05-01,2025-05,mp,MP,MP,parliamentary_party,s,S,S,parliamentary_party,46.3,6.3,observed,ME/ME0201/ME0201D/Nastbastaparti190
2025M05,2025-05-01,2025-05,mp,MP,MP,parliamentary_party,v,V,V,parliamentary_party,25.2,5.3,observed,ME/ME0201/ME0201D/Nastbastaparti190
2025M05,2025-05-01,2025-05,mp,MP,MP,parliamentary_party,vet ej,vet ej/uppgift saknas,DONT_KNOW,dont_know,6.4,3.3,observed,ME/ME0201/ME0201D/Nastbastaparti190
2025M05,2025-05-01,2025-05,mp,MP,MP,parliamentary_party,övr,övriga,OTHER,other_party,1.4,1.4,observed,ME/ME0201/ME0201D/Nastbastaparti190
2025M05,2025-05-01,2025-05,s,S,S,parliamentary_party,SD,SD,SD,parliamentary_party,4.7,1.2,observed,ME/ME0201/ME0201D/Nastbastaparti190
2025M05,2025-05-01,2025-05,s,S,S,parliamentary_party,c,C,C,parliamentary_party,14.1,1.9,observed,ME/ME0201/ME0201D/Nastbastaparti190
2025M05,2025-05-01,2025-05,s,S,S,parliamentary_party,inget parti,inget parti,NO_SECOND_CHOICE,no_second_choice,14.9,2.1,observed,ME/ME0201/ME0201D/Nastbastaparti190
2025M05,2025-05-01,2025-05,s,S,S,parliamentary_party,kd,KD,KD,parliamentary_party,1.4,0.8,observed,ME/ME0201/ME0201D/Nastbastaparti190
2025M05,2025-05-01,2025-05,s,S,S,parliamentary_party,l,L,L,parliamentary_party,4.4,1.1,observed,ME/ME0201/ME0201D/Nastbastaparti190
2025M05,2025-05-01,2025-05,s,S,S,parliamentary_party,m,M,M,parliamentary_party,9.3,1.5,observed,ME/ME0201/ME0201D/Nastbastaparti190
2025M05,2025-05-01,2025-05,s,S,S,parliamentary_party,mp,MP,MP,parliamentary_party,16.4,2.1,observed,ME/ME0201/ME0201D/Nastbastaparti190
2025M05,2025-05-01,2025-05,s,S,S,parliamentary_party,s,S,S,parliamentary_party,0.0,0.0,observed,ME/ME0201/ME0201D/Nastbastaparti190
2025M05,2025-05-01,2025-05,s,S,S,parliamentary_party,v,V,V,parliamentary_party,22.0,2.3,observed,ME/ME0201/ME0201D/Nastbastaparti190
2025M05,2025-05-01,2025-05,s,S,S,parliamentary_party,vet ej,vet ej/uppgift saknas,DONT_KNOW,dont_know,12.4,1.9,observed,ME/ME0201/ME0201D/Nastbastaparti190
2025M05,2025-05-01,2025-05,s,S,S,parliamentary_party,övr,övriga,OTHER,other_party,0.4,0.4,observed,ME/ME0201/ME0201D/Nastbastaparti190
2025M05,2025-05-01,2025-05,v,V,V,parliamentary_party,SD,SD,SD,parliamentary_party,3.5,2.9,observed,ME/ME0201/ME0201D/Nastbastaparti190
2025M05,2025-05-01,2025-05,v,V,V,parliamentary_party,c,C,C,parliamentary_party,1.5,1.4,observed,ME/ME0201/ME0201D/Nastbastaparti190
2025M05,2025-05-01,2025-05,v,V,V,parliamentary_party,inget parti,inget parti,NO_SECOND_CHOICE,no_second_choice,9.8,3.5,observed,ME/ME0201/ME0201D/Nastbastaparti190
2025M05,2025-05-01,2025-05,v,V,V,parliamentary_party,kd,KD,KD,parliamentary_party,,,suppressed,ME/ME0201/ME0201D/Nastbastaparti190
2025M05,2025-05-01,2025-05,v,V,V,parliamentary_party,l,L,L,parliamentary_party,1.4,1.2,observed,ME/ME0201/ME0201D/Nastbastaparti190
2025M05,2025-05-01,2025-05,v,V,V,parliamentary_party,m,M,M,parliamentary_party,,,suppressed,ME/ME0201/ME0201D/Nastbastaparti190
2025M05,2025-05-01,2025-05,v,V,V,parliamentary_party,mp,MP,MP,parliamentary_party,30.4,5.2,observed,ME/ME0201/ME0201D/Nastbastaparti190
2025M05,2025-05-01,2025-05,v,V,V,parliamentary_party,s,S,S,parliamentary_party,41.5,5.5,observed,ME/ME0201/ME0201D/Nastbastaparti190
2025M05,2025-05-01,2025-05,v,V,V,parliamentary_party,v,V,V,parliamentary_party,0.0,0.0,observed,ME/ME0201/ME0201D/Nastbastaparti190
2025M05,2025-05-01,2025-05,v,V,V,parliamentary_party,vet ej,vet ej/uppgift saknas,DONT_KNOW,dont_know,7.9,3.3,observed,ME/ME0201/ME0201D/Nastbastaparti190
2025M05,2025-05-01,2025-05,v,V,V,parliamentary_party,övr,övriga,OTHER,other_party,3.1,1.9,observed,ME/ME0201/ME0201D/Nastbastaparti190
2025M05,2025-05-01,2025-05,övr,övriga,OTHER,other_party,SD,SD,SD,parliamentary_party,25.7,12.3,observed,ME/ME0201/ME0201D/Nastbastaparti190
2025M05,2025-05-01,2025-05,övr,övriga,OTHER,other_party,c,C,C,parliamentary_party,0.0,0.0,observed,ME/ME0201/ME0201D/Nastbastaparti190
2025M05,2025-05-01,2025-05,övr,övriga,OTHER,other_party,inget parti,inget parti,NO_SECOND_CHOICE,no_second_choice,11.1,8.1,observed,ME/ME0201/ME0201D/Nastbastaparti190
2025M05,2025-05-01,2025-05,övr,övriga,OTHER,other_party,kd,KD,KD,parliamentary_party,,,suppressed,ME/ME0201/ME0201D/Nastbastaparti190
2025M05,2025-05-01,2025-05,övr,övriga,OTHER,other_party,l,L,L,parliamentary_party,0.0,0.0,observed,ME/ME0201/ME0201D/Nastbastaparti190
2025M05,2025-05-01,2025-05,övr,övriga,OTHER,other_party,m,M,M,parliamentary_party,8.0,7.1,observed,ME/ME0201/ME0201D/Nastbastaparti190
2025M05,2025-05-01,2025-05,övr,övriga,OTHER,other_party,mp,MP,MP,parliamentary_party,,,suppressed,ME/ME0201/ME0201D/Nastbastaparti190
2025M05,2025-05-01,2025-05,övr,övriga,OTHER,other_party,s,S,S,parliamentary_party,13.1,10.1,observed,ME/ME0201/ME0201D/Nastbastaparti190
2025M05,2025-05-01,2025-05,övr,övriga,OTHER,other_party,v,V,V,parliamentary_party,,,suppressed,ME/ME0201/ME0201D/Nastbastaparti190
2025M05,2025-05-01,2025-05,övr,övriga,OTHER,other_party,vet ej,vet ej/uppgift saknas,DONT_KNOW,dont_know,18.6,12.2,observed,ME/ME0201/ME0201D/Nastbastaparti190
2025M05,2025-05-01,2025-05,övr,övriga,OTHER,other_party,övr,övriga,OTHER,other_party,11.6,8.6,observed,ME/ME0201/ME0201D/Nastbastaparti190
2026M05,2026-05-01,2026-05,SD,SD,SD,parliamentary_party,SD,SD,SD,parliamentary_party,0.0,0.0,observed,ME/ME0201/ME0201D/Nastbastaparti190
2026M05,2026-05-01,2026-05,SD,SD,SD,parliamentary_party,c,C,C,parliamentary_party,,,suppressed,ME/ME0201/ME0201D/Nastbastaparti190
2026M05,2026-05-01,2026-05,SD,SD,SD,parliamentary_party,inget parti,inget parti,NO_SECOND_CHOICE,no_second_choice,14.8,3.1,observed,ME/ME0201/ME0201D/Nastbastaparti190
2026M05,2026-05-01,2026-05,SD,SD,SD,parliamentary_party,kd,KD,KD,parliamentary_party,21.2,3.4,observed,ME/ME0201/ME0201D/Nastbastaparti190
2026M05,2026-05-01,2026-05,SD,SD,SD,parliamentary_party,l,L,L,parliamentary_party,1.7,1.1,observed,ME/ME0201/ME0201D/Nastbastaparti190
2026M05,2026-05-01,2026-05,SD,SD,SD,parliamentary_party,m,M,M,parliamentary_party,44.0,4.2,observed,ME/ME0201/ME0201D/Nastbastaparti190
2026M05,2026-05-01,2026-05,SD,SD,SD,parliamentary_party,mp,MP,MP,parliamentary_party,1.0,0.8,observed,ME/ME0201/ME0201D/Nastbastaparti190
2026M05,2026-05-01,2026-05,SD,SD,SD,parliamentary_party,s,S,S,parliamentary_party,6.0,2.0,observed,ME/ME0201/ME0201D/Nastbastaparti190
2026M05,2026-05-01,2026-05,SD,SD,SD,parliamentary_party,v,V,V,parliamentary_party,1.3,1.1,observed,ME/ME0201/ME0201D/Nastbastaparti190
2026M05,2026-05-01,2026-05,SD,SD,SD,parliamentary_party,vet ej,vet ej/uppgift saknas,DONT_KNOW,dont_know,6.6,2.3,observed,ME/ME0201/ME0201D/Nastbastaparti190
2026M05,2026-05-01,2026-05,SD,SD,SD,parliamentary_party,övr,övriga,OTHER,other_party,3.3,1.5,observed,ME/ME0201/ME0201D/Nastbastaparti190
2026M05,2026-05-01,2026-05,c,C,C,parliamentary_party,SD,SD,SD,parliamentary_party,,,suppressed,ME/ME0201/ME0201D/Nastbastaparti190
2026M05,2026-05-01,2026-05,c,C,C,parliamentary_party,c,C,C,parliamentary_party,0.0,0.0,observed,ME/ME0201/ME0201D/Nastbastaparti190
2026M05,2026-05-01,2026-05,c,C,C,parliamentary_party,inget parti,inget parti,NO_SECOND_CHOICE,no_second_choice,5.8,3.1,observed,ME/ME0201/ME0201D/Nastbastaparti190
2026M05,2026-05-01,2026-05,c,C,C,parliamentary_party,kd,KD,KD,parliamentary_party,3.7,2.4,observed,ME/ME0201/ME0201D/Nastbastaparti190
2026M05,2026-05-01,2026-05,c,C,C,parliamentary_party,l,L,L,parliamentary_party,6.9,3.4,observed,ME/ME0201/ME0201D/Nastbastaparti190
2026M05,2026-05-01,2026-05,c,C,C,parliamentary_party,m,M,M,parliamentary_party,18.3,5.1,observed,ME/ME0201/ME0201D/Nastbastaparti190
2026M05,2026-05-01,2026-05,c,C,C,parliamentary_party,mp,MP,MP,parliamentary_party,11.8,4.1,observed,ME/ME0201/ME0201D/Nastbastaparti190
2026M05,2026-05-01,2026-05,c,C,C,parliamentary_party,s,S,S,parliamentary_party,38.3,6.4,observed,ME/ME0201/ME0201D/Nastbastaparti190
2026M05,2026-05-01,2026-05,c,C,C,parliamentary_party,v,V,V,parliamentary_party,3.3,2.5,observed,ME/ME0201/ME0201D/Nastbastaparti190
2026M05,2026-05-01,2026-05,c,C,C,parliamentary_party,vet ej,vet ej/uppgift saknas,DONT_KNOW,dont_know,9.8,3.8,observed,ME/ME0201/ME0201D/Nastbastaparti190
2026M05,2026-05-01,2026-05,c,C,C,parliamentary_party,övr,övriga,OTHER,other_party,,,suppressed,ME/ME0201/ME0201D/Nastbastaparti190
2026M05,2026-05-01,2026-05,hela väljarkåren,hela väljarkåren,TOTAL_ELECTORATE,total_electorate,SD,SD,SD,parliamentary_party,6.6,0.8,observed,ME/ME0201/ME0201D/Nastbastaparti190
2026M05,2026-05-01,2026-05,hela väljarkåren,hela väljarkåren,TOTAL_ELECTORATE,total_electorate,c,C,C,parliamentary_party,7.1,0.7,observed,ME/ME0201/ME0201D/Nastbastaparti190
2026M05,2026-05-01,2026-05,hela väljarkåren,hela väljarkåren,TOTAL_ELECTORATE,total_electorate,inget parti,inget parti,NO_SECOND_CHOICE,no_second_choice,9.7,1.0,observed,ME/ME0201/ME0201D/Nastbastaparti190
2026M05,2026-05-01,2026-05,hela väljarkåren,hela väljarkåren,TOTAL_ELECTORATE,total_electorate,kd,KD,KD,parliamentary_party,7.6,0.8,observed,ME/ME0201/ME0201D/Nastbastaparti190
2026M05,2026-05-01,2026-05,hela väljarkåren,hela väljarkåren,TOTAL_ELECTORATE,total_electorate,l,L,L,parliamentary_party,3.5,0.5,observed,ME/ME0201/ME0201D/Nastbastaparti190
2026M05,2026-05-01,2026-05,hela väljarkåren,hela väljarkåren,TOTAL_ELECTORATE,total_electorate,m,M,M,parliamentary_party,13.1,1.0,observed,ME/ME0201/ME0201D/Nastbastaparti190
2026M05,2026-05-01,2026-05,hela väljarkåren,hela väljarkåren,TOTAL_ELECTORATE,total_electorate,mp,MP,MP,parliamentary_party,7.7,0.8,observed,ME/ME0201/ME0201D/Nastbastaparti190
2026M05,2026-05-01,2026-05,hela väljarkåren,hela väljarkåren,TOTAL_ELECTORATE,total_electorate,s,S,S,parliamentary_party,11.1,0.9,observed,ME/ME0201/ME0201D/Nastbastaparti190
2026M05,2026-05-01,2026-05,hela väljarkåren,hela väljarkåren,TOTAL_ELECTORATE,total_electorate,v,V,V,parliamentary_party,9.1,0.9,observed,ME/ME0201/ME0201D/Nastbastaparti190
2026M05,2026-05-01,2026-05,hela väljarkåren,hela väljarkåren,TOTAL_ELECTORATE,total_electorate,vet ej,vet ej/uppgift saknas,DONT_KNOW,dont_know,23.1,1.4,observed,ME/ME0201/ME0201D/Nastbastaparti190
2026M05,2026-05-01,2026-05,hela väljarkåren,hela väljarkåren,TOTAL_ELECTORATE,total_electorate,övr,övriga,OTHER,other_party,1.4,0.4,observed,ME/ME0201/ME0201D/Nastbastaparti190
2026M05,2026-05-01,2026-05,ingen sympati/vet ej,ingen sympati/vet ej,NO_SYMPATHY_OR_DONT_KNOW,no_sympathy,SD,SD,SD,parliamentary_party,0.0,0.0,observed,ME/ME0201/ME0201D/Nastbastaparti190
2026M05,2026-05-01,2026-05,ingen sympati/vet ej,ingen sympati/vet ej,NO_SYMPATHY_OR_DONT_KNOW,no_sympathy,c,C,C,parliamentary_party,0.0,0.0,observed,ME/ME0201/ME0201D/Nastbastaparti190
2026M05,2026-05-01,2026-05,ingen sympati/vet ej,ingen sympati/vet ej,NO_SYMPATHY_OR_DONT_KNOW,no_sympathy,inget parti,inget parti,NO_SECOND_CHOICE,no_second_choice,0.0,0.0,observed,ME/ME0201/ME0201D/Nastbastaparti190
2026M05,2026-05-01,2026-05,ingen sympati/vet ej,ingen sympati/vet ej,NO_SYMPATHY_OR_DONT_KNOW,no_sympathy,kd,KD,KD,parliamentary_party,0.0,0.0,observed,ME/ME0201/ME0201D/Nastbastaparti190
2026M05,2026-05-01,2026-05,ingen sympati/vet ej,ingen sympati/vet ej,NO_SYMPATHY_OR_DONT_KNOW,no_sympathy,l,L,L,parliamentary_party,0.0,0.0,observed,ME/ME0201/ME0201D/Nastbastaparti190
2026M05,2026-05-01,2026-05,ingen sympati/vet ej,ingen sympati/vet ej,NO_SYMPATHY_OR_DONT_KNOW,no_sympathy,m,M,M,parliamentary_party,0.0,0.0,observed,ME/ME0201/ME0201D/Nastbastaparti190
2026M05,2026-05-01,2026-05,ingen sympati/vet ej,ingen sympati/vet ej,NO_SYMPATHY_OR_DONT_KNOW,no_sympathy,mp,MP,MP,parliamentary_party,0.0,0.0,observed,ME/ME0201/ME0201D/Nastbastaparti190
2026M05,2026-05-01,2026-05,ingen sympati/vet ej,ingen sympati/vet ej,NO_SYMPATHY_OR_DONT_KNOW,no_sympathy,s,S,S,parliamentary_party,0.0,0.0,observed,ME/ME0201/ME0201D/Nastbastaparti190
2026M05,2026-05-01,2026-05,ingen sympati/vet ej,ingen sympati/vet ej,NO_SYMPATHY_OR_DONT_KNOW,no_sympathy,v,V,V,parliamentary_party,0.0,0.0,observed,ME/ME0201/ME0201D/Nastbastaparti190
2026M05,2026-05-01,2026-05,ingen sympati/vet ej,ingen sympati/vet ej,NO_SYMPATHY_OR_DONT_KNOW,no_sympathy,vet ej,vet ej/uppgift saknas,DONT_KNOW,dont_know,100.0,0.0,observed,ME/ME0201/ME0201D/Nastbastaparti190
2026M05,2026-05-01,2026-05,ingen sympati/vet ej,ingen sympati/vet ej,NO_SYMPATHY_OR_DONT_KNOW,no_sympathy,övr,övriga,OTHER,other_party,0.0,0.0,observed,ME/ME0201/ME0201D/Nastbastaparti190
2026M05,2026-05-01,2026-05,kd,KD,KD,parliamentary_party,SD,SD,SD,parliamentary_party,20.2,6.7,observed,ME/ME0201/ME0201D/Nastbastaparti190
2026M05,2026-05-01,2026-05,kd,KD,KD,parliamentary_party,c,C,C,parliamentary_party,8.2,4.4,observed,ME/ME0201/ME0201D/Nastbastaparti190
2026M05,2026-05-01,2026-05,kd,KD,KD,parliamentary_party,inget parti,inget parti,NO_SECOND_CHOICE,no_second_choice,10.5,5.3,observed,ME/ME0201/ME0201D/Nastbastaparti190
2026M05,2026-05-01,2026-05,kd,KD,KD,parliamentary_party,kd,KD,KD,parliamentary_party,0.0,0.0,observed,ME/ME0201/ME0201D/Nastbastaparti190
2026M05,2026-05-01,2026-05,kd,KD,KD,parliamentary_party,l,L,L,parliamentary_party,4.7,3.2,observed,ME/ME0201/ME0201D/Nastbastaparti190
2026M05,2026-05-01,2026-05,kd,KD,KD,parliamentary_party,m,M,M,parliamentary_party,43.8,8.0,observed,ME/ME0201/ME0201D/Nastbastaparti190
2026M05,2026-05-01,2026-05,kd,KD,KD,parliamentary_party,mp,MP,MP,parliamentary_party,0.0,0.0,observed,ME/ME0201/ME0201D/Nastbastaparti190
2026M05,2026-05-01,2026-05,kd,KD,KD,parliamentary_party,s,S,S,parliamentary_party,6.2,4.5,observed,ME/ME0201/ME0201D/Nastbastaparti190
2026M05,2026-05-01,2026-05,kd,KD,KD,parliamentary_party,v,V,V,parliamentary_party,,,suppressed,ME/ME0201/ME0201D/Nastbastaparti190
2026M05,2026-05-01,2026-05,kd,KD,KD,parliamentary_party,vet ej,vet ej/uppgift saknas,DONT_KNOW,dont_know,5.0,3.6,observed,ME/ME0201/ME0201D/Nastbastaparti190
2026M05,2026-05-01,2026-05,kd,KD,KD,parliamentary_party,övr,övriga,OTHER,other_party,,,suppressed,ME/ME0201/ME0201D/Nastbastaparti190
2026M05,2026-05-01,2026-05,l,L,L,parliamentary_party,SD,SD,SD,parliamentary_party,,,suppressed,ME/ME0201/ME0201D/Nastbastaparti190
2026M05,2026-05-01,2026-05,l,L,L,parliamentary_party,c,C,C,parliamentary_party,20.4,7.6,observed,ME/ME0201/ME0201D/Nastbastaparti190
2026M05,2026-05-01,2026-05,l,L,L,parliamentary_party,inget parti,inget parti,NO_SECOND_CHOICE,no_second_choice,,,suppressed,ME/ME0201/ME0201D/Nastbastaparti190
2026M05,2026-05-01,2026-05,l,L,L,parliamentary_party,kd,KD,KD,parliamentary_party,4.8,4.2,observed,ME/ME0201/ME0201D/Nastbastaparti190
2026M05,2026-05-01,2026-05,l,L,L,parliamentary_party,l,L,L,parliamentary_party,0.0,0.0,observed,ME/ME0201/ME0201D/Nastbastaparti190
2026M05,2026-05-01,2026-05,l,L,L,parliamentary_party,m,M,M,parliamentary_party,41.6,10.1,observed,ME/ME0201/ME0201D/Nastbastaparti190
2026M05,2026-05-01,2026-05,l,L,L,parliamentary_party,mp,MP,MP,parliamentary_party,,,suppressed,ME/ME0201/ME0201D/Nastbastaparti190
2026M05,2026-05-01,2026-05,l,L,L,parliamentary_party,s,S,S,parliamentary_party,15.5,7.0,observed,ME/ME0201/ME0201D/Nastbastaparti190
2026M05,2026-05-01,2026-05,l,L,L,parliamentary_party,v,V,V,parliamentary_party,,,suppressed,ME/ME0201/ME0201D/Nastbastaparti190
2026M05,2026-05-01,2026-05,l,L,L,parliamentary_party,vet ej,vet ej/uppgift saknas,DONT_KNOW,dont_know,7.5,6.3,observed,ME/ME0201/ME0201D/Nastbastaparti190
2026M05,2026-05-01,2026-05,l,L,L,parliamentary_party,övr,övriga,OTHER,other_party,0.0,0.0,observed,ME/ME0201/ME0201D/Nastbastaparti190
2026M05,2026-05-01,2026-05,m,M,M,parliamentary_party,SD,SD,SD,parliamentary_party,26.1,3.3,observed,ME/ME0201/ME0201D/Nastbastaparti190
2026M05,2026-05-01,2026-05,m,M,M,parliamentary_party,c,C,C,parliamentary_party,6.9,1.8,observed,ME/ME0201/ME0201D/Nastbastaparti190
2026M05,2026-05-01,2026-05,m,M,M,parliamentary_party,inget parti,inget parti,NO_SECOND_CHOICE,no_second_choice,8.1,1.9,observed,ME/ME0201/ME0201D/Nastbastaparti190
2026M05,2026-05-01,2026-05,m,M,M,parliamentary_party,kd,KD,KD,parliamentary_party,22.7,2.9,observed,ME/ME0201/ME0201D/Nastbastaparti190
2026M05,2026-05-01,2026-05,m,M,M,parliamentary_party,l,L,L,parliamentary_party,12.5,2.3,observed,ME/ME0201/ME0201D/Nastbastaparti190
2026M05,2026-05-01,2026-05,m,M,M,parliamentary_party,m,M,M,parliamentary_party,0.0,0.0,observed,ME/ME0201/ME0201D/Nastbastaparti190
2026M05,2026-05-01,2026-05,m,M,M,parliamentary_party,mp,MP,MP,parliamentary_party,0.9,0.7,observed,ME/ME0201/ME0201D/Nastbastaparti190
2026M05,2026-05-01,2026-05,m,M,M,parliamentary_party,s,S,S,parliamentary_party,12.0,2.3,observed,ME/ME0201/ME0201D/Nastbastaparti190
2026M05,2026-05-01,2026-05,m,M,M,parliamentary_party,v,V,V,parliamentary_party,1.2,0.9,observed,ME/ME0201/ME0201D/Nastbastaparti190
2026M05,2026-05-01,2026-05,m,M,M,parliamentary_party,vet ej,vet ej/uppgift saknas,DONT_KNOW,dont_know,9.5,2.2,observed,ME/ME0201/ME0201D/Nastbastaparti190
2026M05,2026-05-01,2026-05,m,M,M,parliamentary_party,övr,övriga,OTHER,other_party,,,suppressed,ME/ME0201/ME0201D/Nastbastaparti190
2026M05,2026-05-01,2026-05,mp,MP,MP,parliamentary_party,SD,SD,SD,parliamentary_party,,,suppressed,ME/ME0201/ME0201D/Nastbastaparti190
2026M05,2026-05-01,2026-05,mp,MP,MP,parliamentary_party,c,C,C,parliamentary_party,10.3,3.5,observed,ME/ME0201/ME0201D/Nastbastaparti190
2026M05,2026-05-01,2026-05,mp,MP,MP,parliamentary_party,inget parti,inget parti,NO_SECOND_CHOICE,no_second_choice,5.7,3.5,observed,ME/ME0201/ME0201D/Nastbastaparti190
2026M05,2026-05-01,2026-05,mp,MP,MP,parliamentary_party,kd,KD,KD,parliamentary_party,,,suppressed,ME/ME0201/ME0201D/Nastbastaparti190
2026M05,2026-05-01,2026-05,mp,MP,MP,parliamentary_party,l,L,L,parliamentary_party,,,suppressed,ME/ME0201/ME0201D/Nastbastaparti190
2026M05,2026-05-01,2026-05,mp,MP,MP,parliamentary_party,m,M,M,parliamentary_party,1.1,1.1,observed,ME/ME0201/ME0201D/Nastbastaparti190
2026M05,2026-05-01,2026-05,mp,MP,MP,parliamentary_party,mp,MP,MP,parliamentary_party,0.0,0.0,observed,ME/ME0201/ME0201D/Nastbastaparti190
2026M05,2026-05-01,2026-05,mp,MP,MP,parliamentary_party,s,S,S,parliamentary_party,39.0,6.0,observed,ME/ME0201/ME0201D/Nastbastaparti190
2026M05,2026-05-01,2026-05,mp,MP,MP,parliamentary_party,v,V,V,parliamentary_party,34.7,5.9,observed,ME/ME0201/ME0201D/Nastbastaparti190
2026M05,2026-05-01,2026-05,mp,MP,MP,parliamentary_party,vet ej,vet ej/uppgift saknas,DONT_KNOW,dont_know,6.2,3.2,observed,ME/ME0201/ME0201D/Nastbastaparti190
2026M05,2026-05-01,2026-05,mp,MP,MP,parliamentary_party,övr,övriga,OTHER,other_party,,,suppressed,ME/ME0201/ME0201D/Nastbastaparti190
2026M05,2026-05-01,2026-05,s,S,S,parliamentary_party,SD,SD,SD,parliamentary_party,3.6,1.2,observed,ME/ME0201/ME0201D/Nastbastaparti190
2026M05,2026-05-01,2026-05,s,S,S,parliamentary_party,c,C,C,parliamentary_party,16.4,2.1,observed,ME/ME0201/ME0201D/Nastbastaparti190
2026M05,2026-05-01,2026-05,s,S,S,parliamentary_party,inget parti,inget parti,NO_SECOND_CHOICE,no_second_choice,14.3,2.2,observed,ME/ME0201/ME0201D/Nastbastaparti190
2026M05,2026-05-01,2026-05,s,S,S,parliamentary_party,kd,KD,KD,parliamentary_party,1.2,0.6,observed,ME/ME0201/ME0201D/Nastbastaparti190
2026M05,2026-05-01,2026-05,s,S,S,parliamentary_party,l,L,L,parliamentary_party,2.1,0.7,observed,ME/ME0201/ME0201D/Nastbastaparti190
2026M05,2026-05-01,2026-05,s,S,S,parliamentary_party,m,M,M,parliamentary_party,9.1,1.6,observed,ME/ME0201/ME0201D/Nastbastaparti190
2026M05,2026-05-01,2026-05,s,S,S,parliamentary_party,mp,MP,MP,parliamentary_party,15.7,1.9,observed,ME/ME0201/ME0201D/Nastbastaparti190
2026M05,2026-05-01,2026-05,s,S,S,parliamentary_party,s,S,S,parliamentary_party,0.0,0.0,observed,ME/ME0201/ME0201D/Nastbastaparti190
2026M05,2026-05-01,2026-05,s,S,S,parliamentary_party,v,V,V,parliamentary_party,22.9,2.4,observed,ME/ME0201/ME0201D/Nastbastaparti190
2026M05,2026-05-01,2026-05,s,S,S,parliamentary_party,vet ej,vet ej/uppgift saknas,DONT_KNOW,dont_know,14.1,2.0,observed,ME/ME0201/ME0201D/Nastbastaparti190
2026M05,2026-05-01,2026-05,s,S,S,parliamentary_party,övr,övriga,OTHER,other_party,0.7,0.5,observed,ME/ME0201/ME0201D/Nastbastaparti190
2026M05,2026-05-01,2026-05,v,V,V,parliamentary_party,SD,SD,SD,parliamentary_party,4.4,3.0,observed,ME/ME0201/ME0201D/Nastbastaparti190
2026M05,2026-05-01,2026-05,v,V,V,parliamentary_party,c,C,C,parliamentary_party,,,suppressed,ME/ME0201/ME0201D/Nastbastaparti190
2026M05,2026-05-01,2026-05,v,V,V,parliamentary_party,inget parti,inget parti,NO_SECOND_CHOICE,no_second_choice,8.2,3.3,observed,ME/ME0201/ME0201D/Nastbastaparti190
2026M05,2026-05-01,2026-05,v,V,V,parliamentary_party,kd,KD,KD,parliamentary_party,,,suppressed,ME/ME0201/ME0201D/Nastbastaparti190
2026M05,2026-05-01,2026-05,v,V,V,parliamentary_party,l,L,L,parliamentary_party,,,suppressed,ME/ME0201/ME0201D/Nastbastaparti190
2026M05,2026-05-01,2026-05,v,V,V,parliamentary_party,m,M,M,parliamentary_party,,,suppressed,ME/ME0201/ME0201D/Nastbastaparti190
2026M05,2026-05-01,2026-05,v,V,V,parliamentary_party,mp,MP,MP,parliamentary_party,30.3,5.2,observed,ME/ME0201/ME0201D/Nastbastaparti190
2026M05,2026-05-01,2026-05,v,V,V,parliamentary_party,s,S,S,parliamentary_party,47.9,5.7,observed,ME/ME0201/ME0201D/Nastbastaparti190
2026M05,2026-05-01,2026-05,v,V,V,parliamentary_party,v,V,V,parliamentary_party,0.0,0.0,observed,ME/ME0201/ME0201D/Nastbastaparti190
2026M05,2026-05-01,2026-05,v,V,V,parliamentary_party,vet ej,vet ej/uppgift saknas,DONT_KNOW,dont_know,4.6,2.4,observed,ME/ME0201/ME0201D/Nastbastaparti190
2026M05,2026-05-01,2026-05,v,V,V,parliamentary_party,övr,övriga,OTHER,other_party,1.9,1.8,observed,ME/ME0201/ME0201D/Nastbastaparti190
2026M05,2026-05-01,2026-05,övr,övriga,OTHER,other_party,SD,SD,SD,parliamentary_party,19.3,11.0,observed,ME/ME0201/ME0201D/Nastbastaparti190
2026M05,2026-05-01,2026-05,övr,övriga,OTHER,other_party,c,C,C,parliamentary_party,,,suppressed,ME/ME0201/ME0201D/Nastbastaparti190
2026M05,2026-05-01,2026-05,övr,övriga,OTHER,other_party,inget parti,inget parti,NO_SECOND_CHOICE,no_second_choice,18.7,11.1,observed,ME/ME0201/ME0201D/Nastbastaparti190
2026M05,2026-05-01,2026-05,övr,övriga,OTHER,other_party,kd,KD,KD,parliamentary_party,5.3,5.3,observed,ME/ME0201/ME0201D/Nastbastaparti190
2026M05,2026-05-01,2026-05,övr,övriga,OTHER,other_party,l,L,L,parliamentary_party,,,suppressed,ME/ME0201/ME0201D/Nastbastaparti190
2026M05,2026-05-01,2026-05,övr,övriga,OTHER,other_party,m,M,M,parliamentary_party,7.3,6.6,observed,ME/ME0201/ME0201D/Nastbastaparti190
2026M05,2026-05-01,2026-05,övr,övriga,OTHER,other_party,mp,MP,MP,parliamentary_party,,,suppressed,ME/ME0201/ME0201D/Nastbastaparti190
2026M05,2026-05-01,2026-05,övr,övriga,OTHER,other_party,s,S,S,parliamentary_party,5.0,5.0,observed,ME/ME0201/ME0201D/Nastbastaparti190
2026M05,2026-05-01,2026-05,övr,övriga,OTHER,other_party,v,V,V,parliamentary_party,,,suppressed,ME/ME0201/ME0201D/Nastbastaparti190
2026M05,2026-05-01,2026-05,övr,övriga,OTHER,other_party,vet ej,vet ej/uppgift saknas,DONT_KNOW,dont_know,11.6,9.1,observed,ME/ME0201/ME0201D/Nastbastaparti190
2026M05,2026-05-01,2026-05,övr,övriga,OTHER,other_party,övr,övriga,OTHER,other_party,21.3,11.4,observed,ME/ME0201/ME0201D/Nastbastaparti190
