wave,survey_date,period,best_party_code_raw,best_party_raw,best_party,best_party_type,vote_party_code_raw,vote_party_raw,vote_party,vote_party_type,estimate_pct,margin_error_pp,value_status,source_table
2010M11,2010-11-01,2010-11,SD,SD,SD,parliamentary_party,SD,SD,SD,parliamentary_party,88.4,5.0,observed,ME/ME0201/ME0201A/Rostningssympati170
2010M11,2010-11-01,2010-11,SD,SD,SD,parliamentary_party,blankt,blankt,BLANK_VOTE,blank_vote,,,suppressed,ME/ME0201/ME0201A/Rostningssympati170
2010M11,2010-11-01,2010-11,SD,SD,SD,parliamentary_party,c,C,C,parliamentary_party,0.0,0.0,observed,ME/ME0201/ME0201A/Rostningssympati170
2010M11,2010-11-01,2010-11,SD,SD,SD,parliamentary_party,kd,KD,KD,parliamentary_party,0.0,0.0,observed,ME/ME0201/ME0201A/Rostningssympati170
2010M11,2010-11-01,2010-11,SD,SD,SD,parliamentary_party,l,L,L,parliamentary_party,0.0,0.0,observed,ME/ME0201/ME0201A/Rostningssympati170
2010M11,2010-11-01,2010-11,SD,SD,SD,parliamentary_party,m,M,M,parliamentary_party,,,suppressed,ME/ME0201/ME0201A/Rostningssympati170
2010M11,2010-11-01,2010-11,SD,SD,SD,parliamentary_party,mp,MP,MP,parliamentary_party,,,suppressed,ME/ME0201/ME0201A/Rostningssympati170
2010M11,2010-11-01,2010-11,SD,SD,SD,parliamentary_party,s,S,S,parliamentary_party,2.1,2.0,observed,ME/ME0201/ME0201A/Rostningssympati170
2010M11,2010-11-01,2010-11,SD,SD,SD,parliamentary_party,v,V,V,parliamentary_party,0.0,0.0,observed,ME/ME0201/ME0201A/Rostningssympati170
2010M11,2010-11-01,2010-11,SD,SD,SD,parliamentary_party,vet ej,vet ej/uppgift saknas,DONT_KNOW,dont_know,4.2,3.3,observed,ME/ME0201/ME0201A/Rostningssympati170
2010M11,2010-11-01,2010-11,SD,SD,SD,parliamentary_party,övr,övriga,OTHER,other_party,0.0,0.0,observed,ME/ME0201/ME0201A/Rostningssympati170
2010M11,2010-11-01,2010-11,c,C,C,parliamentary_party,SD,SD,SD,parliamentary_party,,,suppressed,ME/ME0201/ME0201A/Rostningssympati170
2010M11,2010-11-01,2010-11,c,C,C,parliamentary_party,blankt,blankt,BLANK_VOTE,blank_vote,,,suppressed,ME/ME0201/ME0201A/Rostningssympati170
2010M11,2010-11-01,2010-11,c,C,C,parliamentary_party,c,C,C,parliamentary_party,85.3,4.3,observed,ME/ME0201/ME0201A/Rostningssympati170
2010M11,2010-11-01,2010-11,c,C,C,parliamentary_party,kd,KD,KD,parliamentary_party,,,suppressed,ME/ME0201/ME0201A/Rostningssympati170
2010M11,2010-11-01,2010-11,c,C,C,parliamentary_party,l,L,L,parliamentary_party,,,suppressed,ME/ME0201/ME0201A/Rostningssympati170
2010M11,2010-11-01,2010-11,c,C,C,parliamentary_party,m,M,M,parliamentary_party,6.2,3.0,observed,ME/ME0201/ME0201A/Rostningssympati170
2010M11,2010-11-01,2010-11,c,C,C,parliamentary_party,mp,MP,MP,parliamentary_party,,,suppressed,ME/ME0201/ME0201A/Rostningssympati170
2010M11,2010-11-01,2010-11,c,C,C,parliamentary_party,s,S,S,parliamentary_party,,,suppressed,ME/ME0201/ME0201A/Rostningssympati170
2010M11,2010-11-01,2010-11,c,C,C,parliamentary_party,v,V,V,parliamentary_party,0.0,0.0,observed,ME/ME0201/ME0201A/Rostningssympati170
2010M11,2010-11-01,2010-11,c,C,C,parliamentary_party,vet ej,vet ej/uppgift saknas,DONT_KNOW,dont_know,4.8,2.6,observed,ME/ME0201/ME0201A/Rostningssympati170
2010M11,2010-11-01,2010-11,c,C,C,parliamentary_party,övr,övriga,OTHER,other_party,0.0,0.0,observed,ME/ME0201/ME0201A/Rostningssympati170
2010M11,2010-11-01,2010-11,hela väljarkåren,hela väljarkåren,TOTAL_ELECTORATE,total_electorate,SD,SD,SD,parliamentary_party,5.3,0.4,observed,ME/ME0201/ME0201A/Rostningssympati170
2010M11,2010-11-01,2010-11,hela väljarkåren,hela väljarkåren,TOTAL_ELECTORATE,total_electorate,blankt,blankt,BLANK_VOTE,blank_vote,3.0,0.6,observed,ME/ME0201/ME0201A/Rostningssympati170
2010M11,2010-11-01,2010-11,hela väljarkåren,hela väljarkåren,TOTAL_ELECTORATE,total_electorate,c,C,C,parliamentary_party,5.0,0.4,observed,ME/ME0201/ME0201A/Rostningssympati170
2010M11,2010-11-01,2010-11,hela väljarkåren,hela väljarkåren,TOTAL_ELECTORATE,total_electorate,kd,KD,KD,parliamentary_party,3.6,0.3,observed,ME/ME0201/ME0201A/Rostningssympati170
2010M11,2010-11-01,2010-11,hela väljarkåren,hela väljarkåren,TOTAL_ELECTORATE,total_electorate,l,L,L,parliamentary_party,5.6,0.4,observed,ME/ME0201/ME0201A/Rostningssympati170
2010M11,2010-11-01,2010-11,hela väljarkåren,hela väljarkåren,TOTAL_ELECTORATE,total_electorate,m,M,M,parliamentary_party,27.2,0.7,observed,ME/ME0201/ME0201A/Rostningssympati170
2010M11,2010-11-01,2010-11,hela väljarkåren,hela väljarkåren,TOTAL_ELECTORATE,total_electorate,mp,MP,MP,parliamentary_party,7.5,0.5,observed,ME/ME0201/ME0201A/Rostningssympati170
2010M11,2010-11-01,2010-11,hela väljarkåren,hela väljarkåren,TOTAL_ELECTORATE,total_electorate,s,S,S,parliamentary_party,24.0,0.7,observed,ME/ME0201/ME0201A/Rostningssympati170
2010M11,2010-11-01,2010-11,hela väljarkåren,hela väljarkåren,TOTAL_ELECTORATE,total_electorate,v,V,V,parliamentary_party,4.3,0.3,observed,ME/ME0201/ME0201A/Rostningssympati170
2010M11,2010-11-01,2010-11,hela väljarkåren,hela väljarkåren,TOTAL_ELECTORATE,total_electorate,vet ej,vet ej/uppgift saknas,DONT_KNOW,dont_know,13.4,1.0,observed,ME/ME0201/ME0201A/Rostningssympati170
2010M11,2010-11-01,2010-11,hela väljarkåren,hela väljarkåren,TOTAL_ELECTORATE,total_electorate,övr,övriga,OTHER,other_party,1.2,0.2,observed,ME/ME0201/ME0201A/Rostningssympati170
2010M11,2010-11-01,2010-11,ingen sympati/vet ej,ingen sympati/vet ej,NO_SYMPATHY_OR_DONT_KNOW,no_sympathy,SD,SD,SD,parliamentary_party,4.6,1.6,observed,ME/ME0201/ME0201A/Rostningssympati170
2010M11,2010-11-01,2010-11,ingen sympati/vet ej,ingen sympati/vet ej,NO_SYMPATHY_OR_DONT_KNOW,no_sympathy,blankt,blankt,BLANK_VOTE,blank_vote,12.6,2.7,observed,ME/ME0201/ME0201A/Rostningssympati170
2010M11,2010-11-01,2010-11,ingen sympati/vet ej,ingen sympati/vet ej,NO_SYMPATHY_OR_DONT_KNOW,no_sympathy,c,C,C,parliamentary_party,2.9,1.1,observed,ME/ME0201/ME0201A/Rostningssympati170
2010M11,2010-11-01,2010-11,ingen sympati/vet ej,ingen sympati/vet ej,NO_SYMPATHY_OR_DONT_KNOW,no_sympathy,kd,KD,KD,parliamentary_party,1.6,0.8,observed,ME/ME0201/ME0201A/Rostningssympati170
2010M11,2010-11-01,2010-11,ingen sympati/vet ej,ingen sympati/vet ej,NO_SYMPATHY_OR_DONT_KNOW,no_sympathy,l,L,L,parliamentary_party,1.9,0.8,observed,ME/ME0201/ME0201A/Rostningssympati170
2010M11,2010-11-01,2010-11,ingen sympati/vet ej,ingen sympati/vet ej,NO_SYMPATHY_OR_DONT_KNOW,no_sympathy,m,M,M,parliamentary_party,9.6,1.9,observed,ME/ME0201/ME0201A/Rostningssympati170
2010M11,2010-11-01,2010-11,ingen sympati/vet ej,ingen sympati/vet ej,NO_SYMPATHY_OR_DONT_KNOW,no_sympathy,mp,MP,MP,parliamentary_party,3.7,1.3,observed,ME/ME0201/ME0201A/Rostningssympati170
2010M11,2010-11-01,2010-11,ingen sympati/vet ej,ingen sympati/vet ej,NO_SYMPATHY_OR_DONT_KNOW,no_sympathy,s,S,S,parliamentary_party,7.6,1.7,observed,ME/ME0201/ME0201A/Rostningssympati170
2010M11,2010-11-01,2010-11,ingen sympati/vet ej,ingen sympati/vet ej,NO_SYMPATHY_OR_DONT_KNOW,no_sympathy,v,V,V,parliamentary_party,1.0,0.7,observed,ME/ME0201/ME0201A/Rostningssympati170
2010M11,2010-11-01,2010-11,ingen sympati/vet ej,ingen sympati/vet ej,NO_SYMPATHY_OR_DONT_KNOW,no_sympathy,vet ej,vet ej/uppgift saknas,DONT_KNOW,dont_know,53.2,3.6,observed,ME/ME0201/ME0201A/Rostningssympati170
2010M11,2010-11-01,2010-11,ingen sympati/vet ej,ingen sympati/vet ej,NO_SYMPATHY_OR_DONT_KNOW,no_sympathy,övr,övriga,OTHER,other_party,1.3,0.9,observed,ME/ME0201/ME0201A/Rostningssympati170
2010M11,2010-11-01,2010-11,kd,KD,KD,parliamentary_party,SD,SD,SD,parliamentary_party,0.0,0.0,observed,ME/ME0201/ME0201A/Rostningssympati170
2010M11,2010-11-01,2010-11,kd,KD,KD,parliamentary_party,blankt,blankt,BLANK_VOTE,blank_vote,,,suppressed,ME/ME0201/ME0201A/Rostningssympati170
2010M11,2010-11-01,2010-11,kd,KD,KD,parliamentary_party,c,C,C,parliamentary_party,,,suppressed,ME/ME0201/ME0201A/Rostningssympati170
2010M11,2010-11-01,2010-11,kd,KD,KD,parliamentary_party,kd,KD,KD,parliamentary_party,87.8,4.8,observed,ME/ME0201/ME0201A/Rostningssympati170
2010M11,2010-11-01,2010-11,kd,KD,KD,parliamentary_party,l,L,L,parliamentary_party,0.0,0.0,observed,ME/ME0201/ME0201A/Rostningssympati170
2010M11,2010-11-01,2010-11,kd,KD,KD,parliamentary_party,m,M,M,parliamentary_party,3.6,2.6,observed,ME/ME0201/ME0201A/Rostningssympati170
2010M11,2010-11-01,2010-11,kd,KD,KD,parliamentary_party,mp,MP,MP,parliamentary_party,,,suppressed,ME/ME0201/ME0201A/Rostningssympati170
2010M11,2010-11-01,2010-11,kd,KD,KD,parliamentary_party,s,S,S,parliamentary_party,,,suppressed,ME/ME0201/ME0201A/Rostningssympati170
2010M11,2010-11-01,2010-11,kd,KD,KD,parliamentary_party,v,V,V,parliamentary_party,0.0,0.0,observed,ME/ME0201/ME0201A/Rostningssympati170
2010M11,2010-11-01,2010-11,kd,KD,KD,parliamentary_party,vet ej,vet ej/uppgift saknas,DONT_KNOW,dont_know,4.5,2.9,observed,ME/ME0201/ME0201A/Rostningssympati170
2010M11,2010-11-01,2010-11,kd,KD,KD,parliamentary_party,övr,övriga,OTHER,other_party,0.0,0.0,observed,ME/ME0201/ME0201A/Rostningssympati170
2010M11,2010-11-01,2010-11,l,L,L,parliamentary_party,SD,SD,SD,parliamentary_party,0.0,0.0,observed,ME/ME0201/ME0201A/Rostningssympati170
2010M11,2010-11-01,2010-11,l,L,L,parliamentary_party,blankt,blankt,BLANK_VOTE,blank_vote,,,suppressed,ME/ME0201/ME0201A/Rostningssympati170
2010M11,2010-11-01,2010-11,l,L,L,parliamentary_party,c,C,C,parliamentary_party,2.7,1.8,observed,ME/ME0201/ME0201A/Rostningssympati170
2010M11,2010-11-01,2010-11,l,L,L,parliamentary_party,kd,KD,KD,parliamentary_party,2.1,1.5,observed,ME/ME0201/ME0201A/Rostningssympati170
2010M11,2010-11-01,2010-11,l,L,L,parliamentary_party,l,L,L,parliamentary_party,81.1,4.0,observed,ME/ME0201/ME0201A/Rostningssympati170
2010M11,2010-11-01,2010-11,l,L,L,parliamentary_party,m,M,M,parliamentary_party,6.1,2.4,observed,ME/ME0201/ME0201A/Rostningssympati170
2010M11,2010-11-01,2010-11,l,L,L,parliamentary_party,mp,MP,MP,parliamentary_party,1.1,1.1,observed,ME/ME0201/ME0201A/Rostningssympati170
2010M11,2010-11-01,2010-11,l,L,L,parliamentary_party,s,S,S,parliamentary_party,,,suppressed,ME/ME0201/ME0201A/Rostningssympati170
2010M11,2010-11-01,2010-11,l,L,L,parliamentary_party,v,V,V,parliamentary_party,0.0,0.0,observed,ME/ME0201/ME0201A/Rostningssympati170
2010M11,2010-11-01,2010-11,l,L,L,parliamentary_party,vet ej,vet ej/uppgift saknas,DONT_KNOW,dont_know,4.9,2.2,observed,ME/ME0201/ME0201A/Rostningssympati170
2010M11,2010-11-01,2010-11,l,L,L,parliamentary_party,övr,övriga,OTHER,other_party,0.0,0.0,observed,ME/ME0201/ME0201A/Rostningssympati170
2010M11,2010-11-01,2010-11,m,M,M,parliamentary_party,SD,SD,SD,parliamentary_party,1.8,0.8,observed,ME/ME0201/ME0201A/Rostningssympati170
2010M11,2010-11-01,2010-11,m,M,M,parliamentary_party,blankt,blankt,BLANK_VOTE,blank_vote,0.8,0.6,observed,ME/ME0201/ME0201A/Rostningssympati170
2010M11,2010-11-01,2010-11,m,M,M,parliamentary_party,c,C,C,parliamentary_party,1.0,0.5,observed,ME/ME0201/ME0201A/Rostningssympati170
2010M11,2010-11-01,2010-11,m,M,M,parliamentary_party,kd,KD,KD,parliamentary_party,1.3,0.5,observed,ME/ME0201/ME0201A/Rostningssympati170
2010M11,2010-11-01,2010-11,m,M,M,parliamentary_party,l,L,L,parliamentary_party,0.9,0.4,observed,ME/ME0201/ME0201A/Rostningssympati170
2010M11,2010-11-01,2010-11,m,M,M,parliamentary_party,m,M,M,parliamentary_party,89.9,1.6,observed,ME/ME0201/ME0201A/Rostningssympati170
2010M11,2010-11-01,2010-11,m,M,M,parliamentary_party,mp,MP,MP,parliamentary_party,0.2,0.2,observed,ME/ME0201/ME0201A/Rostningssympati170
2010M11,2010-11-01,2010-11,m,M,M,parliamentary_party,s,S,S,parliamentary_party,0.4,0.3,observed,ME/ME0201/ME0201A/Rostningssympati170
2010M11,2010-11-01,2010-11,m,M,M,parliamentary_party,v,V,V,parliamentary_party,0.0,0.0,observed,ME/ME0201/ME0201A/Rostningssympati170
2010M11,2010-11-01,2010-11,m,M,M,parliamentary_party,vet ej,vet ej/uppgift saknas,DONT_KNOW,dont_know,3.6,1.0,observed,ME/ME0201/ME0201A/Rostningssympati170
2010M11,2010-11-01,2010-11,m,M,M,parliamentary_party,övr,övriga,OTHER,other_party,0.0,0.0,observed,ME/ME0201/ME0201A/Rostningssympati170
2010M11,2010-11-01,2010-11,mp,MP,MP,parliamentary_party,SD,SD,SD,parliamentary_party,,,suppressed,ME/ME0201/ME0201A/Rostningssympati170
2010M11,2010-11-01,2010-11,mp,MP,MP,parliamentary_party,blankt,blankt,BLANK_VOTE,blank_vote,0.0,0.0,observed,ME/ME0201/ME0201A/Rostningssympati170
2010M11,2010-11-01,2010-11,mp,MP,MP,parliamentary_party,c,C,C,parliamentary_party,1.0,0.9,observed,ME/ME0201/ME0201A/Rostningssympati170
2010M11,2010-11-01,2010-11,mp,MP,MP,parliamentary_party,kd,KD,KD,parliamentary_party,,,suppressed,ME/ME0201/ME0201A/Rostningssympati170
2010M11,2010-11-01,2010-11,mp,MP,MP,parliamentary_party,l,L,L,parliamentary_party,1.0,0.9,observed,ME/ME0201/ME0201A/Rostningssympati170
2010M11,2010-11-01,2010-11,mp,MP,MP,parliamentary_party,m,M,M,parliamentary_party,3.5,1.7,observed,ME/ME0201/ME0201A/Rostningssympati170
2010M11,2010-11-01,2010-11,mp,MP,MP,parliamentary_party,mp,MP,MP,parliamentary_party,81.1,3.7,observed,ME/ME0201/ME0201A/Rostningssympati170
2010M11,2010-11-01,2010-11,mp,MP,MP,parliamentary_party,s,S,S,parliamentary_party,4.5,1.9,observed,ME/ME0201/ME0201A/Rostningssympati170
2010M11,2010-11-01,2010-11,mp,MP,MP,parliamentary_party,v,V,V,parliamentary_party,2.0,1.3,observed,ME/ME0201/ME0201A/Rostningssympati170
2010M11,2010-11-01,2010-11,mp,MP,MP,parliamentary_party,vet ej,vet ej/uppgift saknas,DONT_KNOW,dont_know,5.3,2.3,observed,ME/ME0201/ME0201A/Rostningssympati170
2010M11,2010-11-01,2010-11,mp,MP,MP,parliamentary_party,övr,övriga,OTHER,other_party,,,suppressed,ME/ME0201/ME0201A/Rostningssympati170
2010M11,2010-11-01,2010-11,s,S,S,parliamentary_party,SD,SD,SD,parliamentary_party,0.9,0.5,observed,ME/ME0201/ME0201A/Rostningssympati170
2010M11,2010-11-01,2010-11,s,S,S,parliamentary_party,blankt,blankt,BLANK_VOTE,blank_vote,1.1,0.6,observed,ME/ME0201/ME0201A/Rostningssympati170
2010M11,2010-11-01,2010-11,s,S,S,parliamentary_party,c,C,C,parliamentary_party,0.4,0.3,observed,ME/ME0201/ME0201A/Rostningssympati170
2010M11,2010-11-01,2010-11,s,S,S,parliamentary_party,kd,KD,KD,parliamentary_party,0.2,0.2,observed,ME/ME0201/ME0201A/Rostningssympati170
2010M11,2010-11-01,2010-11,s,S,S,parliamentary_party,l,L,L,parliamentary_party,1.0,0.5,observed,ME/ME0201/ME0201A/Rostningssympati170
2010M11,2010-11-01,2010-11,s,S,S,parliamentary_party,m,M,M,parliamentary_party,2.1,0.7,observed,ME/ME0201/ME0201A/Rostningssympati170
2010M11,2010-11-01,2010-11,s,S,S,parliamentary_party,mp,MP,MP,parliamentary_party,2.9,0.8,observed,ME/ME0201/ME0201A/Rostningssympati170
2010M11,2010-11-01,2010-11,s,S,S,parliamentary_party,s,S,S,parliamentary_party,83.8,1.9,observed,ME/ME0201/ME0201A/Rostningssympati170
2010M11,2010-11-01,2010-11,s,S,S,parliamentary_party,v,V,V,parliamentary_party,0.8,0.4,observed,ME/ME0201/ME0201A/Rostningssympati170
2010M11,2010-11-01,2010-11,s,S,S,parliamentary_party,vet ej,vet ej/uppgift saknas,DONT_KNOW,dont_know,6.5,1.3,observed,ME/ME0201/ME0201A/Rostningssympati170
2010M11,2010-11-01,2010-11,s,S,S,parliamentary_party,övr,övriga,OTHER,other_party,0.4,0.4,observed,ME/ME0201/ME0201A/Rostningssympati170
2010M11,2010-11-01,2010-11,v,V,V,parliamentary_party,SD,SD,SD,parliamentary_party,,,suppressed,ME/ME0201/ME0201A/Rostningssympati170
2010M11,2010-11-01,2010-11,v,V,V,parliamentary_party,blankt,blankt,BLANK_VOTE,blank_vote,,,suppressed,ME/ME0201/ME0201A/Rostningssympati170
2010M11,2010-11-01,2010-11,v,V,V,parliamentary_party,c,C,C,parliamentary_party,0.0,0.0,observed,ME/ME0201/ME0201A/Rostningssympati170
2010M11,2010-11-01,2010-11,v,V,V,parliamentary_party,kd,KD,KD,parliamentary_party,0.0,0.0,observed,ME/ME0201/ME0201A/Rostningssympati170
2010M11,2010-11-01,2010-11,v,V,V,parliamentary_party,l,L,L,parliamentary_party,0.0,0.0,observed,ME/ME0201/ME0201A/Rostningssympati170
2010M11,2010-11-01,2010-11,v,V,V,parliamentary_party,m,M,M,parliamentary_party,,,suppressed,ME/ME0201/ME0201A/Rostningssympati170
2010M11,2010-11-01,2010-11,v,V,V,parliamentary_party,mp,MP,MP,parliamentary_party,3.1,1.9,observed,ME/ME0201/ME0201A/Rostningssympati170
2010M11,2010-11-01,2010-11,v,V,V,parliamentary_party,s,S,S,parliamentary_party,6.5,3.0,observed,ME/ME0201/ME0201A/Rostningssympati170
2010M11,2010-11-01,2010-11,v,V,V,parliamentary_party,v,V,V,parliamentary_party,84.4,4.5,observed,ME/ME0201/ME0201A/Rostningssympati170
2010M11,2010-11-01,2010-11,v,V,V,parliamentary_party,vet ej,vet ej/uppgift saknas,DONT_KNOW,dont_know,4.1,2.8,observed,ME/ME0201/ME0201A/Rostningssympati170
2010M11,2010-11-01,2010-11,v,V,V,parliamentary_party,övr,övriga,OTHER,other_party,,,suppressed,ME/ME0201/ME0201A/Rostningssympati170
2010M11,2010-11-01,2010-11,övr,övriga,OTHER,other_party,SD,SD,SD,parliamentary_party,0.0,0.0,observed,ME/ME0201/ME0201A/Rostningssympati170
2010M11,2010-11-01,2010-11,övr,övriga,OTHER,other_party,blankt,blankt,BLANK_VOTE,blank_vote,,,suppressed,ME/ME0201/ME0201A/Rostningssympati170
2010M11,2010-11-01,2010-11,övr,övriga,OTHER,other_party,c,C,C,parliamentary_party,0.0,0.0,observed,ME/ME0201/ME0201A/Rostningssympati170
2010M11,2010-11-01,2010-11,övr,övriga,OTHER,other_party,kd,KD,KD,parliamentary_party,0.0,0.0,observed,ME/ME0201/ME0201A/Rostningssympati170
2010M11,2010-11-01,2010-11,övr,övriga,OTHER,other_party,l,L,L,parliamentary_party,,,suppressed,ME/ME0201/ME0201A/Rostningssympati170
2010M11,2010-11-01,2010-11,övr,övriga,OTHER,other_party,m,M,M,parliamentary_party,,,suppressed,ME/ME0201/ME0201A/Rostningssympati170
2010M11,2010-11-01,2010-11,övr,övriga,OTHER,other_party,mp,MP,MP,parliamentary_party,,,suppressed,ME/ME0201/ME0201A/Rostningssympati170
2010M11,2010-11-01,2010-11,övr,övriga,OTHER,other_party,s,S,S,parliamentary_party,,,suppressed,ME/ME0201/ME0201A/Rostningssympati170
2010M11,2010-11-01,2010-11,övr,övriga,OTHER,other_party,v,V,V,parliamentary_party,,,suppressed,ME/ME0201/ME0201A/Rostningssympati170
2010M11,2010-11-01,2010-11,övr,övriga,OTHER,other_party,vet ej,vet ej/uppgift saknas,DONT_KNOW,dont_know,,,suppressed,ME/ME0201/ME0201A/Rostningssympati170
2010M11,2010-11-01,2010-11,övr,övriga,OTHER,other_party,övr,övriga,OTHER,other_party,67.6,13.1,observed,ME/ME0201/ME0201A/Rostningssympati170
2011M05,2011-05-01,2011-05,SD,SD,SD,parliamentary_party,SD,SD,SD,parliamentary_party,87.7,5.3,observed,ME/ME0201/ME0201A/Rostningssympati170
2011M05,2011-05-01,2011-05,SD,SD,SD,parliamentary_party,blankt,blankt,BLANK_VOTE,blank_vote,0.0,0.0,observed,ME/ME0201/ME0201A/Rostningssympati170
2011M05,2011-05-01,2011-05,SD,SD,SD,parliamentary_party,c,C,C,parliamentary_party,0.0,0.0,observed,ME/ME0201/ME0201A/Rostningssympati170
2011M05,2011-05-01,2011-05,SD,SD,SD,parliamentary_party,kd,KD,KD,parliamentary_party,0.0,0.0,observed,ME/ME0201/ME0201A/Rostningssympati170
2011M05,2011-05-01,2011-05,SD,SD,SD,parliamentary_party,l,L,L,parliamentary_party,0.0,0.0,observed,ME/ME0201/ME0201A/Rostningssympati170
2011M05,2011-05-01,2011-05,SD,SD,SD,parliamentary_party,m,M,M,parliamentary_party,0.0,0.0,observed,ME/ME0201/ME0201A/Rostningssympati170
2011M05,2011-05-01,2011-05,SD,SD,SD,parliamentary_party,mp,MP,MP,parliamentary_party,,,suppressed,ME/ME0201/ME0201A/Rostningssympati170
2011M05,2011-05-01,2011-05,SD,SD,SD,parliamentary_party,s,S,S,parliamentary_party,2.3,2.1,observed,ME/ME0201/ME0201A/Rostningssympati170
2011M05,2011-05-01,2011-05,SD,SD,SD,parliamentary_party,v,V,V,parliamentary_party,0.0,0.0,observed,ME/ME0201/ME0201A/Rostningssympati170
2011M05,2011-05-01,2011-05,SD,SD,SD,parliamentary_party,vet ej,vet ej/uppgift saknas,DONT_KNOW,dont_know,7.5,4.3,observed,ME/ME0201/ME0201A/Rostningssympati170
2011M05,2011-05-01,2011-05,SD,SD,SD,parliamentary_party,övr,övriga,OTHER,other_party,,,suppressed,ME/ME0201/ME0201A/Rostningssympati170
2011M05,2011-05-01,2011-05,c,C,C,parliamentary_party,SD,SD,SD,parliamentary_party,0.0,0.0,observed,ME/ME0201/ME0201A/Rostningssympati170
2011M05,2011-05-01,2011-05,c,C,C,parliamentary_party,blankt,blankt,BLANK_VOTE,blank_vote,,,suppressed,ME/ME0201/ME0201A/Rostningssympati170
2011M05,2011-05-01,2011-05,c,C,C,parliamentary_party,c,C,C,parliamentary_party,79.1,5.7,observed,ME/ME0201/ME0201A/Rostningssympati170
2011M05,2011-05-01,2011-05,c,C,C,parliamentary_party,kd,KD,KD,parliamentary_party,,,suppressed,ME/ME0201/ME0201A/Rostningssympati170
2011M05,2011-05-01,2011-05,c,C,C,parliamentary_party,l,L,L,parliamentary_party,,,suppressed,ME/ME0201/ME0201A/Rostningssympati170
2011M05,2011-05-01,2011-05,c,C,C,parliamentary_party,m,M,M,parliamentary_party,4.2,2.9,observed,ME/ME0201/ME0201A/Rostningssympati170
2011M05,2011-05-01,2011-05,c,C,C,parliamentary_party,mp,MP,MP,parliamentary_party,,,suppressed,ME/ME0201/ME0201A/Rostningssympati170
2011M05,2011-05-01,2011-05,c,C,C,parliamentary_party,s,S,S,parliamentary_party,2.3,2.0,observed,ME/ME0201/ME0201A/Rostningssympati170
2011M05,2011-05-01,2011-05,c,C,C,parliamentary_party,v,V,V,parliamentary_party,0.0,0.0,observed,ME/ME0201/ME0201A/Rostningssympati170
2011M05,2011-05-01,2011-05,c,C,C,parliamentary_party,vet ej,vet ej/uppgift saknas,DONT_KNOW,dont_know,8.7,3.9,observed,ME/ME0201/ME0201A/Rostningssympati170
2011M05,2011-05-01,2011-05,c,C,C,parliamentary_party,övr,övriga,OTHER,other_party,0.0,0.0,observed,ME/ME0201/ME0201A/Rostningssympati170
2011M05,2011-05-01,2011-05,hela väljarkåren,hela väljarkåren,TOTAL_ELECTORATE,total_electorate,SD,SD,SD,parliamentary_party,4.4,0.4,observed,ME/ME0201/ME0201A/Rostningssympati170
2011M05,2011-05-01,2011-05,hela väljarkåren,hela väljarkåren,TOTAL_ELECTORATE,total_electorate,blankt,blankt,BLANK_VOTE,blank_vote,2.2,0.5,observed,ME/ME0201/ME0201A/Rostningssympati170
2011M05,2011-05-01,2011-05,hela väljarkåren,hela väljarkåren,TOTAL_ELECTORATE,total_electorate,c,C,C,parliamentary_party,3.4,0.4,observed,ME/ME0201/ME0201A/Rostningssympati170
2011M05,2011-05-01,2011-05,hela väljarkåren,hela väljarkåren,TOTAL_ELECTORATE,total_electorate,kd,KD,KD,parliamentary_party,2.7,0.3,observed,ME/ME0201/ME0201A/Rostningssympati170
2011M05,2011-05-01,2011-05,hela väljarkåren,hela väljarkåren,TOTAL_ELECTORATE,total_electorate,l,L,L,parliamentary_party,4.5,0.4,observed,ME/ME0201/ME0201A/Rostningssympati170
2011M05,2011-05-01,2011-05,hela väljarkåren,hela väljarkåren,TOTAL_ELECTORATE,total_electorate,m,M,M,parliamentary_party,24.9,0.7,observed,ME/ME0201/ME0201A/Rostningssympati170
2011M05,2011-05-01,2011-05,hela väljarkåren,hela väljarkåren,TOTAL_ELECTORATE,total_electorate,mp,MP,MP,parliamentary_party,6.6,0.5,observed,ME/ME0201/ME0201A/Rostningssympati170
2011M05,2011-05-01,2011-05,hela väljarkåren,hela väljarkåren,TOTAL_ELECTORATE,total_electorate,s,S,S,parliamentary_party,26.5,0.9,observed,ME/ME0201/ME0201A/Rostningssympati170
2011M05,2011-05-01,2011-05,hela väljarkåren,hela väljarkåren,TOTAL_ELECTORATE,total_electorate,v,V,V,parliamentary_party,3.8,0.3,observed,ME/ME0201/ME0201A/Rostningssympati170
2011M05,2011-05-01,2011-05,hela väljarkåren,hela väljarkåren,TOTAL_ELECTORATE,total_electorate,vet ej,vet ej/uppgift saknas,DONT_KNOW,dont_know,19.8,1.1,observed,ME/ME0201/ME0201A/Rostningssympati170
2011M05,2011-05-01,2011-05,hela väljarkåren,hela väljarkåren,TOTAL_ELECTORATE,total_electorate,övr,övriga,OTHER,other_party,1.1,0.3,observed,ME/ME0201/ME0201A/Rostningssympati170
2011M05,2011-05-01,2011-05,ingen sympati/vet ej,ingen sympati/vet ej,NO_SYMPATHY_OR_DONT_KNOW,no_sympathy,SD,SD,SD,parliamentary_party,2.5,1.0,observed,ME/ME0201/ME0201A/Rostningssympati170
2011M05,2011-05-01,2011-05,ingen sympati/vet ej,ingen sympati/vet ej,NO_SYMPATHY_OR_DONT_KNOW,no_sympathy,blankt,blankt,BLANK_VOTE,blank_vote,6.7,1.7,observed,ME/ME0201/ME0201A/Rostningssympati170
2011M05,2011-05-01,2011-05,ingen sympati/vet ej,ingen sympati/vet ej,NO_SYMPATHY_OR_DONT_KNOW,no_sympathy,c,C,C,parliamentary_party,1.9,0.8,observed,ME/ME0201/ME0201A/Rostningssympati170
2011M05,2011-05-01,2011-05,ingen sympati/vet ej,ingen sympati/vet ej,NO_SYMPATHY_OR_DONT_KNOW,no_sympathy,kd,KD,KD,parliamentary_party,0.9,0.6,observed,ME/ME0201/ME0201A/Rostningssympati170
2011M05,2011-05-01,2011-05,ingen sympati/vet ej,ingen sympati/vet ej,NO_SYMPATHY_OR_DONT_KNOW,no_sympathy,l,L,L,parliamentary_party,2.0,0.8,observed,ME/ME0201/ME0201A/Rostningssympati170
2011M05,2011-05-01,2011-05,ingen sympati/vet ej,ingen sympati/vet ej,NO_SYMPATHY_OR_DONT_KNOW,no_sympathy,m,M,M,parliamentary_party,8.6,1.5,observed,ME/ME0201/ME0201A/Rostningssympati170
2011M05,2011-05-01,2011-05,ingen sympati/vet ej,ingen sympati/vet ej,NO_SYMPATHY_OR_DONT_KNOW,no_sympathy,mp,MP,MP,parliamentary_party,2.2,0.8,observed,ME/ME0201/ME0201A/Rostningssympati170
2011M05,2011-05-01,2011-05,ingen sympati/vet ej,ingen sympati/vet ej,NO_SYMPATHY_OR_DONT_KNOW,no_sympathy,s,S,S,parliamentary_party,9.7,1.8,observed,ME/ME0201/ME0201A/Rostningssympati170
2011M05,2011-05-01,2011-05,ingen sympati/vet ej,ingen sympati/vet ej,NO_SYMPATHY_OR_DONT_KNOW,no_sympathy,v,V,V,parliamentary_party,0.6,0.4,observed,ME/ME0201/ME0201A/Rostningssympati170
2011M05,2011-05-01,2011-05,ingen sympati/vet ej,ingen sympati/vet ej,NO_SYMPATHY_OR_DONT_KNOW,no_sympathy,vet ej,vet ej/uppgift saknas,DONT_KNOW,dont_know,63.7,3.0,observed,ME/ME0201/ME0201A/Rostningssympati170
2011M05,2011-05-01,2011-05,ingen sympati/vet ej,ingen sympati/vet ej,NO_SYMPATHY_OR_DONT_KNOW,no_sympathy,övr,övriga,OTHER,other_party,0.9,0.6,observed,ME/ME0201/ME0201A/Rostningssympati170
2011M05,2011-05-01,2011-05,kd,KD,KD,parliamentary_party,SD,SD,SD,parliamentary_party,0.0,0.0,observed,ME/ME0201/ME0201A/Rostningssympati170
2011M05,2011-05-01,2011-05,kd,KD,KD,parliamentary_party,blankt,blankt,BLANK_VOTE,blank_vote,3.3,3.3,observed,ME/ME0201/ME0201A/Rostningssympati170
2011M05,2011-05-01,2011-05,kd,KD,KD,parliamentary_party,c,C,C,parliamentary_party,,,suppressed,ME/ME0201/ME0201A/Rostningssympati170
2011M05,2011-05-01,2011-05,kd,KD,KD,parliamentary_party,kd,KD,KD,parliamentary_party,77.5,7.1,observed,ME/ME0201/ME0201A/Rostningssympati170
2011M05,2011-05-01,2011-05,kd,KD,KD,parliamentary_party,l,L,L,parliamentary_party,0.0,0.0,observed,ME/ME0201/ME0201A/Rostningssympati170
2011M05,2011-05-01,2011-05,kd,KD,KD,parliamentary_party,m,M,M,parliamentary_party,3.7,2.9,observed,ME/ME0201/ME0201A/Rostningssympati170
2011M05,2011-05-01,2011-05,kd,KD,KD,parliamentary_party,mp,MP,MP,parliamentary_party,0.0,0.0,observed,ME/ME0201/ME0201A/Rostningssympati170
2011M05,2011-05-01,2011-05,kd,KD,KD,parliamentary_party,s,S,S,parliamentary_party,4.1,3.7,observed,ME/ME0201/ME0201A/Rostningssympati170
2011M05,2011-05-01,2011-05,kd,KD,KD,parliamentary_party,v,V,V,parliamentary_party,0.0,0.0,observed,ME/ME0201/ME0201A/Rostningssympati170
2011M05,2011-05-01,2011-05,kd,KD,KD,parliamentary_party,vet ej,vet ej/uppgift saknas,DONT_KNOW,dont_know,10.7,5.2,observed,ME/ME0201/ME0201A/Rostningssympati170
2011M05,2011-05-01,2011-05,kd,KD,KD,parliamentary_party,övr,övriga,OTHER,other_party,0.0,0.0,observed,ME/ME0201/ME0201A/Rostningssympati170
2011M05,2011-05-01,2011-05,l,L,L,parliamentary_party,SD,SD,SD,parliamentary_party,0.0,0.0,observed,ME/ME0201/ME0201A/Rostningssympati170
2011M05,2011-05-01,2011-05,l,L,L,parliamentary_party,blankt,blankt,BLANK_VOTE,blank_vote,,,suppressed,ME/ME0201/ME0201A/Rostningssympati170
2011M05,2011-05-01,2011-05,l,L,L,parliamentary_party,c,C,C,parliamentary_party,,,suppressed,ME/ME0201/ME0201A/Rostningssympati170
2011M05,2011-05-01,2011-05,l,L,L,parliamentary_party,kd,KD,KD,parliamentary_party,1.5,1.4,observed,ME/ME0201/ME0201A/Rostningssympati170
2011M05,2011-05-01,2011-05,l,L,L,parliamentary_party,l,L,L,parliamentary_party,77.5,4.9,observed,ME/ME0201/ME0201A/Rostningssympati170
2011M05,2011-05-01,2011-05,l,L,L,parliamentary_party,m,M,M,parliamentary_party,7.9,3.0,observed,ME/ME0201/ME0201A/Rostningssympati170
2011M05,2011-05-01,2011-05,l,L,L,parliamentary_party,mp,MP,MP,parliamentary_party,,,suppressed,ME/ME0201/ME0201A/Rostningssympati170
2011M05,2011-05-01,2011-05,l,L,L,parliamentary_party,s,S,S,parliamentary_party,,,suppressed,ME/ME0201/ME0201A/Rostningssympati170
2011M05,2011-05-01,2011-05,l,L,L,parliamentary_party,v,V,V,parliamentary_party,0.0,0.0,observed,ME/ME0201/ME0201A/Rostningssympati170
2011M05,2011-05-01,2011-05,l,L,L,parliamentary_party,vet ej,vet ej/uppgift saknas,DONT_KNOW,dont_know,10.3,3.6,observed,ME/ME0201/ME0201A/Rostningssympati170
2011M05,2011-05-01,2011-05,l,L,L,parliamentary_party,övr,övriga,OTHER,other_party,,,suppressed,ME/ME0201/ME0201A/Rostningssympati170
2011M05,2011-05-01,2011-05,m,M,M,parliamentary_party,SD,SD,SD,parliamentary_party,0.9,0.6,observed,ME/ME0201/ME0201A/Rostningssympati170
2011M05,2011-05-01,2011-05,m,M,M,parliamentary_party,blankt,blankt,BLANK_VOTE,blank_vote,0.6,0.5,observed,ME/ME0201/ME0201A/Rostningssympati170
2011M05,2011-05-01,2011-05,m,M,M,parliamentary_party,c,C,C,parliamentary_party,0.3,0.3,observed,ME/ME0201/ME0201A/Rostningssympati170
2011M05,2011-05-01,2011-05,m,M,M,parliamentary_party,kd,KD,KD,parliamentary_party,1.3,0.6,observed,ME/ME0201/ME0201A/Rostningssympati170
2011M05,2011-05-01,2011-05,m,M,M,parliamentary_party,l,L,L,parliamentary_party,1.0,0.5,observed,ME/ME0201/ME0201A/Rostningssympati170
2011M05,2011-05-01,2011-05,m,M,M,parliamentary_party,m,M,M,parliamentary_party,89.5,1.6,observed,ME/ME0201/ME0201A/Rostningssympati170
2011M05,2011-05-01,2011-05,m,M,M,parliamentary_party,mp,MP,MP,parliamentary_party,0.3,0.3,observed,ME/ME0201/ME0201A/Rostningssympati170
2011M05,2011-05-01,2011-05,m,M,M,parliamentary_party,s,S,S,parliamentary_party,0.7,0.4,observed,ME/ME0201/ME0201A/Rostningssympati170
2011M05,2011-05-01,2011-05,m,M,M,parliamentary_party,v,V,V,parliamentary_party,0.0,0.0,observed,ME/ME0201/ME0201A/Rostningssympati170
2011M05,2011-05-01,2011-05,m,M,M,parliamentary_party,vet ej,vet ej/uppgift saknas,DONT_KNOW,dont_know,5.3,1.2,observed,ME/ME0201/ME0201A/Rostningssympati170
2011M05,2011-05-01,2011-05,m,M,M,parliamentary_party,övr,övriga,OTHER,other_party,0.0,0.0,observed,ME/ME0201/ME0201A/Rostningssympati170
2011M05,2011-05-01,2011-05,mp,MP,MP,parliamentary_party,SD,SD,SD,parliamentary_party,,,suppressed,ME/ME0201/ME0201A/Rostningssympati170
2011M05,2011-05-01,2011-05,mp,MP,MP,parliamentary_party,blankt,blankt,BLANK_VOTE,blank_vote,1.8,1.6,observed,ME/ME0201/ME0201A/Rostningssympati170
2011M05,2011-05-01,2011-05,mp,MP,MP,parliamentary_party,c,C,C,parliamentary_party,,,suppressed,ME/ME0201/ME0201A/Rostningssympati170
2011M05,2011-05-01,2011-05,mp,MP,MP,parliamentary_party,kd,KD,KD,parliamentary_party,0.0,0.0,observed,ME/ME0201/ME0201A/Rostningssympati170
2011M05,2011-05-01,2011-05,mp,MP,MP,parliamentary_party,l,L,L,parliamentary_party,0.0,0.0,observed,ME/ME0201/ME0201A/Rostningssympati170
2011M05,2011-05-01,2011-05,mp,MP,MP,parliamentary_party,m,M,M,parliamentary_party,1.1,0.9,observed,ME/ME0201/ME0201A/Rostningssympati170
2011M05,2011-05-01,2011-05,mp,MP,MP,parliamentary_party,mp,MP,MP,parliamentary_party,78.3,4.1,observed,ME/ME0201/ME0201A/Rostningssympati170
2011M05,2011-05-01,2011-05,mp,MP,MP,parliamentary_party,s,S,S,parliamentary_party,6.4,2.4,observed,ME/ME0201/ME0201A/Rostningssympati170
2011M05,2011-05-01,2011-05,mp,MP,MP,parliamentary_party,v,V,V,parliamentary_party,,,suppressed,ME/ME0201/ME0201A/Rostningssympati170
2011M05,2011-05-01,2011-05,mp,MP,MP,parliamentary_party,vet ej,vet ej/uppgift saknas,DONT_KNOW,dont_know,9.4,2.8,observed,ME/ME0201/ME0201A/Rostningssympati170
2011M05,2011-05-01,2011-05,mp,MP,MP,parliamentary_party,övr,övriga,OTHER,other_party,,,suppressed,ME/ME0201/ME0201A/Rostningssympati170
2011M05,2011-05-01,2011-05,s,S,S,parliamentary_party,SD,SD,SD,parliamentary_party,0.9,0.5,observed,ME/ME0201/ME0201A/Rostningssympati170
2011M05,2011-05-01,2011-05,s,S,S,parliamentary_party,blankt,blankt,BLANK_VOTE,blank_vote,1.0,0.6,observed,ME/ME0201/ME0201A/Rostningssympati170
2011M05,2011-05-01,2011-05,s,S,S,parliamentary_party,c,C,C,parliamentary_party,,,suppressed,ME/ME0201/ME0201A/Rostningssympati170
2011M05,2011-05-01,2011-05,s,S,S,parliamentary_party,kd,KD,KD,parliamentary_party,,,suppressed,ME/ME0201/ME0201A/Rostningssympati170
2011M05,2011-05-01,2011-05,s,S,S,parliamentary_party,l,L,L,parliamentary_party,0.3,0.3,observed,ME/ME0201/ME0201A/Rostningssympati170
2011M05,2011-05-01,2011-05,s,S,S,parliamentary_party,m,M,M,parliamentary_party,1.3,0.6,observed,ME/ME0201/ME0201A/Rostningssympati170
2011M05,2011-05-01,2011-05,s,S,S,parliamentary_party,mp,MP,MP,parliamentary_party,1.5,0.6,observed,ME/ME0201/ME0201A/Rostningssympati170
2011M05,2011-05-01,2011-05,s,S,S,parliamentary_party,s,S,S,parliamentary_party,86.8,1.7,observed,ME/ME0201/ME0201A/Rostningssympati170
2011M05,2011-05-01,2011-05,s,S,S,parliamentary_party,v,V,V,parliamentary_party,0.8,0.4,observed,ME/ME0201/ME0201A/Rostningssympati170
2011M05,2011-05-01,2011-05,s,S,S,parliamentary_party,vet ej,vet ej/uppgift saknas,DONT_KNOW,dont_know,7.0,1.3,observed,ME/ME0201/ME0201A/Rostningssympati170
2011M05,2011-05-01,2011-05,s,S,S,parliamentary_party,övr,övriga,OTHER,other_party,,,suppressed,ME/ME0201/ME0201A/Rostningssympati170
2011M05,2011-05-01,2011-05,v,V,V,parliamentary_party,SD,SD,SD,parliamentary_party,1.9,1.8,observed,ME/ME0201/ME0201A/Rostningssympati170
2011M05,2011-05-01,2011-05,v,V,V,parliamentary_party,blankt,blankt,BLANK_VOTE,blank_vote,0.0,0.0,observed,ME/ME0201/ME0201A/Rostningssympati170
2011M05,2011-05-01,2011-05,v,V,V,parliamentary_party,c,C,C,parliamentary_party,0.0,0.0,observed,ME/ME0201/ME0201A/Rostningssympati170
2011M05,2011-05-01,2011-05,v,V,V,parliamentary_party,kd,KD,KD,parliamentary_party,0.0,0.0,observed,ME/ME0201/ME0201A/Rostningssympati170
2011M05,2011-05-01,2011-05,v,V,V,parliamentary_party,l,L,L,parliamentary_party,0.0,0.0,observed,ME/ME0201/ME0201A/Rostningssympati170
2011M05,2011-05-01,2011-05,v,V,V,parliamentary_party,m,M,M,parliamentary_party,,,suppressed,ME/ME0201/ME0201A/Rostningssympati170
2011M05,2011-05-01,2011-05,v,V,V,parliamentary_party,mp,MP,MP,parliamentary_party,4.5,2.7,observed,ME/ME0201/ME0201A/Rostningssympati170
2011M05,2011-05-01,2011-05,v,V,V,parliamentary_party,s,S,S,parliamentary_party,7.9,3.5,observed,ME/ME0201/ME0201A/Rostningssympati170
2011M05,2011-05-01,2011-05,v,V,V,parliamentary_party,v,V,V,parliamentary_party,77.5,5.4,observed,ME/ME0201/ME0201A/Rostningssympati170
2011M05,2011-05-01,2011-05,v,V,V,parliamentary_party,vet ej,vet ej/uppgift saknas,DONT_KNOW,dont_know,6.4,3.3,observed,ME/ME0201/ME0201A/Rostningssympati170
2011M05,2011-05-01,2011-05,v,V,V,parliamentary_party,övr,övriga,OTHER,other_party,,,suppressed,ME/ME0201/ME0201A/Rostningssympati170
2011M05,2011-05-01,2011-05,övr,övriga,OTHER,other_party,SD,SD,SD,parliamentary_party,0.0,0.0,observed,ME/ME0201/ME0201A/Rostningssympati170
2011M05,2011-05-01,2011-05,övr,övriga,OTHER,other_party,blankt,blankt,BLANK_VOTE,blank_vote,,,suppressed,ME/ME0201/ME0201A/Rostningssympati170
2011M05,2011-05-01,2011-05,övr,övriga,OTHER,other_party,c,C,C,parliamentary_party,0.0,0.0,observed,ME/ME0201/ME0201A/Rostningssympati170
2011M05,2011-05-01,2011-05,övr,övriga,OTHER,other_party,kd,KD,KD,parliamentary_party,0.0,0.0,observed,ME/ME0201/ME0201A/Rostningssympati170
2011M05,2011-05-01,2011-05,övr,övriga,OTHER,other_party,l,L,L,parliamentary_party,0.0,0.0,observed,ME/ME0201/ME0201A/Rostningssympati170
2011M05,2011-05-01,2011-05,övr,övriga,OTHER,other_party,m,M,M,parliamentary_party,,,suppressed,ME/ME0201/ME0201A/Rostningssympati170
2011M05,2011-05-01,2011-05,övr,övriga,OTHER,other_party,mp,MP,MP,parliamentary_party,,,suppressed,ME/ME0201/ME0201A/Rostningssympati170
2011M05,2011-05-01,2011-05,övr,övriga,OTHER,other_party,s,S,S,parliamentary_party,,,suppressed,ME/ME0201/ME0201A/Rostningssympati170
2011M05,2011-05-01,2011-05,övr,övriga,OTHER,other_party,v,V,V,parliamentary_party,7.8,7.7,observed,ME/ME0201/ME0201A/Rostningssympati170
2011M05,2011-05-01,2011-05,övr,övriga,OTHER,other_party,vet ej,vet ej/uppgift saknas,DONT_KNOW,dont_know,9.1,8.7,observed,ME/ME0201/ME0201A/Rostningssympati170
2011M05,2011-05-01,2011-05,övr,övriga,OTHER,other_party,övr,övriga,OTHER,other_party,70.1,13.2,observed,ME/ME0201/ME0201A/Rostningssympati170
2011M11,2011-11-01,2011-11,SD,SD,SD,parliamentary_party,SD,SD,SD,parliamentary_party,91.6,4.7,observed,ME/ME0201/ME0201A/Rostningssympati170
2011M11,2011-11-01,2011-11,SD,SD,SD,parliamentary_party,blankt,blankt,BLANK_VOTE,blank_vote,0.0,0.0,observed,ME/ME0201/ME0201A/Rostningssympati170
2011M11,2011-11-01,2011-11,SD,SD,SD,parliamentary_party,c,C,C,parliamentary_party,0.0,0.0,observed,ME/ME0201/ME0201A/Rostningssympati170
2011M11,2011-11-01,2011-11,SD,SD,SD,parliamentary_party,kd,KD,KD,parliamentary_party,0.0,0.0,observed,ME/ME0201/ME0201A/Rostningssympati170
2011M11,2011-11-01,2011-11,SD,SD,SD,parliamentary_party,l,L,L,parliamentary_party,0.0,0.0,observed,ME/ME0201/ME0201A/Rostningssympati170
2011M11,2011-11-01,2011-11,SD,SD,SD,parliamentary_party,m,M,M,parliamentary_party,,,suppressed,ME/ME0201/ME0201A/Rostningssympati170
2011M11,2011-11-01,2011-11,SD,SD,SD,parliamentary_party,mp,MP,MP,parliamentary_party,0.0,0.0,observed,ME/ME0201/ME0201A/Rostningssympati170
2011M11,2011-11-01,2011-11,SD,SD,SD,parliamentary_party,s,S,S,parliamentary_party,,,suppressed,ME/ME0201/ME0201A/Rostningssympati170
2011M11,2011-11-01,2011-11,SD,SD,SD,parliamentary_party,v,V,V,parliamentary_party,0.0,0.0,observed,ME/ME0201/ME0201A/Rostningssympati170
2011M11,2011-11-01,2011-11,SD,SD,SD,parliamentary_party,vet ej,vet ej/uppgift saknas,DONT_KNOW,dont_know,4.9,3.6,observed,ME/ME0201/ME0201A/Rostningssympati170
2011M11,2011-11-01,2011-11,SD,SD,SD,parliamentary_party,övr,övriga,OTHER,other_party,0.0,0.0,observed,ME/ME0201/ME0201A/Rostningssympati170
2011M11,2011-11-01,2011-11,c,C,C,parliamentary_party,SD,SD,SD,parliamentary_party,,,suppressed,ME/ME0201/ME0201A/Rostningssympati170
2011M11,2011-11-01,2011-11,c,C,C,parliamentary_party,blankt,blankt,BLANK_VOTE,blank_vote,,,suppressed,ME/ME0201/ME0201A/Rostningssympati170
2011M11,2011-11-01,2011-11,c,C,C,parliamentary_party,c,C,C,parliamentary_party,83.0,4.8,observed,ME/ME0201/ME0201A/Rostningssympati170
2011M11,2011-11-01,2011-11,c,C,C,parliamentary_party,kd,KD,KD,parliamentary_party,0.0,0.0,observed,ME/ME0201/ME0201A/Rostningssympati170
2011M11,2011-11-01,2011-11,c,C,C,parliamentary_party,l,L,L,parliamentary_party,,,suppressed,ME/ME0201/ME0201A/Rostningssympati170
2011M11,2011-11-01,2011-11,c,C,C,parliamentary_party,m,M,M,parliamentary_party,4.9,2.6,observed,ME/ME0201/ME0201A/Rostningssympati170
2011M11,2011-11-01,2011-11,c,C,C,parliamentary_party,mp,MP,MP,parliamentary_party,,,suppressed,ME/ME0201/ME0201A/Rostningssympati170
2011M11,2011-11-01,2011-11,c,C,C,parliamentary_party,s,S,S,parliamentary_party,,,suppressed,ME/ME0201/ME0201A/Rostningssympati170
2011M11,2011-11-01,2011-11,c,C,C,parliamentary_party,v,V,V,parliamentary_party,0.0,0.0,observed,ME/ME0201/ME0201A/Rostningssympati170
2011M11,2011-11-01,2011-11,c,C,C,parliamentary_party,vet ej,vet ej/uppgift saknas,DONT_KNOW,dont_know,8.5,3.5,observed,ME/ME0201/ME0201A/Rostningssympati170
2011M11,2011-11-01,2011-11,c,C,C,parliamentary_party,övr,övriga,OTHER,other_party,0.0,0.0,observed,ME/ME0201/ME0201A/Rostningssympati170
2011M11,2011-11-01,2011-11,hela väljarkåren,hela väljarkåren,TOTAL_ELECTORATE,total_electorate,SD,SD,SD,parliamentary_party,4.4,0.5,observed,ME/ME0201/ME0201A/Rostningssympati170
2011M11,2011-11-01,2011-11,hela väljarkåren,hela väljarkåren,TOTAL_ELECTORATE,total_electorate,blankt,blankt,BLANK_VOTE,blank_vote,3.7,0.6,observed,ME/ME0201/ME0201A/Rostningssympati170
2011M11,2011-11-01,2011-11,hela väljarkåren,hela väljarkåren,TOTAL_ELECTORATE,total_electorate,c,C,C,parliamentary_party,4.1,0.4,observed,ME/ME0201/ME0201A/Rostningssympati170
2011M11,2011-11-01,2011-11,hela väljarkåren,hela väljarkåren,TOTAL_ELECTORATE,total_electorate,kd,KD,KD,parliamentary_party,2.8,0.4,observed,ME/ME0201/ME0201A/Rostningssympati170
2011M11,2011-11-01,2011-11,hela väljarkåren,hela väljarkåren,TOTAL_ELECTORATE,total_electorate,l,L,L,parliamentary_party,4.2,0.4,observed,ME/ME0201/ME0201A/Rostningssympati170
2011M11,2011-11-01,2011-11,hela väljarkåren,hela väljarkåren,TOTAL_ELECTORATE,total_electorate,m,M,M,parliamentary_party,26.0,0.8,observed,ME/ME0201/ME0201A/Rostningssympati170
2011M11,2011-11-01,2011-11,hela väljarkåren,hela väljarkåren,TOTAL_ELECTORATE,total_electorate,mp,MP,MP,parliamentary_party,8.8,0.6,observed,ME/ME0201/ME0201A/Rostningssympati170
2011M11,2011-11-01,2011-11,hela väljarkåren,hela väljarkåren,TOTAL_ELECTORATE,total_electorate,s,S,S,parliamentary_party,18.9,0.9,observed,ME/ME0201/ME0201A/Rostningssympati170
2011M11,2011-11-01,2011-11,hela väljarkåren,hela väljarkåren,TOTAL_ELECTORATE,total_electorate,v,V,V,parliamentary_party,4.3,0.4,observed,ME/ME0201/ME0201A/Rostningssympati170
2011M11,2011-11-01,2011-11,hela väljarkåren,hela väljarkåren,TOTAL_ELECTORATE,total_electorate,vet ej,vet ej/uppgift saknas,DONT_KNOW,dont_know,22.1,1.1,observed,ME/ME0201/ME0201A/Rostningssympati170
2011M11,2011-11-01,2011-11,hela väljarkåren,hela väljarkåren,TOTAL_ELECTORATE,total_electorate,övr,övriga,OTHER,other_party,0.8,0.2,observed,ME/ME0201/ME0201A/Rostningssympati170
2011M11,2011-11-01,2011-11,ingen sympati/vet ej,ingen sympati/vet ej,NO_SYMPATHY_OR_DONT_KNOW,no_sympathy,SD,SD,SD,parliamentary_party,2.6,1.0,observed,ME/ME0201/ME0201A/Rostningssympati170
2011M11,2011-11-01,2011-11,ingen sympati/vet ej,ingen sympati/vet ej,NO_SYMPATHY_OR_DONT_KNOW,no_sympathy,blankt,blankt,BLANK_VOTE,blank_vote,11.8,2.2,observed,ME/ME0201/ME0201A/Rostningssympati170
2011M11,2011-11-01,2011-11,ingen sympati/vet ej,ingen sympati/vet ej,NO_SYMPATHY_OR_DONT_KNOW,no_sympathy,c,C,C,parliamentary_party,1.1,0.5,observed,ME/ME0201/ME0201A/Rostningssympati170
2011M11,2011-11-01,2011-11,ingen sympati/vet ej,ingen sympati/vet ej,NO_SYMPATHY_OR_DONT_KNOW,no_sympathy,kd,KD,KD,parliamentary_party,0.7,0.5,observed,ME/ME0201/ME0201A/Rostningssympati170
2011M11,2011-11-01,2011-11,ingen sympati/vet ej,ingen sympati/vet ej,NO_SYMPATHY_OR_DONT_KNOW,no_sympathy,l,L,L,parliamentary_party,1.1,0.6,observed,ME/ME0201/ME0201A/Rostningssympati170
2011M11,2011-11-01,2011-11,ingen sympati/vet ej,ingen sympati/vet ej,NO_SYMPATHY_OR_DONT_KNOW,no_sympathy,m,M,M,parliamentary_party,7.3,1.4,observed,ME/ME0201/ME0201A/Rostningssympati170
2011M11,2011-11-01,2011-11,ingen sympati/vet ej,ingen sympati/vet ej,NO_SYMPATHY_OR_DONT_KNOW,no_sympathy,mp,MP,MP,parliamentary_party,4.1,1.2,observed,ME/ME0201/ME0201A/Rostningssympati170
2011M11,2011-11-01,2011-11,ingen sympati/vet ej,ingen sympati/vet ej,NO_SYMPATHY_OR_DONT_KNOW,no_sympathy,s,S,S,parliamentary_party,6.3,1.4,observed,ME/ME0201/ME0201A/Rostningssympati170
2011M11,2011-11-01,2011-11,ingen sympati/vet ej,ingen sympati/vet ej,NO_SYMPATHY_OR_DONT_KNOW,no_sympathy,v,V,V,parliamentary_party,1.1,0.6,observed,ME/ME0201/ME0201A/Rostningssympati170
2011M11,2011-11-01,2011-11,ingen sympati/vet ej,ingen sympati/vet ej,NO_SYMPATHY_OR_DONT_KNOW,no_sympathy,vet ej,vet ej/uppgift saknas,DONT_KNOW,dont_know,63.2,3.0,observed,ME/ME0201/ME0201A/Rostningssympati170
2011M11,2011-11-01,2011-11,ingen sympati/vet ej,ingen sympati/vet ej,NO_SYMPATHY_OR_DONT_KNOW,no_sympathy,övr,övriga,OTHER,other_party,0.8,0.6,observed,ME/ME0201/ME0201A/Rostningssympati170
2011M11,2011-11-01,2011-11,kd,KD,KD,parliamentary_party,SD,SD,SD,parliamentary_party,0.0,0.0,observed,ME/ME0201/ME0201A/Rostningssympati170
2011M11,2011-11-01,2011-11,kd,KD,KD,parliamentary_party,blankt,blankt,BLANK_VOTE,blank_vote,,,suppressed,ME/ME0201/ME0201A/Rostningssympati170
2011M11,2011-11-01,2011-11,kd,KD,KD,parliamentary_party,c,C,C,parliamentary_party,0.0,0.0,observed,ME/ME0201/ME0201A/Rostningssympati170
2011M11,2011-11-01,2011-11,kd,KD,KD,parliamentary_party,kd,KD,KD,parliamentary_party,75.9,7.3,observed,ME/ME0201/ME0201A/Rostningssympati170
2011M11,2011-11-01,2011-11,kd,KD,KD,parliamentary_party,l,L,L,parliamentary_party,,,suppressed,ME/ME0201/ME0201A/Rostningssympati170
2011M11,2011-11-01,2011-11,kd,KD,KD,parliamentary_party,m,M,M,parliamentary_party,7.9,4.8,observed,ME/ME0201/ME0201A/Rostningssympati170
2011M11,2011-11-01,2011-11,kd,KD,KD,parliamentary_party,mp,MP,MP,parliamentary_party,,,suppressed,ME/ME0201/ME0201A/Rostningssympati170
2011M11,2011-11-01,2011-11,kd,KD,KD,parliamentary_party,s,S,S,parliamentary_party,,,suppressed,ME/ME0201/ME0201A/Rostningssympati170
2011M11,2011-11-01,2011-11,kd,KD,KD,parliamentary_party,v,V,V,parliamentary_party,0.0,0.0,observed,ME/ME0201/ME0201A/Rostningssympati170
2011M11,2011-11-01,2011-11,kd,KD,KD,parliamentary_party,vet ej,vet ej/uppgift saknas,DONT_KNOW,dont_know,9.5,4.8,observed,ME/ME0201/ME0201A/Rostningssympati170
2011M11,2011-11-01,2011-11,kd,KD,KD,parliamentary_party,övr,övriga,OTHER,other_party,0.0,0.0,observed,ME/ME0201/ME0201A/Rostningssympati170
2011M11,2011-11-01,2011-11,l,L,L,parliamentary_party,SD,SD,SD,parliamentary_party,0.0,0.0,observed,ME/ME0201/ME0201A/Rostningssympati170
2011M11,2011-11-01,2011-11,l,L,L,parliamentary_party,blankt,blankt,BLANK_VOTE,blank_vote,,,suppressed,ME/ME0201/ME0201A/Rostningssympati170
2011M11,2011-11-01,2011-11,l,L,L,parliamentary_party,c,C,C,parliamentary_party,,,suppressed,ME/ME0201/ME0201A/Rostningssympati170
2011M11,2011-11-01,2011-11,l,L,L,parliamentary_party,kd,KD,KD,parliamentary_party,0.0,0.0,observed,ME/ME0201/ME0201A/Rostningssympati170
2011M11,2011-11-01,2011-11,l,L,L,parliamentary_party,l,L,L,parliamentary_party,77.0,5.2,observed,ME/ME0201/ME0201A/Rostningssympati170
2011M11,2011-11-01,2011-11,l,L,L,parliamentary_party,m,M,M,parliamentary_party,6.8,2.8,observed,ME/ME0201/ME0201A/Rostningssympati170
2011M11,2011-11-01,2011-11,l,L,L,parliamentary_party,mp,MP,MP,parliamentary_party,,,suppressed,ME/ME0201/ME0201A/Rostningssympati170
2011M11,2011-11-01,2011-11,l,L,L,parliamentary_party,s,S,S,parliamentary_party,,,suppressed,ME/ME0201/ME0201A/Rostningssympati170
2011M11,2011-11-01,2011-11,l,L,L,parliamentary_party,v,V,V,parliamentary_party,0.0,0.0,observed,ME/ME0201/ME0201A/Rostningssympati170
2011M11,2011-11-01,2011-11,l,L,L,parliamentary_party,vet ej,vet ej/uppgift saknas,DONT_KNOW,dont_know,11.1,3.9,observed,ME/ME0201/ME0201A/Rostningssympati170
2011M11,2011-11-01,2011-11,l,L,L,parliamentary_party,övr,övriga,OTHER,other_party,0.0,0.0,observed,ME/ME0201/ME0201A/Rostningssympati170
2011M11,2011-11-01,2011-11,m,M,M,parliamentary_party,SD,SD,SD,parliamentary_party,0.8,0.5,observed,ME/ME0201/ME0201A/Rostningssympati170
2011M11,2011-11-01,2011-11,m,M,M,parliamentary_party,blankt,blankt,BLANK_VOTE,blank_vote,,,suppressed,ME/ME0201/ME0201A/Rostningssympati170
2011M11,2011-11-01,2011-11,m,M,M,parliamentary_party,c,C,C,parliamentary_party,0.6,0.4,observed,ME/ME0201/ME0201A/Rostningssympati170
2011M11,2011-11-01,2011-11,m,M,M,parliamentary_party,kd,KD,KD,parliamentary_party,1.7,0.7,observed,ME/ME0201/ME0201A/Rostningssympati170
2011M11,2011-11-01,2011-11,m,M,M,parliamentary_party,l,L,L,parliamentary_party,0.5,0.4,observed,ME/ME0201/ME0201A/Rostningssympati170
2011M11,2011-11-01,2011-11,m,M,M,parliamentary_party,m,M,M,parliamentary_party,89.5,1.6,observed,ME/ME0201/ME0201A/Rostningssympati170
2011M11,2011-11-01,2011-11,m,M,M,parliamentary_party,mp,MP,MP,parliamentary_party,0.5,0.3,observed,ME/ME0201/ME0201A/Rostningssympati170
2011M11,2011-11-01,2011-11,m,M,M,parliamentary_party,s,S,S,parliamentary_party,0.3,0.3,observed,ME/ME0201/ME0201A/Rostningssympati170
2011M11,2011-11-01,2011-11,m,M,M,parliamentary_party,v,V,V,parliamentary_party,0.0,0.0,observed,ME/ME0201/ME0201A/Rostningssympati170
2011M11,2011-11-01,2011-11,m,M,M,parliamentary_party,vet ej,vet ej/uppgift saknas,DONT_KNOW,dont_know,5.7,1.3,observed,ME/ME0201/ME0201A/Rostningssympati170
2011M11,2011-11-01,2011-11,m,M,M,parliamentary_party,övr,övriga,OTHER,other_party,,,suppressed,ME/ME0201/ME0201A/Rostningssympati170
2011M11,2011-11-01,2011-11,mp,MP,MP,parliamentary_party,SD,SD,SD,parliamentary_party,,,suppressed,ME/ME0201/ME0201A/Rostningssympati170
2011M11,2011-11-01,2011-11,mp,MP,MP,parliamentary_party,blankt,blankt,BLANK_VOTE,blank_vote,1.2,1.0,observed,ME/ME0201/ME0201A/Rostningssympati170
2011M11,2011-11-01,2011-11,mp,MP,MP,parliamentary_party,c,C,C,parliamentary_party,,,suppressed,ME/ME0201/ME0201A/Rostningssympati170
2011M11,2011-11-01,2011-11,mp,MP,MP,parliamentary_party,kd,KD,KD,parliamentary_party,0.0,0.0,observed,ME/ME0201/ME0201A/Rostningssympati170
2011M11,2011-11-01,2011-11,mp,MP,MP,parliamentary_party,l,L,L,parliamentary_party,,,suppressed,ME/ME0201/ME0201A/Rostningssympati170
2011M11,2011-11-01,2011-11,mp,MP,MP,parliamentary_party,m,M,M,parliamentary_party,1.7,1.1,observed,ME/ME0201/ME0201A/Rostningssympati170
2011M11,2011-11-01,2011-11,mp,MP,MP,parliamentary_party,mp,MP,MP,parliamentary_party,81.8,3.6,observed,ME/ME0201/ME0201A/Rostningssympati170
2011M11,2011-11-01,2011-11,mp,MP,MP,parliamentary_party,s,S,S,parliamentary_party,2.1,1.3,observed,ME/ME0201/ME0201A/Rostningssympati170
2011M11,2011-11-01,2011-11,mp,MP,MP,parliamentary_party,v,V,V,parliamentary_party,1.9,1.2,observed,ME/ME0201/ME0201A/Rostningssympati170
2011M11,2011-11-01,2011-11,mp,MP,MP,parliamentary_party,vet ej,vet ej/uppgift saknas,DONT_KNOW,dont_know,10.0,2.9,observed,ME/ME0201/ME0201A/Rostningssympati170
2011M11,2011-11-01,2011-11,mp,MP,MP,parliamentary_party,övr,övriga,OTHER,other_party,0.0,0.0,observed,ME/ME0201/ME0201A/Rostningssympati170
2011M11,2011-11-01,2011-11,s,S,S,parliamentary_party,SD,SD,SD,parliamentary_party,0.8,0.5,observed,ME/ME0201/ME0201A/Rostningssympati170
2011M11,2011-11-01,2011-11,s,S,S,parliamentary_party,blankt,blankt,BLANK_VOTE,blank_vote,2.0,0.8,observed,ME/ME0201/ME0201A/Rostningssympati170
2011M11,2011-11-01,2011-11,s,S,S,parliamentary_party,c,C,C,parliamentary_party,0.3,0.3,observed,ME/ME0201/ME0201A/Rostningssympati170
2011M11,2011-11-01,2011-11,s,S,S,parliamentary_party,kd,KD,KD,parliamentary_party,0.0,0.0,observed,ME/ME0201/ME0201A/Rostningssympati170
2011M11,2011-11-01,2011-11,s,S,S,parliamentary_party,l,L,L,parliamentary_party,,,suppressed,ME/ME0201/ME0201A/Rostningssympati170
2011M11,2011-11-01,2011-11,s,S,S,parliamentary_party,m,M,M,parliamentary_party,2.5,0.9,observed,ME/ME0201/ME0201A/Rostningssympati170
2011M11,2011-11-01,2011-11,s,S,S,parliamentary_party,mp,MP,MP,parliamentary_party,4.2,1.1,observed,ME/ME0201/ME0201A/Rostningssympati170
2011M11,2011-11-01,2011-11,s,S,S,parliamentary_party,s,S,S,parliamentary_party,74.4,2.4,observed,ME/ME0201/ME0201A/Rostningssympati170
2011M11,2011-11-01,2011-11,s,S,S,parliamentary_party,v,V,V,parliamentary_party,2.3,0.8,observed,ME/ME0201/ME0201A/Rostningssympati170
2011M11,2011-11-01,2011-11,s,S,S,parliamentary_party,vet ej,vet ej/uppgift saknas,DONT_KNOW,dont_know,13.3,1.9,observed,ME/ME0201/ME0201A/Rostningssympati170
2011M11,2011-11-01,2011-11,s,S,S,parliamentary_party,övr,övriga,OTHER,other_party,,,suppressed,ME/ME0201/ME0201A/Rostningssympati170
2011M11,2011-11-01,2011-11,v,V,V,parliamentary_party,SD,SD,SD,parliamentary_party,,,suppressed,ME/ME0201/ME0201A/Rostningssympati170
2011M11,2011-11-01,2011-11,v,V,V,parliamentary_party,blankt,blankt,BLANK_VOTE,blank_vote,0.0,0.0,observed,ME/ME0201/ME0201A/Rostningssympati170
2011M11,2011-11-01,2011-11,v,V,V,parliamentary_party,c,C,C,parliamentary_party,0.0,0.0,observed,ME/ME0201/ME0201A/Rostningssympati170
2011M11,2011-11-01,2011-11,v,V,V,parliamentary_party,kd,KD,KD,parliamentary_party,,,suppressed,ME/ME0201/ME0201A/Rostningssympati170
2011M11,2011-11-01,2011-11,v,V,V,parliamentary_party,l,L,L,parliamentary_party,0.0,0.0,observed,ME/ME0201/ME0201A/Rostningssympati170
2011M11,2011-11-01,2011-11,v,V,V,parliamentary_party,m,M,M,parliamentary_party,0.0,0.0,observed,ME/ME0201/ME0201A/Rostningssympati170
2011M11,2011-11-01,2011-11,v,V,V,parliamentary_party,mp,MP,MP,parliamentary_party,3.1,2.3,observed,ME/ME0201/ME0201A/Rostningssympati170
2011M11,2011-11-01,2011-11,v,V,V,parliamentary_party,s,S,S,parliamentary_party,2.2,1.8,observed,ME/ME0201/ME0201A/Rostningssympati170
2011M11,2011-11-01,2011-11,v,V,V,parliamentary_party,v,V,V,parliamentary_party,84.0,4.9,observed,ME/ME0201/ME0201A/Rostningssympati170
2011M11,2011-11-01,2011-11,v,V,V,parliamentary_party,vet ej,vet ej/uppgift saknas,DONT_KNOW,dont_know,8.7,3.6,observed,ME/ME0201/ME0201A/Rostningssympati170
2011M11,2011-11-01,2011-11,v,V,V,parliamentary_party,övr,övriga,OTHER,other_party,,,suppressed,ME/ME0201/ME0201A/Rostningssympati170
2011M11,2011-11-01,2011-11,övr,övriga,OTHER,other_party,SD,SD,SD,parliamentary_party,0.0,0.0,observed,ME/ME0201/ME0201A/Rostningssympati170
2011M11,2011-11-01,2011-11,övr,övriga,OTHER,other_party,blankt,blankt,BLANK_VOTE,blank_vote,,,suppressed,ME/ME0201/ME0201A/Rostningssympati170
2011M11,2011-11-01,2011-11,övr,övriga,OTHER,other_party,c,C,C,parliamentary_party,,,suppressed,ME/ME0201/ME0201A/Rostningssympati170
2011M11,2011-11-01,2011-11,övr,övriga,OTHER,other_party,kd,KD,KD,parliamentary_party,0.0,0.0,observed,ME/ME0201/ME0201A/Rostningssympati170
2011M11,2011-11-01,2011-11,övr,övriga,OTHER,other_party,l,L,L,parliamentary_party,0.0,0.0,observed,ME/ME0201/ME0201A/Rostningssympati170
2011M11,2011-11-01,2011-11,övr,övriga,OTHER,other_party,m,M,M,parliamentary_party,7.8,7.5,observed,ME/ME0201/ME0201A/Rostningssympati170
2011M11,2011-11-01,2011-11,övr,övriga,OTHER,other_party,mp,MP,MP,parliamentary_party,,,suppressed,ME/ME0201/ME0201A/Rostningssympati170
2011M11,2011-11-01,2011-11,övr,övriga,OTHER,other_party,s,S,S,parliamentary_party,0.0,0.0,observed,ME/ME0201/ME0201A/Rostningssympati170
2011M11,2011-11-01,2011-11,övr,övriga,OTHER,other_party,v,V,V,parliamentary_party,,,suppressed,ME/ME0201/ME0201A/Rostningssympati170
2011M11,2011-11-01,2011-11,övr,övriga,OTHER,other_party,vet ej,vet ej/uppgift saknas,DONT_KNOW,dont_know,13.7,12.3,observed,ME/ME0201/ME0201A/Rostningssympati170
2011M11,2011-11-01,2011-11,övr,övriga,OTHER,other_party,övr,övriga,OTHER,other_party,58.4,15.1,observed,ME/ME0201/ME0201A/Rostningssympati170
2012M05,2012-05-01,2012-05,SD,SD,SD,parliamentary_party,SD,SD,SD,parliamentary_party,84.2,5.5,observed,ME/ME0201/ME0201A/Rostningssympati170
2012M05,2012-05-01,2012-05,SD,SD,SD,parliamentary_party,blankt,blankt,BLANK_VOTE,blank_vote,0.0,0.0,observed,ME/ME0201/ME0201A/Rostningssympati170
2012M05,2012-05-01,2012-05,SD,SD,SD,parliamentary_party,c,C,C,parliamentary_party,0.0,0.0,observed,ME/ME0201/ME0201A/Rostningssympati170
2012M05,2012-05-01,2012-05,SD,SD,SD,parliamentary_party,kd,KD,KD,parliamentary_party,0.0,0.0,observed,ME/ME0201/ME0201A/Rostningssympati170
2012M05,2012-05-01,2012-05,SD,SD,SD,parliamentary_party,l,L,L,parliamentary_party,0.0,0.0,observed,ME/ME0201/ME0201A/Rostningssympati170
2012M05,2012-05-01,2012-05,SD,SD,SD,parliamentary_party,m,M,M,parliamentary_party,,,suppressed,ME/ME0201/ME0201A/Rostningssympati170
2012M05,2012-05-01,2012-05,SD,SD,SD,parliamentary_party,mp,MP,MP,parliamentary_party,,,suppressed,ME/ME0201/ME0201A/Rostningssympati170
2012M05,2012-05-01,2012-05,SD,SD,SD,parliamentary_party,s,S,S,parliamentary_party,5.0,3.3,observed,ME/ME0201/ME0201A/Rostningssympati170
2012M05,2012-05-01,2012-05,SD,SD,SD,parliamentary_party,v,V,V,parliamentary_party,,,suppressed,ME/ME0201/ME0201A/Rostningssympati170
2012M05,2012-05-01,2012-05,SD,SD,SD,parliamentary_party,vet ej,vet ej/uppgift saknas,DONT_KNOW,dont_know,6.8,3.8,observed,ME/ME0201/ME0201A/Rostningssympati170
2012M05,2012-05-01,2012-05,SD,SD,SD,parliamentary_party,övr,övriga,OTHER,other_party,,,suppressed,ME/ME0201/ME0201A/Rostningssympati170
2012M05,2012-05-01,2012-05,c,C,C,parliamentary_party,SD,SD,SD,parliamentary_party,,,suppressed,ME/ME0201/ME0201A/Rostningssympati170
2012M05,2012-05-01,2012-05,c,C,C,parliamentary_party,blankt,blankt,BLANK_VOTE,blank_vote,,,suppressed,ME/ME0201/ME0201A/Rostningssympati170
2012M05,2012-05-01,2012-05,c,C,C,parliamentary_party,c,C,C,parliamentary_party,73.0,6.6,observed,ME/ME0201/ME0201A/Rostningssympati170
2012M05,2012-05-01,2012-05,c,C,C,parliamentary_party,kd,KD,KD,parliamentary_party,,,suppressed,ME/ME0201/ME0201A/Rostningssympati170
2012M05,2012-05-01,2012-05,c,C,C,parliamentary_party,l,L,L,parliamentary_party,,,suppressed,ME/ME0201/ME0201A/Rostningssympati170
2012M05,2012-05-01,2012-05,c,C,C,parliamentary_party,m,M,M,parliamentary_party,3.7,2.8,observed,ME/ME0201/ME0201A/Rostningssympati170
2012M05,2012-05-01,2012-05,c,C,C,parliamentary_party,mp,MP,MP,parliamentary_party,0.0,0.0,observed,ME/ME0201/ME0201A/Rostningssympati170
2012M05,2012-05-01,2012-05,c,C,C,parliamentary_party,s,S,S,parliamentary_party,,,suppressed,ME/ME0201/ME0201A/Rostningssympati170
2012M05,2012-05-01,2012-05,c,C,C,parliamentary_party,v,V,V,parliamentary_party,0.0,0.0,observed,ME/ME0201/ME0201A/Rostningssympati170
2012M05,2012-05-01,2012-05,c,C,C,parliamentary_party,vet ej,vet ej/uppgift saknas,DONT_KNOW,dont_know,16.2,5.5,observed,ME/ME0201/ME0201A/Rostningssympati170
2012M05,2012-05-01,2012-05,c,C,C,parliamentary_party,övr,övriga,OTHER,other_party,,,suppressed,ME/ME0201/ME0201A/Rostningssympati170
2012M05,2012-05-01,2012-05,hela väljarkåren,hela väljarkåren,TOTAL_ELECTORATE,total_electorate,SD,SD,SD,parliamentary_party,4.3,0.5,observed,ME/ME0201/ME0201A/Rostningssympati170
2012M05,2012-05-01,2012-05,hela väljarkåren,hela väljarkåren,TOTAL_ELECTORATE,total_electorate,blankt,blankt,BLANK_VOTE,blank_vote,3.1,0.6,observed,ME/ME0201/ME0201A/Rostningssympati170
2012M05,2012-05-01,2012-05,hela väljarkåren,hela väljarkåren,TOTAL_ELECTORATE,total_electorate,c,C,C,parliamentary_party,3.3,0.4,observed,ME/ME0201/ME0201A/Rostningssympati170
2012M05,2012-05-01,2012-05,hela väljarkåren,hela väljarkåren,TOTAL_ELECTORATE,total_electorate,kd,KD,KD,parliamentary_party,2.8,0.4,observed,ME/ME0201/ME0201A/Rostningssympati170
2012M05,2012-05-01,2012-05,hela väljarkåren,hela väljarkåren,TOTAL_ELECTORATE,total_electorate,l,L,L,parliamentary_party,3.7,0.4,observed,ME/ME0201/ME0201A/Rostningssympati170
2012M05,2012-05-01,2012-05,hela väljarkåren,hela väljarkåren,TOTAL_ELECTORATE,total_electorate,m,M,M,parliamentary_party,21.2,0.8,observed,ME/ME0201/ME0201A/Rostningssympati170
2012M05,2012-05-01,2012-05,hela väljarkåren,hela väljarkåren,TOTAL_ELECTORATE,total_electorate,mp,MP,MP,parliamentary_party,5.9,0.5,observed,ME/ME0201/ME0201A/Rostningssympati170
2012M05,2012-05-01,2012-05,hela väljarkåren,hela väljarkåren,TOTAL_ELECTORATE,total_electorate,s,S,S,parliamentary_party,29.3,1.0,observed,ME/ME0201/ME0201A/Rostningssympati170
2012M05,2012-05-01,2012-05,hela väljarkåren,hela väljarkåren,TOTAL_ELECTORATE,total_electorate,v,V,V,parliamentary_party,4.4,0.5,observed,ME/ME0201/ME0201A/Rostningssympati170
2012M05,2012-05-01,2012-05,hela väljarkåren,hela väljarkåren,TOTAL_ELECTORATE,total_electorate,vet ej,vet ej/uppgift saknas,DONT_KNOW,dont_know,21.4,1.2,observed,ME/ME0201/ME0201A/Rostningssympati170
2012M05,2012-05-01,2012-05,hela väljarkåren,hela väljarkåren,TOTAL_ELECTORATE,total_electorate,övr,övriga,OTHER,other_party,0.6,0.2,observed,ME/ME0201/ME0201A/Rostningssympati170
2012M05,2012-05-01,2012-05,ingen sympati/vet ej,ingen sympati/vet ej,NO_SYMPATHY_OR_DONT_KNOW,no_sympathy,SD,SD,SD,parliamentary_party,2.2,1.0,observed,ME/ME0201/ME0201A/Rostningssympati170
2012M05,2012-05-01,2012-05,ingen sympati/vet ej,ingen sympati/vet ej,NO_SYMPATHY_OR_DONT_KNOW,no_sympathy,blankt,blankt,BLANK_VOTE,blank_vote,10.4,2.3,observed,ME/ME0201/ME0201A/Rostningssympati170
2012M05,2012-05-01,2012-05,ingen sympati/vet ej,ingen sympati/vet ej,NO_SYMPATHY_OR_DONT_KNOW,no_sympathy,c,C,C,parliamentary_party,1.6,0.9,observed,ME/ME0201/ME0201A/Rostningssympati170
2012M05,2012-05-01,2012-05,ingen sympati/vet ej,ingen sympati/vet ej,NO_SYMPATHY_OR_DONT_KNOW,no_sympathy,kd,KD,KD,parliamentary_party,1.3,0.7,observed,ME/ME0201/ME0201A/Rostningssympati170
2012M05,2012-05-01,2012-05,ingen sympati/vet ej,ingen sympati/vet ej,NO_SYMPATHY_OR_DONT_KNOW,no_sympathy,l,L,L,parliamentary_party,0.7,0.6,observed,ME/ME0201/ME0201A/Rostningssympati170
2012M05,2012-05-01,2012-05,ingen sympati/vet ej,ingen sympati/vet ej,NO_SYMPATHY_OR_DONT_KNOW,no_sympathy,m,M,M,parliamentary_party,5.4,1.4,observed,ME/ME0201/ME0201A/Rostningssympati170
2012M05,2012-05-01,2012-05,ingen sympati/vet ej,ingen sympati/vet ej,NO_SYMPATHY_OR_DONT_KNOW,no_sympathy,mp,MP,MP,parliamentary_party,2.5,1.0,observed,ME/ME0201/ME0201A/Rostningssympati170
2012M05,2012-05-01,2012-05,ingen sympati/vet ej,ingen sympati/vet ej,NO_SYMPATHY_OR_DONT_KNOW,no_sympathy,s,S,S,parliamentary_party,8.4,1.8,observed,ME/ME0201/ME0201A/Rostningssympati170
2012M05,2012-05-01,2012-05,ingen sympati/vet ej,ingen sympati/vet ej,NO_SYMPATHY_OR_DONT_KNOW,no_sympathy,v,V,V,parliamentary_party,0.9,0.7,observed,ME/ME0201/ME0201A/Rostningssympati170
2012M05,2012-05-01,2012-05,ingen sympati/vet ej,ingen sympati/vet ej,NO_SYMPATHY_OR_DONT_KNOW,no_sympathy,vet ej,vet ej/uppgift saknas,DONT_KNOW,dont_know,66.3,3.2,observed,ME/ME0201/ME0201A/Rostningssympati170
2012M05,2012-05-01,2012-05,ingen sympati/vet ej,ingen sympati/vet ej,NO_SYMPATHY_OR_DONT_KNOW,no_sympathy,övr,övriga,OTHER,other_party,,,suppressed,ME/ME0201/ME0201A/Rostningssympati170
2012M05,2012-05-01,2012-05,kd,KD,KD,parliamentary_party,SD,SD,SD,parliamentary_party,,,suppressed,ME/ME0201/ME0201A/Rostningssympati170
2012M05,2012-05-01,2012-05,kd,KD,KD,parliamentary_party,blankt,blankt,BLANK_VOTE,blank_vote,,,suppressed,ME/ME0201/ME0201A/Rostningssympati170
2012M05,2012-05-01,2012-05,kd,KD,KD,parliamentary_party,c,C,C,parliamentary_party,,,suppressed,ME/ME0201/ME0201A/Rostningssympati170
2012M05,2012-05-01,2012-05,kd,KD,KD,parliamentary_party,kd,KD,KD,parliamentary_party,75.9,7.6,observed,ME/ME0201/ME0201A/Rostningssympati170
2012M05,2012-05-01,2012-05,kd,KD,KD,parliamentary_party,l,L,L,parliamentary_party,,,suppressed,ME/ME0201/ME0201A/Rostningssympati170
2012M05,2012-05-01,2012-05,kd,KD,KD,parliamentary_party,m,M,M,parliamentary_party,7.8,4.9,observed,ME/ME0201/ME0201A/Rostningssympati170
2012M05,2012-05-01,2012-05,kd,KD,KD,parliamentary_party,mp,MP,MP,parliamentary_party,,,suppressed,ME/ME0201/ME0201A/Rostningssympati170
2012M05,2012-05-01,2012-05,kd,KD,KD,parliamentary_party,s,S,S,parliamentary_party,,,suppressed,ME/ME0201/ME0201A/Rostningssympati170
2012M05,2012-05-01,2012-05,kd,KD,KD,parliamentary_party,v,V,V,parliamentary_party,0.0,0.0,observed,ME/ME0201/ME0201A/Rostningssympati170
2012M05,2012-05-01,2012-05,kd,KD,KD,parliamentary_party,vet ej,vet ej/uppgift saknas,DONT_KNOW,dont_know,7.9,4.7,observed,ME/ME0201/ME0201A/Rostningssympati170
2012M05,2012-05-01,2012-05,kd,KD,KD,parliamentary_party,övr,övriga,OTHER,other_party,0.0,0.0,observed,ME/ME0201/ME0201A/Rostningssympati170
2012M05,2012-05-01,2012-05,l,L,L,parliamentary_party,SD,SD,SD,parliamentary_party,0.0,0.0,observed,ME/ME0201/ME0201A/Rostningssympati170
2012M05,2012-05-01,2012-05,l,L,L,parliamentary_party,blankt,blankt,BLANK_VOTE,blank_vote,,,suppressed,ME/ME0201/ME0201A/Rostningssympati170
2012M05,2012-05-01,2012-05,l,L,L,parliamentary_party,c,C,C,parliamentary_party,,,suppressed,ME/ME0201/ME0201A/Rostningssympati170
2012M05,2012-05-01,2012-05,l,L,L,parliamentary_party,kd,KD,KD,parliamentary_party,,,suppressed,ME/ME0201/ME0201A/Rostningssympati170
2012M05,2012-05-01,2012-05,l,L,L,parliamentary_party,l,L,L,parliamentary_party,76.3,5.6,observed,ME/ME0201/ME0201A/Rostningssympati170
2012M05,2012-05-01,2012-05,l,L,L,parliamentary_party,m,M,M,parliamentary_party,5.4,2.7,observed,ME/ME0201/ME0201A/Rostningssympati170
2012M05,2012-05-01,2012-05,l,L,L,parliamentary_party,mp,MP,MP,parliamentary_party,,,suppressed,ME/ME0201/ME0201A/Rostningssympati170
2012M05,2012-05-01,2012-05,l,L,L,parliamentary_party,s,S,S,parliamentary_party,1.8,1.7,observed,ME/ME0201/ME0201A/Rostningssympati170
2012M05,2012-05-01,2012-05,l,L,L,parliamentary_party,v,V,V,parliamentary_party,,,suppressed,ME/ME0201/ME0201A/Rostningssympati170
2012M05,2012-05-01,2012-05,l,L,L,parliamentary_party,vet ej,vet ej/uppgift saknas,DONT_KNOW,dont_know,11.7,4.3,observed,ME/ME0201/ME0201A/Rostningssympati170
2012M05,2012-05-01,2012-05,l,L,L,parliamentary_party,övr,övriga,OTHER,other_party,0.0,0.0,observed,ME/ME0201/ME0201A/Rostningssympati170
2012M05,2012-05-01,2012-05,m,M,M,parliamentary_party,SD,SD,SD,parliamentary_party,0.7,0.5,observed,ME/ME0201/ME0201A/Rostningssympati170
2012M05,2012-05-01,2012-05,m,M,M,parliamentary_party,blankt,blankt,BLANK_VOTE,blank_vote,0.6,0.6,observed,ME/ME0201/ME0201A/Rostningssympati170
2012M05,2012-05-01,2012-05,m,M,M,parliamentary_party,c,C,C,parliamentary_party,,,suppressed,ME/ME0201/ME0201A/Rostningssympati170
2012M05,2012-05-01,2012-05,m,M,M,parliamentary_party,kd,KD,KD,parliamentary_party,1.5,0.7,observed,ME/ME0201/ME0201A/Rostningssympati170
2012M05,2012-05-01,2012-05,m,M,M,parliamentary_party,l,L,L,parliamentary_party,0.5,0.4,observed,ME/ME0201/ME0201A/Rostningssympati170
2012M05,2012-05-01,2012-05,m,M,M,parliamentary_party,m,M,M,parliamentary_party,85.3,2.0,observed,ME/ME0201/ME0201A/Rostningssympati170
2012M05,2012-05-01,2012-05,m,M,M,parliamentary_party,mp,MP,MP,parliamentary_party,,,suppressed,ME/ME0201/ME0201A/Rostningssympati170
2012M05,2012-05-01,2012-05,m,M,M,parliamentary_party,s,S,S,parliamentary_party,1.4,0.7,observed,ME/ME0201/ME0201A/Rostningssympati170
2012M05,2012-05-01,2012-05,m,M,M,parliamentary_party,v,V,V,parliamentary_party,0.0,0.0,observed,ME/ME0201/ME0201A/Rostningssympati170
2012M05,2012-05-01,2012-05,m,M,M,parliamentary_party,vet ej,vet ej/uppgift saknas,DONT_KNOW,dont_know,9.5,1.7,observed,ME/ME0201/ME0201A/Rostningssympati170
2012M05,2012-05-01,2012-05,m,M,M,parliamentary_party,övr,övriga,OTHER,other_party,,,suppressed,ME/ME0201/ME0201A/Rostningssympati170
2012M05,2012-05-01,2012-05,mp,MP,MP,parliamentary_party,SD,SD,SD,parliamentary_party,,,suppressed,ME/ME0201/ME0201A/Rostningssympati170
2012M05,2012-05-01,2012-05,mp,MP,MP,parliamentary_party,blankt,blankt,BLANK_VOTE,blank_vote,1.7,1.4,observed,ME/ME0201/ME0201A/Rostningssympati170
2012M05,2012-05-01,2012-05,mp,MP,MP,parliamentary_party,c,C,C,parliamentary_party,,,suppressed,ME/ME0201/ME0201A/Rostningssympati170
2012M05,2012-05-01,2012-05,mp,MP,MP,parliamentary_party,kd,KD,KD,parliamentary_party,,,suppressed,ME/ME0201/ME0201A/Rostningssympati170
2012M05,2012-05-01,2012-05,mp,MP,MP,parliamentary_party,l,L,L,parliamentary_party,,,suppressed,ME/ME0201/ME0201A/Rostningssympati170
2012M05,2012-05-01,2012-05,mp,MP,MP,parliamentary_party,m,M,M,parliamentary_party,0.9,0.9,observed,ME/ME0201/ME0201A/Rostningssympati170
2012M05,2012-05-01,2012-05,mp,MP,MP,parliamentary_party,mp,MP,MP,parliamentary_party,75.3,4.6,observed,ME/ME0201/ME0201A/Rostningssympati170
2012M05,2012-05-01,2012-05,mp,MP,MP,parliamentary_party,s,S,S,parliamentary_party,6.2,2.7,observed,ME/ME0201/ME0201A/Rostningssympati170
2012M05,2012-05-01,2012-05,mp,MP,MP,parliamentary_party,v,V,V,parliamentary_party,2.0,1.4,observed,ME/ME0201/ME0201A/Rostningssympati170
2012M05,2012-05-01,2012-05,mp,MP,MP,parliamentary_party,vet ej,vet ej/uppgift saknas,DONT_KNOW,dont_know,11.9,3.5,observed,ME/ME0201/ME0201A/Rostningssympati170
2012M05,2012-05-01,2012-05,mp,MP,MP,parliamentary_party,övr,övriga,OTHER,other_party,0.0,0.0,observed,ME/ME0201/ME0201A/Rostningssympati170
2012M05,2012-05-01,2012-05,s,S,S,parliamentary_party,SD,SD,SD,parliamentary_party,0.6,0.4,observed,ME/ME0201/ME0201A/Rostningssympati170
2012M05,2012-05-01,2012-05,s,S,S,parliamentary_party,blankt,blankt,BLANK_VOTE,blank_vote,1.2,0.7,observed,ME/ME0201/ME0201A/Rostningssympati170
2012M05,2012-05-01,2012-05,s,S,S,parliamentary_party,c,C,C,parliamentary_party,,,suppressed,ME/ME0201/ME0201A/Rostningssympati170
2012M05,2012-05-01,2012-05,s,S,S,parliamentary_party,kd,KD,KD,parliamentary_party,0.0,0.0,observed,ME/ME0201/ME0201A/Rostningssympati170
2012M05,2012-05-01,2012-05,s,S,S,parliamentary_party,l,L,L,parliamentary_party,,,suppressed,ME/ME0201/ME0201A/Rostningssympati170
2012M05,2012-05-01,2012-05,s,S,S,parliamentary_party,m,M,M,parliamentary_party,0.8,0.4,observed,ME/ME0201/ME0201A/Rostningssympati170
2012M05,2012-05-01,2012-05,s,S,S,parliamentary_party,mp,MP,MP,parliamentary_party,1.0,0.6,observed,ME/ME0201/ME0201A/Rostningssympati170
2012M05,2012-05-01,2012-05,s,S,S,parliamentary_party,s,S,S,parliamentary_party,87.6,1.8,observed,ME/ME0201/ME0201A/Rostningssympati170
2012M05,2012-05-01,2012-05,s,S,S,parliamentary_party,v,V,V,parliamentary_party,0.6,0.4,observed,ME/ME0201/ME0201A/Rostningssympati170
2012M05,2012-05-01,2012-05,s,S,S,parliamentary_party,vet ej,vet ej/uppgift saknas,DONT_KNOW,dont_know,7.7,1.5,observed,ME/ME0201/ME0201A/Rostningssympati170
2012M05,2012-05-01,2012-05,s,S,S,parliamentary_party,övr,övriga,OTHER,other_party,,,suppressed,ME/ME0201/ME0201A/Rostningssympati170
2012M05,2012-05-01,2012-05,v,V,V,parliamentary_party,SD,SD,SD,parliamentary_party,0.0,0.0,observed,ME/ME0201/ME0201A/Rostningssympati170
2012M05,2012-05-01,2012-05,v,V,V,parliamentary_party,blankt,blankt,BLANK_VOTE,blank_vote,,,suppressed,ME/ME0201/ME0201A/Rostningssympati170
2012M05,2012-05-01,2012-05,v,V,V,parliamentary_party,c,C,C,parliamentary_party,0.0,0.0,observed,ME/ME0201/ME0201A/Rostningssympati170
2012M05,2012-05-01,2012-05,v,V,V,parliamentary_party,kd,KD,KD,parliamentary_party,0.0,0.0,observed,ME/ME0201/ME0201A/Rostningssympati170
2012M05,2012-05-01,2012-05,v,V,V,parliamentary_party,l,L,L,parliamentary_party,0.0,0.0,observed,ME/ME0201/ME0201A/Rostningssympati170
2012M05,2012-05-01,2012-05,v,V,V,parliamentary_party,m,M,M,parliamentary_party,0.0,0.0,observed,ME/ME0201/ME0201A/Rostningssympati170
2012M05,2012-05-01,2012-05,v,V,V,parliamentary_party,mp,MP,MP,parliamentary_party,,,suppressed,ME/ME0201/ME0201A/Rostningssympati170
2012M05,2012-05-01,2012-05,v,V,V,parliamentary_party,s,S,S,parliamentary_party,6.9,3.4,observed,ME/ME0201/ME0201A/Rostningssympati170
2012M05,2012-05-01,2012-05,v,V,V,parliamentary_party,v,V,V,parliamentary_party,83.2,4.9,observed,ME/ME0201/ME0201A/Rostningssympati170
2012M05,2012-05-01,2012-05,v,V,V,parliamentary_party,vet ej,vet ej/uppgift saknas,DONT_KNOW,dont_know,7.7,3.4,observed,ME/ME0201/ME0201A/Rostningssympati170
2012M05,2012-05-01,2012-05,v,V,V,parliamentary_party,övr,övriga,OTHER,other_party,0.0,0.0,observed,ME/ME0201/ME0201A/Rostningssympati170
2012M05,2012-05-01,2012-05,övr,övriga,OTHER,other_party,SD,SD,SD,parliamentary_party,,,suppressed,ME/ME0201/ME0201A/Rostningssympati170
2012M05,2012-05-01,2012-05,övr,övriga,OTHER,other_party,blankt,blankt,BLANK_VOTE,blank_vote,0.0,0.0,observed,ME/ME0201/ME0201A/Rostningssympati170
2012M05,2012-05-01,2012-05,övr,övriga,OTHER,other_party,c,C,C,parliamentary_party,0.0,0.0,observed,ME/ME0201/ME0201A/Rostningssympati170
2012M05,2012-05-01,2012-05,övr,övriga,OTHER,other_party,kd,KD,KD,parliamentary_party,0.0,0.0,observed,ME/ME0201/ME0201A/Rostningssympati170
2012M05,2012-05-01,2012-05,övr,övriga,OTHER,other_party,l,L,L,parliamentary_party,0.0,0.0,observed,ME/ME0201/ME0201A/Rostningssympati170
2012M05,2012-05-01,2012-05,övr,övriga,OTHER,other_party,m,M,M,parliamentary_party,,,suppressed,ME/ME0201/ME0201A/Rostningssympati170
2012M05,2012-05-01,2012-05,övr,övriga,OTHER,other_party,mp,MP,MP,parliamentary_party,,,suppressed,ME/ME0201/ME0201A/Rostningssympati170
2012M05,2012-05-01,2012-05,övr,övriga,OTHER,other_party,s,S,S,parliamentary_party,0.0,0.0,observed,ME/ME0201/ME0201A/Rostningssympati170
2012M05,2012-05-01,2012-05,övr,övriga,OTHER,other_party,v,V,V,parliamentary_party,14.7,11.1,observed,ME/ME0201/ME0201A/Rostningssympati170
2012M05,2012-05-01,2012-05,övr,övriga,OTHER,other_party,vet ej,vet ej/uppgift saknas,DONT_KNOW,dont_know,11.5,10.7,observed,ME/ME0201/ME0201A/Rostningssympati170
2012M05,2012-05-01,2012-05,övr,övriga,OTHER,other_party,övr,övriga,OTHER,other_party,65.9,15.8,observed,ME/ME0201/ME0201A/Rostningssympati170
2012M11,2012-11-01,2012-11,SD,SD,SD,parliamentary_party,SD,SD,SD,parliamentary_party,91.6,3.5,observed,ME/ME0201/ME0201A/Rostningssympati170
2012M11,2012-11-01,2012-11,SD,SD,SD,parliamentary_party,blankt,blankt,BLANK_VOTE,blank_vote,,,suppressed,ME/ME0201/ME0201A/Rostningssympati170
2012M11,2012-11-01,2012-11,SD,SD,SD,parliamentary_party,c,C,C,parliamentary_party,,,suppressed,ME/ME0201/ME0201A/Rostningssympati170
2012M11,2012-11-01,2012-11,SD,SD,SD,parliamentary_party,kd,KD,KD,parliamentary_party,0.0,0.0,observed,ME/ME0201/ME0201A/Rostningssympati170
2012M11,2012-11-01,2012-11,SD,SD,SD,parliamentary_party,l,L,L,parliamentary_party,,,suppressed,ME/ME0201/ME0201A/Rostningssympati170
2012M11,2012-11-01,2012-11,SD,SD,SD,parliamentary_party,m,M,M,parliamentary_party,1.0,1.0,observed,ME/ME0201/ME0201A/Rostningssympati170
2012M11,2012-11-01,2012-11,SD,SD,SD,parliamentary_party,mp,MP,MP,parliamentary_party,,,suppressed,ME/ME0201/ME0201A/Rostningssympati170
2012M11,2012-11-01,2012-11,SD,SD,SD,parliamentary_party,s,S,S,parliamentary_party,,,suppressed,ME/ME0201/ME0201A/Rostningssympati170
2012M11,2012-11-01,2012-11,SD,SD,SD,parliamentary_party,v,V,V,parliamentary_party,,,suppressed,ME/ME0201/ME0201A/Rostningssympati170
2012M11,2012-11-01,2012-11,SD,SD,SD,parliamentary_party,vet ej,vet ej/uppgift saknas,DONT_KNOW,dont_know,2.9,1.9,observed,ME/ME0201/ME0201A/Rostningssympati170
2012M11,2012-11-01,2012-11,SD,SD,SD,parliamentary_party,övr,övriga,OTHER,other_party,,,suppressed,ME/ME0201/ME0201A/Rostningssympati170
2012M11,2012-11-01,2012-11,c,C,C,parliamentary_party,SD,SD,SD,parliamentary_party,0.0,0.0,observed,ME/ME0201/ME0201A/Rostningssympati170
2012M11,2012-11-01,2012-11,c,C,C,parliamentary_party,blankt,blankt,BLANK_VOTE,blank_vote,0.0,0.0,observed,ME/ME0201/ME0201A/Rostningssympati170
2012M11,2012-11-01,2012-11,c,C,C,parliamentary_party,c,C,C,parliamentary_party,81.6,5.6,observed,ME/ME0201/ME0201A/Rostningssympati170
2012M11,2012-11-01,2012-11,c,C,C,parliamentary_party,kd,KD,KD,parliamentary_party,,,suppressed,ME/ME0201/ME0201A/Rostningssympati170
2012M11,2012-11-01,2012-11,c,C,C,parliamentary_party,l,L,L,parliamentary_party,,,suppressed,ME/ME0201/ME0201A/Rostningssympati170
2012M11,2012-11-01,2012-11,c,C,C,parliamentary_party,m,M,M,parliamentary_party,2.7,2.4,observed,ME/ME0201/ME0201A/Rostningssympati170
2012M11,2012-11-01,2012-11,c,C,C,parliamentary_party,mp,MP,MP,parliamentary_party,,,suppressed,ME/ME0201/ME0201A/Rostningssympati170
2012M11,2012-11-01,2012-11,c,C,C,parliamentary_party,s,S,S,parliamentary_party,3.6,2.7,observed,ME/ME0201/ME0201A/Rostningssympati170
2012M11,2012-11-01,2012-11,c,C,C,parliamentary_party,v,V,V,parliamentary_party,0.0,0.0,observed,ME/ME0201/ME0201A/Rostningssympati170
2012M11,2012-11-01,2012-11,c,C,C,parliamentary_party,vet ej,vet ej/uppgift saknas,DONT_KNOW,dont_know,10.4,4.4,observed,ME/ME0201/ME0201A/Rostningssympati170
2012M11,2012-11-01,2012-11,c,C,C,parliamentary_party,övr,övriga,OTHER,other_party,0.0,0.0,observed,ME/ME0201/ME0201A/Rostningssympati170
2012M11,2012-11-01,2012-11,hela väljarkåren,hela väljarkåren,TOTAL_ELECTORATE,total_electorate,SD,SD,SD,parliamentary_party,6.7,0.6,observed,ME/ME0201/ME0201A/Rostningssympati170
2012M11,2012-11-01,2012-11,hela väljarkåren,hela väljarkåren,TOTAL_ELECTORATE,total_electorate,blankt,blankt,BLANK_VOTE,blank_vote,3.2,0.6,observed,ME/ME0201/ME0201A/Rostningssympati170
2012M11,2012-11-01,2012-11,hela väljarkåren,hela väljarkåren,TOTAL_ELECTORATE,total_electorate,c,C,C,parliamentary_party,3.4,0.4,observed,ME/ME0201/ME0201A/Rostningssympati170
2012M11,2012-11-01,2012-11,hela väljarkåren,hela väljarkåren,TOTAL_ELECTORATE,total_electorate,kd,KD,KD,parliamentary_party,3.0,0.4,observed,ME/ME0201/ME0201A/Rostningssympati170
2012M11,2012-11-01,2012-11,hela väljarkåren,hela väljarkåren,TOTAL_ELECTORATE,total_electorate,l,L,L,parliamentary_party,3.9,0.4,observed,ME/ME0201/ME0201A/Rostningssympati170
2012M11,2012-11-01,2012-11,hela väljarkåren,hela väljarkåren,TOTAL_ELECTORATE,total_electorate,m,M,M,parliamentary_party,22.1,0.8,observed,ME/ME0201/ME0201A/Rostningssympati170
2012M11,2012-11-01,2012-11,hela väljarkåren,hela väljarkåren,TOTAL_ELECTORATE,total_electorate,mp,MP,MP,parliamentary_party,5.8,0.5,observed,ME/ME0201/ME0201A/Rostningssympati170
2012M11,2012-11-01,2012-11,hela väljarkåren,hela väljarkåren,TOTAL_ELECTORATE,total_electorate,s,S,S,parliamentary_party,27.4,1.0,observed,ME/ME0201/ME0201A/Rostningssympati170
2012M11,2012-11-01,2012-11,hela väljarkåren,hela väljarkåren,TOTAL_ELECTORATE,total_electorate,v,V,V,parliamentary_party,4.1,0.4,observed,ME/ME0201/ME0201A/Rostningssympati170
2012M11,2012-11-01,2012-11,hela väljarkåren,hela väljarkåren,TOTAL_ELECTORATE,total_electorate,vet ej,vet ej/uppgift saknas,DONT_KNOW,dont_know,19.2,1.1,observed,ME/ME0201/ME0201A/Rostningssympati170
2012M11,2012-11-01,2012-11,hela väljarkåren,hela väljarkåren,TOTAL_ELECTORATE,total_electorate,övr,övriga,OTHER,other_party,1.1,0.3,observed,ME/ME0201/ME0201A/Rostningssympati170
2012M11,2012-11-01,2012-11,ingen sympati/vet ej,ingen sympati/vet ej,NO_SYMPATHY_OR_DONT_KNOW,no_sympathy,SD,SD,SD,parliamentary_party,3.2,1.2,observed,ME/ME0201/ME0201A/Rostningssympati170
2012M11,2012-11-01,2012-11,ingen sympati/vet ej,ingen sympati/vet ej,NO_SYMPATHY_OR_DONT_KNOW,no_sympathy,blankt,blankt,BLANK_VOTE,blank_vote,12.1,2.5,observed,ME/ME0201/ME0201A/Rostningssympati170
2012M11,2012-11-01,2012-11,ingen sympati/vet ej,ingen sympati/vet ej,NO_SYMPATHY_OR_DONT_KNOW,no_sympathy,c,C,C,parliamentary_party,1.6,0.8,observed,ME/ME0201/ME0201A/Rostningssympati170
2012M11,2012-11-01,2012-11,ingen sympati/vet ej,ingen sympati/vet ej,NO_SYMPATHY_OR_DONT_KNOW,no_sympathy,kd,KD,KD,parliamentary_party,0.7,0.5,observed,ME/ME0201/ME0201A/Rostningssympati170
2012M11,2012-11-01,2012-11,ingen sympati/vet ej,ingen sympati/vet ej,NO_SYMPATHY_OR_DONT_KNOW,no_sympathy,l,L,L,parliamentary_party,0.7,0.5,observed,ME/ME0201/ME0201A/Rostningssympati170
2012M11,2012-11-01,2012-11,ingen sympati/vet ej,ingen sympati/vet ej,NO_SYMPATHY_OR_DONT_KNOW,no_sympathy,m,M,M,parliamentary_party,7.2,1.7,observed,ME/ME0201/ME0201A/Rostningssympati170
2012M11,2012-11-01,2012-11,ingen sympati/vet ej,ingen sympati/vet ej,NO_SYMPATHY_OR_DONT_KNOW,no_sympathy,mp,MP,MP,parliamentary_party,1.8,0.9,observed,ME/ME0201/ME0201A/Rostningssympati170
2012M11,2012-11-01,2012-11,ingen sympati/vet ej,ingen sympati/vet ej,NO_SYMPATHY_OR_DONT_KNOW,no_sympathy,s,S,S,parliamentary_party,7.3,1.8,observed,ME/ME0201/ME0201A/Rostningssympati170
2012M11,2012-11-01,2012-11,ingen sympati/vet ej,ingen sympati/vet ej,NO_SYMPATHY_OR_DONT_KNOW,no_sympathy,v,V,V,parliamentary_party,1.3,0.8,observed,ME/ME0201/ME0201A/Rostningssympati170
2012M11,2012-11-01,2012-11,ingen sympati/vet ej,ingen sympati/vet ej,NO_SYMPATHY_OR_DONT_KNOW,no_sympathy,vet ej,vet ej/uppgift saknas,DONT_KNOW,dont_know,62.7,3.4,observed,ME/ME0201/ME0201A/Rostningssympati170
2012M11,2012-11-01,2012-11,ingen sympati/vet ej,ingen sympati/vet ej,NO_SYMPATHY_OR_DONT_KNOW,no_sympathy,övr,övriga,OTHER,other_party,1.2,0.8,observed,ME/ME0201/ME0201A/Rostningssympati170
2012M11,2012-11-01,2012-11,kd,KD,KD,parliamentary_party,SD,SD,SD,parliamentary_party,,,suppressed,ME/ME0201/ME0201A/Rostningssympati170
2012M11,2012-11-01,2012-11,kd,KD,KD,parliamentary_party,blankt,blankt,BLANK_VOTE,blank_vote,,,suppressed,ME/ME0201/ME0201A/Rostningssympati170
2012M11,2012-11-01,2012-11,kd,KD,KD,parliamentary_party,c,C,C,parliamentary_party,0.0,0.0,observed,ME/ME0201/ME0201A/Rostningssympati170
2012M11,2012-11-01,2012-11,kd,KD,KD,parliamentary_party,kd,KD,KD,parliamentary_party,79.7,6.9,observed,ME/ME0201/ME0201A/Rostningssympati170
2012M11,2012-11-01,2012-11,kd,KD,KD,parliamentary_party,l,L,L,parliamentary_party,,,suppressed,ME/ME0201/ME0201A/Rostningssympati170
2012M11,2012-11-01,2012-11,kd,KD,KD,parliamentary_party,m,M,M,parliamentary_party,4.1,3.8,observed,ME/ME0201/ME0201A/Rostningssympati170
2012M11,2012-11-01,2012-11,kd,KD,KD,parliamentary_party,mp,MP,MP,parliamentary_party,0.0,0.0,observed,ME/ME0201/ME0201A/Rostningssympati170
2012M11,2012-11-01,2012-11,kd,KD,KD,parliamentary_party,s,S,S,parliamentary_party,,,suppressed,ME/ME0201/ME0201A/Rostningssympati170
2012M11,2012-11-01,2012-11,kd,KD,KD,parliamentary_party,v,V,V,parliamentary_party,0.0,0.0,observed,ME/ME0201/ME0201A/Rostningssympati170
2012M11,2012-11-01,2012-11,kd,KD,KD,parliamentary_party,vet ej,vet ej/uppgift saknas,DONT_KNOW,dont_know,11.5,5.2,observed,ME/ME0201/ME0201A/Rostningssympati170
2012M11,2012-11-01,2012-11,kd,KD,KD,parliamentary_party,övr,övriga,OTHER,other_party,0.0,0.0,observed,ME/ME0201/ME0201A/Rostningssympati170
2012M11,2012-11-01,2012-11,l,L,L,parliamentary_party,SD,SD,SD,parliamentary_party,1.5,1.5,observed,ME/ME0201/ME0201A/Rostningssympati170
2012M11,2012-11-01,2012-11,l,L,L,parliamentary_party,blankt,blankt,BLANK_VOTE,blank_vote,,,suppressed,ME/ME0201/ME0201A/Rostningssympati170
2012M11,2012-11-01,2012-11,l,L,L,parliamentary_party,c,C,C,parliamentary_party,,,suppressed,ME/ME0201/ME0201A/Rostningssympati170
2012M11,2012-11-01,2012-11,l,L,L,parliamentary_party,kd,KD,KD,parliamentary_party,1.7,1.6,observed,ME/ME0201/ME0201A/Rostningssympati170
2012M11,2012-11-01,2012-11,l,L,L,parliamentary_party,l,L,L,parliamentary_party,74.6,5.4,observed,ME/ME0201/ME0201A/Rostningssympati170
2012M11,2012-11-01,2012-11,l,L,L,parliamentary_party,m,M,M,parliamentary_party,4.7,2.5,observed,ME/ME0201/ME0201A/Rostningssympati170
2012M11,2012-11-01,2012-11,l,L,L,parliamentary_party,mp,MP,MP,parliamentary_party,,,suppressed,ME/ME0201/ME0201A/Rostningssympati170
2012M11,2012-11-01,2012-11,l,L,L,parliamentary_party,s,S,S,parliamentary_party,2.2,1.8,observed,ME/ME0201/ME0201A/Rostningssympati170
2012M11,2012-11-01,2012-11,l,L,L,parliamentary_party,v,V,V,parliamentary_party,0.0,0.0,observed,ME/ME0201/ME0201A/Rostningssympati170
2012M11,2012-11-01,2012-11,l,L,L,parliamentary_party,vet ej,vet ej/uppgift saknas,DONT_KNOW,dont_know,12.9,4.3,observed,ME/ME0201/ME0201A/Rostningssympati170
2012M11,2012-11-01,2012-11,l,L,L,parliamentary_party,övr,övriga,OTHER,other_party,0.0,0.0,observed,ME/ME0201/ME0201A/Rostningssympati170
2012M11,2012-11-01,2012-11,m,M,M,parliamentary_party,SD,SD,SD,parliamentary_party,1.7,0.7,observed,ME/ME0201/ME0201A/Rostningssympati170
2012M11,2012-11-01,2012-11,m,M,M,parliamentary_party,blankt,blankt,BLANK_VOTE,blank_vote,0.8,0.5,observed,ME/ME0201/ME0201A/Rostningssympati170
2012M11,2012-11-01,2012-11,m,M,M,parliamentary_party,c,C,C,parliamentary_party,0.7,0.5,observed,ME/ME0201/ME0201A/Rostningssympati170
2012M11,2012-11-01,2012-11,m,M,M,parliamentary_party,kd,KD,KD,parliamentary_party,1.8,0.8,observed,ME/ME0201/ME0201A/Rostningssympati170
2012M11,2012-11-01,2012-11,m,M,M,parliamentary_party,l,L,L,parliamentary_party,0.4,0.4,observed,ME/ME0201/ME0201A/Rostningssympati170
2012M11,2012-11-01,2012-11,m,M,M,parliamentary_party,m,M,M,parliamentary_party,86.7,1.9,observed,ME/ME0201/ME0201A/Rostningssympati170
2012M11,2012-11-01,2012-11,m,M,M,parliamentary_party,mp,MP,MP,parliamentary_party,,,suppressed,ME/ME0201/ME0201A/Rostningssympati170
2012M11,2012-11-01,2012-11,m,M,M,parliamentary_party,s,S,S,parliamentary_party,0.7,0.5,observed,ME/ME0201/ME0201A/Rostningssympati170
2012M11,2012-11-01,2012-11,m,M,M,parliamentary_party,v,V,V,parliamentary_party,0.0,0.0,observed,ME/ME0201/ME0201A/Rostningssympati170
2012M11,2012-11-01,2012-11,m,M,M,parliamentary_party,vet ej,vet ej/uppgift saknas,DONT_KNOW,dont_know,6.6,1.4,observed,ME/ME0201/ME0201A/Rostningssympati170
2012M11,2012-11-01,2012-11,m,M,M,parliamentary_party,övr,övriga,OTHER,other_party,,,suppressed,ME/ME0201/ME0201A/Rostningssympati170
2012M11,2012-11-01,2012-11,mp,MP,MP,parliamentary_party,SD,SD,SD,parliamentary_party,0.0,0.0,observed,ME/ME0201/ME0201A/Rostningssympati170
2012M11,2012-11-01,2012-11,mp,MP,MP,parliamentary_party,blankt,blankt,BLANK_VOTE,blank_vote,2.0,1.7,observed,ME/ME0201/ME0201A/Rostningssympati170
2012M11,2012-11-01,2012-11,mp,MP,MP,parliamentary_party,c,C,C,parliamentary_party,,,suppressed,ME/ME0201/ME0201A/Rostningssympati170
2012M11,2012-11-01,2012-11,mp,MP,MP,parliamentary_party,kd,KD,KD,parliamentary_party,0.0,0.0,observed,ME/ME0201/ME0201A/Rostningssympati170
2012M11,2012-11-01,2012-11,mp,MP,MP,parliamentary_party,l,L,L,parliamentary_party,0.0,0.0,observed,ME/ME0201/ME0201A/Rostningssympati170
2012M11,2012-11-01,2012-11,mp,MP,MP,parliamentary_party,m,M,M,parliamentary_party,,,suppressed,ME/ME0201/ME0201A/Rostningssympati170
2012M11,2012-11-01,2012-11,mp,MP,MP,parliamentary_party,mp,MP,MP,parliamentary_party,76.8,4.7,observed,ME/ME0201/ME0201A/Rostningssympati170
2012M11,2012-11-01,2012-11,mp,MP,MP,parliamentary_party,s,S,S,parliamentary_party,4.2,2.4,observed,ME/ME0201/ME0201A/Rostningssympati170
2012M11,2012-11-01,2012-11,mp,MP,MP,parliamentary_party,v,V,V,parliamentary_party,1.1,1.0,observed,ME/ME0201/ME0201A/Rostningssympati170
2012M11,2012-11-01,2012-11,mp,MP,MP,parliamentary_party,vet ej,vet ej/uppgift saknas,DONT_KNOW,dont_know,14.6,4.0,observed,ME/ME0201/ME0201A/Rostningssympati170
2012M11,2012-11-01,2012-11,mp,MP,MP,parliamentary_party,övr,övriga,OTHER,other_party,0.0,0.0,observed,ME/ME0201/ME0201A/Rostningssympati170
2012M11,2012-11-01,2012-11,s,S,S,parliamentary_party,SD,SD,SD,parliamentary_party,1.2,0.6,observed,ME/ME0201/ME0201A/Rostningssympati170
2012M11,2012-11-01,2012-11,s,S,S,parliamentary_party,blankt,blankt,BLANK_VOTE,blank_vote,0.9,0.6,observed,ME/ME0201/ME0201A/Rostningssympati170
2012M11,2012-11-01,2012-11,s,S,S,parliamentary_party,c,C,C,parliamentary_party,0.2,0.2,observed,ME/ME0201/ME0201A/Rostningssympati170
2012M11,2012-11-01,2012-11,s,S,S,parliamentary_party,kd,KD,KD,parliamentary_party,,,suppressed,ME/ME0201/ME0201A/Rostningssympati170
2012M11,2012-11-01,2012-11,s,S,S,parliamentary_party,l,L,L,parliamentary_party,,,suppressed,ME/ME0201/ME0201A/Rostningssympati170
2012M11,2012-11-01,2012-11,s,S,S,parliamentary_party,m,M,M,parliamentary_party,0.9,0.5,observed,ME/ME0201/ME0201A/Rostningssympati170
2012M11,2012-11-01,2012-11,s,S,S,parliamentary_party,mp,MP,MP,parliamentary_party,1.0,0.5,observed,ME/ME0201/ME0201A/Rostningssympati170
2012M11,2012-11-01,2012-11,s,S,S,parliamentary_party,s,S,S,parliamentary_party,86.9,1.7,observed,ME/ME0201/ME0201A/Rostningssympati170
2012M11,2012-11-01,2012-11,s,S,S,parliamentary_party,v,V,V,parliamentary_party,1.1,0.5,observed,ME/ME0201/ME0201A/Rostningssympati170
2012M11,2012-11-01,2012-11,s,S,S,parliamentary_party,vet ej,vet ej/uppgift saknas,DONT_KNOW,dont_know,7.4,1.3,observed,ME/ME0201/ME0201A/Rostningssympati170
2012M11,2012-11-01,2012-11,s,S,S,parliamentary_party,övr,övriga,OTHER,other_party,,,suppressed,ME/ME0201/ME0201A/Rostningssympati170
2012M11,2012-11-01,2012-11,v,V,V,parliamentary_party,SD,SD,SD,parliamentary_party,,,suppressed,ME/ME0201/ME0201A/Rostningssympati170
2012M11,2012-11-01,2012-11,v,V,V,parliamentary_party,blankt,blankt,BLANK_VOTE,blank_vote,,,suppressed,ME/ME0201/ME0201A/Rostningssympati170
2012M11,2012-11-01,2012-11,v,V,V,parliamentary_party,c,C,C,parliamentary_party,0.0,0.0,observed,ME/ME0201/ME0201A/Rostningssympati170
2012M11,2012-11-01,2012-11,v,V,V,parliamentary_party,kd,KD,KD,parliamentary_party,0.0,0.0,observed,ME/ME0201/ME0201A/Rostningssympati170
2012M11,2012-11-01,2012-11,v,V,V,parliamentary_party,l,L,L,parliamentary_party,0.0,0.0,observed,ME/ME0201/ME0201A/Rostningssympati170
2012M11,2012-11-01,2012-11,v,V,V,parliamentary_party,m,M,M,parliamentary_party,,,suppressed,ME/ME0201/ME0201A/Rostningssympati170
2012M11,2012-11-01,2012-11,v,V,V,parliamentary_party,mp,MP,MP,parliamentary_party,1.9,1.8,observed,ME/ME0201/ME0201A/Rostningssympati170
2012M11,2012-11-01,2012-11,v,V,V,parliamentary_party,s,S,S,parliamentary_party,6.0,3.3,observed,ME/ME0201/ME0201A/Rostningssympati170
2012M11,2012-11-01,2012-11,v,V,V,parliamentary_party,v,V,V,parliamentary_party,81.0,5.4,observed,ME/ME0201/ME0201A/Rostningssympati170
2012M11,2012-11-01,2012-11,v,V,V,parliamentary_party,vet ej,vet ej/uppgift saknas,DONT_KNOW,dont_know,7.8,3.8,observed,ME/ME0201/ME0201A/Rostningssympati170
2012M11,2012-11-01,2012-11,v,V,V,parliamentary_party,övr,övriga,OTHER,other_party,,,suppressed,ME/ME0201/ME0201A/Rostningssympati170
2012M11,2012-11-01,2012-11,övr,övriga,OTHER,other_party,SD,SD,SD,parliamentary_party,,,suppressed,ME/ME0201/ME0201A/Rostningssympati170
2012M11,2012-11-01,2012-11,övr,övriga,OTHER,other_party,blankt,blankt,BLANK_VOTE,blank_vote,,,suppressed,ME/ME0201/ME0201A/Rostningssympati170
2012M11,2012-11-01,2012-11,övr,övriga,OTHER,other_party,c,C,C,parliamentary_party,0.0,0.0,observed,ME/ME0201/ME0201A/Rostningssympati170
2012M11,2012-11-01,2012-11,övr,övriga,OTHER,other_party,kd,KD,KD,parliamentary_party,0.0,0.0,observed,ME/ME0201/ME0201A/Rostningssympati170
2012M11,2012-11-01,2012-11,övr,övriga,OTHER,other_party,l,L,L,parliamentary_party,0.0,0.0,observed,ME/ME0201/ME0201A/Rostningssympati170
2012M11,2012-11-01,2012-11,övr,övriga,OTHER,other_party,m,M,M,parliamentary_party,0.0,0.0,observed,ME/ME0201/ME0201A/Rostningssympati170
2012M11,2012-11-01,2012-11,övr,övriga,OTHER,other_party,mp,MP,MP,parliamentary_party,0.0,0.0,observed,ME/ME0201/ME0201A/Rostningssympati170
2012M11,2012-11-01,2012-11,övr,övriga,OTHER,other_party,s,S,S,parliamentary_party,0.0,0.0,observed,ME/ME0201/ME0201A/Rostningssympati170
2012M11,2012-11-01,2012-11,övr,övriga,OTHER,other_party,v,V,V,parliamentary_party,,,suppressed,ME/ME0201/ME0201A/Rostningssympati170
2012M11,2012-11-01,2012-11,övr,övriga,OTHER,other_party,vet ej,vet ej/uppgift saknas,DONT_KNOW,dont_know,,,suppressed,ME/ME0201/ME0201A/Rostningssympati170
2012M11,2012-11-01,2012-11,övr,övriga,OTHER,other_party,övr,övriga,OTHER,other_party,84.2,12.4,observed,ME/ME0201/ME0201A/Rostningssympati170
2013M05,2013-05-01,2013-05,SD,SD,SD,parliamentary_party,SD,SD,SD,parliamentary_party,89.6,4.0,observed,ME/ME0201/ME0201A/Rostningssympati170
2013M05,2013-05-01,2013-05,SD,SD,SD,parliamentary_party,blankt,blankt,BLANK_VOTE,blank_vote,,,suppressed,ME/ME0201/ME0201A/Rostningssympati170
2013M05,2013-05-01,2013-05,SD,SD,SD,parliamentary_party,c,C,C,parliamentary_party,,,suppressed,ME/ME0201/ME0201A/Rostningssympati170
2013M05,2013-05-01,2013-05,SD,SD,SD,parliamentary_party,kd,KD,KD,parliamentary_party,0.0,0.0,observed,ME/ME0201/ME0201A/Rostningssympati170
2013M05,2013-05-01,2013-05,SD,SD,SD,parliamentary_party,l,L,L,parliamentary_party,0.0,0.0,observed,ME/ME0201/ME0201A/Rostningssympati170
2013M05,2013-05-01,2013-05,SD,SD,SD,parliamentary_party,m,M,M,parliamentary_party,0.0,0.0,observed,ME/ME0201/ME0201A/Rostningssympati170
2013M05,2013-05-01,2013-05,SD,SD,SD,parliamentary_party,mp,MP,MP,parliamentary_party,,,suppressed,ME/ME0201/ME0201A/Rostningssympati170
2013M05,2013-05-01,2013-05,SD,SD,SD,parliamentary_party,s,S,S,parliamentary_party,,,suppressed,ME/ME0201/ME0201A/Rostningssympati170
2013M05,2013-05-01,2013-05,SD,SD,SD,parliamentary_party,v,V,V,parliamentary_party,0.0,0.0,observed,ME/ME0201/ME0201A/Rostningssympati170
2013M05,2013-05-01,2013-05,SD,SD,SD,parliamentary_party,vet ej,vet ej/uppgift saknas,DONT_KNOW,dont_know,6.6,3.1,observed,ME/ME0201/ME0201A/Rostningssympati170
2013M05,2013-05-01,2013-05,SD,SD,SD,parliamentary_party,övr,övriga,OTHER,other_party,,,suppressed,ME/ME0201/ME0201A/Rostningssympati170
2013M05,2013-05-01,2013-05,c,C,C,parliamentary_party,SD,SD,SD,parliamentary_party,,,suppressed,ME/ME0201/ME0201A/Rostningssympati170
2013M05,2013-05-01,2013-05,c,C,C,parliamentary_party,blankt,blankt,BLANK_VOTE,blank_vote,,,suppressed,ME/ME0201/ME0201A/Rostningssympati170
2013M05,2013-05-01,2013-05,c,C,C,parliamentary_party,c,C,C,parliamentary_party,72.5,7.3,observed,ME/ME0201/ME0201A/Rostningssympati170
2013M05,2013-05-01,2013-05,c,C,C,parliamentary_party,kd,KD,KD,parliamentary_party,,,suppressed,ME/ME0201/ME0201A/Rostningssympati170
2013M05,2013-05-01,2013-05,c,C,C,parliamentary_party,l,L,L,parliamentary_party,0.0,0.0,observed,ME/ME0201/ME0201A/Rostningssympati170
2013M05,2013-05-01,2013-05,c,C,C,parliamentary_party,m,M,M,parliamentary_party,4.9,3.3,observed,ME/ME0201/ME0201A/Rostningssympati170
2013M05,2013-05-01,2013-05,c,C,C,parliamentary_party,mp,MP,MP,parliamentary_party,,,suppressed,ME/ME0201/ME0201A/Rostningssympati170
2013M05,2013-05-01,2013-05,c,C,C,parliamentary_party,s,S,S,parliamentary_party,,,suppressed,ME/ME0201/ME0201A/Rostningssympati170
2013M05,2013-05-01,2013-05,c,C,C,parliamentary_party,v,V,V,parliamentary_party,,,suppressed,ME/ME0201/ME0201A/Rostningssympati170
2013M05,2013-05-01,2013-05,c,C,C,parliamentary_party,vet ej,vet ej/uppgift saknas,DONT_KNOW,dont_know,13.8,5.7,observed,ME/ME0201/ME0201A/Rostningssympati170
2013M05,2013-05-01,2013-05,c,C,C,parliamentary_party,övr,övriga,OTHER,other_party,0.0,0.0,observed,ME/ME0201/ME0201A/Rostningssympati170
2013M05,2013-05-01,2013-05,hela väljarkåren,hela väljarkåren,TOTAL_ELECTORATE,total_electorate,SD,SD,SD,parliamentary_party,6.3,0.6,observed,ME/ME0201/ME0201A/Rostningssympati170
2013M05,2013-05-01,2013-05,hela väljarkåren,hela väljarkåren,TOTAL_ELECTORATE,total_electorate,blankt,blankt,BLANK_VOTE,blank_vote,3.2,0.6,observed,ME/ME0201/ME0201A/Rostningssympati170
2013M05,2013-05-01,2013-05,hela väljarkåren,hela väljarkåren,TOTAL_ELECTORATE,total_electorate,c,C,C,parliamentary_party,3.0,0.4,observed,ME/ME0201/ME0201A/Rostningssympati170
2013M05,2013-05-01,2013-05,hela väljarkåren,hela väljarkåren,TOTAL_ELECTORATE,total_electorate,kd,KD,KD,parliamentary_party,2.6,0.4,observed,ME/ME0201/ME0201A/Rostningssympati170
2013M05,2013-05-01,2013-05,hela väljarkåren,hela väljarkåren,TOTAL_ELECTORATE,total_electorate,l,L,L,parliamentary_party,4.4,0.5,observed,ME/ME0201/ME0201A/Rostningssympati170
2013M05,2013-05-01,2013-05,hela väljarkåren,hela väljarkåren,TOTAL_ELECTORATE,total_electorate,m,M,M,parliamentary_party,20.2,0.9,observed,ME/ME0201/ME0201A/Rostningssympati170
2013M05,2013-05-01,2013-05,hela väljarkåren,hela väljarkåren,TOTAL_ELECTORATE,total_electorate,mp,MP,MP,parliamentary_party,5.9,0.6,observed,ME/ME0201/ME0201A/Rostningssympati170
2013M05,2013-05-01,2013-05,hela väljarkåren,hela väljarkåren,TOTAL_ELECTORATE,total_electorate,s,S,S,parliamentary_party,27.0,1.0,observed,ME/ME0201/ME0201A/Rostningssympati170
2013M05,2013-05-01,2013-05,hela väljarkåren,hela väljarkåren,TOTAL_ELECTORATE,total_electorate,v,V,V,parliamentary_party,5.1,0.5,observed,ME/ME0201/ME0201A/Rostningssympati170
2013M05,2013-05-01,2013-05,hela väljarkåren,hela väljarkåren,TOTAL_ELECTORATE,total_electorate,vet ej,vet ej/uppgift saknas,DONT_KNOW,dont_know,21.3,1.2,observed,ME/ME0201/ME0201A/Rostningssympati170
2013M05,2013-05-01,2013-05,hela väljarkåren,hela väljarkåren,TOTAL_ELECTORATE,total_electorate,övr,övriga,OTHER,other_party,1.0,0.3,observed,ME/ME0201/ME0201A/Rostningssympati170
2013M05,2013-05-01,2013-05,ingen sympati/vet ej,ingen sympati/vet ej,NO_SYMPATHY_OR_DONT_KNOW,no_sympathy,SD,SD,SD,parliamentary_party,3.0,1.1,observed,ME/ME0201/ME0201A/Rostningssympati170
2013M05,2013-05-01,2013-05,ingen sympati/vet ej,ingen sympati/vet ej,NO_SYMPATHY_OR_DONT_KNOW,no_sympathy,blankt,blankt,BLANK_VOTE,blank_vote,10.8,2.4,observed,ME/ME0201/ME0201A/Rostningssympati170
2013M05,2013-05-01,2013-05,ingen sympati/vet ej,ingen sympati/vet ej,NO_SYMPATHY_OR_DONT_KNOW,no_sympathy,c,C,C,parliamentary_party,0.9,0.6,observed,ME/ME0201/ME0201A/Rostningssympati170
2013M05,2013-05-01,2013-05,ingen sympati/vet ej,ingen sympati/vet ej,NO_SYMPATHY_OR_DONT_KNOW,no_sympathy,kd,KD,KD,parliamentary_party,1.1,0.7,observed,ME/ME0201/ME0201A/Rostningssympati170
2013M05,2013-05-01,2013-05,ingen sympati/vet ej,ingen sympati/vet ej,NO_SYMPATHY_OR_DONT_KNOW,no_sympathy,l,L,L,parliamentary_party,1.0,0.6,observed,ME/ME0201/ME0201A/Rostningssympati170
2013M05,2013-05-01,2013-05,ingen sympati/vet ej,ingen sympati/vet ej,NO_SYMPATHY_OR_DONT_KNOW,no_sympathy,m,M,M,parliamentary_party,5.0,1.3,observed,ME/ME0201/ME0201A/Rostningssympati170
2013M05,2013-05-01,2013-05,ingen sympati/vet ej,ingen sympati/vet ej,NO_SYMPATHY_OR_DONT_KNOW,no_sympathy,mp,MP,MP,parliamentary_party,2.3,1.1,observed,ME/ME0201/ME0201A/Rostningssympati170
2013M05,2013-05-01,2013-05,ingen sympati/vet ej,ingen sympati/vet ej,NO_SYMPATHY_OR_DONT_KNOW,no_sympathy,s,S,S,parliamentary_party,9.8,2.1,observed,ME/ME0201/ME0201A/Rostningssympati170
2013M05,2013-05-01,2013-05,ingen sympati/vet ej,ingen sympati/vet ej,NO_SYMPATHY_OR_DONT_KNOW,no_sympathy,v,V,V,parliamentary_party,1.6,0.9,observed,ME/ME0201/ME0201A/Rostningssympati170
2013M05,2013-05-01,2013-05,ingen sympati/vet ej,ingen sympati/vet ej,NO_SYMPATHY_OR_DONT_KNOW,no_sympathy,vet ej,vet ej/uppgift saknas,DONT_KNOW,dont_know,63.8,3.4,observed,ME/ME0201/ME0201A/Rostningssympati170
2013M05,2013-05-01,2013-05,ingen sympati/vet ej,ingen sympati/vet ej,NO_SYMPATHY_OR_DONT_KNOW,no_sympathy,övr,övriga,OTHER,other_party,,,suppressed,ME/ME0201/ME0201A/Rostningssympati170
2013M05,2013-05-01,2013-05,kd,KD,KD,parliamentary_party,SD,SD,SD,parliamentary_party,0.0,0.0,observed,ME/ME0201/ME0201A/Rostningssympati170
2013M05,2013-05-01,2013-05,kd,KD,KD,parliamentary_party,blankt,blankt,BLANK_VOTE,blank_vote,,,suppressed,ME/ME0201/ME0201A/Rostningssympati170
2013M05,2013-05-01,2013-05,kd,KD,KD,parliamentary_party,c,C,C,parliamentary_party,,,suppressed,ME/ME0201/ME0201A/Rostningssympati170
2013M05,2013-05-01,2013-05,kd,KD,KD,parliamentary_party,kd,KD,KD,parliamentary_party,75.8,7.7,observed,ME/ME0201/ME0201A/Rostningssympati170
2013M05,2013-05-01,2013-05,kd,KD,KD,parliamentary_party,l,L,L,parliamentary_party,,,suppressed,ME/ME0201/ME0201A/Rostningssympati170
2013M05,2013-05-01,2013-05,kd,KD,KD,parliamentary_party,m,M,M,parliamentary_party,3.7,3.3,observed,ME/ME0201/ME0201A/Rostningssympati170
2013M05,2013-05-01,2013-05,kd,KD,KD,parliamentary_party,mp,MP,MP,parliamentary_party,,,suppressed,ME/ME0201/ME0201A/Rostningssympati170
2013M05,2013-05-01,2013-05,kd,KD,KD,parliamentary_party,s,S,S,parliamentary_party,,,suppressed,ME/ME0201/ME0201A/Rostningssympati170
2013M05,2013-05-01,2013-05,kd,KD,KD,parliamentary_party,v,V,V,parliamentary_party,0.0,0.0,observed,ME/ME0201/ME0201A/Rostningssympati170
2013M05,2013-05-01,2013-05,kd,KD,KD,parliamentary_party,vet ej,vet ej/uppgift saknas,DONT_KNOW,dont_know,13.8,6.1,observed,ME/ME0201/ME0201A/Rostningssympati170
2013M05,2013-05-01,2013-05,kd,KD,KD,parliamentary_party,övr,övriga,OTHER,other_party,0.0,0.0,observed,ME/ME0201/ME0201A/Rostningssympati170
2013M05,2013-05-01,2013-05,l,L,L,parliamentary_party,SD,SD,SD,parliamentary_party,0.0,0.0,observed,ME/ME0201/ME0201A/Rostningssympati170
2013M05,2013-05-01,2013-05,l,L,L,parliamentary_party,blankt,blankt,BLANK_VOTE,blank_vote,,,suppressed,ME/ME0201/ME0201A/Rostningssympati170
2013M05,2013-05-01,2013-05,l,L,L,parliamentary_party,c,C,C,parliamentary_party,,,suppressed,ME/ME0201/ME0201A/Rostningssympati170
2013M05,2013-05-01,2013-05,l,L,L,parliamentary_party,kd,KD,KD,parliamentary_party,2.8,2.2,observed,ME/ME0201/ME0201A/Rostningssympati170
2013M05,2013-05-01,2013-05,l,L,L,parliamentary_party,l,L,L,parliamentary_party,78.3,5.2,observed,ME/ME0201/ME0201A/Rostningssympati170
2013M05,2013-05-01,2013-05,l,L,L,parliamentary_party,m,M,M,parliamentary_party,6.9,3.0,observed,ME/ME0201/ME0201A/Rostningssympati170
2013M05,2013-05-01,2013-05,l,L,L,parliamentary_party,mp,MP,MP,parliamentary_party,,,suppressed,ME/ME0201/ME0201A/Rostningssympati170
2013M05,2013-05-01,2013-05,l,L,L,parliamentary_party,s,S,S,parliamentary_party,,,suppressed,ME/ME0201/ME0201A/Rostningssympati170
2013M05,2013-05-01,2013-05,l,L,L,parliamentary_party,v,V,V,parliamentary_party,0.0,0.0,observed,ME/ME0201/ME0201A/Rostningssympati170
2013M05,2013-05-01,2013-05,l,L,L,parliamentary_party,vet ej,vet ej/uppgift saknas,DONT_KNOW,dont_know,9.5,3.9,observed,ME/ME0201/ME0201A/Rostningssympati170
2013M05,2013-05-01,2013-05,l,L,L,parliamentary_party,övr,övriga,OTHER,other_party,0.0,0.0,observed,ME/ME0201/ME0201A/Rostningssympati170
2013M05,2013-05-01,2013-05,m,M,M,parliamentary_party,SD,SD,SD,parliamentary_party,1.4,0.7,observed,ME/ME0201/ME0201A/Rostningssympati170
2013M05,2013-05-01,2013-05,m,M,M,parliamentary_party,blankt,blankt,BLANK_VOTE,blank_vote,0.7,0.5,observed,ME/ME0201/ME0201A/Rostningssympati170
2013M05,2013-05-01,2013-05,m,M,M,parliamentary_party,c,C,C,parliamentary_party,0.5,0.4,observed,ME/ME0201/ME0201A/Rostningssympati170
2013M05,2013-05-01,2013-05,m,M,M,parliamentary_party,kd,KD,KD,parliamentary_party,0.6,0.5,observed,ME/ME0201/ME0201A/Rostningssympati170
2013M05,2013-05-01,2013-05,m,M,M,parliamentary_party,l,L,L,parliamentary_party,1.1,0.6,observed,ME/ME0201/ME0201A/Rostningssympati170
2013M05,2013-05-01,2013-05,m,M,M,parliamentary_party,m,M,M,parliamentary_party,85.6,2.1,observed,ME/ME0201/ME0201A/Rostningssympati170
2013M05,2013-05-01,2013-05,m,M,M,parliamentary_party,mp,MP,MP,parliamentary_party,,,suppressed,ME/ME0201/ME0201A/Rostningssympati170
2013M05,2013-05-01,2013-05,m,M,M,parliamentary_party,s,S,S,parliamentary_party,1.0,0.6,observed,ME/ME0201/ME0201A/Rostningssympati170
2013M05,2013-05-01,2013-05,m,M,M,parliamentary_party,v,V,V,parliamentary_party,,,suppressed,ME/ME0201/ME0201A/Rostningssympati170
2013M05,2013-05-01,2013-05,m,M,M,parliamentary_party,vet ej,vet ej/uppgift saknas,DONT_KNOW,dont_know,8.8,1.7,observed,ME/ME0201/ME0201A/Rostningssympati170
2013M05,2013-05-01,2013-05,m,M,M,parliamentary_party,övr,övriga,OTHER,other_party,,,suppressed,ME/ME0201/ME0201A/Rostningssympati170
2013M05,2013-05-01,2013-05,mp,MP,MP,parliamentary_party,SD,SD,SD,parliamentary_party,,,suppressed,ME/ME0201/ME0201A/Rostningssympati170
2013M05,2013-05-01,2013-05,mp,MP,MP,parliamentary_party,blankt,blankt,BLANK_VOTE,blank_vote,,,suppressed,ME/ME0201/ME0201A/Rostningssympati170
2013M05,2013-05-01,2013-05,mp,MP,MP,parliamentary_party,c,C,C,parliamentary_party,,,suppressed,ME/ME0201/ME0201A/Rostningssympati170
2013M05,2013-05-01,2013-05,mp,MP,MP,parliamentary_party,kd,KD,KD,parliamentary_party,0.0,0.0,observed,ME/ME0201/ME0201A/Rostningssympati170
2013M05,2013-05-01,2013-05,mp,MP,MP,parliamentary_party,l,L,L,parliamentary_party,,,suppressed,ME/ME0201/ME0201A/Rostningssympati170
2013M05,2013-05-01,2013-05,mp,MP,MP,parliamentary_party,m,M,M,parliamentary_party,,,suppressed,ME/ME0201/ME0201A/Rostningssympati170
2013M05,2013-05-01,2013-05,mp,MP,MP,parliamentary_party,mp,MP,MP,parliamentary_party,75.6,4.8,observed,ME/ME0201/ME0201A/Rostningssympati170
2013M05,2013-05-01,2013-05,mp,MP,MP,parliamentary_party,s,S,S,parliamentary_party,4.8,2.5,observed,ME/ME0201/ME0201A/Rostningssympati170
2013M05,2013-05-01,2013-05,mp,MP,MP,parliamentary_party,v,V,V,parliamentary_party,1.4,1.1,observed,ME/ME0201/ME0201A/Rostningssympati170
2013M05,2013-05-01,2013-05,mp,MP,MP,parliamentary_party,vet ej,vet ej/uppgift saknas,DONT_KNOW,dont_know,13.8,3.8,observed,ME/ME0201/ME0201A/Rostningssympati170
2013M05,2013-05-01,2013-05,mp,MP,MP,parliamentary_party,övr,övriga,OTHER,other_party,,,suppressed,ME/ME0201/ME0201A/Rostningssympati170
2013M05,2013-05-01,2013-05,s,S,S,parliamentary_party,SD,SD,SD,parliamentary_party,1.4,0.7,observed,ME/ME0201/ME0201A/Rostningssympati170
2013M05,2013-05-01,2013-05,s,S,S,parliamentary_party,blankt,blankt,BLANK_VOTE,blank_vote,1.0,0.6,observed,ME/ME0201/ME0201A/Rostningssympati170
2013M05,2013-05-01,2013-05,s,S,S,parliamentary_party,c,C,C,parliamentary_party,0.0,0.0,observed,ME/ME0201/ME0201A/Rostningssympati170
2013M05,2013-05-01,2013-05,s,S,S,parliamentary_party,kd,KD,KD,parliamentary_party,0.0,0.0,observed,ME/ME0201/ME0201A/Rostningssympati170
2013M05,2013-05-01,2013-05,s,S,S,parliamentary_party,l,L,L,parliamentary_party,,,suppressed,ME/ME0201/ME0201A/Rostningssympati170
2013M05,2013-05-01,2013-05,s,S,S,parliamentary_party,m,M,M,parliamentary_party,1.1,0.6,observed,ME/ME0201/ME0201A/Rostningssympati170
2013M05,2013-05-01,2013-05,s,S,S,parliamentary_party,mp,MP,MP,parliamentary_party,1.1,0.5,observed,ME/ME0201/ME0201A/Rostningssympati170
2013M05,2013-05-01,2013-05,s,S,S,parliamentary_party,s,S,S,parliamentary_party,85.5,2.0,observed,ME/ME0201/ME0201A/Rostningssympati170
2013M05,2013-05-01,2013-05,s,S,S,parliamentary_party,v,V,V,parliamentary_party,0.9,0.5,observed,ME/ME0201/ME0201A/Rostningssympati170
2013M05,2013-05-01,2013-05,s,S,S,parliamentary_party,vet ej,vet ej/uppgift saknas,DONT_KNOW,dont_know,8.4,1.5,observed,ME/ME0201/ME0201A/Rostningssympati170
2013M05,2013-05-01,2013-05,s,S,S,parliamentary_party,övr,övriga,OTHER,other_party,,,suppressed,ME/ME0201/ME0201A/Rostningssympati170
2013M05,2013-05-01,2013-05,v,V,V,parliamentary_party,SD,SD,SD,parliamentary_party,0.0,0.0,observed,ME/ME0201/ME0201A/Rostningssympati170
2013M05,2013-05-01,2013-05,v,V,V,parliamentary_party,blankt,blankt,BLANK_VOTE,blank_vote,2.7,2.3,observed,ME/ME0201/ME0201A/Rostningssympati170
2013M05,2013-05-01,2013-05,v,V,V,parliamentary_party,c,C,C,parliamentary_party,,,suppressed,ME/ME0201/ME0201A/Rostningssympati170
2013M05,2013-05-01,2013-05,v,V,V,parliamentary_party,kd,KD,KD,parliamentary_party,0.0,0.0,observed,ME/ME0201/ME0201A/Rostningssympati170
2013M05,2013-05-01,2013-05,v,V,V,parliamentary_party,l,L,L,parliamentary_party,0.0,0.0,observed,ME/ME0201/ME0201A/Rostningssympati170
2013M05,2013-05-01,2013-05,v,V,V,parliamentary_party,m,M,M,parliamentary_party,0.0,0.0,observed,ME/ME0201/ME0201A/Rostningssympati170
2013M05,2013-05-01,2013-05,v,V,V,parliamentary_party,mp,MP,MP,parliamentary_party,0.0,0.0,observed,ME/ME0201/ME0201A/Rostningssympati170
2013M05,2013-05-01,2013-05,v,V,V,parliamentary_party,s,S,S,parliamentary_party,6.0,3.0,observed,ME/ME0201/ME0201A/Rostningssympati170
2013M05,2013-05-01,2013-05,v,V,V,parliamentary_party,v,V,V,parliamentary_party,85.5,4.5,observed,ME/ME0201/ME0201A/Rostningssympati170
2013M05,2013-05-01,2013-05,v,V,V,parliamentary_party,vet ej,vet ej/uppgift saknas,DONT_KNOW,dont_know,4.4,2.5,observed,ME/ME0201/ME0201A/Rostningssympati170
2013M05,2013-05-01,2013-05,v,V,V,parliamentary_party,övr,övriga,OTHER,other_party,,,suppressed,ME/ME0201/ME0201A/Rostningssympati170
2013M05,2013-05-01,2013-05,övr,övriga,OTHER,other_party,SD,SD,SD,parliamentary_party,,,suppressed,ME/ME0201/ME0201A/Rostningssympati170
2013M05,2013-05-01,2013-05,övr,övriga,OTHER,other_party,blankt,blankt,BLANK_VOTE,blank_vote,,,suppressed,ME/ME0201/ME0201A/Rostningssympati170
2013M05,2013-05-01,2013-05,övr,övriga,OTHER,other_party,c,C,C,parliamentary_party,0.0,0.0,observed,ME/ME0201/ME0201A/Rostningssympati170
2013M05,2013-05-01,2013-05,övr,övriga,OTHER,other_party,kd,KD,KD,parliamentary_party,0.0,0.0,observed,ME/ME0201/ME0201A/Rostningssympati170
2013M05,2013-05-01,2013-05,övr,övriga,OTHER,other_party,l,L,L,parliamentary_party,,,suppressed,ME/ME0201/ME0201A/Rostningssympati170
2013M05,2013-05-01,2013-05,övr,övriga,OTHER,other_party,m,M,M,parliamentary_party,,,suppressed,ME/ME0201/ME0201A/Rostningssympati170
2013M05,2013-05-01,2013-05,övr,övriga,OTHER,other_party,mp,MP,MP,parliamentary_party,,,suppressed,ME/ME0201/ME0201A/Rostningssympati170
2013M05,2013-05-01,2013-05,övr,övriga,OTHER,other_party,s,S,S,parliamentary_party,,,suppressed,ME/ME0201/ME0201A/Rostningssympati170
2013M05,2013-05-01,2013-05,övr,övriga,OTHER,other_party,v,V,V,parliamentary_party,,,suppressed,ME/ME0201/ME0201A/Rostningssympati170
2013M05,2013-05-01,2013-05,övr,övriga,OTHER,other_party,vet ej,vet ej/uppgift saknas,DONT_KNOW,dont_know,12.9,10.6,observed,ME/ME0201/ME0201A/Rostningssympati170
2013M05,2013-05-01,2013-05,övr,övriga,OTHER,other_party,övr,övriga,OTHER,other_party,62.1,14.9,observed,ME/ME0201/ME0201A/Rostningssympati170
2013M11,2013-11-01,2013-11,SD,SD,SD,parliamentary_party,SD,SD,SD,parliamentary_party,90.5,3.6,observed,ME/ME0201/ME0201A/Rostningssympati170
2013M11,2013-11-01,2013-11,SD,SD,SD,parliamentary_party,blankt,blankt,BLANK_VOTE,blank_vote,,,suppressed,ME/ME0201/ME0201A/Rostningssympati170
2013M11,2013-11-01,2013-11,SD,SD,SD,parliamentary_party,c,C,C,parliamentary_party,0.0,0.0,observed,ME/ME0201/ME0201A/Rostningssympati170
2013M11,2013-11-01,2013-11,SD,SD,SD,parliamentary_party,kd,KD,KD,parliamentary_party,0.0,0.0,observed,ME/ME0201/ME0201A/Rostningssympati170
2013M11,2013-11-01,2013-11,SD,SD,SD,parliamentary_party,l,L,L,parliamentary_party,,,suppressed,ME/ME0201/ME0201A/Rostningssympati170
2013M11,2013-11-01,2013-11,SD,SD,SD,parliamentary_party,m,M,M,parliamentary_party,1.2,1.2,observed,ME/ME0201/ME0201A/Rostningssympati170
2013M11,2013-11-01,2013-11,SD,SD,SD,parliamentary_party,mp,MP,MP,parliamentary_party,0.0,0.0,observed,ME/ME0201/ME0201A/Rostningssympati170
2013M11,2013-11-01,2013-11,SD,SD,SD,parliamentary_party,s,S,S,parliamentary_party,1.9,1.6,observed,ME/ME0201/ME0201A/Rostningssympati170
2013M11,2013-11-01,2013-11,SD,SD,SD,parliamentary_party,v,V,V,parliamentary_party,0.0,0.0,observed,ME/ME0201/ME0201A/Rostningssympati170
2013M11,2013-11-01,2013-11,SD,SD,SD,parliamentary_party,vet ej,vet ej/uppgift saknas,DONT_KNOW,dont_know,4.9,2.8,observed,ME/ME0201/ME0201A/Rostningssympati170
2013M11,2013-11-01,2013-11,SD,SD,SD,parliamentary_party,övr,övriga,OTHER,other_party,0.0,0.0,observed,ME/ME0201/ME0201A/Rostningssympati170
2013M11,2013-11-01,2013-11,c,C,C,parliamentary_party,SD,SD,SD,parliamentary_party,,,suppressed,ME/ME0201/ME0201A/Rostningssympati170
2013M11,2013-11-01,2013-11,c,C,C,parliamentary_party,blankt,blankt,BLANK_VOTE,blank_vote,,,suppressed,ME/ME0201/ME0201A/Rostningssympati170
2013M11,2013-11-01,2013-11,c,C,C,parliamentary_party,c,C,C,parliamentary_party,72.5,7.0,observed,ME/ME0201/ME0201A/Rostningssympati170
2013M11,2013-11-01,2013-11,c,C,C,parliamentary_party,kd,KD,KD,parliamentary_party,0.0,0.0,observed,ME/ME0201/ME0201A/Rostningssympati170
2013M11,2013-11-01,2013-11,c,C,C,parliamentary_party,l,L,L,parliamentary_party,0.0,0.0,observed,ME/ME0201/ME0201A/Rostningssympati170
2013M11,2013-11-01,2013-11,c,C,C,parliamentary_party,m,M,M,parliamentary_party,2.2,2.0,observed,ME/ME0201/ME0201A/Rostningssympati170
2013M11,2013-11-01,2013-11,c,C,C,parliamentary_party,mp,MP,MP,parliamentary_party,,,suppressed,ME/ME0201/ME0201A/Rostningssympati170
2013M11,2013-11-01,2013-11,c,C,C,parliamentary_party,s,S,S,parliamentary_party,3.1,2.7,observed,ME/ME0201/ME0201A/Rostningssympati170
2013M11,2013-11-01,2013-11,c,C,C,parliamentary_party,v,V,V,parliamentary_party,0.0,0.0,observed,ME/ME0201/ME0201A/Rostningssympati170
2013M11,2013-11-01,2013-11,c,C,C,parliamentary_party,vet ej,vet ej/uppgift saknas,DONT_KNOW,dont_know,19.5,6.3,observed,ME/ME0201/ME0201A/Rostningssympati170
2013M11,2013-11-01,2013-11,c,C,C,parliamentary_party,övr,övriga,OTHER,other_party,,,suppressed,ME/ME0201/ME0201A/Rostningssympati170
2013M11,2013-11-01,2013-11,hela väljarkåren,hela väljarkåren,TOTAL_ELECTORATE,total_electorate,SD,SD,SD,parliamentary_party,7.4,0.6,observed,ME/ME0201/ME0201A/Rostningssympati170
2013M11,2013-11-01,2013-11,hela väljarkåren,hela väljarkåren,TOTAL_ELECTORATE,total_electorate,blankt,blankt,BLANK_VOTE,blank_vote,2.5,0.5,observed,ME/ME0201/ME0201A/Rostningssympati170
2013M11,2013-11-01,2013-11,hela väljarkåren,hela väljarkåren,TOTAL_ELECTORATE,total_electorate,c,C,C,parliamentary_party,3.1,0.4,observed,ME/ME0201/ME0201A/Rostningssympati170
2013M11,2013-11-01,2013-11,hela väljarkåren,hela väljarkåren,TOTAL_ELECTORATE,total_electorate,kd,KD,KD,parliamentary_party,2.9,0.4,observed,ME/ME0201/ME0201A/Rostningssympati170
2013M11,2013-11-01,2013-11,hela väljarkåren,hela väljarkåren,TOTAL_ELECTORATE,total_electorate,l,L,L,parliamentary_party,3.8,0.5,observed,ME/ME0201/ME0201A/Rostningssympati170
2013M11,2013-11-01,2013-11,hela väljarkåren,hela väljarkåren,TOTAL_ELECTORATE,total_electorate,m,M,M,parliamentary_party,18.3,0.8,observed,ME/ME0201/ME0201A/Rostningssympati170
2013M11,2013-11-01,2013-11,hela väljarkåren,hela väljarkåren,TOTAL_ELECTORATE,total_electorate,mp,MP,MP,parliamentary_party,6.4,0.6,observed,ME/ME0201/ME0201A/Rostningssympati170
2013M11,2013-11-01,2013-11,hela väljarkåren,hela väljarkåren,TOTAL_ELECTORATE,total_electorate,s,S,S,parliamentary_party,27.1,1.0,observed,ME/ME0201/ME0201A/Rostningssympati170
2013M11,2013-11-01,2013-11,hela väljarkåren,hela väljarkåren,TOTAL_ELECTORATE,total_electorate,v,V,V,parliamentary_party,5.1,0.5,observed,ME/ME0201/ME0201A/Rostningssympati170
2013M11,2013-11-01,2013-11,hela väljarkåren,hela väljarkåren,TOTAL_ELECTORATE,total_electorate,vet ej,vet ej/uppgift saknas,DONT_KNOW,dont_know,22.2,1.2,observed,ME/ME0201/ME0201A/Rostningssympati170
2013M11,2013-11-01,2013-11,hela väljarkåren,hela väljarkåren,TOTAL_ELECTORATE,total_electorate,övr,övriga,OTHER,other_party,1.1,0.3,observed,ME/ME0201/ME0201A/Rostningssympati170
2013M11,2013-11-01,2013-11,ingen sympati/vet ej,ingen sympati/vet ej,NO_SYMPATHY_OR_DONT_KNOW,no_sympathy,SD,SD,SD,parliamentary_party,3.6,1.3,observed,ME/ME0201/ME0201A/Rostningssympati170
2013M11,2013-11-01,2013-11,ingen sympati/vet ej,ingen sympati/vet ej,NO_SYMPATHY_OR_DONT_KNOW,no_sympathy,blankt,blankt,BLANK_VOTE,blank_vote,8.5,2.1,observed,ME/ME0201/ME0201A/Rostningssympati170
2013M11,2013-11-01,2013-11,ingen sympati/vet ej,ingen sympati/vet ej,NO_SYMPATHY_OR_DONT_KNOW,no_sympathy,c,C,C,parliamentary_party,1.2,0.7,observed,ME/ME0201/ME0201A/Rostningssympati170
2013M11,2013-11-01,2013-11,ingen sympati/vet ej,ingen sympati/vet ej,NO_SYMPATHY_OR_DONT_KNOW,no_sympathy,kd,KD,KD,parliamentary_party,0.8,0.6,observed,ME/ME0201/ME0201A/Rostningssympati170
2013M11,2013-11-01,2013-11,ingen sympati/vet ej,ingen sympati/vet ej,NO_SYMPATHY_OR_DONT_KNOW,no_sympathy,l,L,L,parliamentary_party,1.2,0.7,observed,ME/ME0201/ME0201A/Rostningssympati170
2013M11,2013-11-01,2013-11,ingen sympati/vet ej,ingen sympati/vet ej,NO_SYMPATHY_OR_DONT_KNOW,no_sympathy,m,M,M,parliamentary_party,5.0,1.5,observed,ME/ME0201/ME0201A/Rostningssympati170
2013M11,2013-11-01,2013-11,ingen sympati/vet ej,ingen sympati/vet ej,NO_SYMPATHY_OR_DONT_KNOW,no_sympathy,mp,MP,MP,parliamentary_party,2.7,1.2,observed,ME/ME0201/ME0201A/Rostningssympati170
2013M11,2013-11-01,2013-11,ingen sympati/vet ej,ingen sympati/vet ej,NO_SYMPATHY_OR_DONT_KNOW,no_sympathy,s,S,S,parliamentary_party,7.8,1.8,observed,ME/ME0201/ME0201A/Rostningssympati170
2013M11,2013-11-01,2013-11,ingen sympati/vet ej,ingen sympati/vet ej,NO_SYMPATHY_OR_DONT_KNOW,no_sympathy,v,V,V,parliamentary_party,0.9,0.6,observed,ME/ME0201/ME0201A/Rostningssympati170
2013M11,2013-11-01,2013-11,ingen sympati/vet ej,ingen sympati/vet ej,NO_SYMPATHY_OR_DONT_KNOW,no_sympathy,vet ej,vet ej/uppgift saknas,DONT_KNOW,dont_know,67.4,3.3,observed,ME/ME0201/ME0201A/Rostningssympati170
2013M11,2013-11-01,2013-11,ingen sympati/vet ej,ingen sympati/vet ej,NO_SYMPATHY_OR_DONT_KNOW,no_sympathy,övr,övriga,OTHER,other_party,1.0,0.7,observed,ME/ME0201/ME0201A/Rostningssympati170
2013M11,2013-11-01,2013-11,kd,KD,KD,parliamentary_party,SD,SD,SD,parliamentary_party,0.0,0.0,observed,ME/ME0201/ME0201A/Rostningssympati170
2013M11,2013-11-01,2013-11,kd,KD,KD,parliamentary_party,blankt,blankt,BLANK_VOTE,blank_vote,,,suppressed,ME/ME0201/ME0201A/Rostningssympati170
2013M11,2013-11-01,2013-11,kd,KD,KD,parliamentary_party,c,C,C,parliamentary_party,0.0,0.0,observed,ME/ME0201/ME0201A/Rostningssympati170
2013M11,2013-11-01,2013-11,kd,KD,KD,parliamentary_party,kd,KD,KD,parliamentary_party,79.1,7.1,observed,ME/ME0201/ME0201A/Rostningssympati170
2013M11,2013-11-01,2013-11,kd,KD,KD,parliamentary_party,l,L,L,parliamentary_party,,,suppressed,ME/ME0201/ME0201A/Rostningssympati170
2013M11,2013-11-01,2013-11,kd,KD,KD,parliamentary_party,m,M,M,parliamentary_party,2.9,2.8,observed,ME/ME0201/ME0201A/Rostningssympati170
2013M11,2013-11-01,2013-11,kd,KD,KD,parliamentary_party,mp,MP,MP,parliamentary_party,,,suppressed,ME/ME0201/ME0201A/Rostningssympati170
2013M11,2013-11-01,2013-11,kd,KD,KD,parliamentary_party,s,S,S,parliamentary_party,,,suppressed,ME/ME0201/ME0201A/Rostningssympati170
2013M11,2013-11-01,2013-11,kd,KD,KD,parliamentary_party,v,V,V,parliamentary_party,0.0,0.0,observed,ME/ME0201/ME0201A/Rostningssympati170
2013M11,2013-11-01,2013-11,kd,KD,KD,parliamentary_party,vet ej,vet ej/uppgift saknas,DONT_KNOW,dont_know,11.4,5.6,observed,ME/ME0201/ME0201A/Rostningssympati170
2013M11,2013-11-01,2013-11,kd,KD,KD,parliamentary_party,övr,övriga,OTHER,other_party,0.0,0.0,observed,ME/ME0201/ME0201A/Rostningssympati170
2013M11,2013-11-01,2013-11,l,L,L,parliamentary_party,SD,SD,SD,parliamentary_party,,,suppressed,ME/ME0201/ME0201A/Rostningssympati170
2013M11,2013-11-01,2013-11,l,L,L,parliamentary_party,blankt,blankt,BLANK_VOTE,blank_vote,,,suppressed,ME/ME0201/ME0201A/Rostningssympati170
2013M11,2013-11-01,2013-11,l,L,L,parliamentary_party,c,C,C,parliamentary_party,2.4,2.1,observed,ME/ME0201/ME0201A/Rostningssympati170
2013M11,2013-11-01,2013-11,l,L,L,parliamentary_party,kd,KD,KD,parliamentary_party,1.9,1.8,observed,ME/ME0201/ME0201A/Rostningssympati170
2013M11,2013-11-01,2013-11,l,L,L,parliamentary_party,l,L,L,parliamentary_party,73.1,5.9,observed,ME/ME0201/ME0201A/Rostningssympati170
2013M11,2013-11-01,2013-11,l,L,L,parliamentary_party,m,M,M,parliamentary_party,3.5,2.3,observed,ME/ME0201/ME0201A/Rostningssympati170
2013M11,2013-11-01,2013-11,l,L,L,parliamentary_party,mp,MP,MP,parliamentary_party,,,suppressed,ME/ME0201/ME0201A/Rostningssympati170
2013M11,2013-11-01,2013-11,l,L,L,parliamentary_party,s,S,S,parliamentary_party,2.2,2.0,observed,ME/ME0201/ME0201A/Rostningssympati170
2013M11,2013-11-01,2013-11,l,L,L,parliamentary_party,v,V,V,parliamentary_party,0.0,0.0,observed,ME/ME0201/ME0201A/Rostningssympati170
2013M11,2013-11-01,2013-11,l,L,L,parliamentary_party,vet ej,vet ej/uppgift saknas,DONT_KNOW,dont_know,13.0,4.7,observed,ME/ME0201/ME0201A/Rostningssympati170
2013M11,2013-11-01,2013-11,l,L,L,parliamentary_party,övr,övriga,OTHER,other_party,,,suppressed,ME/ME0201/ME0201A/Rostningssympati170
2013M11,2013-11-01,2013-11,m,M,M,parliamentary_party,SD,SD,SD,parliamentary_party,1.9,0.8,observed,ME/ME0201/ME0201A/Rostningssympati170
2013M11,2013-11-01,2013-11,m,M,M,parliamentary_party,blankt,blankt,BLANK_VOTE,blank_vote,0.8,0.5,observed,ME/ME0201/ME0201A/Rostningssympati170
2013M11,2013-11-01,2013-11,m,M,M,parliamentary_party,c,C,C,parliamentary_party,0.7,0.5,observed,ME/ME0201/ME0201A/Rostningssympati170
2013M11,2013-11-01,2013-11,m,M,M,parliamentary_party,kd,KD,KD,parliamentary_party,1.3,0.7,observed,ME/ME0201/ME0201A/Rostningssympati170
2013M11,2013-11-01,2013-11,m,M,M,parliamentary_party,l,L,L,parliamentary_party,0.8,0.5,observed,ME/ME0201/ME0201A/Rostningssympati170
2013M11,2013-11-01,2013-11,m,M,M,parliamentary_party,m,M,M,parliamentary_party,81.2,2.3,observed,ME/ME0201/ME0201A/Rostningssympati170
2013M11,2013-11-01,2013-11,m,M,M,parliamentary_party,mp,MP,MP,parliamentary_party,0.6,0.5,observed,ME/ME0201/ME0201A/Rostningssympati170
2013M11,2013-11-01,2013-11,m,M,M,parliamentary_party,s,S,S,parliamentary_party,0.9,0.6,observed,ME/ME0201/ME0201A/Rostningssympati170
2013M11,2013-11-01,2013-11,m,M,M,parliamentary_party,v,V,V,parliamentary_party,0.0,0.0,observed,ME/ME0201/ME0201A/Rostningssympati170
2013M11,2013-11-01,2013-11,m,M,M,parliamentary_party,vet ej,vet ej/uppgift saknas,DONT_KNOW,dont_know,11.4,1.9,observed,ME/ME0201/ME0201A/Rostningssympati170
2013M11,2013-11-01,2013-11,m,M,M,parliamentary_party,övr,övriga,OTHER,other_party,,,suppressed,ME/ME0201/ME0201A/Rostningssympati170
2013M11,2013-11-01,2013-11,mp,MP,MP,parliamentary_party,SD,SD,SD,parliamentary_party,,,suppressed,ME/ME0201/ME0201A/Rostningssympati170
2013M11,2013-11-01,2013-11,mp,MP,MP,parliamentary_party,blankt,blankt,BLANK_VOTE,blank_vote,,,suppressed,ME/ME0201/ME0201A/Rostningssympati170
2013M11,2013-11-01,2013-11,mp,MP,MP,parliamentary_party,c,C,C,parliamentary_party,,,suppressed,ME/ME0201/ME0201A/Rostningssympati170
2013M11,2013-11-01,2013-11,mp,MP,MP,parliamentary_party,kd,KD,KD,parliamentary_party,0.0,0.0,observed,ME/ME0201/ME0201A/Rostningssympati170
2013M11,2013-11-01,2013-11,mp,MP,MP,parliamentary_party,l,L,L,parliamentary_party,,,suppressed,ME/ME0201/ME0201A/Rostningssympati170
2013M11,2013-11-01,2013-11,mp,MP,MP,parliamentary_party,m,M,M,parliamentary_party,,,suppressed,ME/ME0201/ME0201A/Rostningssympati170
2013M11,2013-11-01,2013-11,mp,MP,MP,parliamentary_party,mp,MP,MP,parliamentary_party,79.7,4.2,observed,ME/ME0201/ME0201A/Rostningssympati170
2013M11,2013-11-01,2013-11,mp,MP,MP,parliamentary_party,s,S,S,parliamentary_party,3.4,1.9,observed,ME/ME0201/ME0201A/Rostningssympati170
2013M11,2013-11-01,2013-11,mp,MP,MP,parliamentary_party,v,V,V,parliamentary_party,1.7,1.5,observed,ME/ME0201/ME0201A/Rostningssympati170
2013M11,2013-11-01,2013-11,mp,MP,MP,parliamentary_party,vet ej,vet ej/uppgift saknas,DONT_KNOW,dont_know,11.1,3.3,observed,ME/ME0201/ME0201A/Rostningssympati170
2013M11,2013-11-01,2013-11,mp,MP,MP,parliamentary_party,övr,övriga,OTHER,other_party,1.2,1.0,observed,ME/ME0201/ME0201A/Rostningssympati170
2013M11,2013-11-01,2013-11,s,S,S,parliamentary_party,SD,SD,SD,parliamentary_party,1.4,0.7,observed,ME/ME0201/ME0201A/Rostningssympati170
2013M11,2013-11-01,2013-11,s,S,S,parliamentary_party,blankt,blankt,BLANK_VOTE,blank_vote,0.5,0.4,observed,ME/ME0201/ME0201A/Rostningssympati170
2013M11,2013-11-01,2013-11,s,S,S,parliamentary_party,c,C,C,parliamentary_party,,,suppressed,ME/ME0201/ME0201A/Rostningssympati170
2013M11,2013-11-01,2013-11,s,S,S,parliamentary_party,kd,KD,KD,parliamentary_party,,,suppressed,ME/ME0201/ME0201A/Rostningssympati170
2013M11,2013-11-01,2013-11,s,S,S,parliamentary_party,l,L,L,parliamentary_party,,,suppressed,ME/ME0201/ME0201A/Rostningssympati170
2013M11,2013-11-01,2013-11,s,S,S,parliamentary_party,m,M,M,parliamentary_party,0.9,0.5,observed,ME/ME0201/ME0201A/Rostningssympati170
2013M11,2013-11-01,2013-11,s,S,S,parliamentary_party,mp,MP,MP,parliamentary_party,0.9,0.6,observed,ME/ME0201/ME0201A/Rostningssympati170
2013M11,2013-11-01,2013-11,s,S,S,parliamentary_party,s,S,S,parliamentary_party,86.1,1.9,observed,ME/ME0201/ME0201A/Rostningssympati170
2013M11,2013-11-01,2013-11,s,S,S,parliamentary_party,v,V,V,parliamentary_party,1.3,0.6,observed,ME/ME0201/ME0201A/Rostningssympati170
2013M11,2013-11-01,2013-11,s,S,S,parliamentary_party,vet ej,vet ej/uppgift saknas,DONT_KNOW,dont_know,8.2,1.5,observed,ME/ME0201/ME0201A/Rostningssympati170
2013M11,2013-11-01,2013-11,s,S,S,parliamentary_party,övr,övriga,OTHER,other_party,0.2,0.2,observed,ME/ME0201/ME0201A/Rostningssympati170
2013M11,2013-11-01,2013-11,v,V,V,parliamentary_party,SD,SD,SD,parliamentary_party,0.0,0.0,observed,ME/ME0201/ME0201A/Rostningssympati170
2013M11,2013-11-01,2013-11,v,V,V,parliamentary_party,blankt,blankt,BLANK_VOTE,blank_vote,,,suppressed,ME/ME0201/ME0201A/Rostningssympati170
2013M11,2013-11-01,2013-11,v,V,V,parliamentary_party,c,C,C,parliamentary_party,,,suppressed,ME/ME0201/ME0201A/Rostningssympati170
2013M11,2013-11-01,2013-11,v,V,V,parliamentary_party,kd,KD,KD,parliamentary_party,0.0,0.0,observed,ME/ME0201/ME0201A/Rostningssympati170
2013M11,2013-11-01,2013-11,v,V,V,parliamentary_party,l,L,L,parliamentary_party,0.0,0.0,observed,ME/ME0201/ME0201A/Rostningssympati170
2013M11,2013-11-01,2013-11,v,V,V,parliamentary_party,m,M,M,parliamentary_party,0.0,0.0,observed,ME/ME0201/ME0201A/Rostningssympati170
2013M11,2013-11-01,2013-11,v,V,V,parliamentary_party,mp,MP,MP,parliamentary_party,,,suppressed,ME/ME0201/ME0201A/Rostningssympati170
2013M11,2013-11-01,2013-11,v,V,V,parliamentary_party,s,S,S,parliamentary_party,6.4,3.1,observed,ME/ME0201/ME0201A/Rostningssympati170
2013M11,2013-11-01,2013-11,v,V,V,parliamentary_party,v,V,V,parliamentary_party,87.1,4.1,observed,ME/ME0201/ME0201A/Rostningssympati170
2013M11,2013-11-01,2013-11,v,V,V,parliamentary_party,vet ej,vet ej/uppgift saknas,DONT_KNOW,dont_know,4.5,2.6,observed,ME/ME0201/ME0201A/Rostningssympati170
2013M11,2013-11-01,2013-11,v,V,V,parliamentary_party,övr,övriga,OTHER,other_party,,,suppressed,ME/ME0201/ME0201A/Rostningssympati170
2013M11,2013-11-01,2013-11,övr,övriga,OTHER,other_party,SD,SD,SD,parliamentary_party,,,suppressed,ME/ME0201/ME0201A/Rostningssympati170
2013M11,2013-11-01,2013-11,övr,övriga,OTHER,other_party,blankt,blankt,BLANK_VOTE,blank_vote,,,suppressed,ME/ME0201/ME0201A/Rostningssympati170
2013M11,2013-11-01,2013-11,övr,övriga,OTHER,other_party,c,C,C,parliamentary_party,,,suppressed,ME/ME0201/ME0201A/Rostningssympati170
2013M11,2013-11-01,2013-11,övr,övriga,OTHER,other_party,kd,KD,KD,parliamentary_party,0.0,0.0,observed,ME/ME0201/ME0201A/Rostningssympati170
2013M11,2013-11-01,2013-11,övr,övriga,OTHER,other_party,l,L,L,parliamentary_party,,,suppressed,ME/ME0201/ME0201A/Rostningssympati170
2013M11,2013-11-01,2013-11,övr,övriga,OTHER,other_party,m,M,M,parliamentary_party,,,suppressed,ME/ME0201/ME0201A/Rostningssympati170
2013M11,2013-11-01,2013-11,övr,övriga,OTHER,other_party,mp,MP,MP,parliamentary_party,,,suppressed,ME/ME0201/ME0201A/Rostningssympati170
2013M11,2013-11-01,2013-11,övr,övriga,OTHER,other_party,s,S,S,parliamentary_party,,,suppressed,ME/ME0201/ME0201A/Rostningssympati170
2013M11,2013-11-01,2013-11,övr,övriga,OTHER,other_party,v,V,V,parliamentary_party,,,suppressed,ME/ME0201/ME0201A/Rostningssympati170
2013M11,2013-11-01,2013-11,övr,övriga,OTHER,other_party,vet ej,vet ej/uppgift saknas,DONT_KNOW,dont_know,12.2,10.1,observed,ME/ME0201/ME0201A/Rostningssympati170
2013M11,2013-11-01,2013-11,övr,övriga,OTHER,other_party,övr,övriga,OTHER,other_party,56.2,13.9,observed,ME/ME0201/ME0201A/Rostningssympati170
2014M05,2014-05-01,2014-05,SD,SD,SD,parliamentary_party,SD,SD,SD,parliamentary_party,92.0,3.7,observed,ME/ME0201/ME0201A/Rostningssympati170
2014M05,2014-05-01,2014-05,SD,SD,SD,parliamentary_party,blankt,blankt,BLANK_VOTE,blank_vote,0.0,0.0,observed,ME/ME0201/ME0201A/Rostningssympati170
2014M05,2014-05-01,2014-05,SD,SD,SD,parliamentary_party,c,C,C,parliamentary_party,0.0,0.0,observed,ME/ME0201/ME0201A/Rostningssympati170
2014M05,2014-05-01,2014-05,SD,SD,SD,parliamentary_party,kd,KD,KD,parliamentary_party,0.0,0.0,observed,ME/ME0201/ME0201A/Rostningssympati170
2014M05,2014-05-01,2014-05,SD,SD,SD,parliamentary_party,l,L,L,parliamentary_party,0.0,0.0,observed,ME/ME0201/ME0201A/Rostningssympati170
2014M05,2014-05-01,2014-05,SD,SD,SD,parliamentary_party,m,M,M,parliamentary_party,,,suppressed,ME/ME0201/ME0201A/Rostningssympati170
2014M05,2014-05-01,2014-05,SD,SD,SD,parliamentary_party,mp,MP,MP,parliamentary_party,0.0,0.0,observed,ME/ME0201/ME0201A/Rostningssympati170
2014M05,2014-05-01,2014-05,SD,SD,SD,parliamentary_party,s,S,S,parliamentary_party,3.0,2.5,observed,ME/ME0201/ME0201A/Rostningssympati170
2014M05,2014-05-01,2014-05,SD,SD,SD,parliamentary_party,v,V,V,parliamentary_party,,,suppressed,ME/ME0201/ME0201A/Rostningssympati170
2014M05,2014-05-01,2014-05,SD,SD,SD,parliamentary_party,vet ej,vet ej/uppgift saknas,DONT_KNOW,dont_know,3.5,2.4,observed,ME/ME0201/ME0201A/Rostningssympati170
2014M05,2014-05-01,2014-05,SD,SD,SD,parliamentary_party,övr,övriga,OTHER,other_party,,,suppressed,ME/ME0201/ME0201A/Rostningssympati170
2014M05,2014-05-01,2014-05,c,C,C,parliamentary_party,SD,SD,SD,parliamentary_party,,,suppressed,ME/ME0201/ME0201A/Rostningssympati170
2014M05,2014-05-01,2014-05,c,C,C,parliamentary_party,blankt,blankt,BLANK_VOTE,blank_vote,,,suppressed,ME/ME0201/ME0201A/Rostningssympati170
2014M05,2014-05-01,2014-05,c,C,C,parliamentary_party,c,C,C,parliamentary_party,74.0,6.7,observed,ME/ME0201/ME0201A/Rostningssympati170
2014M05,2014-05-01,2014-05,c,C,C,parliamentary_party,kd,KD,KD,parliamentary_party,0.0,0.0,observed,ME/ME0201/ME0201A/Rostningssympati170
2014M05,2014-05-01,2014-05,c,C,C,parliamentary_party,l,L,L,parliamentary_party,,,suppressed,ME/ME0201/ME0201A/Rostningssympati170
2014M05,2014-05-01,2014-05,c,C,C,parliamentary_party,m,M,M,parliamentary_party,4.4,2.9,observed,ME/ME0201/ME0201A/Rostningssympati170
2014M05,2014-05-01,2014-05,c,C,C,parliamentary_party,mp,MP,MP,parliamentary_party,0.0,0.0,observed,ME/ME0201/ME0201A/Rostningssympati170
2014M05,2014-05-01,2014-05,c,C,C,parliamentary_party,s,S,S,parliamentary_party,,,suppressed,ME/ME0201/ME0201A/Rostningssympati170
2014M05,2014-05-01,2014-05,c,C,C,parliamentary_party,v,V,V,parliamentary_party,0.0,0.0,observed,ME/ME0201/ME0201A/Rostningssympati170
2014M05,2014-05-01,2014-05,c,C,C,parliamentary_party,vet ej,vet ej/uppgift saknas,DONT_KNOW,dont_know,16.6,5.7,observed,ME/ME0201/ME0201A/Rostningssympati170
2014M05,2014-05-01,2014-05,c,C,C,parliamentary_party,övr,övriga,OTHER,other_party,,,suppressed,ME/ME0201/ME0201A/Rostningssympati170
2014M05,2014-05-01,2014-05,hela väljarkåren,hela väljarkåren,TOTAL_ELECTORATE,total_electorate,SD,SD,SD,parliamentary_party,6.5,0.7,observed,ME/ME0201/ME0201A/Rostningssympati170
2014M05,2014-05-01,2014-05,hela väljarkåren,hela väljarkåren,TOTAL_ELECTORATE,total_electorate,blankt,blankt,BLANK_VOTE,blank_vote,2.4,0.5,observed,ME/ME0201/ME0201A/Rostningssympati170
2014M05,2014-05-01,2014-05,hela väljarkåren,hela väljarkåren,TOTAL_ELECTORATE,total_electorate,c,C,C,parliamentary_party,3.4,0.5,observed,ME/ME0201/ME0201A/Rostningssympati170
2014M05,2014-05-01,2014-05,hela väljarkåren,hela väljarkåren,TOTAL_ELECTORATE,total_electorate,kd,KD,KD,parliamentary_party,2.7,0.4,observed,ME/ME0201/ME0201A/Rostningssympati170
2014M05,2014-05-01,2014-05,hela väljarkåren,hela väljarkåren,TOTAL_ELECTORATE,total_electorate,l,L,L,parliamentary_party,3.6,0.5,observed,ME/ME0201/ME0201A/Rostningssympati170
2014M05,2014-05-01,2014-05,hela väljarkåren,hela väljarkåren,TOTAL_ELECTORATE,total_electorate,m,M,M,parliamentary_party,16.1,0.9,observed,ME/ME0201/ME0201A/Rostningssympati170
2014M05,2014-05-01,2014-05,hela väljarkåren,hela väljarkåren,TOTAL_ELECTORATE,total_electorate,mp,MP,MP,parliamentary_party,6.1,0.7,observed,ME/ME0201/ME0201A/Rostningssympati170
2014M05,2014-05-01,2014-05,hela väljarkåren,hela väljarkåren,TOTAL_ELECTORATE,total_electorate,s,S,S,parliamentary_party,28.1,1.1,observed,ME/ME0201/ME0201A/Rostningssympati170
2014M05,2014-05-01,2014-05,hela väljarkåren,hela väljarkåren,TOTAL_ELECTORATE,total_electorate,v,V,V,parliamentary_party,6.2,0.6,observed,ME/ME0201/ME0201A/Rostningssympati170
2014M05,2014-05-01,2014-05,hela väljarkåren,hela väljarkåren,TOTAL_ELECTORATE,total_electorate,vet ej,vet ej/uppgift saknas,DONT_KNOW,dont_know,21.9,1.3,observed,ME/ME0201/ME0201A/Rostningssympati170
2014M05,2014-05-01,2014-05,hela väljarkåren,hela väljarkåren,TOTAL_ELECTORATE,total_electorate,övr,övriga,OTHER,other_party,3.0,0.5,observed,ME/ME0201/ME0201A/Rostningssympati170
2014M05,2014-05-01,2014-05,ingen sympati/vet ej,ingen sympati/vet ej,NO_SYMPATHY_OR_DONT_KNOW,no_sympathy,SD,SD,SD,parliamentary_party,2.8,1.3,observed,ME/ME0201/ME0201A/Rostningssympati170
2014M05,2014-05-01,2014-05,ingen sympati/vet ej,ingen sympati/vet ej,NO_SYMPATHY_OR_DONT_KNOW,no_sympathy,blankt,blankt,BLANK_VOTE,blank_vote,7.9,2.3,observed,ME/ME0201/ME0201A/Rostningssympati170
2014M05,2014-05-01,2014-05,ingen sympati/vet ej,ingen sympati/vet ej,NO_SYMPATHY_OR_DONT_KNOW,no_sympathy,c,C,C,parliamentary_party,1.4,0.9,observed,ME/ME0201/ME0201A/Rostningssympati170
2014M05,2014-05-01,2014-05,ingen sympati/vet ej,ingen sympati/vet ej,NO_SYMPATHY_OR_DONT_KNOW,no_sympathy,kd,KD,KD,parliamentary_party,0.3,0.3,observed,ME/ME0201/ME0201A/Rostningssympati170
2014M05,2014-05-01,2014-05,ingen sympati/vet ej,ingen sympati/vet ej,NO_SYMPATHY_OR_DONT_KNOW,no_sympathy,l,L,L,parliamentary_party,1.0,0.6,observed,ME/ME0201/ME0201A/Rostningssympati170
2014M05,2014-05-01,2014-05,ingen sympati/vet ej,ingen sympati/vet ej,NO_SYMPATHY_OR_DONT_KNOW,no_sympathy,m,M,M,parliamentary_party,4.3,1.3,observed,ME/ME0201/ME0201A/Rostningssympati170
2014M05,2014-05-01,2014-05,ingen sympati/vet ej,ingen sympati/vet ej,NO_SYMPATHY_OR_DONT_KNOW,no_sympathy,mp,MP,MP,parliamentary_party,2.8,1.3,observed,ME/ME0201/ME0201A/Rostningssympati170
2014M05,2014-05-01,2014-05,ingen sympati/vet ej,ingen sympati/vet ej,NO_SYMPATHY_OR_DONT_KNOW,no_sympathy,s,S,S,parliamentary_party,7.4,2.0,observed,ME/ME0201/ME0201A/Rostningssympati170
2014M05,2014-05-01,2014-05,ingen sympati/vet ej,ingen sympati/vet ej,NO_SYMPATHY_OR_DONT_KNOW,no_sympathy,v,V,V,parliamentary_party,1.4,0.9,observed,ME/ME0201/ME0201A/Rostningssympati170
2014M05,2014-05-01,2014-05,ingen sympati/vet ej,ingen sympati/vet ej,NO_SYMPATHY_OR_DONT_KNOW,no_sympathy,vet ej,vet ej/uppgift saknas,DONT_KNOW,dont_know,69.3,3.6,observed,ME/ME0201/ME0201A/Rostningssympati170
2014M05,2014-05-01,2014-05,ingen sympati/vet ej,ingen sympati/vet ej,NO_SYMPATHY_OR_DONT_KNOW,no_sympathy,övr,övriga,OTHER,other_party,1.4,0.8,observed,ME/ME0201/ME0201A/Rostningssympati170
2014M05,2014-05-01,2014-05,kd,KD,KD,parliamentary_party,SD,SD,SD,parliamentary_party,,,suppressed,ME/ME0201/ME0201A/Rostningssympati170
2014M05,2014-05-01,2014-05,kd,KD,KD,parliamentary_party,blankt,blankt,BLANK_VOTE,blank_vote,,,suppressed,ME/ME0201/ME0201A/Rostningssympati170
2014M05,2014-05-01,2014-05,kd,KD,KD,parliamentary_party,c,C,C,parliamentary_party,0.0,0.0,observed,ME/ME0201/ME0201A/Rostningssympati170
2014M05,2014-05-01,2014-05,kd,KD,KD,parliamentary_party,kd,KD,KD,parliamentary_party,76.0,7.6,observed,ME/ME0201/ME0201A/Rostningssympati170
2014M05,2014-05-01,2014-05,kd,KD,KD,parliamentary_party,l,L,L,parliamentary_party,,,suppressed,ME/ME0201/ME0201A/Rostningssympati170
2014M05,2014-05-01,2014-05,kd,KD,KD,parliamentary_party,m,M,M,parliamentary_party,,,suppressed,ME/ME0201/ME0201A/Rostningssympati170
2014M05,2014-05-01,2014-05,kd,KD,KD,parliamentary_party,mp,MP,MP,parliamentary_party,,,suppressed,ME/ME0201/ME0201A/Rostningssympati170
2014M05,2014-05-01,2014-05,kd,KD,KD,parliamentary_party,s,S,S,parliamentary_party,,,suppressed,ME/ME0201/ME0201A/Rostningssympati170
2014M05,2014-05-01,2014-05,kd,KD,KD,parliamentary_party,v,V,V,parliamentary_party,0.0,0.0,observed,ME/ME0201/ME0201A/Rostningssympati170
2014M05,2014-05-01,2014-05,kd,KD,KD,parliamentary_party,vet ej,vet ej/uppgift saknas,DONT_KNOW,dont_know,15.2,6.3,observed,ME/ME0201/ME0201A/Rostningssympati170
2014M05,2014-05-01,2014-05,kd,KD,KD,parliamentary_party,övr,övriga,OTHER,other_party,0.0,0.0,observed,ME/ME0201/ME0201A/Rostningssympati170
2014M05,2014-05-01,2014-05,l,L,L,parliamentary_party,SD,SD,SD,parliamentary_party,,,suppressed,ME/ME0201/ME0201A/Rostningssympati170
2014M05,2014-05-01,2014-05,l,L,L,parliamentary_party,blankt,blankt,BLANK_VOTE,blank_vote,,,suppressed,ME/ME0201/ME0201A/Rostningssympati170
2014M05,2014-05-01,2014-05,l,L,L,parliamentary_party,c,C,C,parliamentary_party,1.7,1.7,observed,ME/ME0201/ME0201A/Rostningssympati170
2014M05,2014-05-01,2014-05,l,L,L,parliamentary_party,kd,KD,KD,parliamentary_party,,,suppressed,ME/ME0201/ME0201A/Rostningssympati170
2014M05,2014-05-01,2014-05,l,L,L,parliamentary_party,l,L,L,parliamentary_party,70.8,6.3,observed,ME/ME0201/ME0201A/Rostningssympati170
2014M05,2014-05-01,2014-05,l,L,L,parliamentary_party,m,M,M,parliamentary_party,4.4,2.7,observed,ME/ME0201/ME0201A/Rostningssympati170
2014M05,2014-05-01,2014-05,l,L,L,parliamentary_party,mp,MP,MP,parliamentary_party,0.0,0.0,observed,ME/ME0201/ME0201A/Rostningssympati170
2014M05,2014-05-01,2014-05,l,L,L,parliamentary_party,s,S,S,parliamentary_party,2.5,2.0,observed,ME/ME0201/ME0201A/Rostningssympati170
2014M05,2014-05-01,2014-05,l,L,L,parliamentary_party,v,V,V,parliamentary_party,0.0,0.0,observed,ME/ME0201/ME0201A/Rostningssympati170
2014M05,2014-05-01,2014-05,l,L,L,parliamentary_party,vet ej,vet ej/uppgift saknas,DONT_KNOW,dont_know,16.1,5.3,observed,ME/ME0201/ME0201A/Rostningssympati170
2014M05,2014-05-01,2014-05,l,L,L,parliamentary_party,övr,övriga,OTHER,other_party,,,suppressed,ME/ME0201/ME0201A/Rostningssympati170
2014M05,2014-05-01,2014-05,m,M,M,parliamentary_party,SD,SD,SD,parliamentary_party,0.8,0.6,observed,ME/ME0201/ME0201A/Rostningssympati170
2014M05,2014-05-01,2014-05,m,M,M,parliamentary_party,blankt,blankt,BLANK_VOTE,blank_vote,0.8,0.7,observed,ME/ME0201/ME0201A/Rostningssympati170
2014M05,2014-05-01,2014-05,m,M,M,parliamentary_party,c,C,C,parliamentary_party,,,suppressed,ME/ME0201/ME0201A/Rostningssympati170
2014M05,2014-05-01,2014-05,m,M,M,parliamentary_party,kd,KD,KD,parliamentary_party,0.6,0.5,observed,ME/ME0201/ME0201A/Rostningssympati170
2014M05,2014-05-01,2014-05,m,M,M,parliamentary_party,l,L,L,parliamentary_party,1.1,0.7,observed,ME/ME0201/ME0201A/Rostningssympati170
2014M05,2014-05-01,2014-05,m,M,M,parliamentary_party,m,M,M,parliamentary_party,81.1,2.6,observed,ME/ME0201/ME0201A/Rostningssympati170
2014M05,2014-05-01,2014-05,m,M,M,parliamentary_party,mp,MP,MP,parliamentary_party,,,suppressed,ME/ME0201/ME0201A/Rostningssympati170
2014M05,2014-05-01,2014-05,m,M,M,parliamentary_party,s,S,S,parliamentary_party,1.0,0.7,observed,ME/ME0201/ME0201A/Rostningssympati170
2014M05,2014-05-01,2014-05,m,M,M,parliamentary_party,v,V,V,parliamentary_party,0.0,0.0,observed,ME/ME0201/ME0201A/Rostningssympati170
2014M05,2014-05-01,2014-05,m,M,M,parliamentary_party,vet ej,vet ej/uppgift saknas,DONT_KNOW,dont_know,13.7,2.3,observed,ME/ME0201/ME0201A/Rostningssympati170
2014M05,2014-05-01,2014-05,m,M,M,parliamentary_party,övr,övriga,OTHER,other_party,0.0,0.0,observed,ME/ME0201/ME0201A/Rostningssympati170
2014M05,2014-05-01,2014-05,mp,MP,MP,parliamentary_party,SD,SD,SD,parliamentary_party,,,suppressed,ME/ME0201/ME0201A/Rostningssympati170
2014M05,2014-05-01,2014-05,mp,MP,MP,parliamentary_party,blankt,blankt,BLANK_VOTE,blank_vote,2.3,2.0,observed,ME/ME0201/ME0201A/Rostningssympati170
2014M05,2014-05-01,2014-05,mp,MP,MP,parliamentary_party,c,C,C,parliamentary_party,,,suppressed,ME/ME0201/ME0201A/Rostningssympati170
2014M05,2014-05-01,2014-05,mp,MP,MP,parliamentary_party,kd,KD,KD,parliamentary_party,0.0,0.0,observed,ME/ME0201/ME0201A/Rostningssympati170
2014M05,2014-05-01,2014-05,mp,MP,MP,parliamentary_party,l,L,L,parliamentary_party,0.0,0.0,observed,ME/ME0201/ME0201A/Rostningssympati170
2014M05,2014-05-01,2014-05,mp,MP,MP,parliamentary_party,m,M,M,parliamentary_party,1.1,1.1,observed,ME/ME0201/ME0201A/Rostningssympati170
2014M05,2014-05-01,2014-05,mp,MP,MP,parliamentary_party,mp,MP,MP,parliamentary_party,76.8,4.8,observed,ME/ME0201/ME0201A/Rostningssympati170
2014M05,2014-05-01,2014-05,mp,MP,MP,parliamentary_party,s,S,S,parliamentary_party,3.1,1.9,observed,ME/ME0201/ME0201A/Rostningssympati170
2014M05,2014-05-01,2014-05,mp,MP,MP,parliamentary_party,v,V,V,parliamentary_party,2.0,1.5,observed,ME/ME0201/ME0201A/Rostningssympati170
2014M05,2014-05-01,2014-05,mp,MP,MP,parliamentary_party,vet ej,vet ej/uppgift saknas,DONT_KNOW,dont_know,12.5,3.7,observed,ME/ME0201/ME0201A/Rostningssympati170
2014M05,2014-05-01,2014-05,mp,MP,MP,parliamentary_party,övr,övriga,OTHER,other_party,,,suppressed,ME/ME0201/ME0201A/Rostningssympati170
2014M05,2014-05-01,2014-05,s,S,S,parliamentary_party,SD,SD,SD,parliamentary_party,0.8,0.6,observed,ME/ME0201/ME0201A/Rostningssympati170
2014M05,2014-05-01,2014-05,s,S,S,parliamentary_party,blankt,blankt,BLANK_VOTE,blank_vote,1.1,0.7,observed,ME/ME0201/ME0201A/Rostningssympati170
2014M05,2014-05-01,2014-05,s,S,S,parliamentary_party,c,C,C,parliamentary_party,,,suppressed,ME/ME0201/ME0201A/Rostningssympati170
2014M05,2014-05-01,2014-05,s,S,S,parliamentary_party,kd,KD,KD,parliamentary_party,,,suppressed,ME/ME0201/ME0201A/Rostningssympati170
2014M05,2014-05-01,2014-05,s,S,S,parliamentary_party,l,L,L,parliamentary_party,,,suppressed,ME/ME0201/ME0201A/Rostningssympati170
2014M05,2014-05-01,2014-05,s,S,S,parliamentary_party,m,M,M,parliamentary_party,0.2,0.2,observed,ME/ME0201/ME0201A/Rostningssympati170
2014M05,2014-05-01,2014-05,s,S,S,parliamentary_party,mp,MP,MP,parliamentary_party,1.0,0.6,observed,ME/ME0201/ME0201A/Rostningssympati170
2014M05,2014-05-01,2014-05,s,S,S,parliamentary_party,s,S,S,parliamentary_party,87.3,1.9,observed,ME/ME0201/ME0201A/Rostningssympati170
2014M05,2014-05-01,2014-05,s,S,S,parliamentary_party,v,V,V,parliamentary_party,0.8,0.4,observed,ME/ME0201/ME0201A/Rostningssympati170
2014M05,2014-05-01,2014-05,s,S,S,parliamentary_party,vet ej,vet ej/uppgift saknas,DONT_KNOW,dont_know,8.0,1.6,observed,ME/ME0201/ME0201A/Rostningssympati170
2014M05,2014-05-01,2014-05,s,S,S,parliamentary_party,övr,övriga,OTHER,other_party,0.4,0.3,observed,ME/ME0201/ME0201A/Rostningssympati170
2014M05,2014-05-01,2014-05,v,V,V,parliamentary_party,SD,SD,SD,parliamentary_party,,,suppressed,ME/ME0201/ME0201A/Rostningssympati170
2014M05,2014-05-01,2014-05,v,V,V,parliamentary_party,blankt,blankt,BLANK_VOTE,blank_vote,,,suppressed,ME/ME0201/ME0201A/Rostningssympati170
2014M05,2014-05-01,2014-05,v,V,V,parliamentary_party,c,C,C,parliamentary_party,0.0,0.0,observed,ME/ME0201/ME0201A/Rostningssympati170
2014M05,2014-05-01,2014-05,v,V,V,parliamentary_party,kd,KD,KD,parliamentary_party,0.0,0.0,observed,ME/ME0201/ME0201A/Rostningssympati170
2014M05,2014-05-01,2014-05,v,V,V,parliamentary_party,l,L,L,parliamentary_party,0.0,0.0,observed,ME/ME0201/ME0201A/Rostningssympati170
2014M05,2014-05-01,2014-05,v,V,V,parliamentary_party,m,M,M,parliamentary_party,,,suppressed,ME/ME0201/ME0201A/Rostningssympati170
2014M05,2014-05-01,2014-05,v,V,V,parliamentary_party,mp,MP,MP,parliamentary_party,,,suppressed,ME/ME0201/ME0201A/Rostningssympati170
2014M05,2014-05-01,2014-05,v,V,V,parliamentary_party,s,S,S,parliamentary_party,4.7,2.5,observed,ME/ME0201/ME0201A/Rostningssympati170
2014M05,2014-05-01,2014-05,v,V,V,parliamentary_party,v,V,V,parliamentary_party,84.5,4.3,observed,ME/ME0201/ME0201A/Rostningssympati170
2014M05,2014-05-01,2014-05,v,V,V,parliamentary_party,vet ej,vet ej/uppgift saknas,DONT_KNOW,dont_know,7.3,3.1,observed,ME/ME0201/ME0201A/Rostningssympati170
2014M05,2014-05-01,2014-05,v,V,V,parliamentary_party,övr,övriga,OTHER,other_party,1.4,1.2,observed,ME/ME0201/ME0201A/Rostningssympati170
2014M05,2014-05-01,2014-05,övr,övriga,OTHER,other_party,SD,SD,SD,parliamentary_party,,,suppressed,ME/ME0201/ME0201A/Rostningssympati170
2014M05,2014-05-01,2014-05,övr,övriga,OTHER,other_party,blankt,blankt,BLANK_VOTE,blank_vote,,,suppressed,ME/ME0201/ME0201A/Rostningssympati170
2014M05,2014-05-01,2014-05,övr,övriga,OTHER,other_party,c,C,C,parliamentary_party,0.0,0.0,observed,ME/ME0201/ME0201A/Rostningssympati170
2014M05,2014-05-01,2014-05,övr,övriga,OTHER,other_party,kd,KD,KD,parliamentary_party,,,suppressed,ME/ME0201/ME0201A/Rostningssympati170
2014M05,2014-05-01,2014-05,övr,övriga,OTHER,other_party,l,L,L,parliamentary_party,,,suppressed,ME/ME0201/ME0201A/Rostningssympati170
2014M05,2014-05-01,2014-05,övr,övriga,OTHER,other_party,m,M,M,parliamentary_party,0.0,0.0,observed,ME/ME0201/ME0201A/Rostningssympati170
2014M05,2014-05-01,2014-05,övr,övriga,OTHER,other_party,mp,MP,MP,parliamentary_party,,,suppressed,ME/ME0201/ME0201A/Rostningssympati170
2014M05,2014-05-01,2014-05,övr,övriga,OTHER,other_party,s,S,S,parliamentary_party,4.6,3.9,observed,ME/ME0201/ME0201A/Rostningssympati170
2014M05,2014-05-01,2014-05,övr,övriga,OTHER,other_party,v,V,V,parliamentary_party,,,suppressed,ME/ME0201/ME0201A/Rostningssympati170
2014M05,2014-05-01,2014-05,övr,övriga,OTHER,other_party,vet ej,vet ej/uppgift saknas,DONT_KNOW,dont_know,10.9,5.0,observed,ME/ME0201/ME0201A/Rostningssympati170
2014M05,2014-05-01,2014-05,övr,övriga,OTHER,other_party,övr,övriga,OTHER,other_party,73.8,7.6,observed,ME/ME0201/ME0201A/Rostningssympati170
2014M11,2014-11-01,2014-11,SD,SD,SD,parliamentary_party,SD,SD,SD,parliamentary_party,91.1,3.1,observed,ME/ME0201/ME0201A/Rostningssympati170
2014M11,2014-11-01,2014-11,SD,SD,SD,parliamentary_party,blankt,blankt,BLANK_VOTE,blank_vote,,,suppressed,ME/ME0201/ME0201A/Rostningssympati170
2014M11,2014-11-01,2014-11,SD,SD,SD,parliamentary_party,c,C,C,parliamentary_party,,,suppressed,ME/ME0201/ME0201A/Rostningssympati170
2014M11,2014-11-01,2014-11,SD,SD,SD,parliamentary_party,kd,KD,KD,parliamentary_party,0.0,0.0,observed,ME/ME0201/ME0201A/Rostningssympati170
2014M11,2014-11-01,2014-11,SD,SD,SD,parliamentary_party,l,L,L,parliamentary_party,,,suppressed,ME/ME0201/ME0201A/Rostningssympati170
2014M11,2014-11-01,2014-11,SD,SD,SD,parliamentary_party,m,M,M,parliamentary_party,2.5,1.7,observed,ME/ME0201/ME0201A/Rostningssympati170
2014M11,2014-11-01,2014-11,SD,SD,SD,parliamentary_party,mp,MP,MP,parliamentary_party,0.0,0.0,observed,ME/ME0201/ME0201A/Rostningssympati170
2014M11,2014-11-01,2014-11,SD,SD,SD,parliamentary_party,s,S,S,parliamentary_party,1.7,1.3,observed,ME/ME0201/ME0201A/Rostningssympati170
2014M11,2014-11-01,2014-11,SD,SD,SD,parliamentary_party,v,V,V,parliamentary_party,0.0,0.0,observed,ME/ME0201/ME0201A/Rostningssympati170
2014M11,2014-11-01,2014-11,SD,SD,SD,parliamentary_party,vet ej,vet ej/uppgift saknas,DONT_KNOW,dont_know,3.5,2.0,observed,ME/ME0201/ME0201A/Rostningssympati170
2014M11,2014-11-01,2014-11,SD,SD,SD,parliamentary_party,övr,övriga,OTHER,other_party,,,suppressed,ME/ME0201/ME0201A/Rostningssympati170
2014M11,2014-11-01,2014-11,c,C,C,parliamentary_party,SD,SD,SD,parliamentary_party,3.0,2.2,observed,ME/ME0201/ME0201A/Rostningssympati170
2014M11,2014-11-01,2014-11,c,C,C,parliamentary_party,blankt,blankt,BLANK_VOTE,blank_vote,,,suppressed,ME/ME0201/ME0201A/Rostningssympati170
2014M11,2014-11-01,2014-11,c,C,C,parliamentary_party,c,C,C,parliamentary_party,83.1,4.5,observed,ME/ME0201/ME0201A/Rostningssympati170
2014M11,2014-11-01,2014-11,c,C,C,parliamentary_party,kd,KD,KD,parliamentary_party,,,suppressed,ME/ME0201/ME0201A/Rostningssympati170
2014M11,2014-11-01,2014-11,c,C,C,parliamentary_party,l,L,L,parliamentary_party,,,suppressed,ME/ME0201/ME0201A/Rostningssympati170
2014M11,2014-11-01,2014-11,c,C,C,parliamentary_party,m,M,M,parliamentary_party,3.2,2.1,observed,ME/ME0201/ME0201A/Rostningssympati170
2014M11,2014-11-01,2014-11,c,C,C,parliamentary_party,mp,MP,MP,parliamentary_party,0.0,0.0,observed,ME/ME0201/ME0201A/Rostningssympati170
2014M11,2014-11-01,2014-11,c,C,C,parliamentary_party,s,S,S,parliamentary_party,,,suppressed,ME/ME0201/ME0201A/Rostningssympati170
2014M11,2014-11-01,2014-11,c,C,C,parliamentary_party,v,V,V,parliamentary_party,,,suppressed,ME/ME0201/ME0201A/Rostningssympati170
2014M11,2014-11-01,2014-11,c,C,C,parliamentary_party,vet ej,vet ej/uppgift saknas,DONT_KNOW,dont_know,7.7,3.2,observed,ME/ME0201/ME0201A/Rostningssympati170
2014M11,2014-11-01,2014-11,c,C,C,parliamentary_party,övr,övriga,OTHER,other_party,,,suppressed,ME/ME0201/ME0201A/Rostningssympati170
2014M11,2014-11-01,2014-11,hela väljarkåren,hela väljarkåren,TOTAL_ELECTORATE,total_electorate,SD,SD,SD,parliamentary_party,10.8,0.6,observed,ME/ME0201/ME0201A/Rostningssympati170
2014M11,2014-11-01,2014-11,hela väljarkåren,hela väljarkåren,TOTAL_ELECTORATE,total_electorate,blankt,blankt,BLANK_VOTE,blank_vote,2.8,0.6,observed,ME/ME0201/ME0201A/Rostningssympati170
2014M11,2014-11-01,2014-11,hela väljarkåren,hela väljarkåren,TOTAL_ELECTORATE,total_electorate,c,C,C,parliamentary_party,5.1,0.4,observed,ME/ME0201/ME0201A/Rostningssympati170
2014M11,2014-11-01,2014-11,hela väljarkåren,hela väljarkåren,TOTAL_ELECTORATE,total_electorate,kd,KD,KD,parliamentary_party,3.1,0.3,observed,ME/ME0201/ME0201A/Rostningssympati170
2014M11,2014-11-01,2014-11,hela väljarkåren,hela väljarkåren,TOTAL_ELECTORATE,total_electorate,l,L,L,parliamentary_party,4.5,0.4,observed,ME/ME0201/ME0201A/Rostningssympati170
2014M11,2014-11-01,2014-11,hela väljarkåren,hela väljarkåren,TOTAL_ELECTORATE,total_electorate,m,M,M,parliamentary_party,20.7,0.8,observed,ME/ME0201/ME0201A/Rostningssympati170
2014M11,2014-11-01,2014-11,hela väljarkåren,hela väljarkåren,TOTAL_ELECTORATE,total_electorate,mp,MP,MP,parliamentary_party,5.9,0.5,observed,ME/ME0201/ME0201A/Rostningssympati170
2014M11,2014-11-01,2014-11,hela väljarkåren,hela väljarkåren,TOTAL_ELECTORATE,total_electorate,s,S,S,parliamentary_party,27.1,1.0,observed,ME/ME0201/ME0201A/Rostningssympati170
2014M11,2014-11-01,2014-11,hela väljarkåren,hela väljarkåren,TOTAL_ELECTORATE,total_electorate,v,V,V,parliamentary_party,5.0,0.4,observed,ME/ME0201/ME0201A/Rostningssympati170
2014M11,2014-11-01,2014-11,hela väljarkåren,hela väljarkåren,TOTAL_ELECTORATE,total_electorate,vet ej,vet ej/uppgift saknas,DONT_KNOW,dont_know,12.9,1.1,observed,ME/ME0201/ME0201A/Rostningssympati170
2014M11,2014-11-01,2014-11,hela väljarkåren,hela väljarkåren,TOTAL_ELECTORATE,total_electorate,övr,övriga,OTHER,other_party,2.1,0.3,observed,ME/ME0201/ME0201A/Rostningssympati170
2014M11,2014-11-01,2014-11,ingen sympati/vet ej,ingen sympati/vet ej,NO_SYMPATHY_OR_DONT_KNOW,no_sympathy,SD,SD,SD,parliamentary_party,5.9,2.0,observed,ME/ME0201/ME0201A/Rostningssympati170
2014M11,2014-11-01,2014-11,ingen sympati/vet ej,ingen sympati/vet ej,NO_SYMPATHY_OR_DONT_KNOW,no_sympathy,blankt,blankt,BLANK_VOTE,blank_vote,11.3,3.3,observed,ME/ME0201/ME0201A/Rostningssympati170
2014M11,2014-11-01,2014-11,ingen sympati/vet ej,ingen sympati/vet ej,NO_SYMPATHY_OR_DONT_KNOW,no_sympathy,c,C,C,parliamentary_party,3.5,1.3,observed,ME/ME0201/ME0201A/Rostningssympati170
2014M11,2014-11-01,2014-11,ingen sympati/vet ej,ingen sympati/vet ej,NO_SYMPATHY_OR_DONT_KNOW,no_sympathy,kd,KD,KD,parliamentary_party,1.1,1.0,observed,ME/ME0201/ME0201A/Rostningssympati170
2014M11,2014-11-01,2014-11,ingen sympati/vet ej,ingen sympati/vet ej,NO_SYMPATHY_OR_DONT_KNOW,no_sympathy,l,L,L,parliamentary_party,1.3,0.9,observed,ME/ME0201/ME0201A/Rostningssympati170
2014M11,2014-11-01,2014-11,ingen sympati/vet ej,ingen sympati/vet ej,NO_SYMPATHY_OR_DONT_KNOW,no_sympathy,m,M,M,parliamentary_party,8.7,2.5,observed,ME/ME0201/ME0201A/Rostningssympati170
2014M11,2014-11-01,2014-11,ingen sympati/vet ej,ingen sympati/vet ej,NO_SYMPATHY_OR_DONT_KNOW,no_sympathy,mp,MP,MP,parliamentary_party,1.5,1.0,observed,ME/ME0201/ME0201A/Rostningssympati170
2014M11,2014-11-01,2014-11,ingen sympati/vet ej,ingen sympati/vet ej,NO_SYMPATHY_OR_DONT_KNOW,no_sympathy,s,S,S,parliamentary_party,10.5,2.6,observed,ME/ME0201/ME0201A/Rostningssympati170
2014M11,2014-11-01,2014-11,ingen sympati/vet ej,ingen sympati/vet ej,NO_SYMPATHY_OR_DONT_KNOW,no_sympathy,v,V,V,parliamentary_party,0.9,0.6,observed,ME/ME0201/ME0201A/Rostningssympati170
2014M11,2014-11-01,2014-11,ingen sympati/vet ej,ingen sympati/vet ej,NO_SYMPATHY_OR_DONT_KNOW,no_sympathy,vet ej,vet ej/uppgift saknas,DONT_KNOW,dont_know,53.6,4.6,observed,ME/ME0201/ME0201A/Rostningssympati170
2014M11,2014-11-01,2014-11,ingen sympati/vet ej,ingen sympati/vet ej,NO_SYMPATHY_OR_DONT_KNOW,no_sympathy,övr,övriga,OTHER,other_party,1.7,1.2,observed,ME/ME0201/ME0201A/Rostningssympati170
2014M11,2014-11-01,2014-11,kd,KD,KD,parliamentary_party,SD,SD,SD,parliamentary_party,,,suppressed,ME/ME0201/ME0201A/Rostningssympati170
2014M11,2014-11-01,2014-11,kd,KD,KD,parliamentary_party,blankt,blankt,BLANK_VOTE,blank_vote,,,suppressed,ME/ME0201/ME0201A/Rostningssympati170
2014M11,2014-11-01,2014-11,kd,KD,KD,parliamentary_party,c,C,C,parliamentary_party,0.0,0.0,observed,ME/ME0201/ME0201A/Rostningssympati170
2014M11,2014-11-01,2014-11,kd,KD,KD,parliamentary_party,kd,KD,KD,parliamentary_party,79.8,6.3,observed,ME/ME0201/ME0201A/Rostningssympati170
2014M11,2014-11-01,2014-11,kd,KD,KD,parliamentary_party,l,L,L,parliamentary_party,,,suppressed,ME/ME0201/ME0201A/Rostningssympati170
2014M11,2014-11-01,2014-11,kd,KD,KD,parliamentary_party,m,M,M,parliamentary_party,6.4,3.6,observed,ME/ME0201/ME0201A/Rostningssympati170
2014M11,2014-11-01,2014-11,kd,KD,KD,parliamentary_party,mp,MP,MP,parliamentary_party,0.0,0.0,observed,ME/ME0201/ME0201A/Rostningssympati170
2014M11,2014-11-01,2014-11,kd,KD,KD,parliamentary_party,s,S,S,parliamentary_party,2.0,1.9,observed,ME/ME0201/ME0201A/Rostningssympati170
2014M11,2014-11-01,2014-11,kd,KD,KD,parliamentary_party,v,V,V,parliamentary_party,0.0,0.0,observed,ME/ME0201/ME0201A/Rostningssympati170
2014M11,2014-11-01,2014-11,kd,KD,KD,parliamentary_party,vet ej,vet ej/uppgift saknas,DONT_KNOW,dont_know,6.0,3.5,observed,ME/ME0201/ME0201A/Rostningssympati170
2014M11,2014-11-01,2014-11,kd,KD,KD,parliamentary_party,övr,övriga,OTHER,other_party,0.0,0.0,observed,ME/ME0201/ME0201A/Rostningssympati170
2014M11,2014-11-01,2014-11,l,L,L,parliamentary_party,SD,SD,SD,parliamentary_party,1.8,1.7,observed,ME/ME0201/ME0201A/Rostningssympati170
2014M11,2014-11-01,2014-11,l,L,L,parliamentary_party,blankt,blankt,BLANK_VOTE,blank_vote,0.0,0.0,observed,ME/ME0201/ME0201A/Rostningssympati170
2014M11,2014-11-01,2014-11,l,L,L,parliamentary_party,c,C,C,parliamentary_party,2.1,1.6,observed,ME/ME0201/ME0201A/Rostningssympati170
2014M11,2014-11-01,2014-11,l,L,L,parliamentary_party,kd,KD,KD,parliamentary_party,0.0,0.0,observed,ME/ME0201/ME0201A/Rostningssympati170
2014M11,2014-11-01,2014-11,l,L,L,parliamentary_party,l,L,L,parliamentary_party,80.0,4.6,observed,ME/ME0201/ME0201A/Rostningssympati170
2014M11,2014-11-01,2014-11,l,L,L,parliamentary_party,m,M,M,parliamentary_party,7.1,3.0,observed,ME/ME0201/ME0201A/Rostningssympati170
2014M11,2014-11-01,2014-11,l,L,L,parliamentary_party,mp,MP,MP,parliamentary_party,0.0,0.0,observed,ME/ME0201/ME0201A/Rostningssympati170
2014M11,2014-11-01,2014-11,l,L,L,parliamentary_party,s,S,S,parliamentary_party,2.6,1.9,observed,ME/ME0201/ME0201A/Rostningssympati170
2014M11,2014-11-01,2014-11,l,L,L,parliamentary_party,v,V,V,parliamentary_party,0.0,0.0,observed,ME/ME0201/ME0201A/Rostningssympati170
2014M11,2014-11-01,2014-11,l,L,L,parliamentary_party,vet ej,vet ej/uppgift saknas,DONT_KNOW,dont_know,6.3,2.7,observed,ME/ME0201/ME0201A/Rostningssympati170
2014M11,2014-11-01,2014-11,l,L,L,parliamentary_party,övr,övriga,OTHER,other_party,,,suppressed,ME/ME0201/ME0201A/Rostningssympati170
2014M11,2014-11-01,2014-11,m,M,M,parliamentary_party,SD,SD,SD,parliamentary_party,3.6,1.2,observed,ME/ME0201/ME0201A/Rostningssympati170
2014M11,2014-11-01,2014-11,m,M,M,parliamentary_party,blankt,blankt,BLANK_VOTE,blank_vote,,,suppressed,ME/ME0201/ME0201A/Rostningssympati170
2014M11,2014-11-01,2014-11,m,M,M,parliamentary_party,c,C,C,parliamentary_party,1.4,0.7,observed,ME/ME0201/ME0201A/Rostningssympati170
2014M11,2014-11-01,2014-11,m,M,M,parliamentary_party,kd,KD,KD,parliamentary_party,0.9,0.6,observed,ME/ME0201/ME0201A/Rostningssympati170
2014M11,2014-11-01,2014-11,m,M,M,parliamentary_party,l,L,L,parliamentary_party,1.7,0.7,observed,ME/ME0201/ME0201A/Rostningssympati170
2014M11,2014-11-01,2014-11,m,M,M,parliamentary_party,m,M,M,parliamentary_party,85.5,2.1,observed,ME/ME0201/ME0201A/Rostningssympati170
2014M11,2014-11-01,2014-11,m,M,M,parliamentary_party,mp,MP,MP,parliamentary_party,,,suppressed,ME/ME0201/ME0201A/Rostningssympati170
2014M11,2014-11-01,2014-11,m,M,M,parliamentary_party,s,S,S,parliamentary_party,0.8,0.5,observed,ME/ME0201/ME0201A/Rostningssympati170
2014M11,2014-11-01,2014-11,m,M,M,parliamentary_party,v,V,V,parliamentary_party,0.0,0.0,observed,ME/ME0201/ME0201A/Rostningssympati170
2014M11,2014-11-01,2014-11,m,M,M,parliamentary_party,vet ej,vet ej/uppgift saknas,DONT_KNOW,dont_know,5.1,1.3,observed,ME/ME0201/ME0201A/Rostningssympati170
2014M11,2014-11-01,2014-11,m,M,M,parliamentary_party,övr,övriga,OTHER,other_party,,,suppressed,ME/ME0201/ME0201A/Rostningssympati170
2014M11,2014-11-01,2014-11,mp,MP,MP,parliamentary_party,SD,SD,SD,parliamentary_party,,,suppressed,ME/ME0201/ME0201A/Rostningssympati170
2014M11,2014-11-01,2014-11,mp,MP,MP,parliamentary_party,blankt,blankt,BLANK_VOTE,blank_vote,,,suppressed,ME/ME0201/ME0201A/Rostningssympati170
2014M11,2014-11-01,2014-11,mp,MP,MP,parliamentary_party,c,C,C,parliamentary_party,1.7,1.3,observed,ME/ME0201/ME0201A/Rostningssympati170
2014M11,2014-11-01,2014-11,mp,MP,MP,parliamentary_party,kd,KD,KD,parliamentary_party,,,suppressed,ME/ME0201/ME0201A/Rostningssympati170
2014M11,2014-11-01,2014-11,mp,MP,MP,parliamentary_party,l,L,L,parliamentary_party,0.0,0.0,observed,ME/ME0201/ME0201A/Rostningssympati170
2014M11,2014-11-01,2014-11,mp,MP,MP,parliamentary_party,m,M,M,parliamentary_party,1.5,1.3,observed,ME/ME0201/ME0201A/Rostningssympati170
2014M11,2014-11-01,2014-11,mp,MP,MP,parliamentary_party,mp,MP,MP,parliamentary_party,76.6,4.7,observed,ME/ME0201/ME0201A/Rostningssympati170
2014M11,2014-11-01,2014-11,mp,MP,MP,parliamentary_party,s,S,S,parliamentary_party,5.2,2.3,observed,ME/ME0201/ME0201A/Rostningssympati170
2014M11,2014-11-01,2014-11,mp,MP,MP,parliamentary_party,v,V,V,parliamentary_party,1.1,1.1,observed,ME/ME0201/ME0201A/Rostningssympati170
2014M11,2014-11-01,2014-11,mp,MP,MP,parliamentary_party,vet ej,vet ej/uppgift saknas,DONT_KNOW,dont_know,7.8,3.0,observed,ME/ME0201/ME0201A/Rostningssympati170
2014M11,2014-11-01,2014-11,mp,MP,MP,parliamentary_party,övr,övriga,OTHER,other_party,3.0,1.6,observed,ME/ME0201/ME0201A/Rostningssympati170
2014M11,2014-11-01,2014-11,s,S,S,parliamentary_party,SD,SD,SD,parliamentary_party,1.8,0.8,observed,ME/ME0201/ME0201A/Rostningssympati170
2014M11,2014-11-01,2014-11,s,S,S,parliamentary_party,blankt,blankt,BLANK_VOTE,blank_vote,1.5,0.8,observed,ME/ME0201/ME0201A/Rostningssympati170
2014M11,2014-11-01,2014-11,s,S,S,parliamentary_party,c,C,C,parliamentary_party,0.3,0.3,observed,ME/ME0201/ME0201A/Rostningssympati170
2014M11,2014-11-01,2014-11,s,S,S,parliamentary_party,kd,KD,KD,parliamentary_party,,,suppressed,ME/ME0201/ME0201A/Rostningssympati170
2014M11,2014-11-01,2014-11,s,S,S,parliamentary_party,l,L,L,parliamentary_party,0.7,0.4,observed,ME/ME0201/ME0201A/Rostningssympati170
2014M11,2014-11-01,2014-11,s,S,S,parliamentary_party,m,M,M,parliamentary_party,1.4,0.6,observed,ME/ME0201/ME0201A/Rostningssympati170
2014M11,2014-11-01,2014-11,s,S,S,parliamentary_party,mp,MP,MP,parliamentary_party,1.1,0.7,observed,ME/ME0201/ME0201A/Rostningssympati170
2014M11,2014-11-01,2014-11,s,S,S,parliamentary_party,s,S,S,parliamentary_party,85.7,2.0,observed,ME/ME0201/ME0201A/Rostningssympati170
2014M11,2014-11-01,2014-11,s,S,S,parliamentary_party,v,V,V,parliamentary_party,1.6,0.7,observed,ME/ME0201/ME0201A/Rostningssympati170
2014M11,2014-11-01,2014-11,s,S,S,parliamentary_party,vet ej,vet ej/uppgift saknas,DONT_KNOW,dont_know,5.4,1.3,observed,ME/ME0201/ME0201A/Rostningssympati170
2014M11,2014-11-01,2014-11,s,S,S,parliamentary_party,övr,övriga,OTHER,other_party,0.4,0.4,observed,ME/ME0201/ME0201A/Rostningssympati170
2014M11,2014-11-01,2014-11,v,V,V,parliamentary_party,SD,SD,SD,parliamentary_party,,,suppressed,ME/ME0201/ME0201A/Rostningssympati170
2014M11,2014-11-01,2014-11,v,V,V,parliamentary_party,blankt,blankt,BLANK_VOTE,blank_vote,,,suppressed,ME/ME0201/ME0201A/Rostningssympati170
2014M11,2014-11-01,2014-11,v,V,V,parliamentary_party,c,C,C,parliamentary_party,0.0,0.0,observed,ME/ME0201/ME0201A/Rostningssympati170
2014M11,2014-11-01,2014-11,v,V,V,parliamentary_party,kd,KD,KD,parliamentary_party,0.0,0.0,observed,ME/ME0201/ME0201A/Rostningssympati170
2014M11,2014-11-01,2014-11,v,V,V,parliamentary_party,l,L,L,parliamentary_party,,,suppressed,ME/ME0201/ME0201A/Rostningssympati170
2014M11,2014-11-01,2014-11,v,V,V,parliamentary_party,m,M,M,parliamentary_party,,,suppressed,ME/ME0201/ME0201A/Rostningssympati170
2014M11,2014-11-01,2014-11,v,V,V,parliamentary_party,mp,MP,MP,parliamentary_party,2.9,2.0,observed,ME/ME0201/ME0201A/Rostningssympati170
2014M11,2014-11-01,2014-11,v,V,V,parliamentary_party,s,S,S,parliamentary_party,6.8,3.5,observed,ME/ME0201/ME0201A/Rostningssympati170
2014M11,2014-11-01,2014-11,v,V,V,parliamentary_party,v,V,V,parliamentary_party,82.8,4.7,observed,ME/ME0201/ME0201A/Rostningssympati170
2014M11,2014-11-01,2014-11,v,V,V,parliamentary_party,vet ej,vet ej/uppgift saknas,DONT_KNOW,dont_know,2.8,1.9,observed,ME/ME0201/ME0201A/Rostningssympati170
2014M11,2014-11-01,2014-11,v,V,V,parliamentary_party,övr,övriga,OTHER,other_party,2.8,1.9,observed,ME/ME0201/ME0201A/Rostningssympati170
2014M11,2014-11-01,2014-11,övr,övriga,OTHER,other_party,SD,SD,SD,parliamentary_party,,,suppressed,ME/ME0201/ME0201A/Rostningssympati170
2014M11,2014-11-01,2014-11,övr,övriga,OTHER,other_party,blankt,blankt,BLANK_VOTE,blank_vote,,,suppressed,ME/ME0201/ME0201A/Rostningssympati170
2014M11,2014-11-01,2014-11,övr,övriga,OTHER,other_party,c,C,C,parliamentary_party,0.0,0.0,observed,ME/ME0201/ME0201A/Rostningssympati170
2014M11,2014-11-01,2014-11,övr,övriga,OTHER,other_party,kd,KD,KD,parliamentary_party,,,suppressed,ME/ME0201/ME0201A/Rostningssympati170
2014M11,2014-11-01,2014-11,övr,övriga,OTHER,other_party,l,L,L,parliamentary_party,,,suppressed,ME/ME0201/ME0201A/Rostningssympati170
2014M11,2014-11-01,2014-11,övr,övriga,OTHER,other_party,m,M,M,parliamentary_party,,,suppressed,ME/ME0201/ME0201A/Rostningssympati170
2014M11,2014-11-01,2014-11,övr,övriga,OTHER,other_party,mp,MP,MP,parliamentary_party,5.4,4.3,observed,ME/ME0201/ME0201A/Rostningssympati170
2014M11,2014-11-01,2014-11,övr,övriga,OTHER,other_party,s,S,S,parliamentary_party,6.1,5.7,observed,ME/ME0201/ME0201A/Rostningssympati170
2014M11,2014-11-01,2014-11,övr,övriga,OTHER,other_party,v,V,V,parliamentary_party,,,suppressed,ME/ME0201/ME0201A/Rostningssympati170
2014M11,2014-11-01,2014-11,övr,övriga,OTHER,other_party,vet ej,vet ej/uppgift saknas,DONT_KNOW,dont_know,9.5,6.2,observed,ME/ME0201/ME0201A/Rostningssympati170
2014M11,2014-11-01,2014-11,övr,övriga,OTHER,other_party,övr,övriga,OTHER,other_party,64.1,9.6,observed,ME/ME0201/ME0201A/Rostningssympati170
2015M05,2015-05-01,2015-05,SD,SD,SD,parliamentary_party,SD,SD,SD,parliamentary_party,90.8,2.8,observed,ME/ME0201/ME0201A/Rostningssympati170
2015M05,2015-05-01,2015-05,SD,SD,SD,parliamentary_party,blankt,blankt,BLANK_VOTE,blank_vote,,,suppressed,ME/ME0201/ME0201A/Rostningssympati170
2015M05,2015-05-01,2015-05,SD,SD,SD,parliamentary_party,c,C,C,parliamentary_party,0.0,0.0,observed,ME/ME0201/ME0201A/Rostningssympati170
2015M05,2015-05-01,2015-05,SD,SD,SD,parliamentary_party,kd,KD,KD,parliamentary_party,,,suppressed,ME/ME0201/ME0201A/Rostningssympati170
2015M05,2015-05-01,2015-05,SD,SD,SD,parliamentary_party,l,L,L,parliamentary_party,0.0,0.0,observed,ME/ME0201/ME0201A/Rostningssympati170
2015M05,2015-05-01,2015-05,SD,SD,SD,parliamentary_party,m,M,M,parliamentary_party,1.9,1.3,observed,ME/ME0201/ME0201A/Rostningssympati170
2015M05,2015-05-01,2015-05,SD,SD,SD,parliamentary_party,mp,MP,MP,parliamentary_party,0.0,0.0,observed,ME/ME0201/ME0201A/Rostningssympati170
2015M05,2015-05-01,2015-05,SD,SD,SD,parliamentary_party,s,S,S,parliamentary_party,,,suppressed,ME/ME0201/ME0201A/Rostningssympati170
2015M05,2015-05-01,2015-05,SD,SD,SD,parliamentary_party,v,V,V,parliamentary_party,,,suppressed,ME/ME0201/ME0201A/Rostningssympati170
2015M05,2015-05-01,2015-05,SD,SD,SD,parliamentary_party,vet ej,vet ej/uppgift saknas,DONT_KNOW,dont_know,5.8,2.3,observed,ME/ME0201/ME0201A/Rostningssympati170
2015M05,2015-05-01,2015-05,SD,SD,SD,parliamentary_party,övr,övriga,OTHER,other_party,0.0,0.0,observed,ME/ME0201/ME0201A/Rostningssympati170
2015M05,2015-05-01,2015-05,c,C,C,parliamentary_party,SD,SD,SD,parliamentary_party,,,suppressed,ME/ME0201/ME0201A/Rostningssympati170
2015M05,2015-05-01,2015-05,c,C,C,parliamentary_party,blankt,blankt,BLANK_VOTE,blank_vote,2.0,1.6,observed,ME/ME0201/ME0201A/Rostningssympati170
2015M05,2015-05-01,2015-05,c,C,C,parliamentary_party,c,C,C,parliamentary_party,82.3,4.6,observed,ME/ME0201/ME0201A/Rostningssympati170
2015M05,2015-05-01,2015-05,c,C,C,parliamentary_party,kd,KD,KD,parliamentary_party,,,suppressed,ME/ME0201/ME0201A/Rostningssympati170
2015M05,2015-05-01,2015-05,c,C,C,parliamentary_party,l,L,L,parliamentary_party,3.2,3.1,observed,ME/ME0201/ME0201A/Rostningssympati170
2015M05,2015-05-01,2015-05,c,C,C,parliamentary_party,m,M,M,parliamentary_party,2.7,1.7,observed,ME/ME0201/ME0201A/Rostningssympati170
2015M05,2015-05-01,2015-05,c,C,C,parliamentary_party,mp,MP,MP,parliamentary_party,0.0,0.0,observed,ME/ME0201/ME0201A/Rostningssympati170
2015M05,2015-05-01,2015-05,c,C,C,parliamentary_party,s,S,S,parliamentary_party,,,suppressed,ME/ME0201/ME0201A/Rostningssympati170
2015M05,2015-05-01,2015-05,c,C,C,parliamentary_party,v,V,V,parliamentary_party,,,suppressed,ME/ME0201/ME0201A/Rostningssympati170
2015M05,2015-05-01,2015-05,c,C,C,parliamentary_party,vet ej,vet ej/uppgift saknas,DONT_KNOW,dont_know,7.8,2.9,observed,ME/ME0201/ME0201A/Rostningssympati170
2015M05,2015-05-01,2015-05,c,C,C,parliamentary_party,övr,övriga,OTHER,other_party,0.0,0.0,observed,ME/ME0201/ME0201A/Rostningssympati170
2015M05,2015-05-01,2015-05,hela väljarkåren,hela väljarkåren,TOTAL_ELECTORATE,total_electorate,SD,SD,SD,parliamentary_party,12.3,0.7,observed,ME/ME0201/ME0201A/Rostningssympati170
2015M05,2015-05-01,2015-05,hela väljarkåren,hela väljarkåren,TOTAL_ELECTORATE,total_electorate,blankt,blankt,BLANK_VOTE,blank_vote,3.7,0.7,observed,ME/ME0201/ME0201A/Rostningssympati170
2015M05,2015-05-01,2015-05,hela väljarkåren,hela väljarkåren,TOTAL_ELECTORATE,total_electorate,c,C,C,parliamentary_party,5.0,0.5,observed,ME/ME0201/ME0201A/Rostningssympati170
2015M05,2015-05-01,2015-05,hela väljarkåren,hela väljarkåren,TOTAL_ELECTORATE,total_electorate,kd,KD,KD,parliamentary_party,3.0,0.4,observed,ME/ME0201/ME0201A/Rostningssympati170
2015M05,2015-05-01,2015-05,hela väljarkåren,hela väljarkåren,TOTAL_ELECTORATE,total_electorate,l,L,L,parliamentary_party,3.6,0.4,observed,ME/ME0201/ME0201A/Rostningssympati170
2015M05,2015-05-01,2015-05,hela väljarkåren,hela väljarkåren,TOTAL_ELECTORATE,total_electorate,m,M,M,parliamentary_party,20.7,0.9,observed,ME/ME0201/ME0201A/Rostningssympati170
2015M05,2015-05-01,2015-05,hela väljarkåren,hela väljarkåren,TOTAL_ELECTORATE,total_electorate,mp,MP,MP,parliamentary_party,5.0,0.5,observed,ME/ME0201/ME0201A/Rostningssympati170
2015M05,2015-05-01,2015-05,hela väljarkåren,hela väljarkåren,TOTAL_ELECTORATE,total_electorate,s,S,S,parliamentary_party,23.0,0.9,observed,ME/ME0201/ME0201A/Rostningssympati170
2015M05,2015-05-01,2015-05,hela väljarkåren,hela väljarkåren,TOTAL_ELECTORATE,total_electorate,v,V,V,parliamentary_party,5.1,0.4,observed,ME/ME0201/ME0201A/Rostningssympati170
2015M05,2015-05-01,2015-05,hela väljarkåren,hela väljarkåren,TOTAL_ELECTORATE,total_electorate,vet ej,vet ej/uppgift saknas,DONT_KNOW,dont_know,16.8,1.1,observed,ME/ME0201/ME0201A/Rostningssympati170
2015M05,2015-05-01,2015-05,hela väljarkåren,hela väljarkåren,TOTAL_ELECTORATE,total_electorate,övr,övriga,OTHER,other_party,1.7,0.3,observed,ME/ME0201/ME0201A/Rostningssympati170
2015M05,2015-05-01,2015-05,ingen sympati/vet ej,ingen sympati/vet ej,NO_SYMPATHY_OR_DONT_KNOW,no_sympathy,SD,SD,SD,parliamentary_party,5.2,1.8,observed,ME/ME0201/ME0201A/Rostningssympati170
2015M05,2015-05-01,2015-05,ingen sympati/vet ej,ingen sympati/vet ej,NO_SYMPATHY_OR_DONT_KNOW,no_sympathy,blankt,blankt,BLANK_VOTE,blank_vote,13.1,3.3,observed,ME/ME0201/ME0201A/Rostningssympati170
2015M05,2015-05-01,2015-05,ingen sympati/vet ej,ingen sympati/vet ej,NO_SYMPATHY_OR_DONT_KNOW,no_sympathy,c,C,C,parliamentary_party,2.0,1.0,observed,ME/ME0201/ME0201A/Rostningssympati170
2015M05,2015-05-01,2015-05,ingen sympati/vet ej,ingen sympati/vet ej,NO_SYMPATHY_OR_DONT_KNOW,no_sympathy,kd,KD,KD,parliamentary_party,0.6,0.5,observed,ME/ME0201/ME0201A/Rostningssympati170
2015M05,2015-05-01,2015-05,ingen sympati/vet ej,ingen sympati/vet ej,NO_SYMPATHY_OR_DONT_KNOW,no_sympathy,l,L,L,parliamentary_party,1.1,0.8,observed,ME/ME0201/ME0201A/Rostningssympati170
2015M05,2015-05-01,2015-05,ingen sympati/vet ej,ingen sympati/vet ej,NO_SYMPATHY_OR_DONT_KNOW,no_sympathy,m,M,M,parliamentary_party,5.8,1.8,observed,ME/ME0201/ME0201A/Rostningssympati170
2015M05,2015-05-01,2015-05,ingen sympati/vet ej,ingen sympati/vet ej,NO_SYMPATHY_OR_DONT_KNOW,no_sympathy,mp,MP,MP,parliamentary_party,1.8,1.0,observed,ME/ME0201/ME0201A/Rostningssympati170
2015M05,2015-05-01,2015-05,ingen sympati/vet ej,ingen sympati/vet ej,NO_SYMPATHY_OR_DONT_KNOW,no_sympathy,s,S,S,parliamentary_party,7.2,2.1,observed,ME/ME0201/ME0201A/Rostningssympati170
2015M05,2015-05-01,2015-05,ingen sympati/vet ej,ingen sympati/vet ej,NO_SYMPATHY_OR_DONT_KNOW,no_sympathy,v,V,V,parliamentary_party,1.1,0.8,observed,ME/ME0201/ME0201A/Rostningssympati170
2015M05,2015-05-01,2015-05,ingen sympati/vet ej,ingen sympati/vet ej,NO_SYMPATHY_OR_DONT_KNOW,no_sympathy,vet ej,vet ej/uppgift saknas,DONT_KNOW,dont_know,61.0,4.2,observed,ME/ME0201/ME0201A/Rostningssympati170
2015M05,2015-05-01,2015-05,ingen sympati/vet ej,ingen sympati/vet ej,NO_SYMPATHY_OR_DONT_KNOW,no_sympathy,övr,övriga,OTHER,other_party,0.9,0.7,observed,ME/ME0201/ME0201A/Rostningssympati170
2015M05,2015-05-01,2015-05,kd,KD,KD,parliamentary_party,SD,SD,SD,parliamentary_party,,,suppressed,ME/ME0201/ME0201A/Rostningssympati170
2015M05,2015-05-01,2015-05,kd,KD,KD,parliamentary_party,blankt,blankt,BLANK_VOTE,blank_vote,0.0,0.0,observed,ME/ME0201/ME0201A/Rostningssympati170
2015M05,2015-05-01,2015-05,kd,KD,KD,parliamentary_party,c,C,C,parliamentary_party,,,suppressed,ME/ME0201/ME0201A/Rostningssympati170
2015M05,2015-05-01,2015-05,kd,KD,KD,parliamentary_party,kd,KD,KD,parliamentary_party,76.3,6.7,observed,ME/ME0201/ME0201A/Rostningssympati170
2015M05,2015-05-01,2015-05,kd,KD,KD,parliamentary_party,l,L,L,parliamentary_party,,,suppressed,ME/ME0201/ME0201A/Rostningssympati170
2015M05,2015-05-01,2015-05,kd,KD,KD,parliamentary_party,m,M,M,parliamentary_party,7.2,4.4,observed,ME/ME0201/ME0201A/Rostningssympati170
2015M05,2015-05-01,2015-05,kd,KD,KD,parliamentary_party,mp,MP,MP,parliamentary_party,0.0,0.0,observed,ME/ME0201/ME0201A/Rostningssympati170
2015M05,2015-05-01,2015-05,kd,KD,KD,parliamentary_party,s,S,S,parliamentary_party,,,suppressed,ME/ME0201/ME0201A/Rostningssympati170
2015M05,2015-05-01,2015-05,kd,KD,KD,parliamentary_party,v,V,V,parliamentary_party,0.0,0.0,observed,ME/ME0201/ME0201A/Rostningssympati170
2015M05,2015-05-01,2015-05,kd,KD,KD,parliamentary_party,vet ej,vet ej/uppgift saknas,DONT_KNOW,dont_know,10.1,4.6,observed,ME/ME0201/ME0201A/Rostningssympati170
2015M05,2015-05-01,2015-05,kd,KD,KD,parliamentary_party,övr,övriga,OTHER,other_party,0.0,0.0,observed,ME/ME0201/ME0201A/Rostningssympati170
2015M05,2015-05-01,2015-05,l,L,L,parliamentary_party,SD,SD,SD,parliamentary_party,1.3,1.3,observed,ME/ME0201/ME0201A/Rostningssympati170
2015M05,2015-05-01,2015-05,l,L,L,parliamentary_party,blankt,blankt,BLANK_VOTE,blank_vote,1.8,1.6,observed,ME/ME0201/ME0201A/Rostningssympati170
2015M05,2015-05-01,2015-05,l,L,L,parliamentary_party,c,C,C,parliamentary_party,3.4,2.1,observed,ME/ME0201/ME0201A/Rostningssympati170
2015M05,2015-05-01,2015-05,l,L,L,parliamentary_party,kd,KD,KD,parliamentary_party,,,suppressed,ME/ME0201/ME0201A/Rostningssympati170
2015M05,2015-05-01,2015-05,l,L,L,parliamentary_party,l,L,L,parliamentary_party,69.5,5.4,observed,ME/ME0201/ME0201A/Rostningssympati170
2015M05,2015-05-01,2015-05,l,L,L,parliamentary_party,m,M,M,parliamentary_party,13.1,3.9,observed,ME/ME0201/ME0201A/Rostningssympati170
2015M05,2015-05-01,2015-05,l,L,L,parliamentary_party,mp,MP,MP,parliamentary_party,,,suppressed,ME/ME0201/ME0201A/Rostningssympati170
2015M05,2015-05-01,2015-05,l,L,L,parliamentary_party,s,S,S,parliamentary_party,,,suppressed,ME/ME0201/ME0201A/Rostningssympati170
2015M05,2015-05-01,2015-05,l,L,L,parliamentary_party,v,V,V,parliamentary_party,0.0,0.0,observed,ME/ME0201/ME0201A/Rostningssympati170
2015M05,2015-05-01,2015-05,l,L,L,parliamentary_party,vet ej,vet ej/uppgift saknas,DONT_KNOW,dont_know,7.4,2.9,observed,ME/ME0201/ME0201A/Rostningssympati170
2015M05,2015-05-01,2015-05,l,L,L,parliamentary_party,övr,övriga,OTHER,other_party,,,suppressed,ME/ME0201/ME0201A/Rostningssympati170
2015M05,2015-05-01,2015-05,m,M,M,parliamentary_party,SD,SD,SD,parliamentary_party,3.0,0.9,observed,ME/ME0201/ME0201A/Rostningssympati170
2015M05,2015-05-01,2015-05,m,M,M,parliamentary_party,blankt,blankt,BLANK_VOTE,blank_vote,2.0,1.1,observed,ME/ME0201/ME0201A/Rostningssympati170
2015M05,2015-05-01,2015-05,m,M,M,parliamentary_party,c,C,C,parliamentary_party,1.7,0.7,observed,ME/ME0201/ME0201A/Rostningssympati170
2015M05,2015-05-01,2015-05,m,M,M,parliamentary_party,kd,KD,KD,parliamentary_party,1.5,0.6,observed,ME/ME0201/ME0201A/Rostningssympati170
2015M05,2015-05-01,2015-05,m,M,M,parliamentary_party,l,L,L,parliamentary_party,0.9,0.5,observed,ME/ME0201/ME0201A/Rostningssympati170
2015M05,2015-05-01,2015-05,m,M,M,parliamentary_party,m,M,M,parliamentary_party,82.4,2.2,observed,ME/ME0201/ME0201A/Rostningssympati170
2015M05,2015-05-01,2015-05,m,M,M,parliamentary_party,mp,MP,MP,parliamentary_party,,,suppressed,ME/ME0201/ME0201A/Rostningssympati170
2015M05,2015-05-01,2015-05,m,M,M,parliamentary_party,s,S,S,parliamentary_party,0.3,0.3,observed,ME/ME0201/ME0201A/Rostningssympati170
2015M05,2015-05-01,2015-05,m,M,M,parliamentary_party,v,V,V,parliamentary_party,0.0,0.0,observed,ME/ME0201/ME0201A/Rostningssympati170
2015M05,2015-05-01,2015-05,m,M,M,parliamentary_party,vet ej,vet ej/uppgift saknas,DONT_KNOW,dont_know,7.9,1.5,observed,ME/ME0201/ME0201A/Rostningssympati170
2015M05,2015-05-01,2015-05,m,M,M,parliamentary_party,övr,övriga,OTHER,other_party,0.1,0.1,observed,ME/ME0201/ME0201A/Rostningssympati170
2015M05,2015-05-01,2015-05,mp,MP,MP,parliamentary_party,SD,SD,SD,parliamentary_party,,,suppressed,ME/ME0201/ME0201A/Rostningssympati170
2015M05,2015-05-01,2015-05,mp,MP,MP,parliamentary_party,blankt,blankt,BLANK_VOTE,blank_vote,,,suppressed,ME/ME0201/ME0201A/Rostningssympati170
2015M05,2015-05-01,2015-05,mp,MP,MP,parliamentary_party,c,C,C,parliamentary_party,,,suppressed,ME/ME0201/ME0201A/Rostningssympati170
2015M05,2015-05-01,2015-05,mp,MP,MP,parliamentary_party,kd,KD,KD,parliamentary_party,0.0,0.0,observed,ME/ME0201/ME0201A/Rostningssympati170
2015M05,2015-05-01,2015-05,mp,MP,MP,parliamentary_party,l,L,L,parliamentary_party,,,suppressed,ME/ME0201/ME0201A/Rostningssympati170
2015M05,2015-05-01,2015-05,mp,MP,MP,parliamentary_party,m,M,M,parliamentary_party,2.7,1.6,observed,ME/ME0201/ME0201A/Rostningssympati170
2015M05,2015-05-01,2015-05,mp,MP,MP,parliamentary_party,mp,MP,MP,parliamentary_party,73.8,4.7,observed,ME/ME0201/ME0201A/Rostningssympati170
2015M05,2015-05-01,2015-05,mp,MP,MP,parliamentary_party,s,S,S,parliamentary_party,6.3,2.4,observed,ME/ME0201/ME0201A/Rostningssympati170
2015M05,2015-05-01,2015-05,mp,MP,MP,parliamentary_party,v,V,V,parliamentary_party,2.4,1.4,observed,ME/ME0201/ME0201A/Rostningssympati170
2015M05,2015-05-01,2015-05,mp,MP,MP,parliamentary_party,vet ej,vet ej/uppgift saknas,DONT_KNOW,dont_know,10.1,3.4,observed,ME/ME0201/ME0201A/Rostningssympati170
2015M05,2015-05-01,2015-05,mp,MP,MP,parliamentary_party,övr,övriga,OTHER,other_party,2.4,1.6,observed,ME/ME0201/ME0201A/Rostningssympati170
2015M05,2015-05-01,2015-05,s,S,S,parliamentary_party,SD,SD,SD,parliamentary_party,1.7,0.7,observed,ME/ME0201/ME0201A/Rostningssympati170
2015M05,2015-05-01,2015-05,s,S,S,parliamentary_party,blankt,blankt,BLANK_VOTE,blank_vote,2.4,1.0,observed,ME/ME0201/ME0201A/Rostningssympati170
2015M05,2015-05-01,2015-05,s,S,S,parliamentary_party,c,C,C,parliamentary_party,0.7,0.5,observed,ME/ME0201/ME0201A/Rostningssympati170
2015M05,2015-05-01,2015-05,s,S,S,parliamentary_party,kd,KD,KD,parliamentary_party,,,suppressed,ME/ME0201/ME0201A/Rostningssympati170
2015M05,2015-05-01,2015-05,s,S,S,parliamentary_party,l,L,L,parliamentary_party,0.4,0.3,observed,ME/ME0201/ME0201A/Rostningssympati170
2015M05,2015-05-01,2015-05,s,S,S,parliamentary_party,m,M,M,parliamentary_party,2.4,0.8,observed,ME/ME0201/ME0201A/Rostningssympati170
2015M05,2015-05-01,2015-05,s,S,S,parliamentary_party,mp,MP,MP,parliamentary_party,0.7,0.4,observed,ME/ME0201/ME0201A/Rostningssympati170
2015M05,2015-05-01,2015-05,s,S,S,parliamentary_party,s,S,S,parliamentary_party,79.8,2.2,observed,ME/ME0201/ME0201A/Rostningssympati170
2015M05,2015-05-01,2015-05,s,S,S,parliamentary_party,v,V,V,parliamentary_party,1.7,0.6,observed,ME/ME0201/ME0201A/Rostningssympati170
2015M05,2015-05-01,2015-05,s,S,S,parliamentary_party,vet ej,vet ej/uppgift saknas,DONT_KNOW,dont_know,9.8,1.7,observed,ME/ME0201/ME0201A/Rostningssympati170
2015M05,2015-05-01,2015-05,s,S,S,parliamentary_party,övr,övriga,OTHER,other_party,0.3,0.2,observed,ME/ME0201/ME0201A/Rostningssympati170
2015M05,2015-05-01,2015-05,v,V,V,parliamentary_party,SD,SD,SD,parliamentary_party,,,suppressed,ME/ME0201/ME0201A/Rostningssympati170
2015M05,2015-05-01,2015-05,v,V,V,parliamentary_party,blankt,blankt,BLANK_VOTE,blank_vote,,,suppressed,ME/ME0201/ME0201A/Rostningssympati170
2015M05,2015-05-01,2015-05,v,V,V,parliamentary_party,c,C,C,parliamentary_party,0.0,0.0,observed,ME/ME0201/ME0201A/Rostningssympati170
2015M05,2015-05-01,2015-05,v,V,V,parliamentary_party,kd,KD,KD,parliamentary_party,0.0,0.0,observed,ME/ME0201/ME0201A/Rostningssympati170
2015M05,2015-05-01,2015-05,v,V,V,parliamentary_party,l,L,L,parliamentary_party,,,suppressed,ME/ME0201/ME0201A/Rostningssympati170
2015M05,2015-05-01,2015-05,v,V,V,parliamentary_party,m,M,M,parliamentary_party,,,suppressed,ME/ME0201/ME0201A/Rostningssympati170
2015M05,2015-05-01,2015-05,v,V,V,parliamentary_party,mp,MP,MP,parliamentary_party,1.3,1.2,observed,ME/ME0201/ME0201A/Rostningssympati170
2015M05,2015-05-01,2015-05,v,V,V,parliamentary_party,s,S,S,parliamentary_party,6.3,2.6,observed,ME/ME0201/ME0201A/Rostningssympati170
2015M05,2015-05-01,2015-05,v,V,V,parliamentary_party,v,V,V,parliamentary_party,82.6,4.5,observed,ME/ME0201/ME0201A/Rostningssympati170
2015M05,2015-05-01,2015-05,v,V,V,parliamentary_party,vet ej,vet ej/uppgift saknas,DONT_KNOW,dont_know,3.4,2.5,observed,ME/ME0201/ME0201A/Rostningssympati170
2015M05,2015-05-01,2015-05,v,V,V,parliamentary_party,övr,övriga,OTHER,other_party,3.3,1.9,observed,ME/ME0201/ME0201A/Rostningssympati170
2015M05,2015-05-01,2015-05,övr,övriga,OTHER,other_party,SD,SD,SD,parliamentary_party,,,suppressed,ME/ME0201/ME0201A/Rostningssympati170
2015M05,2015-05-01,2015-05,övr,övriga,OTHER,other_party,blankt,blankt,BLANK_VOTE,blank_vote,,,suppressed,ME/ME0201/ME0201A/Rostningssympati170
2015M05,2015-05-01,2015-05,övr,övriga,OTHER,other_party,c,C,C,parliamentary_party,,,suppressed,ME/ME0201/ME0201A/Rostningssympati170
2015M05,2015-05-01,2015-05,övr,övriga,OTHER,other_party,kd,KD,KD,parliamentary_party,0.0,0.0,observed,ME/ME0201/ME0201A/Rostningssympati170
2015M05,2015-05-01,2015-05,övr,övriga,OTHER,other_party,l,L,L,parliamentary_party,,,suppressed,ME/ME0201/ME0201A/Rostningssympati170
2015M05,2015-05-01,2015-05,övr,övriga,OTHER,other_party,m,M,M,parliamentary_party,,,suppressed,ME/ME0201/ME0201A/Rostningssympati170
2015M05,2015-05-01,2015-05,övr,övriga,OTHER,other_party,mp,MP,MP,parliamentary_party,,,suppressed,ME/ME0201/ME0201A/Rostningssympati170
2015M05,2015-05-01,2015-05,övr,övriga,OTHER,other_party,s,S,S,parliamentary_party,3.9,3.4,observed,ME/ME0201/ME0201A/Rostningssympati170
2015M05,2015-05-01,2015-05,övr,övriga,OTHER,other_party,v,V,V,parliamentary_party,9.4,5.3,observed,ME/ME0201/ME0201A/Rostningssympati170
2015M05,2015-05-01,2015-05,övr,övriga,OTHER,other_party,vet ej,vet ej/uppgift saknas,DONT_KNOW,dont_know,6.2,4.5,observed,ME/ME0201/ME0201A/Rostningssympati170
2015M05,2015-05-01,2015-05,övr,övriga,OTHER,other_party,övr,övriga,OTHER,other_party,71.0,8.4,observed,ME/ME0201/ME0201A/Rostningssympati170
2015M11,2015-11-01,2015-11,SD,SD,SD,parliamentary_party,SD,SD,SD,parliamentary_party,93.8,2.4,observed,ME/ME0201/ME0201A/Rostningssympati170
2015M11,2015-11-01,2015-11,SD,SD,SD,parliamentary_party,blankt,blankt,BLANK_VOTE,blank_vote,2.2,1.6,observed,ME/ME0201/ME0201A/Rostningssympati170
2015M11,2015-11-01,2015-11,SD,SD,SD,parliamentary_party,c,C,C,parliamentary_party,0.0,0.0,observed,ME/ME0201/ME0201A/Rostningssympati170
2015M11,2015-11-01,2015-11,SD,SD,SD,parliamentary_party,kd,KD,KD,parliamentary_party,,,suppressed,ME/ME0201/ME0201A/Rostningssympati170
2015M11,2015-11-01,2015-11,SD,SD,SD,parliamentary_party,l,L,L,parliamentary_party,0.0,0.0,observed,ME/ME0201/ME0201A/Rostningssympati170
2015M11,2015-11-01,2015-11,SD,SD,SD,parliamentary_party,m,M,M,parliamentary_party,,,suppressed,ME/ME0201/ME0201A/Rostningssympati170
2015M11,2015-11-01,2015-11,SD,SD,SD,parliamentary_party,mp,MP,MP,parliamentary_party,0.0,0.0,observed,ME/ME0201/ME0201A/Rostningssympati170
2015M11,2015-11-01,2015-11,SD,SD,SD,parliamentary_party,s,S,S,parliamentary_party,,,suppressed,ME/ME0201/ME0201A/Rostningssympati170
2015M11,2015-11-01,2015-11,SD,SD,SD,parliamentary_party,v,V,V,parliamentary_party,0.0,0.0,observed,ME/ME0201/ME0201A/Rostningssympati170
2015M11,2015-11-01,2015-11,SD,SD,SD,parliamentary_party,vet ej,vet ej/uppgift saknas,DONT_KNOW,dont_know,3.0,1.7,observed,ME/ME0201/ME0201A/Rostningssympati170
2015M11,2015-11-01,2015-11,SD,SD,SD,parliamentary_party,övr,övriga,OTHER,other_party,0.0,0.0,observed,ME/ME0201/ME0201A/Rostningssympati170
2015M11,2015-11-01,2015-11,c,C,C,parliamentary_party,SD,SD,SD,parliamentary_party,2.0,1.6,observed,ME/ME0201/ME0201A/Rostningssympati170
2015M11,2015-11-01,2015-11,c,C,C,parliamentary_party,blankt,blankt,BLANK_VOTE,blank_vote,2.7,1.9,observed,ME/ME0201/ME0201A/Rostningssympati170
2015M11,2015-11-01,2015-11,c,C,C,parliamentary_party,c,C,C,parliamentary_party,78.8,4.9,observed,ME/ME0201/ME0201A/Rostningssympati170
2015M11,2015-11-01,2015-11,c,C,C,parliamentary_party,kd,KD,KD,parliamentary_party,1.7,1.7,observed,ME/ME0201/ME0201A/Rostningssympati170
2015M11,2015-11-01,2015-11,c,C,C,parliamentary_party,l,L,L,parliamentary_party,,,suppressed,ME/ME0201/ME0201A/Rostningssympati170
2015M11,2015-11-01,2015-11,c,C,C,parliamentary_party,m,M,M,parliamentary_party,3.9,2.3,observed,ME/ME0201/ME0201A/Rostningssympati170
2015M11,2015-11-01,2015-11,c,C,C,parliamentary_party,mp,MP,MP,parliamentary_party,,,suppressed,ME/ME0201/ME0201A/Rostningssympati170
2015M11,2015-11-01,2015-11,c,C,C,parliamentary_party,s,S,S,parliamentary_party,,,suppressed,ME/ME0201/ME0201A/Rostningssympati170
2015M11,2015-11-01,2015-11,c,C,C,parliamentary_party,v,V,V,parliamentary_party,0.0,0.0,observed,ME/ME0201/ME0201A/Rostningssympati170
2015M11,2015-11-01,2015-11,c,C,C,parliamentary_party,vet ej,vet ej/uppgift saknas,DONT_KNOW,dont_know,8.7,3.3,observed,ME/ME0201/ME0201A/Rostningssympati170
2015M11,2015-11-01,2015-11,c,C,C,parliamentary_party,övr,övriga,OTHER,other_party,,,suppressed,ME/ME0201/ME0201A/Rostningssympati170
2015M11,2015-11-01,2015-11,hela väljarkåren,hela väljarkåren,TOTAL_ELECTORATE,total_electorate,SD,SD,SD,parliamentary_party,16.3,0.9,observed,ME/ME0201/ME0201A/Rostningssympati170
2015M11,2015-11-01,2015-11,hela väljarkåren,hela väljarkåren,TOTAL_ELECTORATE,total_electorate,blankt,blankt,BLANK_VOTE,blank_vote,4.9,0.8,observed,ME/ME0201/ME0201A/Rostningssympati170
2015M11,2015-11-01,2015-11,hela väljarkåren,hela väljarkåren,TOTAL_ELECTORATE,total_electorate,c,C,C,parliamentary_party,5.0,0.5,observed,ME/ME0201/ME0201A/Rostningssympati170
2015M11,2015-11-01,2015-11,hela väljarkåren,hela väljarkåren,TOTAL_ELECTORATE,total_electorate,kd,KD,KD,parliamentary_party,2.9,0.4,observed,ME/ME0201/ME0201A/Rostningssympati170
2015M11,2015-11-01,2015-11,hela väljarkåren,hela väljarkåren,TOTAL_ELECTORATE,total_electorate,l,L,L,parliamentary_party,4.1,0.5,observed,ME/ME0201/ME0201A/Rostningssympati170
2015M11,2015-11-01,2015-11,hela väljarkåren,hela väljarkåren,TOTAL_ELECTORATE,total_electorate,m,M,M,parliamentary_party,17.4,1.0,observed,ME/ME0201/ME0201A/Rostningssympati170
2015M11,2015-11-01,2015-11,hela väljarkåren,hela väljarkåren,TOTAL_ELECTORATE,total_electorate,mp,MP,MP,parliamentary_party,4.1,0.5,observed,ME/ME0201/ME0201A/Rostningssympati170
2015M11,2015-11-01,2015-11,hela väljarkåren,hela väljarkåren,TOTAL_ELECTORATE,total_electorate,s,S,S,parliamentary_party,20.5,1.0,observed,ME/ME0201/ME0201A/Rostningssympati170
2015M11,2015-11-01,2015-11,hela väljarkåren,hela väljarkåren,TOTAL_ELECTORATE,total_electorate,v,V,V,parliamentary_party,4.6,0.5,observed,ME/ME0201/ME0201A/Rostningssympati170
2015M11,2015-11-01,2015-11,hela väljarkåren,hela väljarkåren,TOTAL_ELECTORATE,total_electorate,vet ej,vet ej/uppgift saknas,DONT_KNOW,dont_know,18.5,1.3,observed,ME/ME0201/ME0201A/Rostningssympati170
2015M11,2015-11-01,2015-11,hela väljarkåren,hela väljarkåren,TOTAL_ELECTORATE,total_electorate,övr,övriga,OTHER,other_party,1.5,0.3,observed,ME/ME0201/ME0201A/Rostningssympati170
2015M11,2015-11-01,2015-11,ingen sympati/vet ej,ingen sympati/vet ej,NO_SYMPATHY_OR_DONT_KNOW,no_sympathy,SD,SD,SD,parliamentary_party,5.2,1.9,observed,ME/ME0201/ME0201A/Rostningssympati170
2015M11,2015-11-01,2015-11,ingen sympati/vet ej,ingen sympati/vet ej,NO_SYMPATHY_OR_DONT_KNOW,no_sympathy,blankt,blankt,BLANK_VOTE,blank_vote,15.6,3.5,observed,ME/ME0201/ME0201A/Rostningssympati170
2015M11,2015-11-01,2015-11,ingen sympati/vet ej,ingen sympati/vet ej,NO_SYMPATHY_OR_DONT_KNOW,no_sympathy,c,C,C,parliamentary_party,1.6,0.7,observed,ME/ME0201/ME0201A/Rostningssympati170
2015M11,2015-11-01,2015-11,ingen sympati/vet ej,ingen sympati/vet ej,NO_SYMPATHY_OR_DONT_KNOW,no_sympathy,kd,KD,KD,parliamentary_party,,,suppressed,ME/ME0201/ME0201A/Rostningssympati170
2015M11,2015-11-01,2015-11,ingen sympati/vet ej,ingen sympati/vet ej,NO_SYMPATHY_OR_DONT_KNOW,no_sympathy,l,L,L,parliamentary_party,1.2,0.7,observed,ME/ME0201/ME0201A/Rostningssympati170
2015M11,2015-11-01,2015-11,ingen sympati/vet ej,ingen sympati/vet ej,NO_SYMPATHY_OR_DONT_KNOW,no_sympathy,m,M,M,parliamentary_party,4.0,1.6,observed,ME/ME0201/ME0201A/Rostningssympati170
2015M11,2015-11-01,2015-11,ingen sympati/vet ej,ingen sympati/vet ej,NO_SYMPATHY_OR_DONT_KNOW,no_sympathy,mp,MP,MP,parliamentary_party,1.5,0.9,observed,ME/ME0201/ME0201A/Rostningssympati170
2015M11,2015-11-01,2015-11,ingen sympati/vet ej,ingen sympati/vet ej,NO_SYMPATHY_OR_DONT_KNOW,no_sympathy,s,S,S,parliamentary_party,5.3,1.9,observed,ME/ME0201/ME0201A/Rostningssympati170
2015M11,2015-11-01,2015-11,ingen sympati/vet ej,ingen sympati/vet ej,NO_SYMPATHY_OR_DONT_KNOW,no_sympathy,v,V,V,parliamentary_party,0.8,0.6,observed,ME/ME0201/ME0201A/Rostningssympati170
2015M11,2015-11-01,2015-11,ingen sympati/vet ej,ingen sympati/vet ej,NO_SYMPATHY_OR_DONT_KNOW,no_sympathy,vet ej,vet ej/uppgift saknas,DONT_KNOW,dont_know,63.7,4.3,observed,ME/ME0201/ME0201A/Rostningssympati170
2015M11,2015-11-01,2015-11,ingen sympati/vet ej,ingen sympati/vet ej,NO_SYMPATHY_OR_DONT_KNOW,no_sympathy,övr,övriga,OTHER,other_party,0.5,0.4,observed,ME/ME0201/ME0201A/Rostningssympati170
2015M11,2015-11-01,2015-11,kd,KD,KD,parliamentary_party,SD,SD,SD,parliamentary_party,3.3,2.9,observed,ME/ME0201/ME0201A/Rostningssympati170
2015M11,2015-11-01,2015-11,kd,KD,KD,parliamentary_party,blankt,blankt,BLANK_VOTE,blank_vote,,,suppressed,ME/ME0201/ME0201A/Rostningssympati170
2015M11,2015-11-01,2015-11,kd,KD,KD,parliamentary_party,c,C,C,parliamentary_party,,,suppressed,ME/ME0201/ME0201A/Rostningssympati170
2015M11,2015-11-01,2015-11,kd,KD,KD,parliamentary_party,kd,KD,KD,parliamentary_party,77.8,6.9,observed,ME/ME0201/ME0201A/Rostningssympati170
2015M11,2015-11-01,2015-11,kd,KD,KD,parliamentary_party,l,L,L,parliamentary_party,0.0,0.0,observed,ME/ME0201/ME0201A/Rostningssympati170
2015M11,2015-11-01,2015-11,kd,KD,KD,parliamentary_party,m,M,M,parliamentary_party,5.0,3.6,observed,ME/ME0201/ME0201A/Rostningssympati170
2015M11,2015-11-01,2015-11,kd,KD,KD,parliamentary_party,mp,MP,MP,parliamentary_party,0.0,0.0,observed,ME/ME0201/ME0201A/Rostningssympati170
2015M11,2015-11-01,2015-11,kd,KD,KD,parliamentary_party,s,S,S,parliamentary_party,,,suppressed,ME/ME0201/ME0201A/Rostningssympati170
2015M11,2015-11-01,2015-11,kd,KD,KD,parliamentary_party,v,V,V,parliamentary_party,0.0,0.0,observed,ME/ME0201/ME0201A/Rostningssympati170
2015M11,2015-11-01,2015-11,kd,KD,KD,parliamentary_party,vet ej,vet ej/uppgift saknas,DONT_KNOW,dont_know,11.2,5.3,observed,ME/ME0201/ME0201A/Rostningssympati170
2015M11,2015-11-01,2015-11,kd,KD,KD,parliamentary_party,övr,övriga,OTHER,other_party,0.0,0.0,observed,ME/ME0201/ME0201A/Rostningssympati170
2015M11,2015-11-01,2015-11,l,L,L,parliamentary_party,SD,SD,SD,parliamentary_party,3.4,2.3,observed,ME/ME0201/ME0201A/Rostningssympati170
2015M11,2015-11-01,2015-11,l,L,L,parliamentary_party,blankt,blankt,BLANK_VOTE,blank_vote,1.9,1.7,observed,ME/ME0201/ME0201A/Rostningssympati170
2015M11,2015-11-01,2015-11,l,L,L,parliamentary_party,c,C,C,parliamentary_party,4.4,2.3,observed,ME/ME0201/ME0201A/Rostningssympati170
2015M11,2015-11-01,2015-11,l,L,L,parliamentary_party,kd,KD,KD,parliamentary_party,,,suppressed,ME/ME0201/ME0201A/Rostningssympati170
2015M11,2015-11-01,2015-11,l,L,L,parliamentary_party,l,L,L,parliamentary_party,71.5,6.0,observed,ME/ME0201/ME0201A/Rostningssympati170
2015M11,2015-11-01,2015-11,l,L,L,parliamentary_party,m,M,M,parliamentary_party,8.5,3.9,observed,ME/ME0201/ME0201A/Rostningssympati170
2015M11,2015-11-01,2015-11,l,L,L,parliamentary_party,mp,MP,MP,parliamentary_party,,,suppressed,ME/ME0201/ME0201A/Rostningssympati170
2015M11,2015-11-01,2015-11,l,L,L,parliamentary_party,s,S,S,parliamentary_party,0.0,0.0,observed,ME/ME0201/ME0201A/Rostningssympati170
2015M11,2015-11-01,2015-11,l,L,L,parliamentary_party,v,V,V,parliamentary_party,0.0,0.0,observed,ME/ME0201/ME0201A/Rostningssympati170
2015M11,2015-11-01,2015-11,l,L,L,parliamentary_party,vet ej,vet ej/uppgift saknas,DONT_KNOW,dont_know,9.4,4.3,observed,ME/ME0201/ME0201A/Rostningssympati170
2015M11,2015-11-01,2015-11,l,L,L,parliamentary_party,övr,övriga,OTHER,other_party,0.0,0.0,observed,ME/ME0201/ME0201A/Rostningssympati170
2015M11,2015-11-01,2015-11,m,M,M,parliamentary_party,SD,SD,SD,parliamentary_party,5.4,1.6,observed,ME/ME0201/ME0201A/Rostningssympati170
2015M11,2015-11-01,2015-11,m,M,M,parliamentary_party,blankt,blankt,BLANK_VOTE,blank_vote,2.7,1.4,observed,ME/ME0201/ME0201A/Rostningssympati170
2015M11,2015-11-01,2015-11,m,M,M,parliamentary_party,c,C,C,parliamentary_party,1.6,0.8,observed,ME/ME0201/ME0201A/Rostningssympati170
2015M11,2015-11-01,2015-11,m,M,M,parliamentary_party,kd,KD,KD,parliamentary_party,1.5,0.9,observed,ME/ME0201/ME0201A/Rostningssympati170
2015M11,2015-11-01,2015-11,m,M,M,parliamentary_party,l,L,L,parliamentary_party,1.1,0.6,observed,ME/ME0201/ME0201A/Rostningssympati170
2015M11,2015-11-01,2015-11,m,M,M,parliamentary_party,m,M,M,parliamentary_party,79.2,2.8,observed,ME/ME0201/ME0201A/Rostningssympati170
2015M11,2015-11-01,2015-11,m,M,M,parliamentary_party,mp,MP,MP,parliamentary_party,0.0,0.0,observed,ME/ME0201/ME0201A/Rostningssympati170
2015M11,2015-11-01,2015-11,m,M,M,parliamentary_party,s,S,S,parliamentary_party,0.3,0.3,observed,ME/ME0201/ME0201A/Rostningssympati170
2015M11,2015-11-01,2015-11,m,M,M,parliamentary_party,v,V,V,parliamentary_party,0.0,0.0,observed,ME/ME0201/ME0201A/Rostningssympati170
2015M11,2015-11-01,2015-11,m,M,M,parliamentary_party,vet ej,vet ej/uppgift saknas,DONT_KNOW,dont_know,8.1,1.7,observed,ME/ME0201/ME0201A/Rostningssympati170
2015M11,2015-11-01,2015-11,m,M,M,parliamentary_party,övr,övriga,OTHER,other_party,,,suppressed,ME/ME0201/ME0201A/Rostningssympati170
2015M11,2015-11-01,2015-11,mp,MP,MP,parliamentary_party,SD,SD,SD,parliamentary_party,,,suppressed,ME/ME0201/ME0201A/Rostningssympati170
2015M11,2015-11-01,2015-11,mp,MP,MP,parliamentary_party,blankt,blankt,BLANK_VOTE,blank_vote,2.2,1.6,observed,ME/ME0201/ME0201A/Rostningssympati170
2015M11,2015-11-01,2015-11,mp,MP,MP,parliamentary_party,c,C,C,parliamentary_party,2.0,1.6,observed,ME/ME0201/ME0201A/Rostningssympati170
2015M11,2015-11-01,2015-11,mp,MP,MP,parliamentary_party,kd,KD,KD,parliamentary_party,0.0,0.0,observed,ME/ME0201/ME0201A/Rostningssympati170
2015M11,2015-11-01,2015-11,mp,MP,MP,parliamentary_party,l,L,L,parliamentary_party,,,suppressed,ME/ME0201/ME0201A/Rostningssympati170
2015M11,2015-11-01,2015-11,mp,MP,MP,parliamentary_party,m,M,M,parliamentary_party,1.9,1.7,observed,ME/ME0201/ME0201A/Rostningssympati170
2015M11,2015-11-01,2015-11,mp,MP,MP,parliamentary_party,mp,MP,MP,parliamentary_party,70.2,5.6,observed,ME/ME0201/ME0201A/Rostningssympati170
2015M11,2015-11-01,2015-11,mp,MP,MP,parliamentary_party,s,S,S,parliamentary_party,6.6,3.4,observed,ME/ME0201/ME0201A/Rostningssympati170
2015M11,2015-11-01,2015-11,mp,MP,MP,parliamentary_party,v,V,V,parliamentary_party,2.3,1.8,observed,ME/ME0201/ME0201A/Rostningssympati170
2015M11,2015-11-01,2015-11,mp,MP,MP,parliamentary_party,vet ej,vet ej/uppgift saknas,DONT_KNOW,dont_know,10.9,3.7,observed,ME/ME0201/ME0201A/Rostningssympati170
2015M11,2015-11-01,2015-11,mp,MP,MP,parliamentary_party,övr,övriga,OTHER,other_party,2.2,1.8,observed,ME/ME0201/ME0201A/Rostningssympati170
2015M11,2015-11-01,2015-11,s,S,S,parliamentary_party,SD,SD,SD,parliamentary_party,1.9,0.9,observed,ME/ME0201/ME0201A/Rostningssympati170
2015M11,2015-11-01,2015-11,s,S,S,parliamentary_party,blankt,blankt,BLANK_VOTE,blank_vote,3.0,1.1,observed,ME/ME0201/ME0201A/Rostningssympati170
2015M11,2015-11-01,2015-11,s,S,S,parliamentary_party,c,C,C,parliamentary_party,0.4,0.4,observed,ME/ME0201/ME0201A/Rostningssympati170
2015M11,2015-11-01,2015-11,s,S,S,parliamentary_party,kd,KD,KD,parliamentary_party,,,suppressed,ME/ME0201/ME0201A/Rostningssympati170
2015M11,2015-11-01,2015-11,s,S,S,parliamentary_party,l,L,L,parliamentary_party,0.7,0.5,observed,ME/ME0201/ME0201A/Rostningssympati170
2015M11,2015-11-01,2015-11,s,S,S,parliamentary_party,m,M,M,parliamentary_party,2.6,1.1,observed,ME/ME0201/ME0201A/Rostningssympati170
2015M11,2015-11-01,2015-11,s,S,S,parliamentary_party,mp,MP,MP,parliamentary_party,0.7,0.5,observed,ME/ME0201/ME0201A/Rostningssympati170
2015M11,2015-11-01,2015-11,s,S,S,parliamentary_party,s,S,S,parliamentary_party,77.3,2.6,observed,ME/ME0201/ME0201A/Rostningssympati170
2015M11,2015-11-01,2015-11,s,S,S,parliamentary_party,v,V,V,parliamentary_party,1.3,0.6,observed,ME/ME0201/ME0201A/Rostningssympati170
2015M11,2015-11-01,2015-11,s,S,S,parliamentary_party,vet ej,vet ej/uppgift saknas,DONT_KNOW,dont_know,11.5,2.0,observed,ME/ME0201/ME0201A/Rostningssympati170
2015M11,2015-11-01,2015-11,s,S,S,parliamentary_party,övr,övriga,OTHER,other_party,0.4,0.4,observed,ME/ME0201/ME0201A/Rostningssympati170
2015M11,2015-11-01,2015-11,v,V,V,parliamentary_party,SD,SD,SD,parliamentary_party,,,suppressed,ME/ME0201/ME0201A/Rostningssympati170
2015M11,2015-11-01,2015-11,v,V,V,parliamentary_party,blankt,blankt,BLANK_VOTE,blank_vote,,,suppressed,ME/ME0201/ME0201A/Rostningssympati170
2015M11,2015-11-01,2015-11,v,V,V,parliamentary_party,c,C,C,parliamentary_party,,,suppressed,ME/ME0201/ME0201A/Rostningssympati170
2015M11,2015-11-01,2015-11,v,V,V,parliamentary_party,kd,KD,KD,parliamentary_party,0.0,0.0,observed,ME/ME0201/ME0201A/Rostningssympati170
2015M11,2015-11-01,2015-11,v,V,V,parliamentary_party,l,L,L,parliamentary_party,0.0,0.0,observed,ME/ME0201/ME0201A/Rostningssympati170
2015M11,2015-11-01,2015-11,v,V,V,parliamentary_party,m,M,M,parliamentary_party,,,suppressed,ME/ME0201/ME0201A/Rostningssympati170
2015M11,2015-11-01,2015-11,v,V,V,parliamentary_party,mp,MP,MP,parliamentary_party,,,suppressed,ME/ME0201/ME0201A/Rostningssympati170
2015M11,2015-11-01,2015-11,v,V,V,parliamentary_party,s,S,S,parliamentary_party,7.5,3.7,observed,ME/ME0201/ME0201A/Rostningssympati170
2015M11,2015-11-01,2015-11,v,V,V,parliamentary_party,v,V,V,parliamentary_party,80.9,5.6,observed,ME/ME0201/ME0201A/Rostningssympati170
2015M11,2015-11-01,2015-11,v,V,V,parliamentary_party,vet ej,vet ej/uppgift saknas,DONT_KNOW,dont_know,4.5,2.7,observed,ME/ME0201/ME0201A/Rostningssympati170
2015M11,2015-11-01,2015-11,v,V,V,parliamentary_party,övr,övriga,OTHER,other_party,,,suppressed,ME/ME0201/ME0201A/Rostningssympati170
2015M11,2015-11-01,2015-11,övr,övriga,OTHER,other_party,SD,SD,SD,parliamentary_party,0.0,0.0,observed,ME/ME0201/ME0201A/Rostningssympati170
2015M11,2015-11-01,2015-11,övr,övriga,OTHER,other_party,blankt,blankt,BLANK_VOTE,blank_vote,,,suppressed,ME/ME0201/ME0201A/Rostningssympati170
2015M11,2015-11-01,2015-11,övr,övriga,OTHER,other_party,c,C,C,parliamentary_party,,,suppressed,ME/ME0201/ME0201A/Rostningssympati170
2015M11,2015-11-01,2015-11,övr,övriga,OTHER,other_party,kd,KD,KD,parliamentary_party,0.0,0.0,observed,ME/ME0201/ME0201A/Rostningssympati170
2015M11,2015-11-01,2015-11,övr,övriga,OTHER,other_party,l,L,L,parliamentary_party,0.0,0.0,observed,ME/ME0201/ME0201A/Rostningssympati170
2015M11,2015-11-01,2015-11,övr,övriga,OTHER,other_party,m,M,M,parliamentary_party,,,suppressed,ME/ME0201/ME0201A/Rostningssympati170
2015M11,2015-11-01,2015-11,övr,övriga,OTHER,other_party,mp,MP,MP,parliamentary_party,,,suppressed,ME/ME0201/ME0201A/Rostningssympati170
2015M11,2015-11-01,2015-11,övr,övriga,OTHER,other_party,s,S,S,parliamentary_party,5.3,4.7,observed,ME/ME0201/ME0201A/Rostningssympati170
2015M11,2015-11-01,2015-11,övr,övriga,OTHER,other_party,v,V,V,parliamentary_party,,,suppressed,ME/ME0201/ME0201A/Rostningssympati170
2015M11,2015-11-01,2015-11,övr,övriga,OTHER,other_party,vet ej,vet ej/uppgift saknas,DONT_KNOW,dont_know,6.7,5.8,observed,ME/ME0201/ME0201A/Rostningssympati170
2015M11,2015-11-01,2015-11,övr,övriga,OTHER,other_party,övr,övriga,OTHER,other_party,74.5,10.7,observed,ME/ME0201/ME0201A/Rostningssympati170
2016M05,2016-05-01,2016-05,SD,SD,SD,parliamentary_party,SD,SD,SD,parliamentary_party,92.1,2.5,observed,ME/ME0201/ME0201A/Rostningssympati170
2016M05,2016-05-01,2016-05,SD,SD,SD,parliamentary_party,blankt,blankt,BLANK_VOTE,blank_vote,1.7,1.3,observed,ME/ME0201/ME0201A/Rostningssympati170
2016M05,2016-05-01,2016-05,SD,SD,SD,parliamentary_party,c,C,C,parliamentary_party,0.0,0.0,observed,ME/ME0201/ME0201A/Rostningssympati170
2016M05,2016-05-01,2016-05,SD,SD,SD,parliamentary_party,kd,KD,KD,parliamentary_party,0.0,0.0,observed,ME/ME0201/ME0201A/Rostningssympati170
2016M05,2016-05-01,2016-05,SD,SD,SD,parliamentary_party,l,L,L,parliamentary_party,,,suppressed,ME/ME0201/ME0201A/Rostningssympati170
2016M05,2016-05-01,2016-05,SD,SD,SD,parliamentary_party,m,M,M,parliamentary_party,2.1,1.3,observed,ME/ME0201/ME0201A/Rostningssympati170
2016M05,2016-05-01,2016-05,SD,SD,SD,parliamentary_party,mp,MP,MP,parliamentary_party,,,suppressed,ME/ME0201/ME0201A/Rostningssympati170
2016M05,2016-05-01,2016-05,SD,SD,SD,parliamentary_party,s,S,S,parliamentary_party,,,suppressed,ME/ME0201/ME0201A/Rostningssympati170
2016M05,2016-05-01,2016-05,SD,SD,SD,parliamentary_party,v,V,V,parliamentary_party,0.0,0.0,observed,ME/ME0201/ME0201A/Rostningssympati170
2016M05,2016-05-01,2016-05,SD,SD,SD,parliamentary_party,vet ej,vet ej/uppgift saknas,DONT_KNOW,dont_know,2.3,1.5,observed,ME/ME0201/ME0201A/Rostningssympati170
2016M05,2016-05-01,2016-05,SD,SD,SD,parliamentary_party,övr,övriga,OTHER,other_party,,,suppressed,ME/ME0201/ME0201A/Rostningssympati170
2016M05,2016-05-01,2016-05,c,C,C,parliamentary_party,SD,SD,SD,parliamentary_party,,,suppressed,ME/ME0201/ME0201A/Rostningssympati170
2016M05,2016-05-01,2016-05,c,C,C,parliamentary_party,blankt,blankt,BLANK_VOTE,blank_vote,3.1,3.0,observed,ME/ME0201/ME0201A/Rostningssympati170
2016M05,2016-05-01,2016-05,c,C,C,parliamentary_party,c,C,C,parliamentary_party,83.3,5.1,observed,ME/ME0201/ME0201A/Rostningssympati170
2016M05,2016-05-01,2016-05,c,C,C,parliamentary_party,kd,KD,KD,parliamentary_party,0.0,0.0,observed,ME/ME0201/ME0201A/Rostningssympati170
2016M05,2016-05-01,2016-05,c,C,C,parliamentary_party,l,L,L,parliamentary_party,,,suppressed,ME/ME0201/ME0201A/Rostningssympati170
2016M05,2016-05-01,2016-05,c,C,C,parliamentary_party,m,M,M,parliamentary_party,2.7,1.9,observed,ME/ME0201/ME0201A/Rostningssympati170
2016M05,2016-05-01,2016-05,c,C,C,parliamentary_party,mp,MP,MP,parliamentary_party,0.0,0.0,observed,ME/ME0201/ME0201A/Rostningssympati170
2016M05,2016-05-01,2016-05,c,C,C,parliamentary_party,s,S,S,parliamentary_party,,,suppressed,ME/ME0201/ME0201A/Rostningssympati170
2016M05,2016-05-01,2016-05,c,C,C,parliamentary_party,v,V,V,parliamentary_party,,,suppressed,ME/ME0201/ME0201A/Rostningssympati170
2016M05,2016-05-01,2016-05,c,C,C,parliamentary_party,vet ej,vet ej/uppgift saknas,DONT_KNOW,dont_know,8.7,3.7,observed,ME/ME0201/ME0201A/Rostningssympati170
2016M05,2016-05-01,2016-05,c,C,C,parliamentary_party,övr,övriga,OTHER,other_party,0.0,0.0,observed,ME/ME0201/ME0201A/Rostningssympati170
2016M05,2016-05-01,2016-05,hela väljarkåren,hela väljarkåren,TOTAL_ELECTORATE,total_electorate,SD,SD,SD,parliamentary_party,14.7,0.9,observed,ME/ME0201/ME0201A/Rostningssympati170
2016M05,2016-05-01,2016-05,hela väljarkåren,hela väljarkåren,TOTAL_ELECTORATE,total_electorate,blankt,blankt,BLANK_VOTE,blank_vote,6.9,0.9,observed,ME/ME0201/ME0201A/Rostningssympati170
2016M05,2016-05-01,2016-05,hela väljarkåren,hela väljarkåren,TOTAL_ELECTORATE,total_electorate,c,C,C,parliamentary_party,4.9,0.5,observed,ME/ME0201/ME0201A/Rostningssympati170
2016M05,2016-05-01,2016-05,hela väljarkåren,hela väljarkåren,TOTAL_ELECTORATE,total_electorate,kd,KD,KD,parliamentary_party,2.5,0.4,observed,ME/ME0201/ME0201A/Rostningssympati170
2016M05,2016-05-01,2016-05,hela väljarkåren,hela väljarkåren,TOTAL_ELECTORATE,total_electorate,l,L,L,parliamentary_party,4.2,0.5,observed,ME/ME0201/ME0201A/Rostningssympati170
2016M05,2016-05-01,2016-05,hela väljarkåren,hela väljarkåren,TOTAL_ELECTORATE,total_electorate,m,M,M,parliamentary_party,19.5,0.9,observed,ME/ME0201/ME0201A/Rostningssympati170
2016M05,2016-05-01,2016-05,hela väljarkåren,hela väljarkåren,TOTAL_ELECTORATE,total_electorate,mp,MP,MP,parliamentary_party,3.1,0.5,observed,ME/ME0201/ME0201A/Rostningssympati170
2016M05,2016-05-01,2016-05,hela väljarkåren,hela väljarkåren,TOTAL_ELECTORATE,total_electorate,s,S,S,parliamentary_party,21.1,1.0,observed,ME/ME0201/ME0201A/Rostningssympati170
2016M05,2016-05-01,2016-05,hela väljarkåren,hela väljarkåren,TOTAL_ELECTORATE,total_electorate,v,V,V,parliamentary_party,5.1,0.5,observed,ME/ME0201/ME0201A/Rostningssympati170
2016M05,2016-05-01,2016-05,hela väljarkåren,hela väljarkåren,TOTAL_ELECTORATE,total_electorate,vet ej,vet ej/uppgift saknas,DONT_KNOW,dont_know,16.3,1.2,observed,ME/ME0201/ME0201A/Rostningssympati170
2016M05,2016-05-01,2016-05,hela väljarkåren,hela väljarkåren,TOTAL_ELECTORATE,total_electorate,övr,övriga,OTHER,other_party,1.7,0.3,observed,ME/ME0201/ME0201A/Rostningssympati170
2016M05,2016-05-01,2016-05,ingen sympati/vet ej,ingen sympati/vet ej,NO_SYMPATHY_OR_DONT_KNOW,no_sympathy,SD,SD,SD,parliamentary_party,5.6,2.0,observed,ME/ME0201/ME0201A/Rostningssympati170
2016M05,2016-05-01,2016-05,ingen sympati/vet ej,ingen sympati/vet ej,NO_SYMPATHY_OR_DONT_KNOW,no_sympathy,blankt,blankt,BLANK_VOTE,blank_vote,22.5,3.8,observed,ME/ME0201/ME0201A/Rostningssympati170
2016M05,2016-05-01,2016-05,ingen sympati/vet ej,ingen sympati/vet ej,NO_SYMPATHY_OR_DONT_KNOW,no_sympathy,c,C,C,parliamentary_party,1.0,0.8,observed,ME/ME0201/ME0201A/Rostningssympati170
2016M05,2016-05-01,2016-05,ingen sympati/vet ej,ingen sympati/vet ej,NO_SYMPATHY_OR_DONT_KNOW,no_sympathy,kd,KD,KD,parliamentary_party,,,suppressed,ME/ME0201/ME0201A/Rostningssympati170
2016M05,2016-05-01,2016-05,ingen sympati/vet ej,ingen sympati/vet ej,NO_SYMPATHY_OR_DONT_KNOW,no_sympathy,l,L,L,parliamentary_party,0.5,0.4,observed,ME/ME0201/ME0201A/Rostningssympati170
2016M05,2016-05-01,2016-05,ingen sympati/vet ej,ingen sympati/vet ej,NO_SYMPATHY_OR_DONT_KNOW,no_sympathy,m,M,M,parliamentary_party,5.8,1.8,observed,ME/ME0201/ME0201A/Rostningssympati170
2016M05,2016-05-01,2016-05,ingen sympati/vet ej,ingen sympati/vet ej,NO_SYMPATHY_OR_DONT_KNOW,no_sympathy,mp,MP,MP,parliamentary_party,0.8,0.6,observed,ME/ME0201/ME0201A/Rostningssympati170
2016M05,2016-05-01,2016-05,ingen sympati/vet ej,ingen sympati/vet ej,NO_SYMPATHY_OR_DONT_KNOW,no_sympathy,s,S,S,parliamentary_party,6.1,2.0,observed,ME/ME0201/ME0201A/Rostningssympati170
2016M05,2016-05-01,2016-05,ingen sympati/vet ej,ingen sympati/vet ej,NO_SYMPATHY_OR_DONT_KNOW,no_sympathy,v,V,V,parliamentary_party,1.2,0.9,observed,ME/ME0201/ME0201A/Rostningssympati170
2016M05,2016-05-01,2016-05,ingen sympati/vet ej,ingen sympati/vet ej,NO_SYMPATHY_OR_DONT_KNOW,no_sympathy,vet ej,vet ej/uppgift saknas,DONT_KNOW,dont_know,55.3,4.4,observed,ME/ME0201/ME0201A/Rostningssympati170
2016M05,2016-05-01,2016-05,ingen sympati/vet ej,ingen sympati/vet ej,NO_SYMPATHY_OR_DONT_KNOW,no_sympathy,övr,övriga,OTHER,other_party,0.8,0.6,observed,ME/ME0201/ME0201A/Rostningssympati170
2016M05,2016-05-01,2016-05,kd,KD,KD,parliamentary_party,SD,SD,SD,parliamentary_party,,,suppressed,ME/ME0201/ME0201A/Rostningssympati170
2016M05,2016-05-01,2016-05,kd,KD,KD,parliamentary_party,blankt,blankt,BLANK_VOTE,blank_vote,,,suppressed,ME/ME0201/ME0201A/Rostningssympati170
2016M05,2016-05-01,2016-05,kd,KD,KD,parliamentary_party,c,C,C,parliamentary_party,,,suppressed,ME/ME0201/ME0201A/Rostningssympati170
2016M05,2016-05-01,2016-05,kd,KD,KD,parliamentary_party,kd,KD,KD,parliamentary_party,80.0,7.3,observed,ME/ME0201/ME0201A/Rostningssympati170
2016M05,2016-05-01,2016-05,kd,KD,KD,parliamentary_party,l,L,L,parliamentary_party,0.0,0.0,observed,ME/ME0201/ME0201A/Rostningssympati170
2016M05,2016-05-01,2016-05,kd,KD,KD,parliamentary_party,m,M,M,parliamentary_party,4.9,3.7,observed,ME/ME0201/ME0201A/Rostningssympati170
2016M05,2016-05-01,2016-05,kd,KD,KD,parliamentary_party,mp,MP,MP,parliamentary_party,0.0,0.0,observed,ME/ME0201/ME0201A/Rostningssympati170
2016M05,2016-05-01,2016-05,kd,KD,KD,parliamentary_party,s,S,S,parliamentary_party,0.0,0.0,observed,ME/ME0201/ME0201A/Rostningssympati170
2016M05,2016-05-01,2016-05,kd,KD,KD,parliamentary_party,v,V,V,parliamentary_party,0.0,0.0,observed,ME/ME0201/ME0201A/Rostningssympati170
2016M05,2016-05-01,2016-05,kd,KD,KD,parliamentary_party,vet ej,vet ej/uppgift saknas,DONT_KNOW,dont_know,8.0,4.7,observed,ME/ME0201/ME0201A/Rostningssympati170
2016M05,2016-05-01,2016-05,kd,KD,KD,parliamentary_party,övr,övriga,OTHER,other_party,0.0,0.0,observed,ME/ME0201/ME0201A/Rostningssympati170
2016M05,2016-05-01,2016-05,l,L,L,parliamentary_party,SD,SD,SD,parliamentary_party,2.3,1.8,observed,ME/ME0201/ME0201A/Rostningssympati170
2016M05,2016-05-01,2016-05,l,L,L,parliamentary_party,blankt,blankt,BLANK_VOTE,blank_vote,3.0,2.0,observed,ME/ME0201/ME0201A/Rostningssympati170
2016M05,2016-05-01,2016-05,l,L,L,parliamentary_party,c,C,C,parliamentary_party,2.1,1.8,observed,ME/ME0201/ME0201A/Rostningssympati170
2016M05,2016-05-01,2016-05,l,L,L,parliamentary_party,kd,KD,KD,parliamentary_party,,,suppressed,ME/ME0201/ME0201A/Rostningssympati170
2016M05,2016-05-01,2016-05,l,L,L,parliamentary_party,l,L,L,parliamentary_party,75.6,5.4,observed,ME/ME0201/ME0201A/Rostningssympati170
2016M05,2016-05-01,2016-05,l,L,L,parliamentary_party,m,M,M,parliamentary_party,7.6,3.3,observed,ME/ME0201/ME0201A/Rostningssympati170
2016M05,2016-05-01,2016-05,l,L,L,parliamentary_party,mp,MP,MP,parliamentary_party,,,suppressed,ME/ME0201/ME0201A/Rostningssympati170
2016M05,2016-05-01,2016-05,l,L,L,parliamentary_party,s,S,S,parliamentary_party,,,suppressed,ME/ME0201/ME0201A/Rostningssympati170
2016M05,2016-05-01,2016-05,l,L,L,parliamentary_party,v,V,V,parliamentary_party,0.0,0.0,observed,ME/ME0201/ME0201A/Rostningssympati170
2016M05,2016-05-01,2016-05,l,L,L,parliamentary_party,vet ej,vet ej/uppgift saknas,DONT_KNOW,dont_know,7.0,3.5,observed,ME/ME0201/ME0201A/Rostningssympati170
2016M05,2016-05-01,2016-05,l,L,L,parliamentary_party,övr,övriga,OTHER,other_party,,,suppressed,ME/ME0201/ME0201A/Rostningssympati170
2016M05,2016-05-01,2016-05,m,M,M,parliamentary_party,SD,SD,SD,parliamentary_party,3.3,1.2,observed,ME/ME0201/ME0201A/Rostningssympati170
2016M05,2016-05-01,2016-05,m,M,M,parliamentary_party,blankt,blankt,BLANK_VOTE,blank_vote,3.2,1.3,observed,ME/ME0201/ME0201A/Rostningssympati170
2016M05,2016-05-01,2016-05,m,M,M,parliamentary_party,c,C,C,parliamentary_party,1.1,0.6,observed,ME/ME0201/ME0201A/Rostningssympati170
2016M05,2016-05-01,2016-05,m,M,M,parliamentary_party,kd,KD,KD,parliamentary_party,0.8,0.6,observed,ME/ME0201/ME0201A/Rostningssympati170
2016M05,2016-05-01,2016-05,m,M,M,parliamentary_party,l,L,L,parliamentary_party,0.8,0.5,observed,ME/ME0201/ME0201A/Rostningssympati170
2016M05,2016-05-01,2016-05,m,M,M,parliamentary_party,m,M,M,parliamentary_party,82.5,2.5,observed,ME/ME0201/ME0201A/Rostningssympati170
2016M05,2016-05-01,2016-05,m,M,M,parliamentary_party,mp,MP,MP,parliamentary_party,,,suppressed,ME/ME0201/ME0201A/Rostningssympati170
2016M05,2016-05-01,2016-05,m,M,M,parliamentary_party,s,S,S,parliamentary_party,0.9,0.6,observed,ME/ME0201/ME0201A/Rostningssympati170
2016M05,2016-05-01,2016-05,m,M,M,parliamentary_party,v,V,V,parliamentary_party,,,suppressed,ME/ME0201/ME0201A/Rostningssympati170
2016M05,2016-05-01,2016-05,m,M,M,parliamentary_party,vet ej,vet ej/uppgift saknas,DONT_KNOW,dont_know,7.0,1.7,observed,ME/ME0201/ME0201A/Rostningssympati170
2016M05,2016-05-01,2016-05,m,M,M,parliamentary_party,övr,övriga,OTHER,other_party,,,suppressed,ME/ME0201/ME0201A/Rostningssympati170
2016M05,2016-05-01,2016-05,mp,MP,MP,parliamentary_party,SD,SD,SD,parliamentary_party,0.0,0.0,observed,ME/ME0201/ME0201A/Rostningssympati170
2016M05,2016-05-01,2016-05,mp,MP,MP,parliamentary_party,blankt,blankt,BLANK_VOTE,blank_vote,4.4,2.7,observed,ME/ME0201/ME0201A/Rostningssympati170
2016M05,2016-05-01,2016-05,mp,MP,MP,parliamentary_party,c,C,C,parliamentary_party,1.5,1.5,observed,ME/ME0201/ME0201A/Rostningssympati170
2016M05,2016-05-01,2016-05,mp,MP,MP,parliamentary_party,kd,KD,KD,parliamentary_party,,,suppressed,ME/ME0201/ME0201A/Rostningssympati170
2016M05,2016-05-01,2016-05,mp,MP,MP,parliamentary_party,l,L,L,parliamentary_party,1.6,1.6,observed,ME/ME0201/ME0201A/Rostningssympati170
2016M05,2016-05-01,2016-05,mp,MP,MP,parliamentary_party,m,M,M,parliamentary_party,,,suppressed,ME/ME0201/ME0201A/Rostningssympati170
2016M05,2016-05-01,2016-05,mp,MP,MP,parliamentary_party,mp,MP,MP,parliamentary_party,66.6,7.0,observed,ME/ME0201/ME0201A/Rostningssympati170
2016M05,2016-05-01,2016-05,mp,MP,MP,parliamentary_party,s,S,S,parliamentary_party,3.9,2.5,observed,ME/ME0201/ME0201A/Rostningssympati170
2016M05,2016-05-01,2016-05,mp,MP,MP,parliamentary_party,v,V,V,parliamentary_party,2.1,1.9,observed,ME/ME0201/ME0201A/Rostningssympati170
2016M05,2016-05-01,2016-05,mp,MP,MP,parliamentary_party,vet ej,vet ej/uppgift saknas,DONT_KNOW,dont_know,16.4,5.6,observed,ME/ME0201/ME0201A/Rostningssympati170
2016M05,2016-05-01,2016-05,mp,MP,MP,parliamentary_party,övr,övriga,OTHER,other_party,,,suppressed,ME/ME0201/ME0201A/Rostningssympati170
2016M05,2016-05-01,2016-05,s,S,S,parliamentary_party,SD,SD,SD,parliamentary_party,1.3,0.7,observed,ME/ME0201/ME0201A/Rostningssympati170
2016M05,2016-05-01,2016-05,s,S,S,parliamentary_party,blankt,blankt,BLANK_VOTE,blank_vote,4.6,1.4,observed,ME/ME0201/ME0201A/Rostningssympati170
2016M05,2016-05-01,2016-05,s,S,S,parliamentary_party,c,C,C,parliamentary_party,0.6,0.5,observed,ME/ME0201/ME0201A/Rostningssympati170
2016M05,2016-05-01,2016-05,s,S,S,parliamentary_party,kd,KD,KD,parliamentary_party,,,suppressed,ME/ME0201/ME0201A/Rostningssympati170
2016M05,2016-05-01,2016-05,s,S,S,parliamentary_party,l,L,L,parliamentary_party,0.7,0.4,observed,ME/ME0201/ME0201A/Rostningssympati170
2016M05,2016-05-01,2016-05,s,S,S,parliamentary_party,m,M,M,parliamentary_party,2.5,1.0,observed,ME/ME0201/ME0201A/Rostningssympati170
2016M05,2016-05-01,2016-05,s,S,S,parliamentary_party,mp,MP,MP,parliamentary_party,0.7,0.5,observed,ME/ME0201/ME0201A/Rostningssympati170
2016M05,2016-05-01,2016-05,s,S,S,parliamentary_party,s,S,S,parliamentary_party,77.1,2.6,observed,ME/ME0201/ME0201A/Rostningssympati170
2016M05,2016-05-01,2016-05,s,S,S,parliamentary_party,v,V,V,parliamentary_party,1.7,0.7,observed,ME/ME0201/ME0201A/Rostningssympati170
2016M05,2016-05-01,2016-05,s,S,S,parliamentary_party,vet ej,vet ej/uppgift saknas,DONT_KNOW,dont_know,9.9,1.9,observed,ME/ME0201/ME0201A/Rostningssympati170
2016M05,2016-05-01,2016-05,s,S,S,parliamentary_party,övr,övriga,OTHER,other_party,0.7,0.5,observed,ME/ME0201/ME0201A/Rostningssympati170
2016M05,2016-05-01,2016-05,v,V,V,parliamentary_party,SD,SD,SD,parliamentary_party,,,suppressed,ME/ME0201/ME0201A/Rostningssympati170
2016M05,2016-05-01,2016-05,v,V,V,parliamentary_party,blankt,blankt,BLANK_VOTE,blank_vote,2.7,1.9,observed,ME/ME0201/ME0201A/Rostningssympati170
2016M05,2016-05-01,2016-05,v,V,V,parliamentary_party,c,C,C,parliamentary_party,,,suppressed,ME/ME0201/ME0201A/Rostningssympati170
2016M05,2016-05-01,2016-05,v,V,V,parliamentary_party,kd,KD,KD,parliamentary_party,0.0,0.0,observed,ME/ME0201/ME0201A/Rostningssympati170
2016M05,2016-05-01,2016-05,v,V,V,parliamentary_party,l,L,L,parliamentary_party,0.0,0.0,observed,ME/ME0201/ME0201A/Rostningssympati170
2016M05,2016-05-01,2016-05,v,V,V,parliamentary_party,m,M,M,parliamentary_party,,,suppressed,ME/ME0201/ME0201A/Rostningssympati170
2016M05,2016-05-01,2016-05,v,V,V,parliamentary_party,mp,MP,MP,parliamentary_party,0.0,0.0,observed,ME/ME0201/ME0201A/Rostningssympati170
2016M05,2016-05-01,2016-05,v,V,V,parliamentary_party,s,S,S,parliamentary_party,2.5,1.8,observed,ME/ME0201/ME0201A/Rostningssympati170
2016M05,2016-05-01,2016-05,v,V,V,parliamentary_party,v,V,V,parliamentary_party,83.8,4.7,observed,ME/ME0201/ME0201A/Rostningssympati170
2016M05,2016-05-01,2016-05,v,V,V,parliamentary_party,vet ej,vet ej/uppgift saknas,DONT_KNOW,dont_know,8.1,3.8,observed,ME/ME0201/ME0201A/Rostningssympati170
2016M05,2016-05-01,2016-05,v,V,V,parliamentary_party,övr,övriga,OTHER,other_party,,,suppressed,ME/ME0201/ME0201A/Rostningssympati170
2016M05,2016-05-01,2016-05,övr,övriga,OTHER,other_party,SD,SD,SD,parliamentary_party,,,suppressed,ME/ME0201/ME0201A/Rostningssympati170
2016M05,2016-05-01,2016-05,övr,övriga,OTHER,other_party,blankt,blankt,BLANK_VOTE,blank_vote,8.2,7.1,observed,ME/ME0201/ME0201A/Rostningssympati170
2016M05,2016-05-01,2016-05,övr,övriga,OTHER,other_party,c,C,C,parliamentary_party,,,suppressed,ME/ME0201/ME0201A/Rostningssympati170
2016M05,2016-05-01,2016-05,övr,övriga,OTHER,other_party,kd,KD,KD,parliamentary_party,0.0,0.0,observed,ME/ME0201/ME0201A/Rostningssympati170
2016M05,2016-05-01,2016-05,övr,övriga,OTHER,other_party,l,L,L,parliamentary_party,0.0,0.0,observed,ME/ME0201/ME0201A/Rostningssympati170
2016M05,2016-05-01,2016-05,övr,övriga,OTHER,other_party,m,M,M,parliamentary_party,,,suppressed,ME/ME0201/ME0201A/Rostningssympati170
2016M05,2016-05-01,2016-05,övr,övriga,OTHER,other_party,mp,MP,MP,parliamentary_party,4.8,4.7,observed,ME/ME0201/ME0201A/Rostningssympati170
2016M05,2016-05-01,2016-05,övr,övriga,OTHER,other_party,s,S,S,parliamentary_party,7.2,5.8,observed,ME/ME0201/ME0201A/Rostningssympati170
2016M05,2016-05-01,2016-05,övr,övriga,OTHER,other_party,v,V,V,parliamentary_party,5.0,4.4,observed,ME/ME0201/ME0201A/Rostningssympati170
2016M05,2016-05-01,2016-05,övr,övriga,OTHER,other_party,vet ej,vet ej/uppgift saknas,DONT_KNOW,dont_know,8.2,7.8,observed,ME/ME0201/ME0201A/Rostningssympati170
2016M05,2016-05-01,2016-05,övr,övriga,OTHER,other_party,övr,övriga,OTHER,other_party,63.9,11.1,observed,ME/ME0201/ME0201A/Rostningssympati170
2016M11,2016-11-01,2016-11,SD,SD,SD,parliamentary_party,SD,SD,SD,parliamentary_party,90.5,2.9,observed,ME/ME0201/ME0201A/Rostningssympati170
2016M11,2016-11-01,2016-11,SD,SD,SD,parliamentary_party,blankt,blankt,BLANK_VOTE,blank_vote,4.1,2.1,observed,ME/ME0201/ME0201A/Rostningssympati170
2016M11,2016-11-01,2016-11,SD,SD,SD,parliamentary_party,c,C,C,parliamentary_party,0.0,0.0,observed,ME/ME0201/ME0201A/Rostningssympati170
2016M11,2016-11-01,2016-11,SD,SD,SD,parliamentary_party,kd,KD,KD,parliamentary_party,,,suppressed,ME/ME0201/ME0201A/Rostningssympati170
2016M11,2016-11-01,2016-11,SD,SD,SD,parliamentary_party,l,L,L,parliamentary_party,0.0,0.0,observed,ME/ME0201/ME0201A/Rostningssympati170
2016M11,2016-11-01,2016-11,SD,SD,SD,parliamentary_party,m,M,M,parliamentary_party,1.2,0.9,observed,ME/ME0201/ME0201A/Rostningssympati170
2016M11,2016-11-01,2016-11,SD,SD,SD,parliamentary_party,mp,MP,MP,parliamentary_party,0.0,0.0,observed,ME/ME0201/ME0201A/Rostningssympati170
2016M11,2016-11-01,2016-11,SD,SD,SD,parliamentary_party,s,S,S,parliamentary_party,,,suppressed,ME/ME0201/ME0201A/Rostningssympati170
2016M11,2016-11-01,2016-11,SD,SD,SD,parliamentary_party,v,V,V,parliamentary_party,0.0,0.0,observed,ME/ME0201/ME0201A/Rostningssympati170
2016M11,2016-11-01,2016-11,SD,SD,SD,parliamentary_party,vet ej,vet ej/uppgift saknas,DONT_KNOW,dont_know,3.7,1.8,observed,ME/ME0201/ME0201A/Rostningssympati170
2016M11,2016-11-01,2016-11,SD,SD,SD,parliamentary_party,övr,övriga,OTHER,other_party,0.0,0.0,observed,ME/ME0201/ME0201A/Rostningssympati170
2016M11,2016-11-01,2016-11,c,C,C,parliamentary_party,SD,SD,SD,parliamentary_party,1.9,1.5,observed,ME/ME0201/ME0201A/Rostningssympati170
2016M11,2016-11-01,2016-11,c,C,C,parliamentary_party,blankt,blankt,BLANK_VOTE,blank_vote,2.7,2.2,observed,ME/ME0201/ME0201A/Rostningssympati170
2016M11,2016-11-01,2016-11,c,C,C,parliamentary_party,c,C,C,parliamentary_party,79.6,4.8,observed,ME/ME0201/ME0201A/Rostningssympati170
2016M11,2016-11-01,2016-11,c,C,C,parliamentary_party,kd,KD,KD,parliamentary_party,,,suppressed,ME/ME0201/ME0201A/Rostningssympati170
2016M11,2016-11-01,2016-11,c,C,C,parliamentary_party,l,L,L,parliamentary_party,0.0,0.0,observed,ME/ME0201/ME0201A/Rostningssympati170
2016M11,2016-11-01,2016-11,c,C,C,parliamentary_party,m,M,M,parliamentary_party,2.5,1.6,observed,ME/ME0201/ME0201A/Rostningssympati170
2016M11,2016-11-01,2016-11,c,C,C,parliamentary_party,mp,MP,MP,parliamentary_party,,,suppressed,ME/ME0201/ME0201A/Rostningssympati170
2016M11,2016-11-01,2016-11,c,C,C,parliamentary_party,s,S,S,parliamentary_party,,,suppressed,ME/ME0201/ME0201A/Rostningssympati170
2016M11,2016-11-01,2016-11,c,C,C,parliamentary_party,v,V,V,parliamentary_party,,,suppressed,ME/ME0201/ME0201A/Rostningssympati170
2016M11,2016-11-01,2016-11,c,C,C,parliamentary_party,vet ej,vet ej/uppgift saknas,DONT_KNOW,dont_know,11.7,4.0,observed,ME/ME0201/ME0201A/Rostningssympati170
2016M11,2016-11-01,2016-11,c,C,C,parliamentary_party,övr,övriga,OTHER,other_party,,,suppressed,ME/ME0201/ME0201A/Rostningssympati170
2016M11,2016-11-01,2016-11,hela väljarkåren,hela väljarkåren,TOTAL_ELECTORATE,total_electorate,SD,SD,SD,parliamentary_party,14.6,0.8,observed,ME/ME0201/ME0201A/Rostningssympati170
2016M11,2016-11-01,2016-11,hela väljarkåren,hela väljarkåren,TOTAL_ELECTORATE,total_electorate,blankt,blankt,BLANK_VOTE,blank_vote,6.9,0.9,observed,ME/ME0201/ME0201A/Rostningssympati170
2016M11,2016-11-01,2016-11,hela väljarkåren,hela väljarkåren,TOTAL_ELECTORATE,total_electorate,c,C,C,parliamentary_party,5.5,0.5,observed,ME/ME0201/ME0201A/Rostningssympati170
2016M11,2016-11-01,2016-11,hela väljarkåren,hela väljarkåren,TOTAL_ELECTORATE,total_electorate,kd,KD,KD,parliamentary_party,2.2,0.4,observed,ME/ME0201/ME0201A/Rostningssympati170
2016M11,2016-11-01,2016-11,hela väljarkåren,hela väljarkåren,TOTAL_ELECTORATE,total_electorate,l,L,L,parliamentary_party,3.3,0.5,observed,ME/ME0201/ME0201A/Rostningssympati170
2016M11,2016-11-01,2016-11,hela väljarkåren,hela väljarkåren,TOTAL_ELECTORATE,total_electorate,m,M,M,parliamentary_party,18.0,0.9,observed,ME/ME0201/ME0201A/Rostningssympati170
2016M11,2016-11-01,2016-11,hela väljarkåren,hela väljarkåren,TOTAL_ELECTORATE,total_electorate,mp,MP,MP,parliamentary_party,3.0,0.5,observed,ME/ME0201/ME0201A/Rostningssympati170
2016M11,2016-11-01,2016-11,hela väljarkåren,hela väljarkåren,TOTAL_ELECTORATE,total_electorate,s,S,S,parliamentary_party,20.4,1.0,observed,ME/ME0201/ME0201A/Rostningssympati170
2016M11,2016-11-01,2016-11,hela väljarkåren,hela väljarkåren,TOTAL_ELECTORATE,total_electorate,v,V,V,parliamentary_party,5.6,0.5,observed,ME/ME0201/ME0201A/Rostningssympati170
2016M11,2016-11-01,2016-11,hela väljarkåren,hela väljarkåren,TOTAL_ELECTORATE,total_electorate,vet ej,vet ej/uppgift saknas,DONT_KNOW,dont_know,18.5,1.2,observed,ME/ME0201/ME0201A/Rostningssympati170
2016M11,2016-11-01,2016-11,hela väljarkåren,hela väljarkåren,TOTAL_ELECTORATE,total_electorate,övr,övriga,OTHER,other_party,2.1,0.4,observed,ME/ME0201/ME0201A/Rostningssympati170
2016M11,2016-11-01,2016-11,ingen sympati/vet ej,ingen sympati/vet ej,NO_SYMPATHY_OR_DONT_KNOW,no_sympathy,SD,SD,SD,parliamentary_party,5.4,1.9,observed,ME/ME0201/ME0201A/Rostningssympati170
2016M11,2016-11-01,2016-11,ingen sympati/vet ej,ingen sympati/vet ej,NO_SYMPATHY_OR_DONT_KNOW,no_sympathy,blankt,blankt,BLANK_VOTE,blank_vote,20.3,3.5,observed,ME/ME0201/ME0201A/Rostningssympati170
2016M11,2016-11-01,2016-11,ingen sympati/vet ej,ingen sympati/vet ej,NO_SYMPATHY_OR_DONT_KNOW,no_sympathy,c,C,C,parliamentary_party,1.3,0.9,observed,ME/ME0201/ME0201A/Rostningssympati170
2016M11,2016-11-01,2016-11,ingen sympati/vet ej,ingen sympati/vet ej,NO_SYMPATHY_OR_DONT_KNOW,no_sympathy,kd,KD,KD,parliamentary_party,0.5,0.5,observed,ME/ME0201/ME0201A/Rostningssympati170
2016M11,2016-11-01,2016-11,ingen sympati/vet ej,ingen sympati/vet ej,NO_SYMPATHY_OR_DONT_KNOW,no_sympathy,l,L,L,parliamentary_party,,,suppressed,ME/ME0201/ME0201A/Rostningssympati170
2016M11,2016-11-01,2016-11,ingen sympati/vet ej,ingen sympati/vet ej,NO_SYMPATHY_OR_DONT_KNOW,no_sympathy,m,M,M,parliamentary_party,4.6,1.6,observed,ME/ME0201/ME0201A/Rostningssympati170
2016M11,2016-11-01,2016-11,ingen sympati/vet ej,ingen sympati/vet ej,NO_SYMPATHY_OR_DONT_KNOW,no_sympathy,mp,MP,MP,parliamentary_party,1.1,0.9,observed,ME/ME0201/ME0201A/Rostningssympati170
2016M11,2016-11-01,2016-11,ingen sympati/vet ej,ingen sympati/vet ej,NO_SYMPATHY_OR_DONT_KNOW,no_sympathy,s,S,S,parliamentary_party,3.0,1.3,observed,ME/ME0201/ME0201A/Rostningssympati170
2016M11,2016-11-01,2016-11,ingen sympati/vet ej,ingen sympati/vet ej,NO_SYMPATHY_OR_DONT_KNOW,no_sympathy,v,V,V,parliamentary_party,1.1,0.7,observed,ME/ME0201/ME0201A/Rostningssympati170
2016M11,2016-11-01,2016-11,ingen sympati/vet ej,ingen sympati/vet ej,NO_SYMPATHY_OR_DONT_KNOW,no_sympathy,vet ej,vet ej/uppgift saknas,DONT_KNOW,dont_know,61.3,4.1,observed,ME/ME0201/ME0201A/Rostningssympati170
2016M11,2016-11-01,2016-11,ingen sympati/vet ej,ingen sympati/vet ej,NO_SYMPATHY_OR_DONT_KNOW,no_sympathy,övr,övriga,OTHER,other_party,0.8,0.8,observed,ME/ME0201/ME0201A/Rostningssympati170
2016M11,2016-11-01,2016-11,kd,KD,KD,parliamentary_party,SD,SD,SD,parliamentary_party,7.7,5.7,observed,ME/ME0201/ME0201A/Rostningssympati170
2016M11,2016-11-01,2016-11,kd,KD,KD,parliamentary_party,blankt,blankt,BLANK_VOTE,blank_vote,7.5,4.5,observed,ME/ME0201/ME0201A/Rostningssympati170
2016M11,2016-11-01,2016-11,kd,KD,KD,parliamentary_party,c,C,C,parliamentary_party,,,suppressed,ME/ME0201/ME0201A/Rostningssympati170
2016M11,2016-11-01,2016-11,kd,KD,KD,parliamentary_party,kd,KD,KD,parliamentary_party,66.7,8.5,observed,ME/ME0201/ME0201A/Rostningssympati170
2016M11,2016-11-01,2016-11,kd,KD,KD,parliamentary_party,l,L,L,parliamentary_party,,,suppressed,ME/ME0201/ME0201A/Rostningssympati170
2016M11,2016-11-01,2016-11,kd,KD,KD,parliamentary_party,m,M,M,parliamentary_party,4.1,3.3,observed,ME/ME0201/ME0201A/Rostningssympati170
2016M11,2016-11-01,2016-11,kd,KD,KD,parliamentary_party,mp,MP,MP,parliamentary_party,0.0,0.0,observed,ME/ME0201/ME0201A/Rostningssympati170
2016M11,2016-11-01,2016-11,kd,KD,KD,parliamentary_party,s,S,S,parliamentary_party,,,suppressed,ME/ME0201/ME0201A/Rostningssympati170
2016M11,2016-11-01,2016-11,kd,KD,KD,parliamentary_party,v,V,V,parliamentary_party,0.0,0.0,observed,ME/ME0201/ME0201A/Rostningssympati170
2016M11,2016-11-01,2016-11,kd,KD,KD,parliamentary_party,vet ej,vet ej/uppgift saknas,DONT_KNOW,dont_know,10.6,5.6,observed,ME/ME0201/ME0201A/Rostningssympati170
2016M11,2016-11-01,2016-11,kd,KD,KD,parliamentary_party,övr,övriga,OTHER,other_party,0.0,0.0,observed,ME/ME0201/ME0201A/Rostningssympati170
2016M11,2016-11-01,2016-11,l,L,L,parliamentary_party,SD,SD,SD,parliamentary_party,2.1,1.8,observed,ME/ME0201/ME0201A/Rostningssympati170
2016M11,2016-11-01,2016-11,l,L,L,parliamentary_party,blankt,blankt,BLANK_VOTE,blank_vote,3.8,3.0,observed,ME/ME0201/ME0201A/Rostningssympati170
2016M11,2016-11-01,2016-11,l,L,L,parliamentary_party,c,C,C,parliamentary_party,2.0,1.7,observed,ME/ME0201/ME0201A/Rostningssympati170
2016M11,2016-11-01,2016-11,l,L,L,parliamentary_party,kd,KD,KD,parliamentary_party,,,suppressed,ME/ME0201/ME0201A/Rostningssympati170
2016M11,2016-11-01,2016-11,l,L,L,parliamentary_party,l,L,L,parliamentary_party,68.3,6.8,observed,ME/ME0201/ME0201A/Rostningssympati170
2016M11,2016-11-01,2016-11,l,L,L,parliamentary_party,m,M,M,parliamentary_party,4.3,2.7,observed,ME/ME0201/ME0201A/Rostningssympati170
2016M11,2016-11-01,2016-11,l,L,L,parliamentary_party,mp,MP,MP,parliamentary_party,,,suppressed,ME/ME0201/ME0201A/Rostningssympati170
2016M11,2016-11-01,2016-11,l,L,L,parliamentary_party,s,S,S,parliamentary_party,3.3,2.9,observed,ME/ME0201/ME0201A/Rostningssympati170
2016M11,2016-11-01,2016-11,l,L,L,parliamentary_party,v,V,V,parliamentary_party,0.0,0.0,observed,ME/ME0201/ME0201A/Rostningssympati170
2016M11,2016-11-01,2016-11,l,L,L,parliamentary_party,vet ej,vet ej/uppgift saknas,DONT_KNOW,dont_know,14.1,5.6,observed,ME/ME0201/ME0201A/Rostningssympati170
2016M11,2016-11-01,2016-11,l,L,L,parliamentary_party,övr,övriga,OTHER,other_party,0.0,0.0,observed,ME/ME0201/ME0201A/Rostningssympati170
2016M11,2016-11-01,2016-11,m,M,M,parliamentary_party,SD,SD,SD,parliamentary_party,4.8,1.4,observed,ME/ME0201/ME0201A/Rostningssympati170
2016M11,2016-11-01,2016-11,m,M,M,parliamentary_party,blankt,blankt,BLANK_VOTE,blank_vote,2.3,1.2,observed,ME/ME0201/ME0201A/Rostningssympati170
2016M11,2016-11-01,2016-11,m,M,M,parliamentary_party,c,C,C,parliamentary_party,1.0,0.6,observed,ME/ME0201/ME0201A/Rostningssympati170
2016M11,2016-11-01,2016-11,m,M,M,parliamentary_party,kd,KD,KD,parliamentary_party,0.4,0.4,observed,ME/ME0201/ME0201A/Rostningssympati170
2016M11,2016-11-01,2016-11,m,M,M,parliamentary_party,l,L,L,parliamentary_party,1.4,0.8,observed,ME/ME0201/ME0201A/Rostningssympati170
2016M11,2016-11-01,2016-11,m,M,M,parliamentary_party,m,M,M,parliamentary_party,82.1,2.5,observed,ME/ME0201/ME0201A/Rostningssympati170
2016M11,2016-11-01,2016-11,m,M,M,parliamentary_party,mp,MP,MP,parliamentary_party,,,suppressed,ME/ME0201/ME0201A/Rostningssympati170
2016M11,2016-11-01,2016-11,m,M,M,parliamentary_party,s,S,S,parliamentary_party,,,suppressed,ME/ME0201/ME0201A/Rostningssympati170
2016M11,2016-11-01,2016-11,m,M,M,parliamentary_party,v,V,V,parliamentary_party,0.0,0.0,observed,ME/ME0201/ME0201A/Rostningssympati170
2016M11,2016-11-01,2016-11,m,M,M,parliamentary_party,vet ej,vet ej/uppgift saknas,DONT_KNOW,dont_know,7.6,1.7,observed,ME/ME0201/ME0201A/Rostningssympati170
2016M11,2016-11-01,2016-11,m,M,M,parliamentary_party,övr,övriga,OTHER,other_party,0.0,0.0,observed,ME/ME0201/ME0201A/Rostningssympati170
2016M11,2016-11-01,2016-11,mp,MP,MP,parliamentary_party,SD,SD,SD,parliamentary_party,,,suppressed,ME/ME0201/ME0201A/Rostningssympati170
2016M11,2016-11-01,2016-11,mp,MP,MP,parliamentary_party,blankt,blankt,BLANK_VOTE,blank_vote,10.8,4.8,observed,ME/ME0201/ME0201A/Rostningssympati170
2016M11,2016-11-01,2016-11,mp,MP,MP,parliamentary_party,c,C,C,parliamentary_party,,,suppressed,ME/ME0201/ME0201A/Rostningssympati170
2016M11,2016-11-01,2016-11,mp,MP,MP,parliamentary_party,kd,KD,KD,parliamentary_party,0.0,0.0,observed,ME/ME0201/ME0201A/Rostningssympati170
2016M11,2016-11-01,2016-11,mp,MP,MP,parliamentary_party,l,L,L,parliamentary_party,0.0,0.0,observed,ME/ME0201/ME0201A/Rostningssympati170
2016M11,2016-11-01,2016-11,mp,MP,MP,parliamentary_party,m,M,M,parliamentary_party,,,suppressed,ME/ME0201/ME0201A/Rostningssympati170
2016M11,2016-11-01,2016-11,mp,MP,MP,parliamentary_party,mp,MP,MP,parliamentary_party,63.8,7.1,observed,ME/ME0201/ME0201A/Rostningssympati170
2016M11,2016-11-01,2016-11,mp,MP,MP,parliamentary_party,s,S,S,parliamentary_party,2.9,2.1,observed,ME/ME0201/ME0201A/Rostningssympati170
2016M11,2016-11-01,2016-11,mp,MP,MP,parliamentary_party,v,V,V,parliamentary_party,2.5,2.1,observed,ME/ME0201/ME0201A/Rostningssympati170
2016M11,2016-11-01,2016-11,mp,MP,MP,parliamentary_party,vet ej,vet ej/uppgift saknas,DONT_KNOW,dont_know,13.8,5.0,observed,ME/ME0201/ME0201A/Rostningssympati170
2016M11,2016-11-01,2016-11,mp,MP,MP,parliamentary_party,övr,övriga,OTHER,other_party,2.4,2.2,observed,ME/ME0201/ME0201A/Rostningssympati170
2016M11,2016-11-01,2016-11,s,S,S,parliamentary_party,SD,SD,SD,parliamentary_party,1.4,0.7,observed,ME/ME0201/ME0201A/Rostningssympati170
2016M11,2016-11-01,2016-11,s,S,S,parliamentary_party,blankt,blankt,BLANK_VOTE,blank_vote,4.2,1.4,observed,ME/ME0201/ME0201A/Rostningssympati170
2016M11,2016-11-01,2016-11,s,S,S,parliamentary_party,c,C,C,parliamentary_party,,,suppressed,ME/ME0201/ME0201A/Rostningssympati170
2016M11,2016-11-01,2016-11,s,S,S,parliamentary_party,kd,KD,KD,parliamentary_party,0.1,0.1,observed,ME/ME0201/ME0201A/Rostningssympati170
2016M11,2016-11-01,2016-11,s,S,S,parliamentary_party,l,L,L,parliamentary_party,0.6,0.4,observed,ME/ME0201/ME0201A/Rostningssympati170
2016M11,2016-11-01,2016-11,s,S,S,parliamentary_party,m,M,M,parliamentary_party,1.9,0.8,observed,ME/ME0201/ME0201A/Rostningssympati170
2016M11,2016-11-01,2016-11,s,S,S,parliamentary_party,mp,MP,MP,parliamentary_party,0.9,0.6,observed,ME/ME0201/ME0201A/Rostningssympati170
2016M11,2016-11-01,2016-11,s,S,S,parliamentary_party,s,S,S,parliamentary_party,76.5,2.5,observed,ME/ME0201/ME0201A/Rostningssympati170
2016M11,2016-11-01,2016-11,s,S,S,parliamentary_party,v,V,V,parliamentary_party,2.1,0.8,observed,ME/ME0201/ME0201A/Rostningssympati170
2016M11,2016-11-01,2016-11,s,S,S,parliamentary_party,vet ej,vet ej/uppgift saknas,DONT_KNOW,dont_know,11.5,1.9,observed,ME/ME0201/ME0201A/Rostningssympati170
2016M11,2016-11-01,2016-11,s,S,S,parliamentary_party,övr,övriga,OTHER,other_party,0.5,0.4,observed,ME/ME0201/ME0201A/Rostningssympati170
2016M11,2016-11-01,2016-11,v,V,V,parliamentary_party,SD,SD,SD,parliamentary_party,,,suppressed,ME/ME0201/ME0201A/Rostningssympati170
2016M11,2016-11-01,2016-11,v,V,V,parliamentary_party,blankt,blankt,BLANK_VOTE,blank_vote,2.8,2.0,observed,ME/ME0201/ME0201A/Rostningssympati170
2016M11,2016-11-01,2016-11,v,V,V,parliamentary_party,c,C,C,parliamentary_party,0.0,0.0,observed,ME/ME0201/ME0201A/Rostningssympati170
2016M11,2016-11-01,2016-11,v,V,V,parliamentary_party,kd,KD,KD,parliamentary_party,0.0,0.0,observed,ME/ME0201/ME0201A/Rostningssympati170
2016M11,2016-11-01,2016-11,v,V,V,parliamentary_party,l,L,L,parliamentary_party,0.0,0.0,observed,ME/ME0201/ME0201A/Rostningssympati170
2016M11,2016-11-01,2016-11,v,V,V,parliamentary_party,m,M,M,parliamentary_party,,,suppressed,ME/ME0201/ME0201A/Rostningssympati170
2016M11,2016-11-01,2016-11,v,V,V,parliamentary_party,mp,MP,MP,parliamentary_party,,,suppressed,ME/ME0201/ME0201A/Rostningssympati170
2016M11,2016-11-01,2016-11,v,V,V,parliamentary_party,s,S,S,parliamentary_party,2.0,1.5,observed,ME/ME0201/ME0201A/Rostningssympati170
2016M11,2016-11-01,2016-11,v,V,V,parliamentary_party,v,V,V,parliamentary_party,83.9,4.4,observed,ME/ME0201/ME0201A/Rostningssympati170
2016M11,2016-11-01,2016-11,v,V,V,parliamentary_party,vet ej,vet ej/uppgift saknas,DONT_KNOW,dont_know,6.6,3.1,observed,ME/ME0201/ME0201A/Rostningssympati170
2016M11,2016-11-01,2016-11,v,V,V,parliamentary_party,övr,övriga,OTHER,other_party,2.0,1.8,observed,ME/ME0201/ME0201A/Rostningssympati170
2016M11,2016-11-01,2016-11,övr,övriga,OTHER,other_party,SD,SD,SD,parliamentary_party,,,suppressed,ME/ME0201/ME0201A/Rostningssympati170
2016M11,2016-11-01,2016-11,övr,övriga,OTHER,other_party,blankt,blankt,BLANK_VOTE,blank_vote,,,suppressed,ME/ME0201/ME0201A/Rostningssympati170
2016M11,2016-11-01,2016-11,övr,övriga,OTHER,other_party,c,C,C,parliamentary_party,,,suppressed,ME/ME0201/ME0201A/Rostningssympati170
2016M11,2016-11-01,2016-11,övr,övriga,OTHER,other_party,kd,KD,KD,parliamentary_party,0.0,0.0,observed,ME/ME0201/ME0201A/Rostningssympati170
2016M11,2016-11-01,2016-11,övr,övriga,OTHER,other_party,l,L,L,parliamentary_party,0.0,0.0,observed,ME/ME0201/ME0201A/Rostningssympati170
2016M11,2016-11-01,2016-11,övr,övriga,OTHER,other_party,m,M,M,parliamentary_party,0.0,0.0,observed,ME/ME0201/ME0201A/Rostningssympati170
2016M11,2016-11-01,2016-11,övr,övriga,OTHER,other_party,mp,MP,MP,parliamentary_party,,,suppressed,ME/ME0201/ME0201A/Rostningssympati170
2016M11,2016-11-01,2016-11,övr,övriga,OTHER,other_party,s,S,S,parliamentary_party,4.2,3.7,observed,ME/ME0201/ME0201A/Rostningssympati170
2016M11,2016-11-01,2016-11,övr,övriga,OTHER,other_party,v,V,V,parliamentary_party,6.5,4.5,observed,ME/ME0201/ME0201A/Rostningssympati170
2016M11,2016-11-01,2016-11,övr,övriga,OTHER,other_party,vet ej,vet ej/uppgift saknas,DONT_KNOW,dont_know,8.1,6.0,observed,ME/ME0201/ME0201A/Rostningssympati170
2016M11,2016-11-01,2016-11,övr,övriga,OTHER,other_party,övr,övriga,OTHER,other_party,73.3,9.5,observed,ME/ME0201/ME0201A/Rostningssympati170
2017M05,2017-05-01,2017-05,SD,SD,SD,parliamentary_party,SD,SD,SD,parliamentary_party,93.4,2.3,observed,ME/ME0201/ME0201A/Rostningssympati170
2017M05,2017-05-01,2017-05,SD,SD,SD,parliamentary_party,blankt,blankt,BLANK_VOTE,blank_vote,1.5,1.2,observed,ME/ME0201/ME0201A/Rostningssympati170
2017M05,2017-05-01,2017-05,SD,SD,SD,parliamentary_party,c,C,C,parliamentary_party,,,suppressed,ME/ME0201/ME0201A/Rostningssympati170
2017M05,2017-05-01,2017-05,SD,SD,SD,parliamentary_party,kd,KD,KD,parliamentary_party,0.0,0.0,observed,ME/ME0201/ME0201A/Rostningssympati170
2017M05,2017-05-01,2017-05,SD,SD,SD,parliamentary_party,l,L,L,parliamentary_party,,,suppressed,ME/ME0201/ME0201A/Rostningssympati170
2017M05,2017-05-01,2017-05,SD,SD,SD,parliamentary_party,m,M,M,parliamentary_party,0.9,0.8,observed,ME/ME0201/ME0201A/Rostningssympati170
2017M05,2017-05-01,2017-05,SD,SD,SD,parliamentary_party,mp,MP,MP,parliamentary_party,0.0,0.0,observed,ME/ME0201/ME0201A/Rostningssympati170
2017M05,2017-05-01,2017-05,SD,SD,SD,parliamentary_party,s,S,S,parliamentary_party,0.7,0.7,observed,ME/ME0201/ME0201A/Rostningssympati170
2017M05,2017-05-01,2017-05,SD,SD,SD,parliamentary_party,v,V,V,parliamentary_party,0.0,0.0,observed,ME/ME0201/ME0201A/Rostningssympati170
2017M05,2017-05-01,2017-05,SD,SD,SD,parliamentary_party,vet ej,vet ej/uppgift saknas,DONT_KNOW,dont_know,3.1,1.6,observed,ME/ME0201/ME0201A/Rostningssympati170
2017M05,2017-05-01,2017-05,SD,SD,SD,parliamentary_party,övr,övriga,OTHER,other_party,0.0,0.0,observed,ME/ME0201/ME0201A/Rostningssympati170
2017M05,2017-05-01,2017-05,c,C,C,parliamentary_party,SD,SD,SD,parliamentary_party,,,suppressed,ME/ME0201/ME0201A/Rostningssympati170
2017M05,2017-05-01,2017-05,c,C,C,parliamentary_party,blankt,blankt,BLANK_VOTE,blank_vote,2.5,1.7,observed,ME/ME0201/ME0201A/Rostningssympati170
2017M05,2017-05-01,2017-05,c,C,C,parliamentary_party,c,C,C,parliamentary_party,88.4,3.3,observed,ME/ME0201/ME0201A/Rostningssympati170
2017M05,2017-05-01,2017-05,c,C,C,parliamentary_party,kd,KD,KD,parliamentary_party,,,suppressed,ME/ME0201/ME0201A/Rostningssympati170
2017M05,2017-05-01,2017-05,c,C,C,parliamentary_party,l,L,L,parliamentary_party,0.0,0.0,observed,ME/ME0201/ME0201A/Rostningssympati170
2017M05,2017-05-01,2017-05,c,C,C,parliamentary_party,m,M,M,parliamentary_party,1.3,1.0,observed,ME/ME0201/ME0201A/Rostningssympati170
2017M05,2017-05-01,2017-05,c,C,C,parliamentary_party,mp,MP,MP,parliamentary_party,0.0,0.0,observed,ME/ME0201/ME0201A/Rostningssympati170
2017M05,2017-05-01,2017-05,c,C,C,parliamentary_party,s,S,S,parliamentary_party,,,suppressed,ME/ME0201/ME0201A/Rostningssympati170
2017M05,2017-05-01,2017-05,c,C,C,parliamentary_party,v,V,V,parliamentary_party,,,suppressed,ME/ME0201/ME0201A/Rostningssympati170
2017M05,2017-05-01,2017-05,c,C,C,parliamentary_party,vet ej,vet ej/uppgift saknas,DONT_KNOW,dont_know,6.6,2.6,observed,ME/ME0201/ME0201A/Rostningssympati170
2017M05,2017-05-01,2017-05,c,C,C,parliamentary_party,övr,övriga,OTHER,other_party,0.0,0.0,observed,ME/ME0201/ME0201A/Rostningssympati170
2017M05,2017-05-01,2017-05,hela väljarkåren,hela väljarkåren,TOTAL_ELECTORATE,total_electorate,SD,SD,SD,parliamentary_party,15.3,0.9,observed,ME/ME0201/ME0201A/Rostningssympati170
2017M05,2017-05-01,2017-05,hela väljarkåren,hela väljarkåren,TOTAL_ELECTORATE,total_electorate,blankt,blankt,BLANK_VOTE,blank_vote,6.2,0.8,observed,ME/ME0201/ME0201A/Rostningssympati170
2017M05,2017-05-01,2017-05,hela väljarkåren,hela väljarkåren,TOTAL_ELECTORATE,total_electorate,c,C,C,parliamentary_party,9.5,0.7,observed,ME/ME0201/ME0201A/Rostningssympati170
2017M05,2017-05-01,2017-05,hela väljarkåren,hela väljarkåren,TOTAL_ELECTORATE,total_electorate,kd,KD,KD,parliamentary_party,2.4,0.4,observed,ME/ME0201/ME0201A/Rostningssympati170
2017M05,2017-05-01,2017-05,hela väljarkåren,hela väljarkåren,TOTAL_ELECTORATE,total_electorate,l,L,L,parliamentary_party,3.5,0.5,observed,ME/ME0201/ME0201A/Rostningssympati170
2017M05,2017-05-01,2017-05,hela väljarkåren,hela väljarkåren,TOTAL_ELECTORATE,total_electorate,m,M,M,parliamentary_party,13.2,0.8,observed,ME/ME0201/ME0201A/Rostningssympati170
2017M05,2017-05-01,2017-05,hela väljarkåren,hela väljarkåren,TOTAL_ELECTORATE,total_electorate,mp,MP,MP,parliamentary_party,3.0,0.5,observed,ME/ME0201/ME0201A/Rostningssympati170
2017M05,2017-05-01,2017-05,hela väljarkåren,hela väljarkåren,TOTAL_ELECTORATE,total_electorate,s,S,S,parliamentary_party,23.7,1.0,observed,ME/ME0201/ME0201A/Rostningssympati170
2017M05,2017-05-01,2017-05,hela väljarkåren,hela väljarkåren,TOTAL_ELECTORATE,total_electorate,v,V,V,parliamentary_party,5.2,0.5,observed,ME/ME0201/ME0201A/Rostningssympati170
2017M05,2017-05-01,2017-05,hela väljarkåren,hela väljarkåren,TOTAL_ELECTORATE,total_electorate,vet ej,vet ej/uppgift saknas,DONT_KNOW,dont_know,16.1,1.2,observed,ME/ME0201/ME0201A/Rostningssympati170
2017M05,2017-05-01,2017-05,hela väljarkåren,hela väljarkåren,TOTAL_ELECTORATE,total_electorate,övr,övriga,OTHER,other_party,1.9,0.4,observed,ME/ME0201/ME0201A/Rostningssympati170
2017M05,2017-05-01,2017-05,ingen sympati/vet ej,ingen sympati/vet ej,NO_SYMPATHY_OR_DONT_KNOW,no_sympathy,SD,SD,SD,parliamentary_party,5.0,1.9,observed,ME/ME0201/ME0201A/Rostningssympati170
2017M05,2017-05-01,2017-05,ingen sympati/vet ej,ingen sympati/vet ej,NO_SYMPATHY_OR_DONT_KNOW,no_sympathy,blankt,blankt,BLANK_VOTE,blank_vote,19.3,3.5,observed,ME/ME0201/ME0201A/Rostningssympati170
2017M05,2017-05-01,2017-05,ingen sympati/vet ej,ingen sympati/vet ej,NO_SYMPATHY_OR_DONT_KNOW,no_sympathy,c,C,C,parliamentary_party,3.3,1.3,observed,ME/ME0201/ME0201A/Rostningssympati170
2017M05,2017-05-01,2017-05,ingen sympati/vet ej,ingen sympati/vet ej,NO_SYMPATHY_OR_DONT_KNOW,no_sympathy,kd,KD,KD,parliamentary_party,1.1,1.0,observed,ME/ME0201/ME0201A/Rostningssympati170
2017M05,2017-05-01,2017-05,ingen sympati/vet ej,ingen sympati/vet ej,NO_SYMPATHY_OR_DONT_KNOW,no_sympathy,l,L,L,parliamentary_party,0.5,0.5,observed,ME/ME0201/ME0201A/Rostningssympati170
2017M05,2017-05-01,2017-05,ingen sympati/vet ej,ingen sympati/vet ej,NO_SYMPATHY_OR_DONT_KNOW,no_sympathy,m,M,M,parliamentary_party,4.7,1.7,observed,ME/ME0201/ME0201A/Rostningssympati170
2017M05,2017-05-01,2017-05,ingen sympati/vet ej,ingen sympati/vet ej,NO_SYMPATHY_OR_DONT_KNOW,no_sympathy,mp,MP,MP,parliamentary_party,1.4,1.0,observed,ME/ME0201/ME0201A/Rostningssympati170
2017M05,2017-05-01,2017-05,ingen sympati/vet ej,ingen sympati/vet ej,NO_SYMPATHY_OR_DONT_KNOW,no_sympathy,s,S,S,parliamentary_party,6.1,2.0,observed,ME/ME0201/ME0201A/Rostningssympati170
2017M05,2017-05-01,2017-05,ingen sympati/vet ej,ingen sympati/vet ej,NO_SYMPATHY_OR_DONT_KNOW,no_sympathy,v,V,V,parliamentary_party,,,suppressed,ME/ME0201/ME0201A/Rostningssympati170
2017M05,2017-05-01,2017-05,ingen sympati/vet ej,ingen sympati/vet ej,NO_SYMPATHY_OR_DONT_KNOW,no_sympathy,vet ej,vet ej/uppgift saknas,DONT_KNOW,dont_know,58.0,4.2,observed,ME/ME0201/ME0201A/Rostningssympati170
2017M05,2017-05-01,2017-05,ingen sympati/vet ej,ingen sympati/vet ej,NO_SYMPATHY_OR_DONT_KNOW,no_sympathy,övr,övriga,OTHER,other_party,,,suppressed,ME/ME0201/ME0201A/Rostningssympati170
2017M05,2017-05-01,2017-05,kd,KD,KD,parliamentary_party,SD,SD,SD,parliamentary_party,4.3,3.4,observed,ME/ME0201/ME0201A/Rostningssympati170
2017M05,2017-05-01,2017-05,kd,KD,KD,parliamentary_party,blankt,blankt,BLANK_VOTE,blank_vote,,,suppressed,ME/ME0201/ME0201A/Rostningssympati170
2017M05,2017-05-01,2017-05,kd,KD,KD,parliamentary_party,c,C,C,parliamentary_party,3.0,2.9,observed,ME/ME0201/ME0201A/Rostningssympati170
2017M05,2017-05-01,2017-05,kd,KD,KD,parliamentary_party,kd,KD,KD,parliamentary_party,69.5,8.7,observed,ME/ME0201/ME0201A/Rostningssympati170
2017M05,2017-05-01,2017-05,kd,KD,KD,parliamentary_party,l,L,L,parliamentary_party,,,suppressed,ME/ME0201/ME0201A/Rostningssympati170
2017M05,2017-05-01,2017-05,kd,KD,KD,parliamentary_party,m,M,M,parliamentary_party,,,suppressed,ME/ME0201/ME0201A/Rostningssympati170
2017M05,2017-05-01,2017-05,kd,KD,KD,parliamentary_party,mp,MP,MP,parliamentary_party,,,suppressed,ME/ME0201/ME0201A/Rostningssympati170
2017M05,2017-05-01,2017-05,kd,KD,KD,parliamentary_party,s,S,S,parliamentary_party,,,suppressed,ME/ME0201/ME0201A/Rostningssympati170
2017M05,2017-05-01,2017-05,kd,KD,KD,parliamentary_party,v,V,V,parliamentary_party,0.0,0.0,observed,ME/ME0201/ME0201A/Rostningssympati170
2017M05,2017-05-01,2017-05,kd,KD,KD,parliamentary_party,vet ej,vet ej/uppgift saknas,DONT_KNOW,dont_know,12.5,6.6,observed,ME/ME0201/ME0201A/Rostningssympati170
2017M05,2017-05-01,2017-05,kd,KD,KD,parliamentary_party,övr,övriga,OTHER,other_party,,,suppressed,ME/ME0201/ME0201A/Rostningssympati170
2017M05,2017-05-01,2017-05,l,L,L,parliamentary_party,SD,SD,SD,parliamentary_party,1.6,1.6,observed,ME/ME0201/ME0201A/Rostningssympati170
2017M05,2017-05-01,2017-05,l,L,L,parliamentary_party,blankt,blankt,BLANK_VOTE,blank_vote,7.5,4.3,observed,ME/ME0201/ME0201A/Rostningssympati170
2017M05,2017-05-01,2017-05,l,L,L,parliamentary_party,c,C,C,parliamentary_party,5.5,2.8,observed,ME/ME0201/ME0201A/Rostningssympati170
2017M05,2017-05-01,2017-05,l,L,L,parliamentary_party,kd,KD,KD,parliamentary_party,,,suppressed,ME/ME0201/ME0201A/Rostningssympati170
2017M05,2017-05-01,2017-05,l,L,L,parliamentary_party,l,L,L,parliamentary_party,63.6,6.7,observed,ME/ME0201/ME0201A/Rostningssympati170
2017M05,2017-05-01,2017-05,l,L,L,parliamentary_party,m,M,M,parliamentary_party,4.5,2.6,observed,ME/ME0201/ME0201A/Rostningssympati170
2017M05,2017-05-01,2017-05,l,L,L,parliamentary_party,mp,MP,MP,parliamentary_party,,,suppressed,ME/ME0201/ME0201A/Rostningssympati170
2017M05,2017-05-01,2017-05,l,L,L,parliamentary_party,s,S,S,parliamentary_party,3.3,2.6,observed,ME/ME0201/ME0201A/Rostningssympati170
2017M05,2017-05-01,2017-05,l,L,L,parliamentary_party,v,V,V,parliamentary_party,0.0,0.0,observed,ME/ME0201/ME0201A/Rostningssympati170
2017M05,2017-05-01,2017-05,l,L,L,parliamentary_party,vet ej,vet ej/uppgift saknas,DONT_KNOW,dont_know,11.7,4.8,observed,ME/ME0201/ME0201A/Rostningssympati170
2017M05,2017-05-01,2017-05,l,L,L,parliamentary_party,övr,övriga,OTHER,other_party,,,suppressed,ME/ME0201/ME0201A/Rostningssympati170
2017M05,2017-05-01,2017-05,m,M,M,parliamentary_party,SD,SD,SD,parliamentary_party,5.5,1.6,observed,ME/ME0201/ME0201A/Rostningssympati170
2017M05,2017-05-01,2017-05,m,M,M,parliamentary_party,blankt,blankt,BLANK_VOTE,blank_vote,3.4,1.3,observed,ME/ME0201/ME0201A/Rostningssympati170
2017M05,2017-05-01,2017-05,m,M,M,parliamentary_party,c,C,C,parliamentary_party,4.4,1.3,observed,ME/ME0201/ME0201A/Rostningssympati170
2017M05,2017-05-01,2017-05,m,M,M,parliamentary_party,kd,KD,KD,parliamentary_party,0.5,0.5,observed,ME/ME0201/ME0201A/Rostningssympati170
2017M05,2017-05-01,2017-05,m,M,M,parliamentary_party,l,L,L,parliamentary_party,1.7,0.8,observed,ME/ME0201/ME0201A/Rostningssympati170
2017M05,2017-05-01,2017-05,m,M,M,parliamentary_party,m,M,M,parliamentary_party,73.6,3.1,observed,ME/ME0201/ME0201A/Rostningssympati170
2017M05,2017-05-01,2017-05,m,M,M,parliamentary_party,mp,MP,MP,parliamentary_party,,,suppressed,ME/ME0201/ME0201A/Rostningssympati170
2017M05,2017-05-01,2017-05,m,M,M,parliamentary_party,s,S,S,parliamentary_party,1.2,0.8,observed,ME/ME0201/ME0201A/Rostningssympati170
2017M05,2017-05-01,2017-05,m,M,M,parliamentary_party,v,V,V,parliamentary_party,0.0,0.0,observed,ME/ME0201/ME0201A/Rostningssympati170
2017M05,2017-05-01,2017-05,m,M,M,parliamentary_party,vet ej,vet ej/uppgift saknas,DONT_KNOW,dont_know,9.3,2.0,observed,ME/ME0201/ME0201A/Rostningssympati170
2017M05,2017-05-01,2017-05,m,M,M,parliamentary_party,övr,övriga,OTHER,other_party,,,suppressed,ME/ME0201/ME0201A/Rostningssympati170
2017M05,2017-05-01,2017-05,mp,MP,MP,parliamentary_party,SD,SD,SD,parliamentary_party,,,suppressed,ME/ME0201/ME0201A/Rostningssympati170
2017M05,2017-05-01,2017-05,mp,MP,MP,parliamentary_party,blankt,blankt,BLANK_VOTE,blank_vote,6.9,4.8,observed,ME/ME0201/ME0201A/Rostningssympati170
2017M05,2017-05-01,2017-05,mp,MP,MP,parliamentary_party,c,C,C,parliamentary_party,,,suppressed,ME/ME0201/ME0201A/Rostningssympati170
2017M05,2017-05-01,2017-05,mp,MP,MP,parliamentary_party,kd,KD,KD,parliamentary_party,,,suppressed,ME/ME0201/ME0201A/Rostningssympati170
2017M05,2017-05-01,2017-05,mp,MP,MP,parliamentary_party,l,L,L,parliamentary_party,,,suppressed,ME/ME0201/ME0201A/Rostningssympati170
2017M05,2017-05-01,2017-05,mp,MP,MP,parliamentary_party,m,M,M,parliamentary_party,,,suppressed,ME/ME0201/ME0201A/Rostningssympati170
2017M05,2017-05-01,2017-05,mp,MP,MP,parliamentary_party,mp,MP,MP,parliamentary_party,64.8,7.1,observed,ME/ME0201/ME0201A/Rostningssympati170
2017M05,2017-05-01,2017-05,mp,MP,MP,parliamentary_party,s,S,S,parliamentary_party,5.0,3.1,observed,ME/ME0201/ME0201A/Rostningssympati170
2017M05,2017-05-01,2017-05,mp,MP,MP,parliamentary_party,v,V,V,parliamentary_party,3.4,2.6,observed,ME/ME0201/ME0201A/Rostningssympati170
2017M05,2017-05-01,2017-05,mp,MP,MP,parliamentary_party,vet ej,vet ej/uppgift saknas,DONT_KNOW,dont_know,13.0,4.8,observed,ME/ME0201/ME0201A/Rostningssympati170
2017M05,2017-05-01,2017-05,mp,MP,MP,parliamentary_party,övr,övriga,OTHER,other_party,3.3,2.7,observed,ME/ME0201/ME0201A/Rostningssympati170
2017M05,2017-05-01,2017-05,s,S,S,parliamentary_party,SD,SD,SD,parliamentary_party,2.4,1.0,observed,ME/ME0201/ME0201A/Rostningssympati170
2017M05,2017-05-01,2017-05,s,S,S,parliamentary_party,blankt,blankt,BLANK_VOTE,blank_vote,3.9,1.3,observed,ME/ME0201/ME0201A/Rostningssympati170
2017M05,2017-05-01,2017-05,s,S,S,parliamentary_party,c,C,C,parliamentary_party,1.0,0.5,observed,ME/ME0201/ME0201A/Rostningssympati170
2017M05,2017-05-01,2017-05,s,S,S,parliamentary_party,kd,KD,KD,parliamentary_party,0.0,0.0,observed,ME/ME0201/ME0201A/Rostningssympati170
2017M05,2017-05-01,2017-05,s,S,S,parliamentary_party,l,L,L,parliamentary_party,,,suppressed,ME/ME0201/ME0201A/Rostningssympati170
2017M05,2017-05-01,2017-05,s,S,S,parliamentary_party,m,M,M,parliamentary_party,0.4,0.3,observed,ME/ME0201/ME0201A/Rostningssympati170
2017M05,2017-05-01,2017-05,s,S,S,parliamentary_party,mp,MP,MP,parliamentary_party,0.7,0.5,observed,ME/ME0201/ME0201A/Rostningssympati170
2017M05,2017-05-01,2017-05,s,S,S,parliamentary_party,s,S,S,parliamentary_party,83.2,2.3,observed,ME/ME0201/ME0201A/Rostningssympati170
2017M05,2017-05-01,2017-05,s,S,S,parliamentary_party,v,V,V,parliamentary_party,0.9,0.5,observed,ME/ME0201/ME0201A/Rostningssympati170
2017M05,2017-05-01,2017-05,s,S,S,parliamentary_party,vet ej,vet ej/uppgift saknas,DONT_KNOW,dont_know,6.7,1.5,observed,ME/ME0201/ME0201A/Rostningssympati170
2017M05,2017-05-01,2017-05,s,S,S,parliamentary_party,övr,övriga,OTHER,other_party,0.4,0.4,observed,ME/ME0201/ME0201A/Rostningssympati170
2017M05,2017-05-01,2017-05,v,V,V,parliamentary_party,SD,SD,SD,parliamentary_party,,,suppressed,ME/ME0201/ME0201A/Rostningssympati170
2017M05,2017-05-01,2017-05,v,V,V,parliamentary_party,blankt,blankt,BLANK_VOTE,blank_vote,3.0,2.5,observed,ME/ME0201/ME0201A/Rostningssympati170
2017M05,2017-05-01,2017-05,v,V,V,parliamentary_party,c,C,C,parliamentary_party,,,suppressed,ME/ME0201/ME0201A/Rostningssympati170
2017M05,2017-05-01,2017-05,v,V,V,parliamentary_party,kd,KD,KD,parliamentary_party,0.0,0.0,observed,ME/ME0201/ME0201A/Rostningssympati170
2017M05,2017-05-01,2017-05,v,V,V,parliamentary_party,l,L,L,parliamentary_party,0.0,0.0,observed,ME/ME0201/ME0201A/Rostningssympati170
2017M05,2017-05-01,2017-05,v,V,V,parliamentary_party,m,M,M,parliamentary_party,,,suppressed,ME/ME0201/ME0201A/Rostningssympati170
2017M05,2017-05-01,2017-05,v,V,V,parliamentary_party,mp,MP,MP,parliamentary_party,,,suppressed,ME/ME0201/ME0201A/Rostningssympati170
2017M05,2017-05-01,2017-05,v,V,V,parliamentary_party,s,S,S,parliamentary_party,3.0,2.0,observed,ME/ME0201/ME0201A/Rostningssympati170
2017M05,2017-05-01,2017-05,v,V,V,parliamentary_party,v,V,V,parliamentary_party,84.1,4.6,observed,ME/ME0201/ME0201A/Rostningssympati170
2017M05,2017-05-01,2017-05,v,V,V,parliamentary_party,vet ej,vet ej/uppgift saknas,DONT_KNOW,dont_know,5.6,3.1,observed,ME/ME0201/ME0201A/Rostningssympati170
2017M05,2017-05-01,2017-05,v,V,V,parliamentary_party,övr,övriga,OTHER,other_party,,,suppressed,ME/ME0201/ME0201A/Rostningssympati170
2017M05,2017-05-01,2017-05,övr,övriga,OTHER,other_party,SD,SD,SD,parliamentary_party,,,suppressed,ME/ME0201/ME0201A/Rostningssympati170
2017M05,2017-05-01,2017-05,övr,övriga,OTHER,other_party,blankt,blankt,BLANK_VOTE,blank_vote,2.8,2.8,observed,ME/ME0201/ME0201A/Rostningssympati170
2017M05,2017-05-01,2017-05,övr,övriga,OTHER,other_party,c,C,C,parliamentary_party,3.7,3.6,observed,ME/ME0201/ME0201A/Rostningssympati170
2017M05,2017-05-01,2017-05,övr,övriga,OTHER,other_party,kd,KD,KD,parliamentary_party,0.0,0.0,observed,ME/ME0201/ME0201A/Rostningssympati170
2017M05,2017-05-01,2017-05,övr,övriga,OTHER,other_party,l,L,L,parliamentary_party,0.0,0.0,observed,ME/ME0201/ME0201A/Rostningssympati170
2017M05,2017-05-01,2017-05,övr,övriga,OTHER,other_party,m,M,M,parliamentary_party,0.0,0.0,observed,ME/ME0201/ME0201A/Rostningssympati170
2017M05,2017-05-01,2017-05,övr,övriga,OTHER,other_party,mp,MP,MP,parliamentary_party,,,suppressed,ME/ME0201/ME0201A/Rostningssympati170
2017M05,2017-05-01,2017-05,övr,övriga,OTHER,other_party,s,S,S,parliamentary_party,,,suppressed,ME/ME0201/ME0201A/Rostningssympati170
2017M05,2017-05-01,2017-05,övr,övriga,OTHER,other_party,v,V,V,parliamentary_party,5.4,4.8,observed,ME/ME0201/ME0201A/Rostningssympati170
2017M05,2017-05-01,2017-05,övr,övriga,OTHER,other_party,vet ej,vet ej/uppgift saknas,DONT_KNOW,dont_know,10.7,7.4,observed,ME/ME0201/ME0201A/Rostningssympati170
2017M05,2017-05-01,2017-05,övr,övriga,OTHER,other_party,övr,övriga,OTHER,other_party,72.2,9.7,observed,ME/ME0201/ME0201A/Rostningssympati170
2017M11,2017-11-01,2017-11,SD,SD,SD,parliamentary_party,SD,SD,SD,parliamentary_party,91.9,2.7,observed,ME/ME0201/ME0201A/Rostningssympati170
2017M11,2017-11-01,2017-11,SD,SD,SD,parliamentary_party,blankt,blankt,BLANK_VOTE,blank_vote,,,suppressed,ME/ME0201/ME0201A/Rostningssympati170
2017M11,2017-11-01,2017-11,SD,SD,SD,parliamentary_party,c,C,C,parliamentary_party,0.0,0.0,observed,ME/ME0201/ME0201A/Rostningssympati170
2017M11,2017-11-01,2017-11,SD,SD,SD,parliamentary_party,kd,KD,KD,parliamentary_party,0.0,0.0,observed,ME/ME0201/ME0201A/Rostningssympati170
2017M11,2017-11-01,2017-11,SD,SD,SD,parliamentary_party,l,L,L,parliamentary_party,,,suppressed,ME/ME0201/ME0201A/Rostningssympati170
2017M11,2017-11-01,2017-11,SD,SD,SD,parliamentary_party,m,M,M,parliamentary_party,1.9,1.2,observed,ME/ME0201/ME0201A/Rostningssympati170
2017M11,2017-11-01,2017-11,SD,SD,SD,parliamentary_party,mp,MP,MP,parliamentary_party,0.0,0.0,observed,ME/ME0201/ME0201A/Rostningssympati170
2017M11,2017-11-01,2017-11,SD,SD,SD,parliamentary_party,s,S,S,parliamentary_party,,,suppressed,ME/ME0201/ME0201A/Rostningssympati170
2017M11,2017-11-01,2017-11,SD,SD,SD,parliamentary_party,v,V,V,parliamentary_party,0.0,0.0,observed,ME/ME0201/ME0201A/Rostningssympati170
2017M11,2017-11-01,2017-11,SD,SD,SD,parliamentary_party,vet ej,vet ej/uppgift saknas,DONT_KNOW,dont_know,3.9,2.0,observed,ME/ME0201/ME0201A/Rostningssympati170
2017M11,2017-11-01,2017-11,SD,SD,SD,parliamentary_party,övr,övriga,OTHER,other_party,,,suppressed,ME/ME0201/ME0201A/Rostningssympati170
2017M11,2017-11-01,2017-11,c,C,C,parliamentary_party,SD,SD,SD,parliamentary_party,,,suppressed,ME/ME0201/ME0201A/Rostningssympati170
2017M11,2017-11-01,2017-11,c,C,C,parliamentary_party,blankt,blankt,BLANK_VOTE,blank_vote,2.0,1.7,observed,ME/ME0201/ME0201A/Rostningssympati170
2017M11,2017-11-01,2017-11,c,C,C,parliamentary_party,c,C,C,parliamentary_party,87.1,3.6,observed,ME/ME0201/ME0201A/Rostningssympati170
2017M11,2017-11-01,2017-11,c,C,C,parliamentary_party,kd,KD,KD,parliamentary_party,,,suppressed,ME/ME0201/ME0201A/Rostningssympati170
2017M11,2017-11-01,2017-11,c,C,C,parliamentary_party,l,L,L,parliamentary_party,0.0,0.0,observed,ME/ME0201/ME0201A/Rostningssympati170
2017M11,2017-11-01,2017-11,c,C,C,parliamentary_party,m,M,M,parliamentary_party,2.0,1.4,observed,ME/ME0201/ME0201A/Rostningssympati170
2017M11,2017-11-01,2017-11,c,C,C,parliamentary_party,mp,MP,MP,parliamentary_party,,,suppressed,ME/ME0201/ME0201A/Rostningssympati170
2017M11,2017-11-01,2017-11,c,C,C,parliamentary_party,s,S,S,parliamentary_party,2.7,1.9,observed,ME/ME0201/ME0201A/Rostningssympati170
2017M11,2017-11-01,2017-11,c,C,C,parliamentary_party,v,V,V,parliamentary_party,0.0,0.0,observed,ME/ME0201/ME0201A/Rostningssympati170
2017M11,2017-11-01,2017-11,c,C,C,parliamentary_party,vet ej,vet ej/uppgift saknas,DONT_KNOW,dont_know,5.1,2.2,observed,ME/ME0201/ME0201A/Rostningssympati170
2017M11,2017-11-01,2017-11,c,C,C,parliamentary_party,övr,övriga,OTHER,other_party,0.0,0.0,observed,ME/ME0201/ME0201A/Rostningssympati170
2017M11,2017-11-01,2017-11,hela väljarkåren,hela väljarkåren,TOTAL_ELECTORATE,total_electorate,SD,SD,SD,parliamentary_party,12.8,0.8,observed,ME/ME0201/ME0201A/Rostningssympati170
2017M11,2017-11-01,2017-11,hela väljarkåren,hela väljarkåren,TOTAL_ELECTORATE,total_electorate,blankt,blankt,BLANK_VOTE,blank_vote,5.6,0.8,observed,ME/ME0201/ME0201A/Rostningssympati170
2017M11,2017-11-01,2017-11,hela väljarkåren,hela väljarkåren,TOTAL_ELECTORATE,total_electorate,c,C,C,parliamentary_party,7.6,0.7,observed,ME/ME0201/ME0201A/Rostningssympati170
2017M11,2017-11-01,2017-11,hela väljarkåren,hela väljarkåren,TOTAL_ELECTORATE,total_electorate,kd,KD,KD,parliamentary_party,2.5,0.4,observed,ME/ME0201/ME0201A/Rostningssympati170
2017M11,2017-11-01,2017-11,hela väljarkåren,hela väljarkåren,TOTAL_ELECTORATE,total_electorate,l,L,L,parliamentary_party,3.3,0.5,observed,ME/ME0201/ME0201A/Rostningssympati170
2017M11,2017-11-01,2017-11,hela väljarkåren,hela väljarkåren,TOTAL_ELECTORATE,total_electorate,m,M,M,parliamentary_party,16.7,0.9,observed,ME/ME0201/ME0201A/Rostningssympati170
2017M11,2017-11-01,2017-11,hela väljarkåren,hela väljarkåren,TOTAL_ELECTORATE,total_electorate,mp,MP,MP,parliamentary_party,2.9,0.5,observed,ME/ME0201/ME0201A/Rostningssympati170
2017M11,2017-11-01,2017-11,hela väljarkåren,hela väljarkåren,TOTAL_ELECTORATE,total_electorate,s,S,S,parliamentary_party,24.5,1.1,observed,ME/ME0201/ME0201A/Rostningssympati170
2017M11,2017-11-01,2017-11,hela väljarkåren,hela väljarkåren,TOTAL_ELECTORATE,total_electorate,v,V,V,parliamentary_party,5.8,0.5,observed,ME/ME0201/ME0201A/Rostningssympati170
2017M11,2017-11-01,2017-11,hela väljarkåren,hela väljarkåren,TOTAL_ELECTORATE,total_electorate,vet ej,vet ej/uppgift saknas,DONT_KNOW,dont_know,16.3,1.2,observed,ME/ME0201/ME0201A/Rostningssympati170
2017M11,2017-11-01,2017-11,hela väljarkåren,hela väljarkåren,TOTAL_ELECTORATE,total_electorate,övr,övriga,OTHER,other_party,2.0,0.4,observed,ME/ME0201/ME0201A/Rostningssympati170
2017M11,2017-11-01,2017-11,ingen sympati/vet ej,ingen sympati/vet ej,NO_SYMPATHY_OR_DONT_KNOW,no_sympathy,SD,SD,SD,parliamentary_party,4.1,1.6,observed,ME/ME0201/ME0201A/Rostningssympati170
2017M11,2017-11-01,2017-11,ingen sympati/vet ej,ingen sympati/vet ej,NO_SYMPATHY_OR_DONT_KNOW,no_sympathy,blankt,blankt,BLANK_VOTE,blank_vote,19.1,3.5,observed,ME/ME0201/ME0201A/Rostningssympati170
2017M11,2017-11-01,2017-11,ingen sympati/vet ej,ingen sympati/vet ej,NO_SYMPATHY_OR_DONT_KNOW,no_sympathy,c,C,C,parliamentary_party,2.4,1.3,observed,ME/ME0201/ME0201A/Rostningssympati170
2017M11,2017-11-01,2017-11,ingen sympati/vet ej,ingen sympati/vet ej,NO_SYMPATHY_OR_DONT_KNOW,no_sympathy,kd,KD,KD,parliamentary_party,1.0,0.8,observed,ME/ME0201/ME0201A/Rostningssympati170
2017M11,2017-11-01,2017-11,ingen sympati/vet ej,ingen sympati/vet ej,NO_SYMPATHY_OR_DONT_KNOW,no_sympathy,l,L,L,parliamentary_party,0.5,0.5,observed,ME/ME0201/ME0201A/Rostningssympati170
2017M11,2017-11-01,2017-11,ingen sympati/vet ej,ingen sympati/vet ej,NO_SYMPATHY_OR_DONT_KNOW,no_sympathy,m,M,M,parliamentary_party,3.0,1.4,observed,ME/ME0201/ME0201A/Rostningssympati170
2017M11,2017-11-01,2017-11,ingen sympati/vet ej,ingen sympati/vet ej,NO_SYMPATHY_OR_DONT_KNOW,no_sympathy,mp,MP,MP,parliamentary_party,2.4,1.5,observed,ME/ME0201/ME0201A/Rostningssympati170
2017M11,2017-11-01,2017-11,ingen sympati/vet ej,ingen sympati/vet ej,NO_SYMPATHY_OR_DONT_KNOW,no_sympathy,s,S,S,parliamentary_party,6.9,2.3,observed,ME/ME0201/ME0201A/Rostningssympati170
2017M11,2017-11-01,2017-11,ingen sympati/vet ej,ingen sympati/vet ej,NO_SYMPATHY_OR_DONT_KNOW,no_sympathy,v,V,V,parliamentary_party,1.0,0.9,observed,ME/ME0201/ME0201A/Rostningssympati170
2017M11,2017-11-01,2017-11,ingen sympati/vet ej,ingen sympati/vet ej,NO_SYMPATHY_OR_DONT_KNOW,no_sympathy,vet ej,vet ej/uppgift saknas,DONT_KNOW,dont_know,58.9,4.2,observed,ME/ME0201/ME0201A/Rostningssympati170
2017M11,2017-11-01,2017-11,ingen sympati/vet ej,ingen sympati/vet ej,NO_SYMPATHY_OR_DONT_KNOW,no_sympathy,övr,övriga,OTHER,other_party,,,suppressed,ME/ME0201/ME0201A/Rostningssympati170
2017M11,2017-11-01,2017-11,kd,KD,KD,parliamentary_party,SD,SD,SD,parliamentary_party,,,suppressed,ME/ME0201/ME0201A/Rostningssympati170
2017M11,2017-11-01,2017-11,kd,KD,KD,parliamentary_party,blankt,blankt,BLANK_VOTE,blank_vote,,,suppressed,ME/ME0201/ME0201A/Rostningssympati170
2017M11,2017-11-01,2017-11,kd,KD,KD,parliamentary_party,c,C,C,parliamentary_party,,,suppressed,ME/ME0201/ME0201A/Rostningssympati170
2017M11,2017-11-01,2017-11,kd,KD,KD,parliamentary_party,kd,KD,KD,parliamentary_party,78.8,8.1,observed,ME/ME0201/ME0201A/Rostningssympati170
2017M11,2017-11-01,2017-11,kd,KD,KD,parliamentary_party,l,L,L,parliamentary_party,,,suppressed,ME/ME0201/ME0201A/Rostningssympati170
2017M11,2017-11-01,2017-11,kd,KD,KD,parliamentary_party,m,M,M,parliamentary_party,,,suppressed,ME/ME0201/ME0201A/Rostningssympati170
2017M11,2017-11-01,2017-11,kd,KD,KD,parliamentary_party,mp,MP,MP,parliamentary_party,0.0,0.0,observed,ME/ME0201/ME0201A/Rostningssympati170
2017M11,2017-11-01,2017-11,kd,KD,KD,parliamentary_party,s,S,S,parliamentary_party,0.0,0.0,observed,ME/ME0201/ME0201A/Rostningssympati170
2017M11,2017-11-01,2017-11,kd,KD,KD,parliamentary_party,v,V,V,parliamentary_party,0.0,0.0,observed,ME/ME0201/ME0201A/Rostningssympati170
2017M11,2017-11-01,2017-11,kd,KD,KD,parliamentary_party,vet ej,vet ej/uppgift saknas,DONT_KNOW,dont_know,9.6,5.5,observed,ME/ME0201/ME0201A/Rostningssympati170
2017M11,2017-11-01,2017-11,kd,KD,KD,parliamentary_party,övr,övriga,OTHER,other_party,0.0,0.0,observed,ME/ME0201/ME0201A/Rostningssympati170
2017M11,2017-11-01,2017-11,l,L,L,parliamentary_party,SD,SD,SD,parliamentary_party,1.7,1.7,observed,ME/ME0201/ME0201A/Rostningssympati170
2017M11,2017-11-01,2017-11,l,L,L,parliamentary_party,blankt,blankt,BLANK_VOTE,blank_vote,3.2,2.4,observed,ME/ME0201/ME0201A/Rostningssympati170
2017M11,2017-11-01,2017-11,l,L,L,parliamentary_party,c,C,C,parliamentary_party,4.9,2.8,observed,ME/ME0201/ME0201A/Rostningssympati170
2017M11,2017-11-01,2017-11,l,L,L,parliamentary_party,kd,KD,KD,parliamentary_party,,,suppressed,ME/ME0201/ME0201A/Rostningssympati170
2017M11,2017-11-01,2017-11,l,L,L,parliamentary_party,l,L,L,parliamentary_party,71.1,6.3,observed,ME/ME0201/ME0201A/Rostningssympati170
2017M11,2017-11-01,2017-11,l,L,L,parliamentary_party,m,M,M,parliamentary_party,6.7,3.7,observed,ME/ME0201/ME0201A/Rostningssympati170
2017M11,2017-11-01,2017-11,l,L,L,parliamentary_party,mp,MP,MP,parliamentary_party,,,suppressed,ME/ME0201/ME0201A/Rostningssympati170
2017M11,2017-11-01,2017-11,l,L,L,parliamentary_party,s,S,S,parliamentary_party,,,suppressed,ME/ME0201/ME0201A/Rostningssympati170
2017M11,2017-11-01,2017-11,l,L,L,parliamentary_party,v,V,V,parliamentary_party,0.0,0.0,observed,ME/ME0201/ME0201A/Rostningssympati170
2017M11,2017-11-01,2017-11,l,L,L,parliamentary_party,vet ej,vet ej/uppgift saknas,DONT_KNOW,dont_know,7.4,3.5,observed,ME/ME0201/ME0201A/Rostningssympati170
2017M11,2017-11-01,2017-11,l,L,L,parliamentary_party,övr,övriga,OTHER,other_party,,,suppressed,ME/ME0201/ME0201A/Rostningssympati170
2017M11,2017-11-01,2017-11,m,M,M,parliamentary_party,SD,SD,SD,parliamentary_party,2.7,1.2,observed,ME/ME0201/ME0201A/Rostningssympati170
2017M11,2017-11-01,2017-11,m,M,M,parliamentary_party,blankt,blankt,BLANK_VOTE,blank_vote,4.1,1.5,observed,ME/ME0201/ME0201A/Rostningssympati170
2017M11,2017-11-01,2017-11,m,M,M,parliamentary_party,c,C,C,parliamentary_party,1.2,0.7,observed,ME/ME0201/ME0201A/Rostningssympati170
2017M11,2017-11-01,2017-11,m,M,M,parliamentary_party,kd,KD,KD,parliamentary_party,1.3,0.7,observed,ME/ME0201/ME0201A/Rostningssympati170
2017M11,2017-11-01,2017-11,m,M,M,parliamentary_party,l,L,L,parliamentary_party,0.8,0.6,observed,ME/ME0201/ME0201A/Rostningssympati170
2017M11,2017-11-01,2017-11,m,M,M,parliamentary_party,m,M,M,parliamentary_party,82.6,2.7,observed,ME/ME0201/ME0201A/Rostningssympati170
2017M11,2017-11-01,2017-11,m,M,M,parliamentary_party,mp,MP,MP,parliamentary_party,0.0,0.0,observed,ME/ME0201/ME0201A/Rostningssympati170
2017M11,2017-11-01,2017-11,m,M,M,parliamentary_party,s,S,S,parliamentary_party,0.7,0.7,observed,ME/ME0201/ME0201A/Rostningssympati170
2017M11,2017-11-01,2017-11,m,M,M,parliamentary_party,v,V,V,parliamentary_party,0.0,0.0,observed,ME/ME0201/ME0201A/Rostningssympati170
2017M11,2017-11-01,2017-11,m,M,M,parliamentary_party,vet ej,vet ej/uppgift saknas,DONT_KNOW,dont_know,6.6,1.8,observed,ME/ME0201/ME0201A/Rostningssympati170
2017M11,2017-11-01,2017-11,m,M,M,parliamentary_party,övr,övriga,OTHER,other_party,,,suppressed,ME/ME0201/ME0201A/Rostningssympati170
2017M11,2017-11-01,2017-11,mp,MP,MP,parliamentary_party,SD,SD,SD,parliamentary_party,,,suppressed,ME/ME0201/ME0201A/Rostningssympati170
2017M11,2017-11-01,2017-11,mp,MP,MP,parliamentary_party,blankt,blankt,BLANK_VOTE,blank_vote,2.3,2.3,observed,ME/ME0201/ME0201A/Rostningssympati170
2017M11,2017-11-01,2017-11,mp,MP,MP,parliamentary_party,c,C,C,parliamentary_party,4.0,2.8,observed,ME/ME0201/ME0201A/Rostningssympati170
2017M11,2017-11-01,2017-11,mp,MP,MP,parliamentary_party,kd,KD,KD,parliamentary_party,,,suppressed,ME/ME0201/ME0201A/Rostningssympati170
2017M11,2017-11-01,2017-11,mp,MP,MP,parliamentary_party,l,L,L,parliamentary_party,,,suppressed,ME/ME0201/ME0201A/Rostningssympati170
2017M11,2017-11-01,2017-11,mp,MP,MP,parliamentary_party,m,M,M,parliamentary_party,,,suppressed,ME/ME0201/ME0201A/Rostningssympati170
2017M11,2017-11-01,2017-11,mp,MP,MP,parliamentary_party,mp,MP,MP,parliamentary_party,65.2,7.6,observed,ME/ME0201/ME0201A/Rostningssympati170
2017M11,2017-11-01,2017-11,mp,MP,MP,parliamentary_party,s,S,S,parliamentary_party,7.3,4.4,observed,ME/ME0201/ME0201A/Rostningssympati170
2017M11,2017-11-01,2017-11,mp,MP,MP,parliamentary_party,v,V,V,parliamentary_party,2.5,2.5,observed,ME/ME0201/ME0201A/Rostningssympati170
2017M11,2017-11-01,2017-11,mp,MP,MP,parliamentary_party,vet ej,vet ej/uppgift saknas,DONT_KNOW,dont_know,14.0,5.7,observed,ME/ME0201/ME0201A/Rostningssympati170
2017M11,2017-11-01,2017-11,mp,MP,MP,parliamentary_party,övr,övriga,OTHER,other_party,,,suppressed,ME/ME0201/ME0201A/Rostningssympati170
2017M11,2017-11-01,2017-11,s,S,S,parliamentary_party,SD,SD,SD,parliamentary_party,1.4,0.7,observed,ME/ME0201/ME0201A/Rostningssympati170
2017M11,2017-11-01,2017-11,s,S,S,parliamentary_party,blankt,blankt,BLANK_VOTE,blank_vote,2.3,1.0,observed,ME/ME0201/ME0201A/Rostningssympati170
2017M11,2017-11-01,2017-11,s,S,S,parliamentary_party,c,C,C,parliamentary_party,1.0,0.6,observed,ME/ME0201/ME0201A/Rostningssympati170
2017M11,2017-11-01,2017-11,s,S,S,parliamentary_party,kd,KD,KD,parliamentary_party,,,suppressed,ME/ME0201/ME0201A/Rostningssympati170
2017M11,2017-11-01,2017-11,s,S,S,parliamentary_party,l,L,L,parliamentary_party,0.5,0.4,observed,ME/ME0201/ME0201A/Rostningssympati170
2017M11,2017-11-01,2017-11,s,S,S,parliamentary_party,m,M,M,parliamentary_party,0.9,0.6,observed,ME/ME0201/ME0201A/Rostningssympati170
2017M11,2017-11-01,2017-11,s,S,S,parliamentary_party,mp,MP,MP,parliamentary_party,0.7,0.5,observed,ME/ME0201/ME0201A/Rostningssympati170
2017M11,2017-11-01,2017-11,s,S,S,parliamentary_party,s,S,S,parliamentary_party,81.8,2.3,observed,ME/ME0201/ME0201A/Rostningssympati170
2017M11,2017-11-01,2017-11,s,S,S,parliamentary_party,v,V,V,parliamentary_party,1.2,0.6,observed,ME/ME0201/ME0201A/Rostningssympati170
2017M11,2017-11-01,2017-11,s,S,S,parliamentary_party,vet ej,vet ej/uppgift saknas,DONT_KNOW,dont_know,10.0,1.9,observed,ME/ME0201/ME0201A/Rostningssympati170
2017M11,2017-11-01,2017-11,s,S,S,parliamentary_party,övr,övriga,OTHER,other_party,,,suppressed,ME/ME0201/ME0201A/Rostningssympati170
2017M11,2017-11-01,2017-11,v,V,V,parliamentary_party,SD,SD,SD,parliamentary_party,,,suppressed,ME/ME0201/ME0201A/Rostningssympati170
2017M11,2017-11-01,2017-11,v,V,V,parliamentary_party,blankt,blankt,BLANK_VOTE,blank_vote,1.8,1.6,observed,ME/ME0201/ME0201A/Rostningssympati170
2017M11,2017-11-01,2017-11,v,V,V,parliamentary_party,c,C,C,parliamentary_party,,,suppressed,ME/ME0201/ME0201A/Rostningssympati170
2017M11,2017-11-01,2017-11,v,V,V,parliamentary_party,kd,KD,KD,parliamentary_party,0.0,0.0,observed,ME/ME0201/ME0201A/Rostningssympati170
2017M11,2017-11-01,2017-11,v,V,V,parliamentary_party,l,L,L,parliamentary_party,0.0,0.0,observed,ME/ME0201/ME0201A/Rostningssympati170
2017M11,2017-11-01,2017-11,v,V,V,parliamentary_party,m,M,M,parliamentary_party,0.0,0.0,observed,ME/ME0201/ME0201A/Rostningssympati170
2017M11,2017-11-01,2017-11,v,V,V,parliamentary_party,mp,MP,MP,parliamentary_party,,,suppressed,ME/ME0201/ME0201A/Rostningssympati170
2017M11,2017-11-01,2017-11,v,V,V,parliamentary_party,s,S,S,parliamentary_party,3.2,2.1,observed,ME/ME0201/ME0201A/Rostningssympati170
2017M11,2017-11-01,2017-11,v,V,V,parliamentary_party,v,V,V,parliamentary_party,86.7,4.2,observed,ME/ME0201/ME0201A/Rostningssympati170
2017M11,2017-11-01,2017-11,v,V,V,parliamentary_party,vet ej,vet ej/uppgift saknas,DONT_KNOW,dont_know,3.8,2.4,observed,ME/ME0201/ME0201A/Rostningssympati170
2017M11,2017-11-01,2017-11,v,V,V,parliamentary_party,övr,övriga,OTHER,other_party,1.9,1.7,observed,ME/ME0201/ME0201A/Rostningssympati170
2017M11,2017-11-01,2017-11,övr,övriga,OTHER,other_party,SD,SD,SD,parliamentary_party,,,suppressed,ME/ME0201/ME0201A/Rostningssympati170
2017M11,2017-11-01,2017-11,övr,övriga,OTHER,other_party,blankt,blankt,BLANK_VOTE,blank_vote,11.1,8.2,observed,ME/ME0201/ME0201A/Rostningssympati170
2017M11,2017-11-01,2017-11,övr,övriga,OTHER,other_party,c,C,C,parliamentary_party,,,suppressed,ME/ME0201/ME0201A/Rostningssympati170
2017M11,2017-11-01,2017-11,övr,övriga,OTHER,other_party,kd,KD,KD,parliamentary_party,0.0,0.0,observed,ME/ME0201/ME0201A/Rostningssympati170
2017M11,2017-11-01,2017-11,övr,övriga,OTHER,other_party,l,L,L,parliamentary_party,0.0,0.0,observed,ME/ME0201/ME0201A/Rostningssympati170
2017M11,2017-11-01,2017-11,övr,övriga,OTHER,other_party,m,M,M,parliamentary_party,,,suppressed,ME/ME0201/ME0201A/Rostningssympati170
2017M11,2017-11-01,2017-11,övr,övriga,OTHER,other_party,mp,MP,MP,parliamentary_party,0.0,0.0,observed,ME/ME0201/ME0201A/Rostningssympati170
2017M11,2017-11-01,2017-11,övr,övriga,OTHER,other_party,s,S,S,parliamentary_party,,,suppressed,ME/ME0201/ME0201A/Rostningssympati170
2017M11,2017-11-01,2017-11,övr,övriga,OTHER,other_party,v,V,V,parliamentary_party,7.7,5.0,observed,ME/ME0201/ME0201A/Rostningssympati170
2017M11,2017-11-01,2017-11,övr,övriga,OTHER,other_party,vet ej,vet ej/uppgift saknas,DONT_KNOW,dont_know,6.4,4.7,observed,ME/ME0201/ME0201A/Rostningssympati170
2017M11,2017-11-01,2017-11,övr,övriga,OTHER,other_party,övr,övriga,OTHER,other_party,65.0,10.3,observed,ME/ME0201/ME0201A/Rostningssympati170
2018M05,2018-05-01,2018-05,SD,SD,SD,parliamentary_party,SD,SD,SD,parliamentary_party,93.8,2.2,observed,ME/ME0201/ME0201A/Rostningssympati170
2018M05,2018-05-01,2018-05,SD,SD,SD,parliamentary_party,blankt,blankt,BLANK_VOTE,blank_vote,1.4,1.1,observed,ME/ME0201/ME0201A/Rostningssympati170
2018M05,2018-05-01,2018-05,SD,SD,SD,parliamentary_party,c,C,C,parliamentary_party,0.0,0.0,observed,ME/ME0201/ME0201A/Rostningssympati170
2018M05,2018-05-01,2018-05,SD,SD,SD,parliamentary_party,kd,KD,KD,parliamentary_party,,,suppressed,ME/ME0201/ME0201A/Rostningssympati170
2018M05,2018-05-01,2018-05,SD,SD,SD,parliamentary_party,l,L,L,parliamentary_party,0.0,0.0,observed,ME/ME0201/ME0201A/Rostningssympati170
2018M05,2018-05-01,2018-05,SD,SD,SD,parliamentary_party,m,M,M,parliamentary_party,0.9,0.8,observed,ME/ME0201/ME0201A/Rostningssympati170
2018M05,2018-05-01,2018-05,SD,SD,SD,parliamentary_party,mp,MP,MP,parliamentary_party,0.0,0.0,observed,ME/ME0201/ME0201A/Rostningssympati170
2018M05,2018-05-01,2018-05,SD,SD,SD,parliamentary_party,s,S,S,parliamentary_party,,,suppressed,ME/ME0201/ME0201A/Rostningssympati170
2018M05,2018-05-01,2018-05,SD,SD,SD,parliamentary_party,v,V,V,parliamentary_party,,,suppressed,ME/ME0201/ME0201A/Rostningssympati170
2018M05,2018-05-01,2018-05,SD,SD,SD,parliamentary_party,vet ej,vet ej/uppgift saknas,DONT_KNOW,dont_know,2.5,1.6,observed,ME/ME0201/ME0201A/Rostningssympati170
2018M05,2018-05-01,2018-05,SD,SD,SD,parliamentary_party,övr,övriga,OTHER,other_party,,,suppressed,ME/ME0201/ME0201A/Rostningssympati170
2018M05,2018-05-01,2018-05,c,C,C,parliamentary_party,SD,SD,SD,parliamentary_party,2.3,2.2,observed,ME/ME0201/ME0201A/Rostningssympati170
2018M05,2018-05-01,2018-05,c,C,C,parliamentary_party,blankt,blankt,BLANK_VOTE,blank_vote,4.2,2.4,observed,ME/ME0201/ME0201A/Rostningssympati170
2018M05,2018-05-01,2018-05,c,C,C,parliamentary_party,c,C,C,parliamentary_party,79.8,4.6,observed,ME/ME0201/ME0201A/Rostningssympati170
2018M05,2018-05-01,2018-05,c,C,C,parliamentary_party,kd,KD,KD,parliamentary_party,,,suppressed,ME/ME0201/ME0201A/Rostningssympati170
2018M05,2018-05-01,2018-05,c,C,C,parliamentary_party,l,L,L,parliamentary_party,1.0,0.9,observed,ME/ME0201/ME0201A/Rostningssympati170
2018M05,2018-05-01,2018-05,c,C,C,parliamentary_party,m,M,M,parliamentary_party,2.7,1.7,observed,ME/ME0201/ME0201A/Rostningssympati170
2018M05,2018-05-01,2018-05,c,C,C,parliamentary_party,mp,MP,MP,parliamentary_party,0.0,0.0,observed,ME/ME0201/ME0201A/Rostningssympati170
2018M05,2018-05-01,2018-05,c,C,C,parliamentary_party,s,S,S,parliamentary_party,,,suppressed,ME/ME0201/ME0201A/Rostningssympati170
2018M05,2018-05-01,2018-05,c,C,C,parliamentary_party,v,V,V,parliamentary_party,,,suppressed,ME/ME0201/ME0201A/Rostningssympati170
2018M05,2018-05-01,2018-05,c,C,C,parliamentary_party,vet ej,vet ej/uppgift saknas,DONT_KNOW,dont_know,7.3,2.9,observed,ME/ME0201/ME0201A/Rostningssympati170
2018M05,2018-05-01,2018-05,c,C,C,parliamentary_party,övr,övriga,OTHER,other_party,,,suppressed,ME/ME0201/ME0201A/Rostningssympati170
2018M05,2018-05-01,2018-05,hela väljarkåren,hela väljarkåren,TOTAL_ELECTORATE,total_electorate,SD,SD,SD,parliamentary_party,15.7,0.9,observed,ME/ME0201/ME0201A/Rostningssympati170
2018M05,2018-05-01,2018-05,hela väljarkåren,hela väljarkåren,TOTAL_ELECTORATE,total_electorate,blankt,blankt,BLANK_VOTE,blank_vote,6.0,0.9,observed,ME/ME0201/ME0201A/Rostningssympati170
2018M05,2018-05-01,2018-05,hela väljarkåren,hela väljarkåren,TOTAL_ELECTORATE,total_electorate,c,C,C,parliamentary_party,6.8,0.6,observed,ME/ME0201/ME0201A/Rostningssympati170
2018M05,2018-05-01,2018-05,hela väljarkåren,hela väljarkåren,TOTAL_ELECTORATE,total_electorate,kd,KD,KD,parliamentary_party,2.3,0.4,observed,ME/ME0201/ME0201A/Rostningssympati170
2018M05,2018-05-01,2018-05,hela väljarkåren,hela väljarkåren,TOTAL_ELECTORATE,total_electorate,l,L,L,parliamentary_party,3.5,0.5,observed,ME/ME0201/ME0201A/Rostningssympati170
2018M05,2018-05-01,2018-05,hela väljarkåren,hela väljarkåren,TOTAL_ELECTORATE,total_electorate,m,M,M,parliamentary_party,17.2,1.0,observed,ME/ME0201/ME0201A/Rostningssympati170
2018M05,2018-05-01,2018-05,hela väljarkåren,hela väljarkåren,TOTAL_ELECTORATE,total_electorate,mp,MP,MP,parliamentary_party,3.0,0.5,observed,ME/ME0201/ME0201A/Rostningssympati170
2018M05,2018-05-01,2018-05,hela väljarkåren,hela väljarkåren,TOTAL_ELECTORATE,total_electorate,s,S,S,parliamentary_party,21.3,1.0,observed,ME/ME0201/ME0201A/Rostningssympati170
2018M05,2018-05-01,2018-05,hela väljarkåren,hela väljarkåren,TOTAL_ELECTORATE,total_electorate,v,V,V,parliamentary_party,6.2,0.6,observed,ME/ME0201/ME0201A/Rostningssympati170
2018M05,2018-05-01,2018-05,hela väljarkåren,hela väljarkåren,TOTAL_ELECTORATE,total_electorate,vet ej,vet ej/uppgift saknas,DONT_KNOW,dont_know,15.8,1.2,observed,ME/ME0201/ME0201A/Rostningssympati170
2018M05,2018-05-01,2018-05,hela väljarkåren,hela väljarkåren,TOTAL_ELECTORATE,total_electorate,övr,övriga,OTHER,other_party,2.3,0.5,observed,ME/ME0201/ME0201A/Rostningssympati170
2018M05,2018-05-01,2018-05,ingen sympati/vet ej,ingen sympati/vet ej,NO_SYMPATHY_OR_DONT_KNOW,no_sympathy,SD,SD,SD,parliamentary_party,3.2,1.7,observed,ME/ME0201/ME0201A/Rostningssympati170
2018M05,2018-05-01,2018-05,ingen sympati/vet ej,ingen sympati/vet ej,NO_SYMPATHY_OR_DONT_KNOW,no_sympathy,blankt,blankt,BLANK_VOTE,blank_vote,20.6,3.9,observed,ME/ME0201/ME0201A/Rostningssympati170
2018M05,2018-05-01,2018-05,ingen sympati/vet ej,ingen sympati/vet ej,NO_SYMPATHY_OR_DONT_KNOW,no_sympathy,c,C,C,parliamentary_party,1.6,1.0,observed,ME/ME0201/ME0201A/Rostningssympati170
2018M05,2018-05-01,2018-05,ingen sympati/vet ej,ingen sympati/vet ej,NO_SYMPATHY_OR_DONT_KNOW,no_sympathy,kd,KD,KD,parliamentary_party,0.7,0.6,observed,ME/ME0201/ME0201A/Rostningssympati170
2018M05,2018-05-01,2018-05,ingen sympati/vet ej,ingen sympati/vet ej,NO_SYMPATHY_OR_DONT_KNOW,no_sympathy,l,L,L,parliamentary_party,0.9,0.8,observed,ME/ME0201/ME0201A/Rostningssympati170
2018M05,2018-05-01,2018-05,ingen sympati/vet ej,ingen sympati/vet ej,NO_SYMPATHY_OR_DONT_KNOW,no_sympathy,m,M,M,parliamentary_party,6.3,2.2,observed,ME/ME0201/ME0201A/Rostningssympati170
2018M05,2018-05-01,2018-05,ingen sympati/vet ej,ingen sympati/vet ej,NO_SYMPATHY_OR_DONT_KNOW,no_sympathy,mp,MP,MP,parliamentary_party,1.2,1.1,observed,ME/ME0201/ME0201A/Rostningssympati170
2018M05,2018-05-01,2018-05,ingen sympati/vet ej,ingen sympati/vet ej,NO_SYMPATHY_OR_DONT_KNOW,no_sympathy,s,S,S,parliamentary_party,4.6,1.9,observed,ME/ME0201/ME0201A/Rostningssympati170
2018M05,2018-05-01,2018-05,ingen sympati/vet ej,ingen sympati/vet ej,NO_SYMPATHY_OR_DONT_KNOW,no_sympathy,v,V,V,parliamentary_party,1.0,0.8,observed,ME/ME0201/ME0201A/Rostningssympati170
2018M05,2018-05-01,2018-05,ingen sympati/vet ej,ingen sympati/vet ej,NO_SYMPATHY_OR_DONT_KNOW,no_sympathy,vet ej,vet ej/uppgift saknas,DONT_KNOW,dont_know,58.9,4.6,observed,ME/ME0201/ME0201A/Rostningssympati170
2018M05,2018-05-01,2018-05,ingen sympati/vet ej,ingen sympati/vet ej,NO_SYMPATHY_OR_DONT_KNOW,no_sympathy,övr,övriga,OTHER,other_party,1.0,0.9,observed,ME/ME0201/ME0201A/Rostningssympati170
2018M05,2018-05-01,2018-05,kd,KD,KD,parliamentary_party,SD,SD,SD,parliamentary_party,,,suppressed,ME/ME0201/ME0201A/Rostningssympati170
2018M05,2018-05-01,2018-05,kd,KD,KD,parliamentary_party,blankt,blankt,BLANK_VOTE,blank_vote,3.4,3.3,observed,ME/ME0201/ME0201A/Rostningssympati170
2018M05,2018-05-01,2018-05,kd,KD,KD,parliamentary_party,c,C,C,parliamentary_party,,,suppressed,ME/ME0201/ME0201A/Rostningssympati170
2018M05,2018-05-01,2018-05,kd,KD,KD,parliamentary_party,kd,KD,KD,parliamentary_party,75.9,8.0,observed,ME/ME0201/ME0201A/Rostningssympati170
2018M05,2018-05-01,2018-05,kd,KD,KD,parliamentary_party,l,L,L,parliamentary_party,,,suppressed,ME/ME0201/ME0201A/Rostningssympati170
2018M05,2018-05-01,2018-05,kd,KD,KD,parliamentary_party,m,M,M,parliamentary_party,4.3,3.4,observed,ME/ME0201/ME0201A/Rostningssympati170
2018M05,2018-05-01,2018-05,kd,KD,KD,parliamentary_party,mp,MP,MP,parliamentary_party,,,suppressed,ME/ME0201/ME0201A/Rostningssympati170
2018M05,2018-05-01,2018-05,kd,KD,KD,parliamentary_party,s,S,S,parliamentary_party,,,suppressed,ME/ME0201/ME0201A/Rostningssympati170
2018M05,2018-05-01,2018-05,kd,KD,KD,parliamentary_party,v,V,V,parliamentary_party,0.0,0.0,observed,ME/ME0201/ME0201A/Rostningssympati170
2018M05,2018-05-01,2018-05,kd,KD,KD,parliamentary_party,vet ej,vet ej/uppgift saknas,DONT_KNOW,dont_know,8.3,5.7,observed,ME/ME0201/ME0201A/Rostningssympati170
2018M05,2018-05-01,2018-05,kd,KD,KD,parliamentary_party,övr,övriga,OTHER,other_party,,,suppressed,ME/ME0201/ME0201A/Rostningssympati170
2018M05,2018-05-01,2018-05,l,L,L,parliamentary_party,SD,SD,SD,parliamentary_party,,,suppressed,ME/ME0201/ME0201A/Rostningssympati170
2018M05,2018-05-01,2018-05,l,L,L,parliamentary_party,blankt,blankt,BLANK_VOTE,blank_vote,3.9,3.8,observed,ME/ME0201/ME0201A/Rostningssympati170
2018M05,2018-05-01,2018-05,l,L,L,parliamentary_party,c,C,C,parliamentary_party,3.0,2.3,observed,ME/ME0201/ME0201A/Rostningssympati170
2018M05,2018-05-01,2018-05,l,L,L,parliamentary_party,kd,KD,KD,parliamentary_party,,,suppressed,ME/ME0201/ME0201A/Rostningssympati170
2018M05,2018-05-01,2018-05,l,L,L,parliamentary_party,l,L,L,parliamentary_party,76.5,6.2,observed,ME/ME0201/ME0201A/Rostningssympati170
2018M05,2018-05-01,2018-05,l,L,L,parliamentary_party,m,M,M,parliamentary_party,3.8,2.5,observed,ME/ME0201/ME0201A/Rostningssympati170
2018M05,2018-05-01,2018-05,l,L,L,parliamentary_party,mp,MP,MP,parliamentary_party,0.0,0.0,observed,ME/ME0201/ME0201A/Rostningssympati170
2018M05,2018-05-01,2018-05,l,L,L,parliamentary_party,s,S,S,parliamentary_party,,,suppressed,ME/ME0201/ME0201A/Rostningssympati170
2018M05,2018-05-01,2018-05,l,L,L,parliamentary_party,v,V,V,parliamentary_party,,,suppressed,ME/ME0201/ME0201A/Rostningssympati170
2018M05,2018-05-01,2018-05,l,L,L,parliamentary_party,vet ej,vet ej/uppgift saknas,DONT_KNOW,dont_know,9.4,4.0,observed,ME/ME0201/ME0201A/Rostningssympati170
2018M05,2018-05-01,2018-05,l,L,L,parliamentary_party,övr,övriga,OTHER,other_party,0.0,0.0,observed,ME/ME0201/ME0201A/Rostningssympati170
2018M05,2018-05-01,2018-05,m,M,M,parliamentary_party,SD,SD,SD,parliamentary_party,4.2,1.3,observed,ME/ME0201/ME0201A/Rostningssympati170
2018M05,2018-05-01,2018-05,m,M,M,parliamentary_party,blankt,blankt,BLANK_VOTE,blank_vote,3.4,1.5,observed,ME/ME0201/ME0201A/Rostningssympati170
2018M05,2018-05-01,2018-05,m,M,M,parliamentary_party,c,C,C,parliamentary_party,1.6,0.8,observed,ME/ME0201/ME0201A/Rostningssympati170
2018M05,2018-05-01,2018-05,m,M,M,parliamentary_party,kd,KD,KD,parliamentary_party,0.5,0.4,observed,ME/ME0201/ME0201A/Rostningssympati170
2018M05,2018-05-01,2018-05,m,M,M,parliamentary_party,l,L,L,parliamentary_party,,,suppressed,ME/ME0201/ME0201A/Rostningssympati170
2018M05,2018-05-01,2018-05,m,M,M,parliamentary_party,m,M,M,parliamentary_party,79.9,2.8,observed,ME/ME0201/ME0201A/Rostningssympati170
2018M05,2018-05-01,2018-05,m,M,M,parliamentary_party,mp,MP,MP,parliamentary_party,,,suppressed,ME/ME0201/ME0201A/Rostningssympati170
2018M05,2018-05-01,2018-05,m,M,M,parliamentary_party,s,S,S,parliamentary_party,,,suppressed,ME/ME0201/ME0201A/Rostningssympati170
2018M05,2018-05-01,2018-05,m,M,M,parliamentary_party,v,V,V,parliamentary_party,0.0,0.0,observed,ME/ME0201/ME0201A/Rostningssympati170
2018M05,2018-05-01,2018-05,m,M,M,parliamentary_party,vet ej,vet ej/uppgift saknas,DONT_KNOW,dont_know,8.9,2.0,observed,ME/ME0201/ME0201A/Rostningssympati170
2018M05,2018-05-01,2018-05,m,M,M,parliamentary_party,övr,övriga,OTHER,other_party,,,suppressed,ME/ME0201/ME0201A/Rostningssympati170
2018M05,2018-05-01,2018-05,mp,MP,MP,parliamentary_party,SD,SD,SD,parliamentary_party,,,suppressed,ME/ME0201/ME0201A/Rostningssympati170
2018M05,2018-05-01,2018-05,mp,MP,MP,parliamentary_party,blankt,blankt,BLANK_VOTE,blank_vote,5.0,4.1,observed,ME/ME0201/ME0201A/Rostningssympati170
2018M05,2018-05-01,2018-05,mp,MP,MP,parliamentary_party,c,C,C,parliamentary_party,3.0,2.5,observed,ME/ME0201/ME0201A/Rostningssympati170
2018M05,2018-05-01,2018-05,mp,MP,MP,parliamentary_party,kd,KD,KD,parliamentary_party,,,suppressed,ME/ME0201/ME0201A/Rostningssympati170
2018M05,2018-05-01,2018-05,mp,MP,MP,parliamentary_party,l,L,L,parliamentary_party,,,suppressed,ME/ME0201/ME0201A/Rostningssympati170
2018M05,2018-05-01,2018-05,mp,MP,MP,parliamentary_party,m,M,M,parliamentary_party,4.4,3.6,observed,ME/ME0201/ME0201A/Rostningssympati170
2018M05,2018-05-01,2018-05,mp,MP,MP,parliamentary_party,mp,MP,MP,parliamentary_party,67.7,7.3,observed,ME/ME0201/ME0201A/Rostningssympati170
2018M05,2018-05-01,2018-05,mp,MP,MP,parliamentary_party,s,S,S,parliamentary_party,3.8,3.0,observed,ME/ME0201/ME0201A/Rostningssympati170
2018M05,2018-05-01,2018-05,mp,MP,MP,parliamentary_party,v,V,V,parliamentary_party,,,suppressed,ME/ME0201/ME0201A/Rostningssympati170
2018M05,2018-05-01,2018-05,mp,MP,MP,parliamentary_party,vet ej,vet ej/uppgift saknas,DONT_KNOW,dont_know,11.9,4.7,observed,ME/ME0201/ME0201A/Rostningssympati170
2018M05,2018-05-01,2018-05,mp,MP,MP,parliamentary_party,övr,övriga,OTHER,other_party,,,suppressed,ME/ME0201/ME0201A/Rostningssympati170
2018M05,2018-05-01,2018-05,s,S,S,parliamentary_party,SD,SD,SD,parliamentary_party,1.6,0.8,observed,ME/ME0201/ME0201A/Rostningssympati170
2018M05,2018-05-01,2018-05,s,S,S,parliamentary_party,blankt,blankt,BLANK_VOTE,blank_vote,3.6,1.3,observed,ME/ME0201/ME0201A/Rostningssympati170
2018M05,2018-05-01,2018-05,s,S,S,parliamentary_party,c,C,C,parliamentary_party,0.4,0.3,observed,ME/ME0201/ME0201A/Rostningssympati170
2018M05,2018-05-01,2018-05,s,S,S,parliamentary_party,kd,KD,KD,parliamentary_party,,,suppressed,ME/ME0201/ME0201A/Rostningssympati170
2018M05,2018-05-01,2018-05,s,S,S,parliamentary_party,l,L,L,parliamentary_party,0.6,0.5,observed,ME/ME0201/ME0201A/Rostningssympati170
2018M05,2018-05-01,2018-05,s,S,S,parliamentary_party,m,M,M,parliamentary_party,1.5,0.8,observed,ME/ME0201/ME0201A/Rostningssympati170
2018M05,2018-05-01,2018-05,s,S,S,parliamentary_party,mp,MP,MP,parliamentary_party,,,suppressed,ME/ME0201/ME0201A/Rostningssympati170
2018M05,2018-05-01,2018-05,s,S,S,parliamentary_party,s,S,S,parliamentary_party,81.3,2.5,observed,ME/ME0201/ME0201A/Rostningssympati170
2018M05,2018-05-01,2018-05,s,S,S,parliamentary_party,v,V,V,parliamentary_party,1.4,0.7,observed,ME/ME0201/ME0201A/Rostningssympati170
2018M05,2018-05-01,2018-05,s,S,S,parliamentary_party,vet ej,vet ej/uppgift saknas,DONT_KNOW,dont_know,8.7,1.8,observed,ME/ME0201/ME0201A/Rostningssympati170
2018M05,2018-05-01,2018-05,s,S,S,parliamentary_party,övr,övriga,OTHER,other_party,0.4,0.4,observed,ME/ME0201/ME0201A/Rostningssympati170
2018M05,2018-05-01,2018-05,v,V,V,parliamentary_party,SD,SD,SD,parliamentary_party,1.6,1.5,observed,ME/ME0201/ME0201A/Rostningssympati170
2018M05,2018-05-01,2018-05,v,V,V,parliamentary_party,blankt,blankt,BLANK_VOTE,blank_vote,1.6,1.4,observed,ME/ME0201/ME0201A/Rostningssympati170
2018M05,2018-05-01,2018-05,v,V,V,parliamentary_party,c,C,C,parliamentary_party,,,suppressed,ME/ME0201/ME0201A/Rostningssympati170
2018M05,2018-05-01,2018-05,v,V,V,parliamentary_party,kd,KD,KD,parliamentary_party,0.0,0.0,observed,ME/ME0201/ME0201A/Rostningssympati170
2018M05,2018-05-01,2018-05,v,V,V,parliamentary_party,l,L,L,parliamentary_party,0.0,0.0,observed,ME/ME0201/ME0201A/Rostningssympati170
2018M05,2018-05-01,2018-05,v,V,V,parliamentary_party,m,M,M,parliamentary_party,0.0,0.0,observed,ME/ME0201/ME0201A/Rostningssympati170
2018M05,2018-05-01,2018-05,v,V,V,parliamentary_party,mp,MP,MP,parliamentary_party,,,suppressed,ME/ME0201/ME0201A/Rostningssympati170
2018M05,2018-05-01,2018-05,v,V,V,parliamentary_party,s,S,S,parliamentary_party,3.4,2.0,observed,ME/ME0201/ME0201A/Rostningssympati170
2018M05,2018-05-01,2018-05,v,V,V,parliamentary_party,v,V,V,parliamentary_party,84.5,4.4,observed,ME/ME0201/ME0201A/Rostningssympati170
2018M05,2018-05-01,2018-05,v,V,V,parliamentary_party,vet ej,vet ej/uppgift saknas,DONT_KNOW,dont_know,5.7,3.1,observed,ME/ME0201/ME0201A/Rostningssympati170
2018M05,2018-05-01,2018-05,v,V,V,parliamentary_party,övr,övriga,OTHER,other_party,1.7,1.5,observed,ME/ME0201/ME0201A/Rostningssympati170
2018M05,2018-05-01,2018-05,övr,övriga,OTHER,other_party,SD,SD,SD,parliamentary_party,,,suppressed,ME/ME0201/ME0201A/Rostningssympati170
2018M05,2018-05-01,2018-05,övr,övriga,OTHER,other_party,blankt,blankt,BLANK_VOTE,blank_vote,6.0,5.5,observed,ME/ME0201/ME0201A/Rostningssympati170
2018M05,2018-05-01,2018-05,övr,övriga,OTHER,other_party,c,C,C,parliamentary_party,,,suppressed,ME/ME0201/ME0201A/Rostningssympati170
2018M05,2018-05-01,2018-05,övr,övriga,OTHER,other_party,kd,KD,KD,parliamentary_party,0.0,0.0,observed,ME/ME0201/ME0201A/Rostningssympati170
2018M05,2018-05-01,2018-05,övr,övriga,OTHER,other_party,l,L,L,parliamentary_party,0.0,0.0,observed,ME/ME0201/ME0201A/Rostningssympati170
2018M05,2018-05-01,2018-05,övr,övriga,OTHER,other_party,m,M,M,parliamentary_party,,,suppressed,ME/ME0201/ME0201A/Rostningssympati170
2018M05,2018-05-01,2018-05,övr,övriga,OTHER,other_party,mp,MP,MP,parliamentary_party,,,suppressed,ME/ME0201/ME0201A/Rostningssympati170
2018M05,2018-05-01,2018-05,övr,övriga,OTHER,other_party,s,S,S,parliamentary_party,,,suppressed,ME/ME0201/ME0201A/Rostningssympati170
2018M05,2018-05-01,2018-05,övr,övriga,OTHER,other_party,v,V,V,parliamentary_party,8.2,5.5,observed,ME/ME0201/ME0201A/Rostningssympati170
2018M05,2018-05-01,2018-05,övr,övriga,OTHER,other_party,vet ej,vet ej/uppgift saknas,DONT_KNOW,dont_know,9.0,6.8,observed,ME/ME0201/ME0201A/Rostningssympati170
2018M05,2018-05-01,2018-05,övr,övriga,OTHER,other_party,övr,övriga,OTHER,other_party,69.5,9.9,observed,ME/ME0201/ME0201A/Rostningssympati170
2018M11,2018-11-01,2018-11,SD,SD,SD,parliamentary_party,SD,SD,SD,parliamentary_party,96.2,1.6,observed,ME/ME0201/ME0201A/Rostningssympati170
2018M11,2018-11-01,2018-11,SD,SD,SD,parliamentary_party,blankt,blankt,BLANK_VOTE,blank_vote,,,suppressed,ME/ME0201/ME0201A/Rostningssympati170
2018M11,2018-11-01,2018-11,SD,SD,SD,parliamentary_party,c,C,C,parliamentary_party,0.0,0.0,observed,ME/ME0201/ME0201A/Rostningssympati170
2018M11,2018-11-01,2018-11,SD,SD,SD,parliamentary_party,kd,KD,KD,parliamentary_party,0.7,0.6,observed,ME/ME0201/ME0201A/Rostningssympati170
2018M11,2018-11-01,2018-11,SD,SD,SD,parliamentary_party,l,L,L,parliamentary_party,0.0,0.0,observed,ME/ME0201/ME0201A/Rostningssympati170
2018M11,2018-11-01,2018-11,SD,SD,SD,parliamentary_party,m,M,M,parliamentary_party,1.4,1.0,observed,ME/ME0201/ME0201A/Rostningssympati170
2018M11,2018-11-01,2018-11,SD,SD,SD,parliamentary_party,mp,MP,MP,parliamentary_party,0.0,0.0,observed,ME/ME0201/ME0201A/Rostningssympati170
2018M11,2018-11-01,2018-11,SD,SD,SD,parliamentary_party,s,S,S,parliamentary_party,,,suppressed,ME/ME0201/ME0201A/Rostningssympati170
2018M11,2018-11-01,2018-11,SD,SD,SD,parliamentary_party,v,V,V,parliamentary_party,,,suppressed,ME/ME0201/ME0201A/Rostningssympati170
2018M11,2018-11-01,2018-11,SD,SD,SD,parliamentary_party,vet ej,vet ej/uppgift saknas,DONT_KNOW,dont_know,1.1,0.9,observed,ME/ME0201/ME0201A/Rostningssympati170
2018M11,2018-11-01,2018-11,SD,SD,SD,parliamentary_party,övr,övriga,OTHER,other_party,0.0,0.0,observed,ME/ME0201/ME0201A/Rostningssympati170
2018M11,2018-11-01,2018-11,c,C,C,parliamentary_party,SD,SD,SD,parliamentary_party,,,suppressed,ME/ME0201/ME0201A/Rostningssympati170
2018M11,2018-11-01,2018-11,c,C,C,parliamentary_party,blankt,blankt,BLANK_VOTE,blank_vote,,,suppressed,ME/ME0201/ME0201A/Rostningssympati170
2018M11,2018-11-01,2018-11,c,C,C,parliamentary_party,c,C,C,parliamentary_party,82.1,3.7,observed,ME/ME0201/ME0201A/Rostningssympati170
2018M11,2018-11-01,2018-11,c,C,C,parliamentary_party,kd,KD,KD,parliamentary_party,,,suppressed,ME/ME0201/ME0201A/Rostningssympati170
2018M11,2018-11-01,2018-11,c,C,C,parliamentary_party,l,L,L,parliamentary_party,1.1,1.0,observed,ME/ME0201/ME0201A/Rostningssympati170
2018M11,2018-11-01,2018-11,c,C,C,parliamentary_party,m,M,M,parliamentary_party,3.3,1.7,observed,ME/ME0201/ME0201A/Rostningssympati170
2018M11,2018-11-01,2018-11,c,C,C,parliamentary_party,mp,MP,MP,parliamentary_party,,,suppressed,ME/ME0201/ME0201A/Rostningssympati170
2018M11,2018-11-01,2018-11,c,C,C,parliamentary_party,s,S,S,parliamentary_party,3.7,1.8,observed,ME/ME0201/ME0201A/Rostningssympati170
2018M11,2018-11-01,2018-11,c,C,C,parliamentary_party,v,V,V,parliamentary_party,,,suppressed,ME/ME0201/ME0201A/Rostningssympati170
2018M11,2018-11-01,2018-11,c,C,C,parliamentary_party,vet ej,vet ej/uppgift saknas,DONT_KNOW,dont_know,6.6,2.5,observed,ME/ME0201/ME0201A/Rostningssympati170
2018M11,2018-11-01,2018-11,c,C,C,parliamentary_party,övr,övriga,OTHER,other_party,,,suppressed,ME/ME0201/ME0201A/Rostningssympati170
2018M11,2018-11-01,2018-11,hela väljarkåren,hela väljarkåren,TOTAL_ELECTORATE,total_electorate,SD,SD,SD,parliamentary_party,16.7,0.8,observed,ME/ME0201/ME0201A/Rostningssympati170
2018M11,2018-11-01,2018-11,hela väljarkåren,hela väljarkåren,TOTAL_ELECTORATE,total_electorate,blankt,blankt,BLANK_VOTE,blank_vote,3.0,0.7,observed,ME/ME0201/ME0201A/Rostningssympati170
2018M11,2018-11-01,2018-11,hela väljarkåren,hela väljarkåren,TOTAL_ELECTORATE,total_electorate,c,C,C,parliamentary_party,7.5,0.5,observed,ME/ME0201/ME0201A/Rostningssympati170
2018M11,2018-11-01,2018-11,hela väljarkåren,hela väljarkåren,TOTAL_ELECTORATE,total_electorate,kd,KD,KD,parliamentary_party,4.7,0.4,observed,ME/ME0201/ME0201A/Rostningssympati170
2018M11,2018-11-01,2018-11,hela väljarkåren,hela väljarkåren,TOTAL_ELECTORATE,total_electorate,l,L,L,parliamentary_party,3.4,0.4,observed,ME/ME0201/ME0201A/Rostningssympati170
2018M11,2018-11-01,2018-11,hela väljarkåren,hela väljarkåren,TOTAL_ELECTORATE,total_electorate,m,M,M,parliamentary_party,16.5,0.8,observed,ME/ME0201/ME0201A/Rostningssympati170
2018M11,2018-11-01,2018-11,hela väljarkåren,hela väljarkåren,TOTAL_ELECTORATE,total_electorate,mp,MP,MP,parliamentary_party,3.4,0.4,observed,ME/ME0201/ME0201A/Rostningssympati170
2018M11,2018-11-01,2018-11,hela väljarkåren,hela väljarkåren,TOTAL_ELECTORATE,total_electorate,s,S,S,parliamentary_party,26.0,1.0,observed,ME/ME0201/ME0201A/Rostningssympati170
2018M11,2018-11-01,2018-11,hela väljarkåren,hela väljarkåren,TOTAL_ELECTORATE,total_electorate,v,V,V,parliamentary_party,7.2,0.6,observed,ME/ME0201/ME0201A/Rostningssympati170
2018M11,2018-11-01,2018-11,hela väljarkåren,hela väljarkåren,TOTAL_ELECTORATE,total_electorate,vet ej,vet ej/uppgift saknas,DONT_KNOW,dont_know,10.8,1.1,observed,ME/ME0201/ME0201A/Rostningssympati170
2018M11,2018-11-01,2018-11,hela väljarkåren,hela väljarkåren,TOTAL_ELECTORATE,total_electorate,övr,övriga,OTHER,other_party,1.1,0.3,observed,ME/ME0201/ME0201A/Rostningssympati170
2018M11,2018-11-01,2018-11,ingen sympati/vet ej,ingen sympati/vet ej,NO_SYMPATHY_OR_DONT_KNOW,no_sympathy,SD,SD,SD,parliamentary_party,5.5,2.9,observed,ME/ME0201/ME0201A/Rostningssympati170
2018M11,2018-11-01,2018-11,ingen sympati/vet ej,ingen sympati/vet ej,NO_SYMPATHY_OR_DONT_KNOW,no_sympathy,blankt,blankt,BLANK_VOTE,blank_vote,15.5,4.9,observed,ME/ME0201/ME0201A/Rostningssympati170
2018M11,2018-11-01,2018-11,ingen sympati/vet ej,ingen sympati/vet ej,NO_SYMPATHY_OR_DONT_KNOW,no_sympathy,c,C,C,parliamentary_party,2.5,1.6,observed,ME/ME0201/ME0201A/Rostningssympati170
2018M11,2018-11-01,2018-11,ingen sympati/vet ej,ingen sympati/vet ej,NO_SYMPATHY_OR_DONT_KNOW,no_sympathy,kd,KD,KD,parliamentary_party,1.8,1.2,observed,ME/ME0201/ME0201A/Rostningssympati170
2018M11,2018-11-01,2018-11,ingen sympati/vet ej,ingen sympati/vet ej,NO_SYMPATHY_OR_DONT_KNOW,no_sympathy,l,L,L,parliamentary_party,,,suppressed,ME/ME0201/ME0201A/Rostningssympati170
2018M11,2018-11-01,2018-11,ingen sympati/vet ej,ingen sympati/vet ej,NO_SYMPATHY_OR_DONT_KNOW,no_sympathy,m,M,M,parliamentary_party,5.9,2.6,observed,ME/ME0201/ME0201A/Rostningssympati170
2018M11,2018-11-01,2018-11,ingen sympati/vet ej,ingen sympati/vet ej,NO_SYMPATHY_OR_DONT_KNOW,no_sympathy,mp,MP,MP,parliamentary_party,0.9,0.7,observed,ME/ME0201/ME0201A/Rostningssympati170
2018M11,2018-11-01,2018-11,ingen sympati/vet ej,ingen sympati/vet ej,NO_SYMPATHY_OR_DONT_KNOW,no_sympathy,s,S,S,parliamentary_party,9.3,3.4,observed,ME/ME0201/ME0201A/Rostningssympati170
2018M11,2018-11-01,2018-11,ingen sympati/vet ej,ingen sympati/vet ej,NO_SYMPATHY_OR_DONT_KNOW,no_sympathy,v,V,V,parliamentary_party,2.2,2.1,observed,ME/ME0201/ME0201A/Rostningssympati170
2018M11,2018-11-01,2018-11,ingen sympati/vet ej,ingen sympati/vet ej,NO_SYMPATHY_OR_DONT_KNOW,no_sympathy,vet ej,vet ej/uppgift saknas,DONT_KNOW,dont_know,55.7,6.2,observed,ME/ME0201/ME0201A/Rostningssympati170
2018M11,2018-11-01,2018-11,ingen sympati/vet ej,ingen sympati/vet ej,NO_SYMPATHY_OR_DONT_KNOW,no_sympathy,övr,övriga,OTHER,other_party,,,suppressed,ME/ME0201/ME0201A/Rostningssympati170
2018M11,2018-11-01,2018-11,kd,KD,KD,parliamentary_party,SD,SD,SD,parliamentary_party,6.1,3.8,observed,ME/ME0201/ME0201A/Rostningssympati170
2018M11,2018-11-01,2018-11,kd,KD,KD,parliamentary_party,blankt,blankt,BLANK_VOTE,blank_vote,2.2,1.9,observed,ME/ME0201/ME0201A/Rostningssympati170
2018M11,2018-11-01,2018-11,kd,KD,KD,parliamentary_party,c,C,C,parliamentary_party,2.5,1.9,observed,ME/ME0201/ME0201A/Rostningssympati170
2018M11,2018-11-01,2018-11,kd,KD,KD,parliamentary_party,kd,KD,KD,parliamentary_party,79.4,5.6,observed,ME/ME0201/ME0201A/Rostningssympati170
2018M11,2018-11-01,2018-11,kd,KD,KD,parliamentary_party,l,L,L,parliamentary_party,0.0,0.0,observed,ME/ME0201/ME0201A/Rostningssympati170
2018M11,2018-11-01,2018-11,kd,KD,KD,parliamentary_party,m,M,M,parliamentary_party,4.8,3.0,observed,ME/ME0201/ME0201A/Rostningssympati170
2018M11,2018-11-01,2018-11,kd,KD,KD,parliamentary_party,mp,MP,MP,parliamentary_party,0.0,0.0,observed,ME/ME0201/ME0201A/Rostningssympati170
2018M11,2018-11-01,2018-11,kd,KD,KD,parliamentary_party,s,S,S,parliamentary_party,,,suppressed,ME/ME0201/ME0201A/Rostningssympati170
2018M11,2018-11-01,2018-11,kd,KD,KD,parliamentary_party,v,V,V,parliamentary_party,0.0,0.0,observed,ME/ME0201/ME0201A/Rostningssympati170
2018M11,2018-11-01,2018-11,kd,KD,KD,parliamentary_party,vet ej,vet ej/uppgift saknas,DONT_KNOW,dont_know,4.3,2.6,observed,ME/ME0201/ME0201A/Rostningssympati170
2018M11,2018-11-01,2018-11,kd,KD,KD,parliamentary_party,övr,övriga,OTHER,other_party,0.0,0.0,observed,ME/ME0201/ME0201A/Rostningssympati170
2018M11,2018-11-01,2018-11,l,L,L,parliamentary_party,SD,SD,SD,parliamentary_party,,,suppressed,ME/ME0201/ME0201A/Rostningssympati170
2018M11,2018-11-01,2018-11,l,L,L,parliamentary_party,blankt,blankt,BLANK_VOTE,blank_vote,,,suppressed,ME/ME0201/ME0201A/Rostningssympati170
2018M11,2018-11-01,2018-11,l,L,L,parliamentary_party,c,C,C,parliamentary_party,3.7,2.4,observed,ME/ME0201/ME0201A/Rostningssympati170
2018M11,2018-11-01,2018-11,l,L,L,parliamentary_party,kd,KD,KD,parliamentary_party,1.8,1.6,observed,ME/ME0201/ME0201A/Rostningssympati170
2018M11,2018-11-01,2018-11,l,L,L,parliamentary_party,l,L,L,parliamentary_party,73.0,5.9,observed,ME/ME0201/ME0201A/Rostningssympati170
2018M11,2018-11-01,2018-11,l,L,L,parliamentary_party,m,M,M,parliamentary_party,9.1,3.7,observed,ME/ME0201/ME0201A/Rostningssympati170
2018M11,2018-11-01,2018-11,l,L,L,parliamentary_party,mp,MP,MP,parliamentary_party,,,suppressed,ME/ME0201/ME0201A/Rostningssympati170
2018M11,2018-11-01,2018-11,l,L,L,parliamentary_party,s,S,S,parliamentary_party,3.1,2.2,observed,ME/ME0201/ME0201A/Rostningssympati170
2018M11,2018-11-01,2018-11,l,L,L,parliamentary_party,v,V,V,parliamentary_party,0.0,0.0,observed,ME/ME0201/ME0201A/Rostningssympati170
2018M11,2018-11-01,2018-11,l,L,L,parliamentary_party,vet ej,vet ej/uppgift saknas,DONT_KNOW,dont_know,7.0,4.0,observed,ME/ME0201/ME0201A/Rostningssympati170
2018M11,2018-11-01,2018-11,l,L,L,parliamentary_party,övr,övriga,OTHER,other_party,0.0,0.0,observed,ME/ME0201/ME0201A/Rostningssympati170
2018M11,2018-11-01,2018-11,m,M,M,parliamentary_party,SD,SD,SD,parliamentary_party,7.5,1.8,observed,ME/ME0201/ME0201A/Rostningssympati170
2018M11,2018-11-01,2018-11,m,M,M,parliamentary_party,blankt,blankt,BLANK_VOTE,blank_vote,2.1,1.5,observed,ME/ME0201/ME0201A/Rostningssympati170
2018M11,2018-11-01,2018-11,m,M,M,parliamentary_party,c,C,C,parliamentary_party,1.3,0.7,observed,ME/ME0201/ME0201A/Rostningssympati170
2018M11,2018-11-01,2018-11,m,M,M,parliamentary_party,kd,KD,KD,parliamentary_party,2.8,1.0,observed,ME/ME0201/ME0201A/Rostningssympati170
2018M11,2018-11-01,2018-11,m,M,M,parliamentary_party,l,L,L,parliamentary_party,,,suppressed,ME/ME0201/ME0201A/Rostningssympati170
2018M11,2018-11-01,2018-11,m,M,M,parliamentary_party,m,M,M,parliamentary_party,79.0,2.9,observed,ME/ME0201/ME0201A/Rostningssympati170
2018M11,2018-11-01,2018-11,m,M,M,parliamentary_party,mp,MP,MP,parliamentary_party,0.0,0.0,observed,ME/ME0201/ME0201A/Rostningssympati170
2018M11,2018-11-01,2018-11,m,M,M,parliamentary_party,s,S,S,parliamentary_party,1.0,0.9,observed,ME/ME0201/ME0201A/Rostningssympati170
2018M11,2018-11-01,2018-11,m,M,M,parliamentary_party,v,V,V,parliamentary_party,,,suppressed,ME/ME0201/ME0201A/Rostningssympati170
2018M11,2018-11-01,2018-11,m,M,M,parliamentary_party,vet ej,vet ej/uppgift saknas,DONT_KNOW,dont_know,5.8,1.6,observed,ME/ME0201/ME0201A/Rostningssympati170
2018M11,2018-11-01,2018-11,m,M,M,parliamentary_party,övr,övriga,OTHER,other_party,0.0,0.0,observed,ME/ME0201/ME0201A/Rostningssympati170
2018M11,2018-11-01,2018-11,mp,MP,MP,parliamentary_party,SD,SD,SD,parliamentary_party,,,suppressed,ME/ME0201/ME0201A/Rostningssympati170
2018M11,2018-11-01,2018-11,mp,MP,MP,parliamentary_party,blankt,blankt,BLANK_VOTE,blank_vote,,,suppressed,ME/ME0201/ME0201A/Rostningssympati170
2018M11,2018-11-01,2018-11,mp,MP,MP,parliamentary_party,c,C,C,parliamentary_party,3.6,2.7,observed,ME/ME0201/ME0201A/Rostningssympati170
2018M11,2018-11-01,2018-11,mp,MP,MP,parliamentary_party,kd,KD,KD,parliamentary_party,0.0,0.0,observed,ME/ME0201/ME0201A/Rostningssympati170
2018M11,2018-11-01,2018-11,mp,MP,MP,parliamentary_party,l,L,L,parliamentary_party,,,suppressed,ME/ME0201/ME0201A/Rostningssympati170
2018M11,2018-11-01,2018-11,mp,MP,MP,parliamentary_party,m,M,M,parliamentary_party,,,suppressed,ME/ME0201/ME0201A/Rostningssympati170
2018M11,2018-11-01,2018-11,mp,MP,MP,parliamentary_party,mp,MP,MP,parliamentary_party,70.6,6.7,observed,ME/ME0201/ME0201A/Rostningssympati170
2018M11,2018-11-01,2018-11,mp,MP,MP,parliamentary_party,s,S,S,parliamentary_party,9.5,4.0,observed,ME/ME0201/ME0201A/Rostningssympati170
2018M11,2018-11-01,2018-11,mp,MP,MP,parliamentary_party,v,V,V,parliamentary_party,1.8,1.8,observed,ME/ME0201/ME0201A/Rostningssympati170
2018M11,2018-11-01,2018-11,mp,MP,MP,parliamentary_party,vet ej,vet ej/uppgift saknas,DONT_KNOW,dont_know,8.8,5.1,observed,ME/ME0201/ME0201A/Rostningssympati170
2018M11,2018-11-01,2018-11,mp,MP,MP,parliamentary_party,övr,övriga,OTHER,other_party,,,suppressed,ME/ME0201/ME0201A/Rostningssympati170
2018M11,2018-11-01,2018-11,s,S,S,parliamentary_party,SD,SD,SD,parliamentary_party,1.7,0.8,observed,ME/ME0201/ME0201A/Rostningssympati170
2018M11,2018-11-01,2018-11,s,S,S,parliamentary_party,blankt,blankt,BLANK_VOTE,blank_vote,1.7,0.9,observed,ME/ME0201/ME0201A/Rostningssympati170
2018M11,2018-11-01,2018-11,s,S,S,parliamentary_party,c,C,C,parliamentary_party,1.0,0.5,observed,ME/ME0201/ME0201A/Rostningssympati170
2018M11,2018-11-01,2018-11,s,S,S,parliamentary_party,kd,KD,KD,parliamentary_party,,,suppressed,ME/ME0201/ME0201A/Rostningssympati170
2018M11,2018-11-01,2018-11,s,S,S,parliamentary_party,l,L,L,parliamentary_party,0.6,0.6,observed,ME/ME0201/ME0201A/Rostningssympati170
2018M11,2018-11-01,2018-11,s,S,S,parliamentary_party,m,M,M,parliamentary_party,0.5,0.4,observed,ME/ME0201/ME0201A/Rostningssympati170
2018M11,2018-11-01,2018-11,s,S,S,parliamentary_party,mp,MP,MP,parliamentary_party,0.8,0.5,observed,ME/ME0201/ME0201A/Rostningssympati170
2018M11,2018-11-01,2018-11,s,S,S,parliamentary_party,s,S,S,parliamentary_party,86.2,2.2,observed,ME/ME0201/ME0201A/Rostningssympati170
2018M11,2018-11-01,2018-11,s,S,S,parliamentary_party,v,V,V,parliamentary_party,1.6,0.7,observed,ME/ME0201/ME0201A/Rostningssympati170
2018M11,2018-11-01,2018-11,s,S,S,parliamentary_party,vet ej,vet ej/uppgift saknas,DONT_KNOW,dont_know,5.7,1.6,observed,ME/ME0201/ME0201A/Rostningssympati170
2018M11,2018-11-01,2018-11,s,S,S,parliamentary_party,övr,övriga,OTHER,other_party,0.0,0.0,observed,ME/ME0201/ME0201A/Rostningssympati170
2018M11,2018-11-01,2018-11,v,V,V,parliamentary_party,SD,SD,SD,parliamentary_party,,,suppressed,ME/ME0201/ME0201A/Rostningssympati170
2018M11,2018-11-01,2018-11,v,V,V,parliamentary_party,blankt,blankt,BLANK_VOTE,blank_vote,,,suppressed,ME/ME0201/ME0201A/Rostningssympati170
2018M11,2018-11-01,2018-11,v,V,V,parliamentary_party,c,C,C,parliamentary_party,,,suppressed,ME/ME0201/ME0201A/Rostningssympati170
2018M11,2018-11-01,2018-11,v,V,V,parliamentary_party,kd,KD,KD,parliamentary_party,0.0,0.0,observed,ME/ME0201/ME0201A/Rostningssympati170
2018M11,2018-11-01,2018-11,v,V,V,parliamentary_party,l,L,L,parliamentary_party,0.0,0.0,observed,ME/ME0201/ME0201A/Rostningssympati170
2018M11,2018-11-01,2018-11,v,V,V,parliamentary_party,m,M,M,parliamentary_party,,,suppressed,ME/ME0201/ME0201A/Rostningssympati170
2018M11,2018-11-01,2018-11,v,V,V,parliamentary_party,mp,MP,MP,parliamentary_party,2.1,1.5,observed,ME/ME0201/ME0201A/Rostningssympati170
2018M11,2018-11-01,2018-11,v,V,V,parliamentary_party,s,S,S,parliamentary_party,11.3,3.3,observed,ME/ME0201/ME0201A/Rostningssympati170
2018M11,2018-11-01,2018-11,v,V,V,parliamentary_party,v,V,V,parliamentary_party,79.4,4.6,observed,ME/ME0201/ME0201A/Rostningssympati170
2018M11,2018-11-01,2018-11,v,V,V,parliamentary_party,vet ej,vet ej/uppgift saknas,DONT_KNOW,dont_know,4.3,2.5,observed,ME/ME0201/ME0201A/Rostningssympati170
2018M11,2018-11-01,2018-11,v,V,V,parliamentary_party,övr,övriga,OTHER,other_party,,,suppressed,ME/ME0201/ME0201A/Rostningssympati170
2018M11,2018-11-01,2018-11,övr,övriga,OTHER,other_party,SD,SD,SD,parliamentary_party,,,suppressed,ME/ME0201/ME0201A/Rostningssympati170
2018M11,2018-11-01,2018-11,övr,övriga,OTHER,other_party,blankt,blankt,BLANK_VOTE,blank_vote,,,suppressed,ME/ME0201/ME0201A/Rostningssympati170
2018M11,2018-11-01,2018-11,övr,övriga,OTHER,other_party,c,C,C,parliamentary_party,0.0,0.0,observed,ME/ME0201/ME0201A/Rostningssympati170
2018M11,2018-11-01,2018-11,övr,övriga,OTHER,other_party,kd,KD,KD,parliamentary_party,,,suppressed,ME/ME0201/ME0201A/Rostningssympati170
2018M11,2018-11-01,2018-11,övr,övriga,OTHER,other_party,l,L,L,parliamentary_party,0.0,0.0,observed,ME/ME0201/ME0201A/Rostningssympati170
2018M11,2018-11-01,2018-11,övr,övriga,OTHER,other_party,m,M,M,parliamentary_party,,,suppressed,ME/ME0201/ME0201A/Rostningssympati170
2018M11,2018-11-01,2018-11,övr,övriga,OTHER,other_party,mp,MP,MP,parliamentary_party,,,suppressed,ME/ME0201/ME0201A/Rostningssympati170
2018M11,2018-11-01,2018-11,övr,övriga,OTHER,other_party,s,S,S,parliamentary_party,5.7,5.0,observed,ME/ME0201/ME0201A/Rostningssympati170
2018M11,2018-11-01,2018-11,övr,övriga,OTHER,other_party,v,V,V,parliamentary_party,15.1,8.1,observed,ME/ME0201/ME0201A/Rostningssympati170
2018M11,2018-11-01,2018-11,övr,övriga,OTHER,other_party,vet ej,vet ej/uppgift saknas,DONT_KNOW,dont_know,,,suppressed,ME/ME0201/ME0201A/Rostningssympati170
2018M11,2018-11-01,2018-11,övr,övriga,OTHER,other_party,övr,övriga,OTHER,other_party,56.2,13.1,observed,ME/ME0201/ME0201A/Rostningssympati170
2019M05,2019-05-01,2019-05,SD,SD,SD,parliamentary_party,SD,SD,SD,parliamentary_party,92.0,3.0,observed,ME/ME0201/ME0201A/Rostningssympati170
2019M05,2019-05-01,2019-05,SD,SD,SD,parliamentary_party,blankt,blankt,BLANK_VOTE,blank_vote,1.8,1.8,observed,ME/ME0201/ME0201A/Rostningssympati170
2019M05,2019-05-01,2019-05,SD,SD,SD,parliamentary_party,c,C,C,parliamentary_party,0.0,0.0,observed,ME/ME0201/ME0201A/Rostningssympati170
2019M05,2019-05-01,2019-05,SD,SD,SD,parliamentary_party,kd,KD,KD,parliamentary_party,2.9,1.7,observed,ME/ME0201/ME0201A/Rostningssympati170
2019M05,2019-05-01,2019-05,SD,SD,SD,parliamentary_party,l,L,L,parliamentary_party,0.0,0.0,observed,ME/ME0201/ME0201A/Rostningssympati170
2019M05,2019-05-01,2019-05,SD,SD,SD,parliamentary_party,m,M,M,parliamentary_party,,,suppressed,ME/ME0201/ME0201A/Rostningssympati170
2019M05,2019-05-01,2019-05,SD,SD,SD,parliamentary_party,mp,MP,MP,parliamentary_party,,,suppressed,ME/ME0201/ME0201A/Rostningssympati170
2019M05,2019-05-01,2019-05,SD,SD,SD,parliamentary_party,s,S,S,parliamentary_party,,,suppressed,ME/ME0201/ME0201A/Rostningssympati170
2019M05,2019-05-01,2019-05,SD,SD,SD,parliamentary_party,v,V,V,parliamentary_party,0.0,0.0,observed,ME/ME0201/ME0201A/Rostningssympati170
2019M05,2019-05-01,2019-05,SD,SD,SD,parliamentary_party,vet ej,vet ej/uppgift saknas,DONT_KNOW,dont_know,2.6,1.9,observed,ME/ME0201/ME0201A/Rostningssympati170
2019M05,2019-05-01,2019-05,SD,SD,SD,parliamentary_party,övr,övriga,OTHER,other_party,0.0,0.0,observed,ME/ME0201/ME0201A/Rostningssympati170
2019M05,2019-05-01,2019-05,c,C,C,parliamentary_party,SD,SD,SD,parliamentary_party,,,suppressed,ME/ME0201/ME0201A/Rostningssympati170
2019M05,2019-05-01,2019-05,c,C,C,parliamentary_party,blankt,blankt,BLANK_VOTE,blank_vote,,,suppressed,ME/ME0201/ME0201A/Rostningssympati170
2019M05,2019-05-01,2019-05,c,C,C,parliamentary_party,c,C,C,parliamentary_party,81.4,4.7,observed,ME/ME0201/ME0201A/Rostningssympati170
2019M05,2019-05-01,2019-05,c,C,C,parliamentary_party,kd,KD,KD,parliamentary_party,1.9,1.6,observed,ME/ME0201/ME0201A/Rostningssympati170
2019M05,2019-05-01,2019-05,c,C,C,parliamentary_party,l,L,L,parliamentary_party,,,suppressed,ME/ME0201/ME0201A/Rostningssympati170
2019M05,2019-05-01,2019-05,c,C,C,parliamentary_party,m,M,M,parliamentary_party,,,suppressed,ME/ME0201/ME0201A/Rostningssympati170
2019M05,2019-05-01,2019-05,c,C,C,parliamentary_party,mp,MP,MP,parliamentary_party,1.6,1.3,observed,ME/ME0201/ME0201A/Rostningssympati170
2019M05,2019-05-01,2019-05,c,C,C,parliamentary_party,s,S,S,parliamentary_party,3.0,2.0,observed,ME/ME0201/ME0201A/Rostningssympati170
2019M05,2019-05-01,2019-05,c,C,C,parliamentary_party,v,V,V,parliamentary_party,,,suppressed,ME/ME0201/ME0201A/Rostningssympati170
2019M05,2019-05-01,2019-05,c,C,C,parliamentary_party,vet ej,vet ej/uppgift saknas,DONT_KNOW,dont_know,7.3,3.4,observed,ME/ME0201/ME0201A/Rostningssympati170
2019M05,2019-05-01,2019-05,c,C,C,parliamentary_party,övr,övriga,OTHER,other_party,0.0,0.0,observed,ME/ME0201/ME0201A/Rostningssympati170
2019M05,2019-05-01,2019-05,hela väljarkåren,hela väljarkåren,TOTAL_ELECTORATE,total_electorate,SD,SD,SD,parliamentary_party,15.0,0.9,observed,ME/ME0201/ME0201A/Rostningssympati170
2019M05,2019-05-01,2019-05,hela väljarkåren,hela väljarkåren,TOTAL_ELECTORATE,total_electorate,blankt,blankt,BLANK_VOTE,blank_vote,4.5,0.9,observed,ME/ME0201/ME0201A/Rostningssympati170
2019M05,2019-05-01,2019-05,hela väljarkåren,hela väljarkåren,TOTAL_ELECTORATE,total_electorate,c,C,C,parliamentary_party,6.1,0.5,observed,ME/ME0201/ME0201A/Rostningssympati170
2019M05,2019-05-01,2019-05,hela väljarkåren,hela väljarkåren,TOTAL_ELECTORATE,total_electorate,kd,KD,KD,parliamentary_party,10.5,0.8,observed,ME/ME0201/ME0201A/Rostningssympati170
2019M05,2019-05-01,2019-05,hela väljarkåren,hela väljarkåren,TOTAL_ELECTORATE,total_electorate,l,L,L,parliamentary_party,2.7,0.4,observed,ME/ME0201/ME0201A/Rostningssympati170
2019M05,2019-05-01,2019-05,hela väljarkåren,hela väljarkåren,TOTAL_ELECTORATE,total_electorate,m,M,M,parliamentary_party,13.4,0.9,observed,ME/ME0201/ME0201A/Rostningssympati170
2019M05,2019-05-01,2019-05,hela väljarkåren,hela väljarkåren,TOTAL_ELECTORATE,total_electorate,mp,MP,MP,parliamentary_party,4.5,0.6,observed,ME/ME0201/ME0201A/Rostningssympati170
2019M05,2019-05-01,2019-05,hela väljarkåren,hela väljarkåren,TOTAL_ELECTORATE,total_electorate,s,S,S,parliamentary_party,22.3,1.0,observed,ME/ME0201/ME0201A/Rostningssympati170
2019M05,2019-05-01,2019-05,hela väljarkåren,hela väljarkåren,TOTAL_ELECTORATE,total_electorate,v,V,V,parliamentary_party,7.0,0.6,observed,ME/ME0201/ME0201A/Rostningssympati170
2019M05,2019-05-01,2019-05,hela väljarkåren,hela väljarkåren,TOTAL_ELECTORATE,total_electorate,vet ej,vet ej/uppgift saknas,DONT_KNOW,dont_know,12.7,1.3,observed,ME/ME0201/ME0201A/Rostningssympati170
2019M05,2019-05-01,2019-05,hela väljarkåren,hela väljarkåren,TOTAL_ELECTORATE,total_electorate,övr,övriga,OTHER,other_party,1.1,0.3,observed,ME/ME0201/ME0201A/Rostningssympati170
2019M05,2019-05-01,2019-05,ingen sympati/vet ej,ingen sympati/vet ej,NO_SYMPATHY_OR_DONT_KNOW,no_sympathy,SD,SD,SD,parliamentary_party,5.5,2.8,observed,ME/ME0201/ME0201A/Rostningssympati170
2019M05,2019-05-01,2019-05,ingen sympati/vet ej,ingen sympati/vet ej,NO_SYMPATHY_OR_DONT_KNOW,no_sympathy,blankt,blankt,BLANK_VOTE,blank_vote,17.0,4.9,observed,ME/ME0201/ME0201A/Rostningssympati170
2019M05,2019-05-01,2019-05,ingen sympati/vet ej,ingen sympati/vet ej,NO_SYMPATHY_OR_DONT_KNOW,no_sympathy,c,C,C,parliamentary_party,2.8,1.7,observed,ME/ME0201/ME0201A/Rostningssympati170
2019M05,2019-05-01,2019-05,ingen sympati/vet ej,ingen sympati/vet ej,NO_SYMPATHY_OR_DONT_KNOW,no_sympathy,kd,KD,KD,parliamentary_party,3.8,2.0,observed,ME/ME0201/ME0201A/Rostningssympati170
2019M05,2019-05-01,2019-05,ingen sympati/vet ej,ingen sympati/vet ej,NO_SYMPATHY_OR_DONT_KNOW,no_sympathy,l,L,L,parliamentary_party,0.7,0.7,observed,ME/ME0201/ME0201A/Rostningssympati170
2019M05,2019-05-01,2019-05,ingen sympati/vet ej,ingen sympati/vet ej,NO_SYMPATHY_OR_DONT_KNOW,no_sympathy,m,M,M,parliamentary_party,5.0,2.3,observed,ME/ME0201/ME0201A/Rostningssympati170
2019M05,2019-05-01,2019-05,ingen sympati/vet ej,ingen sympati/vet ej,NO_SYMPATHY_OR_DONT_KNOW,no_sympathy,mp,MP,MP,parliamentary_party,0.6,0.6,observed,ME/ME0201/ME0201A/Rostningssympati170
2019M05,2019-05-01,2019-05,ingen sympati/vet ej,ingen sympati/vet ej,NO_SYMPATHY_OR_DONT_KNOW,no_sympathy,s,S,S,parliamentary_party,5.2,2.2,observed,ME/ME0201/ME0201A/Rostningssympati170
2019M05,2019-05-01,2019-05,ingen sympati/vet ej,ingen sympati/vet ej,NO_SYMPATHY_OR_DONT_KNOW,no_sympathy,v,V,V,parliamentary_party,1.1,0.7,observed,ME/ME0201/ME0201A/Rostningssympati170
2019M05,2019-05-01,2019-05,ingen sympati/vet ej,ingen sympati/vet ej,NO_SYMPATHY_OR_DONT_KNOW,no_sympathy,vet ej,vet ej/uppgift saknas,DONT_KNOW,dont_know,57.2,5.9,observed,ME/ME0201/ME0201A/Rostningssympati170
2019M05,2019-05-01,2019-05,ingen sympati/vet ej,ingen sympati/vet ej,NO_SYMPATHY_OR_DONT_KNOW,no_sympathy,övr,övriga,OTHER,other_party,,,suppressed,ME/ME0201/ME0201A/Rostningssympati170
2019M05,2019-05-01,2019-05,kd,KD,KD,parliamentary_party,SD,SD,SD,parliamentary_party,2.8,1.7,observed,ME/ME0201/ME0201A/Rostningssympati170
2019M05,2019-05-01,2019-05,kd,KD,KD,parliamentary_party,blankt,blankt,BLANK_VOTE,blank_vote,5.0,3.4,observed,ME/ME0201/ME0201A/Rostningssympati170
2019M05,2019-05-01,2019-05,kd,KD,KD,parliamentary_party,c,C,C,parliamentary_party,,,suppressed,ME/ME0201/ME0201A/Rostningssympati170
2019M05,2019-05-01,2019-05,kd,KD,KD,parliamentary_party,kd,KD,KD,parliamentary_party,87.5,4.0,observed,ME/ME0201/ME0201A/Rostningssympati170
2019M05,2019-05-01,2019-05,kd,KD,KD,parliamentary_party,l,L,L,parliamentary_party,0.0,0.0,observed,ME/ME0201/ME0201A/Rostningssympati170
2019M05,2019-05-01,2019-05,kd,KD,KD,parliamentary_party,m,M,M,parliamentary_party,,,suppressed,ME/ME0201/ME0201A/Rostningssympati170
2019M05,2019-05-01,2019-05,kd,KD,KD,parliamentary_party,mp,MP,MP,parliamentary_party,,,suppressed,ME/ME0201/ME0201A/Rostningssympati170
2019M05,2019-05-01,2019-05,kd,KD,KD,parliamentary_party,s,S,S,parliamentary_party,,,suppressed,ME/ME0201/ME0201A/Rostningssympati170
2019M05,2019-05-01,2019-05,kd,KD,KD,parliamentary_party,v,V,V,parliamentary_party,0.0,0.0,observed,ME/ME0201/ME0201A/Rostningssympati170
2019M05,2019-05-01,2019-05,kd,KD,KD,parliamentary_party,vet ej,vet ej/uppgift saknas,DONT_KNOW,dont_know,2.9,1.6,observed,ME/ME0201/ME0201A/Rostningssympati170
2019M05,2019-05-01,2019-05,kd,KD,KD,parliamentary_party,övr,övriga,OTHER,other_party,0.0,0.0,observed,ME/ME0201/ME0201A/Rostningssympati170
2019M05,2019-05-01,2019-05,l,L,L,parliamentary_party,SD,SD,SD,parliamentary_party,,,suppressed,ME/ME0201/ME0201A/Rostningssympati170
2019M05,2019-05-01,2019-05,l,L,L,parliamentary_party,blankt,blankt,BLANK_VOTE,blank_vote,2.8,2.3,observed,ME/ME0201/ME0201A/Rostningssympati170
2019M05,2019-05-01,2019-05,l,L,L,parliamentary_party,c,C,C,parliamentary_party,3.1,2.2,observed,ME/ME0201/ME0201A/Rostningssympati170
2019M05,2019-05-01,2019-05,l,L,L,parliamentary_party,kd,KD,KD,parliamentary_party,5.7,3.1,observed,ME/ME0201/ME0201A/Rostningssympati170
2019M05,2019-05-01,2019-05,l,L,L,parliamentary_party,l,L,L,parliamentary_party,67.3,7.0,observed,ME/ME0201/ME0201A/Rostningssympati170
2019M05,2019-05-01,2019-05,l,L,L,parliamentary_party,m,M,M,parliamentary_party,5.8,3.3,observed,ME/ME0201/ME0201A/Rostningssympati170
2019M05,2019-05-01,2019-05,l,L,L,parliamentary_party,mp,MP,MP,parliamentary_party,2.3,2.0,observed,ME/ME0201/ME0201A/Rostningssympati170
2019M05,2019-05-01,2019-05,l,L,L,parliamentary_party,s,S,S,parliamentary_party,2.7,2.4,observed,ME/ME0201/ME0201A/Rostningssympati170
2019M05,2019-05-01,2019-05,l,L,L,parliamentary_party,v,V,V,parliamentary_party,0.0,0.0,observed,ME/ME0201/ME0201A/Rostningssympati170
2019M05,2019-05-01,2019-05,l,L,L,parliamentary_party,vet ej,vet ej/uppgift saknas,DONT_KNOW,dont_know,9.2,5.5,observed,ME/ME0201/ME0201A/Rostningssympati170
2019M05,2019-05-01,2019-05,l,L,L,parliamentary_party,övr,övriga,OTHER,other_party,0.0,0.0,observed,ME/ME0201/ME0201A/Rostningssympati170
2019M05,2019-05-01,2019-05,m,M,M,parliamentary_party,SD,SD,SD,parliamentary_party,3.0,1.3,observed,ME/ME0201/ME0201A/Rostningssympati170
2019M05,2019-05-01,2019-05,m,M,M,parliamentary_party,blankt,blankt,BLANK_VOTE,blank_vote,1.5,1.3,observed,ME/ME0201/ME0201A/Rostningssympati170
2019M05,2019-05-01,2019-05,m,M,M,parliamentary_party,c,C,C,parliamentary_party,0.6,0.5,observed,ME/ME0201/ME0201A/Rostningssympati170
2019M05,2019-05-01,2019-05,m,M,M,parliamentary_party,kd,KD,KD,parliamentary_party,8.3,2.0,observed,ME/ME0201/ME0201A/Rostningssympati170
2019M05,2019-05-01,2019-05,m,M,M,parliamentary_party,l,L,L,parliamentary_party,,,suppressed,ME/ME0201/ME0201A/Rostningssympati170
2019M05,2019-05-01,2019-05,m,M,M,parliamentary_party,m,M,M,parliamentary_party,78.7,3.5,observed,ME/ME0201/ME0201A/Rostningssympati170
2019M05,2019-05-01,2019-05,m,M,M,parliamentary_party,mp,MP,MP,parliamentary_party,0.0,0.0,observed,ME/ME0201/ME0201A/Rostningssympati170
2019M05,2019-05-01,2019-05,m,M,M,parliamentary_party,s,S,S,parliamentary_party,0.7,0.6,observed,ME/ME0201/ME0201A/Rostningssympati170
2019M05,2019-05-01,2019-05,m,M,M,parliamentary_party,v,V,V,parliamentary_party,0.0,0.0,observed,ME/ME0201/ME0201A/Rostningssympati170
2019M05,2019-05-01,2019-05,m,M,M,parliamentary_party,vet ej,vet ej/uppgift saknas,DONT_KNOW,dont_know,6.6,2.5,observed,ME/ME0201/ME0201A/Rostningssympati170
2019M05,2019-05-01,2019-05,m,M,M,parliamentary_party,övr,övriga,OTHER,other_party,,,suppressed,ME/ME0201/ME0201A/Rostningssympati170
2019M05,2019-05-01,2019-05,mp,MP,MP,parliamentary_party,SD,SD,SD,parliamentary_party,,,suppressed,ME/ME0201/ME0201A/Rostningssympati170
2019M05,2019-05-01,2019-05,mp,MP,MP,parliamentary_party,blankt,blankt,BLANK_VOTE,blank_vote,,,suppressed,ME/ME0201/ME0201A/Rostningssympati170
2019M05,2019-05-01,2019-05,mp,MP,MP,parliamentary_party,c,C,C,parliamentary_party,1.4,1.4,observed,ME/ME0201/ME0201A/Rostningssympati170
2019M05,2019-05-01,2019-05,mp,MP,MP,parliamentary_party,kd,KD,KD,parliamentary_party,0.0,0.0,observed,ME/ME0201/ME0201A/Rostningssympati170
2019M05,2019-05-01,2019-05,mp,MP,MP,parliamentary_party,l,L,L,parliamentary_party,0.0,0.0,observed,ME/ME0201/ME0201A/Rostningssympati170
2019M05,2019-05-01,2019-05,mp,MP,MP,parliamentary_party,m,M,M,parliamentary_party,0.0,0.0,observed,ME/ME0201/ME0201A/Rostningssympati170
2019M05,2019-05-01,2019-05,mp,MP,MP,parliamentary_party,mp,MP,MP,parliamentary_party,77.3,6.1,observed,ME/ME0201/ME0201A/Rostningssympati170
2019M05,2019-05-01,2019-05,mp,MP,MP,parliamentary_party,s,S,S,parliamentary_party,8.5,3.7,observed,ME/ME0201/ME0201A/Rostningssympati170
2019M05,2019-05-01,2019-05,mp,MP,MP,parliamentary_party,v,V,V,parliamentary_party,,,suppressed,ME/ME0201/ME0201A/Rostningssympati170
2019M05,2019-05-01,2019-05,mp,MP,MP,parliamentary_party,vet ej,vet ej/uppgift saknas,DONT_KNOW,dont_know,6.8,3.4,observed,ME/ME0201/ME0201A/Rostningssympati170
2019M05,2019-05-01,2019-05,mp,MP,MP,parliamentary_party,övr,övriga,OTHER,other_party,,,suppressed,ME/ME0201/ME0201A/Rostningssympati170
2019M05,2019-05-01,2019-05,s,S,S,parliamentary_party,SD,SD,SD,parliamentary_party,1.5,0.7,observed,ME/ME0201/ME0201A/Rostningssympati170
2019M05,2019-05-01,2019-05,s,S,S,parliamentary_party,blankt,blankt,BLANK_VOTE,blank_vote,2.7,1.4,observed,ME/ME0201/ME0201A/Rostningssympati170
2019M05,2019-05-01,2019-05,s,S,S,parliamentary_party,c,C,C,parliamentary_party,0.8,0.5,observed,ME/ME0201/ME0201A/Rostningssympati170
2019M05,2019-05-01,2019-05,s,S,S,parliamentary_party,kd,KD,KD,parliamentary_party,,,suppressed,ME/ME0201/ME0201A/Rostningssympati170
2019M05,2019-05-01,2019-05,s,S,S,parliamentary_party,l,L,L,parliamentary_party,,,suppressed,ME/ME0201/ME0201A/Rostningssympati170
2019M05,2019-05-01,2019-05,s,S,S,parliamentary_party,m,M,M,parliamentary_party,1.3,0.9,observed,ME/ME0201/ME0201A/Rostningssympati170
2019M05,2019-05-01,2019-05,s,S,S,parliamentary_party,mp,MP,MP,parliamentary_party,1.7,1.0,observed,ME/ME0201/ME0201A/Rostningssympati170
2019M05,2019-05-01,2019-05,s,S,S,parliamentary_party,s,S,S,parliamentary_party,83.0,2.6,observed,ME/ME0201/ME0201A/Rostningssympati170
2019M05,2019-05-01,2019-05,s,S,S,parliamentary_party,v,V,V,parliamentary_party,1.9,0.7,observed,ME/ME0201/ME0201A/Rostningssympati170
2019M05,2019-05-01,2019-05,s,S,S,parliamentary_party,vet ej,vet ej/uppgift saknas,DONT_KNOW,dont_know,6.7,1.7,observed,ME/ME0201/ME0201A/Rostningssympati170
2019M05,2019-05-01,2019-05,s,S,S,parliamentary_party,övr,övriga,OTHER,other_party,,,suppressed,ME/ME0201/ME0201A/Rostningssympati170
2019M05,2019-05-01,2019-05,v,V,V,parliamentary_party,SD,SD,SD,parliamentary_party,,,suppressed,ME/ME0201/ME0201A/Rostningssympati170
2019M05,2019-05-01,2019-05,v,V,V,parliamentary_party,blankt,blankt,BLANK_VOTE,blank_vote,3.6,2.6,observed,ME/ME0201/ME0201A/Rostningssympati170
2019M05,2019-05-01,2019-05,v,V,V,parliamentary_party,c,C,C,parliamentary_party,,,suppressed,ME/ME0201/ME0201A/Rostningssympati170
2019M05,2019-05-01,2019-05,v,V,V,parliamentary_party,kd,KD,KD,parliamentary_party,0.0,0.0,observed,ME/ME0201/ME0201A/Rostningssympati170
2019M05,2019-05-01,2019-05,v,V,V,parliamentary_party,l,L,L,parliamentary_party,0.0,0.0,observed,ME/ME0201/ME0201A/Rostningssympati170
2019M05,2019-05-01,2019-05,v,V,V,parliamentary_party,m,M,M,parliamentary_party,0.0,0.0,observed,ME/ME0201/ME0201A/Rostningssympati170
2019M05,2019-05-01,2019-05,v,V,V,parliamentary_party,mp,MP,MP,parliamentary_party,1.6,1.2,observed,ME/ME0201/ME0201A/Rostningssympati170
2019M05,2019-05-01,2019-05,v,V,V,parliamentary_party,s,S,S,parliamentary_party,3.3,1.8,observed,ME/ME0201/ME0201A/Rostningssympati170
2019M05,2019-05-01,2019-05,v,V,V,parliamentary_party,v,V,V,parliamentary_party,83.8,4.9,observed,ME/ME0201/ME0201A/Rostningssympati170
2019M05,2019-05-01,2019-05,v,V,V,parliamentary_party,vet ej,vet ej/uppgift saknas,DONT_KNOW,dont_know,5.8,3.8,observed,ME/ME0201/ME0201A/Rostningssympati170
2019M05,2019-05-01,2019-05,v,V,V,parliamentary_party,övr,övriga,OTHER,other_party,,,suppressed,ME/ME0201/ME0201A/Rostningssympati170
2019M05,2019-05-01,2019-05,övr,övriga,OTHER,other_party,SD,SD,SD,parliamentary_party,10.9,7.6,observed,ME/ME0201/ME0201A/Rostningssympati170
2019M05,2019-05-01,2019-05,övr,övriga,OTHER,other_party,blankt,blankt,BLANK_VOTE,blank_vote,,,suppressed,ME/ME0201/ME0201A/Rostningssympati170
2019M05,2019-05-01,2019-05,övr,övriga,OTHER,other_party,c,C,C,parliamentary_party,,,suppressed,ME/ME0201/ME0201A/Rostningssympati170
2019M05,2019-05-01,2019-05,övr,övriga,OTHER,other_party,kd,KD,KD,parliamentary_party,,,suppressed,ME/ME0201/ME0201A/Rostningssympati170
2019M05,2019-05-01,2019-05,övr,övriga,OTHER,other_party,l,L,L,parliamentary_party,0.0,0.0,observed,ME/ME0201/ME0201A/Rostningssympati170
2019M05,2019-05-01,2019-05,övr,övriga,OTHER,other_party,m,M,M,parliamentary_party,4.7,4.6,observed,ME/ME0201/ME0201A/Rostningssympati170
2019M05,2019-05-01,2019-05,övr,övriga,OTHER,other_party,mp,MP,MP,parliamentary_party,,,suppressed,ME/ME0201/ME0201A/Rostningssympati170
2019M05,2019-05-01,2019-05,övr,övriga,OTHER,other_party,s,S,S,parliamentary_party,,,suppressed,ME/ME0201/ME0201A/Rostningssympati170
2019M05,2019-05-01,2019-05,övr,övriga,OTHER,other_party,v,V,V,parliamentary_party,14.0,7.8,observed,ME/ME0201/ME0201A/Rostningssympati170
2019M05,2019-05-01,2019-05,övr,övriga,OTHER,other_party,vet ej,vet ej/uppgift saknas,DONT_KNOW,dont_know,8.0,6.8,observed,ME/ME0201/ME0201A/Rostningssympati170
2019M05,2019-05-01,2019-05,övr,övriga,OTHER,other_party,övr,övriga,OTHER,other_party,53.1,12.0,observed,ME/ME0201/ME0201A/Rostningssympati170
2019M11,2019-11-01,2019-11,SD,SD,SD,parliamentary_party,SD,SD,SD,parliamentary_party,93.3,2.1,observed,ME/ME0201/ME0201A/Rostningssympati170
2019M11,2019-11-01,2019-11,SD,SD,SD,parliamentary_party,blankt,blankt,BLANK_VOTE,blank_vote,2.5,1.6,observed,ME/ME0201/ME0201A/Rostningssympati170
2019M11,2019-11-01,2019-11,SD,SD,SD,parliamentary_party,c,C,C,parliamentary_party,,,suppressed,ME/ME0201/ME0201A/Rostningssympati170
2019M11,2019-11-01,2019-11,SD,SD,SD,parliamentary_party,kd,KD,KD,parliamentary_party,0.6,0.5,observed,ME/ME0201/ME0201A/Rostningssympati170
2019M11,2019-11-01,2019-11,SD,SD,SD,parliamentary_party,l,L,L,parliamentary_party,0.0,0.0,observed,ME/ME0201/ME0201A/Rostningssympati170
2019M11,2019-11-01,2019-11,SD,SD,SD,parliamentary_party,m,M,M,parliamentary_party,1.2,0.8,observed,ME/ME0201/ME0201A/Rostningssympati170
2019M11,2019-11-01,2019-11,SD,SD,SD,parliamentary_party,mp,MP,MP,parliamentary_party,0.0,0.0,observed,ME/ME0201/ME0201A/Rostningssympati170
2019M11,2019-11-01,2019-11,SD,SD,SD,parliamentary_party,s,S,S,parliamentary_party,,,suppressed,ME/ME0201/ME0201A/Rostningssympati170
2019M11,2019-11-01,2019-11,SD,SD,SD,parliamentary_party,v,V,V,parliamentary_party,,,suppressed,ME/ME0201/ME0201A/Rostningssympati170
2019M11,2019-11-01,2019-11,SD,SD,SD,parliamentary_party,vet ej,vet ej/uppgift saknas,DONT_KNOW,dont_know,1.8,1.1,observed,ME/ME0201/ME0201A/Rostningssympati170
2019M11,2019-11-01,2019-11,SD,SD,SD,parliamentary_party,övr,övriga,OTHER,other_party,0.0,0.0,observed,ME/ME0201/ME0201A/Rostningssympati170
2019M11,2019-11-01,2019-11,c,C,C,parliamentary_party,SD,SD,SD,parliamentary_party,,,suppressed,ME/ME0201/ME0201A/Rostningssympati170
2019M11,2019-11-01,2019-11,c,C,C,parliamentary_party,blankt,blankt,BLANK_VOTE,blank_vote,2.1,1.8,observed,ME/ME0201/ME0201A/Rostningssympati170
2019M11,2019-11-01,2019-11,c,C,C,parliamentary_party,c,C,C,parliamentary_party,82.2,4.6,observed,ME/ME0201/ME0201A/Rostningssympati170
2019M11,2019-11-01,2019-11,c,C,C,parliamentary_party,kd,KD,KD,parliamentary_party,,,suppressed,ME/ME0201/ME0201A/Rostningssympati170
2019M11,2019-11-01,2019-11,c,C,C,parliamentary_party,l,L,L,parliamentary_party,,,suppressed,ME/ME0201/ME0201A/Rostningssympati170
2019M11,2019-11-01,2019-11,c,C,C,parliamentary_party,m,M,M,parliamentary_party,2.3,1.6,observed,ME/ME0201/ME0201A/Rostningssympati170
2019M11,2019-11-01,2019-11,c,C,C,parliamentary_party,mp,MP,MP,parliamentary_party,,,suppressed,ME/ME0201/ME0201A/Rostningssympati170
2019M11,2019-11-01,2019-11,c,C,C,parliamentary_party,s,S,S,parliamentary_party,3.5,2.3,observed,ME/ME0201/ME0201A/Rostningssympati170
2019M11,2019-11-01,2019-11,c,C,C,parliamentary_party,v,V,V,parliamentary_party,0.0,0.0,observed,ME/ME0201/ME0201A/Rostningssympati170
2019M11,2019-11-01,2019-11,c,C,C,parliamentary_party,vet ej,vet ej/uppgift saknas,DONT_KNOW,dont_know,7.1,3.2,observed,ME/ME0201/ME0201A/Rostningssympati170
2019M11,2019-11-01,2019-11,c,C,C,parliamentary_party,övr,övriga,OTHER,other_party,,,suppressed,ME/ME0201/ME0201A/Rostningssympati170
2019M11,2019-11-01,2019-11,hela väljarkåren,hela väljarkåren,TOTAL_ELECTORATE,total_electorate,SD,SD,SD,parliamentary_party,19.3,0.9,observed,ME/ME0201/ME0201A/Rostningssympati170
2019M11,2019-11-01,2019-11,hela väljarkåren,hela väljarkåren,TOTAL_ELECTORATE,total_electorate,blankt,blankt,BLANK_VOTE,blank_vote,5.2,0.9,observed,ME/ME0201/ME0201A/Rostningssympati170
2019M11,2019-11-01,2019-11,hela väljarkåren,hela väljarkåren,TOTAL_ELECTORATE,total_electorate,c,C,C,parliamentary_party,5.8,0.5,observed,ME/ME0201/ME0201A/Rostningssympati170
2019M11,2019-11-01,2019-11,hela väljarkåren,hela väljarkåren,TOTAL_ELECTORATE,total_electorate,kd,KD,KD,parliamentary_party,5.7,0.6,observed,ME/ME0201/ME0201A/Rostningssympati170
2019M11,2019-11-01,2019-11,hela väljarkåren,hela väljarkåren,TOTAL_ELECTORATE,total_electorate,l,L,L,parliamentary_party,2.6,0.4,observed,ME/ME0201/ME0201A/Rostningssympati170
2019M11,2019-11-01,2019-11,hela väljarkåren,hela väljarkåren,TOTAL_ELECTORATE,total_electorate,m,M,M,parliamentary_party,14.6,0.9,observed,ME/ME0201/ME0201A/Rostningssympati170
2019M11,2019-11-01,2019-11,hela väljarkåren,hela väljarkåren,TOTAL_ELECTORATE,total_electorate,mp,MP,MP,parliamentary_party,4.2,0.6,observed,ME/ME0201/ME0201A/Rostningssympati170
2019M11,2019-11-01,2019-11,hela väljarkåren,hela väljarkåren,TOTAL_ELECTORATE,total_electorate,s,S,S,parliamentary_party,19.7,1.0,observed,ME/ME0201/ME0201A/Rostningssympati170
2019M11,2019-11-01,2019-11,hela väljarkåren,hela väljarkåren,TOTAL_ELECTORATE,total_electorate,v,V,V,parliamentary_party,7.2,0.5,observed,ME/ME0201/ME0201A/Rostningssympati170
2019M11,2019-11-01,2019-11,hela väljarkåren,hela väljarkåren,TOTAL_ELECTORATE,total_electorate,vet ej,vet ej/uppgift saknas,DONT_KNOW,dont_know,14.3,1.2,observed,ME/ME0201/ME0201A/Rostningssympati170
2019M11,2019-11-01,2019-11,hela väljarkåren,hela väljarkåren,TOTAL_ELECTORATE,total_electorate,övr,övriga,OTHER,other_party,1.4,0.4,observed,ME/ME0201/ME0201A/Rostningssympati170
2019M11,2019-11-01,2019-11,ingen sympati/vet ej,ingen sympati/vet ej,NO_SYMPATHY_OR_DONT_KNOW,no_sympathy,SD,SD,SD,parliamentary_party,3.5,1.7,observed,ME/ME0201/ME0201A/Rostningssympati170
2019M11,2019-11-01,2019-11,ingen sympati/vet ej,ingen sympati/vet ej,NO_SYMPATHY_OR_DONT_KNOW,no_sympathy,blankt,blankt,BLANK_VOTE,blank_vote,18.0,4.3,observed,ME/ME0201/ME0201A/Rostningssympati170
2019M11,2019-11-01,2019-11,ingen sympati/vet ej,ingen sympati/vet ej,NO_SYMPATHY_OR_DONT_KNOW,no_sympathy,c,C,C,parliamentary_party,1.1,0.7,observed,ME/ME0201/ME0201A/Rostningssympati170
2019M11,2019-11-01,2019-11,ingen sympati/vet ej,ingen sympati/vet ej,NO_SYMPATHY_OR_DONT_KNOW,no_sympathy,kd,KD,KD,parliamentary_party,1.6,1.2,observed,ME/ME0201/ME0201A/Rostningssympati170
2019M11,2019-11-01,2019-11,ingen sympati/vet ej,ingen sympati/vet ej,NO_SYMPATHY_OR_DONT_KNOW,no_sympathy,l,L,L,parliamentary_party,0.6,0.6,observed,ME/ME0201/ME0201A/Rostningssympati170
2019M11,2019-11-01,2019-11,ingen sympati/vet ej,ingen sympati/vet ej,NO_SYMPATHY_OR_DONT_KNOW,no_sympathy,m,M,M,parliamentary_party,5.5,2.4,observed,ME/ME0201/ME0201A/Rostningssympati170
2019M11,2019-11-01,2019-11,ingen sympati/vet ej,ingen sympati/vet ej,NO_SYMPATHY_OR_DONT_KNOW,no_sympathy,mp,MP,MP,parliamentary_party,2.3,1.9,observed,ME/ME0201/ME0201A/Rostningssympati170
2019M11,2019-11-01,2019-11,ingen sympati/vet ej,ingen sympati/vet ej,NO_SYMPATHY_OR_DONT_KNOW,no_sympathy,s,S,S,parliamentary_party,5.0,2.3,observed,ME/ME0201/ME0201A/Rostningssympati170
2019M11,2019-11-01,2019-11,ingen sympati/vet ej,ingen sympati/vet ej,NO_SYMPATHY_OR_DONT_KNOW,no_sympathy,v,V,V,parliamentary_party,,,suppressed,ME/ME0201/ME0201A/Rostningssympati170
2019M11,2019-11-01,2019-11,ingen sympati/vet ej,ingen sympati/vet ej,NO_SYMPATHY_OR_DONT_KNOW,no_sympathy,vet ej,vet ej/uppgift saknas,DONT_KNOW,dont_know,60.1,5.2,observed,ME/ME0201/ME0201A/Rostningssympati170
2019M11,2019-11-01,2019-11,ingen sympati/vet ej,ingen sympati/vet ej,NO_SYMPATHY_OR_DONT_KNOW,no_sympathy,övr,övriga,OTHER,other_party,1.8,1.7,observed,ME/ME0201/ME0201A/Rostningssympati170
2019M11,2019-11-01,2019-11,kd,KD,KD,parliamentary_party,SD,SD,SD,parliamentary_party,6.4,2.8,observed,ME/ME0201/ME0201A/Rostningssympati170
2019M11,2019-11-01,2019-11,kd,KD,KD,parliamentary_party,blankt,blankt,BLANK_VOTE,blank_vote,2.1,1.9,observed,ME/ME0201/ME0201A/Rostningssympati170
2019M11,2019-11-01,2019-11,kd,KD,KD,parliamentary_party,c,C,C,parliamentary_party,,,suppressed,ME/ME0201/ME0201A/Rostningssympati170
2019M11,2019-11-01,2019-11,kd,KD,KD,parliamentary_party,kd,KD,KD,parliamentary_party,83.7,4.7,observed,ME/ME0201/ME0201A/Rostningssympati170
2019M11,2019-11-01,2019-11,kd,KD,KD,parliamentary_party,l,L,L,parliamentary_party,0.0,0.0,observed,ME/ME0201/ME0201A/Rostningssympati170
2019M11,2019-11-01,2019-11,kd,KD,KD,parliamentary_party,m,M,M,parliamentary_party,2.7,2.0,observed,ME/ME0201/ME0201A/Rostningssympati170
2019M11,2019-11-01,2019-11,kd,KD,KD,parliamentary_party,mp,MP,MP,parliamentary_party,0.0,0.0,observed,ME/ME0201/ME0201A/Rostningssympati170
2019M11,2019-11-01,2019-11,kd,KD,KD,parliamentary_party,s,S,S,parliamentary_party,0.0,0.0,observed,ME/ME0201/ME0201A/Rostningssympati170
2019M11,2019-11-01,2019-11,kd,KD,KD,parliamentary_party,v,V,V,parliamentary_party,0.0,0.0,observed,ME/ME0201/ME0201A/Rostningssympati170
2019M11,2019-11-01,2019-11,kd,KD,KD,parliamentary_party,vet ej,vet ej/uppgift saknas,DONT_KNOW,dont_know,4.6,2.9,observed,ME/ME0201/ME0201A/Rostningssympati170
2019M11,2019-11-01,2019-11,kd,KD,KD,parliamentary_party,övr,övriga,OTHER,other_party,0.0,0.0,observed,ME/ME0201/ME0201A/Rostningssympati170
2019M11,2019-11-01,2019-11,l,L,L,parliamentary_party,SD,SD,SD,parliamentary_party,,,suppressed,ME/ME0201/ME0201A/Rostningssympati170
2019M11,2019-11-01,2019-11,l,L,L,parliamentary_party,blankt,blankt,BLANK_VOTE,blank_vote,5.4,4.4,observed,ME/ME0201/ME0201A/Rostningssympati170
2019M11,2019-11-01,2019-11,l,L,L,parliamentary_party,c,C,C,parliamentary_party,4.5,2.9,observed,ME/ME0201/ME0201A/Rostningssympati170
2019M11,2019-11-01,2019-11,l,L,L,parliamentary_party,kd,KD,KD,parliamentary_party,,,suppressed,ME/ME0201/ME0201A/Rostningssympati170
2019M11,2019-11-01,2019-11,l,L,L,parliamentary_party,l,L,L,parliamentary_party,65.6,7.4,observed,ME/ME0201/ME0201A/Rostningssympati170
2019M11,2019-11-01,2019-11,l,L,L,parliamentary_party,m,M,M,parliamentary_party,7.3,3.8,observed,ME/ME0201/ME0201A/Rostningssympati170
2019M11,2019-11-01,2019-11,l,L,L,parliamentary_party,mp,MP,MP,parliamentary_party,0.0,0.0,observed,ME/ME0201/ME0201A/Rostningssympati170
2019M11,2019-11-01,2019-11,l,L,L,parliamentary_party,s,S,S,parliamentary_party,,,suppressed,ME/ME0201/ME0201A/Rostningssympati170
2019M11,2019-11-01,2019-11,l,L,L,parliamentary_party,v,V,V,parliamentary_party,,,suppressed,ME/ME0201/ME0201A/Rostningssympati170
2019M11,2019-11-01,2019-11,l,L,L,parliamentary_party,vet ej,vet ej/uppgift saknas,DONT_KNOW,dont_know,12.3,4.9,observed,ME/ME0201/ME0201A/Rostningssympati170
2019M11,2019-11-01,2019-11,l,L,L,parliamentary_party,övr,övriga,OTHER,other_party,,,suppressed,ME/ME0201/ME0201A/Rostningssympati170
2019M11,2019-11-01,2019-11,m,M,M,parliamentary_party,SD,SD,SD,parliamentary_party,7.2,1.9,observed,ME/ME0201/ME0201A/Rostningssympati170
2019M11,2019-11-01,2019-11,m,M,M,parliamentary_party,blankt,blankt,BLANK_VOTE,blank_vote,2.2,1.4,observed,ME/ME0201/ME0201A/Rostningssympati170
2019M11,2019-11-01,2019-11,m,M,M,parliamentary_party,c,C,C,parliamentary_party,0.6,0.6,observed,ME/ME0201/ME0201A/Rostningssympati170
2019M11,2019-11-01,2019-11,m,M,M,parliamentary_party,kd,KD,KD,parliamentary_party,3.1,1.2,observed,ME/ME0201/ME0201A/Rostningssympati170
2019M11,2019-11-01,2019-11,m,M,M,parliamentary_party,l,L,L,parliamentary_party,,,suppressed,ME/ME0201/ME0201A/Rostningssympati170
2019M11,2019-11-01,2019-11,m,M,M,parliamentary_party,m,M,M,parliamentary_party,78.8,3.1,observed,ME/ME0201/ME0201A/Rostningssympati170
2019M11,2019-11-01,2019-11,m,M,M,parliamentary_party,mp,MP,MP,parliamentary_party,,,suppressed,ME/ME0201/ME0201A/Rostningssympati170
2019M11,2019-11-01,2019-11,m,M,M,parliamentary_party,s,S,S,parliamentary_party,0.8,0.7,observed,ME/ME0201/ME0201A/Rostningssympati170
2019M11,2019-11-01,2019-11,m,M,M,parliamentary_party,v,V,V,parliamentary_party,,,suppressed,ME/ME0201/ME0201A/Rostningssympati170
2019M11,2019-11-01,2019-11,m,M,M,parliamentary_party,vet ej,vet ej/uppgift saknas,DONT_KNOW,dont_know,6.1,1.9,observed,ME/ME0201/ME0201A/Rostningssympati170
2019M11,2019-11-01,2019-11,m,M,M,parliamentary_party,övr,övriga,OTHER,other_party,,,suppressed,ME/ME0201/ME0201A/Rostningssympati170
2019M11,2019-11-01,2019-11,mp,MP,MP,parliamentary_party,SD,SD,SD,parliamentary_party,,,suppressed,ME/ME0201/ME0201A/Rostningssympati170
2019M11,2019-11-01,2019-11,mp,MP,MP,parliamentary_party,blankt,blankt,BLANK_VOTE,blank_vote,,,suppressed,ME/ME0201/ME0201A/Rostningssympati170
2019M11,2019-11-01,2019-11,mp,MP,MP,parliamentary_party,c,C,C,parliamentary_party,,,suppressed,ME/ME0201/ME0201A/Rostningssympati170
2019M11,2019-11-01,2019-11,mp,MP,MP,parliamentary_party,kd,KD,KD,parliamentary_party,,,suppressed,ME/ME0201/ME0201A/Rostningssympati170
2019M11,2019-11-01,2019-11,mp,MP,MP,parliamentary_party,l,L,L,parliamentary_party,,,suppressed,ME/ME0201/ME0201A/Rostningssympati170
2019M11,2019-11-01,2019-11,mp,MP,MP,parliamentary_party,m,M,M,parliamentary_party,,,suppressed,ME/ME0201/ME0201A/Rostningssympati170
2019M11,2019-11-01,2019-11,mp,MP,MP,parliamentary_party,mp,MP,MP,parliamentary_party,74.5,6.5,observed,ME/ME0201/ME0201A/Rostningssympati170
2019M11,2019-11-01,2019-11,mp,MP,MP,parliamentary_party,s,S,S,parliamentary_party,8.7,4.4,observed,ME/ME0201/ME0201A/Rostningssympati170
2019M11,2019-11-01,2019-11,mp,MP,MP,parliamentary_party,v,V,V,parliamentary_party,1.8,1.6,observed,ME/ME0201/ME0201A/Rostningssympati170
2019M11,2019-11-01,2019-11,mp,MP,MP,parliamentary_party,vet ej,vet ej/uppgift saknas,DONT_KNOW,dont_know,9.6,4.1,observed,ME/ME0201/ME0201A/Rostningssympati170
2019M11,2019-11-01,2019-11,mp,MP,MP,parliamentary_party,övr,övriga,OTHER,other_party,,,suppressed,ME/ME0201/ME0201A/Rostningssympati170
2019M11,2019-11-01,2019-11,s,S,S,parliamentary_party,SD,SD,SD,parliamentary_party,2.2,0.8,observed,ME/ME0201/ME0201A/Rostningssympati170
2019M11,2019-11-01,2019-11,s,S,S,parliamentary_party,blankt,blankt,BLANK_VOTE,blank_vote,3.4,1.2,observed,ME/ME0201/ME0201A/Rostningssympati170
2019M11,2019-11-01,2019-11,s,S,S,parliamentary_party,c,C,C,parliamentary_party,0.6,0.4,observed,ME/ME0201/ME0201A/Rostningssympati170
2019M11,2019-11-01,2019-11,s,S,S,parliamentary_party,kd,KD,KD,parliamentary_party,,,suppressed,ME/ME0201/ME0201A/Rostningssympati170
2019M11,2019-11-01,2019-11,s,S,S,parliamentary_party,l,L,L,parliamentary_party,,,suppressed,ME/ME0201/ME0201A/Rostningssympati170
2019M11,2019-11-01,2019-11,s,S,S,parliamentary_party,m,M,M,parliamentary_party,1.6,1.0,observed,ME/ME0201/ME0201A/Rostningssympati170
2019M11,2019-11-01,2019-11,s,S,S,parliamentary_party,mp,MP,MP,parliamentary_party,1.7,0.9,observed,ME/ME0201/ME0201A/Rostningssympati170
2019M11,2019-11-01,2019-11,s,S,S,parliamentary_party,s,S,S,parliamentary_party,77.1,2.7,observed,ME/ME0201/ME0201A/Rostningssympati170
2019M11,2019-11-01,2019-11,s,S,S,parliamentary_party,v,V,V,parliamentary_party,2.4,0.9,observed,ME/ME0201/ME0201A/Rostningssympati170
2019M11,2019-11-01,2019-11,s,S,S,parliamentary_party,vet ej,vet ej/uppgift saknas,DONT_KNOW,dont_know,10.5,2.0,observed,ME/ME0201/ME0201A/Rostningssympati170
2019M11,2019-11-01,2019-11,s,S,S,parliamentary_party,övr,övriga,OTHER,other_party,,,suppressed,ME/ME0201/ME0201A/Rostningssympati170
2019M11,2019-11-01,2019-11,v,V,V,parliamentary_party,SD,SD,SD,parliamentary_party,1.2,1.0,observed,ME/ME0201/ME0201A/Rostningssympati170
2019M11,2019-11-01,2019-11,v,V,V,parliamentary_party,blankt,blankt,BLANK_VOTE,blank_vote,4.1,2.5,observed,ME/ME0201/ME0201A/Rostningssympati170
2019M11,2019-11-01,2019-11,v,V,V,parliamentary_party,c,C,C,parliamentary_party,,,suppressed,ME/ME0201/ME0201A/Rostningssympati170
2019M11,2019-11-01,2019-11,v,V,V,parliamentary_party,kd,KD,KD,parliamentary_party,0.0,0.0,observed,ME/ME0201/ME0201A/Rostningssympati170
2019M11,2019-11-01,2019-11,v,V,V,parliamentary_party,l,L,L,parliamentary_party,0.0,0.0,observed,ME/ME0201/ME0201A/Rostningssympati170
2019M11,2019-11-01,2019-11,v,V,V,parliamentary_party,m,M,M,parliamentary_party,0.0,0.0,observed,ME/ME0201/ME0201A/Rostningssympati170
2019M11,2019-11-01,2019-11,v,V,V,parliamentary_party,mp,MP,MP,parliamentary_party,,,suppressed,ME/ME0201/ME0201A/Rostningssympati170
2019M11,2019-11-01,2019-11,v,V,V,parliamentary_party,s,S,S,parliamentary_party,3.9,2.1,observed,ME/ME0201/ME0201A/Rostningssympati170
2019M11,2019-11-01,2019-11,v,V,V,parliamentary_party,v,V,V,parliamentary_party,86.2,3.8,observed,ME/ME0201/ME0201A/Rostningssympati170
2019M11,2019-11-01,2019-11,v,V,V,parliamentary_party,vet ej,vet ej/uppgift saknas,DONT_KNOW,dont_know,2.3,1.5,observed,ME/ME0201/ME0201A/Rostningssympati170
2019M11,2019-11-01,2019-11,v,V,V,parliamentary_party,övr,övriga,OTHER,other_party,,,suppressed,ME/ME0201/ME0201A/Rostningssympati170
2019M11,2019-11-01,2019-11,övr,övriga,OTHER,other_party,SD,SD,SD,parliamentary_party,,,suppressed,ME/ME0201/ME0201A/Rostningssympati170
2019M11,2019-11-01,2019-11,övr,övriga,OTHER,other_party,blankt,blankt,BLANK_VOTE,blank_vote,15.2,13.6,observed,ME/ME0201/ME0201A/Rostningssympati170
2019M11,2019-11-01,2019-11,övr,övriga,OTHER,other_party,c,C,C,parliamentary_party,0.0,0.0,observed,ME/ME0201/ME0201A/Rostningssympati170
2019M11,2019-11-01,2019-11,övr,övriga,OTHER,other_party,kd,KD,KD,parliamentary_party,0.0,0.0,observed,ME/ME0201/ME0201A/Rostningssympati170
2019M11,2019-11-01,2019-11,övr,övriga,OTHER,other_party,l,L,L,parliamentary_party,0.0,0.0,observed,ME/ME0201/ME0201A/Rostningssympati170
2019M11,2019-11-01,2019-11,övr,övriga,OTHER,other_party,m,M,M,parliamentary_party,,,suppressed,ME/ME0201/ME0201A/Rostningssympati170
2019M11,2019-11-01,2019-11,övr,övriga,OTHER,other_party,mp,MP,MP,parliamentary_party,0.0,0.0,observed,ME/ME0201/ME0201A/Rostningssympati170
2019M11,2019-11-01,2019-11,övr,övriga,OTHER,other_party,s,S,S,parliamentary_party,0.0,0.0,observed,ME/ME0201/ME0201A/Rostningssympati170
2019M11,2019-11-01,2019-11,övr,övriga,OTHER,other_party,v,V,V,parliamentary_party,6.9,6.3,observed,ME/ME0201/ME0201A/Rostningssympati170
2019M11,2019-11-01,2019-11,övr,övriga,OTHER,other_party,vet ej,vet ej/uppgift saknas,DONT_KNOW,dont_know,,,suppressed,ME/ME0201/ME0201A/Rostningssympati170
2019M11,2019-11-01,2019-11,övr,övriga,OTHER,other_party,övr,övriga,OTHER,other_party,63.8,14.8,observed,ME/ME0201/ME0201A/Rostningssympati170
2020M05,2020-05-01,2020-05,SD,SD,SD,parliamentary_party,SD,SD,SD,parliamentary_party,90.5,2.6,observed,ME/ME0201/ME0201A/Rostningssympati170
2020M05,2020-05-01,2020-05,SD,SD,SD,parliamentary_party,blankt,blankt,BLANK_VOTE,blank_vote,1.7,1.4,observed,ME/ME0201/ME0201A/Rostningssympati170
2020M05,2020-05-01,2020-05,SD,SD,SD,parliamentary_party,c,C,C,parliamentary_party,0.0,0.0,observed,ME/ME0201/ME0201A/Rostningssympati170
2020M05,2020-05-01,2020-05,SD,SD,SD,parliamentary_party,kd,KD,KD,parliamentary_party,,,suppressed,ME/ME0201/ME0201A/Rostningssympati170
2020M05,2020-05-01,2020-05,SD,SD,SD,parliamentary_party,l,L,L,parliamentary_party,0.0,0.0,observed,ME/ME0201/ME0201A/Rostningssympati170
2020M05,2020-05-01,2020-05,SD,SD,SD,parliamentary_party,m,M,M,parliamentary_party,1.4,0.9,observed,ME/ME0201/ME0201A/Rostningssympati170
2020M05,2020-05-01,2020-05,SD,SD,SD,parliamentary_party,mp,MP,MP,parliamentary_party,0.0,0.0,observed,ME/ME0201/ME0201A/Rostningssympati170
2020M05,2020-05-01,2020-05,SD,SD,SD,parliamentary_party,s,S,S,parliamentary_party,0.8,0.6,observed,ME/ME0201/ME0201A/Rostningssympati170
2020M05,2020-05-01,2020-05,SD,SD,SD,parliamentary_party,v,V,V,parliamentary_party,,,suppressed,ME/ME0201/ME0201A/Rostningssympati170
2020M05,2020-05-01,2020-05,SD,SD,SD,parliamentary_party,vet ej,vet ej/uppgift saknas,DONT_KNOW,dont_know,4.4,1.9,observed,ME/ME0201/ME0201A/Rostningssympati170
2020M05,2020-05-01,2020-05,SD,SD,SD,parliamentary_party,övr,övriga,OTHER,other_party,,,suppressed,ME/ME0201/ME0201A/Rostningssympati170
2020M05,2020-05-01,2020-05,c,C,C,parliamentary_party,SD,SD,SD,parliamentary_party,1.6,1.4,observed,ME/ME0201/ME0201A/Rostningssympati170
2020M05,2020-05-01,2020-05,c,C,C,parliamentary_party,blankt,blankt,BLANK_VOTE,blank_vote,3.6,2.2,observed,ME/ME0201/ME0201A/Rostningssympati170
2020M05,2020-05-01,2020-05,c,C,C,parliamentary_party,c,C,C,parliamentary_party,72.8,5.6,observed,ME/ME0201/ME0201A/Rostningssympati170
2020M05,2020-05-01,2020-05,c,C,C,parliamentary_party,kd,KD,KD,parliamentary_party,,,suppressed,ME/ME0201/ME0201A/Rostningssympati170
2020M05,2020-05-01,2020-05,c,C,C,parliamentary_party,l,L,L,parliamentary_party,0.0,0.0,observed,ME/ME0201/ME0201A/Rostningssympati170
2020M05,2020-05-01,2020-05,c,C,C,parliamentary_party,m,M,M,parliamentary_party,5.1,2.6,observed,ME/ME0201/ME0201A/Rostningssympati170
2020M05,2020-05-01,2020-05,c,C,C,parliamentary_party,mp,MP,MP,parliamentary_party,,,suppressed,ME/ME0201/ME0201A/Rostningssympati170
2020M05,2020-05-01,2020-05,c,C,C,parliamentary_party,s,S,S,parliamentary_party,6.7,3.7,observed,ME/ME0201/ME0201A/Rostningssympati170
2020M05,2020-05-01,2020-05,c,C,C,parliamentary_party,v,V,V,parliamentary_party,,,suppressed,ME/ME0201/ME0201A/Rostningssympati170
2020M05,2020-05-01,2020-05,c,C,C,parliamentary_party,vet ej,vet ej/uppgift saknas,DONT_KNOW,dont_know,9.2,3.8,observed,ME/ME0201/ME0201A/Rostningssympati170
2020M05,2020-05-01,2020-05,c,C,C,parliamentary_party,övr,övriga,OTHER,other_party,,,suppressed,ME/ME0201/ME0201A/Rostningssympati170
2020M05,2020-05-01,2020-05,hela väljarkåren,hela väljarkåren,TOTAL_ELECTORATE,total_electorate,SD,SD,SD,parliamentary_party,14.8,0.8,observed,ME/ME0201/ME0201A/Rostningssympati170
2020M05,2020-05-01,2020-05,hela väljarkåren,hela väljarkåren,TOTAL_ELECTORATE,total_electorate,blankt,blankt,BLANK_VOTE,blank_vote,4.4,0.8,observed,ME/ME0201/ME0201A/Rostningssympati170
2020M05,2020-05-01,2020-05,hela väljarkåren,hela väljarkåren,TOTAL_ELECTORATE,total_electorate,c,C,C,parliamentary_party,4.9,0.5,observed,ME/ME0201/ME0201A/Rostningssympati170
2020M05,2020-05-01,2020-05,hela väljarkåren,hela väljarkåren,TOTAL_ELECTORATE,total_electorate,kd,KD,KD,parliamentary_party,5.0,0.6,observed,ME/ME0201/ME0201A/Rostningssympati170
2020M05,2020-05-01,2020-05,hela väljarkåren,hela väljarkåren,TOTAL_ELECTORATE,total_electorate,l,L,L,parliamentary_party,2.5,0.4,observed,ME/ME0201/ME0201A/Rostningssympati170
2020M05,2020-05-01,2020-05,hela väljarkåren,hela väljarkåren,TOTAL_ELECTORATE,total_electorate,m,M,M,parliamentary_party,16.7,0.9,observed,ME/ME0201/ME0201A/Rostningssympati170
2020M05,2020-05-01,2020-05,hela väljarkåren,hela väljarkåren,TOTAL_ELECTORATE,total_electorate,mp,MP,MP,parliamentary_party,3.3,0.5,observed,ME/ME0201/ME0201A/Rostningssympati170
2020M05,2020-05-01,2020-05,hela väljarkåren,hela väljarkåren,TOTAL_ELECTORATE,total_electorate,s,S,S,parliamentary_party,28.2,1.1,observed,ME/ME0201/ME0201A/Rostningssympati170
2020M05,2020-05-01,2020-05,hela väljarkåren,hela väljarkåren,TOTAL_ELECTORATE,total_electorate,v,V,V,parliamentary_party,7.0,0.6,observed,ME/ME0201/ME0201A/Rostningssympati170
2020M05,2020-05-01,2020-05,hela väljarkåren,hela väljarkåren,TOTAL_ELECTORATE,total_electorate,vet ej,vet ej/uppgift saknas,DONT_KNOW,dont_know,12.3,1.1,observed,ME/ME0201/ME0201A/Rostningssympati170
2020M05,2020-05-01,2020-05,hela väljarkåren,hela väljarkåren,TOTAL_ELECTORATE,total_electorate,övr,övriga,OTHER,other_party,0.9,0.3,observed,ME/ME0201/ME0201A/Rostningssympati170
2020M05,2020-05-01,2020-05,ingen sympati/vet ej,ingen sympati/vet ej,NO_SYMPATHY_OR_DONT_KNOW,no_sympathy,SD,SD,SD,parliamentary_party,4.3,2.2,observed,ME/ME0201/ME0201A/Rostningssympati170
2020M05,2020-05-01,2020-05,ingen sympati/vet ej,ingen sympati/vet ej,NO_SYMPATHY_OR_DONT_KNOW,no_sympathy,blankt,blankt,BLANK_VOTE,blank_vote,18.4,4.3,observed,ME/ME0201/ME0201A/Rostningssympati170
2020M05,2020-05-01,2020-05,ingen sympati/vet ej,ingen sympati/vet ej,NO_SYMPATHY_OR_DONT_KNOW,no_sympathy,c,C,C,parliamentary_party,1.0,0.7,observed,ME/ME0201/ME0201A/Rostningssympati170
2020M05,2020-05-01,2020-05,ingen sympati/vet ej,ingen sympati/vet ej,NO_SYMPATHY_OR_DONT_KNOW,no_sympathy,kd,KD,KD,parliamentary_party,0.9,0.7,observed,ME/ME0201/ME0201A/Rostningssympati170
2020M05,2020-05-01,2020-05,ingen sympati/vet ej,ingen sympati/vet ej,NO_SYMPATHY_OR_DONT_KNOW,no_sympathy,l,L,L,parliamentary_party,,,suppressed,ME/ME0201/ME0201A/Rostningssympati170
2020M05,2020-05-01,2020-05,ingen sympati/vet ej,ingen sympati/vet ej,NO_SYMPATHY_OR_DONT_KNOW,no_sympathy,m,M,M,parliamentary_party,4.4,2.0,observed,ME/ME0201/ME0201A/Rostningssympati170
2020M05,2020-05-01,2020-05,ingen sympati/vet ej,ingen sympati/vet ej,NO_SYMPATHY_OR_DONT_KNOW,no_sympathy,mp,MP,MP,parliamentary_party,,,suppressed,ME/ME0201/ME0201A/Rostningssympati170
2020M05,2020-05-01,2020-05,ingen sympati/vet ej,ingen sympati/vet ej,NO_SYMPATHY_OR_DONT_KNOW,no_sympathy,s,S,S,parliamentary_party,7.5,2.6,observed,ME/ME0201/ME0201A/Rostningssympati170
2020M05,2020-05-01,2020-05,ingen sympati/vet ej,ingen sympati/vet ej,NO_SYMPATHY_OR_DONT_KNOW,no_sympathy,v,V,V,parliamentary_party,0.9,0.8,observed,ME/ME0201/ME0201A/Rostningssympati170
2020M05,2020-05-01,2020-05,ingen sympati/vet ej,ingen sympati/vet ej,NO_SYMPATHY_OR_DONT_KNOW,no_sympathy,vet ej,vet ej/uppgift saknas,DONT_KNOW,dont_know,59.1,5.2,observed,ME/ME0201/ME0201A/Rostningssympati170
2020M05,2020-05-01,2020-05,ingen sympati/vet ej,ingen sympati/vet ej,NO_SYMPATHY_OR_DONT_KNOW,no_sympathy,övr,övriga,OTHER,other_party,2.0,1.6,observed,ME/ME0201/ME0201A/Rostningssympati170
2020M05,2020-05-01,2020-05,kd,KD,KD,parliamentary_party,SD,SD,SD,parliamentary_party,3.0,3.0,observed,ME/ME0201/ME0201A/Rostningssympati170
2020M05,2020-05-01,2020-05,kd,KD,KD,parliamentary_party,blankt,blankt,BLANK_VOTE,blank_vote,2.9,2.5,observed,ME/ME0201/ME0201A/Rostningssympati170
2020M05,2020-05-01,2020-05,kd,KD,KD,parliamentary_party,c,C,C,parliamentary_party,,,suppressed,ME/ME0201/ME0201A/Rostningssympati170
2020M05,2020-05-01,2020-05,kd,KD,KD,parliamentary_party,kd,KD,KD,parliamentary_party,85.3,4.9,observed,ME/ME0201/ME0201A/Rostningssympati170
2020M05,2020-05-01,2020-05,kd,KD,KD,parliamentary_party,l,L,L,parliamentary_party,0.0,0.0,observed,ME/ME0201/ME0201A/Rostningssympati170
2020M05,2020-05-01,2020-05,kd,KD,KD,parliamentary_party,m,M,M,parliamentary_party,,,suppressed,ME/ME0201/ME0201A/Rostningssympati170
2020M05,2020-05-01,2020-05,kd,KD,KD,parliamentary_party,mp,MP,MP,parliamentary_party,,,suppressed,ME/ME0201/ME0201A/Rostningssympati170
2020M05,2020-05-01,2020-05,kd,KD,KD,parliamentary_party,s,S,S,parliamentary_party,,,suppressed,ME/ME0201/ME0201A/Rostningssympati170
2020M05,2020-05-01,2020-05,kd,KD,KD,parliamentary_party,v,V,V,parliamentary_party,0.0,0.0,observed,ME/ME0201/ME0201A/Rostningssympati170
2020M05,2020-05-01,2020-05,kd,KD,KD,parliamentary_party,vet ej,vet ej/uppgift saknas,DONT_KNOW,dont_know,6.4,2.9,observed,ME/ME0201/ME0201A/Rostningssympati170
2020M05,2020-05-01,2020-05,kd,KD,KD,parliamentary_party,övr,övriga,OTHER,other_party,0.0,0.0,observed,ME/ME0201/ME0201A/Rostningssympati170
2020M05,2020-05-01,2020-05,l,L,L,parliamentary_party,SD,SD,SD,parliamentary_party,0.0,0.0,observed,ME/ME0201/ME0201A/Rostningssympati170
2020M05,2020-05-01,2020-05,l,L,L,parliamentary_party,blankt,blankt,BLANK_VOTE,blank_vote,2.3,2.1,observed,ME/ME0201/ME0201A/Rostningssympati170
2020M05,2020-05-01,2020-05,l,L,L,parliamentary_party,c,C,C,parliamentary_party,3.4,2.8,observed,ME/ME0201/ME0201A/Rostningssympati170
2020M05,2020-05-01,2020-05,l,L,L,parliamentary_party,kd,KD,KD,parliamentary_party,,,suppressed,ME/ME0201/ME0201A/Rostningssympati170
2020M05,2020-05-01,2020-05,l,L,L,parliamentary_party,l,L,L,parliamentary_party,69.1,7.1,observed,ME/ME0201/ME0201A/Rostningssympati170
2020M05,2020-05-01,2020-05,l,L,L,parliamentary_party,m,M,M,parliamentary_party,7.6,3.8,observed,ME/ME0201/ME0201A/Rostningssympati170
2020M05,2020-05-01,2020-05,l,L,L,parliamentary_party,mp,MP,MP,parliamentary_party,,,suppressed,ME/ME0201/ME0201A/Rostningssympati170
2020M05,2020-05-01,2020-05,l,L,L,parliamentary_party,s,S,S,parliamentary_party,7.1,3.7,observed,ME/ME0201/ME0201A/Rostningssympati170
2020M05,2020-05-01,2020-05,l,L,L,parliamentary_party,v,V,V,parliamentary_party,0.0,0.0,observed,ME/ME0201/ME0201A/Rostningssympati170
2020M05,2020-05-01,2020-05,l,L,L,parliamentary_party,vet ej,vet ej/uppgift saknas,DONT_KNOW,dont_know,8.6,4.8,observed,ME/ME0201/ME0201A/Rostningssympati170
2020M05,2020-05-01,2020-05,l,L,L,parliamentary_party,övr,övriga,OTHER,other_party,0.0,0.0,observed,ME/ME0201/ME0201A/Rostningssympati170
2020M05,2020-05-01,2020-05,m,M,M,parliamentary_party,SD,SD,SD,parliamentary_party,3.0,1.2,observed,ME/ME0201/ME0201A/Rostningssympati170
2020M05,2020-05-01,2020-05,m,M,M,parliamentary_party,blankt,blankt,BLANK_VOTE,blank_vote,2.3,1.2,observed,ME/ME0201/ME0201A/Rostningssympati170
2020M05,2020-05-01,2020-05,m,M,M,parliamentary_party,c,C,C,parliamentary_party,0.6,0.5,observed,ME/ME0201/ME0201A/Rostningssympati170
2020M05,2020-05-01,2020-05,m,M,M,parliamentary_party,kd,KD,KD,parliamentary_party,2.0,1.0,observed,ME/ME0201/ME0201A/Rostningssympati170
2020M05,2020-05-01,2020-05,m,M,M,parliamentary_party,l,L,L,parliamentary_party,,,suppressed,ME/ME0201/ME0201A/Rostningssympati170
2020M05,2020-05-01,2020-05,m,M,M,parliamentary_party,m,M,M,parliamentary_party,83.3,2.7,observed,ME/ME0201/ME0201A/Rostningssympati170
2020M05,2020-05-01,2020-05,m,M,M,parliamentary_party,mp,MP,MP,parliamentary_party,,,suppressed,ME/ME0201/ME0201A/Rostningssympati170
2020M05,2020-05-01,2020-05,m,M,M,parliamentary_party,s,S,S,parliamentary_party,2.4,1.2,observed,ME/ME0201/ME0201A/Rostningssympati170
2020M05,2020-05-01,2020-05,m,M,M,parliamentary_party,v,V,V,parliamentary_party,,,suppressed,ME/ME0201/ME0201A/Rostningssympati170
2020M05,2020-05-01,2020-05,m,M,M,parliamentary_party,vet ej,vet ej/uppgift saknas,DONT_KNOW,dont_know,5.3,1.6,observed,ME/ME0201/ME0201A/Rostningssympati170
2020M05,2020-05-01,2020-05,m,M,M,parliamentary_party,övr,övriga,OTHER,other_party,,,suppressed,ME/ME0201/ME0201A/Rostningssympati170
2020M05,2020-05-01,2020-05,mp,MP,MP,parliamentary_party,SD,SD,SD,parliamentary_party,,,suppressed,ME/ME0201/ME0201A/Rostningssympati170
2020M05,2020-05-01,2020-05,mp,MP,MP,parliamentary_party,blankt,blankt,BLANK_VOTE,blank_vote,,,suppressed,ME/ME0201/ME0201A/Rostningssympati170
2020M05,2020-05-01,2020-05,mp,MP,MP,parliamentary_party,c,C,C,parliamentary_party,0.0,0.0,observed,ME/ME0201/ME0201A/Rostningssympati170
2020M05,2020-05-01,2020-05,mp,MP,MP,parliamentary_party,kd,KD,KD,parliamentary_party,0.0,0.0,observed,ME/ME0201/ME0201A/Rostningssympati170
2020M05,2020-05-01,2020-05,mp,MP,MP,parliamentary_party,l,L,L,parliamentary_party,,,suppressed,ME/ME0201/ME0201A/Rostningssympati170
2020M05,2020-05-01,2020-05,mp,MP,MP,parliamentary_party,m,M,M,parliamentary_party,,,suppressed,ME/ME0201/ME0201A/Rostningssympati170
2020M05,2020-05-01,2020-05,mp,MP,MP,parliamentary_party,mp,MP,MP,parliamentary_party,74.6,6.8,observed,ME/ME0201/ME0201A/Rostningssympati170
2020M05,2020-05-01,2020-05,mp,MP,MP,parliamentary_party,s,S,S,parliamentary_party,11.6,4.5,observed,ME/ME0201/ME0201A/Rostningssympati170
2020M05,2020-05-01,2020-05,mp,MP,MP,parliamentary_party,v,V,V,parliamentary_party,4.4,3.0,observed,ME/ME0201/ME0201A/Rostningssympati170
2020M05,2020-05-01,2020-05,mp,MP,MP,parliamentary_party,vet ej,vet ej/uppgift saknas,DONT_KNOW,dont_know,5.1,3.9,observed,ME/ME0201/ME0201A/Rostningssympati170
2020M05,2020-05-01,2020-05,mp,MP,MP,parliamentary_party,övr,övriga,OTHER,other_party,0.0,0.0,observed,ME/ME0201/ME0201A/Rostningssympati170
2020M05,2020-05-01,2020-05,s,S,S,parliamentary_party,SD,SD,SD,parliamentary_party,0.7,0.4,observed,ME/ME0201/ME0201A/Rostningssympati170
2020M05,2020-05-01,2020-05,s,S,S,parliamentary_party,blankt,blankt,BLANK_VOTE,blank_vote,1.8,0.7,observed,ME/ME0201/ME0201A/Rostningssympati170
2020M05,2020-05-01,2020-05,s,S,S,parliamentary_party,c,C,C,parliamentary_party,0.3,0.3,observed,ME/ME0201/ME0201A/Rostningssympati170
2020M05,2020-05-01,2020-05,s,S,S,parliamentary_party,kd,KD,KD,parliamentary_party,,,suppressed,ME/ME0201/ME0201A/Rostningssympati170
2020M05,2020-05-01,2020-05,s,S,S,parliamentary_party,l,L,L,parliamentary_party,,,suppressed,ME/ME0201/ME0201A/Rostningssympati170
2020M05,2020-05-01,2020-05,s,S,S,parliamentary_party,m,M,M,parliamentary_party,0.6,0.4,observed,ME/ME0201/ME0201A/Rostningssympati170
2020M05,2020-05-01,2020-05,s,S,S,parliamentary_party,mp,MP,MP,parliamentary_party,0.8,0.6,observed,ME/ME0201/ME0201A/Rostningssympati170
2020M05,2020-05-01,2020-05,s,S,S,parliamentary_party,s,S,S,parliamentary_party,89.2,1.9,observed,ME/ME0201/ME0201A/Rostningssympati170
2020M05,2020-05-01,2020-05,s,S,S,parliamentary_party,v,V,V,parliamentary_party,1.4,0.7,observed,ME/ME0201/ME0201A/Rostningssympati170
2020M05,2020-05-01,2020-05,s,S,S,parliamentary_party,vet ej,vet ej/uppgift saknas,DONT_KNOW,dont_know,4.9,1.4,observed,ME/ME0201/ME0201A/Rostningssympati170
2020M05,2020-05-01,2020-05,s,S,S,parliamentary_party,övr,övriga,OTHER,other_party,,,suppressed,ME/ME0201/ME0201A/Rostningssympati170
2020M05,2020-05-01,2020-05,v,V,V,parliamentary_party,SD,SD,SD,parliamentary_party,0.0,0.0,observed,ME/ME0201/ME0201A/Rostningssympati170
2020M05,2020-05-01,2020-05,v,V,V,parliamentary_party,blankt,blankt,BLANK_VOTE,blank_vote,2.8,2.0,observed,ME/ME0201/ME0201A/Rostningssympati170
2020M05,2020-05-01,2020-05,v,V,V,parliamentary_party,c,C,C,parliamentary_party,,,suppressed,ME/ME0201/ME0201A/Rostningssympati170
2020M05,2020-05-01,2020-05,v,V,V,parliamentary_party,kd,KD,KD,parliamentary_party,0.0,0.0,observed,ME/ME0201/ME0201A/Rostningssympati170
2020M05,2020-05-01,2020-05,v,V,V,parliamentary_party,l,L,L,parliamentary_party,0.0,0.0,observed,ME/ME0201/ME0201A/Rostningssympati170
2020M05,2020-05-01,2020-05,v,V,V,parliamentary_party,m,M,M,parliamentary_party,0.0,0.0,observed,ME/ME0201/ME0201A/Rostningssympati170
2020M05,2020-05-01,2020-05,v,V,V,parliamentary_party,mp,MP,MP,parliamentary_party,1.5,1.2,observed,ME/ME0201/ME0201A/Rostningssympati170
2020M05,2020-05-01,2020-05,v,V,V,parliamentary_party,s,S,S,parliamentary_party,6.6,2.5,observed,ME/ME0201/ME0201A/Rostningssympati170
2020M05,2020-05-01,2020-05,v,V,V,parliamentary_party,v,V,V,parliamentary_party,84.9,4.0,observed,ME/ME0201/ME0201A/Rostningssympati170
2020M05,2020-05-01,2020-05,v,V,V,parliamentary_party,vet ej,vet ej/uppgift saknas,DONT_KNOW,dont_know,4.0,2.5,observed,ME/ME0201/ME0201A/Rostningssympati170
2020M05,2020-05-01,2020-05,v,V,V,parliamentary_party,övr,övriga,OTHER,other_party,0.0,0.0,observed,ME/ME0201/ME0201A/Rostningssympati170
2020M05,2020-05-01,2020-05,övr,övriga,OTHER,other_party,SD,SD,SD,parliamentary_party,,,suppressed,ME/ME0201/ME0201A/Rostningssympati170
2020M05,2020-05-01,2020-05,övr,övriga,OTHER,other_party,blankt,blankt,BLANK_VOTE,blank_vote,14.5,13.3,observed,ME/ME0201/ME0201A/Rostningssympati170
2020M05,2020-05-01,2020-05,övr,övriga,OTHER,other_party,c,C,C,parliamentary_party,0.0,0.0,observed,ME/ME0201/ME0201A/Rostningssympati170
2020M05,2020-05-01,2020-05,övr,övriga,OTHER,other_party,kd,KD,KD,parliamentary_party,0.0,0.0,observed,ME/ME0201/ME0201A/Rostningssympati170
2020M05,2020-05-01,2020-05,övr,övriga,OTHER,other_party,l,L,L,parliamentary_party,0.0,0.0,observed,ME/ME0201/ME0201A/Rostningssympati170
2020M05,2020-05-01,2020-05,övr,övriga,OTHER,other_party,m,M,M,parliamentary_party,9.2,7.9,observed,ME/ME0201/ME0201A/Rostningssympati170
2020M05,2020-05-01,2020-05,övr,övriga,OTHER,other_party,mp,MP,MP,parliamentary_party,,,suppressed,ME/ME0201/ME0201A/Rostningssympati170
2020M05,2020-05-01,2020-05,övr,övriga,OTHER,other_party,s,S,S,parliamentary_party,,,suppressed,ME/ME0201/ME0201A/Rostningssympati170
2020M05,2020-05-01,2020-05,övr,övriga,OTHER,other_party,v,V,V,parliamentary_party,,,suppressed,ME/ME0201/ME0201A/Rostningssympati170
2020M05,2020-05-01,2020-05,övr,övriga,OTHER,other_party,vet ej,vet ej/uppgift saknas,DONT_KNOW,dont_know,,,suppressed,ME/ME0201/ME0201A/Rostningssympati170
2020M05,2020-05-01,2020-05,övr,övriga,OTHER,other_party,övr,övriga,OTHER,other_party,47.9,15.1,observed,ME/ME0201/ME0201A/Rostningssympati170
2020M11,2020-11-01,2020-11,SD,SD,SD,parliamentary_party,SD,SD,SD,parliamentary_party,93.4,2.2,observed,ME/ME0201/ME0201A/Rostningssympati170
2020M11,2020-11-01,2020-11,SD,SD,SD,parliamentary_party,blankt,blankt,BLANK_VOTE,blank_vote,0.9,0.8,observed,ME/ME0201/ME0201A/Rostningssympati170
2020M11,2020-11-01,2020-11,SD,SD,SD,parliamentary_party,c,C,C,parliamentary_party,0.0,0.0,observed,ME/ME0201/ME0201A/Rostningssympati170
2020M11,2020-11-01,2020-11,SD,SD,SD,parliamentary_party,kd,KD,KD,parliamentary_party,1.0,0.8,observed,ME/ME0201/ME0201A/Rostningssympati170
2020M11,2020-11-01,2020-11,SD,SD,SD,parliamentary_party,l,L,L,parliamentary_party,0.0,0.0,observed,ME/ME0201/ME0201A/Rostningssympati170
2020M11,2020-11-01,2020-11,SD,SD,SD,parliamentary_party,m,M,M,parliamentary_party,1.0,0.9,observed,ME/ME0201/ME0201A/Rostningssympati170
2020M11,2020-11-01,2020-11,SD,SD,SD,parliamentary_party,mp,MP,MP,parliamentary_party,0.0,0.0,observed,ME/ME0201/ME0201A/Rostningssympati170
2020M11,2020-11-01,2020-11,SD,SD,SD,parliamentary_party,s,S,S,parliamentary_party,,,suppressed,ME/ME0201/ME0201A/Rostningssympati170
2020M11,2020-11-01,2020-11,SD,SD,SD,parliamentary_party,v,V,V,parliamentary_party,0.0,0.0,observed,ME/ME0201/ME0201A/Rostningssympati170
2020M11,2020-11-01,2020-11,SD,SD,SD,parliamentary_party,vet ej,vet ej/uppgift saknas,DONT_KNOW,dont_know,3.5,1.8,observed,ME/ME0201/ME0201A/Rostningssympati170
2020M11,2020-11-01,2020-11,SD,SD,SD,parliamentary_party,övr,övriga,OTHER,other_party,0.0,0.0,observed,ME/ME0201/ME0201A/Rostningssympati170
2020M11,2020-11-01,2020-11,c,C,C,parliamentary_party,SD,SD,SD,parliamentary_party,0.0,0.0,observed,ME/ME0201/ME0201A/Rostningssympati170
2020M11,2020-11-01,2020-11,c,C,C,parliamentary_party,blankt,blankt,BLANK_VOTE,blank_vote,3.7,2.2,observed,ME/ME0201/ME0201A/Rostningssympati170
2020M11,2020-11-01,2020-11,c,C,C,parliamentary_party,c,C,C,parliamentary_party,83.1,4.5,observed,ME/ME0201/ME0201A/Rostningssympati170
2020M11,2020-11-01,2020-11,c,C,C,parliamentary_party,kd,KD,KD,parliamentary_party,,,suppressed,ME/ME0201/ME0201A/Rostningssympati170
2020M11,2020-11-01,2020-11,c,C,C,parliamentary_party,l,L,L,parliamentary_party,,,suppressed,ME/ME0201/ME0201A/Rostningssympati170
2020M11,2020-11-01,2020-11,c,C,C,parliamentary_party,m,M,M,parliamentary_party,1.7,1.5,observed,ME/ME0201/ME0201A/Rostningssympati170
2020M11,2020-11-01,2020-11,c,C,C,parliamentary_party,mp,MP,MP,parliamentary_party,,,suppressed,ME/ME0201/ME0201A/Rostningssympati170
2020M11,2020-11-01,2020-11,c,C,C,parliamentary_party,s,S,S,parliamentary_party,2.0,1.5,observed,ME/ME0201/ME0201A/Rostningssympati170
2020M11,2020-11-01,2020-11,c,C,C,parliamentary_party,v,V,V,parliamentary_party,,,suppressed,ME/ME0201/ME0201A/Rostningssympati170
2020M11,2020-11-01,2020-11,c,C,C,parliamentary_party,vet ej,vet ej/uppgift saknas,DONT_KNOW,dont_know,8.0,3.5,observed,ME/ME0201/ME0201A/Rostningssympati170
2020M11,2020-11-01,2020-11,c,C,C,parliamentary_party,övr,övriga,OTHER,other_party,0.0,0.0,observed,ME/ME0201/ME0201A/Rostningssympati170
2020M11,2020-11-01,2020-11,hela väljarkåren,hela väljarkåren,TOTAL_ELECTORATE,total_electorate,SD,SD,SD,parliamentary_party,15.5,0.8,observed,ME/ME0201/ME0201A/Rostningssympati170
2020M11,2020-11-01,2020-11,hela väljarkåren,hela väljarkåren,TOTAL_ELECTORATE,total_electorate,blankt,blankt,BLANK_VOTE,blank_vote,5.5,0.9,observed,ME/ME0201/ME0201A/Rostningssympati170
2020M11,2020-11-01,2020-11,hela väljarkåren,hela väljarkåren,TOTAL_ELECTORATE,total_electorate,c,C,C,parliamentary_party,6.0,0.6,observed,ME/ME0201/ME0201A/Rostningssympati170
2020M11,2020-11-01,2020-11,hela väljarkåren,hela väljarkåren,TOTAL_ELECTORATE,total_electorate,kd,KD,KD,parliamentary_party,4.3,0.5,observed,ME/ME0201/ME0201A/Rostningssympati170
2020M11,2020-11-01,2020-11,hela väljarkåren,hela väljarkåren,TOTAL_ELECTORATE,total_electorate,l,L,L,parliamentary_party,2.2,0.4,observed,ME/ME0201/ME0201A/Rostningssympati170
2020M11,2020-11-01,2020-11,hela väljarkåren,hela väljarkåren,TOTAL_ELECTORATE,total_electorate,m,M,M,parliamentary_party,18.2,0.9,observed,ME/ME0201/ME0201A/Rostningssympati170
2020M11,2020-11-01,2020-11,hela väljarkåren,hela väljarkåren,TOTAL_ELECTORATE,total_electorate,mp,MP,MP,parliamentary_party,3.3,0.5,observed,ME/ME0201/ME0201A/Rostningssympati170
2020M11,2020-11-01,2020-11,hela väljarkåren,hela väljarkåren,TOTAL_ELECTORATE,total_electorate,s,S,S,parliamentary_party,23.1,1.1,observed,ME/ME0201/ME0201A/Rostningssympati170
2020M11,2020-11-01,2020-11,hela väljarkåren,hela väljarkåren,TOTAL_ELECTORATE,total_electorate,v,V,V,parliamentary_party,7.8,0.6,observed,ME/ME0201/ME0201A/Rostningssympati170
2020M11,2020-11-01,2020-11,hela väljarkåren,hela väljarkåren,TOTAL_ELECTORATE,total_electorate,vet ej,vet ej/uppgift saknas,DONT_KNOW,dont_know,13.0,1.2,observed,ME/ME0201/ME0201A/Rostningssympati170
2020M11,2020-11-01,2020-11,hela väljarkåren,hela väljarkåren,TOTAL_ELECTORATE,total_electorate,övr,övriga,OTHER,other_party,1.1,0.4,observed,ME/ME0201/ME0201A/Rostningssympati170
2020M11,2020-11-01,2020-11,ingen sympati/vet ej,ingen sympati/vet ej,NO_SYMPATHY_OR_DONT_KNOW,no_sympathy,SD,SD,SD,parliamentary_party,2.0,1.1,observed,ME/ME0201/ME0201A/Rostningssympati170
2020M11,2020-11-01,2020-11,ingen sympati/vet ej,ingen sympati/vet ej,NO_SYMPATHY_OR_DONT_KNOW,no_sympathy,blankt,blankt,BLANK_VOTE,blank_vote,22.9,4.9,observed,ME/ME0201/ME0201A/Rostningssympati170
2020M11,2020-11-01,2020-11,ingen sympati/vet ej,ingen sympati/vet ej,NO_SYMPATHY_OR_DONT_KNOW,no_sympathy,c,C,C,parliamentary_party,0.9,0.8,observed,ME/ME0201/ME0201A/Rostningssympati170
2020M11,2020-11-01,2020-11,ingen sympati/vet ej,ingen sympati/vet ej,NO_SYMPATHY_OR_DONT_KNOW,no_sympathy,kd,KD,KD,parliamentary_party,,,suppressed,ME/ME0201/ME0201A/Rostningssympati170
2020M11,2020-11-01,2020-11,ingen sympati/vet ej,ingen sympati/vet ej,NO_SYMPATHY_OR_DONT_KNOW,no_sympathy,l,L,L,parliamentary_party,1.6,1.6,observed,ME/ME0201/ME0201A/Rostningssympati170
2020M11,2020-11-01,2020-11,ingen sympati/vet ej,ingen sympati/vet ej,NO_SYMPATHY_OR_DONT_KNOW,no_sympathy,m,M,M,parliamentary_party,3.7,1.8,observed,ME/ME0201/ME0201A/Rostningssympati170
2020M11,2020-11-01,2020-11,ingen sympati/vet ej,ingen sympati/vet ej,NO_SYMPATHY_OR_DONT_KNOW,no_sympathy,mp,MP,MP,parliamentary_party,,,suppressed,ME/ME0201/ME0201A/Rostningssympati170
2020M11,2020-11-01,2020-11,ingen sympati/vet ej,ingen sympati/vet ej,NO_SYMPATHY_OR_DONT_KNOW,no_sympathy,s,S,S,parliamentary_party,7.1,2.9,observed,ME/ME0201/ME0201A/Rostningssympati170
2020M11,2020-11-01,2020-11,ingen sympati/vet ej,ingen sympati/vet ej,NO_SYMPATHY_OR_DONT_KNOW,no_sympathy,v,V,V,parliamentary_party,1.0,0.8,observed,ME/ME0201/ME0201A/Rostningssympati170
2020M11,2020-11-01,2020-11,ingen sympati/vet ej,ingen sympati/vet ej,NO_SYMPATHY_OR_DONT_KNOW,no_sympathy,vet ej,vet ej/uppgift saknas,DONT_KNOW,dont_know,58.8,5.5,observed,ME/ME0201/ME0201A/Rostningssympati170
2020M11,2020-11-01,2020-11,ingen sympati/vet ej,ingen sympati/vet ej,NO_SYMPATHY_OR_DONT_KNOW,no_sympathy,övr,övriga,OTHER,other_party,,,suppressed,ME/ME0201/ME0201A/Rostningssympati170
2020M11,2020-11-01,2020-11,kd,KD,KD,parliamentary_party,SD,SD,SD,parliamentary_party,5.6,3.7,observed,ME/ME0201/ME0201A/Rostningssympati170
2020M11,2020-11-01,2020-11,kd,KD,KD,parliamentary_party,blankt,blankt,BLANK_VOTE,blank_vote,,,suppressed,ME/ME0201/ME0201A/Rostningssympati170
2020M11,2020-11-01,2020-11,kd,KD,KD,parliamentary_party,c,C,C,parliamentary_party,,,suppressed,ME/ME0201/ME0201A/Rostningssympati170
2020M11,2020-11-01,2020-11,kd,KD,KD,parliamentary_party,kd,KD,KD,parliamentary_party,78.0,5.8,observed,ME/ME0201/ME0201A/Rostningssympati170
2020M11,2020-11-01,2020-11,kd,KD,KD,parliamentary_party,l,L,L,parliamentary_party,0.0,0.0,observed,ME/ME0201/ME0201A/Rostningssympati170
2020M11,2020-11-01,2020-11,kd,KD,KD,parliamentary_party,m,M,M,parliamentary_party,4.1,2.5,observed,ME/ME0201/ME0201A/Rostningssympati170
2020M11,2020-11-01,2020-11,kd,KD,KD,parliamentary_party,mp,MP,MP,parliamentary_party,,,suppressed,ME/ME0201/ME0201A/Rostningssympati170
2020M11,2020-11-01,2020-11,kd,KD,KD,parliamentary_party,s,S,S,parliamentary_party,,,suppressed,ME/ME0201/ME0201A/Rostningssympati170
2020M11,2020-11-01,2020-11,kd,KD,KD,parliamentary_party,v,V,V,parliamentary_party,,,suppressed,ME/ME0201/ME0201A/Rostningssympati170
2020M11,2020-11-01,2020-11,kd,KD,KD,parliamentary_party,vet ej,vet ej/uppgift saknas,DONT_KNOW,dont_know,7.7,3.8,observed,ME/ME0201/ME0201A/Rostningssympati170
2020M11,2020-11-01,2020-11,kd,KD,KD,parliamentary_party,övr,övriga,OTHER,other_party,,,suppressed,ME/ME0201/ME0201A/Rostningssympati170
2020M11,2020-11-01,2020-11,l,L,L,parliamentary_party,SD,SD,SD,parliamentary_party,,,suppressed,ME/ME0201/ME0201A/Rostningssympati170
2020M11,2020-11-01,2020-11,l,L,L,parliamentary_party,blankt,blankt,BLANK_VOTE,blank_vote,8.1,5.2,observed,ME/ME0201/ME0201A/Rostningssympati170
2020M11,2020-11-01,2020-11,l,L,L,parliamentary_party,c,C,C,parliamentary_party,8.1,5.2,observed,ME/ME0201/ME0201A/Rostningssympati170
2020M11,2020-11-01,2020-11,l,L,L,parliamentary_party,kd,KD,KD,parliamentary_party,,,suppressed,ME/ME0201/ME0201A/Rostningssympati170
2020M11,2020-11-01,2020-11,l,L,L,parliamentary_party,l,L,L,parliamentary_party,52.5,8.0,observed,ME/ME0201/ME0201A/Rostningssympati170
2020M11,2020-11-01,2020-11,l,L,L,parliamentary_party,m,M,M,parliamentary_party,9.4,4.2,observed,ME/ME0201/ME0201A/Rostningssympati170
2020M11,2020-11-01,2020-11,l,L,L,parliamentary_party,mp,MP,MP,parliamentary_party,,,suppressed,ME/ME0201/ME0201A/Rostningssympati170
2020M11,2020-11-01,2020-11,l,L,L,parliamentary_party,s,S,S,parliamentary_party,5.5,3.4,observed,ME/ME0201/ME0201A/Rostningssympati170
2020M11,2020-11-01,2020-11,l,L,L,parliamentary_party,v,V,V,parliamentary_party,,,suppressed,ME/ME0201/ME0201A/Rostningssympati170
2020M11,2020-11-01,2020-11,l,L,L,parliamentary_party,vet ej,vet ej/uppgift saknas,DONT_KNOW,dont_know,10.3,4.7,observed,ME/ME0201/ME0201A/Rostningssympati170
2020M11,2020-11-01,2020-11,l,L,L,parliamentary_party,övr,övriga,OTHER,other_party,0.0,0.0,observed,ME/ME0201/ME0201A/Rostningssympati170
2020M11,2020-11-01,2020-11,m,M,M,parliamentary_party,SD,SD,SD,parliamentary_party,3.3,1.2,observed,ME/ME0201/ME0201A/Rostningssympati170
2020M11,2020-11-01,2020-11,m,M,M,parliamentary_party,blankt,blankt,BLANK_VOTE,blank_vote,2.2,1.2,observed,ME/ME0201/ME0201A/Rostningssympati170
2020M11,2020-11-01,2020-11,m,M,M,parliamentary_party,c,C,C,parliamentary_party,,,suppressed,ME/ME0201/ME0201A/Rostningssympati170
2020M11,2020-11-01,2020-11,m,M,M,parliamentary_party,kd,KD,KD,parliamentary_party,1.6,0.8,observed,ME/ME0201/ME0201A/Rostningssympati170
2020M11,2020-11-01,2020-11,m,M,M,parliamentary_party,l,L,L,parliamentary_party,0.6,0.5,observed,ME/ME0201/ME0201A/Rostningssympati170
2020M11,2020-11-01,2020-11,m,M,M,parliamentary_party,m,M,M,parliamentary_party,85.0,2.5,observed,ME/ME0201/ME0201A/Rostningssympati170
2020M11,2020-11-01,2020-11,m,M,M,parliamentary_party,mp,MP,MP,parliamentary_party,,,suppressed,ME/ME0201/ME0201A/Rostningssympati170
2020M11,2020-11-01,2020-11,m,M,M,parliamentary_party,s,S,S,parliamentary_party,0.7,0.5,observed,ME/ME0201/ME0201A/Rostningssympati170
2020M11,2020-11-01,2020-11,m,M,M,parliamentary_party,v,V,V,parliamentary_party,,,suppressed,ME/ME0201/ME0201A/Rostningssympati170
2020M11,2020-11-01,2020-11,m,M,M,parliamentary_party,vet ej,vet ej/uppgift saknas,DONT_KNOW,dont_know,5.3,1.7,observed,ME/ME0201/ME0201A/Rostningssympati170
2020M11,2020-11-01,2020-11,m,M,M,parliamentary_party,övr,övriga,OTHER,other_party,,,suppressed,ME/ME0201/ME0201A/Rostningssympati170
2020M11,2020-11-01,2020-11,mp,MP,MP,parliamentary_party,SD,SD,SD,parliamentary_party,0.0,0.0,observed,ME/ME0201/ME0201A/Rostningssympati170
2020M11,2020-11-01,2020-11,mp,MP,MP,parliamentary_party,blankt,blankt,BLANK_VOTE,blank_vote,,,suppressed,ME/ME0201/ME0201A/Rostningssympati170
2020M11,2020-11-01,2020-11,mp,MP,MP,parliamentary_party,c,C,C,parliamentary_party,,,suppressed,ME/ME0201/ME0201A/Rostningssympati170
2020M11,2020-11-01,2020-11,mp,MP,MP,parliamentary_party,kd,KD,KD,parliamentary_party,0.0,0.0,observed,ME/ME0201/ME0201A/Rostningssympati170
2020M11,2020-11-01,2020-11,mp,MP,MP,parliamentary_party,l,L,L,parliamentary_party,,,suppressed,ME/ME0201/ME0201A/Rostningssympati170
2020M11,2020-11-01,2020-11,mp,MP,MP,parliamentary_party,m,M,M,parliamentary_party,,,suppressed,ME/ME0201/ME0201A/Rostningssympati170
2020M11,2020-11-01,2020-11,mp,MP,MP,parliamentary_party,mp,MP,MP,parliamentary_party,74.2,7.4,observed,ME/ME0201/ME0201A/Rostningssympati170
2020M11,2020-11-01,2020-11,mp,MP,MP,parliamentary_party,s,S,S,parliamentary_party,10.3,6.2,observed,ME/ME0201/ME0201A/Rostningssympati170
2020M11,2020-11-01,2020-11,mp,MP,MP,parliamentary_party,v,V,V,parliamentary_party,3.6,2.4,observed,ME/ME0201/ME0201A/Rostningssympati170
2020M11,2020-11-01,2020-11,mp,MP,MP,parliamentary_party,vet ej,vet ej/uppgift saknas,DONT_KNOW,dont_know,6.2,3.6,observed,ME/ME0201/ME0201A/Rostningssympati170
2020M11,2020-11-01,2020-11,mp,MP,MP,parliamentary_party,övr,övriga,OTHER,other_party,,,suppressed,ME/ME0201/ME0201A/Rostningssympati170
2020M11,2020-11-01,2020-11,s,S,S,parliamentary_party,SD,SD,SD,parliamentary_party,1.6,0.7,observed,ME/ME0201/ME0201A/Rostningssympati170
2020M11,2020-11-01,2020-11,s,S,S,parliamentary_party,blankt,blankt,BLANK_VOTE,blank_vote,4.0,1.4,observed,ME/ME0201/ME0201A/Rostningssympati170
2020M11,2020-11-01,2020-11,s,S,S,parliamentary_party,c,C,C,parliamentary_party,0.8,0.5,observed,ME/ME0201/ME0201A/Rostningssympati170
2020M11,2020-11-01,2020-11,s,S,S,parliamentary_party,kd,KD,KD,parliamentary_party,,,suppressed,ME/ME0201/ME0201A/Rostningssympati170
2020M11,2020-11-01,2020-11,s,S,S,parliamentary_party,l,L,L,parliamentary_party,,,suppressed,ME/ME0201/ME0201A/Rostningssympati170
2020M11,2020-11-01,2020-11,s,S,S,parliamentary_party,m,M,M,parliamentary_party,1.9,0.9,observed,ME/ME0201/ME0201A/Rostningssympati170
2020M11,2020-11-01,2020-11,s,S,S,parliamentary_party,mp,MP,MP,parliamentary_party,1.1,0.7,observed,ME/ME0201/ME0201A/Rostningssympati170
2020M11,2020-11-01,2020-11,s,S,S,parliamentary_party,s,S,S,parliamentary_party,79.4,2.6,observed,ME/ME0201/ME0201A/Rostningssympati170
2020M11,2020-11-01,2020-11,s,S,S,parliamentary_party,v,V,V,parliamentary_party,3.0,1.0,observed,ME/ME0201/ME0201A/Rostningssympati170
2020M11,2020-11-01,2020-11,s,S,S,parliamentary_party,vet ej,vet ej/uppgift saknas,DONT_KNOW,dont_know,7.8,1.7,observed,ME/ME0201/ME0201A/Rostningssympati170
2020M11,2020-11-01,2020-11,s,S,S,parliamentary_party,övr,övriga,OTHER,other_party,,,suppressed,ME/ME0201/ME0201A/Rostningssympati170
2020M11,2020-11-01,2020-11,v,V,V,parliamentary_party,SD,SD,SD,parliamentary_party,,,suppressed,ME/ME0201/ME0201A/Rostningssympati170
2020M11,2020-11-01,2020-11,v,V,V,parliamentary_party,blankt,blankt,BLANK_VOTE,blank_vote,3.0,1.7,observed,ME/ME0201/ME0201A/Rostningssympati170
2020M11,2020-11-01,2020-11,v,V,V,parliamentary_party,c,C,C,parliamentary_party,,,suppressed,ME/ME0201/ME0201A/Rostningssympati170
2020M11,2020-11-01,2020-11,v,V,V,parliamentary_party,kd,KD,KD,parliamentary_party,0.0,0.0,observed,ME/ME0201/ME0201A/Rostningssympati170
2020M11,2020-11-01,2020-11,v,V,V,parliamentary_party,l,L,L,parliamentary_party,0.0,0.0,observed,ME/ME0201/ME0201A/Rostningssympati170
2020M11,2020-11-01,2020-11,v,V,V,parliamentary_party,m,M,M,parliamentary_party,,,suppressed,ME/ME0201/ME0201A/Rostningssympati170
2020M11,2020-11-01,2020-11,v,V,V,parliamentary_party,mp,MP,MP,parliamentary_party,1.4,1.2,observed,ME/ME0201/ME0201A/Rostningssympati170
2020M11,2020-11-01,2020-11,v,V,V,parliamentary_party,s,S,S,parliamentary_party,7.9,3.2,observed,ME/ME0201/ME0201A/Rostningssympati170
2020M11,2020-11-01,2020-11,v,V,V,parliamentary_party,v,V,V,parliamentary_party,82.0,4.2,observed,ME/ME0201/ME0201A/Rostningssympati170
2020M11,2020-11-01,2020-11,v,V,V,parliamentary_party,vet ej,vet ej/uppgift saknas,DONT_KNOW,dont_know,3.8,2.0,observed,ME/ME0201/ME0201A/Rostningssympati170
2020M11,2020-11-01,2020-11,v,V,V,parliamentary_party,övr,övriga,OTHER,other_party,,,suppressed,ME/ME0201/ME0201A/Rostningssympati170
2020M11,2020-11-01,2020-11,övr,övriga,OTHER,other_party,SD,SD,SD,parliamentary_party,10.9,8.0,observed,ME/ME0201/ME0201A/Rostningssympati170
2020M11,2020-11-01,2020-11,övr,övriga,OTHER,other_party,blankt,blankt,BLANK_VOTE,blank_vote,,,suppressed,ME/ME0201/ME0201A/Rostningssympati170
2020M11,2020-11-01,2020-11,övr,övriga,OTHER,other_party,c,C,C,parliamentary_party,,,suppressed,ME/ME0201/ME0201A/Rostningssympati170
2020M11,2020-11-01,2020-11,övr,övriga,OTHER,other_party,kd,KD,KD,parliamentary_party,,,suppressed,ME/ME0201/ME0201A/Rostningssympati170
2020M11,2020-11-01,2020-11,övr,övriga,OTHER,other_party,l,L,L,parliamentary_party,,,suppressed,ME/ME0201/ME0201A/Rostningssympati170
2020M11,2020-11-01,2020-11,övr,övriga,OTHER,other_party,m,M,M,parliamentary_party,,,suppressed,ME/ME0201/ME0201A/Rostningssympati170
2020M11,2020-11-01,2020-11,övr,övriga,OTHER,other_party,mp,MP,MP,parliamentary_party,,,suppressed,ME/ME0201/ME0201A/Rostningssympati170
2020M11,2020-11-01,2020-11,övr,övriga,OTHER,other_party,s,S,S,parliamentary_party,,,suppressed,ME/ME0201/ME0201A/Rostningssympati170
2020M11,2020-11-01,2020-11,övr,övriga,OTHER,other_party,v,V,V,parliamentary_party,6.9,6.1,observed,ME/ME0201/ME0201A/Rostningssympati170
2020M11,2020-11-01,2020-11,övr,övriga,OTHER,other_party,vet ej,vet ej/uppgift saknas,DONT_KNOW,dont_know,,,suppressed,ME/ME0201/ME0201A/Rostningssympati170
2020M11,2020-11-01,2020-11,övr,övriga,OTHER,other_party,övr,övriga,OTHER,other_party,59.0,14.2,observed,ME/ME0201/ME0201A/Rostningssympati170
2021M05,2021-05-01,2021-05,SD,SD,SD,parliamentary_party,SD,SD,SD,parliamentary_party,93.3,2.1,observed,ME/ME0201/ME0201A/Rostningssympati170
2021M05,2021-05-01,2021-05,SD,SD,SD,parliamentary_party,blankt,blankt,BLANK_VOTE,blank_vote,0.7,0.7,observed,ME/ME0201/ME0201A/Rostningssympati170
2021M05,2021-05-01,2021-05,SD,SD,SD,parliamentary_party,c,C,C,parliamentary_party,0.0,0.0,observed,ME/ME0201/ME0201A/Rostningssympati170
2021M05,2021-05-01,2021-05,SD,SD,SD,parliamentary_party,kd,KD,KD,parliamentary_party,,,suppressed,ME/ME0201/ME0201A/Rostningssympati170
2021M05,2021-05-01,2021-05,SD,SD,SD,parliamentary_party,l,L,L,parliamentary_party,0.0,0.0,observed,ME/ME0201/ME0201A/Rostningssympati170
2021M05,2021-05-01,2021-05,SD,SD,SD,parliamentary_party,m,M,M,parliamentary_party,1.3,0.9,observed,ME/ME0201/ME0201A/Rostningssympati170
2021M05,2021-05-01,2021-05,SD,SD,SD,parliamentary_party,mp,MP,MP,parliamentary_party,,,suppressed,ME/ME0201/ME0201A/Rostningssympati170
2021M05,2021-05-01,2021-05,SD,SD,SD,parliamentary_party,s,S,S,parliamentary_party,,,suppressed,ME/ME0201/ME0201A/Rostningssympati170
2021M05,2021-05-01,2021-05,SD,SD,SD,parliamentary_party,v,V,V,parliamentary_party,,,suppressed,ME/ME0201/ME0201A/Rostningssympati170
2021M05,2021-05-01,2021-05,SD,SD,SD,parliamentary_party,vet ej,vet ej/uppgift saknas,DONT_KNOW,dont_know,2.8,1.3,observed,ME/ME0201/ME0201A/Rostningssympati170
2021M05,2021-05-01,2021-05,SD,SD,SD,parliamentary_party,övr,övriga,OTHER,other_party,,,suppressed,ME/ME0201/ME0201A/Rostningssympati170
2021M05,2021-05-01,2021-05,c,C,C,parliamentary_party,SD,SD,SD,parliamentary_party,,,suppressed,ME/ME0201/ME0201A/Rostningssympati170
2021M05,2021-05-01,2021-05,c,C,C,parliamentary_party,blankt,blankt,BLANK_VOTE,blank_vote,4.1,2.1,observed,ME/ME0201/ME0201A/Rostningssympati170
2021M05,2021-05-01,2021-05,c,C,C,parliamentary_party,c,C,C,parliamentary_party,82.9,4.4,observed,ME/ME0201/ME0201A/Rostningssympati170
2021M05,2021-05-01,2021-05,c,C,C,parliamentary_party,kd,KD,KD,parliamentary_party,0.0,0.0,observed,ME/ME0201/ME0201A/Rostningssympati170
2021M05,2021-05-01,2021-05,c,C,C,parliamentary_party,l,L,L,parliamentary_party,,,suppressed,ME/ME0201/ME0201A/Rostningssympati170
2021M05,2021-05-01,2021-05,c,C,C,parliamentary_party,m,M,M,parliamentary_party,1.7,1.3,observed,ME/ME0201/ME0201A/Rostningssympati170
2021M05,2021-05-01,2021-05,c,C,C,parliamentary_party,mp,MP,MP,parliamentary_party,,,suppressed,ME/ME0201/ME0201A/Rostningssympati170
2021M05,2021-05-01,2021-05,c,C,C,parliamentary_party,s,S,S,parliamentary_party,3.0,2.3,observed,ME/ME0201/ME0201A/Rostningssympati170
2021M05,2021-05-01,2021-05,c,C,C,parliamentary_party,v,V,V,parliamentary_party,,,suppressed,ME/ME0201/ME0201A/Rostningssympati170
2021M05,2021-05-01,2021-05,c,C,C,parliamentary_party,vet ej,vet ej/uppgift saknas,DONT_KNOW,dont_know,6.1,3.0,observed,ME/ME0201/ME0201A/Rostningssympati170
2021M05,2021-05-01,2021-05,c,C,C,parliamentary_party,övr,övriga,OTHER,other_party,0.0,0.0,observed,ME/ME0201/ME0201A/Rostningssympati170
2021M05,2021-05-01,2021-05,hela väljarkåren,hela väljarkåren,TOTAL_ELECTORATE,total_electorate,SD,SD,SD,parliamentary_party,16.1,0.9,observed,ME/ME0201/ME0201A/Rostningssympati170
2021M05,2021-05-01,2021-05,hela väljarkåren,hela väljarkåren,TOTAL_ELECTORATE,total_electorate,blankt,blankt,BLANK_VOTE,blank_vote,5.3,0.9,observed,ME/ME0201/ME0201A/Rostningssympati170
2021M05,2021-05-01,2021-05,hela väljarkåren,hela väljarkåren,TOTAL_ELECTORATE,total_electorate,c,C,C,parliamentary_party,7.3,0.6,observed,ME/ME0201/ME0201A/Rostningssympati170
2021M05,2021-05-01,2021-05,hela väljarkåren,hela väljarkåren,TOTAL_ELECTORATE,total_electorate,kd,KD,KD,parliamentary_party,3.5,0.5,observed,ME/ME0201/ME0201A/Rostningssympati170
2021M05,2021-05-01,2021-05,hela väljarkåren,hela väljarkåren,TOTAL_ELECTORATE,total_electorate,l,L,L,parliamentary_party,1.7,0.3,observed,ME/ME0201/ME0201A/Rostningssympati170
2021M05,2021-05-01,2021-05,hela väljarkåren,hela väljarkåren,TOTAL_ELECTORATE,total_electorate,m,M,M,parliamentary_party,18.1,0.9,observed,ME/ME0201/ME0201A/Rostningssympati170
2021M05,2021-05-01,2021-05,hela väljarkåren,hela väljarkåren,TOTAL_ELECTORATE,total_electorate,mp,MP,MP,parliamentary_party,3.1,0.5,observed,ME/ME0201/ME0201A/Rostningssympati170
2021M05,2021-05-01,2021-05,hela väljarkåren,hela väljarkåren,TOTAL_ELECTORATE,total_electorate,s,S,S,parliamentary_party,22.6,1.1,observed,ME/ME0201/ME0201A/Rostningssympati170
2021M05,2021-05-01,2021-05,hela väljarkåren,hela väljarkåren,TOTAL_ELECTORATE,total_electorate,v,V,V,parliamentary_party,7.5,0.6,observed,ME/ME0201/ME0201A/Rostningssympati170
2021M05,2021-05-01,2021-05,hela väljarkåren,hela väljarkåren,TOTAL_ELECTORATE,total_electorate,vet ej,vet ej/uppgift saknas,DONT_KNOW,dont_know,13.8,1.2,observed,ME/ME0201/ME0201A/Rostningssympati170
2021M05,2021-05-01,2021-05,hela väljarkåren,hela väljarkåren,TOTAL_ELECTORATE,total_electorate,övr,övriga,OTHER,other_party,1.0,0.3,observed,ME/ME0201/ME0201A/Rostningssympati170
2021M05,2021-05-01,2021-05,ingen sympati/vet ej,ingen sympati/vet ej,NO_SYMPATHY_OR_DONT_KNOW,no_sympathy,SD,SD,SD,parliamentary_party,2.3,1.3,observed,ME/ME0201/ME0201A/Rostningssympati170
2021M05,2021-05-01,2021-05,ingen sympati/vet ej,ingen sympati/vet ej,NO_SYMPATHY_OR_DONT_KNOW,no_sympathy,blankt,blankt,BLANK_VOTE,blank_vote,20.4,4.7,observed,ME/ME0201/ME0201A/Rostningssympati170
2021M05,2021-05-01,2021-05,ingen sympati/vet ej,ingen sympati/vet ej,NO_SYMPATHY_OR_DONT_KNOW,no_sympathy,c,C,C,parliamentary_party,,,suppressed,ME/ME0201/ME0201A/Rostningssympati170
2021M05,2021-05-01,2021-05,ingen sympati/vet ej,ingen sympati/vet ej,NO_SYMPATHY_OR_DONT_KNOW,no_sympathy,kd,KD,KD,parliamentary_party,1.7,1.2,observed,ME/ME0201/ME0201A/Rostningssympati170
2021M05,2021-05-01,2021-05,ingen sympati/vet ej,ingen sympati/vet ej,NO_SYMPATHY_OR_DONT_KNOW,no_sympathy,l,L,L,parliamentary_party,,,suppressed,ME/ME0201/ME0201A/Rostningssympati170
2021M05,2021-05-01,2021-05,ingen sympati/vet ej,ingen sympati/vet ej,NO_SYMPATHY_OR_DONT_KNOW,no_sympathy,m,M,M,parliamentary_party,4.1,2.1,observed,ME/ME0201/ME0201A/Rostningssympati170
2021M05,2021-05-01,2021-05,ingen sympati/vet ej,ingen sympati/vet ej,NO_SYMPATHY_OR_DONT_KNOW,no_sympathy,mp,MP,MP,parliamentary_party,,,suppressed,ME/ME0201/ME0201A/Rostningssympati170
2021M05,2021-05-01,2021-05,ingen sympati/vet ej,ingen sympati/vet ej,NO_SYMPATHY_OR_DONT_KNOW,no_sympathy,s,S,S,parliamentary_party,5.2,2.4,observed,ME/ME0201/ME0201A/Rostningssympati170
2021M05,2021-05-01,2021-05,ingen sympati/vet ej,ingen sympati/vet ej,NO_SYMPATHY_OR_DONT_KNOW,no_sympathy,v,V,V,parliamentary_party,0.8,0.7,observed,ME/ME0201/ME0201A/Rostningssympati170
2021M05,2021-05-01,2021-05,ingen sympati/vet ej,ingen sympati/vet ej,NO_SYMPATHY_OR_DONT_KNOW,no_sympathy,vet ej,vet ej/uppgift saknas,DONT_KNOW,dont_know,63.6,5.3,observed,ME/ME0201/ME0201A/Rostningssympati170
2021M05,2021-05-01,2021-05,ingen sympati/vet ej,ingen sympati/vet ej,NO_SYMPATHY_OR_DONT_KNOW,no_sympathy,övr,övriga,OTHER,other_party,0.8,0.8,observed,ME/ME0201/ME0201A/Rostningssympati170
2021M05,2021-05-01,2021-05,kd,KD,KD,parliamentary_party,SD,SD,SD,parliamentary_party,4.0,3.0,observed,ME/ME0201/ME0201A/Rostningssympati170
2021M05,2021-05-01,2021-05,kd,KD,KD,parliamentary_party,blankt,blankt,BLANK_VOTE,blank_vote,3.2,2.5,observed,ME/ME0201/ME0201A/Rostningssympati170
2021M05,2021-05-01,2021-05,kd,KD,KD,parliamentary_party,c,C,C,parliamentary_party,,,suppressed,ME/ME0201/ME0201A/Rostningssympati170
2021M05,2021-05-01,2021-05,kd,KD,KD,parliamentary_party,kd,KD,KD,parliamentary_party,75.5,6.7,observed,ME/ME0201/ME0201A/Rostningssympati170
2021M05,2021-05-01,2021-05,kd,KD,KD,parliamentary_party,l,L,L,parliamentary_party,,,suppressed,ME/ME0201/ME0201A/Rostningssympati170
2021M05,2021-05-01,2021-05,kd,KD,KD,parliamentary_party,m,M,M,parliamentary_party,6.5,3.6,observed,ME/ME0201/ME0201A/Rostningssympati170
2021M05,2021-05-01,2021-05,kd,KD,KD,parliamentary_party,mp,MP,MP,parliamentary_party,0.0,0.0,observed,ME/ME0201/ME0201A/Rostningssympati170
2021M05,2021-05-01,2021-05,kd,KD,KD,parliamentary_party,s,S,S,parliamentary_party,,,suppressed,ME/ME0201/ME0201A/Rostningssympati170
2021M05,2021-05-01,2021-05,kd,KD,KD,parliamentary_party,v,V,V,parliamentary_party,0.0,0.0,observed,ME/ME0201/ME0201A/Rostningssympati170
2021M05,2021-05-01,2021-05,kd,KD,KD,parliamentary_party,vet ej,vet ej/uppgift saknas,DONT_KNOW,dont_know,7.1,3.6,observed,ME/ME0201/ME0201A/Rostningssympati170
2021M05,2021-05-01,2021-05,kd,KD,KD,parliamentary_party,övr,övriga,OTHER,other_party,0.0,0.0,observed,ME/ME0201/ME0201A/Rostningssympati170
2021M05,2021-05-01,2021-05,l,L,L,parliamentary_party,SD,SD,SD,parliamentary_party,,,suppressed,ME/ME0201/ME0201A/Rostningssympati170
2021M05,2021-05-01,2021-05,l,L,L,parliamentary_party,blankt,blankt,BLANK_VOTE,blank_vote,4.3,3.5,observed,ME/ME0201/ME0201A/Rostningssympati170
2021M05,2021-05-01,2021-05,l,L,L,parliamentary_party,c,C,C,parliamentary_party,8.3,4.5,observed,ME/ME0201/ME0201A/Rostningssympati170
2021M05,2021-05-01,2021-05,l,L,L,parliamentary_party,kd,KD,KD,parliamentary_party,,,suppressed,ME/ME0201/ME0201A/Rostningssympati170
2021M05,2021-05-01,2021-05,l,L,L,parliamentary_party,l,L,L,parliamentary_party,66.3,8.4,observed,ME/ME0201/ME0201A/Rostningssympati170
2021M05,2021-05-01,2021-05,l,L,L,parliamentary_party,m,M,M,parliamentary_party,3.6,3.6,observed,ME/ME0201/ME0201A/Rostningssympati170
2021M05,2021-05-01,2021-05,l,L,L,parliamentary_party,mp,MP,MP,parliamentary_party,,,suppressed,ME/ME0201/ME0201A/Rostningssympati170
2021M05,2021-05-01,2021-05,l,L,L,parliamentary_party,s,S,S,parliamentary_party,3.2,2.9,observed,ME/ME0201/ME0201A/Rostningssympati170
2021M05,2021-05-01,2021-05,l,L,L,parliamentary_party,v,V,V,parliamentary_party,0.0,0.0,observed,ME/ME0201/ME0201A/Rostningssympati170
2021M05,2021-05-01,2021-05,l,L,L,parliamentary_party,vet ej,vet ej/uppgift saknas,DONT_KNOW,dont_know,11.3,5.8,observed,ME/ME0201/ME0201A/Rostningssympati170
2021M05,2021-05-01,2021-05,l,L,L,parliamentary_party,övr,övriga,OTHER,other_party,0.0,0.0,observed,ME/ME0201/ME0201A/Rostningssympati170
2021M05,2021-05-01,2021-05,m,M,M,parliamentary_party,SD,SD,SD,parliamentary_party,3.2,1.2,observed,ME/ME0201/ME0201A/Rostningssympati170
2021M05,2021-05-01,2021-05,m,M,M,parliamentary_party,blankt,blankt,BLANK_VOTE,blank_vote,2.7,1.2,observed,ME/ME0201/ME0201A/Rostningssympati170
2021M05,2021-05-01,2021-05,m,M,M,parliamentary_party,c,C,C,parliamentary_party,0.7,0.5,observed,ME/ME0201/ME0201A/Rostningssympati170
2021M05,2021-05-01,2021-05,m,M,M,parliamentary_party,kd,KD,KD,parliamentary_party,1.2,0.7,observed,ME/ME0201/ME0201A/Rostningssympati170
2021M05,2021-05-01,2021-05,m,M,M,parliamentary_party,l,L,L,parliamentary_party,0.3,0.3,observed,ME/ME0201/ME0201A/Rostningssympati170
2021M05,2021-05-01,2021-05,m,M,M,parliamentary_party,m,M,M,parliamentary_party,87.0,2.3,observed,ME/ME0201/ME0201A/Rostningssympati170
2021M05,2021-05-01,2021-05,m,M,M,parliamentary_party,mp,MP,MP,parliamentary_party,,,suppressed,ME/ME0201/ME0201A/Rostningssympati170
2021M05,2021-05-01,2021-05,m,M,M,parliamentary_party,s,S,S,parliamentary_party,0.6,0.5,observed,ME/ME0201/ME0201A/Rostningssympati170
2021M05,2021-05-01,2021-05,m,M,M,parliamentary_party,v,V,V,parliamentary_party,,,suppressed,ME/ME0201/ME0201A/Rostningssympati170
2021M05,2021-05-01,2021-05,m,M,M,parliamentary_party,vet ej,vet ej/uppgift saknas,DONT_KNOW,dont_know,3.9,1.4,observed,ME/ME0201/ME0201A/Rostningssympati170
2021M05,2021-05-01,2021-05,m,M,M,parliamentary_party,övr,övriga,OTHER,other_party,0.0,0.0,observed,ME/ME0201/ME0201A/Rostningssympati170
2021M05,2021-05-01,2021-05,mp,MP,MP,parliamentary_party,SD,SD,SD,parliamentary_party,0.0,0.0,observed,ME/ME0201/ME0201A/Rostningssympati170
2021M05,2021-05-01,2021-05,mp,MP,MP,parliamentary_party,blankt,blankt,BLANK_VOTE,blank_vote,4.1,3.1,observed,ME/ME0201/ME0201A/Rostningssympati170
2021M05,2021-05-01,2021-05,mp,MP,MP,parliamentary_party,c,C,C,parliamentary_party,4.7,3.6,observed,ME/ME0201/ME0201A/Rostningssympati170
2021M05,2021-05-01,2021-05,mp,MP,MP,parliamentary_party,kd,KD,KD,parliamentary_party,0.0,0.0,observed,ME/ME0201/ME0201A/Rostningssympati170
2021M05,2021-05-01,2021-05,mp,MP,MP,parliamentary_party,l,L,L,parliamentary_party,,,suppressed,ME/ME0201/ME0201A/Rostningssympati170
2021M05,2021-05-01,2021-05,mp,MP,MP,parliamentary_party,m,M,M,parliamentary_party,0.0,0.0,observed,ME/ME0201/ME0201A/Rostningssympati170
2021M05,2021-05-01,2021-05,mp,MP,MP,parliamentary_party,mp,MP,MP,parliamentary_party,74.8,7.3,observed,ME/ME0201/ME0201A/Rostningssympati170
2021M05,2021-05-01,2021-05,mp,MP,MP,parliamentary_party,s,S,S,parliamentary_party,3.7,2.9,observed,ME/ME0201/ME0201A/Rostningssympati170
2021M05,2021-05-01,2021-05,mp,MP,MP,parliamentary_party,v,V,V,parliamentary_party,4.0,3.0,observed,ME/ME0201/ME0201A/Rostningssympati170
2021M05,2021-05-01,2021-05,mp,MP,MP,parliamentary_party,vet ej,vet ej/uppgift saknas,DONT_KNOW,dont_know,6.7,4.8,observed,ME/ME0201/ME0201A/Rostningssympati170
2021M05,2021-05-01,2021-05,mp,MP,MP,parliamentary_party,övr,övriga,OTHER,other_party,,,suppressed,ME/ME0201/ME0201A/Rostningssympati170
2021M05,2021-05-01,2021-05,s,S,S,parliamentary_party,SD,SD,SD,parliamentary_party,1.6,0.7,observed,ME/ME0201/ME0201A/Rostningssympati170
2021M05,2021-05-01,2021-05,s,S,S,parliamentary_party,blankt,blankt,BLANK_VOTE,blank_vote,3.5,1.2,observed,ME/ME0201/ME0201A/Rostningssympati170
2021M05,2021-05-01,2021-05,s,S,S,parliamentary_party,c,C,C,parliamentary_party,1.6,0.7,observed,ME/ME0201/ME0201A/Rostningssympati170
2021M05,2021-05-01,2021-05,s,S,S,parliamentary_party,kd,KD,KD,parliamentary_party,,,suppressed,ME/ME0201/ME0201A/Rostningssympati170
2021M05,2021-05-01,2021-05,s,S,S,parliamentary_party,l,L,L,parliamentary_party,,,suppressed,ME/ME0201/ME0201A/Rostningssympati170
2021M05,2021-05-01,2021-05,s,S,S,parliamentary_party,m,M,M,parliamentary_party,1.6,0.8,observed,ME/ME0201/ME0201A/Rostningssympati170
2021M05,2021-05-01,2021-05,s,S,S,parliamentary_party,mp,MP,MP,parliamentary_party,1.2,0.9,observed,ME/ME0201/ME0201A/Rostningssympati170
2021M05,2021-05-01,2021-05,s,S,S,parliamentary_party,s,S,S,parliamentary_party,80.4,2.6,observed,ME/ME0201/ME0201A/Rostningssympati170
2021M05,2021-05-01,2021-05,s,S,S,parliamentary_party,v,V,V,parliamentary_party,1.9,0.9,observed,ME/ME0201/ME0201A/Rostningssympati170
2021M05,2021-05-01,2021-05,s,S,S,parliamentary_party,vet ej,vet ej/uppgift saknas,DONT_KNOW,dont_know,8.0,1.9,observed,ME/ME0201/ME0201A/Rostningssympati170
2021M05,2021-05-01,2021-05,s,S,S,parliamentary_party,övr,övriga,OTHER,other_party,0.0,0.0,observed,ME/ME0201/ME0201A/Rostningssympati170
2021M05,2021-05-01,2021-05,v,V,V,parliamentary_party,SD,SD,SD,parliamentary_party,,,suppressed,ME/ME0201/ME0201A/Rostningssympati170
2021M05,2021-05-01,2021-05,v,V,V,parliamentary_party,blankt,blankt,BLANK_VOTE,blank_vote,1.7,1.3,observed,ME/ME0201/ME0201A/Rostningssympati170
2021M05,2021-05-01,2021-05,v,V,V,parliamentary_party,c,C,C,parliamentary_party,,,suppressed,ME/ME0201/ME0201A/Rostningssympati170
2021M05,2021-05-01,2021-05,v,V,V,parliamentary_party,kd,KD,KD,parliamentary_party,0.0,0.0,observed,ME/ME0201/ME0201A/Rostningssympati170
2021M05,2021-05-01,2021-05,v,V,V,parliamentary_party,l,L,L,parliamentary_party,0.0,0.0,observed,ME/ME0201/ME0201A/Rostningssympati170
2021M05,2021-05-01,2021-05,v,V,V,parliamentary_party,m,M,M,parliamentary_party,0.0,0.0,observed,ME/ME0201/ME0201A/Rostningssympati170
2021M05,2021-05-01,2021-05,v,V,V,parliamentary_party,mp,MP,MP,parliamentary_party,,,suppressed,ME/ME0201/ME0201A/Rostningssympati170
2021M05,2021-05-01,2021-05,v,V,V,parliamentary_party,s,S,S,parliamentary_party,7.1,2.7,observed,ME/ME0201/ME0201A/Rostningssympati170
2021M05,2021-05-01,2021-05,v,V,V,parliamentary_party,v,V,V,parliamentary_party,84.2,4.2,observed,ME/ME0201/ME0201A/Rostningssympati170
2021M05,2021-05-01,2021-05,v,V,V,parliamentary_party,vet ej,vet ej/uppgift saknas,DONT_KNOW,dont_know,3.4,2.4,observed,ME/ME0201/ME0201A/Rostningssympati170
2021M05,2021-05-01,2021-05,v,V,V,parliamentary_party,övr,övriga,OTHER,other_party,,,suppressed,ME/ME0201/ME0201A/Rostningssympati170
2021M05,2021-05-01,2021-05,övr,övriga,OTHER,other_party,SD,SD,SD,parliamentary_party,,,suppressed,ME/ME0201/ME0201A/Rostningssympati170
2021M05,2021-05-01,2021-05,övr,övriga,OTHER,other_party,blankt,blankt,BLANK_VOTE,blank_vote,,,suppressed,ME/ME0201/ME0201A/Rostningssympati170
2021M05,2021-05-01,2021-05,övr,övriga,OTHER,other_party,c,C,C,parliamentary_party,,,suppressed,ME/ME0201/ME0201A/Rostningssympati170
2021M05,2021-05-01,2021-05,övr,övriga,OTHER,other_party,kd,KD,KD,parliamentary_party,,,suppressed,ME/ME0201/ME0201A/Rostningssympati170
2021M05,2021-05-01,2021-05,övr,övriga,OTHER,other_party,l,L,L,parliamentary_party,0.0,0.0,observed,ME/ME0201/ME0201A/Rostningssympati170
2021M05,2021-05-01,2021-05,övr,övriga,OTHER,other_party,m,M,M,parliamentary_party,,,suppressed,ME/ME0201/ME0201A/Rostningssympati170
2021M05,2021-05-01,2021-05,övr,övriga,OTHER,other_party,mp,MP,MP,parliamentary_party,0.0,0.0,observed,ME/ME0201/ME0201A/Rostningssympati170
2021M05,2021-05-01,2021-05,övr,övriga,OTHER,other_party,s,S,S,parliamentary_party,,,suppressed,ME/ME0201/ME0201A/Rostningssympati170
2021M05,2021-05-01,2021-05,övr,övriga,OTHER,other_party,v,V,V,parliamentary_party,,,suppressed,ME/ME0201/ME0201A/Rostningssympati170
2021M05,2021-05-01,2021-05,övr,övriga,OTHER,other_party,vet ej,vet ej/uppgift saknas,DONT_KNOW,dont_know,9.8,8.4,observed,ME/ME0201/ME0201A/Rostningssympati170
2021M05,2021-05-01,2021-05,övr,övriga,OTHER,other_party,övr,övriga,OTHER,other_party,60.2,16.1,observed,ME/ME0201/ME0201A/Rostningssympati170
2021M11,2021-11-01,2021-11,SD,SD,SD,parliamentary_party,SD,SD,SD,parliamentary_party,93.7,2.3,observed,ME/ME0201/ME0201A/Rostningssympati170
2021M11,2021-11-01,2021-11,SD,SD,SD,parliamentary_party,blankt,blankt,BLANK_VOTE,blank_vote,,,suppressed,ME/ME0201/ME0201A/Rostningssympati170
2021M11,2021-11-01,2021-11,SD,SD,SD,parliamentary_party,c,C,C,parliamentary_party,0.0,0.0,observed,ME/ME0201/ME0201A/Rostningssympati170
2021M11,2021-11-01,2021-11,SD,SD,SD,parliamentary_party,kd,KD,KD,parliamentary_party,,,suppressed,ME/ME0201/ME0201A/Rostningssympati170
2021M11,2021-11-01,2021-11,SD,SD,SD,parliamentary_party,l,L,L,parliamentary_party,0.0,0.0,observed,ME/ME0201/ME0201A/Rostningssympati170
2021M11,2021-11-01,2021-11,SD,SD,SD,parliamentary_party,m,M,M,parliamentary_party,2.4,1.3,observed,ME/ME0201/ME0201A/Rostningssympati170
2021M11,2021-11-01,2021-11,SD,SD,SD,parliamentary_party,mp,MP,MP,parliamentary_party,0.0,0.0,observed,ME/ME0201/ME0201A/Rostningssympati170
2021M11,2021-11-01,2021-11,SD,SD,SD,parliamentary_party,s,S,S,parliamentary_party,,,suppressed,ME/ME0201/ME0201A/Rostningssympati170
2021M11,2021-11-01,2021-11,SD,SD,SD,parliamentary_party,v,V,V,parliamentary_party,,,suppressed,ME/ME0201/ME0201A/Rostningssympati170
2021M11,2021-11-01,2021-11,SD,SD,SD,parliamentary_party,vet ej,vet ej/uppgift saknas,DONT_KNOW,dont_know,1.5,1.1,observed,ME/ME0201/ME0201A/Rostningssympati170
2021M11,2021-11-01,2021-11,SD,SD,SD,parliamentary_party,övr,övriga,OTHER,other_party,,,suppressed,ME/ME0201/ME0201A/Rostningssympati170
2021M11,2021-11-01,2021-11,c,C,C,parliamentary_party,SD,SD,SD,parliamentary_party,,,suppressed,ME/ME0201/ME0201A/Rostningssympati170
2021M11,2021-11-01,2021-11,c,C,C,parliamentary_party,blankt,blankt,BLANK_VOTE,blank_vote,4.7,2.4,observed,ME/ME0201/ME0201A/Rostningssympati170
2021M11,2021-11-01,2021-11,c,C,C,parliamentary_party,c,C,C,parliamentary_party,77.3,5.1,observed,ME/ME0201/ME0201A/Rostningssympati170
2021M11,2021-11-01,2021-11,c,C,C,parliamentary_party,kd,KD,KD,parliamentary_party,0.0,0.0,observed,ME/ME0201/ME0201A/Rostningssympati170
2021M11,2021-11-01,2021-11,c,C,C,parliamentary_party,l,L,L,parliamentary_party,,,suppressed,ME/ME0201/ME0201A/Rostningssympati170
2021M11,2021-11-01,2021-11,c,C,C,parliamentary_party,m,M,M,parliamentary_party,2.4,1.8,observed,ME/ME0201/ME0201A/Rostningssympati170
2021M11,2021-11-01,2021-11,c,C,C,parliamentary_party,mp,MP,MP,parliamentary_party,,,suppressed,ME/ME0201/ME0201A/Rostningssympati170
2021M11,2021-11-01,2021-11,c,C,C,parliamentary_party,s,S,S,parliamentary_party,4.4,2.5,observed,ME/ME0201/ME0201A/Rostningssympati170
2021M11,2021-11-01,2021-11,c,C,C,parliamentary_party,v,V,V,parliamentary_party,0.0,0.0,observed,ME/ME0201/ME0201A/Rostningssympati170
2021M11,2021-11-01,2021-11,c,C,C,parliamentary_party,vet ej,vet ej/uppgift saknas,DONT_KNOW,dont_know,8.0,3.3,observed,ME/ME0201/ME0201A/Rostningssympati170
2021M11,2021-11-01,2021-11,c,C,C,parliamentary_party,övr,övriga,OTHER,other_party,,,suppressed,ME/ME0201/ME0201A/Rostningssympati170
2021M11,2021-11-01,2021-11,hela väljarkåren,hela väljarkåren,TOTAL_ELECTORATE,total_electorate,SD,SD,SD,parliamentary_party,15.1,0.8,observed,ME/ME0201/ME0201A/Rostningssympati170
2021M11,2021-11-01,2021-11,hela väljarkåren,hela väljarkåren,TOTAL_ELECTORATE,total_electorate,blankt,blankt,BLANK_VOTE,blank_vote,5.5,0.9,observed,ME/ME0201/ME0201A/Rostningssympati170
2021M11,2021-11-01,2021-11,hela väljarkåren,hela väljarkåren,TOTAL_ELECTORATE,total_electorate,c,C,C,parliamentary_party,6.6,0.7,observed,ME/ME0201/ME0201A/Rostningssympati170
2021M11,2021-11-01,2021-11,hela väljarkåren,hela väljarkåren,TOTAL_ELECTORATE,total_electorate,kd,KD,KD,parliamentary_party,3.5,0.5,observed,ME/ME0201/ME0201A/Rostningssympati170
2021M11,2021-11-01,2021-11,hela väljarkåren,hela väljarkåren,TOTAL_ELECTORATE,total_electorate,l,L,L,parliamentary_party,2.1,0.4,observed,ME/ME0201/ME0201A/Rostningssympati170
2021M11,2021-11-01,2021-11,hela väljarkåren,hela väljarkåren,TOTAL_ELECTORATE,total_electorate,m,M,M,parliamentary_party,18.3,1.0,observed,ME/ME0201/ME0201A/Rostningssympati170
2021M11,2021-11-01,2021-11,hela väljarkåren,hela väljarkåren,TOTAL_ELECTORATE,total_electorate,mp,MP,MP,parliamentary_party,3.1,0.5,observed,ME/ME0201/ME0201A/Rostningssympati170
2021M11,2021-11-01,2021-11,hela väljarkåren,hela väljarkåren,TOTAL_ELECTORATE,total_electorate,s,S,S,parliamentary_party,23.1,1.1,observed,ME/ME0201/ME0201A/Rostningssympati170
2021M11,2021-11-01,2021-11,hela väljarkåren,hela väljarkåren,TOTAL_ELECTORATE,total_electorate,v,V,V,parliamentary_party,7.6,0.6,observed,ME/ME0201/ME0201A/Rostningssympati170
2021M11,2021-11-01,2021-11,hela väljarkåren,hela väljarkåren,TOTAL_ELECTORATE,total_electorate,vet ej,vet ej/uppgift saknas,DONT_KNOW,dont_know,14.3,1.2,observed,ME/ME0201/ME0201A/Rostningssympati170
2021M11,2021-11-01,2021-11,hela väljarkåren,hela väljarkåren,TOTAL_ELECTORATE,total_electorate,övr,övriga,OTHER,other_party,0.8,0.3,observed,ME/ME0201/ME0201A/Rostningssympati170
2021M11,2021-11-01,2021-11,ingen sympati/vet ej,ingen sympati/vet ej,NO_SYMPATHY_OR_DONT_KNOW,no_sympathy,SD,SD,SD,parliamentary_party,2.7,1.5,observed,ME/ME0201/ME0201A/Rostningssympati170
2021M11,2021-11-01,2021-11,ingen sympati/vet ej,ingen sympati/vet ej,NO_SYMPATHY_OR_DONT_KNOW,no_sympathy,blankt,blankt,BLANK_VOTE,blank_vote,21.0,4.5,observed,ME/ME0201/ME0201A/Rostningssympati170
2021M11,2021-11-01,2021-11,ingen sympati/vet ej,ingen sympati/vet ej,NO_SYMPATHY_OR_DONT_KNOW,no_sympathy,c,C,C,parliamentary_party,,,suppressed,ME/ME0201/ME0201A/Rostningssympati170
2021M11,2021-11-01,2021-11,ingen sympati/vet ej,ingen sympati/vet ej,NO_SYMPATHY_OR_DONT_KNOW,no_sympathy,kd,KD,KD,parliamentary_party,1.0,0.7,observed,ME/ME0201/ME0201A/Rostningssympati170
2021M11,2021-11-01,2021-11,ingen sympati/vet ej,ingen sympati/vet ej,NO_SYMPATHY_OR_DONT_KNOW,no_sympathy,l,L,L,parliamentary_party,,,suppressed,ME/ME0201/ME0201A/Rostningssympati170
2021M11,2021-11-01,2021-11,ingen sympati/vet ej,ingen sympati/vet ej,NO_SYMPATHY_OR_DONT_KNOW,no_sympathy,m,M,M,parliamentary_party,4.4,1.8,observed,ME/ME0201/ME0201A/Rostningssympati170
2021M11,2021-11-01,2021-11,ingen sympati/vet ej,ingen sympati/vet ej,NO_SYMPATHY_OR_DONT_KNOW,no_sympathy,mp,MP,MP,parliamentary_party,0.9,0.8,observed,ME/ME0201/ME0201A/Rostningssympati170
2021M11,2021-11-01,2021-11,ingen sympati/vet ej,ingen sympati/vet ej,NO_SYMPATHY_OR_DONT_KNOW,no_sympathy,s,S,S,parliamentary_party,6.4,2.5,observed,ME/ME0201/ME0201A/Rostningssympati170
2021M11,2021-11-01,2021-11,ingen sympati/vet ej,ingen sympati/vet ej,NO_SYMPATHY_OR_DONT_KNOW,no_sympathy,v,V,V,parliamentary_party,1.0,1.0,observed,ME/ME0201/ME0201A/Rostningssympati170
2021M11,2021-11-01,2021-11,ingen sympati/vet ej,ingen sympati/vet ej,NO_SYMPATHY_OR_DONT_KNOW,no_sympathy,vet ej,vet ej/uppgift saknas,DONT_KNOW,dont_know,60.4,5.1,observed,ME/ME0201/ME0201A/Rostningssympati170
2021M11,2021-11-01,2021-11,ingen sympati/vet ej,ingen sympati/vet ej,NO_SYMPATHY_OR_DONT_KNOW,no_sympathy,övr,övriga,OTHER,other_party,0.7,0.6,observed,ME/ME0201/ME0201A/Rostningssympati170
2021M11,2021-11-01,2021-11,kd,KD,KD,parliamentary_party,SD,SD,SD,parliamentary_party,4.5,3.2,observed,ME/ME0201/ME0201A/Rostningssympati170
2021M11,2021-11-01,2021-11,kd,KD,KD,parliamentary_party,blankt,blankt,BLANK_VOTE,blank_vote,3.3,2.7,observed,ME/ME0201/ME0201A/Rostningssympati170
2021M11,2021-11-01,2021-11,kd,KD,KD,parliamentary_party,c,C,C,parliamentary_party,,,suppressed,ME/ME0201/ME0201A/Rostningssympati170
2021M11,2021-11-01,2021-11,kd,KD,KD,parliamentary_party,kd,KD,KD,parliamentary_party,78.4,6.4,observed,ME/ME0201/ME0201A/Rostningssympati170
2021M11,2021-11-01,2021-11,kd,KD,KD,parliamentary_party,l,L,L,parliamentary_party,,,suppressed,ME/ME0201/ME0201A/Rostningssympati170
2021M11,2021-11-01,2021-11,kd,KD,KD,parliamentary_party,m,M,M,parliamentary_party,2.6,2.3,observed,ME/ME0201/ME0201A/Rostningssympati170
2021M11,2021-11-01,2021-11,kd,KD,KD,parliamentary_party,mp,MP,MP,parliamentary_party,0.0,0.0,observed,ME/ME0201/ME0201A/Rostningssympati170
2021M11,2021-11-01,2021-11,kd,KD,KD,parliamentary_party,s,S,S,parliamentary_party,0.0,0.0,observed,ME/ME0201/ME0201A/Rostningssympati170
2021M11,2021-11-01,2021-11,kd,KD,KD,parliamentary_party,v,V,V,parliamentary_party,,,suppressed,ME/ME0201/ME0201A/Rostningssympati170
2021M11,2021-11-01,2021-11,kd,KD,KD,parliamentary_party,vet ej,vet ej/uppgift saknas,DONT_KNOW,dont_know,8.8,4.5,observed,ME/ME0201/ME0201A/Rostningssympati170
2021M11,2021-11-01,2021-11,kd,KD,KD,parliamentary_party,övr,övriga,OTHER,other_party,,,suppressed,ME/ME0201/ME0201A/Rostningssympati170
2021M11,2021-11-01,2021-11,l,L,L,parliamentary_party,SD,SD,SD,parliamentary_party,,,suppressed,ME/ME0201/ME0201A/Rostningssympati170
2021M11,2021-11-01,2021-11,l,L,L,parliamentary_party,blankt,blankt,BLANK_VOTE,blank_vote,,,suppressed,ME/ME0201/ME0201A/Rostningssympati170
2021M11,2021-11-01,2021-11,l,L,L,parliamentary_party,c,C,C,parliamentary_party,6.4,4.1,observed,ME/ME0201/ME0201A/Rostningssympati170
2021M11,2021-11-01,2021-11,l,L,L,parliamentary_party,kd,KD,KD,parliamentary_party,0.0,0.0,observed,ME/ME0201/ME0201A/Rostningssympati170
2021M11,2021-11-01,2021-11,l,L,L,parliamentary_party,l,L,L,parliamentary_party,62.1,8.9,observed,ME/ME0201/ME0201A/Rostningssympati170
2021M11,2021-11-01,2021-11,l,L,L,parliamentary_party,m,M,M,parliamentary_party,6.4,4.0,observed,ME/ME0201/ME0201A/Rostningssympati170
2021M11,2021-11-01,2021-11,l,L,L,parliamentary_party,mp,MP,MP,parliamentary_party,,,suppressed,ME/ME0201/ME0201A/Rostningssympati170
2021M11,2021-11-01,2021-11,l,L,L,parliamentary_party,s,S,S,parliamentary_party,7.6,4.5,observed,ME/ME0201/ME0201A/Rostningssympati170
2021M11,2021-11-01,2021-11,l,L,L,parliamentary_party,v,V,V,parliamentary_party,,,suppressed,ME/ME0201/ME0201A/Rostningssympati170
2021M11,2021-11-01,2021-11,l,L,L,parliamentary_party,vet ej,vet ej/uppgift saknas,DONT_KNOW,dont_know,9.3,5.8,observed,ME/ME0201/ME0201A/Rostningssympati170
2021M11,2021-11-01,2021-11,l,L,L,parliamentary_party,övr,övriga,OTHER,other_party,0.0,0.0,observed,ME/ME0201/ME0201A/Rostningssympati170
2021M11,2021-11-01,2021-11,m,M,M,parliamentary_party,SD,SD,SD,parliamentary_party,3.5,1.3,observed,ME/ME0201/ME0201A/Rostningssympati170
2021M11,2021-11-01,2021-11,m,M,M,parliamentary_party,blankt,blankt,BLANK_VOTE,blank_vote,2.6,1.3,observed,ME/ME0201/ME0201A/Rostningssympati170
2021M11,2021-11-01,2021-11,m,M,M,parliamentary_party,c,C,C,parliamentary_party,0.7,0.6,observed,ME/ME0201/ME0201A/Rostningssympati170
2021M11,2021-11-01,2021-11,m,M,M,parliamentary_party,kd,KD,KD,parliamentary_party,1.4,0.7,observed,ME/ME0201/ME0201A/Rostningssympati170
2021M11,2021-11-01,2021-11,m,M,M,parliamentary_party,l,L,L,parliamentary_party,1.3,0.8,observed,ME/ME0201/ME0201A/Rostningssympati170
2021M11,2021-11-01,2021-11,m,M,M,parliamentary_party,m,M,M,parliamentary_party,84.8,2.6,observed,ME/ME0201/ME0201A/Rostningssympati170
2021M11,2021-11-01,2021-11,m,M,M,parliamentary_party,mp,MP,MP,parliamentary_party,,,suppressed,ME/ME0201/ME0201A/Rostningssympati170
2021M11,2021-11-01,2021-11,m,M,M,parliamentary_party,s,S,S,parliamentary_party,,,suppressed,ME/ME0201/ME0201A/Rostningssympati170
2021M11,2021-11-01,2021-11,m,M,M,parliamentary_party,v,V,V,parliamentary_party,0.0,0.0,observed,ME/ME0201/ME0201A/Rostningssympati170
2021M11,2021-11-01,2021-11,m,M,M,parliamentary_party,vet ej,vet ej/uppgift saknas,DONT_KNOW,dont_know,5.0,1.7,observed,ME/ME0201/ME0201A/Rostningssympati170
2021M11,2021-11-01,2021-11,m,M,M,parliamentary_party,övr,övriga,OTHER,other_party,0.0,0.0,observed,ME/ME0201/ME0201A/Rostningssympati170
2021M11,2021-11-01,2021-11,mp,MP,MP,parliamentary_party,SD,SD,SD,parliamentary_party,0.0,0.0,observed,ME/ME0201/ME0201A/Rostningssympati170
2021M11,2021-11-01,2021-11,mp,MP,MP,parliamentary_party,blankt,blankt,BLANK_VOTE,blank_vote,4.4,4.3,observed,ME/ME0201/ME0201A/Rostningssympati170
2021M11,2021-11-01,2021-11,mp,MP,MP,parliamentary_party,c,C,C,parliamentary_party,,,suppressed,ME/ME0201/ME0201A/Rostningssympati170
2021M11,2021-11-01,2021-11,mp,MP,MP,parliamentary_party,kd,KD,KD,parliamentary_party,0.0,0.0,observed,ME/ME0201/ME0201A/Rostningssympati170
2021M11,2021-11-01,2021-11,mp,MP,MP,parliamentary_party,l,L,L,parliamentary_party,,,suppressed,ME/ME0201/ME0201A/Rostningssympati170
2021M11,2021-11-01,2021-11,mp,MP,MP,parliamentary_party,m,M,M,parliamentary_party,,,suppressed,ME/ME0201/ME0201A/Rostningssympati170
2021M11,2021-11-01,2021-11,mp,MP,MP,parliamentary_party,mp,MP,MP,parliamentary_party,72.1,8.4,observed,ME/ME0201/ME0201A/Rostningssympati170
2021M11,2021-11-01,2021-11,mp,MP,MP,parliamentary_party,s,S,S,parliamentary_party,5.9,3.7,observed,ME/ME0201/ME0201A/Rostningssympati170
2021M11,2021-11-01,2021-11,mp,MP,MP,parliamentary_party,v,V,V,parliamentary_party,3.3,2.6,observed,ME/ME0201/ME0201A/Rostningssympati170
2021M11,2021-11-01,2021-11,mp,MP,MP,parliamentary_party,vet ej,vet ej/uppgift saknas,DONT_KNOW,dont_know,9.2,6.2,observed,ME/ME0201/ME0201A/Rostningssympati170
2021M11,2021-11-01,2021-11,mp,MP,MP,parliamentary_party,övr,övriga,OTHER,other_party,0.0,0.0,observed,ME/ME0201/ME0201A/Rostningssympati170
2021M11,2021-11-01,2021-11,s,S,S,parliamentary_party,SD,SD,SD,parliamentary_party,0.8,0.7,observed,ME/ME0201/ME0201A/Rostningssympati170
2021M11,2021-11-01,2021-11,s,S,S,parliamentary_party,blankt,blankt,BLANK_VOTE,blank_vote,3.3,1.2,observed,ME/ME0201/ME0201A/Rostningssympati170
2021M11,2021-11-01,2021-11,s,S,S,parliamentary_party,c,C,C,parliamentary_party,1.8,0.9,observed,ME/ME0201/ME0201A/Rostningssympati170
2021M11,2021-11-01,2021-11,s,S,S,parliamentary_party,kd,KD,KD,parliamentary_party,,,suppressed,ME/ME0201/ME0201A/Rostningssympati170
2021M11,2021-11-01,2021-11,s,S,S,parliamentary_party,l,L,L,parliamentary_party,,,suppressed,ME/ME0201/ME0201A/Rostningssympati170
2021M11,2021-11-01,2021-11,s,S,S,parliamentary_party,m,M,M,parliamentary_party,1.8,0.9,observed,ME/ME0201/ME0201A/Rostningssympati170
2021M11,2021-11-01,2021-11,s,S,S,parliamentary_party,mp,MP,MP,parliamentary_party,0.7,0.5,observed,ME/ME0201/ME0201A/Rostningssympati170
2021M11,2021-11-01,2021-11,s,S,S,parliamentary_party,s,S,S,parliamentary_party,81.5,2.6,observed,ME/ME0201/ME0201A/Rostningssympati170
2021M11,2021-11-01,2021-11,s,S,S,parliamentary_party,v,V,V,parliamentary_party,1.3,0.6,observed,ME/ME0201/ME0201A/Rostningssympati170
2021M11,2021-11-01,2021-11,s,S,S,parliamentary_party,vet ej,vet ej/uppgift saknas,DONT_KNOW,dont_know,8.2,1.8,observed,ME/ME0201/ME0201A/Rostningssympati170
2021M11,2021-11-01,2021-11,s,S,S,parliamentary_party,övr,övriga,OTHER,other_party,0.0,0.0,observed,ME/ME0201/ME0201A/Rostningssympati170
2021M11,2021-11-01,2021-11,v,V,V,parliamentary_party,SD,SD,SD,parliamentary_party,,,suppressed,ME/ME0201/ME0201A/Rostningssympati170
2021M11,2021-11-01,2021-11,v,V,V,parliamentary_party,blankt,blankt,BLANK_VOTE,blank_vote,,,suppressed,ME/ME0201/ME0201A/Rostningssympati170
2021M11,2021-11-01,2021-11,v,V,V,parliamentary_party,c,C,C,parliamentary_party,,,suppressed,ME/ME0201/ME0201A/Rostningssympati170
2021M11,2021-11-01,2021-11,v,V,V,parliamentary_party,kd,KD,KD,parliamentary_party,0.0,0.0,observed,ME/ME0201/ME0201A/Rostningssympati170
2021M11,2021-11-01,2021-11,v,V,V,parliamentary_party,l,L,L,parliamentary_party,0.0,0.0,observed,ME/ME0201/ME0201A/Rostningssympati170
2021M11,2021-11-01,2021-11,v,V,V,parliamentary_party,m,M,M,parliamentary_party,,,suppressed,ME/ME0201/ME0201A/Rostningssympati170
2021M11,2021-11-01,2021-11,v,V,V,parliamentary_party,mp,MP,MP,parliamentary_party,,,suppressed,ME/ME0201/ME0201A/Rostningssympati170
2021M11,2021-11-01,2021-11,v,V,V,parliamentary_party,s,S,S,parliamentary_party,5.7,2.3,observed,ME/ME0201/ME0201A/Rostningssympati170
2021M11,2021-11-01,2021-11,v,V,V,parliamentary_party,v,V,V,parliamentary_party,83.5,4.2,observed,ME/ME0201/ME0201A/Rostningssympati170
2021M11,2021-11-01,2021-11,v,V,V,parliamentary_party,vet ej,vet ej/uppgift saknas,DONT_KNOW,dont_know,6.6,3.2,observed,ME/ME0201/ME0201A/Rostningssympati170
2021M11,2021-11-01,2021-11,v,V,V,parliamentary_party,övr,övriga,OTHER,other_party,,,suppressed,ME/ME0201/ME0201A/Rostningssympati170
2021M11,2021-11-01,2021-11,övr,övriga,OTHER,other_party,SD,SD,SD,parliamentary_party,,,suppressed,ME/ME0201/ME0201A/Rostningssympati170
2021M11,2021-11-01,2021-11,övr,övriga,OTHER,other_party,blankt,blankt,BLANK_VOTE,blank_vote,,,suppressed,ME/ME0201/ME0201A/Rostningssympati170
2021M11,2021-11-01,2021-11,övr,övriga,OTHER,other_party,c,C,C,parliamentary_party,0.0,0.0,observed,ME/ME0201/ME0201A/Rostningssympati170
2021M11,2021-11-01,2021-11,övr,övriga,OTHER,other_party,kd,KD,KD,parliamentary_party,,,suppressed,ME/ME0201/ME0201A/Rostningssympati170
2021M11,2021-11-01,2021-11,övr,övriga,OTHER,other_party,l,L,L,parliamentary_party,0.0,0.0,observed,ME/ME0201/ME0201A/Rostningssympati170
2021M11,2021-11-01,2021-11,övr,övriga,OTHER,other_party,m,M,M,parliamentary_party,0.0,0.0,observed,ME/ME0201/ME0201A/Rostningssympati170
2021M11,2021-11-01,2021-11,övr,övriga,OTHER,other_party,mp,MP,MP,parliamentary_party,,,suppressed,ME/ME0201/ME0201A/Rostningssympati170
2021M11,2021-11-01,2021-11,övr,övriga,OTHER,other_party,s,S,S,parliamentary_party,,,suppressed,ME/ME0201/ME0201A/Rostningssympati170
2021M11,2021-11-01,2021-11,övr,övriga,OTHER,other_party,v,V,V,parliamentary_party,,,suppressed,ME/ME0201/ME0201A/Rostningssympati170
2021M11,2021-11-01,2021-11,övr,övriga,OTHER,other_party,vet ej,vet ej/uppgift saknas,DONT_KNOW,dont_know,,,suppressed,ME/ME0201/ME0201A/Rostningssympati170
2021M11,2021-11-01,2021-11,övr,övriga,OTHER,other_party,övr,övriga,OTHER,other_party,64.6,17.2,observed,ME/ME0201/ME0201A/Rostningssympati170
2022M05,2022-05-01,2022-05,SD,SD,SD,parliamentary_party,SD,SD,SD,parliamentary_party,89.6,3.1,observed,ME/ME0201/ME0201A/Rostningssympati170
2022M05,2022-05-01,2022-05,SD,SD,SD,parliamentary_party,blankt,blankt,BLANK_VOTE,blank_vote,3.4,2.1,observed,ME/ME0201/ME0201A/Rostningssympati170
2022M05,2022-05-01,2022-05,SD,SD,SD,parliamentary_party,c,C,C,parliamentary_party,,,suppressed,ME/ME0201/ME0201A/Rostningssympati170
2022M05,2022-05-01,2022-05,SD,SD,SD,parliamentary_party,kd,KD,KD,parliamentary_party,0.9,0.8,observed,ME/ME0201/ME0201A/Rostningssympati170
2022M05,2022-05-01,2022-05,SD,SD,SD,parliamentary_party,l,L,L,parliamentary_party,,,suppressed,ME/ME0201/ME0201A/Rostningssympati170
2022M05,2022-05-01,2022-05,SD,SD,SD,parliamentary_party,m,M,M,parliamentary_party,2.5,1.6,observed,ME/ME0201/ME0201A/Rostningssympati170
2022M05,2022-05-01,2022-05,SD,SD,SD,parliamentary_party,mp,MP,MP,parliamentary_party,0.0,0.0,observed,ME/ME0201/ME0201A/Rostningssympati170
2022M05,2022-05-01,2022-05,SD,SD,SD,parliamentary_party,s,S,S,parliamentary_party,,,suppressed,ME/ME0201/ME0201A/Rostningssympati170
2022M05,2022-05-01,2022-05,SD,SD,SD,parliamentary_party,v,V,V,parliamentary_party,0.0,0.0,observed,ME/ME0201/ME0201A/Rostningssympati170
2022M05,2022-05-01,2022-05,SD,SD,SD,parliamentary_party,vet ej,vet ej/uppgift saknas,DONT_KNOW,dont_know,1.9,1.1,observed,ME/ME0201/ME0201A/Rostningssympati170
2022M05,2022-05-01,2022-05,SD,SD,SD,parliamentary_party,övr,övriga,OTHER,other_party,,,suppressed,ME/ME0201/ME0201A/Rostningssympati170
2022M05,2022-05-01,2022-05,c,C,C,parliamentary_party,SD,SD,SD,parliamentary_party,0.0,0.0,observed,ME/ME0201/ME0201A/Rostningssympati170
2022M05,2022-05-01,2022-05,c,C,C,parliamentary_party,blankt,blankt,BLANK_VOTE,blank_vote,3.3,2.3,observed,ME/ME0201/ME0201A/Rostningssympati170
2022M05,2022-05-01,2022-05,c,C,C,parliamentary_party,c,C,C,parliamentary_party,75.1,5.5,observed,ME/ME0201/ME0201A/Rostningssympati170
2022M05,2022-05-01,2022-05,c,C,C,parliamentary_party,kd,KD,KD,parliamentary_party,,,suppressed,ME/ME0201/ME0201A/Rostningssympati170
2022M05,2022-05-01,2022-05,c,C,C,parliamentary_party,l,L,L,parliamentary_party,,,suppressed,ME/ME0201/ME0201A/Rostningssympati170
2022M05,2022-05-01,2022-05,c,C,C,parliamentary_party,m,M,M,parliamentary_party,1.7,1.7,observed,ME/ME0201/ME0201A/Rostningssympati170
2022M05,2022-05-01,2022-05,c,C,C,parliamentary_party,mp,MP,MP,parliamentary_party,0.0,0.0,observed,ME/ME0201/ME0201A/Rostningssympati170
2022M05,2022-05-01,2022-05,c,C,C,parliamentary_party,s,S,S,parliamentary_party,5.9,2.9,observed,ME/ME0201/ME0201A/Rostningssympati170
2022M05,2022-05-01,2022-05,c,C,C,parliamentary_party,v,V,V,parliamentary_party,0.0,0.0,observed,ME/ME0201/ME0201A/Rostningssympati170
2022M05,2022-05-01,2022-05,c,C,C,parliamentary_party,vet ej,vet ej/uppgift saknas,DONT_KNOW,dont_know,13.0,4.4,observed,ME/ME0201/ME0201A/Rostningssympati170
2022M05,2022-05-01,2022-05,c,C,C,parliamentary_party,övr,övriga,OTHER,other_party,,,suppressed,ME/ME0201/ME0201A/Rostningssympati170
2022M05,2022-05-01,2022-05,hela väljarkåren,hela väljarkåren,TOTAL_ELECTORATE,total_electorate,SD,SD,SD,parliamentary_party,14.0,0.9,observed,ME/ME0201/ME0201A/Rostningssympati170
2022M05,2022-05-01,2022-05,hela väljarkåren,hela väljarkåren,TOTAL_ELECTORATE,total_electorate,blankt,blankt,BLANK_VOTE,blank_vote,5.5,0.9,observed,ME/ME0201/ME0201A/Rostningssympati170
2022M05,2022-05-01,2022-05,hela väljarkåren,hela väljarkåren,TOTAL_ELECTORATE,total_electorate,c,C,C,parliamentary_party,5.1,0.6,observed,ME/ME0201/ME0201A/Rostningssympati170
2022M05,2022-05-01,2022-05,hela väljarkåren,hela väljarkåren,TOTAL_ELECTORATE,total_electorate,kd,KD,KD,parliamentary_party,4.3,0.6,observed,ME/ME0201/ME0201A/Rostningssympati170
2022M05,2022-05-01,2022-05,hela väljarkåren,hela väljarkåren,TOTAL_ELECTORATE,total_electorate,l,L,L,parliamentary_party,2.6,0.5,observed,ME/ME0201/ME0201A/Rostningssympati170
2022M05,2022-05-01,2022-05,hela väljarkåren,hela väljarkåren,TOTAL_ELECTORATE,total_electorate,m,M,M,parliamentary_party,16.9,1.0,observed,ME/ME0201/ME0201A/Rostningssympati170
2022M05,2022-05-01,2022-05,hela väljarkåren,hela väljarkåren,TOTAL_ELECTORATE,total_electorate,mp,MP,MP,parliamentary_party,2.4,0.5,observed,ME/ME0201/ME0201A/Rostningssympati170
2022M05,2022-05-01,2022-05,hela väljarkåren,hela väljarkåren,TOTAL_ELECTORATE,total_electorate,s,S,S,parliamentary_party,26.8,1.2,observed,ME/ME0201/ME0201A/Rostningssympati170
2022M05,2022-05-01,2022-05,hela väljarkåren,hela väljarkåren,TOTAL_ELECTORATE,total_electorate,v,V,V,parliamentary_party,6.4,0.6,observed,ME/ME0201/ME0201A/Rostningssympati170
2022M05,2022-05-01,2022-05,hela väljarkåren,hela väljarkåren,TOTAL_ELECTORATE,total_electorate,vet ej,vet ej/uppgift saknas,DONT_KNOW,dont_know,14.6,1.3,observed,ME/ME0201/ME0201A/Rostningssympati170
2022M05,2022-05-01,2022-05,hela väljarkåren,hela väljarkåren,TOTAL_ELECTORATE,total_electorate,övr,övriga,OTHER,other_party,1.3,0.4,observed,ME/ME0201/ME0201A/Rostningssympati170
2022M05,2022-05-01,2022-05,ingen sympati/vet ej,ingen sympati/vet ej,NO_SYMPATHY_OR_DONT_KNOW,no_sympathy,SD,SD,SD,parliamentary_party,2.8,1.8,observed,ME/ME0201/ME0201A/Rostningssympati170
2022M05,2022-05-01,2022-05,ingen sympati/vet ej,ingen sympati/vet ej,NO_SYMPATHY_OR_DONT_KNOW,no_sympathy,blankt,blankt,BLANK_VOTE,blank_vote,15.7,3.9,observed,ME/ME0201/ME0201A/Rostningssympati170
2022M05,2022-05-01,2022-05,ingen sympati/vet ej,ingen sympati/vet ej,NO_SYMPATHY_OR_DONT_KNOW,no_sympathy,c,C,C,parliamentary_party,1.4,1.0,observed,ME/ME0201/ME0201A/Rostningssympati170
2022M05,2022-05-01,2022-05,ingen sympati/vet ej,ingen sympati/vet ej,NO_SYMPATHY_OR_DONT_KNOW,no_sympathy,kd,KD,KD,parliamentary_party,0.8,0.8,observed,ME/ME0201/ME0201A/Rostningssympati170
2022M05,2022-05-01,2022-05,ingen sympati/vet ej,ingen sympati/vet ej,NO_SYMPATHY_OR_DONT_KNOW,no_sympathy,l,L,L,parliamentary_party,,,suppressed,ME/ME0201/ME0201A/Rostningssympati170
2022M05,2022-05-01,2022-05,ingen sympati/vet ej,ingen sympati/vet ej,NO_SYMPATHY_OR_DONT_KNOW,no_sympathy,m,M,M,parliamentary_party,3.7,1.7,observed,ME/ME0201/ME0201A/Rostningssympati170
2022M05,2022-05-01,2022-05,ingen sympati/vet ej,ingen sympati/vet ej,NO_SYMPATHY_OR_DONT_KNOW,no_sympathy,mp,MP,MP,parliamentary_party,1.8,1.5,observed,ME/ME0201/ME0201A/Rostningssympati170
2022M05,2022-05-01,2022-05,ingen sympati/vet ej,ingen sympati/vet ej,NO_SYMPATHY_OR_DONT_KNOW,no_sympathy,s,S,S,parliamentary_party,5.1,2.4,observed,ME/ME0201/ME0201A/Rostningssympati170
2022M05,2022-05-01,2022-05,ingen sympati/vet ej,ingen sympati/vet ej,NO_SYMPATHY_OR_DONT_KNOW,no_sympathy,v,V,V,parliamentary_party,1.8,1.5,observed,ME/ME0201/ME0201A/Rostningssympati170
2022M05,2022-05-01,2022-05,ingen sympati/vet ej,ingen sympati/vet ej,NO_SYMPATHY_OR_DONT_KNOW,no_sympathy,vet ej,vet ej/uppgift saknas,DONT_KNOW,dont_know,64.5,5.1,observed,ME/ME0201/ME0201A/Rostningssympati170
2022M05,2022-05-01,2022-05,ingen sympati/vet ej,ingen sympati/vet ej,NO_SYMPATHY_OR_DONT_KNOW,no_sympathy,övr,övriga,OTHER,other_party,,,suppressed,ME/ME0201/ME0201A/Rostningssympati170
2022M05,2022-05-01,2022-05,kd,KD,KD,parliamentary_party,SD,SD,SD,parliamentary_party,,,suppressed,ME/ME0201/ME0201A/Rostningssympati170
2022M05,2022-05-01,2022-05,kd,KD,KD,parliamentary_party,blankt,blankt,BLANK_VOTE,blank_vote,3.3,2.8,observed,ME/ME0201/ME0201A/Rostningssympati170
2022M05,2022-05-01,2022-05,kd,KD,KD,parliamentary_party,c,C,C,parliamentary_party,,,suppressed,ME/ME0201/ME0201A/Rostningssympati170
2022M05,2022-05-01,2022-05,kd,KD,KD,parliamentary_party,kd,KD,KD,parliamentary_party,82.8,5.6,observed,ME/ME0201/ME0201A/Rostningssympati170
2022M05,2022-05-01,2022-05,kd,KD,KD,parliamentary_party,l,L,L,parliamentary_party,,,suppressed,ME/ME0201/ME0201A/Rostningssympati170
2022M05,2022-05-01,2022-05,kd,KD,KD,parliamentary_party,m,M,M,parliamentary_party,4.6,3.2,observed,ME/ME0201/ME0201A/Rostningssympati170
2022M05,2022-05-01,2022-05,kd,KD,KD,parliamentary_party,mp,MP,MP,parliamentary_party,0.0,0.0,observed,ME/ME0201/ME0201A/Rostningssympati170
2022M05,2022-05-01,2022-05,kd,KD,KD,parliamentary_party,s,S,S,parliamentary_party,0.0,0.0,observed,ME/ME0201/ME0201A/Rostningssympati170
2022M05,2022-05-01,2022-05,kd,KD,KD,parliamentary_party,v,V,V,parliamentary_party,0.0,0.0,observed,ME/ME0201/ME0201A/Rostningssympati170
2022M05,2022-05-01,2022-05,kd,KD,KD,parliamentary_party,vet ej,vet ej/uppgift saknas,DONT_KNOW,dont_know,6.5,3.5,observed,ME/ME0201/ME0201A/Rostningssympati170
2022M05,2022-05-01,2022-05,kd,KD,KD,parliamentary_party,övr,övriga,OTHER,other_party,0.0,0.0,observed,ME/ME0201/ME0201A/Rostningssympati170
2022M05,2022-05-01,2022-05,l,L,L,parliamentary_party,SD,SD,SD,parliamentary_party,0.0,0.0,observed,ME/ME0201/ME0201A/Rostningssympati170
2022M05,2022-05-01,2022-05,l,L,L,parliamentary_party,blankt,blankt,BLANK_VOTE,blank_vote,4.8,4.4,observed,ME/ME0201/ME0201A/Rostningssympati170
2022M05,2022-05-01,2022-05,l,L,L,parliamentary_party,c,C,C,parliamentary_party,4.8,3.2,observed,ME/ME0201/ME0201A/Rostningssympati170
2022M05,2022-05-01,2022-05,l,L,L,parliamentary_party,kd,KD,KD,parliamentary_party,,,suppressed,ME/ME0201/ME0201A/Rostningssympati170
2022M05,2022-05-01,2022-05,l,L,L,parliamentary_party,l,L,L,parliamentary_party,66.6,7.5,observed,ME/ME0201/ME0201A/Rostningssympati170
2022M05,2022-05-01,2022-05,l,L,L,parliamentary_party,m,M,M,parliamentary_party,3.9,2.7,observed,ME/ME0201/ME0201A/Rostningssympati170
2022M05,2022-05-01,2022-05,l,L,L,parliamentary_party,mp,MP,MP,parliamentary_party,,,suppressed,ME/ME0201/ME0201A/Rostningssympati170
2022M05,2022-05-01,2022-05,l,L,L,parliamentary_party,s,S,S,parliamentary_party,7.5,3.9,observed,ME/ME0201/ME0201A/Rostningssympati170
2022M05,2022-05-01,2022-05,l,L,L,parliamentary_party,v,V,V,parliamentary_party,,,suppressed,ME/ME0201/ME0201A/Rostningssympati170
2022M05,2022-05-01,2022-05,l,L,L,parliamentary_party,vet ej,vet ej/uppgift saknas,DONT_KNOW,dont_know,8.8,4.4,observed,ME/ME0201/ME0201A/Rostningssympati170
2022M05,2022-05-01,2022-05,l,L,L,parliamentary_party,övr,övriga,OTHER,other_party,0.0,0.0,observed,ME/ME0201/ME0201A/Rostningssympati170
2022M05,2022-05-01,2022-05,m,M,M,parliamentary_party,SD,SD,SD,parliamentary_party,2.9,1.2,observed,ME/ME0201/ME0201A/Rostningssympati170
2022M05,2022-05-01,2022-05,m,M,M,parliamentary_party,blankt,blankt,BLANK_VOTE,blank_vote,2.7,1.5,observed,ME/ME0201/ME0201A/Rostningssympati170
2022M05,2022-05-01,2022-05,m,M,M,parliamentary_party,c,C,C,parliamentary_party,0.8,0.6,observed,ME/ME0201/ME0201A/Rostningssympati170
2022M05,2022-05-01,2022-05,m,M,M,parliamentary_party,kd,KD,KD,parliamentary_party,1.0,0.7,observed,ME/ME0201/ME0201A/Rostningssympati170
2022M05,2022-05-01,2022-05,m,M,M,parliamentary_party,l,L,L,parliamentary_party,0.7,0.6,observed,ME/ME0201/ME0201A/Rostningssympati170
2022M05,2022-05-01,2022-05,m,M,M,parliamentary_party,m,M,M,parliamentary_party,82.1,3.0,observed,ME/ME0201/ME0201A/Rostningssympati170
2022M05,2022-05-01,2022-05,m,M,M,parliamentary_party,mp,MP,MP,parliamentary_party,0.0,0.0,observed,ME/ME0201/ME0201A/Rostningssympati170
2022M05,2022-05-01,2022-05,m,M,M,parliamentary_party,s,S,S,parliamentary_party,2.9,1.2,observed,ME/ME0201/ME0201A/Rostningssympati170
2022M05,2022-05-01,2022-05,m,M,M,parliamentary_party,v,V,V,parliamentary_party,0.0,0.0,observed,ME/ME0201/ME0201A/Rostningssympati170
2022M05,2022-05-01,2022-05,m,M,M,parliamentary_party,vet ej,vet ej/uppgift saknas,DONT_KNOW,dont_know,6.6,2.2,observed,ME/ME0201/ME0201A/Rostningssympati170
2022M05,2022-05-01,2022-05,m,M,M,parliamentary_party,övr,övriga,OTHER,other_party,,,suppressed,ME/ME0201/ME0201A/Rostningssympati170
2022M05,2022-05-01,2022-05,mp,MP,MP,parliamentary_party,SD,SD,SD,parliamentary_party,,,suppressed,ME/ME0201/ME0201A/Rostningssympati170
2022M05,2022-05-01,2022-05,mp,MP,MP,parliamentary_party,blankt,blankt,BLANK_VOTE,blank_vote,8.8,6.6,observed,ME/ME0201/ME0201A/Rostningssympati170
2022M05,2022-05-01,2022-05,mp,MP,MP,parliamentary_party,c,C,C,parliamentary_party,,,suppressed,ME/ME0201/ME0201A/Rostningssympati170
2022M05,2022-05-01,2022-05,mp,MP,MP,parliamentary_party,kd,KD,KD,parliamentary_party,0.0,0.0,observed,ME/ME0201/ME0201A/Rostningssympati170
2022M05,2022-05-01,2022-05,mp,MP,MP,parliamentary_party,l,L,L,parliamentary_party,0.0,0.0,observed,ME/ME0201/ME0201A/Rostningssympati170
2022M05,2022-05-01,2022-05,mp,MP,MP,parliamentary_party,m,M,M,parliamentary_party,,,suppressed,ME/ME0201/ME0201A/Rostningssympati170
2022M05,2022-05-01,2022-05,mp,MP,MP,parliamentary_party,mp,MP,MP,parliamentary_party,63.4,9.4,observed,ME/ME0201/ME0201A/Rostningssympati170
2022M05,2022-05-01,2022-05,mp,MP,MP,parliamentary_party,s,S,S,parliamentary_party,8.7,4.7,observed,ME/ME0201/ME0201A/Rostningssympati170
2022M05,2022-05-01,2022-05,mp,MP,MP,parliamentary_party,v,V,V,parliamentary_party,,,suppressed,ME/ME0201/ME0201A/Rostningssympati170
2022M05,2022-05-01,2022-05,mp,MP,MP,parliamentary_party,vet ej,vet ej/uppgift saknas,DONT_KNOW,dont_know,11.2,7.0,observed,ME/ME0201/ME0201A/Rostningssympati170
2022M05,2022-05-01,2022-05,mp,MP,MP,parliamentary_party,övr,övriga,OTHER,other_party,0.0,0.0,observed,ME/ME0201/ME0201A/Rostningssympati170
2022M05,2022-05-01,2022-05,s,S,S,parliamentary_party,SD,SD,SD,parliamentary_party,0.6,0.5,observed,ME/ME0201/ME0201A/Rostningssympati170
2022M05,2022-05-01,2022-05,s,S,S,parliamentary_party,blankt,blankt,BLANK_VOTE,blank_vote,3.2,1.2,observed,ME/ME0201/ME0201A/Rostningssympati170
2022M05,2022-05-01,2022-05,s,S,S,parliamentary_party,c,C,C,parliamentary_party,0.6,0.4,observed,ME/ME0201/ME0201A/Rostningssympati170
2022M05,2022-05-01,2022-05,s,S,S,parliamentary_party,kd,KD,KD,parliamentary_party,0.5,0.4,observed,ME/ME0201/ME0201A/Rostningssympati170
2022M05,2022-05-01,2022-05,s,S,S,parliamentary_party,l,L,L,parliamentary_party,,,suppressed,ME/ME0201/ME0201A/Rostningssympati170
2022M05,2022-05-01,2022-05,s,S,S,parliamentary_party,m,M,M,parliamentary_party,1.2,0.7,observed,ME/ME0201/ME0201A/Rostningssympati170
2022M05,2022-05-01,2022-05,s,S,S,parliamentary_party,mp,MP,MP,parliamentary_party,0.6,0.5,observed,ME/ME0201/ME0201A/Rostningssympati170
2022M05,2022-05-01,2022-05,s,S,S,parliamentary_party,s,S,S,parliamentary_party,84.7,2.3,observed,ME/ME0201/ME0201A/Rostningssympati170
2022M05,2022-05-01,2022-05,s,S,S,parliamentary_party,v,V,V,parliamentary_party,0.9,0.5,observed,ME/ME0201/ME0201A/Rostningssympati170
2022M05,2022-05-01,2022-05,s,S,S,parliamentary_party,vet ej,vet ej/uppgift saknas,DONT_KNOW,dont_know,7.3,1.6,observed,ME/ME0201/ME0201A/Rostningssympati170
2022M05,2022-05-01,2022-05,s,S,S,parliamentary_party,övr,övriga,OTHER,other_party,,,suppressed,ME/ME0201/ME0201A/Rostningssympati170
2022M05,2022-05-01,2022-05,v,V,V,parliamentary_party,SD,SD,SD,parliamentary_party,,,suppressed,ME/ME0201/ME0201A/Rostningssympati170
2022M05,2022-05-01,2022-05,v,V,V,parliamentary_party,blankt,blankt,BLANK_VOTE,blank_vote,6.1,3.3,observed,ME/ME0201/ME0201A/Rostningssympati170
2022M05,2022-05-01,2022-05,v,V,V,parliamentary_party,c,C,C,parliamentary_party,,,suppressed,ME/ME0201/ME0201A/Rostningssympati170
2022M05,2022-05-01,2022-05,v,V,V,parliamentary_party,kd,KD,KD,parliamentary_party,0.0,0.0,observed,ME/ME0201/ME0201A/Rostningssympati170
2022M05,2022-05-01,2022-05,v,V,V,parliamentary_party,l,L,L,parliamentary_party,0.0,0.0,observed,ME/ME0201/ME0201A/Rostningssympati170
2022M05,2022-05-01,2022-05,v,V,V,parliamentary_party,m,M,M,parliamentary_party,,,suppressed,ME/ME0201/ME0201A/Rostningssympati170
2022M05,2022-05-01,2022-05,v,V,V,parliamentary_party,mp,MP,MP,parliamentary_party,,,suppressed,ME/ME0201/ME0201A/Rostningssympati170
2022M05,2022-05-01,2022-05,v,V,V,parliamentary_party,s,S,S,parliamentary_party,7.7,3.2,observed,ME/ME0201/ME0201A/Rostningssympati170
2022M05,2022-05-01,2022-05,v,V,V,parliamentary_party,v,V,V,parliamentary_party,79.4,5.0,observed,ME/ME0201/ME0201A/Rostningssympati170
2022M05,2022-05-01,2022-05,v,V,V,parliamentary_party,vet ej,vet ej/uppgift saknas,DONT_KNOW,dont_know,4.2,2.6,observed,ME/ME0201/ME0201A/Rostningssympati170
2022M05,2022-05-01,2022-05,v,V,V,parliamentary_party,övr,övriga,OTHER,other_party,,,suppressed,ME/ME0201/ME0201A/Rostningssympati170
2022M05,2022-05-01,2022-05,övr,övriga,OTHER,other_party,SD,SD,SD,parliamentary_party,,,suppressed,ME/ME0201/ME0201A/Rostningssympati170
2022M05,2022-05-01,2022-05,övr,övriga,OTHER,other_party,blankt,blankt,BLANK_VOTE,blank_vote,16.5,13.2,observed,ME/ME0201/ME0201A/Rostningssympati170
2022M05,2022-05-01,2022-05,övr,övriga,OTHER,other_party,c,C,C,parliamentary_party,0.0,0.0,observed,ME/ME0201/ME0201A/Rostningssympati170
2022M05,2022-05-01,2022-05,övr,övriga,OTHER,other_party,kd,KD,KD,parliamentary_party,,,suppressed,ME/ME0201/ME0201A/Rostningssympati170
2022M05,2022-05-01,2022-05,övr,övriga,OTHER,other_party,l,L,L,parliamentary_party,0.0,0.0,observed,ME/ME0201/ME0201A/Rostningssympati170
2022M05,2022-05-01,2022-05,övr,övriga,OTHER,other_party,m,M,M,parliamentary_party,0.0,0.0,observed,ME/ME0201/ME0201A/Rostningssympati170
2022M05,2022-05-01,2022-05,övr,övriga,OTHER,other_party,mp,MP,MP,parliamentary_party,,,suppressed,ME/ME0201/ME0201A/Rostningssympati170
2022M05,2022-05-01,2022-05,övr,övriga,OTHER,other_party,s,S,S,parliamentary_party,,,suppressed,ME/ME0201/ME0201A/Rostningssympati170
2022M05,2022-05-01,2022-05,övr,övriga,OTHER,other_party,v,V,V,parliamentary_party,,,suppressed,ME/ME0201/ME0201A/Rostningssympati170
2022M05,2022-05-01,2022-05,övr,övriga,OTHER,other_party,vet ej,vet ej/uppgift saknas,DONT_KNOW,dont_know,7.6,7.3,observed,ME/ME0201/ME0201A/Rostningssympati170
2022M05,2022-05-01,2022-05,övr,övriga,OTHER,other_party,övr,övriga,OTHER,other_party,64.3,14.1,observed,ME/ME0201/ME0201A/Rostningssympati170
2022M11,2022-11-01,2022-11,SD,SD,SD,parliamentary_party,SD,SD,SD,parliamentary_party,91.1,2.8,observed,ME/ME0201/ME0201A/Rostningssympati170
2022M11,2022-11-01,2022-11,SD,SD,SD,parliamentary_party,blankt,blankt,BLANK_VOTE,blank_vote,1.7,1.4,observed,ME/ME0201/ME0201A/Rostningssympati170
2022M11,2022-11-01,2022-11,SD,SD,SD,parliamentary_party,c,C,C,parliamentary_party,0.0,0.0,observed,ME/ME0201/ME0201A/Rostningssympati170
2022M11,2022-11-01,2022-11,SD,SD,SD,parliamentary_party,kd,KD,KD,parliamentary_party,1.1,1.0,observed,ME/ME0201/ME0201A/Rostningssympati170
2022M11,2022-11-01,2022-11,SD,SD,SD,parliamentary_party,l,L,L,parliamentary_party,,,suppressed,ME/ME0201/ME0201A/Rostningssympati170
2022M11,2022-11-01,2022-11,SD,SD,SD,parliamentary_party,m,M,M,parliamentary_party,1.6,1.0,observed,ME/ME0201/ME0201A/Rostningssympati170
2022M11,2022-11-01,2022-11,SD,SD,SD,parliamentary_party,mp,MP,MP,parliamentary_party,0.0,0.0,observed,ME/ME0201/ME0201A/Rostningssympati170
2022M11,2022-11-01,2022-11,SD,SD,SD,parliamentary_party,s,S,S,parliamentary_party,1.4,1.3,observed,ME/ME0201/ME0201A/Rostningssympati170
2022M11,2022-11-01,2022-11,SD,SD,SD,parliamentary_party,v,V,V,parliamentary_party,,,suppressed,ME/ME0201/ME0201A/Rostningssympati170
2022M11,2022-11-01,2022-11,SD,SD,SD,parliamentary_party,vet ej,vet ej/uppgift saknas,DONT_KNOW,dont_know,2.3,1.5,observed,ME/ME0201/ME0201A/Rostningssympati170
2022M11,2022-11-01,2022-11,SD,SD,SD,parliamentary_party,övr,övriga,OTHER,other_party,,,suppressed,ME/ME0201/ME0201A/Rostningssympati170
2022M11,2022-11-01,2022-11,c,C,C,parliamentary_party,SD,SD,SD,parliamentary_party,0.0,0.0,observed,ME/ME0201/ME0201A/Rostningssympati170
2022M11,2022-11-01,2022-11,c,C,C,parliamentary_party,blankt,blankt,BLANK_VOTE,blank_vote,,,suppressed,ME/ME0201/ME0201A/Rostningssympati170
2022M11,2022-11-01,2022-11,c,C,C,parliamentary_party,c,C,C,parliamentary_party,75.6,6.1,observed,ME/ME0201/ME0201A/Rostningssympati170
2022M11,2022-11-01,2022-11,c,C,C,parliamentary_party,kd,KD,KD,parliamentary_party,1.6,1.5,observed,ME/ME0201/ME0201A/Rostningssympati170
2022M11,2022-11-01,2022-11,c,C,C,parliamentary_party,l,L,L,parliamentary_party,,,suppressed,ME/ME0201/ME0201A/Rostningssympati170
2022M11,2022-11-01,2022-11,c,C,C,parliamentary_party,m,M,M,parliamentary_party,,,suppressed,ME/ME0201/ME0201A/Rostningssympati170
2022M11,2022-11-01,2022-11,c,C,C,parliamentary_party,mp,MP,MP,parliamentary_party,,,suppressed,ME/ME0201/ME0201A/Rostningssympati170
2022M11,2022-11-01,2022-11,c,C,C,parliamentary_party,s,S,S,parliamentary_party,11.3,4.1,observed,ME/ME0201/ME0201A/Rostningssympati170
2022M11,2022-11-01,2022-11,c,C,C,parliamentary_party,v,V,V,parliamentary_party,,,suppressed,ME/ME0201/ME0201A/Rostningssympati170
2022M11,2022-11-01,2022-11,c,C,C,parliamentary_party,vet ej,vet ej/uppgift saknas,DONT_KNOW,dont_know,5.5,3.2,observed,ME/ME0201/ME0201A/Rostningssympati170
2022M11,2022-11-01,2022-11,c,C,C,parliamentary_party,övr,övriga,OTHER,other_party,0.0,0.0,observed,ME/ME0201/ME0201A/Rostningssympati170
2022M11,2022-11-01,2022-11,hela väljarkåren,hela väljarkåren,TOTAL_ELECTORATE,total_electorate,SD,SD,SD,parliamentary_party,16.0,0.8,observed,ME/ME0201/ME0201A/Rostningssympati170
2022M11,2022-11-01,2022-11,hela väljarkåren,hela väljarkåren,TOTAL_ELECTORATE,total_electorate,blankt,blankt,BLANK_VOTE,blank_vote,5.4,1.0,observed,ME/ME0201/ME0201A/Rostningssympati170
2022M11,2022-11-01,2022-11,hela väljarkåren,hela väljarkåren,TOTAL_ELECTORATE,total_electorate,c,C,C,parliamentary_party,4.6,0.5,observed,ME/ME0201/ME0201A/Rostningssympati170
2022M11,2022-11-01,2022-11,hela väljarkåren,hela väljarkåren,TOTAL_ELECTORATE,total_electorate,kd,KD,KD,parliamentary_party,4.3,0.4,observed,ME/ME0201/ME0201A/Rostningssympati170
2022M11,2022-11-01,2022-11,hela väljarkåren,hela väljarkåren,TOTAL_ELECTORATE,total_electorate,l,L,L,parliamentary_party,3.4,0.4,observed,ME/ME0201/ME0201A/Rostningssympati170
2022M11,2022-11-01,2022-11,hela väljarkåren,hela väljarkåren,TOTAL_ELECTORATE,total_electorate,m,M,M,parliamentary_party,16.2,0.8,observed,ME/ME0201/ME0201A/Rostningssympati170
2022M11,2022-11-01,2022-11,hela väljarkåren,hela väljarkåren,TOTAL_ELECTORATE,total_electorate,mp,MP,MP,parliamentary_party,3.9,0.4,observed,ME/ME0201/ME0201A/Rostningssympati170
2022M11,2022-11-01,2022-11,hela väljarkåren,hela väljarkåren,TOTAL_ELECTORATE,total_electorate,s,S,S,parliamentary_party,29.1,1.1,observed,ME/ME0201/ME0201A/Rostningssympati170
2022M11,2022-11-01,2022-11,hela väljarkåren,hela väljarkåren,TOTAL_ELECTORATE,total_electorate,v,V,V,parliamentary_party,6.0,0.6,observed,ME/ME0201/ME0201A/Rostningssympati170
2022M11,2022-11-01,2022-11,hela väljarkåren,hela väljarkåren,TOTAL_ELECTORATE,total_electorate,vet ej,vet ej/uppgift saknas,DONT_KNOW,dont_know,9.5,1.2,observed,ME/ME0201/ME0201A/Rostningssympati170
2022M11,2022-11-01,2022-11,hela väljarkåren,hela väljarkåren,TOTAL_ELECTORATE,total_electorate,övr,övriga,OTHER,other_party,1.5,0.3,observed,ME/ME0201/ME0201A/Rostningssympati170
2022M11,2022-11-01,2022-11,ingen sympati/vet ej,ingen sympati/vet ej,NO_SYMPATHY_OR_DONT_KNOW,no_sympathy,SD,SD,SD,parliamentary_party,2.0,1.4,observed,ME/ME0201/ME0201A/Rostningssympati170
2022M11,2022-11-01,2022-11,ingen sympati/vet ej,ingen sympati/vet ej,NO_SYMPATHY_OR_DONT_KNOW,no_sympathy,blankt,blankt,BLANK_VOTE,blank_vote,25.4,6.6,observed,ME/ME0201/ME0201A/Rostningssympati170
2022M11,2022-11-01,2022-11,ingen sympati/vet ej,ingen sympati/vet ej,NO_SYMPATHY_OR_DONT_KNOW,no_sympathy,c,C,C,parliamentary_party,,,suppressed,ME/ME0201/ME0201A/Rostningssympati170
2022M11,2022-11-01,2022-11,ingen sympati/vet ej,ingen sympati/vet ej,NO_SYMPATHY_OR_DONT_KNOW,no_sympathy,kd,KD,KD,parliamentary_party,2.1,2.0,observed,ME/ME0201/ME0201A/Rostningssympati170
2022M11,2022-11-01,2022-11,ingen sympati/vet ej,ingen sympati/vet ej,NO_SYMPATHY_OR_DONT_KNOW,no_sympathy,l,L,L,parliamentary_party,,,suppressed,ME/ME0201/ME0201A/Rostningssympati170
2022M11,2022-11-01,2022-11,ingen sympati/vet ej,ingen sympati/vet ej,NO_SYMPATHY_OR_DONT_KNOW,no_sympathy,m,M,M,parliamentary_party,4.9,2.3,observed,ME/ME0201/ME0201A/Rostningssympati170
2022M11,2022-11-01,2022-11,ingen sympati/vet ej,ingen sympati/vet ej,NO_SYMPATHY_OR_DONT_KNOW,no_sympathy,mp,MP,MP,parliamentary_party,,,suppressed,ME/ME0201/ME0201A/Rostningssympati170
2022M11,2022-11-01,2022-11,ingen sympati/vet ej,ingen sympati/vet ej,NO_SYMPATHY_OR_DONT_KNOW,no_sympathy,s,S,S,parliamentary_party,4.2,2.2,observed,ME/ME0201/ME0201A/Rostningssympati170
2022M11,2022-11-01,2022-11,ingen sympati/vet ej,ingen sympati/vet ej,NO_SYMPATHY_OR_DONT_KNOW,no_sympathy,v,V,V,parliamentary_party,,,suppressed,ME/ME0201/ME0201A/Rostningssympati170
2022M11,2022-11-01,2022-11,ingen sympati/vet ej,ingen sympati/vet ej,NO_SYMPATHY_OR_DONT_KNOW,no_sympathy,vet ej,vet ej/uppgift saknas,DONT_KNOW,dont_know,56.8,7.1,observed,ME/ME0201/ME0201A/Rostningssympati170
2022M11,2022-11-01,2022-11,ingen sympati/vet ej,ingen sympati/vet ej,NO_SYMPATHY_OR_DONT_KNOW,no_sympathy,övr,övriga,OTHER,other_party,,,suppressed,ME/ME0201/ME0201A/Rostningssympati170
2022M11,2022-11-01,2022-11,kd,KD,KD,parliamentary_party,SD,SD,SD,parliamentary_party,4.4,3.4,observed,ME/ME0201/ME0201A/Rostningssympati170
2022M11,2022-11-01,2022-11,kd,KD,KD,parliamentary_party,blankt,blankt,BLANK_VOTE,blank_vote,,,suppressed,ME/ME0201/ME0201A/Rostningssympati170
2022M11,2022-11-01,2022-11,kd,KD,KD,parliamentary_party,c,C,C,parliamentary_party,,,suppressed,ME/ME0201/ME0201A/Rostningssympati170
2022M11,2022-11-01,2022-11,kd,KD,KD,parliamentary_party,kd,KD,KD,parliamentary_party,78.5,6.6,observed,ME/ME0201/ME0201A/Rostningssympati170
2022M11,2022-11-01,2022-11,kd,KD,KD,parliamentary_party,l,L,L,parliamentary_party,,,suppressed,ME/ME0201/ME0201A/Rostningssympati170
2022M11,2022-11-01,2022-11,kd,KD,KD,parliamentary_party,m,M,M,parliamentary_party,6.0,3.5,observed,ME/ME0201/ME0201A/Rostningssympati170
2022M11,2022-11-01,2022-11,kd,KD,KD,parliamentary_party,mp,MP,MP,parliamentary_party,0.0,0.0,observed,ME/ME0201/ME0201A/Rostningssympati170
2022M11,2022-11-01,2022-11,kd,KD,KD,parliamentary_party,s,S,S,parliamentary_party,,,suppressed,ME/ME0201/ME0201A/Rostningssympati170
2022M11,2022-11-01,2022-11,kd,KD,KD,parliamentary_party,v,V,V,parliamentary_party,0.0,0.0,observed,ME/ME0201/ME0201A/Rostningssympati170
2022M11,2022-11-01,2022-11,kd,KD,KD,parliamentary_party,vet ej,vet ej/uppgift saknas,DONT_KNOW,dont_know,5.6,4.8,observed,ME/ME0201/ME0201A/Rostningssympati170
2022M11,2022-11-01,2022-11,kd,KD,KD,parliamentary_party,övr,övriga,OTHER,other_party,,,suppressed,ME/ME0201/ME0201A/Rostningssympati170
2022M11,2022-11-01,2022-11,l,L,L,parliamentary_party,SD,SD,SD,parliamentary_party,,,suppressed,ME/ME0201/ME0201A/Rostningssympati170
2022M11,2022-11-01,2022-11,l,L,L,parliamentary_party,blankt,blankt,BLANK_VOTE,blank_vote,,,suppressed,ME/ME0201/ME0201A/Rostningssympati170
2022M11,2022-11-01,2022-11,l,L,L,parliamentary_party,c,C,C,parliamentary_party,7.7,3.6,observed,ME/ME0201/ME0201A/Rostningssympati170
2022M11,2022-11-01,2022-11,l,L,L,parliamentary_party,kd,KD,KD,parliamentary_party,0.0,0.0,observed,ME/ME0201/ME0201A/Rostningssympati170
2022M11,2022-11-01,2022-11,l,L,L,parliamentary_party,l,L,L,parliamentary_party,66.1,7.1,observed,ME/ME0201/ME0201A/Rostningssympati170
2022M11,2022-11-01,2022-11,l,L,L,parliamentary_party,m,M,M,parliamentary_party,6.2,3.3,observed,ME/ME0201/ME0201A/Rostningssympati170
2022M11,2022-11-01,2022-11,l,L,L,parliamentary_party,mp,MP,MP,parliamentary_party,,,suppressed,ME/ME0201/ME0201A/Rostningssympati170
2022M11,2022-11-01,2022-11,l,L,L,parliamentary_party,s,S,S,parliamentary_party,11.8,5.3,observed,ME/ME0201/ME0201A/Rostningssympati170
2022M11,2022-11-01,2022-11,l,L,L,parliamentary_party,v,V,V,parliamentary_party,0.0,0.0,observed,ME/ME0201/ME0201A/Rostningssympati170
2022M11,2022-11-01,2022-11,l,L,L,parliamentary_party,vet ej,vet ej/uppgift saknas,DONT_KNOW,dont_know,2.7,2.0,observed,ME/ME0201/ME0201A/Rostningssympati170
2022M11,2022-11-01,2022-11,l,L,L,parliamentary_party,övr,övriga,OTHER,other_party,,,suppressed,ME/ME0201/ME0201A/Rostningssympati170
2022M11,2022-11-01,2022-11,m,M,M,parliamentary_party,SD,SD,SD,parliamentary_party,3.8,1.6,observed,ME/ME0201/ME0201A/Rostningssympati170
2022M11,2022-11-01,2022-11,m,M,M,parliamentary_party,blankt,blankt,BLANK_VOTE,blank_vote,3.2,1.9,observed,ME/ME0201/ME0201A/Rostningssympati170
2022M11,2022-11-01,2022-11,m,M,M,parliamentary_party,c,C,C,parliamentary_party,0.7,0.6,observed,ME/ME0201/ME0201A/Rostningssympati170
2022M11,2022-11-01,2022-11,m,M,M,parliamentary_party,kd,KD,KD,parliamentary_party,1.4,0.8,observed,ME/ME0201/ME0201A/Rostningssympati170
2022M11,2022-11-01,2022-11,m,M,M,parliamentary_party,l,L,L,parliamentary_party,1.8,1.0,observed,ME/ME0201/ME0201A/Rostningssympati170
2022M11,2022-11-01,2022-11,m,M,M,parliamentary_party,m,M,M,parliamentary_party,82.9,3.2,observed,ME/ME0201/ME0201A/Rostningssympati170
2022M11,2022-11-01,2022-11,m,M,M,parliamentary_party,mp,MP,MP,parliamentary_party,,,suppressed,ME/ME0201/ME0201A/Rostningssympati170
2022M11,2022-11-01,2022-11,m,M,M,parliamentary_party,s,S,S,parliamentary_party,1.6,0.9,observed,ME/ME0201/ME0201A/Rostningssympati170
2022M11,2022-11-01,2022-11,m,M,M,parliamentary_party,v,V,V,parliamentary_party,0.0,0.0,observed,ME/ME0201/ME0201A/Rostningssympati170
2022M11,2022-11-01,2022-11,m,M,M,parliamentary_party,vet ej,vet ej/uppgift saknas,DONT_KNOW,dont_know,3.2,1.7,observed,ME/ME0201/ME0201A/Rostningssympati170
2022M11,2022-11-01,2022-11,m,M,M,parliamentary_party,övr,övriga,OTHER,other_party,,,suppressed,ME/ME0201/ME0201A/Rostningssympati170
2022M11,2022-11-01,2022-11,mp,MP,MP,parliamentary_party,SD,SD,SD,parliamentary_party,,,suppressed,ME/ME0201/ME0201A/Rostningssympati170
2022M11,2022-11-01,2022-11,mp,MP,MP,parliamentary_party,blankt,blankt,BLANK_VOTE,blank_vote,,,suppressed,ME/ME0201/ME0201A/Rostningssympati170
2022M11,2022-11-01,2022-11,mp,MP,MP,parliamentary_party,c,C,C,parliamentary_party,,,suppressed,ME/ME0201/ME0201A/Rostningssympati170
2022M11,2022-11-01,2022-11,mp,MP,MP,parliamentary_party,kd,KD,KD,parliamentary_party,0.0,0.0,observed,ME/ME0201/ME0201A/Rostningssympati170
2022M11,2022-11-01,2022-11,mp,MP,MP,parliamentary_party,l,L,L,parliamentary_party,,,suppressed,ME/ME0201/ME0201A/Rostningssympati170
2022M11,2022-11-01,2022-11,mp,MP,MP,parliamentary_party,m,M,M,parliamentary_party,,,suppressed,ME/ME0201/ME0201A/Rostningssympati170
2022M11,2022-11-01,2022-11,mp,MP,MP,parliamentary_party,mp,MP,MP,parliamentary_party,77.1,6.7,observed,ME/ME0201/ME0201A/Rostningssympati170
2022M11,2022-11-01,2022-11,mp,MP,MP,parliamentary_party,s,S,S,parliamentary_party,11.4,4.6,observed,ME/ME0201/ME0201A/Rostningssympati170
2022M11,2022-11-01,2022-11,mp,MP,MP,parliamentary_party,v,V,V,parliamentary_party,,,suppressed,ME/ME0201/ME0201A/Rostningssympati170
2022M11,2022-11-01,2022-11,mp,MP,MP,parliamentary_party,vet ej,vet ej/uppgift saknas,DONT_KNOW,dont_know,,,suppressed,ME/ME0201/ME0201A/Rostningssympati170
2022M11,2022-11-01,2022-11,mp,MP,MP,parliamentary_party,övr,övriga,OTHER,other_party,,,suppressed,ME/ME0201/ME0201A/Rostningssympati170
2022M11,2022-11-01,2022-11,s,S,S,parliamentary_party,SD,SD,SD,parliamentary_party,0.7,0.5,observed,ME/ME0201/ME0201A/Rostningssympati170
2022M11,2022-11-01,2022-11,s,S,S,parliamentary_party,blankt,blankt,BLANK_VOTE,blank_vote,2.9,1.5,observed,ME/ME0201/ME0201A/Rostningssympati170
2022M11,2022-11-01,2022-11,s,S,S,parliamentary_party,c,C,C,parliamentary_party,1.1,0.6,observed,ME/ME0201/ME0201A/Rostningssympati170
2022M11,2022-11-01,2022-11,s,S,S,parliamentary_party,kd,KD,KD,parliamentary_party,,,suppressed,ME/ME0201/ME0201A/Rostningssympati170
2022M11,2022-11-01,2022-11,s,S,S,parliamentary_party,l,L,L,parliamentary_party,,,suppressed,ME/ME0201/ME0201A/Rostningssympati170
2022M11,2022-11-01,2022-11,s,S,S,parliamentary_party,m,M,M,parliamentary_party,1.4,1.0,observed,ME/ME0201/ME0201A/Rostningssympati170
2022M11,2022-11-01,2022-11,s,S,S,parliamentary_party,mp,MP,MP,parliamentary_party,0.5,0.4,observed,ME/ME0201/ME0201A/Rostningssympati170
2022M11,2022-11-01,2022-11,s,S,S,parliamentary_party,s,S,S,parliamentary_party,89.0,2.3,observed,ME/ME0201/ME0201A/Rostningssympati170
2022M11,2022-11-01,2022-11,s,S,S,parliamentary_party,v,V,V,parliamentary_party,0.8,0.5,observed,ME/ME0201/ME0201A/Rostningssympati170
2022M11,2022-11-01,2022-11,s,S,S,parliamentary_party,vet ej,vet ej/uppgift saknas,DONT_KNOW,dont_know,2.9,1.3,observed,ME/ME0201/ME0201A/Rostningssympati170
2022M11,2022-11-01,2022-11,s,S,S,parliamentary_party,övr,övriga,OTHER,other_party,,,suppressed,ME/ME0201/ME0201A/Rostningssympati170
2022M11,2022-11-01,2022-11,v,V,V,parliamentary_party,SD,SD,SD,parliamentary_party,0.0,0.0,observed,ME/ME0201/ME0201A/Rostningssympati170
2022M11,2022-11-01,2022-11,v,V,V,parliamentary_party,blankt,blankt,BLANK_VOTE,blank_vote,3.5,3.3,observed,ME/ME0201/ME0201A/Rostningssympati170
2022M11,2022-11-01,2022-11,v,V,V,parliamentary_party,c,C,C,parliamentary_party,,,suppressed,ME/ME0201/ME0201A/Rostningssympati170
2022M11,2022-11-01,2022-11,v,V,V,parliamentary_party,kd,KD,KD,parliamentary_party,0.0,0.0,observed,ME/ME0201/ME0201A/Rostningssympati170
2022M11,2022-11-01,2022-11,v,V,V,parliamentary_party,l,L,L,parliamentary_party,,,suppressed,ME/ME0201/ME0201A/Rostningssympati170
2022M11,2022-11-01,2022-11,v,V,V,parliamentary_party,m,M,M,parliamentary_party,,,suppressed,ME/ME0201/ME0201A/Rostningssympati170
2022M11,2022-11-01,2022-11,v,V,V,parliamentary_party,mp,MP,MP,parliamentary_party,4.3,2.0,observed,ME/ME0201/ME0201A/Rostningssympati170
2022M11,2022-11-01,2022-11,v,V,V,parliamentary_party,s,S,S,parliamentary_party,11.7,4.0,observed,ME/ME0201/ME0201A/Rostningssympati170
2022M11,2022-11-01,2022-11,v,V,V,parliamentary_party,v,V,V,parliamentary_party,75.7,5.6,observed,ME/ME0201/ME0201A/Rostningssympati170
2022M11,2022-11-01,2022-11,v,V,V,parliamentary_party,vet ej,vet ej/uppgift saknas,DONT_KNOW,dont_know,,,suppressed,ME/ME0201/ME0201A/Rostningssympati170
2022M11,2022-11-01,2022-11,v,V,V,parliamentary_party,övr,övriga,OTHER,other_party,,,suppressed,ME/ME0201/ME0201A/Rostningssympati170
2022M11,2022-11-01,2022-11,övr,övriga,OTHER,other_party,SD,SD,SD,parliamentary_party,,,suppressed,ME/ME0201/ME0201A/Rostningssympati170
2022M11,2022-11-01,2022-11,övr,övriga,OTHER,other_party,blankt,blankt,BLANK_VOTE,blank_vote,,,suppressed,ME/ME0201/ME0201A/Rostningssympati170
2022M11,2022-11-01,2022-11,övr,övriga,OTHER,other_party,c,C,C,parliamentary_party,0.0,0.0,observed,ME/ME0201/ME0201A/Rostningssympati170
2022M11,2022-11-01,2022-11,övr,övriga,OTHER,other_party,kd,KD,KD,parliamentary_party,,,suppressed,ME/ME0201/ME0201A/Rostningssympati170
2022M11,2022-11-01,2022-11,övr,övriga,OTHER,other_party,l,L,L,parliamentary_party,0.0,0.0,observed,ME/ME0201/ME0201A/Rostningssympati170
2022M11,2022-11-01,2022-11,övr,övriga,OTHER,other_party,m,M,M,parliamentary_party,,,suppressed,ME/ME0201/ME0201A/Rostningssympati170
2022M11,2022-11-01,2022-11,övr,övriga,OTHER,other_party,mp,MP,MP,parliamentary_party,,,suppressed,ME/ME0201/ME0201A/Rostningssympati170
2022M11,2022-11-01,2022-11,övr,övriga,OTHER,other_party,s,S,S,parliamentary_party,0.0,0.0,observed,ME/ME0201/ME0201A/Rostningssympati170
2022M11,2022-11-01,2022-11,övr,övriga,OTHER,other_party,v,V,V,parliamentary_party,6.9,6.7,observed,ME/ME0201/ME0201A/Rostningssympati170
2022M11,2022-11-01,2022-11,övr,övriga,OTHER,other_party,vet ej,vet ej/uppgift saknas,DONT_KNOW,dont_know,,,suppressed,ME/ME0201/ME0201A/Rostningssympati170
2022M11,2022-11-01,2022-11,övr,övriga,OTHER,other_party,övr,övriga,OTHER,other_party,73.2,13.0,observed,ME/ME0201/ME0201A/Rostningssympati170
2023M05,2023-05-01,2023-05,SD,SD,SD,parliamentary_party,SD,SD,SD,parliamentary_party,86.1,3.4,observed,ME/ME0201/ME0201A/Rostningssympati170
2023M05,2023-05-01,2023-05,SD,SD,SD,parliamentary_party,blankt,blankt,BLANK_VOTE,blank_vote,4.3,2.0,observed,ME/ME0201/ME0201A/Rostningssympati170
2023M05,2023-05-01,2023-05,SD,SD,SD,parliamentary_party,c,C,C,parliamentary_party,0.0,0.0,observed,ME/ME0201/ME0201A/Rostningssympati170
2023M05,2023-05-01,2023-05,SD,SD,SD,parliamentary_party,kd,KD,KD,parliamentary_party,,,suppressed,ME/ME0201/ME0201A/Rostningssympati170
2023M05,2023-05-01,2023-05,SD,SD,SD,parliamentary_party,l,L,L,parliamentary_party,,,suppressed,ME/ME0201/ME0201A/Rostningssympati170
2023M05,2023-05-01,2023-05,SD,SD,SD,parliamentary_party,m,M,M,parliamentary_party,1.8,1.1,observed,ME/ME0201/ME0201A/Rostningssympati170
2023M05,2023-05-01,2023-05,SD,SD,SD,parliamentary_party,mp,MP,MP,parliamentary_party,,,suppressed,ME/ME0201/ME0201A/Rostningssympati170
2023M05,2023-05-01,2023-05,SD,SD,SD,parliamentary_party,s,S,S,parliamentary_party,1.1,0.9,observed,ME/ME0201/ME0201A/Rostningssympati170
2023M05,2023-05-01,2023-05,SD,SD,SD,parliamentary_party,v,V,V,parliamentary_party,0.0,0.0,observed,ME/ME0201/ME0201A/Rostningssympati170
2023M05,2023-05-01,2023-05,SD,SD,SD,parliamentary_party,vet ej,vet ej/uppgift saknas,DONT_KNOW,dont_know,4.8,2.4,observed,ME/ME0201/ME0201A/Rostningssympati170
2023M05,2023-05-01,2023-05,SD,SD,SD,parliamentary_party,övr,övriga,OTHER,other_party,,,suppressed,ME/ME0201/ME0201A/Rostningssympati170
2023M05,2023-05-01,2023-05,c,C,C,parliamentary_party,SD,SD,SD,parliamentary_party,,,suppressed,ME/ME0201/ME0201A/Rostningssympati170
2023M05,2023-05-01,2023-05,c,C,C,parliamentary_party,blankt,blankt,BLANK_VOTE,blank_vote,4.7,3.0,observed,ME/ME0201/ME0201A/Rostningssympati170
2023M05,2023-05-01,2023-05,c,C,C,parliamentary_party,c,C,C,parliamentary_party,70.2,6.8,observed,ME/ME0201/ME0201A/Rostningssympati170
2023M05,2023-05-01,2023-05,c,C,C,parliamentary_party,kd,KD,KD,parliamentary_party,,,suppressed,ME/ME0201/ME0201A/Rostningssympati170
2023M05,2023-05-01,2023-05,c,C,C,parliamentary_party,l,L,L,parliamentary_party,,,suppressed,ME/ME0201/ME0201A/Rostningssympati170
2023M05,2023-05-01,2023-05,c,C,C,parliamentary_party,m,M,M,parliamentary_party,2.1,2.1,observed,ME/ME0201/ME0201A/Rostningssympati170
2023M05,2023-05-01,2023-05,c,C,C,parliamentary_party,mp,MP,MP,parliamentary_party,,,suppressed,ME/ME0201/ME0201A/Rostningssympati170
2023M05,2023-05-01,2023-05,c,C,C,parliamentary_party,s,S,S,parliamentary_party,12.7,4.7,observed,ME/ME0201/ME0201A/Rostningssympati170
2023M05,2023-05-01,2023-05,c,C,C,parliamentary_party,v,V,V,parliamentary_party,0.0,0.0,observed,ME/ME0201/ME0201A/Rostningssympati170
2023M05,2023-05-01,2023-05,c,C,C,parliamentary_party,vet ej,vet ej/uppgift saknas,DONT_KNOW,dont_know,7.3,4.5,observed,ME/ME0201/ME0201A/Rostningssympati170
2023M05,2023-05-01,2023-05,c,C,C,parliamentary_party,övr,övriga,OTHER,other_party,0.0,0.0,observed,ME/ME0201/ME0201A/Rostningssympati170
2023M05,2023-05-01,2023-05,hela väljarkåren,hela väljarkåren,TOTAL_ELECTORATE,total_electorate,SD,SD,SD,parliamentary_party,14.6,0.9,observed,ME/ME0201/ME0201A/Rostningssympati170
2023M05,2023-05-01,2023-05,hela väljarkåren,hela väljarkåren,TOTAL_ELECTORATE,total_electorate,blankt,blankt,BLANK_VOTE,blank_vote,7.2,1.0,observed,ME/ME0201/ME0201A/Rostningssympati170
2023M05,2023-05-01,2023-05,hela väljarkåren,hela väljarkåren,TOTAL_ELECTORATE,total_electorate,c,C,C,parliamentary_party,3.2,0.5,observed,ME/ME0201/ME0201A/Rostningssympati170
2023M05,2023-05-01,2023-05,hela väljarkåren,hela väljarkåren,TOTAL_ELECTORATE,total_electorate,kd,KD,KD,parliamentary_party,2.7,0.4,observed,ME/ME0201/ME0201A/Rostningssympati170
2023M05,2023-05-01,2023-05,hela väljarkåren,hela väljarkåren,TOTAL_ELECTORATE,total_electorate,l,L,L,parliamentary_party,2.5,0.4,observed,ME/ME0201/ME0201A/Rostningssympati170
2023M05,2023-05-01,2023-05,hela väljarkåren,hela väljarkåren,TOTAL_ELECTORATE,total_electorate,m,M,M,parliamentary_party,15.2,0.9,observed,ME/ME0201/ME0201A/Rostningssympati170
2023M05,2023-05-01,2023-05,hela väljarkåren,hela väljarkåren,TOTAL_ELECTORATE,total_electorate,mp,MP,MP,parliamentary_party,3.5,0.5,observed,ME/ME0201/ME0201A/Rostningssympati170
2023M05,2023-05-01,2023-05,hela väljarkåren,hela väljarkåren,TOTAL_ELECTORATE,total_electorate,s,S,S,parliamentary_party,30.9,1.2,observed,ME/ME0201/ME0201A/Rostningssympati170
2023M05,2023-05-01,2023-05,hela väljarkåren,hela väljarkåren,TOTAL_ELECTORATE,total_electorate,v,V,V,parliamentary_party,6.0,0.6,observed,ME/ME0201/ME0201A/Rostningssympati170
2023M05,2023-05-01,2023-05,hela väljarkåren,hela väljarkåren,TOTAL_ELECTORATE,total_electorate,vet ej,vet ej/uppgift saknas,DONT_KNOW,dont_know,12.8,1.3,observed,ME/ME0201/ME0201A/Rostningssympati170
2023M05,2023-05-01,2023-05,hela väljarkåren,hela väljarkåren,TOTAL_ELECTORATE,total_electorate,övr,övriga,OTHER,other_party,1.4,0.3,observed,ME/ME0201/ME0201A/Rostningssympati170
2023M05,2023-05-01,2023-05,ingen sympati/vet ej,ingen sympati/vet ej,NO_SYMPATHY_OR_DONT_KNOW,no_sympathy,SD,SD,SD,parliamentary_party,4.5,2.7,observed,ME/ME0201/ME0201A/Rostningssympati170
2023M05,2023-05-01,2023-05,ingen sympati/vet ej,ingen sympati/vet ej,NO_SYMPATHY_OR_DONT_KNOW,no_sympathy,blankt,blankt,BLANK_VOTE,blank_vote,22.8,5.2,observed,ME/ME0201/ME0201A/Rostningssympati170
2023M05,2023-05-01,2023-05,ingen sympati/vet ej,ingen sympati/vet ej,NO_SYMPATHY_OR_DONT_KNOW,no_sympathy,c,C,C,parliamentary_party,,,suppressed,ME/ME0201/ME0201A/Rostningssympati170
2023M05,2023-05-01,2023-05,ingen sympati/vet ej,ingen sympati/vet ej,NO_SYMPATHY_OR_DONT_KNOW,no_sympathy,kd,KD,KD,parliamentary_party,,,suppressed,ME/ME0201/ME0201A/Rostningssympati170
2023M05,2023-05-01,2023-05,ingen sympati/vet ej,ingen sympati/vet ej,NO_SYMPATHY_OR_DONT_KNOW,no_sympathy,l,L,L,parliamentary_party,1.1,0.8,observed,ME/ME0201/ME0201A/Rostningssympati170
2023M05,2023-05-01,2023-05,ingen sympati/vet ej,ingen sympati/vet ej,NO_SYMPATHY_OR_DONT_KNOW,no_sympathy,m,M,M,parliamentary_party,3.6,2.0,observed,ME/ME0201/ME0201A/Rostningssympati170
2023M05,2023-05-01,2023-05,ingen sympati/vet ej,ingen sympati/vet ej,NO_SYMPATHY_OR_DONT_KNOW,no_sympathy,mp,MP,MP,parliamentary_party,,,suppressed,ME/ME0201/ME0201A/Rostningssympati170
2023M05,2023-05-01,2023-05,ingen sympati/vet ej,ingen sympati/vet ej,NO_SYMPATHY_OR_DONT_KNOW,no_sympathy,s,S,S,parliamentary_party,7.0,2.8,observed,ME/ME0201/ME0201A/Rostningssympati170
2023M05,2023-05-01,2023-05,ingen sympati/vet ej,ingen sympati/vet ej,NO_SYMPATHY_OR_DONT_KNOW,no_sympathy,v,V,V,parliamentary_party,,,suppressed,ME/ME0201/ME0201A/Rostningssympati170
2023M05,2023-05-01,2023-05,ingen sympati/vet ej,ingen sympati/vet ej,NO_SYMPATHY_OR_DONT_KNOW,no_sympathy,vet ej,vet ej/uppgift saknas,DONT_KNOW,dont_know,58.2,5.9,observed,ME/ME0201/ME0201A/Rostningssympati170
2023M05,2023-05-01,2023-05,ingen sympati/vet ej,ingen sympati/vet ej,NO_SYMPATHY_OR_DONT_KNOW,no_sympathy,övr,övriga,OTHER,other_party,,,suppressed,ME/ME0201/ME0201A/Rostningssympati170
2023M05,2023-05-01,2023-05,kd,KD,KD,parliamentary_party,SD,SD,SD,parliamentary_party,8.0,4.9,observed,ME/ME0201/ME0201A/Rostningssympati170
2023M05,2023-05-01,2023-05,kd,KD,KD,parliamentary_party,blankt,blankt,BLANK_VOTE,blank_vote,4.5,3.4,observed,ME/ME0201/ME0201A/Rostningssympati170
2023M05,2023-05-01,2023-05,kd,KD,KD,parliamentary_party,c,C,C,parliamentary_party,,,suppressed,ME/ME0201/ME0201A/Rostningssympati170
2023M05,2023-05-01,2023-05,kd,KD,KD,parliamentary_party,kd,KD,KD,parliamentary_party,70.4,8.3,observed,ME/ME0201/ME0201A/Rostningssympati170
2023M05,2023-05-01,2023-05,kd,KD,KD,parliamentary_party,l,L,L,parliamentary_party,0.0,0.0,observed,ME/ME0201/ME0201A/Rostningssympati170
2023M05,2023-05-01,2023-05,kd,KD,KD,parliamentary_party,m,M,M,parliamentary_party,5.6,3.7,observed,ME/ME0201/ME0201A/Rostningssympati170
2023M05,2023-05-01,2023-05,kd,KD,KD,parliamentary_party,mp,MP,MP,parliamentary_party,0.0,0.0,observed,ME/ME0201/ME0201A/Rostningssympati170
2023M05,2023-05-01,2023-05,kd,KD,KD,parliamentary_party,s,S,S,parliamentary_party,,,suppressed,ME/ME0201/ME0201A/Rostningssympati170
2023M05,2023-05-01,2023-05,kd,KD,KD,parliamentary_party,v,V,V,parliamentary_party,0.0,0.0,observed,ME/ME0201/ME0201A/Rostningssympati170
2023M05,2023-05-01,2023-05,kd,KD,KD,parliamentary_party,vet ej,vet ej/uppgift saknas,DONT_KNOW,dont_know,7.3,5.7,observed,ME/ME0201/ME0201A/Rostningssympati170
2023M05,2023-05-01,2023-05,kd,KD,KD,parliamentary_party,övr,övriga,OTHER,other_party,,,suppressed,ME/ME0201/ME0201A/Rostningssympati170
2023M05,2023-05-01,2023-05,l,L,L,parliamentary_party,SD,SD,SD,parliamentary_party,,,suppressed,ME/ME0201/ME0201A/Rostningssympati170
2023M05,2023-05-01,2023-05,l,L,L,parliamentary_party,blankt,blankt,BLANK_VOTE,blank_vote,6.4,4.1,observed,ME/ME0201/ME0201A/Rostningssympati170
2023M05,2023-05-01,2023-05,l,L,L,parliamentary_party,c,C,C,parliamentary_party,4.3,3.1,observed,ME/ME0201/ME0201A/Rostningssympati170
2023M05,2023-05-01,2023-05,l,L,L,parliamentary_party,kd,KD,KD,parliamentary_party,0.0,0.0,observed,ME/ME0201/ME0201A/Rostningssympati170
2023M05,2023-05-01,2023-05,l,L,L,parliamentary_party,l,L,L,parliamentary_party,61.2,7.8,observed,ME/ME0201/ME0201A/Rostningssympati170
2023M05,2023-05-01,2023-05,l,L,L,parliamentary_party,m,M,M,parliamentary_party,5.6,3.5,observed,ME/ME0201/ME0201A/Rostningssympati170
2023M05,2023-05-01,2023-05,l,L,L,parliamentary_party,mp,MP,MP,parliamentary_party,0.0,0.0,observed,ME/ME0201/ME0201A/Rostningssympati170
2023M05,2023-05-01,2023-05,l,L,L,parliamentary_party,s,S,S,parliamentary_party,8.0,3.8,observed,ME/ME0201/ME0201A/Rostningssympati170
2023M05,2023-05-01,2023-05,l,L,L,parliamentary_party,v,V,V,parliamentary_party,0.0,0.0,observed,ME/ME0201/ME0201A/Rostningssympati170
2023M05,2023-05-01,2023-05,l,L,L,parliamentary_party,vet ej,vet ej/uppgift saknas,DONT_KNOW,dont_know,12.7,6.5,observed,ME/ME0201/ME0201A/Rostningssympati170
2023M05,2023-05-01,2023-05,l,L,L,parliamentary_party,övr,övriga,OTHER,other_party,,,suppressed,ME/ME0201/ME0201A/Rostningssympati170
2023M05,2023-05-01,2023-05,m,M,M,parliamentary_party,SD,SD,SD,parliamentary_party,2.1,1.1,observed,ME/ME0201/ME0201A/Rostningssympati170
2023M05,2023-05-01,2023-05,m,M,M,parliamentary_party,blankt,blankt,BLANK_VOTE,blank_vote,5.7,1.9,observed,ME/ME0201/ME0201A/Rostningssympati170
2023M05,2023-05-01,2023-05,m,M,M,parliamentary_party,c,C,C,parliamentary_party,,,suppressed,ME/ME0201/ME0201A/Rostningssympati170
2023M05,2023-05-01,2023-05,m,M,M,parliamentary_party,kd,KD,KD,parliamentary_party,0.9,0.6,observed,ME/ME0201/ME0201A/Rostningssympati170
2023M05,2023-05-01,2023-05,m,M,M,parliamentary_party,l,L,L,parliamentary_party,0.8,0.7,observed,ME/ME0201/ME0201A/Rostningssympati170
2023M05,2023-05-01,2023-05,m,M,M,parliamentary_party,m,M,M,parliamentary_party,79.7,3.1,observed,ME/ME0201/ME0201A/Rostningssympati170
2023M05,2023-05-01,2023-05,m,M,M,parliamentary_party,mp,MP,MP,parliamentary_party,,,suppressed,ME/ME0201/ME0201A/Rostningssympati170
2023M05,2023-05-01,2023-05,m,M,M,parliamentary_party,s,S,S,parliamentary_party,3.3,1.2,observed,ME/ME0201/ME0201A/Rostningssympati170
2023M05,2023-05-01,2023-05,m,M,M,parliamentary_party,v,V,V,parliamentary_party,,,suppressed,ME/ME0201/ME0201A/Rostningssympati170
2023M05,2023-05-01,2023-05,m,M,M,parliamentary_party,vet ej,vet ej/uppgift saknas,DONT_KNOW,dont_know,6.2,1.9,observed,ME/ME0201/ME0201A/Rostningssympati170
2023M05,2023-05-01,2023-05,m,M,M,parliamentary_party,övr,övriga,OTHER,other_party,,,suppressed,ME/ME0201/ME0201A/Rostningssympati170
2023M05,2023-05-01,2023-05,mp,MP,MP,parliamentary_party,SD,SD,SD,parliamentary_party,0.0,0.0,observed,ME/ME0201/ME0201A/Rostningssympati170
2023M05,2023-05-01,2023-05,mp,MP,MP,parliamentary_party,blankt,blankt,BLANK_VOTE,blank_vote,2.4,2.1,observed,ME/ME0201/ME0201A/Rostningssympati170
2023M05,2023-05-01,2023-05,mp,MP,MP,parliamentary_party,c,C,C,parliamentary_party,0.0,0.0,observed,ME/ME0201/ME0201A/Rostningssympati170
2023M05,2023-05-01,2023-05,mp,MP,MP,parliamentary_party,kd,KD,KD,parliamentary_party,0.0,0.0,observed,ME/ME0201/ME0201A/Rostningssympati170
2023M05,2023-05-01,2023-05,mp,MP,MP,parliamentary_party,l,L,L,parliamentary_party,,,suppressed,ME/ME0201/ME0201A/Rostningssympati170
2023M05,2023-05-01,2023-05,mp,MP,MP,parliamentary_party,m,M,M,parliamentary_party,,,suppressed,ME/ME0201/ME0201A/Rostningssympati170
2023M05,2023-05-01,2023-05,mp,MP,MP,parliamentary_party,mp,MP,MP,parliamentary_party,73.7,6.6,observed,ME/ME0201/ME0201A/Rostningssympati170
2023M05,2023-05-01,2023-05,mp,MP,MP,parliamentary_party,s,S,S,parliamentary_party,13.9,4.7,observed,ME/ME0201/ME0201A/Rostningssympati170
2023M05,2023-05-01,2023-05,mp,MP,MP,parliamentary_party,v,V,V,parliamentary_party,4.0,3.0,observed,ME/ME0201/ME0201A/Rostningssympati170
2023M05,2023-05-01,2023-05,mp,MP,MP,parliamentary_party,vet ej,vet ej/uppgift saknas,DONT_KNOW,dont_know,5.0,4.3,observed,ME/ME0201/ME0201A/Rostningssympati170
2023M05,2023-05-01,2023-05,mp,MP,MP,parliamentary_party,övr,övriga,OTHER,other_party,0.0,0.0,observed,ME/ME0201/ME0201A/Rostningssympati170
2023M05,2023-05-01,2023-05,s,S,S,parliamentary_party,SD,SD,SD,parliamentary_party,0.7,0.6,observed,ME/ME0201/ME0201A/Rostningssympati170
2023M05,2023-05-01,2023-05,s,S,S,parliamentary_party,blankt,blankt,BLANK_VOTE,blank_vote,4.8,1.5,observed,ME/ME0201/ME0201A/Rostningssympati170
2023M05,2023-05-01,2023-05,s,S,S,parliamentary_party,c,C,C,parliamentary_party,0.6,0.4,observed,ME/ME0201/ME0201A/Rostningssympati170
2023M05,2023-05-01,2023-05,s,S,S,parliamentary_party,kd,KD,KD,parliamentary_party,,,suppressed,ME/ME0201/ME0201A/Rostningssympati170
2023M05,2023-05-01,2023-05,s,S,S,parliamentary_party,l,L,L,parliamentary_party,,,suppressed,ME/ME0201/ME0201A/Rostningssympati170
2023M05,2023-05-01,2023-05,s,S,S,parliamentary_party,m,M,M,parliamentary_party,1.0,0.5,observed,ME/ME0201/ME0201A/Rostningssympati170
2023M05,2023-05-01,2023-05,s,S,S,parliamentary_party,mp,MP,MP,parliamentary_party,0.7,0.6,observed,ME/ME0201/ME0201A/Rostningssympati170
2023M05,2023-05-01,2023-05,s,S,S,parliamentary_party,s,S,S,parliamentary_party,85.4,2.2,observed,ME/ME0201/ME0201A/Rostningssympati170
2023M05,2023-05-01,2023-05,s,S,S,parliamentary_party,v,V,V,parliamentary_party,1.3,0.7,observed,ME/ME0201/ME0201A/Rostningssympati170
2023M05,2023-05-01,2023-05,s,S,S,parliamentary_party,vet ej,vet ej/uppgift saknas,DONT_KNOW,dont_know,5.1,1.3,observed,ME/ME0201/ME0201A/Rostningssympati170
2023M05,2023-05-01,2023-05,s,S,S,parliamentary_party,övr,övriga,OTHER,other_party,,,suppressed,ME/ME0201/ME0201A/Rostningssympati170
2023M05,2023-05-01,2023-05,v,V,V,parliamentary_party,SD,SD,SD,parliamentary_party,,,suppressed,ME/ME0201/ME0201A/Rostningssympati170
2023M05,2023-05-01,2023-05,v,V,V,parliamentary_party,blankt,blankt,BLANK_VOTE,blank_vote,4.0,3.0,observed,ME/ME0201/ME0201A/Rostningssympati170
2023M05,2023-05-01,2023-05,v,V,V,parliamentary_party,c,C,C,parliamentary_party,0.0,0.0,observed,ME/ME0201/ME0201A/Rostningssympati170
2023M05,2023-05-01,2023-05,v,V,V,parliamentary_party,kd,KD,KD,parliamentary_party,0.0,0.0,observed,ME/ME0201/ME0201A/Rostningssympati170
2023M05,2023-05-01,2023-05,v,V,V,parliamentary_party,l,L,L,parliamentary_party,,,suppressed,ME/ME0201/ME0201A/Rostningssympati170
2023M05,2023-05-01,2023-05,v,V,V,parliamentary_party,m,M,M,parliamentary_party,,,suppressed,ME/ME0201/ME0201A/Rostningssympati170
2023M05,2023-05-01,2023-05,v,V,V,parliamentary_party,mp,MP,MP,parliamentary_party,2.5,1.7,observed,ME/ME0201/ME0201A/Rostningssympati170
2023M05,2023-05-01,2023-05,v,V,V,parliamentary_party,s,S,S,parliamentary_party,10.9,3.9,observed,ME/ME0201/ME0201A/Rostningssympati170
2023M05,2023-05-01,2023-05,v,V,V,parliamentary_party,v,V,V,parliamentary_party,76.3,5.3,observed,ME/ME0201/ME0201A/Rostningssympati170
2023M05,2023-05-01,2023-05,v,V,V,parliamentary_party,vet ej,vet ej/uppgift saknas,DONT_KNOW,dont_know,4.1,2.1,observed,ME/ME0201/ME0201A/Rostningssympati170
2023M05,2023-05-01,2023-05,v,V,V,parliamentary_party,övr,övriga,OTHER,other_party,0.0,0.0,observed,ME/ME0201/ME0201A/Rostningssympati170
2023M05,2023-05-01,2023-05,övr,övriga,OTHER,other_party,SD,SD,SD,parliamentary_party,,,suppressed,ME/ME0201/ME0201A/Rostningssympati170
2023M05,2023-05-01,2023-05,övr,övriga,OTHER,other_party,blankt,blankt,BLANK_VOTE,blank_vote,,,suppressed,ME/ME0201/ME0201A/Rostningssympati170
2023M05,2023-05-01,2023-05,övr,övriga,OTHER,other_party,c,C,C,parliamentary_party,,,suppressed,ME/ME0201/ME0201A/Rostningssympati170
2023M05,2023-05-01,2023-05,övr,övriga,OTHER,other_party,kd,KD,KD,parliamentary_party,,,suppressed,ME/ME0201/ME0201A/Rostningssympati170
2023M05,2023-05-01,2023-05,övr,övriga,OTHER,other_party,l,L,L,parliamentary_party,0.0,0.0,observed,ME/ME0201/ME0201A/Rostningssympati170
2023M05,2023-05-01,2023-05,övr,övriga,OTHER,other_party,m,M,M,parliamentary_party,,,suppressed,ME/ME0201/ME0201A/Rostningssympati170
2023M05,2023-05-01,2023-05,övr,övriga,OTHER,other_party,mp,MP,MP,parliamentary_party,0.0,0.0,observed,ME/ME0201/ME0201A/Rostningssympati170
2023M05,2023-05-01,2023-05,övr,övriga,OTHER,other_party,s,S,S,parliamentary_party,,,suppressed,ME/ME0201/ME0201A/Rostningssympati170
2023M05,2023-05-01,2023-05,övr,övriga,OTHER,other_party,v,V,V,parliamentary_party,,,suppressed,ME/ME0201/ME0201A/Rostningssympati170
2023M05,2023-05-01,2023-05,övr,övriga,OTHER,other_party,vet ej,vet ej/uppgift saknas,DONT_KNOW,dont_know,,,suppressed,ME/ME0201/ME0201A/Rostningssympati170
2023M05,2023-05-01,2023-05,övr,övriga,OTHER,other_party,övr,övriga,OTHER,other_party,68.7,13.3,observed,ME/ME0201/ME0201A/Rostningssympati170
2024M05,2024-05-01,2024-05,SD,SD,SD,parliamentary_party,SD,SD,SD,parliamentary_party,89.5,2.7,observed,ME/ME0201/ME0201A/Rostningssympati170
2024M05,2024-05-01,2024-05,SD,SD,SD,parliamentary_party,blankt,blankt,BLANK_VOTE,blank_vote,2.2,1.2,observed,ME/ME0201/ME0201A/Rostningssympati170
2024M05,2024-05-01,2024-05,SD,SD,SD,parliamentary_party,c,C,C,parliamentary_party,0.0,0.0,observed,ME/ME0201/ME0201A/Rostningssympati170
2024M05,2024-05-01,2024-05,SD,SD,SD,parliamentary_party,kd,KD,KD,parliamentary_party,,,suppressed,ME/ME0201/ME0201A/Rostningssympati170
2024M05,2024-05-01,2024-05,SD,SD,SD,parliamentary_party,l,L,L,parliamentary_party,,,suppressed,ME/ME0201/ME0201A/Rostningssympati170
2024M05,2024-05-01,2024-05,SD,SD,SD,parliamentary_party,m,M,M,parliamentary_party,1.9,1.0,observed,ME/ME0201/ME0201A/Rostningssympati170
2024M05,2024-05-01,2024-05,SD,SD,SD,parliamentary_party,mp,MP,MP,parliamentary_party,0.0,0.0,observed,ME/ME0201/ME0201A/Rostningssympati170
2024M05,2024-05-01,2024-05,SD,SD,SD,parliamentary_party,s,S,S,parliamentary_party,1.0,0.8,observed,ME/ME0201/ME0201A/Rostningssympati170
2024M05,2024-05-01,2024-05,SD,SD,SD,parliamentary_party,v,V,V,parliamentary_party,,,suppressed,ME/ME0201/ME0201A/Rostningssympati170
2024M05,2024-05-01,2024-05,SD,SD,SD,parliamentary_party,vet ej,vet ej/uppgift saknas,DONT_KNOW,dont_know,5.0,2.1,observed,ME/ME0201/ME0201A/Rostningssympati170
2024M05,2024-05-01,2024-05,SD,SD,SD,parliamentary_party,övr,övriga,OTHER,other_party,0.0,0.0,observed,ME/ME0201/ME0201A/Rostningssympati170
2024M05,2024-05-01,2024-05,c,C,C,parliamentary_party,SD,SD,SD,parliamentary_party,,,suppressed,ME/ME0201/ME0201A/Rostningssympati170
2024M05,2024-05-01,2024-05,c,C,C,parliamentary_party,blankt,blankt,BLANK_VOTE,blank_vote,6.5,5.3,observed,ME/ME0201/ME0201A/Rostningssympati170
2024M05,2024-05-01,2024-05,c,C,C,parliamentary_party,c,C,C,parliamentary_party,67.7,7.7,observed,ME/ME0201/ME0201A/Rostningssympati170
2024M05,2024-05-01,2024-05,c,C,C,parliamentary_party,kd,KD,KD,parliamentary_party,,,suppressed,ME/ME0201/ME0201A/Rostningssympati170
2024M05,2024-05-01,2024-05,c,C,C,parliamentary_party,l,L,L,parliamentary_party,0.0,0.0,observed,ME/ME0201/ME0201A/Rostningssympati170
2024M05,2024-05-01,2024-05,c,C,C,parliamentary_party,m,M,M,parliamentary_party,5.0,3.1,observed,ME/ME0201/ME0201A/Rostningssympati170
2024M05,2024-05-01,2024-05,c,C,C,parliamentary_party,mp,MP,MP,parliamentary_party,,,suppressed,ME/ME0201/ME0201A/Rostningssympati170
2024M05,2024-05-01,2024-05,c,C,C,parliamentary_party,s,S,S,parliamentary_party,7.8,4.6,observed,ME/ME0201/ME0201A/Rostningssympati170
2024M05,2024-05-01,2024-05,c,C,C,parliamentary_party,v,V,V,parliamentary_party,0.0,0.0,observed,ME/ME0201/ME0201A/Rostningssympati170
2024M05,2024-05-01,2024-05,c,C,C,parliamentary_party,vet ej,vet ej/uppgift saknas,DONT_KNOW,dont_know,10.2,5.0,observed,ME/ME0201/ME0201A/Rostningssympati170
2024M05,2024-05-01,2024-05,c,C,C,parliamentary_party,övr,övriga,OTHER,other_party,,,suppressed,ME/ME0201/ME0201A/Rostningssympati170
2024M05,2024-05-01,2024-05,hela väljarkåren,hela väljarkåren,TOTAL_ELECTORATE,total_electorate,SD,SD,SD,parliamentary_party,16.1,0.9,observed,ME/ME0201/ME0201A/Rostningssympati170
2024M05,2024-05-01,2024-05,hela väljarkåren,hela väljarkåren,TOTAL_ELECTORATE,total_electorate,blankt,blankt,BLANK_VOTE,blank_vote,7.4,1.0,observed,ME/ME0201/ME0201A/Rostningssympati170
2024M05,2024-05-01,2024-05,hela väljarkåren,hela väljarkåren,TOTAL_ELECTORATE,total_electorate,c,C,C,parliamentary_party,3.3,0.5,observed,ME/ME0201/ME0201A/Rostningssympati170
2024M05,2024-05-01,2024-05,hela väljarkåren,hela väljarkåren,TOTAL_ELECTORATE,total_electorate,kd,KD,KD,parliamentary_party,2.1,0.4,observed,ME/ME0201/ME0201A/Rostningssympati170
2024M05,2024-05-01,2024-05,hela väljarkåren,hela väljarkåren,TOTAL_ELECTORATE,total_electorate,l,L,L,parliamentary_party,2.3,0.4,observed,ME/ME0201/ME0201A/Rostningssympati170
2024M05,2024-05-01,2024-05,hela väljarkåren,hela väljarkåren,TOTAL_ELECTORATE,total_electorate,m,M,M,parliamentary_party,14.6,0.9,observed,ME/ME0201/ME0201A/Rostningssympati170
2024M05,2024-05-01,2024-05,hela väljarkåren,hela väljarkåren,TOTAL_ELECTORATE,total_electorate,mp,MP,MP,parliamentary_party,4.1,0.5,observed,ME/ME0201/ME0201A/Rostningssympati170
2024M05,2024-05-01,2024-05,hela väljarkåren,hela väljarkåren,TOTAL_ELECTORATE,total_electorate,s,S,S,parliamentary_party,27.5,1.2,observed,ME/ME0201/ME0201A/Rostningssympati170
2024M05,2024-05-01,2024-05,hela väljarkåren,hela väljarkåren,TOTAL_ELECTORATE,total_electorate,v,V,V,parliamentary_party,6.5,0.6,observed,ME/ME0201/ME0201A/Rostningssympati170
2024M05,2024-05-01,2024-05,hela väljarkåren,hela väljarkåren,TOTAL_ELECTORATE,total_electorate,vet ej,vet ej/uppgift saknas,DONT_KNOW,dont_know,14.7,1.3,observed,ME/ME0201/ME0201A/Rostningssympati170
2024M05,2024-05-01,2024-05,hela väljarkåren,hela väljarkåren,TOTAL_ELECTORATE,total_electorate,övr,övriga,OTHER,other_party,1.3,0.4,observed,ME/ME0201/ME0201A/Rostningssympati170
2024M05,2024-05-01,2024-05,ingen sympati/vet ej,ingen sympati/vet ej,NO_SYMPATHY_OR_DONT_KNOW,no_sympathy,SD,SD,SD,parliamentary_party,4.0,2.1,observed,ME/ME0201/ME0201A/Rostningssympati170
2024M05,2024-05-01,2024-05,ingen sympati/vet ej,ingen sympati/vet ej,NO_SYMPATHY_OR_DONT_KNOW,no_sympathy,blankt,blankt,BLANK_VOTE,blank_vote,21.8,4.7,observed,ME/ME0201/ME0201A/Rostningssympati170
2024M05,2024-05-01,2024-05,ingen sympati/vet ej,ingen sympati/vet ej,NO_SYMPATHY_OR_DONT_KNOW,no_sympathy,c,C,C,parliamentary_party,,,suppressed,ME/ME0201/ME0201A/Rostningssympati170
2024M05,2024-05-01,2024-05,ingen sympati/vet ej,ingen sympati/vet ej,NO_SYMPATHY_OR_DONT_KNOW,no_sympathy,kd,KD,KD,parliamentary_party,0.8,0.8,observed,ME/ME0201/ME0201A/Rostningssympati170
2024M05,2024-05-01,2024-05,ingen sympati/vet ej,ingen sympati/vet ej,NO_SYMPATHY_OR_DONT_KNOW,no_sympathy,l,L,L,parliamentary_party,,,suppressed,ME/ME0201/ME0201A/Rostningssympati170
2024M05,2024-05-01,2024-05,ingen sympati/vet ej,ingen sympati/vet ej,NO_SYMPATHY_OR_DONT_KNOW,no_sympathy,m,M,M,parliamentary_party,4.3,1.7,observed,ME/ME0201/ME0201A/Rostningssympati170
2024M05,2024-05-01,2024-05,ingen sympati/vet ej,ingen sympati/vet ej,NO_SYMPATHY_OR_DONT_KNOW,no_sympathy,mp,MP,MP,parliamentary_party,,,suppressed,ME/ME0201/ME0201A/Rostningssympati170
2024M05,2024-05-01,2024-05,ingen sympati/vet ej,ingen sympati/vet ej,NO_SYMPATHY_OR_DONT_KNOW,no_sympathy,s,S,S,parliamentary_party,5.5,2.4,observed,ME/ME0201/ME0201A/Rostningssympati170
2024M05,2024-05-01,2024-05,ingen sympati/vet ej,ingen sympati/vet ej,NO_SYMPATHY_OR_DONT_KNOW,no_sympathy,v,V,V,parliamentary_party,1.1,0.8,observed,ME/ME0201/ME0201A/Rostningssympati170
2024M05,2024-05-01,2024-05,ingen sympati/vet ej,ingen sympati/vet ej,NO_SYMPATHY_OR_DONT_KNOW,no_sympathy,vet ej,vet ej/uppgift saknas,DONT_KNOW,dont_know,61.0,5.4,observed,ME/ME0201/ME0201A/Rostningssympati170
2024M05,2024-05-01,2024-05,ingen sympati/vet ej,ingen sympati/vet ej,NO_SYMPATHY_OR_DONT_KNOW,no_sympathy,övr,övriga,OTHER,other_party,0.0,0.0,observed,ME/ME0201/ME0201A/Rostningssympati170
2024M05,2024-05-01,2024-05,kd,KD,KD,parliamentary_party,SD,SD,SD,parliamentary_party,6.0,4.6,observed,ME/ME0201/ME0201A/Rostningssympati170
2024M05,2024-05-01,2024-05,kd,KD,KD,parliamentary_party,blankt,blankt,BLANK_VOTE,blank_vote,6.3,4.6,observed,ME/ME0201/ME0201A/Rostningssympati170
2024M05,2024-05-01,2024-05,kd,KD,KD,parliamentary_party,c,C,C,parliamentary_party,,,suppressed,ME/ME0201/ME0201A/Rostningssympati170
2024M05,2024-05-01,2024-05,kd,KD,KD,parliamentary_party,kd,KD,KD,parliamentary_party,61.6,9.5,observed,ME/ME0201/ME0201A/Rostningssympati170
2024M05,2024-05-01,2024-05,kd,KD,KD,parliamentary_party,l,L,L,parliamentary_party,0.0,0.0,observed,ME/ME0201/ME0201A/Rostningssympati170
2024M05,2024-05-01,2024-05,kd,KD,KD,parliamentary_party,m,M,M,parliamentary_party,8.6,5.3,observed,ME/ME0201/ME0201A/Rostningssympati170
2024M05,2024-05-01,2024-05,kd,KD,KD,parliamentary_party,mp,MP,MP,parliamentary_party,,,suppressed,ME/ME0201/ME0201A/Rostningssympati170
2024M05,2024-05-01,2024-05,kd,KD,KD,parliamentary_party,s,S,S,parliamentary_party,,,suppressed,ME/ME0201/ME0201A/Rostningssympati170
2024M05,2024-05-01,2024-05,kd,KD,KD,parliamentary_party,v,V,V,parliamentary_party,0.0,0.0,observed,ME/ME0201/ME0201A/Rostningssympati170
2024M05,2024-05-01,2024-05,kd,KD,KD,parliamentary_party,vet ej,vet ej/uppgift saknas,DONT_KNOW,dont_know,10.3,5.4,observed,ME/ME0201/ME0201A/Rostningssympati170
2024M05,2024-05-01,2024-05,kd,KD,KD,parliamentary_party,övr,övriga,OTHER,other_party,0.0,0.0,observed,ME/ME0201/ME0201A/Rostningssympati170
2024M05,2024-05-01,2024-05,l,L,L,parliamentary_party,SD,SD,SD,parliamentary_party,0.0,0.0,observed,ME/ME0201/ME0201A/Rostningssympati170
2024M05,2024-05-01,2024-05,l,L,L,parliamentary_party,blankt,blankt,BLANK_VOTE,blank_vote,6.7,5.5,observed,ME/ME0201/ME0201A/Rostningssympati170
2024M05,2024-05-01,2024-05,l,L,L,parliamentary_party,c,C,C,parliamentary_party,5.8,3.4,observed,ME/ME0201/ME0201A/Rostningssympati170
2024M05,2024-05-01,2024-05,l,L,L,parliamentary_party,kd,KD,KD,parliamentary_party,0.0,0.0,observed,ME/ME0201/ME0201A/Rostningssympati170
2024M05,2024-05-01,2024-05,l,L,L,parliamentary_party,l,L,L,parliamentary_party,65.0,7.9,observed,ME/ME0201/ME0201A/Rostningssympati170
2024M05,2024-05-01,2024-05,l,L,L,parliamentary_party,m,M,M,parliamentary_party,6.3,3.9,observed,ME/ME0201/ME0201A/Rostningssympati170
2024M05,2024-05-01,2024-05,l,L,L,parliamentary_party,mp,MP,MP,parliamentary_party,0.0,0.0,observed,ME/ME0201/ME0201A/Rostningssympati170
2024M05,2024-05-01,2024-05,l,L,L,parliamentary_party,s,S,S,parliamentary_party,6.4,3.6,observed,ME/ME0201/ME0201A/Rostningssympati170
2024M05,2024-05-01,2024-05,l,L,L,parliamentary_party,v,V,V,parliamentary_party,,,suppressed,ME/ME0201/ME0201A/Rostningssympati170
2024M05,2024-05-01,2024-05,l,L,L,parliamentary_party,vet ej,vet ej/uppgift saknas,DONT_KNOW,dont_know,8.0,4.3,observed,ME/ME0201/ME0201A/Rostningssympati170
2024M05,2024-05-01,2024-05,l,L,L,parliamentary_party,övr,övriga,OTHER,other_party,,,suppressed,ME/ME0201/ME0201A/Rostningssympati170
2024M05,2024-05-01,2024-05,m,M,M,parliamentary_party,SD,SD,SD,parliamentary_party,5.0,1.6,observed,ME/ME0201/ME0201A/Rostningssympati170
2024M05,2024-05-01,2024-05,m,M,M,parliamentary_party,blankt,blankt,BLANK_VOTE,blank_vote,6.7,2.3,observed,ME/ME0201/ME0201A/Rostningssympati170
2024M05,2024-05-01,2024-05,m,M,M,parliamentary_party,c,C,C,parliamentary_party,,,suppressed,ME/ME0201/ME0201A/Rostningssympati170
2024M05,2024-05-01,2024-05,m,M,M,parliamentary_party,kd,KD,KD,parliamentary_party,1.8,1.2,observed,ME/ME0201/ME0201A/Rostningssympati170
2024M05,2024-05-01,2024-05,m,M,M,parliamentary_party,l,L,L,parliamentary_party,1.1,0.8,observed,ME/ME0201/ME0201A/Rostningssympati170
2024M05,2024-05-01,2024-05,m,M,M,parliamentary_party,m,M,M,parliamentary_party,75.0,3.4,observed,ME/ME0201/ME0201A/Rostningssympati170
2024M05,2024-05-01,2024-05,m,M,M,parliamentary_party,mp,MP,MP,parliamentary_party,,,suppressed,ME/ME0201/ME0201A/Rostningssympati170
2024M05,2024-05-01,2024-05,m,M,M,parliamentary_party,s,S,S,parliamentary_party,2.0,1.0,observed,ME/ME0201/ME0201A/Rostningssympati170
2024M05,2024-05-01,2024-05,m,M,M,parliamentary_party,v,V,V,parliamentary_party,,,suppressed,ME/ME0201/ME0201A/Rostningssympati170
2024M05,2024-05-01,2024-05,m,M,M,parliamentary_party,vet ej,vet ej/uppgift saknas,DONT_KNOW,dont_know,7.7,2.0,observed,ME/ME0201/ME0201A/Rostningssympati170
2024M05,2024-05-01,2024-05,m,M,M,parliamentary_party,övr,övriga,OTHER,other_party,,,suppressed,ME/ME0201/ME0201A/Rostningssympati170
2024M05,2024-05-01,2024-05,mp,MP,MP,parliamentary_party,SD,SD,SD,parliamentary_party,,,suppressed,ME/ME0201/ME0201A/Rostningssympati170
2024M05,2024-05-01,2024-05,mp,MP,MP,parliamentary_party,blankt,blankt,BLANK_VOTE,blank_vote,,,suppressed,ME/ME0201/ME0201A/Rostningssympati170
2024M05,2024-05-01,2024-05,mp,MP,MP,parliamentary_party,c,C,C,parliamentary_party,1.9,1.9,observed,ME/ME0201/ME0201A/Rostningssympati170
2024M05,2024-05-01,2024-05,mp,MP,MP,parliamentary_party,kd,KD,KD,parliamentary_party,0.0,0.0,observed,ME/ME0201/ME0201A/Rostningssympati170
2024M05,2024-05-01,2024-05,mp,MP,MP,parliamentary_party,l,L,L,parliamentary_party,,,suppressed,ME/ME0201/ME0201A/Rostningssympati170
2024M05,2024-05-01,2024-05,mp,MP,MP,parliamentary_party,m,M,M,parliamentary_party,,,suppressed,ME/ME0201/ME0201A/Rostningssympati170
2024M05,2024-05-01,2024-05,mp,MP,MP,parliamentary_party,mp,MP,MP,parliamentary_party,77.4,5.6,observed,ME/ME0201/ME0201A/Rostningssympati170
2024M05,2024-05-01,2024-05,mp,MP,MP,parliamentary_party,s,S,S,parliamentary_party,10.3,4.0,observed,ME/ME0201/ME0201A/Rostningssympati170
2024M05,2024-05-01,2024-05,mp,MP,MP,parliamentary_party,v,V,V,parliamentary_party,,,suppressed,ME/ME0201/ME0201A/Rostningssympati170
2024M05,2024-05-01,2024-05,mp,MP,MP,parliamentary_party,vet ej,vet ej/uppgift saknas,DONT_KNOW,dont_know,5.5,3.1,observed,ME/ME0201/ME0201A/Rostningssympati170
2024M05,2024-05-01,2024-05,mp,MP,MP,parliamentary_party,övr,övriga,OTHER,other_party,0.0,0.0,observed,ME/ME0201/ME0201A/Rostningssympati170
2024M05,2024-05-01,2024-05,s,S,S,parliamentary_party,SD,SD,SD,parliamentary_party,0.6,0.4,observed,ME/ME0201/ME0201A/Rostningssympati170
2024M05,2024-05-01,2024-05,s,S,S,parliamentary_party,blankt,blankt,BLANK_VOTE,blank_vote,4.5,1.5,observed,ME/ME0201/ME0201A/Rostningssympati170
2024M05,2024-05-01,2024-05,s,S,S,parliamentary_party,c,C,C,parliamentary_party,0.7,0.4,observed,ME/ME0201/ME0201A/Rostningssympati170
2024M05,2024-05-01,2024-05,s,S,S,parliamentary_party,kd,KD,KD,parliamentary_party,,,suppressed,ME/ME0201/ME0201A/Rostningssympati170
2024M05,2024-05-01,2024-05,s,S,S,parliamentary_party,l,L,L,parliamentary_party,,,suppressed,ME/ME0201/ME0201A/Rostningssympati170
2024M05,2024-05-01,2024-05,s,S,S,parliamentary_party,m,M,M,parliamentary_party,1.1,0.7,observed,ME/ME0201/ME0201A/Rostningssympati170
2024M05,2024-05-01,2024-05,s,S,S,parliamentary_party,mp,MP,MP,parliamentary_party,1.2,0.6,observed,ME/ME0201/ME0201A/Rostningssympati170
2024M05,2024-05-01,2024-05,s,S,S,parliamentary_party,s,S,S,parliamentary_party,84.0,2.4,observed,ME/ME0201/ME0201A/Rostningssympati170
2024M05,2024-05-01,2024-05,s,S,S,parliamentary_party,v,V,V,parliamentary_party,1.6,0.9,observed,ME/ME0201/ME0201A/Rostningssympati170
2024M05,2024-05-01,2024-05,s,S,S,parliamentary_party,vet ej,vet ej/uppgift saknas,DONT_KNOW,dont_know,6.1,1.6,observed,ME/ME0201/ME0201A/Rostningssympati170
2024M05,2024-05-01,2024-05,s,S,S,parliamentary_party,övr,övriga,OTHER,other_party,,,suppressed,ME/ME0201/ME0201A/Rostningssympati170
2024M05,2024-05-01,2024-05,v,V,V,parliamentary_party,SD,SD,SD,parliamentary_party,0.0,0.0,observed,ME/ME0201/ME0201A/Rostningssympati170
2024M05,2024-05-01,2024-05,v,V,V,parliamentary_party,blankt,blankt,BLANK_VOTE,blank_vote,5.4,3.7,observed,ME/ME0201/ME0201A/Rostningssympati170
2024M05,2024-05-01,2024-05,v,V,V,parliamentary_party,c,C,C,parliamentary_party,0.0,0.0,observed,ME/ME0201/ME0201A/Rostningssympati170
2024M05,2024-05-01,2024-05,v,V,V,parliamentary_party,kd,KD,KD,parliamentary_party,0.0,0.0,observed,ME/ME0201/ME0201A/Rostningssympati170
2024M05,2024-05-01,2024-05,v,V,V,parliamentary_party,l,L,L,parliamentary_party,0.0,0.0,observed,ME/ME0201/ME0201A/Rostningssympati170
2024M05,2024-05-01,2024-05,v,V,V,parliamentary_party,m,M,M,parliamentary_party,,,suppressed,ME/ME0201/ME0201A/Rostningssympati170
2024M05,2024-05-01,2024-05,v,V,V,parliamentary_party,mp,MP,MP,parliamentary_party,2.6,1.5,observed,ME/ME0201/ME0201A/Rostningssympati170
2024M05,2024-05-01,2024-05,v,V,V,parliamentary_party,s,S,S,parliamentary_party,9.4,3.6,observed,ME/ME0201/ME0201A/Rostningssympati170
2024M05,2024-05-01,2024-05,v,V,V,parliamentary_party,v,V,V,parliamentary_party,75.7,5.4,observed,ME/ME0201/ME0201A/Rostningssympati170
2024M05,2024-05-01,2024-05,v,V,V,parliamentary_party,vet ej,vet ej/uppgift saknas,DONT_KNOW,dont_know,5.8,3.0,observed,ME/ME0201/ME0201A/Rostningssympati170
2024M05,2024-05-01,2024-05,v,V,V,parliamentary_party,övr,övriga,OTHER,other_party,,,suppressed,ME/ME0201/ME0201A/Rostningssympati170
2024M05,2024-05-01,2024-05,övr,övriga,OTHER,other_party,SD,SD,SD,parliamentary_party,10.2,9.4,observed,ME/ME0201/ME0201A/Rostningssympati170
2024M05,2024-05-01,2024-05,övr,övriga,OTHER,other_party,blankt,blankt,BLANK_VOTE,blank_vote,10.7,10.2,observed,ME/ME0201/ME0201A/Rostningssympati170
2024M05,2024-05-01,2024-05,övr,övriga,OTHER,other_party,c,C,C,parliamentary_party,0.0,0.0,observed,ME/ME0201/ME0201A/Rostningssympati170
2024M05,2024-05-01,2024-05,övr,övriga,OTHER,other_party,kd,KD,KD,parliamentary_party,0.0,0.0,observed,ME/ME0201/ME0201A/Rostningssympati170
2024M05,2024-05-01,2024-05,övr,övriga,OTHER,other_party,l,L,L,parliamentary_party,0.0,0.0,observed,ME/ME0201/ME0201A/Rostningssympati170
2024M05,2024-05-01,2024-05,övr,övriga,OTHER,other_party,m,M,M,parliamentary_party,,,suppressed,ME/ME0201/ME0201A/Rostningssympati170
2024M05,2024-05-01,2024-05,övr,övriga,OTHER,other_party,mp,MP,MP,parliamentary_party,,,suppressed,ME/ME0201/ME0201A/Rostningssympati170
2024M05,2024-05-01,2024-05,övr,övriga,OTHER,other_party,s,S,S,parliamentary_party,,,suppressed,ME/ME0201/ME0201A/Rostningssympati170
2024M05,2024-05-01,2024-05,övr,övriga,OTHER,other_party,v,V,V,parliamentary_party,,,suppressed,ME/ME0201/ME0201A/Rostningssympati170
2024M05,2024-05-01,2024-05,övr,övriga,OTHER,other_party,vet ej,vet ej/uppgift saknas,DONT_KNOW,dont_know,,,suppressed,ME/ME0201/ME0201A/Rostningssympati170
2024M05,2024-05-01,2024-05,övr,övriga,OTHER,other_party,övr,övriga,OTHER,other_party,63.0,13.3,observed,ME/ME0201/ME0201A/Rostningssympati170
2025M05,2025-05-01,2025-05,SD,SD,SD,parliamentary_party,SD,SD,SD,parliamentary_party,87.4,3.0,observed,ME/ME0201/ME0201A/Rostningssympati170
2025M05,2025-05-01,2025-05,SD,SD,SD,parliamentary_party,blankt,blankt,BLANK_VOTE,blank_vote,4.6,2.0,observed,ME/ME0201/ME0201A/Rostningssympati170
2025M05,2025-05-01,2025-05,SD,SD,SD,parliamentary_party,c,C,C,parliamentary_party,0.0,0.0,observed,ME/ME0201/ME0201A/Rostningssympati170
2025M05,2025-05-01,2025-05,SD,SD,SD,parliamentary_party,kd,KD,KD,parliamentary_party,0.0,0.0,observed,ME/ME0201/ME0201A/Rostningssympati170
2025M05,2025-05-01,2025-05,SD,SD,SD,parliamentary_party,l,L,L,parliamentary_party,,,suppressed,ME/ME0201/ME0201A/Rostningssympati170
2025M05,2025-05-01,2025-05,SD,SD,SD,parliamentary_party,m,M,M,parliamentary_party,2.3,1.2,observed,ME/ME0201/ME0201A/Rostningssympati170
2025M05,2025-05-01,2025-05,SD,SD,SD,parliamentary_party,mp,MP,MP,parliamentary_party,0.0,0.0,observed,ME/ME0201/ME0201A/Rostningssympati170
2025M05,2025-05-01,2025-05,SD,SD,SD,parliamentary_party,s,S,S,parliamentary_party,0.7,0.6,observed,ME/ME0201/ME0201A/Rostningssympati170
2025M05,2025-05-01,2025-05,SD,SD,SD,parliamentary_party,v,V,V,parliamentary_party,,,suppressed,ME/ME0201/ME0201A/Rostningssympati170
2025M05,2025-05-01,2025-05,SD,SD,SD,parliamentary_party,vet ej,vet ej/uppgift saknas,DONT_KNOW,dont_know,3.4,1.8,observed,ME/ME0201/ME0201A/Rostningssympati170
2025M05,2025-05-01,2025-05,SD,SD,SD,parliamentary_party,övr,övriga,OTHER,other_party,1.1,0.9,observed,ME/ME0201/ME0201A/Rostningssympati170
2025M05,2025-05-01,2025-05,c,C,C,parliamentary_party,SD,SD,SD,parliamentary_party,,,suppressed,ME/ME0201/ME0201A/Rostningssympati170
2025M05,2025-05-01,2025-05,c,C,C,parliamentary_party,blankt,blankt,BLANK_VOTE,blank_vote,6.1,4.1,observed,ME/ME0201/ME0201A/Rostningssympati170
2025M05,2025-05-01,2025-05,c,C,C,parliamentary_party,c,C,C,parliamentary_party,72.6,6.4,observed,ME/ME0201/ME0201A/Rostningssympati170
2025M05,2025-05-01,2025-05,c,C,C,parliamentary_party,kd,KD,KD,parliamentary_party,0.0,0.0,observed,ME/ME0201/ME0201A/Rostningssympati170
2025M05,2025-05-01,2025-05,c,C,C,parliamentary_party,l,L,L,parliamentary_party,,,suppressed,ME/ME0201/ME0201A/Rostningssympati170
2025M05,2025-05-01,2025-05,c,C,C,parliamentary_party,m,M,M,parliamentary_party,4.3,2.8,observed,ME/ME0201/ME0201A/Rostningssympati170
2025M05,2025-05-01,2025-05,c,C,C,parliamentary_party,mp,MP,MP,parliamentary_party,,,suppressed,ME/ME0201/ME0201A/Rostningssympati170
2025M05,2025-05-01,2025-05,c,C,C,parliamentary_party,s,S,S,parliamentary_party,5.6,3.0,observed,ME/ME0201/ME0201A/Rostningssympati170
2025M05,2025-05-01,2025-05,c,C,C,parliamentary_party,v,V,V,parliamentary_party,,,suppressed,ME/ME0201/ME0201A/Rostningssympati170
2025M05,2025-05-01,2025-05,c,C,C,parliamentary_party,vet ej,vet ej/uppgift saknas,DONT_KNOW,dont_know,9.1,4.2,observed,ME/ME0201/ME0201A/Rostningssympati170
2025M05,2025-05-01,2025-05,c,C,C,parliamentary_party,övr,övriga,OTHER,other_party,0.0,0.0,observed,ME/ME0201/ME0201A/Rostningssympati170
2025M05,2025-05-01,2025-05,hela väljarkåren,hela väljarkåren,TOTAL_ELECTORATE,total_electorate,SD,SD,SD,parliamentary_party,14.2,0.9,observed,ME/ME0201/ME0201A/Rostningssympati170
2025M05,2025-05-01,2025-05,hela väljarkåren,hela väljarkåren,TOTAL_ELECTORATE,total_electorate,blankt,blankt,BLANK_VOTE,blank_vote,7.7,1.0,observed,ME/ME0201/ME0201A/Rostningssympati170
2025M05,2025-05-01,2025-05,hela väljarkåren,hela väljarkåren,TOTAL_ELECTORATE,total_electorate,c,C,C,parliamentary_party,3.9,0.5,observed,ME/ME0201/ME0201A/Rostningssympati170
2025M05,2025-05-01,2025-05,hela väljarkåren,hela väljarkåren,TOTAL_ELECTORATE,total_electorate,kd,KD,KD,parliamentary_party,2.5,0.4,observed,ME/ME0201/ME0201A/Rostningssympati170
2025M05,2025-05-01,2025-05,hela väljarkåren,hela väljarkåren,TOTAL_ELECTORATE,total_electorate,l,L,L,parliamentary_party,1.9,0.3,observed,ME/ME0201/ME0201A/Rostningssympati170
2025M05,2025-05-01,2025-05,hela väljarkåren,hela väljarkåren,TOTAL_ELECTORATE,total_electorate,m,M,M,parliamentary_party,14.3,0.9,observed,ME/ME0201/ME0201A/Rostningssympati170
2025M05,2025-05-01,2025-05,hela väljarkåren,hela väljarkåren,TOTAL_ELECTORATE,total_electorate,mp,MP,MP,parliamentary_party,4.9,0.5,observed,ME/ME0201/ME0201A/Rostningssympati170
2025M05,2025-05-01,2025-05,hela väljarkåren,hela väljarkåren,TOTAL_ELECTORATE,total_electorate,s,S,S,parliamentary_party,28.3,1.2,observed,ME/ME0201/ME0201A/Rostningssympati170
2025M05,2025-05-01,2025-05,hela väljarkåren,hela väljarkåren,TOTAL_ELECTORATE,total_electorate,v,V,V,parliamentary_party,5.4,0.5,observed,ME/ME0201/ME0201A/Rostningssympati170
2025M05,2025-05-01,2025-05,hela väljarkåren,hela väljarkåren,TOTAL_ELECTORATE,total_electorate,vet ej,vet ej/uppgift saknas,DONT_KNOW,dont_know,15.4,1.2,observed,ME/ME0201/ME0201A/Rostningssympati170
2025M05,2025-05-01,2025-05,hela väljarkåren,hela väljarkåren,TOTAL_ELECTORATE,total_electorate,övr,övriga,OTHER,other_party,1.5,0.4,observed,ME/ME0201/ME0201A/Rostningssympati170
2025M05,2025-05-01,2025-05,ingen sympati/vet ej,ingen sympati/vet ej,NO_SYMPATHY_OR_DONT_KNOW,no_sympathy,SD,SD,SD,parliamentary_party,2.8,1.4,observed,ME/ME0201/ME0201A/Rostningssympati170
2025M05,2025-05-01,2025-05,ingen sympati/vet ej,ingen sympati/vet ej,NO_SYMPATHY_OR_DONT_KNOW,no_sympathy,blankt,blankt,BLANK_VOTE,blank_vote,24.7,4.3,observed,ME/ME0201/ME0201A/Rostningssympati170
2025M05,2025-05-01,2025-05,ingen sympati/vet ej,ingen sympati/vet ej,NO_SYMPATHY_OR_DONT_KNOW,no_sympathy,c,C,C,parliamentary_party,0.6,0.6,observed,ME/ME0201/ME0201A/Rostningssympati170
2025M05,2025-05-01,2025-05,ingen sympati/vet ej,ingen sympati/vet ej,NO_SYMPATHY_OR_DONT_KNOW,no_sympathy,kd,KD,KD,parliamentary_party,,,suppressed,ME/ME0201/ME0201A/Rostningssympati170
2025M05,2025-05-01,2025-05,ingen sympati/vet ej,ingen sympati/vet ej,NO_SYMPATHY_OR_DONT_KNOW,no_sympathy,l,L,L,parliamentary_party,,,suppressed,ME/ME0201/ME0201A/Rostningssympati170
2025M05,2025-05-01,2025-05,ingen sympati/vet ej,ingen sympati/vet ej,NO_SYMPATHY_OR_DONT_KNOW,no_sympathy,m,M,M,parliamentary_party,3.6,1.6,observed,ME/ME0201/ME0201A/Rostningssympati170
2025M05,2025-05-01,2025-05,ingen sympati/vet ej,ingen sympati/vet ej,NO_SYMPATHY_OR_DONT_KNOW,no_sympathy,mp,MP,MP,parliamentary_party,0.9,0.9,observed,ME/ME0201/ME0201A/Rostningssympati170
2025M05,2025-05-01,2025-05,ingen sympati/vet ej,ingen sympati/vet ej,NO_SYMPATHY_OR_DONT_KNOW,no_sympathy,s,S,S,parliamentary_party,6.9,2.4,observed,ME/ME0201/ME0201A/Rostningssympati170
2025M05,2025-05-01,2025-05,ingen sympati/vet ej,ingen sympati/vet ej,NO_SYMPATHY_OR_DONT_KNOW,no_sympathy,v,V,V,parliamentary_party,,,suppressed,ME/ME0201/ME0201A/Rostningssympati170
2025M05,2025-05-01,2025-05,ingen sympati/vet ej,ingen sympati/vet ej,NO_SYMPATHY_OR_DONT_KNOW,no_sympathy,vet ej,vet ej/uppgift saknas,DONT_KNOW,dont_know,58.7,4.8,observed,ME/ME0201/ME0201A/Rostningssympati170
2025M05,2025-05-01,2025-05,ingen sympati/vet ej,ingen sympati/vet ej,NO_SYMPATHY_OR_DONT_KNOW,no_sympathy,övr,övriga,OTHER,other_party,,,suppressed,ME/ME0201/ME0201A/Rostningssympati170
2025M05,2025-05-01,2025-05,kd,KD,KD,parliamentary_party,SD,SD,SD,parliamentary_party,4.1,3.6,observed,ME/ME0201/ME0201A/Rostningssympati170
2025M05,2025-05-01,2025-05,kd,KD,KD,parliamentary_party,blankt,blankt,BLANK_VOTE,blank_vote,6.3,4.1,observed,ME/ME0201/ME0201A/Rostningssympati170
2025M05,2025-05-01,2025-05,kd,KD,KD,parliamentary_party,c,C,C,parliamentary_party,,,suppressed,ME/ME0201/ME0201A/Rostningssympati170
2025M05,2025-05-01,2025-05,kd,KD,KD,parliamentary_party,kd,KD,KD,parliamentary_party,70.6,7.9,observed,ME/ME0201/ME0201A/Rostningssympati170
2025M05,2025-05-01,2025-05,kd,KD,KD,parliamentary_party,l,L,L,parliamentary_party,,,suppressed,ME/ME0201/ME0201A/Rostningssympati170
2025M05,2025-05-01,2025-05,kd,KD,KD,parliamentary_party,m,M,M,parliamentary_party,3.7,3.2,observed,ME/ME0201/ME0201A/Rostningssympati170
2025M05,2025-05-01,2025-05,kd,KD,KD,parliamentary_party,mp,MP,MP,parliamentary_party,,,suppressed,ME/ME0201/ME0201A/Rostningssympati170
2025M05,2025-05-01,2025-05,kd,KD,KD,parliamentary_party,s,S,S,parliamentary_party,,,suppressed,ME/ME0201/ME0201A/Rostningssympati170
2025M05,2025-05-01,2025-05,kd,KD,KD,parliamentary_party,v,V,V,parliamentary_party,0.0,0.0,observed,ME/ME0201/ME0201A/Rostningssympati170
2025M05,2025-05-01,2025-05,kd,KD,KD,parliamentary_party,vet ej,vet ej/uppgift saknas,DONT_KNOW,dont_know,10.2,5.2,observed,ME/ME0201/ME0201A/Rostningssympati170
2025M05,2025-05-01,2025-05,kd,KD,KD,parliamentary_party,övr,övriga,OTHER,other_party,0.0,0.0,observed,ME/ME0201/ME0201A/Rostningssympati170
2025M05,2025-05-01,2025-05,l,L,L,parliamentary_party,SD,SD,SD,parliamentary_party,,,suppressed,ME/ME0201/ME0201A/Rostningssympati170
2025M05,2025-05-01,2025-05,l,L,L,parliamentary_party,blankt,blankt,BLANK_VOTE,blank_vote,7.3,5.1,observed,ME/ME0201/ME0201A/Rostningssympati170
2025M05,2025-05-01,2025-05,l,L,L,parliamentary_party,c,C,C,parliamentary_party,5.5,3.8,observed,ME/ME0201/ME0201A/Rostningssympati170
2025M05,2025-05-01,2025-05,l,L,L,parliamentary_party,kd,KD,KD,parliamentary_party,,,suppressed,ME/ME0201/ME0201A/Rostningssympati170
2025M05,2025-05-01,2025-05,l,L,L,parliamentary_party,l,L,L,parliamentary_party,59.9,8.3,observed,ME/ME0201/ME0201A/Rostningssympati170
2025M05,2025-05-01,2025-05,l,L,L,parliamentary_party,m,M,M,parliamentary_party,5.8,3.8,observed,ME/ME0201/ME0201A/Rostningssympati170
2025M05,2025-05-01,2025-05,l,L,L,parliamentary_party,mp,MP,MP,parliamentary_party,0.0,0.0,observed,ME/ME0201/ME0201A/Rostningssympati170
2025M05,2025-05-01,2025-05,l,L,L,parliamentary_party,s,S,S,parliamentary_party,7.9,4.5,observed,ME/ME0201/ME0201A/Rostningssympati170
2025M05,2025-05-01,2025-05,l,L,L,parliamentary_party,v,V,V,parliamentary_party,0.0,0.0,observed,ME/ME0201/ME0201A/Rostningssympati170
2025M05,2025-05-01,2025-05,l,L,L,parliamentary_party,vet ej,vet ej/uppgift saknas,DONT_KNOW,dont_know,11.5,5.3,observed,ME/ME0201/ME0201A/Rostningssympati170
2025M05,2025-05-01,2025-05,l,L,L,parliamentary_party,övr,övriga,OTHER,other_party,0.0,0.0,observed,ME/ME0201/ME0201A/Rostningssympati170
2025M05,2025-05-01,2025-05,m,M,M,parliamentary_party,SD,SD,SD,parliamentary_party,2.6,1.3,observed,ME/ME0201/ME0201A/Rostningssympati170
2025M05,2025-05-01,2025-05,m,M,M,parliamentary_party,blankt,blankt,BLANK_VOTE,blank_vote,3.1,1.2,observed,ME/ME0201/ME0201A/Rostningssympati170
2025M05,2025-05-01,2025-05,m,M,M,parliamentary_party,c,C,C,parliamentary_party,,,suppressed,ME/ME0201/ME0201A/Rostningssympati170
2025M05,2025-05-01,2025-05,m,M,M,parliamentary_party,kd,KD,KD,parliamentary_party,2.2,1.0,observed,ME/ME0201/ME0201A/Rostningssympati170
2025M05,2025-05-01,2025-05,m,M,M,parliamentary_party,l,L,L,parliamentary_party,0.7,0.5,observed,ME/ME0201/ME0201A/Rostningssympati170
2025M05,2025-05-01,2025-05,m,M,M,parliamentary_party,m,M,M,parliamentary_party,80.6,3.1,observed,ME/ME0201/ME0201A/Rostningssympati170
2025M05,2025-05-01,2025-05,m,M,M,parliamentary_party,mp,MP,MP,parliamentary_party,,,suppressed,ME/ME0201/ME0201A/Rostningssympati170
2025M05,2025-05-01,2025-05,m,M,M,parliamentary_party,s,S,S,parliamentary_party,1.8,0.9,observed,ME/ME0201/ME0201A/Rostningssympati170
2025M05,2025-05-01,2025-05,m,M,M,parliamentary_party,v,V,V,parliamentary_party,0.0,0.0,observed,ME/ME0201/ME0201A/Rostningssympati170
2025M05,2025-05-01,2025-05,m,M,M,parliamentary_party,vet ej,vet ej/uppgift saknas,DONT_KNOW,dont_know,7.4,2.2,observed,ME/ME0201/ME0201A/Rostningssympati170
2025M05,2025-05-01,2025-05,m,M,M,parliamentary_party,övr,övriga,OTHER,other_party,,,suppressed,ME/ME0201/ME0201A/Rostningssympati170
2025M05,2025-05-01,2025-05,mp,MP,MP,parliamentary_party,SD,SD,SD,parliamentary_party,,,suppressed,ME/ME0201/ME0201A/Rostningssympati170
2025M05,2025-05-01,2025-05,mp,MP,MP,parliamentary_party,blankt,blankt,BLANK_VOTE,blank_vote,4.7,3.7,observed,ME/ME0201/ME0201A/Rostningssympati170
2025M05,2025-05-01,2025-05,mp,MP,MP,parliamentary_party,c,C,C,parliamentary_party,,,suppressed,ME/ME0201/ME0201A/Rostningssympati170
2025M05,2025-05-01,2025-05,mp,MP,MP,parliamentary_party,kd,KD,KD,parliamentary_party,0.0,0.0,observed,ME/ME0201/ME0201A/Rostningssympati170
2025M05,2025-05-01,2025-05,mp,MP,MP,parliamentary_party,l,L,L,parliamentary_party,0.0,0.0,observed,ME/ME0201/ME0201A/Rostningssympati170
2025M05,2025-05-01,2025-05,mp,MP,MP,parliamentary_party,m,M,M,parliamentary_party,,,suppressed,ME/ME0201/ME0201A/Rostningssympati170
2025M05,2025-05-01,2025-05,mp,MP,MP,parliamentary_party,mp,MP,MP,parliamentary_party,77.6,5.8,observed,ME/ME0201/ME0201A/Rostningssympati170
2025M05,2025-05-01,2025-05,mp,MP,MP,parliamentary_party,s,S,S,parliamentary_party,6.1,2.8,observed,ME/ME0201/ME0201A/Rostningssympati170
2025M05,2025-05-01,2025-05,mp,MP,MP,parliamentary_party,v,V,V,parliamentary_party,,,suppressed,ME/ME0201/ME0201A/Rostningssympati170
2025M05,2025-05-01,2025-05,mp,MP,MP,parliamentary_party,vet ej,vet ej/uppgift saknas,DONT_KNOW,dont_know,8.7,4.1,observed,ME/ME0201/ME0201A/Rostningssympati170
2025M05,2025-05-01,2025-05,mp,MP,MP,parliamentary_party,övr,övriga,OTHER,other_party,0.0,0.0,observed,ME/ME0201/ME0201A/Rostningssympati170
2025M05,2025-05-01,2025-05,s,S,S,parliamentary_party,SD,SD,SD,parliamentary_party,0.7,0.4,observed,ME/ME0201/ME0201A/Rostningssympati170
2025M05,2025-05-01,2025-05,s,S,S,parliamentary_party,blankt,blankt,BLANK_VOTE,blank_vote,4.1,1.2,observed,ME/ME0201/ME0201A/Rostningssympati170
2025M05,2025-05-01,2025-05,s,S,S,parliamentary_party,c,C,C,parliamentary_party,0.7,0.4,observed,ME/ME0201/ME0201A/Rostningssympati170
2025M05,2025-05-01,2025-05,s,S,S,parliamentary_party,kd,KD,KD,parliamentary_party,,,suppressed,ME/ME0201/ME0201A/Rostningssympati170
2025M05,2025-05-01,2025-05,s,S,S,parliamentary_party,l,L,L,parliamentary_party,0.3,0.3,observed,ME/ME0201/ME0201A/Rostningssympati170
2025M05,2025-05-01,2025-05,s,S,S,parliamentary_party,m,M,M,parliamentary_party,1.0,0.5,observed,ME/ME0201/ME0201A/Rostningssympati170
2025M05,2025-05-01,2025-05,s,S,S,parliamentary_party,mp,MP,MP,parliamentary_party,1.0,0.5,observed,ME/ME0201/ME0201A/Rostningssympati170
2025M05,2025-05-01,2025-05,s,S,S,parliamentary_party,s,S,S,parliamentary_party,85.0,2.2,observed,ME/ME0201/ME0201A/Rostningssympati170
2025M05,2025-05-01,2025-05,s,S,S,parliamentary_party,v,V,V,parliamentary_party,0.6,0.4,observed,ME/ME0201/ME0201A/Rostningssympati170
2025M05,2025-05-01,2025-05,s,S,S,parliamentary_party,vet ej,vet ej/uppgift saknas,DONT_KNOW,dont_know,6.5,1.7,observed,ME/ME0201/ME0201A/Rostningssympati170
2025M05,2025-05-01,2025-05,s,S,S,parliamentary_party,övr,övriga,OTHER,other_party,,,suppressed,ME/ME0201/ME0201A/Rostningssympati170
2025M05,2025-05-01,2025-05,v,V,V,parliamentary_party,SD,SD,SD,parliamentary_party,0.0,0.0,observed,ME/ME0201/ME0201A/Rostningssympati170
2025M05,2025-05-01,2025-05,v,V,V,parliamentary_party,blankt,blankt,BLANK_VOTE,blank_vote,2.4,1.7,observed,ME/ME0201/ME0201A/Rostningssympati170
2025M05,2025-05-01,2025-05,v,V,V,parliamentary_party,c,C,C,parliamentary_party,0.0,0.0,observed,ME/ME0201/ME0201A/Rostningssympati170
2025M05,2025-05-01,2025-05,v,V,V,parliamentary_party,kd,KD,KD,parliamentary_party,0.0,0.0,observed,ME/ME0201/ME0201A/Rostningssympati170
2025M05,2025-05-01,2025-05,v,V,V,parliamentary_party,l,L,L,parliamentary_party,,,suppressed,ME/ME0201/ME0201A/Rostningssympati170
2025M05,2025-05-01,2025-05,v,V,V,parliamentary_party,m,M,M,parliamentary_party,,,suppressed,ME/ME0201/ME0201A/Rostningssympati170
2025M05,2025-05-01,2025-05,v,V,V,parliamentary_party,mp,MP,MP,parliamentary_party,3.0,2.4,observed,ME/ME0201/ME0201A/Rostningssympati170
2025M05,2025-05-01,2025-05,v,V,V,parliamentary_party,s,S,S,parliamentary_party,8.3,3.1,observed,ME/ME0201/ME0201A/Rostningssympati170
2025M05,2025-05-01,2025-05,v,V,V,parliamentary_party,v,V,V,parliamentary_party,79.0,4.8,observed,ME/ME0201/ME0201A/Rostningssympati170
2025M05,2025-05-01,2025-05,v,V,V,parliamentary_party,vet ej,vet ej/uppgift saknas,DONT_KNOW,dont_know,6.1,3.0,observed,ME/ME0201/ME0201A/Rostningssympati170
2025M05,2025-05-01,2025-05,v,V,V,parliamentary_party,övr,övriga,OTHER,other_party,,,suppressed,ME/ME0201/ME0201A/Rostningssympati170
2025M05,2025-05-01,2025-05,övr,övriga,OTHER,other_party,SD,SD,SD,parliamentary_party,7.9,6.7,observed,ME/ME0201/ME0201A/Rostningssympati170
2025M05,2025-05-01,2025-05,övr,övriga,OTHER,other_party,blankt,blankt,BLANK_VOTE,blank_vote,9.0,8.6,observed,ME/ME0201/ME0201A/Rostningssympati170
2025M05,2025-05-01,2025-05,övr,övriga,OTHER,other_party,c,C,C,parliamentary_party,,,suppressed,ME/ME0201/ME0201A/Rostningssympati170
2025M05,2025-05-01,2025-05,övr,övriga,OTHER,other_party,kd,KD,KD,parliamentary_party,0.0,0.0,observed,ME/ME0201/ME0201A/Rostningssympati170
2025M05,2025-05-01,2025-05,övr,övriga,OTHER,other_party,l,L,L,parliamentary_party,0.0,0.0,observed,ME/ME0201/ME0201A/Rostningssympati170
2025M05,2025-05-01,2025-05,övr,övriga,OTHER,other_party,m,M,M,parliamentary_party,0.0,0.0,observed,ME/ME0201/ME0201A/Rostningssympati170
2025M05,2025-05-01,2025-05,övr,övriga,OTHER,other_party,mp,MP,MP,parliamentary_party,,,suppressed,ME/ME0201/ME0201A/Rostningssympati170
2025M05,2025-05-01,2025-05,övr,övriga,OTHER,other_party,s,S,S,parliamentary_party,,,suppressed,ME/ME0201/ME0201A/Rostningssympati170
2025M05,2025-05-01,2025-05,övr,övriga,OTHER,other_party,v,V,V,parliamentary_party,0.0,0.0,observed,ME/ME0201/ME0201A/Rostningssympati170
2025M05,2025-05-01,2025-05,övr,övriga,OTHER,other_party,vet ej,vet ej/uppgift saknas,DONT_KNOW,dont_know,9.2,9.1,observed,ME/ME0201/ME0201A/Rostningssympati170
2025M05,2025-05-01,2025-05,övr,övriga,OTHER,other_party,övr,övriga,OTHER,other_party,68.4,13.5,observed,ME/ME0201/ME0201A/Rostningssympati170
2026M05,2026-05-01,2026-05,SD,SD,SD,parliamentary_party,SD,SD,SD,parliamentary_party,90.5,2.4,observed,ME/ME0201/ME0201A/Rostningssympati170
2026M05,2026-05-01,2026-05,SD,SD,SD,parliamentary_party,blankt,blankt,BLANK_VOTE,blank_vote,2.7,1.4,observed,ME/ME0201/ME0201A/Rostningssympati170
2026M05,2026-05-01,2026-05,SD,SD,SD,parliamentary_party,c,C,C,parliamentary_party,0.0,0.0,observed,ME/ME0201/ME0201A/Rostningssympati170
2026M05,2026-05-01,2026-05,SD,SD,SD,parliamentary_party,kd,KD,KD,parliamentary_party,1.0,0.8,observed,ME/ME0201/ME0201A/Rostningssympati170
2026M05,2026-05-01,2026-05,SD,SD,SD,parliamentary_party,l,L,L,parliamentary_party,1.2,0.9,observed,ME/ME0201/ME0201A/Rostningssympati170
2026M05,2026-05-01,2026-05,SD,SD,SD,parliamentary_party,m,M,M,parliamentary_party,0.9,0.9,observed,ME/ME0201/ME0201A/Rostningssympati170
2026M05,2026-05-01,2026-05,SD,SD,SD,parliamentary_party,mp,MP,MP,parliamentary_party,0.0,0.0,observed,ME/ME0201/ME0201A/Rostningssympati170
2026M05,2026-05-01,2026-05,SD,SD,SD,parliamentary_party,s,S,S,parliamentary_party,,,suppressed,ME/ME0201/ME0201A/Rostningssympati170
2026M05,2026-05-01,2026-05,SD,SD,SD,parliamentary_party,v,V,V,parliamentary_party,0.0,0.0,observed,ME/ME0201/ME0201A/Rostningssympati170
2026M05,2026-05-01,2026-05,SD,SD,SD,parliamentary_party,vet ej,vet ej/uppgift saknas,DONT_KNOW,dont_know,2.6,1.3,observed,ME/ME0201/ME0201A/Rostningssympati170
2026M05,2026-05-01,2026-05,SD,SD,SD,parliamentary_party,övr,övriga,OTHER,other_party,0.8,0.7,observed,ME/ME0201/ME0201A/Rostningssympati170
2026M05,2026-05-01,2026-05,c,C,C,parliamentary_party,SD,SD,SD,parliamentary_party,0.0,0.0,observed,ME/ME0201/ME0201A/Rostningssympati170
2026M05,2026-05-01,2026-05,c,C,C,parliamentary_party,blankt,blankt,BLANK_VOTE,blank_vote,5.3,3.1,observed,ME/ME0201/ME0201A/Rostningssympati170
2026M05,2026-05-01,2026-05,c,C,C,parliamentary_party,c,C,C,parliamentary_party,77.1,5.5,observed,ME/ME0201/ME0201A/Rostningssympati170
2026M05,2026-05-01,2026-05,c,C,C,parliamentary_party,kd,KD,KD,parliamentary_party,,,suppressed,ME/ME0201/ME0201A/Rostningssympati170
2026M05,2026-05-01,2026-05,c,C,C,parliamentary_party,l,L,L,parliamentary_party,0.0,0.0,observed,ME/ME0201/ME0201A/Rostningssympati170
2026M05,2026-05-01,2026-05,c,C,C,parliamentary_party,m,M,M,parliamentary_party,2.0,1.8,observed,ME/ME0201/ME0201A/Rostningssympati170
2026M05,2026-05-01,2026-05,c,C,C,parliamentary_party,mp,MP,MP,parliamentary_party,,,suppressed,ME/ME0201/ME0201A/Rostningssympati170
2026M05,2026-05-01,2026-05,c,C,C,parliamentary_party,s,S,S,parliamentary_party,8.9,3.9,observed,ME/ME0201/ME0201A/Rostningssympati170
2026M05,2026-05-01,2026-05,c,C,C,parliamentary_party,v,V,V,parliamentary_party,,,suppressed,ME/ME0201/ME0201A/Rostningssympati170
2026M05,2026-05-01,2026-05,c,C,C,parliamentary_party,vet ej,vet ej/uppgift saknas,DONT_KNOW,dont_know,4.4,2.5,observed,ME/ME0201/ME0201A/Rostningssympati170
2026M05,2026-05-01,2026-05,c,C,C,parliamentary_party,övr,övriga,OTHER,other_party,,,suppressed,ME/ME0201/ME0201A/Rostningssympati170
2026M05,2026-05-01,2026-05,hela väljarkåren,hela väljarkåren,TOTAL_ELECTORATE,total_electorate,SD,SD,SD,parliamentary_party,15.5,0.9,observed,ME/ME0201/ME0201A/Rostningssympati170
2026M05,2026-05-01,2026-05,hela väljarkåren,hela väljarkåren,TOTAL_ELECTORATE,total_electorate,blankt,blankt,BLANK_VOTE,blank_vote,7.7,1.0,observed,ME/ME0201/ME0201A/Rostningssympati170
2026M05,2026-05-01,2026-05,hela väljarkåren,hela väljarkåren,TOTAL_ELECTORATE,total_electorate,c,C,C,parliamentary_party,4.8,0.5,observed,ME/ME0201/ME0201A/Rostningssympati170
2026M05,2026-05-01,2026-05,hela väljarkåren,hela väljarkåren,TOTAL_ELECTORATE,total_electorate,kd,KD,KD,parliamentary_party,3.4,0.5,observed,ME/ME0201/ME0201A/Rostningssympati170
2026M05,2026-05-01,2026-05,hela väljarkåren,hela väljarkåren,TOTAL_ELECTORATE,total_electorate,l,L,L,parliamentary_party,1.9,0.4,observed,ME/ME0201/ME0201A/Rostningssympati170
2026M05,2026-05-01,2026-05,hela väljarkåren,hela väljarkåren,TOTAL_ELECTORATE,total_electorate,m,M,M,parliamentary_party,13.6,0.8,observed,ME/ME0201/ME0201A/Rostningssympati170
2026M05,2026-05-01,2026-05,hela väljarkåren,hela väljarkåren,TOTAL_ELECTORATE,total_electorate,mp,MP,MP,parliamentary_party,5.3,0.6,observed,ME/ME0201/ME0201A/Rostningssympati170
2026M05,2026-05-01,2026-05,hela väljarkåren,hela väljarkåren,TOTAL_ELECTORATE,total_electorate,s,S,S,parliamentary_party,26.8,1.2,observed,ME/ME0201/ME0201A/Rostningssympati170
2026M05,2026-05-01,2026-05,hela väljarkåren,hela väljarkåren,TOTAL_ELECTORATE,total_electorate,v,V,V,parliamentary_party,6.5,0.7,observed,ME/ME0201/ME0201A/Rostningssympati170
2026M05,2026-05-01,2026-05,hela väljarkåren,hela väljarkåren,TOTAL_ELECTORATE,total_electorate,vet ej,vet ej/uppgift saknas,DONT_KNOW,dont_know,12.7,1.2,observed,ME/ME0201/ME0201A/Rostningssympati170
2026M05,2026-05-01,2026-05,hela väljarkåren,hela väljarkåren,TOTAL_ELECTORATE,total_electorate,övr,övriga,OTHER,other_party,1.8,0.4,observed,ME/ME0201/ME0201A/Rostningssympati170
2026M05,2026-05-01,2026-05,ingen sympati/vet ej,ingen sympati/vet ej,NO_SYMPATHY_OR_DONT_KNOW,no_sympathy,SD,SD,SD,parliamentary_party,2.6,1.6,observed,ME/ME0201/ME0201A/Rostningssympati170
2026M05,2026-05-01,2026-05,ingen sympati/vet ej,ingen sympati/vet ej,NO_SYMPATHY_OR_DONT_KNOW,no_sympathy,blankt,blankt,BLANK_VOTE,blank_vote,23.2,4.2,observed,ME/ME0201/ME0201A/Rostningssympati170
2026M05,2026-05-01,2026-05,ingen sympati/vet ej,ingen sympati/vet ej,NO_SYMPATHY_OR_DONT_KNOW,no_sympathy,c,C,C,parliamentary_party,,,suppressed,ME/ME0201/ME0201A/Rostningssympati170
2026M05,2026-05-01,2026-05,ingen sympati/vet ej,ingen sympati/vet ej,NO_SYMPATHY_OR_DONT_KNOW,no_sympathy,kd,KD,KD,parliamentary_party,,,suppressed,ME/ME0201/ME0201A/Rostningssympati170
2026M05,2026-05-01,2026-05,ingen sympati/vet ej,ingen sympati/vet ej,NO_SYMPATHY_OR_DONT_KNOW,no_sympathy,l,L,L,parliamentary_party,0.9,0.7,observed,ME/ME0201/ME0201A/Rostningssympati170
2026M05,2026-05-01,2026-05,ingen sympati/vet ej,ingen sympati/vet ej,NO_SYMPATHY_OR_DONT_KNOW,no_sympathy,m,M,M,parliamentary_party,3.7,1.8,observed,ME/ME0201/ME0201A/Rostningssympati170
2026M05,2026-05-01,2026-05,ingen sympati/vet ej,ingen sympati/vet ej,NO_SYMPATHY_OR_DONT_KNOW,no_sympathy,mp,MP,MP,parliamentary_party,1.4,1.2,observed,ME/ME0201/ME0201A/Rostningssympati170
2026M05,2026-05-01,2026-05,ingen sympati/vet ej,ingen sympati/vet ej,NO_SYMPATHY_OR_DONT_KNOW,no_sympathy,s,S,S,parliamentary_party,6.0,2.1,observed,ME/ME0201/ME0201A/Rostningssympati170
2026M05,2026-05-01,2026-05,ingen sympati/vet ej,ingen sympati/vet ej,NO_SYMPATHY_OR_DONT_KNOW,no_sympathy,v,V,V,parliamentary_party,1.2,1.1,observed,ME/ME0201/ME0201A/Rostningssympati170
2026M05,2026-05-01,2026-05,ingen sympati/vet ej,ingen sympati/vet ej,NO_SYMPATHY_OR_DONT_KNOW,no_sympathy,vet ej,vet ej/uppgift saknas,DONT_KNOW,dont_know,58.5,4.9,observed,ME/ME0201/ME0201A/Rostningssympati170
2026M05,2026-05-01,2026-05,ingen sympati/vet ej,ingen sympati/vet ej,NO_SYMPATHY_OR_DONT_KNOW,no_sympathy,övr,övriga,OTHER,other_party,1.3,0.9,observed,ME/ME0201/ME0201A/Rostningssympati170
2026M05,2026-05-01,2026-05,kd,KD,KD,parliamentary_party,SD,SD,SD,parliamentary_party,,,suppressed,ME/ME0201/ME0201A/Rostningssympati170
2026M05,2026-05-01,2026-05,kd,KD,KD,parliamentary_party,blankt,blankt,BLANK_VOTE,blank_vote,7.9,5.2,observed,ME/ME0201/ME0201A/Rostningssympati170
2026M05,2026-05-01,2026-05,kd,KD,KD,parliamentary_party,c,C,C,parliamentary_party,,,suppressed,ME/ME0201/ME0201A/Rostningssympati170
2026M05,2026-05-01,2026-05,kd,KD,KD,parliamentary_party,kd,KD,KD,parliamentary_party,79.5,7.0,observed,ME/ME0201/ME0201A/Rostningssympati170
2026M05,2026-05-01,2026-05,kd,KD,KD,parliamentary_party,l,L,L,parliamentary_party,,,suppressed,ME/ME0201/ME0201A/Rostningssympati170
2026M05,2026-05-01,2026-05,kd,KD,KD,parliamentary_party,m,M,M,parliamentary_party,,,suppressed,ME/ME0201/ME0201A/Rostningssympati170
2026M05,2026-05-01,2026-05,kd,KD,KD,parliamentary_party,mp,MP,MP,parliamentary_party,0.0,0.0,observed,ME/ME0201/ME0201A/Rostningssympati170
2026M05,2026-05-01,2026-05,kd,KD,KD,parliamentary_party,s,S,S,parliamentary_party,0.0,0.0,observed,ME/ME0201/ME0201A/Rostningssympati170
2026M05,2026-05-01,2026-05,kd,KD,KD,parliamentary_party,v,V,V,parliamentary_party,0.0,0.0,observed,ME/ME0201/ME0201A/Rostningssympati170
2026M05,2026-05-01,2026-05,kd,KD,KD,parliamentary_party,vet ej,vet ej/uppgift saknas,DONT_KNOW,dont_know,5.2,3.6,observed,ME/ME0201/ME0201A/Rostningssympati170
2026M05,2026-05-01,2026-05,kd,KD,KD,parliamentary_party,övr,övriga,OTHER,other_party,,,suppressed,ME/ME0201/ME0201A/Rostningssympati170
2026M05,2026-05-01,2026-05,l,L,L,parliamentary_party,SD,SD,SD,parliamentary_party,,,suppressed,ME/ME0201/ME0201A/Rostningssympati170
2026M05,2026-05-01,2026-05,l,L,L,parliamentary_party,blankt,blankt,BLANK_VOTE,blank_vote,4.9,3.9,observed,ME/ME0201/ME0201A/Rostningssympati170
2026M05,2026-05-01,2026-05,l,L,L,parliamentary_party,c,C,C,parliamentary_party,5.2,3.9,observed,ME/ME0201/ME0201A/Rostningssympati170
2026M05,2026-05-01,2026-05,l,L,L,parliamentary_party,kd,KD,KD,parliamentary_party,,,suppressed,ME/ME0201/ME0201A/Rostningssympati170
2026M05,2026-05-01,2026-05,l,L,L,parliamentary_party,l,L,L,parliamentary_party,68.8,9.0,observed,ME/ME0201/ME0201A/Rostningssympati170
2026M05,2026-05-01,2026-05,l,L,L,parliamentary_party,m,M,M,parliamentary_party,8.5,5.5,observed,ME/ME0201/ME0201A/Rostningssympati170
2026M05,2026-05-01,2026-05,l,L,L,parliamentary_party,mp,MP,MP,parliamentary_party,0.0,0.0,observed,ME/ME0201/ME0201A/Rostningssympati170
2026M05,2026-05-01,2026-05,l,L,L,parliamentary_party,s,S,S,parliamentary_party,5.5,4.1,observed,ME/ME0201/ME0201A/Rostningssympati170
2026M05,2026-05-01,2026-05,l,L,L,parliamentary_party,v,V,V,parliamentary_party,0.0,0.0,observed,ME/ME0201/ME0201A/Rostningssympati170
2026M05,2026-05-01,2026-05,l,L,L,parliamentary_party,vet ej,vet ej/uppgift saknas,DONT_KNOW,dont_know,4.9,3.9,observed,ME/ME0201/ME0201A/Rostningssympati170
2026M05,2026-05-01,2026-05,l,L,L,parliamentary_party,övr,övriga,OTHER,other_party,0.0,0.0,observed,ME/ME0201/ME0201A/Rostningssympati170
2026M05,2026-05-01,2026-05,m,M,M,parliamentary_party,SD,SD,SD,parliamentary_party,3.5,1.4,observed,ME/ME0201/ME0201A/Rostningssympati170
2026M05,2026-05-01,2026-05,m,M,M,parliamentary_party,blankt,blankt,BLANK_VOTE,blank_vote,5.3,2.0,observed,ME/ME0201/ME0201A/Rostningssympati170
2026M05,2026-05-01,2026-05,m,M,M,parliamentary_party,c,C,C,parliamentary_party,1.1,0.7,observed,ME/ME0201/ME0201A/Rostningssympati170
2026M05,2026-05-01,2026-05,m,M,M,parliamentary_party,kd,KD,KD,parliamentary_party,1.5,0.8,observed,ME/ME0201/ME0201A/Rostningssympati170
2026M05,2026-05-01,2026-05,m,M,M,parliamentary_party,l,L,L,parliamentary_party,1.0,0.7,observed,ME/ME0201/ME0201A/Rostningssympati170
2026M05,2026-05-01,2026-05,m,M,M,parliamentary_party,m,M,M,parliamentary_party,79.1,3.2,observed,ME/ME0201/ME0201A/Rostningssympati170
2026M05,2026-05-01,2026-05,m,M,M,parliamentary_party,mp,MP,MP,parliamentary_party,,,suppressed,ME/ME0201/ME0201A/Rostningssympati170
2026M05,2026-05-01,2026-05,m,M,M,parliamentary_party,s,S,S,parliamentary_party,1.1,0.7,observed,ME/ME0201/ME0201A/Rostningssympati170
2026M05,2026-05-01,2026-05,m,M,M,parliamentary_party,v,V,V,parliamentary_party,,,suppressed,ME/ME0201/ME0201A/Rostningssympati170
2026M05,2026-05-01,2026-05,m,M,M,parliamentary_party,vet ej,vet ej/uppgift saknas,DONT_KNOW,dont_know,6.3,1.9,observed,ME/ME0201/ME0201A/Rostningssympati170
2026M05,2026-05-01,2026-05,m,M,M,parliamentary_party,övr,övriga,OTHER,other_party,,,suppressed,ME/ME0201/ME0201A/Rostningssympati170
2026M05,2026-05-01,2026-05,mp,MP,MP,parliamentary_party,SD,SD,SD,parliamentary_party,,,suppressed,ME/ME0201/ME0201A/Rostningssympati170
2026M05,2026-05-01,2026-05,mp,MP,MP,parliamentary_party,blankt,blankt,BLANK_VOTE,blank_vote,2.3,1.8,observed,ME/ME0201/ME0201A/Rostningssympati170
2026M05,2026-05-01,2026-05,mp,MP,MP,parliamentary_party,c,C,C,parliamentary_party,,,suppressed,ME/ME0201/ME0201A/Rostningssympati170
2026M05,2026-05-01,2026-05,mp,MP,MP,parliamentary_party,kd,KD,KD,parliamentary_party,0.0,0.0,observed,ME/ME0201/ME0201A/Rostningssympati170
2026M05,2026-05-01,2026-05,mp,MP,MP,parliamentary_party,l,L,L,parliamentary_party,0.0,0.0,observed,ME/ME0201/ME0201A/Rostningssympati170
2026M05,2026-05-01,2026-05,mp,MP,MP,parliamentary_party,m,M,M,parliamentary_party,0.0,0.0,observed,ME/ME0201/ME0201A/Rostningssympati170
2026M05,2026-05-01,2026-05,mp,MP,MP,parliamentary_party,mp,MP,MP,parliamentary_party,81.4,4.8,observed,ME/ME0201/ME0201A/Rostningssympati170
2026M05,2026-05-01,2026-05,mp,MP,MP,parliamentary_party,s,S,S,parliamentary_party,6.7,3.0,observed,ME/ME0201/ME0201A/Rostningssympati170
2026M05,2026-05-01,2026-05,mp,MP,MP,parliamentary_party,v,V,V,parliamentary_party,3.3,2.6,observed,ME/ME0201/ME0201A/Rostningssympati170
2026M05,2026-05-01,2026-05,mp,MP,MP,parliamentary_party,vet ej,vet ej/uppgift saknas,DONT_KNOW,dont_know,5.0,2.6,observed,ME/ME0201/ME0201A/Rostningssympati170
2026M05,2026-05-01,2026-05,mp,MP,MP,parliamentary_party,övr,övriga,OTHER,other_party,,,suppressed,ME/ME0201/ME0201A/Rostningssympati170
2026M05,2026-05-01,2026-05,s,S,S,parliamentary_party,SD,SD,SD,parliamentary_party,0.7,0.6,observed,ME/ME0201/ME0201A/Rostningssympati170
2026M05,2026-05-01,2026-05,s,S,S,parliamentary_party,blankt,blankt,BLANK_VOTE,blank_vote,5.5,1.5,observed,ME/ME0201/ME0201A/Rostningssympati170
2026M05,2026-05-01,2026-05,s,S,S,parliamentary_party,c,C,C,parliamentary_party,0.5,0.4,observed,ME/ME0201/ME0201A/Rostningssympati170
2026M05,2026-05-01,2026-05,s,S,S,parliamentary_party,kd,KD,KD,parliamentary_party,,,suppressed,ME/ME0201/ME0201A/Rostningssympati170
2026M05,2026-05-01,2026-05,s,S,S,parliamentary_party,l,L,L,parliamentary_party,,,suppressed,ME/ME0201/ME0201A/Rostningssympati170
2026M05,2026-05-01,2026-05,s,S,S,parliamentary_party,m,M,M,parliamentary_party,1.0,0.6,observed,ME/ME0201/ME0201A/Rostningssympati170
2026M05,2026-05-01,2026-05,s,S,S,parliamentary_party,mp,MP,MP,parliamentary_party,1.1,0.6,observed,ME/ME0201/ME0201A/Rostningssympati170
2026M05,2026-05-01,2026-05,s,S,S,parliamentary_party,s,S,S,parliamentary_party,85.2,2.2,observed,ME/ME0201/ME0201A/Rostningssympati170
2026M05,2026-05-01,2026-05,s,S,S,parliamentary_party,v,V,V,parliamentary_party,0.6,0.4,observed,ME/ME0201/ME0201A/Rostningssympati170
2026M05,2026-05-01,2026-05,s,S,S,parliamentary_party,vet ej,vet ej/uppgift saknas,DONT_KNOW,dont_know,5.1,1.3,observed,ME/ME0201/ME0201A/Rostningssympati170
2026M05,2026-05-01,2026-05,s,S,S,parliamentary_party,övr,övriga,OTHER,other_party,,,suppressed,ME/ME0201/ME0201A/Rostningssympati170
2026M05,2026-05-01,2026-05,v,V,V,parliamentary_party,SD,SD,SD,parliamentary_party,,,suppressed,ME/ME0201/ME0201A/Rostningssympati170
2026M05,2026-05-01,2026-05,v,V,V,parliamentary_party,blankt,blankt,BLANK_VOTE,blank_vote,6.8,3.3,observed,ME/ME0201/ME0201A/Rostningssympati170
2026M05,2026-05-01,2026-05,v,V,V,parliamentary_party,c,C,C,parliamentary_party,,,suppressed,ME/ME0201/ME0201A/Rostningssympati170
2026M05,2026-05-01,2026-05,v,V,V,parliamentary_party,kd,KD,KD,parliamentary_party,0.0,0.0,observed,ME/ME0201/ME0201A/Rostningssympati170
2026M05,2026-05-01,2026-05,v,V,V,parliamentary_party,l,L,L,parliamentary_party,,,suppressed,ME/ME0201/ME0201A/Rostningssympati170
2026M05,2026-05-01,2026-05,v,V,V,parliamentary_party,m,M,M,parliamentary_party,0.0,0.0,observed,ME/ME0201/ME0201A/Rostningssympati170
2026M05,2026-05-01,2026-05,v,V,V,parliamentary_party,mp,MP,MP,parliamentary_party,3.6,2.2,observed,ME/ME0201/ME0201A/Rostningssympati170
2026M05,2026-05-01,2026-05,v,V,V,parliamentary_party,s,S,S,parliamentary_party,4.9,2.3,observed,ME/ME0201/ME0201A/Rostningssympati170
2026M05,2026-05-01,2026-05,v,V,V,parliamentary_party,v,V,V,parliamentary_party,78.5,4.9,observed,ME/ME0201/ME0201A/Rostningssympati170
2026M05,2026-05-01,2026-05,v,V,V,parliamentary_party,vet ej,vet ej/uppgift saknas,DONT_KNOW,dont_know,5.2,2.8,observed,ME/ME0201/ME0201A/Rostningssympati170
2026M05,2026-05-01,2026-05,v,V,V,parliamentary_party,övr,övriga,OTHER,other_party,0.0,0.0,observed,ME/ME0201/ME0201A/Rostningssympati170
2026M05,2026-05-01,2026-05,övr,övriga,OTHER,other_party,SD,SD,SD,parliamentary_party,,,suppressed,ME/ME0201/ME0201A/Rostningssympati170
2026M05,2026-05-01,2026-05,övr,övriga,OTHER,other_party,blankt,blankt,BLANK_VOTE,blank_vote,10.3,9.1,observed,ME/ME0201/ME0201A/Rostningssympati170
2026M05,2026-05-01,2026-05,övr,övriga,OTHER,other_party,c,C,C,parliamentary_party,,,suppressed,ME/ME0201/ME0201A/Rostningssympati170
2026M05,2026-05-01,2026-05,övr,övriga,OTHER,other_party,kd,KD,KD,parliamentary_party,,,suppressed,ME/ME0201/ME0201A/Rostningssympati170
2026M05,2026-05-01,2026-05,övr,övriga,OTHER,other_party,l,L,L,parliamentary_party,0.0,0.0,observed,ME/ME0201/ME0201A/Rostningssympati170
2026M05,2026-05-01,2026-05,övr,övriga,OTHER,other_party,m,M,M,parliamentary_party,,,suppressed,ME/ME0201/ME0201A/Rostningssympati170
2026M05,2026-05-01,2026-05,övr,övriga,OTHER,other_party,mp,MP,MP,parliamentary_party,,,suppressed,ME/ME0201/ME0201A/Rostningssympati170
2026M05,2026-05-01,2026-05,övr,övriga,OTHER,other_party,s,S,S,parliamentary_party,,,suppressed,ME/ME0201/ME0201A/Rostningssympati170
2026M05,2026-05-01,2026-05,övr,övriga,OTHER,other_party,v,V,V,parliamentary_party,,,suppressed,ME/ME0201/ME0201A/Rostningssympati170
2026M05,2026-05-01,2026-05,övr,övriga,OTHER,other_party,vet ej,vet ej/uppgift saknas,DONT_KNOW,dont_know,0.0,0.0,observed,ME/ME0201/ME0201A/Rostningssympati170
2026M05,2026-05-01,2026-05,övr,övriga,OTHER,other_party,övr,övriga,OTHER,other_party,74.4,11.4,observed,ME/ME0201/ME0201A/Rostningssympati170
