date,V_p5,V_p50,V_p95,S_p5,S_p50,S_p95,MP_p5,MP_p50,MP_p95,C_p5,C_p50,C_p95,L_p5,L_p50,L_p95,M_p5,M_p50,M_p95,KD_p5,KD_p50,KD_p95,SD_p5,SD_p50,SD_p95
1994-01-02,0.0341,0.0413,0.049,0.4772,0.5054,0.5326,0.0261,0.0327,0.0403,0.0675,0.0761,0.0853,0.0541,0.0624,0.072,0.1858,0.2049,0.2254,0.0442,0.0533,0.0638,0.002,0.0031,0.0046
1994-01-09,0.0346,0.0414,0.0481,0.4824,0.5051,0.5276,0.0267,0.0326,0.0399,0.0685,0.076,0.084,0.0548,0.0625,0.0708,0.1886,0.2049,0.2224,0.0451,0.0532,0.0625,0.002,0.0031,0.0046
1994-01-16,0.0352,0.0413,0.0472,0.4887,0.5055,0.5215,0.0272,0.0328,0.0388,0.0695,0.0762,0.0837,0.0558,0.0627,0.0701,0.1924,0.2052,0.2179,0.0457,0.0532,0.0609,0.002,0.0031,0.0046
1994-01-23,0.0358,0.0412,0.0472,0.4904,0.5046,0.5184,0.0274,0.0329,0.0383,0.0702,0.0766,0.0834,0.0565,0.063,0.0696,0.1942,0.2056,0.2172,0.0463,0.0526,0.0596,0.002,0.0031,0.0046
1994-01-30,0.0358,0.0413,0.0468,0.4906,0.5037,0.5173,0.0276,0.0327,0.0381,0.0709,0.0776,0.0844,0.0567,0.0632,0.069,0.1958,0.2065,0.2174,0.0455,0.0517,0.0581,0.002,0.003,0.0046
1994-02-06,0.0364,0.0417,0.047,0.4882,0.5019,0.5154,0.0279,0.0327,0.038,0.0718,0.0786,0.085,0.057,0.0634,0.0692,0.1969,0.2079,0.218,0.0452,0.0509,0.0572,0.002,0.003,0.0045
1994-02-13,0.0371,0.0421,0.047,0.4863,0.4996,0.5118,0.0283,0.0329,0.0384,0.0732,0.0792,0.0854,0.0581,0.064,0.0699,0.1986,0.2088,0.2193,0.0447,0.0505,0.0566,0.002,0.003,0.0045
1994-02-20,0.0374,0.0426,0.0478,0.4838,0.4973,0.5104,0.0285,0.0333,0.0385,0.0731,0.0795,0.0858,0.0589,0.0648,0.0707,0.199,0.21,0.2206,0.044,0.0498,0.0565,0.0021,0.003,0.0044
1994-02-27,0.0376,0.0431,0.0488,0.4793,0.4936,0.5083,0.0285,0.0336,0.0389,0.0736,0.0798,0.0866,0.0598,0.0659,0.072,0.1997,0.2111,0.223,0.0429,0.0493,0.056,0.002,0.003,0.0044
1994-03-06,0.0378,0.0435,0.0495,0.4763,0.4914,0.5064,0.0286,0.0337,0.0393,0.0743,0.0802,0.0873,0.0604,0.0668,0.0728,0.2001,0.2127,0.2232,0.0427,0.0486,0.0548,0.0021,0.003,0.0044
1994-03-13,0.0383,0.0437,0.0498,0.4754,0.4906,0.5042,0.0285,0.0339,0.0391,0.074,0.0803,0.0879,0.0616,0.0676,0.0738,0.2019,0.2131,0.2249,0.0421,0.0477,0.0546,0.0021,0.0029,0.0043
1994-03-20,0.0378,0.0439,0.0501,0.4738,0.4897,0.5047,0.0282,0.0335,0.0393,0.0739,0.0807,0.0877,0.0616,0.0682,0.0749,0.2022,0.2139,0.2263,0.0412,0.0468,0.0531,0.002,0.0029,0.0042
1994-03-27,0.0373,0.0435,0.0504,0.4729,0.4904,0.5087,0.0277,0.0334,0.0396,0.0742,0.0807,0.0884,0.0621,0.0686,0.076,0.2019,0.2147,0.2282,0.0402,0.046,0.0529,0.002,0.0029,0.0041
1994-04-03,0.0373,0.0432,0.0497,0.4723,0.4922,0.5102,0.0275,0.033,0.0392,0.0738,0.0807,0.0881,0.0621,0.069,0.0765,0.201,0.2145,0.2291,0.0392,0.0451,0.0528,0.002,0.0029,0.004
1994-04-10,0.0372,0.0425,0.0487,0.4736,0.4932,0.5113,0.0272,0.0325,0.0383,0.0742,0.0808,0.0881,0.0622,0.0694,0.0769,0.2003,0.2139,0.2289,0.0386,0.0444,0.0519,0.002,0.0028,0.004
1994-04-17,0.0368,0.0423,0.0478,0.4782,0.4945,0.5101,0.0271,0.0321,0.0378,0.0745,0.081,0.0877,0.0629,0.0699,0.0768,0.2031,0.2142,0.2272,0.038,0.0437,0.0499,0.002,0.0028,0.0039
1994-04-24,0.0369,0.0421,0.0474,0.4837,0.4968,0.5092,0.027,0.0317,0.0364,0.0744,0.0805,0.0874,0.0635,0.0699,0.0766,0.2041,0.2137,0.2251,0.0376,0.0428,0.0487,0.002,0.0027,0.0039
1994-05-01,0.0379,0.0431,0.0481,0.4807,0.4953,0.5099,0.0272,0.0319,0.0364,0.0738,0.0798,0.0862,0.0636,0.0698,0.0765,0.2039,0.2157,0.2274,0.0376,0.0427,0.0486,0.002,0.0027,0.0038
1994-05-08,0.0397,0.0448,0.0496,0.4775,0.4909,0.5045,0.0275,0.0323,0.0371,0.0734,0.0791,0.0853,0.0636,0.0694,0.0754,0.2075,0.2185,0.23,0.0379,0.0431,0.0487,0.002,0.0027,0.0037
1994-05-15,0.0407,0.0458,0.0508,0.4793,0.4913,0.5039,0.0279,0.0326,0.0372,0.0721,0.0776,0.0831,0.0628,0.0687,0.0741,0.208,0.2183,0.2288,0.0388,0.0437,0.0491,0.002,0.0027,0.0037
1994-05-22,0.0414,0.0463,0.0516,0.4827,0.495,0.508,0.0283,0.0327,0.0377,0.0709,0.0759,0.0819,0.0618,0.0678,0.0734,0.2054,0.2151,0.2259,0.0392,0.0445,0.0502,0.0021,0.0027,0.0037
1994-05-29,0.0405,0.0463,0.0518,0.485,0.5002,0.5157,0.0279,0.0328,0.0379,0.0689,0.0746,0.0806,0.0608,0.0667,0.073,0.2008,0.2126,0.2248,0.0393,0.0448,0.0513,0.002,0.0027,0.0036
1994-06-05,0.0404,0.0465,0.0524,0.4836,0.501,0.5173,0.0275,0.0327,0.0383,0.0674,0.0738,0.0804,0.0593,0.0661,0.0731,0.2,0.2137,0.2268,0.0386,0.0445,0.0515,0.002,0.0027,0.0036
1994-06-12,0.0406,0.0468,0.0529,0.4847,0.5015,0.5185,0.0272,0.0328,0.0387,0.0668,0.0732,0.0796,0.0583,0.0657,0.0728,0.2013,0.2143,0.2279,0.0378,0.0441,0.0513,0.002,0.0026,0.0035
1994-06-19,0.0408,0.0471,0.0537,0.4814,0.5012,0.5202,0.0273,0.0331,0.039,0.0661,0.0731,0.0797,0.0581,0.0656,0.0733,0.1998,0.2142,0.2315,0.0367,0.0439,0.0513,0.002,0.0026,0.0035
1994-06-26,0.041,0.0477,0.0549,0.4773,0.4997,0.5238,0.0276,0.0339,0.0403,0.0659,0.0734,0.0808,0.0583,0.0658,0.0736,0.1963,0.2136,0.2337,0.0362,0.0436,0.0519,0.002,0.0026,0.0034
1994-07-03,0.041,0.0484,0.0564,0.4726,0.4985,0.5243,0.0282,0.0345,0.0413,0.0664,0.0736,0.0815,0.0583,0.0664,0.0742,0.1945,0.2144,0.2345,0.0357,0.0433,0.0519,0.002,0.0026,0.0033
1994-07-10,0.0416,0.0488,0.0568,0.4691,0.496,0.523,0.0286,0.0351,0.0422,0.0662,0.0741,0.0813,0.0583,0.0668,0.0751,0.1947,0.2136,0.2358,0.0352,0.0431,0.0519,0.002,0.0026,0.0033
1994-07-17,0.0425,0.0496,0.0569,0.4681,0.4951,0.5217,0.0292,0.0356,0.0425,0.0667,0.0746,0.0819,0.0589,0.0675,0.0758,0.1938,0.2132,0.2346,0.0355,0.0428,0.0512,0.002,0.0026,0.0032
1994-07-24,0.0431,0.0503,0.0576,0.4652,0.4927,0.5204,0.0297,0.0363,0.0434,0.067,0.075,0.0821,0.0586,0.0681,0.0763,0.1943,0.2133,0.2336,0.0354,0.0424,0.0508,0.0021,0.0025,0.0032
1994-07-31,0.0442,0.0506,0.0585,0.4649,0.4911,0.5184,0.0305,0.0369,0.0436,0.0674,0.0754,0.0825,0.0595,0.0683,0.0765,0.1951,0.2133,0.2331,0.0354,0.0421,0.0499,0.0021,0.0025,0.0031
1994-08-07,0.0447,0.0517,0.0588,0.4639,0.4886,0.5167,0.0313,0.0375,0.0436,0.0683,0.0757,0.0826,0.0602,0.0686,0.0766,0.1948,0.2131,0.2316,0.0351,0.0419,0.0497,0.0021,0.0025,0.0031
1994-08-14,0.0459,0.0525,0.059,0.4656,0.4871,0.5101,0.0322,0.0383,0.0439,0.0689,0.0761,0.0824,0.0614,0.069,0.0766,0.1964,0.2137,0.2301,0.0352,0.0416,0.0489,0.0021,0.0025,0.003
1994-08-21,0.0473,0.0529,0.059,0.4685,0.4855,0.5045,0.0334,0.0386,0.0441,0.0696,0.0762,0.0825,0.0622,0.0697,0.0761,0.1987,0.2131,0.2277,0.0359,0.0414,0.0475,0.0021,0.0025,0.0029
1994-08-28,0.0496,0.0547,0.0605,0.4622,0.4793,0.4965,0.0357,0.041,0.0462,0.0703,0.0764,0.0822,0.0636,0.0699,0.0761,0.2018,0.2152,0.2286,0.036,0.0413,0.0469,0.0022,0.0025,0.0028
1994-09-04,0.0521,0.0572,0.0625,0.4534,0.47,0.4877,0.0389,0.0441,0.0486,0.0714,0.0763,0.0814,0.0653,0.0704,0.0762,0.2056,0.2181,0.2309,0.0369,0.0414,0.0461,0.0022,0.0025,0.0028
1994-09-11,0.0555,0.0595,0.0638,0.4474,0.4607,0.4744,0.0434,0.0474,0.0514,0.0727,0.0764,0.08,0.0667,0.071,0.075,0.211,0.2208,0.231,0.0378,0.0412,0.0449,0.0023,0.0025,0.0027
1994-09-18,0.0616,0.0616,0.0616,0.4525,0.4525,0.4525,0.0502,0.0502,0.0502,0.0765,0.0765,0.0765,0.0719,0.0719,0.0719,0.2238,0.2238,0.2238,0.0407,0.0407,0.0407,0.0025,0.0025,0.0025
1994-09-25,0.0584,0.0628,0.067,0.4364,0.4506,0.4654,0.0478,0.0516,0.0558,0.0727,0.0763,0.0801,0.0664,0.0712,0.0757,0.2141,0.2239,0.2339,0.0375,0.0408,0.0443,0.0023,0.0025,0.0027
1994-10-02,0.0583,0.0639,0.0707,0.4299,0.4485,0.4665,0.0479,0.0529,0.0592,0.0713,0.0759,0.0813,0.0648,0.0704,0.0758,0.2101,0.2244,0.2365,0.0366,0.0408,0.0457,0.0023,0.0025,0.0027
1994-10-09,0.0584,0.0649,0.0725,0.4251,0.4463,0.4684,0.0483,0.0544,0.0615,0.0704,0.0757,0.0815,0.0632,0.0697,0.0758,0.2097,0.2244,0.2386,0.0358,0.0408,0.0464,0.0022,0.0025,0.0028
1994-10-16,0.059,0.0663,0.074,0.4211,0.444,0.4682,0.0493,0.0563,0.0639,0.0697,0.0756,0.0818,0.0621,0.0689,0.0754,0.208,0.2244,0.2402,0.0355,0.0408,0.0466,0.0022,0.0025,0.0028
1994-10-23,0.0596,0.0674,0.0756,0.419,0.4422,0.4656,0.0508,0.058,0.0661,0.0688,0.0752,0.0818,0.0605,0.068,0.0746,0.2084,0.2249,0.2421,0.0354,0.0409,0.0469,0.0022,0.0025,0.0029
1994-10-30,0.0611,0.0688,0.0775,0.4155,0.4397,0.4624,0.0522,0.0598,0.0679,0.0686,0.0749,0.0815,0.06,0.0672,0.0748,0.2085,0.2253,0.2428,0.0354,0.0408,0.0474,0.0021,0.0025,0.0029
1994-11-06,0.0622,0.0699,0.0789,0.4159,0.4378,0.4598,0.0535,0.0616,0.0696,0.0684,0.0745,0.0811,0.0598,0.0664,0.0731,0.2094,0.2251,0.2431,0.0357,0.0407,0.0471,0.0021,0.0025,0.0029
1994-11-13,0.0643,0.071,0.0785,0.4173,0.4353,0.4545,0.0557,0.0631,0.0711,0.0683,0.074,0.0805,0.0591,0.0655,0.0719,0.2128,0.2259,0.2399,0.0357,0.0409,0.0462,0.0021,0.0025,0.003
1994-11-20,0.0663,0.0721,0.078,0.4213,0.4339,0.4463,0.059,0.0649,0.0714,0.0683,0.0737,0.0794,0.0592,0.0647,0.0704,0.2164,0.2258,0.2359,0.0361,0.041,0.0459,0.0021,0.0025,0.003
1994-11-27,0.0679,0.0739,0.0803,0.4178,0.429,0.4405,0.0602,0.0666,0.0728,0.0683,0.0737,0.0791,0.0589,0.0644,0.0696,0.2188,0.228,0.2367,0.0356,0.0405,0.0462,0.002,0.0025,0.003
1994-12-04,0.0687,0.0759,0.0834,0.4084,0.4247,0.4404,0.0598,0.0672,0.0749,0.068,0.0735,0.0794,0.0582,0.064,0.07,0.2188,0.2309,0.2426,0.0346,0.0401,0.0461,0.002,0.0024,0.0031
1994-12-11,0.0683,0.0767,0.0863,0.4041,0.4241,0.4439,0.0581,0.0662,0.0752,0.0672,0.0737,0.0808,0.0578,0.064,0.0706,0.2177,0.2314,0.2465,0.0339,0.0398,0.0461,0.002,0.0024,0.003
1994-12-18,0.0685,0.0775,0.0879,0.4009,0.4227,0.4448,0.0569,0.0655,0.0742,0.0674,0.0738,0.0814,0.0573,0.0639,0.071,0.2175,0.2329,0.2487,0.0331,0.0392,0.046,0.0019,0.0024,0.003
1994-12-25,0.0697,0.0787,0.0885,0.3987,0.4221,0.4446,0.0554,0.0644,0.0747,0.0669,0.0739,0.0813,0.057,0.0638,0.0706,0.2185,0.2344,0.2497,0.0325,0.0388,0.0453,0.0019,0.0024,0.003
1995-01-01,0.0709,0.0796,0.0894,0.3986,0.421,0.4424,0.0551,0.0637,0.0729,0.0672,0.0741,0.0814,0.0563,0.0639,0.0708,0.2192,0.236,0.2517,0.0322,0.0383,0.0448,0.0019,0.0024,0.003
1995-01-08,0.0724,0.0809,0.09,0.3994,0.4196,0.4398,0.0547,0.0628,0.0717,0.0673,0.0742,0.0811,0.0572,0.0638,0.0708,0.223,0.2381,0.2528,0.0324,0.0377,0.0438,0.0019,0.0024,0.003
1995-01-15,0.0747,0.0821,0.0894,0.4025,0.4189,0.4346,0.0552,0.0619,0.0694,0.068,0.0741,0.0809,0.0576,0.0637,0.0702,0.2262,0.2397,0.2512,0.032,0.0374,0.0428,0.0019,0.0023,0.003
1995-01-22,0.0771,0.0844,0.0918,0.4006,0.4135,0.4261,0.0556,0.0619,0.0686,0.068,0.0746,0.0804,0.0586,0.0641,0.0704,0.2311,0.2418,0.2533,0.0317,0.0369,0.042,0.0018,0.0023,0.003
1995-01-29,0.0795,0.0869,0.0945,0.3932,0.4089,0.4232,0.0552,0.0614,0.0684,0.0683,0.0749,0.0812,0.0592,0.0653,0.0715,0.2305,0.2425,0.2555,0.0312,0.037,0.0425,0.0018,0.0023,0.0031
1995-02-05,0.0823,0.0894,0.0973,0.3914,0.4053,0.4197,0.0547,0.0613,0.0687,0.0687,0.0751,0.081,0.0602,0.0667,0.0729,0.2303,0.2424,0.2535,0.0319,0.037,0.043,0.0017,0.0023,0.0031
1995-02-12,0.0846,0.0916,0.0992,0.3883,0.4021,0.4176,0.0545,0.0611,0.0679,0.0687,0.075,0.0807,0.0606,0.0674,0.0738,0.2302,0.2419,0.254,0.0324,0.0377,0.0431,0.0018,0.0023,0.0031
1995-02-19,0.0867,0.0937,0.1022,0.386,0.3996,0.4129,0.0546,0.061,0.0684,0.0685,0.0747,0.0807,0.061,0.0675,0.0739,0.2314,0.2419,0.2525,0.0331,0.0384,0.0441,0.0018,0.0024,0.0031
1995-02-26,0.0872,0.0954,0.1045,0.3827,0.3978,0.4138,0.0539,0.0607,0.0688,0.0684,0.0749,0.0813,0.0613,0.0675,0.0742,0.2299,0.2419,0.2541,0.033,0.0385,0.0445,0.0017,0.0023,0.0031
1995-03-05,0.087,0.0964,0.1061,0.378,0.3968,0.4149,0.0529,0.0603,0.0688,0.0684,0.0752,0.082,0.0605,0.0676,0.0753,0.2286,0.2426,0.2567,0.0326,0.038,0.0444,0.0017,0.0023,0.0031
1995-03-12,0.0879,0.0974,0.1076,0.3772,0.3951,0.4147,0.0522,0.0597,0.0679,0.0687,0.0755,0.0821,0.0608,0.0681,0.0754,0.2296,0.2433,0.2584,0.0319,0.0377,0.0438,0.0017,0.0023,0.0031
1995-03-19,0.0893,0.0987,0.1088,0.3755,0.3932,0.4119,0.052,0.059,0.067,0.0686,0.076,0.0825,0.0611,0.0684,0.0757,0.231,0.2447,0.2586,0.0317,0.0373,0.0431,0.0017,0.0023,0.0032
1995-03-26,0.0915,0.1004,0.1101,0.3713,0.3895,0.4081,0.0515,0.0586,0.0668,0.0692,0.0765,0.0833,0.0615,0.0686,0.076,0.2312,0.2464,0.26,0.0315,0.0372,0.043,0.0017,0.0023,0.0032
1995-04-02,0.0932,0.1024,0.1121,0.3673,0.3851,0.4041,0.0512,0.0585,0.0664,0.0696,0.0769,0.084,0.0622,0.069,0.0766,0.233,0.2481,0.2618,0.0312,0.0371,0.0428,0.0017,0.0023,0.0032
1995-04-09,0.0959,0.1048,0.1144,0.3648,0.3813,0.3967,0.0512,0.058,0.0666,0.0705,0.0773,0.0844,0.0628,0.0696,0.0765,0.2366,0.2492,0.2625,0.0312,0.037,0.043,0.0016,0.0023,0.0032
1995-04-16,0.1002,0.1086,0.1174,0.3597,0.3742,0.3882,0.0517,0.0579,0.0653,0.0715,0.0779,0.0843,0.0633,0.07,0.0762,0.2396,0.2516,0.2647,0.0313,0.0369,0.0426,0.0016,0.0023,0.0033
1995-04-23,0.1055,0.1135,0.1225,0.3527,0.3662,0.379,0.0522,0.0583,0.0647,0.0718,0.078,0.084,0.0634,0.0697,0.0756,0.2424,0.2547,0.2665,0.0316,0.0369,0.0422,0.0016,0.0023,0.0032
1995-04-30,0.1131,0.1218,0.1307,0.3424,0.3551,0.3697,0.0527,0.0592,0.0658,0.0729,0.0786,0.0849,0.0633,0.0694,0.0756,0.2447,0.2558,0.2669,0.0317,0.037,0.0425,0.0016,0.0023,0.0033
1995-05-07,0.1232,0.132,0.142,0.3276,0.3422,0.3559,0.054,0.0601,0.0665,0.0739,0.0797,0.0853,0.0635,0.0694,0.0754,0.2456,0.2561,0.2669,0.0325,0.0376,0.0428,0.0015,0.0023,0.0034
1995-05-14,0.1317,0.1387,0.1466,0.3252,0.3357,0.3462,0.0559,0.0614,0.0668,0.0754,0.0805,0.0861,0.0632,0.0689,0.0741,0.2445,0.2538,0.2627,0.0335,0.0381,0.0432,0.0015,0.0023,0.0034
1995-05-21,0.1326,0.1404,0.1486,0.3248,0.3363,0.3475,0.0562,0.0617,0.0675,0.0754,0.0808,0.0863,0.0635,0.0686,0.0738,0.2421,0.2511,0.2604,0.0334,0.0385,0.043,0.0015,0.0023,0.0035
1995-05-28,0.1318,0.1412,0.1503,0.3224,0.3365,0.3516,0.0556,0.0618,0.0687,0.0751,0.0808,0.0869,0.0626,0.0685,0.0744,0.2375,0.2495,0.2618,0.0331,0.0385,0.0436,0.0015,0.0022,0.0035
1995-06-04,0.1344,0.1435,0.1531,0.3204,0.3343,0.3494,0.0561,0.0619,0.0684,0.0748,0.0811,0.0874,0.062,0.0683,0.0744,0.2381,0.25,0.2622,0.0328,0.0381,0.0436,0.0014,0.0022,0.0035
1995-06-11,0.1342,0.1434,0.1526,0.3239,0.3362,0.3488,0.0565,0.0625,0.0691,0.075,0.0811,0.0873,0.0618,0.0679,0.0739,0.2368,0.2476,0.2583,0.033,0.0381,0.0433,0.0014,0.0022,0.0035
1995-06-18,0.1333,0.1433,0.1536,0.3222,0.337,0.352,0.0564,0.0633,0.0708,0.0744,0.0809,0.0879,0.0607,0.0672,0.0733,0.2359,0.2468,0.2595,0.0323,0.038,0.0441,0.0014,0.0022,0.0036
1995-06-25,0.1294,0.1423,0.1554,0.3191,0.3386,0.3591,0.0568,0.0644,0.0728,0.0733,0.0804,0.0888,0.0592,0.0665,0.0735,0.2329,0.2466,0.2616,0.0317,0.0382,0.0444,0.0014,0.0022,0.0035
1995-07-02,0.1259,0.1402,0.1551,0.3193,0.3417,0.3653,0.0572,0.0658,0.0753,0.073,0.0803,0.0893,0.0579,0.0656,0.0731,0.2277,0.2449,0.2615,0.0314,0.0379,0.0449,0.0014,0.0022,0.0035
1995-07-09,0.1224,0.1381,0.1537,0.3191,0.3447,0.3699,0.0575,0.0669,0.0774,0.0723,0.0801,0.0893,0.0566,0.0646,0.0728,0.2241,0.2435,0.2615,0.0315,0.0381,0.0456,0.0014,0.0022,0.0035
1995-07-16,0.1194,0.136,0.1526,0.3215,0.3481,0.3746,0.0579,0.0686,0.0792,0.0717,0.0799,0.089,0.0549,0.0636,0.0729,0.2234,0.2417,0.2602,0.0317,0.0382,0.0459,0.0014,0.0022,0.0036
1995-07-23,0.1175,0.1341,0.1509,0.3243,0.3511,0.3779,0.0585,0.0699,0.0815,0.0717,0.0796,0.0893,0.0539,0.0627,0.0716,0.2214,0.2398,0.2594,0.0319,0.0384,0.0462,0.0014,0.0023,0.0036
1995-07-30,0.1158,0.1323,0.1485,0.3278,0.3542,0.3812,0.0605,0.0711,0.0829,0.0716,0.0794,0.0886,0.0534,0.0618,0.0702,0.2201,0.2388,0.2572,0.0319,0.0384,0.0463,0.0014,0.0023,0.0036
1995-08-06,0.1146,0.1299,0.1452,0.3342,0.3569,0.3832,0.0621,0.0728,0.0839,0.0714,0.079,0.0888,0.0523,0.061,0.069,0.2194,0.2374,0.2552,0.032,0.0385,0.0461,0.0015,0.0023,0.0036
1995-08-13,0.1125,0.1277,0.1415,0.3398,0.3604,0.3838,0.0641,0.0739,0.0854,0.0718,0.0788,0.0884,0.0516,0.06,0.0686,0.2186,0.2356,0.2528,0.0317,0.0385,0.0457,0.0015,0.0023,0.0036
1995-08-20,0.1139,0.1258,0.1377,0.3461,0.364,0.384,0.0662,0.0755,0.0852,0.0711,0.0788,0.0879,0.0516,0.0589,0.0668,0.2187,0.2341,0.2496,0.0318,0.0386,0.0456,0.0015,0.0023,0.0036
1995-08-27,0.115,0.1269,0.1382,0.342,0.3611,0.3812,0.0688,0.0781,0.0882,0.0705,0.0779,0.0871,0.0506,0.0576,0.0652,0.2212,0.2358,0.252,0.0318,0.0384,0.0455,0.0015,0.0023,0.0036
1995-09-03,0.1172,0.1292,0.1419,0.3344,0.3529,0.3723,0.0724,0.0824,0.0927,0.0692,0.0764,0.0855,0.0493,0.0564,0.0635,0.2248,0.24,0.2563,0.0317,0.0382,0.045,0.0014,0.0023,0.0036
1995-09-10,0.1201,0.1319,0.1438,0.328,0.346,0.3643,0.0763,0.086,0.0964,0.0677,0.0751,0.0838,0.0482,0.055,0.0618,0.2296,0.2441,0.2593,0.0316,0.0379,0.0448,0.0014,0.0023,0.0037
1995-09-17,0.1194,0.1331,0.1453,0.3214,0.341,0.3586,0.0803,0.0904,0.1019,0.0667,0.0738,0.0825,0.0472,0.0539,0.0603,0.2319,0.2468,0.2617,0.0314,0.0376,0.0445,0.0014,0.0023,0.0038
1995-09-24,0.1186,0.1329,0.1459,0.3155,0.337,0.3585,0.0838,0.0951,0.1079,0.0656,0.0726,0.0808,0.0462,0.0529,0.0596,0.2313,0.2474,0.2653,0.0315,0.0378,0.0449,0.0014,0.0023,0.0038
1995-10-01,0.1182,0.132,0.1463,0.3111,0.334,0.3566,0.0881,0.0998,0.1133,0.0642,0.0714,0.079,0.0451,0.0518,0.0587,0.2322,0.2482,0.2667,0.0312,0.0379,0.0445,0.0015,0.0023,0.0038
1995-10-08,0.1178,0.1318,0.1461,0.3077,0.3297,0.3521,0.0928,0.1047,0.1175,0.0634,0.0701,0.078,0.0443,0.0512,0.0578,0.233,0.2501,0.2663,0.0313,0.0377,0.0448,0.0014,0.0023,0.0038
1995-10-15,0.118,0.1309,0.1443,0.3058,0.3262,0.3471,0.0979,0.1095,0.1225,0.0627,0.0691,0.0766,0.0443,0.0503,0.0568,0.2357,0.2511,0.2666,0.0314,0.0376,0.0443,0.0014,0.0023,0.0039
1995-10-22,0.1201,0.1308,0.143,0.3059,0.3222,0.3396,0.1043,0.1152,0.1264,0.0619,0.0683,0.0746,0.0436,0.0497,0.0556,0.2394,0.2514,0.2647,0.0312,0.0375,0.044,0.0014,0.0023,0.0039
1995-10-29,0.1203,0.1294,0.1401,0.3063,0.3204,0.3365,0.1088,0.1185,0.129,0.0615,0.0674,0.0735,0.0435,0.0492,0.055,0.2397,0.2532,0.2644,0.031,0.037,0.0433,0.0014,0.0023,0.0039
1995-11-05,0.1192,0.1276,0.1362,0.3066,0.3205,0.3335,0.1132,0.1211,0.13,0.0616,0.067,0.0723,0.0438,0.0492,0.0544,0.243,0.254,0.2655,0.0305,0.0361,0.0421,0.0014,0.0023,0.004
1995-11-12,0.121,0.1283,0.1368,0.3036,0.316,0.3288,0.1142,0.122,0.1296,0.0612,0.0665,0.0715,0.044,0.0491,0.0543,0.2483,0.2581,0.2684,0.03,0.0351,0.0404,0.0014,0.0023,0.004
1995-11-19,0.1231,0.1311,0.1389,0.2953,0.3079,0.3207,0.1129,0.1209,0.129,0.0609,0.0659,0.0709,0.0439,0.0492,0.0542,0.2561,0.2664,0.2773,0.0288,0.034,0.0398,0.0014,0.0023,0.004
1995-11-26,0.1241,0.1341,0.1437,0.2874,0.3022,0.3173,0.1073,0.116,0.1258,0.0601,0.0658,0.0713,0.044,0.0496,0.0553,0.2628,0.2748,0.2871,0.0279,0.0331,0.0388,0.0013,0.0022,0.004
1995-12-03,0.1247,0.1345,0.1447,0.2869,0.3012,0.3162,0.1002,0.1093,0.1183,0.0597,0.0659,0.0718,0.0443,0.0505,0.0565,0.2694,0.2821,0.2943,0.0271,0.0326,0.0382,0.0013,0.0022,0.0039
1995-12-10,0.1254,0.1349,0.1455,0.2862,0.3006,0.3146,0.0965,0.1051,0.1135,0.06,0.0659,0.0721,0.0447,0.0507,0.057,0.2735,0.2865,0.2987,0.0269,0.0323,0.0383,0.0013,0.0022,0.0039
1995-12-17,0.125,0.135,0.1458,0.2846,0.3007,0.3152,0.094,0.1031,0.1131,0.0591,0.0656,0.0715,0.0444,0.0505,0.0568,0.2745,0.289,0.3033,0.0267,0.0322,0.0387,0.0014,0.0022,0.0039
1995-12-24,0.1226,0.1347,0.1484,0.281,0.3003,0.3189,0.0935,0.1037,0.1154,0.0579,0.0647,0.0707,0.0436,0.05,0.0568,0.2729,0.2896,0.3059,0.0266,0.0327,0.0397,0.0013,0.0022,0.0039
1995-12-31,0.1213,0.1345,0.1497,0.2787,0.3003,0.3199,0.0934,0.1048,0.1176,0.0566,0.0639,0.0707,0.0427,0.0493,0.0565,0.2714,0.2898,0.3079,0.0269,0.0333,0.0405,0.0013,0.0022,0.0039
1996-01-07,0.1207,0.1342,0.1495,0.2779,0.3007,0.3204,0.0933,0.1058,0.1195,0.0558,0.063,0.0697,0.042,0.0486,0.0557,0.2715,0.2896,0.3095,0.0269,0.034,0.0417,0.0013,0.0022,0.0039
1996-01-14,0.121,0.1344,0.148,0.2802,0.3003,0.3203,0.0949,0.1067,0.1203,0.0551,0.0621,0.069,0.0417,0.048,0.0548,0.2707,0.2896,0.3086,0.0276,0.0344,0.042,0.0014,0.0022,0.004
1996-01-21,0.1219,0.1344,0.1466,0.2824,0.3004,0.3183,0.0958,0.1078,0.1196,0.0545,0.0612,0.0679,0.0414,0.0475,0.054,0.2727,0.2898,0.3075,0.0283,0.0349,0.0428,0.0014,0.0023,0.004
1996-01-28,0.1206,0.1329,0.1451,0.287,0.3059,0.326,0.0919,0.1048,0.1174,0.0542,0.0614,0.0686,0.041,0.0478,0.0541,0.2704,0.2883,0.3063,0.0284,0.0354,0.0437,0.0014,0.0023,0.004
1996-02-04,0.1168,0.1303,0.1436,0.2925,0.3156,0.3364,0.0866,0.0995,0.1128,0.0551,0.0622,0.0702,0.0417,0.0483,0.0551,0.2664,0.2851,0.3046,0.0286,0.0357,0.044,0.0014,0.0023,0.0039
1996-02-11,0.1147,0.128,0.1428,0.3,0.3235,0.3462,0.0822,0.0943,0.1076,0.0561,0.0631,0.0712,0.0422,0.0489,0.0558,0.2631,0.2817,0.3017,0.0288,0.0361,0.0442,0.0014,0.0023,0.0039
1996-02-18,0.1116,0.1258,0.1416,0.3073,0.3315,0.3554,0.0769,0.0896,0.1026,0.0566,0.0639,0.0713,0.0426,0.0494,0.0561,0.2586,0.2788,0.2991,0.0293,0.0364,0.0447,0.0014,0.0023,0.0039
1996-02-25,0.11,0.1236,0.139,0.3165,0.3413,0.3648,0.0733,0.085,0.097,0.0578,0.0647,0.0724,0.0437,0.0502,0.0569,0.2554,0.275,0.2953,0.0298,0.0367,0.0446,0.0014,0.0023,0.0038
1996-03-03,0.1089,0.1216,0.1356,0.3285,0.3497,0.3722,0.0707,0.0806,0.0907,0.0585,0.0654,0.0728,0.0444,0.0508,0.0571,0.2533,0.2709,0.2884,0.0303,0.037,0.0445,0.0014,0.0023,0.0038
1996-03-10,0.1082,0.1192,0.1308,0.3417,0.3587,0.3767,0.0682,0.0762,0.0847,0.0597,0.0662,0.0727,0.0452,0.0514,0.0575,0.2535,0.2679,0.2819,0.0308,0.0372,0.0444,0.0014,0.0023,0.0038
1996-03-17,0.1077,0.1175,0.1277,0.3505,0.366,0.3815,0.0668,0.0734,0.0805,0.0604,0.0668,0.0731,0.0457,0.052,0.058,0.2505,0.2641,0.2779,0.0307,0.0373,0.0445,0.0014,0.0023,0.0038
1996-03-24,0.1063,0.1157,0.1259,0.3554,0.3709,0.3866,0.065,0.0726,0.0802,0.0609,0.067,0.0736,0.0461,0.0521,0.0581,0.2475,0.261,0.2753,0.0308,0.0376,0.0445,0.0014,0.0023,0.0037
1996-03-31,0.1048,0.1148,0.1251,0.3569,0.3739,0.3929,0.0651,0.0727,0.0807,0.0611,0.0673,0.0735,0.0463,0.0523,0.0584,0.2438,0.2583,0.2727,0.0313,0.0376,0.0452,0.0014,0.0023,0.0038
1996-04-07,0.104,0.1138,0.1239,0.3591,0.3764,0.3937,0.0659,0.0737,0.0813,0.0615,0.0674,0.0733,0.0466,0.0523,0.0586,0.2411,0.2556,0.269,0.0315,0.0379,0.045,0.0015,0.0023,0.0038
1996-04-14,0.1052,0.1147,0.1243,0.3586,0.3739,0.391,0.068,0.0754,0.083,0.0614,0.0675,0.0734,0.0467,0.0525,0.0583,0.2416,0.2545,0.2681,0.0317,0.0377,0.0449,0.0015,0.0023,0.0037
1996-04-21,0.1085,0.1171,0.1265,0.3527,0.368,0.383,0.0706,0.0779,0.0857,0.0619,0.0677,0.0734,0.0471,0.053,0.0585,0.2432,0.2549,0.2676,0.0313,0.0379,0.0446,0.0015,0.0023,0.0037
1996-04-28,0.11,0.1194,0.1298,0.3452,0.3622,0.3796,0.0728,0.0804,0.0877,0.0617,0.0678,0.0737,0.0469,0.0529,0.0587,0.2423,0.2555,0.2694,0.0317,0.0379,0.0447,0.0015,0.0023,0.0038
1996-05-05,0.1113,0.1211,0.1325,0.3392,0.3575,0.3761,0.0739,0.0824,0.0909,0.062,0.0676,0.0737,0.0474,0.0534,0.0598,0.2419,0.2556,0.2704,0.0317,0.038,0.0449,0.0015,0.0023,0.0039
1996-05-12,0.1154,0.1234,0.1328,0.3381,0.3519,0.3678,0.0777,0.0848,0.0923,0.0617,0.0676,0.0731,0.0481,0.0537,0.0599,0.2439,0.2562,0.2678,0.0321,0.0379,0.0447,0.0015,0.0023,0.0039
1996-05-19,0.117,0.1248,0.1339,0.3356,0.3486,0.3628,0.0781,0.0856,0.0925,0.0619,0.0676,0.0733,0.0486,0.0543,0.0601,0.2447,0.2569,0.2687,0.0319,0.038,0.0445,0.0015,0.0023,0.0039
1996-05-26,0.1167,0.1257,0.1359,0.3313,0.3467,0.3628,0.0759,0.0844,0.0928,0.0624,0.0678,0.074,0.049,0.0551,0.0613,0.2452,0.2585,0.2714,0.0316,0.0378,0.0446,0.0015,0.0024,0.0039
1996-06-02,0.1157,0.1261,0.1367,0.3281,0.346,0.3637,0.0732,0.0819,0.0905,0.0627,0.0686,0.0749,0.0497,0.056,0.0626,0.2453,0.2601,0.2734,0.0315,0.0374,0.0445,0.0015,0.0024,0.0038
1996-06-09,0.1169,0.1265,0.1368,0.3299,0.3448,0.361,0.0724,0.0793,0.0869,0.0633,0.0693,0.0752,0.0508,0.0571,0.0633,0.2485,0.2618,0.2749,0.031,0.0374,0.044,0.0015,0.0024,0.0039
1996-06-16,0.1174,0.1275,0.1377,0.3275,0.3432,0.3593,0.0709,0.0786,0.0862,0.0633,0.0696,0.0758,0.0511,0.0577,0.064,0.2484,0.2623,0.2757,0.0311,0.0376,0.0445,0.0015,0.0024,0.0038
1996-06-23,0.116,0.1273,0.1402,0.3233,0.3426,0.3616,0.0696,0.0783,0.0875,0.0631,0.0697,0.0768,0.0509,0.0579,0.0649,0.2456,0.2615,0.2789,0.0316,0.0383,0.0458,0.0015,0.0024,0.0039
1996-06-30,0.1132,0.1269,0.1413,0.3222,0.3437,0.368,0.0677,0.0773,0.0876,0.0633,0.0701,0.0776,0.051,0.0584,0.0663,0.2417,0.2601,0.2779,0.032,0.0391,0.0476,0.0015,0.0024,0.0039
1996-07-07,0.1112,0.1262,0.1417,0.3201,0.3452,0.3712,0.0665,0.0765,0.0887,0.0627,0.0704,0.0782,0.0513,0.0586,0.0672,0.2378,0.2581,0.2788,0.0325,0.0401,0.0492,0.0016,0.0024,0.0039
1996-07-14,0.1108,0.1255,0.1408,0.3196,0.346,0.3735,0.0656,0.0757,0.0879,0.0627,0.0706,0.0792,0.0514,0.0593,0.0683,0.235,0.2566,0.2778,0.0331,0.0412,0.0514,0.0016,0.0024,0.004
1996-07-21,0.1098,0.1247,0.1411,0.3212,0.3466,0.3745,0.064,0.0752,0.0874,0.0628,0.0708,0.0797,0.0516,0.0599,0.0687,0.2326,0.2553,0.2767,0.034,0.0423,0.0523,0.0016,0.0025,0.0039
1996-07-28,0.1092,0.124,0.1408,0.3213,0.3483,0.3763,0.0635,0.0745,0.0868,0.063,0.0712,0.0796,0.0517,0.0603,0.069,0.2313,0.2536,0.2744,0.0353,0.0432,0.0535,0.0016,0.0025,0.004
1996-08-04,0.1093,0.1234,0.1404,0.3226,0.3495,0.3783,0.0624,0.0733,0.0865,0.0636,0.0716,0.0799,0.0524,0.0611,0.0694,0.2314,0.2515,0.2727,0.0358,0.0443,0.0544,0.0016,0.0025,0.004
1996-08-11,0.1088,0.123,0.138,0.3253,0.3503,0.3774,0.062,0.0725,0.0838,0.0641,0.072,0.0803,0.0532,0.0615,0.0701,0.2303,0.2496,0.2703,0.0369,0.0456,0.0552,0.0017,0.0025,0.0041
1996-08-18,0.109,0.1221,0.1361,0.3286,0.3527,0.3756,0.0622,0.0718,0.0819,0.0649,0.0724,0.0799,0.0541,0.062,0.0704,0.2295,0.248,0.2676,0.0381,0.0464,0.056,0.0016,0.0026,0.0041
1996-08-25,0.111,0.1218,0.1328,0.3351,0.3529,0.3731,0.0621,0.0715,0.0808,0.0654,0.0726,0.0797,0.055,0.0623,0.0705,0.2298,0.2464,0.2621,0.04,0.0478,0.0571,0.0017,0.0026,0.0041
1996-09-01,0.1105,0.1216,0.1338,0.3324,0.3521,0.3725,0.0616,0.0708,0.0797,0.0652,0.0723,0.0795,0.0554,0.0626,0.0707,0.2312,0.2472,0.2628,0.0406,0.0483,0.0575,0.0017,0.0026,0.0041
1996-09-08,0.11,0.1214,0.1324,0.3327,0.3505,0.37,0.0622,0.0703,0.0781,0.0655,0.0721,0.079,0.0554,0.0626,0.07,0.2336,0.2491,0.2638,0.0414,0.0488,0.0582,0.0017,0.0026,0.0041
1996-09-15,0.1116,0.1218,0.1319,0.3318,0.3478,0.3648,0.0629,0.0703,0.0782,0.0656,0.0718,0.0782,0.0555,0.0628,0.0695,0.238,0.252,0.2655,0.0413,0.049,0.0571,0.0017,0.0026,0.0041
1996-09-22,0.1122,0.1215,0.1325,0.3275,0.3436,0.3598,0.0638,0.071,0.0786,0.0651,0.0713,0.0772,0.0558,0.0628,0.0693,0.2427,0.2568,0.2704,0.0409,0.0479,0.0555,0.0017,0.0026,0.0041
1996-09-29,0.1116,0.1219,0.1328,0.3252,0.341,0.3594,0.0642,0.0719,0.08,0.0644,0.0707,0.0769,0.0551,0.0618,0.0691,0.2443,0.2593,0.2741,0.0413,0.0485,0.0569,0.0017,0.0027,0.0041
1996-10-06,0.1119,0.1221,0.1325,0.3234,0.3398,0.357,0.0654,0.0727,0.0806,0.0639,0.0702,0.076,0.0542,0.0608,0.068,0.2457,0.2594,0.2741,0.0422,0.0498,0.0583,0.0017,0.0027,0.0041
1996-10-13,0.1131,0.1222,0.1329,0.3211,0.3388,0.356,0.0662,0.0738,0.0809,0.0635,0.0698,0.0759,0.0536,0.06,0.067,0.2456,0.26,0.2747,0.0427,0.0505,0.0588,0.0017,0.0027,0.0042
1996-10-20,0.114,0.1237,0.1341,0.3187,0.3368,0.3549,0.0666,0.0742,0.082,0.0635,0.0697,0.0754,0.0533,0.0597,0.0664,0.2457,0.26,0.2745,0.0434,0.0511,0.0598,0.0018,0.0027,0.0042
1996-10-27,0.1143,0.1251,0.1353,0.3182,0.3354,0.3553,0.0661,0.0742,0.0827,0.0632,0.0698,0.0756,0.0532,0.0594,0.0667,0.2448,0.2595,0.2741,0.0429,0.051,0.06,0.0017,0.0027,0.0042
1996-11-03,0.1163,0.1266,0.138,0.315,0.3339,0.3524,0.0664,0.0743,0.083,0.0634,0.07,0.0761,0.053,0.0596,0.0659,0.2441,0.26,0.2747,0.043,0.0507,0.0597,0.0017,0.0027,0.0042
1996-11-10,0.1195,0.128,0.1386,0.3158,0.3318,0.3496,0.0673,0.0747,0.082,0.0639,0.0699,0.0762,0.0532,0.0594,0.0662,0.2455,0.2601,0.2732,0.0432,0.0505,0.0583,0.0018,0.0027,0.0042
1996-11-17,0.1207,0.1298,0.1396,0.3138,0.3289,0.3444,0.0679,0.0749,0.0827,0.0639,0.0698,0.0755,0.053,0.0589,0.0657,0.2478,0.2614,0.2749,0.0438,0.0504,0.0582,0.0017,0.0027,0.0042
1996-11-24,0.1216,0.1314,0.1419,0.3087,0.3247,0.342,0.0683,0.0761,0.0847,0.0632,0.0693,0.0754,0.0516,0.0582,0.0654,0.2499,0.264,0.2787,0.0433,0.0502,0.0585,0.0018,0.0027,0.0042
1996-12-01,0.1215,0.1323,0.1459,0.3009,0.3197,0.3394,0.0689,0.0774,0.0865,0.062,0.0686,0.0755,0.0501,0.0569,0.0647,0.2516,0.2679,0.2841,0.043,0.0507,0.0593,0.0017,0.0027,0.0043
1996-12-08,0.1219,0.1339,0.1469,0.2962,0.3154,0.3348,0.0697,0.0788,0.0891,0.061,0.0679,0.0753,0.0486,0.0558,0.0631,0.2541,0.2713,0.2891,0.0434,0.051,0.0597,0.0017,0.0027,0.0043
1996-12-15,0.1239,0.1353,0.1478,0.2934,0.3103,0.328,0.0712,0.0803,0.0901,0.0603,0.0672,0.0744,0.0475,0.0546,0.0623,0.2591,0.2748,0.2918,0.0428,0.0513,0.0605,0.0017,0.0028,0.0043
1996-12-22,0.1243,0.1364,0.1496,0.287,0.3062,0.3266,0.0703,0.0804,0.0905,0.06,0.067,0.0744,0.0472,0.0544,0.0621,0.2615,0.2784,0.2957,0.0425,0.0513,0.0616,0.0017,0.0028,0.0043
1996-12-29,0.1243,0.1367,0.1527,0.2815,0.303,0.3261,0.0689,0.0792,0.0917,0.0598,0.067,0.075,0.0467,0.0546,0.0626,0.2614,0.2822,0.3015,0.042,0.051,0.0616,0.0017,0.0028,0.0044
1997-01-05,0.123,0.1378,0.1548,0.2748,0.2992,0.3253,0.0672,0.0781,0.0912,0.0593,0.0669,0.0751,0.0465,0.0546,0.0628,0.2652,0.2864,0.3067,0.0414,0.0507,0.0619,0.0017,0.0028,0.0044
1997-01-12,0.1232,0.1389,0.1555,0.2719,0.2954,0.322,0.0665,0.0775,0.0908,0.0587,0.0666,0.0748,0.0459,0.0543,0.0636,0.2691,0.2893,0.3105,0.0413,0.0506,0.0627,0.0017,0.0028,0.0044
1997-01-19,0.1236,0.1401,0.1569,0.2678,0.2921,0.319,0.0653,0.0769,0.09,0.0588,0.0666,0.075,0.0461,0.0543,0.0629,0.2725,0.2931,0.3149,0.0407,0.0508,0.0617,0.0017,0.0028,0.0045
1997-01-26,0.1246,0.1406,0.1577,0.2659,0.2893,0.3132,0.0646,0.0762,0.0895,0.0583,0.0663,0.075,0.0463,0.0542,0.0635,0.2763,0.2962,0.3167,0.0409,0.0508,0.0618,0.0017,0.0028,0.0045
1997-02-02,0.1265,0.141,0.1574,0.2652,0.286,0.3075,0.0656,0.0756,0.0874,0.0585,0.0662,0.0748,0.0462,0.0542,0.0631,0.2805,0.3003,0.3205,0.0406,0.0506,0.0612,0.0017,0.0028,0.0045
1997-02-09,0.1295,0.1416,0.1556,0.2641,0.2828,0.3027,0.0653,0.0748,0.0856,0.0586,0.0661,0.0742,0.0464,0.0541,0.0626,0.2855,0.3042,0.3221,0.0412,0.0504,0.0603,0.0017,0.0028,0.0045
1997-02-16,0.1281,0.1406,0.1554,0.2632,0.2831,0.3037,0.0635,0.0738,0.0843,0.0583,0.0662,0.0743,0.0465,0.0542,0.0627,0.2875,0.3063,0.3245,0.0408,0.0503,0.061,0.0018,0.0028,0.0045
1997-02-23,0.125,0.138,0.1533,0.2657,0.2864,0.3089,0.0621,0.0721,0.0823,0.0583,0.0659,0.0735,0.0464,0.0543,0.063,0.2877,0.3079,0.3256,0.0411,0.0502,0.0612,0.0018,0.0028,0.0045
1997-03-02,0.1228,0.1359,0.1501,0.2689,0.2885,0.3108,0.061,0.0706,0.0804,0.0579,0.0658,0.0731,0.0464,0.0542,0.0629,0.2893,0.3095,0.3286,0.0407,0.0501,0.0607,0.0017,0.0028,0.0045
1997-03-09,0.1214,0.1341,0.146,0.2715,0.2911,0.312,0.06,0.0689,0.0777,0.0583,0.0655,0.0726,0.0469,0.0543,0.0624,0.2931,0.311,0.3295,0.0411,0.05,0.06,0.0018,0.0028,0.0045
1997-03-16,0.119,0.132,0.1439,0.2719,0.2917,0.3127,0.0604,0.0682,0.0769,0.0574,0.0648,0.0718,0.0463,0.0539,0.0623,0.2959,0.3146,0.3346,0.0405,0.0497,0.0596,0.0018,0.0028,0.0045
1997-03-23,0.1164,0.1299,0.1431,0.2708,0.2913,0.311,0.0603,0.0684,0.0775,0.0569,0.064,0.071,0.0462,0.0536,0.061,0.2985,0.3194,0.3396,0.04,0.0489,0.0591,0.0018,0.0028,0.0045
1997-03-30,0.1143,0.1272,0.1407,0.2712,0.2903,0.3113,0.0601,0.0683,0.0775,0.0557,0.063,0.07,0.0457,0.053,0.061,0.3042,0.3242,0.3438,0.0391,0.0482,0.0589,0.0017,0.0028,0.0045
1997-04-06,0.1124,0.1258,0.1372,0.2716,0.2895,0.3087,0.0603,0.0687,0.0778,0.0551,0.0621,0.0689,0.0458,0.0526,0.0603,0.3109,0.3289,0.3468,0.0388,0.0475,0.0567,0.0017,0.0027,0.0045
1997-04-13,0.1111,0.1232,0.1344,0.2748,0.293,0.3104,0.0604,0.0686,0.077,0.0554,0.0615,0.0677,0.0454,0.0524,0.0596,0.3133,0.33,0.3464,0.0389,0.0473,0.056,0.0017,0.0028,0.0045
1997-04-20,0.1082,0.1196,0.1303,0.2826,0.2999,0.3191,0.0599,0.068,0.0763,0.0555,0.0617,0.068,0.0458,0.0526,0.0596,0.3107,0.3257,0.3419,0.0392,0.0473,0.0565,0.0017,0.0028,0.0044
1997-04-27,0.1066,0.1174,0.1288,0.2879,0.307,0.3269,0.0593,0.0673,0.0758,0.0561,0.0622,0.0684,0.0458,0.0528,0.0598,0.3042,0.321,0.3389,0.0391,0.0473,0.0564,0.0018,0.0028,0.0044
1997-05-04,0.1045,0.1163,0.1284,0.2918,0.3128,0.3334,0.0583,0.0665,0.0752,0.0563,0.0629,0.0693,0.046,0.053,0.0603,0.2976,0.3164,0.3354,0.039,0.0477,0.0576,0.0018,0.0028,0.0045
1997-05-11,0.1028,0.1151,0.1267,0.2977,0.3187,0.3394,0.0575,0.0659,0.074,0.0572,0.0636,0.0697,0.0461,0.0534,0.0606,0.2931,0.3113,0.3289,0.0392,0.0482,0.0581,0.0018,0.0028,0.0045
1997-05-18,0.1024,0.1134,0.1242,0.3071,0.3254,0.3437,0.0573,0.0647,0.0725,0.0583,0.0643,0.0704,0.0468,0.0536,0.0604,0.2905,0.3058,0.3214,0.04,0.0484,0.0579,0.0018,0.0028,0.0043
1997-05-25,0.1008,0.1108,0.1213,0.3131,0.3304,0.3482,0.0577,0.0651,0.0722,0.058,0.0643,0.0699,0.0469,0.0536,0.0599,0.289,0.3035,0.3187,0.0403,0.048,0.0573,0.0018,0.0028,0.0043
1997-06-01,0.0981,0.1093,0.1199,0.3146,0.3319,0.3509,0.058,0.0656,0.0739,0.0575,0.0638,0.0694,0.0461,0.0535,0.06,0.288,0.3042,0.3203,0.0391,0.0473,0.0569,0.0018,0.0028,0.0043
1997-06-08,0.0984,0.1086,0.1205,0.3136,0.3321,0.3511,0.0574,0.0656,0.0742,0.0569,0.0634,0.0695,0.0467,0.0533,0.0602,0.2894,0.3061,0.3217,0.0383,0.0465,0.0563,0.0018,0.0028,0.0043
1997-06-15,0.0973,0.1084,0.1201,0.3124,0.3313,0.3506,0.0567,0.0652,0.074,0.056,0.0632,0.0699,0.0461,0.0533,0.0603,0.2916,0.3086,0.3251,0.0372,0.0459,0.0552,0.0018,0.0028,0.0043
1997-06-22,0.0968,0.1083,0.1204,0.3111,0.3298,0.3507,0.0557,0.0642,0.0725,0.0561,0.0632,0.0699,0.046,0.0533,0.0601,0.2935,0.3116,0.3299,0.0367,0.0453,0.0552,0.0018,0.0027,0.0043
1997-06-29,0.0956,0.108,0.1207,0.3086,0.3274,0.3524,0.0538,0.0629,0.0728,0.0561,0.0629,0.0703,0.0465,0.0535,0.0613,0.2936,0.3145,0.3327,0.0365,0.0453,0.0556,0.0018,0.0027,0.0043
1997-07-06,0.0943,0.1074,0.1213,0.3037,0.3267,0.3531,0.0524,0.062,0.0724,0.0556,0.0628,0.0707,0.0469,0.0544,0.0624,0.2937,0.3164,0.3387,0.0355,0.0449,0.0557,0.0018,0.0027,0.0043
1997-07-13,0.0943,0.107,0.1221,0.3016,0.3255,0.3537,0.0509,0.0609,0.0715,0.0551,0.0628,0.0706,0.0469,0.055,0.0639,0.2956,0.319,0.3406,0.0352,0.0448,0.0559,0.0018,0.0028,0.0043
1997-07-20,0.0929,0.1073,0.1215,0.2996,0.3246,0.3533,0.0501,0.0601,0.0704,0.055,0.0627,0.0708,0.0479,0.056,0.0642,0.2972,0.3201,0.3422,0.0351,0.0445,0.0561,0.0018,0.0028,0.0044
1997-07-27,0.0925,0.1064,0.1213,0.2984,0.3237,0.3524,0.0493,0.0591,0.0694,0.055,0.0625,0.0706,0.0486,0.0567,0.0653,0.2991,0.3229,0.3448,0.0352,0.0444,0.0549,0.0018,0.0028,0.0044
1997-08-03,0.0928,0.106,0.1199,0.2992,0.3227,0.3475,0.0489,0.0582,0.0677,0.0552,0.0625,0.0703,0.0489,0.0574,0.0659,0.3016,0.3251,0.345,0.035,0.0442,0.0548,0.0018,0.0028,0.0045
1997-08-10,0.093,0.1055,0.1186,0.2997,0.322,0.3456,0.0488,0.0572,0.0664,0.0552,0.0624,0.0697,0.0499,0.0578,0.0673,0.3077,0.3267,0.3452,0.0348,0.044,0.0543,0.0018,0.0028,0.0045
1997-08-17,0.0934,0.1049,0.1174,0.2994,0.3218,0.3439,0.0484,0.0563,0.0651,0.0555,0.0624,0.0692,0.0505,0.0585,0.0673,0.3088,0.3283,0.3467,0.035,0.0442,0.0542,0.0018,0.0028,0.0044
1997-08-24,0.0928,0.1041,0.1164,0.3011,0.3223,0.3424,0.0473,0.0551,0.0636,0.055,0.062,0.069,0.0506,0.0588,0.0677,0.3116,0.3298,0.3466,0.0356,0.0448,0.055,0.0018,0.0028,0.0043
1997-08-31,0.0908,0.103,0.1157,0.3058,0.327,0.3465,0.0463,0.0543,0.0628,0.0548,0.0616,0.0688,0.0506,0.0589,0.0676,0.3081,0.327,0.3466,0.0359,0.0456,0.056,0.0018,0.0028,0.0044
1997-09-07,0.0888,0.1013,0.1144,0.3093,0.333,0.3563,0.0447,0.053,0.0617,0.0541,0.0614,0.0688,0.0503,0.0587,0.067,0.3032,0.3225,0.3426,0.0366,0.0464,0.0575,0.0018,0.0028,0.0044
1997-09-14,0.0862,0.0996,0.1125,0.3162,0.3397,0.3639,0.0433,0.0519,0.061,0.0543,0.0613,0.0689,0.0499,0.0582,0.0669,0.2981,0.3182,0.3375,0.0374,0.0474,0.0585,0.0019,0.0028,0.0044
1997-09-21,0.0855,0.0978,0.1107,0.3243,0.3469,0.369,0.0426,0.0509,0.06,0.0546,0.0613,0.0684,0.0499,0.058,0.0668,0.2949,0.314,0.3324,0.0381,0.0482,0.0593,0.0019,0.0028,0.0043
1997-09-28,0.0843,0.0964,0.1088,0.3273,0.3522,0.375,0.0417,0.0505,0.0595,0.0543,0.061,0.0685,0.0497,0.0577,0.0663,0.29,0.3104,0.3294,0.0384,0.0486,0.06,0.0019,0.0029,0.0043
1997-10-05,0.0827,0.0955,0.1087,0.3306,0.3565,0.3817,0.0418,0.0503,0.0597,0.0541,0.0612,0.0686,0.0494,0.0579,0.0667,0.2841,0.3063,0.3267,0.0384,0.049,0.0604,0.0019,0.0029,0.0043
1997-10-12,0.0819,0.0946,0.1084,0.3339,0.3606,0.387,0.0416,0.0501,0.0596,0.0538,0.0614,0.0685,0.049,0.0577,0.067,0.2813,0.3021,0.3253,0.0381,0.0491,0.0609,0.0019,0.0029,0.0044
1997-10-19,0.0815,0.0936,0.1072,0.3393,0.3649,0.389,0.0414,0.0499,0.0592,0.0542,0.0617,0.0687,0.0493,0.0576,0.0667,0.2798,0.2993,0.3202,0.0385,0.0492,0.0607,0.0019,0.0029,0.0043
1997-10-26,0.0809,0.0925,0.1053,0.3468,0.3697,0.3921,0.0414,0.0498,0.0582,0.0545,0.0617,0.0688,0.0494,0.0574,0.0663,0.2772,0.2962,0.3158,0.0388,0.0491,0.0598,0.0019,0.0029,0.0043
1997-11-02,0.0809,0.0929,0.105,0.349,0.3714,0.3943,0.041,0.0492,0.0573,0.0552,0.0618,0.0688,0.0499,0.0575,0.0658,0.2746,0.2947,0.3131,0.0389,0.0493,0.0604,0.0019,0.0029,0.0043
1997-11-09,0.0823,0.0935,0.1056,0.3523,0.3726,0.394,0.041,0.0485,0.0563,0.0557,0.0622,0.0689,0.0504,0.0579,0.0662,0.2745,0.2918,0.3084,0.0399,0.0498,0.0604,0.0019,0.0029,0.0042
1997-11-16,0.0835,0.0943,0.1064,0.3523,0.3723,0.3931,0.0403,0.0479,0.0553,0.0566,0.0627,0.0694,0.0508,0.0582,0.0661,0.2738,0.2913,0.3074,0.0403,0.0497,0.0599,0.0019,0.0029,0.0043
1997-11-23,0.0843,0.095,0.1076,0.352,0.3711,0.3919,0.04,0.0476,0.0552,0.0567,0.0636,0.0703,0.0506,0.0584,0.0663,0.273,0.2916,0.3077,0.0397,0.0496,0.0594,0.0019,0.0029,0.0042
1997-11-30,0.0843,0.0958,0.1091,0.3486,0.3701,0.3923,0.04,0.0474,0.0557,0.0566,0.0635,0.0708,0.0506,0.0588,0.0669,0.2719,0.2908,0.3101,0.0395,0.0496,0.0604,0.0019,0.0029,0.0042
1997-12-07,0.085,0.0964,0.1097,0.3476,0.3694,0.3905,0.04,0.0475,0.0552,0.0567,0.0634,0.0706,0.0504,0.0588,0.0676,0.2712,0.2899,0.3076,0.0403,0.0503,0.061,0.002,0.0029,0.0043
1997-12-14,0.086,0.0972,0.1105,0.3474,0.3688,0.3893,0.0399,0.0477,0.0556,0.0564,0.0635,0.0707,0.051,0.0595,0.0675,0.2705,0.2886,0.3064,0.0412,0.051,0.062,0.002,0.0029,0.0043
1997-12-21,0.085,0.098,0.1123,0.3433,0.3682,0.3915,0.04,0.0481,0.0571,0.0561,0.0634,0.0709,0.0509,0.0594,0.0681,0.2664,0.2872,0.3076,0.0414,0.0515,0.0631,0.002,0.003,0.0043
1997-12-28,0.0852,0.0986,0.1138,0.3397,0.3676,0.3939,0.0403,0.0486,0.0586,0.0558,0.0632,0.0717,0.0507,0.0596,0.0695,0.2639,0.2854,0.3075,0.0418,0.0523,0.0642,0.002,0.003,0.0043
1998-01-04,0.0851,0.0993,0.1155,0.3378,0.3662,0.3965,0.0402,0.0493,0.0602,0.0555,0.0633,0.0722,0.0508,0.0598,0.0702,0.2602,0.2836,0.308,0.0419,0.0528,0.0655,0.002,0.003,0.0043
1998-01-11,0.0852,0.0997,0.1173,0.3352,0.3661,0.3972,0.0398,0.0499,0.0607,0.0552,0.0632,0.072,0.0507,0.06,0.07,0.2568,0.2818,0.307,0.0419,0.0535,0.0667,0.002,0.003,0.0043
1998-01-18,0.0846,0.1003,0.1193,0.3361,0.3662,0.3976,0.0402,0.0502,0.0616,0.055,0.0631,0.0722,0.0505,0.0598,0.0701,0.2549,0.2805,0.3046,0.043,0.0541,0.0676,0.0021,0.003,0.0043
1998-01-25,0.0856,0.1014,0.1196,0.3347,0.3661,0.3972,0.0402,0.0509,0.0619,0.0549,0.0631,0.0722,0.0506,0.06,0.0707,0.2529,0.2794,0.3031,0.0433,0.0546,0.0677,0.0021,0.003,0.0044
1998-02-01,0.0858,0.1018,0.1191,0.3356,0.3665,0.3981,0.0406,0.0511,0.0625,0.0553,0.0632,0.0718,0.0511,0.0603,0.0712,0.2508,0.2767,0.3034,0.0437,0.0555,0.0688,0.0021,0.003,0.0043
1998-02-08,0.0872,0.1023,0.1191,0.3374,0.3658,0.3976,0.0408,0.0517,0.0632,0.0555,0.0631,0.0716,0.0515,0.0606,0.0709,0.2502,0.2749,0.2995,0.0443,0.056,0.0694,0.0021,0.003,0.0043
1998-02-15,0.089,0.1025,0.119,0.3396,0.3661,0.3946,0.0422,0.0521,0.0625,0.0557,0.0632,0.0714,0.0519,0.0608,0.0709,0.2501,0.2727,0.2954,0.046,0.0566,0.0693,0.0022,0.003,0.0044
1998-02-22,0.0907,0.1034,0.1177,0.3422,0.3655,0.3898,0.0432,0.0529,0.0621,0.0562,0.0632,0.0708,0.0524,0.0611,0.0711,0.2519,0.2716,0.291,0.0472,0.0572,0.0688,0.0022,0.003,0.0043
1998-03-01,0.0901,0.1034,0.1173,0.3437,0.3668,0.3906,0.0434,0.053,0.0618,0.0565,0.0632,0.0707,0.0521,0.0611,0.0706,0.2499,0.2689,0.2872,0.0482,0.0589,0.0708,0.0022,0.0031,0.0044
1998-03-08,0.0899,0.1026,0.1163,0.3474,0.3687,0.3917,0.0436,0.0525,0.0619,0.0565,0.0633,0.0707,0.0527,0.0609,0.0702,0.2473,0.266,0.2837,0.0499,0.0603,0.0726,0.0023,0.0031,0.0044
1998-03-15,0.0896,0.102,0.1154,0.3482,0.3698,0.3912,0.0444,0.0524,0.0615,0.0566,0.0634,0.0702,0.0521,0.0604,0.0694,0.2458,0.2653,0.2832,0.0504,0.0612,0.0732,0.0022,0.0031,0.0044
1998-03-22,0.0893,0.1012,0.1148,0.3485,0.3705,0.3914,0.0445,0.0525,0.0618,0.0566,0.0634,0.07,0.0519,0.0601,0.0681,0.2471,0.2657,0.2845,0.0499,0.0611,0.0735,0.0023,0.0031,0.0044
1998-03-29,0.0884,0.1007,0.1141,0.3494,0.3727,0.3955,0.0443,0.0525,0.0615,0.0571,0.0641,0.0706,0.0521,0.0601,0.069,0.2446,0.2642,0.2824,0.0505,0.061,0.0731,0.0023,0.0031,0.0044
1998-04-05,0.0877,0.1004,0.1147,0.3519,0.3752,0.3979,0.0434,0.0521,0.0611,0.0575,0.0647,0.0717,0.052,0.0606,0.069,0.2426,0.2613,0.2799,0.0498,0.0607,0.0734,0.0023,0.0031,0.0044
1998-04-12,0.0874,0.099,0.1126,0.3554,0.3779,0.4008,0.0429,0.0515,0.0591,0.058,0.0653,0.0725,0.0519,0.0609,0.0693,0.2426,0.2604,0.2786,0.0489,0.0598,0.0726,0.0023,0.0031,0.0044
1998-04-19,0.086,0.0975,0.1108,0.3585,0.3818,0.4048,0.0428,0.0505,0.0586,0.0581,0.0655,0.0731,0.0522,0.061,0.0694,0.2418,0.2609,0.2789,0.0474,0.0581,0.0703,0.0023,0.0031,0.0043
1998-04-26,0.0872,0.0992,0.1123,0.3548,0.3777,0.4015,0.0434,0.0514,0.0602,0.0577,0.065,0.0722,0.052,0.0604,0.0694,0.245,0.2643,0.2826,0.0469,0.0574,0.0687,0.0023,0.0031,0.0043
1998-05-03,0.0903,0.1028,0.1159,0.3478,0.368,0.3893,0.0454,0.0537,0.0618,0.0567,0.0639,0.0709,0.0515,0.0597,0.0682,0.2524,0.2711,0.2872,0.0462,0.0567,0.0679,0.0023,0.0031,0.0043
1998-05-10,0.086,0.0994,0.1127,0.3522,0.3742,0.3978,0.0453,0.0542,0.0629,0.0558,0.0631,0.0706,0.0513,0.0597,0.069,0.2487,0.2694,0.2877,0.0454,0.055,0.0674,0.0023,0.003,0.0043
1998-05-17,0.0843,0.0959,0.109,0.3584,0.3811,0.4044,0.0455,0.0543,0.0639,0.0555,0.0626,0.0696,0.051,0.0599,0.0685,0.2468,0.2659,0.2838,0.0447,0.0552,0.067,0.0023,0.0031,0.0043
1998-05-24,0.0836,0.0958,0.1089,0.3601,0.3825,0.4063,0.0452,0.0544,0.0632,0.0547,0.0618,0.0691,0.0511,0.06,0.069,0.246,0.2662,0.2845,0.0445,0.0547,0.0668,0.0023,0.0031,0.0043
1998-05-31,0.0842,0.0966,0.1106,0.3597,0.3825,0.4069,0.0445,0.0536,0.0628,0.0541,0.0614,0.0692,0.0511,0.0598,0.0694,0.2454,0.265,0.2842,0.045,0.0554,0.0672,0.0022,0.0031,0.0042
1998-06-07,0.0855,0.0982,0.1125,0.3598,0.3836,0.4076,0.0439,0.0531,0.062,0.0543,0.0613,0.0691,0.0513,0.0597,0.069,0.2419,0.2613,0.2799,0.0475,0.0578,0.0695,0.0023,0.0031,0.0042
1998-06-14,0.087,0.0999,0.1133,0.3591,0.3816,0.4066,0.0437,0.0522,0.062,0.0533,0.0607,0.0687,0.0513,0.0592,0.0687,0.2402,0.2604,0.2795,0.0488,0.0601,0.0726,0.0024,0.0031,0.0042
1998-06-21,0.0885,0.101,0.1156,0.3559,0.3807,0.4052,0.0425,0.0517,0.0615,0.0528,0.0602,0.0684,0.0506,0.0591,0.0686,0.2397,0.2597,0.2798,0.0501,0.0622,0.0752,0.0024,0.0032,0.0042
1998-06-28,0.0881,0.1025,0.1178,0.3512,0.3799,0.4074,0.0415,0.0508,0.0611,0.0521,0.0598,0.0686,0.0503,0.0589,0.0685,0.2349,0.2582,0.2811,0.0515,0.0643,0.0768,0.0024,0.0032,0.0042
1998-07-05,0.0886,0.1036,0.1193,0.3486,0.3792,0.4097,0.0405,0.0502,0.0606,0.0517,0.0594,0.0679,0.0498,0.0586,0.0688,0.2328,0.2566,0.2798,0.0535,0.0665,0.08,0.0025,0.0032,0.0042
1998-07-12,0.0898,0.1045,0.1206,0.347,0.379,0.4103,0.0395,0.0491,0.0597,0.0516,0.0594,0.068,0.0491,0.0582,0.0687,0.2299,0.2551,0.2804,0.0549,0.0685,0.0828,0.0025,0.0032,0.0041
1998-07-19,0.0894,0.1052,0.1226,0.3461,0.3786,0.4092,0.0391,0.0486,0.0586,0.0511,0.0591,0.0678,0.0495,0.0579,0.0685,0.2295,0.253,0.2798,0.0572,0.0709,0.0855,0.0025,0.0033,0.0041
1998-07-26,0.0918,0.1069,0.1243,0.3475,0.3779,0.4075,0.0386,0.0479,0.0578,0.051,0.0588,0.0669,0.0496,0.0578,0.0682,0.2294,0.2522,0.277,0.0593,0.0734,0.0865,0.0026,0.0033,0.0041
1998-08-02,0.0938,0.108,0.1241,0.3503,0.3763,0.4054,0.0378,0.0469,0.0559,0.0511,0.0585,0.0664,0.0494,0.0575,0.0676,0.2294,0.2514,0.2729,0.0627,0.0758,0.0888,0.0027,0.0033,0.0041
1998-08-09,0.0955,0.1091,0.1245,0.3504,0.3752,0.4008,0.0383,0.046,0.0543,0.051,0.0582,0.0656,0.0498,0.0572,0.0668,0.2291,0.2489,0.2697,0.0655,0.0786,0.0906,0.0027,0.0033,0.0041
1998-08-16,0.0987,0.1121,0.1261,0.3504,0.3726,0.3974,0.0386,0.0463,0.054,0.0504,0.057,0.0634,0.0488,0.0559,0.0639,0.2272,0.247,0.2655,0.0716,0.0835,0.0952,0.0029,0.0034,0.0041
1998-08-23,0.0997,0.1127,0.126,0.3514,0.3734,0.3995,0.0394,0.0461,0.0532,0.0493,0.055,0.0606,0.0468,0.0526,0.0598,0.2219,0.241,0.2585,0.081,0.093,0.1047,0.003,0.0035,0.004
1998-08-30,0.1002,0.111,0.123,0.3574,0.3777,0.3981,0.0395,0.0458,0.0515,0.048,0.0528,0.0577,0.0446,0.0496,0.055,0.2157,0.2324,0.2482,0.0928,0.105,0.1166,0.0032,0.0036,0.004
1998-09-06,0.1048,0.1134,0.1241,0.3555,0.374,0.3918,0.0406,0.0454,0.0506,0.0479,0.0521,0.0563,0.0443,0.0485,0.0529,0.2162,0.2303,0.2441,0.0993,0.1097,0.1216,0.0033,0.0036,0.004
1998-09-13,0.1095,0.1169,0.1242,0.3546,0.369,0.3828,0.0415,0.0452,0.0489,0.0488,0.0517,0.0544,0.0449,0.0478,0.0509,0.22,0.23,0.2397,0.1059,0.1133,0.1222,0.0034,0.0037,0.0039
1998-09-20,0.1199,0.1199,0.1199,0.3639,0.3639,0.3639,0.0449,0.0449,0.0449,0.0513,0.0513,0.0513,0.0472,0.0472,0.0472,0.229,0.229,0.229,0.1177,0.1177,0.1177,0.0037,0.0037,0.0037
1998-09-27,0.1151,0.1206,0.1261,0.3491,0.3608,0.3738,0.0431,0.0459,0.049,0.0479,0.0511,0.0541,0.0436,0.0475,0.0516,0.224,0.2298,0.2357,0.1109,0.1179,0.1251,0.0035,0.0037,0.004
1998-10-04,0.1145,0.1213,0.1283,0.3446,0.3581,0.3737,0.0433,0.0468,0.0508,0.0469,0.0509,0.0548,0.0425,0.0475,0.053,0.2231,0.2303,0.2379,0.1095,0.1181,0.1268,0.0034,0.0037,0.004
1998-10-11,0.1159,0.122,0.1293,0.3426,0.3558,0.369,0.0439,0.0479,0.0523,0.0461,0.0507,0.0549,0.0424,0.0477,0.0534,0.2237,0.2312,0.2388,0.1098,0.1181,0.1274,0.0033,0.0037,0.0041
1998-10-18,0.1162,0.1228,0.13,0.3395,0.3539,0.368,0.0439,0.0486,0.0537,0.0461,0.0504,0.0548,0.0419,0.0471,0.0531,0.2242,0.2327,0.2406,0.1093,0.1179,0.1283,0.0033,0.0037,0.0042
1998-10-25,0.1157,0.1235,0.1312,0.3386,0.3522,0.3673,0.0442,0.049,0.0541,0.0454,0.0501,0.0551,0.0411,0.0463,0.0522,0.2257,0.2346,0.2431,0.1095,0.1182,0.1268,0.0032,0.0037,0.0041
1998-11-01,0.117,0.1239,0.1307,0.3382,0.3513,0.3645,0.0447,0.0492,0.0543,0.0452,0.05,0.055,0.0407,0.046,0.0514,0.2283,0.2365,0.2443,0.1088,0.1174,0.1267,0.0032,0.0037,0.0042
1998-11-08,0.1171,0.1244,0.1311,0.3376,0.3505,0.3631,0.0447,0.0494,0.0542,0.0454,0.0502,0.055,0.0407,0.0456,0.0513,0.2307,0.2384,0.2466,0.108,0.1162,0.1242,0.0032,0.0037,0.0042
1998-11-15,0.1183,0.1248,0.1315,0.3374,0.3489,0.361,0.0452,0.0495,0.054,0.0458,0.0503,0.0547,0.0408,0.0459,0.0509,0.2333,0.2406,0.2482,0.1072,0.1143,0.1222,0.0032,0.0037,0.0043
1998-11-22,0.1185,0.1245,0.1309,0.3387,0.3493,0.3597,0.0451,0.0493,0.0538,0.0457,0.0503,0.055,0.0409,0.0458,0.051,0.2348,0.242,0.2492,0.1058,0.113,0.1202,0.0031,0.0037,0.0043
1998-11-29,0.1176,0.1244,0.1311,0.3389,0.3501,0.3615,0.0444,0.0491,0.054,0.0454,0.0502,0.0554,0.0405,0.0456,0.0508,0.2349,0.2428,0.2506,0.1044,0.1126,0.1201,0.0031,0.0037,0.0043
1998-12-06,0.1161,0.1237,0.132,0.3388,0.352,0.3662,0.0434,0.0486,0.0539,0.045,0.0499,0.0559,0.0391,0.0451,0.0515,0.2344,0.2427,0.2529,0.103,0.112,0.1212,0.0031,0.0036,0.0043
1998-12-13,0.115,0.1231,0.1313,0.3399,0.3542,0.369,0.0428,0.0481,0.0537,0.0445,0.0494,0.0557,0.0384,0.0442,0.0509,0.2338,0.2431,0.2539,0.1023,0.1119,0.1214,0.0031,0.0036,0.0043
1998-12-20,0.1141,0.1229,0.132,0.3381,0.3537,0.3711,0.0428,0.0482,0.0542,0.0438,0.0492,0.0559,0.0379,0.0442,0.0512,0.2333,0.2429,0.2532,0.1026,0.1132,0.1233,0.0031,0.0036,0.0044
1998-12-27,0.113,0.1224,0.1326,0.3346,0.3522,0.3714,0.0426,0.0488,0.0548,0.0434,0.0491,0.0556,0.0375,0.0442,0.0523,0.2316,0.2423,0.2534,0.1041,0.1146,0.1271,0.003,0.0037,0.0045
1999-01-03,0.113,0.1219,0.1327,0.3326,0.3513,0.3709,0.0431,0.0494,0.0557,0.0431,0.0488,0.0554,0.0376,0.0446,0.0528,0.2306,0.2413,0.2534,0.1049,0.117,0.1298,0.003,0.0037,0.0045
1999-01-10,0.1124,0.1216,0.1313,0.3313,0.3495,0.3699,0.044,0.05,0.0562,0.0429,0.0487,0.0556,0.0377,0.0447,0.0521,0.2298,0.2407,0.2519,0.107,0.1193,0.1316,0.0031,0.0037,0.0046
1999-01-17,0.1124,0.1212,0.1306,0.331,0.3481,0.3658,0.0451,0.0506,0.0564,0.0426,0.0483,0.0545,0.0382,0.0447,0.0517,0.2302,0.2401,0.2509,0.1098,0.1209,0.1332,0.003,0.0037,0.0045
1999-01-24,0.113,0.1209,0.1284,0.3332,0.3467,0.3603,0.0461,0.0513,0.057,0.0426,0.0479,0.0536,0.0388,0.045,0.0508,0.2301,0.2396,0.2492,0.1142,0.1231,0.1335,0.0031,0.0037,0.0046
1999-01-31,0.1133,0.1206,0.128,0.3323,0.3447,0.3576,0.0469,0.0521,0.0581,0.0424,0.0478,0.0531,0.0394,0.0451,0.0511,0.2297,0.2384,0.2473,0.1179,0.1265,0.1353,0.0031,0.0037,0.0046
1999-02-07,0.1138,0.1213,0.1291,0.3272,0.3414,0.3547,0.0476,0.0528,0.0586,0.0428,0.0475,0.0529,0.0389,0.0448,0.051,0.2296,0.2384,0.2471,0.1206,0.1293,0.139,0.0031,0.0037,0.0047
1999-02-14,0.114,0.123,0.1305,0.3221,0.3369,0.3508,0.048,0.0528,0.0586,0.0423,0.0473,0.0528,0.0379,0.0436,0.0497,0.2304,0.24,0.2488,0.1226,0.1321,0.1423,0.003,0.0037,0.0046
1999-02-21,0.1169,0.1249,0.1324,0.3197,0.3323,0.3431,0.0478,0.0526,0.0581,0.0421,0.0472,0.0526,0.0368,0.0424,0.0477,0.233,0.242,0.2514,0.1255,0.1345,0.1441,0.0029,0.0036,0.0046
1999-02-28,0.119,0.1268,0.134,0.3169,0.3284,0.341,0.0471,0.0524,0.058,0.0422,0.0471,0.0528,0.0366,0.0419,0.0476,0.2341,0.243,0.2523,0.1272,0.1358,0.1449,0.003,0.0036,0.0046
1999-03-07,0.1207,0.1286,0.1362,0.3133,0.3263,0.3402,0.047,0.0519,0.0574,0.0418,0.047,0.0523,0.0364,0.0421,0.0477,0.2354,0.244,0.2537,0.1258,0.1356,0.1457,0.0029,0.0036,0.0046
1999-03-14,0.123,0.1305,0.1386,0.3126,0.3246,0.3386,0.0468,0.0518,0.0568,0.0421,0.0468,0.0516,0.037,0.0426,0.0477,0.2356,0.2448,0.2537,0.125,0.1349,0.1453,0.0029,0.0036,0.0047
1999-03-21,0.1254,0.1324,0.1399,0.3119,0.3225,0.335,0.0469,0.0518,0.057,0.0419,0.0463,0.0509,0.0377,0.0427,0.0482,0.2381,0.2462,0.2538,0.1252,0.1335,0.1429,0.0029,0.0036,0.0047
1999-03-28,0.1273,0.1341,0.1415,0.3093,0.3204,0.3314,0.0474,0.0518,0.0572,0.0422,0.0463,0.0511,0.0382,0.0433,0.0485,0.239,0.2468,0.2549,0.1244,0.1326,0.1408,0.0029,0.0036,0.0047
1999-04-04,0.1284,0.1355,0.142,0.3065,0.3186,0.3301,0.0472,0.052,0.0572,0.0426,0.0469,0.0518,0.0381,0.0438,0.0494,0.2401,0.248,0.2559,0.1233,0.1312,0.14,0.0029,0.0037,0.0048
1999-04-11,0.1285,0.1361,0.1439,0.3059,0.3179,0.3307,0.0474,0.052,0.0574,0.0423,0.0469,0.0521,0.0384,0.0436,0.0492,0.2408,0.2496,0.2584,0.1204,0.1293,0.1383,0.0029,0.0037,0.0048
1999-04-18,0.1287,0.1365,0.1441,0.3058,0.319,0.3329,0.0472,0.0518,0.0574,0.0424,0.047,0.052,0.038,0.0431,0.049,0.2431,0.2519,0.2609,0.117,0.1267,0.136,0.0028,0.0037,0.0048
1999-04-25,0.1294,0.1368,0.1449,0.3082,0.3197,0.3328,0.0466,0.0514,0.0565,0.0423,0.0469,0.0519,0.0374,0.0424,0.0483,0.2462,0.2545,0.2639,0.1146,0.1237,0.1326,0.0028,0.0036,0.0048
1999-05-02,0.1296,0.1364,0.1433,0.3137,0.3248,0.3356,0.0461,0.0503,0.0548,0.0423,0.0471,0.0519,0.0367,0.0414,0.0465,0.2488,0.2565,0.2643,0.1122,0.1199,0.1283,0.0028,0.0036,0.0048
1999-05-09,0.1295,0.1354,0.1419,0.3176,0.3281,0.3391,0.0457,0.0499,0.0544,0.0427,0.0471,0.0519,0.037,0.0413,0.046,0.2492,0.2565,0.2646,0.1108,0.1181,0.1253,0.0028,0.0036,0.0048
1999-05-16,0.1285,0.1348,0.1417,0.3184,0.3292,0.3396,0.0461,0.0505,0.055,0.0423,0.0469,0.0515,0.0378,0.0421,0.0473,0.2475,0.2548,0.2632,0.1103,0.1177,0.1253,0.0028,0.0037,0.0049
1999-05-23,0.1272,0.1344,0.1415,0.3169,0.3277,0.3387,0.0479,0.0524,0.0574,0.042,0.0463,0.0512,0.0397,0.0443,0.0498,0.2441,0.2522,0.2601,0.1108,0.1184,0.1264,0.0029,0.0038,0.005
1999-05-30,0.128,0.136,0.1438,0.3123,0.3246,0.3353,0.0487,0.0536,0.0592,0.0416,0.0461,0.0512,0.0412,0.0468,0.0526,0.2411,0.2498,0.2586,0.1115,0.1191,0.1273,0.003,0.0039,0.0051
1999-06-06,0.1293,0.1374,0.1459,0.3083,0.322,0.3354,0.0485,0.0536,0.0604,0.041,0.0462,0.0514,0.042,0.0484,0.0555,0.2385,0.2483,0.2575,0.1108,0.1194,0.1279,0.003,0.004,0.0052
1999-06-13,0.1286,0.1377,0.1474,0.3074,0.322,0.3365,0.0483,0.0538,0.06,0.041,0.0463,0.0519,0.0428,0.0498,0.0573,0.2365,0.2468,0.2566,0.1091,0.119,0.1293,0.003,0.004,0.0054
1999-06-20,0.1271,0.1369,0.1477,0.3064,0.324,0.3417,0.0475,0.0534,0.0599,0.0406,0.0463,0.0526,0.0427,0.0502,0.0586,0.2351,0.2454,0.2574,0.1074,0.1182,0.1305,0.003,0.0041,0.0054
1999-06-27,0.1253,0.1359,0.147,0.3083,0.327,0.3476,0.0464,0.0528,0.0592,0.0405,0.0464,0.0526,0.0423,0.0505,0.0585,0.2326,0.2446,0.2568,0.1056,0.1177,0.1313,0.0031,0.0041,0.0055
1999-07-04,0.1237,0.1344,0.1466,0.3103,0.3304,0.351,0.0457,0.0522,0.0595,0.0405,0.0463,0.0532,0.0418,0.0507,0.0597,0.2317,0.2435,0.2564,0.1045,0.1166,0.1313,0.0031,0.0041,0.0055
1999-07-11,0.1213,0.1333,0.1455,0.3122,0.3342,0.3561,0.0449,0.0517,0.0589,0.0404,0.0463,0.0531,0.0423,0.0508,0.0604,0.2305,0.2424,0.2555,0.1023,0.1157,0.1304,0.0032,0.0042,0.0056
1999-07-18,0.1204,0.1321,0.1442,0.3152,0.3372,0.3591,0.0446,0.0512,0.0586,0.0405,0.0464,0.0533,0.0425,0.0507,0.0605,0.2301,0.2412,0.2542,0.1021,0.1151,0.1295,0.0032,0.0042,0.0056
1999-07-25,0.1201,0.1311,0.143,0.318,0.3411,0.3621,0.0437,0.0505,0.0577,0.0406,0.0465,0.0534,0.0426,0.0508,0.0599,0.2278,0.2406,0.253,0.1014,0.114,0.1293,0.0032,0.0042,0.0057
1999-08-01,0.1196,0.1296,0.141,0.3237,0.3441,0.3656,0.0436,0.0498,0.0567,0.0408,0.0466,0.0534,0.0429,0.0509,0.0606,0.2277,0.2398,0.2521,0.1009,0.1133,0.1265,0.0032,0.0042,0.0057
1999-08-08,0.1193,0.1286,0.1391,0.3305,0.3479,0.3662,0.0435,0.0492,0.0554,0.0408,0.0466,0.053,0.0439,0.0512,0.0596,0.2274,0.2389,0.2496,0.1014,0.1129,0.1246,0.0033,0.0043,0.0057
1999-08-15,0.1189,0.1276,0.1366,0.3371,0.3506,0.3661,0.0434,0.0486,0.0547,0.0416,0.0466,0.0525,0.0449,0.0513,0.0589,0.2285,0.2379,0.2473,0.1024,0.1124,0.1216,0.0034,0.0043,0.0057
1999-08-22,0.1203,0.1275,0.1351,0.3392,0.3518,0.3637,0.0437,0.0484,0.0537,0.0421,0.0469,0.0524,0.0453,0.0513,0.0579,0.2299,0.2381,0.2472,0.1023,0.1113,0.1198,0.0034,0.0044,0.0057
1999-08-29,0.1219,0.1293,0.1364,0.3354,0.3475,0.3594,0.0443,0.0488,0.0537,0.0426,0.0472,0.0524,0.0448,0.0507,0.057,0.2321,0.2398,0.2489,0.1037,0.1122,0.1206,0.0033,0.0043,0.0057
1999-09-05,0.123,0.1306,0.1385,0.33,0.344,0.3565,0.0441,0.0493,0.0544,0.043,0.0473,0.053,0.0441,0.0504,0.0567,0.2325,0.2412,0.2503,0.1044,0.1132,0.1219,0.0033,0.0043,0.0057
1999-09-12,0.1237,0.1316,0.1399,0.3279,0.3413,0.3554,0.0443,0.0494,0.0543,0.0429,0.0477,0.0529,0.0439,0.0499,0.0564,0.2337,0.2422,0.2517,0.1055,0.1135,0.1223,0.0033,0.0043,0.0058
1999-09-19,0.1242,0.1322,0.1407,0.3267,0.3404,0.354,0.0447,0.0494,0.0545,0.0431,0.048,0.0531,0.044,0.05,0.0561,0.2336,0.2426,0.2517,0.1044,0.113,0.1216,0.0033,0.0043,0.0058
1999-09-26,0.125,0.1326,0.14,0.3286,0.3409,0.3517,0.045,0.0496,0.0547,0.0437,0.0481,0.053,0.0445,0.0502,0.0561,0.2342,0.2426,0.2512,0.1041,0.1116,0.1198,0.0033,0.0043,0.0058
1999-10-03,0.1253,0.1329,0.141,0.3284,0.3396,0.3507,0.0454,0.0503,0.0551,0.044,0.0484,0.0533,0.0444,0.05,0.056,0.2353,0.2431,0.2517,0.1035,0.1117,0.1195,0.0033,0.0043,0.0059
1999-10-10,0.1249,0.1328,0.1415,0.3252,0.3381,0.3501,0.046,0.0509,0.056,0.0441,0.0488,0.0539,0.0438,0.0499,0.0564,0.235,0.2436,0.2524,0.1036,0.1119,0.1205,0.0033,0.0044,0.006
1999-10-17,0.1237,0.1321,0.1409,0.3223,0.3375,0.3522,0.0464,0.0516,0.0566,0.044,0.0489,0.0541,0.0439,0.0503,0.057,0.2344,0.2435,0.2523,0.1032,0.1118,0.1213,0.0033,0.0044,0.006
1999-10-24,0.123,0.1312,0.1392,0.3242,0.3391,0.3522,0.047,0.0522,0.0578,0.044,0.0488,0.0537,0.045,0.0507,0.0575,0.2347,0.2429,0.2517,0.1027,0.1111,0.1204,0.0033,0.0044,0.006
1999-10-31,0.1223,0.1295,0.1366,0.3293,0.3418,0.3533,0.0481,0.0526,0.0573,0.044,0.0486,0.0533,0.0455,0.0511,0.0577,0.2336,0.2422,0.2505,0.1022,0.11,0.1178,0.0034,0.0045,0.0061
1999-11-07,0.121,0.1271,0.1331,0.3367,0.3464,0.3574,0.0485,0.0526,0.057,0.0439,0.0481,0.0522,0.0458,0.0514,0.0569,0.2347,0.2413,0.2489,0.1018,0.1085,0.1151,0.0034,0.0045,0.0061
1999-11-14,0.1202,0.1259,0.132,0.3395,0.3495,0.36,0.0488,0.0527,0.0567,0.0434,0.0473,0.0515,0.0465,0.0517,0.0566,0.2346,0.241,0.2485,0.1012,0.1076,0.1138,0.0034,0.0045,0.0062
1999-11-21,0.1203,0.1263,0.1324,0.3395,0.3496,0.3588,0.0492,0.0533,0.0573,0.0424,0.0464,0.0506,0.0471,0.0522,0.0571,0.2333,0.2406,0.2476,0.1015,0.1075,0.1138,0.0034,0.0045,0.0062
1999-11-28,0.1212,0.1281,0.1347,0.3353,0.3469,0.3579,0.0491,0.0535,0.0582,0.0418,0.0459,0.05,0.0459,0.052,0.0577,0.233,0.2405,0.2485,0.102,0.1089,0.1163,0.0034,0.0046,0.0063
1999-12-05,0.1217,0.1295,0.1373,0.3307,0.3449,0.3585,0.0487,0.0534,0.0584,0.0411,0.0456,0.0502,0.0451,0.0511,0.0574,0.2331,0.241,0.2497,0.1019,0.1103,0.119,0.0034,0.0045,0.0062
1999-12-12,0.1218,0.1303,0.1383,0.328,0.3434,0.3582,0.0481,0.0536,0.059,0.0412,0.0457,0.0502,0.0443,0.0509,0.0576,0.2323,0.2409,0.2505,0.1022,0.1117,0.1214,0.0034,0.0045,0.0062
1999-12-19,0.1219,0.1306,0.1394,0.3266,0.343,0.3588,0.0479,0.0536,0.0594,0.0409,0.0459,0.051,0.0441,0.0504,0.0579,0.2315,0.2408,0.2502,0.1028,0.112,0.1231,0.0034,0.0045,0.0063
1999-12-26,0.1215,0.1302,0.1401,0.3251,0.3431,0.3613,0.048,0.0537,0.0603,0.0408,0.0459,0.0514,0.0433,0.0503,0.0576,0.2303,0.2401,0.2504,0.1023,0.1125,0.1238,0.0034,0.0045,0.0063
2000-01-02,0.1212,0.1301,0.1399,0.3258,0.3432,0.3599,0.0481,0.0539,0.0599,0.0413,0.0462,0.0515,0.0432,0.05,0.0574,0.2298,0.2396,0.2492,0.1034,0.1131,0.124,0.0033,0.0046,0.0064
2000-01-09,0.1221,0.1301,0.1385,0.3284,0.3432,0.358,0.0481,0.0538,0.0598,0.0415,0.0464,0.0513,0.0433,0.0499,0.0565,0.2305,0.2393,0.2482,0.1044,0.1137,0.1233,0.0034,0.0046,0.0063
2000-01-16,0.1242,0.132,0.1399,0.3262,0.3401,0.3531,0.0488,0.0541,0.0598,0.0416,0.0464,0.0515,0.0438,0.0496,0.0554,0.2311,0.2396,0.2486,0.1059,0.1144,0.1232,0.0034,0.0046,0.0063
2000-01-23,0.125,0.1325,0.1404,0.3315,0.3429,0.3554,0.0484,0.0533,0.0582,0.0421,0.0468,0.0517,0.0436,0.0492,0.0552,0.2316,0.2399,0.2479,0.1041,0.1117,0.12,0.0034,0.0046,0.0063
2000-01-30,0.1246,0.132,0.1397,0.3352,0.3473,0.3596,0.0473,0.0521,0.057,0.0428,0.0474,0.0522,0.0428,0.0484,0.0544,0.2321,0.2399,0.248,0.1014,0.1091,0.1176,0.0034,0.0046,0.0063
2000-02-06,0.1235,0.1317,0.1394,0.337,0.3498,0.3622,0.0468,0.0514,0.0567,0.0428,0.0477,0.0527,0.0424,0.0479,0.054,0.2316,0.24,0.2481,0.1007,0.1086,0.1168,0.0034,0.0046,0.0064
2000-02-13,0.123,0.1307,0.1384,0.3392,0.3518,0.3647,0.0469,0.0512,0.056,0.0431,0.0478,0.0526,0.0424,0.0478,0.054,0.2306,0.239,0.2476,0.0999,0.1082,0.1162,0.0034,0.0047,0.0064
2000-02-20,0.123,0.13,0.1363,0.3417,0.3533,0.366,0.0467,0.0511,0.0556,0.0431,0.0478,0.0527,0.0427,0.0485,0.0538,0.2303,0.2382,0.2463,0.0999,0.1082,0.1154,0.0034,0.0047,0.0064
2000-02-27,0.1224,0.1298,0.137,0.3388,0.3513,0.3625,0.0471,0.0517,0.0564,0.0437,0.0483,0.0531,0.0441,0.0493,0.0551,0.2295,0.2374,0.246,0.1014,0.1087,0.1166,0.0035,0.0047,0.0065
2000-03-05,0.1217,0.1292,0.1361,0.3385,0.3493,0.3613,0.0476,0.0522,0.0573,0.0443,0.0492,0.0539,0.045,0.0504,0.0564,0.2285,0.2365,0.2451,0.1021,0.1092,0.117,0.0035,0.0048,0.0066
2000-03-12,0.1232,0.1307,0.1379,0.3328,0.3459,0.3583,0.0478,0.0523,0.0576,0.045,0.0498,0.0551,0.0457,0.0512,0.0567,0.229,0.2363,0.2448,0.1018,0.11,0.1183,0.0035,0.0049,0.0067
2000-03-19,0.1241,0.1318,0.1399,0.3303,0.3438,0.3563,0.0478,0.0524,0.0574,0.0458,0.0504,0.0553,0.0462,0.0518,0.058,0.2274,0.2361,0.2441,0.1018,0.11,0.1184,0.0035,0.0049,0.0068
2000-03-26,0.1249,0.1324,0.1389,0.3319,0.3437,0.355,0.0477,0.0521,0.0573,0.046,0.0507,0.0556,0.0473,0.0527,0.0588,0.2274,0.2353,0.2439,0.1019,0.1094,0.1172,0.0037,0.005,0.0069
2000-04-02,0.1256,0.133,0.1395,0.3326,0.3448,0.3567,0.0468,0.0516,0.0561,0.0464,0.0508,0.0555,0.0478,0.0531,0.0587,0.228,0.2355,0.2435,0.1002,0.1079,0.115,0.0036,0.005,0.007
2000-04-09,0.1261,0.1331,0.1406,0.3324,0.345,0.3582,0.0469,0.0513,0.0559,0.0463,0.0507,0.0552,0.047,0.0531,0.0591,0.229,0.2365,0.2454,0.0992,0.1063,0.1136,0.0036,0.005,0.007
2000-04-16,0.1253,0.1333,0.1408,0.3325,0.3458,0.3588,0.047,0.0514,0.056,0.0456,0.0503,0.0547,0.0464,0.0524,0.0585,0.2292,0.238,0.2467,0.0974,0.1051,0.1124,0.0036,0.005,0.007
2000-04-23,0.1261,0.1332,0.14,0.335,0.3475,0.3585,0.0468,0.0514,0.056,0.0454,0.05,0.0542,0.0462,0.0515,0.0573,0.2316,0.2399,0.2479,0.0964,0.1037,0.1107,0.0036,0.005,0.007
2000-04-30,0.1259,0.133,0.1396,0.3366,0.3485,0.3603,0.047,0.0514,0.0556,0.0454,0.0496,0.0541,0.0462,0.0513,0.0567,0.2321,0.2394,0.2476,0.096,0.103,0.11,0.0035,0.005,0.007
2000-05-07,0.1259,0.1324,0.1384,0.3399,0.3501,0.36,0.0477,0.0519,0.0561,0.0455,0.0495,0.0538,0.0465,0.0515,0.057,0.2308,0.2379,0.245,0.0977,0.1036,0.1103,0.0036,0.005,0.007
2000-05-14,0.1269,0.1331,0.1395,0.3375,0.3486,0.3583,0.0481,0.0524,0.0561,0.0456,0.0496,0.0537,0.0467,0.0516,0.0566,0.2297,0.2368,0.2442,0.0986,0.1049,0.111,0.0036,0.005,0.0071
2000-05-21,0.1292,0.1353,0.1423,0.3356,0.3452,0.356,0.048,0.0524,0.0564,0.0453,0.0496,0.0538,0.0461,0.0511,0.0563,0.2299,0.2366,0.2435,0.1002,0.1064,0.1128,0.0036,0.005,0.007
2000-05-28,0.1316,0.1379,0.1456,0.3319,0.3429,0.3545,0.0472,0.0518,0.0564,0.0449,0.0495,0.0543,0.0445,0.0501,0.0554,0.2299,0.2376,0.2455,0.0994,0.1066,0.1143,0.0035,0.005,0.0071
2000-06-04,0.1332,0.141,0.1495,0.3288,0.3422,0.3562,0.0457,0.0505,0.0557,0.0445,0.0496,0.0547,0.0435,0.0486,0.0547,0.2305,0.2387,0.2474,0.0978,0.1062,0.1143,0.0035,0.0049,0.007
2000-06-11,0.1334,0.1421,0.1522,0.3247,0.3397,0.3553,0.0451,0.0503,0.0553,0.0449,0.0498,0.0556,0.0429,0.0494,0.0558,0.2281,0.2377,0.2475,0.0991,0.1079,0.118,0.0035,0.005,0.0071
2000-06-18,0.1336,0.1433,0.1539,0.3214,0.3364,0.3524,0.0446,0.0497,0.0557,0.0448,0.0502,0.0559,0.0437,0.0504,0.0575,0.2262,0.2359,0.2462,0.1008,0.11,0.1201,0.0036,0.005,0.0071
2000-06-25,0.1357,0.1446,0.1553,0.3192,0.333,0.3473,0.0445,0.0496,0.0554,0.0454,0.0506,0.0561,0.0445,0.0512,0.058,0.2252,0.2344,0.2442,0.1037,0.1126,0.1221,0.0036,0.0051,0.0073
2000-07-02,0.1349,0.1447,0.1554,0.3158,0.3323,0.3494,0.0439,0.0493,0.0554,0.045,0.0508,0.0565,0.0442,0.0513,0.0592,0.2245,0.2343,0.2445,0.1043,0.1142,0.1243,0.0037,0.0051,0.0072
2000-07-09,0.1342,0.1437,0.1551,0.3154,0.3321,0.3504,0.0436,0.049,0.0556,0.0449,0.0505,0.0564,0.0436,0.0509,0.0587,0.2243,0.2346,0.2453,0.1043,0.1149,0.1254,0.0036,0.0051,0.0072
2000-07-16,0.1338,0.1438,0.154,0.3154,0.3323,0.3504,0.0435,0.0491,0.0555,0.045,0.0505,0.0565,0.0431,0.0507,0.0585,0.2247,0.2349,0.2458,0.1051,0.1156,0.1261,0.0037,0.0051,0.0072
2000-07-23,0.1339,0.1431,0.1528,0.3154,0.3318,0.349,0.0434,0.049,0.0553,0.0447,0.0502,0.0563,0.0433,0.0505,0.0588,0.2258,0.2353,0.2454,0.106,0.1166,0.1268,0.0037,0.0051,0.0072
2000-07-30,0.1333,0.1427,0.152,0.3167,0.3322,0.3457,0.0435,0.049,0.0546,0.045,0.0502,0.0559,0.0433,0.0503,0.0577,0.2261,0.2355,0.2461,0.108,0.1177,0.127,0.0037,0.0051,0.0074
2000-08-06,0.1352,0.1437,0.1531,0.315,0.3298,0.3442,0.0436,0.0488,0.0541,0.0447,0.0496,0.055,0.0433,0.0495,0.0565,0.2267,0.2353,0.2454,0.1112,0.1202,0.1297,0.0036,0.005,0.0073
2000-08-13,0.1376,0.1456,0.153,0.3145,0.3267,0.339,0.0438,0.0485,0.0532,0.0446,0.049,0.0538,0.0429,0.049,0.0551,0.2273,0.2354,0.2442,0.1148,0.1229,0.1323,0.0036,0.005,0.0073
2000-08-20,0.1394,0.1466,0.1536,0.3131,0.3243,0.3362,0.0439,0.0483,0.0535,0.0441,0.0486,0.0532,0.0431,0.0488,0.0543,0.2271,0.2353,0.2431,0.118,0.1255,0.1342,0.0036,0.005,0.0073
2000-08-27,0.1403,0.1472,0.1544,0.3104,0.3222,0.3336,0.0442,0.0487,0.0533,0.0443,0.0487,0.0534,0.0433,0.0492,0.0552,0.2269,0.2345,0.2423,0.1194,0.1273,0.1351,0.0036,0.0051,0.0074
2000-09-03,0.1379,0.1457,0.1531,0.3129,0.325,0.3372,0.0438,0.0481,0.0532,0.0441,0.0487,0.0533,0.0438,0.0497,0.0557,0.2248,0.233,0.2415,0.1189,0.1271,0.1368,0.0037,0.0051,0.0075
2000-09-10,0.1371,0.1449,0.1539,0.314,0.3285,0.342,0.0425,0.0472,0.0526,0.0437,0.0486,0.0535,0.0435,0.0495,0.0563,0.224,0.2325,0.2412,0.1173,0.126,0.1363,0.0036,0.0051,0.0076
2000-09-17,0.1369,0.145,0.1541,0.3156,0.3307,0.3449,0.0417,0.0464,0.0515,0.0435,0.0483,0.053,0.0433,0.0494,0.0563,0.2235,0.2327,0.2414,0.1156,0.1246,0.1351,0.0037,0.0051,0.0074
2000-09-24,0.1373,0.1453,0.1531,0.321,0.3327,0.3456,0.0411,0.0456,0.0501,0.0435,0.0482,0.0527,0.0439,0.0493,0.0556,0.2245,0.2325,0.2404,0.1156,0.1236,0.1319,0.0037,0.0051,0.0075
2000-10-01,0.1377,0.1444,0.1513,0.3285,0.3396,0.3509,0.0401,0.0441,0.0481,0.044,0.0482,0.0523,0.0439,0.0493,0.0552,0.2248,0.2324,0.2403,0.1121,0.1196,0.1277,0.0037,0.0052,0.0074
2000-10-08,0.1352,0.1437,0.1524,0.327,0.3398,0.3542,0.0403,0.0445,0.049,0.0441,0.0485,0.053,0.0432,0.0491,0.0552,0.2236,0.2315,0.2399,0.1119,0.1197,0.1292,0.0038,0.0052,0.0074
2000-10-15,0.1349,0.1434,0.1519,0.3262,0.3411,0.3558,0.0406,0.0447,0.0495,0.0439,0.0485,0.0537,0.0429,0.0489,0.0555,0.2222,0.2304,0.239,0.1114,0.1201,0.1297,0.0037,0.0053,0.0075
2000-10-22,0.1346,0.143,0.1511,0.3282,0.3427,0.3569,0.0404,0.0448,0.0494,0.0444,0.0488,0.0536,0.043,0.0487,0.0546,0.2208,0.2291,0.2372,0.1119,0.1206,0.1304,0.0038,0.0053,0.0075
2000-10-29,0.1354,0.1423,0.1498,0.3325,0.3442,0.3563,0.0408,0.0451,0.0489,0.0447,0.0489,0.0531,0.0429,0.0481,0.0539,0.2208,0.2282,0.2353,0.1131,0.121,0.1286,0.0038,0.0053,0.0075
2000-11-05,0.134,0.1406,0.1478,0.3368,0.3472,0.3589,0.041,0.0452,0.0488,0.0454,0.049,0.0534,0.0425,0.0478,0.0528,0.2199,0.2272,0.2339,0.1133,0.1208,0.128,0.0038,0.0054,0.0076
2000-11-12,0.1327,0.1391,0.1448,0.3407,0.3513,0.3613,0.0415,0.0452,0.0491,0.0453,0.0491,0.053,0.0425,0.0475,0.0524,0.2202,0.2269,0.2335,0.1124,0.1192,0.1258,0.0039,0.0054,0.0076
2000-11-19,0.1312,0.1375,0.1439,0.3444,0.3551,0.3656,0.0417,0.0457,0.0494,0.0451,0.049,0.0528,0.0425,0.0477,0.0522,0.2204,0.2274,0.2338,0.1094,0.116,0.1233,0.0039,0.0054,0.0076
2000-11-26,0.1296,0.1368,0.1438,0.3434,0.3548,0.3668,0.0423,0.0465,0.0504,0.0452,0.0493,0.0532,0.0439,0.0487,0.0538,0.2195,0.2264,0.2339,0.1078,0.1156,0.1226,0.0039,0.0055,0.0078
2000-12-03,0.1295,0.1369,0.1442,0.3392,0.3514,0.3634,0.0432,0.0476,0.052,0.0458,0.0499,0.0542,0.0448,0.0504,0.0566,0.2176,0.2253,0.2324,0.1086,0.1163,0.1236,0.004,0.0056,0.0081
2000-12-10,0.1275,0.136,0.1435,0.3383,0.3521,0.3659,0.043,0.0478,0.0525,0.0459,0.0505,0.0552,0.044,0.0504,0.0566,0.2172,0.2254,0.2337,0.107,0.1154,0.124,0.004,0.0057,0.0081
2000-12-17,0.1257,0.1347,0.1435,0.3374,0.3549,0.3706,0.0426,0.0478,0.053,0.0457,0.0509,0.056,0.0429,0.0497,0.0568,0.217,0.2255,0.235,0.1048,0.1145,0.1246,0.0041,0.0056,0.008
2000-12-24,0.1251,0.134,0.1433,0.3381,0.3556,0.3731,0.0422,0.048,0.0535,0.0457,0.0513,0.0567,0.0422,0.0488,0.0567,0.2165,0.2256,0.2361,0.1033,0.1139,0.1255,0.0041,0.0057,0.0081
2000-12-31,0.1241,0.1331,0.1428,0.3382,0.3568,0.3749,0.0422,0.048,0.0539,0.0465,0.0518,0.0572,0.0415,0.0482,0.0565,0.2163,0.2257,0.2363,0.1033,0.1134,0.1248,0.0041,0.0057,0.0081
2001-01-07,0.1235,0.1322,0.141,0.3399,0.3585,0.3756,0.0427,0.0481,0.0538,0.0474,0.0523,0.0578,0.0414,0.0476,0.055,0.2167,0.2259,0.2357,0.1024,0.1128,0.1231,0.0041,0.0057,0.0081
2001-01-14,0.1237,0.1314,0.1396,0.3454,0.36,0.3752,0.0434,0.048,0.0534,0.048,0.0526,0.0575,0.041,0.0471,0.0537,0.2171,0.2263,0.2354,0.1033,0.1121,0.1212,0.0041,0.0057,0.0082
2001-01-21,0.1232,0.1299,0.1362,0.3526,0.364,0.3751,0.0438,0.0481,0.0526,0.0486,0.0529,0.0574,0.0413,0.0462,0.0518,0.2191,0.2266,0.2351,0.103,0.1101,0.1174,0.0041,0.0057,0.0082
2001-01-28,0.1224,0.1293,0.1365,0.3525,0.3646,0.3757,0.0439,0.0483,0.0531,0.049,0.0534,0.058,0.0404,0.0456,0.051,0.2191,0.2269,0.2353,0.1022,0.1094,0.1174,0.0041,0.0057,0.0081
2001-02-04,0.1217,0.1291,0.1364,0.3518,0.3637,0.3765,0.0442,0.0486,0.0538,0.0492,0.0537,0.0585,0.0399,0.0454,0.0507,0.2192,0.2273,0.2358,0.1021,0.11,0.1179,0.0041,0.0057,0.0081
2001-02-11,0.1203,0.1283,0.1362,0.3507,0.3637,0.3769,0.0444,0.0489,0.0546,0.0493,0.0544,0.0593,0.0401,0.0459,0.0512,0.2183,0.2269,0.236,0.1017,0.1097,0.1182,0.0042,0.0058,0.0082
2001-02-18,0.1193,0.1279,0.1358,0.3505,0.3635,0.378,0.0442,0.0488,0.0542,0.0506,0.0557,0.0611,0.0413,0.047,0.053,0.2174,0.226,0.2344,0.0998,0.1082,0.1177,0.0042,0.0059,0.0083
2001-02-25,0.1209,0.1274,0.1344,0.3516,0.3628,0.3752,0.0444,0.0489,0.0536,0.0527,0.0574,0.0622,0.0428,0.0482,0.054,0.2177,0.2252,0.2328,0.1,0.1072,0.115,0.0044,0.006,0.0085
2001-03-04,0.1209,0.1278,0.1344,0.3513,0.3627,0.3748,0.0442,0.0486,0.0529,0.0532,0.058,0.0625,0.043,0.0484,0.0538,0.2175,0.2249,0.2329,0.0998,0.107,0.1143,0.0044,0.0061,0.0085
2001-03-11,0.1196,0.1268,0.1342,0.353,0.3657,0.3774,0.0432,0.0476,0.0526,0.0549,0.0601,0.0649,0.0434,0.0485,0.0544,0.2169,0.2243,0.2328,0.0965,0.1044,0.1115,0.0044,0.0061,0.0087
2001-03-18,0.1192,0.1262,0.1338,0.3528,0.3661,0.3804,0.042,0.0464,0.0512,0.0576,0.0632,0.0683,0.0431,0.0491,0.0557,0.2152,0.2236,0.2322,0.0937,0.102,0.1098,0.0045,0.0063,0.0089
2001-03-25,0.1186,0.1258,0.1329,0.3536,0.3667,0.3794,0.041,0.0452,0.0497,0.0608,0.0665,0.0721,0.0439,0.0498,0.0557,0.2142,0.2225,0.2304,0.093,0.1006,0.109,0.0045,0.0064,0.009
2001-04-01,0.1182,0.1252,0.1323,0.355,0.3662,0.3782,0.04,0.044,0.0481,0.0644,0.0699,0.0755,0.0447,0.0502,0.0561,0.213,0.2205,0.2288,0.0929,0.1003,0.1079,0.0046,0.0065,0.0093
2001-04-08,0.1168,0.1238,0.1315,0.3531,0.3662,0.3794,0.0398,0.0438,0.0478,0.0667,0.0724,0.0784,0.044,0.0504,0.0572,0.211,0.2192,0.2277,0.0934,0.1006,0.1083,0.0046,0.0066,0.0094
2001-04-15,0.1145,0.122,0.1303,0.3519,0.3662,0.3813,0.0399,0.044,0.0482,0.0684,0.0745,0.0808,0.044,0.0501,0.0564,0.2097,0.2184,0.2267,0.0929,0.1004,0.109,0.0047,0.0066,0.0095
2001-04-22,0.1134,0.1202,0.1266,0.354,0.3671,0.379,0.0398,0.0443,0.0489,0.0712,0.0769,0.0828,0.0443,0.0499,0.056,0.2096,0.2175,0.2252,0.0928,0.1005,0.1081,0.0046,0.0067,0.0096
2001-04-29,0.1122,0.1185,0.1255,0.3582,0.3704,0.3821,0.0393,0.0438,0.0477,0.0729,0.0787,0.0847,0.0445,0.0499,0.0557,0.2094,0.2166,0.2235,0.0914,0.0983,0.1055,0.0047,0.0067,0.0097
2001-05-06,0.1133,0.1195,0.1249,0.3606,0.3711,0.3832,0.0391,0.0428,0.0469,0.0739,0.0791,0.0843,0.0446,0.0496,0.0553,0.21,0.2171,0.2242,0.0906,0.0971,0.104,0.0047,0.0068,0.0098
2001-05-13,0.1152,0.1209,0.1265,0.36,0.3707,0.3809,0.0386,0.0421,0.0457,0.0739,0.079,0.0846,0.0441,0.0493,0.0545,0.2112,0.2181,0.2248,0.0906,0.0964,0.1024,0.0047,0.0067,0.0098
2001-05-20,0.1169,0.1227,0.1291,0.3592,0.3702,0.3809,0.0373,0.0408,0.0445,0.0747,0.0798,0.0854,0.0431,0.0485,0.0539,0.2123,0.2191,0.2262,0.089,0.0954,0.1016,0.0046,0.0067,0.0099
2001-05-27,0.1175,0.1241,0.1307,0.3569,0.368,0.3788,0.0361,0.0399,0.0437,0.076,0.0815,0.0871,0.043,0.0479,0.0535,0.2131,0.2202,0.2273,0.0887,0.0947,0.1018,0.0046,0.0067,0.01
2001-06-03,0.1179,0.1243,0.1315,0.3531,0.3647,0.3772,0.0359,0.0399,0.0439,0.0774,0.0834,0.0891,0.0428,0.0483,0.054,0.2124,0.2198,0.2275,0.0895,0.0957,0.1029,0.0046,0.0068,0.0101
2001-06-10,0.1168,0.1236,0.1308,0.3516,0.3639,0.3764,0.0357,0.0401,0.0441,0.0781,0.0839,0.0901,0.0424,0.0481,0.0538,0.211,0.2192,0.2268,0.0897,0.0974,0.1047,0.0045,0.0068,0.0101
2001-06-17,0.1159,0.1231,0.13,0.3512,0.3647,0.3776,0.0353,0.0396,0.0441,0.0785,0.0848,0.0918,0.0412,0.0472,0.0533,0.2109,0.2185,0.2266,0.0907,0.0987,0.1058,0.0046,0.0068,0.0101
2001-06-24,0.1147,0.1228,0.1302,0.3511,0.3648,0.3785,0.0345,0.0391,0.0438,0.0789,0.0863,0.0938,0.0404,0.0463,0.0518,0.2093,0.2181,0.2267,0.0907,0.0998,0.1082,0.0046,0.0068,0.0101
2001-07-01,0.1131,0.122,0.1313,0.3501,0.366,0.3818,0.034,0.0389,0.0438,0.0778,0.0859,0.0947,0.0391,0.0459,0.0527,0.208,0.2176,0.227,0.0905,0.1002,0.11,0.0046,0.0068,0.0101
2001-07-08,0.1121,0.1219,0.132,0.3482,0.3673,0.3863,0.0339,0.0388,0.0446,0.0765,0.0849,0.0944,0.0381,0.0458,0.0534,0.2072,0.2173,0.2275,0.0895,0.1003,0.112,0.0046,0.0068,0.0101
2001-07-15,0.1111,0.1214,0.1317,0.3487,0.3686,0.3891,0.0338,0.0386,0.0446,0.0754,0.0839,0.0934,0.038,0.0457,0.0546,0.2066,0.2179,0.2288,0.0897,0.1,0.1132,0.0047,0.0068,0.01
2001-07-22,0.1109,0.1215,0.1316,0.348,0.3703,0.392,0.0336,0.0384,0.0444,0.0747,0.0827,0.0924,0.0379,0.0458,0.054,0.2063,0.2175,0.2291,0.0896,0.1005,0.1136,0.0047,0.0068,0.01
2001-07-29,0.1105,0.121,0.1316,0.3495,0.3717,0.3925,0.0332,0.0384,0.044,0.0734,0.0815,0.0907,0.0381,0.0455,0.0539,0.2067,0.2177,0.2291,0.0899,0.1007,0.113,0.0047,0.0068,0.0099
2001-08-05,0.1109,0.1206,0.1306,0.3533,0.3721,0.3909,0.0335,0.0383,0.0436,0.0728,0.0807,0.0893,0.0384,0.046,0.0534,0.2078,0.2177,0.228,0.0905,0.1012,0.1123,0.0047,0.0068,0.01
2001-08-12,0.1119,0.1203,0.129,0.3571,0.3736,0.3895,0.0334,0.0381,0.043,0.0729,0.0797,0.0871,0.0391,0.0459,0.0527,0.2091,0.2176,0.2268,0.092,0.1014,0.111,0.0047,0.0069,0.01
2001-08-19,0.1127,0.1207,0.1281,0.3609,0.3743,0.3878,0.0335,0.0378,0.0425,0.0726,0.0787,0.0851,0.0398,0.0457,0.0515,0.21,0.2187,0.2273,0.0928,0.1014,0.11,0.0047,0.0069,0.01
2001-08-26,0.1143,0.1213,0.1285,0.3621,0.374,0.3863,0.0335,0.0377,0.0418,0.0715,0.0771,0.0831,0.0398,0.0453,0.0511,0.2118,0.2203,0.2287,0.0937,0.101,0.109,0.0047,0.0068,0.0101
2001-09-02,0.1139,0.121,0.128,0.3633,0.3752,0.3861,0.0336,0.0376,0.0417,0.0695,0.0746,0.0801,0.0397,0.0447,0.0505,0.2142,0.2221,0.2301,0.0945,0.1022,0.1097,0.0047,0.0068,0.0099
2001-09-09,0.112,0.1193,0.1264,0.3657,0.3793,0.391,0.0334,0.0378,0.0416,0.0676,0.0729,0.0786,0.0392,0.0448,0.0505,0.2148,0.2228,0.2315,0.0932,0.1011,0.1094,0.0047,0.0069,0.0098
2001-09-16,0.1105,0.1176,0.1248,0.3701,0.384,0.3967,0.0329,0.0373,0.0413,0.0668,0.0721,0.0781,0.0396,0.0455,0.0514,0.2138,0.2217,0.2305,0.0916,0.0994,0.1081,0.0048,0.0069,0.0099
2001-09-23,0.1096,0.1163,0.1233,0.3761,0.3877,0.3998,0.0325,0.0368,0.0406,0.0669,0.072,0.0776,0.0406,0.0464,0.0524,0.2127,0.2206,0.2289,0.0899,0.0974,0.1046,0.0049,0.007,0.01
2001-09-30,0.1092,0.1161,0.123,0.3745,0.3861,0.3981,0.0334,0.0376,0.0412,0.0666,0.0717,0.0769,0.0418,0.0473,0.0533,0.2121,0.22,0.228,0.0914,0.0985,0.1058,0.005,0.0071,0.0101
2001-10-07,0.108,0.1151,0.1222,0.3749,0.3873,0.4004,0.0338,0.0383,0.0423,0.0661,0.071,0.0767,0.0415,0.0482,0.0548,0.2109,0.2187,0.2273,0.091,0.0983,0.1063,0.0051,0.0072,0.01
2001-10-14,0.1064,0.1138,0.1219,0.3752,0.3899,0.4035,0.0343,0.0387,0.0428,0.0653,0.0707,0.0764,0.0423,0.0489,0.0556,0.2095,0.2178,0.2263,0.0898,0.0974,0.1059,0.0052,0.0073,0.0102
2001-10-21,0.1058,0.113,0.1199,0.3785,0.391,0.4041,0.0351,0.0392,0.0433,0.0647,0.0703,0.0758,0.0436,0.05,0.0566,0.2085,0.2163,0.224,0.0894,0.0969,0.1047,0.0053,0.0074,0.0103
2001-10-28,0.1052,0.1116,0.1183,0.382,0.3949,0.408,0.0354,0.0395,0.0439,0.064,0.0695,0.0752,0.0438,0.0503,0.0562,0.2085,0.2161,0.2241,0.0878,0.0948,0.1024,0.0053,0.0074,0.0104
2001-11-04,0.1038,0.1104,0.1166,0.3873,0.3992,0.4123,0.0361,0.0401,0.0444,0.0629,0.0679,0.0731,0.0444,0.0499,0.056,0.2094,0.2162,0.2236,0.0857,0.0927,0.0991,0.0054,0.0074,0.0104
2001-11-11,0.1027,0.109,0.1151,0.393,0.4046,0.4166,0.0368,0.0405,0.0443,0.0617,0.066,0.0711,0.0443,0.05,0.0558,0.2084,0.2157,0.2229,0.0852,0.0912,0.0981,0.0055,0.0074,0.0103
2001-11-18,0.102,0.1078,0.1139,0.3965,0.4078,0.4198,0.0369,0.0408,0.0449,0.0602,0.0648,0.0692,0.0443,0.05,0.0555,0.2077,0.2145,0.2217,0.085,0.0911,0.0977,0.0056,0.0075,0.0104
2001-11-25,0.102,0.1082,0.1137,0.3965,0.4072,0.418,0.0373,0.0412,0.0454,0.0593,0.0635,0.0678,0.0445,0.0503,0.0558,0.2075,0.2142,0.2214,0.0862,0.0926,0.0989,0.0055,0.0075,0.0104
2001-12-02,0.1036,0.1098,0.1164,0.3893,0.4019,0.4135,0.0376,0.0416,0.0461,0.0589,0.0636,0.0686,0.0441,0.05,0.0562,0.2078,0.2148,0.2222,0.0878,0.0953,0.1028,0.0056,0.0075,0.0104
2001-12-09,0.1024,0.1096,0.1166,0.3904,0.4043,0.4174,0.0368,0.0409,0.0456,0.0593,0.0642,0.0699,0.0436,0.0498,0.0565,0.205,0.2134,0.2218,0.0867,0.0948,0.1026,0.0056,0.0075,0.0104
2001-12-16,0.1023,0.1094,0.1167,0.3932,0.4065,0.42,0.036,0.0399,0.0443,0.0597,0.0653,0.0716,0.0433,0.0492,0.0562,0.2039,0.2121,0.2213,0.0857,0.0941,0.102,0.0056,0.0076,0.0106
2001-12-23,0.1014,0.1089,0.1169,0.3949,0.4111,0.4261,0.0344,0.0389,0.0436,0.0593,0.0651,0.0716,0.0424,0.0491,0.056,0.2027,0.2107,0.2197,0.0843,0.0929,0.1017,0.0056,0.0076,0.0106
2001-12-30,0.1003,0.1081,0.117,0.3992,0.4181,0.4342,0.0335,0.038,0.043,0.0582,0.0641,0.0705,0.0414,0.0483,0.0559,0.2003,0.2093,0.2189,0.0831,0.092,0.1013,0.0056,0.0076,0.0106
2002-01-06,0.099,0.1068,0.1166,0.4066,0.4234,0.4413,0.0324,0.037,0.0417,0.0576,0.0633,0.0697,0.0408,0.0479,0.0555,0.1986,0.2076,0.2168,0.0824,0.091,0.0998,0.0056,0.0076,0.0106
2002-01-13,0.0986,0.106,0.1136,0.4148,0.4297,0.4454,0.0316,0.0361,0.0405,0.0571,0.0624,0.0678,0.0407,0.0474,0.0543,0.1969,0.206,0.2143,0.0812,0.0898,0.0986,0.0057,0.0077,0.0105
2002-01-20,0.0981,0.1051,0.1125,0.4222,0.4363,0.45,0.0307,0.0348,0.039,0.0568,0.0617,0.0672,0.0399,0.0461,0.0519,0.1967,0.2052,0.2134,0.0804,0.0885,0.0966,0.0056,0.0076,0.0105
2002-01-27,0.0954,0.1022,0.1096,0.4312,0.4449,0.4577,0.0301,0.034,0.0382,0.0566,0.0618,0.067,0.04,0.0459,0.0523,0.194,0.202,0.2102,0.0794,0.0869,0.0946,0.0057,0.0077,0.0106
2002-02-03,0.0922,0.0986,0.1047,0.4412,0.4543,0.4664,0.0298,0.0335,0.0376,0.0572,0.0619,0.067,0.0408,0.0468,0.0531,0.1898,0.1981,0.2053,0.078,0.085,0.0924,0.0058,0.0077,0.0107
2002-02-10,0.0895,0.0961,0.1026,0.4444,0.4579,0.4723,0.0297,0.0336,0.0379,0.0575,0.0625,0.0676,0.0418,0.0478,0.0539,0.1873,0.1954,0.2031,0.0768,0.0841,0.0913,0.0059,0.0079,0.0109
2002-02-17,0.0888,0.0952,0.1019,0.4432,0.4573,0.47,0.0303,0.0343,0.0384,0.0584,0.063,0.0684,0.0426,0.049,0.0554,0.1862,0.1944,0.2024,0.0766,0.0843,0.0917,0.006,0.0081,0.0111
2002-02-24,0.0873,0.094,0.1012,0.4479,0.4631,0.4773,0.0298,0.0338,0.0381,0.0576,0.0631,0.0686,0.0418,0.0482,0.0552,0.1862,0.1944,0.2022,0.0735,0.0812,0.0894,0.006,0.0081,0.0111
2002-03-03,0.0865,0.0929,0.0993,0.4567,0.4704,0.4844,0.0293,0.0331,0.0372,0.0576,0.0627,0.0677,0.0413,0.0471,0.0535,0.1865,0.1944,0.2024,0.0698,0.0773,0.084,0.006,0.0081,0.0112
2002-03-10,0.0852,0.0915,0.0985,0.4638,0.4768,0.4898,0.0288,0.0326,0.0365,0.057,0.062,0.0666,0.0405,0.0458,0.0521,0.1869,0.1942,0.2018,0.068,0.0748,0.0812,0.0059,0.008,0.0111
2002-03-17,0.087,0.0931,0.0994,0.4586,0.4711,0.4842,0.03,0.0337,0.0377,0.057,0.0618,0.0664,0.0402,0.0458,0.0514,0.1876,0.1947,0.2028,0.0708,0.0778,0.0846,0.0059,0.0081,0.0112
2002-03-24,0.0874,0.0936,0.0998,0.4531,0.4672,0.4805,0.0312,0.035,0.0391,0.0572,0.0619,0.0663,0.0399,0.0458,0.0518,0.1878,0.1951,0.2033,0.0725,0.0793,0.0862,0.006,0.0081,0.0111
2002-03-31,0.0863,0.0925,0.099,0.4546,0.4681,0.4812,0.0322,0.0361,0.0403,0.0564,0.0615,0.0667,0.0402,0.0462,0.0525,0.1868,0.1945,0.2024,0.0716,0.0785,0.0855,0.006,0.0081,0.0112
2002-04-07,0.0861,0.0919,0.0985,0.4555,0.4691,0.483,0.0326,0.0367,0.0411,0.0565,0.061,0.0663,0.0406,0.0464,0.0524,0.1871,0.1946,0.2023,0.0708,0.0776,0.0848,0.0061,0.0082,0.0112
2002-04-14,0.0853,0.0913,0.0975,0.4586,0.471,0.4836,0.033,0.0368,0.0411,0.0558,0.0603,0.0655,0.0409,0.0465,0.0526,0.1871,0.1943,0.2021,0.0704,0.0767,0.0832,0.0062,0.0083,0.0113
2002-04-21,0.0872,0.093,0.0991,0.4546,0.4666,0.4795,0.0336,0.0378,0.0416,0.0546,0.0593,0.0639,0.0405,0.0463,0.0524,0.1881,0.1953,0.2028,0.0729,0.0793,0.0865,0.0061,0.0083,0.0113
2002-04-28,0.0858,0.0916,0.098,0.4592,0.4713,0.4846,0.0335,0.038,0.042,0.0533,0.0578,0.0625,0.0401,0.0461,0.0521,0.1869,0.1947,0.2025,0.0718,0.0785,0.0848,0.0061,0.0083,0.0113
2002-05-05,0.0845,0.09,0.0961,0.4631,0.4752,0.4874,0.0337,0.0382,0.0423,0.0527,0.0572,0.0616,0.0408,0.0466,0.0528,0.186,0.1939,0.2016,0.0707,0.0769,0.0827,0.0062,0.0084,0.0113
2002-05-12,0.0873,0.0928,0.0991,0.4467,0.4592,0.4718,0.0358,0.04,0.044,0.055,0.0593,0.0634,0.043,0.049,0.0556,0.1881,0.1952,0.2022,0.0757,0.0818,0.088,0.0064,0.0086,0.0115
2002-05-19,0.0882,0.0941,0.0999,0.4356,0.4471,0.4595,0.0375,0.0413,0.0453,0.0569,0.0613,0.0659,0.0451,0.0512,0.0576,0.1874,0.1953,0.2025,0.0801,0.0862,0.093,0.0066,0.0088,0.0117
2002-05-26,0.0872,0.0929,0.0987,0.4308,0.4433,0.4551,0.0379,0.042,0.0461,0.0584,0.0633,0.0682,0.0463,0.0527,0.0587,0.1868,0.1938,0.2013,0.0822,0.0888,0.0954,0.0068,0.009,0.0119
2002-06-02,0.0842,0.0901,0.0963,0.4339,0.4462,0.4588,0.0382,0.0421,0.0465,0.0593,0.0641,0.0692,0.047,0.0534,0.0596,0.1838,0.191,0.1982,0.0821,0.0893,0.0964,0.007,0.0091,0.0122
2002-06-09,0.0828,0.0889,0.0956,0.4325,0.4451,0.4577,0.0378,0.0422,0.0471,0.06,0.0653,0.0712,0.0481,0.055,0.0615,0.1811,0.1893,0.1975,0.0819,0.09,0.0977,0.0071,0.0093,0.0124
2002-06-16,0.082,0.0895,0.0965,0.4271,0.4411,0.4547,0.0377,0.0425,0.0476,0.0613,0.0667,0.0731,0.0497,0.0565,0.0636,0.1803,0.1893,0.1972,0.0821,0.0902,0.0977,0.0074,0.0095,0.0126
2002-06-23,0.0826,0.0903,0.0976,0.4239,0.438,0.4528,0.0375,0.0422,0.0474,0.0609,0.0673,0.0741,0.0498,0.057,0.0648,0.1802,0.1899,0.1985,0.0825,0.0903,0.0988,0.0074,0.0095,0.0128
2002-06-30,0.0832,0.0909,0.0987,0.4201,0.4369,0.4544,0.0371,0.042,0.0477,0.0601,0.0667,0.0738,0.0495,0.0572,0.0654,0.1804,0.1904,0.2,0.0826,0.0912,0.1012,0.0074,0.0095,0.0129
2002-07-07,0.0832,0.0914,0.0997,0.4163,0.4355,0.4553,0.0366,0.0418,0.0476,0.0591,0.0656,0.0731,0.0493,0.0569,0.0659,0.1809,0.1907,0.2006,0.0825,0.0924,0.1033,0.0074,0.0095,0.0127
2002-07-14,0.084,0.0926,0.1007,0.4152,0.434,0.4541,0.0364,0.0418,0.0473,0.0581,0.0645,0.0719,0.0487,0.0571,0.0657,0.1818,0.1912,0.2014,0.0836,0.0938,0.105,0.0075,0.0096,0.0128
2002-07-21,0.0855,0.0933,0.1012,0.4153,0.433,0.4503,0.0362,0.0416,0.0472,0.0573,0.0636,0.0707,0.0488,0.0568,0.0651,0.1826,0.192,0.2019,0.0857,0.0952,0.1056,0.0075,0.0096,0.0128
2002-07-28,0.086,0.093,0.1002,0.4194,0.4338,0.4491,0.0364,0.0413,0.0463,0.057,0.0626,0.0683,0.0507,0.0582,0.0654,0.1819,0.1911,0.1996,0.0866,0.0953,0.1044,0.0076,0.0097,0.0128
2002-08-04,0.0842,0.0911,0.0977,0.4267,0.4392,0.4525,0.0365,0.0411,0.0455,0.057,0.0618,0.0671,0.0555,0.0618,0.0687,0.1797,0.1875,0.1958,0.0847,0.0922,0.1006,0.008,0.01,0.0129
2002-08-11,0.0825,0.0883,0.0937,0.4332,0.444,0.4562,0.0366,0.0408,0.045,0.0567,0.0614,0.0659,0.0616,0.0679,0.0746,0.1753,0.1826,0.1899,0.0825,0.089,0.0957,0.0086,0.0105,0.0131
2002-08-18,0.084,0.0898,0.0955,0.4244,0.4349,0.4458,0.038,0.042,0.0457,0.0567,0.0609,0.0652,0.0671,0.0737,0.0806,0.1734,0.18,0.187,0.0861,0.0923,0.0986,0.0092,0.0109,0.0132
2002-08-25,0.0853,0.0907,0.0959,0.4113,0.4215,0.4301,0.0404,0.0445,0.0485,0.0565,0.0603,0.0643,0.0747,0.0809,0.0869,0.1698,0.176,0.1822,0.0931,0.0993,0.1058,0.0098,0.0114,0.0135
2002-09-01,0.0879,0.0929,0.0976,0.3916,0.3993,0.408,0.0431,0.0468,0.0502,0.0579,0.0615,0.0653,0.0895,0.0956,0.1016,0.1647,0.17,0.1755,0.0996,0.1053,0.1107,0.011,0.0123,0.014
2002-09-08,0.0813,0.0852,0.0886,0.3943,0.4027,0.411,0.0438,0.0462,0.0488,0.0593,0.0623,0.0654,0.1123,0.1181,0.1242,0.1546,0.1586,0.1628,0.0914,0.0961,0.1011,0.0128,0.0136,0.0146
2002-09-15,0.0838,0.0838,0.0838,0.3985,0.3985,0.3985,0.0464,0.0464,0.0464,0.0619,0.0619,0.0619,0.1339,0.1339,0.1339,0.1525,0.1525,0.1525,0.0914,0.0914,0.0914,0.0144,0.0144,0.0144
2002-09-22,0.0801,0.0844,0.0893,0.3928,0.4027,0.413,0.0426,0.0454,0.048,0.0591,0.0619,0.065,0.1277,0.134,0.1405,0.143,0.1497,0.1563,0.0849,0.0903,0.0964,0.0133,0.0142,0.0153
2002-09-29,0.0795,0.0849,0.0905,0.3954,0.4068,0.4185,0.0409,0.0444,0.0476,0.0582,0.0619,0.0659,0.127,0.1342,0.1421,0.1384,0.147,0.1548,0.0831,0.0895,0.0965,0.0127,0.014,0.0156
2002-10-06,0.0788,0.0848,0.0906,0.3982,0.4098,0.4221,0.0393,0.0429,0.0465,0.0575,0.0615,0.0662,0.1284,0.1362,0.1453,0.1394,0.1469,0.1551,0.0802,0.0863,0.0936,0.0123,0.0139,0.0157
2002-10-13,0.0786,0.0844,0.0909,0.4005,0.4119,0.424,0.0384,0.0418,0.0454,0.0568,0.0612,0.0663,0.1303,0.1385,0.1467,0.1391,0.1472,0.1551,0.0777,0.0839,0.0904,0.012,0.0138,0.0159
2002-10-20,0.0785,0.0847,0.0905,0.4022,0.4129,0.4235,0.0378,0.0413,0.0448,0.0567,0.0609,0.0659,0.1325,0.1398,0.1484,0.1389,0.1466,0.1544,0.0767,0.0829,0.0896,0.0119,0.0137,0.0159
2002-10-27,0.0798,0.0862,0.0921,0.397,0.4086,0.4204,0.0383,0.0421,0.0459,0.0565,0.061,0.0661,0.1326,0.1408,0.1489,0.1383,0.1462,0.1543,0.0777,0.0843,0.0913,0.0118,0.0136,0.0162
2002-11-03,0.0817,0.0877,0.0934,0.3939,0.4047,0.4166,0.0394,0.043,0.0471,0.0566,0.0611,0.0657,0.1332,0.1405,0.1495,0.1388,0.1457,0.1538,0.0793,0.086,0.0927,0.0117,0.0136,0.0161
2002-11-10,0.0829,0.0884,0.094,0.3928,0.4036,0.4142,0.0397,0.0435,0.0473,0.0569,0.0608,0.0654,0.1325,0.1391,0.1468,0.1406,0.1478,0.1557,0.0796,0.0857,0.0919,0.0118,0.0137,0.0162
2002-11-17,0.0831,0.0884,0.094,0.3933,0.4041,0.4143,0.0395,0.0431,0.0465,0.0567,0.0608,0.065,0.1314,0.1382,0.1453,0.1434,0.1505,0.1587,0.0784,0.0838,0.0892,0.0118,0.0138,0.0164
2002-11-24,0.0829,0.0881,0.0935,0.3956,0.4051,0.4154,0.0389,0.0423,0.046,0.0566,0.0606,0.0649,0.1315,0.1385,0.1455,0.1453,0.1532,0.161,0.0755,0.0812,0.0867,0.0117,0.0137,0.0165
2002-12-01,0.083,0.0888,0.0947,0.3933,0.4038,0.4139,0.0383,0.0422,0.0459,0.0564,0.061,0.0659,0.1313,0.1389,0.1464,0.145,0.1528,0.1607,0.0758,0.0817,0.0875,0.0116,0.0137,0.0164
2002-12-08,0.0828,0.0889,0.0953,0.3916,0.4034,0.4147,0.0379,0.0418,0.0458,0.056,0.061,0.0659,0.1304,0.1383,0.147,0.1451,0.1541,0.1635,0.0744,0.0813,0.0878,0.0115,0.0137,0.0165
2002-12-15,0.0814,0.088,0.0948,0.3916,0.404,0.416,0.0371,0.0413,0.0454,0.0554,0.0607,0.0659,0.1297,0.1382,0.1471,0.1463,0.156,0.1661,0.0738,0.0804,0.0872,0.0114,0.0137,0.0167
2002-12-22,0.0801,0.0872,0.095,0.3895,0.4041,0.4174,0.0368,0.0412,0.0454,0.0552,0.0606,0.066,0.1295,0.1389,0.1485,0.1468,0.157,0.1675,0.0727,0.0802,0.0881,0.0112,0.0137,0.0167
2002-12-29,0.0784,0.0861,0.0942,0.3881,0.4029,0.4185,0.037,0.0415,0.046,0.0552,0.0608,0.0668,0.1299,0.1398,0.1502,0.1467,0.1576,0.1694,0.0723,0.08,0.0888,0.0112,0.0137,0.0169
2003-01-05,0.0772,0.0849,0.0924,0.3866,0.4026,0.4177,0.0369,0.0417,0.0466,0.055,0.0607,0.0668,0.1311,0.1406,0.1509,0.1475,0.158,0.17,0.0722,0.08,0.088,0.0113,0.0137,0.017
2003-01-12,0.0763,0.0835,0.0914,0.3881,0.4022,0.416,0.0373,0.0419,0.0464,0.0552,0.061,0.0668,0.1318,0.1416,0.1513,0.1485,0.1586,0.1696,0.0724,0.0797,0.0872,0.0113,0.0138,0.0171
2003-01-19,0.0758,0.0823,0.0889,0.3906,0.4026,0.4166,0.0375,0.0419,0.0463,0.0555,0.061,0.0668,0.1336,0.1424,0.1515,0.149,0.1587,0.1689,0.0728,0.0795,0.0864,0.0112,0.0138,0.0171
2003-01-26,0.0747,0.0809,0.0871,0.3939,0.4052,0.4177,0.0379,0.0418,0.046,0.0555,0.0607,0.0663,0.1344,0.1426,0.1514,0.1489,0.158,0.1679,0.0731,0.0793,0.0861,0.0112,0.0138,0.0171
2003-02-02,0.0734,0.0796,0.0852,0.3967,0.4084,0.42,0.0383,0.0426,0.0466,0.0556,0.0608,0.0659,0.1328,0.1413,0.1499,0.1458,0.1547,0.1629,0.0756,0.0818,0.0889,0.0112,0.0139,0.0174
2003-02-09,0.0729,0.079,0.0851,0.3966,0.4095,0.4223,0.0388,0.0431,0.0479,0.0559,0.0609,0.0663,0.1315,0.1401,0.1488,0.1437,0.1531,0.1617,0.0764,0.0834,0.0903,0.0112,0.014,0.0175
2003-02-16,0.0726,0.079,0.0851,0.3961,0.4096,0.4226,0.0392,0.0438,0.0486,0.056,0.0612,0.0664,0.1297,0.1384,0.1472,0.1435,0.1528,0.162,0.0775,0.0843,0.0915,0.0111,0.014,0.0175
2003-02-23,0.0732,0.0789,0.0851,0.3967,0.4086,0.4213,0.04,0.0443,0.0493,0.0567,0.0616,0.0669,0.1283,0.1364,0.1445,0.1452,0.1532,0.1625,0.0784,0.085,0.0923,0.0112,0.0141,0.0175
2003-03-02,0.0737,0.0799,0.0856,0.3952,0.4066,0.4181,0.041,0.0451,0.0496,0.0577,0.0624,0.0676,0.1277,0.1352,0.1434,0.1455,0.1539,0.1626,0.0791,0.0858,0.0922,0.0113,0.0141,0.0176
2003-03-09,0.0746,0.0806,0.0874,0.3924,0.4055,0.4185,0.0413,0.0456,0.0502,0.0584,0.0631,0.0685,0.1256,0.1339,0.142,0.1457,0.1537,0.1638,0.0793,0.0858,0.0928,0.0112,0.0141,0.0175
2003-03-16,0.0751,0.0815,0.0884,0.3923,0.4048,0.4176,0.0415,0.0461,0.0511,0.059,0.0637,0.0688,0.1247,0.1331,0.1419,0.1444,0.1538,0.1631,0.0779,0.085,0.0927,0.0111,0.0142,0.0174
2003-03-23,0.0761,0.0825,0.0887,0.3924,0.4041,0.4169,0.0422,0.0465,0.0517,0.0594,0.064,0.0692,0.1253,0.1327,0.1406,0.1455,0.1544,0.1628,0.0779,0.0844,0.0907,0.0111,0.0141,0.0177
2003-03-30,0.0772,0.0838,0.0905,0.3891,0.4003,0.4118,0.043,0.0472,0.0518,0.06,0.0647,0.07,0.1262,0.134,0.1419,0.1459,0.1548,0.1638,0.077,0.0836,0.0906,0.0111,0.0141,0.0176
2003-04-06,0.0779,0.0844,0.0912,0.3837,0.3958,0.4084,0.0433,0.0479,0.0526,0.06,0.0653,0.0707,0.128,0.1359,0.1448,0.1479,0.1569,0.1658,0.075,0.0821,0.0894,0.0112,0.0141,0.0175
2003-04-13,0.0784,0.0847,0.0922,0.3798,0.3923,0.4053,0.0435,0.0485,0.0534,0.0598,0.0652,0.0707,0.1296,0.1382,0.1471,0.15,0.1594,0.1682,0.0734,0.08,0.0879,0.011,0.014,0.0177
2003-04-20,0.0788,0.0853,0.0921,0.3751,0.388,0.4015,0.0439,0.0487,0.0537,0.0597,0.0652,0.0705,0.1319,0.1403,0.1497,0.1538,0.1628,0.1719,0.0719,0.0779,0.0846,0.011,0.014,0.0176
2003-04-27,0.0794,0.086,0.0925,0.3716,0.3839,0.3976,0.0442,0.0492,0.0543,0.0598,0.0654,0.071,0.1327,0.1408,0.15,0.1546,0.1646,0.1746,0.0718,0.0777,0.0841,0.011,0.014,0.0177
2003-05-04,0.0806,0.0872,0.0934,0.3676,0.3795,0.3924,0.045,0.0498,0.0548,0.0608,0.0659,0.0714,0.133,0.1408,0.1498,0.1572,0.1664,0.1756,0.0717,0.0782,0.0851,0.011,0.0141,0.018
2003-05-11,0.0823,0.0881,0.094,0.3638,0.3747,0.3866,0.0456,0.0502,0.0547,0.0616,0.0661,0.0712,0.1338,0.1413,0.1497,0.1598,0.1687,0.1775,0.0722,0.0783,0.0844,0.011,0.0142,0.018
2003-05-18,0.0834,0.0891,0.0946,0.36,0.3699,0.38,0.0462,0.0504,0.0545,0.0619,0.0662,0.0713,0.1359,0.1425,0.1503,0.1637,0.1717,0.1797,0.0726,0.0778,0.0838,0.0111,0.0142,0.0181
2003-05-25,0.0842,0.0899,0.0959,0.357,0.3672,0.3778,0.0468,0.051,0.0552,0.0628,0.0671,0.0715,0.1343,0.1413,0.149,0.1643,0.1724,0.1815,0.0727,0.0784,0.0843,0.0111,0.0143,0.0184
2003-06-01,0.0843,0.0904,0.0965,0.3554,0.3661,0.3773,0.0468,0.0516,0.0558,0.0636,0.0682,0.0733,0.1319,0.1394,0.1475,0.1642,0.173,0.1823,0.0731,0.0787,0.0851,0.0111,0.0144,0.0184
2003-06-08,0.0835,0.0906,0.0975,0.3547,0.367,0.3794,0.0469,0.0516,0.0568,0.0638,0.0691,0.0748,0.1299,0.138,0.1471,0.1632,0.1725,0.1825,0.0722,0.0786,0.0856,0.0109,0.0144,0.0185
2003-06-15,0.0832,0.0904,0.0971,0.3553,0.3683,0.3817,0.0467,0.0514,0.0569,0.0641,0.0698,0.0757,0.1288,0.1375,0.1474,0.1614,0.1719,0.182,0.071,0.0777,0.0853,0.0108,0.0144,0.0184
2003-06-22,0.0831,0.0901,0.0973,0.357,0.3705,0.3847,0.0458,0.051,0.0567,0.0646,0.0702,0.0768,0.1278,0.1369,0.1472,0.1605,0.1714,0.1816,0.0701,0.0769,0.0841,0.0108,0.0144,0.0184
2003-06-29,0.0824,0.0903,0.098,0.3552,0.3714,0.3881,0.0454,0.0508,0.057,0.0645,0.0705,0.0775,0.1261,0.1363,0.147,0.1595,0.1711,0.1833,0.0688,0.0767,0.085,0.0108,0.0143,0.0184
2003-07-06,0.0813,0.0905,0.0991,0.3535,0.3713,0.3903,0.045,0.0508,0.0571,0.0641,0.0704,0.0775,0.1244,0.1356,0.1487,0.1585,0.1713,0.1863,0.0676,0.0767,0.086,0.0109,0.0143,0.0186
2003-07-13,0.081,0.0906,0.0999,0.3526,0.3718,0.3913,0.0445,0.0506,0.0572,0.0638,0.0706,0.0774,0.1234,0.1351,0.1476,0.1582,0.1713,0.1868,0.0673,0.0764,0.0867,0.0109,0.0144,0.0187
2003-07-20,0.081,0.0903,0.0998,0.3532,0.3722,0.3909,0.0441,0.0506,0.0571,0.0642,0.0704,0.0779,0.1236,0.1344,0.147,0.1586,0.1717,0.1878,0.0672,0.0765,0.0868,0.0108,0.0144,0.0185
2003-07-27,0.0807,0.0904,0.1,0.3541,0.3724,0.391,0.0442,0.0502,0.057,0.0641,0.0706,0.0776,0.1226,0.134,0.1458,0.159,0.172,0.1865,0.0672,0.0767,0.0871,0.0108,0.0144,0.0186
2003-08-03,0.0819,0.0907,0.0994,0.356,0.373,0.3902,0.0447,0.0503,0.0566,0.0646,0.0706,0.077,0.123,0.1329,0.1446,0.1602,0.1723,0.1856,0.0685,0.0768,0.0868,0.0109,0.0144,0.0186
2003-08-10,0.0827,0.0906,0.099,0.3589,0.3733,0.3876,0.0447,0.0501,0.0555,0.0653,0.0707,0.0766,0.1228,0.1323,0.1425,0.1629,0.1728,0.1841,0.0694,0.0767,0.085,0.011,0.0144,0.0187
2003-08-17,0.0846,0.0915,0.0994,0.3593,0.3723,0.3862,0.0453,0.0504,0.0556,0.0657,0.0707,0.0767,0.1228,0.1316,0.1412,0.1637,0.1731,0.1835,0.0701,0.0768,0.0841,0.011,0.0144,0.0188
2003-08-24,0.0857,0.0927,0.0996,0.36,0.3718,0.3835,0.0458,0.0508,0.0556,0.0659,0.0711,0.0769,0.1233,0.131,0.1395,0.1646,0.1728,0.1818,0.0709,0.077,0.0839,0.011,0.0145,0.0189
2003-08-31,0.087,0.0933,0.1005,0.3612,0.3725,0.3846,0.046,0.0507,0.0559,0.0657,0.0711,0.0765,0.1227,0.1302,0.1393,0.1636,0.1723,0.1814,0.0703,0.0767,0.0827,0.0109,0.0145,0.0188
2003-09-07,0.0869,0.093,0.1001,0.3625,0.3749,0.3872,0.0455,0.0504,0.0557,0.0655,0.0709,0.0768,0.1215,0.1299,0.1384,0.1636,0.1732,0.1823,0.0689,0.075,0.0813,0.011,0.0145,0.0186
2003-09-14,0.0853,0.0919,0.0989,0.365,0.3771,0.3895,0.0452,0.0498,0.055,0.0654,0.0709,0.0766,0.1203,0.1293,0.1375,0.1651,0.175,0.1843,0.067,0.0732,0.08,0.011,0.0144,0.0186
2003-09-21,0.0841,0.0901,0.0975,0.3669,0.3794,0.3922,0.0449,0.0496,0.0545,0.0651,0.0705,0.0763,0.12,0.1282,0.1362,0.1674,0.1778,0.1878,0.0654,0.0712,0.0775,0.011,0.0145,0.0186
2003-09-28,0.0822,0.0886,0.0953,0.3691,0.3814,0.3937,0.0449,0.0494,0.0541,0.0644,0.0704,0.0751,0.1188,0.1266,0.1349,0.1702,0.1799,0.19,0.0647,0.0707,0.0767,0.0111,0.0146,0.0188
2003-10-05,0.0811,0.0877,0.0944,0.3687,0.381,0.3939,0.0445,0.0491,0.0541,0.0645,0.0697,0.0749,0.1181,0.1258,0.1342,0.1729,0.1825,0.1924,0.0638,0.0703,0.0764,0.0111,0.0147,0.0188
2003-10-12,0.081,0.0874,0.0943,0.3669,0.3789,0.3922,0.0449,0.0491,0.0539,0.0644,0.0696,0.0747,0.1175,0.1257,0.1336,0.1761,0.1864,0.1969,0.0635,0.0692,0.076,0.0112,0.0147,0.0188
2003-10-19,0.0806,0.087,0.0936,0.3605,0.3739,0.3862,0.045,0.0491,0.0537,0.0644,0.0697,0.0751,0.1181,0.1261,0.1343,0.1815,0.1923,0.2034,0.0625,0.0683,0.0746,0.0114,0.0149,0.019
2003-10-26,0.0814,0.087,0.0933,0.3563,0.3683,0.3799,0.0447,0.0488,0.0533,0.0644,0.0697,0.0751,0.1189,0.1268,0.1346,0.1884,0.1987,0.2091,0.0617,0.0667,0.0731,0.0114,0.015,0.0192
2003-11-02,0.0816,0.0875,0.0931,0.3529,0.3642,0.3754,0.0445,0.0489,0.053,0.0645,0.0694,0.0745,0.1203,0.1276,0.1345,0.193,0.2019,0.2121,0.0613,0.0664,0.0724,0.0114,0.015,0.0192
2003-11-09,0.0833,0.0889,0.0947,0.3496,0.3604,0.371,0.0448,0.0489,0.0529,0.0647,0.0692,0.074,0.1217,0.1281,0.1355,0.1952,0.2036,0.2125,0.0613,0.0662,0.0714,0.0113,0.015,0.0191
2003-11-16,0.0843,0.0899,0.0955,0.3477,0.3576,0.3672,0.045,0.0489,0.0528,0.0648,0.0692,0.074,0.1219,0.1284,0.1352,0.197,0.2059,0.2144,0.0608,0.0657,0.071,0.0115,0.0151,0.0194
2003-11-23,0.0839,0.0892,0.0947,0.3473,0.3574,0.3669,0.0445,0.0482,0.0521,0.0644,0.069,0.0738,0.1217,0.1282,0.1351,0.2012,0.2092,0.2176,0.0597,0.064,0.069,0.0113,0.015,0.0196
2003-11-30,0.0838,0.0899,0.0961,0.3493,0.3598,0.3712,0.0441,0.0479,0.0521,0.0645,0.0694,0.0745,0.119,0.126,0.134,0.1996,0.2086,0.2177,0.0584,0.0637,0.0687,0.0114,0.015,0.0194
2003-12-07,0.085,0.0914,0.0981,0.3504,0.3619,0.3739,0.0439,0.0478,0.0522,0.0647,0.0697,0.075,0.1163,0.1232,0.131,0.1983,0.2079,0.2186,0.0581,0.0633,0.0689,0.0114,0.0152,0.0196
2003-12-14,0.086,0.0928,0.0998,0.3518,0.3624,0.3737,0.0433,0.0476,0.0519,0.0644,0.0697,0.0751,0.1136,0.1206,0.1284,0.1996,0.2094,0.2201,0.057,0.0623,0.0679,0.0114,0.015,0.0199
2003-12-21,0.0862,0.0934,0.1009,0.3519,0.3645,0.3781,0.0428,0.0473,0.0519,0.0635,0.0689,0.0745,0.1114,0.1196,0.1279,0.1984,0.2098,0.2216,0.0559,0.0618,0.0671,0.0113,0.0151,0.02
2003-12-28,0.0866,0.0937,0.1019,0.3533,0.3664,0.3803,0.0425,0.0472,0.0519,0.0627,0.0681,0.0741,0.1112,0.1193,0.1269,0.197,0.2093,0.2216,0.0556,0.0612,0.0678,0.0113,0.015,0.0201
2004-01-04,0.0864,0.0943,0.1025,0.3542,0.3679,0.3819,0.0423,0.0471,0.052,0.0614,0.0672,0.073,0.1106,0.1191,0.1275,0.1965,0.2091,0.221,0.0549,0.0607,0.0671,0.0113,0.0149,0.0201
2004-01-11,0.0877,0.0947,0.1021,0.3563,0.3686,0.3811,0.0424,0.0471,0.0517,0.0612,0.0665,0.0716,0.1117,0.1193,0.1275,0.1981,0.2093,0.2208,0.0546,0.06,0.066,0.0111,0.0149,0.0201
2004-01-18,0.0882,0.0945,0.1013,0.3573,0.37,0.3821,0.0418,0.0465,0.0508,0.0602,0.0654,0.0705,0.1113,0.1187,0.1258,0.2011,0.212,0.2232,0.0528,0.0585,0.0637,0.0109,0.0148,0.0202
2004-01-25,0.0877,0.0941,0.1013,0.3593,0.3718,0.3848,0.0416,0.046,0.0505,0.0595,0.0646,0.0697,0.1113,0.1189,0.126,0.2015,0.2128,0.2239,0.0519,0.0573,0.0626,0.0109,0.0147,0.02
2004-02-01,0.0884,0.0948,0.102,0.3608,0.3726,0.3856,0.0418,0.046,0.0506,0.0592,0.0641,0.0692,0.1117,0.1194,0.1272,0.2004,0.2108,0.2217,0.0522,0.0575,0.0625,0.0108,0.0147,0.02
2004-02-08,0.0884,0.0946,0.1013,0.3631,0.3742,0.386,0.0421,0.0461,0.0506,0.059,0.0636,0.0682,0.1133,0.1203,0.1279,0.1993,0.2086,0.2182,0.0533,0.0578,0.0631,0.0107,0.0147,0.02
2004-02-15,0.0882,0.0948,0.1016,0.3642,0.3751,0.3866,0.0423,0.0467,0.0513,0.0591,0.0635,0.0687,0.1127,0.1199,0.1279,0.1968,0.2069,0.2173,0.0534,0.0584,0.0643,0.0108,0.0148,0.0196
2004-02-22,0.0876,0.0943,0.1015,0.363,0.3756,0.3876,0.0427,0.0471,0.052,0.0589,0.0639,0.0686,0.1119,0.1191,0.1275,0.1963,0.2064,0.2169,0.0539,0.0589,0.0649,0.0108,0.0149,0.0198
2004-02-29,0.0862,0.093,0.1003,0.3645,0.377,0.3899,0.0429,0.0473,0.0517,0.0594,0.0639,0.0685,0.11,0.1174,0.1255,0.1969,0.2074,0.2175,0.0534,0.0587,0.0649,0.0109,0.015,0.0198
2004-03-07,0.0857,0.0917,0.0983,0.3686,0.3802,0.3912,0.0431,0.0471,0.0514,0.0597,0.0642,0.0688,0.1088,0.1158,0.1232,0.1982,0.208,0.2172,0.053,0.0582,0.0642,0.011,0.0151,0.0201
2004-03-14,0.085,0.0915,0.0981,0.3679,0.3798,0.3919,0.0432,0.0474,0.0522,0.06,0.0646,0.0694,0.1065,0.1141,0.1217,0.2003,0.2103,0.2203,0.0524,0.0575,0.0631,0.0109,0.0152,0.0202
2004-03-21,0.0851,0.0916,0.0979,0.3649,0.3778,0.3909,0.0433,0.0478,0.0526,0.0601,0.0651,0.07,0.1046,0.1128,0.1205,0.202,0.213,0.2245,0.0517,0.057,0.0626,0.0109,0.0154,0.0205
2004-03-28,0.0851,0.0918,0.0987,0.3653,0.3771,0.3902,0.0434,0.0479,0.0528,0.0605,0.0654,0.0709,0.1042,0.1119,0.1197,0.2031,0.2142,0.2256,0.0509,0.0564,0.062,0.0112,0.0154,0.0204
2004-04-04,0.0849,0.0913,0.0981,0.3654,0.3774,0.3896,0.0432,0.0474,0.0519,0.0605,0.0653,0.0706,0.1052,0.1119,0.1196,0.2056,0.216,0.2274,0.05,0.055,0.0603,0.0112,0.0155,0.0205
2004-04-11,0.0847,0.0906,0.0967,0.3684,0.3792,0.3915,0.0421,0.0464,0.051,0.0599,0.0646,0.07,0.1051,0.1125,0.1197,0.2076,0.2178,0.228,0.0486,0.0533,0.0583,0.011,0.0153,0.0204
2004-04-18,0.0842,0.0908,0.0973,0.3665,0.379,0.3913,0.0415,0.0458,0.0501,0.0593,0.0643,0.0698,0.1051,0.1124,0.1203,0.2095,0.2202,0.2306,0.0477,0.0523,0.0572,0.0108,0.0152,0.0208
2004-04-25,0.0845,0.0915,0.0984,0.3651,0.3778,0.3915,0.0411,0.0455,0.0499,0.0594,0.0642,0.0696,0.1048,0.1121,0.1198,0.21,0.2216,0.2332,0.047,0.052,0.0572,0.0108,0.0153,0.0208
2004-05-02,0.0864,0.0932,0.0999,0.3624,0.3762,0.388,0.0418,0.046,0.0501,0.0595,0.0646,0.0697,0.1045,0.1116,0.1194,0.2084,0.2208,0.2323,0.0478,0.0529,0.0581,0.0109,0.0153,0.0207
2004-05-09,0.0887,0.0952,0.1012,0.3621,0.3724,0.3836,0.0431,0.0472,0.0509,0.0607,0.0653,0.0695,0.1045,0.111,0.1177,0.2092,0.2187,0.229,0.05,0.0545,0.0594,0.0109,0.0154,0.0207
2004-05-16,0.0909,0.0968,0.1029,0.3574,0.3676,0.3785,0.0445,0.0484,0.0521,0.0614,0.0663,0.0708,0.104,0.1099,0.1165,0.2104,0.2196,0.2289,0.0508,0.0553,0.06,0.011,0.0156,0.0209
2004-05-23,0.0923,0.0988,0.1054,0.3518,0.3623,0.3738,0.0454,0.0497,0.0542,0.0634,0.0678,0.0726,0.1022,0.1087,0.1155,0.211,0.2205,0.2317,0.0505,0.0557,0.0609,0.0111,0.0157,0.0212
2004-05-30,0.0941,0.1013,0.109,0.3457,0.3581,0.3709,0.0466,0.0509,0.0557,0.0642,0.0693,0.0744,0.1003,0.1074,0.1145,0.2091,0.2204,0.2313,0.0507,0.056,0.0616,0.0112,0.0158,0.0213
2004-06-06,0.0959,0.1035,0.112,0.3431,0.3553,0.3688,0.0472,0.052,0.0574,0.0652,0.0706,0.0761,0.099,0.1065,0.1138,0.2074,0.2187,0.2305,0.0509,0.0566,0.0623,0.0111,0.0158,0.0217
2004-06-13,0.0965,0.1044,0.1131,0.3414,0.3546,0.3684,0.0478,0.0529,0.0585,0.0654,0.0713,0.0774,0.0982,0.1054,0.1138,0.2058,0.218,0.23,0.0511,0.0566,0.0628,0.011,0.0158,0.0218
2004-06-20,0.0954,0.1035,0.1128,0.3412,0.3552,0.3685,0.048,0.0531,0.0585,0.0659,0.0717,0.0781,0.0978,0.1053,0.1135,0.2057,0.2176,0.2295,0.0508,0.0565,0.0626,0.0109,0.0159,0.0218
2004-06-27,0.0941,0.102,0.1107,0.3427,0.3565,0.372,0.0478,0.0529,0.0587,0.0658,0.0719,0.0783,0.0975,0.1055,0.1141,0.2059,0.2176,0.2299,0.0504,0.0561,0.0623,0.0112,0.0159,0.0218
2004-07-04,0.0917,0.1006,0.1098,0.3416,0.357,0.3742,0.0475,0.053,0.059,0.0652,0.0719,0.0789,0.0965,0.1056,0.1153,0.2054,0.2187,0.2311,0.0498,0.056,0.0631,0.0113,0.0159,0.0219
2004-07-11,0.0904,0.0998,0.1098,0.3387,0.3567,0.3736,0.0471,0.0531,0.0598,0.0649,0.0721,0.0788,0.0955,0.1053,0.1156,0.2049,0.2202,0.2336,0.0495,0.0558,0.0633,0.0116,0.0161,0.022
2004-07-18,0.0889,0.0994,0.1098,0.3361,0.3547,0.3736,0.0471,0.0533,0.0602,0.0656,0.0723,0.0795,0.095,0.1055,0.1158,0.2053,0.2214,0.2366,0.0493,0.056,0.0635,0.0115,0.0163,0.0223
2004-07-25,0.0888,0.0989,0.11,0.3345,0.3533,0.3732,0.0471,0.0533,0.0606,0.0657,0.0726,0.0798,0.095,0.1051,0.1156,0.2067,0.222,0.2384,0.0495,0.056,0.064,0.0117,0.0164,0.0223
2004-08-01,0.0887,0.0986,0.109,0.3351,0.3524,0.3704,0.0476,0.0536,0.0604,0.0662,0.0728,0.0798,0.0951,0.1049,0.115,0.2075,0.2235,0.2394,0.0494,0.0561,0.0636,0.0117,0.0165,0.0225
2004-08-08,0.089,0.0985,0.1077,0.3345,0.351,0.3667,0.048,0.0538,0.0601,0.0668,0.0731,0.0801,0.0954,0.1044,0.1143,0.2101,0.2248,0.24,0.0496,0.0563,0.0631,0.0118,0.0165,0.0228
2004-08-15,0.0902,0.0982,0.1069,0.3363,0.3495,0.3634,0.0487,0.0541,0.0597,0.0672,0.0735,0.0799,0.0963,0.1045,0.1122,0.2132,0.2262,0.2398,0.0501,0.0563,0.0627,0.0119,0.0166,0.0225
2004-08-22,0.0903,0.0967,0.1038,0.3355,0.3468,0.3598,0.0492,0.0541,0.0594,0.0679,0.0733,0.0791,0.0983,0.1055,0.1131,0.2176,0.2291,0.2399,0.0503,0.0559,0.0614,0.0122,0.0167,0.0226
2004-08-29,0.0883,0.0948,0.1019,0.3325,0.344,0.356,0.0487,0.0535,0.0584,0.0677,0.0729,0.0788,0.0997,0.1068,0.114,0.2251,0.2351,0.2455,0.0494,0.0544,0.0595,0.0122,0.0169,0.023
2004-09-05,0.0861,0.0925,0.0991,0.3309,0.3433,0.3545,0.0479,0.0525,0.0572,0.0679,0.0725,0.078,0.1008,0.1079,0.1148,0.2298,0.2406,0.2507,0.0477,0.0527,0.0582,0.0121,0.0171,0.0233
2004-09-12,0.0841,0.0899,0.0963,0.3308,0.343,0.3536,0.0475,0.0518,0.0562,0.0675,0.0721,0.077,0.1025,0.1094,0.1166,0.2344,0.2441,0.2537,0.0464,0.0512,0.0564,0.0121,0.0171,0.0232
2004-09-19,0.0808,0.0869,0.0937,0.332,0.3441,0.3555,0.0463,0.0507,0.055,0.0661,0.0711,0.0764,0.1033,0.1097,0.1172,0.2378,0.2494,0.2613,0.0445,0.0491,0.0545,0.0121,0.0172,0.0235
2004-09-26,0.0772,0.0838,0.0904,0.3319,0.3455,0.3578,0.045,0.0494,0.054,0.0648,0.0698,0.0755,0.1024,0.1093,0.1175,0.2435,0.2562,0.2699,0.0424,0.0471,0.0523,0.012,0.0172,0.0237
2004-10-03,0.0739,0.0803,0.0867,0.3367,0.3488,0.3609,0.0441,0.0484,0.0532,0.064,0.0689,0.074,0.1019,0.1088,0.1165,0.2489,0.2605,0.2715,0.041,0.0455,0.0502,0.0124,0.0173,0.024
2004-10-10,0.0717,0.0775,0.084,0.3439,0.3555,0.3667,0.0429,0.0474,0.0521,0.0638,0.0689,0.0737,0.1008,0.1077,0.115,0.2479,0.2588,0.27,0.0407,0.0452,0.05,0.0125,0.0175,0.0242
2004-10-17,0.0693,0.0749,0.0808,0.3478,0.3606,0.3728,0.0425,0.0468,0.0513,0.0636,0.0686,0.0738,0.0992,0.1064,0.1128,0.2467,0.2582,0.2709,0.0403,0.045,0.0497,0.0128,0.0177,0.0242
2004-10-24,0.068,0.0732,0.079,0.3525,0.3646,0.3773,0.0423,0.0467,0.0511,0.0633,0.0685,0.0737,0.0989,0.1054,0.1122,0.246,0.2575,0.2692,0.0403,0.0448,0.0495,0.0129,0.0178,0.0241
2004-10-31,0.0676,0.0728,0.0785,0.3573,0.3682,0.3796,0.0427,0.0469,0.0513,0.0643,0.0688,0.0735,0.099,0.1054,0.1119,0.2428,0.2528,0.2637,0.0412,0.0455,0.0497,0.013,0.0178,0.0242
2004-11-07,0.069,0.0739,0.0789,0.3569,0.3668,0.3773,0.0446,0.0487,0.0527,0.0651,0.0694,0.0737,0.1012,0.1078,0.1138,0.2366,0.2465,0.2556,0.0433,0.0477,0.0519,0.0131,0.0179,0.0239
2004-11-14,0.0687,0.0737,0.0787,0.3543,0.3654,0.3752,0.0458,0.0494,0.0538,0.0657,0.0697,0.0744,0.1025,0.1089,0.1151,0.2359,0.245,0.2539,0.0442,0.0484,0.0531,0.0132,0.0181,0.0239
2004-11-21,0.068,0.0728,0.0779,0.3532,0.3634,0.3737,0.0456,0.0495,0.0536,0.0655,0.07,0.0746,0.103,0.1093,0.1163,0.2373,0.2463,0.256,0.0443,0.0486,0.0532,0.0135,0.0183,0.0241
2004-11-28,0.0671,0.0722,0.0774,0.3542,0.3642,0.3753,0.0447,0.0488,0.0528,0.0654,0.0699,0.0746,0.1029,0.1091,0.1162,0.238,0.2474,0.257,0.0439,0.0482,0.053,0.0135,0.0184,0.0243
2004-12-05,0.0666,0.0719,0.0778,0.3523,0.3636,0.3742,0.0441,0.0482,0.0527,0.0652,0.0695,0.0745,0.1025,0.1094,0.1167,0.2389,0.2498,0.2601,0.0431,0.0476,0.0527,0.0137,0.0185,0.0245
2004-12-12,0.0663,0.0719,0.0777,0.3486,0.3606,0.3721,0.0439,0.0481,0.0527,0.0647,0.0694,0.0745,0.1033,0.1103,0.1175,0.2419,0.2514,0.2624,0.0426,0.0473,0.0521,0.0137,0.0186,0.0244
2004-12-19,0.0653,0.0712,0.0777,0.3464,0.3598,0.374,0.0432,0.0477,0.0527,0.0641,0.0691,0.0748,0.1035,0.1109,0.1194,0.2423,0.2536,0.2664,0.0414,0.0464,0.0518,0.0137,0.0185,0.0247
2004-12-26,0.064,0.0697,0.0765,0.3442,0.3606,0.3753,0.042,0.0471,0.0523,0.0629,0.0687,0.0748,0.1033,0.1114,0.12,0.2416,0.2565,0.2711,0.0401,0.0454,0.0505,0.0136,0.0186,0.0252
2005-01-02,0.0627,0.069,0.0752,0.3458,0.3608,0.3759,0.0413,0.0465,0.0514,0.0624,0.0684,0.074,0.1031,0.1119,0.1202,0.2438,0.2592,0.2726,0.039,0.0443,0.0496,0.0136,0.0187,0.0253
2005-01-09,0.0617,0.0679,0.0736,0.3488,0.361,0.3745,0.0414,0.0459,0.0503,0.0622,0.0679,0.0733,0.1041,0.1125,0.1207,0.249,0.2612,0.2739,0.0384,0.0431,0.0481,0.0136,0.0188,0.0253
2005-01-16,0.0623,0.0676,0.0727,0.3473,0.3575,0.368,0.0427,0.0468,0.0508,0.063,0.068,0.0724,0.1061,0.1127,0.1192,0.2548,0.2641,0.2739,0.0384,0.0427,0.0469,0.0137,0.0189,0.0257
2005-01-23,0.062,0.0668,0.0719,0.3463,0.3578,0.3684,0.0432,0.0474,0.052,0.0628,0.0678,0.0731,0.107,0.1136,0.1206,0.2518,0.263,0.2735,0.0381,0.0426,0.0468,0.0136,0.019,0.026
2005-01-30,0.06,0.0653,0.0707,0.3455,0.3564,0.3681,0.0432,0.0477,0.0523,0.0625,0.0673,0.0728,0.1074,0.1145,0.1218,0.2544,0.2656,0.2756,0.0378,0.0419,0.0466,0.0137,0.0192,0.0263
2005-02-06,0.0596,0.0651,0.0707,0.3456,0.3568,0.3695,0.0445,0.049,0.0537,0.0623,0.0674,0.0729,0.1083,0.1155,0.1231,0.2494,0.261,0.272,0.0388,0.0434,0.0481,0.0138,0.0192,0.0264
2005-02-13,0.0609,0.0664,0.0721,0.3391,0.3514,0.3641,0.0465,0.0509,0.0561,0.0625,0.0677,0.0736,0.1076,0.1153,0.1235,0.2489,0.2614,0.2731,0.0399,0.0446,0.0497,0.0139,0.0194,0.0267
2005-02-20,0.0623,0.0675,0.0739,0.33,0.3431,0.3558,0.0478,0.0529,0.0586,0.0629,0.068,0.0732,0.1081,0.1158,0.1233,0.2522,0.2644,0.2767,0.0403,0.0456,0.0511,0.0141,0.0197,0.0269
2005-02-27,0.0627,0.0682,0.0743,0.3228,0.3358,0.3485,0.049,0.0543,0.06,0.0625,0.0676,0.0732,0.1088,0.1171,0.1263,0.2552,0.267,0.2795,0.0415,0.0465,0.0518,0.0144,0.0199,0.0272
2005-03-06,0.0626,0.0681,0.0736,0.3219,0.3333,0.3442,0.0493,0.0543,0.0598,0.0618,0.0669,0.0723,0.1107,0.1187,0.127,0.2573,0.2686,0.28,0.0422,0.0468,0.0522,0.0145,0.02,0.0272
2005-03-13,0.0619,0.0671,0.0723,0.3191,0.3306,0.3413,0.049,0.0539,0.059,0.061,0.0659,0.0708,0.1104,0.1181,0.1256,0.2643,0.2756,0.286,0.0409,0.0456,0.0509,0.0145,0.0202,0.0275
2005-03-20,0.0613,0.0663,0.0717,0.316,0.3277,0.3389,0.0484,0.0533,0.0587,0.0606,0.0656,0.0703,0.1095,0.1167,0.1239,0.2712,0.2825,0.294,0.0401,0.0447,0.0499,0.0146,0.0204,0.0283
2005-03-27,0.0603,0.0661,0.072,0.3122,0.3261,0.3376,0.048,0.0533,0.0592,0.0608,0.0658,0.071,0.1078,0.1156,0.1237,0.2711,0.2843,0.2975,0.0396,0.0448,0.0498,0.0148,0.0206,0.0285
2005-04-03,0.0607,0.0662,0.0719,0.3091,0.3217,0.3347,0.0484,0.0537,0.0592,0.0615,0.0668,0.072,0.1063,0.1137,0.1219,0.2755,0.2887,0.3011,0.0399,0.0446,0.0501,0.0151,0.0208,0.0288
2005-04-10,0.0607,0.0656,0.0709,0.3094,0.3208,0.3319,0.048,0.053,0.0584,0.062,0.0672,0.0723,0.106,0.1129,0.1201,0.2786,0.2909,0.3024,0.04,0.0445,0.0499,0.0152,0.0211,0.029
2005-04-17,0.0592,0.0641,0.0689,0.3111,0.3229,0.3346,0.0464,0.0512,0.0564,0.0617,0.0669,0.0721,0.1065,0.1139,0.1218,0.2805,0.2918,0.3047,0.0392,0.0439,0.0491,0.0151,0.0211,0.0292
2005-04-24,0.0582,0.0632,0.0684,0.313,0.3253,0.3383,0.0451,0.0494,0.0547,0.0613,0.0665,0.0718,0.1071,0.1148,0.1232,0.2799,0.2918,0.3048,0.0387,0.0432,0.0485,0.0152,0.0211,0.0293
2005-05-01,0.0587,0.064,0.0688,0.3139,0.3265,0.3387,0.0442,0.0485,0.0534,0.0619,0.067,0.0717,0.1069,0.1143,0.1223,0.2793,0.2915,0.3035,0.039,0.0432,0.0483,0.0154,0.0212,0.0291
2005-05-08,0.06,0.0646,0.0694,0.3219,0.3326,0.3439,0.0433,0.0472,0.0512,0.0627,0.0676,0.0723,0.1051,0.1114,0.1187,0.277,0.2879,0.299,0.0389,0.0431,0.0472,0.0158,0.0213,0.0289
2005-05-15,0.0608,0.0653,0.0701,0.3253,0.3348,0.3458,0.0429,0.0467,0.0507,0.0635,0.0682,0.0726,0.1033,0.1093,0.1159,0.2774,0.2877,0.2979,0.0385,0.0423,0.0469,0.0157,0.0213,0.029
2005-05-22,0.0608,0.0654,0.0704,0.3218,0.3336,0.3448,0.0428,0.0468,0.0507,0.0634,0.0683,0.0735,0.102,0.1083,0.1152,0.2799,0.2903,0.301,0.0379,0.0417,0.0462,0.0157,0.0215,0.0288
2005-05-29,0.0597,0.0649,0.0703,0.3162,0.3284,0.3401,0.0425,0.047,0.0513,0.0632,0.0682,0.0733,0.1012,0.1079,0.1159,0.2853,0.296,0.3089,0.0369,0.0412,0.0456,0.0158,0.0218,0.0293
2005-06-05,0.0593,0.064,0.0694,0.31,0.3221,0.3329,0.0431,0.0473,0.0518,0.0626,0.0679,0.0731,0.101,0.1081,0.1157,0.2919,0.304,0.3163,0.0365,0.0407,0.0452,0.0156,0.0219,0.03
2005-06-12,0.0595,0.0645,0.0698,0.3058,0.3169,0.3285,0.0442,0.0486,0.0535,0.0635,0.0691,0.0742,0.1003,0.1075,0.1155,0.2929,0.3045,0.316,0.0376,0.0419,0.0467,0.016,0.022,0.03
2005-06-19,0.0593,0.0643,0.0702,0.3029,0.3138,0.3257,0.0446,0.0493,0.0547,0.0645,0.0701,0.0759,0.098,0.1062,0.114,0.2928,0.3063,0.3197,0.0379,0.0426,0.0478,0.016,0.0222,0.0306
2005-06-26,0.0576,0.0631,0.0695,0.2994,0.3124,0.3266,0.0438,0.049,0.0545,0.0642,0.0703,0.0766,0.0958,0.1041,0.1123,0.2954,0.3106,0.3258,0.0374,0.0425,0.048,0.0163,0.0226,0.031
2005-07-03,0.0563,0.0621,0.0685,0.2967,0.3113,0.3257,0.0434,0.0485,0.0539,0.0636,0.0706,0.0774,0.0928,0.1019,0.1107,0.2993,0.3154,0.3307,0.0373,0.0423,0.0481,0.0164,0.0228,0.0317
2005-07-10,0.0554,0.0616,0.068,0.2977,0.3136,0.3287,0.0426,0.0483,0.0545,0.0634,0.0705,0.0776,0.0922,0.101,0.1098,0.2983,0.3145,0.3316,0.0368,0.0426,0.0484,0.0169,0.023,0.0321
2005-07-17,0.0553,0.0612,0.067,0.302,0.3171,0.3322,0.0425,0.0479,0.0541,0.0635,0.0704,0.0775,0.0921,0.1004,0.1097,0.2943,0.3112,0.3288,0.0374,0.0432,0.0496,0.017,0.0231,0.0321
2005-07-24,0.0544,0.0608,0.0663,0.3065,0.3207,0.3343,0.0426,0.0476,0.0537,0.064,0.0705,0.0767,0.0929,0.1006,0.1092,0.2934,0.3077,0.3216,0.038,0.0435,0.0498,0.017,0.0233,0.0316
2005-07-31,0.0545,0.0602,0.066,0.3094,0.3241,0.3379,0.0422,0.0472,0.0534,0.0633,0.0698,0.0757,0.0929,0.1009,0.1094,0.2912,0.3055,0.321,0.0384,0.0435,0.0495,0.017,0.0235,0.0315
2005-08-07,0.0542,0.0594,0.0657,0.3121,0.3274,0.3405,0.0414,0.0465,0.0525,0.0629,0.0689,0.0744,0.0935,0.101,0.1093,0.2899,0.3045,0.3194,0.0382,0.0434,0.0492,0.0173,0.0234,0.0313
2005-08-14,0.0539,0.0591,0.065,0.3173,0.3304,0.3424,0.0411,0.0457,0.051,0.0625,0.0683,0.0736,0.0936,0.1007,0.109,0.2905,0.3038,0.3169,0.0381,0.043,0.0484,0.0175,0.0236,0.0314
2005-08-21,0.054,0.0591,0.0643,0.3214,0.3326,0.3442,0.0407,0.0453,0.0502,0.0627,0.0682,0.0731,0.0928,0.0996,0.1075,0.2917,0.3032,0.3156,0.0382,0.043,0.0483,0.0175,0.0237,0.0313
2005-08-28,0.0537,0.0587,0.0641,0.3257,0.3377,0.3487,0.0402,0.0444,0.0486,0.0632,0.0683,0.0736,0.0895,0.0964,0.1037,0.2908,0.3032,0.3159,0.0379,0.0425,0.0479,0.0178,0.0239,0.0316
2005-09-04,0.0533,0.0581,0.0631,0.331,0.3412,0.3523,0.0396,0.0436,0.0477,0.0641,0.0691,0.0741,0.086,0.0923,0.0985,0.2931,0.3042,0.3155,0.0374,0.0419,0.0465,0.0182,0.0241,0.0317
2005-09-11,0.0525,0.0574,0.062,0.332,0.343,0.3538,0.0397,0.0437,0.0478,0.0643,0.0691,0.074,0.0847,0.0905,0.0964,0.294,0.3051,0.316,0.0373,0.0417,0.0461,0.0187,0.0246,0.0323
2005-09-18,0.0516,0.0564,0.0617,0.333,0.3457,0.3578,0.0394,0.0438,0.0482,0.064,0.069,0.074,0.0834,0.0897,0.0964,0.2917,0.3039,0.3166,0.0372,0.0414,0.0464,0.0187,0.0248,0.0329
2005-09-25,0.0511,0.0558,0.0608,0.3358,0.3479,0.361,0.0394,0.0438,0.0482,0.0642,0.0691,0.0743,0.0825,0.0885,0.0951,0.291,0.3027,0.3147,0.0368,0.0412,0.0458,0.0189,0.0252,0.0329
2005-10-02,0.0505,0.0551,0.0601,0.3358,0.3487,0.3606,0.0393,0.0439,0.048,0.0635,0.0685,0.0733,0.0825,0.0887,0.0951,0.2919,0.3035,0.3153,0.0363,0.041,0.0456,0.019,0.0252,0.0335
2005-10-09,0.0502,0.0549,0.06,0.3353,0.3465,0.3576,0.0399,0.0442,0.0486,0.0632,0.0681,0.0727,0.0828,0.0886,0.0949,0.2939,0.3051,0.3167,0.0366,0.0411,0.0456,0.0192,0.0257,0.0337
2005-10-16,0.0508,0.0553,0.0602,0.3319,0.3438,0.3561,0.0403,0.045,0.0495,0.0634,0.0684,0.0732,0.0837,0.0895,0.0958,0.2917,0.3048,0.3176,0.037,0.0415,0.0468,0.0193,0.0259,0.0343
2005-10-23,0.0503,0.0554,0.0606,0.3326,0.3449,0.3574,0.0406,0.0453,0.0498,0.0634,0.0688,0.0737,0.085,0.0912,0.0974,0.2878,0.3004,0.3133,0.0373,0.0419,0.0469,0.0194,0.0259,0.0342
2005-10-30,0.0503,0.0553,0.0605,0.3378,0.3498,0.3619,0.0408,0.0452,0.0499,0.064,0.0691,0.0742,0.0858,0.0925,0.0996,0.2823,0.2944,0.306,0.0375,0.0419,0.0467,0.0195,0.0259,0.0342
2005-11-06,0.05,0.0546,0.0593,0.3455,0.3577,0.3696,0.0409,0.0449,0.0495,0.0636,0.0686,0.0733,0.0884,0.0947,0.1019,0.2742,0.2861,0.2954,0.0378,0.0422,0.0468,0.0193,0.026,0.0342
2005-11-13,0.0498,0.0538,0.0578,0.3478,0.3588,0.3691,0.0411,0.0452,0.0493,0.0642,0.069,0.0736,0.088,0.0943,0.1009,0.2752,0.2854,0.296,0.0378,0.0419,0.0464,0.0192,0.0261,0.034
2005-11-20,0.0501,0.0545,0.0587,0.349,0.3599,0.3704,0.0421,0.0462,0.0503,0.065,0.0701,0.0752,0.0869,0.0933,0.1007,0.2699,0.2813,0.2916,0.0386,0.0431,0.0477,0.0191,0.0261,0.0339
2005-11-27,0.0503,0.0549,0.0599,0.3472,0.3598,0.3723,0.0427,0.047,0.0516,0.0656,0.0711,0.0766,0.0857,0.0923,0.0996,0.2663,0.2792,0.2906,0.0394,0.0441,0.0494,0.0192,0.0262,0.0339
2005-12-04,0.0502,0.0546,0.0595,0.3435,0.3557,0.368,0.0432,0.0476,0.052,0.0664,0.0717,0.0771,0.0843,0.0906,0.0974,0.2719,0.2835,0.2953,0.0392,0.0441,0.0492,0.0194,0.0264,0.0342
2005-12-11,0.0505,0.0546,0.0595,0.3411,0.352,0.3626,0.0435,0.0478,0.0519,0.0669,0.0718,0.0772,0.0838,0.0901,0.0967,0.2768,0.2876,0.2983,0.0393,0.0439,0.0486,0.0194,0.0263,0.0341
2005-12-18,0.0505,0.0551,0.0606,0.3376,0.3508,0.3633,0.0434,0.0479,0.0523,0.066,0.0714,0.0768,0.0833,0.0899,0.0969,0.2773,0.289,0.3004,0.0393,0.0438,0.0486,0.0194,0.0262,0.0339
2005-12-25,0.05,0.0553,0.0605,0.3392,0.3527,0.3664,0.0426,0.0475,0.0525,0.0652,0.0706,0.0766,0.0824,0.0894,0.096,0.2762,0.2891,0.3025,0.0388,0.0434,0.0488,0.0195,0.0259,0.0333
2006-01-01,0.0503,0.0552,0.0608,0.3398,0.3539,0.368,0.042,0.047,0.0523,0.0639,0.07,0.0757,0.0818,0.0889,0.0961,0.2764,0.2905,0.3043,0.0379,0.0431,0.0486,0.0194,0.0257,0.0333
2006-01-08,0.0501,0.0553,0.0609,0.3413,0.3544,0.3671,0.0415,0.0464,0.0514,0.0637,0.069,0.0742,0.0814,0.0882,0.0952,0.2807,0.2931,0.3057,0.038,0.0425,0.0478,0.0193,0.0256,0.0333
2006-01-15,0.0508,0.0559,0.0612,0.3413,0.3523,0.3637,0.0419,0.0461,0.0506,0.0644,0.0692,0.0741,0.0809,0.087,0.0932,0.2842,0.2957,0.3076,0.0382,0.0427,0.0471,0.0195,0.0256,0.0332
2006-01-22,0.0515,0.0564,0.0614,0.3409,0.352,0.3642,0.0418,0.0461,0.0506,0.064,0.0691,0.0744,0.081,0.0874,0.0938,0.283,0.2947,0.3062,0.0389,0.0433,0.0483,0.0196,0.0255,0.0328
2006-01-29,0.0511,0.0565,0.0623,0.3404,0.3528,0.365,0.0419,0.0463,0.0513,0.0632,0.0685,0.0737,0.0814,0.0883,0.0951,0.279,0.2926,0.3048,0.0391,0.0438,0.049,0.0194,0.0253,0.0323
2006-02-05,0.0508,0.0561,0.0615,0.3405,0.3528,0.3654,0.0418,0.0465,0.0514,0.062,0.0675,0.0728,0.0816,0.0886,0.0958,0.2812,0.2937,0.3054,0.0391,0.0439,0.049,0.0192,0.0253,0.0325
2006-02-12,0.0507,0.0556,0.0606,0.3425,0.3539,0.3661,0.0421,0.0465,0.0512,0.0619,0.0669,0.0722,0.0825,0.0892,0.0963,0.281,0.2925,0.3036,0.0397,0.0443,0.0497,0.0192,0.0253,0.0324
2006-02-19,0.0499,0.0552,0.0605,0.3446,0.3571,0.3697,0.0416,0.0461,0.0509,0.0615,0.0672,0.0724,0.0828,0.0895,0.0969,0.2772,0.2893,0.302,0.0398,0.0445,0.0499,0.0192,0.0254,0.0323
2006-02-26,0.0493,0.0544,0.06,0.3454,0.3594,0.3737,0.0407,0.0456,0.0509,0.0612,0.0671,0.0728,0.0816,0.0889,0.0961,0.2751,0.2891,0.3032,0.0392,0.0443,0.0497,0.0192,0.0252,0.0326
2006-03-05,0.0485,0.0534,0.059,0.3478,0.3605,0.3744,0.0398,0.0448,0.0499,0.0608,0.0668,0.072,0.0812,0.0882,0.096,0.2768,0.2921,0.3053,0.0388,0.0435,0.0488,0.019,0.0252,0.0325
2006-03-12,0.0486,0.0536,0.0586,0.3495,0.3618,0.3738,0.0401,0.0446,0.0494,0.0609,0.0667,0.0721,0.0808,0.0878,0.0956,0.2787,0.2914,0.3038,0.0391,0.0434,0.0483,0.0192,0.0253,0.0324
2006-03-19,0.0498,0.055,0.0601,0.3496,0.3615,0.3733,0.0415,0.0458,0.0503,0.0617,0.0669,0.0723,0.081,0.0875,0.0943,0.2748,0.2861,0.2975,0.0411,0.0459,0.051,0.0194,0.0254,0.0322
2006-03-26,0.0505,0.0559,0.0614,0.3472,0.3601,0.3738,0.0425,0.0468,0.0517,0.0613,0.067,0.0721,0.0805,0.0869,0.0933,0.2716,0.284,0.2964,0.0428,0.0479,0.0539,0.0197,0.0255,0.0321
2006-04-02,0.0502,0.0558,0.0611,0.3463,0.359,0.3712,0.0423,0.047,0.0519,0.0609,0.0662,0.0715,0.0799,0.0866,0.0936,0.2732,0.2862,0.2992,0.043,0.0482,0.0537,0.0198,0.0256,0.0324
2006-04-09,0.051,0.0561,0.0616,0.3427,0.3557,0.368,0.0424,0.0474,0.0528,0.0604,0.0657,0.0707,0.0806,0.0874,0.0941,0.2744,0.2877,0.3008,0.0434,0.0486,0.0545,0.02,0.0255,0.0323
2006-04-16,0.0521,0.0575,0.0629,0.3453,0.3575,0.3702,0.0434,0.0484,0.0532,0.0607,0.0662,0.0713,0.0822,0.0891,0.096,0.2662,0.2794,0.2916,0.0452,0.0505,0.0564,0.0201,0.0254,0.0322
2006-04-23,0.0525,0.0579,0.0636,0.3477,0.3598,0.3715,0.044,0.049,0.0538,0.0609,0.0666,0.0719,0.0827,0.0896,0.0969,0.2624,0.2743,0.2863,0.0463,0.0515,0.0579,0.02,0.0253,0.0317
2006-04-30,0.0522,0.0576,0.0631,0.3498,0.3613,0.3735,0.0434,0.0483,0.0539,0.061,0.0662,0.0713,0.0824,0.0892,0.0962,0.2627,0.2752,0.2871,0.0459,0.0509,0.057,0.0201,0.0254,0.0314
2006-05-07,0.0524,0.0573,0.0624,0.3513,0.3631,0.3757,0.0429,0.0476,0.0529,0.061,0.0662,0.0717,0.0822,0.0883,0.0947,0.2645,0.2756,0.2871,0.0452,0.0504,0.0559,0.02,0.0254,0.0316
2006-05-14,0.0526,0.0574,0.0624,0.3545,0.3657,0.3774,0.0436,0.0481,0.0525,0.0627,0.0675,0.0723,0.082,0.0883,0.0948,0.2607,0.2702,0.2813,0.0463,0.0513,0.0567,0.0204,0.0253,0.0312
2006-05-21,0.0518,0.0571,0.0617,0.3542,0.3661,0.3779,0.0438,0.048,0.0527,0.0632,0.0681,0.0732,0.0811,0.0875,0.0945,0.2585,0.2698,0.2814,0.0464,0.0517,0.057,0.0208,0.0256,0.0314
2006-05-28,0.0512,0.0565,0.0617,0.3523,0.3654,0.3781,0.0433,0.0478,0.0528,0.0633,0.0682,0.0736,0.08,0.0864,0.0927,0.2616,0.2728,0.2845,0.0462,0.0512,0.0566,0.0207,0.0257,0.0313
2006-06-04,0.0507,0.0562,0.061,0.353,0.3655,0.3782,0.0431,0.048,0.0526,0.063,0.0683,0.074,0.0785,0.0846,0.0916,0.2629,0.2749,0.2865,0.0457,0.0512,0.0563,0.0211,0.0259,0.0317
2006-06-11,0.0502,0.0554,0.0605,0.3554,0.3667,0.3788,0.0426,0.0472,0.0516,0.0635,0.0685,0.0738,0.0779,0.0839,0.0906,0.2638,0.275,0.2867,0.0456,0.051,0.0563,0.0212,0.0261,0.0316
2006-06-18,0.0496,0.0552,0.0605,0.354,0.3673,0.381,0.0426,0.047,0.0522,0.064,0.0691,0.0746,0.0776,0.0843,0.0916,0.2604,0.2729,0.2847,0.0464,0.052,0.0576,0.0214,0.0262,0.0317
2006-06-25,0.0488,0.0543,0.0601,0.3503,0.365,0.3796,0.0419,0.0468,0.0521,0.0637,0.0693,0.0752,0.0775,0.0844,0.0921,0.2612,0.2754,0.2887,0.0461,0.052,0.0582,0.0217,0.0264,0.0322
2006-07-02,0.0479,0.0534,0.0596,0.3453,0.3612,0.3766,0.0418,0.0469,0.0523,0.0637,0.0698,0.076,0.0763,0.0837,0.0921,0.265,0.2798,0.2945,0.0459,0.0519,0.0581,0.0221,0.0266,0.0323
2006-07-09,0.0475,0.0529,0.0585,0.3413,0.3577,0.3726,0.042,0.0472,0.0523,0.0645,0.0703,0.0766,0.0756,0.0831,0.0913,0.2701,0.2832,0.2966,0.0468,0.0523,0.0586,0.0224,0.0269,0.0327
2006-07-16,0.0477,0.0531,0.0586,0.3382,0.3546,0.3709,0.0425,0.0482,0.0536,0.0648,0.0709,0.077,0.0761,0.0836,0.0911,0.268,0.2822,0.2968,0.0478,0.0536,0.0601,0.0228,0.0272,0.0327
2006-07-23,0.0479,0.0534,0.0594,0.3358,0.3523,0.3681,0.0433,0.049,0.0549,0.065,0.071,0.0774,0.0771,0.0841,0.0917,0.266,0.2803,0.2957,0.0486,0.0551,0.0615,0.0232,0.0273,0.0327
2006-07-30,0.0485,0.0536,0.0591,0.3361,0.3505,0.3644,0.0444,0.0498,0.0556,0.0653,0.071,0.0773,0.0777,0.0847,0.0924,0.266,0.2794,0.2935,0.0504,0.0565,0.0631,0.0234,0.0275,0.033
2006-08-06,0.0482,0.053,0.0579,0.3368,0.3499,0.3635,0.0446,0.0496,0.0551,0.0646,0.0702,0.0756,0.0786,0.0852,0.0926,0.2676,0.2802,0.2939,0.0512,0.0567,0.0624,0.0234,0.0277,0.0328
2006-08-13,0.0467,0.0514,0.0561,0.3425,0.3538,0.3661,0.0438,0.0484,0.0535,0.0638,0.0692,0.0744,0.0784,0.0849,0.0921,0.2696,0.2817,0.2941,0.0507,0.0557,0.0616,0.0236,0.0275,0.0328
2006-08-20,0.0465,0.0508,0.0551,0.3488,0.3598,0.3707,0.0431,0.0474,0.052,0.0639,0.0684,0.0736,0.0789,0.0849,0.0915,0.2677,0.2782,0.2877,0.0514,0.0561,0.0613,0.0235,0.0277,0.0326
2006-08-27,0.0507,0.0549,0.059,0.3458,0.3555,0.3663,0.0455,0.0497,0.0542,0.0662,0.071,0.0757,0.0786,0.0847,0.0915,0.2578,0.2683,0.2777,0.0559,0.0606,0.0659,0.0245,0.0279,0.0319
2006-09-03,0.0555,0.0593,0.0637,0.3403,0.3506,0.3616,0.0487,0.0523,0.0563,0.0703,0.0747,0.079,0.0771,0.0821,0.0875,0.2493,0.2596,0.2689,0.061,0.0655,0.0705,0.0256,0.0282,0.0311
2006-09-10,0.0574,0.0607,0.0639,0.3415,0.3497,0.358,0.0503,0.0531,0.0564,0.0738,0.0774,0.0806,0.074,0.0778,0.0819,0.2499,0.2574,0.2655,0.0638,0.0677,0.0719,0.0267,0.0285,0.0305
2006-09-17,0.0585,0.0585,0.0585,0.3499,0.3499,0.3499,0.0524,0.0524,0.0524,0.0788,0.0788,0.0788,0.0754,0.0754,0.0754,0.2623,0.2623,0.2623,0.0659,0.0659,0.0659,0.0293,0.0293,0.0293
2006-09-24,0.0552,0.0584,0.0619,0.3406,0.3519,0.3632,0.0498,0.053,0.0563,0.0743,0.0778,0.0816,0.0704,0.0748,0.0794,0.253,0.2627,0.2731,0.0605,0.0645,0.0684,0.0281,0.0295,0.0311
2006-10-01,0.0542,0.0585,0.0632,0.3389,0.3536,0.368,0.0493,0.0534,0.058,0.0726,0.0769,0.0814,0.0689,0.0741,0.0801,0.2504,0.263,0.2768,0.058,0.063,0.0679,0.0278,0.0297,0.0318
2006-10-08,0.054,0.0585,0.0632,0.3409,0.3554,0.37,0.0495,0.054,0.0587,0.0716,0.0761,0.0809,0.0683,0.0737,0.0794,0.2507,0.2635,0.2761,0.0567,0.0616,0.0667,0.0278,0.03,0.0323
2006-10-15,0.0542,0.0584,0.0628,0.3462,0.3572,0.368,0.0502,0.0546,0.0592,0.0711,0.0753,0.0796,0.0682,0.0732,0.078,0.2539,0.2633,0.2737,0.0559,0.0605,0.0651,0.0279,0.0302,0.0328
2006-10-22,0.0539,0.058,0.062,0.3503,0.3615,0.3722,0.0504,0.0551,0.0597,0.0701,0.0745,0.0789,0.0667,0.0719,0.0768,0.2532,0.2626,0.2738,0.055,0.0592,0.0639,0.0279,0.0302,0.033
2006-10-29,0.0531,0.0572,0.0613,0.3542,0.3666,0.3791,0.0507,0.0554,0.06,0.0694,0.0739,0.0787,0.065,0.0704,0.0755,0.2493,0.2614,0.2731,0.0535,0.0582,0.063,0.0279,0.0303,0.0329
2006-11-05,0.0526,0.0563,0.0603,0.3623,0.3729,0.3837,0.0519,0.0558,0.0602,0.069,0.0734,0.0779,0.0646,0.0693,0.0743,0.2494,0.2584,0.2683,0.0527,0.0569,0.0615,0.0278,0.0304,0.0331
2006-11-12,0.0519,0.0554,0.0593,0.3706,0.3801,0.3901,0.0524,0.0562,0.06,0.0685,0.0723,0.0764,0.0635,0.068,0.0724,0.2471,0.2556,0.2647,0.0515,0.0557,0.0599,0.0278,0.0303,0.033
2006-11-19,0.0509,0.0545,0.0586,0.3772,0.3868,0.3962,0.0521,0.0562,0.0604,0.068,0.072,0.076,0.0625,0.0671,0.0718,0.2438,0.252,0.2612,0.0509,0.0551,0.0594,0.0277,0.0302,0.033
2006-11-26,0.0492,0.0535,0.0582,0.3816,0.394,0.4063,0.0514,0.0559,0.0606,0.0668,0.0718,0.0766,0.0608,0.0661,0.0718,0.2373,0.2489,0.2595,0.0496,0.0543,0.0592,0.0274,0.0301,0.0331
2006-12-03,0.0482,0.0524,0.0571,0.3881,0.4016,0.4152,0.051,0.0554,0.0602,0.0663,0.0711,0.0766,0.0594,0.0648,0.0707,0.234,0.2454,0.2556,0.0489,0.0535,0.0588,0.0272,0.03,0.033
2006-12-10,0.0494,0.0533,0.0579,0.3869,0.3986,0.4094,0.051,0.0553,0.06,0.0659,0.0705,0.0753,0.0589,0.0635,0.0687,0.2413,0.2506,0.2599,0.0485,0.053,0.0577,0.0273,0.0301,0.0329
2006-12-17,0.0504,0.0546,0.0588,0.3833,0.3941,0.4058,0.0509,0.0554,0.06,0.0656,0.0701,0.0747,0.0578,0.0628,0.068,0.2465,0.2555,0.2656,0.0479,0.0522,0.057,0.0274,0.0301,0.0328
2006-12-24,0.0504,0.055,0.0596,0.38,0.3933,0.4057,0.0507,0.0557,0.0608,0.0647,0.0696,0.0746,0.0572,0.0623,0.0677,0.246,0.2571,0.2693,0.0469,0.0515,0.0566,0.0274,0.0301,0.033
2006-12-31,0.0506,0.0551,0.0594,0.3818,0.3941,0.406,0.0512,0.0563,0.0614,0.0643,0.0686,0.0736,0.0565,0.0614,0.0669,0.2478,0.2589,0.2694,0.0461,0.0505,0.055,0.0274,0.03,0.0333
2007-01-07,0.0507,0.0549,0.0592,0.385,0.397,0.4091,0.0507,0.0556,0.0608,0.0631,0.0675,0.0724,0.0542,0.059,0.0638,0.2516,0.262,0.2724,0.0454,0.0493,0.0535,0.027,0.0299,0.0331
2007-01-14,0.0506,0.0545,0.0587,0.3912,0.4017,0.4119,0.0512,0.0557,0.0605,0.0621,0.0666,0.0715,0.0533,0.0574,0.0623,0.2519,0.2613,0.271,0.0446,0.0486,0.0529,0.0269,0.0298,0.0328
2007-01-21,0.0505,0.0545,0.0591,0.3902,0.4018,0.4135,0.0513,0.0563,0.0611,0.0619,0.0665,0.0711,0.0525,0.0573,0.0626,0.2508,0.2608,0.2708,0.0443,0.0485,0.0533,0.027,0.0299,0.0327
2007-01-28,0.0506,0.0549,0.0597,0.3856,0.3992,0.4126,0.0513,0.0564,0.0618,0.0621,0.0668,0.0716,0.052,0.0572,0.0623,0.2511,0.262,0.2741,0.0445,0.049,0.0539,0.0269,0.0299,0.033
2007-02-04,0.0507,0.0549,0.0599,0.3864,0.3986,0.4106,0.0519,0.0571,0.0623,0.062,0.0669,0.0715,0.0526,0.0575,0.0625,0.2505,0.2613,0.2727,0.0446,0.0492,0.0546,0.0271,0.03,0.033
2007-02-11,0.0499,0.054,0.0587,0.3921,0.4034,0.4137,0.0528,0.0577,0.0629,0.0629,0.067,0.0714,0.0536,0.0582,0.0631,0.2471,0.2554,0.2651,0.0453,0.0498,0.0546,0.0271,0.0302,0.0333
2007-02-18,0.0494,0.0535,0.0578,0.3962,0.4078,0.4196,0.0532,0.0581,0.0632,0.0628,0.0672,0.0722,0.0537,0.0584,0.0637,0.2416,0.2511,0.2617,0.0449,0.0494,0.0543,0.0275,0.0305,0.0337
2007-02-25,0.0492,0.0535,0.0582,0.3963,0.4091,0.4216,0.0527,0.0576,0.0628,0.0629,0.0676,0.0721,0.0525,0.058,0.063,0.2404,0.251,0.2619,0.0444,0.0487,0.0539,0.0277,0.0307,0.034
2007-03-04,0.0506,0.0547,0.0589,0.3912,0.4034,0.4162,0.0525,0.057,0.0622,0.0635,0.0682,0.073,0.053,0.0578,0.0632,0.2448,0.2548,0.2663,0.0443,0.0484,0.0529,0.0284,0.0313,0.0346
2007-03-11,0.052,0.0557,0.0602,0.389,0.4002,0.4109,0.0523,0.0565,0.0611,0.064,0.0685,0.0733,0.0532,0.0574,0.0621,0.25,0.2586,0.2674,0.0437,0.0475,0.0516,0.0288,0.0317,0.0349
2007-03-18,0.0513,0.0555,0.06,0.3934,0.4041,0.4138,0.0525,0.0568,0.0614,0.0634,0.0676,0.072,0.053,0.0572,0.0615,0.249,0.2575,0.2663,0.0422,0.0456,0.0491,0.0292,0.0321,0.035
2007-03-25,0.0499,0.0538,0.0582,0.4037,0.4134,0.4227,0.0526,0.0569,0.0615,0.0624,0.0667,0.0713,0.0522,0.0564,0.061,0.2445,0.2532,0.2618,0.0408,0.0443,0.0478,0.0292,0.0322,0.0353
2007-04-01,0.049,0.053,0.0577,0.4033,0.4154,0.4268,0.0513,0.0559,0.0607,0.0623,0.0668,0.0713,0.0507,0.0553,0.0597,0.2432,0.2535,0.2638,0.041,0.0449,0.0489,0.0294,0.0323,0.0355
2007-04-08,0.0472,0.051,0.055,0.4111,0.4228,0.4346,0.0509,0.0553,0.0603,0.062,0.0668,0.0715,0.0498,0.0542,0.0589,0.2392,0.2489,0.2591,0.0413,0.0453,0.05,0.0296,0.0325,0.0358
2007-04-15,0.046,0.0496,0.0539,0.4167,0.4286,0.4421,0.0508,0.0555,0.0602,0.0618,0.0663,0.0712,0.049,0.0535,0.0583,0.2361,0.2456,0.2564,0.0408,0.045,0.0495,0.0294,0.0324,0.0357
2007-04-22,0.0457,0.0499,0.0542,0.4158,0.4278,0.4417,0.0514,0.0561,0.0609,0.0612,0.0659,0.0705,0.0489,0.0533,0.0579,0.2367,0.2475,0.2581,0.0402,0.0443,0.0484,0.0295,0.0326,0.0359
2007-04-29,0.0471,0.0512,0.0555,0.4094,0.4215,0.4345,0.0521,0.0565,0.0614,0.0611,0.0657,0.0704,0.049,0.0531,0.0575,0.2425,0.253,0.2645,0.0399,0.0435,0.0477,0.0298,0.0329,0.0361
2007-05-06,0.0475,0.0515,0.056,0.4048,0.4181,0.4305,0.053,0.0574,0.0618,0.0619,0.0662,0.071,0.05,0.0546,0.0591,0.2418,0.2527,0.2643,0.04,0.0439,0.0478,0.03,0.033,0.0362
2007-05-13,0.0475,0.0513,0.0553,0.4064,0.4172,0.4277,0.0544,0.0581,0.0626,0.0627,0.0668,0.0711,0.0521,0.0563,0.0605,0.2414,0.2501,0.2592,0.0408,0.0443,0.0482,0.0304,0.0331,0.0364
2007-05-20,0.0459,0.0493,0.0528,0.4153,0.4255,0.4347,0.0554,0.0595,0.0636,0.0623,0.0662,0.0701,0.0537,0.0576,0.0615,0.2345,0.2425,0.2508,0.0408,0.0444,0.0481,0.0304,0.0332,0.0362
2007-05-27,0.0445,0.0481,0.0518,0.4189,0.4287,0.4395,0.0564,0.0608,0.0652,0.0614,0.0654,0.0696,0.0546,0.0589,0.0633,0.2298,0.2381,0.2473,0.0405,0.0441,0.0483,0.0302,0.0331,0.0361
2007-06-03,0.0457,0.0493,0.0531,0.4079,0.42,0.4315,0.0568,0.0615,0.0667,0.0612,0.0654,0.0702,0.0547,0.0598,0.0643,0.2336,0.2439,0.2537,0.0404,0.0442,0.0483,0.0306,0.0336,0.0365
2007-06-10,0.0471,0.0509,0.0549,0.4008,0.4125,0.4236,0.0566,0.0615,0.0666,0.061,0.0654,0.0704,0.0551,0.06,0.0647,0.2392,0.2493,0.2596,0.04,0.044,0.0479,0.0308,0.034,0.0372
2007-06-17,0.0474,0.0517,0.0557,0.3989,0.4116,0.4229,0.0552,0.0605,0.0657,0.061,0.0655,0.0705,0.0545,0.0596,0.0654,0.2407,0.2509,0.2622,0.0395,0.0438,0.0479,0.0309,0.0342,0.0377
2007-06-24,0.0474,0.0523,0.0571,0.3955,0.4115,0.4254,0.0543,0.0594,0.0651,0.06,0.0654,0.0704,0.0539,0.0594,0.065,0.2409,0.2525,0.265,0.0393,0.0436,0.048,0.0308,0.0342,0.0381
2007-07-01,0.0474,0.0527,0.058,0.3947,0.4104,0.4267,0.0531,0.0587,0.0644,0.0594,0.0646,0.07,0.0527,0.0588,0.0647,0.242,0.2553,0.2685,0.0386,0.043,0.0477,0.0307,0.0343,0.0382
2007-07-08,0.0475,0.0529,0.0586,0.3926,0.41,0.4268,0.0524,0.0585,0.0654,0.059,0.0643,0.07,0.0526,0.059,0.0656,0.2409,0.2552,0.2704,0.0383,0.0432,0.048,0.0306,0.0345,0.0386
2007-07-15,0.0474,0.0533,0.059,0.3924,0.4099,0.4289,0.0521,0.0582,0.0653,0.0591,0.0645,0.0704,0.0528,0.0593,0.0662,0.239,0.2545,0.2698,0.0382,0.0433,0.0484,0.0308,0.0347,0.039
2007-07-22,0.0478,0.0535,0.0593,0.3917,0.4103,0.4283,0.0517,0.058,0.0651,0.0591,0.0647,0.0706,0.0532,0.0599,0.0665,0.2382,0.2532,0.2698,0.0386,0.0436,0.0488,0.0308,0.0348,0.0391
2007-07-29,0.0483,0.0536,0.0591,0.3937,0.4104,0.4289,0.0516,0.0576,0.0644,0.0591,0.0647,0.0705,0.0537,0.0601,0.0668,0.2372,0.2524,0.268,0.0389,0.0437,0.0488,0.0311,0.0349,0.0395
2007-08-05,0.049,0.0537,0.0592,0.3964,0.4106,0.4256,0.0516,0.0574,0.0637,0.0598,0.065,0.0702,0.0546,0.0607,0.0661,0.2392,0.2512,0.2648,0.0396,0.044,0.0487,0.0314,0.0351,0.0394
2007-08-12,0.0496,0.0542,0.059,0.3932,0.407,0.419,0.0523,0.0579,0.0636,0.0607,0.0658,0.0709,0.0571,0.0626,0.0679,0.2399,0.2505,0.2619,0.0407,0.0451,0.05,0.0319,0.0355,0.0396
2007-08-19,0.0502,0.0541,0.0588,0.3919,0.4056,0.418,0.0532,0.0582,0.0637,0.0612,0.0658,0.0709,0.0585,0.064,0.0695,0.2391,0.2487,0.2602,0.041,0.0456,0.05,0.0322,0.0358,0.0397
2007-08-26,0.0497,0.054,0.0584,0.3955,0.4069,0.4187,0.0537,0.0585,0.0637,0.0607,0.0653,0.0701,0.0601,0.065,0.0701,0.2379,0.2471,0.257,0.0414,0.0454,0.0496,0.0323,0.0356,0.0394
2007-09-02,0.0492,0.0533,0.0577,0.3994,0.4117,0.4223,0.054,0.0588,0.0638,0.0605,0.0649,0.0692,0.0614,0.0664,0.0716,0.2337,0.243,0.2529,0.041,0.0451,0.0492,0.0322,0.0355,0.0392
2007-09-09,0.048,0.0523,0.0566,0.4073,0.419,0.4311,0.0539,0.0585,0.064,0.0597,0.0643,0.0685,0.0625,0.0677,0.0729,0.2275,0.2373,0.2466,0.0405,0.0444,0.0487,0.032,0.0351,0.0387
2007-09-16,0.0478,0.0517,0.0561,0.4129,0.4248,0.4379,0.0532,0.0584,0.0632,0.059,0.0634,0.0679,0.0624,0.0677,0.0732,0.2238,0.2344,0.2448,0.0392,0.0434,0.0477,0.0314,0.0346,0.0383
2007-09-23,0.0476,0.0518,0.0566,0.4134,0.4268,0.4396,0.0536,0.0584,0.0637,0.0584,0.0629,0.0672,0.0622,0.068,0.0739,0.2241,0.234,0.2454,0.0383,0.0424,0.0466,0.0312,0.0344,0.0378
2007-09-30,0.0479,0.0522,0.057,0.4118,0.4254,0.4386,0.0537,0.0586,0.0645,0.0587,0.0631,0.0676,0.0635,0.0689,0.0751,0.2234,0.2337,0.2446,0.0383,0.0422,0.0465,0.0315,0.0346,0.038
2007-10-07,0.0478,0.052,0.0566,0.4146,0.4265,0.4384,0.0538,0.0586,0.0643,0.0591,0.0636,0.0682,0.0645,0.07,0.076,0.221,0.2312,0.2407,0.0384,0.0423,0.0463,0.0317,0.0349,0.0382
2007-10-14,0.0482,0.0522,0.0565,0.4169,0.4286,0.4404,0.0533,0.0581,0.0631,0.0594,0.0638,0.0681,0.0643,0.0693,0.0751,0.2205,0.2302,0.2394,0.0383,0.0422,0.0461,0.0318,0.0349,0.0383
2007-10-21,0.0484,0.0528,0.0567,0.4154,0.4276,0.4394,0.0531,0.0579,0.063,0.0596,0.064,0.0682,0.064,0.0692,0.0749,0.2218,0.2304,0.24,0.0382,0.0424,0.0466,0.0315,0.0348,0.0379
2007-10-28,0.049,0.0527,0.0569,0.4159,0.4277,0.4392,0.0533,0.0583,0.0632,0.0601,0.064,0.0685,0.0639,0.0694,0.0752,0.2204,0.2296,0.2392,0.0389,0.0426,0.0467,0.0315,0.0345,0.0376
2007-11-04,0.0489,0.0527,0.0567,0.4183,0.4295,0.44,0.0538,0.0581,0.0629,0.0603,0.0641,0.0679,0.0644,0.069,0.0741,0.2197,0.2289,0.2379,0.0389,0.0425,0.0466,0.0312,0.0344,0.0374
2007-11-11,0.0484,0.052,0.0557,0.4239,0.4333,0.4434,0.0535,0.0575,0.0616,0.061,0.0647,0.0687,0.0642,0.0685,0.0735,0.2175,0.2255,0.2339,0.0397,0.043,0.047,0.0314,0.0345,0.0374
2007-11-18,0.0474,0.0514,0.0548,0.4296,0.4395,0.4486,0.0527,0.0569,0.0614,0.0603,0.064,0.0684,0.0623,0.0669,0.0714,0.2155,0.2237,0.2323,0.0391,0.0426,0.0465,0.0312,0.0343,0.0374
2007-11-25,0.0472,0.051,0.0549,0.4321,0.4432,0.4541,0.0524,0.0566,0.0612,0.0594,0.0633,0.0675,0.0608,0.0655,0.0703,0.2151,0.2238,0.2331,0.0383,0.042,0.0457,0.0311,0.0341,0.0372
2007-12-02,0.0473,0.0515,0.0556,0.4299,0.4424,0.4542,0.0523,0.0569,0.0615,0.0589,0.0632,0.0676,0.0604,0.0655,0.0701,0.2146,0.2245,0.2348,0.0379,0.0416,0.0455,0.0312,0.0342,0.0372
2007-12-09,0.0477,0.0518,0.0555,0.4341,0.4437,0.454,0.0523,0.0567,0.0613,0.0587,0.063,0.067,0.0606,0.065,0.0695,0.2158,0.2245,0.2337,0.0376,0.0411,0.0449,0.0313,0.0341,0.037
2007-12-16,0.0475,0.0514,0.0553,0.438,0.448,0.4591,0.0524,0.057,0.0618,0.0585,0.0626,0.0669,0.06,0.065,0.0701,0.2124,0.221,0.2301,0.037,0.0407,0.0446,0.0309,0.0339,0.037
2007-12-23,0.0475,0.0521,0.0564,0.4332,0.446,0.4586,0.0527,0.0577,0.0633,0.0584,0.0629,0.0673,0.0607,0.0662,0.0717,0.2094,0.2204,0.2309,0.037,0.0409,0.0451,0.0309,0.034,0.0371
2007-12-30,0.0479,0.0525,0.0576,0.4284,0.444,0.4592,0.0533,0.0588,0.0648,0.0585,0.0631,0.0679,0.0619,0.0679,0.0741,0.2063,0.2182,0.2311,0.0368,0.0409,0.0455,0.0307,0.034,0.0375
2008-01-06,0.0484,0.0528,0.0579,0.4305,0.4445,0.4579,0.0544,0.0598,0.0658,0.0585,0.0632,0.0682,0.0632,0.0696,0.076,0.2044,0.2151,0.2266,0.0368,0.0411,0.0455,0.0309,0.0339,0.0372
2008-01-13,0.0487,0.0533,0.0579,0.4311,0.4434,0.4558,0.0549,0.0601,0.0656,0.0591,0.0634,0.068,0.0648,0.0701,0.0758,0.205,0.2145,0.2235,0.0372,0.0413,0.0455,0.0308,0.0338,0.037
2008-01-20,0.0492,0.0534,0.0579,0.4314,0.4442,0.456,0.0546,0.0596,0.0646,0.0586,0.0632,0.0675,0.0638,0.0688,0.074,0.2069,0.2167,0.2257,0.0368,0.0408,0.0449,0.0305,0.0338,0.0368
2008-01-27,0.0494,0.0537,0.0584,0.4271,0.4419,0.4554,0.0537,0.059,0.0644,0.0584,0.063,0.0674,0.0625,0.0676,0.0735,0.2092,0.2201,0.2308,0.0368,0.0406,0.045,0.0307,0.0339,0.0372
2008-02-03,0.0498,0.0541,0.059,0.4267,0.4399,0.4519,0.0534,0.0582,0.0636,0.0586,0.063,0.0679,0.0615,0.0667,0.0719,0.2128,0.2235,0.2341,0.0367,0.0407,0.045,0.0311,0.0342,0.0374
2008-02-10,0.0492,0.0535,0.0577,0.4312,0.4419,0.4536,0.0536,0.0584,0.0634,0.0586,0.0626,0.0671,0.061,0.0662,0.0712,0.2135,0.2225,0.2317,0.0367,0.0402,0.0441,0.0312,0.0343,0.0375
2008-02-17,0.049,0.0532,0.0575,0.4309,0.4416,0.4519,0.0541,0.059,0.0637,0.0585,0.0624,0.0664,0.0622,0.0668,0.0716,0.2137,0.2226,0.2307,0.0366,0.0401,0.0438,0.0317,0.0346,0.0379
2008-02-24,0.0489,0.053,0.0573,0.4283,0.4395,0.4497,0.0551,0.0598,0.0648,0.0582,0.0624,0.0662,0.0626,0.0676,0.0731,0.2138,0.223,0.2317,0.0368,0.0402,0.044,0.032,0.0349,0.0383
2008-03-02,0.0484,0.0525,0.0568,0.4253,0.4377,0.4492,0.0558,0.061,0.0664,0.0578,0.0622,0.0666,0.0634,0.0685,0.0741,0.2127,0.2226,0.2323,0.037,0.0407,0.0445,0.0322,0.035,0.0384
2008-03-09,0.049,0.0529,0.0571,0.4226,0.4332,0.4438,0.0559,0.0614,0.0668,0.058,0.0622,0.0664,0.0638,0.0688,0.0743,0.2159,0.225,0.2342,0.0374,0.0412,0.0453,0.0323,0.0352,0.0385
2008-03-16,0.0501,0.0542,0.0588,0.4153,0.4276,0.4394,0.0559,0.0604,0.0661,0.0581,0.0623,0.0667,0.0627,0.0681,0.0732,0.2203,0.2302,0.2416,0.0378,0.0416,0.0458,0.0322,0.0351,0.0382
2008-03-23,0.0506,0.055,0.0596,0.4121,0.424,0.437,0.0549,0.0598,0.0656,0.0581,0.0624,0.0666,0.0618,0.0674,0.0732,0.224,0.234,0.245,0.0383,0.0419,0.0459,0.0319,0.0351,0.0381
2008-03-30,0.0512,0.0551,0.0599,0.4107,0.4236,0.4355,0.0548,0.0598,0.0651,0.0579,0.0623,0.0669,0.0617,0.0671,0.0726,0.2239,0.2346,0.2458,0.0384,0.0423,0.046,0.0321,0.0352,0.0384
2008-04-06,0.0517,0.0557,0.0601,0.4114,0.4226,0.4334,0.0546,0.0594,0.0645,0.0588,0.0631,0.0672,0.0626,0.0678,0.0732,0.2237,0.2332,0.2433,0.0394,0.0429,0.047,0.0323,0.0354,0.0387
2008-04-13,0.0512,0.0554,0.0597,0.4131,0.4247,0.4368,0.0539,0.059,0.0638,0.0592,0.0634,0.0674,0.064,0.0688,0.0741,0.2186,0.2292,0.2401,0.0398,0.0436,0.0476,0.0328,0.0358,0.0389
2008-04-20,0.0507,0.0547,0.0586,0.4177,0.4281,0.438,0.0542,0.0588,0.0632,0.0593,0.0634,0.0676,0.065,0.0699,0.0749,0.2166,0.2259,0.2343,0.0404,0.044,0.0477,0.033,0.0361,0.0392
2008-04-27,0.0503,0.0545,0.0585,0.4165,0.4283,0.4402,0.0541,0.0587,0.0632,0.0592,0.0635,0.0676,0.0647,0.0697,0.0749,0.2157,0.2251,0.2343,0.0404,0.0441,0.0481,0.0334,0.0365,0.0395
2008-05-04,0.0503,0.0543,0.0582,0.4172,0.4293,0.441,0.0541,0.0588,0.0634,0.0591,0.0633,0.0674,0.0636,0.0684,0.0738,0.2169,0.2256,0.2356,0.0404,0.0439,0.0478,0.0339,0.0367,0.0397
2008-05-11,0.0504,0.0542,0.058,0.4193,0.4297,0.4401,0.0542,0.0583,0.0625,0.0595,0.0635,0.0673,0.0632,0.0678,0.0725,0.2171,0.2261,0.2346,0.0408,0.0441,0.0477,0.0342,0.0369,0.0399
2008-05-18,0.0507,0.0544,0.0583,0.4183,0.4292,0.4396,0.0545,0.0587,0.0629,0.0591,0.0631,0.0674,0.0627,0.0675,0.0724,0.2184,0.2268,0.235,0.0404,0.0438,0.0476,0.0343,0.0372,0.0401
2008-05-25,0.051,0.0549,0.059,0.4155,0.4271,0.4381,0.0546,0.0593,0.0639,0.0589,0.0629,0.067,0.0625,0.0674,0.0725,0.2188,0.2278,0.2369,0.04,0.0435,0.0474,0.0348,0.0377,0.0407
2008-06-01,0.0512,0.0551,0.0593,0.4145,0.4262,0.4392,0.0548,0.0595,0.0642,0.0588,0.0629,0.0672,0.0625,0.0674,0.0727,0.2178,0.2273,0.2374,0.0397,0.0434,0.0474,0.0353,0.0384,0.0417
2008-06-08,0.0517,0.0556,0.06,0.4145,0.4248,0.4354,0.0549,0.0593,0.0643,0.0581,0.0626,0.0669,0.0622,0.0671,0.0722,0.2195,0.2287,0.2383,0.0394,0.0429,0.047,0.0362,0.0393,0.0428
2008-06-15,0.0518,0.0561,0.0608,0.4119,0.4241,0.435,0.0547,0.059,0.0638,0.0579,0.0625,0.0667,0.0615,0.066,0.0717,0.2213,0.2301,0.24,0.0387,0.0426,0.0469,0.0366,0.04,0.0434
2008-06-22,0.0516,0.0559,0.0614,0.4105,0.4245,0.4379,0.0539,0.0591,0.0649,0.0577,0.0625,0.0669,0.0601,0.0656,0.0714,0.2188,0.23,0.2419,0.0384,0.0423,0.0465,0.0368,0.0403,0.0442
2008-06-29,0.0512,0.0562,0.0611,0.4118,0.4251,0.4389,0.0538,0.0593,0.0653,0.0572,0.062,0.0667,0.0598,0.065,0.0712,0.2201,0.231,0.2415,0.0379,0.0416,0.0462,0.0367,0.0404,0.0445
2008-07-06,0.0512,0.0562,0.062,0.41,0.4249,0.4402,0.0536,0.0593,0.0655,0.0569,0.0619,0.067,0.0591,0.0651,0.0715,0.2185,0.2305,0.2428,0.0374,0.0415,0.0461,0.0371,0.0408,0.0454
2008-07-13,0.0511,0.0561,0.0616,0.4102,0.4257,0.4417,0.0534,0.0591,0.0657,0.0569,0.062,0.0673,0.0595,0.0651,0.072,0.2166,0.2298,0.2432,0.0371,0.0415,0.0464,0.0374,0.0412,0.0457
2008-07-20,0.0506,0.0558,0.061,0.4128,0.4285,0.4456,0.053,0.0588,0.065,0.0566,0.0618,0.0671,0.059,0.0649,0.0713,0.2158,0.2281,0.2413,0.0367,0.0411,0.046,0.0375,0.0414,0.0459
2008-07-27,0.0502,0.0554,0.0613,0.4123,0.429,0.4477,0.0522,0.0581,0.0643,0.0569,0.0622,0.0679,0.0587,0.0652,0.0718,0.2135,0.2269,0.2409,0.037,0.0414,0.0465,0.0376,0.0416,0.046
2008-08-03,0.0497,0.0554,0.0611,0.4121,0.4295,0.4495,0.0517,0.0574,0.0639,0.0572,0.0627,0.0686,0.0588,0.0651,0.0724,0.2111,0.2265,0.2401,0.0373,0.0419,0.047,0.0376,0.0417,0.0463
2008-08-10,0.0501,0.0552,0.0604,0.4152,0.4313,0.4475,0.0513,0.0569,0.0626,0.058,0.0633,0.0687,0.0593,0.0652,0.0721,0.2118,0.2252,0.2383,0.0377,0.0421,0.0471,0.0381,0.0419,0.0463
2008-08-17,0.0507,0.0551,0.0597,0.4199,0.4316,0.4438,0.0517,0.0565,0.0611,0.0591,0.0637,0.0685,0.0605,0.0655,0.0711,0.2151,0.2242,0.2336,0.0384,0.0425,0.0466,0.0385,0.0422,0.0458
2008-08-24,0.0506,0.0546,0.0588,0.4237,0.4343,0.4446,0.0521,0.0567,0.0609,0.0591,0.0632,0.0675,0.0606,0.0655,0.0706,0.2147,0.2234,0.2313,0.038,0.0418,0.0457,0.0385,0.0419,0.0455
2008-08-31,0.0504,0.0545,0.0589,0.4257,0.436,0.4479,0.0523,0.0571,0.0617,0.0581,0.0626,0.0669,0.0605,0.0654,0.0707,0.2135,0.2227,0.2325,0.0372,0.0411,0.0454,0.0382,0.0418,0.0453
2008-09-07,0.0502,0.0543,0.059,0.4247,0.4355,0.4474,0.0527,0.0576,0.0621,0.0584,0.0625,0.0669,0.0607,0.0657,0.0714,0.213,0.2219,0.2313,0.0373,0.0413,0.0454,0.0387,0.0421,0.0456
2008-09-14,0.0495,0.0536,0.0582,0.4283,0.4385,0.4504,0.0526,0.0579,0.0625,0.0574,0.0619,0.0667,0.0594,0.0645,0.0699,0.2125,0.2219,0.2317,0.0365,0.0406,0.0446,0.0388,0.0423,0.0458
2008-09-21,0.0495,0.0537,0.0581,0.4269,0.4387,0.4513,0.0524,0.0575,0.0624,0.0569,0.0613,0.066,0.0573,0.0625,0.068,0.215,0.2258,0.2368,0.0356,0.0398,0.0439,0.0385,0.042,0.0461
2008-09-28,0.0507,0.0551,0.0595,0.421,0.4335,0.4459,0.0519,0.057,0.0617,0.0563,0.0609,0.0654,0.0559,0.0605,0.0658,0.2234,0.2336,0.2446,0.0353,0.0392,0.0431,0.0383,0.0419,0.0459
2008-10-05,0.0522,0.0567,0.0607,0.4135,0.4252,0.4366,0.0526,0.0571,0.0615,0.0569,0.0612,0.0654,0.0562,0.0606,0.065,0.2298,0.2393,0.2486,0.036,0.0395,0.0431,0.0384,0.0417,0.0452
2008-10-12,0.0537,0.0579,0.0619,0.4093,0.4185,0.4286,0.0534,0.058,0.0624,0.0578,0.0614,0.0651,0.0567,0.0612,0.0656,0.2357,0.2438,0.2525,0.0361,0.0395,0.0428,0.0381,0.0412,0.0441
2008-10-19,0.0555,0.0595,0.064,0.3962,0.408,0.4191,0.0549,0.0595,0.0641,0.0569,0.061,0.0648,0.0574,0.062,0.0666,0.2419,0.2512,0.2614,0.0357,0.0394,0.0431,0.0375,0.0406,0.0439
2008-10-26,0.0559,0.0604,0.0653,0.3873,0.4,0.412,0.0559,0.0609,0.0656,0.0566,0.0603,0.0647,0.0575,0.0625,0.0676,0.2455,0.2571,0.268,0.036,0.0395,0.0434,0.037,0.0402,0.0436
2008-11-02,0.0552,0.0595,0.0638,0.3875,0.3986,0.409,0.0568,0.0617,0.0666,0.0564,0.0601,0.0643,0.0578,0.0624,0.0673,0.2473,0.2581,0.2688,0.0366,0.0401,0.0441,0.0373,0.0402,0.0433
2008-11-09,0.0547,0.0584,0.0625,0.3869,0.3976,0.4078,0.0587,0.0631,0.0676,0.0561,0.06,0.0638,0.0585,0.0628,0.0673,0.2488,0.258,0.2672,0.0372,0.0407,0.0441,0.0376,0.0405,0.0436
2008-11-16,0.0541,0.0575,0.0612,0.3917,0.4013,0.41,0.0592,0.0635,0.068,0.0556,0.0592,0.0629,0.0576,0.0619,0.0658,0.2493,0.257,0.2655,0.037,0.0403,0.0438,0.0372,0.04,0.0431
2008-11-23,0.0538,0.0576,0.0616,0.392,0.4043,0.4151,0.0581,0.0628,0.0676,0.0548,0.0586,0.0626,0.0561,0.0605,0.0653,0.2493,0.2585,0.2684,0.036,0.0398,0.0434,0.0361,0.0391,0.0421
2008-11-30,0.0556,0.0599,0.0641,0.3862,0.398,0.4092,0.0576,0.0623,0.0674,0.054,0.058,0.0623,0.0552,0.06,0.0649,0.2553,0.2657,0.2759,0.0355,0.039,0.0427,0.0352,0.0382,0.0414
2008-12-07,0.0579,0.0627,0.0671,0.3769,0.387,0.3979,0.0572,0.0622,0.0671,0.0541,0.058,0.062,0.0556,0.0603,0.065,0.2649,0.2743,0.2841,0.0353,0.0386,0.0425,0.0348,0.0377,0.0408
2008-12-14,0.0589,0.0632,0.0677,0.3749,0.3854,0.3964,0.057,0.0616,0.0667,0.0541,0.0582,0.0626,0.0553,0.06,0.065,0.2661,0.2763,0.2859,0.0352,0.0387,0.0425,0.0341,0.0373,0.0405
2008-12-21,0.0581,0.0629,0.0676,0.3737,0.3873,0.4003,0.0562,0.0616,0.067,0.0538,0.0581,0.0626,0.0551,0.0601,0.0655,0.2645,0.276,0.2867,0.0348,0.0386,0.0426,0.0338,0.0372,0.0404
2008-12-28,0.0571,0.0622,0.0678,0.3732,0.3882,0.4029,0.0563,0.0619,0.0676,0.053,0.0578,0.0624,0.0551,0.0601,0.0656,0.2626,0.2758,0.2889,0.0342,0.0383,0.0423,0.0336,0.037,0.0403
2009-01-04,0.0568,0.0615,0.0667,0.3759,0.3892,0.403,0.0569,0.0621,0.0675,0.0533,0.0575,0.0621,0.0549,0.0597,0.0659,0.2632,0.2756,0.2884,0.0341,0.038,0.0418,0.0335,0.0369,0.04
2009-01-11,0.0563,0.0603,0.0653,0.3813,0.3925,0.4039,0.0574,0.0625,0.0675,0.0535,0.0576,0.0616,0.0556,0.0604,0.0652,0.2626,0.2728,0.2828,0.0347,0.0382,0.0419,0.0334,0.0367,0.0397
2009-01-18,0.0556,0.0596,0.0635,0.3834,0.3936,0.4031,0.0577,0.0624,0.0672,0.0543,0.0581,0.062,0.0571,0.0612,0.0656,0.2617,0.2704,0.2781,0.0354,0.039,0.0428,0.0343,0.0372,0.0403
2009-01-25,0.0552,0.0592,0.0634,0.3794,0.391,0.4019,0.0576,0.0624,0.0673,0.0545,0.0584,0.062,0.057,0.0616,0.0662,0.2615,0.2714,0.2815,0.0357,0.0391,0.0429,0.0347,0.038,0.041
2009-02-01,0.0546,0.059,0.0635,0.3779,0.3886,0.4006,0.0579,0.063,0.0682,0.0541,0.058,0.0619,0.0577,0.0624,0.0675,0.2619,0.2723,0.2826,0.0356,0.0391,0.0426,0.0351,0.0382,0.0414
2009-02-08,0.055,0.0591,0.0631,0.375,0.3845,0.3951,0.0592,0.0642,0.0691,0.0541,0.0576,0.0617,0.0592,0.064,0.0692,0.2639,0.2738,0.283,0.0357,0.0389,0.0423,0.0355,0.0386,0.0419
2009-02-15,0.0557,0.0597,0.0637,0.3689,0.3795,0.3896,0.059,0.0639,0.0689,0.0535,0.0576,0.0616,0.059,0.0639,0.0695,0.2692,0.2786,0.288,0.0353,0.0389,0.0423,0.0355,0.0387,0.0421
2009-02-22,0.0558,0.0601,0.0644,0.3666,0.3786,0.3911,0.0574,0.0621,0.0671,0.0534,0.0574,0.0617,0.0575,0.0626,0.068,0.2719,0.2829,0.2943,0.0352,0.0387,0.0425,0.0354,0.0385,0.0419
2009-03-01,0.0561,0.0603,0.0648,0.3667,0.3786,0.3911,0.0556,0.0603,0.0654,0.0533,0.0575,0.0614,0.0562,0.0608,0.0662,0.2752,0.2872,0.2978,0.0345,0.0383,0.0419,0.0351,0.0384,0.0417
2009-03-08,0.0571,0.0615,0.0657,0.3634,0.3741,0.3851,0.0538,0.0586,0.0632,0.0529,0.0569,0.0609,0.0537,0.0581,0.0626,0.2864,0.2967,0.3065,0.034,0.0376,0.0411,0.035,0.0384,0.0416
2009-03-15,0.0578,0.0624,0.067,0.357,0.3679,0.3781,0.053,0.0577,0.0621,0.0529,0.0568,0.0608,0.0527,0.0572,0.062,0.2928,0.3028,0.3128,0.034,0.0375,0.0413,0.0356,0.0388,0.0423
2009-03-22,0.0585,0.0634,0.0681,0.3488,0.3611,0.3729,0.053,0.0579,0.0632,0.0523,0.0565,0.0607,0.0519,0.0572,0.0622,0.2967,0.3085,0.3195,0.0336,0.0375,0.0414,0.0357,0.0393,0.0433
2009-03-29,0.0593,0.0646,0.0696,0.3374,0.3516,0.3635,0.0533,0.0586,0.0643,0.0513,0.0558,0.0604,0.0511,0.0565,0.0621,0.305,0.317,0.33,0.0335,0.0372,0.0413,0.0363,0.0397,0.0438
2009-04-05,0.0597,0.0648,0.07,0.3334,0.3473,0.3602,0.054,0.0594,0.0647,0.0514,0.0558,0.06,0.051,0.056,0.062,0.3068,0.3204,0.3333,0.0332,0.0373,0.0415,0.0363,0.0399,0.0438
2009-04-12,0.0596,0.064,0.0687,0.3391,0.3488,0.3589,0.0556,0.0608,0.0656,0.0518,0.056,0.0602,0.0514,0.0564,0.0615,0.3072,0.3174,0.3282,0.0338,0.0376,0.0414,0.0369,0.0399,0.0437
2009-04-19,0.0592,0.0638,0.0686,0.3388,0.3496,0.3591,0.0567,0.0611,0.0659,0.0523,0.0561,0.0603,0.0518,0.056,0.0608,0.3068,0.3161,0.3258,0.0344,0.038,0.0416,0.0371,0.0403,0.0439
2009-04-26,0.0587,0.0634,0.0684,0.338,0.3497,0.3612,0.0566,0.0618,0.0672,0.0519,0.0561,0.0603,0.0518,0.0563,0.0611,0.3045,0.3149,0.3262,0.0343,0.0382,0.0421,0.037,0.0404,0.0439
2009-05-03,0.058,0.0626,0.0675,0.3381,0.3499,0.3633,0.0579,0.0628,0.0685,0.0516,0.0556,0.0594,0.0517,0.0564,0.061,0.3033,0.3152,0.3277,0.0342,0.0382,0.0419,0.0367,0.04,0.0432
2009-05-10,0.0574,0.0615,0.0659,0.3427,0.3524,0.3619,0.0604,0.0651,0.0696,0.0519,0.0555,0.059,0.054,0.0581,0.0624,0.3,0.3098,0.3195,0.0353,0.0386,0.0423,0.0367,0.0397,0.0426
2009-05-17,0.0573,0.0612,0.0654,0.3418,0.3513,0.3602,0.0626,0.0671,0.0716,0.052,0.056,0.0596,0.0566,0.0606,0.0647,0.2965,0.3058,0.3149,0.0359,0.0393,0.0429,0.0367,0.0399,0.0428
2009-05-24,0.0565,0.0607,0.0652,0.3374,0.3489,0.3601,0.0641,0.0694,0.0744,0.052,0.0561,0.0601,0.0583,0.0631,0.068,0.2911,0.3025,0.3135,0.0361,0.0398,0.0436,0.0369,0.0403,0.0435
2009-05-31,0.055,0.0597,0.0644,0.3362,0.3485,0.3607,0.0667,0.0727,0.0782,0.0516,0.0558,0.0601,0.0614,0.066,0.0717,0.2846,0.2971,0.3093,0.0365,0.04,0.044,0.0375,0.0407,0.044
2009-06-07,0.0542,0.0583,0.0626,0.3372,0.348,0.3588,0.0724,0.0778,0.0837,0.0512,0.0553,0.0593,0.0656,0.0705,0.0766,0.2782,0.2892,0.2998,0.0365,0.0402,0.044,0.0378,0.0412,0.0443
2009-06-14,0.0523,0.0564,0.0605,0.3418,0.3515,0.361,0.0773,0.0829,0.0893,0.0512,0.0549,0.0588,0.0692,0.0741,0.0798,0.2692,0.2788,0.2884,0.0366,0.0403,0.0442,0.0383,0.0415,0.045
2009-06-21,0.0514,0.0558,0.0599,0.3422,0.3523,0.3617,0.0799,0.0855,0.0912,0.0506,0.0544,0.0586,0.07,0.0753,0.0805,0.2657,0.2754,0.2847,0.0364,0.0401,0.0442,0.0388,0.042,0.0456
2009-06-28,0.0521,0.0563,0.0609,0.3368,0.3488,0.3594,0.0799,0.0862,0.0923,0.0497,0.0537,0.0579,0.0689,0.0743,0.0801,0.2692,0.2793,0.2906,0.0359,0.0396,0.0439,0.0389,0.0423,0.0458
2009-07-05,0.0523,0.0572,0.0624,0.3335,0.3456,0.3585,0.0789,0.0859,0.0929,0.049,0.0531,0.057,0.0665,0.0723,0.0786,0.2733,0.2853,0.2969,0.0352,0.0389,0.0433,0.0389,0.0425,0.0461
2009-07-12,0.0533,0.058,0.0636,0.3295,0.3425,0.3553,0.0777,0.0849,0.0929,0.0484,0.0528,0.0572,0.0644,0.0703,0.0767,0.2781,0.2908,0.3037,0.0344,0.0385,0.0429,0.039,0.0426,0.0466
2009-07-19,0.0537,0.0586,0.0646,0.3263,0.3402,0.3543,0.0766,0.0841,0.0926,0.0485,0.053,0.0572,0.0633,0.0695,0.0763,0.2798,0.2932,0.3081,0.0342,0.0384,0.0427,0.0394,0.0431,0.0471
2009-07-26,0.0541,0.059,0.0648,0.3243,0.3384,0.3541,0.0761,0.0832,0.0916,0.0491,0.0536,0.058,0.0626,0.0692,0.0765,0.2803,0.294,0.3075,0.0344,0.0389,0.043,0.0399,0.0437,0.0479
2009-08-02,0.0544,0.0592,0.0649,0.3259,0.3382,0.3519,0.0759,0.0823,0.09,0.0498,0.0542,0.0589,0.0627,0.0692,0.0757,0.2807,0.2937,0.3059,0.0352,0.0393,0.0435,0.0406,0.0444,0.0484
2009-08-09,0.054,0.0586,0.0635,0.3277,0.3402,0.3526,0.0755,0.0817,0.0887,0.0511,0.0553,0.0595,0.0639,0.0695,0.0752,0.2783,0.2901,0.3019,0.036,0.0402,0.0441,0.0413,0.0452,0.0493
2009-08-16,0.0536,0.0577,0.0621,0.3333,0.3432,0.3532,0.0761,0.0814,0.0872,0.0525,0.0565,0.0606,0.0656,0.0705,0.0756,0.2746,0.2847,0.2945,0.0373,0.0414,0.0452,0.0422,0.046,0.0498
2009-08-23,0.053,0.0568,0.0604,0.3375,0.3471,0.357,0.0758,0.0807,0.0861,0.053,0.0569,0.0606,0.0659,0.0706,0.0756,0.2717,0.2809,0.2903,0.038,0.0418,0.0457,0.0428,0.0464,0.0502
2009-08-30,0.0522,0.0561,0.0598,0.3413,0.3508,0.361,0.0742,0.0797,0.085,0.0523,0.0561,0.0598,0.0643,0.069,0.0741,0.2721,0.2822,0.2918,0.0377,0.0411,0.0451,0.0431,0.0464,0.0501
2009-09-06,0.0523,0.0563,0.0605,0.3416,0.3509,0.3609,0.0735,0.0786,0.0834,0.0512,0.055,0.0587,0.0619,0.0665,0.071,0.2783,0.2878,0.2969,0.0365,0.0401,0.0437,0.0432,0.0466,0.05
2009-09-13,0.0523,0.0563,0.0605,0.3391,0.3509,0.3611,0.0722,0.0776,0.0833,0.0511,0.0549,0.0589,0.0608,0.0654,0.0701,0.2798,0.2898,0.3003,0.0364,0.0399,0.0435,0.0434,0.047,0.0508
2009-09-20,0.0513,0.0556,0.0596,0.3405,0.3527,0.3641,0.0715,0.0772,0.083,0.0514,0.0553,0.0592,0.0604,0.0658,0.0711,0.276,0.2875,0.2997,0.0367,0.0404,0.0442,0.0438,0.0475,0.0513
2009-09-27,0.0504,0.0544,0.0586,0.3425,0.3555,0.3679,0.0715,0.0773,0.0831,0.0513,0.0552,0.0594,0.0605,0.0659,0.0715,0.2727,0.2844,0.2967,0.037,0.0407,0.0448,0.0445,0.0482,0.0519
2009-10-04,0.0497,0.0534,0.0576,0.3471,0.3585,0.3701,0.0714,0.0772,0.0826,0.0509,0.0549,0.059,0.0604,0.0654,0.0707,0.2728,0.2834,0.2942,0.0369,0.0406,0.0449,0.0448,0.0487,0.0522
2009-10-11,0.0485,0.0527,0.0566,0.3512,0.3612,0.3707,0.0711,0.0767,0.082,0.0499,0.0538,0.0574,0.059,0.0633,0.068,0.2768,0.2857,0.2957,0.0365,0.0401,0.044,0.0453,0.0489,0.0525
2009-10-18,0.0479,0.052,0.0557,0.3507,0.3608,0.3708,0.0725,0.0777,0.0827,0.0492,0.0532,0.057,0.058,0.0626,0.0674,0.2775,0.2869,0.2962,0.036,0.0397,0.0438,0.0463,0.0498,0.0533
2009-10-25,0.0476,0.0522,0.056,0.344,0.3556,0.3677,0.0743,0.0797,0.0853,0.0487,0.0526,0.0567,0.0579,0.0631,0.0681,0.2772,0.2883,0.299,0.036,0.0397,0.0442,0.0475,0.0514,0.055
2009-11-01,0.0483,0.0526,0.0567,0.3389,0.3499,0.3616,0.0765,0.0823,0.0876,0.0485,0.0525,0.0563,0.059,0.0637,0.0686,0.2774,0.2885,0.2987,0.036,0.0399,0.0437,0.0498,0.0534,0.0575
2009-11-08,0.049,0.0532,0.0574,0.3335,0.3436,0.3539,0.079,0.0844,0.0896,0.0487,0.0523,0.0557,0.0598,0.0641,0.0687,0.2803,0.2896,0.2995,0.0359,0.0397,0.0436,0.0516,0.0557,0.0598
2009-11-15,0.0489,0.0528,0.0568,0.3334,0.3436,0.353,0.0803,0.0859,0.0913,0.0486,0.0522,0.0557,0.0595,0.064,0.0686,0.2786,0.2884,0.2976,0.0361,0.0396,0.0436,0.0523,0.0564,0.0608
2009-11-22,0.0481,0.0519,0.0559,0.338,0.3487,0.3597,0.0823,0.0882,0.0939,0.0485,0.0523,0.0562,0.0603,0.0648,0.0698,0.2709,0.2812,0.2918,0.0358,0.0394,0.0436,0.0522,0.0561,0.0605
2009-11-29,0.0474,0.0513,0.0556,0.3417,0.353,0.3639,0.0851,0.0908,0.0973,0.0487,0.0525,0.0563,0.0615,0.0663,0.0717,0.2628,0.2733,0.2837,0.0357,0.0395,0.0434,0.052,0.0558,0.0598
2009-12-06,0.0471,0.0514,0.0556,0.3438,0.354,0.3642,0.0878,0.0939,0.0997,0.0484,0.0521,0.0555,0.0619,0.0669,0.0724,0.2609,0.2703,0.2801,0.0354,0.0387,0.0426,0.0517,0.0557,0.0597
2009-12-13,0.0478,0.052,0.0563,0.3398,0.3492,0.3597,0.0898,0.0958,0.1019,0.0475,0.0513,0.0549,0.0618,0.0667,0.0714,0.2657,0.2749,0.2844,0.0347,0.0381,0.0417,0.0514,0.0554,0.0593
2009-12-20,0.0477,0.0524,0.0573,0.3322,0.3457,0.3576,0.0898,0.0967,0.1038,0.0465,0.0505,0.0547,0.0601,0.0657,0.0717,0.2689,0.2795,0.2911,0.0338,0.0377,0.042,0.0504,0.0547,0.0588
2009-12-27,0.047,0.0517,0.0568,0.3329,0.3476,0.3626,0.0901,0.0973,0.1049,0.0454,0.0498,0.0542,0.0593,0.0651,0.0715,0.2659,0.2798,0.2941,0.0337,0.0376,0.0421,0.0495,0.0538,0.0585
2010-01-03,0.046,0.0505,0.0554,0.3391,0.3536,0.368,0.0903,0.0976,0.105,0.045,0.0494,0.0538,0.0588,0.0645,0.0708,0.2627,0.2761,0.2898,0.0339,0.0379,0.0425,0.0489,0.0535,0.0578
2010-01-10,0.045,0.0489,0.0536,0.3485,0.3598,0.372,0.0911,0.0978,0.1043,0.0453,0.0494,0.0533,0.0587,0.0639,0.0696,0.2613,0.272,0.2828,0.0344,0.0383,0.0428,0.0491,0.0532,0.0571
2010-01-17,0.0457,0.0493,0.0535,0.351,0.3608,0.3713,0.0894,0.0954,0.1015,0.0458,0.0498,0.0537,0.0584,0.063,0.0678,0.2636,0.2732,0.2827,0.0353,0.0389,0.0428,0.049,0.0528,0.0565
2010-01-24,0.0465,0.0506,0.0546,0.3455,0.356,0.3666,0.0867,0.0929,0.099,0.0463,0.0501,0.054,0.0576,0.0621,0.0669,0.269,0.2796,0.2911,0.0358,0.0393,0.0434,0.0486,0.0524,0.0564
2010-01-31,0.0477,0.0517,0.0559,0.3407,0.3513,0.3618,0.0843,0.0904,0.0968,0.0464,0.0506,0.0546,0.0565,0.061,0.0659,0.2771,0.2873,0.2976,0.0359,0.0396,0.0438,0.0479,0.0517,0.0558
2010-02-07,0.0481,0.0522,0.0566,0.3401,0.3501,0.3604,0.0832,0.089,0.0951,0.0459,0.05,0.0541,0.0549,0.0596,0.0646,0.2826,0.2928,0.3027,0.0353,0.0389,0.0429,0.0474,0.0509,0.0547
2010-02-14,0.0475,0.0517,0.0559,0.3403,0.3506,0.3614,0.0842,0.0902,0.0963,0.0456,0.0496,0.0535,0.0548,0.0595,0.064,0.2819,0.2918,0.3024,0.0352,0.0389,0.043,0.0473,0.0512,0.055
2010-02-21,0.0473,0.0513,0.0557,0.341,0.3507,0.3613,0.0865,0.0927,0.0992,0.0454,0.0495,0.0533,0.0552,0.0599,0.0647,0.2797,0.2895,0.2991,0.0354,0.0391,0.0433,0.0472,0.0511,0.055
2010-02-28,0.0471,0.0514,0.0554,0.3386,0.3494,0.3599,0.088,0.0946,0.1011,0.0456,0.0492,0.053,0.0557,0.0602,0.0653,0.2798,0.2892,0.2996,0.0356,0.0394,0.0436,0.0466,0.0506,0.0547
2010-03-07,0.0474,0.0519,0.0559,0.3386,0.349,0.3592,0.0875,0.0938,0.1,0.0454,0.0492,0.0529,0.0551,0.0598,0.0644,0.2813,0.2922,0.3021,0.0353,0.039,0.0429,0.046,0.0497,0.0533
2010-03-14,0.0475,0.0515,0.0558,0.3389,0.3491,0.3596,0.0879,0.0936,0.1,0.0462,0.0498,0.0536,0.0562,0.0608,0.0658,0.28,0.29,0.2995,0.0357,0.0395,0.0437,0.0458,0.0495,0.0531
2010-03-21,0.0472,0.0511,0.0552,0.3364,0.3478,0.3585,0.0871,0.0934,0.1004,0.0468,0.0508,0.0547,0.0574,0.0624,0.0671,0.2779,0.2886,0.2989,0.0364,0.0405,0.0445,0.0464,0.05,0.0536
2010-03-28,0.0467,0.0506,0.0549,0.3363,0.3481,0.3608,0.0864,0.0933,0.0995,0.0464,0.0507,0.0551,0.057,0.0622,0.0676,0.2774,0.2888,0.3009,0.0364,0.0404,0.0443,0.0463,0.0498,0.054
2010-04-04,0.0463,0.0501,0.054,0.3398,0.3518,0.3634,0.086,0.093,0.1005,0.0463,0.0503,0.0546,0.0563,0.0614,0.0665,0.277,0.2884,0.3003,0.0359,0.0398,0.0439,0.0455,0.0491,0.053
2010-04-11,0.0458,0.05,0.0541,0.3431,0.3531,0.3642,0.0853,0.0915,0.0976,0.0461,0.0499,0.0541,0.0556,0.0599,0.0645,0.2821,0.2918,0.3017,0.0357,0.0393,0.0434,0.0449,0.0484,0.0519
2010-04-18,0.046,0.0501,0.054,0.3421,0.3526,0.3631,0.0856,0.0913,0.097,0.0457,0.0496,0.0535,0.0545,0.059,0.0639,0.2855,0.2955,0.305,0.0352,0.0388,0.0429,0.0441,0.0477,0.0514
2010-04-25,0.0464,0.0505,0.0551,0.3373,0.3493,0.3609,0.0853,0.0915,0.0984,0.0449,0.0492,0.0535,0.0541,0.0588,0.0641,0.2871,0.2994,0.3108,0.0346,0.0385,0.0424,0.0437,0.0474,0.051
2010-05-02,0.0473,0.0514,0.0558,0.3349,0.3458,0.3564,0.0844,0.0904,0.0969,0.0451,0.049,0.0529,0.0537,0.0584,0.0631,0.2937,0.3047,0.3156,0.0343,0.0382,0.0423,0.0432,0.047,0.0506
2010-05-09,0.0478,0.0516,0.0558,0.3326,0.342,0.3513,0.0844,0.0903,0.0963,0.045,0.0488,0.0525,0.0534,0.0579,0.0624,0.2996,0.3094,0.3194,0.0341,0.0377,0.0415,0.0432,0.0469,0.0502
2010-05-16,0.0489,0.0527,0.057,0.3252,0.3352,0.3443,0.084,0.0895,0.0953,0.0454,0.0494,0.0528,0.0537,0.058,0.0627,0.3043,0.314,0.3244,0.0346,0.0382,0.0421,0.0441,0.0476,0.051
2010-05-23,0.0495,0.0534,0.0577,0.3171,0.3271,0.3363,0.0834,0.0892,0.095,0.0458,0.0497,0.0535,0.0539,0.0584,0.063,0.3097,0.3194,0.3296,0.0352,0.0388,0.043,0.045,0.0486,0.0521
2010-05-30,0.0491,0.0532,0.0572,0.3116,0.3214,0.332,0.0842,0.0902,0.0966,0.0457,0.0494,0.0529,0.0534,0.0579,0.0629,0.3138,0.3241,0.3349,0.0352,0.0388,0.0429,0.0459,0.0496,0.0533
2010-06-06,0.0486,0.0525,0.0568,0.3098,0.3196,0.3301,0.0836,0.0892,0.0952,0.045,0.0487,0.0525,0.0517,0.0566,0.0611,0.3191,0.3297,0.34,0.0348,0.0385,0.0424,0.0462,0.0503,0.0541
2010-06-13,0.0483,0.0522,0.0563,0.31,0.3196,0.3297,0.0818,0.0875,0.0934,0.0453,0.049,0.0529,0.0516,0.056,0.0602,0.32,0.3305,0.3399,0.0353,0.039,0.0428,0.0473,0.0513,0.055
2010-06-20,0.0478,0.0519,0.0563,0.3096,0.3201,0.3306,0.0804,0.0863,0.0929,0.0458,0.0499,0.0535,0.0518,0.0565,0.0608,0.3176,0.3283,0.3395,0.0362,0.0399,0.044,0.0479,0.052,0.056
2010-06-27,0.0474,0.0515,0.0562,0.3071,0.3202,0.3329,0.0797,0.0862,0.0928,0.0458,0.0502,0.054,0.0523,0.0574,0.0625,0.3143,0.3264,0.3395,0.0368,0.0408,0.0452,0.0482,0.0524,0.0568
2010-07-04,0.0469,0.0511,0.0557,0.3084,0.3207,0.3321,0.0793,0.0862,0.0931,0.0459,0.0503,0.0544,0.053,0.0583,0.0636,0.3125,0.3248,0.3373,0.0373,0.0414,0.0461,0.0482,0.0526,0.0568
2010-07-11,0.0465,0.0509,0.0558,0.3083,0.3214,0.3343,0.0787,0.0857,0.093,0.0454,0.0498,0.054,0.0533,0.0586,0.0639,0.3115,0.3246,0.3386,0.0375,0.0416,0.0463,0.0482,0.0523,0.0571
2010-07-18,0.0458,0.0504,0.0554,0.3111,0.3234,0.3362,0.0776,0.0848,0.0917,0.0455,0.05,0.0542,0.054,0.0594,0.0651,0.3096,0.3224,0.3361,0.0382,0.0424,0.0478,0.0484,0.0525,0.0568
2010-07-25,0.0456,0.0502,0.0549,0.3124,0.3245,0.3371,0.077,0.084,0.0912,0.0458,0.0503,0.0547,0.0548,0.0604,0.0664,0.307,0.3207,0.3326,0.0388,0.0431,0.0485,0.0482,0.0524,0.057
2010-08-01,0.0457,0.0502,0.0547,0.3123,0.3249,0.3377,0.077,0.0834,0.0902,0.0456,0.0503,0.0546,0.0555,0.0608,0.0665,0.3064,0.3197,0.3315,0.0392,0.044,0.0493,0.0479,0.0523,0.0567
2010-08-08,0.046,0.0504,0.0547,0.314,0.3234,0.3338,0.0782,0.0839,0.0899,0.0458,0.0503,0.0544,0.0563,0.0613,0.0667,0.3087,0.3202,0.331,0.0397,0.0441,0.0489,0.0477,0.0521,0.0562
2010-08-15,0.0463,0.0506,0.0548,0.3155,0.324,0.3333,0.0782,0.0835,0.0892,0.0469,0.0509,0.055,0.0584,0.0626,0.0674,0.3076,0.3164,0.3252,0.0409,0.0449,0.0496,0.0483,0.0523,0.056
2010-08-22,0.0491,0.053,0.0573,0.308,0.3169,0.3256,0.0758,0.0807,0.0862,0.0492,0.053,0.0566,0.0602,0.0645,0.0692,0.3094,0.3186,0.3271,0.0424,0.0464,0.0505,0.0486,0.0523,0.0561
2010-08-29,0.0517,0.0555,0.0594,0.3038,0.3114,0.3193,0.074,0.0787,0.0838,0.051,0.0544,0.0578,0.062,0.0662,0.071,0.3109,0.3193,0.3273,0.0433,0.0468,0.0505,0.0497,0.0533,0.0568
2010-09-05,0.0549,0.0586,0.0624,0.2967,0.3045,0.3128,0.0711,0.0758,0.0802,0.0547,0.058,0.0614,0.0649,0.0689,0.0736,0.3071,0.316,0.3243,0.0459,0.0491,0.0525,0.0513,0.0548,0.0582
2010-09-12,0.0556,0.0585,0.0615,0.2951,0.3019,0.3085,0.0683,0.0721,0.0756,0.059,0.0618,0.0646,0.0659,0.069,0.0728,0.3061,0.313,0.3199,0.0499,0.0527,0.0556,0.0539,0.0566,0.0591
2010-09-19,0.056,0.056,0.056,0.3066,0.3066,0.3066,0.0734,0.0734,0.0734,0.0656,0.0656,0.0656,0.0706,0.0706,0.0706,0.3006,0.3006,0.3006,0.056,0.056,0.056,0.057,0.057,0.057
2010-09-26,0.0514,0.0543,0.0576,0.2944,0.3033,0.3125,0.0723,0.0763,0.0803,0.0591,0.0624,0.0653,0.0677,0.0711,0.0741,0.3014,0.3082,0.3154,0.0491,0.0521,0.0554,0.0553,0.0582,0.0613
2010-10-03,0.049,0.0526,0.0566,0.2912,0.3015,0.3118,0.0731,0.0783,0.0831,0.0558,0.0595,0.0633,0.0672,0.0712,0.0751,0.3066,0.3145,0.3225,0.0454,0.0491,0.0527,0.0558,0.0594,0.0631
2010-10-10,0.0476,0.051,0.0547,0.2903,0.3,0.3089,0.0749,0.0797,0.0846,0.0531,0.0569,0.0603,0.0672,0.0713,0.0756,0.3124,0.3207,0.3286,0.0428,0.0462,0.0498,0.057,0.0608,0.0644
2010-10-17,0.0461,0.0497,0.0533,0.2878,0.2967,0.3063,0.077,0.0818,0.0868,0.0514,0.055,0.0586,0.0675,0.0716,0.0759,0.3188,0.326,0.334,0.0405,0.044,0.0473,0.0576,0.0616,0.0657
2010-10-24,0.0457,0.0494,0.0533,0.2854,0.2947,0.3048,0.0779,0.083,0.0883,0.0504,0.0541,0.0579,0.0672,0.0713,0.0758,0.3211,0.3291,0.3372,0.0392,0.0427,0.0461,0.0577,0.0617,0.0658
2010-10-31,0.046,0.0496,0.0537,0.2839,0.2932,0.3034,0.0782,0.0834,0.089,0.0501,0.0538,0.0575,0.0667,0.071,0.0753,0.3224,0.3306,0.3384,0.0387,0.0424,0.0457,0.0586,0.0623,0.0664
2010-11-07,0.0472,0.0507,0.0544,0.282,0.2906,0.2994,0.0793,0.0839,0.0885,0.05,0.0534,0.0566,0.0658,0.0697,0.0736,0.3253,0.3321,0.3396,0.0386,0.042,0.0453,0.0601,0.064,0.0679
2010-11-14,0.0479,0.0517,0.0554,0.2763,0.2848,0.2928,0.0812,0.0859,0.0908,0.0494,0.053,0.0564,0.0647,0.0685,0.0724,0.3297,0.3366,0.344,0.0379,0.041,0.0442,0.0611,0.0648,0.0687
2010-11-21,0.0481,0.0521,0.0563,0.2707,0.2801,0.2891,0.0828,0.0882,0.0942,0.049,0.0526,0.0563,0.0639,0.0678,0.0715,0.333,0.3401,0.3487,0.0367,0.04,0.0433,0.0611,0.065,0.069
2010-11-28,0.0481,0.052,0.0565,0.2695,0.2791,0.2886,0.0842,0.0901,0.0956,0.0482,0.0517,0.0557,0.0631,0.0674,0.0714,0.3342,0.3421,0.3512,0.0353,0.0387,0.0424,0.0613,0.0653,0.0691
2010-12-05,0.0479,0.0515,0.0558,0.2694,0.278,0.2874,0.0871,0.0924,0.0978,0.047,0.0504,0.0541,0.063,0.067,0.0713,0.3362,0.3439,0.352,0.034,0.037,0.0401,0.0618,0.0656,0.0696
2010-12-12,0.0475,0.0513,0.0552,0.2666,0.2752,0.2838,0.0894,0.0941,0.0995,0.0461,0.0495,0.0529,0.0625,0.0669,0.0711,0.3389,0.3464,0.3542,0.0331,0.0361,0.039,0.0626,0.0667,0.0712
2010-12-19,0.0476,0.0515,0.0556,0.2626,0.2721,0.2827,0.0889,0.095,0.1015,0.0452,0.0488,0.0526,0.0614,0.0666,0.0711,0.3396,0.3489,0.3577,0.0325,0.0359,0.0393,0.0633,0.0675,0.0724
2010-12-26,0.0472,0.0519,0.0569,0.2587,0.2706,0.2829,0.0881,0.0945,0.1011,0.0444,0.0483,0.0525,0.0614,0.0663,0.0708,0.3412,0.3503,0.3603,0.0324,0.0358,0.0397,0.0636,0.0678,0.0729
2011-01-02,0.0476,0.052,0.0566,0.2613,0.2717,0.2826,0.0872,0.0934,0.1002,0.0446,0.048,0.052,0.0615,0.0662,0.0702,0.3417,0.3508,0.3607,0.0329,0.0363,0.0398,0.0635,0.0678,0.0726
2011-01-09,0.0477,0.0518,0.0559,0.2655,0.2746,0.2834,0.0861,0.0917,0.0975,0.0446,0.048,0.0515,0.062,0.0658,0.0702,0.3414,0.3497,0.3583,0.0338,0.0371,0.0404,0.0637,0.0678,0.0723
2011-01-16,0.0472,0.0511,0.055,0.267,0.2759,0.2846,0.0869,0.092,0.0973,0.0445,0.048,0.0512,0.062,0.0658,0.0697,0.3406,0.3479,0.3554,0.0342,0.0376,0.0409,0.0645,0.0684,0.0725
2011-01-23,0.0467,0.0508,0.0547,0.2673,0.2765,0.2857,0.0871,0.0929,0.0985,0.044,0.0475,0.0511,0.0617,0.0657,0.0699,0.3394,0.3475,0.3551,0.0336,0.0372,0.0408,0.0645,0.0687,0.0732
2011-01-30,0.0462,0.0504,0.0544,0.2709,0.2815,0.2917,0.0851,0.0911,0.0974,0.0432,0.0467,0.0504,0.0614,0.0655,0.0699,0.3383,0.3472,0.3559,0.0333,0.0368,0.0405,0.0632,0.0676,0.072
2011-02-06,0.046,0.0503,0.0546,0.275,0.2858,0.2963,0.0826,0.0886,0.0949,0.043,0.0465,0.05,0.0616,0.0659,0.0706,0.3372,0.3458,0.3546,0.0338,0.0373,0.0409,0.0622,0.0666,0.071
2011-02-13,0.0468,0.0505,0.0546,0.2813,0.2893,0.2983,0.0805,0.0856,0.0907,0.0431,0.0467,0.0501,0.0624,0.0662,0.0707,0.3361,0.3441,0.3519,0.0349,0.0382,0.0419,0.0618,0.0659,0.0703
2011-02-20,0.0467,0.0504,0.0543,0.2828,0.2912,0.3002,0.0812,0.0861,0.091,0.0434,0.0466,0.0499,0.0626,0.0664,0.0703,0.3355,0.343,0.3506,0.0349,0.038,0.0413,0.0613,0.065,0.069
2011-02-27,0.046,0.0501,0.0541,0.2839,0.2933,0.3033,0.0825,0.0883,0.0936,0.0433,0.0465,0.05,0.062,0.0661,0.0703,0.3323,0.3408,0.3491,0.0343,0.0374,0.0407,0.0603,0.0642,0.0683
2011-03-06,0.0456,0.0497,0.0538,0.2867,0.2957,0.3069,0.0841,0.0898,0.0958,0.0436,0.0466,0.05,0.0614,0.0655,0.0698,0.3299,0.3379,0.3465,0.034,0.0371,0.0403,0.06,0.0639,0.0679
2011-03-13,0.0457,0.0492,0.0529,0.2905,0.299,0.308,0.0851,0.0902,0.0958,0.0437,0.0469,0.0499,0.061,0.0648,0.0687,0.3282,0.3354,0.3424,0.034,0.0369,0.04,0.0601,0.0639,0.0678
2011-03-20,0.0453,0.0486,0.0525,0.2931,0.3011,0.3088,0.0858,0.0907,0.0956,0.0437,0.0467,0.0499,0.0609,0.0644,0.0682,0.3282,0.3346,0.3413,0.0337,0.0364,0.0396,0.0607,0.0639,0.0673
2011-03-27,0.0445,0.0479,0.0516,0.2964,0.3058,0.3151,0.0837,0.0891,0.0945,0.0435,0.0465,0.0498,0.0602,0.064,0.0681,0.3262,0.3337,0.3409,0.0335,0.0362,0.0394,0.0592,0.0632,0.0669
2011-04-03,0.0441,0.0474,0.0514,0.2982,0.3082,0.3171,0.0825,0.0879,0.093,0.0433,0.0463,0.0496,0.0594,0.0633,0.0674,0.326,0.3341,0.342,0.0331,0.0361,0.0393,0.0595,0.0632,0.0672
2011-04-10,0.0439,0.0472,0.0507,0.3034,0.3124,0.3211,0.0814,0.0865,0.0916,0.043,0.0461,0.0492,0.0584,0.0621,0.0661,0.3252,0.3322,0.3402,0.0331,0.0359,0.039,0.0603,0.0639,0.0676
2011-04-17,0.0437,0.0471,0.0509,0.305,0.3132,0.3212,0.0818,0.0864,0.0909,0.0428,0.0458,0.0492,0.0577,0.0611,0.0647,0.3249,0.3316,0.3391,0.0331,0.0357,0.0387,0.0616,0.0649,0.069
2011-04-24,0.0431,0.0467,0.0505,0.3051,0.3148,0.3244,0.0818,0.0866,0.0919,0.0428,0.046,0.0495,0.057,0.061,0.0646,0.3216,0.3293,0.3372,0.033,0.036,0.0391,0.0621,0.0657,0.0696
2011-05-01,0.0424,0.0463,0.0501,0.3089,0.319,0.3286,0.0814,0.0865,0.0916,0.0431,0.0463,0.0497,0.0574,0.0612,0.0647,0.317,0.3247,0.3325,0.0338,0.0365,0.0397,0.0621,0.066,0.0697
2011-05-08,0.0421,0.0452,0.0486,0.3181,0.3264,0.3353,0.0804,0.0851,0.0901,0.0436,0.0467,0.0499,0.0583,0.0616,0.0651,0.3117,0.3189,0.3259,0.0342,0.0372,0.0402,0.0612,0.0649,0.0689
2011-05-15,0.041,0.0443,0.0478,0.3204,0.3292,0.3375,0.0813,0.0858,0.0906,0.0439,0.0468,0.0498,0.0589,0.0624,0.0659,0.3099,0.3163,0.3231,0.0346,0.0373,0.0401,0.0601,0.0639,0.0675
2011-05-22,0.041,0.0444,0.0478,0.3158,0.3239,0.3329,0.0841,0.0889,0.0944,0.044,0.047,0.0501,0.059,0.0623,0.0657,0.311,0.3178,0.3247,0.0341,0.0371,0.0401,0.0609,0.0643,0.0679
2011-05-29,0.0412,0.045,0.0489,0.3077,0.3171,0.3258,0.0875,0.0927,0.0978,0.0439,0.0472,0.0503,0.0583,0.0619,0.0659,0.3122,0.3197,0.3277,0.0338,0.0368,0.0399,0.0618,0.0654,0.0693
2011-06-05,0.0407,0.0445,0.0484,0.3079,0.3181,0.3279,0.0877,0.0937,0.0996,0.0437,0.0471,0.0504,0.0582,0.062,0.0662,0.3108,0.3187,0.3269,0.0335,0.0365,0.0399,0.0614,0.0653,0.0693
2011-06-12,0.0397,0.0431,0.0467,0.3156,0.325,0.3344,0.0868,0.0922,0.0973,0.0435,0.0466,0.05,0.058,0.0619,0.0659,0.3079,0.316,0.324,0.0334,0.0362,0.0397,0.0608,0.0647,0.0688
2011-06-19,0.0392,0.0424,0.0461,0.3155,0.3245,0.3339,0.0876,0.093,0.0989,0.0431,0.0463,0.0497,0.0581,0.0621,0.0662,0.3104,0.3178,0.3263,0.0324,0.0355,0.0387,0.06,0.064,0.068
2011-06-26,0.0388,0.0424,0.0461,0.3105,0.3208,0.3313,0.0889,0.095,0.1017,0.0424,0.0461,0.0496,0.0579,0.0618,0.0661,0.3132,0.3225,0.3309,0.0312,0.0345,0.0377,0.0592,0.0635,0.068
2011-07-03,0.0381,0.042,0.0458,0.3105,0.3209,0.3317,0.0886,0.0952,0.1022,0.0415,0.0452,0.0492,0.0575,0.0616,0.066,0.3162,0.3248,0.3342,0.0301,0.0334,0.0365,0.0585,0.0629,0.0674
2011-07-10,0.0375,0.0414,0.0457,0.3119,0.3234,0.3357,0.087,0.0942,0.1022,0.0409,0.0447,0.0482,0.0571,0.0614,0.0661,0.316,0.3254,0.3351,0.0293,0.0328,0.0362,0.0581,0.0626,0.0672
2011-07-17,0.0371,0.0408,0.0448,0.3169,0.328,0.3407,0.0857,0.0928,0.0997,0.0406,0.0445,0.0486,0.057,0.0614,0.0662,0.3142,0.3239,0.3331,0.029,0.0325,0.0359,0.0577,0.0622,0.0671
2011-07-24,0.0367,0.0404,0.0446,0.3209,0.3322,0.3436,0.0847,0.0904,0.0974,0.0407,0.0446,0.0481,0.0569,0.0613,0.0658,0.3134,0.3228,0.3318,0.0291,0.0326,0.0356,0.0572,0.0621,0.0671
2011-07-31,0.0364,0.0401,0.0441,0.323,0.335,0.3465,0.0832,0.0893,0.0959,0.041,0.0447,0.0484,0.0567,0.0611,0.0659,0.3131,0.322,0.3309,0.029,0.0324,0.0357,0.0573,0.062,0.0664
2011-08-07,0.0366,0.0399,0.0438,0.324,0.3353,0.3465,0.0819,0.0882,0.0954,0.0415,0.0449,0.0487,0.057,0.0609,0.0656,0.3137,0.3223,0.3311,0.0294,0.0325,0.0357,0.0576,0.062,0.0665
2011-08-14,0.0371,0.0401,0.0437,0.3245,0.3344,0.3445,0.0819,0.0873,0.0928,0.0423,0.0455,0.0492,0.0575,0.0615,0.0656,0.3151,0.3229,0.3305,0.0297,0.0328,0.0361,0.0578,0.0615,0.0657
2011-08-21,0.0371,0.0404,0.0436,0.3236,0.3325,0.3426,0.081,0.0859,0.0914,0.043,0.0463,0.0497,0.0579,0.062,0.0661,0.3176,0.3253,0.3328,0.0304,0.0332,0.0363,0.0566,0.0604,0.0643
2011-08-28,0.0384,0.0419,0.0451,0.3178,0.3283,0.338,0.0807,0.0857,0.0916,0.0442,0.0477,0.0511,0.0576,0.0614,0.0658,0.318,0.326,0.3346,0.031,0.0341,0.0373,0.0568,0.0605,0.0646
2011-09-04,0.0404,0.0439,0.0476,0.3172,0.3258,0.3346,0.0806,0.0856,0.0911,0.0461,0.0492,0.0525,0.0569,0.0602,0.0639,0.3169,0.3247,0.3319,0.0325,0.0352,0.0383,0.0577,0.0612,0.0649
2011-09-11,0.0424,0.046,0.0494,0.3167,0.3248,0.3334,0.08,0.0845,0.0893,0.047,0.0502,0.0534,0.0553,0.0589,0.0622,0.3158,0.3224,0.3296,0.0334,0.0361,0.0392,0.0586,0.0623,0.0658
2011-09-18,0.044,0.0476,0.0511,0.3167,0.3254,0.3342,0.0789,0.0835,0.088,0.048,0.0514,0.0547,0.0543,0.0579,0.0615,0.3116,0.3189,0.3262,0.0346,0.0372,0.0405,0.0595,0.0633,0.0671
2011-09-25,0.0452,0.0494,0.0534,0.3039,0.3145,0.3257,0.081,0.0864,0.0924,0.0494,0.0528,0.0567,0.0543,0.058,0.0618,0.3119,0.3211,0.3296,0.0349,0.0381,0.0413,0.0604,0.0646,0.0688
2011-10-02,0.0471,0.051,0.055,0.2945,0.3044,0.3147,0.0832,0.0886,0.0942,0.0509,0.0543,0.0583,0.0548,0.0582,0.062,0.3157,0.3237,0.3312,0.0359,0.0389,0.0423,0.0614,0.0656,0.0697
2011-10-09,0.0491,0.0528,0.057,0.2878,0.2969,0.3057,0.0847,0.09,0.0953,0.0514,0.0548,0.0587,0.0551,0.0585,0.0621,0.3188,0.3266,0.3337,0.0361,0.0391,0.0427,0.0622,0.0661,0.0702
2011-10-16,0.051,0.0548,0.059,0.2767,0.2852,0.2939,0.0873,0.0924,0.0979,0.0513,0.0548,0.0584,0.0551,0.0586,0.0622,0.3261,0.3331,0.3403,0.0357,0.0385,0.0419,0.0629,0.067,0.0712
2011-10-23,0.0516,0.0557,0.06,0.2662,0.2751,0.2843,0.0904,0.096,0.1012,0.0509,0.0546,0.0581,0.0551,0.0587,0.0624,0.3315,0.339,0.3476,0.0345,0.0377,0.0409,0.0638,0.068,0.0722
2011-10-30,0.0519,0.0557,0.0599,0.2616,0.2712,0.2804,0.0928,0.0987,0.1045,0.051,0.0547,0.0584,0.0548,0.0582,0.062,0.3328,0.3408,0.3495,0.0339,0.0368,0.0402,0.0644,0.0686,0.0727
2011-11-06,0.0513,0.0551,0.059,0.26,0.2686,0.2766,0.0947,0.1004,0.1063,0.0517,0.0551,0.0586,0.0548,0.0583,0.062,0.3345,0.3422,0.3497,0.0336,0.0366,0.0395,0.0648,0.0689,0.0727
2011-11-13,0.0512,0.0549,0.0589,0.2572,0.2655,0.2739,0.0962,0.1016,0.1069,0.0525,0.0558,0.0593,0.0552,0.0585,0.062,0.3368,0.3434,0.3508,0.034,0.0367,0.0396,0.0645,0.0683,0.0722
2011-11-20,0.0518,0.0554,0.059,0.254,0.2619,0.2709,0.0978,0.1033,0.1092,0.0524,0.0558,0.0597,0.0551,0.0584,0.0618,0.3387,0.3455,0.3527,0.0336,0.0364,0.0395,0.0641,0.068,0.0718
2011-11-27,0.0527,0.0563,0.0604,0.2515,0.26,0.2685,0.0991,0.1045,0.1103,0.0517,0.0555,0.0592,0.0541,0.0577,0.0614,0.3392,0.3471,0.3551,0.0329,0.0358,0.0392,0.0638,0.0677,0.0717
2011-12-04,0.0537,0.0575,0.0615,0.25,0.2579,0.2664,0.0992,0.1053,0.1107,0.0516,0.055,0.0591,0.0535,0.057,0.0609,0.3407,0.3485,0.3561,0.0324,0.0353,0.0384,0.0641,0.0679,0.0717
2011-12-11,0.056,0.0599,0.0637,0.2467,0.2546,0.2628,0.1011,0.1064,0.112,0.0511,0.0546,0.0582,0.0525,0.0559,0.0592,0.3429,0.3495,0.3572,0.0319,0.0349,0.0376,0.0646,0.0684,0.0719
2011-12-18,0.0579,0.0623,0.0668,0.2429,0.2522,0.2606,0.1016,0.1078,0.1136,0.0502,0.0538,0.0577,0.0512,0.0548,0.0585,0.3421,0.3502,0.3584,0.0312,0.0343,0.0373,0.065,0.0691,0.0736
2011-12-25,0.0596,0.0643,0.0693,0.2391,0.249,0.2589,0.1028,0.1096,0.1171,0.0491,0.0532,0.057,0.0502,0.0541,0.0579,0.3409,0.3499,0.3587,0.0306,0.0338,0.0373,0.0657,0.0702,0.0748
2012-01-01,0.0623,0.0672,0.0723,0.2344,0.2437,0.2527,0.1059,0.112,0.1191,0.0481,0.0524,0.0563,0.0493,0.0533,0.057,0.3421,0.3506,0.3593,0.0299,0.0331,0.0363,0.0672,0.0715,0.0758
2012-01-08,0.0667,0.0718,0.0772,0.2312,0.24,0.2494,0.1056,0.1118,0.1187,0.0474,0.0512,0.0552,0.048,0.052,0.0559,0.3424,0.3511,0.3591,0.03,0.033,0.0362,0.0683,0.0728,0.0773
2012-01-15,0.0716,0.0768,0.0821,0.2317,0.2404,0.2489,0.103,0.1091,0.1156,0.0466,0.0505,0.0542,0.047,0.0508,0.0544,0.3407,0.3488,0.3569,0.0303,0.0334,0.0365,0.0692,0.074,0.0786
2012-01-22,0.0738,0.079,0.0848,0.2364,0.245,0.2539,0.0997,0.106,0.1121,0.0464,0.05,0.0537,0.0464,0.0503,0.0541,0.3371,0.3456,0.3535,0.0309,0.0339,0.0371,0.0687,0.0736,0.0785
2012-01-29,0.0738,0.079,0.0849,0.2455,0.2546,0.2638,0.0961,0.1021,0.1085,0.0463,0.05,0.0537,0.0465,0.0502,0.0543,0.3317,0.3401,0.3481,0.0315,0.0346,0.0384,0.0681,0.0722,0.0769
2012-02-05,0.0722,0.0773,0.0828,0.2583,0.2676,0.2768,0.0916,0.0973,0.1033,0.0465,0.0501,0.0537,0.0472,0.0506,0.0545,0.326,0.3341,0.3426,0.0325,0.0355,0.0393,0.0662,0.0704,0.0749
2012-02-12,0.0691,0.0737,0.0786,0.2729,0.2821,0.2916,0.0871,0.0922,0.0978,0.0467,0.0503,0.0536,0.048,0.0514,0.0547,0.3208,0.3289,0.3369,0.0333,0.0363,0.0395,0.0645,0.0684,0.0726
2012-02-19,0.0656,0.0705,0.0758,0.2877,0.2971,0.3067,0.0825,0.0873,0.0929,0.0468,0.0502,0.0539,0.0482,0.0515,0.0549,0.3142,0.3225,0.3305,0.0338,0.0367,0.0399,0.0635,0.0675,0.0717
2012-02-26,0.0629,0.0677,0.0725,0.2997,0.3098,0.3202,0.0797,0.0844,0.0901,0.0458,0.0495,0.0529,0.0477,0.0511,0.0546,0.309,0.317,0.3252,0.0336,0.0365,0.0394,0.0629,0.0671,0.0713
2012-03-04,0.0601,0.0648,0.0693,0.3098,0.3195,0.3291,0.0788,0.0836,0.0889,0.0451,0.0486,0.0519,0.0476,0.0511,0.0545,0.3061,0.3135,0.3212,0.0327,0.0357,0.0389,0.0627,0.0666,0.0706
2012-03-11,0.0576,0.0614,0.066,0.3218,0.3312,0.3409,0.0783,0.083,0.0884,0.0443,0.0476,0.0511,0.0474,0.051,0.0543,0.301,0.3082,0.3159,0.0319,0.0349,0.0379,0.0623,0.0659,0.0699
2012-03-18,0.0543,0.0585,0.063,0.3323,0.3426,0.3537,0.0766,0.0816,0.0874,0.0429,0.0465,0.0498,0.0468,0.0507,0.0541,0.2959,0.3037,0.3114,0.0309,0.0339,0.0369,0.0615,0.0658,0.0701
2012-03-25,0.0522,0.0568,0.0614,0.3385,0.35,0.3619,0.075,0.0804,0.0862,0.0421,0.0456,0.049,0.0465,0.0501,0.0535,0.2934,0.3014,0.3094,0.0304,0.0333,0.0362,0.0616,0.066,0.0704
2012-04-01,0.0514,0.0558,0.0603,0.3421,0.3533,0.3641,0.0739,0.0794,0.0851,0.0418,0.045,0.0484,0.046,0.0495,0.0531,0.2922,0.3007,0.3088,0.0298,0.0328,0.0358,0.0627,0.067,0.0712
2012-04-08,0.0508,0.0546,0.0591,0.3471,0.3564,0.3663,0.0732,0.0782,0.0834,0.0416,0.0449,0.0484,0.046,0.0492,0.0528,0.2924,0.3001,0.3076,0.0297,0.0326,0.0356,0.0632,0.0671,0.0712
2012-04-15,0.0499,0.0538,0.058,0.3475,0.3568,0.3665,0.0722,0.0774,0.0822,0.0419,0.045,0.0484,0.0462,0.0497,0.0533,0.2927,0.3005,0.3081,0.0298,0.0326,0.0358,0.063,0.0675,0.0717
2012-04-22,0.0494,0.0533,0.0573,0.3462,0.3571,0.3687,0.0716,0.0769,0.0822,0.0419,0.0452,0.0484,0.0467,0.0503,0.0537,0.2923,0.3003,0.3085,0.0296,0.0328,0.0357,0.0636,0.0676,0.0719
2012-04-29,0.0488,0.0529,0.0568,0.3498,0.3593,0.3699,0.071,0.0761,0.0812,0.0425,0.0454,0.0487,0.0475,0.0507,0.054,0.2901,0.2981,0.3059,0.0303,0.0331,0.0362,0.0633,0.0674,0.0715
2012-05-06,0.0489,0.0527,0.0569,0.3511,0.3605,0.3711,0.0707,0.0752,0.0802,0.0424,0.0456,0.0487,0.0479,0.0511,0.0543,0.2878,0.2956,0.3031,0.0305,0.0336,0.0366,0.0646,0.0686,0.0729
2012-05-13,0.049,0.0527,0.0568,0.3498,0.36,0.3704,0.0699,0.0746,0.0796,0.0422,0.0456,0.0487,0.0484,0.0514,0.0549,0.2868,0.2945,0.3022,0.0311,0.0339,0.0369,0.0659,0.0702,0.0746
2012-05-20,0.0488,0.0528,0.057,0.345,0.3551,0.3644,0.0704,0.0751,0.0801,0.0423,0.0458,0.0488,0.0486,0.052,0.0554,0.2887,0.2964,0.304,0.0312,0.034,0.037,0.0678,0.0721,0.0764
2012-05-27,0.0488,0.0528,0.0571,0.3398,0.3507,0.3611,0.0712,0.0759,0.081,0.0421,0.0456,0.049,0.0485,0.052,0.0556,0.2899,0.2983,0.306,0.0309,0.0337,0.0369,0.0695,0.0736,0.0783
2012-06-03,0.0487,0.0526,0.0572,0.3389,0.3493,0.3598,0.0714,0.0763,0.0812,0.0424,0.0457,0.049,0.0484,0.0519,0.0555,0.2909,0.2986,0.3069,0.0306,0.0335,0.0367,0.0701,0.0743,0.0789
2012-06-10,0.0477,0.0515,0.0553,0.3447,0.3547,0.3642,0.0707,0.0755,0.0804,0.0428,0.0463,0.0495,0.0489,0.0522,0.0558,0.2877,0.2956,0.3031,0.0312,0.034,0.037,0.0692,0.0733,0.0774
2012-06-17,0.0473,0.0513,0.0555,0.3407,0.351,0.3614,0.0717,0.0766,0.0818,0.0431,0.0468,0.0506,0.0493,0.0529,0.0564,0.2891,0.2967,0.3044,0.0312,0.0343,0.0373,0.0686,0.0732,0.0774
2012-06-24,0.0476,0.0516,0.0561,0.3345,0.3456,0.3573,0.0726,0.078,0.0832,0.0433,0.047,0.0507,0.0499,0.0534,0.0573,0.2904,0.299,0.3075,0.031,0.0343,0.0376,0.0689,0.0738,0.0786
2012-07-01,0.0466,0.0509,0.0557,0.336,0.3469,0.358,0.0723,0.0779,0.0836,0.0426,0.0463,0.0498,0.0503,0.0538,0.0578,0.2904,0.2993,0.3083,0.0305,0.0339,0.0373,0.069,0.0737,0.0788
2012-07-08,0.0456,0.0502,0.055,0.3369,0.35,0.363,0.0713,0.0776,0.0838,0.0421,0.0459,0.0497,0.0497,0.0539,0.0581,0.2877,0.2976,0.3073,0.0302,0.0337,0.037,0.0689,0.0738,0.0791
2012-07-15,0.0451,0.0499,0.0555,0.3364,0.3508,0.3659,0.0713,0.0781,0.0849,0.0416,0.0456,0.0499,0.0491,0.0536,0.0579,0.286,0.2966,0.3074,0.0297,0.0333,0.037,0.0689,0.0743,0.0801
2012-07-22,0.0451,0.05,0.0555,0.337,0.3514,0.3668,0.0716,0.0781,0.0853,0.0413,0.0454,0.0495,0.0489,0.0531,0.0578,0.2853,0.2959,0.3066,0.0295,0.033,0.0367,0.0694,0.075,0.081
2012-07-29,0.0455,0.0503,0.0558,0.3368,0.3512,0.3644,0.0714,0.0783,0.0854,0.041,0.045,0.0491,0.0488,0.0528,0.0575,0.286,0.296,0.3059,0.0294,0.0328,0.0364,0.0702,0.0759,0.0817
2012-08-05,0.0464,0.0509,0.0558,0.3371,0.3499,0.3621,0.0724,0.0785,0.085,0.0409,0.0446,0.0483,0.0486,0.0524,0.0565,0.2879,0.2972,0.3065,0.0292,0.0324,0.0357,0.0713,0.0767,0.0821
2012-08-12,0.0474,0.0517,0.0563,0.3371,0.3486,0.3606,0.0722,0.0778,0.0841,0.0408,0.0443,0.0479,0.0485,0.0523,0.0562,0.289,0.2978,0.3071,0.0291,0.0323,0.0355,0.0721,0.0771,0.0821
2012-08-19,0.0485,0.0525,0.0566,0.3373,0.3469,0.3567,0.0726,0.0774,0.0829,0.0409,0.0442,0.0474,0.0487,0.0522,0.0558,0.2911,0.2987,0.307,0.0293,0.0322,0.0352,0.0736,0.0777,0.0826
2012-08-26,0.0489,0.0527,0.0574,0.3352,0.3457,0.356,0.0715,0.0767,0.0828,0.0405,0.0439,0.0471,0.0487,0.0521,0.0559,0.2919,0.2999,0.3082,0.0291,0.0322,0.035,0.0745,0.0789,0.0834
2012-09-02,0.0487,0.0526,0.0573,0.3335,0.3444,0.3549,0.0712,0.0766,0.0816,0.0404,0.0437,0.0469,0.0487,0.052,0.0561,0.2923,0.3007,0.309,0.0291,0.032,0.0349,0.0754,0.0802,0.085
2012-09-09,0.0489,0.0529,0.0572,0.3304,0.34,0.3501,0.0719,0.0771,0.082,0.0401,0.0433,0.0463,0.0486,0.0521,0.0555,0.2942,0.3023,0.3109,0.029,0.0318,0.0345,0.0781,0.0827,0.0872
2012-09-16,0.0489,0.053,0.0574,0.326,0.3362,0.346,0.0727,0.0776,0.0825,0.0396,0.0426,0.0457,0.0483,0.0517,0.0552,0.2966,0.3048,0.3126,0.0284,0.0312,0.034,0.08,0.085,0.0897
2012-09-23,0.0492,0.0531,0.0575,0.3234,0.3336,0.3449,0.072,0.0774,0.0827,0.0388,0.0422,0.0456,0.048,0.0514,0.0548,0.2984,0.3064,0.3143,0.0278,0.0307,0.0337,0.0819,0.0867,0.0918
2012-09-30,0.0498,0.0537,0.0577,0.3217,0.3323,0.3431,0.071,0.076,0.0813,0.0389,0.042,0.0455,0.0475,0.0511,0.0548,0.2991,0.3067,0.315,0.0281,0.0309,0.034,0.0837,0.0886,0.094
2012-10-07,0.0505,0.0547,0.0594,0.3215,0.3314,0.341,0.0702,0.0748,0.0801,0.0389,0.0421,0.0455,0.0465,0.0501,0.054,0.2977,0.3053,0.3128,0.0285,0.0312,0.0343,0.0864,0.0914,0.0964
2012-10-14,0.0505,0.0549,0.0596,0.3238,0.3334,0.343,0.0687,0.0733,0.0783,0.039,0.0422,0.0456,0.046,0.0495,0.0531,0.2946,0.3027,0.3107,0.0288,0.0317,0.0351,0.0885,0.0935,0.0987
2012-10-21,0.0502,0.0546,0.0593,0.3229,0.334,0.3447,0.0671,0.0724,0.0774,0.039,0.0423,0.0458,0.0455,0.049,0.0528,0.2928,0.3014,0.3095,0.0292,0.0322,0.0355,0.0903,0.0955,0.1011
2012-10-28,0.0499,0.0543,0.0591,0.321,0.3331,0.3446,0.0672,0.0725,0.078,0.0389,0.0423,0.0458,0.0451,0.0489,0.0525,0.2915,0.3,0.3087,0.0291,0.0323,0.0356,0.0922,0.0978,0.104
2012-11-04,0.0494,0.0533,0.0579,0.3228,0.3326,0.3421,0.0678,0.0728,0.0779,0.0391,0.0422,0.0457,0.0452,0.0487,0.0523,0.2906,0.2994,0.307,0.0292,0.0323,0.0352,0.0944,0.0997,0.1048
2012-11-11,0.0485,0.0523,0.0562,0.3234,0.3331,0.3419,0.0692,0.0737,0.0784,0.0386,0.0416,0.0447,0.0452,0.0487,0.0519,0.2915,0.2987,0.3058,0.0292,0.0318,0.0345,0.0967,0.1015,0.1064
2012-11-18,0.0486,0.0522,0.0562,0.3223,0.3315,0.3411,0.0692,0.0739,0.0785,0.038,0.041,0.044,0.0451,0.0484,0.0517,0.2918,0.2988,0.3059,0.0287,0.0314,0.0342,0.0987,0.1036,0.1088
2012-11-25,0.0484,0.0523,0.0565,0.319,0.329,0.339,0.069,0.0741,0.0791,0.0376,0.0406,0.0437,0.0451,0.0484,0.0518,0.292,0.2996,0.3073,0.0286,0.0313,0.0343,0.1004,0.1054,0.1114
2012-12-02,0.0482,0.052,0.056,0.3156,0.3255,0.3357,0.0692,0.0743,0.079,0.0377,0.0407,0.0436,0.0453,0.0487,0.052,0.2933,0.3009,0.3088,0.0288,0.0316,0.0346,0.1014,0.1069,0.1126
2012-12-09,0.0484,0.052,0.0558,0.3143,0.3236,0.3324,0.07,0.0748,0.0795,0.038,0.0411,0.0443,0.0454,0.0488,0.052,0.2914,0.2992,0.3072,0.0296,0.0323,0.0353,0.1039,0.1089,0.1141
2012-12-16,0.0479,0.0519,0.0559,0.3134,0.3235,0.3333,0.0699,0.0746,0.0802,0.0382,0.0413,0.045,0.0454,0.0489,0.0524,0.2893,0.2971,0.3049,0.0302,0.0329,0.0363,0.1046,0.1103,0.1156
2012-12-23,0.0472,0.0518,0.0567,0.3125,0.3248,0.3372,0.0683,0.0741,0.0798,0.0375,0.0409,0.0446,0.0455,0.0491,0.0528,0.2871,0.2963,0.3058,0.0298,0.033,0.0364,0.1043,0.1107,0.1169
2012-12-30,0.0472,0.0516,0.0562,0.3116,0.3245,0.3382,0.068,0.0736,0.0798,0.037,0.0403,0.044,0.0457,0.0494,0.0531,0.2875,0.2965,0.3058,0.0295,0.0328,0.0363,0.1046,0.1115,0.118
2013-01-06,0.0471,0.051,0.0556,0.3129,0.3244,0.3355,0.0681,0.0733,0.0788,0.0365,0.0398,0.0432,0.0463,0.0499,0.0537,0.2893,0.2974,0.3063,0.0295,0.0327,0.0358,0.1055,0.1119,0.1184
2013-01-13,0.0467,0.0508,0.0546,0.3125,0.3223,0.3316,0.0691,0.0742,0.0789,0.0358,0.0388,0.0419,0.0469,0.0504,0.0539,0.2916,0.2991,0.3069,0.0293,0.0321,0.0352,0.1073,0.1134,0.1193
2013-01-20,0.0471,0.051,0.0549,0.3079,0.3178,0.3287,0.0708,0.0759,0.0813,0.0351,0.038,0.0411,0.0468,0.0504,0.0544,0.2931,0.3007,0.3088,0.0288,0.0315,0.0346,0.1089,0.115,0.1211
2013-01-27,0.0479,0.0516,0.0559,0.3055,0.3163,0.3276,0.0718,0.077,0.0829,0.0346,0.0376,0.0408,0.0465,0.0503,0.0542,0.2919,0.3002,0.3091,0.0284,0.0312,0.0343,0.1099,0.1159,0.1221
2013-02-03,0.0482,0.0525,0.0564,0.3086,0.3187,0.3293,0.0716,0.0769,0.0823,0.0344,0.0374,0.0404,0.0464,0.05,0.0538,0.2896,0.2973,0.3054,0.0284,0.0314,0.0342,0.1102,0.1162,0.1222
2013-02-10,0.0488,0.053,0.0571,0.3096,0.3191,0.3285,0.0731,0.0781,0.0832,0.0345,0.0373,0.0402,0.046,0.05,0.0537,0.2875,0.2953,0.3028,0.0284,0.0314,0.0342,0.1108,0.1163,0.1221
2013-02-17,0.0492,0.0534,0.0574,0.3108,0.3208,0.3311,0.0729,0.0779,0.0834,0.0343,0.0372,0.0404,0.046,0.0497,0.0534,0.2843,0.2927,0.3003,0.0286,0.0315,0.0343,0.1106,0.1167,0.1228
2013-02-24,0.0497,0.0538,0.0584,0.3129,0.3237,0.3345,0.0719,0.0772,0.0824,0.0344,0.0374,0.0405,0.0463,0.0501,0.0537,0.2816,0.2899,0.2976,0.0292,0.0319,0.0351,0.1094,0.1156,0.1218
2013-03-03,0.0499,0.054,0.0585,0.3168,0.3269,0.3375,0.0717,0.0769,0.0821,0.0342,0.0373,0.0406,0.0467,0.0503,0.0541,0.28,0.2879,0.2958,0.029,0.0321,0.0353,0.1085,0.1142,0.1204
2013-03-10,0.0498,0.0537,0.058,0.3216,0.3318,0.3414,0.0712,0.0765,0.0818,0.0345,0.0374,0.0405,0.0468,0.0505,0.0542,0.2781,0.2857,0.293,0.0293,0.0322,0.0351,0.1069,0.112,0.1175
2013-03-17,0.0503,0.0543,0.0587,0.3195,0.3298,0.3398,0.0722,0.0776,0.083,0.0346,0.0379,0.0408,0.0472,0.0509,0.0545,0.2782,0.2857,0.2935,0.0294,0.0323,0.0353,0.1059,0.1113,0.1173
2013-03-24,0.0506,0.0548,0.0596,0.3188,0.3292,0.3401,0.072,0.0773,0.0834,0.0348,0.038,0.0411,0.0475,0.0511,0.0549,0.2776,0.2859,0.2941,0.0295,0.0325,0.0356,0.1044,0.1102,0.1161
2013-03-31,0.0514,0.0551,0.0597,0.3226,0.3327,0.3434,0.0706,0.0757,0.081,0.0352,0.0382,0.0413,0.0477,0.0512,0.0549,0.2775,0.2852,0.2931,0.0295,0.0328,0.0356,0.1028,0.1082,0.1139
2013-04-07,0.0521,0.0561,0.0603,0.3246,0.3349,0.345,0.0698,0.0746,0.0799,0.0352,0.0383,0.0412,0.0474,0.0509,0.0544,0.2779,0.2852,0.2927,0.0296,0.0325,0.0356,0.101,0.1065,0.1119
2013-04-14,0.0526,0.0568,0.0612,0.3245,0.3346,0.3446,0.0701,0.0747,0.0799,0.035,0.0381,0.0414,0.0472,0.0506,0.0545,0.2781,0.2854,0.2931,0.0295,0.0324,0.0353,0.1008,0.1062,0.1114
2013-04-21,0.0524,0.057,0.0611,0.3232,0.3341,0.3464,0.0701,0.0751,0.0803,0.035,0.0379,0.0412,0.0467,0.0504,0.0543,0.2774,0.2856,0.2939,0.029,0.032,0.0353,0.1007,0.1066,0.1121
2013-04-28,0.0525,0.057,0.0618,0.3223,0.3343,0.3473,0.0704,0.0753,0.0814,0.0342,0.0373,0.0407,0.0465,0.05,0.0538,0.2773,0.2855,0.2946,0.0283,0.0315,0.0348,0.1009,0.1073,0.1133
2013-05-05,0.0528,0.0568,0.0613,0.3241,0.3351,0.3452,0.0714,0.0763,0.081,0.0336,0.0368,0.0397,0.0464,0.0498,0.0535,0.2779,0.2859,0.2936,0.0279,0.0309,0.0335,0.1016,0.1076,0.1135
2013-05-12,0.0538,0.0579,0.0622,0.3248,0.3339,0.3431,0.0731,0.0782,0.083,0.0342,0.0369,0.0399,0.047,0.0502,0.0542,0.2789,0.2854,0.2926,0.028,0.0307,0.0335,0.1,0.1052,0.1103
2013-05-19,0.0549,0.0592,0.0636,0.3226,0.3323,0.3418,0.0744,0.0793,0.0841,0.0344,0.0375,0.0403,0.047,0.0505,0.0548,0.277,0.2839,0.2905,0.0283,0.0312,0.0341,0.0992,0.1047,0.1101
2013-05-26,0.0553,0.06,0.0643,0.3212,0.3309,0.3408,0.0743,0.0796,0.085,0.0348,0.0379,0.041,0.0467,0.0504,0.0543,0.2738,0.281,0.289,0.0288,0.032,0.035,0.1006,0.1064,0.1124
2013-06-02,0.0554,0.0598,0.0648,0.3199,0.3307,0.3409,0.0748,0.08,0.0856,0.0349,0.0381,0.0414,0.0465,0.0501,0.0538,0.2711,0.2787,0.286,0.0292,0.0324,0.0359,0.1026,0.1081,0.1141
2013-06-09,0.0558,0.0604,0.0653,0.3177,0.3273,0.3376,0.0753,0.0808,0.0865,0.0357,0.0388,0.0419,0.0466,0.0501,0.0539,0.2705,0.2777,0.2854,0.0299,0.033,0.0364,0.1033,0.109,0.1144
2013-06-16,0.0564,0.0607,0.0654,0.3176,0.3275,0.3371,0.075,0.0803,0.086,0.0359,0.0391,0.0424,0.0461,0.0499,0.0538,0.2681,0.2758,0.283,0.0305,0.0337,0.0371,0.1048,0.1103,0.1159
2013-06-23,0.0561,0.0609,0.066,0.3186,0.3291,0.3407,0.0738,0.0793,0.085,0.0358,0.0392,0.0424,0.0454,0.049,0.0532,0.2643,0.273,0.281,0.0304,0.0339,0.0378,0.1064,0.1123,0.119
2013-06-30,0.0557,0.0611,0.0668,0.3181,0.3301,0.3428,0.073,0.0791,0.085,0.0354,0.0388,0.0421,0.0441,0.0481,0.0523,0.2623,0.271,0.2797,0.0301,0.0334,0.0374,0.1078,0.1148,0.1222
2013-07-07,0.0562,0.0612,0.067,0.315,0.328,0.3406,0.0739,0.0799,0.086,0.0355,0.0391,0.0426,0.0437,0.0477,0.052,0.2618,0.2712,0.28,0.03,0.0334,0.0371,0.1091,0.1159,0.1239
2013-07-14,0.0558,0.0607,0.0662,0.316,0.3283,0.3397,0.0741,0.0803,0.0873,0.0357,0.0394,0.0431,0.0436,0.0475,0.052,0.2623,0.271,0.2793,0.03,0.0333,0.0371,0.1089,0.1157,0.1227
2013-07-21,0.0546,0.06,0.0657,0.3185,0.3306,0.3432,0.0738,0.0801,0.0865,0.0363,0.0399,0.0436,0.0436,0.0476,0.0516,0.2613,0.27,0.2794,0.0298,0.0335,0.0372,0.1082,0.1146,0.1213
2013-07-28,0.0545,0.0593,0.0651,0.3203,0.3328,0.3443,0.073,0.0792,0.0858,0.0368,0.0405,0.0442,0.0435,0.0475,0.0513,0.2597,0.2681,0.2773,0.0302,0.0338,0.0375,0.1077,0.1145,0.1214
2013-08-04,0.0542,0.0594,0.0649,0.321,0.3337,0.3458,0.0728,0.0787,0.0853,0.0375,0.041,0.0449,0.0433,0.0473,0.051,0.2582,0.2666,0.2754,0.0307,0.0339,0.0379,0.1082,0.1147,0.1217
2013-08-11,0.0545,0.0599,0.0655,0.3209,0.3335,0.3454,0.0726,0.0782,0.0844,0.0382,0.0415,0.0453,0.0435,0.0473,0.0509,0.2561,0.2654,0.2739,0.031,0.0344,0.038,0.1092,0.1158,0.1217
2013-08-18,0.0561,0.0606,0.0654,0.3174,0.3275,0.3375,0.0743,0.0792,0.0846,0.0384,0.0417,0.0454,0.0435,0.0471,0.0507,0.2588,0.2664,0.2741,0.0311,0.0343,0.0377,0.1128,0.1182,0.124
2013-08-25,0.056,0.0607,0.0655,0.3171,0.3268,0.3365,0.0741,0.0791,0.0849,0.0382,0.0417,0.045,0.0434,0.047,0.0508,0.2585,0.2658,0.2732,0.0312,0.0342,0.0373,0.1136,0.1195,0.1258
2013-09-01,0.0556,0.0602,0.0646,0.3186,0.3289,0.3398,0.0734,0.0786,0.0839,0.038,0.0414,0.0447,0.0435,0.0471,0.051,0.2564,0.2646,0.2719,0.031,0.0341,0.0372,0.114,0.1199,0.1262
2013-09-08,0.0547,0.0592,0.0637,0.3222,0.3319,0.3421,0.0729,0.0782,0.0833,0.0373,0.0404,0.0438,0.0433,0.0467,0.0506,0.2565,0.2645,0.2716,0.0301,0.0334,0.0363,0.1151,0.1206,0.1267
2013-09-15,0.0541,0.0583,0.0628,0.3248,0.3353,0.3456,0.0717,0.0768,0.0831,0.037,0.0402,0.0434,0.0428,0.0463,0.0501,0.2557,0.2634,0.2711,0.0299,0.033,0.0363,0.1155,0.1212,0.1272
2013-09-22,0.0539,0.0582,0.0627,0.3274,0.3387,0.3497,0.0704,0.0753,0.0812,0.0367,0.04,0.0435,0.0423,0.0458,0.0494,0.2542,0.2621,0.2704,0.0297,0.033,0.0364,0.1151,0.1216,0.1277
2013-09-29,0.0534,0.0577,0.0624,0.3296,0.3403,0.3515,0.0689,0.0741,0.0799,0.0363,0.0396,0.043,0.0422,0.0455,0.0489,0.2545,0.2622,0.2704,0.0292,0.0325,0.0357,0.1161,0.1224,0.1284
2013-10-06,0.0528,0.0571,0.0618,0.333,0.3431,0.3547,0.0676,0.0728,0.078,0.036,0.0392,0.0429,0.0422,0.0455,0.0492,0.2541,0.2617,0.27,0.029,0.0323,0.0356,0.116,0.1221,0.1285
2013-10-13,0.0532,0.0576,0.062,0.3288,0.34,0.3514,0.0684,0.0735,0.0791,0.0356,0.0388,0.0422,0.0425,0.0458,0.0493,0.2557,0.2634,0.2717,0.0285,0.0317,0.0351,0.1169,0.123,0.1299
2013-10-20,0.0539,0.0584,0.0632,0.3253,0.3361,0.3475,0.0698,0.0749,0.0803,0.0354,0.0387,0.0419,0.043,0.0462,0.0497,0.2574,0.2647,0.2731,0.0285,0.0315,0.0346,0.1172,0.1232,0.1297
2013-10-27,0.0547,0.059,0.0637,0.3238,0.3348,0.3454,0.0702,0.0757,0.0815,0.0357,0.039,0.0424,0.0433,0.0467,0.0502,0.2565,0.2643,0.2721,0.0288,0.0318,0.0349,0.1164,0.1227,0.1292
2013-11-03,0.056,0.0604,0.0651,0.3196,0.3303,0.3415,0.0717,0.0769,0.0824,0.0362,0.0396,0.0429,0.0434,0.0471,0.0508,0.2557,0.2634,0.2712,0.0292,0.0323,0.0352,0.1168,0.1235,0.1298
2013-11-10,0.0574,0.0618,0.0666,0.3196,0.3296,0.3387,0.0716,0.0768,0.0818,0.0373,0.0405,0.0436,0.044,0.0476,0.0514,0.2545,0.262,0.2693,0.03,0.0332,0.0363,0.1164,0.122,0.1283
2013-11-17,0.0578,0.0624,0.0669,0.322,0.3325,0.3422,0.0708,0.0755,0.0808,0.0377,0.0412,0.0444,0.0446,0.0481,0.052,0.252,0.2592,0.2671,0.0309,0.0339,0.0371,0.1143,0.1201,0.1261
2013-11-24,0.0578,0.0625,0.0673,0.3229,0.3329,0.3438,0.0698,0.0751,0.0805,0.0379,0.0414,0.045,0.045,0.0484,0.0522,0.2492,0.2574,0.2654,0.0309,0.0341,0.0377,0.1143,0.1201,0.1259
2013-12-01,0.0583,0.0626,0.0679,0.323,0.3341,0.3437,0.0698,0.0748,0.0798,0.0381,0.0414,0.0447,0.0447,0.0481,0.0521,0.2483,0.2559,0.263,0.0307,0.0339,0.0375,0.1152,0.121,0.1273
2013-12-08,0.0591,0.0637,0.0682,0.3215,0.3311,0.3403,0.0714,0.0761,0.0815,0.0381,0.0417,0.0451,0.0443,0.0477,0.0513,0.2493,0.2567,0.2634,0.0301,0.0334,0.0367,0.1156,0.1214,0.127
2013-12-15,0.0597,0.0643,0.0693,0.3193,0.3305,0.3417,0.0717,0.0768,0.0824,0.0383,0.0417,0.0453,0.0441,0.0476,0.0513,0.2497,0.2573,0.2654,0.0296,0.0329,0.0363,0.1143,0.1204,0.1268
2013-12-22,0.06,0.0651,0.0702,0.3206,0.3321,0.346,0.0708,0.0763,0.0824,0.0382,0.0416,0.0455,0.0439,0.0476,0.0513,0.2483,0.2567,0.2647,0.0294,0.0326,0.0364,0.1119,0.1189,0.1257
2013-12-29,0.0608,0.0659,0.0714,0.3223,0.3347,0.3473,0.0701,0.0759,0.0819,0.0376,0.0413,0.0452,0.0434,0.0473,0.0511,0.2469,0.2551,0.2637,0.0289,0.0323,0.0358,0.1106,0.1183,0.1251
2014-01-05,0.0614,0.0669,0.0719,0.3256,0.3373,0.3489,0.0701,0.0756,0.0815,0.0374,0.0409,0.0447,0.0432,0.0468,0.0507,0.2452,0.2531,0.261,0.0286,0.032,0.0354,0.1113,0.1183,0.125
2014-01-12,0.0637,0.0689,0.074,0.3254,0.336,0.3466,0.07,0.0757,0.0807,0.0365,0.04,0.0434,0.0424,0.046,0.05,0.2449,0.253,0.2608,0.028,0.0314,0.0347,0.1128,0.1196,0.1261
2014-01-19,0.0657,0.0711,0.0766,0.323,0.3331,0.3429,0.0707,0.076,0.0814,0.0358,0.0391,0.0424,0.0422,0.0458,0.05,0.2468,0.2541,0.2615,0.0277,0.0308,0.0341,0.1131,0.1199,0.1256
2014-01-26,0.0666,0.0719,0.0774,0.3222,0.3337,0.3445,0.0707,0.0759,0.0814,0.0357,0.039,0.0424,0.0421,0.0456,0.0496,0.2462,0.2537,0.2614,0.0274,0.0306,0.0338,0.1128,0.1188,0.1255
2014-02-02,0.0662,0.0716,0.0773,0.3254,0.3369,0.3482,0.07,0.0756,0.0811,0.036,0.0394,0.043,0.0422,0.0454,0.0495,0.2439,0.2518,0.2595,0.0277,0.031,0.0345,0.1109,0.1173,0.1237
2014-02-09,0.0656,0.071,0.0762,0.3285,0.3395,0.349,0.0705,0.0752,0.0804,0.036,0.0393,0.0428,0.042,0.0452,0.0493,0.2423,0.25,0.2571,0.0278,0.0309,0.0341,0.1118,0.1177,0.1241
2014-02-16,0.0651,0.0699,0.075,0.3291,0.34,0.3504,0.071,0.0763,0.0821,0.0361,0.0394,0.0429,0.0419,0.0454,0.0492,0.2421,0.2497,0.2576,0.0274,0.0305,0.0337,0.1111,0.1172,0.1232
2014-02-23,0.0636,0.0689,0.0741,0.3276,0.3395,0.3505,0.0721,0.0777,0.084,0.0363,0.0399,0.0433,0.0421,0.0458,0.0498,0.2418,0.2497,0.2572,0.0272,0.0303,0.0335,0.1106,0.1164,0.1229
2014-03-02,0.0623,0.0672,0.0725,0.3268,0.3384,0.3492,0.0733,0.0791,0.0855,0.0366,0.0401,0.0436,0.0427,0.0463,0.0503,0.2413,0.2494,0.2572,0.0271,0.0303,0.0336,0.1113,0.117,0.1235
2014-03-09,0.0608,0.0656,0.0703,0.3293,0.3402,0.3512,0.0733,0.0789,0.085,0.0372,0.0407,0.044,0.0433,0.0469,0.0508,0.2402,0.248,0.2556,0.0275,0.0305,0.0338,0.1112,0.1166,0.1225
2014-03-16,0.0604,0.0652,0.0704,0.3303,0.3409,0.3516,0.0731,0.0785,0.0849,0.0372,0.0407,0.0442,0.0437,0.0475,0.0517,0.2396,0.2474,0.2558,0.0273,0.0305,0.0338,0.1102,0.1162,0.1226
2014-03-23,0.0609,0.0659,0.071,0.3292,0.34,0.3513,0.0734,0.0789,0.0856,0.0372,0.0407,0.0443,0.0441,0.048,0.0521,0.2389,0.247,0.2549,0.0272,0.0305,0.0338,0.1092,0.1157,0.1227
2014-03-30,0.0625,0.0675,0.0727,0.3259,0.3377,0.3487,0.0742,0.0801,0.0864,0.037,0.0406,0.0444,0.0444,0.0481,0.0521,0.2387,0.2471,0.2557,0.0269,0.0304,0.0338,0.1089,0.1152,0.1218
2014-04-06,0.0643,0.0691,0.0746,0.3248,0.3355,0.3464,0.0748,0.0804,0.0867,0.0371,0.0405,0.0441,0.0444,0.0482,0.0523,0.24,0.2474,0.2557,0.0269,0.0301,0.0334,0.1087,0.1146,0.1211
2014-04-13,0.0652,0.0706,0.0757,0.328,0.3388,0.3494,0.0734,0.0789,0.0845,0.0368,0.0402,0.0438,0.044,0.048,0.0522,0.2376,0.2457,0.2532,0.0268,0.0301,0.0333,0.1075,0.1139,0.1201
2014-04-20,0.0656,0.0711,0.0771,0.3297,0.3414,0.3526,0.0713,0.0772,0.0827,0.0369,0.0404,0.044,0.0437,0.0478,0.0522,0.2357,0.2435,0.2514,0.0272,0.0305,0.0339,0.1071,0.113,0.1202
2014-04-27,0.0666,0.0725,0.0786,0.3279,0.341,0.3528,0.0704,0.0762,0.0822,0.0377,0.0411,0.0448,0.0437,0.0477,0.0521,0.2336,0.2425,0.2509,0.0278,0.0313,0.0348,0.1066,0.113,0.1203
2014-05-04,0.0677,0.0733,0.0786,0.3265,0.3369,0.3488,0.0712,0.076,0.0823,0.0386,0.0424,0.0461,0.0442,0.0482,0.0524,0.2342,0.2421,0.2506,0.0287,0.0323,0.036,0.1064,0.1128,0.1189
2014-05-11,0.0681,0.073,0.0782,0.3202,0.3304,0.34,0.0728,0.0781,0.084,0.0402,0.0436,0.0473,0.045,0.0486,0.0525,0.2358,0.2428,0.2509,0.0297,0.0329,0.0363,0.1081,0.114,0.1195
2014-05-18,0.0678,0.0727,0.0778,0.3162,0.3258,0.336,0.0751,0.0808,0.0863,0.042,0.0452,0.0488,0.0455,0.0489,0.0531,0.2337,0.2406,0.2484,0.0305,0.0339,0.0372,0.1087,0.1145,0.1203
2014-05-25,0.0661,0.0715,0.0772,0.3124,0.3237,0.3356,0.0777,0.0836,0.0899,0.0436,0.0472,0.0509,0.0455,0.0495,0.0536,0.2289,0.2363,0.2443,0.0313,0.0349,0.0387,0.1088,0.1152,0.1216
2014-06-01,0.0635,0.0689,0.0745,0.3077,0.3183,0.329,0.0825,0.0892,0.0954,0.0452,0.0493,0.0533,0.0462,0.0502,0.0548,0.2248,0.2326,0.2407,0.0318,0.0356,0.0394,0.1107,0.1171,0.1239
2014-06-08,0.0608,0.0655,0.0702,0.3045,0.3141,0.3239,0.0873,0.0937,0.1008,0.0459,0.0502,0.0544,0.0465,0.0509,0.0558,0.2239,0.232,0.2396,0.0313,0.035,0.0387,0.1127,0.1195,0.1265
2014-06-15,0.0582,0.063,0.0677,0.3047,0.3148,0.3249,0.0874,0.0946,0.1018,0.0456,0.0503,0.0547,0.0466,0.0511,0.0556,0.2232,0.2318,0.2395,0.0308,0.0346,0.0381,0.1143,0.1207,0.1279
2014-06-22,0.0573,0.0621,0.0674,0.305,0.3162,0.3276,0.0861,0.0933,0.1005,0.0461,0.0507,0.055,0.0468,0.051,0.0558,0.2226,0.2308,0.2394,0.0311,0.035,0.0387,0.1146,0.1211,0.1284
2014-06-29,0.0572,0.0626,0.068,0.303,0.3158,0.3288,0.085,0.0926,0.1006,0.0467,0.051,0.0554,0.0468,0.0513,0.056,0.2215,0.2303,0.2391,0.0315,0.0356,0.0396,0.1138,0.1213,0.1287
2014-07-06,0.057,0.0624,0.068,0.3044,0.3165,0.3305,0.0823,0.0893,0.0971,0.0472,0.0515,0.056,0.0472,0.0516,0.0562,0.222,0.2305,0.2392,0.0326,0.0365,0.0407,0.1133,0.1212,0.1285
2014-07-13,0.0569,0.0623,0.0682,0.305,0.3174,0.3305,0.0795,0.0859,0.0933,0.0475,0.0519,0.0564,0.0474,0.0519,0.0566,0.2229,0.2315,0.2401,0.0334,0.0371,0.0411,0.1139,0.1214,0.1286
2014-07-20,0.0563,0.0617,0.0676,0.3064,0.3188,0.3302,0.0776,0.084,0.0909,0.0478,0.0523,0.0564,0.0478,0.0522,0.0568,0.2241,0.232,0.2409,0.0339,0.0374,0.0415,0.114,0.1213,0.1285
2014-07-27,0.0556,0.0609,0.0665,0.3075,0.3188,0.331,0.0768,0.083,0.09,0.0483,0.0524,0.0569,0.0482,0.0528,0.0573,0.2244,0.2327,0.2413,0.0339,0.0376,0.0419,0.1141,0.1213,0.1288
2014-08-03,0.055,0.0602,0.0651,0.3057,0.3181,0.3296,0.0765,0.0824,0.089,0.0487,0.0524,0.0565,0.0489,0.0531,0.057,0.2251,0.2335,0.2422,0.0339,0.0377,0.0413,0.116,0.1224,0.1293
2014-08-10,0.0554,0.0599,0.0645,0.3056,0.3151,0.3245,0.0769,0.0824,0.0879,0.0479,0.0518,0.0554,0.0489,0.0529,0.0569,0.2274,0.2348,0.2425,0.034,0.0372,0.0405,0.1199,0.126,0.132
2014-08-17,0.0558,0.0601,0.0643,0.3032,0.3126,0.3219,0.0754,0.0811,0.0865,0.0476,0.051,0.0546,0.0486,0.0522,0.0562,0.2289,0.2365,0.2437,0.0339,0.037,0.0401,0.1233,0.1297,0.1355
2014-08-24,0.056,0.0601,0.0652,0.3034,0.313,0.3224,0.0721,0.0771,0.0824,0.0488,0.0522,0.0554,0.0484,0.0515,0.0553,0.2286,0.2354,0.2424,0.0355,0.0384,0.0414,0.1256,0.1315,0.1379
2014-08-31,0.0566,0.0603,0.0645,0.3021,0.3101,0.319,0.0699,0.0741,0.0781,0.051,0.0543,0.057,0.0488,0.0514,0.0547,0.2295,0.2354,0.2417,0.0378,0.0404,0.0433,0.1277,0.1329,0.138
2014-09-07,0.0563,0.0597,0.0629,0.3022,0.3097,0.3173,0.0674,0.0706,0.0742,0.0551,0.0582,0.0608,0.0507,0.053,0.0558,0.228,0.233,0.2389,0.0417,0.0441,0.0468,0.1261,0.1306,0.1351
2014-09-14,0.0572,0.0572,0.0572,0.3101,0.3101,0.3101,0.0689,0.0689,0.0689,0.0611,0.0611,0.0611,0.0542,0.0542,0.0542,0.2333,0.2333,0.2333,0.0457,0.0457,0.0457,0.1286,0.1286,0.1286
2014-09-21,0.055,0.0574,0.0598,0.2994,0.3064,0.3146,0.0658,0.0692,0.073,0.058,0.0607,0.0636,0.0508,0.0534,0.0559,0.2303,0.2366,0.2432,0.0411,0.0437,0.0464,0.1264,0.1316,0.1368
2014-09-28,0.0546,0.0579,0.0611,0.2924,0.302,0.3114,0.0663,0.0709,0.0759,0.0565,0.06,0.0635,0.0497,0.0531,0.0568,0.2302,0.2391,0.2484,0.0395,0.0425,0.0459,0.1278,0.134,0.1408
2014-10-05,0.055,0.0583,0.0616,0.2891,0.2976,0.3067,0.0683,0.073,0.0779,0.0555,0.0591,0.0631,0.0493,0.0529,0.0564,0.2333,0.2418,0.2502,0.0383,0.0414,0.0447,0.1292,0.1357,0.1424
2014-10-12,0.056,0.0594,0.063,0.2831,0.2911,0.3003,0.0707,0.0756,0.081,0.0552,0.0585,0.0625,0.0496,0.0533,0.0567,0.2348,0.2429,0.2504,0.0375,0.0408,0.0443,0.1315,0.138,0.1445
2014-10-19,0.0561,0.0599,0.0636,0.2824,0.2916,0.3012,0.0708,0.0758,0.0807,0.0553,0.059,0.0629,0.0496,0.0533,0.057,0.2351,0.2426,0.2506,0.0372,0.0406,0.0438,0.1315,0.1375,0.1441
2014-10-26,0.0562,0.0601,0.0641,0.2836,0.293,0.3019,0.069,0.0742,0.0797,0.056,0.0598,0.0639,0.0497,0.0534,0.0574,0.2345,0.2435,0.2524,0.0367,0.04,0.0436,0.1302,0.1366,0.1435
2014-11-02,0.0569,0.0607,0.0646,0.283,0.2919,0.301,0.0676,0.0725,0.0775,0.0565,0.0604,0.0647,0.05,0.0536,0.0574,0.2357,0.2444,0.2524,0.0361,0.0396,0.0427,0.1314,0.1378,0.1445
2014-11-09,0.0568,0.0606,0.0646,0.2824,0.2915,0.3005,0.0669,0.072,0.0766,0.0569,0.0606,0.065,0.05,0.0537,0.0578,0.236,0.2457,0.2543,0.0356,0.0388,0.0421,0.1321,0.1383,0.1444
2014-11-16,0.0566,0.0603,0.064,0.2817,0.2901,0.2981,0.0675,0.0724,0.0773,0.0566,0.0605,0.0645,0.0498,0.0538,0.0576,0.2392,0.2475,0.2563,0.0348,0.0379,0.0411,0.1333,0.139,0.1451
2014-11-23,0.0559,0.0597,0.0637,0.2822,0.2907,0.2995,0.0672,0.072,0.0769,0.0565,0.0603,0.0644,0.0502,0.0535,0.0575,0.241,0.2488,0.257,0.0344,0.0372,0.0403,0.1327,0.139,0.1453
2014-11-30,0.0547,0.0583,0.0621,0.2857,0.2941,0.3022,0.0663,0.0709,0.0756,0.0564,0.0602,0.0642,0.0491,0.0526,0.0562,0.2412,0.2489,0.2566,0.0343,0.0372,0.0404,0.1331,0.1396,0.1457
2014-12-07,0.0515,0.0548,0.0582,0.2977,0.3055,0.3136,0.0635,0.0678,0.0719,0.0563,0.06,0.0637,0.0458,0.049,0.0525,0.2406,0.248,0.2552,0.0352,0.038,0.0411,0.1337,0.1394,0.1454
2014-12-14,0.0498,0.0534,0.0569,0.3033,0.311,0.3185,0.0616,0.0654,0.0694,0.0552,0.0591,0.0626,0.0439,0.0469,0.0502,0.2405,0.2481,0.2557,0.0357,0.0387,0.0418,0.135,0.1405,0.1471
2014-12-21,0.0496,0.0533,0.0571,0.305,0.314,0.3238,0.0597,0.0643,0.0688,0.0548,0.0587,0.0629,0.0424,0.0462,0.0497,0.2376,0.2465,0.2551,0.0365,0.0399,0.0436,0.1341,0.1409,0.1477
2014-12-28,0.0495,0.0533,0.0575,0.3072,0.3167,0.3274,0.0583,0.063,0.0678,0.0551,0.0589,0.0631,0.0416,0.0455,0.0494,0.2341,0.2429,0.2519,0.0371,0.0408,0.0446,0.1354,0.1422,0.1496
2015-01-04,0.0499,0.0538,0.0578,0.3076,0.3169,0.3266,0.0579,0.0624,0.067,0.0547,0.0587,0.0626,0.0418,0.0454,0.0493,0.2324,0.2412,0.25,0.0377,0.0412,0.0448,0.1377,0.1448,0.1516
2015-01-11,0.0511,0.0545,0.0583,0.3095,0.3177,0.3265,0.0575,0.062,0.0661,0.0551,0.0588,0.0626,0.042,0.0453,0.0489,0.2319,0.2399,0.2477,0.038,0.0413,0.0449,0.1389,0.1451,0.1512
2015-01-18,0.0525,0.0561,0.0598,0.3051,0.3137,0.3229,0.0583,0.0626,0.0671,0.0549,0.0587,0.0623,0.0425,0.046,0.0497,0.2311,0.2387,0.2469,0.0383,0.0418,0.0454,0.1403,0.147,0.1534
2015-01-25,0.053,0.0571,0.061,0.302,0.3121,0.323,0.0588,0.0632,0.068,0.0549,0.0589,0.0627,0.0426,0.0465,0.0502,0.2279,0.2373,0.2464,0.0388,0.0424,0.0462,0.1407,0.1475,0.1551
2015-02-01,0.0537,0.0576,0.0618,0.3014,0.3108,0.3204,0.0585,0.0634,0.0682,0.0552,0.0595,0.0632,0.043,0.0465,0.0501,0.227,0.2364,0.2452,0.0393,0.043,0.0465,0.1413,0.1479,0.1553
2015-02-08,0.0544,0.0582,0.0619,0.3007,0.3091,0.3173,0.0597,0.0643,0.0687,0.057,0.0607,0.0648,0.0437,0.047,0.0502,0.2265,0.234,0.2416,0.0396,0.043,0.0463,0.1425,0.1488,0.1548
2015-02-15,0.0542,0.058,0.0617,0.2997,0.3091,0.318,0.06,0.0643,0.0692,0.057,0.0609,0.0653,0.0437,0.0467,0.0502,0.2272,0.2349,0.2434,0.0395,0.0427,0.0462,0.1418,0.1482,0.1552
2015-02-22,0.0539,0.0575,0.0614,0.2999,0.3097,0.3188,0.0593,0.0637,0.0685,0.0565,0.0607,0.065,0.043,0.0464,0.05,0.2291,0.2375,0.2455,0.0387,0.0422,0.0456,0.1407,0.1479,0.1549
2015-03-01,0.0535,0.0572,0.0611,0.301,0.3102,0.3191,0.0583,0.0625,0.067,0.0567,0.0608,0.0648,0.0428,0.0462,0.0496,0.2307,0.2389,0.2474,0.0383,0.0417,0.0453,0.1412,0.1481,0.1549
2015-03-08,0.0547,0.0583,0.0619,0.2977,0.306,0.314,0.0586,0.0628,0.067,0.057,0.0607,0.0642,0.0438,0.047,0.0503,0.2325,0.2397,0.247,0.0386,0.0418,0.0449,0.1431,0.1494,0.1552
2015-03-15,0.0552,0.0587,0.0623,0.2954,0.303,0.3112,0.059,0.0634,0.0674,0.0566,0.06,0.0636,0.0442,0.0475,0.051,0.2346,0.2414,0.2492,0.0387,0.042,0.0453,0.1434,0.1495,0.1558
2015-03-22,0.0554,0.0593,0.0636,0.2887,0.298,0.3077,0.0588,0.0637,0.0685,0.056,0.0601,0.0638,0.0438,0.0479,0.0517,0.2351,0.2442,0.2536,0.0379,0.0414,0.0448,0.1441,0.1514,0.1581
2015-03-29,0.0569,0.061,0.0656,0.2788,0.2889,0.2996,0.0592,0.0643,0.0695,0.0561,0.0601,0.0643,0.0448,0.0486,0.0525,0.2375,0.2477,0.2578,0.0369,0.0405,0.044,0.1467,0.1544,0.1624
2015-04-05,0.0579,0.0619,0.0662,0.275,0.2841,0.2935,0.06,0.0646,0.0696,0.0567,0.0607,0.0647,0.0453,0.0489,0.0527,0.241,0.2493,0.2582,0.0362,0.0397,0.043,0.1496,0.1565,0.1637
2015-04-12,0.0588,0.0622,0.0661,0.2738,0.2816,0.2893,0.0609,0.065,0.0692,0.0575,0.0612,0.0649,0.0456,0.0488,0.052,0.244,0.2515,0.2592,0.0362,0.0394,0.0426,0.15,0.1563,0.1623
2015-04-19,0.0586,0.0622,0.0661,0.2719,0.2793,0.2871,0.061,0.0649,0.0692,0.0581,0.0618,0.0655,0.0458,0.0487,0.0519,0.2445,0.2526,0.2602,0.0358,0.0389,0.042,0.1508,0.157,0.1633
2015-04-26,0.0589,0.0624,0.0662,0.2679,0.276,0.284,0.061,0.0651,0.0696,0.0587,0.0625,0.0663,0.0456,0.0489,0.0523,0.2447,0.2525,0.2614,0.0352,0.0383,0.0416,0.153,0.1597,0.1665
2015-05-03,0.059,0.0626,0.0663,0.2666,0.2743,0.2829,0.0607,0.0647,0.0688,0.0601,0.0639,0.0682,0.0457,0.0491,0.0524,0.2452,0.2524,0.2596,0.035,0.038,0.0411,0.1548,0.1608,0.1674
2015-05-10,0.0599,0.0635,0.0672,0.2631,0.2708,0.2786,0.0609,0.0646,0.0689,0.0619,0.0656,0.0695,0.0461,0.0496,0.0529,0.2433,0.251,0.2586,0.0343,0.0372,0.0401,0.1572,0.1637,0.1707
2015-05-17,0.0592,0.0629,0.0668,0.2662,0.2736,0.2809,0.0589,0.0627,0.0662,0.0639,0.0676,0.0715,0.0456,0.0489,0.0523,0.2431,0.2499,0.2568,0.0339,0.0368,0.0397,0.1576,0.1639,0.1701
2015-05-24,0.0586,0.0624,0.066,0.2662,0.2743,0.2825,0.057,0.061,0.0646,0.0645,0.0685,0.0722,0.0449,0.0482,0.0516,0.2432,0.2508,0.2587,0.0333,0.0363,0.0393,0.1583,0.165,0.1713
2015-05-31,0.0581,0.062,0.0658,0.2649,0.2728,0.281,0.0566,0.0606,0.0647,0.0644,0.0682,0.0724,0.0442,0.0475,0.0508,0.2444,0.2521,0.2602,0.0332,0.036,0.0391,0.16,0.167,0.1741
2015-06-07,0.0576,0.0612,0.0651,0.2649,0.273,0.2818,0.0566,0.061,0.065,0.0639,0.0682,0.0723,0.0436,0.0467,0.0499,0.2446,0.2523,0.2606,0.0331,0.0359,0.0391,0.1611,0.1682,0.1755
2015-06-14,0.0567,0.0604,0.0643,0.2673,0.2748,0.2826,0.057,0.0611,0.0654,0.0642,0.0682,0.0721,0.0428,0.0461,0.0492,0.2453,0.2523,0.2604,0.0326,0.0355,0.0384,0.1617,0.1684,0.1748
2015-06-21,0.0561,0.0602,0.0644,0.2657,0.275,0.2838,0.0568,0.0613,0.066,0.0645,0.069,0.0736,0.0423,0.0459,0.0497,0.2405,0.249,0.2581,0.0318,0.0348,0.038,0.1646,0.172,0.18
2015-06-28,0.0563,0.0606,0.0648,0.263,0.2727,0.2827,0.0567,0.0617,0.0668,0.0648,0.0694,0.074,0.0427,0.0463,0.0502,0.2351,0.2441,0.2546,0.0316,0.0348,0.0382,0.1688,0.1772,0.1868
2015-07-05,0.0568,0.0615,0.0661,0.2585,0.2683,0.2793,0.0576,0.0626,0.068,0.0639,0.069,0.074,0.0432,0.0472,0.051,0.23,0.2394,0.2495,0.032,0.0357,0.0392,0.1747,0.183,0.193
2015-07-12,0.0565,0.0616,0.0667,0.2548,0.2667,0.2779,0.0571,0.0627,0.0686,0.0632,0.0689,0.0749,0.0431,0.0476,0.0519,0.2262,0.2372,0.2478,0.0319,0.0358,0.0398,0.1767,0.1872,0.1975
2015-07-19,0.0565,0.0614,0.0665,0.2541,0.2655,0.2781,0.0569,0.0628,0.0689,0.0632,0.0689,0.075,0.0433,0.0475,0.0519,0.2256,0.2356,0.2463,0.0318,0.0358,0.04,0.1788,0.1898,0.2004
2015-07-26,0.0565,0.0615,0.0666,0.2519,0.2644,0.2766,0.0573,0.0628,0.0685,0.0631,0.0685,0.0745,0.0431,0.0477,0.0525,0.224,0.2354,0.2472,0.0317,0.0358,0.04,0.1805,0.1918,0.2028
2015-08-02,0.0568,0.062,0.0675,0.2498,0.2617,0.2745,0.0575,0.0629,0.0689,0.0626,0.068,0.0734,0.0435,0.0479,0.0525,0.2238,0.2355,0.2473,0.0317,0.0357,0.0397,0.182,0.1939,0.2049
2015-08-09,0.058,0.0622,0.067,0.2488,0.2593,0.2698,0.0578,0.0628,0.0685,0.0625,0.0673,0.0723,0.0441,0.048,0.0524,0.2263,0.2366,0.2463,0.0321,0.0356,0.0392,0.1859,0.1955,0.2063
2015-08-16,0.0579,0.0622,0.0662,0.2497,0.2576,0.2655,0.059,0.063,0.0675,0.0627,0.0667,0.0709,0.0446,0.048,0.0515,0.2298,0.2368,0.2442,0.0325,0.0354,0.0386,0.1907,0.1985,0.2061
2015-08-23,0.0574,0.0614,0.0657,0.2515,0.26,0.2685,0.057,0.0617,0.066,0.0627,0.0671,0.0712,0.0445,0.0478,0.0513,0.2284,0.236,0.2442,0.0326,0.0354,0.0385,0.1919,0.1991,0.206
2015-08-30,0.0569,0.0607,0.0651,0.2537,0.2626,0.2705,0.0556,0.0598,0.0642,0.0636,0.068,0.0721,0.0442,0.0478,0.0513,0.2251,0.2333,0.2414,0.0328,0.0355,0.0387,0.1933,0.2011,0.2092
2015-09-06,0.0564,0.0601,0.0641,0.256,0.2641,0.2723,0.0546,0.0585,0.0628,0.0654,0.0697,0.074,0.0444,0.0479,0.0514,0.2207,0.2282,0.2369,0.0325,0.0355,0.0386,0.1966,0.2042,0.2122
2015-09-13,0.0562,0.06,0.0639,0.2579,0.2653,0.273,0.055,0.0587,0.0626,0.0661,0.0703,0.0743,0.0447,0.0479,0.0512,0.2192,0.2266,0.2342,0.033,0.0359,0.0391,0.1968,0.2038,0.2113
2015-09-20,0.0563,0.0602,0.0643,0.2578,0.2658,0.2744,0.0545,0.0588,0.0632,0.0667,0.0711,0.0756,0.0449,0.0484,0.0523,0.2189,0.2271,0.2354,0.0327,0.036,0.0393,0.194,0.2015,0.2097
2015-09-27,0.0563,0.0605,0.0647,0.2542,0.2649,0.2749,0.0541,0.0584,0.063,0.067,0.0714,0.0763,0.0449,0.0486,0.0527,0.2182,0.2273,0.236,0.0327,0.036,0.0392,0.1929,0.2015,0.2117
2015-10-04,0.0563,0.0602,0.0643,0.2562,0.2651,0.2727,0.0544,0.0586,0.0628,0.0672,0.0714,0.0757,0.0452,0.0488,0.0523,0.2209,0.2286,0.2371,0.0334,0.0363,0.0396,0.1924,0.2,0.2079
2015-10-11,0.056,0.0598,0.0637,0.2584,0.2658,0.2733,0.0549,0.0589,0.0629,0.067,0.0708,0.0748,0.0459,0.0491,0.0524,0.2231,0.2306,0.2374,0.0344,0.0374,0.0404,0.19,0.1966,0.2034
2015-10-18,0.0551,0.0587,0.0624,0.262,0.2697,0.2773,0.0552,0.059,0.0631,0.0672,0.0714,0.0753,0.0461,0.0495,0.0528,0.2195,0.2271,0.2347,0.0357,0.0388,0.042,0.188,0.1948,0.2018
2015-10-25,0.0545,0.0583,0.0621,0.261,0.2697,0.2789,0.0549,0.0588,0.0635,0.0673,0.0712,0.0753,0.0463,0.0499,0.0535,0.2189,0.2265,0.2348,0.0355,0.0389,0.0423,0.1871,0.1955,0.2038
2015-11-01,0.055,0.0585,0.0624,0.2573,0.2658,0.2747,0.0548,0.0588,0.0633,0.0666,0.0706,0.075,0.0471,0.0507,0.0546,0.2188,0.227,0.235,0.0353,0.0385,0.0419,0.1911,0.1992,0.2075
2015-11-08,0.0557,0.0592,0.0629,0.2529,0.2609,0.2689,0.0542,0.058,0.0622,0.0665,0.0705,0.0749,0.0485,0.0519,0.0555,0.2188,0.2268,0.2355,0.0349,0.038,0.041,0.1956,0.2039,0.212
2015-11-15,0.0564,0.0594,0.0629,0.2532,0.2606,0.2672,0.0536,0.0571,0.0607,0.0664,0.0701,0.0739,0.0494,0.0527,0.0563,0.2214,0.2282,0.2348,0.0352,0.0381,0.0411,0.1963,0.2035,0.2098
2015-11-22,0.0564,0.06,0.0637,0.253,0.2609,0.2688,0.0525,0.0562,0.06,0.0653,0.0693,0.0735,0.0498,0.0532,0.057,0.2226,0.2305,0.2383,0.0348,0.0377,0.041,0.1948,0.2019,0.2093
2015-11-29,0.057,0.0609,0.0647,0.2525,0.2603,0.2692,0.0512,0.0553,0.059,0.0658,0.0702,0.0742,0.0508,0.0544,0.0582,0.22,0.2278,0.2357,0.0346,0.0376,0.0407,0.1951,0.2035,0.2118
2015-12-06,0.0577,0.0617,0.0657,0.2493,0.2584,0.2675,0.0504,0.0542,0.0582,0.0668,0.0707,0.0749,0.0511,0.0549,0.0593,0.2187,0.2269,0.2348,0.0336,0.0368,0.0399,0.1986,0.2064,0.2145
2015-12-13,0.0585,0.0624,0.0663,0.2487,0.2554,0.2634,0.0501,0.0536,0.0574,0.0675,0.0713,0.0756,0.0518,0.0552,0.059,0.2196,0.2264,0.2336,0.0327,0.0359,0.0389,0.2019,0.2095,0.2165
2015-12-20,0.0579,0.0622,0.0665,0.2482,0.257,0.2666,0.0493,0.0531,0.0575,0.0676,0.072,0.0767,0.0511,0.0551,0.0592,0.2187,0.2277,0.2366,0.0324,0.0356,0.0389,0.1982,0.2073,0.2164
2015-12-27,0.0571,0.0618,0.0667,0.2473,0.2583,0.2704,0.0482,0.0525,0.0568,0.0672,0.0719,0.0772,0.05,0.0548,0.0592,0.2196,0.2307,0.2414,0.0322,0.0356,0.0391,0.1934,0.2047,0.2161
2016-01-03,0.057,0.0617,0.0661,0.2483,0.2587,0.2699,0.0474,0.052,0.0564,0.0666,0.0718,0.077,0.0502,0.0544,0.059,0.2215,0.2321,0.2424,0.0322,0.0354,0.0392,0.1938,0.2044,0.2145
2016-01-10,0.0567,0.0609,0.0651,0.2511,0.2603,0.2686,0.0473,0.0512,0.0552,0.0669,0.0714,0.0757,0.0501,0.0537,0.0575,0.2268,0.2349,0.2432,0.0323,0.0354,0.0384,0.1946,0.2026,0.2106
2016-01-17,0.0588,0.0625,0.0662,0.2464,0.2539,0.2612,0.0478,0.0513,0.0551,0.0653,0.0693,0.0733,0.0508,0.0539,0.0576,0.2338,0.2411,0.2483,0.0324,0.0351,0.0381,0.196,0.2032,0.2107
2016-01-24,0.0593,0.0633,0.0674,0.243,0.2513,0.2594,0.048,0.0516,0.0556,0.0629,0.0669,0.0711,0.0502,0.0539,0.0577,0.2417,0.2504,0.2585,0.0321,0.035,0.038,0.1898,0.1982,0.2061
2016-01-31,0.0596,0.0636,0.068,0.2421,0.2511,0.2594,0.0477,0.0514,0.0551,0.0614,0.0657,0.0702,0.05,0.0539,0.058,0.2475,0.2554,0.2643,0.0319,0.0348,0.0381,0.1865,0.1947,0.2027
2016-02-07,0.0603,0.064,0.0681,0.2444,0.2532,0.2609,0.048,0.0515,0.0553,0.0615,0.0658,0.0699,0.0505,0.054,0.0577,0.2455,0.2528,0.261,0.0326,0.0356,0.0388,0.187,0.1938,0.2013
2016-02-14,0.0609,0.0647,0.0687,0.248,0.2554,0.2634,0.048,0.0515,0.0553,0.0619,0.0659,0.0698,0.051,0.0545,0.0581,0.2416,0.2486,0.256,0.0334,0.0365,0.0397,0.1863,0.1935,0.2007
2016-02-21,0.0607,0.0646,0.069,0.2507,0.2592,0.2682,0.0477,0.0514,0.0555,0.0604,0.0645,0.0686,0.0498,0.0536,0.0573,0.2427,0.2513,0.2594,0.034,0.037,0.0402,0.182,0.1894,0.1973
2016-02-28,0.0601,0.0643,0.0684,0.2523,0.2613,0.2706,0.0482,0.0517,0.0558,0.0594,0.0633,0.0674,0.0489,0.0524,0.0564,0.2439,0.253,0.2614,0.0339,0.0369,0.0402,0.18,0.1883,0.1958
2016-03-06,0.0594,0.0635,0.0673,0.2557,0.2638,0.2727,0.0483,0.052,0.0558,0.0582,0.0622,0.066,0.0472,0.0506,0.0543,0.2475,0.2561,0.2645,0.0338,0.0369,0.0399,0.1793,0.1868,0.1941
2016-03-13,0.0592,0.063,0.0669,0.2587,0.2671,0.2752,0.0475,0.0509,0.0551,0.0578,0.0619,0.0657,0.046,0.0494,0.0528,0.2502,0.2579,0.2666,0.0336,0.0367,0.0395,0.1773,0.1847,0.1917
2016-03-20,0.0586,0.0628,0.067,0.2634,0.2728,0.2816,0.046,0.0496,0.0539,0.0591,0.0631,0.0671,0.0456,0.0492,0.0529,0.2475,0.2562,0.2649,0.0335,0.0366,0.0399,0.1744,0.1816,0.1888
2016-03-27,0.0592,0.0637,0.0677,0.2621,0.2721,0.2817,0.0447,0.0488,0.0527,0.0599,0.064,0.0685,0.0466,0.0501,0.054,0.2463,0.2557,0.2654,0.0328,0.0362,0.0396,0.1728,0.1811,0.1897
2016-04-03,0.0602,0.0644,0.0686,0.2625,0.2715,0.2807,0.044,0.0476,0.0519,0.0601,0.0642,0.0683,0.0472,0.0507,0.0545,0.2505,0.259,0.2681,0.0328,0.0358,0.0394,0.1706,0.1785,0.1863
2016-04-10,0.0613,0.0652,0.0692,0.2621,0.2703,0.2788,0.0436,0.0469,0.0505,0.0612,0.0651,0.069,0.0482,0.0515,0.0553,0.2492,0.2576,0.2653,0.0328,0.0358,0.0389,0.1727,0.1798,0.1871
2016-04-17,0.0618,0.0658,0.0696,0.26,0.2687,0.276,0.0426,0.0457,0.0494,0.0614,0.0651,0.0687,0.0483,0.0515,0.0551,0.251,0.2586,0.2664,0.0325,0.0353,0.0385,0.174,0.1817,0.1891
2016-04-24,0.0621,0.0664,0.0705,0.2599,0.2683,0.2768,0.0403,0.0438,0.0475,0.0598,0.0639,0.0676,0.0481,0.0518,0.0556,0.256,0.2644,0.273,0.0324,0.0356,0.0389,0.1709,0.1782,0.1856
2016-05-01,0.0635,0.0673,0.0714,0.2617,0.2696,0.2782,0.0389,0.042,0.0453,0.0599,0.0637,0.0671,0.0489,0.0525,0.0561,0.2582,0.2657,0.2735,0.0335,0.0366,0.0394,0.1679,0.1751,0.1819
2016-05-08,0.0638,0.0681,0.0719,0.2613,0.2698,0.2782,0.0375,0.0409,0.0441,0.0603,0.0641,0.0679,0.0497,0.0532,0.0568,0.2549,0.263,0.2709,0.034,0.037,0.04,0.1698,0.1766,0.1833
2016-05-15,0.0649,0.0688,0.0727,0.2592,0.2676,0.2757,0.0371,0.0402,0.0435,0.0612,0.0651,0.0689,0.0501,0.0535,0.0569,0.2525,0.2607,0.269,0.0339,0.0368,0.0399,0.1731,0.1801,0.1874
2016-05-22,0.0642,0.0679,0.072,0.2624,0.2699,0.2774,0.0359,0.0389,0.0419,0.0628,0.0668,0.0707,0.0494,0.0527,0.0564,0.251,0.2588,0.2662,0.0336,0.0365,0.0396,0.1741,0.1811,0.1884
2016-05-29,0.0624,0.0664,0.0709,0.262,0.2716,0.2808,0.0354,0.0386,0.0418,0.0633,0.0678,0.0719,0.0474,0.051,0.055,0.2534,0.2617,0.2702,0.0323,0.0352,0.0382,0.1729,0.1802,0.1884
2016-06-05,0.061,0.065,0.0691,0.2666,0.2752,0.2838,0.0353,0.0384,0.042,0.0651,0.0691,0.0733,0.046,0.0493,0.0527,0.2528,0.2609,0.2689,0.0317,0.0345,0.0375,0.1729,0.1802,0.188
2016-06-12,0.0609,0.0649,0.0687,0.2681,0.2758,0.2836,0.035,0.0379,0.0415,0.0651,0.0693,0.0734,0.0451,0.0485,0.0519,0.2554,0.2632,0.2717,0.0313,0.0341,0.0372,0.1723,0.1791,0.1858
2016-06-19,0.0602,0.0644,0.0686,0.2693,0.2772,0.2856,0.0344,0.0373,0.0407,0.0655,0.0697,0.0741,0.0439,0.0473,0.0507,0.2577,0.2662,0.2748,0.0308,0.0339,0.0368,0.1698,0.1773,0.1849
2016-06-26,0.0603,0.0649,0.0698,0.267,0.2771,0.2876,0.0338,0.0371,0.0407,0.0655,0.0706,0.0755,0.0436,0.0476,0.0519,0.2543,0.265,0.276,0.0306,0.0337,0.0371,0.1678,0.1769,0.1861
2016-07-03,0.0605,0.0654,0.0708,0.2661,0.2769,0.2884,0.0336,0.0371,0.0409,0.0668,0.0719,0.0776,0.0439,0.0483,0.0528,0.2514,0.2618,0.2726,0.0307,0.0343,0.0382,0.1673,0.1762,0.1855
2016-07-10,0.0601,0.0655,0.071,0.2655,0.2775,0.2911,0.0332,0.037,0.0411,0.0667,0.0724,0.0791,0.0433,0.0482,0.053,0.2487,0.2614,0.2754,0.0306,0.0345,0.0384,0.1648,0.176,0.1869
2016-07-17,0.0597,0.0655,0.0719,0.264,0.2785,0.2925,0.0325,0.0367,0.0413,0.0665,0.0727,0.0798,0.0431,0.0478,0.053,0.2474,0.2616,0.2761,0.0304,0.0344,0.0388,0.1639,0.1756,0.1878
2016-07-24,0.0601,0.0655,0.0714,0.2641,0.2789,0.2929,0.0326,0.0364,0.0408,0.0669,0.073,0.0795,0.0425,0.0474,0.0529,0.2478,0.2618,0.2763,0.0303,0.0345,0.0391,0.1629,0.1754,0.1885
2016-07-31,0.06,0.0656,0.0708,0.2653,0.2791,0.2928,0.0324,0.0363,0.0403,0.0675,0.0732,0.0792,0.0424,0.0472,0.0519,0.2496,0.2624,0.2755,0.0305,0.0346,0.039,0.164,0.1752,0.1873
2016-08-07,0.0607,0.0656,0.0709,0.2679,0.279,0.2915,0.0323,0.0359,0.0398,0.0682,0.0733,0.0785,0.0427,0.0468,0.0511,0.2515,0.2628,0.2736,0.0308,0.0346,0.0384,0.165,0.1752,0.1853
2016-08-14,0.0616,0.0659,0.0701,0.2707,0.2788,0.2874,0.0325,0.0357,0.0388,0.0694,0.0737,0.0783,0.043,0.0467,0.0501,0.253,0.2618,0.2705,0.0313,0.0346,0.0378,0.1693,0.177,0.1841
2016-08-21,0.0621,0.0664,0.0702,0.2693,0.2771,0.2846,0.0329,0.0359,0.0389,0.0702,0.0744,0.0789,0.0434,0.0469,0.0502,0.2516,0.2585,0.2661,0.0314,0.0344,0.0376,0.1734,0.1806,0.1873
2016-08-28,0.0613,0.0657,0.0702,0.2701,0.2795,0.2888,0.0333,0.0364,0.0396,0.0698,0.0745,0.0792,0.0429,0.0467,0.0501,0.249,0.2577,0.2669,0.0315,0.0345,0.0378,0.171,0.1788,0.1878
2016-09-04,0.0608,0.0652,0.0695,0.2719,0.2809,0.2907,0.0336,0.037,0.04,0.0699,0.0744,0.0788,0.0429,0.0466,0.0503,0.2475,0.2565,0.265,0.0316,0.0347,0.0378,0.1707,0.1789,0.1874
2016-09-11,0.061,0.0653,0.0693,0.2707,0.2795,0.2879,0.0344,0.0375,0.0404,0.0706,0.0747,0.0789,0.0438,0.0473,0.0506,0.2456,0.2537,0.2621,0.0317,0.0347,0.0377,0.1748,0.1816,0.1887
2016-09-18,0.0612,0.0652,0.0693,0.2696,0.278,0.2848,0.0348,0.0377,0.0407,0.0709,0.0751,0.0789,0.0449,0.0481,0.0515,0.2441,0.252,0.2593,0.0316,0.0344,0.0376,0.177,0.1843,0.1913
2016-09-25,0.0602,0.0644,0.0685,0.2722,0.2811,0.291,0.0343,0.0375,0.0407,0.0716,0.0764,0.081,0.0449,0.0483,0.0519,0.241,0.25,0.2599,0.0312,0.0343,0.0374,0.1742,0.1821,0.1899
2016-10-02,0.0589,0.0637,0.0679,0.2763,0.2854,0.296,0.0339,0.0371,0.0402,0.073,0.0781,0.0829,0.045,0.0488,0.0526,0.2371,0.247,0.2563,0.0311,0.0341,0.0373,0.1725,0.1803,0.1881
2016-10-09,0.0611,0.0647,0.069,0.2723,0.2805,0.2898,0.034,0.0373,0.0406,0.0739,0.0784,0.0829,0.0464,0.0502,0.0541,0.2389,0.247,0.2556,0.0305,0.0334,0.0363,0.1748,0.183,0.1904
2016-10-16,0.0626,0.0669,0.0711,0.2647,0.273,0.2811,0.0349,0.038,0.0412,0.0734,0.078,0.0824,0.0482,0.0521,0.0558,0.2384,0.246,0.2544,0.0301,0.0327,0.0354,0.1798,0.1877,0.1954
2016-10-23,0.0634,0.0676,0.072,0.2649,0.2725,0.2805,0.0347,0.0378,0.0413,0.0743,0.079,0.0833,0.0491,0.0529,0.0564,0.236,0.2438,0.2514,0.0298,0.0326,0.0354,0.1807,0.188,0.1959
2016-10-30,0.0622,0.0664,0.0709,0.2713,0.2797,0.2884,0.0344,0.0374,0.0405,0.0748,0.0796,0.0841,0.0479,0.0517,0.0553,0.2356,0.244,0.2528,0.0301,0.0328,0.0357,0.1753,0.1826,0.1908
2016-11-06,0.0616,0.0658,0.0702,0.272,0.2814,0.29,0.0349,0.0378,0.041,0.0756,0.0802,0.0845,0.0479,0.0513,0.0551,0.2354,0.2435,0.2522,0.0302,0.0329,0.0361,0.1742,0.1817,0.1891
2016-11-13,0.0617,0.0659,0.0697,0.2717,0.2798,0.2877,0.0352,0.0381,0.0412,0.0771,0.0813,0.0857,0.0483,0.0519,0.0552,0.2343,0.2411,0.248,0.0303,0.0331,0.0359,0.1768,0.1834,0.1902
2016-11-20,0.0616,0.0652,0.0694,0.2731,0.2811,0.2896,0.0349,0.0381,0.0414,0.0786,0.0828,0.0874,0.0482,0.0519,0.0552,0.2316,0.239,0.2476,0.0308,0.0336,0.0368,0.1756,0.1826,0.1893
2016-11-27,0.0608,0.0649,0.0692,0.2729,0.2825,0.2919,0.0352,0.0383,0.0418,0.0803,0.0852,0.0903,0.0478,0.0518,0.0558,0.2272,0.2361,0.2449,0.0309,0.034,0.0372,0.1739,0.1815,0.1903
2016-12-04,0.0604,0.0644,0.0684,0.2746,0.2836,0.2919,0.0356,0.0388,0.0422,0.0827,0.0875,0.0924,0.048,0.0519,0.056,0.2255,0.2331,0.2412,0.0313,0.0344,0.0373,0.1739,0.181,0.1888
2016-12-11,0.061,0.065,0.0689,0.276,0.2839,0.2915,0.0358,0.0388,0.0423,0.0846,0.0892,0.0938,0.0495,0.0531,0.0566,0.222,0.2295,0.237,0.0322,0.035,0.0381,0.173,0.1804,0.1871
2016-12-18,0.0603,0.0645,0.0688,0.2782,0.2866,0.2957,0.0352,0.0381,0.0418,0.0858,0.091,0.096,0.049,0.0526,0.0565,0.2188,0.2275,0.2357,0.0321,0.0356,0.0387,0.1714,0.1789,0.1867
2016-12-25,0.0597,0.0639,0.0687,0.2771,0.2881,0.2992,0.0345,0.0377,0.0416,0.0861,0.092,0.0975,0.0477,0.0516,0.0562,0.2196,0.2291,0.2395,0.0315,0.035,0.0384,0.1674,0.1772,0.1874
2017-01-01,0.059,0.0636,0.0684,0.2783,0.2881,0.299,0.0342,0.0375,0.0416,0.0865,0.0924,0.0989,0.0466,0.0507,0.055,0.2224,0.2332,0.2441,0.0309,0.0343,0.0377,0.1657,0.1746,0.1841
2017-01-08,0.0593,0.0637,0.0679,0.2782,0.2868,0.2961,0.0342,0.0374,0.0411,0.0872,0.0926,0.0981,0.0465,0.0501,0.0539,0.228,0.237,0.2462,0.0306,0.0336,0.0369,0.1656,0.1735,0.181
2017-01-15,0.0609,0.0648,0.0687,0.2742,0.2819,0.2892,0.0348,0.0378,0.0411,0.0893,0.0942,0.0988,0.0474,0.0511,0.0545,0.2263,0.2336,0.2408,0.0307,0.0336,0.0365,0.172,0.1783,0.1854
2017-01-22,0.061,0.0652,0.0696,0.2734,0.282,0.2901,0.0343,0.0374,0.0408,0.0921,0.0973,0.1025,0.0483,0.052,0.0556,0.2198,0.2277,0.2362,0.0312,0.0343,0.0374,0.1717,0.179,0.1868
2017-01-29,0.0601,0.0643,0.0689,0.2765,0.2853,0.295,0.0337,0.0369,0.0405,0.0973,0.1033,0.1086,0.0484,0.0522,0.056,0.209,0.2176,0.2264,0.0316,0.0349,0.0384,0.1725,0.1801,0.1882
2017-02-05,0.0598,0.064,0.0682,0.2784,0.2866,0.295,0.0335,0.0366,0.0399,0.1028,0.1078,0.1133,0.0489,0.0526,0.0564,0.2017,0.2103,0.2181,0.0322,0.0354,0.0389,0.1751,0.1819,0.1895
2017-02-12,0.0594,0.0633,0.0673,0.278,0.2859,0.2941,0.033,0.0361,0.0393,0.106,0.1112,0.1167,0.0488,0.0522,0.0557,0.1994,0.2065,0.2139,0.0319,0.0352,0.0383,0.1778,0.1849,0.1926
2017-02-19,0.0582,0.0623,0.0662,0.2789,0.2869,0.2957,0.0325,0.0353,0.0386,0.1099,0.1151,0.1205,0.0479,0.0516,0.0552,0.1947,0.202,0.2096,0.0317,0.0347,0.0379,0.1802,0.1876,0.1952
2017-02-26,0.0575,0.0618,0.0658,0.2791,0.2891,0.2988,0.0314,0.0346,0.0379,0.1123,0.1183,0.1247,0.0476,0.0515,0.0558,0.1896,0.1976,0.2057,0.0316,0.0346,0.038,0.18,0.1884,0.1967
2017-03-05,0.0575,0.0614,0.0655,0.2822,0.2907,0.3002,0.0311,0.0341,0.0374,0.1152,0.1213,0.1276,0.0482,0.0518,0.0557,0.1851,0.1928,0.2002,0.0315,0.0346,0.0377,0.1809,0.1889,0.1967
2017-03-12,0.0581,0.0617,0.0656,0.281,0.2894,0.2972,0.0307,0.0339,0.0369,0.1182,0.1236,0.1291,0.049,0.0524,0.0559,0.1824,0.1895,0.1967,0.0313,0.0342,0.037,0.1844,0.1916,0.199
2017-03-19,0.0588,0.0625,0.0667,0.2788,0.2871,0.2957,0.0307,0.0337,0.0371,0.1198,0.1258,0.1316,0.0502,0.0539,0.0576,0.1793,0.187,0.194,0.0315,0.0345,0.0377,0.1847,0.1916,0.1993
2017-03-26,0.0577,0.0617,0.0662,0.2812,0.2916,0.3013,0.0299,0.0331,0.0365,0.1201,0.1263,0.1333,0.0492,0.0531,0.0575,0.1773,0.1858,0.1941,0.0319,0.0351,0.0383,0.1809,0.1893,0.1988
2017-04-02,0.057,0.0609,0.0651,0.2856,0.2958,0.305,0.0295,0.0325,0.0358,0.1198,0.126,0.1324,0.0485,0.0524,0.0563,0.1771,0.1857,0.1941,0.0325,0.0355,0.0387,0.1799,0.1877,0.1956
2017-04-09,0.0564,0.0603,0.0644,0.2905,0.2998,0.3087,0.0289,0.0315,0.0345,0.1192,0.1245,0.1306,0.0477,0.0514,0.055,0.1788,0.1856,0.1932,0.033,0.036,0.0392,0.1802,0.1875,0.1949
2017-04-16,0.0559,0.0596,0.0632,0.2934,0.302,0.3103,0.0281,0.0307,0.0339,0.1186,0.1245,0.1305,0.0475,0.0508,0.0542,0.1774,0.1841,0.1915,0.0331,0.0364,0.0395,0.1816,0.189,0.1965
2017-04-23,0.0557,0.0596,0.0633,0.2928,0.3023,0.3113,0.028,0.031,0.0341,0.1176,0.1242,0.1302,0.0472,0.0509,0.0545,0.1781,0.1857,0.1938,0.0331,0.0362,0.0395,0.1795,0.1874,0.1955
2017-04-30,0.0561,0.0597,0.0635,0.2934,0.302,0.3096,0.0284,0.0312,0.0343,0.1185,0.1241,0.1294,0.0475,0.0512,0.0548,0.1794,0.1856,0.193,0.0332,0.0365,0.0399,0.1801,0.1869,0.1937
2017-05-07,0.0562,0.0601,0.0634,0.2944,0.3022,0.3097,0.0285,0.0312,0.0341,0.1183,0.1233,0.1289,0.0479,0.0512,0.0547,0.1808,0.1872,0.1939,0.0333,0.0362,0.0394,0.1793,0.1859,0.1932
2017-05-14,0.0576,0.0617,0.0653,0.2891,0.297,0.3059,0.0279,0.0306,0.0334,0.1206,0.1257,0.1313,0.0491,0.0525,0.0563,0.1777,0.1842,0.1914,0.0325,0.0354,0.0386,0.1829,0.19,0.197
2017-05-21,0.0581,0.0622,0.0664,0.2861,0.2951,0.3034,0.028,0.0306,0.0336,0.1203,0.1265,0.1322,0.0497,0.0533,0.0573,0.1749,0.1818,0.1897,0.0322,0.0352,0.0382,0.1856,0.1931,0.2011
2017-05-28,0.0573,0.0617,0.0663,0.2875,0.2972,0.3072,0.028,0.0308,0.0337,0.1189,0.1253,0.132,0.0488,0.0526,0.0567,0.1749,0.1828,0.191,0.0314,0.0345,0.0379,0.1843,0.1928,0.2016
2017-06-04,0.0578,0.0617,0.066,0.2893,0.2981,0.3078,0.0279,0.0306,0.0338,0.1187,0.1242,0.1305,0.0488,0.0525,0.0561,0.1754,0.1827,0.1904,0.0313,0.0341,0.0373,0.1858,0.1936,0.2021
2017-06-11,0.0575,0.061,0.0647,0.295,0.3024,0.3099,0.0282,0.0309,0.0334,0.1219,0.1264,0.1311,0.0498,0.053,0.0566,0.1718,0.1776,0.1833,0.0316,0.0345,0.0371,0.1861,0.1924,0.1987
2017-06-18,0.0579,0.0618,0.0657,0.2915,0.2989,0.3065,0.029,0.0319,0.0347,0.1201,0.125,0.13,0.0507,0.0541,0.0577,0.1713,0.1778,0.1841,0.0317,0.0346,0.0375,0.1876,0.1945,0.2012
2017-06-25,0.0579,0.0622,0.0664,0.2864,0.2947,0.3035,0.0296,0.0326,0.0358,0.1163,0.1227,0.1285,0.0509,0.0547,0.0585,0.1718,0.1789,0.1864,0.0317,0.0348,0.0378,0.1904,0.1978,0.2063
2017-07-02,0.0577,0.0622,0.0667,0.2837,0.2933,0.3025,0.0298,0.033,0.0365,0.1156,0.1227,0.1292,0.0512,0.0556,0.0597,0.1688,0.1769,0.1851,0.0318,0.0351,0.0385,0.1912,0.2,0.209
2017-07-09,0.0572,0.0621,0.0673,0.2812,0.2929,0.3043,0.0298,0.0333,0.0372,0.1155,0.1232,0.1307,0.0509,0.0559,0.0611,0.1655,0.1748,0.1849,0.0322,0.0359,0.0397,0.19,0.2004,0.2122
2017-07-16,0.0564,0.0618,0.067,0.2813,0.294,0.3067,0.03,0.0334,0.0376,0.1148,0.1233,0.1316,0.051,0.056,0.0614,0.1642,0.1734,0.1833,0.033,0.037,0.0411,0.1883,0.1996,0.2121
2017-07-23,0.0554,0.0607,0.0658,0.2844,0.2977,0.3105,0.03,0.0334,0.0374,0.1149,0.1231,0.1317,0.0509,0.0555,0.0605,0.1634,0.1732,0.1831,0.0338,0.038,0.0424,0.1847,0.1966,0.209
2017-07-30,0.0539,0.0588,0.0642,0.2927,0.3052,0.3179,0.0296,0.033,0.0371,0.1157,0.1228,0.1311,0.0495,0.0542,0.0585,0.1651,0.1744,0.1838,0.0348,0.0389,0.0431,0.1806,0.1909,0.2026
2017-08-06,0.0528,0.0571,0.0613,0.3034,0.3122,0.3205,0.0297,0.0328,0.0363,0.1167,0.1229,0.1293,0.049,0.0529,0.057,0.1683,0.1758,0.183,0.0364,0.0398,0.0435,0.1787,0.1855,0.193
2017-08-13,0.0519,0.0558,0.0593,0.3058,0.3132,0.3204,0.0302,0.0331,0.0362,0.1154,0.1207,0.1256,0.0481,0.0516,0.0549,0.1714,0.1774,0.1837,0.0362,0.0392,0.0422,0.1824,0.1886,0.1948
2017-08-20,0.0513,0.0552,0.0591,0.3061,0.3149,0.3235,0.0306,0.0338,0.037,0.1131,0.1185,0.124,0.0469,0.0504,0.0539,0.1741,0.1806,0.1875,0.0355,0.0387,0.0418,0.1803,0.1873,0.1947
2017-08-27,0.0509,0.0551,0.0592,0.3079,0.3183,0.3285,0.0305,0.0339,0.0377,0.1116,0.1178,0.1241,0.0455,0.0493,0.0529,0.1753,0.183,0.1914,0.0355,0.0387,0.0424,0.175,0.1832,0.192
2017-09-03,0.0511,0.0552,0.0593,0.3103,0.3194,0.3287,0.0306,0.0337,0.0372,0.1112,0.1171,0.1229,0.0448,0.0484,0.0519,0.1776,0.1855,0.1928,0.035,0.0384,0.0416,0.1743,0.1821,0.1899
2017-09-10,0.0525,0.0563,0.0601,0.308,0.3157,0.3232,0.0306,0.0337,0.0369,0.1124,0.1172,0.1219,0.0453,0.0486,0.0519,0.1798,0.1858,0.1922,0.035,0.0381,0.0409,0.1774,0.1842,0.1907
2017-09-17,0.0534,0.0575,0.0614,0.3064,0.3152,0.3235,0.0303,0.0331,0.0363,0.1127,0.1178,0.1233,0.0463,0.0496,0.0532,0.18,0.187,0.1935,0.0346,0.0378,0.0409,0.175,0.1818,0.189
2017-09-24,0.0534,0.0577,0.0622,0.3113,0.3212,0.3323,0.0291,0.0321,0.0353,0.1128,0.1188,0.1249,0.0458,0.0496,0.0536,0.1813,0.1889,0.1973,0.0344,0.0378,0.0411,0.1651,0.1733,0.1816
2017-10-01,0.0534,0.0575,0.0617,0.3184,0.328,0.3376,0.0282,0.0311,0.0341,0.1123,0.1184,0.1241,0.045,0.0488,0.0527,0.1857,0.1936,0.2015,0.0341,0.0375,0.0409,0.158,0.1652,0.1727
2017-10-08,0.0546,0.0583,0.0621,0.3178,0.3247,0.3317,0.028,0.0306,0.0333,0.1106,0.1154,0.1201,0.0453,0.0486,0.0521,0.1956,0.2019,0.208,0.0333,0.0362,0.0393,0.1586,0.1643,0.1705
2017-10-15,0.0547,0.0584,0.0624,0.3132,0.3217,0.3297,0.0281,0.0307,0.0339,0.1048,0.1103,0.1155,0.0447,0.0481,0.0517,0.2066,0.2141,0.2222,0.0324,0.0356,0.0387,0.1543,0.1613,0.1678
2017-10-22,0.0543,0.0579,0.0619,0.309,0.3177,0.3266,0.0287,0.0315,0.0347,0.0988,0.1038,0.1092,0.0432,0.0468,0.0502,0.2195,0.2278,0.2356,0.032,0.0351,0.0384,0.1524,0.1594,0.1666
2017-10-29,0.0533,0.0573,0.0615,0.3064,0.3157,0.3247,0.0293,0.032,0.0351,0.0955,0.1008,0.1061,0.0423,0.0461,0.0493,0.2252,0.2339,0.2423,0.032,0.035,0.0381,0.152,0.1596,0.1669
2017-11-05,0.0525,0.0562,0.0599,0.3099,0.3177,0.3252,0.0297,0.0325,0.0356,0.0958,0.1002,0.1047,0.0421,0.0453,0.0483,0.2287,0.236,0.2434,0.0321,0.0351,0.0382,0.1511,0.1575,0.1637
2017-11-12,0.0522,0.0559,0.0597,0.3099,0.3178,0.3261,0.0304,0.0332,0.0365,0.0958,0.1004,0.1058,0.0416,0.0448,0.0478,0.2293,0.236,0.2432,0.0323,0.0353,0.0384,0.1502,0.1564,0.1631
2017-11-19,0.0532,0.057,0.0607,0.3052,0.3141,0.3222,0.0308,0.0339,0.0372,0.0968,0.1021,0.1077,0.0423,0.0458,0.049,0.2233,0.2315,0.2394,0.0322,0.0355,0.0388,0.1535,0.1606,0.1673
2017-11-26,0.0537,0.0575,0.062,0.3014,0.3121,0.3223,0.0303,0.0334,0.0368,0.0964,0.1016,0.1071,0.0427,0.0462,0.0499,0.2216,0.2303,0.2386,0.0323,0.0354,0.0389,0.1552,0.1634,0.1716
2017-12-03,0.0548,0.0584,0.0628,0.2982,0.3072,0.3171,0.0298,0.0328,0.0361,0.0944,0.0999,0.1053,0.043,0.0467,0.0504,0.2235,0.2319,0.241,0.0317,0.0349,0.0383,0.1609,0.1683,0.176
2017-12-10,0.0536,0.057,0.0608,0.3018,0.309,0.3167,0.0294,0.0322,0.0351,0.0939,0.0982,0.1027,0.0419,0.045,0.0482,0.2306,0.237,0.2437,0.031,0.0339,0.0367,0.1617,0.1681,0.1749
2017-12-17,0.0517,0.0559,0.0599,0.3038,0.3125,0.3213,0.0292,0.032,0.0351,0.0904,0.0953,0.1004,0.0405,0.0437,0.0473,0.2359,0.2437,0.2515,0.0306,0.0337,0.0367,0.1575,0.1639,0.1712
2017-12-24,0.0514,0.0557,0.0604,0.3022,0.313,0.3244,0.0287,0.0319,0.0355,0.088,0.0938,0.0996,0.0396,0.0432,0.0472,0.2365,0.2468,0.2579,0.0301,0.0337,0.0372,0.1538,0.1626,0.1714
2017-12-31,0.0516,0.056,0.0607,0.2998,0.3117,0.3238,0.0287,0.0318,0.0353,0.0867,0.0926,0.0988,0.0389,0.0429,0.0469,0.2389,0.2489,0.2606,0.03,0.0335,0.0368,0.1535,0.163,0.1725
2018-01-07,0.0521,0.0562,0.0605,0.3019,0.3107,0.3198,0.0287,0.0319,0.0349,0.0867,0.0916,0.0963,0.0389,0.0425,0.0459,0.2435,0.252,0.2605,0.03,0.0333,0.0365,0.156,0.1631,0.1713
2018-01-14,0.0533,0.057,0.0609,0.2984,0.3059,0.3132,0.0291,0.0318,0.0348,0.0856,0.0898,0.0944,0.0394,0.0425,0.0456,0.2491,0.2559,0.2629,0.03,0.033,0.0357,0.1589,0.1652,0.1716
2018-01-21,0.0531,0.0571,0.0612,0.2971,0.3054,0.3138,0.0286,0.0315,0.0346,0.0841,0.0895,0.0939,0.0389,0.0422,0.0454,0.2522,0.26,0.2685,0.0297,0.0328,0.036,0.1562,0.1627,0.1701
2018-01-28,0.0525,0.0571,0.0615,0.2973,0.3072,0.3177,0.0282,0.0313,0.0344,0.0848,0.0902,0.0957,0.0381,0.0419,0.0453,0.2516,0.2608,0.2705,0.0296,0.0328,0.0361,0.1524,0.1601,0.1679
2018-02-04,0.0531,0.0571,0.0611,0.2992,0.308,0.3164,0.0283,0.0313,0.0343,0.0868,0.0916,0.0965,0.0386,0.0421,0.0452,0.2508,0.2596,0.2679,0.0301,0.0332,0.0366,0.1518,0.1588,0.166
2018-02-11,0.0547,0.0583,0.062,0.2947,0.3023,0.3099,0.0284,0.0315,0.0347,0.0906,0.0951,0.0997,0.0395,0.0429,0.0461,0.2463,0.2534,0.2608,0.0299,0.0329,0.0357,0.1586,0.1652,0.172
2018-02-18,0.0561,0.0601,0.0644,0.2909,0.2997,0.3082,0.0277,0.0311,0.0342,0.0913,0.0966,0.102,0.0402,0.0436,0.047,0.2389,0.2475,0.2559,0.0305,0.0333,0.0364,0.162,0.1693,0.1772
2018-02-25,0.0562,0.0604,0.0651,0.2918,0.301,0.3111,0.0275,0.0308,0.0341,0.0888,0.0942,0.0999,0.0397,0.0433,0.047,0.239,0.248,0.2568,0.0316,0.0346,0.0379,0.1611,0.1688,0.177
2018-03-04,0.0562,0.0604,0.0648,0.2949,0.3034,0.3126,0.0277,0.0307,0.0336,0.0858,0.0912,0.0965,0.0391,0.0425,0.046,0.2415,0.2493,0.2578,0.0328,0.036,0.0392,0.1607,0.1679,0.1751
2018-03-11,0.0556,0.0595,0.0634,0.3003,0.3083,0.3161,0.0273,0.0302,0.0331,0.0871,0.0918,0.0968,0.038,0.0412,0.0443,0.2401,0.2469,0.2542,0.0331,0.0363,0.0392,0.1617,0.168,0.1746
2018-03-18,0.0565,0.0607,0.0645,0.2975,0.3056,0.3145,0.0276,0.0306,0.0338,0.0882,0.0927,0.0979,0.0381,0.0417,0.0451,0.2352,0.2426,0.2503,0.0335,0.0369,0.04,0.1639,0.1712,0.1785
2018-03-25,0.0572,0.0618,0.066,0.2916,0.3015,0.3109,0.0281,0.0312,0.0347,0.087,0.0922,0.0977,0.0388,0.0422,0.0459,0.2341,0.2433,0.2526,0.0338,0.0374,0.0409,0.1646,0.1725,0.1811
2018-04-01,0.0578,0.0621,0.0669,0.2906,0.2999,0.3086,0.0285,0.0317,0.0352,0.0867,0.0918,0.0973,0.0385,0.042,0.0457,0.2367,0.2455,0.2541,0.0339,0.0374,0.0412,0.1638,0.172,0.1799
2018-04-08,0.0566,0.0607,0.0644,0.2987,0.3065,0.3141,0.0288,0.0317,0.0347,0.0865,0.0911,0.0957,0.0375,0.0407,0.0439,0.2417,0.249,0.2562,0.0348,0.038,0.0412,0.1585,0.1649,0.1714
2018-04-15,0.0569,0.0617,0.0656,0.2952,0.3041,0.3123,0.0287,0.0318,0.0351,0.0892,0.0939,0.0987,0.0379,0.0412,0.0446,0.2357,0.2434,0.2519,0.0341,0.0375,0.0409,0.162,0.169,0.1762
2018-04-22,0.0579,0.0625,0.0671,0.2907,0.3002,0.3094,0.0286,0.0319,0.0354,0.091,0.096,0.1018,0.0381,0.0417,0.0452,0.2282,0.2369,0.2452,0.0336,0.037,0.0406,0.168,0.1763,0.1848
2018-04-29,0.0584,0.0631,0.0674,0.2882,0.2974,0.3069,0.029,0.032,0.0354,0.0886,0.0937,0.099,0.038,0.0416,0.0451,0.2288,0.2377,0.2459,0.0333,0.0368,0.0402,0.1722,0.1801,0.1887
2018-05-06,0.0594,0.0638,0.0682,0.2875,0.296,0.3038,0.029,0.0321,0.0354,0.0857,0.0904,0.0952,0.0378,0.0412,0.0446,0.234,0.242,0.25,0.0332,0.0367,0.0402,0.1738,0.181,0.1888
2018-05-13,0.0629,0.0671,0.0716,0.2762,0.285,0.2925,0.0294,0.0325,0.0357,0.0825,0.087,0.0916,0.0386,0.0419,0.0452,0.2368,0.245,0.252,0.0331,0.0364,0.0398,0.1813,0.1881,0.1954
2018-05-20,0.0647,0.0693,0.074,0.2676,0.2762,0.2846,0.0296,0.033,0.0365,0.0817,0.0867,0.0916,0.0394,0.0428,0.0465,0.2354,0.2432,0.2515,0.032,0.0355,0.039,0.1882,0.1961,0.2045
2018-05-27,0.0651,0.0698,0.0744,0.2676,0.2761,0.2847,0.0299,0.0333,0.0368,0.0842,0.0895,0.0949,0.0398,0.0435,0.0473,0.2291,0.2375,0.2468,0.0312,0.0348,0.0383,0.1907,0.1986,0.2069
2018-06-03,0.0668,0.0712,0.0758,0.266,0.2747,0.283,0.0302,0.0334,0.0368,0.0874,0.0928,0.0982,0.0408,0.0449,0.0486,0.2212,0.2294,0.238,0.0309,0.0342,0.0375,0.1949,0.2028,0.2114
2018-06-10,0.0667,0.0713,0.076,0.2722,0.2803,0.2876,0.0295,0.0326,0.0356,0.0915,0.0964,0.1016,0.041,0.0445,0.0478,0.2186,0.2257,0.2329,0.0298,0.0329,0.0361,0.1934,0.2001,0.2074
2018-06-17,0.0675,0.0723,0.0771,0.2709,0.2786,0.287,0.0299,0.0332,0.0364,0.0904,0.0953,0.1003,0.0412,0.0449,0.0485,0.2153,0.2222,0.2299,0.0301,0.0332,0.0364,0.1966,0.2037,0.2112
2018-06-24,0.0684,0.0733,0.0786,0.2677,0.2764,0.2866,0.0311,0.0343,0.038,0.0871,0.0926,0.0979,0.0418,0.0457,0.0495,0.2133,0.2218,0.2306,0.031,0.0345,0.0382,0.1957,0.2048,0.2133
2018-07-01,0.0688,0.0739,0.0792,0.2683,0.2771,0.2857,0.032,0.0353,0.0386,0.086,0.0914,0.0966,0.0418,0.0456,0.0496,0.2137,0.2219,0.2303,0.0315,0.0349,0.0386,0.1956,0.2037,0.2125
2018-07-08,0.0699,0.0751,0.0807,0.2646,0.2742,0.2842,0.0332,0.037,0.0409,0.0849,0.0906,0.0965,0.0428,0.0468,0.0508,0.2105,0.2194,0.2286,0.0322,0.0361,0.0398,0.1959,0.2042,0.2143
2018-07-15,0.071,0.0759,0.0817,0.2632,0.2723,0.2822,0.0349,0.0387,0.0424,0.0852,0.0908,0.0963,0.0442,0.0482,0.0522,0.2073,0.2159,0.2245,0.0335,0.0373,0.041,0.1959,0.2045,0.2139
2018-07-22,0.0707,0.0759,0.0814,0.2617,0.2723,0.2822,0.0362,0.04,0.0441,0.0847,0.0905,0.0964,0.0442,0.0484,0.0524,0.2067,0.2163,0.2258,0.034,0.0377,0.0417,0.1932,0.2027,0.2129
2018-07-29,0.0697,0.075,0.0806,0.2644,0.2739,0.284,0.0369,0.041,0.045,0.0861,0.0914,0.0969,0.0447,0.0487,0.0529,0.2071,0.2159,0.2249,0.0346,0.0384,0.0422,0.1909,0.1995,0.2092
2018-08-05,0.0688,0.0741,0.0795,0.2667,0.2763,0.2859,0.0385,0.0423,0.0462,0.087,0.0921,0.098,0.0448,0.0488,0.0528,0.2066,0.2149,0.2235,0.0359,0.0396,0.0434,0.187,0.1959,0.2043
2018-08-12,0.0676,0.0728,0.0776,0.2714,0.2793,0.2879,0.0403,0.0441,0.0476,0.0879,0.0924,0.0975,0.045,0.0488,0.0525,0.2064,0.2138,0.221,0.0384,0.0419,0.0454,0.1838,0.1909,0.1982
2018-08-19,0.0684,0.0726,0.0772,0.2733,0.2808,0.2882,0.0422,0.0457,0.0494,0.0853,0.0899,0.0944,0.0455,0.0491,0.0525,0.2027,0.2093,0.2164,0.043,0.0464,0.0497,0.1839,0.1901,0.1971
2018-08-26,0.0715,0.0752,0.0788,0.2746,0.2808,0.2872,0.0426,0.0454,0.0485,0.083,0.0869,0.0906,0.0486,0.0517,0.0546,0.1947,0.2005,0.2067,0.051,0.0542,0.0572,0.1835,0.1897,0.1955
2018-09-02,0.0774,0.0805,0.084,0.2731,0.279,0.2846,0.0422,0.0446,0.0472,0.0807,0.0839,0.0872,0.0515,0.0543,0.057,0.1925,0.1974,0.2029,0.0587,0.0617,0.0647,0.178,0.183,0.1885
2018-09-09,0.08,0.08,0.08,0.2826,0.2826,0.2826,0.0441,0.0441,0.0441,0.0861,0.0861,0.0861,0.0549,0.0549,0.0549,0.1984,0.1984,0.1984,0.0632,0.0632,0.0632,0.1753,0.1753,0.1753
2018-09-16,0.0754,0.0795,0.0836,0.2755,0.2852,0.2961,0.0404,0.0433,0.0466,0.0813,0.0853,0.0895,0.0493,0.0535,0.0579,0.1902,0.1966,0.2026,0.0578,0.0626,0.0677,0.1712,0.1782,0.1856
2018-09-23,0.074,0.079,0.084,0.2767,0.2877,0.2999,0.039,0.0425,0.0462,0.0798,0.0847,0.0899,0.0476,0.0522,0.0571,0.1876,0.1945,0.202,0.0564,0.0623,0.0681,0.173,0.1813,0.1897
2018-09-30,0.074,0.0787,0.0835,0.28,0.2904,0.3016,0.0384,0.0418,0.0457,0.0791,0.0842,0.0893,0.0471,0.0508,0.055,0.1865,0.1926,0.2,0.0563,0.0615,0.0669,0.1764,0.1845,0.1921
2018-10-07,0.0748,0.0789,0.083,0.2798,0.2881,0.2959,0.039,0.0421,0.0454,0.0811,0.085,0.0891,0.0469,0.0502,0.0539,0.1857,0.1915,0.1969,0.0569,0.0612,0.0654,0.1817,0.1879,0.1946
2018-10-14,0.0755,0.079,0.0826,0.2765,0.2834,0.2897,0.0395,0.0422,0.0451,0.0845,0.0883,0.0921,0.046,0.049,0.0522,0.1853,0.1902,0.1952,0.0573,0.0609,0.0647,0.1868,0.1918,0.1973
2018-10-21,0.0743,0.078,0.0819,0.2772,0.285,0.2928,0.0389,0.0418,0.0448,0.0856,0.0892,0.0937,0.0435,0.0467,0.0502,0.1848,0.1899,0.1954,0.0553,0.0591,0.0629,0.1888,0.195,0.2011
2018-10-28,0.0733,0.0776,0.0822,0.2785,0.2883,0.2973,0.0379,0.0411,0.0443,0.0842,0.0886,0.0932,0.0413,0.045,0.0486,0.183,0.189,0.1949,0.0542,0.0585,0.0631,0.1898,0.1972,0.2048
2018-11-04,0.0739,0.0781,0.0824,0.2802,0.2883,0.2966,0.0374,0.0406,0.0438,0.0837,0.088,0.0922,0.0405,0.044,0.0473,0.1813,0.1871,0.1925,0.0544,0.0584,0.0628,0.1943,0.2009,0.2079
2018-11-11,0.0748,0.0782,0.082,0.2774,0.284,0.2902,0.0383,0.0411,0.044,0.0853,0.0891,0.0932,0.0416,0.0446,0.0477,0.1795,0.1841,0.189,0.0585,0.0623,0.0661,0.1958,0.2014,0.207
2018-11-18,0.0745,0.0786,0.0824,0.2756,0.2831,0.2903,0.0379,0.0409,0.0437,0.0844,0.0885,0.0929,0.0406,0.0439,0.0473,0.1789,0.1845,0.1898,0.0581,0.0624,0.067,0.197,0.2032,0.2096
2018-11-25,0.0739,0.0787,0.0834,0.2768,0.2859,0.2956,0.0368,0.0401,0.0435,0.0814,0.0859,0.0903,0.0386,0.0422,0.046,0.1794,0.1855,0.1914,0.0568,0.062,0.0674,0.1966,0.2046,0.2124
2018-12-02,0.0739,0.0785,0.0827,0.2812,0.2898,0.2982,0.0369,0.0401,0.0435,0.0779,0.0825,0.087,0.0377,0.041,0.045,0.1794,0.1854,0.1912,0.0583,0.0629,0.0675,0.1979,0.2048,0.2125
2018-12-09,0.0744,0.078,0.0818,0.286,0.2926,0.2991,0.037,0.0401,0.0431,0.0765,0.0801,0.0838,0.0368,0.0397,0.0426,0.1805,0.1852,0.1898,0.0621,0.0659,0.07,0.1979,0.2035,0.2094
2018-12-16,0.0735,0.0777,0.0823,0.2907,0.2981,0.3072,0.0364,0.0396,0.0428,0.0736,0.0773,0.0814,0.0355,0.0389,0.0423,0.1788,0.1841,0.1898,0.0655,0.0704,0.0755,0.192,0.1987,0.2049
2018-12-23,0.0738,0.0787,0.0838,0.2898,0.2996,0.3096,0.0361,0.0395,0.0433,0.0711,0.0755,0.0803,0.0353,0.0386,0.0424,0.1757,0.1826,0.189,0.0674,0.0738,0.0804,0.1884,0.1964,0.2047
2018-12-30,0.0745,0.0796,0.0851,0.2899,0.3012,0.3124,0.0355,0.039,0.0429,0.0698,0.0743,0.0787,0.0347,0.0381,0.0419,0.1753,0.1824,0.1895,0.0676,0.0746,0.0816,0.1866,0.1959,0.2041
2019-01-06,0.0755,0.0803,0.0851,0.2936,0.3035,0.3136,0.035,0.0382,0.0416,0.0686,0.0729,0.0773,0.0342,0.0376,0.041,0.1766,0.1831,0.1898,0.0678,0.0735,0.0795,0.188,0.1962,0.2043
2019-01-13,0.0771,0.0817,0.0866,0.2928,0.3017,0.311,0.0344,0.0376,0.041,0.0691,0.0731,0.0774,0.0336,0.0366,0.0401,0.179,0.1852,0.1913,0.0679,0.0729,0.0785,0.1887,0.1959,0.2033
2019-01-20,0.0827,0.0865,0.0906,0.285,0.2913,0.2977,0.0346,0.0376,0.0404,0.0703,0.0743,0.078,0.0331,0.0359,0.0388,0.1817,0.1865,0.1915,0.0703,0.0743,0.0787,0.1933,0.1986,0.2046
2019-01-27,0.0851,0.0894,0.0943,0.2782,0.2869,0.2959,0.0343,0.0375,0.041,0.0712,0.0753,0.0794,0.0323,0.0353,0.0386,0.1791,0.1851,0.1905,0.0714,0.0763,0.0825,0.1923,0.1994,0.2059
2019-02-03,0.0866,0.0914,0.0965,0.2739,0.2826,0.2922,0.0345,0.0377,0.041,0.0719,0.0761,0.0802,0.0319,0.0349,0.0379,0.1775,0.1835,0.1894,0.0716,0.0777,0.0832,0.194,0.2013,0.2085
2019-02-10,0.0888,0.0931,0.097,0.2703,0.2775,0.2845,0.0362,0.0393,0.0424,0.0731,0.0768,0.0804,0.0328,0.0357,0.0387,0.174,0.179,0.1841,0.0785,0.0833,0.0881,0.1945,0.2004,0.2062
2019-02-17,0.0894,0.0937,0.0982,0.2688,0.2757,0.2819,0.0358,0.0388,0.0417,0.0738,0.0775,0.0814,0.0321,0.0348,0.0376,0.1727,0.1779,0.1828,0.0831,0.0878,0.093,0.193,0.1986,0.2049
2019-02-24,0.0895,0.0942,0.099,0.2687,0.2769,0.2855,0.0344,0.0375,0.0407,0.0728,0.0768,0.0808,0.0309,0.0337,0.0371,0.1735,0.1792,0.1851,0.0843,0.0902,0.0965,0.1885,0.196,0.2039
2019-03-03,0.0902,0.0953,0.1005,0.2648,0.2731,0.2817,0.0341,0.0374,0.0408,0.0735,0.0777,0.0818,0.0305,0.0333,0.0366,0.1722,0.1785,0.1847,0.0865,0.0931,0.0996,0.1883,0.1963,0.2044
2019-03-10,0.0917,0.0958,0.0999,0.2618,0.2685,0.2757,0.0345,0.0373,0.0403,0.0764,0.0802,0.0842,0.0302,0.0329,0.0358,0.1736,0.1786,0.1836,0.0892,0.0939,0.0987,0.1915,0.1975,0.2033
2019-03-17,0.0898,0.0942,0.0985,0.2621,0.2695,0.2772,0.0349,0.0377,0.0408,0.0766,0.0805,0.0847,0.0306,0.0334,0.0363,0.1723,0.1778,0.1835,0.0916,0.0973,0.1027,0.1875,0.1943,0.2007
2019-03-24,0.0879,0.0922,0.0969,0.2622,0.2704,0.2784,0.0359,0.0391,0.0422,0.0752,0.0792,0.0832,0.0317,0.0346,0.0378,0.1682,0.1738,0.1795,0.1004,0.1067,0.1136,0.1811,0.1881,0.1953
2019-03-31,0.0867,0.0911,0.0954,0.2597,0.2675,0.2749,0.0379,0.0411,0.0442,0.0743,0.0781,0.0821,0.0328,0.0357,0.0389,0.1624,0.1675,0.1727,0.1106,0.1169,0.1234,0.1799,0.1861,0.1926
2019-04-07,0.0855,0.0894,0.0937,0.2598,0.2666,0.2733,0.0394,0.0423,0.0455,0.0743,0.0779,0.0819,0.0326,0.0351,0.0382,0.16,0.1646,0.169,0.1126,0.1178,0.1232,0.1835,0.1897,0.1956
2019-04-14,0.0844,0.0885,0.0931,0.2599,0.2675,0.2754,0.0394,0.0426,0.0458,0.0748,0.0789,0.0827,0.0326,0.0354,0.0386,0.1605,0.1659,0.1712,0.1099,0.1166,0.1233,0.1819,0.1883,0.1948
2019-04-21,0.0846,0.0895,0.0947,0.2574,0.2657,0.2747,0.0396,0.0431,0.0465,0.0754,0.0797,0.0845,0.0331,0.0364,0.0398,0.1608,0.1669,0.173,0.1076,0.115,0.1233,0.1797,0.1871,0.195
2019-04-28,0.0857,0.0906,0.0961,0.2537,0.2615,0.2704,0.0407,0.044,0.0477,0.0758,0.0803,0.0851,0.034,0.0374,0.041,0.1595,0.1653,0.1706,0.109,0.1154,0.1219,0.1815,0.1887,0.1959
2019-05-05,0.0851,0.0902,0.0951,0.2529,0.261,0.2698,0.0417,0.0446,0.0481,0.076,0.0803,0.0845,0.0339,0.037,0.0405,0.1575,0.163,0.1685,0.1124,0.1192,0.1268,0.1811,0.1883,0.1951
2019-05-12,0.0852,0.089,0.0931,0.2552,0.2617,0.268,0.0418,0.0449,0.048,0.0773,0.081,0.0845,0.034,0.0369,0.04,0.1586,0.1634,0.1682,0.1148,0.1204,0.1263,0.1807,0.1863,0.1918
2019-05-19,0.085,0.0892,0.0937,0.2542,0.2614,0.2691,0.0423,0.0453,0.0486,0.0785,0.0823,0.086,0.0341,0.037,0.0399,0.1621,0.1667,0.1716,0.1093,0.1154,0.1223,0.1802,0.1859,0.1923
2019-05-26,0.0848,0.089,0.0932,0.2551,0.262,0.2694,0.0429,0.046,0.0493,0.0805,0.0845,0.0887,0.0339,0.0366,0.0396,0.1687,0.1739,0.1792,0.0979,0.104,0.1098,0.182,0.1881,0.194
2019-06-02,0.0828,0.0871,0.0917,0.2554,0.2635,0.2717,0.0443,0.0477,0.0514,0.0819,0.0863,0.0908,0.0339,0.0371,0.0403,0.1748,0.1802,0.1864,0.0856,0.0913,0.0974,0.1836,0.1906,0.1975
2019-06-09,0.083,0.0866,0.0902,0.2559,0.2617,0.268,0.0452,0.0482,0.0514,0.0844,0.0882,0.0917,0.0345,0.0372,0.04,0.1787,0.1837,0.1885,0.0854,0.0899,0.0949,0.1826,0.1882,0.194
2019-06-16,0.0817,0.086,0.0903,0.2535,0.2615,0.2694,0.0456,0.0492,0.0528,0.0844,0.0888,0.093,0.035,0.0379,0.041,0.1814,0.1868,0.1926,0.0797,0.0847,0.0903,0.1828,0.1891,0.1959
2019-06-23,0.0805,0.0854,0.0905,0.2523,0.2617,0.2701,0.0463,0.0501,0.0545,0.0833,0.0883,0.0934,0.0353,0.0387,0.0422,0.1826,0.1891,0.196,0.0726,0.0784,0.0844,0.1849,0.1924,0.1998
2019-06-30,0.0802,0.0854,0.0904,0.2522,0.2616,0.2704,0.046,0.0501,0.0546,0.0821,0.0873,0.0922,0.0357,0.0392,0.0436,0.1808,0.1876,0.1942,0.0718,0.0775,0.0837,0.1878,0.1957,0.2038
2019-07-07,0.0795,0.0855,0.0919,0.2484,0.2613,0.2726,0.0449,0.0495,0.0543,0.0813,0.0871,0.0932,0.0353,0.0394,0.0439,0.179,0.187,0.1948,0.0715,0.079,0.0863,0.1855,0.1954,0.2056
2019-07-14,0.0787,0.0858,0.0924,0.2482,0.2609,0.2749,0.0436,0.0485,0.0537,0.0807,0.0868,0.0934,0.0348,0.0392,0.0443,0.1798,0.1881,0.1965,0.0705,0.0791,0.0881,0.1842,0.195,0.2065
2019-07-21,0.079,0.0859,0.093,0.2475,0.2614,0.275,0.0429,0.0476,0.0528,0.0809,0.0871,0.0935,0.0346,0.0388,0.0436,0.181,0.19,0.1988,0.0698,0.0783,0.0879,0.1833,0.1949,0.2073
2019-07-28,0.0794,0.086,0.0927,0.2493,0.2618,0.2747,0.0426,0.0469,0.0518,0.081,0.0871,0.0936,0.034,0.0384,0.0428,0.183,0.192,0.2003,0.0693,0.0772,0.0859,0.1833,0.1947,0.2063
2019-08-04,0.0808,0.0861,0.0918,0.2518,0.2618,0.2732,0.0423,0.0459,0.0501,0.0815,0.0873,0.0933,0.0342,0.0382,0.042,0.1863,0.1938,0.2014,0.0697,0.0763,0.0831,0.1852,0.1946,0.2035
2019-08-11,0.0817,0.0856,0.09,0.2554,0.2626,0.2699,0.0431,0.0464,0.0496,0.083,0.0871,0.0912,0.0351,0.0382,0.0414,0.1888,0.1943,0.1998,0.0732,0.078,0.0825,0.1859,0.1921,0.1985
2019-08-18,0.0813,0.086,0.0904,0.2531,0.2606,0.2683,0.0445,0.0479,0.0514,0.0816,0.0855,0.09,0.0367,0.0399,0.0432,0.1864,0.1923,0.1982,0.0715,0.0767,0.0814,0.1883,0.1953,0.2023
2019-08-25,0.0818,0.0865,0.0915,0.2489,0.2574,0.266,0.045,0.0487,0.0524,0.0798,0.0839,0.0879,0.038,0.0415,0.0448,0.1852,0.191,0.1971,0.0674,0.0725,0.0776,0.1958,0.2029,0.2105
2019-09-01,0.0821,0.0867,0.0914,0.2472,0.2549,0.2627,0.0447,0.0485,0.0521,0.0794,0.0833,0.0876,0.0378,0.0411,0.0445,0.186,0.192,0.1982,0.0651,0.0697,0.0748,0.2007,0.2078,0.216
2019-09-08,0.0819,0.0858,0.0898,0.2473,0.2539,0.2604,0.0454,0.0485,0.0519,0.0807,0.0845,0.0881,0.0377,0.0404,0.0433,0.1878,0.1932,0.1982,0.066,0.0699,0.0742,0.2024,0.2081,0.2141
2019-09-15,0.0814,0.0857,0.0897,0.2467,0.2545,0.2617,0.0444,0.0475,0.051,0.0803,0.084,0.0884,0.0368,0.0399,0.0431,0.1888,0.1945,0.2005,0.0643,0.0684,0.0734,0.2035,0.2098,0.2167
2019-09-22,0.082,0.0867,0.0915,0.2442,0.2523,0.2605,0.0431,0.0466,0.0502,0.0793,0.0834,0.0879,0.0357,0.0389,0.042,0.187,0.1935,0.1997,0.0599,0.0646,0.0694,0.2117,0.219,0.2263
2019-09-29,0.0822,0.0873,0.0922,0.2426,0.2506,0.2591,0.0431,0.0465,0.0502,0.079,0.0829,0.0875,0.0351,0.0383,0.0415,0.186,0.1916,0.1977,0.0592,0.0636,0.0687,0.2165,0.2233,0.2313
2019-10-06,0.0824,0.0871,0.0918,0.2418,0.2507,0.2596,0.0428,0.0467,0.0507,0.0786,0.083,0.0874,0.0347,0.0378,0.0411,0.1832,0.1898,0.1965,0.0601,0.0652,0.0703,0.2166,0.2245,0.2328
2019-10-13,0.084,0.0878,0.0917,0.2415,0.2478,0.254,0.044,0.047,0.0501,0.0801,0.0835,0.087,0.0347,0.0372,0.0398,0.1814,0.1865,0.1913,0.0623,0.0658,0.0695,0.2236,0.2292,0.2348
2019-10-20,0.0843,0.0888,0.0931,0.2409,0.2484,0.2564,0.0434,0.0468,0.05,0.0779,0.082,0.0857,0.0345,0.0373,0.0404,0.1786,0.1837,0.1894,0.0644,0.0686,0.0731,0.2221,0.229,0.2365
2019-10-27,0.0839,0.0889,0.094,0.2418,0.2517,0.2621,0.0421,0.0459,0.0497,0.0756,0.0802,0.0848,0.0338,0.037,0.0407,0.1762,0.1833,0.1905,0.0645,0.0701,0.0761,0.219,0.2272,0.2357
2019-11-03,0.0855,0.0901,0.0951,0.2399,0.2494,0.2596,0.0419,0.0458,0.0496,0.0752,0.0798,0.0846,0.0331,0.0365,0.04,0.1745,0.1817,0.189,0.0662,0.0717,0.0776,0.2205,0.2292,0.2381
2019-11-10,0.0888,0.093,0.097,0.2366,0.2427,0.2494,0.0428,0.0457,0.049,0.0767,0.0803,0.0839,0.0332,0.0358,0.0387,0.1731,0.1784,0.1832,0.07,0.0741,0.0786,0.2281,0.2346,0.2407
2019-11-17,0.0862,0.0903,0.0946,0.2384,0.2454,0.2527,0.0424,0.0454,0.0488,0.0773,0.0807,0.0847,0.0318,0.0347,0.0376,0.1725,0.1779,0.1831,0.0658,0.0701,0.0747,0.2334,0.2404,0.2479
2019-11-24,0.0845,0.089,0.094,0.2382,0.2462,0.2544,0.0421,0.0455,0.0491,0.0765,0.081,0.0852,0.0316,0.0346,0.038,0.1722,0.1781,0.1848,0.0599,0.0649,0.07,0.2372,0.2453,0.2544
2019-12-01,0.0856,0.0901,0.095,0.2364,0.2446,0.2532,0.0422,0.0456,0.0493,0.0764,0.0808,0.0853,0.0326,0.0356,0.039,0.1721,0.1783,0.1847,0.0565,0.0616,0.0661,0.2393,0.248,0.2577
2019-12-08,0.0884,0.0924,0.0966,0.2367,0.2427,0.2494,0.0426,0.0456,0.0486,0.0765,0.0804,0.0842,0.0339,0.0367,0.0398,0.1739,0.1788,0.1838,0.0562,0.0599,0.0636,0.2424,0.2487,0.2548
2019-12-15,0.0896,0.0943,0.0995,0.233,0.2404,0.2483,0.0421,0.0453,0.0486,0.0766,0.0806,0.0849,0.034,0.0369,0.0401,0.1732,0.1787,0.184,0.0555,0.0594,0.0639,0.242,0.2491,0.2567
2019-12-22,0.0892,0.0952,0.1014,0.2283,0.2396,0.2505,0.041,0.0446,0.0485,0.0764,0.0816,0.0869,0.0329,0.0362,0.0399,0.172,0.1793,0.1863,0.0542,0.0596,0.0651,0.2387,0.249,0.2596
2019-12-29,0.0902,0.096,0.1021,0.2283,0.2391,0.2508,0.0402,0.044,0.0483,0.0771,0.0824,0.0878,0.032,0.0357,0.0399,0.1725,0.1802,0.188,0.0538,0.0597,0.0657,0.2364,0.248,0.2587
2020-01-05,0.0914,0.0966,0.1026,0.2303,0.2391,0.248,0.0396,0.0435,0.0476,0.0786,0.0832,0.0882,0.0318,0.0353,0.0388,0.1746,0.1814,0.1888,0.0544,0.0599,0.0653,0.2371,0.2462,0.2556
2020-01-12,0.094,0.0988,0.1038,0.2298,0.2373,0.2446,0.0396,0.0431,0.0462,0.0796,0.0838,0.0881,0.0324,0.0355,0.0388,0.1767,0.1825,0.1884,0.0572,0.0615,0.066,0.2349,0.2425,0.2506
2020-01-19,0.0956,0.1,0.1048,0.2313,0.2378,0.245,0.0386,0.0417,0.0446,0.0796,0.0838,0.0881,0.0326,0.0353,0.0386,0.1774,0.1829,0.1888,0.0582,0.0628,0.0675,0.233,0.2406,0.2477
2020-01-26,0.0955,0.1006,0.1057,0.2327,0.2404,0.2485,0.0372,0.0404,0.0436,0.0785,0.083,0.0876,0.0323,0.0351,0.0382,0.1776,0.1835,0.1897,0.0578,0.0625,0.0674,0.2317,0.2397,0.2475
2020-02-02,0.0972,0.1024,0.1078,0.2319,0.2398,0.2486,0.0369,0.0402,0.0432,0.0771,0.0816,0.086,0.0327,0.0359,0.0391,0.1779,0.184,0.1899,0.0567,0.0613,0.0662,0.2316,0.2403,0.2484
2020-02-09,0.1022,0.1067,0.1113,0.2277,0.2345,0.241,0.0377,0.0403,0.0434,0.0771,0.0809,0.0846,0.0347,0.0377,0.0409,0.1799,0.1849,0.1897,0.0568,0.0607,0.0645,0.2329,0.2395,0.246
2020-02-16,0.1029,0.1082,0.1136,0.2252,0.2326,0.2401,0.0372,0.0403,0.0435,0.0771,0.0813,0.0854,0.0347,0.0378,0.0408,0.1794,0.1856,0.1917,0.0579,0.062,0.0665,0.2306,0.2373,0.2447
2020-02-23,0.1014,0.1072,0.1129,0.2272,0.2357,0.2441,0.0357,0.0389,0.0422,0.0781,0.0823,0.0871,0.033,0.036,0.0391,0.1819,0.1879,0.1947,0.0579,0.0629,0.0677,0.2261,0.2342,0.2425
2020-03-01,0.102,0.1065,0.1122,0.2309,0.239,0.2479,0.0351,0.0383,0.0413,0.0773,0.0818,0.0866,0.0333,0.0362,0.0398,0.1832,0.1889,0.1953,0.0599,0.0642,0.069,0.2218,0.2298,0.2374
2020-03-08,0.1028,0.1073,0.1126,0.2319,0.2386,0.2451,0.0357,0.0388,0.0416,0.0776,0.0816,0.0853,0.0343,0.0373,0.0402,0.183,0.1884,0.194,0.0613,0.0652,0.0699,0.2214,0.2277,0.2338
2020-03-15,0.0996,0.1045,0.1094,0.2408,0.2477,0.2551,0.0355,0.0386,0.0416,0.0757,0.0796,0.0835,0.0342,0.0371,0.0402,0.1847,0.1903,0.1958,0.0596,0.0639,0.0689,0.2161,0.2234,0.2304
2020-03-22,0.094,0.0991,0.1043,0.2532,0.262,0.2707,0.0346,0.0378,0.0411,0.0739,0.0778,0.0821,0.0324,0.0356,0.0389,0.187,0.1931,0.1997,0.0571,0.0622,0.0675,0.2099,0.2174,0.2259
2020-03-29,0.0884,0.0934,0.0986,0.269,0.2781,0.2879,0.0334,0.0366,0.0399,0.0718,0.0761,0.0807,0.031,0.0339,0.0368,0.1894,0.1956,0.202,0.0558,0.0609,0.0655,0.203,0.2109,0.2198
2020-04-05,0.0853,0.0894,0.0939,0.2892,0.2963,0.303,0.032,0.0346,0.0375,0.0686,0.0723,0.076,0.0304,0.0331,0.0359,0.1931,0.1986,0.204,0.0551,0.0589,0.0629,0.1964,0.2025,0.2091
2020-04-12,0.0833,0.0881,0.0926,0.2928,0.3021,0.3113,0.0314,0.0343,0.0374,0.0672,0.0711,0.075,0.0296,0.0325,0.0356,0.1924,0.1988,0.2044,0.0539,0.0583,0.0628,0.1938,0.201,0.2079
2020-04-19,0.0822,0.0868,0.0923,0.293,0.3025,0.3123,0.0317,0.0348,0.0381,0.0674,0.0716,0.0756,0.0295,0.0323,0.0353,0.1911,0.1973,0.204,0.053,0.0577,0.0626,0.1946,0.2027,0.2107
2020-04-26,0.0806,0.0857,0.0907,0.2963,0.3062,0.3171,0.0318,0.0349,0.0382,0.0672,0.0713,0.0761,0.0292,0.032,0.0351,0.1915,0.1985,0.2049,0.0525,0.0573,0.0622,0.1916,0.1998,0.2085
2020-05-03,0.0794,0.084,0.0886,0.3056,0.3144,0.3238,0.0311,0.034,0.0371,0.0667,0.0706,0.0747,0.0283,0.0311,0.034,0.1946,0.2014,0.2079,0.053,0.0575,0.0625,0.1855,0.193,0.2007
2020-05-10,0.0806,0.0845,0.0884,0.307,0.3144,0.3213,0.0318,0.0345,0.0377,0.0666,0.0703,0.0738,0.0286,0.031,0.0337,0.195,0.2002,0.2055,0.055,0.0588,0.0624,0.1862,0.1921,0.1978
2020-05-17,0.081,0.0854,0.0899,0.3049,0.3129,0.3208,0.032,0.0346,0.0374,0.0662,0.0701,0.0737,0.0283,0.0309,0.0336,0.1955,0.2008,0.2065,0.0557,0.0597,0.0639,0.1849,0.1914,0.1976
2020-05-24,0.0813,0.0859,0.0907,0.3021,0.3107,0.3199,0.0312,0.034,0.0371,0.0667,0.0703,0.0743,0.0278,0.0303,0.0333,0.1979,0.2034,0.2101,0.0552,0.0597,0.0642,0.1837,0.191,0.1979
2020-05-31,0.0832,0.0879,0.0929,0.2966,0.3052,0.3134,0.0308,0.0336,0.0367,0.0675,0.0713,0.0752,0.0276,0.0301,0.0328,0.1989,0.2052,0.2116,0.0554,0.0604,0.065,0.1848,0.1921,0.1996
2020-06-07,0.0857,0.0898,0.0938,0.2955,0.3025,0.3087,0.0305,0.0331,0.0357,0.0674,0.0707,0.0739,0.0281,0.0305,0.033,0.1988,0.2044,0.2098,0.0587,0.0627,0.0666,0.1866,0.1924,0.1985
2020-06-14,0.0842,0.0884,0.0932,0.2953,0.303,0.3112,0.0305,0.0332,0.0359,0.0671,0.0708,0.0746,0.0281,0.0307,0.0335,0.1987,0.2048,0.2109,0.0575,0.0619,0.0665,0.1862,0.1926,0.1995
2020-06-21,0.0813,0.0867,0.0925,0.2906,0.3025,0.314,0.0303,0.0336,0.0368,0.0669,0.0715,0.0763,0.0276,0.0306,0.0338,0.1995,0.2074,0.2156,0.054,0.0594,0.0647,0.1844,0.1938,0.2033
2020-06-28,0.08,0.0857,0.0924,0.2872,0.2997,0.3128,0.0306,0.0343,0.0382,0.0674,0.0726,0.0774,0.0274,0.0307,0.0343,0.2001,0.2088,0.2178,0.0515,0.0575,0.0635,0.1858,0.1963,0.2071
2020-07-05,0.0794,0.0848,0.0906,0.2858,0.2967,0.3072,0.0314,0.0351,0.039,0.0683,0.0732,0.0786,0.0275,0.0308,0.0343,0.202,0.2102,0.2181,0.0507,0.0558,0.0613,0.1903,0.1989,0.2083
2020-07-12,0.0789,0.0847,0.0906,0.2823,0.2933,0.3047,0.0319,0.0355,0.0395,0.0687,0.0739,0.0794,0.0276,0.0308,0.0342,0.2036,0.2115,0.2194,0.0498,0.0548,0.0604,0.1916,0.2012,0.2114
2020-07-19,0.0785,0.0847,0.0912,0.2799,0.2921,0.3044,0.0313,0.0351,0.039,0.0689,0.0743,0.0796,0.0273,0.0308,0.0349,0.2042,0.2132,0.2219,0.0493,0.0548,0.0604,0.1908,0.2008,0.212
2020-07-26,0.0788,0.0843,0.0909,0.2795,0.2912,0.3026,0.0308,0.0346,0.0382,0.0695,0.0744,0.0796,0.0272,0.0308,0.0349,0.2064,0.2148,0.2242,0.0495,0.0547,0.0604,0.1908,0.2005,0.2109
2020-08-02,0.0783,0.0837,0.089,0.2795,0.2901,0.3001,0.0311,0.0346,0.038,0.0699,0.075,0.0796,0.0279,0.0309,0.0344,0.2084,0.2157,0.2238,0.0497,0.0545,0.0597,0.193,0.2012,0.2106
2020-08-09,0.0799,0.0852,0.0904,0.277,0.2869,0.2958,0.0316,0.0347,0.0382,0.0704,0.0749,0.0794,0.0286,0.0314,0.0347,0.2088,0.2158,0.2232,0.0512,0.056,0.0607,0.1921,0.2011,0.2097
2020-08-16,0.0834,0.0878,0.0924,0.274,0.2808,0.2881,0.0323,0.0352,0.0381,0.071,0.0751,0.0789,0.0296,0.0325,0.0355,0.2091,0.2148,0.2209,0.0542,0.0583,0.062,0.1951,0.2011,0.2072
2020-08-23,0.0834,0.0879,0.0928,0.2724,0.2798,0.2874,0.0328,0.0355,0.0386,0.0711,0.0751,0.079,0.0293,0.0322,0.0349,0.2096,0.2159,0.2222,0.0531,0.0572,0.0613,0.1953,0.2021,0.2092
2020-08-30,0.0823,0.0872,0.0919,0.2703,0.2788,0.2864,0.0326,0.0358,0.039,0.0723,0.0763,0.0808,0.0285,0.0313,0.0343,0.2115,0.2178,0.2247,0.0507,0.0547,0.0592,0.1967,0.204,0.212
2020-09-06,0.0823,0.0873,0.0922,0.2678,0.2771,0.2863,0.0336,0.0364,0.0398,0.0731,0.0772,0.0819,0.0286,0.0313,0.0343,0.2109,0.2179,0.2251,0.0509,0.0555,0.0602,0.1953,0.2029,0.2109
2020-09-13,0.0831,0.0877,0.0918,0.2688,0.2759,0.2836,0.0342,0.0373,0.0404,0.0737,0.078,0.0822,0.0288,0.0316,0.0343,0.2111,0.2171,0.2238,0.0529,0.057,0.0613,0.1939,0.2008,0.208
2020-09-20,0.084,0.0878,0.0924,0.2685,0.276,0.2839,0.0353,0.0382,0.0415,0.0741,0.078,0.0824,0.0289,0.0316,0.0343,0.2103,0.2168,0.223,0.0536,0.0575,0.0619,0.1922,0.1993,0.2059
2020-09-27,0.085,0.0903,0.0957,0.2613,0.2719,0.2817,0.0356,0.0391,0.0428,0.0743,0.0787,0.0835,0.0285,0.0315,0.0345,0.2093,0.2163,0.2236,0.0526,0.0578,0.063,0.1918,0.1999,0.2075
2020-10-04,0.0881,0.0933,0.0985,0.2587,0.2676,0.2767,0.036,0.0391,0.0427,0.0746,0.0791,0.0834,0.0278,0.0311,0.0341,0.2097,0.2164,0.2233,0.0534,0.0577,0.0625,0.1932,0.2011,0.2087
2020-10-11,0.0916,0.0956,0.0999,0.2581,0.265,0.2718,0.0361,0.0391,0.0421,0.0751,0.0787,0.0825,0.0278,0.0302,0.033,0.2113,0.217,0.2228,0.053,0.0567,0.0607,0.1969,0.2033,0.2094
2020-10-18,0.0926,0.0967,0.1014,0.2575,0.2647,0.2719,0.0355,0.0385,0.0414,0.0754,0.0792,0.0835,0.0266,0.0292,0.0318,0.213,0.2189,0.2249,0.0516,0.0552,0.0593,0.1966,0.2036,0.21
2020-10-25,0.0933,0.0982,0.1038,0.2554,0.2642,0.2726,0.0343,0.0372,0.0404,0.0754,0.0796,0.0837,0.0258,0.0284,0.0311,0.2159,0.2223,0.2289,0.0504,0.0547,0.0596,0.1933,0.2012,0.2087
2020-11-01,0.094,0.0987,0.1041,0.2576,0.2655,0.2737,0.0337,0.0366,0.0396,0.0745,0.0789,0.0831,0.0256,0.0281,0.0309,0.2169,0.2232,0.2302,0.0505,0.0545,0.0589,0.1931,0.2002,0.2072
2020-11-08,0.0938,0.098,0.1022,0.2619,0.2688,0.2756,0.0341,0.037,0.0398,0.0739,0.0776,0.0814,0.026,0.0283,0.0307,0.2175,0.2228,0.2281,0.0501,0.0538,0.0578,0.1937,0.1996,0.2056
2020-11-15,0.0927,0.0969,0.1016,0.2651,0.2721,0.2797,0.0338,0.0366,0.0394,0.0736,0.0771,0.0811,0.0256,0.028,0.0306,0.2178,0.2237,0.2296,0.0492,0.0529,0.0571,0.1925,0.1987,0.2055
2020-11-22,0.0919,0.0961,0.1009,0.268,0.2758,0.2835,0.0328,0.0357,0.0388,0.073,0.0772,0.0809,0.0247,0.0272,0.03,0.2214,0.2273,0.2331,0.0478,0.0517,0.0559,0.1885,0.1951,0.2021
2020-11-29,0.0925,0.0965,0.1011,0.2697,0.2772,0.2844,0.0322,0.0352,0.0382,0.0731,0.0768,0.0804,0.0244,0.0267,0.0291,0.2242,0.2301,0.2362,0.0471,0.0509,0.0547,0.1873,0.1932,0.1993
2020-12-06,0.0932,0.0976,0.1022,0.2685,0.2756,0.2824,0.0323,0.0351,0.0381,0.0724,0.0765,0.0803,0.024,0.0263,0.029,0.2261,0.2317,0.2376,0.0464,0.0498,0.0534,0.1875,0.1938,0.2
2020-12-13,0.0918,0.0973,0.1028,0.2664,0.2751,0.2845,0.032,0.0353,0.0389,0.0721,0.0766,0.0809,0.0235,0.0262,0.029,0.2257,0.2328,0.2398,0.0438,0.0479,0.0522,0.1875,0.1954,0.2033
2020-12-20,0.0903,0.0962,0.1026,0.2653,0.2756,0.2872,0.0321,0.0356,0.0392,0.0723,0.0773,0.0822,0.0233,0.0261,0.0291,0.2246,0.2329,0.2415,0.0424,0.0475,0.0522,0.1863,0.195,0.2041
2020-12-27,0.0899,0.096,0.1026,0.2635,0.2748,0.286,0.0323,0.0359,0.0395,0.0729,0.0784,0.0836,0.0231,0.0262,0.0292,0.2247,0.233,0.2416,0.0423,0.0473,0.0523,0.1853,0.1951,0.2048
2021-01-03,0.091,0.0973,0.1029,0.2607,0.2708,0.2814,0.0331,0.0364,0.0403,0.0746,0.0796,0.0847,0.0235,0.0263,0.0294,0.2249,0.2336,0.2417,0.0426,0.0472,0.0523,0.1854,0.1953,0.2052
2021-01-10,0.0917,0.0971,0.1029,0.2616,0.2709,0.2805,0.0332,0.0363,0.0398,0.0755,0.08,0.0847,0.0238,0.0265,0.0294,0.2271,0.2348,0.2424,0.0429,0.047,0.0522,0.1857,0.1935,0.202
2021-01-17,0.0918,0.0964,0.101,0.2676,0.2748,0.2825,0.0327,0.0354,0.0384,0.0754,0.0794,0.0832,0.0243,0.0267,0.0294,0.2313,0.2373,0.2433,0.0432,0.0466,0.05,0.1836,0.19,0.1964
2021-01-24,0.0912,0.096,0.101,0.2683,0.2766,0.285,0.0321,0.0349,0.0378,0.0751,0.0792,0.083,0.0241,0.0266,0.0292,0.232,0.2385,0.245,0.0426,0.0461,0.0497,0.1821,0.1886,0.1958
2021-01-31,0.0912,0.0961,0.1012,0.2677,0.2757,0.2843,0.0317,0.0346,0.0374,0.0751,0.0793,0.0833,0.0239,0.0264,0.0288,0.2331,0.2395,0.2458,0.0419,0.0456,0.0496,0.1826,0.1893,0.1964
2021-02-07,0.0908,0.0948,0.0994,0.2691,0.2758,0.2835,0.0314,0.0341,0.0369,0.0763,0.0803,0.084,0.0234,0.0259,0.0282,0.2387,0.2446,0.251,0.0394,0.0426,0.0456,0.1827,0.1888,0.1949
2021-02-14,0.0878,0.0924,0.0974,0.2699,0.2777,0.286,0.0315,0.0344,0.0374,0.0773,0.0815,0.0855,0.0234,0.0257,0.0284,0.2399,0.2465,0.2533,0.0385,0.0417,0.0451,0.1801,0.1867,0.1933
2021-02-21,0.0864,0.0914,0.0963,0.2686,0.2784,0.2877,0.0319,0.035,0.0382,0.0785,0.0828,0.0875,0.0235,0.0259,0.0286,0.24,0.2466,0.2538,0.0387,0.0424,0.0462,0.1761,0.1841,0.1911
2021-02-28,0.0876,0.0923,0.0973,0.2679,0.276,0.284,0.0325,0.0354,0.0385,0.0798,0.084,0.0885,0.0236,0.0262,0.0289,0.2387,0.2458,0.253,0.0395,0.0431,0.0472,0.1765,0.1836,0.1905
2021-03-07,0.0882,0.0925,0.0965,0.2671,0.2739,0.2803,0.0334,0.0363,0.0393,0.0811,0.0851,0.0892,0.0238,0.0263,0.0287,0.238,0.244,0.2497,0.039,0.0421,0.0453,0.1806,0.1866,0.1926
2021-03-14,0.0868,0.0916,0.0965,0.2663,0.2748,0.283,0.0339,0.037,0.0401,0.0809,0.0851,0.0895,0.0239,0.0264,0.0292,0.2346,0.2409,0.2467,0.0381,0.0412,0.0448,0.1833,0.1897,0.1967
2021-03-21,0.0853,0.0906,0.0964,0.2668,0.2768,0.2866,0.0337,0.0371,0.0404,0.0797,0.0846,0.0894,0.024,0.0268,0.0299,0.2301,0.2377,0.2455,0.0378,0.0417,0.0456,0.1833,0.191,0.2
2021-03-28,0.0843,0.0897,0.0951,0.2678,0.2786,0.2892,0.0339,0.0374,0.041,0.0795,0.0845,0.0899,0.0244,0.0272,0.0304,0.2272,0.2357,0.2435,0.0386,0.0427,0.047,0.1829,0.1906,0.1997
2021-04-04,0.0841,0.0891,0.0945,0.2691,0.2782,0.2865,0.0345,0.0375,0.0409,0.0805,0.0851,0.0903,0.0248,0.0275,0.0305,0.2263,0.2336,0.241,0.0399,0.0438,0.048,0.1841,0.191,0.1993
2021-04-11,0.0843,0.0888,0.0931,0.2707,0.2777,0.2856,0.035,0.0379,0.0409,0.0823,0.0863,0.0904,0.0248,0.0274,0.0302,0.2257,0.2317,0.2375,0.0413,0.0449,0.0483,0.1854,0.1917,0.1977
2021-04-18,0.0842,0.0887,0.0932,0.2688,0.2767,0.2848,0.0348,0.0377,0.0408,0.0835,0.0876,0.0916,0.0243,0.0268,0.0294,0.2258,0.2318,0.2388,0.0421,0.0458,0.0498,0.1839,0.1912,0.1979
2021-04-25,0.0832,0.0881,0.0931,0.2669,0.2756,0.284,0.0343,0.0375,0.0409,0.084,0.0888,0.0932,0.0237,0.0265,0.0291,0.226,0.2328,0.2402,0.0427,0.0466,0.0508,0.1825,0.1903,0.1985
2021-05-02,0.082,0.0867,0.0921,0.2652,0.2744,0.2834,0.0341,0.0375,0.0408,0.0862,0.0912,0.0957,0.0233,0.0259,0.0285,0.2265,0.2333,0.2399,0.0425,0.0466,0.051,0.1834,0.1908,0.1984
2021-05-09,0.0846,0.0885,0.0924,0.2655,0.2723,0.2787,0.0339,0.0367,0.0396,0.0876,0.0914,0.0955,0.0231,0.0254,0.0277,0.2277,0.2334,0.2392,0.0441,0.0476,0.051,0.185,0.1912,0.1975
2021-05-16,0.0855,0.09,0.0945,0.2629,0.2707,0.2784,0.0333,0.036,0.0389,0.087,0.091,0.0954,0.0225,0.025,0.0274,0.227,0.233,0.2388,0.0445,0.0479,0.0517,0.1861,0.1928,0.1995
2021-05-23,0.0856,0.0907,0.0952,0.2621,0.2702,0.2782,0.0328,0.0355,0.0387,0.0866,0.0909,0.0954,0.0221,0.0247,0.0271,0.2258,0.2328,0.2396,0.0444,0.0483,0.0527,0.1864,0.1934,0.2008
2021-05-30,0.087,0.0919,0.0967,0.2579,0.2669,0.2757,0.0318,0.0347,0.038,0.087,0.092,0.0972,0.0215,0.024,0.0268,0.2268,0.2336,0.241,0.0446,0.0488,0.0531,0.1872,0.1943,0.2019
2021-06-06,0.0881,0.0933,0.0988,0.2547,0.2635,0.2734,0.0305,0.0336,0.0369,0.0882,0.0932,0.0985,0.0205,0.0229,0.0257,0.2272,0.2348,0.2425,0.0441,0.0486,0.0532,0.1885,0.1962,0.2045
2021-06-13,0.0905,0.095,0.0996,0.2533,0.2614,0.2692,0.0293,0.0322,0.035,0.0895,0.0939,0.0987,0.0194,0.0216,0.024,0.2299,0.2359,0.2426,0.044,0.0479,0.0517,0.1922,0.1989,0.2056
2021-06-20,0.0937,0.0986,0.1037,0.2512,0.2595,0.2677,0.0289,0.0318,0.0345,0.0874,0.0922,0.0972,0.0194,0.0219,0.0242,0.2277,0.2346,0.2407,0.0454,0.0491,0.0533,0.1923,0.1993,0.2063
2021-06-27,0.0972,0.1026,0.1082,0.2508,0.2587,0.2664,0.0294,0.0324,0.0355,0.0838,0.0884,0.0933,0.0205,0.0233,0.0261,0.2236,0.2307,0.2379,0.0469,0.0512,0.0555,0.1918,0.1993,0.2065
2021-07-04,0.0965,0.1021,0.1082,0.2517,0.2609,0.2701,0.0301,0.0332,0.0366,0.0827,0.0877,0.0928,0.0209,0.024,0.0269,0.2212,0.229,0.2373,0.0469,0.0518,0.0569,0.1891,0.1975,0.2059
2021-07-11,0.0976,0.1039,0.1112,0.2489,0.259,0.2695,0.0301,0.0337,0.0373,0.0816,0.0871,0.0927,0.0207,0.0238,0.0269,0.2203,0.2286,0.2378,0.0452,0.0503,0.0564,0.1902,0.1996,0.2092
2021-07-18,0.1005,0.107,0.1149,0.2432,0.2542,0.2661,0.0302,0.0339,0.0382,0.0809,0.0865,0.093,0.0204,0.0233,0.0268,0.2193,0.2284,0.2377,0.0432,0.0484,0.0545,0.1935,0.2038,0.2143
2021-07-25,0.1036,0.1107,0.1178,0.2405,0.25,0.2599,0.0305,0.0342,0.038,0.0807,0.0862,0.0917,0.0201,0.023,0.0258,0.2203,0.2284,0.2364,0.0418,0.0467,0.0513,0.1989,0.208,0.218
2021-08-01,0.102,0.1091,0.1166,0.2421,0.2528,0.2633,0.031,0.0344,0.0383,0.0805,0.0858,0.0913,0.0198,0.0226,0.0258,0.2223,0.2306,0.2391,0.041,0.0457,0.0508,0.1954,0.2058,0.2154
2021-08-08,0.1018,0.1071,0.1129,0.2474,0.2562,0.2655,0.0315,0.0349,0.0383,0.0804,0.0854,0.09,0.02,0.0226,0.0252,0.2257,0.2331,0.24,0.041,0.045,0.0492,0.1949,0.2024,0.2101
2021-08-15,0.1036,0.1086,0.1136,0.2452,0.2526,0.2597,0.0332,0.0363,0.0395,0.0809,0.085,0.0895,0.0207,0.0231,0.0257,0.2262,0.2326,0.2395,0.0407,0.0441,0.0476,0.1975,0.2045,0.2109
2021-08-22,0.1007,0.1055,0.1108,0.2497,0.2577,0.266,0.0334,0.0364,0.0399,0.0799,0.0842,0.0888,0.0208,0.0233,0.0258,0.226,0.2331,0.24,0.0399,0.0436,0.0474,0.1952,0.2029,0.2108
2021-08-29,0.0955,0.1015,0.1074,0.2561,0.2655,0.2754,0.0327,0.036,0.0398,0.0789,0.0836,0.0886,0.0207,0.0232,0.0258,0.2263,0.2336,0.2413,0.0396,0.0436,0.0476,0.1914,0.1999,0.2081
2021-09-05,0.0933,0.0984,0.1042,0.2605,0.2705,0.2796,0.0322,0.0354,0.0391,0.0787,0.0835,0.0884,0.0208,0.0232,0.0258,0.2264,0.2336,0.2408,0.0399,0.0439,0.0478,0.1902,0.1985,0.2072
2021-09-12,0.0947,0.0993,0.1039,0.2608,0.2678,0.2748,0.0328,0.036,0.0388,0.08,0.084,0.088,0.0215,0.0238,0.0262,0.2281,0.234,0.2397,0.0402,0.0437,0.0469,0.1925,0.199,0.2048
2021-09-19,0.0951,0.0997,0.1046,0.2581,0.2667,0.2747,0.0325,0.0357,0.0389,0.0791,0.0832,0.0875,0.0214,0.0242,0.0269,0.2288,0.235,0.2419,0.0391,0.0427,0.0461,0.1925,0.1999,0.2072
2021-09-26,0.0931,0.0989,0.1043,0.2596,0.2692,0.2792,0.0313,0.0348,0.0382,0.0773,0.0817,0.0863,0.0215,0.0241,0.0267,0.2281,0.2356,0.2429,0.0384,0.0423,0.0464,0.1921,0.2002,0.2086
2021-10-03,0.0919,0.0975,0.1028,0.2645,0.2733,0.2829,0.031,0.0341,0.0374,0.0759,0.0804,0.0851,0.0215,0.0241,0.0267,0.2279,0.2354,0.2425,0.0393,0.043,0.0471,0.191,0.1991,0.2065
2021-10-10,0.0946,0.0989,0.1039,0.2644,0.2722,0.2797,0.0313,0.0341,0.037,0.0757,0.0794,0.0834,0.0218,0.0243,0.0269,0.229,0.2355,0.2416,0.0397,0.0433,0.0469,0.1923,0.1992,0.206
2021-10-17,0.096,0.1005,0.1056,0.2603,0.2682,0.2757,0.0321,0.0349,0.038,0.0755,0.0794,0.0836,0.0223,0.0248,0.0276,0.2287,0.2354,0.2418,0.039,0.0423,0.0458,0.195,0.2011,0.2081
2021-10-24,0.0951,0.1008,0.1062,0.2589,0.2683,0.277,0.0321,0.035,0.0384,0.0742,0.0788,0.0834,0.0223,0.0251,0.0278,0.2281,0.2356,0.2431,0.0388,0.0425,0.0467,0.1926,0.2006,0.2086
2021-10-31,0.0921,0.0979,0.1044,0.2633,0.2737,0.2837,0.0311,0.0343,0.038,0.0741,0.0789,0.0839,0.0217,0.0245,0.0275,0.2282,0.2362,0.2444,0.0384,0.0426,0.0471,0.1897,0.1987,0.2071
2021-11-07,0.0884,0.0938,0.0995,0.2721,0.2821,0.2914,0.0302,0.0333,0.0367,0.0743,0.079,0.0837,0.0212,0.0236,0.0265,0.2281,0.2354,0.2437,0.0389,0.0429,0.0473,0.1883,0.1965,0.205
2021-11-14,0.0875,0.0917,0.0962,0.2809,0.2882,0.2956,0.0296,0.0324,0.0354,0.0742,0.0781,0.0822,0.0206,0.023,0.0253,0.2263,0.2322,0.238,0.0401,0.0436,0.0469,0.1918,0.1979,0.2045
2021-11-21,0.0883,0.0929,0.097,0.2825,0.2906,0.2995,0.0292,0.0319,0.0349,0.0724,0.0766,0.0808,0.0208,0.0232,0.0257,0.2234,0.229,0.2355,0.0417,0.0452,0.0489,0.1908,0.1973,0.2047
2021-11-28,0.0867,0.092,0.0976,0.2888,0.2988,0.3085,0.028,0.0309,0.0344,0.0692,0.0737,0.0781,0.0207,0.0234,0.0262,0.2204,0.2277,0.2348,0.0421,0.0466,0.0512,0.1853,0.1938,0.2021
2021-12-05,0.085,0.0901,0.0954,0.2985,0.3076,0.3174,0.0268,0.0298,0.0327,0.0671,0.0711,0.0753,0.0204,0.023,0.0257,0.2186,0.2255,0.2333,0.0431,0.0472,0.052,0.1839,0.192,0.2002
2021-12-12,0.0856,0.0901,0.0948,0.3039,0.312,0.3193,0.0262,0.0291,0.0319,0.065,0.0687,0.0728,0.0205,0.0231,0.0257,0.2158,0.2216,0.2279,0.0438,0.0473,0.0513,0.1883,0.1949,0.201
2021-12-19,0.0858,0.0909,0.096,0.3039,0.3125,0.3221,0.026,0.0288,0.0318,0.0637,0.0677,0.0717,0.0209,0.0235,0.0262,0.2127,0.2196,0.2267,0.0436,0.0478,0.0517,0.1886,0.1959,0.2042
2021-12-26,0.0852,0.0916,0.0977,0.3012,0.313,0.3243,0.0252,0.0284,0.0315,0.0628,0.0671,0.0719,0.0209,0.0238,0.0271,0.2125,0.2206,0.2283,0.0433,0.048,0.0532,0.1852,0.1942,0.2035
2022-01-02,0.0857,0.0917,0.0979,0.3027,0.3135,0.3247,0.025,0.028,0.0312,0.0624,0.0667,0.0716,0.0215,0.0242,0.0276,0.2152,0.2233,0.2309,0.0432,0.0477,0.0526,0.1831,0.1913,0.1998
2022-01-09,0.0854,0.0915,0.0971,0.3023,0.3129,0.3236,0.0247,0.0277,0.0309,0.0626,0.0669,0.0713,0.0216,0.0244,0.0275,0.2182,0.2252,0.2325,0.0424,0.0465,0.0512,0.1835,0.1918,0.2005
2022-01-16,0.0856,0.0901,0.0948,0.3075,0.3152,0.3231,0.0245,0.0272,0.0299,0.0625,0.0663,0.0702,0.0218,0.0242,0.027,0.2216,0.2278,0.2338,0.0412,0.0445,0.0484,0.1846,0.1915,0.1988
2022-01-23,0.085,0.0897,0.0945,0.3065,0.3157,0.3244,0.0245,0.0273,0.0301,0.0622,0.0664,0.0702,0.0217,0.0243,0.0272,0.2214,0.2282,0.2353,0.0416,0.0454,0.0494,0.1831,0.1904,0.1974
2022-01-30,0.0847,0.0896,0.0952,0.3045,0.3142,0.3236,0.0246,0.0276,0.0306,0.0625,0.0668,0.0708,0.0215,0.0242,0.027,0.221,0.2282,0.2353,0.0429,0.0471,0.0517,0.1816,0.1895,0.1972
2022-02-06,0.0862,0.0915,0.0968,0.301,0.3107,0.3211,0.0245,0.0274,0.0304,0.0626,0.0665,0.0706,0.0211,0.0236,0.0266,0.2208,0.228,0.2358,0.0433,0.0475,0.0517,0.1844,0.1919,0.1993
2022-02-13,0.0881,0.0923,0.0971,0.3002,0.3074,0.3151,0.0246,0.0275,0.0302,0.0631,0.0667,0.0704,0.0205,0.023,0.0255,0.2214,0.2276,0.2339,0.0439,0.0475,0.0512,0.1885,0.1949,0.2012
2022-02-20,0.0841,0.0888,0.094,0.3052,0.3145,0.3238,0.0238,0.0267,0.0296,0.0626,0.0664,0.0702,0.0198,0.0221,0.0247,0.2226,0.2288,0.2352,0.0441,0.0478,0.0517,0.1844,0.1919,0.1993
2022-02-27,0.0794,0.0843,0.0893,0.3146,0.3257,0.3369,0.0227,0.0257,0.0287,0.0608,0.0654,0.0697,0.0189,0.0213,0.0239,0.2221,0.2299,0.2376,0.044,0.0486,0.0535,0.1762,0.1862,0.1946
2022-03-06,0.0767,0.0816,0.0862,0.3225,0.3322,0.3417,0.0223,0.025,0.0277,0.0608,0.0651,0.0691,0.0185,0.0208,0.0235,0.2246,0.2317,0.2395,0.0453,0.0496,0.0543,0.1733,0.181,0.1886
2022-03-13,0.076,0.0798,0.0836,0.3261,0.3339,0.3419,0.0218,0.0244,0.0269,0.0616,0.0653,0.069,0.0177,0.0201,0.0224,0.2269,0.2328,0.2396,0.044,0.0475,0.0513,0.1771,0.1835,0.1899
2022-03-20,0.0739,0.0783,0.0826,0.3267,0.3355,0.3458,0.0216,0.0243,0.0271,0.0616,0.0652,0.069,0.0177,0.02,0.0223,0.2265,0.2329,0.2401,0.0438,0.0475,0.0515,0.1758,0.1834,0.1907
2022-03-27,0.0736,0.0779,0.0825,0.3275,0.337,0.3468,0.0219,0.0248,0.0278,0.0606,0.0644,0.0686,0.0182,0.0206,0.0231,0.2256,0.2326,0.2396,0.0446,0.0487,0.0537,0.1733,0.181,0.1889
2022-04-03,0.0739,0.0783,0.0832,0.3262,0.3363,0.3462,0.0222,0.0252,0.0281,0.0601,0.0645,0.0687,0.0186,0.0214,0.0242,0.2256,0.2333,0.2407,0.0446,0.0493,0.0537,0.1714,0.1793,0.1868
2022-04-10,0.074,0.0786,0.0832,0.3271,0.3367,0.3468,0.0223,0.025,0.0278,0.06,0.0641,0.0683,0.019,0.0217,0.0242,0.2264,0.2333,0.2403,0.0448,0.0493,0.0536,0.1708,0.1785,0.1864
2022-04-17,0.0747,0.0787,0.0827,0.3271,0.3348,0.3426,0.0222,0.0248,0.0273,0.0606,0.0644,0.0683,0.0197,0.0219,0.0243,0.2281,0.2341,0.2398,0.0444,0.0478,0.0516,0.1741,0.1809,0.1869
2022-04-24,0.0755,0.0795,0.0833,0.3223,0.3301,0.3386,0.0226,0.0253,0.0278,0.0605,0.0641,0.068,0.0212,0.0235,0.0262,0.2281,0.2344,0.2409,0.045,0.0491,0.053,0.1736,0.1809,0.1878
2022-05-01,0.0743,0.0786,0.0832,0.3222,0.331,0.3402,0.0229,0.0255,0.0283,0.0591,0.0629,0.0668,0.0228,0.0256,0.0285,0.226,0.2333,0.2408,0.0466,0.051,0.0559,0.1707,0.1786,0.186
2022-05-08,0.0739,0.0778,0.082,0.3256,0.3334,0.3406,0.0228,0.0255,0.0282,0.0574,0.061,0.0645,0.0247,0.0273,0.03,0.2255,0.2314,0.238,0.0474,0.0514,0.0553,0.1723,0.1788,0.1853
2022-05-15,0.0744,0.0786,0.0831,0.3228,0.3318,0.3405,0.0233,0.0257,0.0286,0.0558,0.0596,0.0631,0.0262,0.0291,0.0318,0.2247,0.2314,0.2381,0.0479,0.052,0.056,0.1718,0.1783,0.1854
2022-05-22,0.0741,0.079,0.0839,0.3204,0.3297,0.3391,0.0239,0.0268,0.0298,0.0549,0.0588,0.0629,0.028,0.031,0.0342,0.2229,0.2301,0.2371,0.0491,0.054,0.0588,0.1695,0.1767,0.1842
2022-05-29,0.0741,0.0793,0.0848,0.3165,0.3274,0.3382,0.0249,0.028,0.0313,0.0541,0.0583,0.0626,0.0302,0.0335,0.0371,0.2189,0.2268,0.2346,0.0508,0.0557,0.0611,0.1681,0.1762,0.1846
2022-06-05,0.073,0.0779,0.0832,0.3207,0.3301,0.3404,0.026,0.029,0.0322,0.0534,0.0572,0.0612,0.0329,0.036,0.0395,0.2169,0.2239,0.2313,0.0514,0.0561,0.0611,0.1673,0.175,0.1828
2022-06-12,0.0712,0.075,0.0794,0.331,0.3384,0.3457,0.0268,0.0296,0.0323,0.0521,0.0555,0.0593,0.0349,0.0379,0.0413,0.2133,0.2191,0.2248,0.0533,0.057,0.0609,0.1674,0.1732,0.1796
2022-06-19,0.0718,0.0762,0.0804,0.3253,0.3335,0.3416,0.0278,0.0308,0.0339,0.0521,0.0557,0.0594,0.0367,0.0402,0.0436,0.2119,0.2184,0.2246,0.0527,0.057,0.0613,0.1673,0.1741,0.181
2022-06-26,0.073,0.0778,0.0831,0.3161,0.3267,0.337,0.0296,0.0329,0.0368,0.0521,0.0559,0.0602,0.0385,0.0425,0.0468,0.2108,0.2186,0.2263,0.0519,0.0572,0.0623,0.1649,0.1734,0.1818
2022-07-03,0.072,0.0775,0.0835,0.3134,0.3251,0.3368,0.0307,0.0346,0.0387,0.0516,0.056,0.0606,0.0396,0.0441,0.0491,0.2091,0.2177,0.2262,0.0514,0.0569,0.0628,0.1634,0.1732,0.1828
2022-07-10,0.0715,0.0774,0.0833,0.3113,0.3229,0.3367,0.0318,0.0359,0.0403,0.0514,0.0559,0.0606,0.0401,0.0454,0.0506,0.2063,0.2158,0.2254,0.0511,0.0568,0.0634,0.1644,0.1743,0.1846
2022-07-17,0.0709,0.0769,0.0829,0.3071,0.3211,0.3349,0.0333,0.0376,0.0425,0.0515,0.0563,0.0616,0.0414,0.0465,0.0524,0.205,0.2141,0.2244,0.051,0.0571,0.0636,0.1649,0.1751,0.186
2022-07-24,0.0704,0.0759,0.082,0.3046,0.3174,0.3316,0.0354,0.0398,0.0443,0.0522,0.0569,0.0617,0.043,0.0479,0.0534,0.2034,0.2125,0.2221,0.0517,0.0576,0.0636,0.1666,0.1761,0.1864
2022-07-31,0.0701,0.0749,0.08,0.3043,0.3155,0.3264,0.0379,0.042,0.0463,0.0532,0.0574,0.0619,0.0449,0.0492,0.0541,0.2026,0.2111,0.2195,0.0523,0.0577,0.0633,0.1677,0.1766,0.1856
2022-08-07,0.0689,0.0731,0.077,0.3088,0.3165,0.3251,0.0399,0.0437,0.0471,0.0541,0.0578,0.0611,0.0459,0.0495,0.0531,0.2026,0.2093,0.2157,0.0527,0.057,0.0615,0.1715,0.1778,0.1846
2022-08-14,0.0704,0.0739,0.0774,0.3108,0.3171,0.3228,0.041,0.0438,0.0467,0.0535,0.0567,0.0597,0.0471,0.0502,0.0533,0.2063,0.2114,0.2171,0.0531,0.0563,0.0599,0.1698,0.1751,0.1803
2022-08-21,0.0697,0.0724,0.0757,0.3092,0.3146,0.3199,0.0439,0.0467,0.0494,0.056,0.0588,0.0615,0.0472,0.0499,0.0523,0.1999,0.2038,0.2083,0.0512,0.0542,0.057,0.1793,0.1841,0.1888
2022-08-28,0.0693,0.0719,0.0745,0.3028,0.3082,0.3131,0.0433,0.0458,0.0482,0.0584,0.0609,0.0634,0.0452,0.0477,0.0501,0.1928,0.1971,0.2012,0.0504,0.0529,0.0556,0.196,0.2004,0.2049
2022-09-04,0.0678,0.0703,0.0728,0.2969,0.3019,0.307,0.046,0.0483,0.0505,0.0642,0.0664,0.0691,0.0452,0.0475,0.0499,0.1905,0.1944,0.1982,0.0528,0.0554,0.0581,0.1957,0.2003,0.2046
2022-09-11,0.0675,0.0675,0.0675,0.3033,0.3033,0.3033,0.0508,0.0508,0.0508,0.0671,0.0671,0.0671,0.0461,0.0461,0.0461,0.191,0.191,0.191,0.0534,0.0534,0.0534,0.2054,0.2054,0.2054
2022-09-18,0.0654,0.0683,0.0711,0.3006,0.3064,0.3124,0.0466,0.0493,0.0519,0.0617,0.0649,0.0682,0.0427,0.0461,0.0497,0.1871,0.1918,0.1959,0.0493,0.052,0.0546,0.2003,0.2059,0.2117
2022-09-25,0.0657,0.0692,0.0726,0.303,0.3101,0.3168,0.0445,0.0475,0.0505,0.0591,0.0627,0.0666,0.0418,0.0459,0.0501,0.188,0.1927,0.1976,0.0476,0.0506,0.0537,0.2001,0.2058,0.2124
2022-10-02,0.0668,0.0703,0.0741,0.3057,0.3132,0.3205,0.0426,0.0459,0.0491,0.057,0.0607,0.0648,0.0412,0.0453,0.05,0.1894,0.1943,0.2001,0.0458,0.0494,0.0528,0.1989,0.205,0.2119
2022-10-09,0.0675,0.071,0.0744,0.3093,0.3158,0.3215,0.0416,0.0445,0.0475,0.0563,0.0597,0.0633,0.0417,0.0451,0.0491,0.1903,0.1954,0.2007,0.0453,0.0485,0.0517,0.1987,0.2049,0.2107
2022-10-16,0.0681,0.0719,0.0762,0.3084,0.315,0.3217,0.0411,0.0442,0.0475,0.0568,0.0604,0.0642,0.0412,0.045,0.0492,0.19,0.1954,0.2009,0.0454,0.0488,0.0524,0.1973,0.2037,0.2095
2022-10-23,0.0692,0.0733,0.0777,0.3098,0.3175,0.3253,0.0403,0.0441,0.0476,0.0559,0.0601,0.0646,0.0394,0.0437,0.0484,0.1898,0.1958,0.202,0.0449,0.0487,0.0522,0.1949,0.2017,0.2085
2022-10-30,0.0705,0.075,0.0797,0.3128,0.3206,0.3283,0.0404,0.044,0.0475,0.0553,0.0593,0.064,0.0386,0.0425,0.047,0.1899,0.1963,0.2028,0.0444,0.0483,0.052,0.1916,0.1987,0.2062
2022-11-06,0.0716,0.0758,0.0804,0.316,0.3242,0.3315,0.0407,0.0441,0.0475,0.0547,0.0587,0.0632,0.0373,0.0412,0.0456,0.1903,0.1962,0.2027,0.044,0.0478,0.0517,0.1901,0.1967,0.2035
2022-11-13,0.0735,0.0771,0.0816,0.3213,0.3283,0.335,0.0415,0.045,0.0481,0.0546,0.0583,0.0624,0.036,0.0398,0.0436,0.1905,0.1961,0.2022,0.0437,0.0475,0.0511,0.1871,0.1927,0.1986
2022-11-20,0.0728,0.0769,0.0813,0.3261,0.3334,0.3404,0.0414,0.0447,0.048,0.0541,0.058,0.0621,0.0346,0.0385,0.0427,0.1886,0.1941,0.1998,0.0438,0.0466,0.0503,0.1862,0.1925,0.1984
2022-11-27,0.0712,0.0757,0.0802,0.3301,0.3378,0.3458,0.0403,0.044,0.0475,0.0534,0.0577,0.062,0.0341,0.0384,0.0425,0.1856,0.1916,0.1973,0.0425,0.0458,0.0499,0.1873,0.1935,0.1998
2022-12-04,0.0702,0.0747,0.079,0.3327,0.3409,0.3493,0.04,0.0434,0.0471,0.0539,0.0578,0.0623,0.0351,0.0393,0.0435,0.1838,0.1899,0.1956,0.0417,0.0451,0.049,0.187,0.1934,0.2
2022-12-11,0.0693,0.0733,0.0774,0.3391,0.3459,0.353,0.0396,0.0429,0.0462,0.0539,0.0577,0.0618,0.0347,0.0385,0.0424,0.1811,0.187,0.1928,0.0411,0.0445,0.0478,0.189,0.1948,0.2009
2022-12-18,0.0692,0.0733,0.0778,0.3411,0.3486,0.3565,0.0392,0.0426,0.0462,0.0528,0.057,0.0614,0.0335,0.0375,0.0419,0.1805,0.1865,0.1924,0.0406,0.0441,0.0478,0.1887,0.1949,0.2015
2022-12-25,0.0693,0.074,0.0789,0.3394,0.349,0.3582,0.039,0.0424,0.0465,0.0517,0.0562,0.0608,0.033,0.0375,0.0423,0.181,0.1876,0.1944,0.0403,0.0439,0.048,0.1865,0.194,0.2011
2023-01-01,0.0696,0.0745,0.0793,0.3406,0.3498,0.3592,0.0382,0.0422,0.0464,0.051,0.0554,0.0602,0.0329,0.0375,0.0424,0.1814,0.188,0.1954,0.0398,0.0437,0.0476,0.1853,0.1931,0.201
2023-01-08,0.0699,0.0745,0.0794,0.3434,0.3521,0.3607,0.0382,0.042,0.0459,0.0503,0.0545,0.0591,0.033,0.037,0.0413,0.1819,0.1883,0.1953,0.0397,0.0434,0.0473,0.1854,0.1928,0.2005
2023-01-15,0.0698,0.074,0.0782,0.3469,0.3545,0.3618,0.0389,0.0423,0.0459,0.0499,0.0536,0.0573,0.0331,0.0369,0.0408,0.182,0.1881,0.1937,0.0393,0.0428,0.0463,0.1864,0.1928,0.1989
2023-01-22,0.0693,0.074,0.0782,0.3499,0.3578,0.3654,0.0384,0.042,0.0458,0.048,0.0519,0.0558,0.033,0.0369,0.0407,0.1828,0.1892,0.1949,0.0385,0.0419,0.0456,0.1851,0.191,0.197
2023-01-29,0.0693,0.0743,0.0787,0.3515,0.36,0.3686,0.0379,0.0418,0.0455,0.0464,0.0504,0.0545,0.0325,0.0367,0.0411,0.1847,0.1911,0.1974,0.0378,0.0413,0.045,0.1823,0.1893,0.1961
2023-02-05,0.0695,0.074,0.0785,0.3516,0.3604,0.3694,0.0378,0.0416,0.0453,0.0452,0.0494,0.0533,0.0328,0.037,0.0414,0.1861,0.1924,0.1986,0.0375,0.0409,0.0446,0.1823,0.1891,0.196
2023-02-12,0.0697,0.074,0.0783,0.3532,0.3605,0.3681,0.0379,0.0414,0.0452,0.0444,0.0481,0.0516,0.0332,0.037,0.0411,0.187,0.1933,0.1989,0.0371,0.0408,0.0444,0.1833,0.1898,0.1964
2023-02-19,0.0693,0.0737,0.078,0.3535,0.3618,0.37,0.0372,0.0409,0.0448,0.0433,0.0471,0.0509,0.033,0.0368,0.0411,0.1876,0.1941,0.2007,0.0367,0.0405,0.044,0.1835,0.19,0.1968
2023-02-26,0.069,0.0739,0.0786,0.3539,0.3632,0.3717,0.0364,0.0403,0.0441,0.0423,0.0462,0.0502,0.0326,0.0369,0.0415,0.1881,0.1951,0.2022,0.0362,0.0397,0.0438,0.1826,0.1895,0.1972
2023-03-05,0.0696,0.0746,0.08,0.3542,0.363,0.3728,0.036,0.04,0.0439,0.0419,0.0456,0.0495,0.0326,0.0371,0.0417,0.1886,0.1954,0.2025,0.0359,0.0395,0.0437,0.1821,0.189,0.1966
2023-03-12,0.0702,0.0751,0.0799,0.3563,0.3646,0.3726,0.0359,0.0398,0.0439,0.0411,0.0449,0.0487,0.0329,0.0367,0.041,0.1886,0.1954,0.2016,0.0357,0.0392,0.0431,0.1826,0.1892,0.1964
2023-03-19,0.0703,0.0755,0.0803,0.3554,0.3651,0.3731,0.0366,0.0404,0.0442,0.0414,0.0451,0.0488,0.0321,0.0364,0.041,0.1887,0.1954,0.2021,0.0355,0.039,0.0427,0.1812,0.1882,0.1951
2023-03-26,0.0698,0.0753,0.0805,0.3556,0.3654,0.3744,0.0365,0.0407,0.045,0.0414,0.0453,0.0492,0.032,0.0361,0.0407,0.1887,0.1957,0.2031,0.0349,0.0384,0.0426,0.1804,0.1878,0.1949
2023-04-02,0.0691,0.0749,0.0805,0.356,0.3656,0.3758,0.0364,0.0405,0.0449,0.0411,0.0453,0.0498,0.0318,0.0364,0.0412,0.1889,0.1964,0.2039,0.0341,0.0378,0.0419,0.1798,0.1878,0.1952
2023-04-09,0.0691,0.0741,0.079,0.3587,0.367,0.375,0.0363,0.0407,0.0448,0.0412,0.0451,0.0491,0.0317,0.036,0.0405,0.1888,0.1958,0.2028,0.0336,0.0373,0.041,0.1819,0.1887,0.1953
2023-04-16,0.0696,0.0749,0.0802,0.3582,0.3663,0.3747,0.0365,0.0408,0.0448,0.0413,0.0454,0.0494,0.0316,0.0362,0.0408,0.1887,0.1959,0.2037,0.0334,0.037,0.0408,0.1806,0.1881,0.195
2023-04-23,0.0713,0.0764,0.0822,0.3562,0.3653,0.3736,0.0367,0.0409,0.0452,0.0416,0.0457,0.0498,0.0311,0.0356,0.0402,0.1885,0.1958,0.2034,0.0336,0.0372,0.0412,0.1804,0.1876,0.1945
2023-04-30,0.072,0.0773,0.0833,0.3563,0.3653,0.3748,0.0367,0.0411,0.0458,0.0414,0.0453,0.0495,0.0298,0.0341,0.039,0.1878,0.1953,0.2033,0.0336,0.0375,0.0418,0.181,0.1885,0.196
2023-05-07,0.073,0.0781,0.0832,0.3563,0.3644,0.3733,0.0369,0.0411,0.0457,0.0414,0.0453,0.0494,0.029,0.033,0.0374,0.1874,0.1946,0.2023,0.034,0.0378,0.0416,0.1835,0.1905,0.1972
2023-05-14,0.0725,0.078,0.0834,0.3542,0.3633,0.3723,0.0368,0.0408,0.0457,0.0418,0.0457,0.0498,0.0289,0.0332,0.0379,0.1863,0.1936,0.2011,0.0341,0.0377,0.0418,0.1852,0.1925,0.1992
2023-05-21,0.0718,0.0776,0.083,0.3531,0.3619,0.3714,0.036,0.0404,0.0456,0.0419,0.0462,0.0509,0.03,0.0344,0.0393,0.1856,0.1934,0.201,0.0338,0.0376,0.0417,0.1851,0.1933,0.201
2023-05-28,0.0718,0.0773,0.083,0.3507,0.36,0.3692,0.0359,0.0401,0.045,0.0424,0.0467,0.0511,0.0311,0.036,0.0411,0.1869,0.1945,0.2019,0.0334,0.0371,0.0412,0.1847,0.1927,0.2
2023-06-04,0.0717,0.0776,0.0832,0.3496,0.3589,0.3695,0.0358,0.0402,0.0451,0.043,0.0474,0.0516,0.0323,0.0369,0.0418,0.1875,0.1956,0.2035,0.0328,0.0368,0.0412,0.1831,0.191,0.1989
2023-06-11,0.0719,0.0778,0.0832,0.3494,0.3598,0.3695,0.036,0.0402,0.045,0.0435,0.0478,0.0522,0.032,0.0372,0.0424,0.1877,0.1958,0.2041,0.0326,0.0367,0.0411,0.1817,0.1891,0.1971
2023-06-18,0.0717,0.0777,0.0836,0.351,0.3609,0.371,0.0354,0.04,0.0449,0.0436,0.0479,0.0526,0.0319,0.0366,0.0418,0.1866,0.1949,0.2031,0.0327,0.0365,0.041,0.182,0.1893,0.1975
2023-06-25,0.0719,0.0778,0.0838,0.3512,0.3618,0.3718,0.0356,0.0406,0.0456,0.043,0.0477,0.0527,0.0305,0.0353,0.0407,0.1855,0.1945,0.2025,0.0323,0.0365,0.0413,0.1819,0.1902,0.1984
2023-07-02,0.0709,0.0774,0.0836,0.3529,0.3636,0.3746,0.0359,0.0411,0.0461,0.0426,0.0472,0.0519,0.0292,0.0342,0.0399,0.1853,0.1938,0.2022,0.0318,0.0361,0.0405,0.1819,0.1912,0.1997
2023-07-09,0.0709,0.0769,0.0829,0.3551,0.3658,0.3766,0.0365,0.0413,0.0461,0.0421,0.0468,0.0517,0.0287,0.0336,0.0388,0.1842,0.193,0.2015,0.0313,0.0356,0.0405,0.1831,0.1916,0.2002
2023-07-16,0.0704,0.0766,0.0825,0.3561,0.3676,0.3786,0.0366,0.0412,0.0464,0.0416,0.0464,0.0514,0.0284,0.0335,0.039,0.184,0.1927,0.2015,0.0306,0.0351,0.0399,0.1832,0.1912,0.2002
2023-07-23,0.0698,0.0767,0.0823,0.3575,0.3686,0.3797,0.0365,0.0414,0.0464,0.0416,0.0463,0.0508,0.0287,0.0338,0.0391,0.1835,0.1926,0.2013,0.0302,0.0344,0.0391,0.1823,0.1905,0.1988
2023-07-30,0.0703,0.0768,0.0826,0.359,0.3698,0.381,0.0371,0.042,0.0471,0.0413,0.0461,0.0509,0.0285,0.0335,0.0387,0.1831,0.1922,0.201,0.0299,0.0342,0.0391,0.1808,0.1898,0.198
2023-08-06,0.0705,0.0775,0.084,0.3585,0.3702,0.3818,0.0378,0.043,0.0484,0.0411,0.0462,0.0509,0.0274,0.0328,0.038,0.1827,0.1915,0.201,0.0301,0.0344,0.0397,0.1791,0.1887,0.1977
2023-08-13,0.0713,0.0781,0.0847,0.3603,0.371,0.383,0.039,0.0442,0.0494,0.0413,0.0461,0.051,0.0265,0.0317,0.0375,0.1819,0.1907,0.1997,0.03,0.0346,0.0394,0.1779,0.1877,0.1957
2023-08-20,0.071,0.0774,0.0839,0.3591,0.37,0.3813,0.0397,0.0448,0.0501,0.0413,0.0462,0.0508,0.0267,0.032,0.0377,0.1804,0.1898,0.1991,0.0301,0.0346,0.0395,0.1808,0.1895,0.1979
2023-08-27,0.0704,0.0763,0.0826,0.3593,0.3705,0.382,0.0389,0.0442,0.0494,0.0404,0.0451,0.0498,0.0272,0.0322,0.0378,0.1795,0.1886,0.1984,0.0294,0.0339,0.0386,0.1851,0.1938,0.2015
2023-09-03,0.0699,0.0761,0.0827,0.3606,0.3717,0.3831,0.0386,0.044,0.0494,0.0392,0.0438,0.0484,0.0271,0.0317,0.0374,0.1784,0.1872,0.1969,0.0287,0.0331,0.0379,0.1875,0.1964,0.2052
2023-09-10,0.0704,0.0766,0.0834,0.359,0.3702,0.3818,0.0392,0.0447,0.0502,0.039,0.0441,0.0485,0.0266,0.0314,0.0377,0.1759,0.1854,0.195,0.0289,0.0335,0.0382,0.1895,0.198,0.2067
2023-09-17,0.0701,0.0767,0.0834,0.356,0.3683,0.3804,0.0398,0.0454,0.0509,0.0393,0.0445,0.0491,0.0266,0.0316,0.0375,0.1732,0.1826,0.1926,0.0291,0.0335,0.0384,0.1926,0.2012,0.2105
2023-09-24,0.0699,0.0766,0.0828,0.356,0.3677,0.3793,0.0395,0.0449,0.0506,0.0395,0.0444,0.0493,0.0267,0.0315,0.0374,0.1711,0.1802,0.1902,0.029,0.0333,0.0381,0.1967,0.2055,0.2144
2023-10-01,0.0693,0.0761,0.0822,0.356,0.3674,0.3793,0.0392,0.0445,0.0504,0.0392,0.0442,0.0491,0.0261,0.0312,0.037,0.1691,0.179,0.1885,0.0286,0.0332,0.0379,0.1995,0.2088,0.2179
2023-10-08,0.069,0.0758,0.0825,0.3542,0.3659,0.3775,0.0389,0.0446,0.0502,0.0389,0.0442,0.0496,0.0259,0.0311,0.0371,0.1678,0.1778,0.1877,0.0285,0.033,0.0378,0.2027,0.2117,0.2217
2023-10-15,0.0688,0.0752,0.0823,0.3549,0.3665,0.3786,0.039,0.0445,0.0503,0.038,0.0433,0.0485,0.0249,0.0303,0.0362,0.1664,0.1764,0.1865,0.0283,0.0328,0.0379,0.2054,0.2152,0.2247
2023-10-22,0.0682,0.0753,0.0824,0.356,0.3677,0.379,0.0384,0.0442,0.0499,0.0372,0.0423,0.047,0.0242,0.0293,0.0353,0.1656,0.1756,0.1849,0.0277,0.0325,0.0377,0.2085,0.2179,0.2272
2023-10-29,0.0682,0.0754,0.0822,0.3567,0.3677,0.3796,0.038,0.0438,0.0498,0.0365,0.0417,0.0466,0.0237,0.029,0.0352,0.1652,0.1749,0.1849,0.0276,0.0325,0.0376,0.2097,0.2193,0.229
2023-11-05,0.0683,0.0755,0.0822,0.3561,0.3679,0.3811,0.0373,0.0434,0.0496,0.0365,0.0417,0.0468,0.0239,0.0293,0.0358,0.1644,0.1738,0.1842,0.0275,0.0324,0.0376,0.2108,0.22,0.2309
2023-11-12,0.0678,0.0751,0.0822,0.3542,0.3664,0.3799,0.0372,0.0433,0.0494,0.0367,0.0418,0.0468,0.0245,0.0301,0.0368,0.1625,0.1727,0.1831,0.0277,0.0326,0.0378,0.2121,0.2222,0.2326
2023-11-19,0.0677,0.0752,0.0823,0.3516,0.3643,0.3772,0.0377,0.0437,0.0501,0.0369,0.0421,0.0472,0.0249,0.0306,0.0372,0.1617,0.1721,0.182,0.0278,0.0329,0.0382,0.2131,0.2233,0.233
2023-11-26,0.0675,0.0752,0.0825,0.3499,0.3619,0.375,0.0381,0.0438,0.0498,0.0373,0.0424,0.0479,0.0253,0.031,0.0374,0.1609,0.1714,0.1819,0.0278,0.0332,0.0386,0.2152,0.2251,0.2346
2023-12-03,0.0674,0.0751,0.0826,0.3469,0.3588,0.3717,0.0382,0.0439,0.0502,0.0379,0.0432,0.0484,0.0255,0.0311,0.0375,0.1597,0.1706,0.1816,0.0284,0.0335,0.0391,0.2177,0.2276,0.2379
2023-12-10,0.0672,0.0746,0.0821,0.3445,0.3571,0.3707,0.0376,0.0438,0.0502,0.0379,0.0435,0.0486,0.0254,0.0313,0.0378,0.1593,0.1699,0.181,0.0281,0.0338,0.0394,0.2197,0.2303,0.2405
2023-12-17,0.0661,0.0742,0.0822,0.3433,0.3566,0.3709,0.0374,0.0435,0.0504,0.0372,0.0431,0.0486,0.0254,0.0314,0.0382,0.1585,0.1704,0.181,0.0281,0.0336,0.0391,0.2203,0.2318,0.2426
2023-12-24,0.0658,0.074,0.0823,0.3441,0.357,0.3699,0.0371,0.0437,0.0505,0.0371,0.0429,0.048,0.0255,0.0315,0.0384,0.1603,0.1721,0.1831,0.0284,0.0336,0.039,0.2187,0.2299,0.2412
2023-12-31,0.0659,0.0737,0.0814,0.3426,0.3554,0.3695,0.0375,0.0438,0.0502,0.0374,0.0431,0.0485,0.0262,0.0321,0.039,0.1627,0.1733,0.1846,0.0285,0.0337,0.0397,0.2183,0.2286,0.2391
2024-01-07,0.0669,0.0746,0.0821,0.3401,0.3534,0.3675,0.0374,0.044,0.0507,0.0381,0.0439,0.0492,0.0268,0.0328,0.0396,0.1644,0.175,0.1867,0.0285,0.0343,0.0401,0.2152,0.226,0.2367
2024-01-14,0.068,0.0761,0.0839,0.3378,0.3512,0.3651,0.0372,0.0441,0.0509,0.0393,0.0447,0.0504,0.0273,0.0336,0.0404,0.1657,0.1772,0.1888,0.0291,0.0348,0.0406,0.2118,0.2225,0.2327
2024-01-21,0.0688,0.0772,0.085,0.3355,0.3489,0.3629,0.0373,0.0441,0.0509,0.0399,0.0455,0.0513,0.0284,0.0342,0.0417,0.167,0.1789,0.1913,0.0295,0.035,0.0413,0.2092,0.2195,0.2301
2024-01-28,0.0694,0.0776,0.0855,0.3356,0.3485,0.3626,0.0373,0.0439,0.0507,0.0401,0.0455,0.0511,0.0285,0.0348,0.0418,0.1689,0.1803,0.1928,0.0296,0.0349,0.0409,0.2077,0.2178,0.2278
2024-02-04,0.0692,0.0773,0.0848,0.3391,0.3523,0.3661,0.0369,0.0432,0.0502,0.0385,0.0442,0.0493,0.0273,0.034,0.0414,0.1707,0.1822,0.1947,0.0282,0.0341,0.04,0.2063,0.2166,0.227
2024-02-11,0.0695,0.0779,0.0855,0.3383,0.3521,0.3667,0.037,0.0437,0.0507,0.0381,0.0437,0.0493,0.0269,0.0333,0.0407,0.1729,0.185,0.1975,0.0282,0.0339,0.0401,0.2033,0.2146,0.2252
2024-02-18,0.0709,0.0791,0.0873,0.3339,0.3481,0.3625,0.0381,0.0447,0.052,0.0385,0.0448,0.0506,0.027,0.0334,0.041,0.1754,0.1875,0.2004,0.0287,0.0346,0.041,0.2012,0.2117,0.2225
2024-02-25,0.0714,0.0796,0.0878,0.331,0.3453,0.3587,0.0383,0.0452,0.0526,0.0394,0.0454,0.0512,0.0272,0.0337,0.0406,0.1765,0.189,0.2023,0.0284,0.0348,0.0414,0.1994,0.2111,0.2224
2024-03-03,0.0717,0.0796,0.0884,0.3298,0.3434,0.3587,0.0382,0.0454,0.0527,0.0398,0.0459,0.0517,0.0279,0.0346,0.0421,0.1782,0.1905,0.2042,0.0285,0.0346,0.0411,0.1981,0.2095,0.2199
2024-03-10,0.0707,0.0793,0.0883,0.3287,0.3431,0.3591,0.0377,0.0455,0.0531,0.0396,0.0458,0.0518,0.029,0.0362,0.0439,0.1788,0.1914,0.2045,0.0277,0.0339,0.0408,0.1966,0.2079,0.2188
2024-03-17,0.0705,0.0793,0.0878,0.3295,0.3444,0.3595,0.0379,0.0449,0.0525,0.0391,0.0453,0.0512,0.0298,0.037,0.0449,0.1806,0.1933,0.2059,0.0269,0.033,0.0398,0.1941,0.2062,0.217
2024-03-24,0.0706,0.0789,0.0878,0.3295,0.3444,0.3603,0.0377,0.0451,0.0528,0.0383,0.0444,0.0504,0.0297,0.0368,0.0446,0.1824,0.1952,0.209,0.0265,0.0328,0.0395,0.1929,0.2054,0.2171
2024-03-31,0.0702,0.0787,0.0875,0.3291,0.343,0.3584,0.0388,0.0458,0.0536,0.0384,0.0446,0.0505,0.0294,0.0359,0.0436,0.1829,0.1966,0.2099,0.0266,0.0332,0.0399,0.1934,0.2056,0.217
2024-04-07,0.0702,0.079,0.0884,0.3258,0.3405,0.3561,0.0402,0.0474,0.0551,0.0388,0.045,0.0509,0.0282,0.0353,0.0429,0.1829,0.1962,0.2098,0.0276,0.0338,0.0404,0.1941,0.2065,0.2173
2024-04-14,0.0706,0.0793,0.0883,0.3215,0.3368,0.3526,0.0418,0.0495,0.0576,0.0399,0.0462,0.0523,0.0278,0.0351,0.0427,0.1808,0.1944,0.2075,0.0286,0.0348,0.0418,0.1962,0.2081,0.2198
2024-04-21,0.0702,0.0792,0.0887,0.3201,0.3349,0.3511,0.0429,0.0508,0.0586,0.04,0.0466,0.0529,0.0276,0.0348,0.0429,0.1796,0.193,0.2071,0.0286,0.0353,0.042,0.1968,0.2091,0.2211
2024-04-28,0.07,0.0788,0.0877,0.3207,0.3357,0.3528,0.0431,0.0509,0.059,0.0401,0.0464,0.0525,0.028,0.0348,0.0428,0.1787,0.1921,0.206,0.0284,0.035,0.0417,0.1966,0.2095,0.2216
2024-05-05,0.0702,0.0795,0.088,0.3214,0.3357,0.3526,0.0441,0.0516,0.0596,0.0398,0.0461,0.0522,0.027,0.0341,0.042,0.1781,0.1913,0.2051,0.0283,0.035,0.0422,0.1986,0.2099,0.2219
2024-05-12,0.0713,0.081,0.09,0.318,0.3336,0.35,0.0454,0.0531,0.0613,0.0404,0.0467,0.0527,0.0266,0.0336,0.0419,0.1778,0.1911,0.2053,0.029,0.0357,0.0429,0.1968,0.2087,0.2202
2024-05-19,0.073,0.0824,0.091,0.314,0.3296,0.3462,0.0465,0.0544,0.0628,0.0412,0.0479,0.0538,0.0266,0.034,0.0424,0.1776,0.1911,0.2051,0.0298,0.0364,0.0436,0.195,0.2071,0.2192
2024-05-26,0.0741,0.0838,0.0934,0.3112,0.3271,0.3448,0.0473,0.0552,0.0634,0.0419,0.0488,0.0553,0.0266,0.034,0.0421,0.1765,0.1906,0.2059,0.0301,0.037,0.0443,0.1946,0.2065,0.2198
2024-06-02,0.0754,0.0856,0.0951,0.3079,0.3247,0.3422,0.0482,0.0562,0.0649,0.0431,0.0498,0.0565,0.0263,0.0339,0.0422,0.1761,0.1905,0.2055,0.0308,0.0378,0.0451,0.1922,0.2045,0.2173
2024-06-09,0.0771,0.0872,0.0968,0.3048,0.321,0.3388,0.0497,0.0577,0.0659,0.0446,0.0515,0.0581,0.0267,0.0341,0.0424,0.1758,0.1899,0.2062,0.0322,0.039,0.0466,0.1902,0.202,0.2142
2024-06-16,0.078,0.0884,0.0977,0.2987,0.3148,0.3316,0.0525,0.0606,0.0691,0.0476,0.054,0.0609,0.0281,0.0354,0.0436,0.1746,0.1894,0.2055,0.0333,0.0401,0.0477,0.1874,0.1997,0.212
2024-06-23,0.0779,0.0889,0.0989,0.2951,0.3129,0.3316,0.0528,0.0619,0.071,0.0473,0.0545,0.0622,0.0277,0.0357,0.0449,0.1751,0.1902,0.2065,0.0329,0.0402,0.0479,0.1856,0.1983,0.2116
2024-06-30,0.0774,0.0882,0.0986,0.2948,0.3141,0.3338,0.0525,0.0618,0.0716,0.0461,0.054,0.062,0.027,0.0353,0.0453,0.1756,0.1913,0.2076,0.0325,0.0396,0.0473,0.1845,0.1978,0.2116
2024-07-07,0.076,0.0873,0.0976,0.2969,0.3165,0.3361,0.0517,0.0616,0.0711,0.0456,0.0533,0.0611,0.0268,0.0352,0.0451,0.1764,0.1918,0.2077,0.0314,0.0389,0.0466,0.1838,0.1984,0.2131
2024-07-14,0.0752,0.0863,0.0968,0.2992,0.3183,0.3381,0.0514,0.061,0.0714,0.0447,0.0526,0.0606,0.0264,0.0348,0.0447,0.1773,0.1927,0.2088,0.0308,0.0382,0.0462,0.1836,0.1989,0.214
2024-07-21,0.0742,0.0856,0.0954,0.301,0.321,0.3394,0.0508,0.0604,0.0706,0.0445,0.0518,0.0599,0.0258,0.0344,0.0443,0.1777,0.193,0.2099,0.03,0.0377,0.0456,0.1846,0.1988,0.2143
2024-07-28,0.0732,0.0847,0.0953,0.3044,0.3231,0.342,0.0508,0.0601,0.0698,0.0439,0.0511,0.0588,0.026,0.0342,0.0433,0.1788,0.1938,0.2104,0.0296,0.0369,0.045,0.185,0.1989,0.2132
2024-08-04,0.0725,0.0839,0.0946,0.3073,0.3249,0.3437,0.0504,0.0599,0.0687,0.0436,0.0504,0.0576,0.0259,0.0337,0.0424,0.1793,0.1944,0.211,0.029,0.0364,0.0445,0.1858,0.1992,0.213
2024-08-11,0.0723,0.0833,0.094,0.3094,0.3266,0.3458,0.0509,0.0596,0.0684,0.0426,0.0498,0.0568,0.0258,0.0339,0.0425,0.1796,0.1948,0.2109,0.0281,0.0359,0.0438,0.1852,0.1989,0.2122
2024-08-18,0.0725,0.0833,0.0937,0.3098,0.327,0.3451,0.0505,0.0595,0.0686,0.0422,0.0495,0.0565,0.0263,0.0349,0.0439,0.18,0.1953,0.2116,0.0277,0.0354,0.0434,0.1841,0.198,0.2117
2024-08-25,0.072,0.0831,0.0937,0.3091,0.3269,0.3458,0.0504,0.0595,0.0685,0.0422,0.0494,0.0561,0.0273,0.0357,0.0452,0.1804,0.1958,0.2122,0.0274,0.035,0.0428,0.1836,0.1973,0.2107
2024-09-01,0.072,0.083,0.0938,0.3092,0.3267,0.3458,0.05,0.0594,0.0686,0.0415,0.0492,0.0563,0.0277,0.0356,0.0449,0.1802,0.1962,0.2124,0.0272,0.0348,0.043,0.1833,0.1972,0.2112
2024-09-08,0.0715,0.0821,0.0931,0.3076,0.3253,0.3446,0.0507,0.0594,0.0691,0.0422,0.0498,0.0567,0.0279,0.0359,0.0452,0.1792,0.1952,0.2115,0.0278,0.0356,0.0439,0.1851,0.1986,0.2123
2024-09-15,0.0709,0.0815,0.0921,0.3063,0.3239,0.3425,0.0507,0.0598,0.0696,0.0428,0.0505,0.0572,0.0277,0.036,0.0453,0.1783,0.1937,0.2119,0.0285,0.0365,0.0446,0.1863,0.1993,0.2139
2024-09-22,0.0694,0.0811,0.0918,0.3056,0.3248,0.3437,0.0498,0.0593,0.0693,0.0429,0.0505,0.058,0.0275,0.0361,0.0453,0.1778,0.1944,0.2121,0.0288,0.0366,0.0453,0.1853,0.1991,0.2139
2024-09-29,0.07,0.0811,0.0921,0.3067,0.3252,0.345,0.0498,0.0589,0.0689,0.0429,0.0505,0.0574,0.0268,0.0357,0.0451,0.178,0.1943,0.2127,0.0291,0.037,0.0457,0.186,0.199,0.2131
2024-10-06,0.0695,0.0804,0.0915,0.3065,0.3248,0.3437,0.0493,0.0591,0.0691,0.0435,0.0508,0.0579,0.0268,0.0355,0.0446,0.1772,0.1935,0.2116,0.0296,0.0375,0.0461,0.1871,0.2007,0.2141
2024-10-13,0.0676,0.0787,0.0901,0.3062,0.3251,0.3445,0.0495,0.0593,0.0691,0.0435,0.0512,0.0583,0.0276,0.0364,0.0456,0.1764,0.1922,0.2107,0.0296,0.0376,0.0462,0.1875,0.2019,0.2156
2024-10-20,0.0665,0.0776,0.0894,0.3072,0.3265,0.3461,0.0493,0.0591,0.0693,0.0432,0.0505,0.0578,0.0272,0.0363,0.0467,0.1757,0.1922,0.2113,0.029,0.0372,0.0462,0.187,0.202,0.2175
2024-10-27,0.0666,0.0775,0.0892,0.3093,0.3286,0.3491,0.0487,0.0592,0.0692,0.0419,0.05,0.0573,0.0269,0.0357,0.0458,0.1763,0.1931,0.2109,0.0288,0.0368,0.0459,0.1866,0.2017,0.2162
2024-11-03,0.0662,0.0774,0.0891,0.3124,0.331,0.351,0.049,0.0589,0.0689,0.0412,0.0489,0.0562,0.0259,0.035,0.0452,0.177,0.1936,0.2114,0.0281,0.0366,0.0456,0.1874,0.2011,0.2154
2024-11-10,0.0656,0.0766,0.0882,0.312,0.3308,0.3511,0.0484,0.0579,0.0681,0.0411,0.0489,0.056,0.0269,0.0356,0.0461,0.177,0.1938,0.2111,0.0278,0.0358,0.0452,0.1876,0.2026,0.2163
2024-11-17,0.0658,0.0764,0.0879,0.3081,0.3288,0.3482,0.0483,0.0581,0.0683,0.0414,0.0491,0.0565,0.0277,0.037,0.0473,0.176,0.1934,0.2113,0.0277,0.036,0.0451,0.1884,0.2031,0.218
2024-11-24,0.0651,0.0766,0.088,0.308,0.327,0.3481,0.0495,0.0598,0.0695,0.0416,0.0495,0.0569,0.0272,0.0362,0.0465,0.1764,0.1932,0.2121,0.0279,0.0361,0.0452,0.1879,0.2028,0.2185
2024-12-01,0.0649,0.0764,0.0882,0.3082,0.3273,0.3476,0.0503,0.0608,0.0709,0.0419,0.0497,0.0574,0.0261,0.0351,0.0454,0.1755,0.1924,0.2118,0.0279,0.0363,0.0451,0.1878,0.2036,0.2182
2024-12-08,0.0636,0.0759,0.0878,0.308,0.3275,0.3476,0.0502,0.061,0.071,0.0416,0.0501,0.0574,0.0255,0.0347,0.0449,0.1744,0.1913,0.2106,0.0279,0.0363,0.0454,0.1911,0.2051,0.2205
2024-12-15,0.0631,0.075,0.0871,0.308,0.3275,0.3489,0.0495,0.0604,0.0706,0.0422,0.0504,0.0582,0.0253,0.0341,0.045,0.1733,0.1905,0.2098,0.0281,0.0366,0.0457,0.1928,0.2078,0.2232
2024-12-22,0.0619,0.0742,0.0864,0.3067,0.328,0.3498,0.0496,0.06,0.0708,0.0419,0.0502,0.0579,0.0245,0.0337,0.0442,0.1723,0.1902,0.2102,0.0279,0.0367,0.0458,0.1931,0.209,0.2246
2024-12-29,0.0613,0.0738,0.0858,0.3089,0.3297,0.3514,0.0487,0.0595,0.0704,0.0409,0.0498,0.0571,0.0239,0.0331,0.0436,0.1726,0.1902,0.2101,0.0273,0.0362,0.0459,0.1941,0.2097,0.2248
2025-01-05,0.0613,0.0735,0.0859,0.3109,0.3316,0.3537,0.0488,0.0592,0.0694,0.0403,0.049,0.0569,0.0232,0.0324,0.0433,0.1726,0.1908,0.2102,0.0273,0.0361,0.0457,0.1939,0.2095,0.226
2025-01-12,0.0613,0.0738,0.0861,0.3135,0.3337,0.3549,0.0475,0.0589,0.0697,0.0397,0.0482,0.0561,0.0224,0.0317,0.0428,0.1735,0.1914,0.2109,0.0268,0.0358,0.0458,0.1925,0.2086,0.2257
2025-01-19,0.0621,0.0742,0.0875,0.3141,0.3348,0.3575,0.048,0.0586,0.0693,0.0384,0.0474,0.0552,0.0214,0.0311,0.0423,0.1732,0.1924,0.2115,0.0262,0.0354,0.0453,0.1915,0.2074,0.2241
2025-01-26,0.0622,0.0745,0.0874,0.315,0.3373,0.3593,0.0479,0.0585,0.0692,0.0378,0.0465,0.0545,0.0208,0.0306,0.0414,0.1734,0.1925,0.2124,0.0263,0.0354,0.0447,0.1912,0.2075,0.223
2025-02-02,0.0626,0.0747,0.0877,0.3163,0.3386,0.3595,0.0477,0.0583,0.0694,0.0368,0.0454,0.0534,0.0204,0.0298,0.0406,0.1738,0.1925,0.2125,0.0267,0.0354,0.0453,0.192,0.208,0.2238
2025-02-09,0.062,0.0748,0.0876,0.3175,0.3398,0.3623,0.0474,0.0581,0.0696,0.0365,0.045,0.0528,0.0207,0.0296,0.0409,0.174,0.1925,0.213,0.0267,0.0356,0.0456,0.1911,0.2072,0.223
2025-02-16,0.0623,0.0751,0.0883,0.3194,0.3402,0.3627,0.0464,0.0578,0.0689,0.0366,0.0452,0.053,0.0208,0.0304,0.0419,0.1733,0.1926,0.2126,0.0268,0.0356,0.0454,0.1897,0.2055,0.2219
2025-02-23,0.063,0.0754,0.0883,0.3191,0.3391,0.3623,0.0474,0.0577,0.0693,0.0371,0.046,0.0539,0.0214,0.0307,0.0425,0.1735,0.1923,0.2117,0.0266,0.0362,0.0461,0.1878,0.2046,0.2211
2025-03-02,0.0636,0.076,0.0895,0.3177,0.3392,0.3627,0.047,0.0579,0.0697,0.0374,0.0461,0.0539,0.021,0.0308,0.0422,0.1736,0.1926,0.2131,0.0275,0.0368,0.0469,0.1856,0.2022,0.2199
2025-03-09,0.0645,0.0768,0.0901,0.3202,0.3408,0.3642,0.0465,0.0578,0.0692,0.0371,0.0457,0.0538,0.0205,0.0304,0.0419,0.1739,0.1932,0.213,0.027,0.0366,0.0466,0.185,0.2007,0.2176
2025-03-16,0.0648,0.0773,0.0903,0.3221,0.3431,0.3664,0.0453,0.0567,0.0677,0.0365,0.0452,0.054,0.0205,0.0305,0.0416,0.1736,0.1935,0.2137,0.0266,0.0361,0.0462,0.1839,0.1993,0.2169
2025-03-23,0.0642,0.0771,0.0903,0.3233,0.3453,0.3693,0.0447,0.0558,0.0671,0.036,0.0452,0.0533,0.0204,0.0307,0.0423,0.1737,0.1932,0.2143,0.026,0.0356,0.0458,0.1834,0.1991,0.216
2025-03-30,0.0639,0.0769,0.0906,0.327,0.3495,0.373,0.0436,0.0552,0.0664,0.0351,0.0444,0.0524,0.0204,0.0302,0.042,0.1761,0.195,0.2167,0.0247,0.0346,0.0447,0.1807,0.1974,0.2136
2025-04-06,0.0639,0.0766,0.0905,0.3301,0.3528,0.3774,0.0431,0.0545,0.0661,0.0345,0.0439,0.052,0.0192,0.0291,0.0413,0.1764,0.196,0.2175,0.0242,0.034,0.0446,0.1777,0.1956,0.2124
2025-04-13,0.0639,0.0766,0.0904,0.3322,0.3543,0.3787,0.0427,0.0547,0.0663,0.035,0.0448,0.0532,0.0182,0.0283,0.0401,0.1752,0.1958,0.217,0.0239,0.0341,0.0446,0.1773,0.195,0.2112
2025-04-20,0.0638,0.0765,0.0901,0.3313,0.3537,0.3786,0.0434,0.0548,0.0665,0.0369,0.0461,0.0546,0.0179,0.0282,0.0401,0.1729,0.1943,0.2151,0.0244,0.0344,0.0448,0.177,0.1946,0.2114
2025-04-27,0.062,0.0759,0.0895,0.3277,0.3503,0.3754,0.0434,0.0553,0.0667,0.0398,0.049,0.0576,0.0187,0.0291,0.041,0.1704,0.1915,0.2122,0.0259,0.0355,0.0462,0.1794,0.1959,0.2133
2025-05-04,0.0613,0.075,0.0891,0.3241,0.3469,0.3721,0.0434,0.0555,0.0676,0.0419,0.0515,0.0603,0.0187,0.0294,0.0414,0.1682,0.1881,0.2098,0.0266,0.0364,0.0468,0.182,0.1985,0.216
2025-05-11,0.06,0.0741,0.0885,0.3224,0.3452,0.3696,0.0431,0.0553,0.0678,0.0435,0.0535,0.0628,0.0194,0.0294,0.0415,0.1662,0.1865,0.2077,0.0267,0.0365,0.0473,0.1841,0.2011,0.2185
2025-05-18,0.0602,0.0737,0.088,0.3218,0.345,0.3696,0.0432,0.0553,0.0679,0.0444,0.0543,0.0629,0.0182,0.0286,0.0406,0.1645,0.1846,0.2074,0.0274,0.037,0.0478,0.1853,0.2029,0.2202
2025-05-25,0.0602,0.0737,0.0878,0.3202,0.3446,0.37,0.0433,0.0556,0.0681,0.0458,0.0555,0.0643,0.0175,0.028,0.04,0.1635,0.1841,0.2063,0.0277,0.0377,0.0486,0.1853,0.2027,0.221
2025-06-01,0.0599,0.0739,0.0881,0.3204,0.3451,0.3706,0.0429,0.0549,0.0673,0.0458,0.0556,0.0646,0.0175,0.0279,0.0407,0.1638,0.1847,0.2071,0.0276,0.0378,0.049,0.185,0.2025,0.2196
2025-06-08,0.0603,0.0742,0.0883,0.3207,0.3448,0.3714,0.0425,0.0545,0.0674,0.0455,0.0555,0.0643,0.0168,0.0276,0.0397,0.1641,0.1848,0.208,0.0278,0.0383,0.0494,0.1859,0.2028,0.22
2025-06-15,0.06,0.074,0.0882,0.3207,0.3447,0.3708,0.042,0.0543,0.0673,0.045,0.055,0.0634,0.017,0.0276,0.04,0.1642,0.1845,0.2075,0.0279,0.0385,0.0499,0.1848,0.2029,0.2203
2025-06-22,0.0591,0.0737,0.0881,0.3208,0.3448,0.3725,0.0414,0.0542,0.0673,0.0439,0.0543,0.0638,0.0174,0.0285,0.0403,0.1639,0.1845,0.2091,0.0275,0.0385,0.0495,0.1853,0.2036,0.2215
2025-06-29,0.0588,0.0733,0.0882,0.3198,0.345,0.3735,0.0412,0.0539,0.067,0.0429,0.0536,0.0629,0.0176,0.0288,0.0409,0.1631,0.1843,0.2085,0.0275,0.0382,0.0496,0.1858,0.2049,0.2239
2025-07-06,0.0584,0.0729,0.0882,0.3195,0.3448,0.3732,0.0408,0.0538,0.0671,0.0427,0.0529,0.0619,0.0175,0.0289,0.0414,0.1622,0.184,0.2086,0.027,0.038,0.0496,0.1871,0.2061,0.2254
2025-07-13,0.0576,0.0724,0.0875,0.3192,0.344,0.3718,0.0411,0.0538,0.0672,0.0421,0.0523,0.0619,0.0179,0.0295,0.0424,0.1625,0.1841,0.2087,0.0268,0.0381,0.0497,0.1874,0.2072,0.227
2025-07-20,0.0578,0.0721,0.0872,0.3178,0.3431,0.3724,0.0413,0.054,0.0677,0.0416,0.0523,0.0619,0.0183,0.03,0.0427,0.1607,0.1839,0.2081,0.0269,0.038,0.0499,0.1884,0.2084,0.2283
2025-07-27,0.0561,0.0718,0.0871,0.3154,0.3422,0.3705,0.0416,0.0543,0.0678,0.0421,0.0526,0.0621,0.0186,0.0302,0.0429,0.1601,0.1836,0.2082,0.0268,0.0379,0.05,0.1888,0.2091,0.2294
2025-08-03,0.0558,0.0713,0.0863,0.3152,0.3402,0.3684,0.0425,0.0547,0.0686,0.0427,0.053,0.0627,0.0186,0.0306,0.0438,0.1586,0.1822,0.2081,0.0268,0.0381,0.0496,0.1906,0.2108,0.2291
2025-08-10,0.0551,0.0706,0.0862,0.3142,0.3391,0.3683,0.0425,0.0553,0.0685,0.0431,0.0534,0.0631,0.0197,0.0308,0.0441,0.159,0.182,0.2074,0.0269,0.0383,0.0498,0.1928,0.2115,0.2294
2025-08-17,0.0556,0.0702,0.0855,0.3151,0.3392,0.366,0.0429,0.0552,0.0685,0.043,0.0536,0.0629,0.0196,0.0311,0.0444,0.1596,0.1813,0.2062,0.0276,0.0385,0.05,0.1938,0.2126,0.2307
2025-08-24,0.0551,0.0698,0.0855,0.3157,0.3404,0.3678,0.0421,0.0547,0.0687,0.0426,0.0528,0.0619,0.0184,0.03,0.0435,0.1588,0.1803,0.2056,0.0278,0.0388,0.0503,0.1958,0.2135,0.2332
2025-08-31,0.0551,0.0696,0.0851,0.3164,0.3412,0.3688,0.0419,0.0549,0.068,0.0419,0.0528,0.0619,0.0176,0.0288,0.0423,0.1593,0.1806,0.2057,0.0279,0.0389,0.0505,0.1968,0.2152,0.2348
2025-09-07,0.0538,0.0688,0.0839,0.3167,0.3426,0.3706,0.0405,0.0536,0.0669,0.0418,0.0524,0.0618,0.0171,0.0287,0.0415,0.1584,0.1796,0.2049,0.0279,0.0388,0.0505,0.1985,0.2169,0.2357
2025-09-14,0.0522,0.0674,0.0827,0.3191,0.3445,0.372,0.0382,0.0516,0.0652,0.0415,0.0521,0.0614,0.0177,0.0293,0.0425,0.1578,0.1793,0.2042,0.0272,0.0384,0.0505,0.2009,0.2198,0.2389
2025-09-21,0.0514,0.0675,0.0826,0.3186,0.3449,0.3717,0.0385,0.0511,0.0648,0.041,0.0515,0.0612,0.0175,0.029,0.0425,0.1577,0.1796,0.2049,0.0275,0.0387,0.051,0.2007,0.2196,0.2393
2025-09-28,0.0527,0.0683,0.0839,0.3167,0.3439,0.3714,0.039,0.0524,0.066,0.0407,0.0518,0.0616,0.0167,0.0284,0.0422,0.1581,0.1809,0.2068,0.028,0.0393,0.0524,0.1982,0.2172,0.2371
2025-10-05,0.0521,0.0687,0.0839,0.317,0.3428,0.3698,0.0393,0.0531,0.0671,0.0413,0.0519,0.0609,0.016,0.0279,0.0413,0.1582,0.1812,0.2067,0.0282,0.04,0.0521,0.1978,0.2171,0.2368
2025-10-12,0.052,0.0678,0.0831,0.3147,0.3418,0.3681,0.04,0.053,0.0677,0.0415,0.0523,0.0621,0.0158,0.0274,0.0409,0.1572,0.1802,0.2062,0.0289,0.0406,0.0528,0.1995,0.2195,0.2399
2025-10-19,0.0518,0.0674,0.0834,0.314,0.3402,0.3683,0.0405,0.0543,0.0677,0.0416,0.0524,0.0623,0.0151,0.0269,0.0408,0.1574,0.1804,0.206,0.0291,0.0412,0.0532,0.1995,0.2197,0.2398
2025-10-26,0.0529,0.0681,0.0844,0.3117,0.3393,0.3687,0.0423,0.0562,0.0703,0.0417,0.0522,0.0624,0.0144,0.0261,0.0401,0.158,0.1813,0.2074,0.0297,0.0415,0.0538,0.1975,0.2174,0.2375
2025-11-02,0.0536,0.0691,0.0854,0.312,0.3401,0.3678,0.0432,0.0578,0.0716,0.0411,0.0516,0.062,0.0137,0.0253,0.0395,0.1596,0.1825,0.2087,0.0302,0.0417,0.0542,0.1943,0.2145,0.234
2025-11-09,0.0533,0.0688,0.0843,0.3164,0.3428,0.3722,0.0432,0.0575,0.0715,0.0394,0.0503,0.0606,0.0126,0.0247,0.0387,0.1597,0.1834,0.2105,0.0295,0.0415,0.0541,0.1943,0.2134,0.2334
2025-11-16,0.0525,0.0682,0.0839,0.318,0.3452,0.3751,0.0426,0.0566,0.0708,0.0383,0.0491,0.0591,0.012,0.0244,0.0387,0.1584,0.183,0.21,0.0294,0.0413,0.054,0.1964,0.2147,0.236
2025-11-23,0.0517,0.0681,0.084,0.3168,0.344,0.3738,0.0424,0.0569,0.0706,0.0384,0.0493,0.0592,0.0122,0.0245,0.0383,0.1575,0.1818,0.2098,0.0298,0.0423,0.0544,0.1962,0.2166,0.2374
2025-11-30,0.0523,0.0682,0.0839,0.3154,0.3424,0.371,0.0426,0.0572,0.0715,0.0384,0.0495,0.0598,0.0119,0.0246,0.0389,0.1564,0.1808,0.2078,0.0309,0.0429,0.0556,0.1971,0.2177,0.2385
2025-12-07,0.0521,0.0682,0.0841,0.315,0.3418,0.3705,0.0422,0.0569,0.0709,0.0379,0.0487,0.0591,0.0117,0.0242,0.0387,0.1556,0.18,0.2068,0.0306,0.0427,0.0561,0.1998,0.2209,0.2416
2025-12-14,0.0529,0.0691,0.0858,0.3122,0.34,0.3696,0.0424,0.0571,0.0712,0.0376,0.049,0.0592,0.0115,0.024,0.0385,0.1547,0.1794,0.207,0.0308,0.043,0.0564,0.2003,0.2214,0.2421
2025-12-21,0.0532,0.0701,0.0866,0.3109,0.339,0.3693,0.043,0.0579,0.0726,0.0384,0.0497,0.0604,0.0114,0.0238,0.0377,0.1549,0.1799,0.207,0.0315,0.0435,0.0568,0.1994,0.2196,0.2405
2025-12-28,0.0542,0.0706,0.0872,0.31,0.338,0.3688,0.043,0.0584,0.0726,0.0384,0.0501,0.0609,0.0103,0.023,0.0377,0.1532,0.1793,0.2074,0.0315,0.0436,0.0566,0.199,0.2197,0.242
2026-01-04,0.0541,0.0708,0.0878,0.309,0.3379,0.3679,0.0436,0.0588,0.0733,0.0398,0.0512,0.0618,0.0102,0.0228,0.0371,0.153,0.1779,0.2061,0.032,0.044,0.0576,0.1999,0.2203,0.2414
2026-01-11,0.0544,0.0709,0.0883,0.309,0.3378,0.3694,0.0435,0.0578,0.0722,0.04,0.0514,0.0618,0.0097,0.0226,0.0365,0.1525,0.1777,0.206,0.0322,0.0438,0.0573,0.1999,0.2208,0.2419
2026-01-18,0.0548,0.0715,0.0879,0.3106,0.3399,0.3693,0.0418,0.0565,0.0718,0.0395,0.0508,0.0613,0.0097,0.0224,0.0362,0.153,0.1781,0.2073,0.0311,0.0438,0.0572,0.1996,0.2203,0.2406
2026-01-25,0.0552,0.0725,0.0891,0.311,0.3407,0.3708,0.0412,0.0564,0.0716,0.0392,0.0505,0.0614,0.0093,0.0219,0.0362,0.1538,0.1792,0.2086,0.0317,0.044,0.0575,0.1973,0.2184,0.2388
2026-02-01,0.0563,0.0732,0.0899,0.3109,0.3403,0.3708,0.0417,0.0564,0.0716,0.0392,0.0512,0.0618,0.0092,0.0218,0.037,0.1547,0.1793,0.2087,0.0321,0.0446,0.0581,0.1955,0.2165,0.2368
2026-02-08,0.0563,0.0735,0.0912,0.3108,0.3395,0.3718,0.0409,0.0562,0.0715,0.04,0.0518,0.0623,0.0094,0.0218,0.0371,0.1538,0.1783,0.208,0.0319,0.0445,0.0582,0.196,0.2167,0.2379
2026-02-15,0.0566,0.0741,0.0917,0.3096,0.3373,0.3693,0.0414,0.0566,0.0716,0.0414,0.0535,0.064,0.0095,0.0224,0.0374,0.152,0.1778,0.2061,0.0319,0.0447,0.0583,0.1952,0.2164,0.2371
2026-02-22,0.0576,0.0754,0.0928,0.3033,0.3327,0.364,0.0433,0.0584,0.0738,0.0444,0.056,0.0665,0.0101,0.0233,0.0385,0.1508,0.1773,0.2064,0.0338,0.0462,0.0599,0.1925,0.214,0.2355
2026-03-01,0.0576,0.0756,0.093,0.2979,0.3276,0.3583,0.044,0.0599,0.0755,0.0467,0.0586,0.0692,0.0112,0.0242,0.0397,0.1507,0.1762,0.2041,0.0355,0.048,0.0614,0.1917,0.2136,0.2345
2026-03-08,0.0578,0.0755,0.0927,0.2957,0.3253,0.3574,0.0445,0.0604,0.0762,0.0481,0.06,0.071,0.0115,0.0248,0.0402,0.1501,0.1758,0.2043,0.036,0.0487,0.0623,0.1905,0.2125,0.2344
2026-03-15,0.0585,0.0757,0.0932,0.2954,0.3249,0.3562,0.0447,0.0602,0.0759,0.048,0.0606,0.0713,0.0121,0.0258,0.0407,0.151,0.1769,0.2061,0.0353,0.0486,0.0622,0.1885,0.2102,0.2321
2026-03-22,0.0581,0.0761,0.0933,0.2949,0.3246,0.357,0.0452,0.06,0.0757,0.0494,0.0614,0.0719,0.0124,0.0261,0.0416,0.1507,0.1774,0.2071,0.0361,0.0488,0.063,0.1862,0.2076,0.2305
2026-03-29,0.0583,0.076,0.0933,0.2937,0.3227,0.3555,0.0458,0.0608,0.0763,0.0513,0.0631,0.0744,0.0129,0.0263,0.0419,0.1494,0.1769,0.2052,0.0368,0.05,0.0641,0.1844,0.2064,0.229
2026-04-05,0.0582,0.076,0.0941,0.2912,0.3215,0.3541,0.046,0.0611,0.0773,0.0523,0.0641,0.0748,0.0137,0.027,0.0426,0.1493,0.1763,0.2053,0.0368,0.0504,0.0652,0.1826,0.2048,0.2273
2026-04-12,0.0578,0.0761,0.0935,0.2914,0.3207,0.3544,0.0459,0.0618,0.0777,0.0516,0.0638,0.0745,0.0145,0.0279,0.0436,0.1503,0.1778,0.2066,0.0368,0.0501,0.0651,0.1818,0.2028,0.2258
2026-04-19,0.0586,0.0766,0.0946,0.2906,0.3216,0.3536,0.0475,0.0634,0.0789,0.0504,0.0628,0.0742,0.0145,0.0278,0.0434,0.1511,0.1786,0.2075,0.0361,0.0499,0.0644,0.1791,0.201,0.2242
2026-04-26,0.0598,0.0784,0.0963,0.2914,0.3216,0.3536,0.049,0.0651,0.0815,0.0488,0.0613,0.0732,0.0129,0.0261,0.0424,0.1517,0.1788,0.2078,0.0362,0.0502,0.0651,0.1781,0.1994,0.2229
2026-05-03,0.0618,0.0798,0.0983,0.2901,0.3208,0.3535,0.0508,0.067,0.083,0.0481,0.0606,0.0721,0.0117,0.0251,0.0411,0.1508,0.1781,0.2082,0.0373,0.0509,0.0655,0.1768,0.1995,0.2217
2026-05-10,0.0627,0.0814,0.099,0.2874,0.3183,0.3518,0.0524,0.0684,0.0841,0.0486,0.0611,0.0721,0.0111,0.0245,0.041,0.1507,0.1775,0.2075,0.0387,0.0521,0.0673,0.1766,0.199,0.2217
2026-05-17,0.0626,0.0812,0.0992,0.2873,0.3181,0.3513,0.0517,0.0679,0.0847,0.0488,0.0613,0.0725,0.0107,0.0243,0.0403,0.1495,0.1767,0.207,0.0395,0.0527,0.0682,0.1768,0.1996,0.2218
2026-05-24,0.0633,0.0813,0.0993,0.2889,0.3197,0.3544,0.0515,0.0678,0.0834,0.0483,0.061,0.0719,0.0102,0.0241,0.04,0.1484,0.1758,0.2062,0.0395,0.0532,0.0679,0.1781,0.2005,0.223
2026-05-31,0.0642,0.0825,0.1003,0.2869,0.3183,0.3509,0.0528,0.0691,0.0846,0.0481,0.0607,0.0723,0.009,0.0226,0.0391,0.1467,0.175,0.2055,0.0418,0.0548,0.0694,0.1773,0.1997,0.2234
2026-06-07,0.0643,0.0829,0.1013,0.2858,0.3179,0.3508,0.0529,0.0689,0.0848,0.0479,0.0615,0.073,0.0076,0.0218,0.0385,0.1448,0.1737,0.2041,0.0428,0.0565,0.0716,0.1768,0.2006,0.2229
2026-06-14,0.0628,0.0818,0.1005,0.2842,0.316,0.3494,0.052,0.0692,0.0854,0.0495,0.0625,0.0746,0.0075,0.0215,0.0381,0.1439,0.1722,0.2032,0.0437,0.0573,0.0721,0.1785,0.2018,0.2245
2026-06-21,0.0617,0.0809,0.0995,0.2838,0.3152,0.3475,0.0528,0.0696,0.0866,0.051,0.0639,0.0763,0.0074,0.0217,0.0383,0.1437,0.1725,0.204,0.0445,0.0581,0.0728,0.177,0.2013,0.226
2026-06-28,0.0608,0.0801,0.099,0.283,0.3147,0.349,0.053,0.07,0.0873,0.0504,0.0638,0.0762,0.007,0.0212,0.0382,0.1429,0.1723,0.2038,0.0443,0.0586,0.0734,0.1787,0.2015,0.2258
2026-07-05,0.0597,0.0793,0.0978,0.2835,0.3144,0.3501,0.0534,0.07,0.0874,0.0499,0.0641,0.0769,0.0066,0.0211,0.0378,0.1431,0.172,0.2035,0.0452,0.059,0.0737,0.1781,0.2023,0.2268
2026-07-12,0.0594,0.0784,0.0975,0.2831,0.3148,0.3496,0.0536,0.0704,0.0872,0.051,0.0644,0.0765,0.0062,0.0207,0.0371,0.143,0.1719,0.205,0.045,0.0593,0.0741,0.1794,0.2031,0.2272
2026-07-19,0.0582,0.0779,0.0966,0.279,0.3124,0.3477,0.0539,0.071,0.0882,0.0525,0.0654,0.0773,0.0069,0.0208,0.0377,0.1435,0.172,0.2045,0.0455,0.0601,0.0754,0.1797,0.203,0.2269
2026-07-26,0.0582,0.0774,0.0969,0.2745,0.3087,0.3446,0.0545,0.0717,0.0886,0.0544,0.0673,0.0799,0.0076,0.0218,0.0383,0.1438,0.1731,0.2057,0.0462,0.0612,0.076,0.1777,0.2017,0.2259
2026-08-02,0.0575,0.0768,0.0958,0.2704,0.305,0.3404,0.056,0.0725,0.0897,0.0562,0.0695,0.0818,0.0079,0.0226,0.0393,0.1436,0.1739,0.2067,0.0475,0.0619,0.077,0.1764,0.2003,0.225
2026-08-09,0.0581,0.0769,0.0962,0.2681,0.3011,0.3373,0.0563,0.0736,0.0901,0.0577,0.0711,0.0834,0.0088,0.0233,0.0402,0.1446,0.1756,0.2079,0.0481,0.0627,0.0785,0.1748,0.1985,0.2224
2026-08-16,0.0587,0.0779,0.0977,0.2663,0.2988,0.3344,0.0566,0.0734,0.0907,0.0579,0.071,0.0831,0.0101,0.0245,0.0421,0.1469,0.1767,0.2091,0.0483,0.0626,0.0779,0.1737,0.197,0.2206
2026-08-23,0.0589,0.0787,0.0987,0.2611,0.2938,0.3291,0.0568,0.073,0.0909,0.0585,0.0722,0.0838,0.0127,0.0273,0.0445,0.1462,0.1771,0.2099,0.0481,0.0624,0.078,0.1737,0.197,0.2206
2026-08-30,0.0591,0.0783,0.098,0.2467,0.28,0.3152,0.0585,0.0753,0.093,0.065,0.0782,0.0903,0.0181,0.0332,0.0504,0.1429,0.1738,0.2064,0.0501,0.0645,0.0805,0.1733,0.1969,0.2212
2026-09-06,0.0564,0.0756,0.0965,0.2411,0.2738,0.3105,0.0568,0.0743,0.0917,0.068,0.0817,0.094,0.0273,0.0426,0.0602,0.1436,0.1736,0.2078,0.0485,0.0629,0.0797,0.1701,0.1936,0.2191
2026-09-13,0.0523,0.0719,0.0918,0.2414,0.2741,0.3101,0.0525,0.0696,0.0876,0.0695,0.0832,0.0955,0.035,0.0498,0.0669,0.1429,0.1734,0.2084,0.0459,0.0606,0.0768,0.1708,0.1943,0.2183
2026-09-20,0.0519,0.0718,0.0924,0.2406,0.2739,0.3128,0.0517,0.0694,0.0872,0.069,0.083,0.0968,0.0339,0.0502,0.0677,0.1431,0.1736,0.208,0.0449,0.0609,0.0767,0.1703,0.1943,0.2198
2026-09-27,0.0512,0.0717,0.0937,0.2391,0.2744,0.3139,0.0511,0.0695,0.088,0.0681,0.083,0.0975,0.0337,0.0503,0.0686,0.1428,0.1736,0.2088,0.0446,0.0608,0.0775,0.1686,0.1944,0.2224
2026-10-04,0.0517,0.072,0.094,0.2375,0.2739,0.314,0.0508,0.0695,0.0888,0.0664,0.083,0.0986,0.0329,0.0503,0.0699,0.1424,0.1738,0.2087,0.0443,0.0611,0.0771,0.1677,0.1947,0.2228
2026-10-11,0.0516,0.072,0.0945,0.2371,0.2742,0.315,0.0504,0.0694,0.0899,0.0656,0.083,0.0998,0.0316,0.05,0.0703,0.1423,0.174,0.2094,0.044,0.0605,0.0778,0.1668,0.1944,0.2233
2026-10-18,0.051,0.0721,0.094,0.2371,0.274,0.3142,0.0493,0.0694,0.0892,0.0653,0.0829,0.0998,0.0316,0.0499,0.0712,0.1438,0.1742,0.2106,0.0441,0.0607,0.0783,0.1657,0.1949,0.2244
2026-10-25,0.0503,0.0722,0.0952,0.2348,0.2735,0.3155,0.0503,0.0694,0.0906,0.0644,0.0828,0.1011,0.0313,0.0505,0.0731,0.1431,0.1739,0.2104,0.0429,0.0604,0.0786,0.1637,0.1945,0.2233
2026-11-01,0.0506,0.0719,0.0953,0.2342,0.2741,0.3147,0.049,0.0695,0.0923,0.0642,0.0827,0.1013,0.0317,0.0506,0.0733,0.1438,0.1737,0.2117,0.0434,0.0605,0.0786,0.1644,0.1945,0.2252
