tier,target_year,seed,mask,parties,p_majority,certified_indicator,certified_coalition_seats,brier
tier3_iso,2014,12345,1,M,0.0,0,84,0.0
tier3_iso,2014,12345,2,L,0.0,0,19,0.0
tier3_iso,2014,12345,3,M+L,0.0,0,103,0.0
tier3_iso,2014,12345,4,C,0.0,0,22,0.0
tier3_iso,2014,12345,5,M+C,0.0,0,106,0.0
tier3_iso,2014,12345,6,L+C,0.0,0,41,0.0
tier3_iso,2014,12345,7,M+L+C,0.0,0,125,0.0
tier3_iso,2014,12345,8,KD,0.0,0,16,0.0
tier3_iso,2014,12345,9,M+KD,0.0,0,100,0.0
tier3_iso,2014,12345,10,L+KD,0.0,0,35,0.0
tier3_iso,2014,12345,11,M+L+KD,0.0,0,119,0.0
tier3_iso,2014,12345,12,C+KD,0.0,0,38,0.0
tier3_iso,2014,12345,13,M+C+KD,0.0,0,122,0.0
tier3_iso,2014,12345,14,L+C+KD,0.0,0,57,0.0
tier3_iso,2014,12345,15,M+L+C+KD,0.0,0,141,0.0
tier3_iso,2014,12345,16,S,0.0,0,113,0.0
tier3_iso,2014,12345,17,M+S,1.0,1,197,0.0
tier3_iso,2014,12345,18,L+S,0.0,0,132,0.0
tier3_iso,2014,12345,19,M+L+S,1.0,1,216,0.0
tier3_iso,2014,12345,20,C+S,0.0,0,135,0.0
tier3_iso,2014,12345,21,M+C+S,1.0,1,219,0.0
tier3_iso,2014,12345,22,L+C+S,0.0,0,154,0.0
tier3_iso,2014,12345,23,M+L+C+S,1.0,1,238,0.0
tier3_iso,2014,12345,24,KD+S,0.0,0,129,0.0
tier3_iso,2014,12345,25,M+KD+S,1.0,1,213,0.0
tier3_iso,2014,12345,26,L+KD+S,0.0,0,148,0.0
tier3_iso,2014,12345,27,M+L+KD+S,1.0,1,232,0.0
tier3_iso,2014,12345,28,C+KD+S,0.0,0,151,0.0
tier3_iso,2014,12345,29,M+C+KD+S,1.0,1,235,0.0
tier3_iso,2014,12345,30,L+C+KD+S,0.3316,0,170,0.10995856000000001
tier3_iso,2014,12345,31,M+L+C+KD+S,1.0,1,254,0.0
tier3_iso,2014,12345,32,V,0.0,0,21,0.0
tier3_iso,2014,12345,33,M+V,0.0,0,105,0.0
tier3_iso,2014,12345,34,L+V,0.0,0,40,0.0
tier3_iso,2014,12345,35,M+L+V,0.0,0,124,0.0
tier3_iso,2014,12345,36,C+V,0.0,0,43,0.0
tier3_iso,2014,12345,37,M+C+V,0.0,0,127,0.0
tier3_iso,2014,12345,38,L+C+V,0.0,0,62,0.0
tier3_iso,2014,12345,39,M+L+C+V,0.0,0,146,0.0
tier3_iso,2014,12345,40,KD+V,0.0,0,37,0.0
tier3_iso,2014,12345,41,M+KD+V,0.0,0,121,0.0
tier3_iso,2014,12345,42,L+KD+V,0.0,0,56,0.0
tier3_iso,2014,12345,43,M+L+KD+V,0.0,0,140,0.0
tier3_iso,2014,12345,44,C+KD+V,0.0,0,59,0.0
tier3_iso,2014,12345,45,M+C+KD+V,0.0,0,143,0.0
tier3_iso,2014,12345,46,L+C+KD+V,0.0,0,78,0.0
tier3_iso,2014,12345,47,M+L+C+KD+V,0.32985,0,162,0.10880102249999998
tier3_iso,2014,12345,48,S+V,0.0,0,134,0.0
tier3_iso,2014,12345,49,M+S+V,1.0,1,218,0.0
tier3_iso,2014,12345,50,L+S+V,0.0,0,153,0.0
tier3_iso,2014,12345,51,M+L+S+V,1.0,1,237,0.0
tier3_iso,2014,12345,52,C+S+V,0.0,0,156,0.0
tier3_iso,2014,12345,53,M+C+S+V,1.0,1,240,0.0
tier3_iso,2014,12345,54,L+C+S+V,1.0,1,175,0.0
tier3_iso,2014,12345,55,M+L+C+S+V,1.0,1,259,0.0
tier3_iso,2014,12345,56,KD+S+V,0.0,0,150,0.0
tier3_iso,2014,12345,57,M+KD+S+V,1.0,1,234,0.0
tier3_iso,2014,12345,58,L+KD+S+V,0.66145,0,169,0.4375161025
tier3_iso,2014,12345,59,M+L+KD+S+V,1.0,1,253,0.0
tier3_iso,2014,12345,60,C+KD+S+V,1.0,0,172,1.0
tier3_iso,2014,12345,61,M+C+KD+S+V,1.0,1,256,0.0
tier3_iso,2014,12345,62,L+C+KD+S+V,1.0,1,191,0.0
tier3_iso,2014,12345,63,M+L+C+KD+S+V,1.0,1,275,0.0
tier3_iso,2014,12345,64,MP,0.0,0,25,0.0
tier3_iso,2014,12345,65,M+MP,0.0,0,109,0.0
tier3_iso,2014,12345,66,L+MP,0.0,0,44,0.0
tier3_iso,2014,12345,67,M+L+MP,0.0,0,128,0.0
tier3_iso,2014,12345,68,C+MP,0.0,0,47,0.0
tier3_iso,2014,12345,69,M+C+MP,0.0,0,131,0.0
tier3_iso,2014,12345,70,L+C+MP,0.0,0,66,0.0
tier3_iso,2014,12345,71,M+L+C+MP,0.0,0,150,0.0
tier3_iso,2014,12345,72,KD+MP,0.0,0,41,0.0
tier3_iso,2014,12345,73,M+KD+MP,0.0,0,125,0.0
tier3_iso,2014,12345,74,L+KD+MP,0.0,0,60,0.0
tier3_iso,2014,12345,75,M+L+KD+MP,0.0,0,144,0.0
tier3_iso,2014,12345,76,C+KD+MP,0.0,0,63,0.0
tier3_iso,2014,12345,77,M+C+KD+MP,0.0,0,147,0.0
tier3_iso,2014,12345,78,L+C+KD+MP,0.0,0,82,0.0
tier3_iso,2014,12345,79,M+L+C+KD+MP,1.0,0,166,1.0
tier3_iso,2014,12345,80,S+MP,0.0,0,138,0.0
tier3_iso,2014,12345,81,M+S+MP,1.0,1,222,0.0
tier3_iso,2014,12345,82,L+S+MP,0.3316,0,157,0.10995856000000001
tier3_iso,2014,12345,83,M+L+S+MP,1.0,1,241,0.0
tier3_iso,2014,12345,84,C+S+MP,0.0,0,160,0.0
tier3_iso,2014,12345,85,M+C+S+MP,1.0,1,244,0.0
tier3_iso,2014,12345,86,L+C+S+MP,1.0,1,179,0.0
tier3_iso,2014,12345,87,M+L+C+S+MP,1.0,1,263,0.0
tier3_iso,2014,12345,88,KD+S+MP,0.0,0,154,0.0
tier3_iso,2014,12345,89,M+KD+S+MP,1.0,1,238,0.0
tier3_iso,2014,12345,90,L+KD+S+MP,1.0,0,173,1.0
tier3_iso,2014,12345,91,M+L+KD+S+MP,1.0,1,257,0.0
tier3_iso,2014,12345,92,C+KD+S+MP,1.0,1,176,0.0
tier3_iso,2014,12345,93,M+C+KD+S+MP,1.0,1,260,0.0
tier3_iso,2014,12345,94,L+C+KD+S+MP,1.0,1,195,0.0
tier3_iso,2014,12345,95,M+L+C+KD+S+MP,1.0,1,279,0.0
tier3_iso,2014,12345,96,V+MP,0.0,0,46,0.0
tier3_iso,2014,12345,97,M+V+MP,0.0,0,130,0.0
tier3_iso,2014,12345,98,L+V+MP,0.0,0,65,0.0
tier3_iso,2014,12345,99,M+L+V+MP,0.0,0,149,0.0
tier3_iso,2014,12345,100,C+V+MP,0.0,0,68,0.0
tier3_iso,2014,12345,101,M+C+V+MP,0.0,0,152,0.0
tier3_iso,2014,12345,102,L+C+V+MP,0.0,0,87,0.0
tier3_iso,2014,12345,103,M+L+C+V+MP,1.0,0,171,1.0
tier3_iso,2014,12345,104,KD+V+MP,0.0,0,62,0.0
tier3_iso,2014,12345,105,M+KD+V+MP,0.0,0,146,0.0
tier3_iso,2014,12345,106,L+KD+V+MP,0.0,0,81,0.0
tier3_iso,2014,12345,107,M+L+KD+V+MP,0.6684,0,165,0.44675855999999997
tier3_iso,2014,12345,108,C+KD+V+MP,0.0,0,84,0.0
tier3_iso,2014,12345,109,M+C+KD+V+MP,0.6684,0,168,0.44675855999999997
tier3_iso,2014,12345,110,L+C+KD+V+MP,0.0,0,103,0.0
tier3_iso,2014,12345,111,M+L+C+KD+V+MP,1.0,1,187,0.0
tier3_iso,2014,12345,112,S+V+MP,0.0,0,159,0.0
tier3_iso,2014,12345,113,M+S+V+MP,1.0,1,243,0.0
tier3_iso,2014,12345,114,L+S+V+MP,1.0,1,178,0.0
tier3_iso,2014,12345,115,M+L+S+V+MP,1.0,1,262,0.0
tier3_iso,2014,12345,116,C+S+V+MP,1.0,1,181,0.0
tier3_iso,2014,12345,117,M+C+S+V+MP,1.0,1,265,0.0
tier3_iso,2014,12345,118,L+C+S+V+MP,1.0,1,200,0.0
tier3_iso,2014,12345,119,M+L+C+S+V+MP,1.0,1,284,0.0
tier3_iso,2014,12345,120,KD+S+V+MP,1.0,1,175,0.0
tier3_iso,2014,12345,121,M+KD+S+V+MP,1.0,1,259,0.0
tier3_iso,2014,12345,122,L+KD+S+V+MP,1.0,1,194,0.0
tier3_iso,2014,12345,123,M+L+KD+S+V+MP,1.0,1,278,0.0
tier3_iso,2014,12345,124,C+KD+S+V+MP,1.0,1,197,0.0
tier3_iso,2014,12345,125,M+C+KD+S+V+MP,1.0,1,281,0.0
tier3_iso,2014,12345,126,L+C+KD+S+V+MP,1.0,1,216,0.0
tier3_iso,2014,12345,127,M+L+C+KD+S+V+MP,1.0,1,300,0.0
tier3_iso,2014,12345,128,SD,0.0,0,49,0.0
tier3_iso,2014,12345,129,M+SD,0.0,0,133,0.0
tier3_iso,2014,12345,130,L+SD,0.0,0,68,0.0
tier3_iso,2014,12345,131,M+L+SD,0.0,0,152,0.0
tier3_iso,2014,12345,132,C+SD,0.0,0,71,0.0
tier3_iso,2014,12345,133,M+C+SD,0.0,0,155,0.0
tier3_iso,2014,12345,134,L+C+SD,0.0,0,90,0.0
tier3_iso,2014,12345,135,M+L+C+SD,0.0,0,174,0.0
tier3_iso,2014,12345,136,KD+SD,0.0,0,65,0.0
tier3_iso,2014,12345,137,M+KD+SD,0.0,0,149,0.0
tier3_iso,2014,12345,138,L+KD+SD,0.0,0,84,0.0
tier3_iso,2014,12345,139,M+L+KD+SD,0.0,0,168,0.0
tier3_iso,2014,12345,140,C+KD+SD,0.0,0,87,0.0
tier3_iso,2014,12345,141,M+C+KD+SD,0.0,0,171,0.0
tier3_iso,2014,12345,142,L+C+KD+SD,0.0,0,106,0.0
tier3_iso,2014,12345,143,M+L+C+KD+SD,1.0,1,190,0.0
tier3_iso,2014,12345,144,S+SD,0.0,0,162,0.0
tier3_iso,2014,12345,145,M+S+SD,1.0,1,246,0.0
tier3_iso,2014,12345,146,L+S+SD,0.3316,1,181,0.44675855999999997
tier3_iso,2014,12345,147,M+L+S+SD,1.0,1,265,0.0
tier3_iso,2014,12345,148,C+S+SD,0.3316,1,184,0.44675855999999997
tier3_iso,2014,12345,149,M+C+S+SD,1.0,1,268,0.0
tier3_iso,2014,12345,150,L+C+S+SD,1.0,1,203,0.0
tier3_iso,2014,12345,151,M+L+C+S+SD,1.0,1,287,0.0
tier3_iso,2014,12345,152,KD+S+SD,0.0,1,178,1.0
tier3_iso,2014,12345,153,M+KD+S+SD,1.0,1,262,0.0
tier3_iso,2014,12345,154,L+KD+S+SD,1.0,1,197,0.0
tier3_iso,2014,12345,155,M+L+KD+S+SD,1.0,1,281,0.0
tier3_iso,2014,12345,156,C+KD+S+SD,1.0,1,200,0.0
tier3_iso,2014,12345,157,M+C+KD+S+SD,1.0,1,284,0.0
tier3_iso,2014,12345,158,L+C+KD+S+SD,1.0,1,219,0.0
tier3_iso,2014,12345,159,M+L+C+KD+S+SD,1.0,1,303,0.0
tier3_iso,2014,12345,160,V+SD,0.0,0,70,0.0
tier3_iso,2014,12345,161,M+V+SD,0.0,0,154,0.0
tier3_iso,2014,12345,162,L+V+SD,0.0,0,89,0.0
tier3_iso,2014,12345,163,M+L+V+SD,0.0,0,173,0.0
tier3_iso,2014,12345,164,C+V+SD,0.0,0,92,0.0
tier3_iso,2014,12345,165,M+C+V+SD,0.0,1,176,1.0
tier3_iso,2014,12345,166,L+C+V+SD,0.0,0,111,0.0
tier3_iso,2014,12345,167,M+L+C+V+SD,1.0,1,195,0.0
tier3_iso,2014,12345,168,KD+V+SD,0.0,0,86,0.0
tier3_iso,2014,12345,169,M+KD+V+SD,0.0,0,170,0.0
tier3_iso,2014,12345,170,L+KD+V+SD,0.0,0,105,0.0
tier3_iso,2014,12345,171,M+L+KD+V+SD,1.0,1,189,0.0
tier3_iso,2014,12345,172,C+KD+V+SD,0.0,0,108,0.0
tier3_iso,2014,12345,173,M+C+KD+V+SD,0.6684,1,192,0.10995856000000001
tier3_iso,2014,12345,174,L+C+KD+V+SD,0.0,0,127,0.0
tier3_iso,2014,12345,175,M+L+C+KD+V+SD,1.0,1,211,0.0
tier3_iso,2014,12345,176,S+V+SD,0.0,1,183,1.0
tier3_iso,2014,12345,177,M+S+V+SD,1.0,1,267,0.0
tier3_iso,2014,12345,178,L+S+V+SD,1.0,1,202,0.0
tier3_iso,2014,12345,179,M+L+S+V+SD,1.0,1,286,0.0
tier3_iso,2014,12345,180,C+S+V+SD,1.0,1,205,0.0
tier3_iso,2014,12345,181,M+C+S+V+SD,1.0,1,289,0.0
tier3_iso,2014,12345,182,L+C+S+V+SD,1.0,1,224,0.0
tier3_iso,2014,12345,183,M+L+C+S+V+SD,1.0,1,308,0.0
tier3_iso,2014,12345,184,KD+S+V+SD,1.0,1,199,0.0
tier3_iso,2014,12345,185,M+KD+S+V+SD,1.0,1,283,0.0
tier3_iso,2014,12345,186,L+KD+S+V+SD,1.0,1,218,0.0
tier3_iso,2014,12345,187,M+L+KD+S+V+SD,1.0,1,302,0.0
tier3_iso,2014,12345,188,C+KD+S+V+SD,1.0,1,221,0.0
tier3_iso,2014,12345,189,M+C+KD+S+V+SD,1.0,1,305,0.0
tier3_iso,2014,12345,190,L+C+KD+S+V+SD,1.0,1,240,0.0
tier3_iso,2014,12345,191,M+L+C+KD+S+V+SD,1.0,1,324,0.0
tier3_iso,2014,12345,192,MP+SD,0.0,0,74,0.0
tier3_iso,2014,12345,193,M+MP+SD,0.0,0,158,0.0
tier3_iso,2014,12345,194,L+MP+SD,0.0,0,93,0.0
tier3_iso,2014,12345,195,M+L+MP+SD,0.0,1,177,1.0
tier3_iso,2014,12345,196,C+MP+SD,0.0,0,96,0.0
tier3_iso,2014,12345,197,M+C+MP+SD,0.33855,1,180,0.4375161025
tier3_iso,2014,12345,198,L+C+MP+SD,0.0,0,115,0.0
tier3_iso,2014,12345,199,M+L+C+MP+SD,1.0,1,199,0.0
tier3_iso,2014,12345,200,KD+MP+SD,0.0,0,90,0.0
tier3_iso,2014,12345,201,M+KD+MP+SD,0.0,0,174,0.0
tier3_iso,2014,12345,202,L+KD+MP+SD,0.0,0,109,0.0
tier3_iso,2014,12345,203,M+L+KD+MP+SD,1.0,1,193,0.0
tier3_iso,2014,12345,204,C+KD+MP+SD,0.0,0,112,0.0
tier3_iso,2014,12345,205,M+C+KD+MP+SD,1.0,1,196,0.0
tier3_iso,2014,12345,206,L+C+KD+MP+SD,0.0,0,131,0.0
tier3_iso,2014,12345,207,M+L+C+KD+MP+SD,1.0,1,215,0.0
tier3_iso,2014,12345,208,S+MP+SD,0.67015,1,187,0.10880102249999998
tier3_iso,2014,12345,209,M+S+MP+SD,1.0,1,271,0.0
tier3_iso,2014,12345,210,L+S+MP+SD,1.0,1,206,0.0
tier3_iso,2014,12345,211,M+L+S+MP+SD,1.0,1,290,0.0
tier3_iso,2014,12345,212,C+S+MP+SD,1.0,1,209,0.0
tier3_iso,2014,12345,213,M+C+S+MP+SD,1.0,1,293,0.0
tier3_iso,2014,12345,214,L+C+S+MP+SD,1.0,1,228,0.0
tier3_iso,2014,12345,215,M+L+C+S+MP+SD,1.0,1,312,0.0
tier3_iso,2014,12345,216,KD+S+MP+SD,1.0,1,203,0.0
tier3_iso,2014,12345,217,M+KD+S+MP+SD,1.0,1,287,0.0
tier3_iso,2014,12345,218,L+KD+S+MP+SD,1.0,1,222,0.0
tier3_iso,2014,12345,219,M+L+KD+S+MP+SD,1.0,1,306,0.0
tier3_iso,2014,12345,220,C+KD+S+MP+SD,1.0,1,225,0.0
tier3_iso,2014,12345,221,M+C+KD+S+MP+SD,1.0,1,309,0.0
tier3_iso,2014,12345,222,L+C+KD+S+MP+SD,1.0,1,244,0.0
tier3_iso,2014,12345,223,M+L+C+KD+S+MP+SD,1.0,1,328,0.0
tier3_iso,2014,12345,224,V+MP+SD,0.0,0,95,0.0
tier3_iso,2014,12345,225,M+V+MP+SD,0.6684,1,179,0.10995856000000001
tier3_iso,2014,12345,226,L+V+MP+SD,0.0,0,114,0.0
tier3_iso,2014,12345,227,M+L+V+MP+SD,1.0,1,198,0.0
tier3_iso,2014,12345,228,C+V+MP+SD,0.0,0,117,0.0
tier3_iso,2014,12345,229,M+C+V+MP+SD,1.0,1,201,0.0
tier3_iso,2014,12345,230,L+C+V+MP+SD,0.0,0,136,0.0
tier3_iso,2014,12345,231,M+L+C+V+MP+SD,1.0,1,220,0.0
tier3_iso,2014,12345,232,KD+V+MP+SD,0.0,0,111,0.0
tier3_iso,2014,12345,233,M+KD+V+MP+SD,1.0,1,195,0.0
tier3_iso,2014,12345,234,L+KD+V+MP+SD,0.0,0,130,0.0
tier3_iso,2014,12345,235,M+L+KD+V+MP+SD,1.0,1,214,0.0
tier3_iso,2014,12345,236,C+KD+V+MP+SD,0.0,0,133,0.0
tier3_iso,2014,12345,237,M+C+KD+V+MP+SD,1.0,1,217,0.0
tier3_iso,2014,12345,238,L+C+KD+V+MP+SD,0.0,0,152,0.0
tier3_iso,2014,12345,239,M+L+C+KD+V+MP+SD,1.0,1,236,0.0
tier3_iso,2014,12345,240,S+V+MP+SD,1.0,1,208,0.0
tier3_iso,2014,12345,241,M+S+V+MP+SD,1.0,1,292,0.0
tier3_iso,2014,12345,242,L+S+V+MP+SD,1.0,1,227,0.0
tier3_iso,2014,12345,243,M+L+S+V+MP+SD,1.0,1,311,0.0
tier3_iso,2014,12345,244,C+S+V+MP+SD,1.0,1,230,0.0
tier3_iso,2014,12345,245,M+C+S+V+MP+SD,1.0,1,314,0.0
tier3_iso,2014,12345,246,L+C+S+V+MP+SD,1.0,1,249,0.0
tier3_iso,2014,12345,247,M+L+C+S+V+MP+SD,1.0,1,333,0.0
tier3_iso,2014,12345,248,KD+S+V+MP+SD,1.0,1,224,0.0
tier3_iso,2014,12345,249,M+KD+S+V+MP+SD,1.0,1,308,0.0
tier3_iso,2014,12345,250,L+KD+S+V+MP+SD,1.0,1,243,0.0
tier3_iso,2014,12345,251,M+L+KD+S+V+MP+SD,1.0,1,327,0.0
tier3_iso,2014,12345,252,C+KD+S+V+MP+SD,1.0,1,246,0.0
tier3_iso,2014,12345,253,M+C+KD+S+V+MP+SD,1.0,1,330,0.0
tier3_iso,2014,12345,254,L+C+KD+S+V+MP+SD,1.0,1,265,0.0
tier3_iso,2014,24680,1,M,0.0,0,84,0.0
tier3_iso,2014,24680,2,L,0.0,0,19,0.0
tier3_iso,2014,24680,3,M+L,0.0,0,103,0.0
tier3_iso,2014,24680,4,C,0.0,0,22,0.0
tier3_iso,2014,24680,5,M+C,0.0,0,106,0.0
tier3_iso,2014,24680,6,L+C,0.0,0,41,0.0
tier3_iso,2014,24680,7,M+L+C,0.0,0,125,0.0
tier3_iso,2014,24680,8,KD,0.0,0,16,0.0
tier3_iso,2014,24680,9,M+KD,0.0,0,100,0.0
tier3_iso,2014,24680,10,L+KD,0.0,0,35,0.0
tier3_iso,2014,24680,11,M+L+KD,0.0,0,119,0.0
tier3_iso,2014,24680,12,C+KD,0.0,0,38,0.0
tier3_iso,2014,24680,13,M+C+KD,0.0,0,122,0.0
tier3_iso,2014,24680,14,L+C+KD,0.0,0,57,0.0
tier3_iso,2014,24680,15,M+L+C+KD,0.0,0,141,0.0
tier3_iso,2014,24680,16,S,0.0,0,113,0.0
tier3_iso,2014,24680,17,M+S,1.0,1,197,0.0
tier3_iso,2014,24680,18,L+S,0.0,0,132,0.0
tier3_iso,2014,24680,19,M+L+S,1.0,1,216,0.0
tier3_iso,2014,24680,20,C+S,0.0,0,135,0.0
tier3_iso,2014,24680,21,M+C+S,1.0,1,219,0.0
tier3_iso,2014,24680,22,L+C+S,0.0,0,154,0.0
tier3_iso,2014,24680,23,M+L+C+S,1.0,1,238,0.0
tier3_iso,2014,24680,24,KD+S,0.0,0,129,0.0
tier3_iso,2014,24680,25,M+KD+S,1.0,1,213,0.0
tier3_iso,2014,24680,26,L+KD+S,0.0,0,148,0.0
tier3_iso,2014,24680,27,M+L+KD+S,1.0,1,232,0.0
tier3_iso,2014,24680,28,C+KD+S,0.0,0,151,0.0
tier3_iso,2014,24680,29,M+C+KD+S,1.0,1,235,0.0
tier3_iso,2014,24680,30,L+C+KD+S,0.33675,0,170,0.1134005625
tier3_iso,2014,24680,31,M+L+C+KD+S,1.0,1,254,0.0
tier3_iso,2014,24680,32,V,0.0,0,21,0.0
tier3_iso,2014,24680,33,M+V,0.0,0,105,0.0
tier3_iso,2014,24680,34,L+V,0.0,0,40,0.0
tier3_iso,2014,24680,35,M+L+V,0.0,0,124,0.0
tier3_iso,2014,24680,36,C+V,0.0,0,43,0.0
tier3_iso,2014,24680,37,M+C+V,0.0,0,127,0.0
tier3_iso,2014,24680,38,L+C+V,0.0,0,62,0.0
tier3_iso,2014,24680,39,M+L+C+V,0.0,0,146,0.0
tier3_iso,2014,24680,40,KD+V,0.0,0,37,0.0
tier3_iso,2014,24680,41,M+KD+V,0.0,0,121,0.0
tier3_iso,2014,24680,42,L+KD+V,0.0,0,56,0.0
tier3_iso,2014,24680,43,M+L+KD+V,0.0,0,140,0.0
tier3_iso,2014,24680,44,C+KD+V,0.0,0,59,0.0
tier3_iso,2014,24680,45,M+C+KD+V,0.0,0,143,0.0
tier3_iso,2014,24680,46,L+C+KD+V,0.0,0,78,0.0
tier3_iso,2014,24680,47,M+L+C+KD+V,0.33565,0,162,0.1126609225
tier3_iso,2014,24680,48,S+V,0.0,0,134,0.0
tier3_iso,2014,24680,49,M+S+V,1.0,1,218,0.0
tier3_iso,2014,24680,50,L+S+V,0.0,0,153,0.0
tier3_iso,2014,24680,51,M+L+S+V,1.0,1,237,0.0
tier3_iso,2014,24680,52,C+S+V,0.0,0,156,0.0
tier3_iso,2014,24680,53,M+C+S+V,1.0,1,240,0.0
tier3_iso,2014,24680,54,L+C+S+V,1.0,1,175,0.0
tier3_iso,2014,24680,55,M+L+C+S+V,1.0,1,259,0.0
tier3_iso,2014,24680,56,KD+S+V,0.0,0,150,0.0
tier3_iso,2014,24680,57,M+KD+S+V,1.0,1,234,0.0
tier3_iso,2014,24680,58,L+KD+S+V,0.6724,0,169,0.45212176
tier3_iso,2014,24680,59,M+L+KD+S+V,1.0,1,253,0.0
tier3_iso,2014,24680,60,C+KD+S+V,1.0,0,172,1.0
tier3_iso,2014,24680,61,M+C+KD+S+V,1.0,1,256,0.0
tier3_iso,2014,24680,62,L+C+KD+S+V,1.0,1,191,0.0
tier3_iso,2014,24680,63,M+L+C+KD+S+V,1.0,1,275,0.0
tier3_iso,2014,24680,64,MP,0.0,0,25,0.0
tier3_iso,2014,24680,65,M+MP,0.0,0,109,0.0
tier3_iso,2014,24680,66,L+MP,0.0,0,44,0.0
tier3_iso,2014,24680,67,M+L+MP,0.0,0,128,0.0
tier3_iso,2014,24680,68,C+MP,0.0,0,47,0.0
tier3_iso,2014,24680,69,M+C+MP,0.0,0,131,0.0
tier3_iso,2014,24680,70,L+C+MP,0.0,0,66,0.0
tier3_iso,2014,24680,71,M+L+C+MP,0.0,0,150,0.0
tier3_iso,2014,24680,72,KD+MP,0.0,0,41,0.0
tier3_iso,2014,24680,73,M+KD+MP,0.0,0,125,0.0
tier3_iso,2014,24680,74,L+KD+MP,0.0,0,60,0.0
tier3_iso,2014,24680,75,M+L+KD+MP,0.0,0,144,0.0
tier3_iso,2014,24680,76,C+KD+MP,0.0,0,63,0.0
tier3_iso,2014,24680,77,M+C+KD+MP,0.0,0,147,0.0
tier3_iso,2014,24680,78,L+C+KD+MP,0.0,0,82,0.0
tier3_iso,2014,24680,79,M+L+C+KD+MP,1.0,0,166,1.0
tier3_iso,2014,24680,80,S+MP,0.0,0,138,0.0
tier3_iso,2014,24680,81,M+S+MP,1.0,1,222,0.0
tier3_iso,2014,24680,82,L+S+MP,0.33675,0,157,0.1134005625
tier3_iso,2014,24680,83,M+L+S+MP,1.0,1,241,0.0
tier3_iso,2014,24680,84,C+S+MP,0.0,0,160,0.0
tier3_iso,2014,24680,85,M+C+S+MP,1.0,1,244,0.0
tier3_iso,2014,24680,86,L+C+S+MP,1.0,1,179,0.0
tier3_iso,2014,24680,87,M+L+C+S+MP,1.0,1,263,0.0
tier3_iso,2014,24680,88,KD+S+MP,0.0,0,154,0.0
tier3_iso,2014,24680,89,M+KD+S+MP,1.0,1,238,0.0
tier3_iso,2014,24680,90,L+KD+S+MP,1.0,0,173,1.0
tier3_iso,2014,24680,91,M+L+KD+S+MP,1.0,1,257,0.0
tier3_iso,2014,24680,92,C+KD+S+MP,1.0,1,176,0.0
tier3_iso,2014,24680,93,M+C+KD+S+MP,1.0,1,260,0.0
tier3_iso,2014,24680,94,L+C+KD+S+MP,1.0,1,195,0.0
tier3_iso,2014,24680,95,M+L+C+KD+S+MP,1.0,1,279,0.0
tier3_iso,2014,24680,96,V+MP,0.0,0,46,0.0
tier3_iso,2014,24680,97,M+V+MP,0.0,0,130,0.0
tier3_iso,2014,24680,98,L+V+MP,0.0,0,65,0.0
tier3_iso,2014,24680,99,M+L+V+MP,0.0,0,149,0.0
tier3_iso,2014,24680,100,C+V+MP,0.0,0,68,0.0
tier3_iso,2014,24680,101,M+C+V+MP,0.0,0,152,0.0
tier3_iso,2014,24680,102,L+C+V+MP,0.0,0,87,0.0
tier3_iso,2014,24680,103,M+L+C+V+MP,1.0,0,171,1.0
tier3_iso,2014,24680,104,KD+V+MP,0.0,0,62,0.0
tier3_iso,2014,24680,105,M+KD+V+MP,0.0,0,146,0.0
tier3_iso,2014,24680,106,L+KD+V+MP,0.0,0,81,0.0
tier3_iso,2014,24680,107,M+L+KD+V+MP,0.66325,0,165,0.4399005625
tier3_iso,2014,24680,108,C+KD+V+MP,0.0,0,84,0.0
tier3_iso,2014,24680,109,M+C+KD+V+MP,0.66325,0,168,0.4399005625
tier3_iso,2014,24680,110,L+C+KD+V+MP,0.0,0,103,0.0
tier3_iso,2014,24680,111,M+L+C+KD+V+MP,1.0,1,187,0.0
tier3_iso,2014,24680,112,S+V+MP,0.0,0,159,0.0
tier3_iso,2014,24680,113,M+S+V+MP,1.0,1,243,0.0
tier3_iso,2014,24680,114,L+S+V+MP,1.0,1,178,0.0
tier3_iso,2014,24680,115,M+L+S+V+MP,1.0,1,262,0.0
tier3_iso,2014,24680,116,C+S+V+MP,1.0,1,181,0.0
tier3_iso,2014,24680,117,M+C+S+V+MP,1.0,1,265,0.0
tier3_iso,2014,24680,118,L+C+S+V+MP,1.0,1,200,0.0
tier3_iso,2014,24680,119,M+L+C+S+V+MP,1.0,1,284,0.0
tier3_iso,2014,24680,120,KD+S+V+MP,1.0,1,175,0.0
tier3_iso,2014,24680,121,M+KD+S+V+MP,1.0,1,259,0.0
tier3_iso,2014,24680,122,L+KD+S+V+MP,1.0,1,194,0.0
tier3_iso,2014,24680,123,M+L+KD+S+V+MP,1.0,1,278,0.0
tier3_iso,2014,24680,124,C+KD+S+V+MP,1.0,1,197,0.0
tier3_iso,2014,24680,125,M+C+KD+S+V+MP,1.0,1,281,0.0
tier3_iso,2014,24680,126,L+C+KD+S+V+MP,1.0,1,216,0.0
tier3_iso,2014,24680,127,M+L+C+KD+S+V+MP,1.0,1,300,0.0
tier3_iso,2014,24680,128,SD,0.0,0,49,0.0
tier3_iso,2014,24680,129,M+SD,0.0,0,133,0.0
tier3_iso,2014,24680,130,L+SD,0.0,0,68,0.0
tier3_iso,2014,24680,131,M+L+SD,0.0,0,152,0.0
tier3_iso,2014,24680,132,C+SD,0.0,0,71,0.0
tier3_iso,2014,24680,133,M+C+SD,0.0,0,155,0.0
tier3_iso,2014,24680,134,L+C+SD,0.0,0,90,0.0
tier3_iso,2014,24680,135,M+L+C+SD,0.0,0,174,0.0
tier3_iso,2014,24680,136,KD+SD,0.0,0,65,0.0
tier3_iso,2014,24680,137,M+KD+SD,0.0,0,149,0.0
tier3_iso,2014,24680,138,L+KD+SD,0.0,0,84,0.0
tier3_iso,2014,24680,139,M+L+KD+SD,0.0,0,168,0.0
tier3_iso,2014,24680,140,C+KD+SD,0.0,0,87,0.0
tier3_iso,2014,24680,141,M+C+KD+SD,0.0,0,171,0.0
tier3_iso,2014,24680,142,L+C+KD+SD,0.0,0,106,0.0
tier3_iso,2014,24680,143,M+L+C+KD+SD,1.0,1,190,0.0
tier3_iso,2014,24680,144,S+SD,0.0,0,162,0.0
tier3_iso,2014,24680,145,M+S+SD,1.0,1,246,0.0
tier3_iso,2014,24680,146,L+S+SD,0.33675,1,181,0.4399005625
tier3_iso,2014,24680,147,M+L+S+SD,1.0,1,265,0.0
tier3_iso,2014,24680,148,C+S+SD,0.33675,1,184,0.4399005625
tier3_iso,2014,24680,149,M+C+S+SD,1.0,1,268,0.0
tier3_iso,2014,24680,150,L+C+S+SD,1.0,1,203,0.0
tier3_iso,2014,24680,151,M+L+C+S+SD,1.0,1,287,0.0
tier3_iso,2014,24680,152,KD+S+SD,0.0,1,178,1.0
tier3_iso,2014,24680,153,M+KD+S+SD,1.0,1,262,0.0
tier3_iso,2014,24680,154,L+KD+S+SD,1.0,1,197,0.0
tier3_iso,2014,24680,155,M+L+KD+S+SD,1.0,1,281,0.0
tier3_iso,2014,24680,156,C+KD+S+SD,1.0,1,200,0.0
tier3_iso,2014,24680,157,M+C+KD+S+SD,1.0,1,284,0.0
tier3_iso,2014,24680,158,L+C+KD+S+SD,1.0,1,219,0.0
tier3_iso,2014,24680,159,M+L+C+KD+S+SD,1.0,1,303,0.0
tier3_iso,2014,24680,160,V+SD,0.0,0,70,0.0
tier3_iso,2014,24680,161,M+V+SD,0.0,0,154,0.0
tier3_iso,2014,24680,162,L+V+SD,0.0,0,89,0.0
tier3_iso,2014,24680,163,M+L+V+SD,0.0,0,173,0.0
tier3_iso,2014,24680,164,C+V+SD,0.0,0,92,0.0
tier3_iso,2014,24680,165,M+C+V+SD,0.0,1,176,1.0
tier3_iso,2014,24680,166,L+C+V+SD,0.0,0,111,0.0
tier3_iso,2014,24680,167,M+L+C+V+SD,1.0,1,195,0.0
tier3_iso,2014,24680,168,KD+V+SD,0.0,0,86,0.0
tier3_iso,2014,24680,169,M+KD+V+SD,0.0,0,170,0.0
tier3_iso,2014,24680,170,L+KD+V+SD,0.0,0,105,0.0
tier3_iso,2014,24680,171,M+L+KD+V+SD,1.0,1,189,0.0
tier3_iso,2014,24680,172,C+KD+V+SD,0.0,0,108,0.0
tier3_iso,2014,24680,173,M+C+KD+V+SD,0.66325,1,192,0.1134005625
tier3_iso,2014,24680,174,L+C+KD+V+SD,0.0,0,127,0.0
tier3_iso,2014,24680,175,M+L+C+KD+V+SD,1.0,1,211,0.0
tier3_iso,2014,24680,176,S+V+SD,0.0,1,183,1.0
tier3_iso,2014,24680,177,M+S+V+SD,1.0,1,267,0.0
tier3_iso,2014,24680,178,L+S+V+SD,1.0,1,202,0.0
tier3_iso,2014,24680,179,M+L+S+V+SD,1.0,1,286,0.0
tier3_iso,2014,24680,180,C+S+V+SD,1.0,1,205,0.0
tier3_iso,2014,24680,181,M+C+S+V+SD,1.0,1,289,0.0
tier3_iso,2014,24680,182,L+C+S+V+SD,1.0,1,224,0.0
tier3_iso,2014,24680,183,M+L+C+S+V+SD,1.0,1,308,0.0
tier3_iso,2014,24680,184,KD+S+V+SD,1.0,1,199,0.0
tier3_iso,2014,24680,185,M+KD+S+V+SD,1.0,1,283,0.0
tier3_iso,2014,24680,186,L+KD+S+V+SD,1.0,1,218,0.0
tier3_iso,2014,24680,187,M+L+KD+S+V+SD,1.0,1,302,0.0
tier3_iso,2014,24680,188,C+KD+S+V+SD,1.0,1,221,0.0
tier3_iso,2014,24680,189,M+C+KD+S+V+SD,1.0,1,305,0.0
tier3_iso,2014,24680,190,L+C+KD+S+V+SD,1.0,1,240,0.0
tier3_iso,2014,24680,191,M+L+C+KD+S+V+SD,1.0,1,324,0.0
tier3_iso,2014,24680,192,MP+SD,0.0,0,74,0.0
tier3_iso,2014,24680,193,M+MP+SD,0.0,0,158,0.0
tier3_iso,2014,24680,194,L+MP+SD,0.0,0,93,0.0
tier3_iso,2014,24680,195,M+L+MP+SD,0.0,1,177,1.0
tier3_iso,2014,24680,196,C+MP+SD,0.0,0,96,0.0
tier3_iso,2014,24680,197,M+C+MP+SD,0.3276,1,180,0.45212176
tier3_iso,2014,24680,198,L+C+MP+SD,0.0,0,115,0.0
tier3_iso,2014,24680,199,M+L+C+MP+SD,1.0,1,199,0.0
tier3_iso,2014,24680,200,KD+MP+SD,0.0,0,90,0.0
tier3_iso,2014,24680,201,M+KD+MP+SD,0.0,0,174,0.0
tier3_iso,2014,24680,202,L+KD+MP+SD,0.0,0,109,0.0
tier3_iso,2014,24680,203,M+L+KD+MP+SD,1.0,1,193,0.0
tier3_iso,2014,24680,204,C+KD+MP+SD,0.0,0,112,0.0
tier3_iso,2014,24680,205,M+C+KD+MP+SD,1.0,1,196,0.0
tier3_iso,2014,24680,206,L+C+KD+MP+SD,0.0,0,131,0.0
tier3_iso,2014,24680,207,M+L+C+KD+MP+SD,1.0,1,215,0.0
tier3_iso,2014,24680,208,S+MP+SD,0.66435,1,187,0.1126609225
tier3_iso,2014,24680,209,M+S+MP+SD,1.0,1,271,0.0
tier3_iso,2014,24680,210,L+S+MP+SD,1.0,1,206,0.0
tier3_iso,2014,24680,211,M+L+S+MP+SD,1.0,1,290,0.0
tier3_iso,2014,24680,212,C+S+MP+SD,1.0,1,209,0.0
tier3_iso,2014,24680,213,M+C+S+MP+SD,1.0,1,293,0.0
tier3_iso,2014,24680,214,L+C+S+MP+SD,1.0,1,228,0.0
tier3_iso,2014,24680,215,M+L+C+S+MP+SD,1.0,1,312,0.0
tier3_iso,2014,24680,216,KD+S+MP+SD,1.0,1,203,0.0
tier3_iso,2014,24680,217,M+KD+S+MP+SD,1.0,1,287,0.0
tier3_iso,2014,24680,218,L+KD+S+MP+SD,1.0,1,222,0.0
tier3_iso,2014,24680,219,M+L+KD+S+MP+SD,1.0,1,306,0.0
tier3_iso,2014,24680,220,C+KD+S+MP+SD,1.0,1,225,0.0
tier3_iso,2014,24680,221,M+C+KD+S+MP+SD,1.0,1,309,0.0
tier3_iso,2014,24680,222,L+C+KD+S+MP+SD,1.0,1,244,0.0
tier3_iso,2014,24680,223,M+L+C+KD+S+MP+SD,1.0,1,328,0.0
tier3_iso,2014,24680,224,V+MP+SD,0.0,0,95,0.0
tier3_iso,2014,24680,225,M+V+MP+SD,0.66325,1,179,0.1134005625
tier3_iso,2014,24680,226,L+V+MP+SD,0.0,0,114,0.0
tier3_iso,2014,24680,227,M+L+V+MP+SD,1.0,1,198,0.0
tier3_iso,2014,24680,228,C+V+MP+SD,0.0,0,117,0.0
tier3_iso,2014,24680,229,M+C+V+MP+SD,1.0,1,201,0.0
tier3_iso,2014,24680,230,L+C+V+MP+SD,0.0,0,136,0.0
tier3_iso,2014,24680,231,M+L+C+V+MP+SD,1.0,1,220,0.0
tier3_iso,2014,24680,232,KD+V+MP+SD,0.0,0,111,0.0
tier3_iso,2014,24680,233,M+KD+V+MP+SD,1.0,1,195,0.0
tier3_iso,2014,24680,234,L+KD+V+MP+SD,0.0,0,130,0.0
tier3_iso,2014,24680,235,M+L+KD+V+MP+SD,1.0,1,214,0.0
tier3_iso,2014,24680,236,C+KD+V+MP+SD,0.0,0,133,0.0
tier3_iso,2014,24680,237,M+C+KD+V+MP+SD,1.0,1,217,0.0
tier3_iso,2014,24680,238,L+C+KD+V+MP+SD,0.0,0,152,0.0
tier3_iso,2014,24680,239,M+L+C+KD+V+MP+SD,1.0,1,236,0.0
tier3_iso,2014,24680,240,S+V+MP+SD,1.0,1,208,0.0
tier3_iso,2014,24680,241,M+S+V+MP+SD,1.0,1,292,0.0
tier3_iso,2014,24680,242,L+S+V+MP+SD,1.0,1,227,0.0
tier3_iso,2014,24680,243,M+L+S+V+MP+SD,1.0,1,311,0.0
tier3_iso,2014,24680,244,C+S+V+MP+SD,1.0,1,230,0.0
tier3_iso,2014,24680,245,M+C+S+V+MP+SD,1.0,1,314,0.0
tier3_iso,2014,24680,246,L+C+S+V+MP+SD,1.0,1,249,0.0
tier3_iso,2014,24680,247,M+L+C+S+V+MP+SD,1.0,1,333,0.0
tier3_iso,2014,24680,248,KD+S+V+MP+SD,1.0,1,224,0.0
tier3_iso,2014,24680,249,M+KD+S+V+MP+SD,1.0,1,308,0.0
tier3_iso,2014,24680,250,L+KD+S+V+MP+SD,1.0,1,243,0.0
tier3_iso,2014,24680,251,M+L+KD+S+V+MP+SD,1.0,1,327,0.0
tier3_iso,2014,24680,252,C+KD+S+V+MP+SD,1.0,1,246,0.0
tier3_iso,2014,24680,253,M+C+KD+S+V+MP+SD,1.0,1,330,0.0
tier3_iso,2014,24680,254,L+C+KD+S+V+MP+SD,1.0,1,265,0.0
tier3_iso,2014,98765,1,M,0.0,0,84,0.0
tier3_iso,2014,98765,2,L,0.0,0,19,0.0
tier3_iso,2014,98765,3,M+L,0.0,0,103,0.0
tier3_iso,2014,98765,4,C,0.0,0,22,0.0
tier3_iso,2014,98765,5,M+C,0.0,0,106,0.0
tier3_iso,2014,98765,6,L+C,0.0,0,41,0.0
tier3_iso,2014,98765,7,M+L+C,0.0,0,125,0.0
tier3_iso,2014,98765,8,KD,0.0,0,16,0.0
tier3_iso,2014,98765,9,M+KD,0.0,0,100,0.0
tier3_iso,2014,98765,10,L+KD,0.0,0,35,0.0
tier3_iso,2014,98765,11,M+L+KD,0.0,0,119,0.0
tier3_iso,2014,98765,12,C+KD,0.0,0,38,0.0
tier3_iso,2014,98765,13,M+C+KD,0.0,0,122,0.0
tier3_iso,2014,98765,14,L+C+KD,0.0,0,57,0.0
tier3_iso,2014,98765,15,M+L+C+KD,0.0,0,141,0.0
tier3_iso,2014,98765,16,S,0.0,0,113,0.0
tier3_iso,2014,98765,17,M+S,1.0,1,197,0.0
tier3_iso,2014,98765,18,L+S,0.0,0,132,0.0
tier3_iso,2014,98765,19,M+L+S,1.0,1,216,0.0
tier3_iso,2014,98765,20,C+S,0.0,0,135,0.0
tier3_iso,2014,98765,21,M+C+S,1.0,1,219,0.0
tier3_iso,2014,98765,22,L+C+S,0.0,0,154,0.0
tier3_iso,2014,98765,23,M+L+C+S,1.0,1,238,0.0
tier3_iso,2014,98765,24,KD+S,0.0,0,129,0.0
tier3_iso,2014,98765,25,M+KD+S,1.0,1,213,0.0
tier3_iso,2014,98765,26,L+KD+S,0.0,0,148,0.0
tier3_iso,2014,98765,27,M+L+KD+S,1.0,1,232,0.0
tier3_iso,2014,98765,28,C+KD+S,0.0,0,151,0.0
tier3_iso,2014,98765,29,M+C+KD+S,1.0,1,235,0.0
tier3_iso,2014,98765,30,L+C+KD+S,0.33185,0,170,0.11012442249999999
tier3_iso,2014,98765,31,M+L+C+KD+S,1.0,1,254,0.0
tier3_iso,2014,98765,32,V,0.0,0,21,0.0
tier3_iso,2014,98765,33,M+V,0.0,0,105,0.0
tier3_iso,2014,98765,34,L+V,0.0,0,40,0.0
tier3_iso,2014,98765,35,M+L+V,0.0,0,124,0.0
tier3_iso,2014,98765,36,C+V,0.0,0,43,0.0
tier3_iso,2014,98765,37,M+C+V,0.0,0,127,0.0
tier3_iso,2014,98765,38,L+C+V,0.0,0,62,0.0
tier3_iso,2014,98765,39,M+L+C+V,0.0,0,146,0.0
tier3_iso,2014,98765,40,KD+V,0.0,0,37,0.0
tier3_iso,2014,98765,41,M+KD+V,0.0,0,121,0.0
tier3_iso,2014,98765,42,L+KD+V,0.0,0,56,0.0
tier3_iso,2014,98765,43,M+L+KD+V,0.0,0,140,0.0
tier3_iso,2014,98765,44,C+KD+V,0.0,0,59,0.0
tier3_iso,2014,98765,45,M+C+KD+V,0.0,0,143,0.0
tier3_iso,2014,98765,46,L+C+KD+V,0.0,0,78,0.0
tier3_iso,2014,98765,47,M+L+C+KD+V,0.33365,0,162,0.1113223225
tier3_iso,2014,98765,48,S+V,0.0,0,134,0.0
tier3_iso,2014,98765,49,M+S+V,1.0,1,218,0.0
tier3_iso,2014,98765,50,L+S+V,0.0,0,153,0.0
tier3_iso,2014,98765,51,M+L+S+V,1.0,1,237,0.0
tier3_iso,2014,98765,52,C+S+V,0.0,0,156,0.0
tier3_iso,2014,98765,53,M+C+S+V,1.0,1,240,0.0
tier3_iso,2014,98765,54,L+C+S+V,1.0,1,175,0.0
tier3_iso,2014,98765,55,M+L+C+S+V,1.0,1,259,0.0
tier3_iso,2014,98765,56,KD+S+V,0.0,0,150,0.0
tier3_iso,2014,98765,57,M+KD+S+V,1.0,1,234,0.0
tier3_iso,2014,98765,58,L+KD+S+V,0.6655,0,169,0.44289025
tier3_iso,2014,98765,59,M+L+KD+S+V,1.0,1,253,0.0
tier3_iso,2014,98765,60,C+KD+S+V,1.0,0,172,1.0
tier3_iso,2014,98765,61,M+C+KD+S+V,1.0,1,256,0.0
tier3_iso,2014,98765,62,L+C+KD+S+V,1.0,1,191,0.0
tier3_iso,2014,98765,63,M+L+C+KD+S+V,1.0,1,275,0.0
tier3_iso,2014,98765,64,MP,0.0,0,25,0.0
tier3_iso,2014,98765,65,M+MP,0.0,0,109,0.0
tier3_iso,2014,98765,66,L+MP,0.0,0,44,0.0
tier3_iso,2014,98765,67,M+L+MP,0.0,0,128,0.0
tier3_iso,2014,98765,68,C+MP,0.0,0,47,0.0
tier3_iso,2014,98765,69,M+C+MP,0.0,0,131,0.0
tier3_iso,2014,98765,70,L+C+MP,0.0,0,66,0.0
tier3_iso,2014,98765,71,M+L+C+MP,0.0,0,150,0.0
tier3_iso,2014,98765,72,KD+MP,0.0,0,41,0.0
tier3_iso,2014,98765,73,M+KD+MP,0.0,0,125,0.0
tier3_iso,2014,98765,74,L+KD+MP,0.0,0,60,0.0
tier3_iso,2014,98765,75,M+L+KD+MP,0.0,0,144,0.0
tier3_iso,2014,98765,76,C+KD+MP,0.0,0,63,0.0
tier3_iso,2014,98765,77,M+C+KD+MP,0.0,0,147,0.0
tier3_iso,2014,98765,78,L+C+KD+MP,0.0,0,82,0.0
tier3_iso,2014,98765,79,M+L+C+KD+MP,1.0,0,166,1.0
tier3_iso,2014,98765,80,S+MP,0.0,0,138,0.0
tier3_iso,2014,98765,81,M+S+MP,1.0,1,222,0.0
tier3_iso,2014,98765,82,L+S+MP,0.33185,0,157,0.11012442249999999
tier3_iso,2014,98765,83,M+L+S+MP,1.0,1,241,0.0
tier3_iso,2014,98765,84,C+S+MP,0.0,0,160,0.0
tier3_iso,2014,98765,85,M+C+S+MP,1.0,1,244,0.0
tier3_iso,2014,98765,86,L+C+S+MP,1.0,1,179,0.0
tier3_iso,2014,98765,87,M+L+C+S+MP,1.0,1,263,0.0
tier3_iso,2014,98765,88,KD+S+MP,0.0,0,154,0.0
tier3_iso,2014,98765,89,M+KD+S+MP,1.0,1,238,0.0
tier3_iso,2014,98765,90,L+KD+S+MP,1.0,0,173,1.0
tier3_iso,2014,98765,91,M+L+KD+S+MP,1.0,1,257,0.0
tier3_iso,2014,98765,92,C+KD+S+MP,1.0,1,176,0.0
tier3_iso,2014,98765,93,M+C+KD+S+MP,1.0,1,260,0.0
tier3_iso,2014,98765,94,L+C+KD+S+MP,1.0,1,195,0.0
tier3_iso,2014,98765,95,M+L+C+KD+S+MP,1.0,1,279,0.0
tier3_iso,2014,98765,96,V+MP,0.0,0,46,0.0
tier3_iso,2014,98765,97,M+V+MP,0.0,0,130,0.0
tier3_iso,2014,98765,98,L+V+MP,0.0,0,65,0.0
tier3_iso,2014,98765,99,M+L+V+MP,0.0,0,149,0.0
tier3_iso,2014,98765,100,C+V+MP,0.0,0,68,0.0
tier3_iso,2014,98765,101,M+C+V+MP,0.0,0,152,0.0
tier3_iso,2014,98765,102,L+C+V+MP,0.0,0,87,0.0
tier3_iso,2014,98765,103,M+L+C+V+MP,1.0,0,171,1.0
tier3_iso,2014,98765,104,KD+V+MP,0.0,0,62,0.0
tier3_iso,2014,98765,105,M+KD+V+MP,0.0,0,146,0.0
tier3_iso,2014,98765,106,L+KD+V+MP,0.0,0,81,0.0
tier3_iso,2014,98765,107,M+L+KD+V+MP,0.66815,0,165,0.44642442250000003
tier3_iso,2014,98765,108,C+KD+V+MP,0.0,0,84,0.0
tier3_iso,2014,98765,109,M+C+KD+V+MP,0.66815,0,168,0.44642442250000003
tier3_iso,2014,98765,110,L+C+KD+V+MP,0.0,0,103,0.0
tier3_iso,2014,98765,111,M+L+C+KD+V+MP,1.0,1,187,0.0
tier3_iso,2014,98765,112,S+V+MP,0.0,0,159,0.0
tier3_iso,2014,98765,113,M+S+V+MP,1.0,1,243,0.0
tier3_iso,2014,98765,114,L+S+V+MP,1.0,1,178,0.0
tier3_iso,2014,98765,115,M+L+S+V+MP,1.0,1,262,0.0
tier3_iso,2014,98765,116,C+S+V+MP,1.0,1,181,0.0
tier3_iso,2014,98765,117,M+C+S+V+MP,1.0,1,265,0.0
tier3_iso,2014,98765,118,L+C+S+V+MP,1.0,1,200,0.0
tier3_iso,2014,98765,119,M+L+C+S+V+MP,1.0,1,284,0.0
tier3_iso,2014,98765,120,KD+S+V+MP,1.0,1,175,0.0
tier3_iso,2014,98765,121,M+KD+S+V+MP,1.0,1,259,0.0
tier3_iso,2014,98765,122,L+KD+S+V+MP,1.0,1,194,0.0
tier3_iso,2014,98765,123,M+L+KD+S+V+MP,1.0,1,278,0.0
tier3_iso,2014,98765,124,C+KD+S+V+MP,1.0,1,197,0.0
tier3_iso,2014,98765,125,M+C+KD+S+V+MP,1.0,1,281,0.0
tier3_iso,2014,98765,126,L+C+KD+S+V+MP,1.0,1,216,0.0
tier3_iso,2014,98765,127,M+L+C+KD+S+V+MP,1.0,1,300,0.0
tier3_iso,2014,98765,128,SD,0.0,0,49,0.0
tier3_iso,2014,98765,129,M+SD,0.0,0,133,0.0
tier3_iso,2014,98765,130,L+SD,0.0,0,68,0.0
tier3_iso,2014,98765,131,M+L+SD,0.0,0,152,0.0
tier3_iso,2014,98765,132,C+SD,0.0,0,71,0.0
tier3_iso,2014,98765,133,M+C+SD,0.0,0,155,0.0
tier3_iso,2014,98765,134,L+C+SD,0.0,0,90,0.0
tier3_iso,2014,98765,135,M+L+C+SD,0.0,0,174,0.0
tier3_iso,2014,98765,136,KD+SD,0.0,0,65,0.0
tier3_iso,2014,98765,137,M+KD+SD,0.0,0,149,0.0
tier3_iso,2014,98765,138,L+KD+SD,0.0,0,84,0.0
tier3_iso,2014,98765,139,M+L+KD+SD,0.0,0,168,0.0
tier3_iso,2014,98765,140,C+KD+SD,0.0,0,87,0.0
tier3_iso,2014,98765,141,M+C+KD+SD,0.0,0,171,0.0
tier3_iso,2014,98765,142,L+C+KD+SD,0.0,0,106,0.0
tier3_iso,2014,98765,143,M+L+C+KD+SD,1.0,1,190,0.0
tier3_iso,2014,98765,144,S+SD,0.0,0,162,0.0
tier3_iso,2014,98765,145,M+S+SD,1.0,1,246,0.0
tier3_iso,2014,98765,146,L+S+SD,0.33185,1,181,0.44642442250000003
tier3_iso,2014,98765,147,M+L+S+SD,1.0,1,265,0.0
tier3_iso,2014,98765,148,C+S+SD,0.33185,1,184,0.44642442250000003
tier3_iso,2014,98765,149,M+C+S+SD,1.0,1,268,0.0
tier3_iso,2014,98765,150,L+C+S+SD,1.0,1,203,0.0
tier3_iso,2014,98765,151,M+L+C+S+SD,1.0,1,287,0.0
tier3_iso,2014,98765,152,KD+S+SD,0.0,1,178,1.0
tier3_iso,2014,98765,153,M+KD+S+SD,1.0,1,262,0.0
tier3_iso,2014,98765,154,L+KD+S+SD,1.0,1,197,0.0
tier3_iso,2014,98765,155,M+L+KD+S+SD,1.0,1,281,0.0
tier3_iso,2014,98765,156,C+KD+S+SD,1.0,1,200,0.0
tier3_iso,2014,98765,157,M+C+KD+S+SD,1.0,1,284,0.0
tier3_iso,2014,98765,158,L+C+KD+S+SD,1.0,1,219,0.0
tier3_iso,2014,98765,159,M+L+C+KD+S+SD,1.0,1,303,0.0
tier3_iso,2014,98765,160,V+SD,0.0,0,70,0.0
tier3_iso,2014,98765,161,M+V+SD,0.0,0,154,0.0
tier3_iso,2014,98765,162,L+V+SD,0.0,0,89,0.0
tier3_iso,2014,98765,163,M+L+V+SD,0.0,0,173,0.0
tier3_iso,2014,98765,164,C+V+SD,0.0,0,92,0.0
tier3_iso,2014,98765,165,M+C+V+SD,0.0,1,176,1.0
tier3_iso,2014,98765,166,L+C+V+SD,0.0,0,111,0.0
tier3_iso,2014,98765,167,M+L+C+V+SD,1.0,1,195,0.0
tier3_iso,2014,98765,168,KD+V+SD,0.0,0,86,0.0
tier3_iso,2014,98765,169,M+KD+V+SD,0.0,0,170,0.0
tier3_iso,2014,98765,170,L+KD+V+SD,0.0,0,105,0.0
tier3_iso,2014,98765,171,M+L+KD+V+SD,1.0,1,189,0.0
tier3_iso,2014,98765,172,C+KD+V+SD,0.0,0,108,0.0
tier3_iso,2014,98765,173,M+C+KD+V+SD,0.66815,1,192,0.11012442249999999
tier3_iso,2014,98765,174,L+C+KD+V+SD,0.0,0,127,0.0
tier3_iso,2014,98765,175,M+L+C+KD+V+SD,1.0,1,211,0.0
tier3_iso,2014,98765,176,S+V+SD,0.0,1,183,1.0
tier3_iso,2014,98765,177,M+S+V+SD,1.0,1,267,0.0
tier3_iso,2014,98765,178,L+S+V+SD,1.0,1,202,0.0
tier3_iso,2014,98765,179,M+L+S+V+SD,1.0,1,286,0.0
tier3_iso,2014,98765,180,C+S+V+SD,1.0,1,205,0.0
tier3_iso,2014,98765,181,M+C+S+V+SD,1.0,1,289,0.0
tier3_iso,2014,98765,182,L+C+S+V+SD,1.0,1,224,0.0
tier3_iso,2014,98765,183,M+L+C+S+V+SD,1.0,1,308,0.0
tier3_iso,2014,98765,184,KD+S+V+SD,1.0,1,199,0.0
tier3_iso,2014,98765,185,M+KD+S+V+SD,1.0,1,283,0.0
tier3_iso,2014,98765,186,L+KD+S+V+SD,1.0,1,218,0.0
tier3_iso,2014,98765,187,M+L+KD+S+V+SD,1.0,1,302,0.0
tier3_iso,2014,98765,188,C+KD+S+V+SD,1.0,1,221,0.0
tier3_iso,2014,98765,189,M+C+KD+S+V+SD,1.0,1,305,0.0
tier3_iso,2014,98765,190,L+C+KD+S+V+SD,1.0,1,240,0.0
tier3_iso,2014,98765,191,M+L+C+KD+S+V+SD,1.0,1,324,0.0
tier3_iso,2014,98765,192,MP+SD,0.0,0,74,0.0
tier3_iso,2014,98765,193,M+MP+SD,0.0,0,158,0.0
tier3_iso,2014,98765,194,L+MP+SD,0.0,0,93,0.0
tier3_iso,2014,98765,195,M+L+MP+SD,0.0,1,177,1.0
tier3_iso,2014,98765,196,C+MP+SD,0.0,0,96,0.0
tier3_iso,2014,98765,197,M+C+MP+SD,0.3345,1,180,0.44289025
tier3_iso,2014,98765,198,L+C+MP+SD,0.0,0,115,0.0
tier3_iso,2014,98765,199,M+L+C+MP+SD,1.0,1,199,0.0
tier3_iso,2014,98765,200,KD+MP+SD,0.0,0,90,0.0
tier3_iso,2014,98765,201,M+KD+MP+SD,0.0,0,174,0.0
tier3_iso,2014,98765,202,L+KD+MP+SD,0.0,0,109,0.0
tier3_iso,2014,98765,203,M+L+KD+MP+SD,1.0,1,193,0.0
tier3_iso,2014,98765,204,C+KD+MP+SD,0.0,0,112,0.0
tier3_iso,2014,98765,205,M+C+KD+MP+SD,1.0,1,196,0.0
tier3_iso,2014,98765,206,L+C+KD+MP+SD,0.0,0,131,0.0
tier3_iso,2014,98765,207,M+L+C+KD+MP+SD,1.0,1,215,0.0
tier3_iso,2014,98765,208,S+MP+SD,0.66635,1,187,0.1113223225
tier3_iso,2014,98765,209,M+S+MP+SD,1.0,1,271,0.0
tier3_iso,2014,98765,210,L+S+MP+SD,1.0,1,206,0.0
tier3_iso,2014,98765,211,M+L+S+MP+SD,1.0,1,290,0.0
tier3_iso,2014,98765,212,C+S+MP+SD,1.0,1,209,0.0
tier3_iso,2014,98765,213,M+C+S+MP+SD,1.0,1,293,0.0
tier3_iso,2014,98765,214,L+C+S+MP+SD,1.0,1,228,0.0
tier3_iso,2014,98765,215,M+L+C+S+MP+SD,1.0,1,312,0.0
tier3_iso,2014,98765,216,KD+S+MP+SD,1.0,1,203,0.0
tier3_iso,2014,98765,217,M+KD+S+MP+SD,1.0,1,287,0.0
tier3_iso,2014,98765,218,L+KD+S+MP+SD,1.0,1,222,0.0
tier3_iso,2014,98765,219,M+L+KD+S+MP+SD,1.0,1,306,0.0
tier3_iso,2014,98765,220,C+KD+S+MP+SD,1.0,1,225,0.0
tier3_iso,2014,98765,221,M+C+KD+S+MP+SD,1.0,1,309,0.0
tier3_iso,2014,98765,222,L+C+KD+S+MP+SD,1.0,1,244,0.0
tier3_iso,2014,98765,223,M+L+C+KD+S+MP+SD,1.0,1,328,0.0
tier3_iso,2014,98765,224,V+MP+SD,0.0,0,95,0.0
tier3_iso,2014,98765,225,M+V+MP+SD,0.66815,1,179,0.11012442249999999
tier3_iso,2014,98765,226,L+V+MP+SD,0.0,0,114,0.0
tier3_iso,2014,98765,227,M+L+V+MP+SD,1.0,1,198,0.0
tier3_iso,2014,98765,228,C+V+MP+SD,0.0,0,117,0.0
tier3_iso,2014,98765,229,M+C+V+MP+SD,1.0,1,201,0.0
tier3_iso,2014,98765,230,L+C+V+MP+SD,0.0,0,136,0.0
tier3_iso,2014,98765,231,M+L+C+V+MP+SD,1.0,1,220,0.0
tier3_iso,2014,98765,232,KD+V+MP+SD,0.0,0,111,0.0
tier3_iso,2014,98765,233,M+KD+V+MP+SD,1.0,1,195,0.0
tier3_iso,2014,98765,234,L+KD+V+MP+SD,0.0,0,130,0.0
tier3_iso,2014,98765,235,M+L+KD+V+MP+SD,1.0,1,214,0.0
tier3_iso,2014,98765,236,C+KD+V+MP+SD,0.0,0,133,0.0
tier3_iso,2014,98765,237,M+C+KD+V+MP+SD,1.0,1,217,0.0
tier3_iso,2014,98765,238,L+C+KD+V+MP+SD,0.0,0,152,0.0
tier3_iso,2014,98765,239,M+L+C+KD+V+MP+SD,1.0,1,236,0.0
tier3_iso,2014,98765,240,S+V+MP+SD,1.0,1,208,0.0
tier3_iso,2014,98765,241,M+S+V+MP+SD,1.0,1,292,0.0
tier3_iso,2014,98765,242,L+S+V+MP+SD,1.0,1,227,0.0
tier3_iso,2014,98765,243,M+L+S+V+MP+SD,1.0,1,311,0.0
tier3_iso,2014,98765,244,C+S+V+MP+SD,1.0,1,230,0.0
tier3_iso,2014,98765,245,M+C+S+V+MP+SD,1.0,1,314,0.0
tier3_iso,2014,98765,246,L+C+S+V+MP+SD,1.0,1,249,0.0
tier3_iso,2014,98765,247,M+L+C+S+V+MP+SD,1.0,1,333,0.0
tier3_iso,2014,98765,248,KD+S+V+MP+SD,1.0,1,224,0.0
tier3_iso,2014,98765,249,M+KD+S+V+MP+SD,1.0,1,308,0.0
tier3_iso,2014,98765,250,L+KD+S+V+MP+SD,1.0,1,243,0.0
tier3_iso,2014,98765,251,M+L+KD+S+V+MP+SD,1.0,1,327,0.0
tier3_iso,2014,98765,252,C+KD+S+V+MP+SD,1.0,1,246,0.0
tier3_iso,2014,98765,253,M+C+KD+S+V+MP+SD,1.0,1,330,0.0
tier3_iso,2014,98765,254,L+C+KD+S+V+MP+SD,1.0,1,265,0.0
tier3_iso,2014,54321,1,M,0.0,0,84,0.0
tier3_iso,2014,54321,2,L,0.0,0,19,0.0
tier3_iso,2014,54321,3,M+L,0.0,0,103,0.0
tier3_iso,2014,54321,4,C,0.0,0,22,0.0
tier3_iso,2014,54321,5,M+C,0.0,0,106,0.0
tier3_iso,2014,54321,6,L+C,0.0,0,41,0.0
tier3_iso,2014,54321,7,M+L+C,0.0,0,125,0.0
tier3_iso,2014,54321,8,KD,0.0,0,16,0.0
tier3_iso,2014,54321,9,M+KD,0.0,0,100,0.0
tier3_iso,2014,54321,10,L+KD,0.0,0,35,0.0
tier3_iso,2014,54321,11,M+L+KD,0.0,0,119,0.0
tier3_iso,2014,54321,12,C+KD,0.0,0,38,0.0
tier3_iso,2014,54321,13,M+C+KD,0.0,0,122,0.0
tier3_iso,2014,54321,14,L+C+KD,0.0,0,57,0.0
tier3_iso,2014,54321,15,M+L+C+KD,0.0,0,141,0.0
tier3_iso,2014,54321,16,S,0.0,0,113,0.0
tier3_iso,2014,54321,17,M+S,1.0,1,197,0.0
tier3_iso,2014,54321,18,L+S,0.0,0,132,0.0
tier3_iso,2014,54321,19,M+L+S,1.0,1,216,0.0
tier3_iso,2014,54321,20,C+S,0.0,0,135,0.0
tier3_iso,2014,54321,21,M+C+S,1.0,1,219,0.0
tier3_iso,2014,54321,22,L+C+S,0.0,0,154,0.0
tier3_iso,2014,54321,23,M+L+C+S,1.0,1,238,0.0
tier3_iso,2014,54321,24,KD+S,0.0,0,129,0.0
tier3_iso,2014,54321,25,M+KD+S,1.0,1,213,0.0
tier3_iso,2014,54321,26,L+KD+S,0.0,0,148,0.0
tier3_iso,2014,54321,27,M+L+KD+S,1.0,1,232,0.0
tier3_iso,2014,54321,28,C+KD+S,0.0,0,151,0.0
tier3_iso,2014,54321,29,M+C+KD+S,1.0,1,235,0.0
tier3_iso,2014,54321,30,L+C+KD+S,0.33445,0,170,0.11185680250000002
tier3_iso,2014,54321,31,M+L+C+KD+S,1.0,1,254,0.0
tier3_iso,2014,54321,32,V,0.0,0,21,0.0
tier3_iso,2014,54321,33,M+V,0.0,0,105,0.0
tier3_iso,2014,54321,34,L+V,0.0,0,40,0.0
tier3_iso,2014,54321,35,M+L+V,0.0,0,124,0.0
tier3_iso,2014,54321,36,C+V,0.0,0,43,0.0
tier3_iso,2014,54321,37,M+C+V,0.0,0,127,0.0
tier3_iso,2014,54321,38,L+C+V,0.0,0,62,0.0
tier3_iso,2014,54321,39,M+L+C+V,0.0,0,146,0.0
tier3_iso,2014,54321,40,KD+V,0.0,0,37,0.0
tier3_iso,2014,54321,41,M+KD+V,0.0,0,121,0.0
tier3_iso,2014,54321,42,L+KD+V,0.0,0,56,0.0
tier3_iso,2014,54321,43,M+L+KD+V,0.0,0,140,0.0
tier3_iso,2014,54321,44,C+KD+V,0.0,0,59,0.0
tier3_iso,2014,54321,45,M+C+KD+V,0.0,0,143,0.0
tier3_iso,2014,54321,46,L+C+KD+V,0.0,0,78,0.0
tier3_iso,2014,54321,47,M+L+C+KD+V,0.33435,0,162,0.11178992249999999
tier3_iso,2014,54321,48,S+V,0.0,0,134,0.0
tier3_iso,2014,54321,49,M+S+V,1.0,1,218,0.0
tier3_iso,2014,54321,50,L+S+V,0.0,0,153,0.0
tier3_iso,2014,54321,51,M+L+S+V,1.0,1,237,0.0
tier3_iso,2014,54321,52,C+S+V,0.0,0,156,0.0
tier3_iso,2014,54321,53,M+C+S+V,1.0,1,240,0.0
tier3_iso,2014,54321,54,L+C+S+V,1.0,1,175,0.0
tier3_iso,2014,54321,55,M+L+C+S+V,1.0,1,259,0.0
tier3_iso,2014,54321,56,KD+S+V,0.0,0,150,0.0
tier3_iso,2014,54321,57,M+KD+S+V,1.0,1,234,0.0
tier3_iso,2014,54321,58,L+KD+S+V,0.6688,0,169,0.44729343999999993
tier3_iso,2014,54321,59,M+L+KD+S+V,1.0,1,253,0.0
tier3_iso,2014,54321,60,C+KD+S+V,1.0,0,172,1.0
tier3_iso,2014,54321,61,M+C+KD+S+V,1.0,1,256,0.0
tier3_iso,2014,54321,62,L+C+KD+S+V,1.0,1,191,0.0
tier3_iso,2014,54321,63,M+L+C+KD+S+V,1.0,1,275,0.0
tier3_iso,2014,54321,64,MP,0.0,0,25,0.0
tier3_iso,2014,54321,65,M+MP,0.0,0,109,0.0
tier3_iso,2014,54321,66,L+MP,0.0,0,44,0.0
tier3_iso,2014,54321,67,M+L+MP,0.0,0,128,0.0
tier3_iso,2014,54321,68,C+MP,0.0,0,47,0.0
tier3_iso,2014,54321,69,M+C+MP,0.0,0,131,0.0
tier3_iso,2014,54321,70,L+C+MP,0.0,0,66,0.0
tier3_iso,2014,54321,71,M+L+C+MP,0.0,0,150,0.0
tier3_iso,2014,54321,72,KD+MP,0.0,0,41,0.0
tier3_iso,2014,54321,73,M+KD+MP,0.0,0,125,0.0
tier3_iso,2014,54321,74,L+KD+MP,0.0,0,60,0.0
tier3_iso,2014,54321,75,M+L+KD+MP,0.0,0,144,0.0
tier3_iso,2014,54321,76,C+KD+MP,0.0,0,63,0.0
tier3_iso,2014,54321,77,M+C+KD+MP,0.0,0,147,0.0
tier3_iso,2014,54321,78,L+C+KD+MP,0.0,0,82,0.0
tier3_iso,2014,54321,79,M+L+C+KD+MP,1.0,0,166,1.0
tier3_iso,2014,54321,80,S+MP,0.0,0,138,0.0
tier3_iso,2014,54321,81,M+S+MP,1.0,1,222,0.0
tier3_iso,2014,54321,82,L+S+MP,0.33445,0,157,0.11185680250000002
tier3_iso,2014,54321,83,M+L+S+MP,1.0,1,241,0.0
tier3_iso,2014,54321,84,C+S+MP,0.0,0,160,0.0
tier3_iso,2014,54321,85,M+C+S+MP,1.0,1,244,0.0
tier3_iso,2014,54321,86,L+C+S+MP,1.0,1,179,0.0
tier3_iso,2014,54321,87,M+L+C+S+MP,1.0,1,263,0.0
tier3_iso,2014,54321,88,KD+S+MP,0.0,0,154,0.0
tier3_iso,2014,54321,89,M+KD+S+MP,1.0,1,238,0.0
tier3_iso,2014,54321,90,L+KD+S+MP,1.0,0,173,1.0
tier3_iso,2014,54321,91,M+L+KD+S+MP,1.0,1,257,0.0
tier3_iso,2014,54321,92,C+KD+S+MP,1.0,1,176,0.0
tier3_iso,2014,54321,93,M+C+KD+S+MP,1.0,1,260,0.0
tier3_iso,2014,54321,94,L+C+KD+S+MP,1.0,1,195,0.0
tier3_iso,2014,54321,95,M+L+C+KD+S+MP,1.0,1,279,0.0
tier3_iso,2014,54321,96,V+MP,0.0,0,46,0.0
tier3_iso,2014,54321,97,M+V+MP,0.0,0,130,0.0
tier3_iso,2014,54321,98,L+V+MP,0.0,0,65,0.0
tier3_iso,2014,54321,99,M+L+V+MP,0.0,0,149,0.0
tier3_iso,2014,54321,100,C+V+MP,0.0,0,68,0.0
tier3_iso,2014,54321,101,M+C+V+MP,0.0,0,152,0.0
tier3_iso,2014,54321,102,L+C+V+MP,0.0,0,87,0.0
tier3_iso,2014,54321,103,M+L+C+V+MP,1.0,0,171,1.0
tier3_iso,2014,54321,104,KD+V+MP,0.0,0,62,0.0
tier3_iso,2014,54321,105,M+KD+V+MP,0.0,0,146,0.0
tier3_iso,2014,54321,106,L+KD+V+MP,0.0,0,81,0.0
tier3_iso,2014,54321,107,M+L+KD+V+MP,0.66555,0,165,0.44295680249999997
tier3_iso,2014,54321,108,C+KD+V+MP,0.0,0,84,0.0
tier3_iso,2014,54321,109,M+C+KD+V+MP,0.66555,0,168,0.44295680249999997
tier3_iso,2014,54321,110,L+C+KD+V+MP,0.0,0,103,0.0
tier3_iso,2014,54321,111,M+L+C+KD+V+MP,1.0,1,187,0.0
tier3_iso,2014,54321,112,S+V+MP,0.0,0,159,0.0
tier3_iso,2014,54321,113,M+S+V+MP,1.0,1,243,0.0
tier3_iso,2014,54321,114,L+S+V+MP,1.0,1,178,0.0
tier3_iso,2014,54321,115,M+L+S+V+MP,1.0,1,262,0.0
tier3_iso,2014,54321,116,C+S+V+MP,1.0,1,181,0.0
tier3_iso,2014,54321,117,M+C+S+V+MP,1.0,1,265,0.0
tier3_iso,2014,54321,118,L+C+S+V+MP,1.0,1,200,0.0
tier3_iso,2014,54321,119,M+L+C+S+V+MP,1.0,1,284,0.0
tier3_iso,2014,54321,120,KD+S+V+MP,1.0,1,175,0.0
tier3_iso,2014,54321,121,M+KD+S+V+MP,1.0,1,259,0.0
tier3_iso,2014,54321,122,L+KD+S+V+MP,1.0,1,194,0.0
tier3_iso,2014,54321,123,M+L+KD+S+V+MP,1.0,1,278,0.0
tier3_iso,2014,54321,124,C+KD+S+V+MP,1.0,1,197,0.0
tier3_iso,2014,54321,125,M+C+KD+S+V+MP,1.0,1,281,0.0
tier3_iso,2014,54321,126,L+C+KD+S+V+MP,1.0,1,216,0.0
tier3_iso,2014,54321,127,M+L+C+KD+S+V+MP,1.0,1,300,0.0
tier3_iso,2014,54321,128,SD,0.0,0,49,0.0
tier3_iso,2014,54321,129,M+SD,0.0,0,133,0.0
tier3_iso,2014,54321,130,L+SD,0.0,0,68,0.0
tier3_iso,2014,54321,131,M+L+SD,0.0,0,152,0.0
tier3_iso,2014,54321,132,C+SD,0.0,0,71,0.0
tier3_iso,2014,54321,133,M+C+SD,0.0,0,155,0.0
tier3_iso,2014,54321,134,L+C+SD,0.0,0,90,0.0
tier3_iso,2014,54321,135,M+L+C+SD,0.0,0,174,0.0
tier3_iso,2014,54321,136,KD+SD,0.0,0,65,0.0
tier3_iso,2014,54321,137,M+KD+SD,0.0,0,149,0.0
tier3_iso,2014,54321,138,L+KD+SD,0.0,0,84,0.0
tier3_iso,2014,54321,139,M+L+KD+SD,0.0,0,168,0.0
tier3_iso,2014,54321,140,C+KD+SD,0.0,0,87,0.0
tier3_iso,2014,54321,141,M+C+KD+SD,0.0,0,171,0.0
tier3_iso,2014,54321,142,L+C+KD+SD,0.0,0,106,0.0
tier3_iso,2014,54321,143,M+L+C+KD+SD,1.0,1,190,0.0
tier3_iso,2014,54321,144,S+SD,0.0,0,162,0.0
tier3_iso,2014,54321,145,M+S+SD,1.0,1,246,0.0
tier3_iso,2014,54321,146,L+S+SD,0.33445,1,181,0.44295680249999997
tier3_iso,2014,54321,147,M+L+S+SD,1.0,1,265,0.0
tier3_iso,2014,54321,148,C+S+SD,0.33445,1,184,0.44295680249999997
tier3_iso,2014,54321,149,M+C+S+SD,1.0,1,268,0.0
tier3_iso,2014,54321,150,L+C+S+SD,1.0,1,203,0.0
tier3_iso,2014,54321,151,M+L+C+S+SD,1.0,1,287,0.0
tier3_iso,2014,54321,152,KD+S+SD,0.0,1,178,1.0
tier3_iso,2014,54321,153,M+KD+S+SD,1.0,1,262,0.0
tier3_iso,2014,54321,154,L+KD+S+SD,1.0,1,197,0.0
tier3_iso,2014,54321,155,M+L+KD+S+SD,1.0,1,281,0.0
tier3_iso,2014,54321,156,C+KD+S+SD,1.0,1,200,0.0
tier3_iso,2014,54321,157,M+C+KD+S+SD,1.0,1,284,0.0
tier3_iso,2014,54321,158,L+C+KD+S+SD,1.0,1,219,0.0
tier3_iso,2014,54321,159,M+L+C+KD+S+SD,1.0,1,303,0.0
tier3_iso,2014,54321,160,V+SD,0.0,0,70,0.0
tier3_iso,2014,54321,161,M+V+SD,0.0,0,154,0.0
tier3_iso,2014,54321,162,L+V+SD,0.0,0,89,0.0
tier3_iso,2014,54321,163,M+L+V+SD,0.0,0,173,0.0
tier3_iso,2014,54321,164,C+V+SD,0.0,0,92,0.0
tier3_iso,2014,54321,165,M+C+V+SD,0.0,1,176,1.0
tier3_iso,2014,54321,166,L+C+V+SD,0.0,0,111,0.0
tier3_iso,2014,54321,167,M+L+C+V+SD,1.0,1,195,0.0
tier3_iso,2014,54321,168,KD+V+SD,0.0,0,86,0.0
tier3_iso,2014,54321,169,M+KD+V+SD,0.0,0,170,0.0
tier3_iso,2014,54321,170,L+KD+V+SD,0.0,0,105,0.0
tier3_iso,2014,54321,171,M+L+KD+V+SD,1.0,1,189,0.0
tier3_iso,2014,54321,172,C+KD+V+SD,0.0,0,108,0.0
tier3_iso,2014,54321,173,M+C+KD+V+SD,0.66555,1,192,0.11185680250000002
tier3_iso,2014,54321,174,L+C+KD+V+SD,0.0,0,127,0.0
tier3_iso,2014,54321,175,M+L+C+KD+V+SD,1.0,1,211,0.0
tier3_iso,2014,54321,176,S+V+SD,0.0,1,183,1.0
tier3_iso,2014,54321,177,M+S+V+SD,1.0,1,267,0.0
tier3_iso,2014,54321,178,L+S+V+SD,1.0,1,202,0.0
tier3_iso,2014,54321,179,M+L+S+V+SD,1.0,1,286,0.0
tier3_iso,2014,54321,180,C+S+V+SD,1.0,1,205,0.0
tier3_iso,2014,54321,181,M+C+S+V+SD,1.0,1,289,0.0
tier3_iso,2014,54321,182,L+C+S+V+SD,1.0,1,224,0.0
tier3_iso,2014,54321,183,M+L+C+S+V+SD,1.0,1,308,0.0
tier3_iso,2014,54321,184,KD+S+V+SD,1.0,1,199,0.0
tier3_iso,2014,54321,185,M+KD+S+V+SD,1.0,1,283,0.0
tier3_iso,2014,54321,186,L+KD+S+V+SD,1.0,1,218,0.0
tier3_iso,2014,54321,187,M+L+KD+S+V+SD,1.0,1,302,0.0
tier3_iso,2014,54321,188,C+KD+S+V+SD,1.0,1,221,0.0
tier3_iso,2014,54321,189,M+C+KD+S+V+SD,1.0,1,305,0.0
tier3_iso,2014,54321,190,L+C+KD+S+V+SD,1.0,1,240,0.0
tier3_iso,2014,54321,191,M+L+C+KD+S+V+SD,1.0,1,324,0.0
tier3_iso,2014,54321,192,MP+SD,0.0,0,74,0.0
tier3_iso,2014,54321,193,M+MP+SD,0.0,0,158,0.0
tier3_iso,2014,54321,194,L+MP+SD,0.0,0,93,0.0
tier3_iso,2014,54321,195,M+L+MP+SD,0.0,1,177,1.0
tier3_iso,2014,54321,196,C+MP+SD,0.0,0,96,0.0
tier3_iso,2014,54321,197,M+C+MP+SD,0.3312,1,180,0.4472934400000001
tier3_iso,2014,54321,198,L+C+MP+SD,0.0,0,115,0.0
tier3_iso,2014,54321,199,M+L+C+MP+SD,1.0,1,199,0.0
tier3_iso,2014,54321,200,KD+MP+SD,0.0,0,90,0.0
tier3_iso,2014,54321,201,M+KD+MP+SD,0.0,0,174,0.0
tier3_iso,2014,54321,202,L+KD+MP+SD,0.0,0,109,0.0
tier3_iso,2014,54321,203,M+L+KD+MP+SD,1.0,1,193,0.0
tier3_iso,2014,54321,204,C+KD+MP+SD,0.0,0,112,0.0
tier3_iso,2014,54321,205,M+C+KD+MP+SD,1.0,1,196,0.0
tier3_iso,2014,54321,206,L+C+KD+MP+SD,0.0,0,131,0.0
tier3_iso,2014,54321,207,M+L+C+KD+MP+SD,1.0,1,215,0.0
tier3_iso,2014,54321,208,S+MP+SD,0.66565,1,187,0.11178992250000003
tier3_iso,2014,54321,209,M+S+MP+SD,1.0,1,271,0.0
tier3_iso,2014,54321,210,L+S+MP+SD,1.0,1,206,0.0
tier3_iso,2014,54321,211,M+L+S+MP+SD,1.0,1,290,0.0
tier3_iso,2014,54321,212,C+S+MP+SD,1.0,1,209,0.0
tier3_iso,2014,54321,213,M+C+S+MP+SD,1.0,1,293,0.0
tier3_iso,2014,54321,214,L+C+S+MP+SD,1.0,1,228,0.0
tier3_iso,2014,54321,215,M+L+C+S+MP+SD,1.0,1,312,0.0
tier3_iso,2014,54321,216,KD+S+MP+SD,1.0,1,203,0.0
tier3_iso,2014,54321,217,M+KD+S+MP+SD,1.0,1,287,0.0
tier3_iso,2014,54321,218,L+KD+S+MP+SD,1.0,1,222,0.0
tier3_iso,2014,54321,219,M+L+KD+S+MP+SD,1.0,1,306,0.0
tier3_iso,2014,54321,220,C+KD+S+MP+SD,1.0,1,225,0.0
tier3_iso,2014,54321,221,M+C+KD+S+MP+SD,1.0,1,309,0.0
tier3_iso,2014,54321,222,L+C+KD+S+MP+SD,1.0,1,244,0.0
tier3_iso,2014,54321,223,M+L+C+KD+S+MP+SD,1.0,1,328,0.0
tier3_iso,2014,54321,224,V+MP+SD,0.0,0,95,0.0
tier3_iso,2014,54321,225,M+V+MP+SD,0.66555,1,179,0.11185680250000002
tier3_iso,2014,54321,226,L+V+MP+SD,0.0,0,114,0.0
tier3_iso,2014,54321,227,M+L+V+MP+SD,1.0,1,198,0.0
tier3_iso,2014,54321,228,C+V+MP+SD,0.0,0,117,0.0
tier3_iso,2014,54321,229,M+C+V+MP+SD,1.0,1,201,0.0
tier3_iso,2014,54321,230,L+C+V+MP+SD,0.0,0,136,0.0
tier3_iso,2014,54321,231,M+L+C+V+MP+SD,1.0,1,220,0.0
tier3_iso,2014,54321,232,KD+V+MP+SD,0.0,0,111,0.0
tier3_iso,2014,54321,233,M+KD+V+MP+SD,1.0,1,195,0.0
tier3_iso,2014,54321,234,L+KD+V+MP+SD,0.0,0,130,0.0
tier3_iso,2014,54321,235,M+L+KD+V+MP+SD,1.0,1,214,0.0
tier3_iso,2014,54321,236,C+KD+V+MP+SD,0.0,0,133,0.0
tier3_iso,2014,54321,237,M+C+KD+V+MP+SD,1.0,1,217,0.0
tier3_iso,2014,54321,238,L+C+KD+V+MP+SD,0.0,0,152,0.0
tier3_iso,2014,54321,239,M+L+C+KD+V+MP+SD,1.0,1,236,0.0
tier3_iso,2014,54321,240,S+V+MP+SD,1.0,1,208,0.0
tier3_iso,2014,54321,241,M+S+V+MP+SD,1.0,1,292,0.0
tier3_iso,2014,54321,242,L+S+V+MP+SD,1.0,1,227,0.0
tier3_iso,2014,54321,243,M+L+S+V+MP+SD,1.0,1,311,0.0
tier3_iso,2014,54321,244,C+S+V+MP+SD,1.0,1,230,0.0
tier3_iso,2014,54321,245,M+C+S+V+MP+SD,1.0,1,314,0.0
tier3_iso,2014,54321,246,L+C+S+V+MP+SD,1.0,1,249,0.0
tier3_iso,2014,54321,247,M+L+C+S+V+MP+SD,1.0,1,333,0.0
tier3_iso,2014,54321,248,KD+S+V+MP+SD,1.0,1,224,0.0
tier3_iso,2014,54321,249,M+KD+S+V+MP+SD,1.0,1,308,0.0
tier3_iso,2014,54321,250,L+KD+S+V+MP+SD,1.0,1,243,0.0
tier3_iso,2014,54321,251,M+L+KD+S+V+MP+SD,1.0,1,327,0.0
tier3_iso,2014,54321,252,C+KD+S+V+MP+SD,1.0,1,246,0.0
tier3_iso,2014,54321,253,M+C+KD+S+V+MP+SD,1.0,1,330,0.0
tier3_iso,2014,54321,254,L+C+KD+S+V+MP+SD,1.0,1,265,0.0
tier3_iso,2014,13579,1,M,0.0,0,84,0.0
tier3_iso,2014,13579,2,L,0.0,0,19,0.0
tier3_iso,2014,13579,3,M+L,0.0,0,103,0.0
tier3_iso,2014,13579,4,C,0.0,0,22,0.0
tier3_iso,2014,13579,5,M+C,0.0,0,106,0.0
tier3_iso,2014,13579,6,L+C,0.0,0,41,0.0
tier3_iso,2014,13579,7,M+L+C,0.0,0,125,0.0
tier3_iso,2014,13579,8,KD,0.0,0,16,0.0
tier3_iso,2014,13579,9,M+KD,0.0,0,100,0.0
tier3_iso,2014,13579,10,L+KD,0.0,0,35,0.0
tier3_iso,2014,13579,11,M+L+KD,0.0,0,119,0.0
tier3_iso,2014,13579,12,C+KD,0.0,0,38,0.0
tier3_iso,2014,13579,13,M+C+KD,0.0,0,122,0.0
tier3_iso,2014,13579,14,L+C+KD,0.0,0,57,0.0
tier3_iso,2014,13579,15,M+L+C+KD,0.0,0,141,0.0
tier3_iso,2014,13579,16,S,0.0,0,113,0.0
tier3_iso,2014,13579,17,M+S,1.0,1,197,0.0
tier3_iso,2014,13579,18,L+S,0.0,0,132,0.0
tier3_iso,2014,13579,19,M+L+S,1.0,1,216,0.0
tier3_iso,2014,13579,20,C+S,0.0,0,135,0.0
tier3_iso,2014,13579,21,M+C+S,1.0,1,219,0.0
tier3_iso,2014,13579,22,L+C+S,0.0,0,154,0.0
tier3_iso,2014,13579,23,M+L+C+S,1.0,1,238,0.0
tier3_iso,2014,13579,24,KD+S,0.0,0,129,0.0
tier3_iso,2014,13579,25,M+KD+S,1.0,1,213,0.0
tier3_iso,2014,13579,26,L+KD+S,0.0,0,148,0.0
tier3_iso,2014,13579,27,M+L+KD+S,1.0,1,232,0.0
tier3_iso,2014,13579,28,C+KD+S,0.0,0,151,0.0
tier3_iso,2014,13579,29,M+C+KD+S,1.0,1,235,0.0
tier3_iso,2014,13579,30,L+C+KD+S,0.32945,0,170,0.10853730250000002
tier3_iso,2014,13579,31,M+L+C+KD+S,1.0,1,254,0.0
tier3_iso,2014,13579,32,V,0.0,0,21,0.0
tier3_iso,2014,13579,33,M+V,0.0,0,105,0.0
tier3_iso,2014,13579,34,L+V,0.0,0,40,0.0
tier3_iso,2014,13579,35,M+L+V,0.0,0,124,0.0
tier3_iso,2014,13579,36,C+V,0.0,0,43,0.0
tier3_iso,2014,13579,37,M+C+V,0.0,0,127,0.0
tier3_iso,2014,13579,38,L+C+V,0.0,0,62,0.0
tier3_iso,2014,13579,39,M+L+C+V,0.0,0,146,0.0
tier3_iso,2014,13579,40,KD+V,0.0,0,37,0.0
tier3_iso,2014,13579,41,M+KD+V,0.0,0,121,0.0
tier3_iso,2014,13579,42,L+KD+V,0.0,0,56,0.0
tier3_iso,2014,13579,43,M+L+KD+V,0.0,0,140,0.0
tier3_iso,2014,13579,44,C+KD+V,0.0,0,59,0.0
tier3_iso,2014,13579,45,M+C+KD+V,0.0,0,143,0.0
tier3_iso,2014,13579,46,L+C+KD+V,0.0,0,78,0.0
tier3_iso,2014,13579,47,M+L+C+KD+V,0.33165,0,162,0.1099917225
tier3_iso,2014,13579,48,S+V,0.0,0,134,0.0
tier3_iso,2014,13579,49,M+S+V,1.0,1,218,0.0
tier3_iso,2014,13579,50,L+S+V,0.0,0,153,0.0
tier3_iso,2014,13579,51,M+L+S+V,1.0,1,237,0.0
tier3_iso,2014,13579,52,C+S+V,0.0,0,156,0.0
tier3_iso,2014,13579,53,M+C+S+V,1.0,1,240,0.0
tier3_iso,2014,13579,54,L+C+S+V,1.0,1,175,0.0
tier3_iso,2014,13579,55,M+L+C+S+V,1.0,1,259,0.0
tier3_iso,2014,13579,56,KD+S+V,0.0,0,150,0.0
tier3_iso,2014,13579,57,M+KD+S+V,1.0,1,234,0.0
tier3_iso,2014,13579,58,L+KD+S+V,0.6611,0,169,0.43705321
tier3_iso,2014,13579,59,M+L+KD+S+V,1.0,1,253,0.0
tier3_iso,2014,13579,60,C+KD+S+V,1.0,0,172,1.0
tier3_iso,2014,13579,61,M+C+KD+S+V,1.0,1,256,0.0
tier3_iso,2014,13579,62,L+C+KD+S+V,1.0,1,191,0.0
tier3_iso,2014,13579,63,M+L+C+KD+S+V,1.0,1,275,0.0
tier3_iso,2014,13579,64,MP,0.0,0,25,0.0
tier3_iso,2014,13579,65,M+MP,0.0,0,109,0.0
tier3_iso,2014,13579,66,L+MP,0.0,0,44,0.0
tier3_iso,2014,13579,67,M+L+MP,0.0,0,128,0.0
tier3_iso,2014,13579,68,C+MP,0.0,0,47,0.0
tier3_iso,2014,13579,69,M+C+MP,0.0,0,131,0.0
tier3_iso,2014,13579,70,L+C+MP,0.0,0,66,0.0
tier3_iso,2014,13579,71,M+L+C+MP,0.0,0,150,0.0
tier3_iso,2014,13579,72,KD+MP,0.0,0,41,0.0
tier3_iso,2014,13579,73,M+KD+MP,0.0,0,125,0.0
tier3_iso,2014,13579,74,L+KD+MP,0.0,0,60,0.0
tier3_iso,2014,13579,75,M+L+KD+MP,0.0,0,144,0.0
tier3_iso,2014,13579,76,C+KD+MP,0.0,0,63,0.0
tier3_iso,2014,13579,77,M+C+KD+MP,0.0,0,147,0.0
tier3_iso,2014,13579,78,L+C+KD+MP,0.0,0,82,0.0
tier3_iso,2014,13579,79,M+L+C+KD+MP,1.0,0,166,1.0
tier3_iso,2014,13579,80,S+MP,0.0,0,138,0.0
tier3_iso,2014,13579,81,M+S+MP,1.0,1,222,0.0
tier3_iso,2014,13579,82,L+S+MP,0.32945,0,157,0.10853730250000002
tier3_iso,2014,13579,83,M+L+S+MP,1.0,1,241,0.0
tier3_iso,2014,13579,84,C+S+MP,0.0,0,160,0.0
tier3_iso,2014,13579,85,M+C+S+MP,1.0,1,244,0.0
tier3_iso,2014,13579,86,L+C+S+MP,1.0,1,179,0.0
tier3_iso,2014,13579,87,M+L+C+S+MP,1.0,1,263,0.0
tier3_iso,2014,13579,88,KD+S+MP,0.0,0,154,0.0
tier3_iso,2014,13579,89,M+KD+S+MP,1.0,1,238,0.0
tier3_iso,2014,13579,90,L+KD+S+MP,1.0,0,173,1.0
tier3_iso,2014,13579,91,M+L+KD+S+MP,1.0,1,257,0.0
tier3_iso,2014,13579,92,C+KD+S+MP,1.0,1,176,0.0
tier3_iso,2014,13579,93,M+C+KD+S+MP,1.0,1,260,0.0
tier3_iso,2014,13579,94,L+C+KD+S+MP,1.0,1,195,0.0
tier3_iso,2014,13579,95,M+L+C+KD+S+MP,1.0,1,279,0.0
tier3_iso,2014,13579,96,V+MP,0.0,0,46,0.0
tier3_iso,2014,13579,97,M+V+MP,0.0,0,130,0.0
tier3_iso,2014,13579,98,L+V+MP,0.0,0,65,0.0
tier3_iso,2014,13579,99,M+L+V+MP,0.0,0,149,0.0
tier3_iso,2014,13579,100,C+V+MP,0.0,0,68,0.0
tier3_iso,2014,13579,101,M+C+V+MP,0.0,0,152,0.0
tier3_iso,2014,13579,102,L+C+V+MP,0.0,0,87,0.0
tier3_iso,2014,13579,103,M+L+C+V+MP,1.0,0,171,1.0
tier3_iso,2014,13579,104,KD+V+MP,0.0,0,62,0.0
tier3_iso,2014,13579,105,M+KD+V+MP,0.0,0,146,0.0
tier3_iso,2014,13579,106,L+KD+V+MP,0.0,0,81,0.0
tier3_iso,2014,13579,107,M+L+KD+V+MP,0.67055,0,165,0.44963730249999995
tier3_iso,2014,13579,108,C+KD+V+MP,0.0,0,84,0.0
tier3_iso,2014,13579,109,M+C+KD+V+MP,0.67055,0,168,0.44963730249999995
tier3_iso,2014,13579,110,L+C+KD+V+MP,0.0,0,103,0.0
tier3_iso,2014,13579,111,M+L+C+KD+V+MP,1.0,1,187,0.0
tier3_iso,2014,13579,112,S+V+MP,0.0,0,159,0.0
tier3_iso,2014,13579,113,M+S+V+MP,1.0,1,243,0.0
tier3_iso,2014,13579,114,L+S+V+MP,1.0,1,178,0.0
tier3_iso,2014,13579,115,M+L+S+V+MP,1.0,1,262,0.0
tier3_iso,2014,13579,116,C+S+V+MP,1.0,1,181,0.0
tier3_iso,2014,13579,117,M+C+S+V+MP,1.0,1,265,0.0
tier3_iso,2014,13579,118,L+C+S+V+MP,1.0,1,200,0.0
tier3_iso,2014,13579,119,M+L+C+S+V+MP,1.0,1,284,0.0
tier3_iso,2014,13579,120,KD+S+V+MP,1.0,1,175,0.0
tier3_iso,2014,13579,121,M+KD+S+V+MP,1.0,1,259,0.0
tier3_iso,2014,13579,122,L+KD+S+V+MP,1.0,1,194,0.0
tier3_iso,2014,13579,123,M+L+KD+S+V+MP,1.0,1,278,0.0
tier3_iso,2014,13579,124,C+KD+S+V+MP,1.0,1,197,0.0
tier3_iso,2014,13579,125,M+C+KD+S+V+MP,1.0,1,281,0.0
tier3_iso,2014,13579,126,L+C+KD+S+V+MP,1.0,1,216,0.0
tier3_iso,2014,13579,127,M+L+C+KD+S+V+MP,1.0,1,300,0.0
tier3_iso,2014,13579,128,SD,0.0,0,49,0.0
tier3_iso,2014,13579,129,M+SD,0.0,0,133,0.0
tier3_iso,2014,13579,130,L+SD,0.0,0,68,0.0
tier3_iso,2014,13579,131,M+L+SD,0.0,0,152,0.0
tier3_iso,2014,13579,132,C+SD,0.0,0,71,0.0
tier3_iso,2014,13579,133,M+C+SD,0.0,0,155,0.0
tier3_iso,2014,13579,134,L+C+SD,0.0,0,90,0.0
tier3_iso,2014,13579,135,M+L+C+SD,0.0,0,174,0.0
tier3_iso,2014,13579,136,KD+SD,0.0,0,65,0.0
tier3_iso,2014,13579,137,M+KD+SD,0.0,0,149,0.0
tier3_iso,2014,13579,138,L+KD+SD,0.0,0,84,0.0
tier3_iso,2014,13579,139,M+L+KD+SD,0.0,0,168,0.0
tier3_iso,2014,13579,140,C+KD+SD,0.0,0,87,0.0
tier3_iso,2014,13579,141,M+C+KD+SD,0.0,0,171,0.0
tier3_iso,2014,13579,142,L+C+KD+SD,0.0,0,106,0.0
tier3_iso,2014,13579,143,M+L+C+KD+SD,1.0,1,190,0.0
tier3_iso,2014,13579,144,S+SD,0.0,0,162,0.0
tier3_iso,2014,13579,145,M+S+SD,1.0,1,246,0.0
tier3_iso,2014,13579,146,L+S+SD,0.32945,1,181,0.44963730249999995
tier3_iso,2014,13579,147,M+L+S+SD,1.0,1,265,0.0
tier3_iso,2014,13579,148,C+S+SD,0.32945,1,184,0.44963730249999995
tier3_iso,2014,13579,149,M+C+S+SD,1.0,1,268,0.0
tier3_iso,2014,13579,150,L+C+S+SD,1.0,1,203,0.0
tier3_iso,2014,13579,151,M+L+C+S+SD,1.0,1,287,0.0
tier3_iso,2014,13579,152,KD+S+SD,0.0,1,178,1.0
tier3_iso,2014,13579,153,M+KD+S+SD,1.0,1,262,0.0
tier3_iso,2014,13579,154,L+KD+S+SD,1.0,1,197,0.0
tier3_iso,2014,13579,155,M+L+KD+S+SD,1.0,1,281,0.0
tier3_iso,2014,13579,156,C+KD+S+SD,1.0,1,200,0.0
tier3_iso,2014,13579,157,M+C+KD+S+SD,1.0,1,284,0.0
tier3_iso,2014,13579,158,L+C+KD+S+SD,1.0,1,219,0.0
tier3_iso,2014,13579,159,M+L+C+KD+S+SD,1.0,1,303,0.0
tier3_iso,2014,13579,160,V+SD,0.0,0,70,0.0
tier3_iso,2014,13579,161,M+V+SD,0.0,0,154,0.0
tier3_iso,2014,13579,162,L+V+SD,0.0,0,89,0.0
tier3_iso,2014,13579,163,M+L+V+SD,0.0,0,173,0.0
tier3_iso,2014,13579,164,C+V+SD,0.0,0,92,0.0
tier3_iso,2014,13579,165,M+C+V+SD,0.0,1,176,1.0
tier3_iso,2014,13579,166,L+C+V+SD,0.0,0,111,0.0
tier3_iso,2014,13579,167,M+L+C+V+SD,1.0,1,195,0.0
tier3_iso,2014,13579,168,KD+V+SD,0.0,0,86,0.0
tier3_iso,2014,13579,169,M+KD+V+SD,0.0,0,170,0.0
tier3_iso,2014,13579,170,L+KD+V+SD,0.0,0,105,0.0
tier3_iso,2014,13579,171,M+L+KD+V+SD,1.0,1,189,0.0
tier3_iso,2014,13579,172,C+KD+V+SD,0.0,0,108,0.0
tier3_iso,2014,13579,173,M+C+KD+V+SD,0.67055,1,192,0.10853730250000002
tier3_iso,2014,13579,174,L+C+KD+V+SD,0.0,0,127,0.0
tier3_iso,2014,13579,175,M+L+C+KD+V+SD,1.0,1,211,0.0
tier3_iso,2014,13579,176,S+V+SD,0.0,1,183,1.0
tier3_iso,2014,13579,177,M+S+V+SD,1.0,1,267,0.0
tier3_iso,2014,13579,178,L+S+V+SD,1.0,1,202,0.0
tier3_iso,2014,13579,179,M+L+S+V+SD,1.0,1,286,0.0
tier3_iso,2014,13579,180,C+S+V+SD,1.0,1,205,0.0
tier3_iso,2014,13579,181,M+C+S+V+SD,1.0,1,289,0.0
tier3_iso,2014,13579,182,L+C+S+V+SD,1.0,1,224,0.0
tier3_iso,2014,13579,183,M+L+C+S+V+SD,1.0,1,308,0.0
tier3_iso,2014,13579,184,KD+S+V+SD,1.0,1,199,0.0
tier3_iso,2014,13579,185,M+KD+S+V+SD,1.0,1,283,0.0
tier3_iso,2014,13579,186,L+KD+S+V+SD,1.0,1,218,0.0
tier3_iso,2014,13579,187,M+L+KD+S+V+SD,1.0,1,302,0.0
tier3_iso,2014,13579,188,C+KD+S+V+SD,1.0,1,221,0.0
tier3_iso,2014,13579,189,M+C+KD+S+V+SD,1.0,1,305,0.0
tier3_iso,2014,13579,190,L+C+KD+S+V+SD,1.0,1,240,0.0
tier3_iso,2014,13579,191,M+L+C+KD+S+V+SD,1.0,1,324,0.0
tier3_iso,2014,13579,192,MP+SD,0.0,0,74,0.0
tier3_iso,2014,13579,193,M+MP+SD,0.0,0,158,0.0
tier3_iso,2014,13579,194,L+MP+SD,0.0,0,93,0.0
tier3_iso,2014,13579,195,M+L+MP+SD,0.0,1,177,1.0
tier3_iso,2014,13579,196,C+MP+SD,0.0,0,96,0.0
tier3_iso,2014,13579,197,M+C+MP+SD,0.3389,1,180,0.43705321
tier3_iso,2014,13579,198,L+C+MP+SD,0.0,0,115,0.0
tier3_iso,2014,13579,199,M+L+C+MP+SD,1.0,1,199,0.0
tier3_iso,2014,13579,200,KD+MP+SD,0.0,0,90,0.0
tier3_iso,2014,13579,201,M+KD+MP+SD,0.0,0,174,0.0
tier3_iso,2014,13579,202,L+KD+MP+SD,0.0,0,109,0.0
tier3_iso,2014,13579,203,M+L+KD+MP+SD,1.0,1,193,0.0
tier3_iso,2014,13579,204,C+KD+MP+SD,0.0,0,112,0.0
tier3_iso,2014,13579,205,M+C+KD+MP+SD,1.0,1,196,0.0
tier3_iso,2014,13579,206,L+C+KD+MP+SD,0.0,0,131,0.0
tier3_iso,2014,13579,207,M+L+C+KD+MP+SD,1.0,1,215,0.0
tier3_iso,2014,13579,208,S+MP+SD,0.66835,1,187,0.1099917225
tier3_iso,2014,13579,209,M+S+MP+SD,1.0,1,271,0.0
tier3_iso,2014,13579,210,L+S+MP+SD,1.0,1,206,0.0
tier3_iso,2014,13579,211,M+L+S+MP+SD,1.0,1,290,0.0
tier3_iso,2014,13579,212,C+S+MP+SD,1.0,1,209,0.0
tier3_iso,2014,13579,213,M+C+S+MP+SD,1.0,1,293,0.0
tier3_iso,2014,13579,214,L+C+S+MP+SD,1.0,1,228,0.0
tier3_iso,2014,13579,215,M+L+C+S+MP+SD,1.0,1,312,0.0
tier3_iso,2014,13579,216,KD+S+MP+SD,1.0,1,203,0.0
tier3_iso,2014,13579,217,M+KD+S+MP+SD,1.0,1,287,0.0
tier3_iso,2014,13579,218,L+KD+S+MP+SD,1.0,1,222,0.0
tier3_iso,2014,13579,219,M+L+KD+S+MP+SD,1.0,1,306,0.0
tier3_iso,2014,13579,220,C+KD+S+MP+SD,1.0,1,225,0.0
tier3_iso,2014,13579,221,M+C+KD+S+MP+SD,1.0,1,309,0.0
tier3_iso,2014,13579,222,L+C+KD+S+MP+SD,1.0,1,244,0.0
tier3_iso,2014,13579,223,M+L+C+KD+S+MP+SD,1.0,1,328,0.0
tier3_iso,2014,13579,224,V+MP+SD,0.0,0,95,0.0
tier3_iso,2014,13579,225,M+V+MP+SD,0.67055,1,179,0.10853730250000002
tier3_iso,2014,13579,226,L+V+MP+SD,0.0,0,114,0.0
tier3_iso,2014,13579,227,M+L+V+MP+SD,1.0,1,198,0.0
tier3_iso,2014,13579,228,C+V+MP+SD,0.0,0,117,0.0
tier3_iso,2014,13579,229,M+C+V+MP+SD,1.0,1,201,0.0
tier3_iso,2014,13579,230,L+C+V+MP+SD,0.0,0,136,0.0
tier3_iso,2014,13579,231,M+L+C+V+MP+SD,1.0,1,220,0.0
tier3_iso,2014,13579,232,KD+V+MP+SD,0.0,0,111,0.0
tier3_iso,2014,13579,233,M+KD+V+MP+SD,1.0,1,195,0.0
tier3_iso,2014,13579,234,L+KD+V+MP+SD,0.0,0,130,0.0
tier3_iso,2014,13579,235,M+L+KD+V+MP+SD,1.0,1,214,0.0
tier3_iso,2014,13579,236,C+KD+V+MP+SD,0.0,0,133,0.0
tier3_iso,2014,13579,237,M+C+KD+V+MP+SD,1.0,1,217,0.0
tier3_iso,2014,13579,238,L+C+KD+V+MP+SD,0.0,0,152,0.0
tier3_iso,2014,13579,239,M+L+C+KD+V+MP+SD,1.0,1,236,0.0
tier3_iso,2014,13579,240,S+V+MP+SD,1.0,1,208,0.0
tier3_iso,2014,13579,241,M+S+V+MP+SD,1.0,1,292,0.0
tier3_iso,2014,13579,242,L+S+V+MP+SD,1.0,1,227,0.0
tier3_iso,2014,13579,243,M+L+S+V+MP+SD,1.0,1,311,0.0
tier3_iso,2014,13579,244,C+S+V+MP+SD,1.0,1,230,0.0
tier3_iso,2014,13579,245,M+C+S+V+MP+SD,1.0,1,314,0.0
tier3_iso,2014,13579,246,L+C+S+V+MP+SD,1.0,1,249,0.0
tier3_iso,2014,13579,247,M+L+C+S+V+MP+SD,1.0,1,333,0.0
tier3_iso,2014,13579,248,KD+S+V+MP+SD,1.0,1,224,0.0
tier3_iso,2014,13579,249,M+KD+S+V+MP+SD,1.0,1,308,0.0
tier3_iso,2014,13579,250,L+KD+S+V+MP+SD,1.0,1,243,0.0
tier3_iso,2014,13579,251,M+L+KD+S+V+MP+SD,1.0,1,327,0.0
tier3_iso,2014,13579,252,C+KD+S+V+MP+SD,1.0,1,246,0.0
tier3_iso,2014,13579,253,M+C+KD+S+V+MP+SD,1.0,1,330,0.0
tier3_iso,2014,13579,254,L+C+KD+S+V+MP+SD,1.0,1,265,0.0
tier3_iso,2018,12345,1,M,0.0,0,70,0.0
tier3_iso,2018,12345,2,L,0.0,0,20,0.0
tier3_iso,2018,12345,3,M+L,0.0,0,90,0.0
tier3_iso,2018,12345,4,C,0.0,0,31,0.0
tier3_iso,2018,12345,5,M+C,0.0,0,101,0.0
tier3_iso,2018,12345,6,L+C,0.0,0,51,0.0
tier3_iso,2018,12345,7,M+L+C,0.0,0,121,0.0
tier3_iso,2018,12345,8,KD,0.0,0,22,0.0
tier3_iso,2018,12345,9,M+KD,0.0,0,92,0.0
tier3_iso,2018,12345,10,L+KD,0.0,0,42,0.0
tier3_iso,2018,12345,11,M+L+KD,0.0,0,112,0.0
tier3_iso,2018,12345,12,C+KD,0.0,0,53,0.0
tier3_iso,2018,12345,13,M+C+KD,0.0,0,123,0.0
tier3_iso,2018,12345,14,L+C+KD,0.0,0,73,0.0
tier3_iso,2018,12345,15,M+L+C+KD,0.0,0,143,0.0
tier3_iso,2018,12345,16,S,0.0,0,100,0.0
tier3_iso,2018,12345,17,M+S,0.0,0,170,0.0
tier3_iso,2018,12345,18,L+S,0.0,0,120,0.0
tier3_iso,2018,12345,19,M+L+S,0.75205,1,190,0.0614792025
tier3_iso,2018,12345,20,C+S,0.0,0,131,0.0
tier3_iso,2018,12345,21,M+C+S,1.0,1,201,0.0
tier3_iso,2018,12345,22,L+C+S,0.0,0,151,0.0
tier3_iso,2018,12345,23,M+L+C+S,1.0,1,221,0.0
tier3_iso,2018,12345,24,KD+S,0.0,0,122,0.0
tier3_iso,2018,12345,25,M+KD+S,0.749,1,192,0.063001
tier3_iso,2018,12345,26,L+KD+S,0.0,0,142,0.0
tier3_iso,2018,12345,27,M+L+KD+S,1.0,1,212,0.0
tier3_iso,2018,12345,28,C+KD+S,0.0,0,153,0.0
tier3_iso,2018,12345,29,M+C+KD+S,1.0,1,223,0.0
tier3_iso,2018,12345,30,L+C+KD+S,0.251,0,173,0.063001
tier3_iso,2018,12345,31,M+L+C+KD+S,1.0,1,243,0.0
tier3_iso,2018,12345,32,V,0.0,0,28,0.0
tier3_iso,2018,12345,33,M+V,0.0,0,98,0.0
tier3_iso,2018,12345,34,L+V,0.0,0,48,0.0
tier3_iso,2018,12345,35,M+L+V,0.0,0,118,0.0
tier3_iso,2018,12345,36,C+V,0.0,0,59,0.0
tier3_iso,2018,12345,37,M+C+V,0.0,0,129,0.0
tier3_iso,2018,12345,38,L+C+V,0.0,0,79,0.0
tier3_iso,2018,12345,39,M+L+C+V,0.0,0,149,0.0
tier3_iso,2018,12345,40,KD+V,0.0,0,50,0.0
tier3_iso,2018,12345,41,M+KD+V,0.0,0,120,0.0
tier3_iso,2018,12345,42,L+KD+V,0.0,0,70,0.0
tier3_iso,2018,12345,43,M+L+KD+V,0.0,0,140,0.0
tier3_iso,2018,12345,44,C+KD+V,0.0,0,81,0.0
tier3_iso,2018,12345,45,M+C+KD+V,0.0,0,151,0.0
tier3_iso,2018,12345,46,L+C+KD+V,0.0,0,101,0.0
tier3_iso,2018,12345,47,M+L+C+KD+V,0.749,0,171,0.561001
tier3_iso,2018,12345,48,S+V,0.0,0,128,0.0
tier3_iso,2018,12345,49,M+S+V,1.0,1,198,0.0
tier3_iso,2018,12345,50,L+S+V,0.0,0,148,0.0
tier3_iso,2018,12345,51,M+L+S+V,1.0,1,218,0.0
tier3_iso,2018,12345,52,C+S+V,0.0,0,159,0.0
tier3_iso,2018,12345,53,M+C+S+V,1.0,1,229,0.0
tier3_iso,2018,12345,54,L+C+S+V,0.7456,1,179,0.06471935999999998
tier3_iso,2018,12345,55,M+L+C+S+V,1.0,1,249,0.0
tier3_iso,2018,12345,56,KD+S+V,0.0,0,150,0.0
tier3_iso,2018,12345,57,M+KD+S+V,1.0,1,220,0.0
tier3_iso,2018,12345,58,L+KD+S+V,0.0,0,170,0.0
tier3_iso,2018,12345,59,M+L+KD+S+V,1.0,1,240,0.0
tier3_iso,2018,12345,60,C+KD+S+V,0.7456,1,181,0.06471935999999998
tier3_iso,2018,12345,61,M+C+KD+S+V,1.0,1,251,0.0
tier3_iso,2018,12345,62,L+C+KD+S+V,1.0,1,201,0.0
tier3_iso,2018,12345,63,M+L+C+KD+S+V,1.0,1,271,0.0
tier3_iso,2018,12345,64,MP,0.0,0,16,0.0
tier3_iso,2018,12345,65,M+MP,0.0,0,86,0.0
tier3_iso,2018,12345,66,L+MP,0.0,0,36,0.0
tier3_iso,2018,12345,67,M+L+MP,0.0,0,106,0.0
tier3_iso,2018,12345,68,C+MP,0.0,0,47,0.0
tier3_iso,2018,12345,69,M+C+MP,0.0,0,117,0.0
tier3_iso,2018,12345,70,L+C+MP,0.0,0,67,0.0
tier3_iso,2018,12345,71,M+L+C+MP,0.0,0,137,0.0
tier3_iso,2018,12345,72,KD+MP,0.0,0,38,0.0
tier3_iso,2018,12345,73,M+KD+MP,0.0,0,108,0.0
tier3_iso,2018,12345,74,L+KD+MP,0.0,0,58,0.0
tier3_iso,2018,12345,75,M+L+KD+MP,0.0,0,128,0.0
tier3_iso,2018,12345,76,C+KD+MP,0.0,0,69,0.0
tier3_iso,2018,12345,77,M+C+KD+MP,0.0,0,139,0.0
tier3_iso,2018,12345,78,L+C+KD+MP,0.0,0,89,0.0
tier3_iso,2018,12345,79,M+L+C+KD+MP,0.0,0,159,0.0
tier3_iso,2018,12345,80,S+MP,0.0,0,116,0.0
tier3_iso,2018,12345,81,M+S+MP,0.24795,1,186,0.5655792025
tier3_iso,2018,12345,82,L+S+MP,0.0,0,136,0.0
tier3_iso,2018,12345,83,M+L+S+MP,1.0,1,206,0.0
tier3_iso,2018,12345,84,C+S+MP,0.0,0,147,0.0
tier3_iso,2018,12345,85,M+C+S+MP,1.0,1,217,0.0
tier3_iso,2018,12345,86,L+C+S+MP,0.251,0,167,0.063001
tier3_iso,2018,12345,87,M+L+C+S+MP,1.0,1,237,0.0
tier3_iso,2018,12345,88,KD+S+MP,0.0,0,138,0.0
tier3_iso,2018,12345,89,M+KD+S+MP,1.0,1,208,0.0
tier3_iso,2018,12345,90,L+KD+S+MP,0.0,0,158,0.0
tier3_iso,2018,12345,91,M+L+KD+S+MP,1.0,1,228,0.0
tier3_iso,2018,12345,92,C+KD+S+MP,0.0,0,169,0.0
tier3_iso,2018,12345,93,M+C+KD+S+MP,1.0,1,239,0.0
tier3_iso,2018,12345,94,L+C+KD+S+MP,0.7456,1,189,0.06471935999999998
tier3_iso,2018,12345,95,M+L+C+KD+S+MP,1.0,1,259,0.0
tier3_iso,2018,12345,96,V+MP,0.0,0,44,0.0
tier3_iso,2018,12345,97,M+V+MP,0.0,0,114,0.0
tier3_iso,2018,12345,98,L+V+MP,0.0,0,64,0.0
tier3_iso,2018,12345,99,M+L+V+MP,0.0,0,134,0.0
tier3_iso,2018,12345,100,C+V+MP,0.0,0,75,0.0
tier3_iso,2018,12345,101,M+C+V+MP,0.0,0,145,0.0
tier3_iso,2018,12345,102,L+C+V+MP,0.0,0,95,0.0
tier3_iso,2018,12345,103,M+L+C+V+MP,0.0,0,165,0.0
tier3_iso,2018,12345,104,KD+V+MP,0.0,0,66,0.0
tier3_iso,2018,12345,105,M+KD+V+MP,0.0,0,136,0.0
tier3_iso,2018,12345,106,L+KD+V+MP,0.0,0,86,0.0
tier3_iso,2018,12345,107,M+L+KD+V+MP,0.0,0,156,0.0
tier3_iso,2018,12345,108,C+KD+V+MP,0.0,0,97,0.0
tier3_iso,2018,12345,109,M+C+KD+V+MP,0.24795,0,167,0.0614792025
tier3_iso,2018,12345,110,L+C+KD+V+MP,0.0,0,117,0.0
tier3_iso,2018,12345,111,M+L+C+KD+V+MP,1.0,1,187,0.0
tier3_iso,2018,12345,112,S+V+MP,0.0,0,144,0.0
tier3_iso,2018,12345,113,M+S+V+MP,1.0,1,214,0.0
tier3_iso,2018,12345,114,L+S+V+MP,0.251,0,164,0.063001
tier3_iso,2018,12345,115,M+L+S+V+MP,1.0,1,234,0.0
tier3_iso,2018,12345,116,C+S+V+MP,0.49895,1,175,0.2510511025
tier3_iso,2018,12345,117,M+C+S+V+MP,1.0,1,245,0.0
tier3_iso,2018,12345,118,L+C+S+V+MP,1.0,1,195,0.0
tier3_iso,2018,12345,119,M+L+C+S+V+MP,1.0,1,265,0.0
tier3_iso,2018,12345,120,KD+S+V+MP,0.0,0,166,0.0
tier3_iso,2018,12345,121,M+KD+S+V+MP,1.0,1,236,0.0
tier3_iso,2018,12345,122,L+KD+S+V+MP,1.0,1,186,0.0
tier3_iso,2018,12345,123,M+L+KD+S+V+MP,1.0,1,256,0.0
tier3_iso,2018,12345,124,C+KD+S+V+MP,1.0,1,197,0.0
tier3_iso,2018,12345,125,M+C+KD+S+V+MP,1.0,1,267,0.0
tier3_iso,2018,12345,126,L+C+KD+S+V+MP,1.0,1,217,0.0
tier3_iso,2018,12345,127,M+L+C+KD+S+V+MP,1.0,1,287,0.0
tier3_iso,2018,12345,128,SD,0.0,0,62,0.0
tier3_iso,2018,12345,129,M+SD,0.0,0,132,0.0
tier3_iso,2018,12345,130,L+SD,0.0,0,82,0.0
tier3_iso,2018,12345,131,M+L+SD,0.0,0,152,0.0
tier3_iso,2018,12345,132,C+SD,0.0,0,93,0.0
tier3_iso,2018,12345,133,M+C+SD,0.0,0,163,0.0
tier3_iso,2018,12345,134,L+C+SD,0.0,0,113,0.0
tier3_iso,2018,12345,135,M+L+C+SD,1.0,1,183,0.0
tier3_iso,2018,12345,136,KD+SD,0.0,0,84,0.0
tier3_iso,2018,12345,137,M+KD+SD,0.0,0,154,0.0
tier3_iso,2018,12345,138,L+KD+SD,0.0,0,104,0.0
tier3_iso,2018,12345,139,M+L+KD+SD,0.50105,0,174,0.2510511025
tier3_iso,2018,12345,140,C+KD+SD,0.0,0,115,0.0
tier3_iso,2018,12345,141,M+C+KD+SD,0.749,1,185,0.063001
tier3_iso,2018,12345,142,L+C+KD+SD,0.0,0,135,0.0
tier3_iso,2018,12345,143,M+L+C+KD+SD,1.0,1,205,0.0
tier3_iso,2018,12345,144,S+SD,0.0,0,162,0.0
tier3_iso,2018,12345,145,M+S+SD,1.0,1,232,0.0
tier3_iso,2018,12345,146,L+S+SD,0.75205,1,182,0.0614792025
tier3_iso,2018,12345,147,M+L+S+SD,1.0,1,252,0.0
tier3_iso,2018,12345,148,C+S+SD,1.0,1,193,0.0
tier3_iso,2018,12345,149,M+C+S+SD,1.0,1,263,0.0
tier3_iso,2018,12345,150,L+C+S+SD,1.0,1,213,0.0
tier3_iso,2018,12345,151,M+L+C+S+SD,1.0,1,283,0.0
tier3_iso,2018,12345,152,KD+S+SD,1.0,1,184,0.0
tier3_iso,2018,12345,153,M+KD+S+SD,1.0,1,254,0.0
tier3_iso,2018,12345,154,L+KD+S+SD,1.0,1,204,0.0
tier3_iso,2018,12345,155,M+L+KD+S+SD,1.0,1,274,0.0
tier3_iso,2018,12345,156,C+KD+S+SD,1.0,1,215,0.0
tier3_iso,2018,12345,157,M+C+KD+S+SD,1.0,1,285,0.0
tier3_iso,2018,12345,158,L+C+KD+S+SD,1.0,1,235,0.0
tier3_iso,2018,12345,159,M+L+C+KD+S+SD,1.0,1,305,0.0
tier3_iso,2018,12345,160,V+SD,0.0,0,90,0.0
tier3_iso,2018,12345,161,M+V+SD,0.2544,0,160,0.06471936
tier3_iso,2018,12345,162,L+V+SD,0.0,0,110,0.0
tier3_iso,2018,12345,163,M+L+V+SD,1.0,1,180,0.0
tier3_iso,2018,12345,164,C+V+SD,0.0,0,121,0.0
tier3_iso,2018,12345,165,M+C+V+SD,1.0,1,191,0.0
tier3_iso,2018,12345,166,L+C+V+SD,0.0,0,141,0.0
tier3_iso,2018,12345,167,M+L+C+V+SD,1.0,1,211,0.0
tier3_iso,2018,12345,168,KD+V+SD,0.0,0,112,0.0
tier3_iso,2018,12345,169,M+KD+V+SD,0.749,1,182,0.063001
tier3_iso,2018,12345,170,L+KD+V+SD,0.0,0,132,0.0
tier3_iso,2018,12345,171,M+L+KD+V+SD,1.0,1,202,0.0
tier3_iso,2018,12345,172,C+KD+V+SD,0.0,0,143,0.0
tier3_iso,2018,12345,173,M+C+KD+V+SD,1.0,1,213,0.0
tier3_iso,2018,12345,174,L+C+KD+V+SD,0.75205,0,163,0.5655792025
tier3_iso,2018,12345,175,M+L+C+KD+V+SD,1.0,1,233,0.0
tier3_iso,2018,12345,176,S+V+SD,1.0,1,190,0.0
tier3_iso,2018,12345,177,M+S+V+SD,1.0,1,260,0.0
tier3_iso,2018,12345,178,L+S+V+SD,1.0,1,210,0.0
tier3_iso,2018,12345,179,M+L+S+V+SD,1.0,1,280,0.0
tier3_iso,2018,12345,180,C+S+V+SD,1.0,1,221,0.0
tier3_iso,2018,12345,181,M+C+S+V+SD,1.0,1,291,0.0
tier3_iso,2018,12345,182,L+C+S+V+SD,1.0,1,241,0.0
tier3_iso,2018,12345,183,M+L+C+S+V+SD,1.0,1,311,0.0
tier3_iso,2018,12345,184,KD+S+V+SD,1.0,1,212,0.0
tier3_iso,2018,12345,185,M+KD+S+V+SD,1.0,1,282,0.0
tier3_iso,2018,12345,186,L+KD+S+V+SD,1.0,1,232,0.0
tier3_iso,2018,12345,187,M+L+KD+S+V+SD,1.0,1,302,0.0
tier3_iso,2018,12345,188,C+KD+S+V+SD,1.0,1,243,0.0
tier3_iso,2018,12345,189,M+C+KD+S+V+SD,1.0,1,313,0.0
tier3_iso,2018,12345,190,L+C+KD+S+V+SD,1.0,1,263,0.0
tier3_iso,2018,12345,191,M+L+C+KD+S+V+SD,1.0,1,333,0.0
tier3_iso,2018,12345,192,MP+SD,0.0,0,78,0.0
tier3_iso,2018,12345,193,M+MP+SD,0.0,0,148,0.0
tier3_iso,2018,12345,194,L+MP+SD,0.0,0,98,0.0
tier3_iso,2018,12345,195,M+L+MP+SD,0.2544,0,168,0.06471936
tier3_iso,2018,12345,196,C+MP+SD,0.0,0,109,0.0
tier3_iso,2018,12345,197,M+C+MP+SD,1.0,1,179,0.0
tier3_iso,2018,12345,198,L+C+MP+SD,0.0,0,129,0.0
tier3_iso,2018,12345,199,M+L+C+MP+SD,1.0,1,199,0.0
tier3_iso,2018,12345,200,KD+MP+SD,0.0,0,100,0.0
tier3_iso,2018,12345,201,M+KD+MP+SD,0.2544,0,170,0.06471936
tier3_iso,2018,12345,202,L+KD+MP+SD,0.0,0,120,0.0
tier3_iso,2018,12345,203,M+L+KD+MP+SD,1.0,1,190,0.0
tier3_iso,2018,12345,204,C+KD+MP+SD,0.0,0,131,0.0
tier3_iso,2018,12345,205,M+C+KD+MP+SD,1.0,1,201,0.0
tier3_iso,2018,12345,206,L+C+KD+MP+SD,0.0,0,151,0.0
tier3_iso,2018,12345,207,M+L+C+KD+MP+SD,1.0,1,221,0.0
tier3_iso,2018,12345,208,S+MP+SD,0.251,1,178,0.561001
tier3_iso,2018,12345,209,M+S+MP+SD,1.0,1,248,0.0
tier3_iso,2018,12345,210,L+S+MP+SD,1.0,1,198,0.0
tier3_iso,2018,12345,211,M+L+S+MP+SD,1.0,1,268,0.0
tier3_iso,2018,12345,212,C+S+MP+SD,1.0,1,209,0.0
tier3_iso,2018,12345,213,M+C+S+MP+SD,1.0,1,279,0.0
tier3_iso,2018,12345,214,L+C+S+MP+SD,1.0,1,229,0.0
tier3_iso,2018,12345,215,M+L+C+S+MP+SD,1.0,1,299,0.0
tier3_iso,2018,12345,216,KD+S+MP+SD,1.0,1,200,0.0
tier3_iso,2018,12345,217,M+KD+S+MP+SD,1.0,1,270,0.0
tier3_iso,2018,12345,218,L+KD+S+MP+SD,1.0,1,220,0.0
tier3_iso,2018,12345,219,M+L+KD+S+MP+SD,1.0,1,290,0.0
tier3_iso,2018,12345,220,C+KD+S+MP+SD,1.0,1,231,0.0
tier3_iso,2018,12345,221,M+C+KD+S+MP+SD,1.0,1,301,0.0
tier3_iso,2018,12345,222,L+C+KD+S+MP+SD,1.0,1,251,0.0
tier3_iso,2018,12345,223,M+L+C+KD+S+MP+SD,1.0,1,321,0.0
tier3_iso,2018,12345,224,V+MP+SD,0.0,0,106,0.0
tier3_iso,2018,12345,225,M+V+MP+SD,0.749,1,176,0.063001
tier3_iso,2018,12345,226,L+V+MP+SD,0.0,0,126,0.0
tier3_iso,2018,12345,227,M+L+V+MP+SD,1.0,1,196,0.0
tier3_iso,2018,12345,228,C+V+MP+SD,0.0,0,137,0.0
tier3_iso,2018,12345,229,M+C+V+MP+SD,1.0,1,207,0.0
tier3_iso,2018,12345,230,L+C+V+MP+SD,0.251,0,157,0.063001
tier3_iso,2018,12345,231,M+L+C+V+MP+SD,1.0,1,227,0.0
tier3_iso,2018,12345,232,KD+V+MP+SD,0.0,0,128,0.0
tier3_iso,2018,12345,233,M+KD+V+MP+SD,1.0,1,198,0.0
tier3_iso,2018,12345,234,L+KD+V+MP+SD,0.0,0,148,0.0
tier3_iso,2018,12345,235,M+L+KD+V+MP+SD,1.0,1,218,0.0
tier3_iso,2018,12345,236,C+KD+V+MP+SD,0.24795,0,159,0.0614792025
tier3_iso,2018,12345,237,M+C+KD+V+MP+SD,1.0,1,229,0.0
tier3_iso,2018,12345,238,L+C+KD+V+MP+SD,1.0,1,179,0.0
tier3_iso,2018,12345,239,M+L+C+KD+V+MP+SD,1.0,1,249,0.0
tier3_iso,2018,12345,240,S+V+MP+SD,1.0,1,206,0.0
tier3_iso,2018,12345,241,M+S+V+MP+SD,1.0,1,276,0.0
tier3_iso,2018,12345,242,L+S+V+MP+SD,1.0,1,226,0.0
tier3_iso,2018,12345,243,M+L+S+V+MP+SD,1.0,1,296,0.0
tier3_iso,2018,12345,244,C+S+V+MP+SD,1.0,1,237,0.0
tier3_iso,2018,12345,245,M+C+S+V+MP+SD,1.0,1,307,0.0
tier3_iso,2018,12345,246,L+C+S+V+MP+SD,1.0,1,257,0.0
tier3_iso,2018,12345,247,M+L+C+S+V+MP+SD,1.0,1,327,0.0
tier3_iso,2018,12345,248,KD+S+V+MP+SD,1.0,1,228,0.0
tier3_iso,2018,12345,249,M+KD+S+V+MP+SD,1.0,1,298,0.0
tier3_iso,2018,12345,250,L+KD+S+V+MP+SD,1.0,1,248,0.0
tier3_iso,2018,12345,251,M+L+KD+S+V+MP+SD,1.0,1,318,0.0
tier3_iso,2018,12345,252,C+KD+S+V+MP+SD,1.0,1,259,0.0
tier3_iso,2018,12345,253,M+C+KD+S+V+MP+SD,1.0,1,329,0.0
tier3_iso,2018,12345,254,L+C+KD+S+V+MP+SD,1.0,1,279,0.0
tier3_iso,2018,24680,1,M,0.0,0,70,0.0
tier3_iso,2018,24680,2,L,0.0,0,20,0.0
tier3_iso,2018,24680,3,M+L,0.0,0,90,0.0
tier3_iso,2018,24680,4,C,0.0,0,31,0.0
tier3_iso,2018,24680,5,M+C,0.0,0,101,0.0
tier3_iso,2018,24680,6,L+C,0.0,0,51,0.0
tier3_iso,2018,24680,7,M+L+C,0.0,0,121,0.0
tier3_iso,2018,24680,8,KD,0.0,0,22,0.0
tier3_iso,2018,24680,9,M+KD,0.0,0,92,0.0
tier3_iso,2018,24680,10,L+KD,0.0,0,42,0.0
tier3_iso,2018,24680,11,M+L+KD,0.0,0,112,0.0
tier3_iso,2018,24680,12,C+KD,0.0,0,53,0.0
tier3_iso,2018,24680,13,M+C+KD,0.0,0,123,0.0
tier3_iso,2018,24680,14,L+C+KD,0.0,0,73,0.0
tier3_iso,2018,24680,15,M+L+C+KD,0.0,0,143,0.0
tier3_iso,2018,24680,16,S,0.0,0,100,0.0
tier3_iso,2018,24680,17,M+S,0.0,0,170,0.0
tier3_iso,2018,24680,18,L+S,0.0,0,120,0.0
tier3_iso,2018,24680,19,M+L+S,0.7471,1,190,0.06395841000000001
tier3_iso,2018,24680,20,C+S,0.0,0,131,0.0
tier3_iso,2018,24680,21,M+C+S,1.0,1,201,0.0
tier3_iso,2018,24680,22,L+C+S,0.0,0,151,0.0
tier3_iso,2018,24680,23,M+L+C+S,1.0,1,221,0.0
tier3_iso,2018,24680,24,KD+S,0.0,0,122,0.0
tier3_iso,2018,24680,25,M+KD+S,0.75185,1,192,0.061578422499999994
tier3_iso,2018,24680,26,L+KD+S,0.0,0,142,0.0
tier3_iso,2018,24680,27,M+L+KD+S,1.0,1,212,0.0
tier3_iso,2018,24680,28,C+KD+S,0.0,0,153,0.0
tier3_iso,2018,24680,29,M+C+KD+S,1.0,1,223,0.0
tier3_iso,2018,24680,30,L+C+KD+S,0.24815,0,173,0.06157842250000001
tier3_iso,2018,24680,31,M+L+C+KD+S,1.0,1,243,0.0
tier3_iso,2018,24680,32,V,0.0,0,28,0.0
tier3_iso,2018,24680,33,M+V,0.0,0,98,0.0
tier3_iso,2018,24680,34,L+V,0.0,0,48,0.0
tier3_iso,2018,24680,35,M+L+V,0.0,0,118,0.0
tier3_iso,2018,24680,36,C+V,0.0,0,59,0.0
tier3_iso,2018,24680,37,M+C+V,0.0,0,129,0.0
tier3_iso,2018,24680,38,L+C+V,0.0,0,79,0.0
tier3_iso,2018,24680,39,M+L+C+V,0.0,0,149,0.0
tier3_iso,2018,24680,40,KD+V,0.0,0,50,0.0
tier3_iso,2018,24680,41,M+KD+V,0.0,0,120,0.0
tier3_iso,2018,24680,42,L+KD+V,0.0,0,70,0.0
tier3_iso,2018,24680,43,M+L+KD+V,0.0,0,140,0.0
tier3_iso,2018,24680,44,C+KD+V,0.0,0,81,0.0
tier3_iso,2018,24680,45,M+C+KD+V,0.0,0,151,0.0
tier3_iso,2018,24680,46,L+C+KD+V,0.0,0,101,0.0
tier3_iso,2018,24680,47,M+L+C+KD+V,0.75185,0,171,0.5652784225
tier3_iso,2018,24680,48,S+V,0.0,0,128,0.0
tier3_iso,2018,24680,49,M+S+V,1.0,1,198,0.0
tier3_iso,2018,24680,50,L+S+V,0.0,0,148,0.0
tier3_iso,2018,24680,51,M+L+S+V,1.0,1,218,0.0
tier3_iso,2018,24680,52,C+S+V,0.0,0,159,0.0
tier3_iso,2018,24680,53,M+C+S+V,1.0,1,229,0.0
tier3_iso,2018,24680,54,L+C+S+V,0.75065,1,179,0.06217542249999998
tier3_iso,2018,24680,55,M+L+C+S+V,1.0,1,249,0.0
tier3_iso,2018,24680,56,KD+S+V,0.0,0,150,0.0
tier3_iso,2018,24680,57,M+KD+S+V,1.0,1,220,0.0
tier3_iso,2018,24680,58,L+KD+S+V,0.0,0,170,0.0
tier3_iso,2018,24680,59,M+L+KD+S+V,1.0,1,240,0.0
tier3_iso,2018,24680,60,C+KD+S+V,0.75065,1,181,0.06217542249999998
tier3_iso,2018,24680,61,M+C+KD+S+V,1.0,1,251,0.0
tier3_iso,2018,24680,62,L+C+KD+S+V,1.0,1,201,0.0
tier3_iso,2018,24680,63,M+L+C+KD+S+V,1.0,1,271,0.0
tier3_iso,2018,24680,64,MP,0.0,0,16,0.0
tier3_iso,2018,24680,65,M+MP,0.0,0,86,0.0
tier3_iso,2018,24680,66,L+MP,0.0,0,36,0.0
tier3_iso,2018,24680,67,M+L+MP,0.0,0,106,0.0
tier3_iso,2018,24680,68,C+MP,0.0,0,47,0.0
tier3_iso,2018,24680,69,M+C+MP,0.0,0,117,0.0
tier3_iso,2018,24680,70,L+C+MP,0.0,0,67,0.0
tier3_iso,2018,24680,71,M+L+C+MP,0.0,0,137,0.0
tier3_iso,2018,24680,72,KD+MP,0.0,0,38,0.0
tier3_iso,2018,24680,73,M+KD+MP,0.0,0,108,0.0
tier3_iso,2018,24680,74,L+KD+MP,0.0,0,58,0.0
tier3_iso,2018,24680,75,M+L+KD+MP,0.0,0,128,0.0
tier3_iso,2018,24680,76,C+KD+MP,0.0,0,69,0.0
tier3_iso,2018,24680,77,M+C+KD+MP,0.0,0,139,0.0
tier3_iso,2018,24680,78,L+C+KD+MP,0.0,0,89,0.0
tier3_iso,2018,24680,79,M+L+C+KD+MP,0.0,0,159,0.0
tier3_iso,2018,24680,80,S+MP,0.0,0,116,0.0
tier3_iso,2018,24680,81,M+S+MP,0.2529,1,186,0.55815841
tier3_iso,2018,24680,82,L+S+MP,0.0,0,136,0.0
tier3_iso,2018,24680,83,M+L+S+MP,1.0,1,206,0.0
tier3_iso,2018,24680,84,C+S+MP,0.0,0,147,0.0
tier3_iso,2018,24680,85,M+C+S+MP,1.0,1,217,0.0
tier3_iso,2018,24680,86,L+C+S+MP,0.24815,0,167,0.06157842250000001
tier3_iso,2018,24680,87,M+L+C+S+MP,1.0,1,237,0.0
tier3_iso,2018,24680,88,KD+S+MP,0.0,0,138,0.0
tier3_iso,2018,24680,89,M+KD+S+MP,1.0,1,208,0.0
tier3_iso,2018,24680,90,L+KD+S+MP,0.0,0,158,0.0
tier3_iso,2018,24680,91,M+L+KD+S+MP,1.0,1,228,0.0
tier3_iso,2018,24680,92,C+KD+S+MP,0.0,0,169,0.0
tier3_iso,2018,24680,93,M+C+KD+S+MP,1.0,1,239,0.0
tier3_iso,2018,24680,94,L+C+KD+S+MP,0.75065,1,189,0.06217542249999998
tier3_iso,2018,24680,95,M+L+C+KD+S+MP,1.0,1,259,0.0
tier3_iso,2018,24680,96,V+MP,0.0,0,44,0.0
tier3_iso,2018,24680,97,M+V+MP,0.0,0,114,0.0
tier3_iso,2018,24680,98,L+V+MP,0.0,0,64,0.0
tier3_iso,2018,24680,99,M+L+V+MP,0.0,0,134,0.0
tier3_iso,2018,24680,100,C+V+MP,0.0,0,75,0.0
tier3_iso,2018,24680,101,M+C+V+MP,0.0,0,145,0.0
tier3_iso,2018,24680,102,L+C+V+MP,0.0,0,95,0.0
tier3_iso,2018,24680,103,M+L+C+V+MP,0.0,0,165,0.0
tier3_iso,2018,24680,104,KD+V+MP,0.0,0,66,0.0
tier3_iso,2018,24680,105,M+KD+V+MP,0.0,0,136,0.0
tier3_iso,2018,24680,106,L+KD+V+MP,0.0,0,86,0.0
tier3_iso,2018,24680,107,M+L+KD+V+MP,0.0,0,156,0.0
tier3_iso,2018,24680,108,C+KD+V+MP,0.0,0,97,0.0
tier3_iso,2018,24680,109,M+C+KD+V+MP,0.2529,0,167,0.06395841000000001
tier3_iso,2018,24680,110,L+C+KD+V+MP,0.0,0,117,0.0
tier3_iso,2018,24680,111,M+L+C+KD+V+MP,1.0,1,187,0.0
tier3_iso,2018,24680,112,S+V+MP,0.0,0,144,0.0
tier3_iso,2018,24680,113,M+S+V+MP,1.0,1,214,0.0
tier3_iso,2018,24680,114,L+S+V+MP,0.24815,0,164,0.06157842250000001
tier3_iso,2018,24680,115,M+L+S+V+MP,1.0,1,234,0.0
tier3_iso,2018,24680,116,C+S+V+MP,0.50105,1,175,0.2489511025
tier3_iso,2018,24680,117,M+C+S+V+MP,1.0,1,245,0.0
tier3_iso,2018,24680,118,L+C+S+V+MP,1.0,1,195,0.0
tier3_iso,2018,24680,119,M+L+C+S+V+MP,1.0,1,265,0.0
tier3_iso,2018,24680,120,KD+S+V+MP,0.0,0,166,0.0
tier3_iso,2018,24680,121,M+KD+S+V+MP,1.0,1,236,0.0
tier3_iso,2018,24680,122,L+KD+S+V+MP,1.0,1,186,0.0
tier3_iso,2018,24680,123,M+L+KD+S+V+MP,1.0,1,256,0.0
tier3_iso,2018,24680,124,C+KD+S+V+MP,1.0,1,197,0.0
tier3_iso,2018,24680,125,M+C+KD+S+V+MP,1.0,1,267,0.0
tier3_iso,2018,24680,126,L+C+KD+S+V+MP,1.0,1,217,0.0
tier3_iso,2018,24680,127,M+L+C+KD+S+V+MP,1.0,1,287,0.0
tier3_iso,2018,24680,128,SD,0.0,0,62,0.0
tier3_iso,2018,24680,129,M+SD,0.0,0,132,0.0
tier3_iso,2018,24680,130,L+SD,0.0,0,82,0.0
tier3_iso,2018,24680,131,M+L+SD,0.0,0,152,0.0
tier3_iso,2018,24680,132,C+SD,0.0,0,93,0.0
tier3_iso,2018,24680,133,M+C+SD,0.0,0,163,0.0
tier3_iso,2018,24680,134,L+C+SD,0.0,0,113,0.0
tier3_iso,2018,24680,135,M+L+C+SD,1.0,1,183,0.0
tier3_iso,2018,24680,136,KD+SD,0.0,0,84,0.0
tier3_iso,2018,24680,137,M+KD+SD,0.0,0,154,0.0
tier3_iso,2018,24680,138,L+KD+SD,0.0,0,104,0.0
tier3_iso,2018,24680,139,M+L+KD+SD,0.49895,0,174,0.2489511025
tier3_iso,2018,24680,140,C+KD+SD,0.0,0,115,0.0
tier3_iso,2018,24680,141,M+C+KD+SD,0.75185,1,185,0.061578422499999994
tier3_iso,2018,24680,142,L+C+KD+SD,0.0,0,135,0.0
tier3_iso,2018,24680,143,M+L+C+KD+SD,1.0,1,205,0.0
tier3_iso,2018,24680,144,S+SD,0.0,0,162,0.0
tier3_iso,2018,24680,145,M+S+SD,1.0,1,232,0.0
tier3_iso,2018,24680,146,L+S+SD,0.7471,1,182,0.06395841000000001
tier3_iso,2018,24680,147,M+L+S+SD,1.0,1,252,0.0
tier3_iso,2018,24680,148,C+S+SD,1.0,1,193,0.0
tier3_iso,2018,24680,149,M+C+S+SD,1.0,1,263,0.0
tier3_iso,2018,24680,150,L+C+S+SD,1.0,1,213,0.0
tier3_iso,2018,24680,151,M+L+C+S+SD,1.0,1,283,0.0
tier3_iso,2018,24680,152,KD+S+SD,1.0,1,184,0.0
tier3_iso,2018,24680,153,M+KD+S+SD,1.0,1,254,0.0
tier3_iso,2018,24680,154,L+KD+S+SD,1.0,1,204,0.0
tier3_iso,2018,24680,155,M+L+KD+S+SD,1.0,1,274,0.0
tier3_iso,2018,24680,156,C+KD+S+SD,1.0,1,215,0.0
tier3_iso,2018,24680,157,M+C+KD+S+SD,1.0,1,285,0.0
tier3_iso,2018,24680,158,L+C+KD+S+SD,1.0,1,235,0.0
tier3_iso,2018,24680,159,M+L+C+KD+S+SD,1.0,1,305,0.0
tier3_iso,2018,24680,160,V+SD,0.0,0,90,0.0
tier3_iso,2018,24680,161,M+V+SD,0.24935,0,160,0.062175422499999994
tier3_iso,2018,24680,162,L+V+SD,0.0,0,110,0.0
tier3_iso,2018,24680,163,M+L+V+SD,1.0,1,180,0.0
tier3_iso,2018,24680,164,C+V+SD,0.0,0,121,0.0
tier3_iso,2018,24680,165,M+C+V+SD,1.0,1,191,0.0
tier3_iso,2018,24680,166,L+C+V+SD,0.0,0,141,0.0
tier3_iso,2018,24680,167,M+L+C+V+SD,1.0,1,211,0.0
tier3_iso,2018,24680,168,KD+V+SD,0.0,0,112,0.0
tier3_iso,2018,24680,169,M+KD+V+SD,0.75185,1,182,0.061578422499999994
tier3_iso,2018,24680,170,L+KD+V+SD,0.0,0,132,0.0
tier3_iso,2018,24680,171,M+L+KD+V+SD,1.0,1,202,0.0
tier3_iso,2018,24680,172,C+KD+V+SD,0.0,0,143,0.0
tier3_iso,2018,24680,173,M+C+KD+V+SD,1.0,1,213,0.0
tier3_iso,2018,24680,174,L+C+KD+V+SD,0.7471,0,163,0.55815841
tier3_iso,2018,24680,175,M+L+C+KD+V+SD,1.0,1,233,0.0
tier3_iso,2018,24680,176,S+V+SD,1.0,1,190,0.0
tier3_iso,2018,24680,177,M+S+V+SD,1.0,1,260,0.0
tier3_iso,2018,24680,178,L+S+V+SD,1.0,1,210,0.0
tier3_iso,2018,24680,179,M+L+S+V+SD,1.0,1,280,0.0
tier3_iso,2018,24680,180,C+S+V+SD,1.0,1,221,0.0
tier3_iso,2018,24680,181,M+C+S+V+SD,1.0,1,291,0.0
tier3_iso,2018,24680,182,L+C+S+V+SD,1.0,1,241,0.0
tier3_iso,2018,24680,183,M+L+C+S+V+SD,1.0,1,311,0.0
tier3_iso,2018,24680,184,KD+S+V+SD,1.0,1,212,0.0
tier3_iso,2018,24680,185,M+KD+S+V+SD,1.0,1,282,0.0
tier3_iso,2018,24680,186,L+KD+S+V+SD,1.0,1,232,0.0
tier3_iso,2018,24680,187,M+L+KD+S+V+SD,1.0,1,302,0.0
tier3_iso,2018,24680,188,C+KD+S+V+SD,1.0,1,243,0.0
tier3_iso,2018,24680,189,M+C+KD+S+V+SD,1.0,1,313,0.0
tier3_iso,2018,24680,190,L+C+KD+S+V+SD,1.0,1,263,0.0
tier3_iso,2018,24680,191,M+L+C+KD+S+V+SD,1.0,1,333,0.0
tier3_iso,2018,24680,192,MP+SD,0.0,0,78,0.0
tier3_iso,2018,24680,193,M+MP+SD,0.0,0,148,0.0
tier3_iso,2018,24680,194,L+MP+SD,0.0,0,98,0.0
tier3_iso,2018,24680,195,M+L+MP+SD,0.24935,0,168,0.062175422499999994
tier3_iso,2018,24680,196,C+MP+SD,0.0,0,109,0.0
tier3_iso,2018,24680,197,M+C+MP+SD,1.0,1,179,0.0
tier3_iso,2018,24680,198,L+C+MP+SD,0.0,0,129,0.0
tier3_iso,2018,24680,199,M+L+C+MP+SD,1.0,1,199,0.0
tier3_iso,2018,24680,200,KD+MP+SD,0.0,0,100,0.0
tier3_iso,2018,24680,201,M+KD+MP+SD,0.24935,0,170,0.062175422499999994
tier3_iso,2018,24680,202,L+KD+MP+SD,0.0,0,120,0.0
tier3_iso,2018,24680,203,M+L+KD+MP+SD,1.0,1,190,0.0
tier3_iso,2018,24680,204,C+KD+MP+SD,0.0,0,131,0.0
tier3_iso,2018,24680,205,M+C+KD+MP+SD,1.0,1,201,0.0
tier3_iso,2018,24680,206,L+C+KD+MP+SD,0.0,0,151,0.0
tier3_iso,2018,24680,207,M+L+C+KD+MP+SD,1.0,1,221,0.0
tier3_iso,2018,24680,208,S+MP+SD,0.24815,1,178,0.5652784225
tier3_iso,2018,24680,209,M+S+MP+SD,1.0,1,248,0.0
tier3_iso,2018,24680,210,L+S+MP+SD,1.0,1,198,0.0
tier3_iso,2018,24680,211,M+L+S+MP+SD,1.0,1,268,0.0
tier3_iso,2018,24680,212,C+S+MP+SD,1.0,1,209,0.0
tier3_iso,2018,24680,213,M+C+S+MP+SD,1.0,1,279,0.0
tier3_iso,2018,24680,214,L+C+S+MP+SD,1.0,1,229,0.0
tier3_iso,2018,24680,215,M+L+C+S+MP+SD,1.0,1,299,0.0
tier3_iso,2018,24680,216,KD+S+MP+SD,1.0,1,200,0.0
tier3_iso,2018,24680,217,M+KD+S+MP+SD,1.0,1,270,0.0
tier3_iso,2018,24680,218,L+KD+S+MP+SD,1.0,1,220,0.0
tier3_iso,2018,24680,219,M+L+KD+S+MP+SD,1.0,1,290,0.0
tier3_iso,2018,24680,220,C+KD+S+MP+SD,1.0,1,231,0.0
tier3_iso,2018,24680,221,M+C+KD+S+MP+SD,1.0,1,301,0.0
tier3_iso,2018,24680,222,L+C+KD+S+MP+SD,1.0,1,251,0.0
tier3_iso,2018,24680,223,M+L+C+KD+S+MP+SD,1.0,1,321,0.0
tier3_iso,2018,24680,224,V+MP+SD,0.0,0,106,0.0
tier3_iso,2018,24680,225,M+V+MP+SD,0.75185,1,176,0.061578422499999994
tier3_iso,2018,24680,226,L+V+MP+SD,0.0,0,126,0.0
tier3_iso,2018,24680,227,M+L+V+MP+SD,1.0,1,196,0.0
tier3_iso,2018,24680,228,C+V+MP+SD,0.0,0,137,0.0
tier3_iso,2018,24680,229,M+C+V+MP+SD,1.0,1,207,0.0
tier3_iso,2018,24680,230,L+C+V+MP+SD,0.24815,0,157,0.06157842250000001
tier3_iso,2018,24680,231,M+L+C+V+MP+SD,1.0,1,227,0.0
tier3_iso,2018,24680,232,KD+V+MP+SD,0.0,0,128,0.0
tier3_iso,2018,24680,233,M+KD+V+MP+SD,1.0,1,198,0.0
tier3_iso,2018,24680,234,L+KD+V+MP+SD,0.0,0,148,0.0
tier3_iso,2018,24680,235,M+L+KD+V+MP+SD,1.0,1,218,0.0
tier3_iso,2018,24680,236,C+KD+V+MP+SD,0.2529,0,159,0.06395841000000001
tier3_iso,2018,24680,237,M+C+KD+V+MP+SD,1.0,1,229,0.0
tier3_iso,2018,24680,238,L+C+KD+V+MP+SD,1.0,1,179,0.0
tier3_iso,2018,24680,239,M+L+C+KD+V+MP+SD,1.0,1,249,0.0
tier3_iso,2018,24680,240,S+V+MP+SD,1.0,1,206,0.0
tier3_iso,2018,24680,241,M+S+V+MP+SD,1.0,1,276,0.0
tier3_iso,2018,24680,242,L+S+V+MP+SD,1.0,1,226,0.0
tier3_iso,2018,24680,243,M+L+S+V+MP+SD,1.0,1,296,0.0
tier3_iso,2018,24680,244,C+S+V+MP+SD,1.0,1,237,0.0
tier3_iso,2018,24680,245,M+C+S+V+MP+SD,1.0,1,307,0.0
tier3_iso,2018,24680,246,L+C+S+V+MP+SD,1.0,1,257,0.0
tier3_iso,2018,24680,247,M+L+C+S+V+MP+SD,1.0,1,327,0.0
tier3_iso,2018,24680,248,KD+S+V+MP+SD,1.0,1,228,0.0
tier3_iso,2018,24680,249,M+KD+S+V+MP+SD,1.0,1,298,0.0
tier3_iso,2018,24680,250,L+KD+S+V+MP+SD,1.0,1,248,0.0
tier3_iso,2018,24680,251,M+L+KD+S+V+MP+SD,1.0,1,318,0.0
tier3_iso,2018,24680,252,C+KD+S+V+MP+SD,1.0,1,259,0.0
tier3_iso,2018,24680,253,M+C+KD+S+V+MP+SD,1.0,1,329,0.0
tier3_iso,2018,24680,254,L+C+KD+S+V+MP+SD,1.0,1,279,0.0
tier3_iso,2018,98765,1,M,0.0,0,70,0.0
tier3_iso,2018,98765,2,L,0.0,0,20,0.0
tier3_iso,2018,98765,3,M+L,0.0,0,90,0.0
tier3_iso,2018,98765,4,C,0.0,0,31,0.0
tier3_iso,2018,98765,5,M+C,0.0,0,101,0.0
tier3_iso,2018,98765,6,L+C,0.0,0,51,0.0
tier3_iso,2018,98765,7,M+L+C,0.0,0,121,0.0
tier3_iso,2018,98765,8,KD,0.0,0,22,0.0
tier3_iso,2018,98765,9,M+KD,0.0,0,92,0.0
tier3_iso,2018,98765,10,L+KD,0.0,0,42,0.0
tier3_iso,2018,98765,11,M+L+KD,0.0,0,112,0.0
tier3_iso,2018,98765,12,C+KD,0.0,0,53,0.0
tier3_iso,2018,98765,13,M+C+KD,0.0,0,123,0.0
tier3_iso,2018,98765,14,L+C+KD,0.0,0,73,0.0
tier3_iso,2018,98765,15,M+L+C+KD,0.0,0,143,0.0
tier3_iso,2018,98765,16,S,0.0,0,100,0.0
tier3_iso,2018,98765,17,M+S,0.0,0,170,0.0
tier3_iso,2018,98765,18,L+S,0.0,0,120,0.0
tier3_iso,2018,98765,19,M+L+S,0.7525,1,190,0.061256250000000026
tier3_iso,2018,98765,20,C+S,0.0,0,131,0.0
tier3_iso,2018,98765,21,M+C+S,1.0,1,201,0.0
tier3_iso,2018,98765,22,L+C+S,0.0,0,151,0.0
tier3_iso,2018,98765,23,M+L+C+S,1.0,1,221,0.0
tier3_iso,2018,98765,24,KD+S,0.0,0,122,0.0
tier3_iso,2018,98765,25,M+KD+S,0.74515,1,192,0.06494852250000001
tier3_iso,2018,98765,26,L+KD+S,0.0,0,142,0.0
tier3_iso,2018,98765,27,M+L+KD+S,1.0,1,212,0.0
tier3_iso,2018,98765,28,C+KD+S,0.0,0,153,0.0
tier3_iso,2018,98765,29,M+C+KD+S,1.0,1,223,0.0
tier3_iso,2018,98765,30,L+C+KD+S,0.25485,0,173,0.06494852250000001
tier3_iso,2018,98765,31,M+L+C+KD+S,1.0,1,243,0.0
tier3_iso,2018,98765,32,V,0.0,0,28,0.0
tier3_iso,2018,98765,33,M+V,0.0,0,98,0.0
tier3_iso,2018,98765,34,L+V,0.0,0,48,0.0
tier3_iso,2018,98765,35,M+L+V,0.0,0,118,0.0
tier3_iso,2018,98765,36,C+V,0.0,0,59,0.0
tier3_iso,2018,98765,37,M+C+V,0.0,0,129,0.0
tier3_iso,2018,98765,38,L+C+V,0.0,0,79,0.0
tier3_iso,2018,98765,39,M+L+C+V,0.0,0,149,0.0
tier3_iso,2018,98765,40,KD+V,0.0,0,50,0.0
tier3_iso,2018,98765,41,M+KD+V,0.0,0,120,0.0
tier3_iso,2018,98765,42,L+KD+V,0.0,0,70,0.0
tier3_iso,2018,98765,43,M+L+KD+V,0.0,0,140,0.0
tier3_iso,2018,98765,44,C+KD+V,0.0,0,81,0.0
tier3_iso,2018,98765,45,M+C+KD+V,0.0,0,151,0.0
tier3_iso,2018,98765,46,L+C+KD+V,0.0,0,101,0.0
tier3_iso,2018,98765,47,M+L+C+KD+V,0.74515,0,171,0.5552485225
tier3_iso,2018,98765,48,S+V,0.0,0,128,0.0
tier3_iso,2018,98765,49,M+S+V,1.0,1,198,0.0
tier3_iso,2018,98765,50,L+S+V,0.0,0,148,0.0
tier3_iso,2018,98765,51,M+L+S+V,1.0,1,218,0.0
tier3_iso,2018,98765,52,C+S+V,0.0,0,159,0.0
tier3_iso,2018,98765,53,M+C+S+V,1.0,1,229,0.0
tier3_iso,2018,98765,54,L+C+S+V,0.75565,1,179,0.05970692249999998
tier3_iso,2018,98765,55,M+L+C+S+V,1.0,1,249,0.0
tier3_iso,2018,98765,56,KD+S+V,0.0,0,150,0.0
tier3_iso,2018,98765,57,M+KD+S+V,1.0,1,220,0.0
tier3_iso,2018,98765,58,L+KD+S+V,0.0,0,170,0.0
tier3_iso,2018,98765,59,M+L+KD+S+V,1.0,1,240,0.0
tier3_iso,2018,98765,60,C+KD+S+V,0.75565,1,181,0.05970692249999998
tier3_iso,2018,98765,61,M+C+KD+S+V,1.0,1,251,0.0
tier3_iso,2018,98765,62,L+C+KD+S+V,1.0,1,201,0.0
tier3_iso,2018,98765,63,M+L+C+KD+S+V,1.0,1,271,0.0
tier3_iso,2018,98765,64,MP,0.0,0,16,0.0
tier3_iso,2018,98765,65,M+MP,0.0,0,86,0.0
tier3_iso,2018,98765,66,L+MP,0.0,0,36,0.0
tier3_iso,2018,98765,67,M+L+MP,0.0,0,106,0.0
tier3_iso,2018,98765,68,C+MP,0.0,0,47,0.0
tier3_iso,2018,98765,69,M+C+MP,0.0,0,117,0.0
tier3_iso,2018,98765,70,L+C+MP,0.0,0,67,0.0
tier3_iso,2018,98765,71,M+L+C+MP,0.0,0,137,0.0
tier3_iso,2018,98765,72,KD+MP,0.0,0,38,0.0
tier3_iso,2018,98765,73,M+KD+MP,0.0,0,108,0.0
tier3_iso,2018,98765,74,L+KD+MP,0.0,0,58,0.0
tier3_iso,2018,98765,75,M+L+KD+MP,0.0,0,128,0.0
tier3_iso,2018,98765,76,C+KD+MP,0.0,0,69,0.0
tier3_iso,2018,98765,77,M+C+KD+MP,0.0,0,139,0.0
tier3_iso,2018,98765,78,L+C+KD+MP,0.0,0,89,0.0
tier3_iso,2018,98765,79,M+L+C+KD+MP,0.0,0,159,0.0
tier3_iso,2018,98765,80,S+MP,0.0,0,116,0.0
tier3_iso,2018,98765,81,M+S+MP,0.2475,1,186,0.5662562499999999
tier3_iso,2018,98765,82,L+S+MP,0.0,0,136,0.0
tier3_iso,2018,98765,83,M+L+S+MP,1.0,1,206,0.0
tier3_iso,2018,98765,84,C+S+MP,0.0,0,147,0.0
tier3_iso,2018,98765,85,M+C+S+MP,1.0,1,217,0.0
tier3_iso,2018,98765,86,L+C+S+MP,0.25485,0,167,0.06494852250000001
tier3_iso,2018,98765,87,M+L+C+S+MP,1.0,1,237,0.0
tier3_iso,2018,98765,88,KD+S+MP,0.0,0,138,0.0
tier3_iso,2018,98765,89,M+KD+S+MP,1.0,1,208,0.0
tier3_iso,2018,98765,90,L+KD+S+MP,0.0,0,158,0.0
tier3_iso,2018,98765,91,M+L+KD+S+MP,1.0,1,228,0.0
tier3_iso,2018,98765,92,C+KD+S+MP,0.0,0,169,0.0
tier3_iso,2018,98765,93,M+C+KD+S+MP,1.0,1,239,0.0
tier3_iso,2018,98765,94,L+C+KD+S+MP,0.75565,1,189,0.05970692249999998
tier3_iso,2018,98765,95,M+L+C+KD+S+MP,1.0,1,259,0.0
tier3_iso,2018,98765,96,V+MP,0.0,0,44,0.0
tier3_iso,2018,98765,97,M+V+MP,0.0,0,114,0.0
tier3_iso,2018,98765,98,L+V+MP,0.0,0,64,0.0
tier3_iso,2018,98765,99,M+L+V+MP,0.0,0,134,0.0
tier3_iso,2018,98765,100,C+V+MP,0.0,0,75,0.0
tier3_iso,2018,98765,101,M+C+V+MP,0.0,0,145,0.0
tier3_iso,2018,98765,102,L+C+V+MP,0.0,0,95,0.0
tier3_iso,2018,98765,103,M+L+C+V+MP,0.0,0,165,0.0
tier3_iso,2018,98765,104,KD+V+MP,0.0,0,66,0.0
tier3_iso,2018,98765,105,M+KD+V+MP,0.0,0,136,0.0
tier3_iso,2018,98765,106,L+KD+V+MP,0.0,0,86,0.0
tier3_iso,2018,98765,107,M+L+KD+V+MP,0.0,0,156,0.0
tier3_iso,2018,98765,108,C+KD+V+MP,0.0,0,97,0.0
tier3_iso,2018,98765,109,M+C+KD+V+MP,0.2475,0,167,0.06125625
tier3_iso,2018,98765,110,L+C+KD+V+MP,0.0,0,117,0.0
tier3_iso,2018,98765,111,M+L+C+KD+V+MP,1.0,1,187,0.0
tier3_iso,2018,98765,112,S+V+MP,0.0,0,144,0.0
tier3_iso,2018,98765,113,M+S+V+MP,1.0,1,214,0.0
tier3_iso,2018,98765,114,L+S+V+MP,0.25485,0,164,0.06494852250000001
tier3_iso,2018,98765,115,M+L+S+V+MP,1.0,1,234,0.0
tier3_iso,2018,98765,116,C+S+V+MP,0.50235,1,175,0.24765552250000003
tier3_iso,2018,98765,117,M+C+S+V+MP,1.0,1,245,0.0
tier3_iso,2018,98765,118,L+C+S+V+MP,1.0,1,195,0.0
tier3_iso,2018,98765,119,M+L+C+S+V+MP,1.0,1,265,0.0
tier3_iso,2018,98765,120,KD+S+V+MP,0.0,0,166,0.0
tier3_iso,2018,98765,121,M+KD+S+V+MP,1.0,1,236,0.0
tier3_iso,2018,98765,122,L+KD+S+V+MP,1.0,1,186,0.0
tier3_iso,2018,98765,123,M+L+KD+S+V+MP,1.0,1,256,0.0
tier3_iso,2018,98765,124,C+KD+S+V+MP,1.0,1,197,0.0
tier3_iso,2018,98765,125,M+C+KD+S+V+MP,1.0,1,267,0.0
tier3_iso,2018,98765,126,L+C+KD+S+V+MP,1.0,1,217,0.0
tier3_iso,2018,98765,127,M+L+C+KD+S+V+MP,1.0,1,287,0.0
tier3_iso,2018,98765,128,SD,0.0,0,62,0.0
tier3_iso,2018,98765,129,M+SD,0.0,0,132,0.0
tier3_iso,2018,98765,130,L+SD,0.0,0,82,0.0
tier3_iso,2018,98765,131,M+L+SD,0.0,0,152,0.0
tier3_iso,2018,98765,132,C+SD,0.0,0,93,0.0
tier3_iso,2018,98765,133,M+C+SD,0.0,0,163,0.0
tier3_iso,2018,98765,134,L+C+SD,0.0,0,113,0.0
tier3_iso,2018,98765,135,M+L+C+SD,1.0,1,183,0.0
tier3_iso,2018,98765,136,KD+SD,0.0,0,84,0.0
tier3_iso,2018,98765,137,M+KD+SD,0.0,0,154,0.0
tier3_iso,2018,98765,138,L+KD+SD,0.0,0,104,0.0
tier3_iso,2018,98765,139,M+L+KD+SD,0.49765,0,174,0.24765552249999997
tier3_iso,2018,98765,140,C+KD+SD,0.0,0,115,0.0
tier3_iso,2018,98765,141,M+C+KD+SD,0.74515,1,185,0.06494852250000001
tier3_iso,2018,98765,142,L+C+KD+SD,0.0,0,135,0.0
tier3_iso,2018,98765,143,M+L+C+KD+SD,1.0,1,205,0.0
tier3_iso,2018,98765,144,S+SD,0.0,0,162,0.0
tier3_iso,2018,98765,145,M+S+SD,1.0,1,232,0.0
tier3_iso,2018,98765,146,L+S+SD,0.7525,1,182,0.061256250000000026
tier3_iso,2018,98765,147,M+L+S+SD,1.0,1,252,0.0
tier3_iso,2018,98765,148,C+S+SD,1.0,1,193,0.0
tier3_iso,2018,98765,149,M+C+S+SD,1.0,1,263,0.0
tier3_iso,2018,98765,150,L+C+S+SD,1.0,1,213,0.0
tier3_iso,2018,98765,151,M+L+C+S+SD,1.0,1,283,0.0
tier3_iso,2018,98765,152,KD+S+SD,1.0,1,184,0.0
tier3_iso,2018,98765,153,M+KD+S+SD,1.0,1,254,0.0
tier3_iso,2018,98765,154,L+KD+S+SD,1.0,1,204,0.0
tier3_iso,2018,98765,155,M+L+KD+S+SD,1.0,1,274,0.0
tier3_iso,2018,98765,156,C+KD+S+SD,1.0,1,215,0.0
tier3_iso,2018,98765,157,M+C+KD+S+SD,1.0,1,285,0.0
tier3_iso,2018,98765,158,L+C+KD+S+SD,1.0,1,235,0.0
tier3_iso,2018,98765,159,M+L+C+KD+S+SD,1.0,1,305,0.0
tier3_iso,2018,98765,160,V+SD,0.0,0,90,0.0
tier3_iso,2018,98765,161,M+V+SD,0.24435,0,160,0.0597069225
tier3_iso,2018,98765,162,L+V+SD,0.0,0,110,0.0
tier3_iso,2018,98765,163,M+L+V+SD,1.0,1,180,0.0
tier3_iso,2018,98765,164,C+V+SD,0.0,0,121,0.0
tier3_iso,2018,98765,165,M+C+V+SD,1.0,1,191,0.0
tier3_iso,2018,98765,166,L+C+V+SD,0.0,0,141,0.0
tier3_iso,2018,98765,167,M+L+C+V+SD,1.0,1,211,0.0
tier3_iso,2018,98765,168,KD+V+SD,0.0,0,112,0.0
tier3_iso,2018,98765,169,M+KD+V+SD,0.74515,1,182,0.06494852250000001
tier3_iso,2018,98765,170,L+KD+V+SD,0.0,0,132,0.0
tier3_iso,2018,98765,171,M+L+KD+V+SD,1.0,1,202,0.0
tier3_iso,2018,98765,172,C+KD+V+SD,0.0,0,143,0.0
tier3_iso,2018,98765,173,M+C+KD+V+SD,1.0,1,213,0.0
tier3_iso,2018,98765,174,L+C+KD+V+SD,0.7525,0,163,0.5662562499999999
tier3_iso,2018,98765,175,M+L+C+KD+V+SD,1.0,1,233,0.0
tier3_iso,2018,98765,176,S+V+SD,1.0,1,190,0.0
tier3_iso,2018,98765,177,M+S+V+SD,1.0,1,260,0.0
tier3_iso,2018,98765,178,L+S+V+SD,1.0,1,210,0.0
tier3_iso,2018,98765,179,M+L+S+V+SD,1.0,1,280,0.0
tier3_iso,2018,98765,180,C+S+V+SD,1.0,1,221,0.0
tier3_iso,2018,98765,181,M+C+S+V+SD,1.0,1,291,0.0
tier3_iso,2018,98765,182,L+C+S+V+SD,1.0,1,241,0.0
tier3_iso,2018,98765,183,M+L+C+S+V+SD,1.0,1,311,0.0
tier3_iso,2018,98765,184,KD+S+V+SD,1.0,1,212,0.0
tier3_iso,2018,98765,185,M+KD+S+V+SD,1.0,1,282,0.0
tier3_iso,2018,98765,186,L+KD+S+V+SD,1.0,1,232,0.0
tier3_iso,2018,98765,187,M+L+KD+S+V+SD,1.0,1,302,0.0
tier3_iso,2018,98765,188,C+KD+S+V+SD,1.0,1,243,0.0
tier3_iso,2018,98765,189,M+C+KD+S+V+SD,1.0,1,313,0.0
tier3_iso,2018,98765,190,L+C+KD+S+V+SD,1.0,1,263,0.0
tier3_iso,2018,98765,191,M+L+C+KD+S+V+SD,1.0,1,333,0.0
tier3_iso,2018,98765,192,MP+SD,0.0,0,78,0.0
tier3_iso,2018,98765,193,M+MP+SD,0.0,0,148,0.0
tier3_iso,2018,98765,194,L+MP+SD,0.0,0,98,0.0
tier3_iso,2018,98765,195,M+L+MP+SD,0.24435,0,168,0.0597069225
tier3_iso,2018,98765,196,C+MP+SD,0.0,0,109,0.0
tier3_iso,2018,98765,197,M+C+MP+SD,1.0,1,179,0.0
tier3_iso,2018,98765,198,L+C+MP+SD,0.0,0,129,0.0
tier3_iso,2018,98765,199,M+L+C+MP+SD,1.0,1,199,0.0
tier3_iso,2018,98765,200,KD+MP+SD,0.0,0,100,0.0
tier3_iso,2018,98765,201,M+KD+MP+SD,0.24435,0,170,0.0597069225
tier3_iso,2018,98765,202,L+KD+MP+SD,0.0,0,120,0.0
tier3_iso,2018,98765,203,M+L+KD+MP+SD,1.0,1,190,0.0
tier3_iso,2018,98765,204,C+KD+MP+SD,0.0,0,131,0.0
tier3_iso,2018,98765,205,M+C+KD+MP+SD,1.0,1,201,0.0
tier3_iso,2018,98765,206,L+C+KD+MP+SD,0.0,0,151,0.0
tier3_iso,2018,98765,207,M+L+C+KD+MP+SD,1.0,1,221,0.0
tier3_iso,2018,98765,208,S+MP+SD,0.25485,1,178,0.5552485225
tier3_iso,2018,98765,209,M+S+MP+SD,1.0,1,248,0.0
tier3_iso,2018,98765,210,L+S+MP+SD,1.0,1,198,0.0
tier3_iso,2018,98765,211,M+L+S+MP+SD,1.0,1,268,0.0
tier3_iso,2018,98765,212,C+S+MP+SD,1.0,1,209,0.0
tier3_iso,2018,98765,213,M+C+S+MP+SD,1.0,1,279,0.0
tier3_iso,2018,98765,214,L+C+S+MP+SD,1.0,1,229,0.0
tier3_iso,2018,98765,215,M+L+C+S+MP+SD,1.0,1,299,0.0
tier3_iso,2018,98765,216,KD+S+MP+SD,1.0,1,200,0.0
tier3_iso,2018,98765,217,M+KD+S+MP+SD,1.0,1,270,0.0
tier3_iso,2018,98765,218,L+KD+S+MP+SD,1.0,1,220,0.0
tier3_iso,2018,98765,219,M+L+KD+S+MP+SD,1.0,1,290,0.0
tier3_iso,2018,98765,220,C+KD+S+MP+SD,1.0,1,231,0.0
tier3_iso,2018,98765,221,M+C+KD+S+MP+SD,1.0,1,301,0.0
tier3_iso,2018,98765,222,L+C+KD+S+MP+SD,1.0,1,251,0.0
tier3_iso,2018,98765,223,M+L+C+KD+S+MP+SD,1.0,1,321,0.0
tier3_iso,2018,98765,224,V+MP+SD,0.0,0,106,0.0
tier3_iso,2018,98765,225,M+V+MP+SD,0.74515,1,176,0.06494852250000001
tier3_iso,2018,98765,226,L+V+MP+SD,0.0,0,126,0.0
tier3_iso,2018,98765,227,M+L+V+MP+SD,1.0,1,196,0.0
tier3_iso,2018,98765,228,C+V+MP+SD,0.0,0,137,0.0
tier3_iso,2018,98765,229,M+C+V+MP+SD,1.0,1,207,0.0
tier3_iso,2018,98765,230,L+C+V+MP+SD,0.25485,0,157,0.06494852250000001
tier3_iso,2018,98765,231,M+L+C+V+MP+SD,1.0,1,227,0.0
tier3_iso,2018,98765,232,KD+V+MP+SD,0.0,0,128,0.0
tier3_iso,2018,98765,233,M+KD+V+MP+SD,1.0,1,198,0.0
tier3_iso,2018,98765,234,L+KD+V+MP+SD,0.0,0,148,0.0
tier3_iso,2018,98765,235,M+L+KD+V+MP+SD,1.0,1,218,0.0
tier3_iso,2018,98765,236,C+KD+V+MP+SD,0.2475,0,159,0.06125625
tier3_iso,2018,98765,237,M+C+KD+V+MP+SD,1.0,1,229,0.0
tier3_iso,2018,98765,238,L+C+KD+V+MP+SD,1.0,1,179,0.0
tier3_iso,2018,98765,239,M+L+C+KD+V+MP+SD,1.0,1,249,0.0
tier3_iso,2018,98765,240,S+V+MP+SD,1.0,1,206,0.0
tier3_iso,2018,98765,241,M+S+V+MP+SD,1.0,1,276,0.0
tier3_iso,2018,98765,242,L+S+V+MP+SD,1.0,1,226,0.0
tier3_iso,2018,98765,243,M+L+S+V+MP+SD,1.0,1,296,0.0
tier3_iso,2018,98765,244,C+S+V+MP+SD,1.0,1,237,0.0
tier3_iso,2018,98765,245,M+C+S+V+MP+SD,1.0,1,307,0.0
tier3_iso,2018,98765,246,L+C+S+V+MP+SD,1.0,1,257,0.0
tier3_iso,2018,98765,247,M+L+C+S+V+MP+SD,1.0,1,327,0.0
tier3_iso,2018,98765,248,KD+S+V+MP+SD,1.0,1,228,0.0
tier3_iso,2018,98765,249,M+KD+S+V+MP+SD,1.0,1,298,0.0
tier3_iso,2018,98765,250,L+KD+S+V+MP+SD,1.0,1,248,0.0
tier3_iso,2018,98765,251,M+L+KD+S+V+MP+SD,1.0,1,318,0.0
tier3_iso,2018,98765,252,C+KD+S+V+MP+SD,1.0,1,259,0.0
tier3_iso,2018,98765,253,M+C+KD+S+V+MP+SD,1.0,1,329,0.0
tier3_iso,2018,98765,254,L+C+KD+S+V+MP+SD,1.0,1,279,0.0
tier3_iso,2018,54321,1,M,0.0,0,70,0.0
tier3_iso,2018,54321,2,L,0.0,0,20,0.0
tier3_iso,2018,54321,3,M+L,0.0,0,90,0.0
tier3_iso,2018,54321,4,C,0.0,0,31,0.0
tier3_iso,2018,54321,5,M+C,0.0,0,101,0.0
tier3_iso,2018,54321,6,L+C,0.0,0,51,0.0
tier3_iso,2018,54321,7,M+L+C,0.0,0,121,0.0
tier3_iso,2018,54321,8,KD,0.0,0,22,0.0
tier3_iso,2018,54321,9,M+KD,0.0,0,92,0.0
tier3_iso,2018,54321,10,L+KD,0.0,0,42,0.0
tier3_iso,2018,54321,11,M+L+KD,0.0,0,112,0.0
tier3_iso,2018,54321,12,C+KD,0.0,0,53,0.0
tier3_iso,2018,54321,13,M+C+KD,0.0,0,123,0.0
tier3_iso,2018,54321,14,L+C+KD,0.0,0,73,0.0
tier3_iso,2018,54321,15,M+L+C+KD,0.0,0,143,0.0
tier3_iso,2018,54321,16,S,0.0,0,100,0.0
tier3_iso,2018,54321,17,M+S,0.0,0,170,0.0
tier3_iso,2018,54321,18,L+S,0.0,0,120,0.0
tier3_iso,2018,54321,19,M+L+S,0.75485,1,190,0.06009852249999999
tier3_iso,2018,54321,20,C+S,0.0,0,131,0.0
tier3_iso,2018,54321,21,M+C+S,1.0,1,201,0.0
tier3_iso,2018,54321,22,L+C+S,0.0,0,151,0.0
tier3_iso,2018,54321,23,M+L+C+S,1.0,1,221,0.0
tier3_iso,2018,54321,24,KD+S,0.0,0,122,0.0
tier3_iso,2018,54321,25,M+KD+S,0.7499,1,192,0.06255000999999999
tier3_iso,2018,54321,26,L+KD+S,0.0,0,142,0.0
tier3_iso,2018,54321,27,M+L+KD+S,1.0,1,212,0.0
tier3_iso,2018,54321,28,C+KD+S,0.0,0,153,0.0
tier3_iso,2018,54321,29,M+C+KD+S,1.0,1,223,0.0
tier3_iso,2018,54321,30,L+C+KD+S,0.2501,0,173,0.06255000999999999
tier3_iso,2018,54321,31,M+L+C+KD+S,1.0,1,243,0.0
tier3_iso,2018,54321,32,V,0.0,0,28,0.0
tier3_iso,2018,54321,33,M+V,0.0,0,98,0.0
tier3_iso,2018,54321,34,L+V,0.0,0,48,0.0
tier3_iso,2018,54321,35,M+L+V,0.0,0,118,0.0
tier3_iso,2018,54321,36,C+V,0.0,0,59,0.0
tier3_iso,2018,54321,37,M+C+V,0.0,0,129,0.0
tier3_iso,2018,54321,38,L+C+V,0.0,0,79,0.0
tier3_iso,2018,54321,39,M+L+C+V,0.0,0,149,0.0
tier3_iso,2018,54321,40,KD+V,0.0,0,50,0.0
tier3_iso,2018,54321,41,M+KD+V,0.0,0,120,0.0
tier3_iso,2018,54321,42,L+KD+V,0.0,0,70,0.0
tier3_iso,2018,54321,43,M+L+KD+V,0.0,0,140,0.0
tier3_iso,2018,54321,44,C+KD+V,0.0,0,81,0.0
tier3_iso,2018,54321,45,M+C+KD+V,0.0,0,151,0.0
tier3_iso,2018,54321,46,L+C+KD+V,0.0,0,101,0.0
tier3_iso,2018,54321,47,M+L+C+KD+V,0.7499,0,171,0.5623500100000001
tier3_iso,2018,54321,48,S+V,0.0,0,128,0.0
tier3_iso,2018,54321,49,M+S+V,1.0,1,198,0.0
tier3_iso,2018,54321,50,L+S+V,0.0,0,148,0.0
tier3_iso,2018,54321,51,M+L+S+V,1.0,1,218,0.0
tier3_iso,2018,54321,52,C+S+V,0.0,0,159,0.0
tier3_iso,2018,54321,53,M+C+S+V,1.0,1,229,0.0
tier3_iso,2018,54321,54,L+C+S+V,0.75025,1,179,0.062375062500000016
tier3_iso,2018,54321,55,M+L+C+S+V,1.0,1,249,0.0
tier3_iso,2018,54321,56,KD+S+V,0.0,0,150,0.0
tier3_iso,2018,54321,57,M+KD+S+V,1.0,1,220,0.0
tier3_iso,2018,54321,58,L+KD+S+V,0.0,0,170,0.0
tier3_iso,2018,54321,59,M+L+KD+S+V,1.0,1,240,0.0
tier3_iso,2018,54321,60,C+KD+S+V,0.75025,1,181,0.062375062500000016
tier3_iso,2018,54321,61,M+C+KD+S+V,1.0,1,251,0.0
tier3_iso,2018,54321,62,L+C+KD+S+V,1.0,1,201,0.0
tier3_iso,2018,54321,63,M+L+C+KD+S+V,1.0,1,271,0.0
tier3_iso,2018,54321,64,MP,0.0,0,16,0.0
tier3_iso,2018,54321,65,M+MP,0.0,0,86,0.0
tier3_iso,2018,54321,66,L+MP,0.0,0,36,0.0
tier3_iso,2018,54321,67,M+L+MP,0.0,0,106,0.0
tier3_iso,2018,54321,68,C+MP,0.0,0,47,0.0
tier3_iso,2018,54321,69,M+C+MP,0.0,0,117,0.0
tier3_iso,2018,54321,70,L+C+MP,0.0,0,67,0.0
tier3_iso,2018,54321,71,M+L+C+MP,0.0,0,137,0.0
tier3_iso,2018,54321,72,KD+MP,0.0,0,38,0.0
tier3_iso,2018,54321,73,M+KD+MP,0.0,0,108,0.0
tier3_iso,2018,54321,74,L+KD+MP,0.0,0,58,0.0
tier3_iso,2018,54321,75,M+L+KD+MP,0.0,0,128,0.0
tier3_iso,2018,54321,76,C+KD+MP,0.0,0,69,0.0
tier3_iso,2018,54321,77,M+C+KD+MP,0.0,0,139,0.0
tier3_iso,2018,54321,78,L+C+KD+MP,0.0,0,89,0.0
tier3_iso,2018,54321,79,M+L+C+KD+MP,0.0,0,159,0.0
tier3_iso,2018,54321,80,S+MP,0.0,0,116,0.0
tier3_iso,2018,54321,81,M+S+MP,0.24515,1,186,0.5697985225000001
tier3_iso,2018,54321,82,L+S+MP,0.0,0,136,0.0
tier3_iso,2018,54321,83,M+L+S+MP,1.0,1,206,0.0
tier3_iso,2018,54321,84,C+S+MP,0.0,0,147,0.0
tier3_iso,2018,54321,85,M+C+S+MP,1.0,1,217,0.0
tier3_iso,2018,54321,86,L+C+S+MP,0.2501,0,167,0.06255000999999999
tier3_iso,2018,54321,87,M+L+C+S+MP,1.0,1,237,0.0
tier3_iso,2018,54321,88,KD+S+MP,0.0,0,138,0.0
tier3_iso,2018,54321,89,M+KD+S+MP,1.0,1,208,0.0
tier3_iso,2018,54321,90,L+KD+S+MP,0.0,0,158,0.0
tier3_iso,2018,54321,91,M+L+KD+S+MP,1.0,1,228,0.0
tier3_iso,2018,54321,92,C+KD+S+MP,0.0,0,169,0.0
tier3_iso,2018,54321,93,M+C+KD+S+MP,1.0,1,239,0.0
tier3_iso,2018,54321,94,L+C+KD+S+MP,0.75025,1,189,0.062375062500000016
tier3_iso,2018,54321,95,M+L+C+KD+S+MP,1.0,1,259,0.0
tier3_iso,2018,54321,96,V+MP,0.0,0,44,0.0
tier3_iso,2018,54321,97,M+V+MP,0.0,0,114,0.0
tier3_iso,2018,54321,98,L+V+MP,0.0,0,64,0.0
tier3_iso,2018,54321,99,M+L+V+MP,0.0,0,134,0.0
tier3_iso,2018,54321,100,C+V+MP,0.0,0,75,0.0
tier3_iso,2018,54321,101,M+C+V+MP,0.0,0,145,0.0
tier3_iso,2018,54321,102,L+C+V+MP,0.0,0,95,0.0
tier3_iso,2018,54321,103,M+L+C+V+MP,0.0,0,165,0.0
tier3_iso,2018,54321,104,KD+V+MP,0.0,0,66,0.0
tier3_iso,2018,54321,105,M+KD+V+MP,0.0,0,136,0.0
tier3_iso,2018,54321,106,L+KD+V+MP,0.0,0,86,0.0
tier3_iso,2018,54321,107,M+L+KD+V+MP,0.0,0,156,0.0
tier3_iso,2018,54321,108,C+KD+V+MP,0.0,0,97,0.0
tier3_iso,2018,54321,109,M+C+KD+V+MP,0.24515,0,167,0.0600985225
tier3_iso,2018,54321,110,L+C+KD+V+MP,0.0,0,117,0.0
tier3_iso,2018,54321,111,M+L+C+KD+V+MP,1.0,1,187,0.0
tier3_iso,2018,54321,112,S+V+MP,0.0,0,144,0.0
tier3_iso,2018,54321,113,M+S+V+MP,1.0,1,214,0.0
tier3_iso,2018,54321,114,L+S+V+MP,0.2501,0,164,0.06255000999999999
tier3_iso,2018,54321,115,M+L+S+V+MP,1.0,1,234,0.0
tier3_iso,2018,54321,116,C+S+V+MP,0.49525,1,175,0.2547725625
tier3_iso,2018,54321,117,M+C+S+V+MP,1.0,1,245,0.0
tier3_iso,2018,54321,118,L+C+S+V+MP,1.0,1,195,0.0
tier3_iso,2018,54321,119,M+L+C+S+V+MP,1.0,1,265,0.0
tier3_iso,2018,54321,120,KD+S+V+MP,0.0,0,166,0.0
tier3_iso,2018,54321,121,M+KD+S+V+MP,1.0,1,236,0.0
tier3_iso,2018,54321,122,L+KD+S+V+MP,1.0,1,186,0.0
tier3_iso,2018,54321,123,M+L+KD+S+V+MP,1.0,1,256,0.0
tier3_iso,2018,54321,124,C+KD+S+V+MP,1.0,1,197,0.0
tier3_iso,2018,54321,125,M+C+KD+S+V+MP,1.0,1,267,0.0
tier3_iso,2018,54321,126,L+C+KD+S+V+MP,1.0,1,217,0.0
tier3_iso,2018,54321,127,M+L+C+KD+S+V+MP,1.0,1,287,0.0
tier3_iso,2018,54321,128,SD,0.0,0,62,0.0
tier3_iso,2018,54321,129,M+SD,0.0,0,132,0.0
tier3_iso,2018,54321,130,L+SD,0.0,0,82,0.0
tier3_iso,2018,54321,131,M+L+SD,0.0,0,152,0.0
tier3_iso,2018,54321,132,C+SD,0.0,0,93,0.0
tier3_iso,2018,54321,133,M+C+SD,0.0,0,163,0.0
tier3_iso,2018,54321,134,L+C+SD,0.0,0,113,0.0
tier3_iso,2018,54321,135,M+L+C+SD,1.0,1,183,0.0
tier3_iso,2018,54321,136,KD+SD,0.0,0,84,0.0
tier3_iso,2018,54321,137,M+KD+SD,0.0,0,154,0.0
tier3_iso,2018,54321,138,L+KD+SD,0.0,0,104,0.0
tier3_iso,2018,54321,139,M+L+KD+SD,0.50475,0,174,0.2547725625
tier3_iso,2018,54321,140,C+KD+SD,0.0,0,115,0.0
tier3_iso,2018,54321,141,M+C+KD+SD,0.7499,1,185,0.06255000999999999
tier3_iso,2018,54321,142,L+C+KD+SD,0.0,0,135,0.0
tier3_iso,2018,54321,143,M+L+C+KD+SD,1.0,1,205,0.0
tier3_iso,2018,54321,144,S+SD,0.0,0,162,0.0
tier3_iso,2018,54321,145,M+S+SD,1.0,1,232,0.0
tier3_iso,2018,54321,146,L+S+SD,0.75485,1,182,0.06009852249999999
tier3_iso,2018,54321,147,M+L+S+SD,1.0,1,252,0.0
tier3_iso,2018,54321,148,C+S+SD,1.0,1,193,0.0
tier3_iso,2018,54321,149,M+C+S+SD,1.0,1,263,0.0
tier3_iso,2018,54321,150,L+C+S+SD,1.0,1,213,0.0
tier3_iso,2018,54321,151,M+L+C+S+SD,1.0,1,283,0.0
tier3_iso,2018,54321,152,KD+S+SD,1.0,1,184,0.0
tier3_iso,2018,54321,153,M+KD+S+SD,1.0,1,254,0.0
tier3_iso,2018,54321,154,L+KD+S+SD,1.0,1,204,0.0
tier3_iso,2018,54321,155,M+L+KD+S+SD,1.0,1,274,0.0
tier3_iso,2018,54321,156,C+KD+S+SD,1.0,1,215,0.0
tier3_iso,2018,54321,157,M+C+KD+S+SD,1.0,1,285,0.0
tier3_iso,2018,54321,158,L+C+KD+S+SD,1.0,1,235,0.0
tier3_iso,2018,54321,159,M+L+C+KD+S+SD,1.0,1,305,0.0
tier3_iso,2018,54321,160,V+SD,0.0,0,90,0.0
tier3_iso,2018,54321,161,M+V+SD,0.24975,0,160,0.0623750625
tier3_iso,2018,54321,162,L+V+SD,0.0,0,110,0.0
tier3_iso,2018,54321,163,M+L+V+SD,1.0,1,180,0.0
tier3_iso,2018,54321,164,C+V+SD,0.0,0,121,0.0
tier3_iso,2018,54321,165,M+C+V+SD,1.0,1,191,0.0
tier3_iso,2018,54321,166,L+C+V+SD,0.0,0,141,0.0
tier3_iso,2018,54321,167,M+L+C+V+SD,1.0,1,211,0.0
tier3_iso,2018,54321,168,KD+V+SD,0.0,0,112,0.0
tier3_iso,2018,54321,169,M+KD+V+SD,0.7499,1,182,0.06255000999999999
tier3_iso,2018,54321,170,L+KD+V+SD,0.0,0,132,0.0
tier3_iso,2018,54321,171,M+L+KD+V+SD,1.0,1,202,0.0
tier3_iso,2018,54321,172,C+KD+V+SD,0.0,0,143,0.0
tier3_iso,2018,54321,173,M+C+KD+V+SD,1.0,1,213,0.0
tier3_iso,2018,54321,174,L+C+KD+V+SD,0.75485,0,163,0.5697985225000001
tier3_iso,2018,54321,175,M+L+C+KD+V+SD,1.0,1,233,0.0
tier3_iso,2018,54321,176,S+V+SD,1.0,1,190,0.0
tier3_iso,2018,54321,177,M+S+V+SD,1.0,1,260,0.0
tier3_iso,2018,54321,178,L+S+V+SD,1.0,1,210,0.0
tier3_iso,2018,54321,179,M+L+S+V+SD,1.0,1,280,0.0
tier3_iso,2018,54321,180,C+S+V+SD,1.0,1,221,0.0
tier3_iso,2018,54321,181,M+C+S+V+SD,1.0,1,291,0.0
tier3_iso,2018,54321,182,L+C+S+V+SD,1.0,1,241,0.0
tier3_iso,2018,54321,183,M+L+C+S+V+SD,1.0,1,311,0.0
tier3_iso,2018,54321,184,KD+S+V+SD,1.0,1,212,0.0
tier3_iso,2018,54321,185,M+KD+S+V+SD,1.0,1,282,0.0
tier3_iso,2018,54321,186,L+KD+S+V+SD,1.0,1,232,0.0
tier3_iso,2018,54321,187,M+L+KD+S+V+SD,1.0,1,302,0.0
tier3_iso,2018,54321,188,C+KD+S+V+SD,1.0,1,243,0.0
tier3_iso,2018,54321,189,M+C+KD+S+V+SD,1.0,1,313,0.0
tier3_iso,2018,54321,190,L+C+KD+S+V+SD,1.0,1,263,0.0
tier3_iso,2018,54321,191,M+L+C+KD+S+V+SD,1.0,1,333,0.0
tier3_iso,2018,54321,192,MP+SD,0.0,0,78,0.0
tier3_iso,2018,54321,193,M+MP+SD,0.0,0,148,0.0
tier3_iso,2018,54321,194,L+MP+SD,0.0,0,98,0.0
tier3_iso,2018,54321,195,M+L+MP+SD,0.24975,0,168,0.0623750625
tier3_iso,2018,54321,196,C+MP+SD,0.0,0,109,0.0
tier3_iso,2018,54321,197,M+C+MP+SD,1.0,1,179,0.0
tier3_iso,2018,54321,198,L+C+MP+SD,0.0,0,129,0.0
tier3_iso,2018,54321,199,M+L+C+MP+SD,1.0,1,199,0.0
tier3_iso,2018,54321,200,KD+MP+SD,0.0,0,100,0.0
tier3_iso,2018,54321,201,M+KD+MP+SD,0.24975,0,170,0.0623750625
tier3_iso,2018,54321,202,L+KD+MP+SD,0.0,0,120,0.0
tier3_iso,2018,54321,203,M+L+KD+MP+SD,1.0,1,190,0.0
tier3_iso,2018,54321,204,C+KD+MP+SD,0.0,0,131,0.0
tier3_iso,2018,54321,205,M+C+KD+MP+SD,1.0,1,201,0.0
tier3_iso,2018,54321,206,L+C+KD+MP+SD,0.0,0,151,0.0
tier3_iso,2018,54321,207,M+L+C+KD+MP+SD,1.0,1,221,0.0
tier3_iso,2018,54321,208,S+MP+SD,0.2501,1,178,0.5623500100000001
tier3_iso,2018,54321,209,M+S+MP+SD,1.0,1,248,0.0
tier3_iso,2018,54321,210,L+S+MP+SD,1.0,1,198,0.0
tier3_iso,2018,54321,211,M+L+S+MP+SD,1.0,1,268,0.0
tier3_iso,2018,54321,212,C+S+MP+SD,1.0,1,209,0.0
tier3_iso,2018,54321,213,M+C+S+MP+SD,1.0,1,279,0.0
tier3_iso,2018,54321,214,L+C+S+MP+SD,1.0,1,229,0.0
tier3_iso,2018,54321,215,M+L+C+S+MP+SD,1.0,1,299,0.0
tier3_iso,2018,54321,216,KD+S+MP+SD,1.0,1,200,0.0
tier3_iso,2018,54321,217,M+KD+S+MP+SD,1.0,1,270,0.0
tier3_iso,2018,54321,218,L+KD+S+MP+SD,1.0,1,220,0.0
tier3_iso,2018,54321,219,M+L+KD+S+MP+SD,1.0,1,290,0.0
tier3_iso,2018,54321,220,C+KD+S+MP+SD,1.0,1,231,0.0
tier3_iso,2018,54321,221,M+C+KD+S+MP+SD,1.0,1,301,0.0
tier3_iso,2018,54321,222,L+C+KD+S+MP+SD,1.0,1,251,0.0
tier3_iso,2018,54321,223,M+L+C+KD+S+MP+SD,1.0,1,321,0.0
tier3_iso,2018,54321,224,V+MP+SD,0.0,0,106,0.0
tier3_iso,2018,54321,225,M+V+MP+SD,0.7499,1,176,0.06255000999999999
tier3_iso,2018,54321,226,L+V+MP+SD,0.0,0,126,0.0
tier3_iso,2018,54321,227,M+L+V+MP+SD,1.0,1,196,0.0
tier3_iso,2018,54321,228,C+V+MP+SD,0.0,0,137,0.0
tier3_iso,2018,54321,229,M+C+V+MP+SD,1.0,1,207,0.0
tier3_iso,2018,54321,230,L+C+V+MP+SD,0.2501,0,157,0.06255000999999999
tier3_iso,2018,54321,231,M+L+C+V+MP+SD,1.0,1,227,0.0
tier3_iso,2018,54321,232,KD+V+MP+SD,0.0,0,128,0.0
tier3_iso,2018,54321,233,M+KD+V+MP+SD,1.0,1,198,0.0
tier3_iso,2018,54321,234,L+KD+V+MP+SD,0.0,0,148,0.0
tier3_iso,2018,54321,235,M+L+KD+V+MP+SD,1.0,1,218,0.0
tier3_iso,2018,54321,236,C+KD+V+MP+SD,0.24515,0,159,0.0600985225
tier3_iso,2018,54321,237,M+C+KD+V+MP+SD,1.0,1,229,0.0
tier3_iso,2018,54321,238,L+C+KD+V+MP+SD,1.0,1,179,0.0
tier3_iso,2018,54321,239,M+L+C+KD+V+MP+SD,1.0,1,249,0.0
tier3_iso,2018,54321,240,S+V+MP+SD,1.0,1,206,0.0
tier3_iso,2018,54321,241,M+S+V+MP+SD,1.0,1,276,0.0
tier3_iso,2018,54321,242,L+S+V+MP+SD,1.0,1,226,0.0
tier3_iso,2018,54321,243,M+L+S+V+MP+SD,1.0,1,296,0.0
tier3_iso,2018,54321,244,C+S+V+MP+SD,1.0,1,237,0.0
tier3_iso,2018,54321,245,M+C+S+V+MP+SD,1.0,1,307,0.0
tier3_iso,2018,54321,246,L+C+S+V+MP+SD,1.0,1,257,0.0
tier3_iso,2018,54321,247,M+L+C+S+V+MP+SD,1.0,1,327,0.0
tier3_iso,2018,54321,248,KD+S+V+MP+SD,1.0,1,228,0.0
tier3_iso,2018,54321,249,M+KD+S+V+MP+SD,1.0,1,298,0.0
tier3_iso,2018,54321,250,L+KD+S+V+MP+SD,1.0,1,248,0.0
tier3_iso,2018,54321,251,M+L+KD+S+V+MP+SD,1.0,1,318,0.0
tier3_iso,2018,54321,252,C+KD+S+V+MP+SD,1.0,1,259,0.0
tier3_iso,2018,54321,253,M+C+KD+S+V+MP+SD,1.0,1,329,0.0
tier3_iso,2018,54321,254,L+C+KD+S+V+MP+SD,1.0,1,279,0.0
tier3_iso,2018,13579,1,M,0.0,0,70,0.0
tier3_iso,2018,13579,2,L,0.0,0,20,0.0
tier3_iso,2018,13579,3,M+L,0.0,0,90,0.0
tier3_iso,2018,13579,4,C,0.0,0,31,0.0
tier3_iso,2018,13579,5,M+C,0.0,0,101,0.0
tier3_iso,2018,13579,6,L+C,0.0,0,51,0.0
tier3_iso,2018,13579,7,M+L+C,0.0,0,121,0.0
tier3_iso,2018,13579,8,KD,0.0,0,22,0.0
tier3_iso,2018,13579,9,M+KD,0.0,0,92,0.0
tier3_iso,2018,13579,10,L+KD,0.0,0,42,0.0
tier3_iso,2018,13579,11,M+L+KD,0.0,0,112,0.0
tier3_iso,2018,13579,12,C+KD,0.0,0,53,0.0
tier3_iso,2018,13579,13,M+C+KD,0.0,0,123,0.0
tier3_iso,2018,13579,14,L+C+KD,0.0,0,73,0.0
tier3_iso,2018,13579,15,M+L+C+KD,0.0,0,143,0.0
tier3_iso,2018,13579,16,S,0.0,0,100,0.0
tier3_iso,2018,13579,17,M+S,0.0,0,170,0.0
tier3_iso,2018,13579,18,L+S,0.0,0,120,0.0
tier3_iso,2018,13579,19,M+L+S,0.74835,1,190,0.06332772250000002
tier3_iso,2018,13579,20,C+S,0.0,0,131,0.0
tier3_iso,2018,13579,21,M+C+S,1.0,1,201,0.0
tier3_iso,2018,13579,22,L+C+S,0.0,0,151,0.0
tier3_iso,2018,13579,23,M+L+C+S,1.0,1,221,0.0
tier3_iso,2018,13579,24,KD+S,0.0,0,122,0.0
tier3_iso,2018,13579,25,M+KD+S,0.7527,1,192,0.06115728999999998
tier3_iso,2018,13579,26,L+KD+S,0.0,0,142,0.0
tier3_iso,2018,13579,27,M+L+KD+S,1.0,1,212,0.0
tier3_iso,2018,13579,28,C+KD+S,0.0,0,153,0.0
tier3_iso,2018,13579,29,M+C+KD+S,1.0,1,223,0.0
tier3_iso,2018,13579,30,L+C+KD+S,0.2473,0,173,0.061157289999999996
tier3_iso,2018,13579,31,M+L+C+KD+S,1.0,1,243,0.0
tier3_iso,2018,13579,32,V,0.0,0,28,0.0
tier3_iso,2018,13579,33,M+V,0.0,0,98,0.0
tier3_iso,2018,13579,34,L+V,0.0,0,48,0.0
tier3_iso,2018,13579,35,M+L+V,0.0,0,118,0.0
tier3_iso,2018,13579,36,C+V,0.0,0,59,0.0
tier3_iso,2018,13579,37,M+C+V,0.0,0,129,0.0
tier3_iso,2018,13579,38,L+C+V,0.0,0,79,0.0
tier3_iso,2018,13579,39,M+L+C+V,0.0,0,149,0.0
tier3_iso,2018,13579,40,KD+V,0.0,0,50,0.0
tier3_iso,2018,13579,41,M+KD+V,0.0,0,120,0.0
tier3_iso,2018,13579,42,L+KD+V,0.0,0,70,0.0
tier3_iso,2018,13579,43,M+L+KD+V,0.0,0,140,0.0
tier3_iso,2018,13579,44,C+KD+V,0.0,0,81,0.0
tier3_iso,2018,13579,45,M+C+KD+V,0.0,0,151,0.0
tier3_iso,2018,13579,46,L+C+KD+V,0.0,0,101,0.0
tier3_iso,2018,13579,47,M+L+C+KD+V,0.7527,0,171,0.5665572900000001
tier3_iso,2018,13579,48,S+V,0.0,0,128,0.0
tier3_iso,2018,13579,49,M+S+V,1.0,1,198,0.0
tier3_iso,2018,13579,50,L+S+V,0.0,0,148,0.0
tier3_iso,2018,13579,51,M+L+S+V,1.0,1,218,0.0
tier3_iso,2018,13579,52,C+S+V,0.0,0,159,0.0
tier3_iso,2018,13579,53,M+C+S+V,1.0,1,229,0.0
tier3_iso,2018,13579,54,L+C+S+V,0.7467,1,179,0.06416088999999998
tier3_iso,2018,13579,55,M+L+C+S+V,1.0,1,249,0.0
tier3_iso,2018,13579,56,KD+S+V,0.0,0,150,0.0
tier3_iso,2018,13579,57,M+KD+S+V,1.0,1,220,0.0
tier3_iso,2018,13579,58,L+KD+S+V,0.0,0,170,0.0
tier3_iso,2018,13579,59,M+L+KD+S+V,1.0,1,240,0.0
tier3_iso,2018,13579,60,C+KD+S+V,0.7467,1,181,0.06416088999999998
tier3_iso,2018,13579,61,M+C+KD+S+V,1.0,1,251,0.0
tier3_iso,2018,13579,62,L+C+KD+S+V,1.0,1,201,0.0
tier3_iso,2018,13579,63,M+L+C+KD+S+V,1.0,1,271,0.0
tier3_iso,2018,13579,64,MP,0.0,0,16,0.0
tier3_iso,2018,13579,65,M+MP,0.0,0,86,0.0
tier3_iso,2018,13579,66,L+MP,0.0,0,36,0.0
tier3_iso,2018,13579,67,M+L+MP,0.0,0,106,0.0
tier3_iso,2018,13579,68,C+MP,0.0,0,47,0.0
tier3_iso,2018,13579,69,M+C+MP,0.0,0,117,0.0
tier3_iso,2018,13579,70,L+C+MP,0.0,0,67,0.0
tier3_iso,2018,13579,71,M+L+C+MP,0.0,0,137,0.0
tier3_iso,2018,13579,72,KD+MP,0.0,0,38,0.0
tier3_iso,2018,13579,73,M+KD+MP,0.0,0,108,0.0
tier3_iso,2018,13579,74,L+KD+MP,0.0,0,58,0.0
tier3_iso,2018,13579,75,M+L+KD+MP,0.0,0,128,0.0
tier3_iso,2018,13579,76,C+KD+MP,0.0,0,69,0.0
tier3_iso,2018,13579,77,M+C+KD+MP,0.0,0,139,0.0
tier3_iso,2018,13579,78,L+C+KD+MP,0.0,0,89,0.0
tier3_iso,2018,13579,79,M+L+C+KD+MP,0.0,0,159,0.0
tier3_iso,2018,13579,80,S+MP,0.0,0,116,0.0
tier3_iso,2018,13579,81,M+S+MP,0.25165,1,186,0.5600277225000001
tier3_iso,2018,13579,82,L+S+MP,0.0,0,136,0.0
tier3_iso,2018,13579,83,M+L+S+MP,1.0,1,206,0.0
tier3_iso,2018,13579,84,C+S+MP,0.0,0,147,0.0
tier3_iso,2018,13579,85,M+C+S+MP,1.0,1,217,0.0
tier3_iso,2018,13579,86,L+C+S+MP,0.2473,0,167,0.061157289999999996
tier3_iso,2018,13579,87,M+L+C+S+MP,1.0,1,237,0.0
tier3_iso,2018,13579,88,KD+S+MP,0.0,0,138,0.0
tier3_iso,2018,13579,89,M+KD+S+MP,1.0,1,208,0.0
tier3_iso,2018,13579,90,L+KD+S+MP,0.0,0,158,0.0
tier3_iso,2018,13579,91,M+L+KD+S+MP,1.0,1,228,0.0
tier3_iso,2018,13579,92,C+KD+S+MP,0.0,0,169,0.0
tier3_iso,2018,13579,93,M+C+KD+S+MP,1.0,1,239,0.0
tier3_iso,2018,13579,94,L+C+KD+S+MP,0.7467,1,189,0.06416088999999998
tier3_iso,2018,13579,95,M+L+C+KD+S+MP,1.0,1,259,0.0
tier3_iso,2018,13579,96,V+MP,0.0,0,44,0.0
tier3_iso,2018,13579,97,M+V+MP,0.0,0,114,0.0
tier3_iso,2018,13579,98,L+V+MP,0.0,0,64,0.0
tier3_iso,2018,13579,99,M+L+V+MP,0.0,0,134,0.0
tier3_iso,2018,13579,100,C+V+MP,0.0,0,75,0.0
tier3_iso,2018,13579,101,M+C+V+MP,0.0,0,145,0.0
tier3_iso,2018,13579,102,L+C+V+MP,0.0,0,95,0.0
tier3_iso,2018,13579,103,M+L+C+V+MP,0.0,0,165,0.0
tier3_iso,2018,13579,104,KD+V+MP,0.0,0,66,0.0
tier3_iso,2018,13579,105,M+KD+V+MP,0.0,0,136,0.0
tier3_iso,2018,13579,106,L+KD+V+MP,0.0,0,86,0.0
tier3_iso,2018,13579,107,M+L+KD+V+MP,0.0,0,156,0.0
tier3_iso,2018,13579,108,C+KD+V+MP,0.0,0,97,0.0
tier3_iso,2018,13579,109,M+C+KD+V+MP,0.25165,0,167,0.06332772249999999
tier3_iso,2018,13579,110,L+C+KD+V+MP,0.0,0,117,0.0
tier3_iso,2018,13579,111,M+L+C+KD+V+MP,1.0,1,187,0.0
tier3_iso,2018,13579,112,S+V+MP,0.0,0,144,0.0
tier3_iso,2018,13579,113,M+S+V+MP,1.0,1,214,0.0
tier3_iso,2018,13579,114,L+S+V+MP,0.2473,0,164,0.061157289999999996
tier3_iso,2018,13579,115,M+L+S+V+MP,1.0,1,234,0.0
tier3_iso,2018,13579,116,C+S+V+MP,0.49895,1,175,0.2510511025
tier3_iso,2018,13579,117,M+C+S+V+MP,1.0,1,245,0.0
tier3_iso,2018,13579,118,L+C+S+V+MP,1.0,1,195,0.0
tier3_iso,2018,13579,119,M+L+C+S+V+MP,1.0,1,265,0.0
tier3_iso,2018,13579,120,KD+S+V+MP,0.0,0,166,0.0
tier3_iso,2018,13579,121,M+KD+S+V+MP,1.0,1,236,0.0
tier3_iso,2018,13579,122,L+KD+S+V+MP,1.0,1,186,0.0
tier3_iso,2018,13579,123,M+L+KD+S+V+MP,1.0,1,256,0.0
tier3_iso,2018,13579,124,C+KD+S+V+MP,1.0,1,197,0.0
tier3_iso,2018,13579,125,M+C+KD+S+V+MP,1.0,1,267,0.0
tier3_iso,2018,13579,126,L+C+KD+S+V+MP,1.0,1,217,0.0
tier3_iso,2018,13579,127,M+L+C+KD+S+V+MP,1.0,1,287,0.0
tier3_iso,2018,13579,128,SD,0.0,0,62,0.0
tier3_iso,2018,13579,129,M+SD,0.0,0,132,0.0
tier3_iso,2018,13579,130,L+SD,0.0,0,82,0.0
tier3_iso,2018,13579,131,M+L+SD,0.0,0,152,0.0
tier3_iso,2018,13579,132,C+SD,0.0,0,93,0.0
tier3_iso,2018,13579,133,M+C+SD,0.0,0,163,0.0
tier3_iso,2018,13579,134,L+C+SD,0.0,0,113,0.0
tier3_iso,2018,13579,135,M+L+C+SD,1.0,1,183,0.0
tier3_iso,2018,13579,136,KD+SD,0.0,0,84,0.0
tier3_iso,2018,13579,137,M+KD+SD,0.0,0,154,0.0
tier3_iso,2018,13579,138,L+KD+SD,0.0,0,104,0.0
tier3_iso,2018,13579,139,M+L+KD+SD,0.50105,0,174,0.2510511025
tier3_iso,2018,13579,140,C+KD+SD,0.0,0,115,0.0
tier3_iso,2018,13579,141,M+C+KD+SD,0.7527,1,185,0.06115728999999998
tier3_iso,2018,13579,142,L+C+KD+SD,0.0,0,135,0.0
tier3_iso,2018,13579,143,M+L+C+KD+SD,1.0,1,205,0.0
tier3_iso,2018,13579,144,S+SD,0.0,0,162,0.0
tier3_iso,2018,13579,145,M+S+SD,1.0,1,232,0.0
tier3_iso,2018,13579,146,L+S+SD,0.74835,1,182,0.06332772250000002
tier3_iso,2018,13579,147,M+L+S+SD,1.0,1,252,0.0
tier3_iso,2018,13579,148,C+S+SD,1.0,1,193,0.0
tier3_iso,2018,13579,149,M+C+S+SD,1.0,1,263,0.0
tier3_iso,2018,13579,150,L+C+S+SD,1.0,1,213,0.0
tier3_iso,2018,13579,151,M+L+C+S+SD,1.0,1,283,0.0
tier3_iso,2018,13579,152,KD+S+SD,1.0,1,184,0.0
tier3_iso,2018,13579,153,M+KD+S+SD,1.0,1,254,0.0
tier3_iso,2018,13579,154,L+KD+S+SD,1.0,1,204,0.0
tier3_iso,2018,13579,155,M+L+KD+S+SD,1.0,1,274,0.0
tier3_iso,2018,13579,156,C+KD+S+SD,1.0,1,215,0.0
tier3_iso,2018,13579,157,M+C+KD+S+SD,1.0,1,285,0.0
tier3_iso,2018,13579,158,L+C+KD+S+SD,1.0,1,235,0.0
tier3_iso,2018,13579,159,M+L+C+KD+S+SD,1.0,1,305,0.0
tier3_iso,2018,13579,160,V+SD,0.0,0,90,0.0
tier3_iso,2018,13579,161,M+V+SD,0.2533,0,160,0.06416089000000001
tier3_iso,2018,13579,162,L+V+SD,0.0,0,110,0.0
tier3_iso,2018,13579,163,M+L+V+SD,1.0,1,180,0.0
tier3_iso,2018,13579,164,C+V+SD,0.0,0,121,0.0
tier3_iso,2018,13579,165,M+C+V+SD,1.0,1,191,0.0
tier3_iso,2018,13579,166,L+C+V+SD,0.0,0,141,0.0
tier3_iso,2018,13579,167,M+L+C+V+SD,1.0,1,211,0.0
tier3_iso,2018,13579,168,KD+V+SD,0.0,0,112,0.0
tier3_iso,2018,13579,169,M+KD+V+SD,0.7527,1,182,0.06115728999999998
tier3_iso,2018,13579,170,L+KD+V+SD,0.0,0,132,0.0
tier3_iso,2018,13579,171,M+L+KD+V+SD,1.0,1,202,0.0
tier3_iso,2018,13579,172,C+KD+V+SD,0.0,0,143,0.0
tier3_iso,2018,13579,173,M+C+KD+V+SD,1.0,1,213,0.0
tier3_iso,2018,13579,174,L+C+KD+V+SD,0.74835,0,163,0.5600277225
tier3_iso,2018,13579,175,M+L+C+KD+V+SD,1.0,1,233,0.0
tier3_iso,2018,13579,176,S+V+SD,1.0,1,190,0.0
tier3_iso,2018,13579,177,M+S+V+SD,1.0,1,260,0.0
tier3_iso,2018,13579,178,L+S+V+SD,1.0,1,210,0.0
tier3_iso,2018,13579,179,M+L+S+V+SD,1.0,1,280,0.0
tier3_iso,2018,13579,180,C+S+V+SD,1.0,1,221,0.0
tier3_iso,2018,13579,181,M+C+S+V+SD,1.0,1,291,0.0
tier3_iso,2018,13579,182,L+C+S+V+SD,1.0,1,241,0.0
tier3_iso,2018,13579,183,M+L+C+S+V+SD,1.0,1,311,0.0
tier3_iso,2018,13579,184,KD+S+V+SD,1.0,1,212,0.0
tier3_iso,2018,13579,185,M+KD+S+V+SD,1.0,1,282,0.0
tier3_iso,2018,13579,186,L+KD+S+V+SD,1.0,1,232,0.0
tier3_iso,2018,13579,187,M+L+KD+S+V+SD,1.0,1,302,0.0
tier3_iso,2018,13579,188,C+KD+S+V+SD,1.0,1,243,0.0
tier3_iso,2018,13579,189,M+C+KD+S+V+SD,1.0,1,313,0.0
tier3_iso,2018,13579,190,L+C+KD+S+V+SD,1.0,1,263,0.0
tier3_iso,2018,13579,191,M+L+C+KD+S+V+SD,1.0,1,333,0.0
tier3_iso,2018,13579,192,MP+SD,0.0,0,78,0.0
tier3_iso,2018,13579,193,M+MP+SD,0.0,0,148,0.0
tier3_iso,2018,13579,194,L+MP+SD,0.0,0,98,0.0
tier3_iso,2018,13579,195,M+L+MP+SD,0.2533,0,168,0.06416089000000001
tier3_iso,2018,13579,196,C+MP+SD,0.0,0,109,0.0
tier3_iso,2018,13579,197,M+C+MP+SD,1.0,1,179,0.0
tier3_iso,2018,13579,198,L+C+MP+SD,0.0,0,129,0.0
tier3_iso,2018,13579,199,M+L+C+MP+SD,1.0,1,199,0.0
tier3_iso,2018,13579,200,KD+MP+SD,0.0,0,100,0.0
tier3_iso,2018,13579,201,M+KD+MP+SD,0.2533,0,170,0.06416089000000001
tier3_iso,2018,13579,202,L+KD+MP+SD,0.0,0,120,0.0
tier3_iso,2018,13579,203,M+L+KD+MP+SD,1.0,1,190,0.0
tier3_iso,2018,13579,204,C+KD+MP+SD,0.0,0,131,0.0
tier3_iso,2018,13579,205,M+C+KD+MP+SD,1.0,1,201,0.0
tier3_iso,2018,13579,206,L+C+KD+MP+SD,0.0,0,151,0.0
tier3_iso,2018,13579,207,M+L+C+KD+MP+SD,1.0,1,221,0.0
tier3_iso,2018,13579,208,S+MP+SD,0.2473,1,178,0.5665572900000001
tier3_iso,2018,13579,209,M+S+MP+SD,1.0,1,248,0.0
tier3_iso,2018,13579,210,L+S+MP+SD,1.0,1,198,0.0
tier3_iso,2018,13579,211,M+L+S+MP+SD,1.0,1,268,0.0
tier3_iso,2018,13579,212,C+S+MP+SD,1.0,1,209,0.0
tier3_iso,2018,13579,213,M+C+S+MP+SD,1.0,1,279,0.0
tier3_iso,2018,13579,214,L+C+S+MP+SD,1.0,1,229,0.0
tier3_iso,2018,13579,215,M+L+C+S+MP+SD,1.0,1,299,0.0
tier3_iso,2018,13579,216,KD+S+MP+SD,1.0,1,200,0.0
tier3_iso,2018,13579,217,M+KD+S+MP+SD,1.0,1,270,0.0
tier3_iso,2018,13579,218,L+KD+S+MP+SD,1.0,1,220,0.0
tier3_iso,2018,13579,219,M+L+KD+S+MP+SD,1.0,1,290,0.0
tier3_iso,2018,13579,220,C+KD+S+MP+SD,1.0,1,231,0.0
tier3_iso,2018,13579,221,M+C+KD+S+MP+SD,1.0,1,301,0.0
tier3_iso,2018,13579,222,L+C+KD+S+MP+SD,1.0,1,251,0.0
tier3_iso,2018,13579,223,M+L+C+KD+S+MP+SD,1.0,1,321,0.0
tier3_iso,2018,13579,224,V+MP+SD,0.0,0,106,0.0
tier3_iso,2018,13579,225,M+V+MP+SD,0.7527,1,176,0.06115728999999998
tier3_iso,2018,13579,226,L+V+MP+SD,0.0,0,126,0.0
tier3_iso,2018,13579,227,M+L+V+MP+SD,1.0,1,196,0.0
tier3_iso,2018,13579,228,C+V+MP+SD,0.0,0,137,0.0
tier3_iso,2018,13579,229,M+C+V+MP+SD,1.0,1,207,0.0
tier3_iso,2018,13579,230,L+C+V+MP+SD,0.2473,0,157,0.061157289999999996
tier3_iso,2018,13579,231,M+L+C+V+MP+SD,1.0,1,227,0.0
tier3_iso,2018,13579,232,KD+V+MP+SD,0.0,0,128,0.0
tier3_iso,2018,13579,233,M+KD+V+MP+SD,1.0,1,198,0.0
tier3_iso,2018,13579,234,L+KD+V+MP+SD,0.0,0,148,0.0
tier3_iso,2018,13579,235,M+L+KD+V+MP+SD,1.0,1,218,0.0
tier3_iso,2018,13579,236,C+KD+V+MP+SD,0.25165,0,159,0.06332772249999999
tier3_iso,2018,13579,237,M+C+KD+V+MP+SD,1.0,1,229,0.0
tier3_iso,2018,13579,238,L+C+KD+V+MP+SD,1.0,1,179,0.0
tier3_iso,2018,13579,239,M+L+C+KD+V+MP+SD,1.0,1,249,0.0
tier3_iso,2018,13579,240,S+V+MP+SD,1.0,1,206,0.0
tier3_iso,2018,13579,241,M+S+V+MP+SD,1.0,1,276,0.0
tier3_iso,2018,13579,242,L+S+V+MP+SD,1.0,1,226,0.0
tier3_iso,2018,13579,243,M+L+S+V+MP+SD,1.0,1,296,0.0
tier3_iso,2018,13579,244,C+S+V+MP+SD,1.0,1,237,0.0
tier3_iso,2018,13579,245,M+C+S+V+MP+SD,1.0,1,307,0.0
tier3_iso,2018,13579,246,L+C+S+V+MP+SD,1.0,1,257,0.0
tier3_iso,2018,13579,247,M+L+C+S+V+MP+SD,1.0,1,327,0.0
tier3_iso,2018,13579,248,KD+S+V+MP+SD,1.0,1,228,0.0
tier3_iso,2018,13579,249,M+KD+S+V+MP+SD,1.0,1,298,0.0
tier3_iso,2018,13579,250,L+KD+S+V+MP+SD,1.0,1,248,0.0
tier3_iso,2018,13579,251,M+L+KD+S+V+MP+SD,1.0,1,318,0.0
tier3_iso,2018,13579,252,C+KD+S+V+MP+SD,1.0,1,259,0.0
tier3_iso,2018,13579,253,M+C+KD+S+V+MP+SD,1.0,1,329,0.0
tier3_iso,2018,13579,254,L+C+KD+S+V+MP+SD,1.0,1,279,0.0
tier3_iso,2022,12345,1,M,0.0,0,68,0.0
tier3_iso,2022,12345,2,L,0.0,0,16,0.0
tier3_iso,2022,12345,3,M+L,0.0,0,84,0.0
tier3_iso,2022,12345,4,C,0.0,0,24,0.0
tier3_iso,2022,12345,5,M+C,0.0,0,92,0.0
tier3_iso,2022,12345,6,L+C,0.0,0,40,0.0
tier3_iso,2022,12345,7,M+L+C,0.0,0,108,0.0
tier3_iso,2022,12345,8,KD,0.0,0,19,0.0
tier3_iso,2022,12345,9,M+KD,0.0,0,87,0.0
tier3_iso,2022,12345,10,L+KD,0.0,0,35,0.0
tier3_iso,2022,12345,11,M+L+KD,0.0,0,103,0.0
tier3_iso,2022,12345,12,C+KD,0.0,0,43,0.0
tier3_iso,2022,12345,13,M+C+KD,0.0,0,111,0.0
tier3_iso,2022,12345,14,L+C+KD,0.0,0,59,0.0
tier3_iso,2022,12345,15,M+L+C+KD,0.0,0,127,0.0
tier3_iso,2022,12345,16,S,0.0,0,107,0.0
tier3_iso,2022,12345,17,M+S,0.0,1,175,1.0
tier3_iso,2022,12345,18,L+S,0.0,0,123,0.0
tier3_iso,2022,12345,19,M+L+S,1.0,1,191,0.0
tier3_iso,2022,12345,20,C+S,0.0,0,131,0.0
tier3_iso,2022,12345,21,M+C+S,1.0,1,199,0.0
tier3_iso,2022,12345,22,L+C+S,0.0,0,147,0.0
tier3_iso,2022,12345,23,M+L+C+S,1.0,1,215,0.0
tier3_iso,2022,12345,24,KD+S,0.0,0,126,0.0
tier3_iso,2022,12345,25,M+KD+S,1.0,1,194,0.0
tier3_iso,2022,12345,26,L+KD+S,0.0,0,142,0.0
tier3_iso,2022,12345,27,M+L+KD+S,1.0,1,210,0.0
tier3_iso,2022,12345,28,C+KD+S,0.0,0,150,0.0
tier3_iso,2022,12345,29,M+C+KD+S,1.0,1,218,0.0
tier3_iso,2022,12345,30,L+C+KD+S,0.19865,0,166,0.0394618225
tier3_iso,2022,12345,31,M+L+C+KD+S,1.0,1,234,0.0
tier3_iso,2022,12345,32,V,0.0,0,24,0.0
tier3_iso,2022,12345,33,M+V,0.0,0,92,0.0
tier3_iso,2022,12345,34,L+V,0.0,0,40,0.0
tier3_iso,2022,12345,35,M+L+V,0.0,0,108,0.0
tier3_iso,2022,12345,36,C+V,0.0,0,48,0.0
tier3_iso,2022,12345,37,M+C+V,0.0,0,116,0.0
tier3_iso,2022,12345,38,L+C+V,0.0,0,64,0.0
tier3_iso,2022,12345,39,M+L+C+V,0.0,0,132,0.0
tier3_iso,2022,12345,40,KD+V,0.0,0,43,0.0
tier3_iso,2022,12345,41,M+KD+V,0.0,0,111,0.0
tier3_iso,2022,12345,42,L+KD+V,0.0,0,59,0.0
tier3_iso,2022,12345,43,M+L+KD+V,0.0,0,127,0.0
tier3_iso,2022,12345,44,C+KD+V,0.0,0,67,0.0
tier3_iso,2022,12345,45,M+C+KD+V,0.0,0,135,0.0
tier3_iso,2022,12345,46,L+C+KD+V,0.0,0,83,0.0
tier3_iso,2022,12345,47,M+L+C+KD+V,0.0,0,151,0.0
tier3_iso,2022,12345,48,S+V,0.0,0,131,0.0
tier3_iso,2022,12345,49,M+S+V,1.0,1,199,0.0
tier3_iso,2022,12345,50,L+S+V,0.0,0,147,0.0
tier3_iso,2022,12345,51,M+L+S+V,1.0,1,215,0.0
tier3_iso,2022,12345,52,C+S+V,0.0,0,155,0.0
tier3_iso,2022,12345,53,M+C+S+V,1.0,1,223,0.0
tier3_iso,2022,12345,54,L+C+S+V,0.19865,0,171,0.0394618225
tier3_iso,2022,12345,55,M+L+C+S+V,1.0,1,239,0.0
tier3_iso,2022,12345,56,KD+S+V,0.0,0,150,0.0
tier3_iso,2022,12345,57,M+KD+S+V,1.0,1,218,0.0
tier3_iso,2022,12345,58,L+KD+S+V,0.0,0,166,0.0
tier3_iso,2022,12345,59,M+L+KD+S+V,1.0,1,234,0.0
tier3_iso,2022,12345,60,C+KD+S+V,0.7985,0,174,0.6376022499999999
tier3_iso,2022,12345,61,M+C+KD+S+V,1.0,1,242,0.0
tier3_iso,2022,12345,62,L+C+KD+S+V,1.0,1,190,0.0
tier3_iso,2022,12345,63,M+L+C+KD+S+V,1.0,1,258,0.0
tier3_iso,2022,12345,64,MP,0.0,0,18,0.0
tier3_iso,2022,12345,65,M+MP,0.0,0,86,0.0
tier3_iso,2022,12345,66,L+MP,0.0,0,34,0.0
tier3_iso,2022,12345,67,M+L+MP,0.0,0,102,0.0
tier3_iso,2022,12345,68,C+MP,0.0,0,42,0.0
tier3_iso,2022,12345,69,M+C+MP,0.0,0,110,0.0
tier3_iso,2022,12345,70,L+C+MP,0.0,0,58,0.0
tier3_iso,2022,12345,71,M+L+C+MP,0.0,0,126,0.0
tier3_iso,2022,12345,72,KD+MP,0.0,0,37,0.0
tier3_iso,2022,12345,73,M+KD+MP,0.0,0,105,0.0
tier3_iso,2022,12345,74,L+KD+MP,0.0,0,53,0.0
tier3_iso,2022,12345,75,M+L+KD+MP,0.0,0,121,0.0
tier3_iso,2022,12345,76,C+KD+MP,0.0,0,61,0.0
tier3_iso,2022,12345,77,M+C+KD+MP,0.0,0,129,0.0
tier3_iso,2022,12345,78,L+C+KD+MP,0.0,0,77,0.0
tier3_iso,2022,12345,79,M+L+C+KD+MP,0.0,0,145,0.0
tier3_iso,2022,12345,80,S+MP,0.0,0,125,0.0
tier3_iso,2022,12345,81,M+S+MP,1.0,1,193,0.0
tier3_iso,2022,12345,82,L+S+MP,0.0,0,141,0.0
tier3_iso,2022,12345,83,M+L+S+MP,1.0,1,209,0.0
tier3_iso,2022,12345,84,C+S+MP,0.0,0,149,0.0
tier3_iso,2022,12345,85,M+C+S+MP,1.0,1,217,0.0
tier3_iso,2022,12345,86,L+C+S+MP,0.19865,0,165,0.0394618225
tier3_iso,2022,12345,87,M+L+C+S+MP,1.0,1,233,0.0
tier3_iso,2022,12345,88,KD+S+MP,0.0,0,144,0.0
tier3_iso,2022,12345,89,M+KD+S+MP,1.0,1,212,0.0
tier3_iso,2022,12345,90,L+KD+S+MP,0.0,0,160,0.0
tier3_iso,2022,12345,91,M+L+KD+S+MP,1.0,1,228,0.0
tier3_iso,2022,12345,92,C+KD+S+MP,0.19865,0,168,0.0394618225
tier3_iso,2022,12345,93,M+C+KD+S+MP,1.0,1,236,0.0
tier3_iso,2022,12345,94,L+C+KD+S+MP,1.0,1,184,0.0
tier3_iso,2022,12345,95,M+L+C+KD+S+MP,1.0,1,252,0.0
tier3_iso,2022,12345,96,V+MP,0.0,0,42,0.0
tier3_iso,2022,12345,97,M+V+MP,0.0,0,110,0.0
tier3_iso,2022,12345,98,L+V+MP,0.0,0,58,0.0
tier3_iso,2022,12345,99,M+L+V+MP,0.0,0,126,0.0
tier3_iso,2022,12345,100,C+V+MP,0.0,0,66,0.0
tier3_iso,2022,12345,101,M+C+V+MP,0.0,0,134,0.0
tier3_iso,2022,12345,102,L+C+V+MP,0.0,0,82,0.0
tier3_iso,2022,12345,103,M+L+C+V+MP,0.0,0,150,0.0
tier3_iso,2022,12345,104,KD+V+MP,0.0,0,61,0.0
tier3_iso,2022,12345,105,M+KD+V+MP,0.0,0,129,0.0
tier3_iso,2022,12345,106,L+KD+V+MP,0.0,0,77,0.0
tier3_iso,2022,12345,107,M+L+KD+V+MP,0.0,0,145,0.0
tier3_iso,2022,12345,108,C+KD+V+MP,0.0,0,85,0.0
tier3_iso,2022,12345,109,M+C+KD+V+MP,0.0,0,153,0.0
tier3_iso,2022,12345,110,L+C+KD+V+MP,0.0,0,101,0.0
tier3_iso,2022,12345,111,M+L+C+KD+V+MP,0.59985,0,169,0.3598200225
tier3_iso,2022,12345,112,S+V+MP,0.0,0,149,0.0
tier3_iso,2022,12345,113,M+S+V+MP,1.0,1,217,0.0
tier3_iso,2022,12345,114,L+S+V+MP,0.19865,0,165,0.0394618225
tier3_iso,2022,12345,115,M+L+S+V+MP,1.0,1,233,0.0
tier3_iso,2022,12345,116,C+S+V+MP,0.5974,0,173,0.35688676
tier3_iso,2022,12345,117,M+C+S+V+MP,1.0,1,241,0.0
tier3_iso,2022,12345,118,L+C+S+V+MP,1.0,1,189,0.0
tier3_iso,2022,12345,119,M+L+C+S+V+MP,1.0,1,257,0.0
tier3_iso,2022,12345,120,KD+S+V+MP,0.0,0,168,0.0
tier3_iso,2022,12345,121,M+KD+S+V+MP,1.0,1,236,0.0
tier3_iso,2022,12345,122,L+KD+S+V+MP,1.0,1,184,0.0
tier3_iso,2022,12345,123,M+L+KD+S+V+MP,1.0,1,252,0.0
tier3_iso,2022,12345,124,C+KD+S+V+MP,1.0,1,192,0.0
tier3_iso,2022,12345,125,M+C+KD+S+V+MP,1.0,1,260,0.0
tier3_iso,2022,12345,126,L+C+KD+S+V+MP,1.0,1,208,0.0
tier3_iso,2022,12345,127,M+L+C+KD+S+V+MP,1.0,1,276,0.0
tier3_iso,2022,12345,128,SD,0.0,0,73,0.0
tier3_iso,2022,12345,129,M+SD,0.0,0,141,0.0
tier3_iso,2022,12345,130,L+SD,0.0,0,89,0.0
tier3_iso,2022,12345,131,M+L+SD,0.0,0,157,0.0
tier3_iso,2022,12345,132,C+SD,0.0,0,97,0.0
tier3_iso,2022,12345,133,M+C+SD,0.0,0,165,0.0
tier3_iso,2022,12345,134,L+C+SD,0.0,0,113,0.0
tier3_iso,2022,12345,135,M+L+C+SD,1.0,1,181,0.0
tier3_iso,2022,12345,136,KD+SD,0.0,0,92,0.0
tier3_iso,2022,12345,137,M+KD+SD,0.0,0,160,0.0
tier3_iso,2022,12345,138,L+KD+SD,0.0,0,108,0.0
tier3_iso,2022,12345,139,M+L+KD+SD,0.4026,1,176,0.3568867599999999
tier3_iso,2022,12345,140,C+KD+SD,0.0,0,116,0.0
tier3_iso,2022,12345,141,M+C+KD+SD,0.80135,1,184,0.0394618225
tier3_iso,2022,12345,142,L+C+KD+SD,0.0,0,132,0.0
tier3_iso,2022,12345,143,M+L+C+KD+SD,1.0,1,200,0.0
tier3_iso,2022,12345,144,S+SD,0.40015,1,180,0.3598200225
tier3_iso,2022,12345,145,M+S+SD,1.0,1,248,0.0
tier3_iso,2022,12345,146,L+S+SD,1.0,1,196,0.0
tier3_iso,2022,12345,147,M+L+S+SD,1.0,1,264,0.0
tier3_iso,2022,12345,148,C+S+SD,1.0,1,204,0.0
tier3_iso,2022,12345,149,M+C+S+SD,1.0,1,272,0.0
tier3_iso,2022,12345,150,L+C+S+SD,1.0,1,220,0.0
tier3_iso,2022,12345,151,M+L+C+S+SD,1.0,1,288,0.0
tier3_iso,2022,12345,152,KD+S+SD,1.0,1,199,0.0
tier3_iso,2022,12345,153,M+KD+S+SD,1.0,1,267,0.0
tier3_iso,2022,12345,154,L+KD+S+SD,1.0,1,215,0.0
tier3_iso,2022,12345,155,M+L+KD+S+SD,1.0,1,283,0.0
tier3_iso,2022,12345,156,C+KD+S+SD,1.0,1,223,0.0
tier3_iso,2022,12345,157,M+C+KD+S+SD,1.0,1,291,0.0
tier3_iso,2022,12345,158,L+C+KD+S+SD,1.0,1,239,0.0
tier3_iso,2022,12345,159,M+L+C+KD+S+SD,1.0,1,307,0.0
tier3_iso,2022,12345,160,V+SD,0.0,0,97,0.0
tier3_iso,2022,12345,161,M+V+SD,0.0,0,165,0.0
tier3_iso,2022,12345,162,L+V+SD,0.0,0,113,0.0
tier3_iso,2022,12345,163,M+L+V+SD,0.80135,1,181,0.0394618225
tier3_iso,2022,12345,164,C+V+SD,0.0,0,121,0.0
tier3_iso,2022,12345,165,M+C+V+SD,1.0,1,189,0.0
tier3_iso,2022,12345,166,L+C+V+SD,0.0,0,137,0.0
tier3_iso,2022,12345,167,M+L+C+V+SD,1.0,1,205,0.0
tier3_iso,2022,12345,168,KD+V+SD,0.0,0,116,0.0
tier3_iso,2022,12345,169,M+KD+V+SD,0.80135,1,184,0.0394618225
tier3_iso,2022,12345,170,L+KD+V+SD,0.0,0,132,0.0
tier3_iso,2022,12345,171,M+L+KD+V+SD,1.0,1,200,0.0
tier3_iso,2022,12345,172,C+KD+V+SD,0.0,0,140,0.0
tier3_iso,2022,12345,173,M+C+KD+V+SD,1.0,1,208,0.0
tier3_iso,2022,12345,174,L+C+KD+V+SD,0.0,0,156,0.0
tier3_iso,2022,12345,175,M+L+C+KD+V+SD,1.0,1,224,0.0
tier3_iso,2022,12345,176,S+V+SD,1.0,1,204,0.0
tier3_iso,2022,12345,177,M+S+V+SD,1.0,1,272,0.0
tier3_iso,2022,12345,178,L+S+V+SD,1.0,1,220,0.0
tier3_iso,2022,12345,179,M+L+S+V+SD,1.0,1,288,0.0
tier3_iso,2022,12345,180,C+S+V+SD,1.0,1,228,0.0
tier3_iso,2022,12345,181,M+C+S+V+SD,1.0,1,296,0.0
tier3_iso,2022,12345,182,L+C+S+V+SD,1.0,1,244,0.0
tier3_iso,2022,12345,183,M+L+C+S+V+SD,1.0,1,312,0.0
tier3_iso,2022,12345,184,KD+S+V+SD,1.0,1,223,0.0
tier3_iso,2022,12345,185,M+KD+S+V+SD,1.0,1,291,0.0
tier3_iso,2022,12345,186,L+KD+S+V+SD,1.0,1,239,0.0
tier3_iso,2022,12345,187,M+L+KD+S+V+SD,1.0,1,307,0.0
tier3_iso,2022,12345,188,C+KD+S+V+SD,1.0,1,247,0.0
tier3_iso,2022,12345,189,M+C+KD+S+V+SD,1.0,1,315,0.0
tier3_iso,2022,12345,190,L+C+KD+S+V+SD,1.0,1,263,0.0
tier3_iso,2022,12345,191,M+L+C+KD+S+V+SD,1.0,1,331,0.0
tier3_iso,2022,12345,192,MP+SD,0.0,0,91,0.0
tier3_iso,2022,12345,193,M+MP+SD,0.0,0,159,0.0
tier3_iso,2022,12345,194,L+MP+SD,0.0,0,107,0.0
tier3_iso,2022,12345,195,M+L+MP+SD,0.2015,1,175,0.6376022499999999
tier3_iso,2022,12345,196,C+MP+SD,0.0,0,115,0.0
tier3_iso,2022,12345,197,M+C+MP+SD,1.0,1,183,0.0
tier3_iso,2022,12345,198,L+C+MP+SD,0.0,0,131,0.0
tier3_iso,2022,12345,199,M+L+C+MP+SD,1.0,1,199,0.0
tier3_iso,2022,12345,200,KD+MP+SD,0.0,0,110,0.0
tier3_iso,2022,12345,201,M+KD+MP+SD,0.80135,1,178,0.0394618225
tier3_iso,2022,12345,202,L+KD+MP+SD,0.0,0,126,0.0
tier3_iso,2022,12345,203,M+L+KD+MP+SD,1.0,1,194,0.0
tier3_iso,2022,12345,204,C+KD+MP+SD,0.0,0,134,0.0
tier3_iso,2022,12345,205,M+C+KD+MP+SD,1.0,1,202,0.0
tier3_iso,2022,12345,206,L+C+KD+MP+SD,0.0,0,150,0.0
tier3_iso,2022,12345,207,M+L+C+KD+MP+SD,1.0,1,218,0.0
tier3_iso,2022,12345,208,S+MP+SD,1.0,1,198,0.0
tier3_iso,2022,12345,209,M+S+MP+SD,1.0,1,266,0.0
tier3_iso,2022,12345,210,L+S+MP+SD,1.0,1,214,0.0
tier3_iso,2022,12345,211,M+L+S+MP+SD,1.0,1,282,0.0
tier3_iso,2022,12345,212,C+S+MP+SD,1.0,1,222,0.0
tier3_iso,2022,12345,213,M+C+S+MP+SD,1.0,1,290,0.0
tier3_iso,2022,12345,214,L+C+S+MP+SD,1.0,1,238,0.0
tier3_iso,2022,12345,215,M+L+C+S+MP+SD,1.0,1,306,0.0
tier3_iso,2022,12345,216,KD+S+MP+SD,1.0,1,217,0.0
tier3_iso,2022,12345,217,M+KD+S+MP+SD,1.0,1,285,0.0
tier3_iso,2022,12345,218,L+KD+S+MP+SD,1.0,1,233,0.0
tier3_iso,2022,12345,219,M+L+KD+S+MP+SD,1.0,1,301,0.0
tier3_iso,2022,12345,220,C+KD+S+MP+SD,1.0,1,241,0.0
tier3_iso,2022,12345,221,M+C+KD+S+MP+SD,1.0,1,309,0.0
tier3_iso,2022,12345,222,L+C+KD+S+MP+SD,1.0,1,257,0.0
tier3_iso,2022,12345,223,M+L+C+KD+S+MP+SD,1.0,1,325,0.0
tier3_iso,2022,12345,224,V+MP+SD,0.0,0,115,0.0
tier3_iso,2022,12345,225,M+V+MP+SD,0.80135,1,183,0.0394618225
tier3_iso,2022,12345,226,L+V+MP+SD,0.0,0,131,0.0
tier3_iso,2022,12345,227,M+L+V+MP+SD,1.0,1,199,0.0
tier3_iso,2022,12345,228,C+V+MP+SD,0.0,0,139,0.0
tier3_iso,2022,12345,229,M+C+V+MP+SD,1.0,1,207,0.0
tier3_iso,2022,12345,230,L+C+V+MP+SD,0.0,0,155,0.0
tier3_iso,2022,12345,231,M+L+C+V+MP+SD,1.0,1,223,0.0
tier3_iso,2022,12345,232,KD+V+MP+SD,0.0,0,134,0.0
tier3_iso,2022,12345,233,M+KD+V+MP+SD,1.0,1,202,0.0
tier3_iso,2022,12345,234,L+KD+V+MP+SD,0.0,0,150,0.0
tier3_iso,2022,12345,235,M+L+KD+V+MP+SD,1.0,1,218,0.0
tier3_iso,2022,12345,236,C+KD+V+MP+SD,0.0,0,158,0.0
tier3_iso,2022,12345,237,M+C+KD+V+MP+SD,1.0,1,226,0.0
tier3_iso,2022,12345,238,L+C+KD+V+MP+SD,1.0,0,174,1.0
tier3_iso,2022,12345,239,M+L+C+KD+V+MP+SD,1.0,1,242,0.0
tier3_iso,2022,12345,240,S+V+MP+SD,1.0,1,222,0.0
tier3_iso,2022,12345,241,M+S+V+MP+SD,1.0,1,290,0.0
tier3_iso,2022,12345,242,L+S+V+MP+SD,1.0,1,238,0.0
tier3_iso,2022,12345,243,M+L+S+V+MP+SD,1.0,1,306,0.0
tier3_iso,2022,12345,244,C+S+V+MP+SD,1.0,1,246,0.0
tier3_iso,2022,12345,245,M+C+S+V+MP+SD,1.0,1,314,0.0
tier3_iso,2022,12345,246,L+C+S+V+MP+SD,1.0,1,262,0.0
tier3_iso,2022,12345,247,M+L+C+S+V+MP+SD,1.0,1,330,0.0
tier3_iso,2022,12345,248,KD+S+V+MP+SD,1.0,1,241,0.0
tier3_iso,2022,12345,249,M+KD+S+V+MP+SD,1.0,1,309,0.0
tier3_iso,2022,12345,250,L+KD+S+V+MP+SD,1.0,1,257,0.0
tier3_iso,2022,12345,251,M+L+KD+S+V+MP+SD,1.0,1,325,0.0
tier3_iso,2022,12345,252,C+KD+S+V+MP+SD,1.0,1,265,0.0
tier3_iso,2022,12345,253,M+C+KD+S+V+MP+SD,1.0,1,333,0.0
tier3_iso,2022,12345,254,L+C+KD+S+V+MP+SD,1.0,1,281,0.0
tier3_iso,2022,24680,1,M,0.0,0,68,0.0
tier3_iso,2022,24680,2,L,0.0,0,16,0.0
tier3_iso,2022,24680,3,M+L,0.0,0,84,0.0
tier3_iso,2022,24680,4,C,0.0,0,24,0.0
tier3_iso,2022,24680,5,M+C,0.0,0,92,0.0
tier3_iso,2022,24680,6,L+C,0.0,0,40,0.0
tier3_iso,2022,24680,7,M+L+C,0.0,0,108,0.0
tier3_iso,2022,24680,8,KD,0.0,0,19,0.0
tier3_iso,2022,24680,9,M+KD,0.0,0,87,0.0
tier3_iso,2022,24680,10,L+KD,0.0,0,35,0.0
tier3_iso,2022,24680,11,M+L+KD,0.0,0,103,0.0
tier3_iso,2022,24680,12,C+KD,0.0,0,43,0.0
tier3_iso,2022,24680,13,M+C+KD,0.0,0,111,0.0
tier3_iso,2022,24680,14,L+C+KD,0.0,0,59,0.0
tier3_iso,2022,24680,15,M+L+C+KD,0.0,0,127,0.0
tier3_iso,2022,24680,16,S,0.0,0,107,0.0
tier3_iso,2022,24680,17,M+S,0.0,1,175,1.0
tier3_iso,2022,24680,18,L+S,0.0,0,123,0.0
tier3_iso,2022,24680,19,M+L+S,1.0,1,191,0.0
tier3_iso,2022,24680,20,C+S,0.0,0,131,0.0
tier3_iso,2022,24680,21,M+C+S,1.0,1,199,0.0
tier3_iso,2022,24680,22,L+C+S,0.0,0,147,0.0
tier3_iso,2022,24680,23,M+L+C+S,1.0,1,215,0.0
tier3_iso,2022,24680,24,KD+S,0.0,0,126,0.0
tier3_iso,2022,24680,25,M+KD+S,1.0,1,194,0.0
tier3_iso,2022,24680,26,L+KD+S,0.0,0,142,0.0
tier3_iso,2022,24680,27,M+L+KD+S,1.0,1,210,0.0
tier3_iso,2022,24680,28,C+KD+S,0.0,0,150,0.0
tier3_iso,2022,24680,29,M+C+KD+S,1.0,1,218,0.0
tier3_iso,2022,24680,30,L+C+KD+S,0.1998,0,166,0.039920040000000004
tier3_iso,2022,24680,31,M+L+C+KD+S,1.0,1,234,0.0
tier3_iso,2022,24680,32,V,0.0,0,24,0.0
tier3_iso,2022,24680,33,M+V,0.0,0,92,0.0
tier3_iso,2022,24680,34,L+V,0.0,0,40,0.0
tier3_iso,2022,24680,35,M+L+V,0.0,0,108,0.0
tier3_iso,2022,24680,36,C+V,0.0,0,48,0.0
tier3_iso,2022,24680,37,M+C+V,0.0,0,116,0.0
tier3_iso,2022,24680,38,L+C+V,0.0,0,64,0.0
tier3_iso,2022,24680,39,M+L+C+V,0.0,0,132,0.0
tier3_iso,2022,24680,40,KD+V,0.0,0,43,0.0
tier3_iso,2022,24680,41,M+KD+V,0.0,0,111,0.0
tier3_iso,2022,24680,42,L+KD+V,0.0,0,59,0.0
tier3_iso,2022,24680,43,M+L+KD+V,0.0,0,127,0.0
tier3_iso,2022,24680,44,C+KD+V,0.0,0,67,0.0
tier3_iso,2022,24680,45,M+C+KD+V,0.0,0,135,0.0
tier3_iso,2022,24680,46,L+C+KD+V,0.0,0,83,0.0
tier3_iso,2022,24680,47,M+L+C+KD+V,0.0,0,151,0.0
tier3_iso,2022,24680,48,S+V,0.0,0,131,0.0
tier3_iso,2022,24680,49,M+S+V,1.0,1,199,0.0
tier3_iso,2022,24680,50,L+S+V,0.0,0,147,0.0
tier3_iso,2022,24680,51,M+L+S+V,1.0,1,215,0.0
tier3_iso,2022,24680,52,C+S+V,0.0,0,155,0.0
tier3_iso,2022,24680,53,M+C+S+V,1.0,1,223,0.0
tier3_iso,2022,24680,54,L+C+S+V,0.1998,0,171,0.039920040000000004
tier3_iso,2022,24680,55,M+L+C+S+V,1.0,1,239,0.0
tier3_iso,2022,24680,56,KD+S+V,0.0,0,150,0.0
tier3_iso,2022,24680,57,M+KD+S+V,1.0,1,218,0.0
tier3_iso,2022,24680,58,L+KD+S+V,0.0,0,166,0.0
tier3_iso,2022,24680,59,M+L+KD+S+V,1.0,1,234,0.0
tier3_iso,2022,24680,60,C+KD+S+V,0.8006,0,174,0.64096036
tier3_iso,2022,24680,61,M+C+KD+S+V,1.0,1,242,0.0
tier3_iso,2022,24680,62,L+C+KD+S+V,1.0,1,190,0.0
tier3_iso,2022,24680,63,M+L+C+KD+S+V,1.0,1,258,0.0
tier3_iso,2022,24680,64,MP,0.0,0,18,0.0
tier3_iso,2022,24680,65,M+MP,0.0,0,86,0.0
tier3_iso,2022,24680,66,L+MP,0.0,0,34,0.0
tier3_iso,2022,24680,67,M+L+MP,0.0,0,102,0.0
tier3_iso,2022,24680,68,C+MP,0.0,0,42,0.0
tier3_iso,2022,24680,69,M+C+MP,0.0,0,110,0.0
tier3_iso,2022,24680,70,L+C+MP,0.0,0,58,0.0
tier3_iso,2022,24680,71,M+L+C+MP,0.0,0,126,0.0
tier3_iso,2022,24680,72,KD+MP,0.0,0,37,0.0
tier3_iso,2022,24680,73,M+KD+MP,0.0,0,105,0.0
tier3_iso,2022,24680,74,L+KD+MP,0.0,0,53,0.0
tier3_iso,2022,24680,75,M+L+KD+MP,0.0,0,121,0.0
tier3_iso,2022,24680,76,C+KD+MP,0.0,0,61,0.0
tier3_iso,2022,24680,77,M+C+KD+MP,0.0,0,129,0.0
tier3_iso,2022,24680,78,L+C+KD+MP,0.0,0,77,0.0
tier3_iso,2022,24680,79,M+L+C+KD+MP,0.0,0,145,0.0
tier3_iso,2022,24680,80,S+MP,0.0,0,125,0.0
tier3_iso,2022,24680,81,M+S+MP,1.0,1,193,0.0
tier3_iso,2022,24680,82,L+S+MP,0.0,0,141,0.0
tier3_iso,2022,24680,83,M+L+S+MP,1.0,1,209,0.0
tier3_iso,2022,24680,84,C+S+MP,0.0,0,149,0.0
tier3_iso,2022,24680,85,M+C+S+MP,1.0,1,217,0.0
tier3_iso,2022,24680,86,L+C+S+MP,0.1998,0,165,0.039920040000000004
tier3_iso,2022,24680,87,M+L+C+S+MP,1.0,1,233,0.0
tier3_iso,2022,24680,88,KD+S+MP,0.0,0,144,0.0
tier3_iso,2022,24680,89,M+KD+S+MP,1.0,1,212,0.0
tier3_iso,2022,24680,90,L+KD+S+MP,0.0,0,160,0.0
tier3_iso,2022,24680,91,M+L+KD+S+MP,1.0,1,228,0.0
tier3_iso,2022,24680,92,C+KD+S+MP,0.1998,0,168,0.039920040000000004
tier3_iso,2022,24680,93,M+C+KD+S+MP,1.0,1,236,0.0
tier3_iso,2022,24680,94,L+C+KD+S+MP,1.0,1,184,0.0
tier3_iso,2022,24680,95,M+L+C+KD+S+MP,1.0,1,252,0.0
tier3_iso,2022,24680,96,V+MP,0.0,0,42,0.0
tier3_iso,2022,24680,97,M+V+MP,0.0,0,110,0.0
tier3_iso,2022,24680,98,L+V+MP,0.0,0,58,0.0
tier3_iso,2022,24680,99,M+L+V+MP,0.0,0,126,0.0
tier3_iso,2022,24680,100,C+V+MP,0.0,0,66,0.0
tier3_iso,2022,24680,101,M+C+V+MP,0.0,0,134,0.0
tier3_iso,2022,24680,102,L+C+V+MP,0.0,0,82,0.0
tier3_iso,2022,24680,103,M+L+C+V+MP,0.0,0,150,0.0
tier3_iso,2022,24680,104,KD+V+MP,0.0,0,61,0.0
tier3_iso,2022,24680,105,M+KD+V+MP,0.0,0,129,0.0
tier3_iso,2022,24680,106,L+KD+V+MP,0.0,0,77,0.0
tier3_iso,2022,24680,107,M+L+KD+V+MP,0.0,0,145,0.0
tier3_iso,2022,24680,108,C+KD+V+MP,0.0,0,85,0.0
tier3_iso,2022,24680,109,M+C+KD+V+MP,0.0,0,153,0.0
tier3_iso,2022,24680,110,L+C+KD+V+MP,0.0,0,101,0.0
tier3_iso,2022,24680,111,M+L+C+KD+V+MP,0.6008,0,169,0.36096064
tier3_iso,2022,24680,112,S+V+MP,0.0,0,149,0.0
tier3_iso,2022,24680,113,M+S+V+MP,1.0,1,217,0.0
tier3_iso,2022,24680,114,L+S+V+MP,0.1998,0,165,0.039920040000000004
tier3_iso,2022,24680,115,M+L+S+V+MP,1.0,1,233,0.0
tier3_iso,2022,24680,116,C+S+V+MP,0.6003,0,173,0.3603600899999999
tier3_iso,2022,24680,117,M+C+S+V+MP,1.0,1,241,0.0
tier3_iso,2022,24680,118,L+C+S+V+MP,1.0,1,189,0.0
tier3_iso,2022,24680,119,M+L+C+S+V+MP,1.0,1,257,0.0
tier3_iso,2022,24680,120,KD+S+V+MP,0.0,0,168,0.0
tier3_iso,2022,24680,121,M+KD+S+V+MP,1.0,1,236,0.0
tier3_iso,2022,24680,122,L+KD+S+V+MP,1.0,1,184,0.0
tier3_iso,2022,24680,123,M+L+KD+S+V+MP,1.0,1,252,0.0
tier3_iso,2022,24680,124,C+KD+S+V+MP,1.0,1,192,0.0
tier3_iso,2022,24680,125,M+C+KD+S+V+MP,1.0,1,260,0.0
tier3_iso,2022,24680,126,L+C+KD+S+V+MP,1.0,1,208,0.0
tier3_iso,2022,24680,127,M+L+C+KD+S+V+MP,1.0,1,276,0.0
tier3_iso,2022,24680,128,SD,0.0,0,73,0.0
tier3_iso,2022,24680,129,M+SD,0.0,0,141,0.0
tier3_iso,2022,24680,130,L+SD,0.0,0,89,0.0
tier3_iso,2022,24680,131,M+L+SD,0.0,0,157,0.0
tier3_iso,2022,24680,132,C+SD,0.0,0,97,0.0
tier3_iso,2022,24680,133,M+C+SD,0.0,0,165,0.0
tier3_iso,2022,24680,134,L+C+SD,0.0,0,113,0.0
tier3_iso,2022,24680,135,M+L+C+SD,1.0,1,181,0.0
tier3_iso,2022,24680,136,KD+SD,0.0,0,92,0.0
tier3_iso,2022,24680,137,M+KD+SD,0.0,0,160,0.0
tier3_iso,2022,24680,138,L+KD+SD,0.0,0,108,0.0
tier3_iso,2022,24680,139,M+L+KD+SD,0.3997,1,176,0.3603600900000001
tier3_iso,2022,24680,140,C+KD+SD,0.0,0,116,0.0
tier3_iso,2022,24680,141,M+C+KD+SD,0.8002,1,184,0.03992003999999999
tier3_iso,2022,24680,142,L+C+KD+SD,0.0,0,132,0.0
tier3_iso,2022,24680,143,M+L+C+KD+SD,1.0,1,200,0.0
tier3_iso,2022,24680,144,S+SD,0.3992,1,180,0.36096064
tier3_iso,2022,24680,145,M+S+SD,1.0,1,248,0.0
tier3_iso,2022,24680,146,L+S+SD,1.0,1,196,0.0
tier3_iso,2022,24680,147,M+L+S+SD,1.0,1,264,0.0
tier3_iso,2022,24680,148,C+S+SD,1.0,1,204,0.0
tier3_iso,2022,24680,149,M+C+S+SD,1.0,1,272,0.0
tier3_iso,2022,24680,150,L+C+S+SD,1.0,1,220,0.0
tier3_iso,2022,24680,151,M+L+C+S+SD,1.0,1,288,0.0
tier3_iso,2022,24680,152,KD+S+SD,1.0,1,199,0.0
tier3_iso,2022,24680,153,M+KD+S+SD,1.0,1,267,0.0
tier3_iso,2022,24680,154,L+KD+S+SD,1.0,1,215,0.0
tier3_iso,2022,24680,155,M+L+KD+S+SD,1.0,1,283,0.0
tier3_iso,2022,24680,156,C+KD+S+SD,1.0,1,223,0.0
tier3_iso,2022,24680,157,M+C+KD+S+SD,1.0,1,291,0.0
tier3_iso,2022,24680,158,L+C+KD+S+SD,1.0,1,239,0.0
tier3_iso,2022,24680,159,M+L+C+KD+S+SD,1.0,1,307,0.0
tier3_iso,2022,24680,160,V+SD,0.0,0,97,0.0
tier3_iso,2022,24680,161,M+V+SD,0.0,0,165,0.0
tier3_iso,2022,24680,162,L+V+SD,0.0,0,113,0.0
tier3_iso,2022,24680,163,M+L+V+SD,0.8002,1,181,0.03992003999999999
tier3_iso,2022,24680,164,C+V+SD,0.0,0,121,0.0
tier3_iso,2022,24680,165,M+C+V+SD,1.0,1,189,0.0
tier3_iso,2022,24680,166,L+C+V+SD,0.0,0,137,0.0
tier3_iso,2022,24680,167,M+L+C+V+SD,1.0,1,205,0.0
tier3_iso,2022,24680,168,KD+V+SD,0.0,0,116,0.0
tier3_iso,2022,24680,169,M+KD+V+SD,0.8002,1,184,0.03992003999999999
tier3_iso,2022,24680,170,L+KD+V+SD,0.0,0,132,0.0
tier3_iso,2022,24680,171,M+L+KD+V+SD,1.0,1,200,0.0
tier3_iso,2022,24680,172,C+KD+V+SD,0.0,0,140,0.0
tier3_iso,2022,24680,173,M+C+KD+V+SD,1.0,1,208,0.0
tier3_iso,2022,24680,174,L+C+KD+V+SD,0.0,0,156,0.0
tier3_iso,2022,24680,175,M+L+C+KD+V+SD,1.0,1,224,0.0
tier3_iso,2022,24680,176,S+V+SD,1.0,1,204,0.0
tier3_iso,2022,24680,177,M+S+V+SD,1.0,1,272,0.0
tier3_iso,2022,24680,178,L+S+V+SD,1.0,1,220,0.0
tier3_iso,2022,24680,179,M+L+S+V+SD,1.0,1,288,0.0
tier3_iso,2022,24680,180,C+S+V+SD,1.0,1,228,0.0
tier3_iso,2022,24680,181,M+C+S+V+SD,1.0,1,296,0.0
tier3_iso,2022,24680,182,L+C+S+V+SD,1.0,1,244,0.0
tier3_iso,2022,24680,183,M+L+C+S+V+SD,1.0,1,312,0.0
tier3_iso,2022,24680,184,KD+S+V+SD,1.0,1,223,0.0
tier3_iso,2022,24680,185,M+KD+S+V+SD,1.0,1,291,0.0
tier3_iso,2022,24680,186,L+KD+S+V+SD,1.0,1,239,0.0
tier3_iso,2022,24680,187,M+L+KD+S+V+SD,1.0,1,307,0.0
tier3_iso,2022,24680,188,C+KD+S+V+SD,1.0,1,247,0.0
tier3_iso,2022,24680,189,M+C+KD+S+V+SD,1.0,1,315,0.0
tier3_iso,2022,24680,190,L+C+KD+S+V+SD,1.0,1,263,0.0
tier3_iso,2022,24680,191,M+L+C+KD+S+V+SD,1.0,1,331,0.0
tier3_iso,2022,24680,192,MP+SD,0.0,0,91,0.0
tier3_iso,2022,24680,193,M+MP+SD,0.0,0,159,0.0
tier3_iso,2022,24680,194,L+MP+SD,0.0,0,107,0.0
tier3_iso,2022,24680,195,M+L+MP+SD,0.1994,1,175,0.64096036
tier3_iso,2022,24680,196,C+MP+SD,0.0,0,115,0.0
tier3_iso,2022,24680,197,M+C+MP+SD,1.0,1,183,0.0
tier3_iso,2022,24680,198,L+C+MP+SD,0.0,0,131,0.0
tier3_iso,2022,24680,199,M+L+C+MP+SD,1.0,1,199,0.0
tier3_iso,2022,24680,200,KD+MP+SD,0.0,0,110,0.0
tier3_iso,2022,24680,201,M+KD+MP+SD,0.8002,1,178,0.03992003999999999
tier3_iso,2022,24680,202,L+KD+MP+SD,0.0,0,126,0.0
tier3_iso,2022,24680,203,M+L+KD+MP+SD,1.0,1,194,0.0
tier3_iso,2022,24680,204,C+KD+MP+SD,0.0,0,134,0.0
tier3_iso,2022,24680,205,M+C+KD+MP+SD,1.0,1,202,0.0
tier3_iso,2022,24680,206,L+C+KD+MP+SD,0.0,0,150,0.0
tier3_iso,2022,24680,207,M+L+C+KD+MP+SD,1.0,1,218,0.0
tier3_iso,2022,24680,208,S+MP+SD,1.0,1,198,0.0
tier3_iso,2022,24680,209,M+S+MP+SD,1.0,1,266,0.0
tier3_iso,2022,24680,210,L+S+MP+SD,1.0,1,214,0.0
tier3_iso,2022,24680,211,M+L+S+MP+SD,1.0,1,282,0.0
tier3_iso,2022,24680,212,C+S+MP+SD,1.0,1,222,0.0
tier3_iso,2022,24680,213,M+C+S+MP+SD,1.0,1,290,0.0
tier3_iso,2022,24680,214,L+C+S+MP+SD,1.0,1,238,0.0
tier3_iso,2022,24680,215,M+L+C+S+MP+SD,1.0,1,306,0.0
tier3_iso,2022,24680,216,KD+S+MP+SD,1.0,1,217,0.0
tier3_iso,2022,24680,217,M+KD+S+MP+SD,1.0,1,285,0.0
tier3_iso,2022,24680,218,L+KD+S+MP+SD,1.0,1,233,0.0
tier3_iso,2022,24680,219,M+L+KD+S+MP+SD,1.0,1,301,0.0
tier3_iso,2022,24680,220,C+KD+S+MP+SD,1.0,1,241,0.0
tier3_iso,2022,24680,221,M+C+KD+S+MP+SD,1.0,1,309,0.0
tier3_iso,2022,24680,222,L+C+KD+S+MP+SD,1.0,1,257,0.0
tier3_iso,2022,24680,223,M+L+C+KD+S+MP+SD,1.0,1,325,0.0
tier3_iso,2022,24680,224,V+MP+SD,0.0,0,115,0.0
tier3_iso,2022,24680,225,M+V+MP+SD,0.8002,1,183,0.03992003999999999
tier3_iso,2022,24680,226,L+V+MP+SD,0.0,0,131,0.0
tier3_iso,2022,24680,227,M+L+V+MP+SD,1.0,1,199,0.0
tier3_iso,2022,24680,228,C+V+MP+SD,0.0,0,139,0.0
tier3_iso,2022,24680,229,M+C+V+MP+SD,1.0,1,207,0.0
tier3_iso,2022,24680,230,L+C+V+MP+SD,0.0,0,155,0.0
tier3_iso,2022,24680,231,M+L+C+V+MP+SD,1.0,1,223,0.0
tier3_iso,2022,24680,232,KD+V+MP+SD,0.0,0,134,0.0
tier3_iso,2022,24680,233,M+KD+V+MP+SD,1.0,1,202,0.0
tier3_iso,2022,24680,234,L+KD+V+MP+SD,0.0,0,150,0.0
tier3_iso,2022,24680,235,M+L+KD+V+MP+SD,1.0,1,218,0.0
tier3_iso,2022,24680,236,C+KD+V+MP+SD,0.0,0,158,0.0
tier3_iso,2022,24680,237,M+C+KD+V+MP+SD,1.0,1,226,0.0
tier3_iso,2022,24680,238,L+C+KD+V+MP+SD,1.0,0,174,1.0
tier3_iso,2022,24680,239,M+L+C+KD+V+MP+SD,1.0,1,242,0.0
tier3_iso,2022,24680,240,S+V+MP+SD,1.0,1,222,0.0
tier3_iso,2022,24680,241,M+S+V+MP+SD,1.0,1,290,0.0
tier3_iso,2022,24680,242,L+S+V+MP+SD,1.0,1,238,0.0
tier3_iso,2022,24680,243,M+L+S+V+MP+SD,1.0,1,306,0.0
tier3_iso,2022,24680,244,C+S+V+MP+SD,1.0,1,246,0.0
tier3_iso,2022,24680,245,M+C+S+V+MP+SD,1.0,1,314,0.0
tier3_iso,2022,24680,246,L+C+S+V+MP+SD,1.0,1,262,0.0
tier3_iso,2022,24680,247,M+L+C+S+V+MP+SD,1.0,1,330,0.0
tier3_iso,2022,24680,248,KD+S+V+MP+SD,1.0,1,241,0.0
tier3_iso,2022,24680,249,M+KD+S+V+MP+SD,1.0,1,309,0.0
tier3_iso,2022,24680,250,L+KD+S+V+MP+SD,1.0,1,257,0.0
tier3_iso,2022,24680,251,M+L+KD+S+V+MP+SD,1.0,1,325,0.0
tier3_iso,2022,24680,252,C+KD+S+V+MP+SD,1.0,1,265,0.0
tier3_iso,2022,24680,253,M+C+KD+S+V+MP+SD,1.0,1,333,0.0
tier3_iso,2022,24680,254,L+C+KD+S+V+MP+SD,1.0,1,281,0.0
tier3_iso,2022,98765,1,M,0.0,0,68,0.0
tier3_iso,2022,98765,2,L,0.0,0,16,0.0
tier3_iso,2022,98765,3,M+L,0.0,0,84,0.0
tier3_iso,2022,98765,4,C,0.0,0,24,0.0
tier3_iso,2022,98765,5,M+C,0.0,0,92,0.0
tier3_iso,2022,98765,6,L+C,0.0,0,40,0.0
tier3_iso,2022,98765,7,M+L+C,0.0,0,108,0.0
tier3_iso,2022,98765,8,KD,0.0,0,19,0.0
tier3_iso,2022,98765,9,M+KD,0.0,0,87,0.0
tier3_iso,2022,98765,10,L+KD,0.0,0,35,0.0
tier3_iso,2022,98765,11,M+L+KD,0.0,0,103,0.0
tier3_iso,2022,98765,12,C+KD,0.0,0,43,0.0
tier3_iso,2022,98765,13,M+C+KD,0.0,0,111,0.0
tier3_iso,2022,98765,14,L+C+KD,0.0,0,59,0.0
tier3_iso,2022,98765,15,M+L+C+KD,0.0,0,127,0.0
tier3_iso,2022,98765,16,S,0.0,0,107,0.0
tier3_iso,2022,98765,17,M+S,0.0,1,175,1.0
tier3_iso,2022,98765,18,L+S,0.0,0,123,0.0
tier3_iso,2022,98765,19,M+L+S,1.0,1,191,0.0
tier3_iso,2022,98765,20,C+S,0.0,0,131,0.0
tier3_iso,2022,98765,21,M+C+S,1.0,1,199,0.0
tier3_iso,2022,98765,22,L+C+S,0.0,0,147,0.0
tier3_iso,2022,98765,23,M+L+C+S,1.0,1,215,0.0
tier3_iso,2022,98765,24,KD+S,0.0,0,126,0.0
tier3_iso,2022,98765,25,M+KD+S,1.0,1,194,0.0
tier3_iso,2022,98765,26,L+KD+S,0.0,0,142,0.0
tier3_iso,2022,98765,27,M+L+KD+S,1.0,1,210,0.0
tier3_iso,2022,98765,28,C+KD+S,0.0,0,150,0.0
tier3_iso,2022,98765,29,M+C+KD+S,1.0,1,218,0.0
tier3_iso,2022,98765,30,L+C+KD+S,0.19505,0,166,0.0380445025
tier3_iso,2022,98765,31,M+L+C+KD+S,1.0,1,234,0.0
tier3_iso,2022,98765,32,V,0.0,0,24,0.0
tier3_iso,2022,98765,33,M+V,0.0,0,92,0.0
tier3_iso,2022,98765,34,L+V,0.0,0,40,0.0
tier3_iso,2022,98765,35,M+L+V,0.0,0,108,0.0
tier3_iso,2022,98765,36,C+V,0.0,0,48,0.0
tier3_iso,2022,98765,37,M+C+V,0.0,0,116,0.0
tier3_iso,2022,98765,38,L+C+V,0.0,0,64,0.0
tier3_iso,2022,98765,39,M+L+C+V,0.0,0,132,0.0
tier3_iso,2022,98765,40,KD+V,0.0,0,43,0.0
tier3_iso,2022,98765,41,M+KD+V,0.0,0,111,0.0
tier3_iso,2022,98765,42,L+KD+V,0.0,0,59,0.0
tier3_iso,2022,98765,43,M+L+KD+V,0.0,0,127,0.0
tier3_iso,2022,98765,44,C+KD+V,0.0,0,67,0.0
tier3_iso,2022,98765,45,M+C+KD+V,0.0,0,135,0.0
tier3_iso,2022,98765,46,L+C+KD+V,0.0,0,83,0.0
tier3_iso,2022,98765,47,M+L+C+KD+V,0.0,0,151,0.0
tier3_iso,2022,98765,48,S+V,0.0,0,131,0.0
tier3_iso,2022,98765,49,M+S+V,1.0,1,199,0.0
tier3_iso,2022,98765,50,L+S+V,0.0,0,147,0.0
tier3_iso,2022,98765,51,M+L+S+V,1.0,1,215,0.0
tier3_iso,2022,98765,52,C+S+V,0.0,0,155,0.0
tier3_iso,2022,98765,53,M+C+S+V,1.0,1,223,0.0
tier3_iso,2022,98765,54,L+C+S+V,0.19505,0,171,0.0380445025
tier3_iso,2022,98765,55,M+L+C+S+V,1.0,1,239,0.0
tier3_iso,2022,98765,56,KD+S+V,0.0,0,150,0.0
tier3_iso,2022,98765,57,M+KD+S+V,1.0,1,218,0.0
tier3_iso,2022,98765,58,L+KD+S+V,0.0,0,166,0.0
tier3_iso,2022,98765,59,M+L+KD+S+V,1.0,1,234,0.0
tier3_iso,2022,98765,60,C+KD+S+V,0.8019,0,174,0.6430436099999999
tier3_iso,2022,98765,61,M+C+KD+S+V,1.0,1,242,0.0
tier3_iso,2022,98765,62,L+C+KD+S+V,1.0,1,190,0.0
tier3_iso,2022,98765,63,M+L+C+KD+S+V,1.0,1,258,0.0
tier3_iso,2022,98765,64,MP,0.0,0,18,0.0
tier3_iso,2022,98765,65,M+MP,0.0,0,86,0.0
tier3_iso,2022,98765,66,L+MP,0.0,0,34,0.0
tier3_iso,2022,98765,67,M+L+MP,0.0,0,102,0.0
tier3_iso,2022,98765,68,C+MP,0.0,0,42,0.0
tier3_iso,2022,98765,69,M+C+MP,0.0,0,110,0.0
tier3_iso,2022,98765,70,L+C+MP,0.0,0,58,0.0
tier3_iso,2022,98765,71,M+L+C+MP,0.0,0,126,0.0
tier3_iso,2022,98765,72,KD+MP,0.0,0,37,0.0
tier3_iso,2022,98765,73,M+KD+MP,0.0,0,105,0.0
tier3_iso,2022,98765,74,L+KD+MP,0.0,0,53,0.0
tier3_iso,2022,98765,75,M+L+KD+MP,0.0,0,121,0.0
tier3_iso,2022,98765,76,C+KD+MP,0.0,0,61,0.0
tier3_iso,2022,98765,77,M+C+KD+MP,0.0,0,129,0.0
tier3_iso,2022,98765,78,L+C+KD+MP,0.0,0,77,0.0
tier3_iso,2022,98765,79,M+L+C+KD+MP,0.0,0,145,0.0
tier3_iso,2022,98765,80,S+MP,0.0,0,125,0.0
tier3_iso,2022,98765,81,M+S+MP,1.0,1,193,0.0
tier3_iso,2022,98765,82,L+S+MP,0.0,0,141,0.0
tier3_iso,2022,98765,83,M+L+S+MP,1.0,1,209,0.0
tier3_iso,2022,98765,84,C+S+MP,0.0,0,149,0.0
tier3_iso,2022,98765,85,M+C+S+MP,1.0,1,217,0.0
tier3_iso,2022,98765,86,L+C+S+MP,0.19505,0,165,0.0380445025
tier3_iso,2022,98765,87,M+L+C+S+MP,1.0,1,233,0.0
tier3_iso,2022,98765,88,KD+S+MP,0.0,0,144,0.0
tier3_iso,2022,98765,89,M+KD+S+MP,1.0,1,212,0.0
tier3_iso,2022,98765,90,L+KD+S+MP,0.0,0,160,0.0
tier3_iso,2022,98765,91,M+L+KD+S+MP,1.0,1,228,0.0
tier3_iso,2022,98765,92,C+KD+S+MP,0.19505,0,168,0.0380445025
tier3_iso,2022,98765,93,M+C+KD+S+MP,1.0,1,236,0.0
tier3_iso,2022,98765,94,L+C+KD+S+MP,1.0,1,184,0.0
tier3_iso,2022,98765,95,M+L+C+KD+S+MP,1.0,1,252,0.0
tier3_iso,2022,98765,96,V+MP,0.0,0,42,0.0
tier3_iso,2022,98765,97,M+V+MP,0.0,0,110,0.0
tier3_iso,2022,98765,98,L+V+MP,0.0,0,58,0.0
tier3_iso,2022,98765,99,M+L+V+MP,0.0,0,126,0.0
tier3_iso,2022,98765,100,C+V+MP,0.0,0,66,0.0
tier3_iso,2022,98765,101,M+C+V+MP,0.0,0,134,0.0
tier3_iso,2022,98765,102,L+C+V+MP,0.0,0,82,0.0
tier3_iso,2022,98765,103,M+L+C+V+MP,0.0,0,150,0.0
tier3_iso,2022,98765,104,KD+V+MP,0.0,0,61,0.0
tier3_iso,2022,98765,105,M+KD+V+MP,0.0,0,129,0.0
tier3_iso,2022,98765,106,L+KD+V+MP,0.0,0,77,0.0
tier3_iso,2022,98765,107,M+L+KD+V+MP,0.0,0,145,0.0
tier3_iso,2022,98765,108,C+KD+V+MP,0.0,0,85,0.0
tier3_iso,2022,98765,109,M+C+KD+V+MP,0.0,0,153,0.0
tier3_iso,2022,98765,110,L+C+KD+V+MP,0.0,0,101,0.0
tier3_iso,2022,98765,111,M+L+C+KD+V+MP,0.60685,0,169,0.3682669225
tier3_iso,2022,98765,112,S+V+MP,0.0,0,149,0.0
tier3_iso,2022,98765,113,M+S+V+MP,1.0,1,217,0.0
tier3_iso,2022,98765,114,L+S+V+MP,0.19505,0,165,0.0380445025
tier3_iso,2022,98765,115,M+L+S+V+MP,1.0,1,233,0.0
tier3_iso,2022,98765,116,C+S+V+MP,0.5952,0,173,0.3542630399999999
tier3_iso,2022,98765,117,M+C+S+V+MP,1.0,1,241,0.0
tier3_iso,2022,98765,118,L+C+S+V+MP,1.0,1,189,0.0
tier3_iso,2022,98765,119,M+L+C+S+V+MP,1.0,1,257,0.0
tier3_iso,2022,98765,120,KD+S+V+MP,0.0,0,168,0.0
tier3_iso,2022,98765,121,M+KD+S+V+MP,1.0,1,236,0.0
tier3_iso,2022,98765,122,L+KD+S+V+MP,1.0,1,184,0.0
tier3_iso,2022,98765,123,M+L+KD+S+V+MP,1.0,1,252,0.0
tier3_iso,2022,98765,124,C+KD+S+V+MP,1.0,1,192,0.0
tier3_iso,2022,98765,125,M+C+KD+S+V+MP,1.0,1,260,0.0
tier3_iso,2022,98765,126,L+C+KD+S+V+MP,1.0,1,208,0.0
tier3_iso,2022,98765,127,M+L+C+KD+S+V+MP,1.0,1,276,0.0
tier3_iso,2022,98765,128,SD,0.0,0,73,0.0
tier3_iso,2022,98765,129,M+SD,0.0,0,141,0.0
tier3_iso,2022,98765,130,L+SD,0.0,0,89,0.0
tier3_iso,2022,98765,131,M+L+SD,0.0,0,157,0.0
tier3_iso,2022,98765,132,C+SD,0.0,0,97,0.0
tier3_iso,2022,98765,133,M+C+SD,0.0,0,165,0.0
tier3_iso,2022,98765,134,L+C+SD,0.0,0,113,0.0
tier3_iso,2022,98765,135,M+L+C+SD,1.0,1,181,0.0
tier3_iso,2022,98765,136,KD+SD,0.0,0,92,0.0
tier3_iso,2022,98765,137,M+KD+SD,0.0,0,160,0.0
tier3_iso,2022,98765,138,L+KD+SD,0.0,0,108,0.0
tier3_iso,2022,98765,139,M+L+KD+SD,0.4048,1,176,0.3542630399999999
tier3_iso,2022,98765,140,C+KD+SD,0.0,0,116,0.0
tier3_iso,2022,98765,141,M+C+KD+SD,0.80495,1,184,0.03804450249999998
tier3_iso,2022,98765,142,L+C+KD+SD,0.0,0,132,0.0
tier3_iso,2022,98765,143,M+L+C+KD+SD,1.0,1,200,0.0
tier3_iso,2022,98765,144,S+SD,0.39315,1,180,0.3682669225
tier3_iso,2022,98765,145,M+S+SD,1.0,1,248,0.0
tier3_iso,2022,98765,146,L+S+SD,1.0,1,196,0.0
tier3_iso,2022,98765,147,M+L+S+SD,1.0,1,264,0.0
tier3_iso,2022,98765,148,C+S+SD,1.0,1,204,0.0
tier3_iso,2022,98765,149,M+C+S+SD,1.0,1,272,0.0
tier3_iso,2022,98765,150,L+C+S+SD,1.0,1,220,0.0
tier3_iso,2022,98765,151,M+L+C+S+SD,1.0,1,288,0.0
tier3_iso,2022,98765,152,KD+S+SD,1.0,1,199,0.0
tier3_iso,2022,98765,153,M+KD+S+SD,1.0,1,267,0.0
tier3_iso,2022,98765,154,L+KD+S+SD,1.0,1,215,0.0
tier3_iso,2022,98765,155,M+L+KD+S+SD,1.0,1,283,0.0
tier3_iso,2022,98765,156,C+KD+S+SD,1.0,1,223,0.0
tier3_iso,2022,98765,157,M+C+KD+S+SD,1.0,1,291,0.0
tier3_iso,2022,98765,158,L+C+KD+S+SD,1.0,1,239,0.0
tier3_iso,2022,98765,159,M+L+C+KD+S+SD,1.0,1,307,0.0
tier3_iso,2022,98765,160,V+SD,0.0,0,97,0.0
tier3_iso,2022,98765,161,M+V+SD,0.0,0,165,0.0
tier3_iso,2022,98765,162,L+V+SD,0.0,0,113,0.0
tier3_iso,2022,98765,163,M+L+V+SD,0.80495,1,181,0.03804450249999998
tier3_iso,2022,98765,164,C+V+SD,0.0,0,121,0.0
tier3_iso,2022,98765,165,M+C+V+SD,1.0,1,189,0.0
tier3_iso,2022,98765,166,L+C+V+SD,0.0,0,137,0.0
tier3_iso,2022,98765,167,M+L+C+V+SD,1.0,1,205,0.0
tier3_iso,2022,98765,168,KD+V+SD,0.0,0,116,0.0
tier3_iso,2022,98765,169,M+KD+V+SD,0.80495,1,184,0.03804450249999998
tier3_iso,2022,98765,170,L+KD+V+SD,0.0,0,132,0.0
tier3_iso,2022,98765,171,M+L+KD+V+SD,1.0,1,200,0.0
tier3_iso,2022,98765,172,C+KD+V+SD,0.0,0,140,0.0
tier3_iso,2022,98765,173,M+C+KD+V+SD,1.0,1,208,0.0
tier3_iso,2022,98765,174,L+C+KD+V+SD,0.0,0,156,0.0
tier3_iso,2022,98765,175,M+L+C+KD+V+SD,1.0,1,224,0.0
tier3_iso,2022,98765,176,S+V+SD,1.0,1,204,0.0
tier3_iso,2022,98765,177,M+S+V+SD,1.0,1,272,0.0
tier3_iso,2022,98765,178,L+S+V+SD,1.0,1,220,0.0
tier3_iso,2022,98765,179,M+L+S+V+SD,1.0,1,288,0.0
tier3_iso,2022,98765,180,C+S+V+SD,1.0,1,228,0.0
tier3_iso,2022,98765,181,M+C+S+V+SD,1.0,1,296,0.0
tier3_iso,2022,98765,182,L+C+S+V+SD,1.0,1,244,0.0
tier3_iso,2022,98765,183,M+L+C+S+V+SD,1.0,1,312,0.0
tier3_iso,2022,98765,184,KD+S+V+SD,1.0,1,223,0.0
tier3_iso,2022,98765,185,M+KD+S+V+SD,1.0,1,291,0.0
tier3_iso,2022,98765,186,L+KD+S+V+SD,1.0,1,239,0.0
tier3_iso,2022,98765,187,M+L+KD+S+V+SD,1.0,1,307,0.0
tier3_iso,2022,98765,188,C+KD+S+V+SD,1.0,1,247,0.0
tier3_iso,2022,98765,189,M+C+KD+S+V+SD,1.0,1,315,0.0
tier3_iso,2022,98765,190,L+C+KD+S+V+SD,1.0,1,263,0.0
tier3_iso,2022,98765,191,M+L+C+KD+S+V+SD,1.0,1,331,0.0
tier3_iso,2022,98765,192,MP+SD,0.0,0,91,0.0
tier3_iso,2022,98765,193,M+MP+SD,0.0,0,159,0.0
tier3_iso,2022,98765,194,L+MP+SD,0.0,0,107,0.0
tier3_iso,2022,98765,195,M+L+MP+SD,0.1981,1,175,0.6430436100000001
tier3_iso,2022,98765,196,C+MP+SD,0.0,0,115,0.0
tier3_iso,2022,98765,197,M+C+MP+SD,1.0,1,183,0.0
tier3_iso,2022,98765,198,L+C+MP+SD,0.0,0,131,0.0
tier3_iso,2022,98765,199,M+L+C+MP+SD,1.0,1,199,0.0
tier3_iso,2022,98765,200,KD+MP+SD,0.0,0,110,0.0
tier3_iso,2022,98765,201,M+KD+MP+SD,0.80495,1,178,0.03804450249999998
tier3_iso,2022,98765,202,L+KD+MP+SD,0.0,0,126,0.0
tier3_iso,2022,98765,203,M+L+KD+MP+SD,1.0,1,194,0.0
tier3_iso,2022,98765,204,C+KD+MP+SD,0.0,0,134,0.0
tier3_iso,2022,98765,205,M+C+KD+MP+SD,1.0,1,202,0.0
tier3_iso,2022,98765,206,L+C+KD+MP+SD,0.0,0,150,0.0
tier3_iso,2022,98765,207,M+L+C+KD+MP+SD,1.0,1,218,0.0
tier3_iso,2022,98765,208,S+MP+SD,1.0,1,198,0.0
tier3_iso,2022,98765,209,M+S+MP+SD,1.0,1,266,0.0
tier3_iso,2022,98765,210,L+S+MP+SD,1.0,1,214,0.0
tier3_iso,2022,98765,211,M+L+S+MP+SD,1.0,1,282,0.0
tier3_iso,2022,98765,212,C+S+MP+SD,1.0,1,222,0.0
tier3_iso,2022,98765,213,M+C+S+MP+SD,1.0,1,290,0.0
tier3_iso,2022,98765,214,L+C+S+MP+SD,1.0,1,238,0.0
tier3_iso,2022,98765,215,M+L+C+S+MP+SD,1.0,1,306,0.0
tier3_iso,2022,98765,216,KD+S+MP+SD,1.0,1,217,0.0
tier3_iso,2022,98765,217,M+KD+S+MP+SD,1.0,1,285,0.0
tier3_iso,2022,98765,218,L+KD+S+MP+SD,1.0,1,233,0.0
tier3_iso,2022,98765,219,M+L+KD+S+MP+SD,1.0,1,301,0.0
tier3_iso,2022,98765,220,C+KD+S+MP+SD,1.0,1,241,0.0
tier3_iso,2022,98765,221,M+C+KD+S+MP+SD,1.0,1,309,0.0
tier3_iso,2022,98765,222,L+C+KD+S+MP+SD,1.0,1,257,0.0
tier3_iso,2022,98765,223,M+L+C+KD+S+MP+SD,1.0,1,325,0.0
tier3_iso,2022,98765,224,V+MP+SD,0.0,0,115,0.0
tier3_iso,2022,98765,225,M+V+MP+SD,0.80495,1,183,0.03804450249999998
tier3_iso,2022,98765,226,L+V+MP+SD,0.0,0,131,0.0
tier3_iso,2022,98765,227,M+L+V+MP+SD,1.0,1,199,0.0
tier3_iso,2022,98765,228,C+V+MP+SD,0.0,0,139,0.0
tier3_iso,2022,98765,229,M+C+V+MP+SD,1.0,1,207,0.0
tier3_iso,2022,98765,230,L+C+V+MP+SD,0.0,0,155,0.0
tier3_iso,2022,98765,231,M+L+C+V+MP+SD,1.0,1,223,0.0
tier3_iso,2022,98765,232,KD+V+MP+SD,0.0,0,134,0.0
tier3_iso,2022,98765,233,M+KD+V+MP+SD,1.0,1,202,0.0
tier3_iso,2022,98765,234,L+KD+V+MP+SD,0.0,0,150,0.0
tier3_iso,2022,98765,235,M+L+KD+V+MP+SD,1.0,1,218,0.0
tier3_iso,2022,98765,236,C+KD+V+MP+SD,0.0,0,158,0.0
tier3_iso,2022,98765,237,M+C+KD+V+MP+SD,1.0,1,226,0.0
tier3_iso,2022,98765,238,L+C+KD+V+MP+SD,1.0,0,174,1.0
tier3_iso,2022,98765,239,M+L+C+KD+V+MP+SD,1.0,1,242,0.0
tier3_iso,2022,98765,240,S+V+MP+SD,1.0,1,222,0.0
tier3_iso,2022,98765,241,M+S+V+MP+SD,1.0,1,290,0.0
tier3_iso,2022,98765,242,L+S+V+MP+SD,1.0,1,238,0.0
tier3_iso,2022,98765,243,M+L+S+V+MP+SD,1.0,1,306,0.0
tier3_iso,2022,98765,244,C+S+V+MP+SD,1.0,1,246,0.0
tier3_iso,2022,98765,245,M+C+S+V+MP+SD,1.0,1,314,0.0
tier3_iso,2022,98765,246,L+C+S+V+MP+SD,1.0,1,262,0.0
tier3_iso,2022,98765,247,M+L+C+S+V+MP+SD,1.0,1,330,0.0
tier3_iso,2022,98765,248,KD+S+V+MP+SD,1.0,1,241,0.0
tier3_iso,2022,98765,249,M+KD+S+V+MP+SD,1.0,1,309,0.0
tier3_iso,2022,98765,250,L+KD+S+V+MP+SD,1.0,1,257,0.0
tier3_iso,2022,98765,251,M+L+KD+S+V+MP+SD,1.0,1,325,0.0
tier3_iso,2022,98765,252,C+KD+S+V+MP+SD,1.0,1,265,0.0
tier3_iso,2022,98765,253,M+C+KD+S+V+MP+SD,1.0,1,333,0.0
tier3_iso,2022,98765,254,L+C+KD+S+V+MP+SD,1.0,1,281,0.0
tier3_iso,2022,54321,1,M,0.0,0,68,0.0
tier3_iso,2022,54321,2,L,0.0,0,16,0.0
tier3_iso,2022,54321,3,M+L,0.0,0,84,0.0
tier3_iso,2022,54321,4,C,0.0,0,24,0.0
tier3_iso,2022,54321,5,M+C,0.0,0,92,0.0
tier3_iso,2022,54321,6,L+C,0.0,0,40,0.0
tier3_iso,2022,54321,7,M+L+C,0.0,0,108,0.0
tier3_iso,2022,54321,8,KD,0.0,0,19,0.0
tier3_iso,2022,54321,9,M+KD,0.0,0,87,0.0
tier3_iso,2022,54321,10,L+KD,0.0,0,35,0.0
tier3_iso,2022,54321,11,M+L+KD,0.0,0,103,0.0
tier3_iso,2022,54321,12,C+KD,0.0,0,43,0.0
tier3_iso,2022,54321,13,M+C+KD,0.0,0,111,0.0
tier3_iso,2022,54321,14,L+C+KD,0.0,0,59,0.0
tier3_iso,2022,54321,15,M+L+C+KD,0.0,0,127,0.0
tier3_iso,2022,54321,16,S,0.0,0,107,0.0
tier3_iso,2022,54321,17,M+S,0.0,1,175,1.0
tier3_iso,2022,54321,18,L+S,0.0,0,123,0.0
tier3_iso,2022,54321,19,M+L+S,1.0,1,191,0.0
tier3_iso,2022,54321,20,C+S,0.0,0,131,0.0
tier3_iso,2022,54321,21,M+C+S,1.0,1,199,0.0
tier3_iso,2022,54321,22,L+C+S,0.0,0,147,0.0
tier3_iso,2022,54321,23,M+L+C+S,1.0,1,215,0.0
tier3_iso,2022,54321,24,KD+S,0.0,0,126,0.0
tier3_iso,2022,54321,25,M+KD+S,1.0,1,194,0.0
tier3_iso,2022,54321,26,L+KD+S,0.0,0,142,0.0
tier3_iso,2022,54321,27,M+L+KD+S,1.0,1,210,0.0
tier3_iso,2022,54321,28,C+KD+S,0.0,0,150,0.0
tier3_iso,2022,54321,29,M+C+KD+S,1.0,1,218,0.0
tier3_iso,2022,54321,30,L+C+KD+S,0.20255,0,166,0.041026502500000006
tier3_iso,2022,54321,31,M+L+C+KD+S,1.0,1,234,0.0
tier3_iso,2022,54321,32,V,0.0,0,24,0.0
tier3_iso,2022,54321,33,M+V,0.0,0,92,0.0
tier3_iso,2022,54321,34,L+V,0.0,0,40,0.0
tier3_iso,2022,54321,35,M+L+V,0.0,0,108,0.0
tier3_iso,2022,54321,36,C+V,0.0,0,48,0.0
tier3_iso,2022,54321,37,M+C+V,0.0,0,116,0.0
tier3_iso,2022,54321,38,L+C+V,0.0,0,64,0.0
tier3_iso,2022,54321,39,M+L+C+V,0.0,0,132,0.0
tier3_iso,2022,54321,40,KD+V,0.0,0,43,0.0
tier3_iso,2022,54321,41,M+KD+V,0.0,0,111,0.0
tier3_iso,2022,54321,42,L+KD+V,0.0,0,59,0.0
tier3_iso,2022,54321,43,M+L+KD+V,0.0,0,127,0.0
tier3_iso,2022,54321,44,C+KD+V,0.0,0,67,0.0
tier3_iso,2022,54321,45,M+C+KD+V,0.0,0,135,0.0
tier3_iso,2022,54321,46,L+C+KD+V,0.0,0,83,0.0
tier3_iso,2022,54321,47,M+L+C+KD+V,0.0,0,151,0.0
tier3_iso,2022,54321,48,S+V,0.0,0,131,0.0
tier3_iso,2022,54321,49,M+S+V,1.0,1,199,0.0
tier3_iso,2022,54321,50,L+S+V,0.0,0,147,0.0
tier3_iso,2022,54321,51,M+L+S+V,1.0,1,215,0.0
tier3_iso,2022,54321,52,C+S+V,0.0,0,155,0.0
tier3_iso,2022,54321,53,M+C+S+V,1.0,1,223,0.0
tier3_iso,2022,54321,54,L+C+S+V,0.20255,0,171,0.041026502500000006
tier3_iso,2022,54321,55,M+L+C+S+V,1.0,1,239,0.0
tier3_iso,2022,54321,56,KD+S+V,0.0,0,150,0.0
tier3_iso,2022,54321,57,M+KD+S+V,1.0,1,218,0.0
tier3_iso,2022,54321,58,L+KD+S+V,0.0,0,166,0.0
tier3_iso,2022,54321,59,M+L+KD+S+V,1.0,1,234,0.0
tier3_iso,2022,54321,60,C+KD+S+V,0.7976,0,174,0.6361657599999999
tier3_iso,2022,54321,61,M+C+KD+S+V,1.0,1,242,0.0
tier3_iso,2022,54321,62,L+C+KD+S+V,1.0,1,190,0.0
tier3_iso,2022,54321,63,M+L+C+KD+S+V,1.0,1,258,0.0
tier3_iso,2022,54321,64,MP,0.0,0,18,0.0
tier3_iso,2022,54321,65,M+MP,0.0,0,86,0.0
tier3_iso,2022,54321,66,L+MP,0.0,0,34,0.0
tier3_iso,2022,54321,67,M+L+MP,0.0,0,102,0.0
tier3_iso,2022,54321,68,C+MP,0.0,0,42,0.0
tier3_iso,2022,54321,69,M+C+MP,0.0,0,110,0.0
tier3_iso,2022,54321,70,L+C+MP,0.0,0,58,0.0
tier3_iso,2022,54321,71,M+L+C+MP,0.0,0,126,0.0
tier3_iso,2022,54321,72,KD+MP,0.0,0,37,0.0
tier3_iso,2022,54321,73,M+KD+MP,0.0,0,105,0.0
tier3_iso,2022,54321,74,L+KD+MP,0.0,0,53,0.0
tier3_iso,2022,54321,75,M+L+KD+MP,0.0,0,121,0.0
tier3_iso,2022,54321,76,C+KD+MP,0.0,0,61,0.0
tier3_iso,2022,54321,77,M+C+KD+MP,0.0,0,129,0.0
tier3_iso,2022,54321,78,L+C+KD+MP,0.0,0,77,0.0
tier3_iso,2022,54321,79,M+L+C+KD+MP,0.0,0,145,0.0
tier3_iso,2022,54321,80,S+MP,0.0,0,125,0.0
tier3_iso,2022,54321,81,M+S+MP,1.0,1,193,0.0
tier3_iso,2022,54321,82,L+S+MP,0.0,0,141,0.0
tier3_iso,2022,54321,83,M+L+S+MP,1.0,1,209,0.0
tier3_iso,2022,54321,84,C+S+MP,0.0,0,149,0.0
tier3_iso,2022,54321,85,M+C+S+MP,1.0,1,217,0.0
tier3_iso,2022,54321,86,L+C+S+MP,0.20255,0,165,0.041026502500000006
tier3_iso,2022,54321,87,M+L+C+S+MP,1.0,1,233,0.0
tier3_iso,2022,54321,88,KD+S+MP,0.0,0,144,0.0
tier3_iso,2022,54321,89,M+KD+S+MP,1.0,1,212,0.0
tier3_iso,2022,54321,90,L+KD+S+MP,0.0,0,160,0.0
tier3_iso,2022,54321,91,M+L+KD+S+MP,1.0,1,228,0.0
tier3_iso,2022,54321,92,C+KD+S+MP,0.20255,0,168,0.041026502500000006
tier3_iso,2022,54321,93,M+C+KD+S+MP,1.0,1,236,0.0
tier3_iso,2022,54321,94,L+C+KD+S+MP,1.0,1,184,0.0
tier3_iso,2022,54321,95,M+L+C+KD+S+MP,1.0,1,252,0.0
tier3_iso,2022,54321,96,V+MP,0.0,0,42,0.0
tier3_iso,2022,54321,97,M+V+MP,0.0,0,110,0.0
tier3_iso,2022,54321,98,L+V+MP,0.0,0,58,0.0
tier3_iso,2022,54321,99,M+L+V+MP,0.0,0,126,0.0
tier3_iso,2022,54321,100,C+V+MP,0.0,0,66,0.0
tier3_iso,2022,54321,101,M+C+V+MP,0.0,0,134,0.0
tier3_iso,2022,54321,102,L+C+V+MP,0.0,0,82,0.0
tier3_iso,2022,54321,103,M+L+C+V+MP,0.0,0,150,0.0
tier3_iso,2022,54321,104,KD+V+MP,0.0,0,61,0.0
tier3_iso,2022,54321,105,M+KD+V+MP,0.0,0,129,0.0
tier3_iso,2022,54321,106,L+KD+V+MP,0.0,0,77,0.0
tier3_iso,2022,54321,107,M+L+KD+V+MP,0.0,0,145,0.0
tier3_iso,2022,54321,108,C+KD+V+MP,0.0,0,85,0.0
tier3_iso,2022,54321,109,M+C+KD+V+MP,0.0,0,153,0.0
tier3_iso,2022,54321,110,L+C+KD+V+MP,0.0,0,101,0.0
tier3_iso,2022,54321,111,M+L+C+KD+V+MP,0.59505,0,169,0.35408450249999995
tier3_iso,2022,54321,112,S+V+MP,0.0,0,149,0.0
tier3_iso,2022,54321,113,M+S+V+MP,1.0,1,217,0.0
tier3_iso,2022,54321,114,L+S+V+MP,0.20255,0,165,0.041026502500000006
tier3_iso,2022,54321,115,M+L+S+V+MP,1.0,1,233,0.0
tier3_iso,2022,54321,116,C+S+V+MP,0.6019,0,173,0.36228361
tier3_iso,2022,54321,117,M+C+S+V+MP,1.0,1,241,0.0
tier3_iso,2022,54321,118,L+C+S+V+MP,1.0,1,189,0.0
tier3_iso,2022,54321,119,M+L+C+S+V+MP,1.0,1,257,0.0
tier3_iso,2022,54321,120,KD+S+V+MP,0.0,0,168,0.0
tier3_iso,2022,54321,121,M+KD+S+V+MP,1.0,1,236,0.0
tier3_iso,2022,54321,122,L+KD+S+V+MP,1.0,1,184,0.0
tier3_iso,2022,54321,123,M+L+KD+S+V+MP,1.0,1,252,0.0
tier3_iso,2022,54321,124,C+KD+S+V+MP,1.0,1,192,0.0
tier3_iso,2022,54321,125,M+C+KD+S+V+MP,1.0,1,260,0.0
tier3_iso,2022,54321,126,L+C+KD+S+V+MP,1.0,1,208,0.0
tier3_iso,2022,54321,127,M+L+C+KD+S+V+MP,1.0,1,276,0.0
tier3_iso,2022,54321,128,SD,0.0,0,73,0.0
tier3_iso,2022,54321,129,M+SD,0.0,0,141,0.0
tier3_iso,2022,54321,130,L+SD,0.0,0,89,0.0
tier3_iso,2022,54321,131,M+L+SD,0.0,0,157,0.0
tier3_iso,2022,54321,132,C+SD,0.0,0,97,0.0
tier3_iso,2022,54321,133,M+C+SD,0.0,0,165,0.0
tier3_iso,2022,54321,134,L+C+SD,0.0,0,113,0.0
tier3_iso,2022,54321,135,M+L+C+SD,1.0,1,181,0.0
tier3_iso,2022,54321,136,KD+SD,0.0,0,92,0.0
tier3_iso,2022,54321,137,M+KD+SD,0.0,0,160,0.0
tier3_iso,2022,54321,138,L+KD+SD,0.0,0,108,0.0
tier3_iso,2022,54321,139,M+L+KD+SD,0.3981,1,176,0.36228361
tier3_iso,2022,54321,140,C+KD+SD,0.0,0,116,0.0
tier3_iso,2022,54321,141,M+C+KD+SD,0.79745,1,184,0.041026502500000006
tier3_iso,2022,54321,142,L+C+KD+SD,0.0,0,132,0.0
tier3_iso,2022,54321,143,M+L+C+KD+SD,1.0,1,200,0.0
tier3_iso,2022,54321,144,S+SD,0.40495,1,180,0.3540845025000001
tier3_iso,2022,54321,145,M+S+SD,1.0,1,248,0.0
tier3_iso,2022,54321,146,L+S+SD,1.0,1,196,0.0
tier3_iso,2022,54321,147,M+L+S+SD,1.0,1,264,0.0
tier3_iso,2022,54321,148,C+S+SD,1.0,1,204,0.0
tier3_iso,2022,54321,149,M+C+S+SD,1.0,1,272,0.0
tier3_iso,2022,54321,150,L+C+S+SD,1.0,1,220,0.0
tier3_iso,2022,54321,151,M+L+C+S+SD,1.0,1,288,0.0
tier3_iso,2022,54321,152,KD+S+SD,1.0,1,199,0.0
tier3_iso,2022,54321,153,M+KD+S+SD,1.0,1,267,0.0
tier3_iso,2022,54321,154,L+KD+S+SD,1.0,1,215,0.0
tier3_iso,2022,54321,155,M+L+KD+S+SD,1.0,1,283,0.0
tier3_iso,2022,54321,156,C+KD+S+SD,1.0,1,223,0.0
tier3_iso,2022,54321,157,M+C+KD+S+SD,1.0,1,291,0.0
tier3_iso,2022,54321,158,L+C+KD+S+SD,1.0,1,239,0.0
tier3_iso,2022,54321,159,M+L+C+KD+S+SD,1.0,1,307,0.0
tier3_iso,2022,54321,160,V+SD,0.0,0,97,0.0
tier3_iso,2022,54321,161,M+V+SD,0.0,0,165,0.0
tier3_iso,2022,54321,162,L+V+SD,0.0,0,113,0.0
tier3_iso,2022,54321,163,M+L+V+SD,0.79745,1,181,0.041026502500000006
tier3_iso,2022,54321,164,C+V+SD,0.0,0,121,0.0
tier3_iso,2022,54321,165,M+C+V+SD,1.0,1,189,0.0
tier3_iso,2022,54321,166,L+C+V+SD,0.0,0,137,0.0
tier3_iso,2022,54321,167,M+L+C+V+SD,1.0,1,205,0.0
tier3_iso,2022,54321,168,KD+V+SD,0.0,0,116,0.0
tier3_iso,2022,54321,169,M+KD+V+SD,0.79745,1,184,0.041026502500000006
tier3_iso,2022,54321,170,L+KD+V+SD,0.0,0,132,0.0
tier3_iso,2022,54321,171,M+L+KD+V+SD,1.0,1,200,0.0
tier3_iso,2022,54321,172,C+KD+V+SD,0.0,0,140,0.0
tier3_iso,2022,54321,173,M+C+KD+V+SD,1.0,1,208,0.0
tier3_iso,2022,54321,174,L+C+KD+V+SD,0.0,0,156,0.0
tier3_iso,2022,54321,175,M+L+C+KD+V+SD,1.0,1,224,0.0
tier3_iso,2022,54321,176,S+V+SD,1.0,1,204,0.0
tier3_iso,2022,54321,177,M+S+V+SD,1.0,1,272,0.0
tier3_iso,2022,54321,178,L+S+V+SD,1.0,1,220,0.0
tier3_iso,2022,54321,179,M+L+S+V+SD,1.0,1,288,0.0
tier3_iso,2022,54321,180,C+S+V+SD,1.0,1,228,0.0
tier3_iso,2022,54321,181,M+C+S+V+SD,1.0,1,296,0.0
tier3_iso,2022,54321,182,L+C+S+V+SD,1.0,1,244,0.0
tier3_iso,2022,54321,183,M+L+C+S+V+SD,1.0,1,312,0.0
tier3_iso,2022,54321,184,KD+S+V+SD,1.0,1,223,0.0
tier3_iso,2022,54321,185,M+KD+S+V+SD,1.0,1,291,0.0
tier3_iso,2022,54321,186,L+KD+S+V+SD,1.0,1,239,0.0
tier3_iso,2022,54321,187,M+L+KD+S+V+SD,1.0,1,307,0.0
tier3_iso,2022,54321,188,C+KD+S+V+SD,1.0,1,247,0.0
tier3_iso,2022,54321,189,M+C+KD+S+V+SD,1.0,1,315,0.0
tier3_iso,2022,54321,190,L+C+KD+S+V+SD,1.0,1,263,0.0
tier3_iso,2022,54321,191,M+L+C+KD+S+V+SD,1.0,1,331,0.0
tier3_iso,2022,54321,192,MP+SD,0.0,0,91,0.0
tier3_iso,2022,54321,193,M+MP+SD,0.0,0,159,0.0
tier3_iso,2022,54321,194,L+MP+SD,0.0,0,107,0.0
tier3_iso,2022,54321,195,M+L+MP+SD,0.2024,1,175,0.6361657599999999
tier3_iso,2022,54321,196,C+MP+SD,0.0,0,115,0.0
tier3_iso,2022,54321,197,M+C+MP+SD,1.0,1,183,0.0
tier3_iso,2022,54321,198,L+C+MP+SD,0.0,0,131,0.0
tier3_iso,2022,54321,199,M+L+C+MP+SD,1.0,1,199,0.0
tier3_iso,2022,54321,200,KD+MP+SD,0.0,0,110,0.0
tier3_iso,2022,54321,201,M+KD+MP+SD,0.79745,1,178,0.041026502500000006
tier3_iso,2022,54321,202,L+KD+MP+SD,0.0,0,126,0.0
tier3_iso,2022,54321,203,M+L+KD+MP+SD,1.0,1,194,0.0
tier3_iso,2022,54321,204,C+KD+MP+SD,0.0,0,134,0.0
tier3_iso,2022,54321,205,M+C+KD+MP+SD,1.0,1,202,0.0
tier3_iso,2022,54321,206,L+C+KD+MP+SD,0.0,0,150,0.0
tier3_iso,2022,54321,207,M+L+C+KD+MP+SD,1.0,1,218,0.0
tier3_iso,2022,54321,208,S+MP+SD,1.0,1,198,0.0
tier3_iso,2022,54321,209,M+S+MP+SD,1.0,1,266,0.0
tier3_iso,2022,54321,210,L+S+MP+SD,1.0,1,214,0.0
tier3_iso,2022,54321,211,M+L+S+MP+SD,1.0,1,282,0.0
tier3_iso,2022,54321,212,C+S+MP+SD,1.0,1,222,0.0
tier3_iso,2022,54321,213,M+C+S+MP+SD,1.0,1,290,0.0
tier3_iso,2022,54321,214,L+C+S+MP+SD,1.0,1,238,0.0
tier3_iso,2022,54321,215,M+L+C+S+MP+SD,1.0,1,306,0.0
tier3_iso,2022,54321,216,KD+S+MP+SD,1.0,1,217,0.0
tier3_iso,2022,54321,217,M+KD+S+MP+SD,1.0,1,285,0.0
tier3_iso,2022,54321,218,L+KD+S+MP+SD,1.0,1,233,0.0
tier3_iso,2022,54321,219,M+L+KD+S+MP+SD,1.0,1,301,0.0
tier3_iso,2022,54321,220,C+KD+S+MP+SD,1.0,1,241,0.0
tier3_iso,2022,54321,221,M+C+KD+S+MP+SD,1.0,1,309,0.0
tier3_iso,2022,54321,222,L+C+KD+S+MP+SD,1.0,1,257,0.0
tier3_iso,2022,54321,223,M+L+C+KD+S+MP+SD,1.0,1,325,0.0
tier3_iso,2022,54321,224,V+MP+SD,0.0,0,115,0.0
tier3_iso,2022,54321,225,M+V+MP+SD,0.79745,1,183,0.041026502500000006
tier3_iso,2022,54321,226,L+V+MP+SD,0.0,0,131,0.0
tier3_iso,2022,54321,227,M+L+V+MP+SD,1.0,1,199,0.0
tier3_iso,2022,54321,228,C+V+MP+SD,0.0,0,139,0.0
tier3_iso,2022,54321,229,M+C+V+MP+SD,1.0,1,207,0.0
tier3_iso,2022,54321,230,L+C+V+MP+SD,0.0,0,155,0.0
tier3_iso,2022,54321,231,M+L+C+V+MP+SD,1.0,1,223,0.0
tier3_iso,2022,54321,232,KD+V+MP+SD,0.0,0,134,0.0
tier3_iso,2022,54321,233,M+KD+V+MP+SD,1.0,1,202,0.0
tier3_iso,2022,54321,234,L+KD+V+MP+SD,0.0,0,150,0.0
tier3_iso,2022,54321,235,M+L+KD+V+MP+SD,1.0,1,218,0.0
tier3_iso,2022,54321,236,C+KD+V+MP+SD,0.0,0,158,0.0
tier3_iso,2022,54321,237,M+C+KD+V+MP+SD,1.0,1,226,0.0
tier3_iso,2022,54321,238,L+C+KD+V+MP+SD,1.0,0,174,1.0
tier3_iso,2022,54321,239,M+L+C+KD+V+MP+SD,1.0,1,242,0.0
tier3_iso,2022,54321,240,S+V+MP+SD,1.0,1,222,0.0
tier3_iso,2022,54321,241,M+S+V+MP+SD,1.0,1,290,0.0
tier3_iso,2022,54321,242,L+S+V+MP+SD,1.0,1,238,0.0
tier3_iso,2022,54321,243,M+L+S+V+MP+SD,1.0,1,306,0.0
tier3_iso,2022,54321,244,C+S+V+MP+SD,1.0,1,246,0.0
tier3_iso,2022,54321,245,M+C+S+V+MP+SD,1.0,1,314,0.0
tier3_iso,2022,54321,246,L+C+S+V+MP+SD,1.0,1,262,0.0
tier3_iso,2022,54321,247,M+L+C+S+V+MP+SD,1.0,1,330,0.0
tier3_iso,2022,54321,248,KD+S+V+MP+SD,1.0,1,241,0.0
tier3_iso,2022,54321,249,M+KD+S+V+MP+SD,1.0,1,309,0.0
tier3_iso,2022,54321,250,L+KD+S+V+MP+SD,1.0,1,257,0.0
tier3_iso,2022,54321,251,M+L+KD+S+V+MP+SD,1.0,1,325,0.0
tier3_iso,2022,54321,252,C+KD+S+V+MP+SD,1.0,1,265,0.0
tier3_iso,2022,54321,253,M+C+KD+S+V+MP+SD,1.0,1,333,0.0
tier3_iso,2022,54321,254,L+C+KD+S+V+MP+SD,1.0,1,281,0.0
tier3_iso,2022,13579,1,M,0.0,0,68,0.0
tier3_iso,2022,13579,2,L,0.0,0,16,0.0
tier3_iso,2022,13579,3,M+L,0.0,0,84,0.0
tier3_iso,2022,13579,4,C,0.0,0,24,0.0
tier3_iso,2022,13579,5,M+C,0.0,0,92,0.0
tier3_iso,2022,13579,6,L+C,0.0,0,40,0.0
tier3_iso,2022,13579,7,M+L+C,0.0,0,108,0.0
tier3_iso,2022,13579,8,KD,0.0,0,19,0.0
tier3_iso,2022,13579,9,M+KD,0.0,0,87,0.0
tier3_iso,2022,13579,10,L+KD,0.0,0,35,0.0
tier3_iso,2022,13579,11,M+L+KD,0.0,0,103,0.0
tier3_iso,2022,13579,12,C+KD,0.0,0,43,0.0
tier3_iso,2022,13579,13,M+C+KD,0.0,0,111,0.0
tier3_iso,2022,13579,14,L+C+KD,0.0,0,59,0.0
tier3_iso,2022,13579,15,M+L+C+KD,0.0,0,127,0.0
tier3_iso,2022,13579,16,S,0.0,0,107,0.0
tier3_iso,2022,13579,17,M+S,0.0,1,175,1.0
tier3_iso,2022,13579,18,L+S,0.0,0,123,0.0
tier3_iso,2022,13579,19,M+L+S,1.0,1,191,0.0
tier3_iso,2022,13579,20,C+S,0.0,0,131,0.0
tier3_iso,2022,13579,21,M+C+S,1.0,1,199,0.0
tier3_iso,2022,13579,22,L+C+S,0.0,0,147,0.0
tier3_iso,2022,13579,23,M+L+C+S,1.0,1,215,0.0
tier3_iso,2022,13579,24,KD+S,0.0,0,126,0.0
tier3_iso,2022,13579,25,M+KD+S,1.0,1,194,0.0
tier3_iso,2022,13579,26,L+KD+S,0.0,0,142,0.0
tier3_iso,2022,13579,27,M+L+KD+S,1.0,1,210,0.0
tier3_iso,2022,13579,28,C+KD+S,0.0,0,150,0.0
tier3_iso,2022,13579,29,M+C+KD+S,1.0,1,218,0.0
tier3_iso,2022,13579,30,L+C+KD+S,0.20305,0,166,0.0412293025
tier3_iso,2022,13579,31,M+L+C+KD+S,1.0,1,234,0.0
tier3_iso,2022,13579,32,V,0.0,0,24,0.0
tier3_iso,2022,13579,33,M+V,0.0,0,92,0.0
tier3_iso,2022,13579,34,L+V,0.0,0,40,0.0
tier3_iso,2022,13579,35,M+L+V,0.0,0,108,0.0
tier3_iso,2022,13579,36,C+V,0.0,0,48,0.0
tier3_iso,2022,13579,37,M+C+V,0.0,0,116,0.0
tier3_iso,2022,13579,38,L+C+V,0.0,0,64,0.0
tier3_iso,2022,13579,39,M+L+C+V,0.0,0,132,0.0
tier3_iso,2022,13579,40,KD+V,0.0,0,43,0.0
tier3_iso,2022,13579,41,M+KD+V,0.0,0,111,0.0
tier3_iso,2022,13579,42,L+KD+V,0.0,0,59,0.0
tier3_iso,2022,13579,43,M+L+KD+V,0.0,0,127,0.0
tier3_iso,2022,13579,44,C+KD+V,0.0,0,67,0.0
tier3_iso,2022,13579,45,M+C+KD+V,0.0,0,135,0.0
tier3_iso,2022,13579,46,L+C+KD+V,0.0,0,83,0.0
tier3_iso,2022,13579,47,M+L+C+KD+V,0.0,0,151,0.0
tier3_iso,2022,13579,48,S+V,0.0,0,131,0.0
tier3_iso,2022,13579,49,M+S+V,1.0,1,199,0.0
tier3_iso,2022,13579,50,L+S+V,0.0,0,147,0.0
tier3_iso,2022,13579,51,M+L+S+V,1.0,1,215,0.0
tier3_iso,2022,13579,52,C+S+V,0.0,0,155,0.0
tier3_iso,2022,13579,53,M+C+S+V,1.0,1,223,0.0
tier3_iso,2022,13579,54,L+C+S+V,0.20305,0,171,0.0412293025
tier3_iso,2022,13579,55,M+L+C+S+V,1.0,1,239,0.0
tier3_iso,2022,13579,56,KD+S+V,0.0,0,150,0.0
tier3_iso,2022,13579,57,M+KD+S+V,1.0,1,218,0.0
tier3_iso,2022,13579,58,L+KD+S+V,0.0,0,166,0.0
tier3_iso,2022,13579,59,M+L+KD+S+V,1.0,1,234,0.0
tier3_iso,2022,13579,60,C+KD+S+V,0.80135,0,174,0.6421618225
tier3_iso,2022,13579,61,M+C+KD+S+V,1.0,1,242,0.0
tier3_iso,2022,13579,62,L+C+KD+S+V,1.0,1,190,0.0
tier3_iso,2022,13579,63,M+L+C+KD+S+V,1.0,1,258,0.0
tier3_iso,2022,13579,64,MP,0.0,0,18,0.0
tier3_iso,2022,13579,65,M+MP,0.0,0,86,0.0
tier3_iso,2022,13579,66,L+MP,0.0,0,34,0.0
tier3_iso,2022,13579,67,M+L+MP,0.0,0,102,0.0
tier3_iso,2022,13579,68,C+MP,0.0,0,42,0.0
tier3_iso,2022,13579,69,M+C+MP,0.0,0,110,0.0
tier3_iso,2022,13579,70,L+C+MP,0.0,0,58,0.0
tier3_iso,2022,13579,71,M+L+C+MP,0.0,0,126,0.0
tier3_iso,2022,13579,72,KD+MP,0.0,0,37,0.0
tier3_iso,2022,13579,73,M+KD+MP,0.0,0,105,0.0
tier3_iso,2022,13579,74,L+KD+MP,0.0,0,53,0.0
tier3_iso,2022,13579,75,M+L+KD+MP,0.0,0,121,0.0
tier3_iso,2022,13579,76,C+KD+MP,0.0,0,61,0.0
tier3_iso,2022,13579,77,M+C+KD+MP,0.0,0,129,0.0
tier3_iso,2022,13579,78,L+C+KD+MP,0.0,0,77,0.0
tier3_iso,2022,13579,79,M+L+C+KD+MP,0.0,0,145,0.0
tier3_iso,2022,13579,80,S+MP,0.0,0,125,0.0
tier3_iso,2022,13579,81,M+S+MP,1.0,1,193,0.0
tier3_iso,2022,13579,82,L+S+MP,0.0,0,141,0.0
tier3_iso,2022,13579,83,M+L+S+MP,1.0,1,209,0.0
tier3_iso,2022,13579,84,C+S+MP,0.0,0,149,0.0
tier3_iso,2022,13579,85,M+C+S+MP,1.0,1,217,0.0
tier3_iso,2022,13579,86,L+C+S+MP,0.20305,0,165,0.0412293025
tier3_iso,2022,13579,87,M+L+C+S+MP,1.0,1,233,0.0
tier3_iso,2022,13579,88,KD+S+MP,0.0,0,144,0.0
tier3_iso,2022,13579,89,M+KD+S+MP,1.0,1,212,0.0
tier3_iso,2022,13579,90,L+KD+S+MP,0.0,0,160,0.0
tier3_iso,2022,13579,91,M+L+KD+S+MP,1.0,1,228,0.0
tier3_iso,2022,13579,92,C+KD+S+MP,0.20305,0,168,0.0412293025
tier3_iso,2022,13579,93,M+C+KD+S+MP,1.0,1,236,0.0
tier3_iso,2022,13579,94,L+C+KD+S+MP,1.0,1,184,0.0
tier3_iso,2022,13579,95,M+L+C+KD+S+MP,1.0,1,252,0.0
tier3_iso,2022,13579,96,V+MP,0.0,0,42,0.0
tier3_iso,2022,13579,97,M+V+MP,0.0,0,110,0.0
tier3_iso,2022,13579,98,L+V+MP,0.0,0,58,0.0
tier3_iso,2022,13579,99,M+L+V+MP,0.0,0,126,0.0
tier3_iso,2022,13579,100,C+V+MP,0.0,0,66,0.0
tier3_iso,2022,13579,101,M+C+V+MP,0.0,0,134,0.0
tier3_iso,2022,13579,102,L+C+V+MP,0.0,0,82,0.0
tier3_iso,2022,13579,103,M+L+C+V+MP,0.0,0,150,0.0
tier3_iso,2022,13579,104,KD+V+MP,0.0,0,61,0.0
tier3_iso,2022,13579,105,M+KD+V+MP,0.0,0,129,0.0
tier3_iso,2022,13579,106,L+KD+V+MP,0.0,0,77,0.0
tier3_iso,2022,13579,107,M+L+KD+V+MP,0.0,0,145,0.0
tier3_iso,2022,13579,108,C+KD+V+MP,0.0,0,85,0.0
tier3_iso,2022,13579,109,M+C+KD+V+MP,0.0,0,153,0.0
tier3_iso,2022,13579,110,L+C+KD+V+MP,0.0,0,101,0.0
tier3_iso,2022,13579,111,M+L+C+KD+V+MP,0.5983,0,169,0.3579628900000001
tier3_iso,2022,13579,112,S+V+MP,0.0,0,149,0.0
tier3_iso,2022,13579,113,M+S+V+MP,1.0,1,217,0.0
tier3_iso,2022,13579,114,L+S+V+MP,0.20305,0,165,0.0412293025
tier3_iso,2022,13579,115,M+L+S+V+MP,1.0,1,233,0.0
tier3_iso,2022,13579,116,C+S+V+MP,0.6004,0,173,0.36048016000000005
tier3_iso,2022,13579,117,M+C+S+V+MP,1.0,1,241,0.0
tier3_iso,2022,13579,118,L+C+S+V+MP,1.0,1,189,0.0
tier3_iso,2022,13579,119,M+L+C+S+V+MP,1.0,1,257,0.0
tier3_iso,2022,13579,120,KD+S+V+MP,0.0,0,168,0.0
tier3_iso,2022,13579,121,M+KD+S+V+MP,1.0,1,236,0.0
tier3_iso,2022,13579,122,L+KD+S+V+MP,1.0,1,184,0.0
tier3_iso,2022,13579,123,M+L+KD+S+V+MP,1.0,1,252,0.0
tier3_iso,2022,13579,124,C+KD+S+V+MP,1.0,1,192,0.0
tier3_iso,2022,13579,125,M+C+KD+S+V+MP,1.0,1,260,0.0
tier3_iso,2022,13579,126,L+C+KD+S+V+MP,1.0,1,208,0.0
tier3_iso,2022,13579,127,M+L+C+KD+S+V+MP,1.0,1,276,0.0
tier3_iso,2022,13579,128,SD,0.0,0,73,0.0
tier3_iso,2022,13579,129,M+SD,0.0,0,141,0.0
tier3_iso,2022,13579,130,L+SD,0.0,0,89,0.0
tier3_iso,2022,13579,131,M+L+SD,0.0,0,157,0.0
tier3_iso,2022,13579,132,C+SD,0.0,0,97,0.0
tier3_iso,2022,13579,133,M+C+SD,0.0,0,165,0.0
tier3_iso,2022,13579,134,L+C+SD,0.0,0,113,0.0
tier3_iso,2022,13579,135,M+L+C+SD,1.0,1,181,0.0
tier3_iso,2022,13579,136,KD+SD,0.0,0,92,0.0
tier3_iso,2022,13579,137,M+KD+SD,0.0,0,160,0.0
tier3_iso,2022,13579,138,L+KD+SD,0.0,0,108,0.0
tier3_iso,2022,13579,139,M+L+KD+SD,0.3996,1,176,0.36048016000000005
tier3_iso,2022,13579,140,C+KD+SD,0.0,0,116,0.0
tier3_iso,2022,13579,141,M+C+KD+SD,0.79695,1,184,0.04122930249999998
tier3_iso,2022,13579,142,L+C+KD+SD,0.0,0,132,0.0
tier3_iso,2022,13579,143,M+L+C+KD+SD,1.0,1,200,0.0
tier3_iso,2022,13579,144,S+SD,0.4017,1,180,0.3579628900000001
tier3_iso,2022,13579,145,M+S+SD,1.0,1,248,0.0
tier3_iso,2022,13579,146,L+S+SD,1.0,1,196,0.0
tier3_iso,2022,13579,147,M+L+S+SD,1.0,1,264,0.0
tier3_iso,2022,13579,148,C+S+SD,1.0,1,204,0.0
tier3_iso,2022,13579,149,M+C+S+SD,1.0,1,272,0.0
tier3_iso,2022,13579,150,L+C+S+SD,1.0,1,220,0.0
tier3_iso,2022,13579,151,M+L+C+S+SD,1.0,1,288,0.0
tier3_iso,2022,13579,152,KD+S+SD,1.0,1,199,0.0
tier3_iso,2022,13579,153,M+KD+S+SD,1.0,1,267,0.0
tier3_iso,2022,13579,154,L+KD+S+SD,1.0,1,215,0.0
tier3_iso,2022,13579,155,M+L+KD+S+SD,1.0,1,283,0.0
tier3_iso,2022,13579,156,C+KD+S+SD,1.0,1,223,0.0
tier3_iso,2022,13579,157,M+C+KD+S+SD,1.0,1,291,0.0
tier3_iso,2022,13579,158,L+C+KD+S+SD,1.0,1,239,0.0
tier3_iso,2022,13579,159,M+L+C+KD+S+SD,1.0,1,307,0.0
tier3_iso,2022,13579,160,V+SD,0.0,0,97,0.0
tier3_iso,2022,13579,161,M+V+SD,0.0,0,165,0.0
tier3_iso,2022,13579,162,L+V+SD,0.0,0,113,0.0
tier3_iso,2022,13579,163,M+L+V+SD,0.79695,1,181,0.04122930249999998
tier3_iso,2022,13579,164,C+V+SD,0.0,0,121,0.0
tier3_iso,2022,13579,165,M+C+V+SD,1.0,1,189,0.0
tier3_iso,2022,13579,166,L+C+V+SD,0.0,0,137,0.0
tier3_iso,2022,13579,167,M+L+C+V+SD,1.0,1,205,0.0
tier3_iso,2022,13579,168,KD+V+SD,0.0,0,116,0.0
tier3_iso,2022,13579,169,M+KD+V+SD,0.79695,1,184,0.04122930249999998
tier3_iso,2022,13579,170,L+KD+V+SD,0.0,0,132,0.0
tier3_iso,2022,13579,171,M+L+KD+V+SD,1.0,1,200,0.0
tier3_iso,2022,13579,172,C+KD+V+SD,0.0,0,140,0.0
tier3_iso,2022,13579,173,M+C+KD+V+SD,1.0,1,208,0.0
tier3_iso,2022,13579,174,L+C+KD+V+SD,0.0,0,156,0.0
tier3_iso,2022,13579,175,M+L+C+KD+V+SD,1.0,1,224,0.0
tier3_iso,2022,13579,176,S+V+SD,1.0,1,204,0.0
tier3_iso,2022,13579,177,M+S+V+SD,1.0,1,272,0.0
tier3_iso,2022,13579,178,L+S+V+SD,1.0,1,220,0.0
tier3_iso,2022,13579,179,M+L+S+V+SD,1.0,1,288,0.0
tier3_iso,2022,13579,180,C+S+V+SD,1.0,1,228,0.0
tier3_iso,2022,13579,181,M+C+S+V+SD,1.0,1,296,0.0
tier3_iso,2022,13579,182,L+C+S+V+SD,1.0,1,244,0.0
tier3_iso,2022,13579,183,M+L+C+S+V+SD,1.0,1,312,0.0
tier3_iso,2022,13579,184,KD+S+V+SD,1.0,1,223,0.0
tier3_iso,2022,13579,185,M+KD+S+V+SD,1.0,1,291,0.0
tier3_iso,2022,13579,186,L+KD+S+V+SD,1.0,1,239,0.0
tier3_iso,2022,13579,187,M+L+KD+S+V+SD,1.0,1,307,0.0
tier3_iso,2022,13579,188,C+KD+S+V+SD,1.0,1,247,0.0
tier3_iso,2022,13579,189,M+C+KD+S+V+SD,1.0,1,315,0.0
tier3_iso,2022,13579,190,L+C+KD+S+V+SD,1.0,1,263,0.0
tier3_iso,2022,13579,191,M+L+C+KD+S+V+SD,1.0,1,331,0.0
tier3_iso,2022,13579,192,MP+SD,0.0,0,91,0.0
tier3_iso,2022,13579,193,M+MP+SD,0.0,0,159,0.0
tier3_iso,2022,13579,194,L+MP+SD,0.0,0,107,0.0
tier3_iso,2022,13579,195,M+L+MP+SD,0.19865,1,175,0.6421618225
tier3_iso,2022,13579,196,C+MP+SD,0.0,0,115,0.0
tier3_iso,2022,13579,197,M+C+MP+SD,1.0,1,183,0.0
tier3_iso,2022,13579,198,L+C+MP+SD,0.0,0,131,0.0
tier3_iso,2022,13579,199,M+L+C+MP+SD,1.0,1,199,0.0
tier3_iso,2022,13579,200,KD+MP+SD,0.0,0,110,0.0
tier3_iso,2022,13579,201,M+KD+MP+SD,0.79695,1,178,0.04122930249999998
tier3_iso,2022,13579,202,L+KD+MP+SD,0.0,0,126,0.0
tier3_iso,2022,13579,203,M+L+KD+MP+SD,1.0,1,194,0.0
tier3_iso,2022,13579,204,C+KD+MP+SD,0.0,0,134,0.0
tier3_iso,2022,13579,205,M+C+KD+MP+SD,1.0,1,202,0.0
tier3_iso,2022,13579,206,L+C+KD+MP+SD,0.0,0,150,0.0
tier3_iso,2022,13579,207,M+L+C+KD+MP+SD,1.0,1,218,0.0
tier3_iso,2022,13579,208,S+MP+SD,1.0,1,198,0.0
tier3_iso,2022,13579,209,M+S+MP+SD,1.0,1,266,0.0
tier3_iso,2022,13579,210,L+S+MP+SD,1.0,1,214,0.0
tier3_iso,2022,13579,211,M+L+S+MP+SD,1.0,1,282,0.0
tier3_iso,2022,13579,212,C+S+MP+SD,1.0,1,222,0.0
tier3_iso,2022,13579,213,M+C+S+MP+SD,1.0,1,290,0.0
tier3_iso,2022,13579,214,L+C+S+MP+SD,1.0,1,238,0.0
tier3_iso,2022,13579,215,M+L+C+S+MP+SD,1.0,1,306,0.0
tier3_iso,2022,13579,216,KD+S+MP+SD,1.0,1,217,0.0
tier3_iso,2022,13579,217,M+KD+S+MP+SD,1.0,1,285,0.0
tier3_iso,2022,13579,218,L+KD+S+MP+SD,1.0,1,233,0.0
tier3_iso,2022,13579,219,M+L+KD+S+MP+SD,1.0,1,301,0.0
tier3_iso,2022,13579,220,C+KD+S+MP+SD,1.0,1,241,0.0
tier3_iso,2022,13579,221,M+C+KD+S+MP+SD,1.0,1,309,0.0
tier3_iso,2022,13579,222,L+C+KD+S+MP+SD,1.0,1,257,0.0
tier3_iso,2022,13579,223,M+L+C+KD+S+MP+SD,1.0,1,325,0.0
tier3_iso,2022,13579,224,V+MP+SD,0.0,0,115,0.0
tier3_iso,2022,13579,225,M+V+MP+SD,0.79695,1,183,0.04122930249999998
tier3_iso,2022,13579,226,L+V+MP+SD,0.0,0,131,0.0
tier3_iso,2022,13579,227,M+L+V+MP+SD,1.0,1,199,0.0
tier3_iso,2022,13579,228,C+V+MP+SD,0.0,0,139,0.0
tier3_iso,2022,13579,229,M+C+V+MP+SD,1.0,1,207,0.0
tier3_iso,2022,13579,230,L+C+V+MP+SD,0.0,0,155,0.0
tier3_iso,2022,13579,231,M+L+C+V+MP+SD,1.0,1,223,0.0
tier3_iso,2022,13579,232,KD+V+MP+SD,0.0,0,134,0.0
tier3_iso,2022,13579,233,M+KD+V+MP+SD,1.0,1,202,0.0
tier3_iso,2022,13579,234,L+KD+V+MP+SD,0.0,0,150,0.0
tier3_iso,2022,13579,235,M+L+KD+V+MP+SD,1.0,1,218,0.0
tier3_iso,2022,13579,236,C+KD+V+MP+SD,0.0,0,158,0.0
tier3_iso,2022,13579,237,M+C+KD+V+MP+SD,1.0,1,226,0.0
tier3_iso,2022,13579,238,L+C+KD+V+MP+SD,1.0,0,174,1.0
tier3_iso,2022,13579,239,M+L+C+KD+V+MP+SD,1.0,1,242,0.0
tier3_iso,2022,13579,240,S+V+MP+SD,1.0,1,222,0.0
tier3_iso,2022,13579,241,M+S+V+MP+SD,1.0,1,290,0.0
tier3_iso,2022,13579,242,L+S+V+MP+SD,1.0,1,238,0.0
tier3_iso,2022,13579,243,M+L+S+V+MP+SD,1.0,1,306,0.0
tier3_iso,2022,13579,244,C+S+V+MP+SD,1.0,1,246,0.0
tier3_iso,2022,13579,245,M+C+S+V+MP+SD,1.0,1,314,0.0
tier3_iso,2022,13579,246,L+C+S+V+MP+SD,1.0,1,262,0.0
tier3_iso,2022,13579,247,M+L+C+S+V+MP+SD,1.0,1,330,0.0
tier3_iso,2022,13579,248,KD+S+V+MP+SD,1.0,1,241,0.0
tier3_iso,2022,13579,249,M+KD+S+V+MP+SD,1.0,1,309,0.0
tier3_iso,2022,13579,250,L+KD+S+V+MP+SD,1.0,1,257,0.0
tier3_iso,2022,13579,251,M+L+KD+S+V+MP+SD,1.0,1,325,0.0
tier3_iso,2022,13579,252,C+KD+S+V+MP+SD,1.0,1,265,0.0
tier3_iso,2022,13579,253,M+C+KD+S+V+MP+SD,1.0,1,333,0.0
tier3_iso,2022,13579,254,L+C+KD+S+V+MP+SD,1.0,1,281,0.0
