date,V_p5,V_p50,V_p95,S_p5,S_p50,S_p95,MP_p5,MP_p50,MP_p95,C_p5,C_p50,C_p95,L_p5,L_p50,L_p95,M_p5,M_p50,M_p95,KD_p5,KD_p50,KD_p95,SD_p5,SD_p50,SD_p95
1994-01-02,0.0344,0.041,0.0495,0.4756,0.5055,0.5328,0.026,0.0326,0.0398,0.0675,0.0763,0.0856,0.0547,0.0635,0.0724,0.1842,0.2048,0.2254,0.0435,0.0525,0.0635,0.002,0.0031,0.0047
1994-01-09,0.035,0.0412,0.0489,0.4822,0.506,0.5277,0.0263,0.0326,0.0395,0.0685,0.0763,0.085,0.0556,0.0634,0.0714,0.1879,0.2048,0.2227,0.0441,0.0526,0.0624,0.002,0.0031,0.0046
1994-01-16,0.0356,0.0411,0.0479,0.4883,0.5048,0.5225,0.0269,0.0326,0.0387,0.0695,0.0764,0.0838,0.0563,0.0634,0.0703,0.1916,0.2049,0.2187,0.0453,0.0528,0.0609,0.002,0.003,0.0045
1994-01-23,0.0359,0.0414,0.0473,0.4901,0.5048,0.519,0.0274,0.0327,0.0381,0.0703,0.0766,0.0838,0.0569,0.0633,0.0695,0.1944,0.2059,0.2165,0.0455,0.0523,0.0593,0.0021,0.003,0.0045
1994-01-30,0.0361,0.0413,0.0469,0.4889,0.5037,0.5178,0.0275,0.0327,0.0378,0.0714,0.0775,0.0842,0.0573,0.0635,0.0697,0.1946,0.2064,0.2182,0.0452,0.0513,0.0582,0.002,0.003,0.0046
1994-02-06,0.0367,0.0418,0.0468,0.4887,0.5015,0.5151,0.0276,0.0328,0.0378,0.0726,0.0784,0.0851,0.0578,0.0638,0.0696,0.1973,0.2075,0.2178,0.045,0.0508,0.0574,0.0021,0.003,0.0045
1994-02-13,0.0369,0.042,0.0474,0.4875,0.4995,0.5117,0.0278,0.0329,0.0381,0.073,0.0791,0.0856,0.0586,0.0644,0.0699,0.1986,0.209,0.2187,0.0444,0.0501,0.0561,0.0021,0.003,0.0044
1994-02-20,0.0373,0.0424,0.0476,0.4844,0.4971,0.5098,0.028,0.0331,0.0383,0.0732,0.0795,0.086,0.0593,0.0652,0.0716,0.1995,0.21,0.2211,0.0439,0.0496,0.0556,0.0021,0.003,0.0044
1994-02-27,0.0375,0.0431,0.0487,0.4785,0.4939,0.5089,0.0282,0.0335,0.039,0.0734,0.0797,0.0869,0.0599,0.0662,0.0729,0.1995,0.2113,0.2233,0.0429,0.0492,0.0553,0.0021,0.003,0.0043
1994-03-06,0.0382,0.0436,0.0492,0.4766,0.4916,0.5075,0.0282,0.0336,0.0392,0.0738,0.0801,0.0872,0.061,0.0671,0.0738,0.1999,0.2124,0.2235,0.0424,0.0483,0.0547,0.0021,0.0029,0.0043
1994-03-13,0.0383,0.0438,0.0495,0.4765,0.4899,0.505,0.0288,0.0336,0.0392,0.0744,0.0804,0.0878,0.0618,0.0681,0.0742,0.2022,0.2132,0.2242,0.0413,0.0477,0.0538,0.0021,0.0029,0.0042
1994-03-20,0.0385,0.0437,0.0492,0.4744,0.4893,0.5047,0.0284,0.0335,0.0393,0.0746,0.0806,0.0878,0.0619,0.0688,0.0752,0.2025,0.214,0.2265,0.0405,0.0467,0.0531,0.002,0.0029,0.0042
1994-03-27,0.0377,0.0434,0.0494,0.4739,0.4903,0.509,0.0279,0.0331,0.039,0.0743,0.0808,0.0882,0.062,0.0689,0.0761,0.2009,0.214,0.2285,0.0395,0.0458,0.0531,0.002,0.0029,0.0041
1994-04-03,0.0372,0.0429,0.0494,0.4731,0.4921,0.5099,0.0276,0.0326,0.0389,0.074,0.0807,0.0883,0.062,0.0694,0.0768,0.1994,0.2141,0.2301,0.0388,0.0449,0.0521,0.002,0.0028,0.004
1994-04-10,0.0371,0.0426,0.049,0.475,0.4931,0.5113,0.0271,0.0324,0.0385,0.0741,0.0807,0.0882,0.0625,0.0696,0.0767,0.2003,0.2143,0.2298,0.0381,0.0442,0.0512,0.002,0.0028,0.0039
1994-04-17,0.0371,0.0423,0.0478,0.4796,0.494,0.5103,0.0271,0.032,0.0375,0.0746,0.0809,0.0882,0.0631,0.07,0.0766,0.2023,0.2144,0.2275,0.0381,0.0434,0.0497,0.002,0.0028,0.0039
1994-04-24,0.0372,0.0421,0.0472,0.4838,0.4969,0.5102,0.0268,0.0315,0.0367,0.0746,0.0803,0.0869,0.0638,0.0702,0.0764,0.2035,0.2143,0.2251,0.0376,0.0426,0.0484,0.002,0.0028,0.0038
1994-05-01,0.0381,0.0431,0.0481,0.4821,0.4956,0.5084,0.0272,0.0317,0.0367,0.0738,0.0796,0.0859,0.0632,0.0699,0.0761,0.2051,0.2156,0.2262,0.0371,0.0426,0.0482,0.002,0.0027,0.0038
1994-05-08,0.0399,0.0446,0.0495,0.4788,0.4913,0.5046,0.0277,0.0322,0.0371,0.0731,0.0789,0.085,0.0629,0.0696,0.0755,0.2077,0.2181,0.2299,0.0376,0.0428,0.048,0.002,0.0028,0.0038
1994-05-15,0.0411,0.0458,0.0507,0.4788,0.4913,0.5041,0.0281,0.0325,0.0375,0.0722,0.0776,0.0831,0.0628,0.0689,0.0746,0.208,0.2183,0.2288,0.038,0.0432,0.0492,0.002,0.0027,0.0037
1994-05-22,0.0412,0.0463,0.0516,0.4822,0.4946,0.5069,0.0283,0.0327,0.0379,0.0705,0.076,0.0817,0.0623,0.068,0.0739,0.2055,0.2158,0.2261,0.0389,0.0443,0.0498,0.0021,0.0027,0.0037
1994-05-29,0.0407,0.0463,0.0519,0.4837,0.4994,0.5137,0.028,0.0325,0.0382,0.0689,0.0747,0.0805,0.0607,0.0669,0.0733,0.2022,0.2133,0.2249,0.0388,0.0448,0.0513,0.0021,0.0027,0.0036
1994-06-05,0.0402,0.0465,0.0526,0.4829,0.4999,0.5178,0.0276,0.0326,0.0386,0.067,0.0736,0.0802,0.0599,0.0664,0.0732,0.2013,0.2141,0.2268,0.0381,0.0445,0.0515,0.0021,0.0027,0.0036
1994-06-12,0.0406,0.0466,0.053,0.4848,0.5016,0.5178,0.0276,0.0328,0.0386,0.0663,0.0729,0.0795,0.0587,0.0656,0.0732,0.2008,0.2148,0.2285,0.0374,0.044,0.051,0.002,0.0027,0.0035
1994-06-19,0.0409,0.0473,0.0539,0.4816,0.5008,0.519,0.0278,0.0333,0.0391,0.0663,0.0727,0.0796,0.0583,0.0658,0.0733,0.2006,0.2151,0.2306,0.0366,0.0438,0.0511,0.002,0.0026,0.0034
1994-06-26,0.0411,0.0478,0.0549,0.4766,0.4986,0.5205,0.028,0.0339,0.0401,0.0658,0.0731,0.0804,0.0583,0.0662,0.0748,0.1985,0.2147,0.2329,0.036,0.0437,0.0509,0.002,0.0026,0.0034
1994-07-03,0.0411,0.0487,0.0568,0.4726,0.4961,0.5206,0.0281,0.0347,0.0412,0.066,0.0735,0.0815,0.0582,0.0666,0.0749,0.1958,0.2147,0.2335,0.0359,0.0436,0.0516,0.002,0.0026,0.0033
1994-07-10,0.0419,0.0491,0.0572,0.4685,0.4944,0.521,0.0284,0.0352,0.0424,0.0658,0.0742,0.0822,0.0589,0.067,0.0758,0.1953,0.2149,0.2337,0.0357,0.0432,0.0513,0.002,0.0026,0.0033
1994-07-17,0.0423,0.0497,0.0577,0.4664,0.4938,0.5201,0.0296,0.0355,0.0427,0.0665,0.0745,0.0826,0.0594,0.0674,0.0759,0.1946,0.2142,0.236,0.035,0.0429,0.0515,0.0021,0.0026,0.0032
1994-07-24,0.0428,0.0504,0.0586,0.4657,0.4914,0.518,0.03,0.036,0.0433,0.067,0.0749,0.0831,0.0601,0.0679,0.0764,0.1936,0.2147,0.2346,0.0353,0.0425,0.0508,0.0021,0.0026,0.0032
1994-07-31,0.0437,0.0512,0.0595,0.4659,0.4893,0.5152,0.0306,0.0368,0.0436,0.0673,0.0754,0.0832,0.0605,0.0685,0.0768,0.1956,0.214,0.2328,0.0348,0.0422,0.0507,0.0021,0.0026,0.0031
1994-08-07,0.0453,0.0518,0.0591,0.4645,0.4882,0.5111,0.0314,0.0374,0.0435,0.0679,0.0757,0.0835,0.0611,0.069,0.077,0.197,0.2137,0.2323,0.0353,0.0419,0.0494,0.0021,0.0025,0.003
1994-08-14,0.0461,0.0523,0.0593,0.466,0.4867,0.5087,0.0328,0.0381,0.0438,0.0691,0.0761,0.0832,0.0616,0.0693,0.0768,0.1977,0.2133,0.2307,0.0356,0.0417,0.0486,0.0021,0.0025,0.003
1994-08-21,0.0476,0.0529,0.059,0.4689,0.4851,0.5026,0.034,0.0387,0.0443,0.07,0.0764,0.0832,0.0629,0.0696,0.0761,0.2,0.2136,0.2268,0.0356,0.0414,0.0474,0.0021,0.0025,0.0029
1994-08-28,0.0494,0.0547,0.0604,0.4622,0.4794,0.4962,0.0362,0.0406,0.0462,0.0708,0.0765,0.0825,0.064,0.0703,0.0759,0.2032,0.2152,0.2279,0.0362,0.0414,0.0468,0.0022,0.0025,0.0028
1994-09-04,0.0519,0.0571,0.0623,0.4546,0.4701,0.4861,0.0392,0.0441,0.0488,0.0714,0.0764,0.0815,0.0657,0.0709,0.0757,0.2053,0.2179,0.2306,0.0368,0.0412,0.0459,0.0023,0.0025,0.0028
1994-09-11,0.0557,0.0596,0.0638,0.447,0.4606,0.4739,0.0436,0.0474,0.0515,0.0727,0.0765,0.0799,0.0671,0.0712,0.075,0.2112,0.2208,0.2304,0.0378,0.0411,0.0447,0.0023,0.0025,0.0027
1994-09-18,0.0616,0.0616,0.0616,0.4525,0.4525,0.4525,0.0502,0.0502,0.0502,0.0765,0.0765,0.0765,0.0719,0.0719,0.0719,0.2238,0.2238,0.2238,0.0407,0.0407,0.0407,0.0025,0.0025,0.0025
1994-09-25,0.0585,0.0628,0.0671,0.4366,0.4501,0.4642,0.0476,0.0517,0.0559,0.0723,0.0761,0.0801,0.0672,0.0712,0.0751,0.2144,0.2244,0.2343,0.0374,0.0407,0.0442,0.0023,0.0025,0.0027
1994-10-02,0.0579,0.0639,0.07,0.4284,0.4481,0.4671,0.0473,0.0532,0.059,0.0708,0.0759,0.0811,0.0653,0.0704,0.0757,0.2114,0.2246,0.2381,0.0363,0.0407,0.0459,0.0023,0.0025,0.0027
1994-10-09,0.0586,0.0649,0.0719,0.4256,0.4468,0.4677,0.0483,0.0546,0.0615,0.07,0.0756,0.0818,0.0638,0.0695,0.0756,0.2088,0.2249,0.2398,0.0354,0.0407,0.0465,0.0022,0.0025,0.0028
1994-10-16,0.0591,0.0662,0.0734,0.4225,0.4445,0.4674,0.0488,0.0561,0.0641,0.0694,0.0751,0.0817,0.0627,0.0685,0.0754,0.2091,0.2251,0.2413,0.0354,0.0407,0.0467,0.0022,0.0025,0.0028
1994-10-23,0.0598,0.0672,0.0759,0.4189,0.4423,0.4669,0.05,0.0577,0.0657,0.069,0.0749,0.0818,0.0616,0.068,0.0749,0.2083,0.2251,0.2427,0.0352,0.0408,0.0469,0.0021,0.0025,0.0029
1994-10-30,0.0612,0.0685,0.0773,0.418,0.4396,0.4633,0.0516,0.0592,0.068,0.069,0.0747,0.0816,0.0608,0.0673,0.0744,0.2098,0.2253,0.2416,0.0348,0.0407,0.0468,0.0021,0.0025,0.0029
1994-11-06,0.0626,0.0695,0.0775,0.4172,0.4377,0.4599,0.0531,0.061,0.069,0.0685,0.0746,0.0811,0.0605,0.0666,0.0732,0.2109,0.226,0.2417,0.0349,0.0408,0.0472,0.0021,0.0025,0.0029
1994-11-13,0.0647,0.0709,0.0779,0.4174,0.4357,0.4554,0.0553,0.0628,0.0704,0.0687,0.0741,0.0808,0.0597,0.066,0.0724,0.2125,0.226,0.2394,0.0354,0.0408,0.0463,0.002,0.0025,0.003
1994-11-20,0.0666,0.0723,0.0783,0.4209,0.4338,0.4468,0.058,0.0642,0.0707,0.0689,0.0741,0.0792,0.0597,0.0653,0.0709,0.2164,0.2262,0.2359,0.0355,0.0407,0.0459,0.002,0.0025,0.003
1994-11-27,0.0684,0.0742,0.0801,0.4174,0.4291,0.4406,0.06,0.0662,0.0726,0.0685,0.0739,0.0788,0.0591,0.0646,0.0699,0.2188,0.2283,0.2381,0.0356,0.0405,0.0456,0.002,0.0025,0.003
1994-12-04,0.0694,0.076,0.0828,0.4083,0.4247,0.4404,0.0598,0.0668,0.0747,0.0677,0.0737,0.0793,0.0583,0.0643,0.0704,0.2186,0.2308,0.2437,0.0345,0.0399,0.0454,0.002,0.0025,0.0031
1994-12-11,0.0694,0.0769,0.085,0.4046,0.424,0.4439,0.0581,0.0657,0.0746,0.0676,0.0738,0.0799,0.0579,0.0642,0.0713,0.2183,0.2321,0.2465,0.0333,0.0394,0.0455,0.0019,0.0024,0.0031
1994-12-18,0.0695,0.078,0.0871,0.4015,0.4228,0.4455,0.0569,0.0647,0.0741,0.0672,0.0738,0.0802,0.0575,0.0643,0.0714,0.2172,0.2335,0.2487,0.0325,0.0389,0.0453,0.0019,0.0024,0.0031
1994-12-25,0.0704,0.079,0.0887,0.4004,0.4224,0.4445,0.056,0.0641,0.0734,0.0673,0.0737,0.0806,0.0573,0.0641,0.0713,0.2189,0.2346,0.2492,0.0319,0.0384,0.0451,0.0019,0.0024,0.0031
1995-01-01,0.0713,0.0799,0.0892,0.3984,0.4209,0.4429,0.055,0.0633,0.0726,0.0673,0.074,0.0811,0.0571,0.0641,0.0709,0.2195,0.2363,0.2525,0.0315,0.0378,0.0447,0.0019,0.0024,0.0031
1995-01-08,0.0731,0.0813,0.0892,0.3993,0.4202,0.4404,0.055,0.0628,0.0713,0.0676,0.0739,0.0808,0.0569,0.0642,0.0707,0.2229,0.2376,0.2536,0.031,0.0374,0.0443,0.0018,0.0024,0.0031
1995-01-15,0.0751,0.0822,0.0897,0.4028,0.4194,0.4344,0.055,0.0618,0.0687,0.0683,0.0741,0.0807,0.0575,0.0642,0.0702,0.2273,0.2387,0.2518,0.0314,0.0371,0.0428,0.0018,0.0023,0.0031
1995-01-22,0.0777,0.0848,0.0919,0.4004,0.4133,0.4268,0.0555,0.0615,0.0683,0.0688,0.0744,0.0807,0.0586,0.0646,0.0703,0.2311,0.2416,0.2528,0.0313,0.0366,0.0419,0.0018,0.0023,0.0031
1995-01-29,0.0799,0.0872,0.0949,0.3946,0.4094,0.4228,0.0553,0.0613,0.0684,0.0685,0.0746,0.0806,0.0593,0.0658,0.0719,0.2315,0.2424,0.2543,0.0316,0.0367,0.042,0.0018,0.0023,0.0031
1995-02-05,0.0824,0.0894,0.0973,0.3899,0.4055,0.4195,0.0546,0.0609,0.068,0.0689,0.0749,0.0811,0.0602,0.0668,0.0734,0.2307,0.2423,0.2546,0.0318,0.037,0.0424,0.0018,0.0023,0.0031
1995-02-12,0.0848,0.0919,0.0996,0.3889,0.4021,0.4156,0.0548,0.0609,0.0675,0.0692,0.0749,0.0809,0.0611,0.0679,0.074,0.2313,0.2424,0.2525,0.0327,0.0374,0.043,0.0018,0.0023,0.0031
1995-02-19,0.0869,0.0942,0.1015,0.3861,0.3999,0.4133,0.0548,0.0608,0.0678,0.0691,0.0748,0.0807,0.0612,0.068,0.074,0.2312,0.2412,0.2522,0.0328,0.0381,0.0438,0.0018,0.0023,0.0032
1995-02-26,0.0877,0.0961,0.1032,0.3816,0.3972,0.4142,0.0535,0.0606,0.068,0.0687,0.0746,0.0807,0.0615,0.0681,0.0748,0.2295,0.2423,0.2539,0.0326,0.0383,0.0447,0.0017,0.0023,0.0032
1995-03-05,0.0877,0.0968,0.1053,0.3776,0.3964,0.416,0.0527,0.0601,0.0678,0.0685,0.0751,0.0813,0.0613,0.0682,0.0754,0.2282,0.2429,0.2571,0.0321,0.0378,0.0442,0.0017,0.0023,0.0032
1995-03-12,0.0886,0.0976,0.1069,0.3769,0.3945,0.4148,0.052,0.0592,0.0672,0.0689,0.0753,0.0824,0.0608,0.0687,0.0756,0.2293,0.2436,0.258,0.0317,0.0373,0.0438,0.0017,0.0023,0.0032
1995-03-19,0.0901,0.0985,0.1078,0.377,0.3938,0.4103,0.0512,0.0587,0.0669,0.0693,0.0757,0.0827,0.0613,0.0686,0.0757,0.2304,0.2446,0.2585,0.0315,0.037,0.0433,0.0017,0.0023,0.0032
1995-03-26,0.0922,0.1004,0.1098,0.3732,0.3903,0.4073,0.0509,0.0584,0.0666,0.0694,0.0763,0.0833,0.0615,0.0691,0.0763,0.2315,0.2458,0.2604,0.0314,0.0366,0.0431,0.0017,0.0023,0.0032
1995-04-02,0.0938,0.1025,0.1125,0.3683,0.3859,0.4035,0.0506,0.0579,0.066,0.0699,0.077,0.0838,0.0619,0.0695,0.0767,0.233,0.2476,0.2616,0.0308,0.0367,0.0436,0.0016,0.0023,0.0032
1995-04-09,0.0971,0.105,0.1138,0.3653,0.3811,0.3973,0.0511,0.0575,0.0654,0.0707,0.0774,0.0842,0.0622,0.0698,0.0769,0.2355,0.2495,0.2631,0.0308,0.0367,0.0429,0.0016,0.0023,0.0032
1995-04-16,0.1004,0.1086,0.1169,0.3614,0.3747,0.3905,0.0516,0.0576,0.0648,0.0715,0.0777,0.0842,0.063,0.0698,0.0764,0.2397,0.252,0.2637,0.031,0.0367,0.0428,0.0016,0.0023,0.0033
1995-04-23,0.1061,0.1141,0.1218,0.3537,0.3664,0.3797,0.0517,0.0579,0.0643,0.0719,0.0779,0.0843,0.0636,0.0698,0.0757,0.2438,0.2546,0.2662,0.0314,0.0364,0.0421,0.0016,0.0023,0.0033
1995-04-30,0.1139,0.1222,0.1302,0.3421,0.3553,0.3686,0.0526,0.0587,0.0647,0.0729,0.0786,0.0847,0.0636,0.0697,0.0758,0.2441,0.2556,0.2684,0.0316,0.0368,0.0423,0.0016,0.0023,0.0033
1995-05-07,0.1235,0.1321,0.1413,0.3293,0.3424,0.3557,0.054,0.0599,0.066,0.0741,0.0797,0.086,0.0638,0.0694,0.0752,0.2446,0.2561,0.2672,0.0324,0.0372,0.0429,0.0015,0.0023,0.0034
1995-05-14,0.1313,0.1388,0.1462,0.3254,0.3359,0.3462,0.0558,0.061,0.0667,0.0756,0.0805,0.0863,0.0641,0.0692,0.0743,0.2447,0.2541,0.2627,0.0333,0.0379,0.043,0.0015,0.0023,0.0035
1995-05-21,0.1332,0.1407,0.1481,0.3252,0.3358,0.3471,0.0563,0.0614,0.0669,0.0759,0.0809,0.0858,0.0636,0.0688,0.0741,0.2423,0.2513,0.2599,0.0334,0.0381,0.0435,0.0015,0.0023,0.0035
1995-05-28,0.1326,0.1415,0.1508,0.3221,0.336,0.3494,0.0555,0.0617,0.068,0.0755,0.0809,0.0868,0.0628,0.0684,0.0744,0.2391,0.2502,0.2616,0.0331,0.0382,0.0439,0.0015,0.0023,0.0035
1995-06-04,0.1344,0.1435,0.1536,0.3209,0.3343,0.3476,0.0556,0.0618,0.0683,0.0755,0.0809,0.0871,0.0622,0.0683,0.0744,0.2392,0.2501,0.2618,0.0331,0.0381,0.0435,0.0015,0.0023,0.0035
1995-06-11,0.1353,0.1439,0.1527,0.324,0.3362,0.349,0.0562,0.0623,0.0689,0.0753,0.0809,0.0869,0.0619,0.068,0.0742,0.2382,0.2476,0.2581,0.0328,0.0378,0.0435,0.0015,0.0022,0.0035
1995-06-18,0.134,0.1437,0.1537,0.322,0.3364,0.3511,0.0564,0.0632,0.0702,0.0748,0.0809,0.0876,0.061,0.0672,0.074,0.2355,0.2475,0.2595,0.0325,0.0379,0.0441,0.0015,0.0023,0.0035
1995-06-25,0.1307,0.1426,0.1546,0.32,0.338,0.3558,0.0564,0.0644,0.0726,0.074,0.0806,0.0883,0.0597,0.0662,0.0734,0.233,0.2476,0.2615,0.0319,0.0377,0.0443,0.0015,0.0023,0.0035
1995-07-02,0.1268,0.1403,0.1544,0.3195,0.3418,0.3631,0.0564,0.0655,0.0753,0.0731,0.0804,0.0889,0.0583,0.0654,0.0729,0.2297,0.2452,0.2629,0.0314,0.0379,0.0452,0.0014,0.0023,0.0035
1995-07-09,0.1236,0.138,0.154,0.3196,0.3448,0.3676,0.0576,0.0668,0.0774,0.0725,0.0801,0.0898,0.0572,0.0644,0.0725,0.2262,0.2437,0.2617,0.0313,0.038,0.0457,0.0014,0.0022,0.0036
1995-07-16,0.121,0.1365,0.1518,0.3236,0.3483,0.3721,0.0589,0.0683,0.0792,0.0724,0.0799,0.0893,0.0557,0.0634,0.0716,0.2238,0.2422,0.2602,0.0314,0.038,0.0461,0.0014,0.0022,0.0036
1995-07-23,0.1193,0.1342,0.1494,0.3263,0.3517,0.3764,0.0593,0.0695,0.081,0.0714,0.0796,0.0895,0.0544,0.0625,0.0711,0.2225,0.2405,0.2587,0.0312,0.0383,0.0465,0.0014,0.0023,0.0035
1995-07-30,0.1176,0.1323,0.1471,0.3306,0.3549,0.3793,0.0601,0.0709,0.0827,0.0707,0.0793,0.0897,0.0533,0.0616,0.0706,0.221,0.2389,0.2575,0.0312,0.0381,0.0467,0.0014,0.0023,0.0036
1995-08-06,0.1163,0.1299,0.1443,0.3342,0.3579,0.3814,0.0617,0.0726,0.0842,0.0712,0.0792,0.0886,0.0527,0.0605,0.0691,0.219,0.2379,0.2562,0.0311,0.0382,0.0465,0.0014,0.0022,0.0036
1995-08-13,0.1158,0.1277,0.1406,0.3407,0.3613,0.3847,0.0638,0.074,0.0847,0.0708,0.0791,0.0883,0.0518,0.0595,0.0681,0.2183,0.2367,0.2535,0.0317,0.0383,0.0463,0.0014,0.0022,0.0036
1995-08-20,0.1156,0.1257,0.1375,0.3461,0.3649,0.3834,0.0665,0.0753,0.0851,0.0704,0.079,0.0881,0.0511,0.0589,0.0673,0.2183,0.2346,0.25,0.0315,0.0383,0.0457,0.0015,0.0022,0.0036
1995-08-27,0.1153,0.1265,0.1381,0.3436,0.361,0.3804,0.0694,0.0781,0.0882,0.07,0.0779,0.087,0.0503,0.0578,0.0655,0.2215,0.2366,0.2516,0.0315,0.0382,0.0453,0.0014,0.0022,0.0036
1995-09-03,0.1172,0.1293,0.141,0.3338,0.3532,0.3727,0.0731,0.0819,0.092,0.0691,0.0765,0.0853,0.0496,0.0563,0.0636,0.2259,0.2409,0.2561,0.0312,0.0377,0.0451,0.0014,0.0022,0.0037
1995-09-10,0.1205,0.1316,0.1437,0.329,0.3456,0.3631,0.077,0.086,0.0963,0.0682,0.0751,0.0832,0.0485,0.0549,0.0619,0.2289,0.245,0.2585,0.0312,0.0378,0.0441,0.0014,0.0022,0.0037
1995-09-17,0.1206,0.1325,0.1449,0.3233,0.3406,0.3584,0.0801,0.0903,0.1005,0.0672,0.0737,0.0817,0.0474,0.054,0.0609,0.2316,0.2473,0.2621,0.0311,0.0373,0.0443,0.0014,0.0023,0.0037
1995-09-24,0.1201,0.1324,0.1453,0.3164,0.3373,0.3579,0.0834,0.0948,0.1064,0.0658,0.0729,0.0802,0.0463,0.0531,0.0602,0.2322,0.2481,0.265,0.0308,0.0374,0.0444,0.0014,0.0023,0.0038
1995-10-01,0.1196,0.1321,0.1458,0.3119,0.3332,0.3548,0.0877,0.0998,0.1122,0.0647,0.0716,0.0791,0.0449,0.0522,0.0593,0.2334,0.2491,0.2662,0.0308,0.0375,0.045,0.0014,0.0023,0.0039
1995-10-08,0.119,0.1319,0.1448,0.3083,0.3296,0.3518,0.0919,0.1041,0.1164,0.0635,0.0705,0.0781,0.0447,0.0513,0.0583,0.2348,0.2505,0.268,0.0305,0.0375,0.0446,0.0014,0.0023,0.0039
1995-10-15,0.1193,0.1311,0.1448,0.305,0.3264,0.3468,0.097,0.109,0.1209,0.0625,0.0693,0.0762,0.0441,0.0505,0.0571,0.2372,0.2514,0.2675,0.0303,0.0375,0.0447,0.0014,0.0023,0.0039
1995-10-22,0.1203,0.1311,0.1423,0.3056,0.3219,0.3391,0.1035,0.1145,0.1253,0.062,0.0681,0.0745,0.0438,0.0498,0.0559,0.2388,0.2523,0.2666,0.0308,0.0374,0.0441,0.0014,0.0023,0.004
1995-10-29,0.1203,0.1301,0.1401,0.3054,0.3202,0.3366,0.1081,0.1181,0.1284,0.0615,0.0673,0.0735,0.0438,0.0493,0.0548,0.2412,0.2534,0.2658,0.0306,0.0368,0.0432,0.0013,0.0023,0.004
1995-11-05,0.1206,0.1283,0.1363,0.3063,0.3204,0.3339,0.1124,0.121,0.1297,0.0617,0.0666,0.0725,0.044,0.0492,0.0546,0.2432,0.2543,0.2651,0.0303,0.0362,0.042,0.0014,0.0023,0.004
1995-11-12,0.1215,0.1287,0.136,0.3034,0.3158,0.3273,0.1143,0.1216,0.1293,0.0613,0.0663,0.0716,0.0441,0.0491,0.0548,0.2488,0.2593,0.2694,0.0299,0.035,0.0407,0.0013,0.0022,0.004
1995-11-19,0.1238,0.1317,0.1405,0.2947,0.3076,0.3199,0.1129,0.1205,0.1285,0.0607,0.0656,0.0708,0.0445,0.0494,0.0545,0.2563,0.2671,0.2784,0.0287,0.0339,0.0396,0.0013,0.0022,0.004
1995-11-26,0.1251,0.134,0.1433,0.2873,0.3024,0.3175,0.1069,0.1155,0.1254,0.0601,0.0655,0.0713,0.0447,0.0498,0.0553,0.2632,0.2753,0.2886,0.0278,0.0329,0.0388,0.0013,0.0022,0.0039
1995-12-03,0.125,0.1348,0.1448,0.2865,0.3011,0.3166,0.1004,0.1089,0.1186,0.0601,0.0658,0.0714,0.0449,0.0506,0.0561,0.2704,0.2823,0.2956,0.0272,0.0324,0.0378,0.0013,0.0022,0.0039
1995-12-10,0.126,0.1353,0.1451,0.2865,0.3003,0.3156,0.0964,0.105,0.1141,0.0595,0.0656,0.0715,0.045,0.0508,0.0567,0.2742,0.2871,0.3,0.0268,0.0322,0.0379,0.0013,0.0022,0.0039
1995-12-17,0.1256,0.135,0.1457,0.284,0.3001,0.3156,0.0937,0.1031,0.113,0.059,0.065,0.0714,0.0446,0.0506,0.0572,0.2758,0.2899,0.3039,0.0268,0.0323,0.0386,0.0013,0.0022,0.0039
1995-12-24,0.1236,0.1351,0.1477,0.2811,0.2995,0.318,0.093,0.1033,0.1148,0.058,0.0641,0.0709,0.0438,0.0501,0.0572,0.2756,0.2905,0.308,0.0268,0.0326,0.0394,0.0013,0.0022,0.004
1995-12-31,0.1219,0.1352,0.148,0.2796,0.2993,0.321,0.0922,0.104,0.1169,0.0567,0.0632,0.0702,0.0431,0.0496,0.0569,0.2738,0.2909,0.309,0.0273,0.0333,0.0404,0.0013,0.0022,0.004
1996-01-07,0.1213,0.1346,0.1475,0.2798,0.2995,0.3205,0.093,0.105,0.1171,0.0556,0.0624,0.0694,0.0423,0.049,0.0563,0.2733,0.2915,0.3096,0.0277,0.0338,0.0414,0.0013,0.0022,0.004
1996-01-14,0.1221,0.1343,0.1474,0.2806,0.3001,0.3199,0.0936,0.1063,0.12,0.0549,0.0615,0.0684,0.0417,0.0483,0.0554,0.2741,0.2909,0.3095,0.0278,0.0345,0.042,0.0013,0.0022,0.0041
1996-01-21,0.1234,0.1337,0.1459,0.2832,0.2999,0.3183,0.0946,0.1069,0.1203,0.0546,0.0606,0.0676,0.0414,0.0476,0.0546,0.2749,0.291,0.3084,0.0287,0.035,0.0428,0.0013,0.0022,0.0041
1996-01-28,0.1213,0.1326,0.1453,0.288,0.3055,0.3237,0.0917,0.104,0.1188,0.0545,0.0611,0.0679,0.0416,0.0478,0.0547,0.2719,0.2888,0.3067,0.029,0.0352,0.043,0.0013,0.0022,0.004
1996-02-04,0.1181,0.1303,0.1428,0.2934,0.3147,0.3339,0.087,0.0988,0.114,0.055,0.062,0.0691,0.042,0.0485,0.0558,0.2678,0.2857,0.3046,0.029,0.0357,0.0438,0.0014,0.0022,0.004
1996-02-11,0.1149,0.1281,0.142,0.3019,0.3238,0.3465,0.0816,0.094,0.1081,0.0557,0.0628,0.0697,0.0425,0.0491,0.0564,0.2645,0.2815,0.3023,0.0295,0.036,0.0443,0.0014,0.0023,0.0039
1996-02-18,0.1136,0.1261,0.1397,0.3087,0.3328,0.3565,0.0774,0.0889,0.103,0.0563,0.0637,0.0707,0.0428,0.0495,0.0572,0.2604,0.278,0.2984,0.0297,0.0364,0.0445,0.0014,0.0023,0.0039
1996-02-25,0.1119,0.1238,0.1373,0.3182,0.3406,0.3626,0.074,0.0846,0.0972,0.0576,0.0646,0.0714,0.0437,0.0503,0.0576,0.2576,0.2753,0.2946,0.0299,0.0365,0.0447,0.0014,0.0023,0.0038
1996-03-03,0.11,0.1215,0.134,0.3284,0.3494,0.3704,0.0704,0.0804,0.0913,0.0582,0.0654,0.0723,0.0444,0.0509,0.0579,0.2552,0.2713,0.29,0.0301,0.0366,0.0445,0.0014,0.0023,0.0038
1996-03-10,0.1086,0.1193,0.1301,0.3402,0.3586,0.3775,0.068,0.076,0.0847,0.0595,0.066,0.0724,0.0453,0.0514,0.0581,0.2541,0.268,0.2837,0.0305,0.0372,0.0446,0.0014,0.0023,0.0038
1996-03-17,0.1084,0.1176,0.1277,0.3504,0.3657,0.3811,0.0658,0.0733,0.0813,0.0607,0.0665,0.0728,0.0459,0.0518,0.0581,0.2524,0.2645,0.2778,0.0309,0.0369,0.0445,0.0014,0.0022,0.0038
1996-03-24,0.1061,0.1163,0.1267,0.3546,0.3707,0.3866,0.0647,0.0721,0.0795,0.0611,0.067,0.0735,0.0462,0.0519,0.0584,0.2489,0.2613,0.2757,0.031,0.0375,0.0445,0.0014,0.0022,0.0038
1996-03-31,0.105,0.1151,0.1256,0.3565,0.3736,0.391,0.0649,0.0724,0.0803,0.0613,0.0673,0.0735,0.0461,0.0521,0.0585,0.2448,0.2584,0.2734,0.0313,0.0377,0.0449,0.0014,0.0022,0.0038
1996-04-07,0.1047,0.1143,0.1237,0.3597,0.3753,0.3925,0.0662,0.0734,0.0812,0.0612,0.0674,0.0735,0.0467,0.0524,0.0581,0.2418,0.2556,0.2697,0.0318,0.0379,0.0452,0.0015,0.0023,0.0037
1996-04-14,0.1062,0.115,0.1243,0.3578,0.3735,0.3898,0.0677,0.0753,0.0827,0.0618,0.0675,0.0734,0.0468,0.0525,0.0585,0.2418,0.2548,0.2682,0.0316,0.0378,0.045,0.0014,0.0023,0.0038
1996-04-21,0.1091,0.1175,0.1263,0.3522,0.3675,0.3828,0.0705,0.0777,0.0851,0.0621,0.0676,0.0737,0.047,0.0527,0.0587,0.243,0.2557,0.2683,0.0319,0.0376,0.0447,0.0014,0.0023,0.0037
1996-04-28,0.1101,0.1198,0.1301,0.3456,0.3622,0.3788,0.0727,0.0802,0.0881,0.0622,0.0678,0.0736,0.0474,0.053,0.0589,0.243,0.256,0.2691,0.0314,0.0379,0.0447,0.0015,0.0023,0.0038
1996-05-05,0.1121,0.1222,0.1328,0.339,0.3567,0.3742,0.0745,0.0821,0.0914,0.0619,0.0676,0.0733,0.0477,0.0534,0.0593,0.2429,0.2563,0.2701,0.0317,0.038,0.045,0.0015,0.0023,0.0038
1996-05-12,0.1143,0.1242,0.1332,0.3371,0.3518,0.3672,0.0773,0.0843,0.0925,0.0621,0.0674,0.0729,0.0481,0.0539,0.0596,0.245,0.2566,0.2692,0.0319,0.0381,0.0446,0.0015,0.0023,0.0038
1996-05-19,0.1172,0.1255,0.1341,0.3338,0.3485,0.3627,0.0782,0.085,0.0923,0.0625,0.0677,0.073,0.0491,0.0544,0.0601,0.2461,0.2575,0.269,0.0322,0.038,0.0447,0.0015,0.0023,0.0038
1996-05-26,0.1173,0.1262,0.1355,0.3317,0.3467,0.3631,0.0762,0.0834,0.0915,0.0625,0.0681,0.0734,0.0496,0.0552,0.0607,0.247,0.259,0.2709,0.0313,0.0378,0.0445,0.0014,0.0023,0.0038
1996-06-02,0.1166,0.1267,0.1367,0.33,0.3459,0.3628,0.0737,0.0812,0.0902,0.0629,0.0684,0.0744,0.0503,0.0563,0.0622,0.2474,0.2604,0.2723,0.0311,0.0374,0.0444,0.0014,0.0023,0.0038
1996-06-09,0.1176,0.1271,0.1371,0.3295,0.345,0.3601,0.0718,0.079,0.0863,0.0637,0.0691,0.0752,0.0513,0.057,0.0635,0.2493,0.2622,0.2745,0.0313,0.0373,0.0437,0.0014,0.0023,0.0038
1996-06-16,0.1178,0.1279,0.1383,0.3285,0.343,0.3597,0.0705,0.0782,0.0863,0.0635,0.0695,0.0755,0.0514,0.0575,0.0639,0.2488,0.2624,0.2761,0.0313,0.0375,0.0437,0.0014,0.0023,0.0038
1996-06-23,0.1174,0.1288,0.1411,0.3228,0.3423,0.3622,0.0686,0.0777,0.0872,0.0633,0.0696,0.0765,0.0516,0.0578,0.0643,0.2459,0.2622,0.278,0.0315,0.0384,0.0455,0.0015,0.0023,0.0038
1996-06-30,0.1152,0.128,0.1418,0.3193,0.3433,0.3666,0.0671,0.077,0.0879,0.0628,0.0698,0.0779,0.0511,0.0582,0.0655,0.2419,0.2607,0.2774,0.0319,0.0394,0.0474,0.0015,0.0023,0.0038
1996-07-07,0.1125,0.1278,0.1427,0.3184,0.3449,0.3723,0.0654,0.0761,0.0879,0.0626,0.0703,0.0788,0.0514,0.0586,0.0671,0.2376,0.2587,0.2792,0.0326,0.0401,0.0489,0.0015,0.0024,0.0038
1996-07-14,0.1111,0.127,0.1444,0.3164,0.3456,0.3751,0.064,0.0753,0.0878,0.063,0.0706,0.0788,0.0514,0.0592,0.0681,0.2355,0.2566,0.2789,0.0332,0.041,0.0503,0.0016,0.0024,0.0038
1996-07-21,0.1105,0.1265,0.1428,0.3181,0.3459,0.3761,0.0627,0.0748,0.0877,0.0629,0.071,0.0795,0.0515,0.0596,0.0689,0.2325,0.255,0.2771,0.0341,0.0422,0.0525,0.0016,0.0024,0.0038
1996-07-28,0.1101,0.1257,0.1408,0.3205,0.3472,0.3753,0.0624,0.0741,0.0864,0.063,0.0712,0.0802,0.0519,0.0598,0.0694,0.231,0.2532,0.2764,0.035,0.0432,0.0531,0.0016,0.0024,0.0038
1996-08-04,0.1096,0.1251,0.1403,0.3227,0.3487,0.3768,0.0619,0.0735,0.0849,0.0634,0.0716,0.0808,0.0523,0.0605,0.0698,0.2313,0.2516,0.2733,0.0358,0.0445,0.0542,0.0016,0.0025,0.0038
1996-08-11,0.1098,0.1243,0.1389,0.3263,0.35,0.3752,0.0619,0.0726,0.0839,0.0641,0.0717,0.0808,0.0527,0.0611,0.07,0.2311,0.2502,0.2698,0.0369,0.0454,0.0546,0.0017,0.0025,0.0039
1996-08-18,0.1099,0.1233,0.1369,0.3299,0.3507,0.3745,0.061,0.0719,0.0825,0.0644,0.0721,0.0807,0.0542,0.0616,0.0703,0.2318,0.2486,0.265,0.0385,0.0465,0.0564,0.0017,0.0025,0.0039
1996-08-25,0.1118,0.1223,0.1346,0.3346,0.3525,0.3726,0.062,0.0712,0.0797,0.0657,0.0724,0.0801,0.0547,0.062,0.0703,0.2314,0.2466,0.2615,0.0398,0.0478,0.0568,0.0017,0.0025,0.0039
1996-09-01,0.1115,0.1224,0.1336,0.3327,0.3515,0.3709,0.0625,0.0707,0.0792,0.0654,0.0724,0.0797,0.0554,0.0622,0.0705,0.2314,0.2475,0.2638,0.0403,0.0487,0.0574,0.0017,0.0026,0.0039
1996-09-08,0.1125,0.1224,0.1326,0.3326,0.3508,0.3679,0.0624,0.0701,0.0778,0.0655,0.0719,0.0787,0.0558,0.0623,0.0699,0.2343,0.2497,0.2636,0.0414,0.049,0.0579,0.0018,0.0026,0.0039
1996-09-15,0.113,0.1222,0.1317,0.3303,0.3472,0.364,0.0632,0.0701,0.0775,0.0656,0.0717,0.0778,0.0559,0.0623,0.0702,0.239,0.2525,0.2666,0.0415,0.0489,0.0573,0.0018,0.0026,0.004
1996-09-22,0.1132,0.1223,0.1316,0.3259,0.3425,0.3596,0.064,0.0707,0.078,0.0651,0.0711,0.077,0.0565,0.0626,0.0696,0.2444,0.2575,0.2721,0.0408,0.0479,0.0559,0.0018,0.0026,0.0039
1996-09-29,0.1132,0.1223,0.1333,0.3247,0.3406,0.3569,0.064,0.0715,0.0796,0.0647,0.0706,0.0763,0.0557,0.0619,0.0687,0.2458,0.2597,0.2743,0.0413,0.0484,0.0568,0.0017,0.0026,0.004
1996-10-06,0.1127,0.1227,0.1332,0.3246,0.3388,0.3562,0.0651,0.0727,0.0805,0.0641,0.0698,0.0759,0.0547,0.0608,0.0675,0.2464,0.2597,0.2748,0.0423,0.0496,0.0584,0.0018,0.0026,0.004
1996-10-13,0.1134,0.1228,0.1334,0.3216,0.338,0.3544,0.0658,0.0733,0.0811,0.0636,0.0695,0.0758,0.0541,0.06,0.0668,0.2462,0.2601,0.2749,0.0435,0.0506,0.0594,0.0018,0.0027,0.004
1996-10-20,0.1136,0.1239,0.1341,0.3181,0.3368,0.3543,0.0658,0.0738,0.0815,0.0636,0.0692,0.0756,0.0536,0.0595,0.066,0.246,0.2604,0.2756,0.0434,0.0512,0.06,0.0018,0.0027,0.0041
1996-10-27,0.1148,0.1256,0.1367,0.3163,0.335,0.3543,0.0664,0.0739,0.0824,0.0636,0.0694,0.0752,0.0533,0.0594,0.0661,0.2454,0.2605,0.2762,0.0433,0.0509,0.0606,0.0018,0.0027,0.0041
1996-11-03,0.1164,0.127,0.1391,0.3154,0.3335,0.3505,0.0661,0.0739,0.0828,0.0637,0.0695,0.0755,0.0531,0.0595,0.0662,0.2454,0.2604,0.2759,0.0433,0.0508,0.06,0.0018,0.0027,0.0042
1996-11-10,0.119,0.1289,0.1395,0.3155,0.3314,0.347,0.0664,0.0741,0.0821,0.0639,0.0698,0.0755,0.0531,0.0594,0.0659,0.2475,0.2607,0.2729,0.0436,0.0505,0.0594,0.0018,0.0027,0.0042
1996-11-17,0.1214,0.1306,0.1406,0.3135,0.3283,0.3437,0.0675,0.0744,0.0821,0.0637,0.0696,0.0757,0.0528,0.059,0.065,0.2487,0.2618,0.274,0.043,0.0509,0.0585,0.0017,0.0027,0.0042
1996-11-24,0.1221,0.1322,0.1428,0.3061,0.3244,0.3415,0.0678,0.0755,0.0843,0.0634,0.069,0.0755,0.0518,0.0582,0.0647,0.2503,0.2645,0.2792,0.0428,0.0509,0.0589,0.0017,0.0027,0.0042
1996-12-01,0.1215,0.1336,0.1459,0.2998,0.3193,0.3388,0.0679,0.077,0.0863,0.062,0.0685,0.075,0.0506,0.0571,0.0642,0.2527,0.268,0.2842,0.0428,0.0512,0.0601,0.0017,0.0027,0.0042
1996-12-08,0.1225,0.1346,0.148,0.2952,0.3145,0.3353,0.0684,0.0782,0.0882,0.0614,0.0679,0.0743,0.0489,0.0562,0.0628,0.255,0.2718,0.2885,0.0427,0.0515,0.06,0.0018,0.0027,0.0043
1996-12-15,0.125,0.1358,0.1481,0.2922,0.3104,0.3281,0.0697,0.0796,0.0896,0.0611,0.0671,0.0733,0.048,0.0551,0.061,0.259,0.2751,0.2914,0.0431,0.0515,0.0604,0.0018,0.0028,0.0043
1996-12-22,0.1245,0.1368,0.1495,0.2884,0.3064,0.3249,0.0694,0.0797,0.0897,0.0602,0.0668,0.0741,0.0474,0.0547,0.0612,0.2627,0.2789,0.2965,0.0426,0.0516,0.0607,0.0018,0.0028,0.0044
1996-12-29,0.124,0.1377,0.1522,0.2822,0.3019,0.324,0.068,0.0787,0.0905,0.0601,0.0666,0.074,0.0472,0.0547,0.062,0.2645,0.2825,0.3012,0.0418,0.0517,0.0607,0.0018,0.0028,0.0044
1997-01-05,0.124,0.1383,0.1543,0.2755,0.2995,0.3232,0.067,0.0782,0.0893,0.0593,0.0663,0.0743,0.0467,0.0545,0.0623,0.2657,0.2862,0.3068,0.0412,0.0515,0.0616,0.0018,0.0028,0.0044
1997-01-12,0.124,0.1393,0.1546,0.2729,0.2956,0.3204,0.066,0.077,0.0899,0.0594,0.0664,0.0746,0.0469,0.0545,0.0623,0.2672,0.2895,0.3102,0.041,0.0511,0.0623,0.0018,0.0028,0.0044
1997-01-19,0.1246,0.1397,0.1556,0.2701,0.2928,0.3168,0.0655,0.0764,0.0886,0.0587,0.0663,0.0744,0.0471,0.0543,0.0623,0.2719,0.2929,0.3136,0.0412,0.0512,0.0622,0.0018,0.0027,0.0044
1997-01-26,0.1252,0.1409,0.1567,0.2669,0.2896,0.3134,0.0645,0.0757,0.0879,0.0586,0.0661,0.0745,0.0471,0.0542,0.0626,0.2748,0.2966,0.3185,0.0409,0.0512,0.0622,0.0018,0.0028,0.0044
1997-02-02,0.1269,0.1419,0.1567,0.2652,0.2859,0.3073,0.0651,0.0752,0.0861,0.0584,0.0659,0.0749,0.0466,0.0543,0.0624,0.2806,0.3005,0.3216,0.0407,0.0508,0.0621,0.0017,0.0027,0.0044
1997-02-09,0.1278,0.1426,0.1568,0.2638,0.2824,0.3027,0.0647,0.0744,0.0853,0.0588,0.0658,0.0741,0.0472,0.0542,0.0618,0.2851,0.3041,0.3237,0.0412,0.0505,0.061,0.0017,0.0027,0.0045
1997-02-16,0.127,0.1415,0.1557,0.2631,0.2828,0.3019,0.0634,0.0732,0.0831,0.0587,0.0656,0.0743,0.0472,0.0542,0.0617,0.2885,0.307,0.3251,0.0411,0.0508,0.0613,0.0017,0.0028,0.0044
1997-02-23,0.1244,0.1392,0.1544,0.2643,0.2852,0.307,0.0621,0.0718,0.0819,0.0585,0.0651,0.0734,0.0471,0.0541,0.0623,0.2896,0.3087,0.3269,0.0408,0.0509,0.0611,0.0017,0.0028,0.0044
1997-03-02,0.1212,0.1368,0.1518,0.2662,0.2873,0.3095,0.0612,0.0703,0.0802,0.0583,0.0651,0.0733,0.047,0.0543,0.0618,0.2907,0.31,0.3303,0.0409,0.0505,0.0601,0.0018,0.0027,0.0044
1997-03-09,0.1214,0.1347,0.1487,0.2697,0.2904,0.3087,0.06,0.0686,0.0782,0.0583,0.0649,0.0726,0.0471,0.0544,0.0618,0.2941,0.3117,0.3294,0.0414,0.0503,0.06,0.0018,0.0028,0.0043
1997-03-16,0.1188,0.1324,0.1468,0.2706,0.2904,0.3103,0.0599,0.068,0.0776,0.0574,0.0642,0.072,0.0467,0.054,0.0617,0.2977,0.3155,0.3339,0.0409,0.0498,0.06,0.0018,0.0028,0.0043
1997-03-23,0.1169,0.1301,0.1446,0.2685,0.29,0.3092,0.059,0.0681,0.078,0.0564,0.0632,0.0707,0.0463,0.0535,0.0611,0.302,0.3204,0.341,0.0405,0.049,0.0592,0.0018,0.0028,0.0044
1997-03-30,0.1155,0.1279,0.1417,0.2684,0.2892,0.3098,0.0593,0.0685,0.0783,0.0553,0.0625,0.0695,0.046,0.0532,0.0604,0.3071,0.3254,0.3442,0.0398,0.0484,0.0583,0.0017,0.0028,0.0044
1997-04-06,0.1145,0.126,0.139,0.2684,0.2881,0.3081,0.06,0.0685,0.0781,0.055,0.0615,0.0678,0.0456,0.0526,0.0598,0.3131,0.3305,0.3487,0.0395,0.0477,0.0573,0.0017,0.0027,0.0044
1997-04-13,0.1121,0.1232,0.1355,0.2736,0.2915,0.3091,0.0606,0.0682,0.0767,0.0548,0.0612,0.0679,0.0457,0.0523,0.0591,0.3144,0.331,0.348,0.0393,0.0473,0.0562,0.0017,0.0028,0.0043
1997-04-20,0.1095,0.12,0.1314,0.2813,0.2991,0.3158,0.0598,0.0678,0.0763,0.0552,0.0614,0.0678,0.0463,0.0525,0.0593,0.3116,0.3273,0.342,0.0394,0.0476,0.0568,0.0018,0.0028,0.0043
1997-04-27,0.1075,0.1179,0.1297,0.2878,0.3059,0.3252,0.0589,0.0669,0.0754,0.0553,0.0618,0.0683,0.046,0.0528,0.0597,0.3051,0.3213,0.3379,0.0392,0.0477,0.0573,0.0018,0.0028,0.0043
1997-05-04,0.1052,0.1164,0.1297,0.2909,0.3125,0.3335,0.0575,0.0665,0.0749,0.0563,0.0626,0.0693,0.0467,0.0528,0.06,0.2988,0.3161,0.3339,0.0393,0.048,0.0577,0.0018,0.0028,0.0043
1997-05-11,0.1041,0.1155,0.1278,0.2978,0.3175,0.3387,0.0568,0.0653,0.074,0.0572,0.0634,0.07,0.0468,0.0532,0.0603,0.2952,0.3119,0.3293,0.0395,0.0481,0.0583,0.0018,0.0028,0.0043
1997-05-18,0.1041,0.1141,0.1252,0.3062,0.3235,0.3428,0.0566,0.0646,0.0717,0.058,0.064,0.0703,0.0471,0.0535,0.0602,0.2919,0.3068,0.3207,0.0398,0.0487,0.0579,0.0019,0.0028,0.0042
1997-05-25,0.1022,0.1117,0.1215,0.3127,0.3294,0.3461,0.0576,0.0645,0.0719,0.0579,0.0638,0.0697,0.0473,0.0533,0.0597,0.2903,0.3044,0.3184,0.04,0.0485,0.0577,0.0019,0.0028,0.0042
1997-06-01,0.1008,0.1101,0.1209,0.313,0.3312,0.3489,0.0578,0.065,0.0727,0.0577,0.0635,0.0698,0.0468,0.0534,0.0599,0.2888,0.3049,0.3196,0.0393,0.0475,0.0571,0.0019,0.0028,0.0043
1997-06-08,0.0993,0.1098,0.1203,0.3126,0.3309,0.349,0.0574,0.0654,0.073,0.0567,0.0631,0.0693,0.0463,0.053,0.0603,0.2911,0.3073,0.3224,0.0382,0.047,0.0561,0.0019,0.0028,0.0042
1997-06-15,0.0981,0.1092,0.121,0.3108,0.3307,0.3497,0.0562,0.0646,0.0734,0.0565,0.063,0.0695,0.0464,0.0531,0.0605,0.2913,0.3093,0.3272,0.0377,0.0463,0.0554,0.0018,0.0028,0.0042
1997-06-22,0.0974,0.1086,0.1217,0.3098,0.3298,0.3479,0.0548,0.0636,0.0722,0.0566,0.0629,0.0697,0.0463,0.0532,0.06,0.2944,0.312,0.3289,0.037,0.0458,0.0551,0.0018,0.0028,0.0041
1997-06-29,0.097,0.1086,0.1221,0.3072,0.328,0.3487,0.0539,0.0624,0.0717,0.0562,0.0629,0.0698,0.0462,0.0539,0.0615,0.295,0.3146,0.3327,0.0362,0.0455,0.0547,0.0018,0.0028,0.0041
1997-07-06,0.0952,0.1084,0.1223,0.3023,0.3269,0.3522,0.0525,0.0616,0.0713,0.056,0.0629,0.0697,0.0467,0.0544,0.0624,0.2947,0.3166,0.339,0.0355,0.045,0.0554,0.0018,0.0027,0.0041
1997-07-13,0.0949,0.1083,0.1229,0.2995,0.3253,0.3512,0.0511,0.0607,0.0711,0.0554,0.0627,0.0703,0.0473,0.0551,0.0634,0.2966,0.3188,0.3401,0.0349,0.0447,0.0557,0.0018,0.0027,0.0042
1997-07-20,0.0943,0.1078,0.1228,0.2967,0.325,0.3506,0.05,0.0594,0.0698,0.0549,0.0625,0.0699,0.0473,0.0558,0.0642,0.2971,0.3212,0.344,0.0355,0.0445,0.0557,0.0018,0.0027,0.0042
1997-07-27,0.0944,0.1076,0.1216,0.2985,0.3236,0.3498,0.0492,0.0585,0.069,0.0551,0.0623,0.0698,0.0483,0.0564,0.0649,0.3002,0.3226,0.3449,0.035,0.0443,0.0551,0.0018,0.0027,0.0042
1997-08-03,0.0937,0.1071,0.1211,0.2979,0.3233,0.3469,0.0484,0.058,0.0676,0.0551,0.0622,0.0693,0.049,0.0571,0.065,0.3036,0.3244,0.3467,0.035,0.0441,0.0549,0.0018,0.0027,0.0042
1997-08-10,0.0951,0.1072,0.119,0.301,0.3219,0.3423,0.0484,0.0568,0.0651,0.0548,0.0622,0.0694,0.0501,0.0578,0.0659,0.308,0.3267,0.3453,0.0353,0.0439,0.0543,0.0018,0.0028,0.0043
1997-08-17,0.0947,0.1061,0.118,0.3011,0.3208,0.3402,0.0477,0.056,0.064,0.055,0.0621,0.0687,0.0504,0.0585,0.066,0.3113,0.3285,0.3469,0.0355,0.0439,0.0543,0.0018,0.0028,0.0042
1997-08-24,0.0939,0.1052,0.1168,0.302,0.3216,0.3397,0.047,0.055,0.063,0.0548,0.0615,0.0683,0.0507,0.0588,0.0666,0.3124,0.3304,0.3467,0.0358,0.0447,0.055,0.0018,0.0028,0.0043
1997-08-31,0.0923,0.1038,0.1162,0.3049,0.325,0.3452,0.0461,0.0542,0.0628,0.0546,0.0614,0.068,0.0504,0.0588,0.067,0.3098,0.3277,0.3468,0.0364,0.0455,0.0557,0.0018,0.0028,0.0043
1997-09-07,0.0901,0.1021,0.1165,0.3084,0.331,0.3551,0.0448,0.053,0.0623,0.0542,0.0611,0.0685,0.0502,0.0585,0.0664,0.3045,0.3229,0.3441,0.037,0.0462,0.0576,0.0019,0.0028,0.0042
1997-09-14,0.0876,0.1003,0.1142,0.3134,0.3381,0.3619,0.0434,0.0517,0.0611,0.054,0.0612,0.0681,0.0499,0.058,0.0662,0.2998,0.3189,0.3398,0.0373,0.0473,0.0585,0.0019,0.0028,0.0042
1997-09-21,0.0869,0.0989,0.1121,0.3234,0.3446,0.3665,0.0426,0.0507,0.0593,0.0539,0.0612,0.0677,0.0492,0.0576,0.0662,0.2957,0.3143,0.3335,0.0382,0.0481,0.0596,0.0019,0.0028,0.0042
1997-09-28,0.0848,0.0977,0.1109,0.3277,0.3498,0.3737,0.0425,0.0502,0.0592,0.054,0.0612,0.0677,0.0485,0.0575,0.0659,0.2913,0.3111,0.3295,0.0383,0.0488,0.0605,0.0019,0.0029,0.0042
1997-10-05,0.0833,0.0967,0.1094,0.3294,0.3541,0.3813,0.0422,0.05,0.0592,0.0541,0.0612,0.0678,0.0486,0.0574,0.0662,0.2874,0.3077,0.3272,0.0384,0.0488,0.0607,0.0019,0.0028,0.0042
1997-10-12,0.083,0.0958,0.1085,0.3343,0.3584,0.3862,0.0415,0.05,0.0588,0.0542,0.0611,0.0682,0.0485,0.0573,0.0657,0.2829,0.3044,0.3255,0.0392,0.0489,0.0609,0.002,0.0028,0.0042
1997-10-19,0.0831,0.0948,0.1077,0.3402,0.3639,0.3884,0.0409,0.0497,0.0587,0.0543,0.0613,0.0682,0.0489,0.0571,0.0655,0.2804,0.3007,0.3213,0.0392,0.049,0.0606,0.002,0.0028,0.0041
1997-10-26,0.0827,0.0937,0.1059,0.3455,0.3678,0.3913,0.0411,0.0495,0.0584,0.0543,0.0613,0.0683,0.0489,0.057,0.065,0.2791,0.2974,0.3152,0.0397,0.0491,0.0606,0.002,0.0029,0.0041
1997-11-02,0.083,0.0937,0.105,0.3489,0.3703,0.3935,0.041,0.0487,0.0577,0.0547,0.0616,0.068,0.0494,0.0574,0.0651,0.2774,0.295,0.3121,0.0402,0.0498,0.0605,0.002,0.0029,0.0041
1997-11-09,0.0842,0.0946,0.1057,0.3507,0.3722,0.3926,0.0405,0.0481,0.0561,0.0556,0.062,0.0683,0.0501,0.0576,0.0649,0.2751,0.2924,0.3092,0.0407,0.0501,0.0602,0.002,0.0029,0.0041
1997-11-16,0.085,0.0953,0.107,0.3526,0.3716,0.3898,0.0401,0.0476,0.0552,0.0559,0.0625,0.0688,0.0506,0.0579,0.0652,0.2747,0.2921,0.3072,0.0408,0.0501,0.0603,0.002,0.0029,0.0041
1997-11-23,0.0854,0.0961,0.1086,0.3499,0.37,0.3916,0.0393,0.0474,0.055,0.0563,0.0632,0.0699,0.0506,0.0582,0.066,0.2756,0.2922,0.309,0.0404,0.0496,0.0603,0.002,0.0029,0.0041
1997-11-30,0.0863,0.0966,0.11,0.3474,0.3685,0.39,0.0393,0.0475,0.055,0.0564,0.0632,0.0703,0.0507,0.0585,0.0662,0.2734,0.2919,0.3091,0.0401,0.05,0.0608,0.002,0.0029,0.0041
1997-12-07,0.0868,0.0975,0.1102,0.3477,0.368,0.3902,0.0393,0.0477,0.0551,0.0562,0.0633,0.0705,0.0514,0.0589,0.0664,0.2717,0.2905,0.3091,0.0407,0.0505,0.0615,0.002,0.0029,0.0041
1997-12-14,0.0868,0.0983,0.1112,0.3469,0.3674,0.3889,0.0387,0.0478,0.0557,0.0561,0.0633,0.0702,0.0515,0.059,0.0667,0.2713,0.2893,0.3076,0.0419,0.0514,0.0622,0.002,0.0029,0.0041
1997-12-21,0.0867,0.0985,0.1127,0.344,0.3679,0.3912,0.0388,0.0481,0.0567,0.0557,0.0633,0.0708,0.0512,0.0593,0.0667,0.2683,0.287,0.3073,0.0425,0.0519,0.0636,0.0021,0.0029,0.0041
1997-12-28,0.0859,0.0991,0.1145,0.3399,0.3681,0.3947,0.039,0.0485,0.0577,0.0551,0.0632,0.0712,0.0513,0.0595,0.0679,0.264,0.2849,0.3082,0.0424,0.0524,0.0656,0.0021,0.0029,0.0041
1998-01-04,0.0862,0.0996,0.1148,0.3387,0.3665,0.3973,0.0391,0.049,0.0588,0.0554,0.063,0.0714,0.0507,0.0596,0.0693,0.2602,0.2837,0.3086,0.0422,0.0528,0.0668,0.0021,0.0029,0.0041
1998-01-11,0.0862,0.1006,0.1162,0.3354,0.3664,0.3989,0.0393,0.0494,0.0606,0.0552,0.063,0.0716,0.0511,0.0599,0.0692,0.2566,0.2824,0.3071,0.0426,0.0537,0.0673,0.0021,0.0029,0.0041
1998-01-18,0.086,0.1013,0.1176,0.3348,0.3658,0.3975,0.0398,0.0501,0.0615,0.055,0.063,0.0716,0.0509,0.0598,0.0694,0.2565,0.2805,0.3068,0.0432,0.0546,0.0678,0.0021,0.003,0.0041
1998-01-25,0.0872,0.1023,0.1179,0.3355,0.3654,0.3964,0.0408,0.0504,0.0615,0.0556,0.0627,0.0715,0.0516,0.0598,0.0697,0.2542,0.2787,0.3032,0.0434,0.055,0.0683,0.0022,0.003,0.0042
1998-02-01,0.0881,0.1027,0.1184,0.3355,0.3657,0.3949,0.0408,0.0507,0.0624,0.0552,0.0628,0.0711,0.0518,0.06,0.0702,0.254,0.277,0.3005,0.0443,0.0558,0.0691,0.0022,0.003,0.0042
1998-02-08,0.0892,0.1033,0.1191,0.3368,0.3648,0.3905,0.0414,0.0512,0.0619,0.0553,0.063,0.0709,0.0518,0.0604,0.0699,0.2535,0.2759,0.2978,0.0452,0.0561,0.0705,0.0022,0.003,0.0042
1998-02-15,0.0902,0.1037,0.1197,0.3375,0.3651,0.3899,0.0424,0.0518,0.062,0.0557,0.0627,0.0704,0.0527,0.0607,0.0695,0.2528,0.2742,0.2953,0.0465,0.0567,0.0698,0.0022,0.003,0.0041
1998-02-22,0.0921,0.1047,0.1188,0.3416,0.3648,0.3863,0.043,0.0524,0.0616,0.0556,0.0628,0.0704,0.053,0.0607,0.0695,0.2528,0.2728,0.2904,0.0474,0.0576,0.0695,0.0022,0.003,0.0042
1998-03-01,0.0923,0.1043,0.1167,0.343,0.3664,0.3881,0.0433,0.0523,0.0614,0.0562,0.0628,0.0704,0.0531,0.0608,0.0699,0.2498,0.2697,0.2886,0.0483,0.0589,0.0716,0.0023,0.0031,0.0042
1998-03-08,0.0919,0.1035,0.1177,0.3467,0.3682,0.3895,0.0434,0.0523,0.0608,0.0559,0.063,0.0699,0.0527,0.0604,0.069,0.2478,0.2668,0.285,0.0499,0.0606,0.073,0.0023,0.0031,0.0042
1998-03-15,0.0919,0.103,0.1152,0.3489,0.3696,0.3901,0.0442,0.0524,0.0607,0.0559,0.0629,0.07,0.0527,0.0601,0.0687,0.2467,0.2656,0.2831,0.0507,0.0612,0.0742,0.0023,0.0031,0.0042
1998-03-22,0.0913,0.1024,0.1146,0.3479,0.37,0.3904,0.0438,0.0526,0.0617,0.056,0.0629,0.0699,0.052,0.0596,0.0676,0.247,0.2663,0.2844,0.0515,0.0614,0.0739,0.0023,0.0031,0.0042
1998-03-29,0.0901,0.1018,0.1147,0.3496,0.3718,0.3931,0.0432,0.0523,0.0612,0.0566,0.0634,0.0706,0.0522,0.0597,0.068,0.2452,0.265,0.2826,0.0506,0.061,0.0737,0.0023,0.0031,0.0041
1998-04-05,0.0894,0.1013,0.1141,0.3525,0.3744,0.3968,0.0431,0.052,0.0608,0.0569,0.0641,0.0715,0.0524,0.0599,0.0682,0.2433,0.2618,0.281,0.0501,0.0609,0.0739,0.0023,0.0031,0.0041
1998-04-12,0.0886,0.1005,0.1131,0.3559,0.3769,0.3988,0.0432,0.0514,0.0598,0.0573,0.0646,0.0718,0.0525,0.0603,0.0688,0.2416,0.2609,0.278,0.0495,0.0601,0.0725,0.0023,0.0031,0.0042
1998-04-19,0.0872,0.099,0.1111,0.3596,0.3809,0.4011,0.0423,0.0507,0.0587,0.0579,0.0651,0.0723,0.0527,0.0604,0.0687,0.2424,0.2609,0.2777,0.0483,0.0586,0.071,0.0023,0.0031,0.0042
1998-04-26,0.089,0.1004,0.1128,0.3533,0.3761,0.3977,0.0432,0.0514,0.06,0.0572,0.0646,0.0715,0.052,0.06,0.0681,0.2471,0.2652,0.2822,0.0475,0.0578,0.0693,0.0023,0.0031,0.0042
1998-05-03,0.0925,0.1041,0.1168,0.3469,0.3672,0.3868,0.045,0.0534,0.0615,0.0561,0.0635,0.0706,0.052,0.0592,0.0671,0.2539,0.2712,0.2881,0.0469,0.057,0.0687,0.0023,0.0031,0.0042
1998-05-10,0.0883,0.1004,0.1133,0.3517,0.3731,0.3951,0.045,0.0537,0.0622,0.0554,0.0628,0.0704,0.0515,0.0595,0.0676,0.2522,0.2699,0.287,0.0456,0.0557,0.067,0.0023,0.003,0.0042
1998-05-17,0.0858,0.0975,0.1099,0.3577,0.3798,0.4001,0.0452,0.0538,0.0631,0.0546,0.0621,0.0695,0.0514,0.0595,0.0675,0.2486,0.2669,0.2849,0.0458,0.0558,0.0675,0.0023,0.003,0.0042
1998-05-24,0.0851,0.0975,0.1102,0.3582,0.3808,0.4027,0.0447,0.0536,0.0626,0.0541,0.0615,0.0687,0.0514,0.0596,0.0678,0.2489,0.2669,0.2856,0.0452,0.0553,0.0665,0.0023,0.003,0.0042
1998-05-31,0.0865,0.0984,0.1119,0.3573,0.3803,0.4051,0.0442,0.0531,0.0622,0.0535,0.0612,0.0681,0.0512,0.0597,0.0679,0.2466,0.2665,0.2864,0.0458,0.056,0.0682,0.0023,0.0031,0.0042
1998-06-07,0.0879,0.1,0.1133,0.3586,0.3818,0.4031,0.0435,0.0526,0.0616,0.0535,0.061,0.068,0.0515,0.0594,0.0676,0.2438,0.2622,0.2807,0.0479,0.0584,0.0709,0.0024,0.0031,0.0042
1998-06-14,0.0886,0.1014,0.1148,0.3574,0.3806,0.4035,0.0427,0.052,0.0613,0.0531,0.0606,0.0673,0.051,0.059,0.0671,0.2414,0.261,0.2806,0.0495,0.0607,0.074,0.0024,0.0031,0.0041
1998-06-21,0.0892,0.1025,0.1162,0.3532,0.3794,0.4041,0.0423,0.0514,0.0611,0.0528,0.0599,0.0676,0.0508,0.0585,0.0672,0.238,0.2612,0.2813,0.0511,0.0628,0.0759,0.0024,0.0032,0.0041
1998-06-28,0.0896,0.1039,0.1192,0.3508,0.3791,0.4067,0.0413,0.0504,0.0609,0.0521,0.0595,0.0677,0.05,0.0583,0.0672,0.235,0.2594,0.2819,0.0525,0.0648,0.0785,0.0025,0.0032,0.0041
1998-07-05,0.0903,0.1053,0.1212,0.3489,0.3774,0.4076,0.0403,0.05,0.06,0.0519,0.0593,0.0672,0.05,0.058,0.0672,0.2335,0.2579,0.2812,0.0537,0.0667,0.0808,0.0025,0.0032,0.0041
1998-07-12,0.0916,0.1062,0.1213,0.3473,0.3772,0.408,0.0393,0.0492,0.0593,0.0511,0.0589,0.0671,0.0497,0.0578,0.0672,0.2308,0.2564,0.2801,0.0559,0.069,0.0835,0.0026,0.0032,0.0041
1998-07-19,0.0923,0.1077,0.1222,0.3472,0.3764,0.4064,0.0388,0.0485,0.0579,0.0507,0.0584,0.0671,0.0492,0.0575,0.0669,0.2303,0.255,0.2776,0.0577,0.0714,0.0867,0.0026,0.0033,0.0041
1998-07-26,0.0934,0.109,0.1229,0.3483,0.376,0.4049,0.0383,0.0477,0.0572,0.0507,0.0583,0.0667,0.049,0.0574,0.0663,0.229,0.2531,0.2755,0.06,0.0738,0.0886,0.0027,0.0033,0.0041
1998-08-02,0.0953,0.1099,0.1239,0.35,0.3751,0.4006,0.0381,0.047,0.0563,0.051,0.0581,0.0661,0.0489,0.0572,0.0658,0.229,0.2512,0.2719,0.0634,0.0758,0.0902,0.0027,0.0033,0.0041
1998-08-09,0.0979,0.1107,0.1244,0.3521,0.3752,0.3965,0.0378,0.0458,0.0545,0.0512,0.0575,0.0651,0.0491,0.0571,0.0643,0.2302,0.2499,0.2696,0.0672,0.0786,0.0917,0.0028,0.0033,0.0041
1998-08-16,0.1005,0.113,0.1259,0.3502,0.3718,0.3934,0.0385,0.0458,0.054,0.0508,0.0565,0.0629,0.0482,0.0553,0.0624,0.2295,0.2474,0.2649,0.0722,0.0841,0.0965,0.0029,0.0034,0.004
1998-08-23,0.1011,0.1134,0.1257,0.3516,0.3726,0.3938,0.0392,0.0459,0.0537,0.0493,0.0545,0.06,0.0464,0.0525,0.0586,0.2242,0.2413,0.2579,0.0819,0.0934,0.1056,0.003,0.0035,0.004
1998-08-30,0.1018,0.1122,0.1233,0.357,0.3767,0.3965,0.0394,0.0456,0.0517,0.0482,0.0523,0.0568,0.0443,0.0493,0.0541,0.2175,0.2324,0.2468,0.0937,0.1054,0.1176,0.0032,0.0036,0.004
1998-09-06,0.1048,0.1141,0.1245,0.355,0.3729,0.392,0.0404,0.0451,0.0502,0.0483,0.0519,0.0557,0.0445,0.0482,0.0526,0.2171,0.2309,0.2445,0.0988,0.1102,0.1214,0.0033,0.0036,0.004
1998-09-13,0.1105,0.1171,0.1249,0.3544,0.3686,0.3813,0.0416,0.0449,0.0489,0.0488,0.0516,0.0543,0.045,0.0478,0.0507,0.2199,0.2299,0.2397,0.1052,0.114,0.1219,0.0034,0.0037,0.0039
1998-09-20,0.1199,0.1199,0.1199,0.3639,0.3639,0.3639,0.0449,0.0449,0.0449,0.0513,0.0513,0.0513,0.0472,0.0472,0.0472,0.229,0.229,0.229,0.1177,0.1177,0.1177,0.0037,0.0037,0.0037
1998-09-27,0.1155,0.1205,0.1259,0.3495,0.3615,0.3732,0.0431,0.0459,0.0488,0.048,0.051,0.054,0.0433,0.0474,0.0513,0.2238,0.2298,0.2356,0.1103,0.1177,0.1253,0.0035,0.0037,0.004
1998-10-04,0.1149,0.1212,0.1285,0.3444,0.3588,0.3731,0.0432,0.047,0.051,0.0467,0.0507,0.0546,0.0427,0.0473,0.0526,0.2227,0.2305,0.2381,0.109,0.1179,0.128,0.0034,0.0037,0.0041
1998-10-11,0.1154,0.1224,0.1294,0.3423,0.356,0.3691,0.0441,0.048,0.0521,0.046,0.0505,0.0549,0.0426,0.0476,0.0531,0.2227,0.2316,0.2388,0.1098,0.1183,0.1276,0.0034,0.0037,0.0041
1998-10-18,0.1161,0.1229,0.1303,0.3401,0.3545,0.3681,0.0441,0.0484,0.0534,0.0457,0.0502,0.055,0.0419,0.047,0.0529,0.2243,0.2326,0.2403,0.1092,0.1179,0.1273,0.0033,0.0037,0.0042
1998-10-25,0.1163,0.1234,0.1305,0.3395,0.3536,0.3671,0.044,0.0488,0.054,0.0452,0.05,0.0548,0.0412,0.0463,0.0519,0.2261,0.2343,0.2429,0.1092,0.1179,0.1271,0.0033,0.0037,0.0042
1998-11-01,0.1168,0.1238,0.1308,0.3389,0.3518,0.3643,0.0448,0.0491,0.0538,0.0452,0.05,0.0548,0.0409,0.0459,0.0515,0.2283,0.2364,0.2444,0.109,0.1171,0.1259,0.0032,0.0037,0.0041
1998-11-08,0.1176,0.1242,0.1308,0.3382,0.3504,0.3629,0.045,0.0493,0.0543,0.0455,0.0499,0.0546,0.0409,0.0458,0.0513,0.2309,0.2383,0.2458,0.1078,0.1161,0.1248,0.0032,0.0037,0.0042
1998-11-15,0.1186,0.1245,0.1307,0.3389,0.3493,0.3607,0.0448,0.0493,0.0537,0.0458,0.0501,0.0548,0.0412,0.046,0.0507,0.2323,0.2401,0.248,0.1071,0.1142,0.1215,0.0032,0.0037,0.0043
1998-11-22,0.1184,0.1246,0.1306,0.3388,0.349,0.3602,0.045,0.0493,0.0537,0.046,0.0504,0.0549,0.0411,0.0461,0.0511,0.2346,0.242,0.2501,0.1055,0.1128,0.12,0.0032,0.0037,0.0043
1998-11-29,0.1177,0.1243,0.1311,0.338,0.3501,0.3626,0.0444,0.049,0.0536,0.0454,0.0502,0.0548,0.0407,0.0457,0.0509,0.2352,0.2429,0.2516,0.1043,0.1116,0.12,0.0032,0.0037,0.0043
1998-12-06,0.1164,0.1239,0.132,0.3375,0.3516,0.367,0.0433,0.0485,0.0539,0.0447,0.0499,0.055,0.039,0.0449,0.0513,0.2342,0.2434,0.2539,0.1024,0.1118,0.121,0.0031,0.0037,0.0043
1998-12-13,0.1148,0.1232,0.1316,0.339,0.3544,0.3695,0.0425,0.0478,0.0532,0.0443,0.0496,0.0552,0.0385,0.0444,0.0508,0.234,0.2438,0.2545,0.1019,0.1114,0.1209,0.0031,0.0037,0.0044
1998-12-20,0.1139,0.1227,0.1314,0.3377,0.3544,0.3721,0.042,0.0482,0.054,0.0438,0.0492,0.0555,0.0384,0.0444,0.0509,0.2329,0.2432,0.2536,0.1023,0.113,0.1235,0.0031,0.0037,0.0044
1998-12-27,0.1123,0.1222,0.1316,0.3342,0.3529,0.3733,0.0428,0.0487,0.0547,0.0433,0.049,0.0549,0.0379,0.0444,0.0517,0.2319,0.2423,0.2534,0.1027,0.1145,0.1271,0.0031,0.0037,0.0045
1999-01-03,0.112,0.1221,0.1319,0.3334,0.352,0.3717,0.0434,0.0491,0.0558,0.0432,0.0488,0.0547,0.0379,0.0447,0.0526,0.2311,0.2416,0.2539,0.1039,0.1163,0.13,0.003,0.0037,0.0046
1999-01-10,0.1121,0.1217,0.131,0.3322,0.3505,0.3704,0.0438,0.0496,0.0567,0.0426,0.0485,0.0547,0.038,0.0446,0.0521,0.2308,0.2409,0.2535,0.1055,0.1183,0.1322,0.003,0.0037,0.0046
1999-01-17,0.1119,0.1212,0.1308,0.3323,0.3491,0.3664,0.0445,0.0502,0.0567,0.0423,0.0481,0.0543,0.0386,0.0445,0.052,0.2308,0.2404,0.2512,0.1085,0.1207,0.1327,0.003,0.0037,0.0046
1999-01-24,0.1124,0.1212,0.1286,0.3336,0.3474,0.361,0.0455,0.051,0.0569,0.0425,0.0478,0.0536,0.0392,0.045,0.0511,0.2307,0.2395,0.2497,0.1128,0.123,0.1334,0.003,0.0038,0.0046
1999-01-31,0.1128,0.1208,0.1281,0.3328,0.3452,0.3579,0.0465,0.0519,0.0578,0.0423,0.0477,0.0529,0.0395,0.0451,0.0509,0.2297,0.2384,0.2481,0.1172,0.1257,0.1362,0.0031,0.0038,0.0047
1999-02-07,0.1134,0.1214,0.1293,0.3284,0.342,0.3544,0.0473,0.0526,0.0581,0.0421,0.0474,0.0526,0.0393,0.0446,0.0504,0.2298,0.2382,0.2472,0.1197,0.1289,0.1391,0.003,0.0038,0.0046
1999-02-14,0.1152,0.1228,0.1308,0.3246,0.3373,0.3518,0.0472,0.0525,0.0584,0.042,0.0472,0.0526,0.0383,0.0437,0.0496,0.231,0.2393,0.2484,0.1222,0.1319,0.1427,0.003,0.0038,0.0047
1999-02-21,0.1168,0.1251,0.1326,0.3205,0.3323,0.3447,0.0471,0.0525,0.0581,0.0422,0.0471,0.0521,0.0377,0.0428,0.0483,0.2326,0.2414,0.2504,0.1251,0.1346,0.1436,0.0029,0.0037,0.0046
1999-02-28,0.119,0.1271,0.1345,0.3174,0.3293,0.3411,0.0469,0.0519,0.0573,0.0423,0.047,0.0519,0.0373,0.0422,0.0473,0.2336,0.243,0.2512,0.1268,0.1356,0.1452,0.0029,0.0037,0.0046
1999-03-07,0.1207,0.1287,0.1364,0.3142,0.3274,0.3399,0.0467,0.0515,0.057,0.042,0.0468,0.0519,0.0369,0.0421,0.0476,0.2344,0.2441,0.2526,0.1263,0.1355,0.1455,0.0029,0.0037,0.0046
1999-03-14,0.1228,0.1307,0.1382,0.3122,0.3255,0.3384,0.0462,0.0514,0.0567,0.0421,0.0464,0.0512,0.0376,0.0426,0.0479,0.2359,0.245,0.2534,0.1252,0.1347,0.1444,0.0029,0.0037,0.0047
1999-03-21,0.1256,0.1326,0.1398,0.3114,0.3228,0.3349,0.0467,0.0513,0.0566,0.042,0.0461,0.0506,0.0379,0.043,0.0482,0.2376,0.2459,0.254,0.1252,0.1333,0.1428,0.0029,0.0037,0.0047
1999-03-28,0.1273,0.1343,0.1416,0.3104,0.3206,0.3319,0.0471,0.0517,0.0567,0.042,0.0463,0.0507,0.0387,0.0434,0.0487,0.2388,0.2468,0.2548,0.1247,0.1323,0.1408,0.0029,0.0037,0.0048
1999-04-04,0.1284,0.1353,0.142,0.3072,0.3189,0.3308,0.047,0.0518,0.057,0.0426,0.0467,0.0515,0.0388,0.0439,0.0495,0.2396,0.2479,0.256,0.122,0.1311,0.1398,0.0029,0.0037,0.0048
1999-04-11,0.1287,0.1361,0.1435,0.3053,0.3185,0.3308,0.047,0.0518,0.0572,0.0426,0.0468,0.0519,0.0386,0.0436,0.0492,0.2412,0.2496,0.2584,0.1206,0.1291,0.1383,0.0029,0.0037,0.0049
1999-04-18,0.1289,0.1365,0.145,0.3057,0.319,0.3322,0.0466,0.0516,0.0571,0.0425,0.0468,0.0515,0.0382,0.0435,0.0491,0.2436,0.2519,0.2604,0.1167,0.1264,0.1355,0.0029,0.0037,0.0049
1999-04-25,0.1296,0.1369,0.1451,0.3089,0.3207,0.3324,0.0466,0.0512,0.0565,0.0422,0.0466,0.0512,0.0375,0.0427,0.0483,0.2469,0.255,0.2629,0.1149,0.1231,0.131,0.0028,0.0037,0.0049
1999-05-02,0.1297,0.1366,0.1435,0.3139,0.3244,0.335,0.0457,0.0502,0.055,0.0424,0.0468,0.0509,0.0372,0.0418,0.0471,0.2492,0.2568,0.2647,0.1124,0.1198,0.1267,0.0028,0.0036,0.0049
1999-05-09,0.1288,0.1357,0.1426,0.3182,0.3281,0.3386,0.0454,0.0498,0.0543,0.0425,0.0468,0.0511,0.0372,0.0417,0.0461,0.2492,0.2562,0.2637,0.1113,0.118,0.125,0.0029,0.0037,0.0049
1999-05-16,0.1279,0.1353,0.1417,0.3192,0.3288,0.3398,0.046,0.0505,0.055,0.0424,0.0466,0.0508,0.038,0.0427,0.0474,0.2474,0.2548,0.2629,0.1103,0.1174,0.1245,0.0029,0.0037,0.0049
1999-05-23,0.1271,0.1347,0.1412,0.3157,0.3273,0.3396,0.0476,0.0522,0.0577,0.0417,0.0462,0.0504,0.0397,0.0446,0.0495,0.2444,0.2522,0.2606,0.1105,0.1183,0.1264,0.0029,0.0038,0.005
1999-05-30,0.1284,0.1361,0.1441,0.3122,0.3238,0.3361,0.0483,0.0533,0.059,0.0413,0.0461,0.0504,0.0412,0.0467,0.0528,0.2416,0.2499,0.2585,0.1107,0.1192,0.1272,0.003,0.0039,0.0052
1999-06-06,0.1298,0.1376,0.1464,0.3092,0.3218,0.3342,0.0481,0.0535,0.0599,0.041,0.0461,0.0506,0.0426,0.0484,0.055,0.2397,0.2482,0.2573,0.1109,0.1195,0.1281,0.003,0.004,0.0053
1999-06-13,0.1292,0.1379,0.1477,0.3081,0.322,0.335,0.0476,0.0535,0.0597,0.0411,0.046,0.0512,0.0434,0.0496,0.0567,0.2379,0.2471,0.2566,0.1096,0.1193,0.1284,0.0031,0.004,0.0055
1999-06-20,0.1271,0.1372,0.1477,0.3071,0.3244,0.34,0.0469,0.0529,0.0599,0.0406,0.0461,0.0519,0.0437,0.0503,0.0574,0.2355,0.2459,0.257,0.1072,0.1184,0.1295,0.0031,0.0041,0.0055
1999-06-27,0.1251,0.1363,0.1476,0.3073,0.3273,0.3465,0.0461,0.0524,0.0599,0.0405,0.046,0.0525,0.0432,0.0501,0.0586,0.2342,0.2451,0.2571,0.1054,0.1178,0.1299,0.0031,0.0041,0.0056
1999-07-04,0.1236,0.1349,0.1467,0.3099,0.3306,0.3511,0.045,0.0519,0.0594,0.0404,0.0463,0.0523,0.0428,0.0505,0.0591,0.2323,0.2438,0.2566,0.1045,0.1175,0.1302,0.0032,0.0042,0.0056
1999-07-11,0.1225,0.134,0.1454,0.3126,0.3331,0.356,0.0443,0.0515,0.0583,0.0405,0.0463,0.0524,0.0429,0.0509,0.0601,0.2308,0.2429,0.2548,0.1035,0.1164,0.1297,0.0032,0.0042,0.0056
1999-07-18,0.1214,0.1329,0.1443,0.3154,0.3355,0.3592,0.0436,0.0508,0.0581,0.0403,0.0465,0.0526,0.0426,0.0509,0.0606,0.23,0.2416,0.2538,0.1033,0.1159,0.129,0.0032,0.0042,0.0057
1999-07-25,0.1209,0.1317,0.1426,0.3193,0.339,0.3617,0.0435,0.0503,0.0571,0.0403,0.0465,0.0528,0.0426,0.0513,0.0606,0.2286,0.2407,0.2531,0.1021,0.115,0.1286,0.0033,0.0042,0.0058
1999-08-01,0.1206,0.1303,0.1409,0.3253,0.3429,0.3623,0.0432,0.0496,0.0561,0.0407,0.0466,0.0523,0.0434,0.0514,0.0606,0.228,0.2397,0.2515,0.1018,0.1141,0.1263,0.0033,0.0043,0.0058
1999-08-08,0.12,0.1292,0.1389,0.3296,0.3467,0.3644,0.0432,0.049,0.0549,0.0413,0.0467,0.052,0.0438,0.0518,0.06,0.2283,0.2386,0.2497,0.1024,0.1134,0.1241,0.0033,0.0043,0.0057
1999-08-15,0.1195,0.1282,0.1359,0.3362,0.3506,0.3649,0.0433,0.0484,0.0537,0.0421,0.0467,0.0515,0.0454,0.0517,0.0593,0.2285,0.2376,0.2478,0.1032,0.112,0.1218,0.0034,0.0044,0.0058
1999-08-22,0.121,0.128,0.135,0.3393,0.3509,0.3627,0.0436,0.0483,0.0535,0.0423,0.0469,0.0516,0.0459,0.0516,0.0579,0.2299,0.2385,0.2466,0.1033,0.1111,0.1195,0.0034,0.0044,0.0058
1999-08-29,0.1221,0.1293,0.1363,0.3356,0.347,0.359,0.0439,0.0487,0.054,0.0422,0.047,0.0518,0.0455,0.0509,0.057,0.2319,0.2401,0.2484,0.1038,0.1121,0.1202,0.0034,0.0044,0.0058
1999-09-05,0.1239,0.1308,0.1379,0.3308,0.3434,0.3564,0.0443,0.0491,0.0543,0.0425,0.0471,0.0521,0.0449,0.0504,0.0567,0.2327,0.2412,0.2497,0.1041,0.1132,0.1222,0.0033,0.0044,0.0059
1999-09-12,0.124,0.1318,0.1396,0.3283,0.3413,0.3547,0.0449,0.0493,0.0547,0.043,0.0474,0.0523,0.0449,0.0502,0.0565,0.2332,0.2419,0.2507,0.1048,0.1133,0.1216,0.0033,0.0044,0.0059
1999-09-19,0.1248,0.1322,0.1402,0.328,0.3408,0.3539,0.0445,0.0495,0.0549,0.0428,0.0477,0.0527,0.0446,0.0503,0.0567,0.2335,0.2426,0.251,0.1043,0.1125,0.121,0.0033,0.0044,0.0059
1999-09-26,0.1258,0.1324,0.1396,0.3297,0.3409,0.3526,0.0448,0.0495,0.0543,0.0432,0.0479,0.0523,0.0452,0.0504,0.0562,0.2345,0.2426,0.2507,0.1039,0.1118,0.1189,0.0033,0.0044,0.0059
1999-10-03,0.1257,0.133,0.1403,0.3282,0.3397,0.3509,0.0455,0.0501,0.0549,0.0434,0.0482,0.0533,0.0445,0.0502,0.0564,0.2348,0.2431,0.2511,0.104,0.1115,0.119,0.0033,0.0044,0.006
1999-10-10,0.1254,0.1329,0.1409,0.324,0.3383,0.3506,0.0459,0.0507,0.056,0.0434,0.0486,0.0537,0.0442,0.0499,0.0565,0.2342,0.2434,0.2525,0.1039,0.1118,0.1206,0.0033,0.0044,0.006
1999-10-17,0.1247,0.1321,0.1403,0.3243,0.3379,0.3518,0.0464,0.0514,0.057,0.0438,0.0487,0.054,0.0445,0.0504,0.0571,0.234,0.2431,0.2527,0.1025,0.1115,0.1205,0.0033,0.0045,0.0061
1999-10-24,0.1238,0.1313,0.1389,0.3254,0.3393,0.3517,0.0468,0.0521,0.0578,0.0439,0.0487,0.0537,0.0453,0.0509,0.0572,0.2343,0.2424,0.2516,0.1016,0.1107,0.1194,0.0034,0.0045,0.0062
1999-10-31,0.1225,0.1296,0.1362,0.3303,0.3422,0.3551,0.0472,0.0522,0.058,0.0437,0.0485,0.0529,0.0459,0.0513,0.0572,0.2342,0.2423,0.2507,0.1018,0.1093,0.1172,0.0034,0.0045,0.0062
1999-11-07,0.121,0.1271,0.1332,0.3363,0.3474,0.3576,0.0477,0.0522,0.0569,0.0439,0.0479,0.0521,0.0468,0.0514,0.0565,0.2346,0.2416,0.2491,0.101,0.1079,0.115,0.0034,0.0046,0.0063
1999-11-14,0.1203,0.1261,0.1318,0.3398,0.3495,0.3602,0.0486,0.0525,0.0568,0.0436,0.0472,0.0513,0.0473,0.0519,0.0568,0.2339,0.2408,0.248,0.1009,0.1072,0.1137,0.0034,0.0046,0.0063
1999-11-21,0.1207,0.1266,0.1326,0.3401,0.3495,0.3597,0.0486,0.0532,0.0576,0.0426,0.0464,0.05,0.0475,0.0522,0.0572,0.2337,0.2404,0.2474,0.1008,0.1074,0.1137,0.0035,0.0046,0.0063
1999-11-28,0.121,0.1283,0.1351,0.3357,0.347,0.3589,0.0486,0.0532,0.0581,0.0415,0.0459,0.0499,0.0468,0.0521,0.0575,0.2331,0.2405,0.2481,0.1011,0.1087,0.1163,0.0035,0.0046,0.0063
1999-12-05,0.1217,0.1295,0.1368,0.3323,0.345,0.3581,0.0486,0.0533,0.0589,0.0412,0.0457,0.0501,0.0459,0.0513,0.0574,0.2331,0.2408,0.2493,0.102,0.1101,0.1187,0.0034,0.0046,0.0062
1999-12-12,0.1216,0.13,0.1384,0.3287,0.3442,0.3591,0.0482,0.0535,0.059,0.041,0.0456,0.0502,0.045,0.0508,0.0574,0.232,0.2411,0.2499,0.1026,0.111,0.12,0.0034,0.0046,0.0063
1999-12-19,0.1212,0.1303,0.1393,0.3279,0.3434,0.3596,0.0473,0.0534,0.0593,0.0408,0.0455,0.0503,0.0445,0.0506,0.0576,0.2319,0.2405,0.2501,0.1027,0.1121,0.1209,0.0034,0.0046,0.0063
1999-12-26,0.1207,0.1302,0.14,0.3265,0.3433,0.3612,0.0469,0.0535,0.0594,0.0412,0.0459,0.051,0.0441,0.0504,0.0579,0.23,0.2403,0.2501,0.1025,0.1123,0.123,0.0034,0.0046,0.0063
2000-01-02,0.1213,0.1302,0.1393,0.3273,0.3433,0.3607,0.0473,0.0536,0.0597,0.0412,0.0461,0.0512,0.0438,0.0503,0.0574,0.2293,0.2395,0.249,0.1031,0.113,0.1234,0.0033,0.0046,0.0063
2000-01-09,0.1219,0.13,0.1382,0.3283,0.3439,0.358,0.0475,0.0536,0.0592,0.0416,0.0464,0.0511,0.0434,0.05,0.0566,0.2298,0.2392,0.2485,0.1048,0.1134,0.1229,0.0034,0.0046,0.0064
2000-01-16,0.1244,0.1319,0.1398,0.3274,0.3409,0.3543,0.0486,0.0538,0.0595,0.0416,0.0464,0.0509,0.0438,0.0498,0.0557,0.231,0.2394,0.2482,0.1063,0.1143,0.1225,0.0034,0.0046,0.0064
2000-01-23,0.1255,0.1327,0.1395,0.3313,0.3436,0.3555,0.0477,0.0528,0.0577,0.042,0.0467,0.051,0.0437,0.0495,0.0554,0.2319,0.2399,0.2484,0.1046,0.1115,0.1189,0.0034,0.0046,0.0065
2000-01-30,0.1245,0.1316,0.1388,0.3363,0.3476,0.3604,0.047,0.0518,0.0567,0.0429,0.0473,0.0522,0.0434,0.0488,0.0548,0.2317,0.2398,0.2483,0.1016,0.109,0.1168,0.0034,0.0046,0.0065
2000-02-06,0.1235,0.1312,0.1386,0.3373,0.3499,0.3625,0.0463,0.0514,0.0561,0.0431,0.0477,0.0524,0.043,0.0484,0.0539,0.2308,0.2397,0.248,0.1006,0.1082,0.1168,0.0034,0.0047,0.0065
2000-02-13,0.1228,0.1306,0.1379,0.3392,0.3522,0.366,0.046,0.0511,0.0561,0.0431,0.0477,0.0529,0.0427,0.0484,0.0539,0.2298,0.239,0.2476,0.0997,0.1078,0.1161,0.0034,0.0047,0.0065
2000-02-20,0.1225,0.1298,0.1371,0.3423,0.3535,0.3659,0.0464,0.0511,0.0558,0.0433,0.0479,0.0525,0.0435,0.0487,0.0543,0.2295,0.2381,0.2465,0.0995,0.1077,0.1156,0.0034,0.0047,0.0065
2000-02-27,0.1227,0.1294,0.1368,0.3399,0.3515,0.3642,0.0468,0.0515,0.0564,0.0439,0.0484,0.0528,0.0438,0.0496,0.0547,0.2292,0.2376,0.2458,0.1006,0.1083,0.1166,0.0035,0.0048,0.0067
2000-03-05,0.1222,0.1292,0.1363,0.3385,0.3499,0.3621,0.0471,0.0522,0.0568,0.0445,0.0491,0.0539,0.0454,0.0506,0.056,0.2285,0.2368,0.2445,0.1017,0.1087,0.117,0.0036,0.0049,0.0069
2000-03-12,0.1229,0.1307,0.1383,0.3329,0.3459,0.3597,0.0474,0.0521,0.0573,0.0452,0.0496,0.0547,0.0455,0.0513,0.0572,0.2279,0.2366,0.2446,0.1014,0.1097,0.118,0.0036,0.0049,0.0069
2000-03-19,0.1241,0.1317,0.1393,0.3294,0.3443,0.3591,0.0472,0.0521,0.0574,0.0453,0.0501,0.0551,0.0462,0.0521,0.0583,0.2273,0.2363,0.2446,0.1011,0.1095,0.1185,0.0036,0.005,0.007
2000-03-26,0.1247,0.1321,0.1391,0.3319,0.3441,0.3572,0.0472,0.0518,0.0567,0.0458,0.0505,0.0554,0.0476,0.0529,0.0584,0.2274,0.2354,0.2432,0.1017,0.1089,0.1169,0.0037,0.005,0.007
2000-04-02,0.1261,0.1327,0.1397,0.3332,0.3445,0.3561,0.0468,0.0514,0.0562,0.0462,0.0506,0.0553,0.0475,0.0532,0.0593,0.2283,0.236,0.2428,0.1003,0.1076,0.1145,0.0038,0.0051,0.007
2000-04-09,0.126,0.1331,0.1406,0.3333,0.3455,0.3577,0.0467,0.0513,0.0558,0.0461,0.0503,0.0554,0.0474,0.0531,0.0594,0.2292,0.2367,0.2448,0.0988,0.1058,0.1139,0.0037,0.0051,0.0071
2000-04-16,0.1262,0.1332,0.1404,0.3332,0.3456,0.3591,0.0466,0.0513,0.0563,0.0454,0.0502,0.0547,0.0471,0.0527,0.0591,0.23,0.2384,0.2462,0.097,0.1046,0.1123,0.0037,0.005,0.007
2000-04-23,0.126,0.1332,0.1397,0.3361,0.3471,0.3596,0.0465,0.0512,0.0558,0.0455,0.0498,0.0542,0.0462,0.0519,0.0577,0.2324,0.24,0.2485,0.0959,0.1031,0.1101,0.0036,0.005,0.007
2000-04-30,0.126,0.1327,0.1394,0.3385,0.3492,0.3597,0.0468,0.0513,0.0557,0.0459,0.0496,0.0539,0.0464,0.0516,0.0567,0.2324,0.2395,0.2474,0.0962,0.1027,0.1096,0.0036,0.005,0.0071
2000-05-07,0.1262,0.1322,0.1383,0.3398,0.35,0.36,0.0474,0.0518,0.0557,0.0457,0.0495,0.0537,0.0468,0.0519,0.057,0.231,0.2379,0.245,0.0965,0.1034,0.1102,0.0037,0.005,0.0072
2000-05-14,0.1271,0.1331,0.1391,0.3381,0.3486,0.3588,0.0479,0.0521,0.0562,0.0459,0.0495,0.0535,0.0471,0.0518,0.0569,0.23,0.2367,0.2438,0.0978,0.105,0.1111,0.0037,0.0051,0.0073
2000-05-21,0.1286,0.1354,0.1412,0.3348,0.3455,0.3549,0.0479,0.0523,0.0565,0.0455,0.0495,0.0535,0.0467,0.0515,0.0564,0.2301,0.2366,0.2434,0.0998,0.1061,0.1128,0.0037,0.0051,0.0073
2000-05-28,0.1311,0.1381,0.1459,0.331,0.3433,0.3557,0.047,0.0515,0.0564,0.0451,0.0493,0.0542,0.0451,0.0503,0.0559,0.2292,0.2377,0.2451,0.0989,0.1062,0.1143,0.0037,0.0051,0.0073
2000-06-04,0.1326,0.1405,0.1496,0.3291,0.3424,0.3564,0.0452,0.0506,0.0559,0.0449,0.0495,0.0546,0.0437,0.049,0.0547,0.2296,0.239,0.2476,0.0977,0.1059,0.1147,0.0036,0.005,0.0072
2000-06-11,0.133,0.1418,0.1518,0.3246,0.3396,0.3547,0.0447,0.0501,0.0558,0.0447,0.0498,0.0555,0.0435,0.0495,0.056,0.2278,0.2375,0.2472,0.0981,0.1081,0.1178,0.0036,0.0051,0.0072
2000-06-18,0.1334,0.1434,0.1535,0.3215,0.3366,0.3523,0.0441,0.0498,0.0555,0.045,0.05,0.056,0.0446,0.0504,0.0575,0.2259,0.2361,0.2453,0.101,0.1104,0.1204,0.0036,0.0051,0.0073
2000-06-25,0.1352,0.1446,0.1537,0.319,0.3332,0.3482,0.0441,0.0494,0.0551,0.0454,0.0504,0.0563,0.045,0.0512,0.0579,0.2252,0.2345,0.2439,0.1033,0.1126,0.1227,0.0037,0.0052,0.0074
2000-07-02,0.1349,0.1445,0.155,0.3154,0.3327,0.3492,0.0433,0.0492,0.0547,0.0454,0.0504,0.0567,0.0447,0.0513,0.0586,0.2244,0.2341,0.2442,0.1039,0.1141,0.1248,0.0036,0.0052,0.0075
2000-07-09,0.1341,0.144,0.155,0.3144,0.3326,0.3496,0.043,0.049,0.0551,0.0448,0.0503,0.0566,0.0442,0.0514,0.0591,0.2243,0.2345,0.2458,0.1033,0.1143,0.1269,0.0037,0.0052,0.0075
2000-07-16,0.1333,0.1435,0.154,0.3133,0.3319,0.3524,0.0429,0.0489,0.0554,0.0444,0.0501,0.0569,0.0442,0.0511,0.0593,0.2239,0.2347,0.2455,0.1048,0.1155,0.1275,0.0037,0.0052,0.0075
2000-07-23,0.1334,0.1429,0.153,0.3149,0.332,0.3498,0.043,0.0488,0.0548,0.0444,0.05,0.0561,0.0437,0.0508,0.0589,0.2251,0.2352,0.2454,0.106,0.1164,0.1275,0.0037,0.0052,0.0075
2000-07-30,0.1342,0.1424,0.1513,0.318,0.3322,0.3474,0.0435,0.0487,0.0546,0.0445,0.0499,0.0556,0.0441,0.0505,0.0579,0.2258,0.2354,0.2457,0.1077,0.1174,0.1262,0.0037,0.0052,0.0076
2000-08-06,0.1351,0.1437,0.1518,0.3162,0.3293,0.3441,0.0435,0.0486,0.0541,0.0442,0.0493,0.0549,0.0438,0.05,0.0566,0.2267,0.2354,0.2453,0.1105,0.1199,0.1299,0.0036,0.0051,0.0075
2000-08-13,0.1378,0.1456,0.1534,0.3154,0.3267,0.34,0.0438,0.0482,0.0537,0.0439,0.0487,0.0535,0.0437,0.0492,0.0555,0.2273,0.2354,0.2441,0.1147,0.1232,0.132,0.0036,0.0051,0.0076
2000-08-20,0.1393,0.1466,0.1543,0.3125,0.3247,0.3357,0.044,0.0482,0.053,0.044,0.0484,0.053,0.0437,0.0491,0.0546,0.227,0.2349,0.2427,0.1177,0.1254,0.1338,0.0037,0.0052,0.0076
2000-08-27,0.14,0.1473,0.1546,0.3111,0.3217,0.3333,0.044,0.0482,0.0532,0.0442,0.0486,0.0533,0.0444,0.0496,0.0549,0.226,0.2339,0.2426,0.1195,0.1272,0.1358,0.0037,0.0052,0.0076
2000-09-03,0.1382,0.1458,0.1539,0.3116,0.3248,0.3373,0.0431,0.0479,0.0529,0.0437,0.0487,0.0532,0.0445,0.05,0.0563,0.2242,0.2322,0.2414,0.1185,0.1272,0.137,0.0037,0.0053,0.0077
2000-09-10,0.1366,0.1452,0.1535,0.3143,0.3288,0.342,0.0422,0.0471,0.0518,0.0433,0.0484,0.0535,0.0444,0.0499,0.0564,0.2233,0.2321,0.2414,0.1161,0.126,0.1363,0.0037,0.0053,0.0077
2000-09-17,0.1367,0.145,0.154,0.3161,0.3306,0.3449,0.0415,0.0462,0.051,0.0431,0.0482,0.0532,0.044,0.0501,0.0569,0.2232,0.2322,0.2415,0.1147,0.1248,0.1345,0.0037,0.0053,0.0078
2000-09-24,0.138,0.1453,0.1529,0.3209,0.3331,0.3452,0.041,0.0454,0.0497,0.0433,0.048,0.0524,0.0442,0.0499,0.0563,0.2237,0.2325,0.2406,0.115,0.1232,0.1314,0.0037,0.0053,0.0078
2000-10-01,0.1374,0.1443,0.1515,0.3287,0.3392,0.3507,0.0399,0.044,0.0481,0.0438,0.048,0.0522,0.0442,0.0496,0.0552,0.225,0.2325,0.2411,0.1125,0.1197,0.1269,0.0038,0.0054,0.0079
2000-10-08,0.136,0.1441,0.152,0.3272,0.3398,0.353,0.0398,0.0443,0.0487,0.0439,0.0482,0.0533,0.044,0.0494,0.0554,0.2231,0.2318,0.24,0.1111,0.12,0.1284,0.0038,0.0054,0.008
2000-10-15,0.1352,0.1432,0.1513,0.3267,0.3412,0.3553,0.0402,0.0445,0.0489,0.0441,0.0485,0.0538,0.0435,0.0493,0.0559,0.222,0.2305,0.2387,0.1112,0.12,0.1298,0.0038,0.0054,0.0079
2000-10-22,0.1352,0.1428,0.151,0.3277,0.3425,0.3573,0.0404,0.0446,0.049,0.0446,0.0487,0.0537,0.0434,0.0488,0.0549,0.22,0.229,0.2373,0.1117,0.1207,0.1303,0.0038,0.0054,0.0078
2000-10-29,0.1351,0.1424,0.15,0.332,0.3444,0.3567,0.0408,0.0447,0.0489,0.0444,0.0489,0.0537,0.0435,0.0484,0.0543,0.22,0.2276,0.2359,0.1133,0.1208,0.1289,0.0038,0.0054,0.008
2000-11-05,0.1344,0.1408,0.1472,0.3371,0.3476,0.3577,0.0411,0.0449,0.0486,0.045,0.0491,0.0531,0.0434,0.048,0.0531,0.2199,0.2268,0.2341,0.1134,0.1204,0.1278,0.0038,0.0055,0.0082
2000-11-12,0.1331,0.1393,0.1456,0.3403,0.3512,0.3621,0.0414,0.045,0.0488,0.0451,0.0492,0.053,0.0432,0.0477,0.0528,0.2196,0.2265,0.2337,0.1115,0.1188,0.1257,0.0038,0.0055,0.008
2000-11-19,0.1316,0.1378,0.1438,0.3452,0.3544,0.3649,0.0418,0.0456,0.0493,0.045,0.049,0.053,0.0433,0.0479,0.0528,0.22,0.227,0.234,0.109,0.1161,0.1225,0.0039,0.0055,0.008
2000-11-26,0.1301,0.1371,0.1442,0.3431,0.3539,0.3656,0.0424,0.0464,0.0506,0.0452,0.0493,0.0535,0.044,0.0487,0.0542,0.2193,0.2264,0.2341,0.1084,0.1152,0.1224,0.0039,0.0056,0.0081
2000-12-03,0.1302,0.1371,0.144,0.3399,0.3513,0.3629,0.043,0.0473,0.0515,0.0456,0.05,0.0543,0.045,0.0506,0.0568,0.2175,0.2251,0.2333,0.1081,0.1157,0.1235,0.0041,0.0057,0.0082
2000-12-10,0.1289,0.1364,0.1435,0.3392,0.3519,0.3657,0.043,0.0475,0.0523,0.0459,0.0506,0.0552,0.0442,0.0506,0.0573,0.2163,0.2252,0.2345,0.1066,0.115,0.1236,0.0041,0.0057,0.0082
2000-12-17,0.1272,0.1352,0.1438,0.339,0.3543,0.3702,0.0425,0.0475,0.0531,0.0458,0.0507,0.0559,0.0434,0.0499,0.0569,0.2162,0.2254,0.2354,0.1045,0.1139,0.1246,0.0041,0.0058,0.0081
2000-12-24,0.1245,0.1342,0.1443,0.3371,0.356,0.3739,0.0421,0.0477,0.0538,0.0458,0.0512,0.0567,0.0424,0.0492,0.0567,0.2159,0.2257,0.2359,0.1029,0.1135,0.1257,0.0041,0.0057,0.0081
2000-12-31,0.1238,0.1332,0.143,0.34,0.3568,0.3744,0.0425,0.0477,0.0536,0.046,0.0517,0.0572,0.0419,0.0484,0.056,0.2169,0.226,0.2357,0.102,0.1128,0.1245,0.0041,0.0058,0.0082
2001-01-07,0.1233,0.1322,0.142,0.3425,0.3585,0.3757,0.0426,0.0479,0.0539,0.0467,0.052,0.0579,0.0418,0.048,0.055,0.2167,0.2259,0.2351,0.102,0.1121,0.1238,0.0041,0.0058,0.0084
2001-01-14,0.1242,0.1313,0.1395,0.3467,0.3602,0.3736,0.0431,0.048,0.0534,0.0476,0.0525,0.0576,0.0418,0.0474,0.0538,0.2174,0.2262,0.2349,0.1029,0.1118,0.1204,0.0041,0.0058,0.0083
2001-01-21,0.1234,0.1299,0.1362,0.3535,0.3643,0.3743,0.0436,0.048,0.0527,0.0484,0.0527,0.0574,0.0421,0.0466,0.0522,0.2188,0.2268,0.234,0.1028,0.1094,0.1165,0.0041,0.0058,0.0083
2001-01-28,0.1225,0.1296,0.1364,0.3528,0.364,0.3758,0.044,0.0483,0.0528,0.0487,0.0534,0.058,0.041,0.046,0.0511,0.219,0.227,0.2343,0.1024,0.1095,0.1171,0.0042,0.0057,0.0082
2001-02-04,0.1222,0.1289,0.1362,0.3515,0.3642,0.3766,0.044,0.0487,0.0535,0.0489,0.0537,0.0584,0.0407,0.0457,0.0508,0.2188,0.2269,0.2342,0.1021,0.1099,0.1181,0.0042,0.0058,0.0082
2001-02-11,0.1206,0.1281,0.136,0.3512,0.3645,0.3783,0.044,0.0488,0.054,0.0496,0.0543,0.0588,0.0411,0.0462,0.0521,0.2178,0.2264,0.2346,0.1012,0.1089,0.1176,0.0042,0.0058,0.0084
2001-02-18,0.1207,0.1278,0.1353,0.3499,0.3636,0.377,0.044,0.0489,0.054,0.0507,0.0557,0.0609,0.0419,0.0475,0.0537,0.2169,0.2258,0.2343,0.1002,0.1083,0.1168,0.0042,0.006,0.0086
2001-02-25,0.1211,0.1276,0.1344,0.3507,0.3631,0.3752,0.0444,0.0487,0.0535,0.0524,0.0572,0.062,0.0432,0.0487,0.0545,0.2171,0.225,0.2328,0.1,0.1071,0.1147,0.0043,0.0061,0.0086
2001-03-04,0.1206,0.1276,0.1345,0.3515,0.3633,0.3746,0.0438,0.0486,0.0532,0.0532,0.0577,0.0622,0.0435,0.0491,0.0546,0.217,0.2247,0.2323,0.0997,0.1064,0.1146,0.0044,0.0061,0.0086
2001-03-11,0.1194,0.1267,0.1341,0.3529,0.3658,0.3774,0.0432,0.0476,0.0525,0.0551,0.0599,0.0646,0.0437,0.0492,0.0547,0.2167,0.2244,0.2322,0.096,0.1039,0.1124,0.0045,0.0062,0.0088
2001-03-18,0.1189,0.1262,0.1329,0.3535,0.3668,0.3794,0.0419,0.0463,0.0511,0.0579,0.063,0.0686,0.0441,0.0496,0.0554,0.2157,0.2234,0.2313,0.0935,0.1017,0.1097,0.0044,0.0063,0.0089
2001-03-25,0.1187,0.1257,0.1324,0.3544,0.3662,0.3798,0.0406,0.0452,0.0496,0.0613,0.0664,0.0722,0.0443,0.05,0.0563,0.2145,0.222,0.2298,0.0929,0.1006,0.1084,0.0045,0.0064,0.0092
2001-04-01,0.1183,0.1255,0.1323,0.3542,0.3661,0.3776,0.0398,0.044,0.0481,0.0645,0.0698,0.0753,0.0449,0.0505,0.0566,0.2127,0.2204,0.2283,0.0929,0.1003,0.1075,0.0045,0.0066,0.0093
2001-04-08,0.1168,0.1237,0.1312,0.3541,0.3665,0.3795,0.0395,0.0438,0.0479,0.067,0.0723,0.0779,0.0453,0.0508,0.0566,0.2113,0.2189,0.2268,0.0926,0.1003,0.1081,0.0046,0.0066,0.0093
2001-04-15,0.1146,0.1222,0.1293,0.3544,0.3666,0.3813,0.0395,0.044,0.0483,0.069,0.0745,0.0804,0.0445,0.0506,0.0571,0.2089,0.218,0.2266,0.0927,0.1002,0.1077,0.0047,0.0067,0.0094
2001-04-22,0.1136,0.1204,0.1269,0.3552,0.3674,0.3797,0.0399,0.0442,0.0485,0.0714,0.0767,0.0825,0.0449,0.0503,0.0564,0.2088,0.2169,0.2253,0.0928,0.1,0.1075,0.0047,0.0067,0.0095
2001-04-29,0.1121,0.1191,0.1256,0.3578,0.37,0.382,0.0394,0.0437,0.0478,0.0737,0.0788,0.0845,0.0451,0.0504,0.0562,0.2086,0.216,0.2243,0.0912,0.0982,0.1052,0.0047,0.0068,0.0097
2001-05-06,0.1131,0.1196,0.1254,0.3595,0.3707,0.3829,0.0392,0.0428,0.0466,0.0745,0.0791,0.0844,0.0453,0.0502,0.0557,0.2088,0.2167,0.2241,0.0903,0.097,0.1037,0.0047,0.0067,0.0097
2001-05-13,0.1152,0.1211,0.1272,0.3603,0.3703,0.3808,0.0384,0.0419,0.0455,0.0741,0.079,0.084,0.0447,0.0495,0.0552,0.2108,0.2177,0.225,0.0899,0.0963,0.1025,0.0047,0.0068,0.0098
2001-05-20,0.1164,0.1228,0.1289,0.3594,0.37,0.3803,0.0372,0.0409,0.0446,0.0749,0.0797,0.0847,0.0438,0.049,0.0542,0.2119,0.219,0.2267,0.0888,0.0951,0.1014,0.0047,0.0067,0.0098
2001-05-27,0.118,0.124,0.1305,0.3565,0.368,0.3793,0.0363,0.0399,0.0434,0.0763,0.0814,0.0866,0.0432,0.0485,0.0541,0.2134,0.22,0.2275,0.0883,0.0945,0.1014,0.0046,0.0067,0.0098
2001-06-03,0.118,0.1243,0.1317,0.3528,0.365,0.3757,0.0361,0.0398,0.0434,0.0778,0.0833,0.0893,0.0437,0.0488,0.0545,0.2127,0.2197,0.2275,0.0889,0.0954,0.1025,0.0046,0.0068,0.01
2001-06-10,0.1173,0.1238,0.1306,0.3523,0.3637,0.3761,0.0358,0.0399,0.0438,0.0783,0.0838,0.0897,0.0429,0.0486,0.0545,0.2116,0.219,0.2273,0.0895,0.0971,0.1043,0.0047,0.0068,0.0101
2001-06-17,0.116,0.1231,0.1309,0.3516,0.3649,0.3781,0.0353,0.0395,0.0438,0.0783,0.0849,0.0918,0.0419,0.0476,0.0535,0.2093,0.2182,0.227,0.0907,0.0982,0.1071,0.0046,0.0068,0.0102
2001-06-24,0.1148,0.1226,0.1303,0.3517,0.3651,0.3793,0.0344,0.0389,0.0434,0.0792,0.0863,0.0937,0.0406,0.0465,0.0526,0.209,0.2177,0.2267,0.0911,0.0993,0.1088,0.0046,0.0068,0.01
2001-07-01,0.1132,0.1222,0.131,0.3484,0.366,0.383,0.0339,0.0387,0.0438,0.0784,0.0862,0.0948,0.0399,0.0462,0.0531,0.2076,0.2172,0.2277,0.0902,0.1001,0.1109,0.0046,0.0068,0.0102
2001-07-08,0.1117,0.1219,0.1317,0.3473,0.367,0.3872,0.0334,0.0386,0.044,0.0762,0.0849,0.0944,0.0394,0.0462,0.054,0.2062,0.2175,0.2285,0.0891,0.1002,0.1111,0.0046,0.0068,0.0101
2001-07-15,0.1113,0.1215,0.1317,0.3493,0.3693,0.3881,0.0332,0.0385,0.0438,0.075,0.0838,0.0934,0.0389,0.046,0.0542,0.206,0.2176,0.2287,0.0892,0.1001,0.1117,0.0046,0.0068,0.0102
2001-07-22,0.1112,0.1213,0.1316,0.3496,0.3699,0.3895,0.0332,0.0386,0.0436,0.0735,0.0827,0.0916,0.0391,0.0462,0.0537,0.2059,0.2176,0.2285,0.09,0.1005,0.1126,0.0046,0.0068,0.0101
2001-07-29,0.1113,0.121,0.1312,0.3513,0.3712,0.3903,0.0333,0.0383,0.0437,0.0727,0.0816,0.0906,0.0391,0.0462,0.0536,0.2048,0.2173,0.2287,0.0899,0.1005,0.1116,0.0046,0.0068,0.0102
2001-08-05,0.1122,0.1209,0.1297,0.3544,0.3727,0.3911,0.0333,0.0382,0.0434,0.0726,0.0806,0.089,0.0393,0.0462,0.0533,0.2061,0.2175,0.2281,0.0903,0.1009,0.112,0.0046,0.0069,0.0102
2001-08-12,0.1124,0.1204,0.1288,0.3579,0.3736,0.3898,0.0334,0.0382,0.0431,0.0727,0.0798,0.0873,0.04,0.0461,0.0529,0.2077,0.2174,0.2272,0.0925,0.1012,0.1108,0.0047,0.0069,0.0102
2001-08-19,0.1129,0.1206,0.1283,0.3602,0.3743,0.3878,0.0335,0.0379,0.0425,0.0725,0.0787,0.0853,0.0404,0.0461,0.0521,0.2091,0.218,0.2276,0.0932,0.1013,0.1091,0.0046,0.0069,0.0101
2001-08-26,0.1143,0.1211,0.1282,0.3629,0.3743,0.3863,0.0335,0.0376,0.042,0.0711,0.0772,0.0829,0.0404,0.0458,0.0515,0.2122,0.22,0.2286,0.0936,0.1008,0.1079,0.0047,0.0069,0.0101
2001-09-02,0.1146,0.1209,0.1278,0.3629,0.3753,0.3873,0.0333,0.0378,0.0419,0.0691,0.0746,0.0801,0.0404,0.0454,0.0506,0.2138,0.2219,0.2298,0.0948,0.1016,0.1089,0.0047,0.0068,0.0101
2001-09-09,0.1126,0.1194,0.1256,0.3669,0.3791,0.3906,0.0336,0.0377,0.0417,0.0676,0.0727,0.0786,0.0402,0.0453,0.0509,0.2142,0.2226,0.2305,0.0938,0.1007,0.108,0.0047,0.0067,0.0099
2001-09-16,0.1109,0.1178,0.125,0.3701,0.3837,0.3962,0.033,0.0372,0.0412,0.0664,0.072,0.0776,0.0406,0.046,0.0518,0.2134,0.222,0.2299,0.0906,0.099,0.107,0.0048,0.0068,0.0099
2001-09-23,0.1099,0.1166,0.1233,0.376,0.3876,0.4001,0.0328,0.0366,0.0405,0.0663,0.0717,0.0774,0.0416,0.0468,0.0525,0.2127,0.221,0.2288,0.0898,0.0972,0.1042,0.0048,0.007,0.0101
2001-09-30,0.1098,0.1163,0.1229,0.3738,0.386,0.3982,0.0334,0.0373,0.0413,0.0659,0.0716,0.0774,0.0422,0.0477,0.0535,0.2121,0.22,0.2276,0.0908,0.0983,0.1058,0.005,0.0071,0.01
2001-10-07,0.1085,0.1154,0.1227,0.3737,0.3868,0.4002,0.034,0.038,0.0423,0.0652,0.0709,0.0768,0.0426,0.0485,0.0547,0.2103,0.219,0.227,0.0912,0.0981,0.1057,0.0051,0.0072,0.0101
2001-10-14,0.1063,0.1144,0.1211,0.376,0.3892,0.403,0.0346,0.0385,0.0427,0.0648,0.0704,0.0767,0.0434,0.0494,0.0561,0.2089,0.2176,0.226,0.0896,0.0971,0.1059,0.0052,0.0072,0.0102
2001-10-21,0.1063,0.1132,0.1194,0.3794,0.3913,0.4039,0.035,0.039,0.0432,0.065,0.0701,0.0757,0.0446,0.0505,0.0564,0.2082,0.2161,0.2246,0.0894,0.0966,0.1046,0.0053,0.0074,0.0104
2001-10-28,0.1052,0.1118,0.118,0.3822,0.3951,0.4086,0.0355,0.0394,0.0437,0.0641,0.0692,0.0749,0.0444,0.0505,0.057,0.2081,0.216,0.224,0.087,0.0947,0.1019,0.0054,0.0074,0.0104
2001-11-04,0.1046,0.1103,0.1164,0.3869,0.3995,0.4114,0.0363,0.04,0.0439,0.0628,0.0681,0.0733,0.0448,0.0504,0.0564,0.2084,0.2161,0.2241,0.0852,0.0923,0.0995,0.0054,0.0074,0.0103
2001-11-11,0.103,0.1091,0.115,0.3925,0.4045,0.4163,0.0368,0.0404,0.0439,0.0616,0.0663,0.0707,0.0447,0.0503,0.0563,0.2081,0.2156,0.2236,0.0839,0.0908,0.0975,0.0055,0.0074,0.0103
2001-11-18,0.1023,0.1081,0.1136,0.3967,0.4076,0.4188,0.0371,0.0407,0.0442,0.0604,0.0648,0.0692,0.0451,0.0504,0.0558,0.2074,0.2145,0.2221,0.0844,0.0909,0.0976,0.0055,0.0074,0.0102
2001-11-25,0.1026,0.1082,0.114,0.396,0.4073,0.4173,0.0373,0.0412,0.0449,0.0594,0.0634,0.0679,0.0453,0.0506,0.0563,0.207,0.2138,0.2213,0.0863,0.0925,0.0996,0.0056,0.0075,0.0103
2001-12-02,0.1035,0.1103,0.1164,0.3901,0.4023,0.4138,0.0378,0.0416,0.0456,0.0586,0.0635,0.0683,0.0452,0.0505,0.0563,0.2069,0.214,0.2217,0.0881,0.0949,0.1016,0.0056,0.0075,0.0103
2001-12-09,0.1031,0.1099,0.1166,0.3904,0.4041,0.4184,0.0369,0.0409,0.045,0.0593,0.0643,0.0701,0.0442,0.0504,0.0566,0.2047,0.2129,0.2217,0.0874,0.0943,0.1025,0.0056,0.0076,0.0104
2001-12-16,0.1029,0.1096,0.1168,0.3932,0.4064,0.4204,0.0355,0.0399,0.0443,0.0599,0.0652,0.0713,0.0436,0.0501,0.0565,0.2033,0.212,0.2207,0.086,0.0938,0.1011,0.0056,0.0076,0.0105
2001-12-23,0.1014,0.1088,0.1167,0.3956,0.4115,0.4267,0.0345,0.0388,0.0435,0.0591,0.065,0.0712,0.0422,0.0496,0.0563,0.2011,0.2105,0.2204,0.0843,0.0929,0.1016,0.0055,0.0076,0.0106
2001-12-30,0.0998,0.1075,0.1159,0.4016,0.4182,0.435,0.0334,0.0379,0.0423,0.0575,0.0642,0.071,0.0415,0.049,0.0565,0.1992,0.2091,0.2183,0.0833,0.0918,0.1007,0.0056,0.0077,0.0106
2002-01-06,0.0993,0.1065,0.1153,0.4067,0.4236,0.4406,0.0326,0.0369,0.0415,0.0569,0.0634,0.07,0.0415,0.0485,0.056,0.1979,0.207,0.2165,0.0826,0.0907,0.0997,0.0055,0.0077,0.0106
2002-01-13,0.0986,0.1056,0.1136,0.4148,0.4299,0.4449,0.0319,0.036,0.0402,0.0564,0.0626,0.069,0.0412,0.048,0.0549,0.1969,0.2054,0.2145,0.0822,0.0896,0.0982,0.0056,0.0076,0.0106
2002-01-20,0.0982,0.1048,0.1123,0.4227,0.4363,0.4495,0.0309,0.0347,0.0386,0.0561,0.062,0.0674,0.0404,0.0465,0.0526,0.1957,0.2048,0.2137,0.0812,0.0887,0.0963,0.0054,0.0076,0.0106
2002-01-27,0.0949,0.102,0.1092,0.4307,0.4452,0.4589,0.0303,0.034,0.0378,0.0564,0.0618,0.0675,0.0406,0.0466,0.0527,0.1929,0.2016,0.211,0.0794,0.0869,0.0943,0.0055,0.0077,0.0108
2002-02-03,0.092,0.0983,0.1042,0.4424,0.4544,0.4662,0.0298,0.0335,0.037,0.0566,0.0619,0.0672,0.0417,0.0473,0.0533,0.1891,0.1973,0.2058,0.078,0.0851,0.0924,0.0056,0.0078,0.0109
2002-02-10,0.0899,0.0961,0.1021,0.446,0.4583,0.4705,0.0298,0.0336,0.0373,0.0575,0.0624,0.0678,0.042,0.0481,0.0546,0.1867,0.195,0.2027,0.0769,0.0841,0.0918,0.0057,0.0079,0.0111
2002-02-17,0.0889,0.0953,0.1014,0.4452,0.4576,0.4701,0.0304,0.0341,0.0377,0.0579,0.0631,0.0683,0.043,0.0493,0.0555,0.1855,0.1938,0.2019,0.0772,0.0841,0.0914,0.0059,0.008,0.0112
2002-02-24,0.0876,0.0942,0.1005,0.448,0.4628,0.4763,0.0298,0.0338,0.0377,0.0578,0.063,0.0687,0.0426,0.0486,0.0554,0.1853,0.194,0.2021,0.0741,0.0811,0.0884,0.0059,0.0081,0.0111
2002-03-03,0.0864,0.0926,0.0991,0.458,0.4708,0.4835,0.0296,0.0332,0.0367,0.0575,0.0626,0.068,0.0417,0.0475,0.0538,0.1852,0.1942,0.202,0.0707,0.0769,0.0838,0.0058,0.008,0.0111
2002-03-10,0.0855,0.0916,0.0981,0.4644,0.4765,0.4894,0.0292,0.0325,0.0362,0.0572,0.0618,0.0671,0.0409,0.0465,0.0522,0.186,0.1941,0.2021,0.0682,0.0745,0.081,0.0057,0.0079,0.0111
2002-03-17,0.0869,0.0932,0.0991,0.459,0.471,0.482,0.0302,0.0337,0.0374,0.0571,0.0616,0.067,0.0407,0.0463,0.0519,0.1868,0.1943,0.2019,0.071,0.0779,0.0848,0.0058,0.0079,0.0112
2002-03-24,0.0869,0.0936,0.1001,0.4539,0.467,0.4808,0.0312,0.035,0.039,0.057,0.0619,0.0675,0.0409,0.0463,0.0525,0.1869,0.1945,0.2024,0.0725,0.0791,0.0866,0.0058,0.0081,0.0112
2002-03-31,0.0867,0.0926,0.0989,0.4547,0.4681,0.4818,0.0322,0.036,0.0402,0.0567,0.0615,0.0667,0.0408,0.0466,0.0525,0.1867,0.1941,0.2021,0.0719,0.0782,0.0856,0.0059,0.0081,0.0113
2002-04-07,0.0862,0.0922,0.0982,0.4551,0.4682,0.4818,0.0328,0.0367,0.0411,0.0565,0.0613,0.0667,0.0409,0.0468,0.0529,0.1868,0.1942,0.2023,0.0714,0.0779,0.0845,0.0059,0.0082,0.0115
2002-04-14,0.0857,0.0916,0.0972,0.459,0.4712,0.4829,0.0331,0.0368,0.041,0.0559,0.0605,0.0657,0.0411,0.0472,0.0529,0.1867,0.1938,0.2005,0.0709,0.0766,0.0826,0.0059,0.0082,0.0115
2002-04-21,0.087,0.0932,0.0991,0.4542,0.4667,0.4786,0.0339,0.0378,0.042,0.0548,0.0592,0.064,0.041,0.0468,0.0529,0.1879,0.1947,0.2022,0.0732,0.0794,0.086,0.006,0.0082,0.0115
2002-04-28,0.0856,0.0918,0.0979,0.458,0.4709,0.4833,0.034,0.0381,0.0422,0.0535,0.0577,0.0626,0.0412,0.0464,0.0525,0.1871,0.1944,0.202,0.0721,0.0785,0.0852,0.006,0.0082,0.0115
2002-05-05,0.0845,0.0904,0.096,0.4625,0.4742,0.4855,0.0344,0.0382,0.0422,0.0526,0.0572,0.062,0.0419,0.0471,0.0531,0.1861,0.1935,0.2013,0.0705,0.0771,0.083,0.006,0.0084,0.0116
2002-05-12,0.0871,0.0931,0.0989,0.4465,0.459,0.4706,0.036,0.04,0.0439,0.0544,0.0591,0.0636,0.0438,0.0495,0.0555,0.1876,0.1949,0.2023,0.0759,0.0819,0.0884,0.0063,0.0086,0.0117
2002-05-19,0.0887,0.0943,0.1,0.4359,0.4474,0.4592,0.0373,0.0414,0.045,0.057,0.0612,0.0661,0.0459,0.0518,0.0579,0.1874,0.195,0.2023,0.0797,0.086,0.0926,0.0066,0.0088,0.0119
2002-05-26,0.0874,0.0932,0.0994,0.4319,0.4431,0.4545,0.0381,0.0419,0.046,0.0584,0.0632,0.0681,0.047,0.0532,0.0589,0.1861,0.1935,0.2006,0.0823,0.0884,0.0948,0.0068,0.009,0.0119
2002-06-02,0.0843,0.0906,0.0966,0.4345,0.4461,0.4583,0.0376,0.0421,0.0459,0.0594,0.064,0.0691,0.048,0.0541,0.0601,0.1828,0.1904,0.1983,0.0819,0.089,0.0965,0.0068,0.0091,0.0121
2002-06-09,0.0832,0.0897,0.0961,0.4323,0.445,0.4581,0.0378,0.0422,0.0467,0.0601,0.0653,0.0708,0.0495,0.0556,0.0621,0.1809,0.1885,0.1968,0.0822,0.0896,0.0975,0.0071,0.0094,0.0124
2002-06-16,0.0834,0.0901,0.0966,0.4278,0.4413,0.4547,0.0376,0.0422,0.047,0.0612,0.0669,0.073,0.05,0.0569,0.0641,0.1803,0.1884,0.1973,0.0822,0.0897,0.0978,0.0072,0.0095,0.0126
2002-06-23,0.0833,0.0907,0.0977,0.4241,0.4383,0.4526,0.0375,0.0421,0.0474,0.0613,0.0672,0.0741,0.0503,0.0577,0.0649,0.1805,0.1892,0.1983,0.0819,0.0897,0.0983,0.0074,0.0096,0.0126
2002-06-30,0.0837,0.0914,0.0989,0.4194,0.4366,0.4532,0.0369,0.0422,0.0476,0.0601,0.0667,0.0738,0.0504,0.0579,0.0659,0.1805,0.1895,0.1992,0.0824,0.0908,0.1002,0.0074,0.0097,0.0126
2002-07-07,0.0842,0.0921,0.1,0.4172,0.4357,0.4528,0.0365,0.042,0.0475,0.0592,0.0655,0.0725,0.0502,0.058,0.0662,0.1809,0.1902,0.2003,0.0827,0.092,0.1035,0.0074,0.0096,0.0126
2002-07-14,0.0842,0.0928,0.1011,0.4159,0.4345,0.4521,0.0364,0.0419,0.0473,0.0578,0.0645,0.0717,0.0505,0.058,0.0659,0.181,0.1903,0.201,0.0833,0.0935,0.1044,0.0075,0.0096,0.0125
2002-07-21,0.0857,0.0935,0.1012,0.4149,0.4333,0.4503,0.0367,0.0419,0.0472,0.0572,0.0635,0.0703,0.051,0.0577,0.0652,0.1818,0.1911,0.201,0.0856,0.0948,0.105,0.0075,0.0096,0.0124
2002-07-28,0.0857,0.0932,0.1006,0.4195,0.4343,0.4487,0.0368,0.0417,0.0465,0.057,0.0626,0.0682,0.0526,0.0591,0.0656,0.1816,0.1901,0.1991,0.0867,0.0948,0.1036,0.0077,0.0098,0.0124
2002-08-04,0.0847,0.091,0.0976,0.4263,0.439,0.4517,0.0367,0.0411,0.0458,0.0567,0.0618,0.0671,0.0563,0.0626,0.0694,0.1792,0.1872,0.1959,0.0841,0.092,0.1001,0.0081,0.01,0.0126
2002-08-11,0.0825,0.0884,0.0939,0.433,0.4438,0.4543,0.0369,0.0409,0.0448,0.0564,0.0616,0.0663,0.0624,0.0684,0.075,0.1752,0.1825,0.19,0.0826,0.089,0.0953,0.0087,0.0105,0.0129
2002-08-18,0.0844,0.0897,0.0951,0.4241,0.4349,0.4445,0.0384,0.0419,0.0457,0.0563,0.0611,0.0652,0.0683,0.0746,0.0809,0.173,0.1799,0.1866,0.0862,0.092,0.0981,0.0093,0.0109,0.013
2002-08-25,0.0856,0.0909,0.0957,0.4118,0.4209,0.4304,0.0407,0.0445,0.0483,0.0561,0.0604,0.0643,0.0756,0.0816,0.0873,0.1697,0.1758,0.1815,0.093,0.0992,0.1053,0.0098,0.0114,0.0133
2002-09-01,0.0885,0.0929,0.0971,0.3911,0.3994,0.4078,0.0433,0.0466,0.0503,0.0578,0.0616,0.0651,0.0906,0.0962,0.1017,0.1636,0.1692,0.1747,0.1003,0.1053,0.1107,0.011,0.0123,0.0139
2002-09-08,0.0815,0.0852,0.0886,0.3952,0.4027,0.4105,0.0438,0.0462,0.0488,0.0591,0.0622,0.0653,0.1131,0.1187,0.1247,0.1542,0.1581,0.1626,0.0912,0.096,0.1005,0.0128,0.0136,0.0145
2002-09-15,0.0838,0.0838,0.0838,0.3985,0.3985,0.3985,0.0464,0.0464,0.0464,0.0619,0.0619,0.0619,0.1339,0.1339,0.1339,0.1525,0.1525,0.1525,0.0914,0.0914,0.0914,0.0144,0.0144,0.0144
2002-09-22,0.08,0.0846,0.0892,0.3913,0.4022,0.4129,0.0424,0.0454,0.0484,0.0588,0.0617,0.0649,0.1282,0.1342,0.1406,0.1433,0.1499,0.1568,0.0851,0.0904,0.0965,0.0132,0.0142,0.0153
2002-09-29,0.0794,0.0851,0.0908,0.3939,0.4066,0.4189,0.0411,0.0443,0.0478,0.0581,0.0617,0.0657,0.1275,0.1344,0.1414,0.1396,0.1474,0.1553,0.0831,0.0894,0.0962,0.0127,0.014,0.0154
2002-10-06,0.0793,0.0848,0.0909,0.397,0.4104,0.4228,0.0394,0.0429,0.0467,0.0572,0.0614,0.0658,0.1284,0.1365,0.1443,0.1385,0.147,0.1547,0.0803,0.0867,0.0935,0.0123,0.0139,0.0156
2002-10-13,0.0787,0.0845,0.0907,0.3996,0.4122,0.4244,0.0381,0.0419,0.0456,0.0565,0.061,0.0659,0.1304,0.1381,0.1462,0.139,0.1476,0.1559,0.0777,0.0838,0.0901,0.012,0.0138,0.0157
2002-10-20,0.0791,0.0846,0.0911,0.4004,0.4126,0.4248,0.0376,0.0414,0.0451,0.0562,0.0608,0.0661,0.1321,0.1397,0.1477,0.1391,0.1473,0.1553,0.077,0.0828,0.0887,0.0119,0.0137,0.0157
2002-10-27,0.0801,0.0861,0.0928,0.3969,0.4084,0.4217,0.0383,0.042,0.0461,0.0563,0.0608,0.0661,0.1326,0.1405,0.1489,0.139,0.1467,0.1544,0.0776,0.0844,0.0904,0.0118,0.0137,0.0158
2002-11-03,0.082,0.0878,0.0943,0.393,0.4047,0.4159,0.0391,0.0431,0.0471,0.0568,0.0609,0.0658,0.1331,0.1406,0.1485,0.138,0.1457,0.154,0.0802,0.0861,0.0924,0.0118,0.0136,0.0161
2002-11-10,0.0829,0.0884,0.094,0.3922,0.4037,0.4138,0.0393,0.0435,0.0472,0.0569,0.0607,0.0651,0.1323,0.1391,0.1464,0.1403,0.1481,0.1556,0.0801,0.0857,0.0919,0.0118,0.0137,0.0161
2002-11-17,0.0828,0.0881,0.094,0.3945,0.4041,0.4143,0.0393,0.043,0.0468,0.0566,0.0607,0.065,0.1316,0.1384,0.1451,0.1435,0.151,0.1586,0.0779,0.0836,0.0895,0.0117,0.0137,0.0164
2002-11-24,0.0824,0.0879,0.0934,0.3956,0.4055,0.4155,0.0385,0.0422,0.046,0.0564,0.0604,0.0649,0.1319,0.1384,0.1457,0.1464,0.1535,0.1606,0.0758,0.0813,0.0866,0.0115,0.0137,0.0163
2002-12-01,0.0829,0.0884,0.0952,0.3937,0.4042,0.4145,0.0383,0.0421,0.0459,0.0563,0.0608,0.0653,0.132,0.1386,0.1466,0.1453,0.1533,0.1607,0.0754,0.0814,0.0869,0.0115,0.0137,0.0164
2002-12-08,0.0821,0.0886,0.0959,0.391,0.4036,0.4154,0.0378,0.0417,0.0456,0.056,0.0608,0.066,0.1307,0.1387,0.1466,0.146,0.1545,0.1631,0.0744,0.081,0.0877,0.0113,0.0137,0.0166
2002-12-15,0.0813,0.0882,0.096,0.3918,0.4039,0.4168,0.037,0.0412,0.0451,0.0557,0.0606,0.0658,0.1299,0.1382,0.1469,0.1471,0.1561,0.1653,0.0737,0.0802,0.0868,0.0113,0.0137,0.0165
2002-12-22,0.0795,0.0871,0.0954,0.3902,0.4035,0.4179,0.0369,0.0411,0.0453,0.0553,0.0606,0.0659,0.1296,0.1392,0.1483,0.1467,0.1569,0.1675,0.0724,0.0799,0.0882,0.0113,0.0138,0.0166
2002-12-29,0.0778,0.0859,0.0947,0.388,0.4034,0.42,0.0367,0.0413,0.0459,0.0553,0.0607,0.0666,0.1301,0.1402,0.15,0.1468,0.1575,0.1691,0.0714,0.08,0.0888,0.0113,0.0138,0.0166
2003-01-05,0.077,0.0847,0.0926,0.3878,0.4027,0.4183,0.0372,0.0415,0.0462,0.0551,0.0608,0.0666,0.1308,0.1408,0.1507,0.1475,0.1583,0.1695,0.072,0.0797,0.0881,0.0114,0.0138,0.0169
2003-01-12,0.0768,0.0834,0.0912,0.3883,0.4027,0.4158,0.0373,0.0417,0.0463,0.0556,0.0609,0.0665,0.1325,0.1416,0.1515,0.1488,0.1587,0.1693,0.0722,0.0798,0.0872,0.0114,0.0138,0.0169
2003-01-19,0.0757,0.0823,0.0891,0.3904,0.4036,0.4162,0.0377,0.0418,0.0464,0.0555,0.0609,0.0664,0.1328,0.142,0.1519,0.1499,0.159,0.1688,0.0728,0.0795,0.0861,0.0113,0.0138,0.0169
2003-01-26,0.0751,0.0809,0.0869,0.3942,0.4063,0.4179,0.0376,0.0418,0.046,0.0556,0.0607,0.0661,0.1339,0.1421,0.1516,0.1488,0.1579,0.167,0.0728,0.0796,0.086,0.0113,0.0138,0.0169
2003-02-02,0.0741,0.0794,0.0854,0.3973,0.4086,0.4194,0.0385,0.0425,0.0466,0.0558,0.0607,0.0658,0.1332,0.141,0.1497,0.1461,0.1548,0.1628,0.0759,0.082,0.0883,0.0112,0.0138,0.0168
2003-02-09,0.0727,0.0787,0.0853,0.3964,0.4095,0.4219,0.0388,0.0431,0.0475,0.0555,0.0608,0.0662,0.1322,0.1403,0.1493,0.1437,0.1533,0.162,0.0762,0.0831,0.0906,0.0113,0.0138,0.0169
2003-02-16,0.0726,0.0788,0.0853,0.3966,0.4094,0.4244,0.0391,0.0437,0.0483,0.0558,0.0609,0.0663,0.1302,0.1385,0.1473,0.1435,0.1531,0.1624,0.0766,0.0842,0.0918,0.0111,0.0139,0.0169
2003-02-23,0.073,0.0789,0.0852,0.3965,0.4086,0.4206,0.0398,0.0443,0.0488,0.0568,0.0616,0.0667,0.1288,0.1367,0.145,0.1447,0.1536,0.1633,0.0776,0.0849,0.0919,0.0113,0.014,0.0169
2003-03-02,0.0738,0.0799,0.0857,0.3953,0.4065,0.4175,0.0406,0.045,0.0493,0.0573,0.0624,0.0676,0.1274,0.1354,0.1436,0.1454,0.154,0.1627,0.0791,0.0856,0.0922,0.0113,0.014,0.017
2003-03-09,0.0742,0.0806,0.0865,0.3929,0.4057,0.4178,0.0409,0.0455,0.0501,0.0582,0.0631,0.0681,0.1259,0.1342,0.1432,0.1449,0.1541,0.1634,0.0789,0.0856,0.0932,0.0111,0.0141,0.0172
2003-03-16,0.0751,0.0814,0.0879,0.3913,0.4051,0.4188,0.041,0.0459,0.0506,0.0579,0.0636,0.0686,0.1252,0.1336,0.1423,0.1447,0.1538,0.1637,0.078,0.0849,0.0927,0.0111,0.014,0.0173
2003-03-23,0.076,0.0824,0.0889,0.3911,0.4042,0.4175,0.0417,0.0462,0.0508,0.0589,0.0641,0.0689,0.1252,0.133,0.1411,0.1457,0.154,0.1632,0.0774,0.084,0.0908,0.011,0.014,0.0173
2003-03-30,0.0778,0.084,0.0899,0.3891,0.4006,0.4121,0.0424,0.0469,0.0515,0.0598,0.0647,0.07,0.1268,0.1341,0.1419,0.1469,0.1549,0.1634,0.0769,0.0832,0.0902,0.011,0.014,0.0173
2003-04-06,0.0779,0.0845,0.091,0.3846,0.3962,0.4087,0.0429,0.0475,0.0523,0.06,0.0651,0.07,0.128,0.1363,0.1442,0.1474,0.1568,0.166,0.0757,0.0821,0.0894,0.0109,0.014,0.0172
2003-04-13,0.0782,0.0849,0.0919,0.3798,0.3921,0.4054,0.0432,0.048,0.0531,0.0599,0.0652,0.0703,0.1298,0.138,0.1462,0.15,0.1593,0.1696,0.0738,0.0803,0.0877,0.011,0.014,0.0174
2003-04-20,0.0788,0.0854,0.092,0.3763,0.388,0.4006,0.0436,0.0484,0.0533,0.0599,0.065,0.0703,0.1315,0.1403,0.1492,0.1538,0.1628,0.1725,0.072,0.0785,0.0849,0.011,0.014,0.0175
2003-04-27,0.0792,0.0859,0.0927,0.3715,0.3842,0.397,0.0445,0.0491,0.0542,0.0604,0.0652,0.0707,0.1324,0.1409,0.1491,0.1558,0.165,0.1739,0.0718,0.078,0.0847,0.011,0.0141,0.0177
2003-05-04,0.0802,0.0868,0.0934,0.3664,0.3798,0.3918,0.0456,0.0496,0.0541,0.0611,0.0659,0.071,0.1329,0.1408,0.1491,0.1577,0.1666,0.1759,0.0721,0.0786,0.0849,0.011,0.0141,0.0177
2003-05-11,0.082,0.0879,0.0939,0.3641,0.3752,0.3863,0.0458,0.05,0.0544,0.0614,0.066,0.0706,0.1335,0.1414,0.1494,0.1608,0.1689,0.1775,0.0729,0.0785,0.0844,0.011,0.0142,0.0177
2003-05-18,0.0834,0.089,0.0942,0.3599,0.3703,0.3809,0.0459,0.0501,0.0543,0.0618,0.0662,0.0705,0.1352,0.1426,0.1497,0.164,0.1715,0.1793,0.0729,0.0781,0.0837,0.0111,0.0143,0.0177
2003-05-25,0.0845,0.0896,0.0956,0.3567,0.3677,0.3783,0.0464,0.0508,0.0551,0.0629,0.0671,0.0716,0.1345,0.1411,0.1483,0.1649,0.1727,0.181,0.0729,0.0784,0.0843,0.0111,0.0143,0.0179
2003-06-01,0.0841,0.0904,0.0961,0.3552,0.3673,0.3778,0.0465,0.0514,0.0559,0.0632,0.0681,0.0731,0.1319,0.1394,0.1472,0.1639,0.1727,0.1816,0.0727,0.0784,0.0847,0.0111,0.0144,0.018
2003-06-08,0.0837,0.0902,0.0973,0.3557,0.3677,0.3799,0.0466,0.0515,0.0566,0.0638,0.069,0.0743,0.1299,0.1384,0.1472,0.1632,0.1723,0.182,0.0719,0.0785,0.0852,0.0111,0.0144,0.0182
2003-06-15,0.0832,0.0903,0.0978,0.3557,0.3683,0.3821,0.0463,0.0516,0.0566,0.0644,0.0697,0.0753,0.1293,0.1376,0.1467,0.1619,0.1719,0.1819,0.071,0.0779,0.0849,0.0111,0.0143,0.0182
2003-06-22,0.0825,0.09,0.0982,0.3566,0.3705,0.3849,0.0458,0.0512,0.0564,0.0644,0.0702,0.0765,0.1288,0.1371,0.1468,0.1607,0.1713,0.1819,0.07,0.0769,0.0841,0.011,0.0143,0.0183
2003-06-29,0.0816,0.09,0.0985,0.3556,0.371,0.3873,0.0451,0.0509,0.0565,0.0641,0.0703,0.0773,0.1267,0.1365,0.1468,0.1592,0.1715,0.1832,0.0691,0.0768,0.0846,0.0108,0.0144,0.0184
2003-07-06,0.0815,0.0899,0.0993,0.354,0.3719,0.3886,0.045,0.0507,0.0564,0.0636,0.0703,0.0768,0.1261,0.1361,0.1472,0.1581,0.1722,0.1856,0.0683,0.0766,0.0857,0.011,0.0144,0.0184
2003-07-13,0.0809,0.09,0.0999,0.3535,0.3717,0.3911,0.0445,0.0504,0.0573,0.0636,0.0704,0.0777,0.1246,0.1351,0.1477,0.1579,0.1722,0.1851,0.0685,0.0767,0.0861,0.0109,0.0143,0.0184
2003-07-20,0.0818,0.0904,0.0999,0.3538,0.372,0.3903,0.0442,0.0503,0.0572,0.0632,0.0705,0.0774,0.1241,0.1345,0.1465,0.1573,0.1723,0.1868,0.0683,0.0766,0.0865,0.0109,0.0143,0.0183
2003-07-27,0.0813,0.0905,0.0999,0.3544,0.3727,0.3911,0.0442,0.0503,0.0572,0.064,0.0703,0.0774,0.1235,0.1337,0.1453,0.1594,0.1722,0.1859,0.0689,0.0768,0.0856,0.011,0.0143,0.0187
2003-08-03,0.082,0.0903,0.0997,0.3566,0.3728,0.3897,0.0441,0.0501,0.0564,0.0644,0.0704,0.0772,0.1233,0.1333,0.1444,0.1605,0.1726,0.1848,0.0694,0.0769,0.086,0.011,0.0143,0.0185
2003-08-10,0.0829,0.0908,0.0983,0.3587,0.3732,0.3874,0.0444,0.0501,0.0554,0.0646,0.0704,0.0763,0.124,0.1328,0.1426,0.1625,0.1728,0.1841,0.0697,0.0768,0.0846,0.011,0.0143,0.0184
2003-08-17,0.0842,0.0913,0.0983,0.3597,0.3731,0.3861,0.0453,0.0501,0.0556,0.0653,0.0705,0.0766,0.1238,0.1323,0.1408,0.1627,0.1728,0.1832,0.0704,0.0771,0.0838,0.0109,0.0142,0.0184
2003-08-24,0.0858,0.0924,0.0996,0.3604,0.3719,0.3837,0.0459,0.0506,0.0557,0.0658,0.0707,0.0767,0.1233,0.1313,0.1397,0.1637,0.1727,0.181,0.071,0.0772,0.084,0.0111,0.0143,0.0184
2003-08-31,0.0871,0.093,0.0997,0.3611,0.373,0.3839,0.0459,0.0505,0.0556,0.0653,0.071,0.0766,0.1229,0.1309,0.1392,0.1634,0.1723,0.1813,0.0707,0.0764,0.0834,0.011,0.0142,0.0185
2003-09-07,0.0865,0.0929,0.1001,0.3623,0.3747,0.3867,0.0453,0.0499,0.0555,0.0654,0.0707,0.0763,0.1223,0.13,0.139,0.1641,0.173,0.1824,0.0688,0.0752,0.0817,0.011,0.0142,0.0187
2003-09-14,0.0851,0.0918,0.0991,0.3645,0.3771,0.389,0.045,0.0496,0.0548,0.0654,0.0706,0.0763,0.1218,0.1291,0.138,0.1665,0.1753,0.1835,0.0671,0.0732,0.0797,0.011,0.0143,0.0185
2003-09-21,0.0838,0.0902,0.0963,0.3675,0.3794,0.3917,0.0443,0.0494,0.054,0.0651,0.0702,0.0762,0.1204,0.1281,0.1365,0.169,0.1783,0.1875,0.0654,0.0714,0.0769,0.0111,0.0143,0.0188
2003-09-28,0.0822,0.0887,0.0948,0.37,0.3816,0.393,0.0443,0.049,0.0537,0.0647,0.0698,0.0755,0.1194,0.1271,0.1348,0.1709,0.18,0.1897,0.0648,0.0707,0.0761,0.0112,0.0144,0.0185
2003-10-05,0.0816,0.0878,0.0944,0.3696,0.3815,0.3945,0.0438,0.049,0.0538,0.0645,0.0694,0.0747,0.1191,0.1267,0.1334,0.1735,0.1828,0.1925,0.0645,0.0699,0.0758,0.0111,0.0145,0.0187
2003-10-12,0.0807,0.0872,0.094,0.3671,0.3793,0.3913,0.0437,0.0489,0.0538,0.0643,0.0693,0.0749,0.1181,0.1262,0.1336,0.1761,0.1868,0.1966,0.0633,0.0692,0.0756,0.0112,0.0147,0.0188
2003-10-19,0.0799,0.087,0.0941,0.3614,0.374,0.3882,0.0437,0.0489,0.0537,0.0644,0.0694,0.0748,0.1186,0.1264,0.1343,0.1819,0.1925,0.203,0.0623,0.0681,0.074,0.0112,0.0148,0.0192
2003-10-26,0.0808,0.0867,0.0929,0.3574,0.3687,0.3798,0.0442,0.0487,0.0531,0.0648,0.0694,0.0742,0.1195,0.127,0.1344,0.189,0.1985,0.2088,0.0614,0.0668,0.0719,0.0112,0.015,0.0194
2003-11-02,0.082,0.0873,0.0932,0.3536,0.3647,0.3753,0.0441,0.0485,0.053,0.0649,0.0694,0.0744,0.1208,0.1277,0.1348,0.1923,0.2016,0.2117,0.061,0.0663,0.0716,0.0112,0.015,0.0196
2003-11-09,0.0834,0.0889,0.094,0.351,0.3606,0.37,0.0446,0.0487,0.0528,0.0648,0.0695,0.0737,0.1219,0.1282,0.1353,0.1946,0.2038,0.2127,0.0608,0.0663,0.0718,0.0113,0.015,0.0197
2003-11-16,0.0843,0.0898,0.095,0.3486,0.3579,0.3688,0.0446,0.0487,0.0527,0.0649,0.069,0.0738,0.1221,0.1284,0.1353,0.1977,0.2062,0.2143,0.0605,0.0657,0.0707,0.0114,0.015,0.0195
2003-11-23,0.0844,0.0894,0.0948,0.3477,0.3574,0.3669,0.044,0.0481,0.0521,0.0646,0.069,0.0738,0.1212,0.1279,0.1352,0.201,0.2093,0.2177,0.0592,0.0641,0.0692,0.0114,0.015,0.0196
2003-11-30,0.0844,0.0898,0.0955,0.3492,0.36,0.372,0.0436,0.0479,0.0519,0.0649,0.0694,0.0742,0.1188,0.126,0.134,0.1994,0.2085,0.2181,0.0582,0.0636,0.069,0.0114,0.015,0.0195
2003-12-07,0.0857,0.0911,0.0977,0.3496,0.3619,0.374,0.0431,0.0477,0.052,0.0651,0.0695,0.075,0.1167,0.1235,0.1312,0.1981,0.208,0.2188,0.0576,0.0632,0.0687,0.0113,0.015,0.0196
2003-12-14,0.0866,0.0929,0.0994,0.3512,0.3622,0.3742,0.0431,0.0474,0.0518,0.0647,0.0695,0.075,0.1143,0.1211,0.1287,0.1995,0.2097,0.2196,0.057,0.0623,0.0676,0.0113,0.0151,0.0197
2003-12-21,0.0858,0.0932,0.1014,0.3504,0.3644,0.3788,0.0423,0.0469,0.0516,0.0636,0.0689,0.0745,0.1121,0.1199,0.1276,0.1989,0.2097,0.2215,0.0559,0.0615,0.0674,0.0112,0.0152,0.0198
2003-12-28,0.0865,0.0935,0.1014,0.3523,0.3663,0.3809,0.0415,0.0468,0.052,0.0626,0.0681,0.0741,0.111,0.1196,0.1281,0.1984,0.2096,0.2208,0.0555,0.0612,0.0673,0.0112,0.0151,0.0197
2004-01-04,0.087,0.0941,0.1026,0.3528,0.3672,0.3833,0.0417,0.0467,0.0521,0.0619,0.0672,0.0734,0.1111,0.119,0.1278,0.1981,0.2093,0.2205,0.0549,0.0608,0.0667,0.0111,0.015,0.0197
2004-01-11,0.0879,0.0949,0.1022,0.3559,0.3683,0.3821,0.042,0.0467,0.0516,0.0613,0.0662,0.0715,0.1113,0.1194,0.1277,0.1986,0.2095,0.2194,0.0549,0.0603,0.0659,0.011,0.015,0.0199
2004-01-18,0.0877,0.0944,0.1013,0.3573,0.3699,0.382,0.0416,0.0463,0.051,0.0606,0.0653,0.0702,0.1116,0.1189,0.1266,0.2012,0.2121,0.2226,0.0535,0.0584,0.064,0.0109,0.0149,0.0199
2004-01-25,0.0877,0.0944,0.1011,0.3592,0.3716,0.385,0.0412,0.0458,0.0503,0.0593,0.0644,0.0693,0.1114,0.1189,0.1269,0.2023,0.2127,0.2232,0.0523,0.0573,0.0625,0.0108,0.0149,0.0199
2004-02-01,0.0881,0.0947,0.1017,0.3599,0.3734,0.3851,0.0414,0.0458,0.0506,0.059,0.064,0.069,0.1118,0.1195,0.1273,0.2006,0.2111,0.2215,0.0522,0.0574,0.0633,0.0109,0.0148,0.0197
2004-02-08,0.0882,0.0946,0.1016,0.3627,0.3745,0.3859,0.0415,0.0461,0.0504,0.0585,0.0635,0.0687,0.1129,0.1202,0.1277,0.1985,0.2085,0.2182,0.0528,0.058,0.0636,0.0107,0.0148,0.0197
2004-02-15,0.0884,0.0948,0.1021,0.3633,0.3749,0.3873,0.042,0.0467,0.0511,0.0586,0.0635,0.0686,0.1125,0.1198,0.1273,0.1964,0.2073,0.2166,0.0533,0.0585,0.0645,0.0109,0.0148,0.0198
2004-02-22,0.0871,0.0942,0.1014,0.3631,0.3755,0.3889,0.0426,0.047,0.0517,0.0588,0.0637,0.0686,0.1115,0.1188,0.1268,0.197,0.207,0.2168,0.0532,0.0589,0.0646,0.011,0.0149,0.0199
2004-02-29,0.0863,0.0929,0.0998,0.3658,0.3772,0.3903,0.0426,0.0473,0.0519,0.0587,0.0638,0.0685,0.11,0.1173,0.1251,0.1972,0.2077,0.2185,0.053,0.0588,0.0644,0.011,0.015,0.0201
2004-03-07,0.0856,0.0917,0.0983,0.3686,0.3797,0.3915,0.0429,0.0471,0.0516,0.0592,0.064,0.0687,0.1091,0.1159,0.1232,0.199,0.2079,0.2181,0.0526,0.0581,0.0635,0.0109,0.0152,0.0201
2004-03-14,0.085,0.0911,0.0979,0.367,0.3799,0.3923,0.0427,0.0475,0.052,0.0593,0.0644,0.0692,0.1069,0.1142,0.1213,0.2005,0.2105,0.2202,0.0519,0.0575,0.0624,0.011,0.0151,0.0203
2004-03-21,0.0844,0.0914,0.0982,0.3652,0.3782,0.3911,0.0427,0.0476,0.0525,0.0601,0.0649,0.0704,0.1053,0.1125,0.1198,0.2023,0.2131,0.2238,0.0512,0.0568,0.0627,0.011,0.0153,0.0204
2004-03-28,0.085,0.0917,0.0985,0.3651,0.3774,0.3894,0.0432,0.0479,0.0528,0.0605,0.0654,0.0704,0.1053,0.1118,0.1189,0.2038,0.2139,0.2252,0.0512,0.0563,0.0619,0.0111,0.0154,0.0206
2004-04-04,0.0849,0.0915,0.098,0.3657,0.378,0.3888,0.0429,0.0473,0.052,0.0604,0.0653,0.0702,0.1053,0.1119,0.1191,0.2056,0.2157,0.2258,0.05,0.0549,0.0605,0.011,0.0153,0.0208
2004-04-11,0.0844,0.0906,0.0972,0.3669,0.3791,0.3907,0.0419,0.0463,0.0507,0.0599,0.0646,0.0697,0.1061,0.1123,0.1195,0.2075,0.218,0.2286,0.0486,0.0534,0.058,0.0109,0.0151,0.021
2004-04-18,0.0844,0.0906,0.0973,0.3668,0.3792,0.3917,0.0412,0.0455,0.0498,0.0591,0.0644,0.0693,0.105,0.1124,0.1197,0.209,0.22,0.2312,0.0474,0.0522,0.0572,0.0109,0.0153,0.0211
2004-04-25,0.0846,0.0916,0.0984,0.3652,0.3778,0.3913,0.0408,0.0453,0.05,0.0589,0.0642,0.0692,0.1045,0.112,0.1194,0.2101,0.2219,0.2333,0.0466,0.052,0.0571,0.0109,0.0153,0.0214
2004-05-02,0.0866,0.0932,0.1007,0.3636,0.376,0.3879,0.0412,0.0457,0.0501,0.0591,0.0645,0.0693,0.1046,0.1116,0.1188,0.2098,0.2211,0.2315,0.0472,0.0527,0.0579,0.0109,0.0153,0.0213
2004-05-09,0.089,0.0951,0.1018,0.3625,0.373,0.3839,0.0423,0.0467,0.051,0.0603,0.0653,0.0696,0.1044,0.1108,0.1176,0.2086,0.2189,0.2282,0.0493,0.0543,0.0596,0.011,0.0155,0.0213
2004-05-16,0.091,0.0969,0.1032,0.3576,0.3681,0.3783,0.0439,0.0481,0.0523,0.062,0.0663,0.0708,0.1037,0.11,0.1159,0.21,0.2192,0.2283,0.0507,0.0552,0.0601,0.011,0.0157,0.0213
2004-05-23,0.0925,0.0987,0.1056,0.3514,0.3625,0.3736,0.045,0.0495,0.0536,0.0633,0.0679,0.0729,0.1022,0.1085,0.115,0.2107,0.2205,0.2304,0.0507,0.0556,0.061,0.0111,0.0157,0.0217
2004-05-30,0.0941,0.1009,0.1083,0.3453,0.3584,0.3711,0.0459,0.0506,0.0558,0.0646,0.0694,0.0745,0.1004,0.1075,0.1142,0.2094,0.2206,0.231,0.0508,0.0559,0.0615,0.0111,0.0158,0.0218
2004-06-06,0.0954,0.1028,0.1109,0.3423,0.3561,0.3689,0.0465,0.0518,0.0572,0.0654,0.0705,0.0758,0.099,0.1065,0.1141,0.2077,0.2187,0.2296,0.0508,0.0565,0.0619,0.011,0.016,0.0222
2004-06-13,0.0958,0.1036,0.1126,0.3421,0.3546,0.3684,0.0471,0.0523,0.0576,0.0658,0.0711,0.0774,0.0984,0.106,0.1139,0.2061,0.218,0.2299,0.0507,0.0565,0.0624,0.0111,0.0159,0.0222
2004-06-20,0.095,0.1029,0.1124,0.3425,0.3548,0.3696,0.047,0.0527,0.0584,0.0658,0.0716,0.0774,0.0973,0.1057,0.1144,0.205,0.2178,0.2303,0.0503,0.0565,0.0625,0.0113,0.016,0.0221
2004-06-27,0.0934,0.1014,0.1099,0.3431,0.3567,0.372,0.047,0.0526,0.0588,0.0655,0.0715,0.0779,0.0975,0.1058,0.1142,0.2061,0.2181,0.2306,0.0496,0.0559,0.0626,0.0111,0.0161,0.0222
2004-07-04,0.0914,0.1002,0.1087,0.3427,0.3574,0.3739,0.0467,0.0523,0.059,0.0653,0.0716,0.0785,0.0971,0.106,0.1149,0.2048,0.2189,0.2324,0.0493,0.056,0.0627,0.0113,0.0162,0.022
2004-07-11,0.0902,0.0995,0.1085,0.339,0.3564,0.3739,0.0464,0.0525,0.0595,0.0649,0.0719,0.079,0.0967,0.1057,0.1148,0.2053,0.22,0.2346,0.0493,0.0558,0.063,0.0114,0.0162,0.0223
2004-07-18,0.0897,0.099,0.1091,0.337,0.3551,0.3749,0.0464,0.0528,0.0603,0.0647,0.0721,0.0794,0.0962,0.1054,0.1154,0.2058,0.221,0.2358,0.0494,0.0559,0.0636,0.0115,0.0163,0.0226
2004-07-25,0.0894,0.0986,0.1084,0.3349,0.3545,0.373,0.0467,0.053,0.0606,0.0654,0.0724,0.0799,0.0963,0.1054,0.1154,0.2052,0.222,0.2378,0.0493,0.056,0.0634,0.0115,0.0164,0.0225
2004-08-01,0.0891,0.098,0.1081,0.3347,0.3529,0.3717,0.0472,0.0533,0.0607,0.0656,0.0726,0.0807,0.0958,0.1052,0.1143,0.2074,0.2231,0.2389,0.0489,0.0559,0.0635,0.0115,0.0166,0.0226
2004-08-08,0.0887,0.0976,0.1067,0.3352,0.3509,0.3686,0.0477,0.0535,0.0603,0.0663,0.073,0.0801,0.0968,0.105,0.114,0.2091,0.2246,0.2399,0.0497,0.056,0.0629,0.0115,0.0166,0.0227
2004-08-15,0.0893,0.0976,0.1051,0.3359,0.35,0.3641,0.0484,0.0538,0.0597,0.0675,0.0732,0.0794,0.0977,0.105,0.1127,0.2133,0.2257,0.2381,0.0499,0.0563,0.0625,0.0117,0.0168,0.0227
2004-08-22,0.0893,0.0962,0.1028,0.3354,0.3477,0.3601,0.0486,0.0539,0.0592,0.0676,0.0731,0.0789,0.0989,0.1057,0.1134,0.218,0.2292,0.2398,0.0504,0.0558,0.0613,0.0118,0.0169,0.0229
2004-08-29,0.0882,0.0944,0.1007,0.3322,0.3443,0.356,0.0485,0.0533,0.0582,0.0678,0.073,0.078,0.1001,0.1069,0.1135,0.2248,0.2351,0.2457,0.0492,0.0545,0.0596,0.012,0.0171,0.0228
2004-09-05,0.0861,0.0923,0.098,0.3319,0.3431,0.3542,0.0475,0.0523,0.0569,0.0674,0.0725,0.0777,0.1011,0.1079,0.1148,0.2303,0.2404,0.2507,0.0479,0.0525,0.0576,0.0122,0.0173,0.023
2004-09-12,0.0839,0.0897,0.0958,0.3317,0.3429,0.3541,0.0467,0.0515,0.0562,0.0669,0.0721,0.0774,0.1028,0.1092,0.1167,0.2339,0.2439,0.2543,0.0464,0.0511,0.0561,0.0122,0.0173,0.0233
2004-09-19,0.081,0.0868,0.0929,0.3315,0.3441,0.3563,0.0453,0.0504,0.0551,0.066,0.0711,0.0766,0.1025,0.1095,0.1167,0.2387,0.2498,0.2605,0.0441,0.0491,0.0538,0.0124,0.0173,0.0236
2004-09-26,0.0768,0.0835,0.0903,0.3332,0.3457,0.3582,0.0444,0.0492,0.0541,0.0646,0.0699,0.0753,0.102,0.1092,0.1171,0.2443,0.2561,0.2691,0.0423,0.047,0.0521,0.0125,0.0174,0.024
2004-10-03,0.0742,0.0802,0.0869,0.3357,0.3495,0.361,0.0435,0.048,0.0528,0.0636,0.0689,0.0739,0.1021,0.1089,0.1163,0.2483,0.26,0.272,0.0408,0.0452,0.0499,0.0127,0.0175,0.0239
2004-10-10,0.0715,0.0775,0.0837,0.3437,0.3549,0.3663,0.0429,0.0472,0.0517,0.0639,0.0687,0.0739,0.1008,0.1079,0.1147,0.248,0.2587,0.2703,0.0408,0.0451,0.0495,0.0127,0.0176,0.024
2004-10-17,0.069,0.075,0.0814,0.3492,0.3606,0.373,0.0423,0.0466,0.0511,0.0633,0.0685,0.074,0.0992,0.1066,0.1135,0.2468,0.2583,0.2708,0.0406,0.0447,0.0495,0.0127,0.0177,0.0239
2004-10-24,0.0677,0.0733,0.0791,0.3523,0.3647,0.3777,0.0419,0.0464,0.0508,0.0632,0.0684,0.0734,0.0989,0.1058,0.1126,0.2459,0.2575,0.2689,0.0403,0.0446,0.0493,0.0127,0.0179,0.024
2004-10-31,0.0673,0.0731,0.0781,0.3572,0.3681,0.3795,0.0427,0.0466,0.0512,0.0639,0.0686,0.0736,0.0993,0.1058,0.1125,0.2412,0.2525,0.2641,0.0409,0.0455,0.0502,0.0126,0.018,0.024
2004-11-07,0.0688,0.0738,0.0787,0.3569,0.3676,0.3776,0.0446,0.0483,0.0523,0.0649,0.0694,0.0739,0.1016,0.1077,0.1143,0.2363,0.2464,0.256,0.0431,0.0474,0.052,0.0129,0.0182,0.0238
2004-11-14,0.0686,0.0737,0.0789,0.3544,0.365,0.3746,0.0455,0.0494,0.0535,0.065,0.0698,0.0744,0.103,0.1089,0.1148,0.2355,0.2452,0.2539,0.0443,0.0485,0.0532,0.0133,0.0182,0.0238
2004-11-21,0.0681,0.073,0.078,0.3515,0.3635,0.3733,0.0453,0.0494,0.0536,0.0653,0.0701,0.0743,0.1034,0.1093,0.1157,0.2365,0.2465,0.2562,0.0444,0.0487,0.0533,0.0135,0.0184,0.024
2004-11-28,0.067,0.0721,0.0777,0.3544,0.3646,0.3746,0.0445,0.0486,0.053,0.0652,0.0698,0.0747,0.1031,0.1092,0.115,0.2371,0.2474,0.2572,0.0437,0.0483,0.0531,0.0135,0.0185,0.0239
2004-12-05,0.0668,0.072,0.0775,0.3517,0.3631,0.375,0.0438,0.0479,0.0524,0.0649,0.0698,0.0747,0.1026,0.1094,0.1163,0.239,0.2497,0.26,0.0433,0.0477,0.0525,0.0135,0.0186,0.0244
2004-12-12,0.0666,0.072,0.0773,0.3493,0.3606,0.3733,0.0435,0.0479,0.0526,0.0646,0.0697,0.0746,0.1034,0.1104,0.1171,0.2411,0.2522,0.2626,0.0428,0.0473,0.052,0.0135,0.0186,0.0241
2004-12-19,0.0653,0.0711,0.0776,0.3463,0.3597,0.3736,0.0426,0.0474,0.0526,0.0636,0.0692,0.0744,0.1033,0.111,0.1191,0.2413,0.2544,0.2669,0.0414,0.0463,0.0517,0.0134,0.0187,0.0243
2004-12-26,0.0638,0.0701,0.0767,0.345,0.3599,0.375,0.042,0.0468,0.0524,0.0634,0.0688,0.0749,0.1029,0.1114,0.1202,0.2421,0.2567,0.2712,0.0401,0.0452,0.0507,0.0134,0.0187,0.0247
2005-01-02,0.0625,0.0691,0.0757,0.3455,0.3603,0.3761,0.0414,0.0464,0.0516,0.0628,0.0683,0.074,0.104,0.1118,0.1213,0.2459,0.2589,0.272,0.0392,0.0443,0.0496,0.0135,0.0188,0.0251
2005-01-09,0.0623,0.0678,0.0738,0.3476,0.3605,0.3741,0.0412,0.0457,0.0504,0.0625,0.0679,0.0732,0.105,0.1123,0.1208,0.2488,0.2614,0.2735,0.0385,0.0432,0.048,0.0135,0.0189,0.0253
2005-01-16,0.0626,0.0676,0.0724,0.3463,0.3578,0.3676,0.0424,0.0465,0.0509,0.0632,0.0678,0.0727,0.1058,0.1126,0.1197,0.2536,0.2642,0.2745,0.0388,0.0428,0.0469,0.0136,0.0191,0.0254
2005-01-23,0.0615,0.0666,0.072,0.3467,0.3577,0.3692,0.0429,0.0472,0.0517,0.0627,0.0678,0.073,0.1067,0.1136,0.1203,0.2523,0.2632,0.2736,0.0382,0.0425,0.047,0.0138,0.0191,0.0257
2005-01-30,0.06,0.0651,0.0698,0.3463,0.3569,0.3673,0.0433,0.0475,0.0519,0.0624,0.0674,0.0722,0.1071,0.1142,0.1212,0.2552,0.2657,0.276,0.0378,0.042,0.0462,0.0138,0.0192,0.0264
2005-02-06,0.0602,0.0652,0.0701,0.3452,0.3575,0.3694,0.0441,0.0488,0.0537,0.0622,0.0673,0.0724,0.1083,0.115,0.1221,0.2509,0.2617,0.2739,0.0389,0.0433,0.048,0.0139,0.0193,0.0262
2005-02-13,0.0609,0.0664,0.0716,0.3394,0.352,0.3641,0.0461,0.0508,0.0563,0.0625,0.068,0.0727,0.1078,0.1152,0.1232,0.2494,0.2613,0.2741,0.0399,0.0446,0.0496,0.014,0.0195,0.0264
2005-02-20,0.0614,0.0678,0.0733,0.3312,0.3437,0.3566,0.0473,0.0526,0.0583,0.0627,0.0682,0.0733,0.1081,0.1155,0.1236,0.2526,0.2647,0.2764,0.0407,0.0455,0.0507,0.0142,0.0198,0.0267
2005-02-27,0.0623,0.0683,0.074,0.325,0.3364,0.3492,0.0487,0.0538,0.0597,0.0619,0.0681,0.0731,0.1095,0.1169,0.1251,0.2548,0.2672,0.2792,0.0416,0.0464,0.052,0.0144,0.02,0.0269
2005-03-06,0.0624,0.0682,0.0742,0.3218,0.3339,0.3458,0.0489,0.0539,0.0601,0.0618,0.0674,0.0723,0.1107,0.1178,0.1264,0.2564,0.2685,0.2801,0.0419,0.0467,0.0524,0.0145,0.0201,0.0273
2005-03-13,0.0618,0.0672,0.0728,0.32,0.3308,0.3426,0.0484,0.0534,0.0587,0.0612,0.0662,0.0709,0.1105,0.1174,0.1249,0.264,0.2753,0.2858,0.0409,0.0458,0.0505,0.0147,0.0202,0.0278
2005-03-20,0.0607,0.0665,0.0716,0.3159,0.3281,0.3397,0.0481,0.0527,0.0586,0.0607,0.0659,0.0708,0.1093,0.1161,0.1236,0.2706,0.2818,0.2934,0.0397,0.0449,0.0495,0.0147,0.0206,0.028
2005-03-27,0.0603,0.0662,0.0716,0.314,0.3261,0.339,0.0476,0.0529,0.0588,0.0608,0.0662,0.0717,0.1072,0.1153,0.1231,0.2711,0.2839,0.2977,0.0396,0.0448,0.0501,0.0148,0.021,0.0284
2005-04-03,0.0605,0.066,0.0715,0.31,0.3225,0.3352,0.0478,0.0531,0.0591,0.0616,0.0669,0.0726,0.1055,0.1134,0.1214,0.2761,0.2878,0.3015,0.0397,0.0447,0.0501,0.015,0.0211,0.029
2005-04-10,0.0603,0.0659,0.0712,0.3098,0.3212,0.3328,0.0479,0.0526,0.0581,0.0621,0.0674,0.0728,0.1054,0.1127,0.1199,0.2796,0.2904,0.302,0.0404,0.0447,0.0497,0.0153,0.0213,0.0294
2005-04-17,0.0587,0.0642,0.0697,0.3113,0.3229,0.3359,0.0463,0.051,0.0563,0.0621,0.0671,0.0722,0.1058,0.1136,0.121,0.28,0.2915,0.3031,0.0396,0.0438,0.0489,0.0152,0.0214,0.0295
2005-04-24,0.0583,0.0633,0.0687,0.313,0.3253,0.3375,0.0445,0.0495,0.0541,0.0614,0.0669,0.0723,0.1067,0.1139,0.1231,0.28,0.2922,0.3047,0.0387,0.0434,0.0481,0.0152,0.0214,0.0293
2005-05-01,0.0591,0.0641,0.0693,0.3141,0.3264,0.3379,0.0441,0.0484,0.0531,0.062,0.067,0.0718,0.1067,0.1136,0.1212,0.2801,0.2915,0.3037,0.0386,0.0433,0.048,0.0151,0.0214,0.0292
2005-05-08,0.0601,0.0649,0.0697,0.3217,0.3326,0.3436,0.0428,0.047,0.0512,0.0631,0.0677,0.0721,0.1049,0.1111,0.1179,0.2779,0.2882,0.2995,0.0385,0.0431,0.0475,0.0152,0.0215,0.0288
2005-05-15,0.0606,0.0652,0.0704,0.3246,0.3347,0.3458,0.0426,0.0465,0.0509,0.0634,0.0679,0.0729,0.1036,0.1093,0.1158,0.2784,0.2882,0.2976,0.0383,0.0424,0.0468,0.0154,0.0214,0.0287
2005-05-22,0.0604,0.0653,0.0705,0.323,0.3334,0.3451,0.0424,0.0465,0.0507,0.0633,0.0682,0.0735,0.1021,0.1082,0.1149,0.2807,0.2904,0.3011,0.0375,0.0419,0.0461,0.0157,0.0216,0.0294
2005-05-29,0.0602,0.0648,0.0701,0.316,0.3285,0.3411,0.0425,0.0467,0.0514,0.063,0.0679,0.0739,0.1012,0.1079,0.1146,0.2842,0.297,0.309,0.0366,0.0412,0.046,0.0157,0.0218,0.0294
2005-06-05,0.0595,0.064,0.0692,0.3103,0.3221,0.3335,0.0426,0.0471,0.0519,0.0631,0.0677,0.0731,0.1012,0.1078,0.1148,0.2919,0.3037,0.3163,0.0364,0.0408,0.0452,0.0157,0.022,0.0297
2005-06-12,0.0597,0.0645,0.0698,0.3058,0.3178,0.3285,0.0443,0.0485,0.0535,0.064,0.069,0.0743,0.1003,0.1074,0.1145,0.293,0.3042,0.3157,0.0376,0.042,0.0469,0.0159,0.0222,0.0301
2005-06-19,0.0589,0.0643,0.07,0.3015,0.3147,0.3265,0.0443,0.0493,0.0546,0.0643,0.0699,0.0762,0.0984,0.106,0.1134,0.2923,0.3055,0.3185,0.0379,0.0428,0.0476,0.0164,0.0226,0.0306
2005-06-26,0.0579,0.0635,0.07,0.2982,0.3135,0.3264,0.0439,0.0489,0.0545,0.0643,0.0705,0.0769,0.096,0.1038,0.1117,0.2949,0.31,0.3253,0.0375,0.0423,0.0478,0.0166,0.0229,0.0305
2005-07-03,0.0567,0.0624,0.0688,0.2971,0.3115,0.3265,0.0431,0.0485,0.0546,0.0642,0.0706,0.0775,0.0941,0.1016,0.1104,0.2987,0.3144,0.3306,0.0373,0.0422,0.0477,0.0167,0.0232,0.031
2005-07-10,0.0557,0.0616,0.0687,0.2987,0.3139,0.3286,0.0424,0.0484,0.0542,0.0644,0.0705,0.0776,0.0932,0.1008,0.1094,0.2966,0.3133,0.3316,0.037,0.0425,0.0483,0.0166,0.0234,0.0311
2005-07-17,0.0551,0.0611,0.0682,0.3022,0.3173,0.3325,0.0421,0.048,0.0543,0.0644,0.0705,0.0777,0.0927,0.1007,0.1093,0.2938,0.3106,0.3267,0.0376,0.0431,0.0487,0.0168,0.0233,0.0311
2005-07-24,0.0551,0.0606,0.0668,0.3066,0.3213,0.3347,0.0421,0.0477,0.0535,0.0646,0.0703,0.077,0.0925,0.1006,0.1083,0.2932,0.3077,0.3227,0.0383,0.0435,0.0491,0.0172,0.0234,0.0314
2005-07-31,0.0543,0.0601,0.0662,0.3106,0.3243,0.3387,0.0418,0.0473,0.0527,0.0635,0.0698,0.0758,0.0932,0.101,0.109,0.29,0.3057,0.3216,0.0382,0.0435,0.049,0.0173,0.0235,0.0312
2005-08-07,0.0541,0.0597,0.0658,0.3135,0.3275,0.3408,0.0415,0.0466,0.0518,0.0626,0.0691,0.0752,0.0931,0.1008,0.1092,0.2902,0.3038,0.3191,0.0382,0.0435,0.0492,0.0172,0.0235,0.0311
2005-08-14,0.0536,0.0592,0.0649,0.3189,0.3309,0.3435,0.041,0.0457,0.0504,0.0625,0.0682,0.0739,0.0936,0.1001,0.1079,0.2911,0.3037,0.3182,0.0382,0.0431,0.0484,0.0177,0.0236,0.0309
2005-08-21,0.0539,0.0592,0.0643,0.3215,0.3336,0.3447,0.0407,0.0451,0.0493,0.0631,0.0681,0.0735,0.0923,0.0991,0.1067,0.2916,0.3033,0.3161,0.0382,0.0431,0.0481,0.0177,0.0237,0.0312
2005-08-28,0.054,0.0591,0.0641,0.3267,0.3374,0.3495,0.0397,0.0443,0.0486,0.0633,0.0685,0.0739,0.0892,0.096,0.1021,0.2908,0.3028,0.3152,0.0378,0.0428,0.0476,0.0179,0.024,0.0312
2005-09-04,0.0536,0.0582,0.063,0.3311,0.3418,0.3521,0.0393,0.0435,0.0477,0.0639,0.069,0.0742,0.0864,0.0922,0.098,0.2931,0.3042,0.3153,0.0374,0.0419,0.0467,0.0179,0.0243,0.0319
2005-09-11,0.0527,0.0573,0.062,0.3325,0.3437,0.3544,0.0395,0.0435,0.0479,0.0642,0.069,0.074,0.0849,0.0906,0.0966,0.293,0.3047,0.3153,0.0372,0.0416,0.0464,0.0185,0.0245,0.0321
2005-09-18,0.052,0.0566,0.0613,0.3336,0.3457,0.358,0.0394,0.0437,0.0482,0.0638,0.069,0.0743,0.0834,0.0897,0.096,0.2908,0.3038,0.3153,0.037,0.0415,0.0464,0.0185,0.0249,0.0324
2005-09-25,0.051,0.0559,0.0609,0.3353,0.3486,0.3613,0.0395,0.0436,0.0483,0.0639,0.0692,0.0749,0.0822,0.0886,0.095,0.2903,0.303,0.3154,0.0368,0.0412,0.0462,0.0187,0.0252,0.0328
2005-10-02,0.0504,0.0551,0.0606,0.3365,0.3493,0.361,0.0392,0.0436,0.0484,0.0631,0.0684,0.0738,0.0823,0.0885,0.0953,0.2918,0.303,0.3151,0.0364,0.041,0.0453,0.0187,0.0253,0.0336
2005-10-09,0.0506,0.0549,0.0599,0.3353,0.3466,0.3583,0.0399,0.044,0.0489,0.0631,0.0682,0.073,0.0824,0.0887,0.095,0.2939,0.3049,0.3162,0.0366,0.0413,0.0458,0.0191,0.0258,0.0337
2005-10-16,0.0506,0.0552,0.0603,0.3322,0.3446,0.3564,0.0404,0.0448,0.0492,0.0636,0.0686,0.0734,0.0831,0.0894,0.0957,0.2921,0.304,0.3165,0.0371,0.0416,0.0464,0.0191,0.0262,0.0339
2005-10-23,0.0505,0.0552,0.0608,0.3326,0.3459,0.3582,0.0407,0.0452,0.0499,0.0638,0.069,0.0741,0.0846,0.0907,0.097,0.2879,0.3002,0.3123,0.0373,0.042,0.0471,0.0191,0.0262,0.0342
2005-10-30,0.0504,0.0552,0.0608,0.3377,0.3499,0.3618,0.0406,0.0449,0.0497,0.064,0.0692,0.0743,0.0861,0.0919,0.0988,0.2827,0.2945,0.3069,0.0377,0.042,0.0467,0.0194,0.0263,0.0344
2005-11-06,0.0499,0.0546,0.059,0.3464,0.3579,0.3684,0.0403,0.0448,0.0496,0.0642,0.0687,0.0734,0.0878,0.0938,0.1006,0.2757,0.2862,0.2973,0.0378,0.0422,0.0469,0.0191,0.0262,0.0349
2005-11-13,0.0496,0.0539,0.0583,0.3481,0.3588,0.369,0.0412,0.0452,0.0494,0.0646,0.0693,0.0737,0.0876,0.0935,0.0996,0.2752,0.286,0.2964,0.0379,0.0421,0.0464,0.0193,0.0263,0.0344
2005-11-20,0.0501,0.0545,0.059,0.3491,0.3599,0.3715,0.0417,0.046,0.0508,0.0653,0.0702,0.0751,0.0871,0.093,0.099,0.2705,0.2815,0.292,0.0387,0.0432,0.0476,0.0194,0.0262,0.0342
2005-11-27,0.0501,0.055,0.0598,0.3479,0.3601,0.371,0.0422,0.0469,0.0518,0.0661,0.0712,0.0765,0.0859,0.0921,0.0985,0.2668,0.2792,0.2903,0.0396,0.0442,0.0494,0.0194,0.0263,0.0336
2005-12-04,0.05,0.0547,0.0594,0.3435,0.3553,0.3673,0.0432,0.0476,0.0523,0.067,0.0719,0.0774,0.0846,0.0903,0.0971,0.2728,0.2842,0.2953,0.0396,0.0442,0.049,0.0198,0.0263,0.0339
2005-12-11,0.0501,0.0544,0.0594,0.3406,0.3518,0.363,0.0433,0.0478,0.0528,0.0667,0.0719,0.0773,0.0837,0.0899,0.0963,0.2769,0.288,0.2989,0.0393,0.0441,0.0488,0.0199,0.0263,0.0337
2005-12-18,0.0504,0.055,0.0598,0.339,0.3518,0.3631,0.0431,0.0478,0.0527,0.0666,0.0717,0.0769,0.0837,0.0895,0.0964,0.2772,0.2888,0.3006,0.0392,0.0439,0.0486,0.0198,0.0263,0.0336
2005-12-25,0.0503,0.0551,0.0607,0.3397,0.3527,0.3667,0.0428,0.0475,0.0529,0.0654,0.0711,0.0763,0.0824,0.0889,0.0962,0.2747,0.2894,0.3023,0.0385,0.0435,0.0486,0.0194,0.0262,0.0335
2006-01-01,0.0503,0.0551,0.0611,0.3402,0.3535,0.3688,0.042,0.0471,0.0527,0.0643,0.0701,0.0762,0.0813,0.0886,0.0962,0.2765,0.2905,0.3046,0.0382,0.0431,0.0486,0.0193,0.0258,0.033
2006-01-08,0.0504,0.055,0.0606,0.3415,0.354,0.3678,0.0417,0.0464,0.0518,0.0636,0.0692,0.0748,0.0811,0.0879,0.095,0.2799,0.2934,0.3059,0.0379,0.0427,0.0475,0.0192,0.0258,0.033
2006-01-15,0.0507,0.0556,0.0613,0.3401,0.352,0.3637,0.0416,0.046,0.0509,0.0642,0.0694,0.0744,0.0808,0.087,0.0932,0.2844,0.2959,0.3077,0.0383,0.0427,0.0474,0.0194,0.0257,0.033
2006-01-22,0.0512,0.0564,0.0617,0.3391,0.3518,0.3635,0.0416,0.0462,0.0507,0.0642,0.0691,0.0747,0.0814,0.0873,0.0938,0.2826,0.2943,0.3059,0.0389,0.0434,0.0481,0.0194,0.0255,0.0332
2006-01-29,0.0511,0.0566,0.0619,0.339,0.353,0.3668,0.0416,0.0465,0.0515,0.0624,0.0684,0.0742,0.0819,0.0881,0.095,0.2793,0.2919,0.3051,0.039,0.044,0.0494,0.0195,0.0255,0.0328
2006-02-05,0.0507,0.0562,0.0613,0.3393,0.3534,0.3668,0.0415,0.0462,0.052,0.062,0.0677,0.0731,0.0816,0.0882,0.0954,0.28,0.2928,0.3062,0.0392,0.0439,0.0493,0.0197,0.0254,0.0326
2006-02-12,0.0505,0.0554,0.0606,0.3423,0.3541,0.3663,0.0417,0.0463,0.0513,0.062,0.0671,0.0725,0.0824,0.089,0.0959,0.2805,0.2922,0.3044,0.0395,0.0445,0.0492,0.0196,0.0254,0.0324
2006-02-19,0.0505,0.0553,0.0601,0.3444,0.3572,0.3703,0.0412,0.0461,0.051,0.062,0.0672,0.0727,0.0821,0.0893,0.0963,0.2767,0.289,0.3017,0.0399,0.0446,0.0499,0.0194,0.0253,0.0325
2006-02-26,0.0494,0.0544,0.0601,0.3454,0.3594,0.3734,0.0407,0.0455,0.0507,0.0618,0.0674,0.0729,0.082,0.0885,0.0958,0.2751,0.2896,0.3035,0.0391,0.0443,0.0497,0.0192,0.0254,0.0325
2006-03-05,0.0486,0.0538,0.0588,0.3472,0.3602,0.3732,0.04,0.0449,0.0501,0.0616,0.0671,0.0728,0.081,0.0877,0.0949,0.2781,0.2915,0.3047,0.0389,0.0435,0.0487,0.0193,0.0254,0.0325
2006-03-12,0.0488,0.0539,0.0591,0.3494,0.3611,0.3731,0.0399,0.0446,0.0496,0.0614,0.0668,0.0723,0.0811,0.0879,0.0945,0.2789,0.2907,0.3025,0.0389,0.0437,0.0485,0.0194,0.0254,0.0326
2006-03-19,0.0503,0.0551,0.06,0.3501,0.362,0.3733,0.0408,0.0457,0.0507,0.0621,0.0672,0.0727,0.0808,0.0874,0.0942,0.2732,0.2858,0.2976,0.0413,0.0459,0.0513,0.0198,0.0256,0.0324
2006-03-26,0.0507,0.0558,0.0609,0.3486,0.361,0.374,0.0417,0.0467,0.0517,0.0616,0.0671,0.0725,0.0801,0.0871,0.0931,0.2704,0.2834,0.2946,0.0427,0.048,0.0537,0.02,0.0255,0.032
2006-04-02,0.0509,0.0559,0.0612,0.3463,0.3591,0.3717,0.042,0.0467,0.0518,0.0609,0.0662,0.0717,0.0805,0.0868,0.0933,0.2732,0.2853,0.297,0.0432,0.0482,0.0539,0.0202,0.0258,0.032
2006-04-09,0.0511,0.0562,0.0618,0.3438,0.3558,0.3682,0.0426,0.0471,0.0524,0.0602,0.0659,0.0709,0.0815,0.0876,0.0944,0.2734,0.2865,0.2997,0.0435,0.0486,0.0546,0.0201,0.0258,0.0322
2006-04-16,0.0525,0.0577,0.0634,0.3449,0.358,0.3702,0.0431,0.048,0.0534,0.0609,0.0664,0.0716,0.0827,0.0891,0.0962,0.2669,0.2788,0.2918,0.0452,0.0504,0.0563,0.0202,0.0256,0.0319
2006-04-23,0.0529,0.0581,0.0638,0.3485,0.3602,0.3728,0.0435,0.0485,0.0537,0.0615,0.0668,0.0722,0.0833,0.0891,0.0969,0.263,0.2735,0.285,0.046,0.0517,0.0573,0.0203,0.0257,0.0316
2006-04-30,0.0527,0.0576,0.0635,0.3481,0.3613,0.3732,0.0429,0.0481,0.0536,0.0609,0.0663,0.0717,0.0825,0.0887,0.0966,0.2626,0.2748,0.2881,0.0454,0.051,0.0569,0.02,0.0257,0.0317
2006-05-07,0.0528,0.0571,0.0625,0.3516,0.3635,0.3757,0.0429,0.0476,0.0527,0.0614,0.0665,0.0713,0.0817,0.0878,0.0949,0.2637,0.2751,0.2862,0.0454,0.0505,0.0563,0.0201,0.0258,0.0315
2006-05-14,0.053,0.0575,0.0624,0.3554,0.3659,0.3778,0.0433,0.0478,0.0525,0.0626,0.0676,0.0728,0.0818,0.0879,0.0944,0.2596,0.2705,0.2803,0.0466,0.0515,0.0563,0.0205,0.0258,0.0315
2006-05-21,0.0525,0.0571,0.0623,0.3539,0.3659,0.3769,0.0432,0.0478,0.0527,0.0634,0.0683,0.0736,0.0814,0.0872,0.0936,0.2584,0.2703,0.2813,0.0463,0.0516,0.0571,0.0209,0.0258,0.0314
2006-05-28,0.0519,0.0566,0.062,0.352,0.3653,0.3771,0.0431,0.0476,0.053,0.0631,0.0684,0.074,0.0802,0.0859,0.0927,0.2614,0.2727,0.2852,0.0459,0.0512,0.0568,0.0209,0.026,0.0318
2006-06-04,0.0514,0.0562,0.0614,0.3523,0.3654,0.3775,0.0431,0.0476,0.0529,0.0634,0.0684,0.0734,0.0785,0.0845,0.091,0.262,0.2747,0.287,0.0457,0.0511,0.0563,0.0211,0.0261,0.0319
2006-06-11,0.0507,0.0555,0.0607,0.3544,0.3662,0.3792,0.0426,0.0472,0.052,0.0635,0.0686,0.0738,0.0777,0.0837,0.0899,0.2635,0.2744,0.2869,0.0458,0.051,0.0564,0.0214,0.0264,0.0318
2006-06-18,0.0503,0.0554,0.0606,0.3545,0.3666,0.3799,0.0428,0.0471,0.0519,0.0637,0.0692,0.0747,0.0782,0.084,0.0909,0.2603,0.2726,0.2858,0.0468,0.052,0.0576,0.0213,0.0265,0.0318
2006-06-25,0.0492,0.0546,0.0606,0.3487,0.3644,0.3792,0.0423,0.047,0.052,0.0634,0.0695,0.0754,0.0774,0.0839,0.0916,0.2603,0.2754,0.2905,0.0461,0.052,0.0583,0.0216,0.0269,0.0321
2006-07-02,0.0481,0.0539,0.0599,0.345,0.3609,0.3762,0.0418,0.047,0.0525,0.0638,0.0699,0.0761,0.0768,0.0838,0.091,0.264,0.2792,0.295,0.046,0.052,0.0579,0.0217,0.027,0.0323
2006-07-09,0.0476,0.0531,0.059,0.3429,0.357,0.3724,0.0421,0.0471,0.0526,0.0646,0.0705,0.0767,0.0759,0.0831,0.0905,0.2678,0.283,0.2978,0.0461,0.0524,0.0583,0.0222,0.0273,0.0327
2006-07-16,0.0476,0.0531,0.0591,0.3386,0.3541,0.3695,0.043,0.0481,0.0537,0.0649,0.0709,0.0778,0.0762,0.0834,0.0906,0.269,0.2834,0.2974,0.0472,0.0533,0.0597,0.0225,0.0275,0.033
2006-07-23,0.0482,0.0536,0.0595,0.3365,0.3514,0.3679,0.0437,0.0491,0.0551,0.065,0.0713,0.0781,0.0771,0.0837,0.0913,0.2656,0.2809,0.2966,0.0487,0.0549,0.0617,0.0227,0.0277,0.0328
2006-07-30,0.0486,0.0537,0.0589,0.3364,0.3503,0.3645,0.0445,0.0496,0.056,0.0652,0.0712,0.078,0.0776,0.0843,0.0915,0.2659,0.2795,0.2933,0.05,0.0562,0.0629,0.0231,0.0279,0.0329
2006-08-06,0.0484,0.0532,0.0582,0.3375,0.3502,0.3632,0.0446,0.0494,0.055,0.0648,0.0705,0.0768,0.0783,0.0845,0.0921,0.2684,0.2803,0.2934,0.0505,0.0566,0.0627,0.0232,0.0279,0.0329
2006-08-13,0.0474,0.0517,0.0564,0.3416,0.3543,0.3669,0.0437,0.0482,0.0533,0.0636,0.0695,0.0748,0.0783,0.0845,0.0913,0.2688,0.2811,0.2939,0.0506,0.0557,0.0612,0.0233,0.0281,0.0329
2006-08-20,0.0468,0.051,0.055,0.3484,0.3598,0.3704,0.0432,0.0474,0.0519,0.0636,0.0687,0.0742,0.079,0.0848,0.0908,0.2679,0.2781,0.2888,0.0513,0.056,0.061,0.0233,0.0281,0.0326
2006-08-27,0.051,0.055,0.0593,0.3456,0.3558,0.3664,0.0457,0.0498,0.0542,0.0662,0.0712,0.0759,0.0787,0.0843,0.0904,0.2585,0.2684,0.2788,0.0555,0.0607,0.0656,0.0245,0.0281,0.0316
2006-09-03,0.0557,0.0595,0.0636,0.3407,0.3509,0.361,0.0485,0.0521,0.056,0.0707,0.0749,0.0791,0.077,0.0816,0.0867,0.2507,0.2602,0.2689,0.0608,0.0654,0.0703,0.0258,0.0282,0.031
2006-09-10,0.0574,0.0606,0.064,0.3415,0.3496,0.3582,0.0503,0.0532,0.0561,0.0741,0.0774,0.081,0.0741,0.0777,0.0814,0.2495,0.2577,0.2651,0.0638,0.0677,0.0716,0.0267,0.0286,0.0306
2006-09-17,0.0585,0.0585,0.0585,0.3499,0.3499,0.3499,0.0524,0.0524,0.0524,0.0788,0.0788,0.0788,0.0754,0.0754,0.0754,0.2623,0.2623,0.2623,0.0659,0.0659,0.0659,0.0293,0.0293,0.0293
2006-09-24,0.0554,0.0585,0.0621,0.3399,0.3517,0.3639,0.0498,0.053,0.0564,0.074,0.0779,0.0818,0.0705,0.0749,0.0796,0.2527,0.2623,0.2724,0.0604,0.0644,0.069,0.0282,0.0296,0.0311
2006-10-01,0.0546,0.0583,0.0626,0.3397,0.3534,0.3678,0.0496,0.0535,0.0577,0.0722,0.0771,0.0814,0.069,0.0742,0.0801,0.2519,0.2627,0.2744,0.0579,0.0631,0.0684,0.0278,0.0297,0.0318
2006-10-08,0.0543,0.0583,0.063,0.3419,0.3557,0.3696,0.0496,0.0541,0.0588,0.0708,0.076,0.081,0.0682,0.0737,0.0795,0.2507,0.2634,0.2761,0.0564,0.0617,0.0672,0.0279,0.0299,0.0323
2006-10-15,0.0545,0.0582,0.0622,0.3469,0.3576,0.3686,0.0507,0.0546,0.0591,0.0704,0.0753,0.0795,0.0682,0.073,0.078,0.2539,0.2633,0.2734,0.0556,0.0603,0.0652,0.0281,0.0302,0.0327
2006-10-22,0.0539,0.0578,0.0619,0.3497,0.3614,0.3734,0.0509,0.0551,0.0595,0.0703,0.0744,0.0788,0.0667,0.0718,0.0772,0.253,0.2629,0.274,0.0544,0.0589,0.0637,0.028,0.0304,0.0329
2006-10-29,0.0534,0.0571,0.0614,0.3545,0.3667,0.3796,0.051,0.0553,0.0599,0.0696,0.0738,0.0783,0.0654,0.0707,0.0758,0.2493,0.2614,0.2734,0.0528,0.0578,0.0628,0.028,0.0304,0.0328
2006-11-05,0.0526,0.0562,0.06,0.3618,0.3733,0.3837,0.0515,0.0558,0.0601,0.0694,0.0731,0.078,0.0648,0.0694,0.0742,0.2488,0.2584,0.2683,0.0525,0.0568,0.0613,0.0281,0.0304,0.033
2006-11-12,0.052,0.0555,0.059,0.3705,0.3803,0.3902,0.0519,0.0562,0.0604,0.0683,0.0723,0.0761,0.0641,0.0681,0.0721,0.2479,0.2555,0.2644,0.0516,0.0555,0.0592,0.0279,0.0303,0.0329
2006-11-19,0.0509,0.0547,0.0584,0.3769,0.3868,0.3975,0.0519,0.0562,0.0601,0.0675,0.0718,0.0762,0.0628,0.0672,0.0716,0.2434,0.2527,0.2614,0.0509,0.0548,0.059,0.0276,0.0303,0.033
2006-11-26,0.0494,0.0535,0.0577,0.3817,0.3939,0.4064,0.0515,0.0559,0.0606,0.0672,0.0716,0.076,0.0608,0.0663,0.0717,0.2377,0.2487,0.26,0.0499,0.0543,0.059,0.0275,0.0302,0.0331
2006-12-03,0.0481,0.0522,0.0565,0.3895,0.4018,0.4152,0.0504,0.0554,0.0603,0.0663,0.0713,0.0761,0.0594,0.0649,0.0703,0.2344,0.2458,0.2561,0.049,0.0536,0.0584,0.0271,0.0301,0.033
2006-12-10,0.0492,0.0532,0.0572,0.3876,0.3988,0.4103,0.0506,0.0552,0.0599,0.0659,0.0705,0.075,0.0587,0.0636,0.0687,0.2404,0.2504,0.2604,0.0484,0.0529,0.0573,0.0273,0.0301,0.0331
2006-12-17,0.0504,0.0544,0.0582,0.3831,0.3953,0.4064,0.051,0.0552,0.0601,0.0655,0.0699,0.0745,0.0582,0.0627,0.0678,0.2452,0.2554,0.2659,0.0479,0.052,0.0563,0.0273,0.0301,0.033
2006-12-24,0.0507,0.0548,0.0593,0.3804,0.3938,0.406,0.0509,0.0557,0.0606,0.0647,0.0694,0.0744,0.0574,0.0623,0.0675,0.2461,0.2571,0.2692,0.0471,0.0513,0.0566,0.0272,0.0302,0.0333
2006-12-31,0.0508,0.055,0.0594,0.3815,0.3947,0.4056,0.051,0.056,0.0614,0.064,0.0687,0.0736,0.0565,0.0614,0.067,0.2486,0.2592,0.2694,0.0462,0.0502,0.0548,0.027,0.0302,0.0336
2007-01-07,0.0504,0.0547,0.0592,0.3854,0.3976,0.4095,0.0509,0.0554,0.0604,0.0627,0.0675,0.0721,0.0544,0.059,0.0637,0.2516,0.2618,0.2734,0.045,0.0492,0.0534,0.0269,0.03,0.0331
2007-01-14,0.0503,0.0543,0.0587,0.3908,0.4021,0.412,0.0507,0.0556,0.0606,0.0619,0.0666,0.0711,0.0529,0.0576,0.0623,0.2514,0.2612,0.271,0.0443,0.0486,0.0528,0.0269,0.0298,0.0329
2007-01-21,0.0505,0.0544,0.0587,0.3897,0.402,0.414,0.0508,0.0558,0.0612,0.0618,0.0666,0.0712,0.0522,0.0574,0.062,0.2505,0.2612,0.2714,0.0442,0.0487,0.0535,0.027,0.0298,0.0327
2007-01-28,0.0504,0.0548,0.0594,0.3862,0.4,0.4126,0.051,0.0563,0.0619,0.0616,0.0668,0.0721,0.0525,0.0573,0.0622,0.2505,0.2618,0.2738,0.0444,0.0491,0.0541,0.027,0.0299,0.033
2007-02-04,0.0506,0.0548,0.0591,0.3861,0.3989,0.4106,0.0516,0.0568,0.0626,0.0618,0.067,0.0718,0.0524,0.0575,0.0623,0.2506,0.2615,0.2726,0.0447,0.0494,0.054,0.0271,0.03,0.0332
2007-02-11,0.0499,0.054,0.0581,0.3928,0.4039,0.4143,0.0528,0.0576,0.0626,0.0626,0.0672,0.0714,0.0536,0.0583,0.063,0.2465,0.2556,0.265,0.0453,0.0496,0.0542,0.0272,0.0303,0.0334
2007-02-18,0.0492,0.0534,0.0573,0.3951,0.4081,0.42,0.0528,0.0578,0.063,0.0627,0.0674,0.072,0.0537,0.0584,0.0634,0.2415,0.2517,0.2617,0.0447,0.0494,0.0544,0.0275,0.0305,0.0336
2007-02-25,0.049,0.0536,0.0577,0.3965,0.409,0.4228,0.0521,0.0576,0.0629,0.0631,0.0675,0.0722,0.0532,0.058,0.0629,0.2404,0.2517,0.2625,0.0443,0.0488,0.0533,0.0279,0.0307,0.0339
2007-03-04,0.0504,0.0548,0.0592,0.391,0.4038,0.4167,0.0519,0.0569,0.0621,0.0638,0.0682,0.0733,0.0532,0.0578,0.0626,0.2445,0.2556,0.2667,0.0438,0.0484,0.0529,0.0282,0.0313,0.0345
2007-03-11,0.0516,0.0559,0.0602,0.3899,0.4,0.4108,0.0515,0.0566,0.0614,0.0644,0.0685,0.0729,0.0532,0.0576,0.0622,0.2493,0.2587,0.2678,0.0435,0.0473,0.0517,0.0289,0.0319,0.0351
2007-03-18,0.0517,0.0555,0.0597,0.3939,0.4039,0.4139,0.0523,0.0567,0.0616,0.0635,0.0676,0.072,0.0529,0.0572,0.0618,0.2497,0.2576,0.2667,0.0415,0.0454,0.049,0.0291,0.0321,0.0352
2007-03-25,0.05,0.0539,0.0577,0.4026,0.4132,0.4234,0.0523,0.0568,0.0613,0.0628,0.0668,0.0711,0.0524,0.0565,0.061,0.2442,0.2534,0.2628,0.0405,0.0442,0.0479,0.0291,0.0322,0.0355
2007-04-01,0.0493,0.0529,0.0571,0.4041,0.4152,0.4275,0.0514,0.0558,0.0606,0.0623,0.0668,0.0712,0.0507,0.0554,0.0599,0.2438,0.2536,0.2638,0.0409,0.0447,0.049,0.0292,0.0323,0.0357
2007-04-08,0.0471,0.0509,0.055,0.4126,0.4233,0.435,0.051,0.0554,0.0598,0.0621,0.0666,0.071,0.0497,0.0543,0.0587,0.2398,0.2491,0.2588,0.0408,0.0452,0.0498,0.0294,0.0325,0.036
2007-04-15,0.046,0.0497,0.0538,0.4174,0.429,0.4404,0.0507,0.0556,0.0605,0.0615,0.0662,0.0703,0.0492,0.0538,0.0581,0.2366,0.246,0.2565,0.0407,0.0449,0.0493,0.0295,0.0323,0.0359
2007-04-22,0.0459,0.0497,0.054,0.4162,0.4279,0.4403,0.0512,0.056,0.0606,0.061,0.0658,0.0703,0.0489,0.0534,0.0581,0.2379,0.2476,0.2574,0.0399,0.0442,0.0489,0.0295,0.0326,0.036
2007-04-29,0.047,0.051,0.0551,0.409,0.4222,0.4337,0.0518,0.0565,0.0613,0.0612,0.0656,0.0703,0.0491,0.0534,0.0578,0.2431,0.2526,0.2629,0.0396,0.0437,0.0476,0.0298,0.0328,0.0363
2007-05-06,0.0476,0.0514,0.0556,0.4059,0.4182,0.4296,0.0527,0.0576,0.0622,0.0617,0.066,0.0708,0.0503,0.0548,0.059,0.2434,0.2529,0.2639,0.0397,0.0438,0.0475,0.03,0.0331,0.0364
2007-05-13,0.0478,0.0511,0.0551,0.4066,0.4171,0.4282,0.0539,0.0585,0.0627,0.0622,0.0668,0.0715,0.0523,0.0565,0.0606,0.2413,0.2499,0.2592,0.0403,0.0443,0.0482,0.0303,0.0333,0.0365
2007-05-20,0.0457,0.0493,0.0527,0.4163,0.4252,0.4348,0.0552,0.0594,0.0639,0.062,0.0662,0.07,0.0535,0.0574,0.0616,0.235,0.2428,0.251,0.0407,0.0443,0.048,0.0303,0.0333,0.0362
2007-05-27,0.0448,0.0481,0.0516,0.4193,0.4289,0.4391,0.0563,0.0606,0.0653,0.0611,0.0655,0.0696,0.0544,0.0587,0.0632,0.2306,0.2389,0.2474,0.0403,0.044,0.0481,0.0303,0.0332,0.0362
2007-06-03,0.0456,0.0493,0.0531,0.4088,0.4201,0.4316,0.0567,0.0614,0.0666,0.061,0.0655,0.0697,0.0552,0.0596,0.0643,0.2349,0.2442,0.2544,0.0399,0.0439,0.0477,0.0307,0.0336,0.0367
2007-06-10,0.0469,0.0508,0.0547,0.4011,0.4126,0.4233,0.0567,0.0614,0.0667,0.0609,0.0656,0.07,0.0556,0.0599,0.0648,0.2401,0.2494,0.2588,0.0399,0.0438,0.0478,0.0311,0.034,0.0372
2007-06-17,0.0473,0.0517,0.0557,0.3989,0.4115,0.4228,0.055,0.0605,0.0657,0.0612,0.0657,0.0703,0.055,0.0598,0.0648,0.241,0.251,0.2618,0.0397,0.0438,0.0483,0.0312,0.0342,0.0379
2007-06-24,0.0476,0.0523,0.057,0.3956,0.411,0.4254,0.0539,0.0594,0.0651,0.0598,0.0653,0.0704,0.054,0.0594,0.065,0.2413,0.2527,0.2651,0.0389,0.0436,0.0483,0.031,0.0343,0.038
2007-07-01,0.0479,0.0526,0.0578,0.3953,0.4106,0.4258,0.0529,0.0587,0.065,0.0593,0.0646,0.0698,0.053,0.0589,0.0647,0.2427,0.2547,0.2687,0.0384,0.043,0.0478,0.0309,0.0344,0.0385
2007-07-08,0.0477,0.053,0.0581,0.3931,0.4112,0.4281,0.0522,0.0583,0.0655,0.0586,0.0646,0.0701,0.0527,0.0592,0.0655,0.2399,0.2547,0.2697,0.0378,0.043,0.0485,0.031,0.0345,0.0386
2007-07-15,0.0477,0.0531,0.0586,0.3923,0.4108,0.4294,0.0516,0.0582,0.0655,0.0591,0.0647,0.0706,0.0527,0.0594,0.0662,0.2375,0.2538,0.2699,0.0378,0.0432,0.0491,0.031,0.0346,0.0389
2007-07-22,0.0478,0.0533,0.0588,0.3924,0.4105,0.4293,0.0512,0.0581,0.0653,0.0593,0.0646,0.0711,0.0529,0.0598,0.067,0.2366,0.2526,0.2699,0.0381,0.0433,0.0497,0.0314,0.0349,0.0389
2007-07-29,0.048,0.0533,0.0589,0.395,0.4112,0.4278,0.0517,0.0578,0.0646,0.0593,0.0647,0.0705,0.0542,0.0601,0.0667,0.2359,0.252,0.2677,0.0385,0.0436,0.0491,0.0316,0.0351,0.0393
2007-08-05,0.049,0.0536,0.0588,0.3962,0.4115,0.4254,0.052,0.0574,0.0638,0.0596,0.0648,0.0702,0.0548,0.0606,0.0663,0.2372,0.2511,0.2635,0.0392,0.044,0.0491,0.0317,0.0352,0.0395
2007-08-12,0.0498,0.0541,0.0589,0.3942,0.4069,0.4178,0.0525,0.0579,0.0634,0.061,0.0657,0.0708,0.0573,0.0627,0.0679,0.2392,0.2499,0.2623,0.0406,0.0451,0.05,0.0323,0.0356,0.0395
2007-08-19,0.0498,0.0543,0.0591,0.3926,0.4054,0.4177,0.0531,0.0582,0.0635,0.061,0.066,0.0708,0.0591,0.0642,0.0695,0.238,0.2486,0.26,0.0412,0.0455,0.0502,0.0324,0.0358,0.0396
2007-08-26,0.0499,0.0539,0.0587,0.3954,0.4074,0.4192,0.0534,0.0584,0.0638,0.0608,0.0654,0.0701,0.0602,0.065,0.0703,0.2359,0.2469,0.2567,0.0411,0.0452,0.0497,0.0326,0.0358,0.0394
2007-09-02,0.0493,0.0532,0.0578,0.4008,0.4121,0.4231,0.0538,0.0588,0.0637,0.0601,0.0648,0.0693,0.0611,0.0663,0.0717,0.2332,0.2426,0.2526,0.0406,0.0448,0.049,0.0324,0.0356,0.0391
2007-09-09,0.0483,0.0522,0.0566,0.4088,0.4193,0.43,0.0539,0.0588,0.0636,0.0599,0.0641,0.0687,0.0625,0.0674,0.0726,0.2275,0.237,0.2469,0.0403,0.0443,0.0487,0.0322,0.0352,0.0386
2007-09-16,0.0474,0.0518,0.0564,0.4131,0.4251,0.4363,0.0534,0.0583,0.0635,0.0589,0.0635,0.0677,0.0625,0.0675,0.0731,0.2247,0.2343,0.2445,0.0394,0.0431,0.0475,0.0315,0.0347,0.0381
2007-09-23,0.0477,0.0519,0.0567,0.4148,0.4265,0.4403,0.0531,0.0582,0.0637,0.0581,0.0629,0.0675,0.0624,0.0678,0.0741,0.2235,0.2338,0.2453,0.0383,0.0423,0.0469,0.0315,0.0345,0.0378
2007-09-30,0.0478,0.0524,0.057,0.4129,0.4259,0.4384,0.0532,0.0586,0.0639,0.058,0.0632,0.0678,0.0634,0.069,0.0746,0.2224,0.2328,0.244,0.0383,0.0421,0.0461,0.0315,0.0348,0.0382
2007-10-07,0.0481,0.0522,0.0565,0.4149,0.4261,0.4374,0.0532,0.0587,0.0641,0.0587,0.0636,0.0683,0.0645,0.0701,0.0757,0.2213,0.231,0.2408,0.0382,0.0422,0.0462,0.0317,0.035,0.0382
2007-10-14,0.0481,0.0522,0.0566,0.4172,0.4285,0.44,0.053,0.058,0.0629,0.0588,0.0637,0.0683,0.0641,0.0693,0.075,0.2202,0.2298,0.24,0.0383,0.0422,0.046,0.0318,0.0349,0.0381
2007-10-21,0.0487,0.0526,0.057,0.417,0.4284,0.4409,0.0529,0.0578,0.0625,0.0592,0.0639,0.0685,0.0638,0.0691,0.0748,0.2204,0.2297,0.24,0.0383,0.0422,0.0465,0.0317,0.0348,0.038
2007-10-28,0.049,0.0526,0.0568,0.4167,0.4284,0.441,0.0535,0.0582,0.063,0.0595,0.064,0.0681,0.0642,0.0693,0.0748,0.2198,0.2294,0.2391,0.0387,0.0425,0.0463,0.0315,0.0346,0.0377
2007-11-04,0.0491,0.0526,0.0566,0.4184,0.43,0.4399,0.0542,0.0581,0.0624,0.0597,0.0641,0.0681,0.0643,0.0691,0.074,0.219,0.2286,0.2379,0.0391,0.0424,0.0464,0.0314,0.0344,0.0374
2007-11-11,0.0487,0.0519,0.0559,0.4238,0.4337,0.4438,0.0536,0.0575,0.0618,0.0605,0.0646,0.0685,0.0641,0.0686,0.0733,0.2171,0.2253,0.2334,0.0393,0.0429,0.0466,0.0314,0.0343,0.0373
2007-11-18,0.048,0.0513,0.0548,0.4285,0.4396,0.4499,0.0529,0.0569,0.0611,0.0599,0.0641,0.068,0.0624,0.0672,0.0716,0.2144,0.2236,0.2323,0.039,0.0427,0.0462,0.0313,0.0343,0.0372
2007-11-25,0.0475,0.0511,0.0548,0.4317,0.4435,0.4544,0.052,0.0566,0.0611,0.059,0.0634,0.0675,0.0611,0.0658,0.0708,0.2143,0.2233,0.2329,0.0382,0.0419,0.0455,0.031,0.0341,0.0372
2007-12-02,0.0476,0.0514,0.0552,0.431,0.4422,0.4549,0.0521,0.0567,0.0616,0.0589,0.0632,0.0676,0.0603,0.0657,0.0708,0.2139,0.224,0.2345,0.0378,0.0417,0.0454,0.0312,0.0341,0.0374
2007-12-09,0.0479,0.0515,0.0558,0.4334,0.4444,0.4549,0.0523,0.0567,0.0613,0.0589,0.0628,0.0672,0.0606,0.065,0.0698,0.2153,0.2243,0.2333,0.0373,0.0412,0.0448,0.0312,0.034,0.0371
2007-12-16,0.0474,0.0513,0.0556,0.4369,0.4484,0.4591,0.0526,0.057,0.0616,0.0583,0.0625,0.0669,0.0604,0.0652,0.0699,0.2121,0.221,0.23,0.037,0.0406,0.0447,0.0309,0.034,0.0369
2007-12-23,0.0477,0.052,0.0567,0.4323,0.4456,0.4595,0.053,0.0579,0.0632,0.0581,0.0627,0.0676,0.0611,0.0665,0.0719,0.2091,0.22,0.231,0.037,0.0406,0.0449,0.0309,0.0341,0.0374
2007-12-30,0.0483,0.0525,0.0577,0.4286,0.4438,0.459,0.0534,0.0588,0.0648,0.058,0.063,0.0682,0.0619,0.0681,0.0744,0.2068,0.2183,0.2299,0.0368,0.0406,0.0453,0.031,0.0341,0.0374
2008-01-06,0.0482,0.0529,0.0576,0.4297,0.4436,0.4583,0.0544,0.0599,0.0656,0.0584,0.0633,0.0682,0.0639,0.0696,0.0758,0.2046,0.215,0.2267,0.0369,0.0408,0.0451,0.0309,0.034,0.0374
2008-01-13,0.0488,0.0532,0.0579,0.432,0.4435,0.455,0.055,0.0599,0.0655,0.0589,0.0635,0.0683,0.0643,0.07,0.0756,0.2051,0.2145,0.2246,0.0371,0.0411,0.0451,0.0308,0.0339,0.0372
2008-01-20,0.049,0.0533,0.0581,0.4334,0.4439,0.4562,0.0549,0.0595,0.0646,0.0585,0.0631,0.0681,0.0634,0.0688,0.0746,0.2066,0.2162,0.2259,0.0369,0.0407,0.0444,0.0308,0.0337,0.0367
2008-01-27,0.0494,0.0536,0.0588,0.4291,0.4419,0.4554,0.0536,0.0588,0.0638,0.0583,0.063,0.0681,0.0622,0.0676,0.0733,0.2098,0.22,0.2305,0.0365,0.0404,0.0446,0.031,0.034,0.0369
2008-02-03,0.0496,0.054,0.0584,0.427,0.4401,0.4534,0.0532,0.0582,0.063,0.0582,0.0629,0.0678,0.0614,0.0668,0.0719,0.2129,0.223,0.2335,0.0365,0.0404,0.0443,0.0314,0.0343,0.0377
2008-02-10,0.0494,0.0535,0.0575,0.4314,0.4422,0.4533,0.0536,0.0582,0.0632,0.0581,0.0626,0.0671,0.0614,0.0664,0.0714,0.2133,0.2223,0.2318,0.0366,0.0401,0.0436,0.0316,0.0344,0.0374
2008-02-17,0.0495,0.0533,0.0572,0.4313,0.4416,0.4525,0.0538,0.0588,0.0637,0.0582,0.0623,0.0665,0.062,0.0669,0.0719,0.2137,0.2225,0.2305,0.0363,0.04,0.0435,0.0317,0.0348,0.0377
2008-02-24,0.049,0.0529,0.0569,0.4277,0.4392,0.4501,0.055,0.0598,0.0649,0.0578,0.0622,0.0666,0.0627,0.068,0.0731,0.2143,0.2231,0.2319,0.0366,0.04,0.0437,0.0318,0.035,0.0381
2008-03-02,0.0482,0.0522,0.0567,0.4253,0.4377,0.4502,0.0563,0.0608,0.0661,0.0577,0.0621,0.0664,0.0632,0.0685,0.074,0.2125,0.2229,0.232,0.0368,0.0405,0.0441,0.0321,0.0351,0.0381
2008-03-09,0.0492,0.0529,0.0573,0.4209,0.433,0.445,0.0562,0.061,0.0665,0.0578,0.0621,0.0666,0.0639,0.0688,0.0738,0.2156,0.2253,0.2348,0.0374,0.0411,0.0449,0.0324,0.0353,0.0384
2008-03-16,0.0502,0.0541,0.0585,0.4155,0.4277,0.4394,0.0556,0.0606,0.0656,0.0579,0.0622,0.0667,0.063,0.0681,0.0737,0.2206,0.2304,0.2409,0.0376,0.0414,0.0454,0.0323,0.0352,0.0382
2008-03-23,0.0508,0.0549,0.0596,0.4117,0.4241,0.4375,0.0547,0.06,0.0654,0.0576,0.0621,0.0668,0.0618,0.0674,0.0734,0.2232,0.2342,0.2446,0.038,0.0417,0.0457,0.0323,0.0353,0.0382
2008-03-30,0.051,0.055,0.0591,0.4117,0.4238,0.4358,0.0545,0.0598,0.0651,0.0579,0.0622,0.0668,0.0616,0.0672,0.0728,0.2246,0.2345,0.245,0.0383,0.0421,0.046,0.0327,0.0353,0.0385
2008-04-06,0.0513,0.0554,0.0599,0.4108,0.4228,0.4339,0.0543,0.0591,0.0641,0.0585,0.0629,0.0673,0.0627,0.068,0.0731,0.2238,0.2331,0.2429,0.039,0.0429,0.0469,0.0328,0.0356,0.0387
2008-04-13,0.0512,0.0552,0.0598,0.4125,0.4251,0.438,0.054,0.0587,0.0637,0.0589,0.0632,0.0679,0.064,0.0691,0.0741,0.2203,0.229,0.2388,0.0397,0.0435,0.0475,0.0331,0.0358,0.0388
2008-04-20,0.0508,0.0544,0.059,0.4166,0.4274,0.4397,0.0537,0.0587,0.0633,0.0591,0.0634,0.0676,0.0649,0.0697,0.075,0.2164,0.226,0.2352,0.0401,0.0439,0.0477,0.0335,0.0362,0.0394
2008-04-27,0.0504,0.0542,0.0585,0.4176,0.4284,0.4395,0.054,0.0587,0.0634,0.059,0.0634,0.0676,0.0648,0.0696,0.0744,0.216,0.2253,0.2342,0.0403,0.044,0.0477,0.0337,0.0366,0.0394
2008-05-04,0.0501,0.0542,0.0585,0.4175,0.4292,0.4403,0.0538,0.0587,0.0629,0.0588,0.0632,0.0675,0.0638,0.0685,0.0735,0.2162,0.2256,0.2352,0.0402,0.0439,0.0479,0.034,0.0369,0.0399
2008-05-11,0.0503,0.0539,0.0582,0.4194,0.4297,0.4407,0.0539,0.0581,0.0626,0.0593,0.0636,0.0671,0.0631,0.0679,0.0724,0.2174,0.2258,0.2346,0.0405,0.0441,0.0477,0.0344,0.0371,0.0398
2008-05-18,0.0505,0.0543,0.0582,0.4193,0.4292,0.4403,0.0541,0.0585,0.063,0.0594,0.0633,0.067,0.0628,0.0674,0.0721,0.2175,0.2266,0.2349,0.0401,0.0437,0.0474,0.0344,0.0373,0.0401
2008-05-25,0.0509,0.0547,0.059,0.4158,0.4274,0.439,0.0547,0.0593,0.0642,0.059,0.0629,0.0667,0.0623,0.0673,0.0721,0.2182,0.2275,0.2371,0.0396,0.0433,0.0472,0.0347,0.0379,0.0409
2008-06-01,0.0509,0.0548,0.0596,0.4153,0.4267,0.4386,0.055,0.0594,0.0645,0.0585,0.0627,0.0668,0.0626,0.0675,0.0728,0.2179,0.2268,0.2369,0.0391,0.0431,0.0473,0.0353,0.0386,0.0418
2008-06-08,0.0517,0.0556,0.0602,0.4135,0.4247,0.4356,0.0548,0.0595,0.0644,0.0581,0.0626,0.0667,0.0625,0.0671,0.0724,0.2194,0.2284,0.2379,0.039,0.0428,0.0469,0.0365,0.0395,0.043
2008-06-15,0.0523,0.056,0.0606,0.4128,0.4239,0.4356,0.0542,0.0591,0.0641,0.058,0.0623,0.0665,0.0616,0.0663,0.0714,0.2203,0.2299,0.2394,0.0385,0.0424,0.0464,0.0369,0.0401,0.0438
2008-06-22,0.0518,0.0562,0.0613,0.4117,0.4243,0.4382,0.0537,0.0592,0.0645,0.0575,0.0623,0.0669,0.0604,0.0657,0.0715,0.2192,0.2297,0.2415,0.0378,0.042,0.0463,0.0371,0.0405,0.0439
2008-06-29,0.0517,0.0562,0.0614,0.4113,0.4253,0.4379,0.0534,0.0595,0.0649,0.057,0.0619,0.0667,0.0596,0.0652,0.0714,0.2197,0.2302,0.2421,0.0374,0.0414,0.0459,0.0373,0.0406,0.0446
2008-07-06,0.0517,0.0563,0.0619,0.411,0.425,0.439,0.0531,0.0591,0.0653,0.0567,0.0619,0.067,0.0592,0.0654,0.0714,0.2182,0.2299,0.2426,0.0371,0.0413,0.046,0.0374,0.041,0.045
2008-07-13,0.051,0.056,0.0623,0.4106,0.426,0.4424,0.0528,0.0589,0.0658,0.0565,0.062,0.0672,0.0588,0.0653,0.0718,0.2164,0.2291,0.2427,0.0368,0.0413,0.0462,0.0377,0.0414,0.0454
2008-07-20,0.0509,0.0558,0.0617,0.4136,0.4287,0.4436,0.0524,0.0585,0.0652,0.0565,0.0618,0.0668,0.0589,0.065,0.072,0.2161,0.2283,0.2406,0.0366,0.041,0.046,0.0376,0.0415,0.0456
2008-07-27,0.0505,0.0556,0.0617,0.4122,0.4294,0.4467,0.0522,0.058,0.0639,0.0565,0.0622,0.068,0.0592,0.0651,0.072,0.2134,0.2272,0.2414,0.0366,0.0412,0.0465,0.0377,0.0416,0.0459
2008-08-03,0.0502,0.0554,0.0612,0.4127,0.4301,0.4469,0.0515,0.0575,0.0634,0.0571,0.0625,0.0688,0.0591,0.0653,0.0721,0.2125,0.2262,0.2393,0.0369,0.0416,0.0464,0.038,0.0419,0.0458
2008-08-10,0.0505,0.0551,0.0606,0.4145,0.4311,0.447,0.0516,0.0569,0.0624,0.0581,0.0631,0.0685,0.0595,0.0655,0.0717,0.2129,0.2253,0.2392,0.0374,0.042,0.0467,0.0384,0.0419,0.046
2008-08-17,0.051,0.055,0.0596,0.4195,0.4313,0.4432,0.0517,0.0563,0.0612,0.0589,0.0636,0.0682,0.0605,0.0657,0.0709,0.2144,0.2242,0.2343,0.0385,0.0424,0.0466,0.0387,0.0422,0.0457
2008-08-24,0.0507,0.0547,0.0589,0.4243,0.4344,0.4447,0.0518,0.0565,0.0611,0.0589,0.0631,0.0669,0.0611,0.0655,0.0704,0.2148,0.223,0.2314,0.0381,0.0417,0.0454,0.0386,0.042,0.0455
2008-08-31,0.0507,0.0546,0.059,0.4246,0.4361,0.4482,0.0521,0.0568,0.0615,0.0584,0.0624,0.0666,0.0606,0.0654,0.0709,0.2132,0.2225,0.2324,0.0372,0.0411,0.0453,0.0385,0.0418,0.0451
2008-09-07,0.0505,0.0544,0.059,0.4243,0.4356,0.4469,0.0522,0.0574,0.0625,0.058,0.0623,0.0666,0.0606,0.0659,0.0716,0.2127,0.2223,0.2311,0.0373,0.0411,0.0451,0.0389,0.0421,0.0455
2008-09-14,0.0497,0.0538,0.058,0.4267,0.4388,0.4505,0.0528,0.0576,0.0628,0.0573,0.0616,0.0663,0.06,0.0648,0.0701,0.2123,0.222,0.2315,0.0365,0.0405,0.0447,0.0388,0.0422,0.046
2008-09-21,0.0497,0.0538,0.0582,0.4271,0.4387,0.4514,0.0524,0.0573,0.0627,0.0566,0.0609,0.0657,0.0579,0.063,0.0679,0.2153,0.2255,0.2357,0.0359,0.0397,0.0436,0.0386,0.0421,0.0454
2008-09-28,0.051,0.055,0.0596,0.4214,0.4335,0.4461,0.0522,0.0565,0.0615,0.0563,0.0606,0.0651,0.056,0.0608,0.0661,0.2222,0.2335,0.2441,0.0354,0.0391,0.0432,0.0384,0.042,0.0456
2008-10-05,0.0525,0.0565,0.061,0.4147,0.4253,0.437,0.0523,0.0569,0.0615,0.057,0.061,0.0654,0.0566,0.0609,0.0657,0.2291,0.239,0.2487,0.0357,0.0394,0.0429,0.0386,0.0416,0.0449
2008-10-12,0.0539,0.0579,0.0619,0.409,0.4182,0.4278,0.0533,0.0579,0.0624,0.0574,0.0612,0.065,0.0571,0.0617,0.0662,0.2346,0.2434,0.2521,0.036,0.0394,0.0429,0.0383,0.0411,0.0444
2008-10-19,0.0555,0.0595,0.0639,0.3973,0.4079,0.4191,0.0547,0.0593,0.0641,0.0567,0.0607,0.0646,0.0578,0.0623,0.0672,0.2419,0.2509,0.26,0.0357,0.0392,0.0427,0.0377,0.0407,0.0439
2008-10-26,0.0561,0.0604,0.0648,0.3877,0.4001,0.4121,0.0559,0.0608,0.0657,0.0564,0.0604,0.0646,0.0583,0.0628,0.0677,0.2462,0.2564,0.2674,0.0357,0.0394,0.0432,0.0373,0.0404,0.0434
2008-11-02,0.0557,0.0596,0.0638,0.3874,0.3986,0.409,0.0567,0.0614,0.0666,0.0564,0.0602,0.0641,0.0583,0.0628,0.067,0.2483,0.2581,0.2679,0.0365,0.04,0.0433,0.0374,0.0403,0.0433
2008-11-09,0.0547,0.0585,0.0625,0.3879,0.398,0.4072,0.0586,0.0629,0.0674,0.0559,0.0599,0.0634,0.0587,0.0629,0.0672,0.2495,0.2576,0.267,0.0372,0.0404,0.0438,0.0377,0.0406,0.0434
2008-11-16,0.0538,0.0576,0.0613,0.3906,0.4011,0.4114,0.0591,0.0633,0.0681,0.0554,0.059,0.0626,0.0581,0.062,0.0661,0.2492,0.2572,0.2662,0.0367,0.0402,0.0434,0.0373,0.0401,0.043
2008-11-23,0.0537,0.0579,0.0619,0.3921,0.4034,0.415,0.0578,0.0628,0.0677,0.0544,0.0586,0.0621,0.0563,0.0608,0.0653,0.2486,0.2585,0.2694,0.0361,0.0396,0.0433,0.0364,0.0391,0.0421
2008-11-30,0.0552,0.0599,0.0642,0.3863,0.3978,0.4101,0.0572,0.0623,0.0672,0.0539,0.058,0.0618,0.0558,0.0603,0.0647,0.2554,0.2655,0.2759,0.0355,0.0389,0.0426,0.0354,0.0383,0.0413
2008-12-07,0.0579,0.0625,0.0673,0.3777,0.3875,0.3979,0.0572,0.0622,0.0675,0.0538,0.0579,0.062,0.0556,0.0604,0.0652,0.2636,0.274,0.2834,0.0351,0.0386,0.0423,0.0347,0.0378,0.0407
2008-12-14,0.0587,0.0632,0.068,0.3756,0.3858,0.3957,0.0563,0.0615,0.0665,0.0544,0.0582,0.0625,0.0557,0.0603,0.0647,0.2662,0.2754,0.2858,0.0349,0.0386,0.0425,0.0342,0.0373,0.0404
2008-12-21,0.0578,0.0626,0.0681,0.3753,0.3875,0.401,0.0561,0.0615,0.067,0.0538,0.0582,0.0628,0.0551,0.0603,0.0653,0.2628,0.2748,0.2866,0.0343,0.0385,0.0428,0.0337,0.0372,0.0404
2008-12-28,0.057,0.0621,0.0679,0.3735,0.3881,0.4022,0.0565,0.0618,0.0675,0.0534,0.0578,0.0624,0.055,0.0602,0.066,0.2632,0.2747,0.2875,0.0339,0.0382,0.0425,0.0338,0.0371,0.0404
2009-01-04,0.0566,0.0616,0.0668,0.3757,0.3893,0.4024,0.0566,0.0621,0.0679,0.0534,0.0575,0.0618,0.0549,0.06,0.0656,0.2628,0.2753,0.2881,0.0338,0.0379,0.0421,0.0337,0.0368,0.0402
2009-01-11,0.0561,0.0604,0.0651,0.3808,0.3925,0.4041,0.0577,0.0625,0.0674,0.0536,0.0576,0.0616,0.0558,0.0605,0.0652,0.2623,0.2724,0.283,0.0342,0.0382,0.0418,0.0337,0.0367,0.0398
2009-01-18,0.0559,0.0595,0.0636,0.3834,0.393,0.4027,0.0575,0.0623,0.067,0.0541,0.0581,0.0619,0.057,0.0613,0.0654,0.2618,0.2707,0.2789,0.035,0.039,0.0425,0.0344,0.0373,0.0403
2009-01-25,0.0554,0.0594,0.0636,0.3793,0.3902,0.4021,0.0575,0.0622,0.067,0.0543,0.0582,0.0623,0.0572,0.0617,0.0664,0.262,0.2721,0.2811,0.0355,0.0392,0.0428,0.0349,0.0381,0.0412
2009-02-01,0.055,0.059,0.0631,0.3774,0.389,0.4001,0.0577,0.0629,0.0678,0.0538,0.058,0.062,0.0578,0.0625,0.0672,0.2617,0.2726,0.2826,0.0354,0.039,0.0428,0.0352,0.0383,0.0415
2009-02-08,0.0554,0.0592,0.063,0.3735,0.3842,0.3949,0.0591,0.0642,0.069,0.0536,0.0576,0.0615,0.0593,0.064,0.069,0.2646,0.2741,0.2835,0.0355,0.0388,0.0425,0.0357,0.0388,0.042
2009-02-15,0.0559,0.0597,0.0639,0.3688,0.3794,0.3906,0.0588,0.0637,0.0686,0.0535,0.0575,0.0612,0.0594,0.064,0.0688,0.2684,0.2788,0.2889,0.0353,0.0388,0.0424,0.0358,0.039,0.0419
2009-02-22,0.0555,0.06,0.0642,0.3663,0.3789,0.3912,0.057,0.0619,0.067,0.0532,0.0574,0.0616,0.0579,0.0625,0.0674,0.2715,0.2827,0.2943,0.0349,0.0387,0.0426,0.0355,0.0388,0.0419
2009-03-01,0.0561,0.0603,0.0646,0.3667,0.3787,0.3912,0.0553,0.0601,0.065,0.0533,0.0574,0.0616,0.056,0.0609,0.0665,0.2753,0.2865,0.2981,0.0345,0.0383,0.0424,0.0355,0.0385,0.0416
2009-03-08,0.0571,0.0612,0.0656,0.3636,0.3742,0.3851,0.0538,0.0584,0.0631,0.0528,0.0567,0.0608,0.0537,0.0581,0.0633,0.2863,0.2961,0.3065,0.0338,0.0376,0.0412,0.0355,0.0386,0.0417
2009-03-15,0.0576,0.0622,0.0668,0.3572,0.3683,0.3796,0.0527,0.0577,0.0623,0.0526,0.0567,0.0605,0.053,0.0573,0.0619,0.2926,0.3022,0.3127,0.034,0.0376,0.0411,0.0358,0.0391,0.0422
2009-03-22,0.0586,0.0633,0.0682,0.3476,0.3608,0.3733,0.0528,0.0577,0.063,0.0522,0.0565,0.0607,0.0525,0.0574,0.0624,0.2965,0.3077,0.3204,0.0336,0.0375,0.0414,0.0362,0.0397,0.0433
2009-03-29,0.0593,0.0644,0.07,0.3381,0.3513,0.3645,0.053,0.0586,0.0643,0.0513,0.0559,0.0602,0.0516,0.0569,0.0624,0.3044,0.3164,0.3296,0.0334,0.0372,0.0414,0.0366,0.04,0.0439
2009-04-05,0.0598,0.0649,0.0705,0.3337,0.3471,0.3596,0.0537,0.0593,0.0651,0.0512,0.0556,0.0601,0.0514,0.0567,0.0619,0.3074,0.3198,0.3335,0.0334,0.0371,0.0414,0.0367,0.0402,0.0439
2009-04-12,0.0599,0.0641,0.0687,0.3378,0.3483,0.3584,0.0552,0.0605,0.0658,0.0518,0.0558,0.0601,0.0523,0.0568,0.0615,0.3069,0.3175,0.3284,0.0339,0.0375,0.0412,0.0369,0.0403,0.0436
2009-04-19,0.0598,0.0638,0.0687,0.3389,0.3489,0.3595,0.0559,0.0609,0.0658,0.052,0.0561,0.0602,0.0522,0.0565,0.061,0.3062,0.3163,0.3254,0.0343,0.0379,0.0416,0.0371,0.0405,0.0441
2009-04-26,0.059,0.0633,0.0679,0.3384,0.3496,0.3612,0.0568,0.0616,0.0664,0.0519,0.056,0.06,0.0517,0.0566,0.0614,0.3033,0.3151,0.3268,0.0342,0.0382,0.0419,0.0373,0.0405,0.0441
2009-05-03,0.058,0.0627,0.0673,0.338,0.3507,0.3612,0.0579,0.0627,0.068,0.0518,0.0556,0.0591,0.0522,0.0569,0.0616,0.3028,0.3143,0.3264,0.0344,0.0383,0.0421,0.0368,0.0401,0.0435
2009-05-10,0.0577,0.0615,0.0656,0.3435,0.3523,0.3619,0.0603,0.0648,0.0695,0.0515,0.0556,0.0592,0.0543,0.0587,0.0628,0.3,0.3095,0.3189,0.0351,0.0387,0.0422,0.0368,0.0398,0.0429
2009-05-17,0.0573,0.0611,0.0651,0.3413,0.3512,0.361,0.0622,0.067,0.0713,0.0522,0.0559,0.0594,0.0568,0.061,0.0656,0.2963,0.3053,0.3146,0.0359,0.0394,0.0428,0.0369,0.0399,0.0429
2009-05-24,0.0564,0.0607,0.0651,0.3367,0.3492,0.3616,0.0637,0.0689,0.0744,0.052,0.056,0.0601,0.0588,0.0635,0.0685,0.2907,0.3019,0.3135,0.0362,0.0399,0.0435,0.0373,0.0405,0.0434
2009-05-31,0.0549,0.0595,0.064,0.3364,0.3495,0.3612,0.0671,0.0727,0.0786,0.0518,0.0556,0.0598,0.0613,0.0663,0.0719,0.2842,0.2963,0.3087,0.036,0.04,0.044,0.0378,0.0406,0.044
2009-06-07,0.0537,0.0582,0.0627,0.3369,0.3489,0.3603,0.0719,0.0779,0.0835,0.0514,0.055,0.059,0.0652,0.0704,0.0762,0.2781,0.2886,0.3002,0.0361,0.0403,0.0441,0.0381,0.0412,0.0444
2009-06-14,0.0525,0.0565,0.0605,0.3412,0.3516,0.3618,0.0771,0.0829,0.0884,0.0509,0.0548,0.0586,0.069,0.0741,0.0798,0.2695,0.2789,0.289,0.0363,0.0402,0.044,0.0386,0.0418,0.0448
2009-06-21,0.0518,0.0558,0.0598,0.3418,0.3521,0.3621,0.08,0.0856,0.0913,0.0503,0.0543,0.0583,0.0699,0.0754,0.0808,0.2661,0.2751,0.2854,0.0361,0.0401,0.044,0.0389,0.0421,0.0455
2009-06-28,0.0519,0.0565,0.061,0.3376,0.3488,0.3604,0.0801,0.0858,0.0929,0.0493,0.0537,0.0577,0.0687,0.0745,0.0798,0.268,0.279,0.2901,0.0355,0.0397,0.0436,0.0391,0.0424,0.0457
2009-07-05,0.0526,0.0573,0.0624,0.3339,0.3454,0.3581,0.0786,0.0855,0.0923,0.0484,0.0531,0.057,0.0668,0.0722,0.0782,0.2737,0.2847,0.2973,0.0348,0.0389,0.0431,0.0391,0.0424,0.0462
2009-07-12,0.0531,0.0581,0.0637,0.3307,0.3427,0.3557,0.0777,0.0847,0.0924,0.0479,0.0527,0.0572,0.0646,0.0705,0.0771,0.2774,0.2901,0.3038,0.0345,0.0383,0.0431,0.0391,0.0426,0.0465
2009-07-19,0.0536,0.0585,0.0641,0.327,0.3407,0.3558,0.0763,0.0841,0.0924,0.0481,0.0529,0.0575,0.0638,0.0696,0.076,0.2793,0.293,0.3077,0.0344,0.0383,0.0426,0.0395,0.0432,0.0472
2009-07-26,0.0539,0.0589,0.0649,0.3246,0.3392,0.355,0.0762,0.0833,0.0912,0.0487,0.0535,0.058,0.0634,0.0696,0.0763,0.279,0.2933,0.3079,0.0348,0.0386,0.0432,0.04,0.0439,0.048
2009-08-02,0.0543,0.0591,0.0644,0.3246,0.3385,0.3526,0.0754,0.0824,0.0898,0.0499,0.0542,0.0588,0.0637,0.0694,0.0756,0.2805,0.2931,0.3067,0.0352,0.0392,0.0436,0.0407,0.0444,0.0485
2009-08-09,0.0542,0.0586,0.0636,0.328,0.3404,0.3526,0.0753,0.0818,0.0884,0.0508,0.0552,0.0596,0.0642,0.0699,0.0751,0.2775,0.29,0.3018,0.0362,0.0402,0.0441,0.0416,0.0451,0.0489
2009-08-16,0.0538,0.0577,0.0621,0.333,0.343,0.3532,0.0757,0.0812,0.087,0.0524,0.0564,0.0606,0.0657,0.0707,0.0755,0.2747,0.2842,0.2945,0.0376,0.0415,0.045,0.0426,0.046,0.0499
2009-08-23,0.053,0.0567,0.0608,0.3376,0.3472,0.357,0.0753,0.0808,0.0863,0.0529,0.0566,0.0605,0.0656,0.0707,0.0753,0.2713,0.2808,0.2907,0.0382,0.0418,0.0454,0.0431,0.0465,0.05
2009-08-30,0.0522,0.056,0.06,0.3414,0.351,0.3619,0.074,0.0797,0.0855,0.052,0.0559,0.0597,0.064,0.0691,0.0736,0.2717,0.2818,0.2921,0.0374,0.0411,0.0448,0.0433,0.0465,0.0499
2009-09-06,0.0525,0.0563,0.0604,0.3405,0.3512,0.3602,0.0731,0.0788,0.0841,0.051,0.0548,0.0585,0.0619,0.0667,0.0711,0.2781,0.2873,0.2966,0.0364,0.0399,0.0437,0.0434,0.0467,0.0501
2009-09-13,0.0522,0.0563,0.0604,0.3399,0.3506,0.3609,0.0721,0.0776,0.0835,0.0511,0.055,0.0586,0.061,0.0655,0.0702,0.2796,0.2896,0.2999,0.0364,0.0399,0.0435,0.0436,0.0472,0.0507
2009-09-20,0.0512,0.0556,0.0601,0.3412,0.3521,0.3644,0.0711,0.0772,0.0839,0.0509,0.0551,0.0595,0.061,0.0659,0.0707,0.2766,0.2872,0.2988,0.0362,0.0404,0.0445,0.0439,0.0477,0.0517
2009-09-27,0.0504,0.0545,0.0588,0.3433,0.3554,0.3682,0.0714,0.0772,0.0834,0.051,0.0551,0.0593,0.0611,0.0659,0.0715,0.274,0.2845,0.2957,0.0368,0.0408,0.045,0.0444,0.0482,0.0519
2009-10-04,0.0496,0.0535,0.0576,0.3469,0.3588,0.3709,0.0712,0.0771,0.0836,0.0509,0.0547,0.0586,0.0607,0.0655,0.0708,0.2718,0.2835,0.2944,0.0369,0.0406,0.0449,0.0452,0.0487,0.0523
2009-10-11,0.0488,0.0525,0.0567,0.3513,0.3612,0.3707,0.0715,0.0765,0.0822,0.05,0.0536,0.0572,0.059,0.0634,0.0683,0.2758,0.2857,0.2949,0.0367,0.0401,0.044,0.0455,0.049,0.0526
2009-10-18,0.0482,0.0519,0.0555,0.3511,0.3609,0.3712,0.0723,0.0776,0.0831,0.0492,0.0528,0.0564,0.0581,0.0628,0.0675,0.2774,0.2865,0.2967,0.0361,0.0398,0.0439,0.0465,0.0498,0.0534
2009-10-25,0.0481,0.0519,0.0561,0.3441,0.3562,0.3674,0.074,0.0796,0.0859,0.0485,0.0524,0.0561,0.0583,0.063,0.0684,0.2765,0.288,0.2995,0.0359,0.0397,0.0442,0.0479,0.0514,0.0553
2009-11-01,0.0488,0.0526,0.0568,0.3387,0.3502,0.3613,0.0766,0.0823,0.0879,0.0483,0.0522,0.0562,0.0589,0.0639,0.0692,0.2773,0.2879,0.2994,0.0359,0.0397,0.0436,0.0497,0.0535,0.0577
2009-11-08,0.0491,0.0533,0.0574,0.3344,0.3441,0.3533,0.0787,0.0844,0.0901,0.0484,0.052,0.0562,0.0597,0.0642,0.069,0.2802,0.2894,0.2992,0.0361,0.0396,0.0435,0.0521,0.0555,0.0595
2009-11-15,0.0491,0.0529,0.0569,0.3338,0.3435,0.3524,0.0806,0.0861,0.0917,0.0482,0.052,0.0559,0.0598,0.0641,0.0689,0.2774,0.2879,0.2981,0.0362,0.0395,0.0434,0.0528,0.0566,0.0605
2009-11-22,0.0484,0.052,0.0563,0.3372,0.3486,0.3603,0.0822,0.0882,0.0942,0.0484,0.0523,0.0557,0.0604,0.0651,0.0698,0.2705,0.2809,0.2926,0.0358,0.0395,0.0434,0.0524,0.0563,0.0602
2009-11-29,0.0473,0.0514,0.0557,0.3414,0.3528,0.3642,0.0846,0.0911,0.0969,0.0484,0.0524,0.0562,0.0616,0.0668,0.0715,0.2622,0.2733,0.2846,0.0357,0.0395,0.0432,0.0522,0.0559,0.06
2009-12-06,0.0475,0.0514,0.0554,0.3441,0.3535,0.3647,0.088,0.094,0.0996,0.0481,0.052,0.0559,0.0625,0.0673,0.072,0.2605,0.2701,0.279,0.0352,0.0388,0.0426,0.0522,0.0557,0.0596
2009-12-13,0.0483,0.052,0.0565,0.339,0.3493,0.3599,0.0901,0.0957,0.102,0.047,0.0511,0.055,0.0621,0.0668,0.0719,0.2656,0.2744,0.2839,0.0345,0.0381,0.042,0.0515,0.0554,0.0593
2009-12-20,0.048,0.0525,0.0576,0.3327,0.3456,0.3582,0.0901,0.0967,0.104,0.0462,0.0504,0.0545,0.0604,0.0664,0.0721,0.2676,0.2785,0.2915,0.034,0.0378,0.042,0.0505,0.0547,0.059
2009-12-27,0.0473,0.0517,0.0568,0.3335,0.3479,0.3608,0.09,0.0973,0.1049,0.0455,0.0498,0.0538,0.0592,0.0655,0.0721,0.2662,0.2787,0.2935,0.0336,0.0376,0.0421,0.0499,0.0539,0.0587
2010-01-03,0.0462,0.0506,0.0553,0.3396,0.3538,0.3674,0.0898,0.0975,0.1056,0.0452,0.0495,0.0536,0.0591,0.0648,0.0706,0.2622,0.2757,0.2905,0.0339,0.038,0.0422,0.0494,0.0534,0.0578
2010-01-10,0.0454,0.0491,0.0531,0.3484,0.3601,0.3721,0.0909,0.0974,0.1052,0.045,0.0493,0.0531,0.059,0.064,0.0695,0.26,0.2717,0.2833,0.0344,0.0383,0.0426,0.0493,0.053,0.0572
2010-01-17,0.0457,0.0495,0.0533,0.3515,0.3608,0.3705,0.0893,0.0952,0.1011,0.046,0.0498,0.0533,0.0588,0.0632,0.068,0.264,0.2733,0.2832,0.0351,0.039,0.043,0.0494,0.053,0.0566
2010-01-24,0.0468,0.0505,0.0549,0.3453,0.3564,0.3674,0.0866,0.0928,0.0994,0.0464,0.0501,0.054,0.0579,0.0624,0.0671,0.2693,0.2793,0.2898,0.0358,0.0393,0.0435,0.0489,0.0525,0.0563
2010-01-31,0.0478,0.0516,0.0561,0.34,0.3513,0.3633,0.0839,0.0903,0.097,0.0465,0.0504,0.0543,0.0567,0.0614,0.0662,0.2758,0.2864,0.2976,0.0358,0.0397,0.0437,0.0483,0.052,0.0557
2010-02-07,0.0484,0.0523,0.0565,0.3396,0.35,0.3616,0.083,0.0891,0.0953,0.046,0.0499,0.0537,0.0554,0.0598,0.0645,0.282,0.2924,0.3033,0.0353,0.039,0.043,0.0475,0.0511,0.0549
2010-02-14,0.0478,0.0517,0.0559,0.3408,0.3511,0.3612,0.0847,0.0905,0.0967,0.0458,0.0493,0.0532,0.0552,0.0596,0.0641,0.2813,0.2912,0.3021,0.0352,0.0389,0.0428,0.0475,0.0512,0.055
2010-02-21,0.0471,0.0513,0.0558,0.3408,0.3508,0.3619,0.0865,0.0928,0.099,0.0455,0.0493,0.053,0.0551,0.0601,0.0647,0.2791,0.289,0.3001,0.0353,0.0392,0.0432,0.0476,0.0511,0.055
2010-02-28,0.0473,0.0513,0.0559,0.3392,0.3497,0.36,0.0884,0.0946,0.101,0.0454,0.0492,0.0531,0.0557,0.0605,0.0653,0.2783,0.2886,0.2993,0.0354,0.0393,0.0435,0.0468,0.0506,0.0544
2010-03-07,0.0477,0.0518,0.0563,0.3389,0.3494,0.3605,0.088,0.0936,0.0999,0.0454,0.0491,0.0529,0.055,0.0599,0.0644,0.2815,0.2914,0.3009,0.0351,0.039,0.0431,0.0461,0.0497,0.0533
2010-03-14,0.0476,0.0514,0.0559,0.3392,0.3492,0.3585,0.0873,0.0935,0.0998,0.0461,0.0499,0.0537,0.0567,0.061,0.0656,0.2794,0.2898,0.3001,0.0356,0.0396,0.0435,0.0461,0.0496,0.0534
2010-03-21,0.0467,0.0512,0.0556,0.3369,0.3473,0.3587,0.0872,0.0935,0.1,0.0466,0.0507,0.0547,0.0577,0.0625,0.0674,0.2773,0.2884,0.2987,0.0364,0.0405,0.0445,0.0464,0.0501,0.0542
2010-03-28,0.0468,0.0509,0.0551,0.3361,0.3479,0.3599,0.0868,0.0932,0.0997,0.0466,0.0508,0.0549,0.0575,0.0623,0.0671,0.2773,0.2883,0.3008,0.0365,0.0405,0.0447,0.046,0.05,0.0544
2010-04-04,0.0462,0.0501,0.0544,0.3399,0.3517,0.363,0.0868,0.0932,0.0994,0.0462,0.0503,0.0542,0.0566,0.0616,0.0663,0.2768,0.288,0.3006,0.036,0.0399,0.0442,0.0456,0.0492,0.0531
2010-04-11,0.0462,0.0499,0.0544,0.3424,0.3531,0.3638,0.0854,0.0916,0.0976,0.046,0.0498,0.0536,0.0558,0.0602,0.0645,0.2816,0.2917,0.3027,0.0356,0.0393,0.0432,0.0448,0.0486,0.0522
2010-04-18,0.0463,0.0501,0.0542,0.3411,0.3527,0.3636,0.0852,0.0915,0.0979,0.0455,0.0493,0.0532,0.055,0.0595,0.0636,0.2856,0.2951,0.3055,0.0351,0.0387,0.0427,0.0442,0.0479,0.0513
2010-04-25,0.0466,0.0508,0.055,0.3371,0.3494,0.3606,0.0854,0.0917,0.0987,0.0451,0.049,0.0532,0.0542,0.0591,0.064,0.2871,0.299,0.3107,0.0344,0.0383,0.0426,0.0437,0.0475,0.0511
2010-05-02,0.0474,0.0514,0.0556,0.3351,0.3457,0.3567,0.0844,0.0904,0.0968,0.0452,0.049,0.0529,0.054,0.0585,0.0633,0.2937,0.3042,0.3151,0.0342,0.038,0.0417,0.0434,0.0471,0.0506
2010-05-09,0.0478,0.0517,0.0558,0.3326,0.3424,0.3521,0.0846,0.0903,0.096,0.045,0.0487,0.0523,0.0537,0.058,0.0629,0.2996,0.3089,0.3188,0.034,0.0376,0.0411,0.0437,0.0471,0.0505
2010-05-16,0.0487,0.0529,0.057,0.3249,0.3352,0.3454,0.0837,0.0895,0.095,0.0455,0.0492,0.0529,0.0539,0.0583,0.0627,0.3035,0.3138,0.3243,0.0345,0.0382,0.0419,0.0444,0.0477,0.0512
2010-05-23,0.0496,0.0535,0.0576,0.3178,0.3271,0.3374,0.0835,0.0892,0.0952,0.0457,0.0496,0.0534,0.0539,0.0585,0.0629,0.3091,0.319,0.3295,0.035,0.0389,0.0426,0.0452,0.0487,0.0523
2010-05-30,0.049,0.0532,0.0575,0.3116,0.3215,0.3323,0.0843,0.0901,0.096,0.0454,0.0493,0.053,0.0536,0.0581,0.0632,0.3137,0.3238,0.3354,0.035,0.0387,0.0426,0.0461,0.0497,0.0534
2010-06-06,0.0485,0.0527,0.0568,0.3095,0.3197,0.3295,0.0832,0.0892,0.0953,0.0449,0.0486,0.0523,0.0522,0.0567,0.0612,0.3188,0.3293,0.3392,0.0346,0.0384,0.0422,0.0468,0.0504,0.0545
2010-06-13,0.0482,0.0522,0.0566,0.3104,0.3195,0.3287,0.0817,0.0876,0.0937,0.0453,0.049,0.0526,0.0519,0.0563,0.0604,0.3203,0.3302,0.3405,0.0353,0.039,0.0427,0.0478,0.0512,0.0551
2010-06-20,0.0478,0.052,0.0563,0.3096,0.3199,0.3312,0.0805,0.0864,0.0924,0.0459,0.0497,0.0534,0.052,0.0567,0.0614,0.3177,0.3281,0.3385,0.036,0.04,0.0441,0.048,0.052,0.0561
2010-06-27,0.0472,0.0516,0.0561,0.3089,0.3202,0.3329,0.0796,0.0858,0.0931,0.0461,0.0501,0.0545,0.0527,0.0577,0.0628,0.3136,0.3255,0.3396,0.0365,0.0409,0.0455,0.0484,0.0525,0.057
2010-07-04,0.047,0.0512,0.056,0.3087,0.3205,0.3325,0.079,0.0858,0.0931,0.0459,0.0501,0.0544,0.0537,0.0586,0.0637,0.3119,0.3244,0.3371,0.0371,0.0415,0.0459,0.0485,0.0527,0.0574
2010-07-11,0.0465,0.051,0.0559,0.3088,0.3215,0.3335,0.0784,0.0852,0.093,0.0451,0.0498,0.0543,0.0535,0.059,0.0643,0.3114,0.3244,0.3376,0.0373,0.0417,0.0463,0.0482,0.0525,0.0571
2010-07-18,0.0462,0.0506,0.0556,0.3109,0.3231,0.3359,0.0775,0.0843,0.0918,0.0456,0.0499,0.0542,0.0541,0.0596,0.0651,0.3095,0.3222,0.3356,0.038,0.0425,0.0472,0.0484,0.0526,0.0573
2010-07-25,0.0459,0.0503,0.0551,0.3115,0.3249,0.3379,0.0775,0.0836,0.0907,0.0458,0.0502,0.0546,0.0553,0.0605,0.0656,0.3072,0.3196,0.3329,0.0392,0.0433,0.0482,0.0484,0.0526,0.057
2010-08-01,0.046,0.0501,0.0551,0.3129,0.3251,0.3378,0.0767,0.0834,0.0899,0.0458,0.0503,0.0545,0.0558,0.0612,0.0661,0.3064,0.3186,0.3326,0.0395,0.0439,0.0488,0.0483,0.0524,0.057
2010-08-08,0.0462,0.0503,0.0545,0.3133,0.3241,0.3349,0.0772,0.0836,0.0901,0.0459,0.0501,0.0539,0.0565,0.0616,0.0664,0.3087,0.3194,0.3305,0.0398,0.0441,0.049,0.0482,0.0521,0.0561
2010-08-15,0.0467,0.0505,0.0545,0.3151,0.3243,0.3337,0.0776,0.0833,0.0889,0.0469,0.0509,0.0544,0.0582,0.063,0.0674,0.3069,0.3162,0.3257,0.0409,0.045,0.0493,0.0485,0.0523,0.0563
2010-08-22,0.0493,0.0528,0.0569,0.3088,0.3174,0.3258,0.0753,0.0807,0.0859,0.0491,0.0529,0.0564,0.0607,0.0648,0.0693,0.3097,0.3175,0.3265,0.0426,0.0464,0.0506,0.0492,0.0525,0.056
2010-08-29,0.0516,0.0553,0.0598,0.3022,0.3117,0.3198,0.0738,0.0788,0.0838,0.0507,0.0543,0.0577,0.0619,0.0666,0.071,0.3103,0.3189,0.3276,0.043,0.0466,0.0504,0.05,0.0534,0.0567
2010-09-05,0.0548,0.0585,0.0627,0.2966,0.3048,0.313,0.071,0.0758,0.0806,0.0545,0.058,0.0612,0.0647,0.0692,0.0737,0.3073,0.3156,0.3238,0.0454,0.0489,0.0524,0.0517,0.0551,0.0583
2010-09-12,0.0557,0.0585,0.0615,0.2952,0.302,0.3085,0.0682,0.0723,0.076,0.0589,0.0619,0.0644,0.0659,0.0692,0.0728,0.3057,0.3126,0.3203,0.0495,0.0525,0.0557,0.054,0.0565,0.0594
2010-09-19,0.056,0.056,0.056,0.3066,0.3066,0.3066,0.0734,0.0734,0.0734,0.0656,0.0656,0.0656,0.0706,0.0706,0.0706,0.3006,0.3006,0.3006,0.056,0.056,0.056,0.057,0.057,0.057
2010-09-26,0.0513,0.0544,0.0575,0.2949,0.3034,0.3131,0.0723,0.0762,0.0806,0.0592,0.0623,0.0653,0.0684,0.0711,0.0742,0.3011,0.308,0.3147,0.0492,0.052,0.0552,0.0555,0.0582,0.0609
2010-10-03,0.0488,0.0527,0.0567,0.2906,0.3015,0.3118,0.0737,0.0781,0.083,0.0558,0.0596,0.0633,0.0679,0.0714,0.075,0.3067,0.3144,0.3225,0.0452,0.049,0.0529,0.0559,0.0593,0.0629
2010-10-10,0.0474,0.0512,0.0551,0.2908,0.2996,0.3089,0.0751,0.0797,0.0841,0.0531,0.0568,0.0606,0.0676,0.0714,0.0755,0.3132,0.3205,0.3284,0.0428,0.0461,0.0497,0.057,0.0607,0.0645
2010-10-17,0.0461,0.0499,0.0536,0.2877,0.2966,0.3059,0.0769,0.0817,0.0868,0.0513,0.0549,0.0587,0.0677,0.0715,0.0761,0.3188,0.3263,0.3341,0.0406,0.0439,0.0472,0.0577,0.0617,0.0652
2010-10-24,0.0456,0.0493,0.0532,0.2852,0.2949,0.3048,0.0778,0.0832,0.0887,0.0503,0.0541,0.0578,0.0674,0.0712,0.0756,0.3209,0.3291,0.3376,0.0391,0.0425,0.0459,0.0582,0.0618,0.0657
2010-10-31,0.0461,0.0499,0.0535,0.2835,0.2935,0.3034,0.0781,0.0836,0.0887,0.0498,0.0536,0.0573,0.0668,0.0707,0.0749,0.3218,0.3305,0.3387,0.0386,0.0421,0.0455,0.0586,0.0625,0.0662
2010-11-07,0.0471,0.0508,0.0545,0.2814,0.2903,0.2993,0.0793,0.084,0.0886,0.0498,0.0533,0.0569,0.0659,0.0696,0.0735,0.325,0.3324,0.3389,0.0387,0.042,0.0449,0.0605,0.064,0.0678
2010-11-14,0.0482,0.0517,0.0555,0.276,0.2849,0.2939,0.0811,0.0858,0.0901,0.0492,0.0527,0.0566,0.0652,0.0687,0.0724,0.3295,0.3367,0.3445,0.0377,0.0409,0.0441,0.061,0.0649,0.0685
2010-11-21,0.0483,0.0522,0.0562,0.2703,0.2798,0.2888,0.0833,0.0884,0.094,0.0489,0.0525,0.0563,0.0642,0.0679,0.0719,0.3326,0.3404,0.3488,0.0365,0.0398,0.043,0.0611,0.0651,0.0687
2010-11-28,0.048,0.0522,0.0559,0.2683,0.2789,0.2882,0.0847,0.0902,0.0955,0.048,0.0517,0.0555,0.0636,0.0673,0.0711,0.3342,0.3422,0.3506,0.0354,0.0384,0.0417,0.0611,0.0653,0.0695
2010-12-05,0.0478,0.0516,0.0555,0.2693,0.2778,0.2864,0.0873,0.0924,0.0981,0.0468,0.0504,0.0542,0.0632,0.0672,0.0709,0.3365,0.3441,0.3516,0.0342,0.0369,0.0399,0.0619,0.0658,0.0697
2010-12-12,0.0475,0.0512,0.0553,0.2657,0.2751,0.2837,0.0892,0.0945,0.1004,0.0459,0.0494,0.0532,0.0628,0.0668,0.0709,0.3396,0.3467,0.3544,0.0332,0.036,0.0388,0.0627,0.0667,0.0712
2010-12-19,0.0474,0.0515,0.0559,0.2625,0.2723,0.282,0.0887,0.0949,0.1013,0.045,0.0488,0.0526,0.0623,0.0665,0.0709,0.3413,0.3489,0.3577,0.0327,0.0358,0.0391,0.063,0.0674,0.0722
2010-12-26,0.0475,0.0519,0.0562,0.26,0.2709,0.2817,0.0877,0.0943,0.1016,0.0444,0.0483,0.0526,0.062,0.0663,0.0708,0.341,0.3507,0.3605,0.0325,0.036,0.0394,0.0633,0.0678,0.0724
2011-01-02,0.0479,0.052,0.0564,0.2609,0.2712,0.2834,0.0869,0.0936,0.1002,0.0442,0.048,0.0518,0.0617,0.0662,0.0705,0.341,0.3508,0.3604,0.0329,0.0363,0.0398,0.0634,0.0679,0.0728
2011-01-09,0.0479,0.052,0.0561,0.2651,0.2744,0.2841,0.0861,0.0914,0.0974,0.0445,0.0479,0.0516,0.062,0.066,0.0701,0.3419,0.3496,0.3583,0.0337,0.0369,0.0406,0.0636,0.068,0.0722
2011-01-16,0.0478,0.0515,0.0553,0.2668,0.2758,0.2839,0.0869,0.0918,0.097,0.0445,0.0479,0.0515,0.0618,0.066,0.07,0.3405,0.3479,0.355,0.0344,0.0375,0.0408,0.0643,0.0684,0.0727
2011-01-23,0.047,0.0509,0.0547,0.267,0.2764,0.2865,0.0873,0.0928,0.0986,0.044,0.0475,0.0511,0.0613,0.0658,0.0702,0.3389,0.3477,0.3556,0.0339,0.037,0.0405,0.0642,0.0686,0.0731
2011-01-30,0.0466,0.0505,0.0544,0.2709,0.2809,0.2916,0.0853,0.091,0.0974,0.0431,0.0468,0.0502,0.0614,0.0656,0.0701,0.339,0.3472,0.3567,0.0332,0.0366,0.0401,0.0632,0.0674,0.0723
2011-02-06,0.0465,0.0503,0.0542,0.2753,0.2854,0.296,0.0829,0.0886,0.0947,0.0429,0.0465,0.0501,0.062,0.0659,0.0704,0.3368,0.346,0.3552,0.0338,0.037,0.0407,0.0622,0.0667,0.071
2011-02-13,0.0472,0.0506,0.0545,0.2803,0.2894,0.2985,0.0806,0.0855,0.091,0.0434,0.0468,0.0502,0.0625,0.0662,0.0702,0.3359,0.344,0.3517,0.0349,0.0381,0.0414,0.0618,0.0657,0.07
2011-02-20,0.0471,0.0504,0.0543,0.2826,0.2913,0.3002,0.0809,0.086,0.0908,0.0434,0.0467,0.0501,0.0625,0.0664,0.0706,0.3353,0.343,0.3509,0.0349,0.0379,0.0412,0.0611,0.0649,0.0689
2011-02-27,0.0466,0.0502,0.0538,0.2833,0.2929,0.303,0.083,0.0883,0.0935,0.0433,0.0466,0.0502,0.0623,0.0662,0.0702,0.3329,0.341,0.3491,0.0341,0.0374,0.0406,0.0601,0.0643,0.068
2011-03-06,0.0457,0.0497,0.0538,0.2854,0.2955,0.3064,0.0839,0.0896,0.0952,0.0433,0.0468,0.0503,0.0618,0.0657,0.0696,0.3303,0.3384,0.3464,0.0338,0.037,0.0403,0.0598,0.0638,0.0676
2011-03-13,0.0456,0.0493,0.0527,0.2905,0.2989,0.3079,0.0852,0.0903,0.0953,0.0438,0.047,0.0501,0.0613,0.065,0.0686,0.3284,0.3355,0.3422,0.034,0.0369,0.0399,0.0602,0.0638,0.0678
2011-03-20,0.0453,0.0486,0.0522,0.2932,0.3012,0.3088,0.0859,0.0904,0.0954,0.0435,0.0467,0.0499,0.0613,0.0645,0.068,0.3277,0.3348,0.3413,0.0337,0.0363,0.0394,0.0603,0.0639,0.0674
2011-03-27,0.0442,0.0479,0.0516,0.2965,0.3059,0.3152,0.0836,0.0889,0.0946,0.0434,0.0466,0.0499,0.0605,0.0641,0.0677,0.3255,0.3338,0.3414,0.0331,0.0362,0.0393,0.0595,0.0632,0.067
2011-04-03,0.0441,0.0476,0.0511,0.299,0.3084,0.3167,0.0826,0.0876,0.0931,0.0429,0.0463,0.0497,0.0597,0.0635,0.067,0.3266,0.334,0.3424,0.0327,0.036,0.0389,0.0593,0.0635,0.0672
2011-04-10,0.044,0.0472,0.0506,0.304,0.3127,0.3215,0.0817,0.0864,0.0911,0.043,0.0461,0.0491,0.0586,0.0623,0.0658,0.3252,0.3321,0.34,0.0329,0.0359,0.0388,0.0601,0.0639,0.0676
2011-04-17,0.044,0.047,0.0503,0.3052,0.3133,0.3217,0.0819,0.0864,0.091,0.0427,0.0458,0.0491,0.0579,0.0613,0.0647,0.3247,0.3315,0.3387,0.0328,0.0356,0.0386,0.0613,0.0652,0.0688
2011-04-24,0.0434,0.0466,0.0501,0.3057,0.3153,0.3241,0.0815,0.0867,0.0916,0.0428,0.0459,0.0491,0.0577,0.0611,0.0646,0.322,0.3296,0.3377,0.033,0.0357,0.039,0.0616,0.0657,0.0698
2011-05-01,0.0429,0.0462,0.0498,0.3092,0.3191,0.3281,0.0815,0.0865,0.0913,0.0431,0.0462,0.0493,0.0577,0.0612,0.0648,0.3175,0.325,0.3324,0.0335,0.0362,0.0395,0.0622,0.0659,0.07
2011-05-08,0.042,0.0451,0.0487,0.3174,0.3264,0.3353,0.0804,0.0853,0.0898,0.0436,0.0466,0.0496,0.0585,0.0618,0.0652,0.3113,0.3187,0.3263,0.0342,0.037,0.0402,0.0617,0.065,0.0689
2011-05-15,0.0411,0.0442,0.0478,0.3204,0.3292,0.3376,0.0815,0.0858,0.0908,0.0437,0.0468,0.0498,0.0589,0.0625,0.066,0.3094,0.3165,0.3235,0.0342,0.0372,0.0401,0.0605,0.0641,0.0677
2011-05-22,0.0411,0.0444,0.0481,0.3154,0.3239,0.3324,0.0838,0.0889,0.0941,0.0439,0.047,0.0503,0.0589,0.0626,0.0658,0.3109,0.3183,0.3251,0.0342,0.0369,0.0399,0.0609,0.0645,0.0679
2011-05-29,0.0413,0.0449,0.0486,0.3078,0.3171,0.3264,0.0873,0.0925,0.0984,0.044,0.0473,0.0506,0.0586,0.0623,0.0658,0.3116,0.3197,0.3274,0.0335,0.0367,0.04,0.0617,0.0655,0.0693
2011-06-05,0.0407,0.0443,0.048,0.3082,0.3181,0.3279,0.088,0.0934,0.0997,0.0438,0.0471,0.0506,0.0586,0.0623,0.0661,0.3104,0.3189,0.3268,0.0333,0.0364,0.0397,0.0615,0.0654,0.0695
2011-06-12,0.0398,0.0432,0.0466,0.3164,0.3252,0.3347,0.0865,0.092,0.0977,0.0435,0.0467,0.0498,0.0582,0.0623,0.0662,0.3085,0.3162,0.3237,0.0331,0.0363,0.0396,0.061,0.0645,0.0687
2011-06-19,0.0388,0.0426,0.046,0.3155,0.3246,0.3337,0.0876,0.093,0.0983,0.0429,0.0465,0.0498,0.0581,0.0623,0.0663,0.3104,0.318,0.3255,0.0325,0.0355,0.0389,0.0604,0.0639,0.068
2011-06-26,0.0386,0.0424,0.046,0.3104,0.3208,0.3317,0.0888,0.0945,0.1012,0.0424,0.046,0.0498,0.0581,0.0621,0.0662,0.3136,0.3222,0.3308,0.0313,0.0344,0.0376,0.0596,0.0636,0.0677
2011-07-03,0.0382,0.042,0.0459,0.3101,0.321,0.3323,0.089,0.0948,0.1019,0.0417,0.0455,0.049,0.0577,0.062,0.0664,0.3161,0.3251,0.3328,0.0302,0.0333,0.0364,0.0588,0.063,0.0675
2011-07-10,0.0374,0.0413,0.0453,0.3117,0.3241,0.3363,0.0874,0.094,0.1011,0.0411,0.0448,0.0486,0.0576,0.0619,0.0661,0.3158,0.3252,0.3342,0.0293,0.0326,0.0359,0.0584,0.0627,0.0675
2011-07-17,0.0371,0.0409,0.045,0.3168,0.3285,0.3413,0.086,0.0923,0.0994,0.0407,0.0446,0.0484,0.0576,0.0616,0.0661,0.3139,0.3238,0.3329,0.0291,0.0324,0.0358,0.0578,0.0623,0.0669
2011-07-24,0.0369,0.0405,0.0441,0.3206,0.3322,0.3438,0.0843,0.0907,0.0973,0.0409,0.0446,0.0484,0.057,0.0614,0.066,0.3136,0.3225,0.3316,0.0292,0.0323,0.0355,0.0575,0.0621,0.067
2011-07-31,0.0363,0.0402,0.0438,0.3241,0.3347,0.3461,0.0833,0.0894,0.0954,0.0411,0.0448,0.0483,0.0568,0.0611,0.0659,0.3134,0.3218,0.3309,0.029,0.0323,0.0355,0.0576,0.0621,0.0669
2011-08-07,0.0368,0.04,0.0437,0.3232,0.3347,0.346,0.0824,0.0882,0.0946,0.0415,0.0451,0.0484,0.0569,0.0612,0.0653,0.3134,0.3226,0.3313,0.0291,0.0323,0.0355,0.0577,0.0621,0.0671
2011-08-14,0.037,0.0402,0.0434,0.3255,0.3344,0.3439,0.0816,0.087,0.0926,0.0422,0.0457,0.0488,0.0576,0.0615,0.0656,0.315,0.3232,0.3303,0.0298,0.0327,0.0357,0.0576,0.0618,0.0663
2011-08-21,0.0371,0.0405,0.0438,0.3241,0.3333,0.3424,0.081,0.086,0.0907,0.043,0.0463,0.0499,0.058,0.062,0.0661,0.3168,0.3249,0.3334,0.0301,0.0331,0.0361,0.0568,0.0605,0.0644
2011-08-28,0.0384,0.042,0.0454,0.3191,0.3287,0.3388,0.0805,0.0859,0.0914,0.0445,0.0478,0.0512,0.0576,0.0614,0.0654,0.3173,0.3258,0.3336,0.0308,0.034,0.0372,0.0572,0.0608,0.0647
2011-09-04,0.0404,0.044,0.0478,0.316,0.3255,0.3352,0.0806,0.0855,0.091,0.0459,0.0492,0.0527,0.0565,0.0603,0.0639,0.3173,0.3244,0.3321,0.0321,0.0352,0.0382,0.0579,0.0615,0.0653
2011-09-11,0.0424,0.0458,0.0493,0.316,0.3251,0.3334,0.0796,0.0846,0.09,0.047,0.0501,0.0532,0.0554,0.059,0.0625,0.3157,0.3228,0.3301,0.0332,0.0359,0.0389,0.059,0.0625,0.0663
2011-09-18,0.044,0.0473,0.0509,0.3163,0.3249,0.3346,0.0788,0.0837,0.0881,0.0481,0.0512,0.0548,0.0546,0.058,0.0613,0.312,0.3195,0.3268,0.0342,0.0371,0.0402,0.0598,0.0635,0.0671
2011-09-25,0.0454,0.0492,0.0532,0.3036,0.3141,0.3247,0.0811,0.0865,0.0922,0.0492,0.0529,0.0563,0.0546,0.0584,0.0616,0.3134,0.3215,0.3299,0.0347,0.038,0.0414,0.0607,0.0647,0.0688
2011-10-02,0.0468,0.0508,0.0551,0.2945,0.3043,0.3149,0.0831,0.0886,0.0944,0.0506,0.0543,0.0585,0.0549,0.0586,0.062,0.3157,0.3239,0.3308,0.0357,0.0389,0.0424,0.0617,0.0656,0.0698
2011-10-09,0.0489,0.0528,0.0567,0.2883,0.2967,0.3053,0.0847,0.0902,0.0955,0.0514,0.055,0.0588,0.0551,0.0585,0.062,0.3189,0.3266,0.3335,0.0357,0.0392,0.0422,0.0623,0.0662,0.0703
2011-10-16,0.0507,0.0547,0.0585,0.2764,0.2851,0.294,0.0877,0.0927,0.0981,0.0512,0.0548,0.0582,0.0551,0.0587,0.0623,0.3258,0.3334,0.3409,0.0354,0.0385,0.0415,0.063,0.067,0.0711
2011-10-23,0.0518,0.0558,0.06,0.2658,0.2753,0.2848,0.0907,0.096,0.102,0.0511,0.0545,0.0583,0.0554,0.0587,0.0622,0.3308,0.3393,0.3471,0.0344,0.0374,0.0407,0.0636,0.068,0.0718
2011-10-30,0.0518,0.0558,0.0601,0.2614,0.271,0.2816,0.0932,0.0988,0.1044,0.051,0.0545,0.0581,0.0546,0.0582,0.0622,0.3329,0.3411,0.349,0.0338,0.0367,0.0397,0.0644,0.0686,0.0724
2011-11-06,0.0513,0.0553,0.0591,0.2599,0.2685,0.2772,0.0948,0.1004,0.1063,0.0516,0.0551,0.0583,0.055,0.0584,0.0619,0.3348,0.3419,0.3496,0.0338,0.0363,0.0393,0.065,0.0688,0.0725
2011-11-13,0.0515,0.0549,0.0588,0.2578,0.2657,0.2738,0.096,0.1013,0.1072,0.0523,0.0558,0.0592,0.0556,0.0585,0.062,0.3366,0.3436,0.3498,0.0335,0.0366,0.0397,0.0646,0.0683,0.0723
2011-11-20,0.0519,0.0553,0.059,0.2547,0.2622,0.2694,0.0979,0.1033,0.1086,0.0524,0.056,0.0592,0.0552,0.0584,0.062,0.3381,0.3454,0.3525,0.0333,0.0364,0.0393,0.0643,0.068,0.0718
2011-11-27,0.0526,0.0565,0.0602,0.251,0.2598,0.2687,0.0991,0.1046,0.1106,0.0517,0.0556,0.0592,0.0544,0.0578,0.0613,0.3389,0.3469,0.3545,0.0327,0.0358,0.0388,0.0635,0.0678,0.0718
2011-12-04,0.0539,0.0577,0.0617,0.2489,0.2577,0.2667,0.0998,0.1053,0.112,0.0515,0.0551,0.0586,0.0536,0.057,0.0605,0.3403,0.3486,0.3566,0.0322,0.0353,0.0384,0.0638,0.0679,0.0719
2011-12-11,0.0561,0.0599,0.0641,0.2465,0.2546,0.2622,0.1013,0.1066,0.1123,0.0512,0.0547,0.0581,0.0526,0.0559,0.0593,0.3424,0.3499,0.3571,0.0319,0.0347,0.0376,0.0646,0.0683,0.072
2011-12-18,0.0584,0.0625,0.0669,0.2434,0.2517,0.2605,0.1018,0.1078,0.1142,0.0504,0.0538,0.0575,0.0512,0.0548,0.0582,0.3423,0.3502,0.3585,0.0312,0.0342,0.0372,0.0652,0.0693,0.0733
2011-12-25,0.0603,0.0646,0.0694,0.2389,0.2488,0.2589,0.103,0.1097,0.1169,0.0492,0.0532,0.0572,0.0505,0.0541,0.0578,0.3413,0.3497,0.3584,0.0305,0.0337,0.0368,0.0658,0.0703,0.0744
2012-01-01,0.0624,0.0673,0.0721,0.2346,0.2438,0.2535,0.1057,0.1123,0.1193,0.0485,0.0523,0.0562,0.0496,0.0533,0.0569,0.3416,0.3505,0.3586,0.0302,0.0329,0.0362,0.0672,0.0716,0.076
2012-01-08,0.0667,0.0716,0.0773,0.2313,0.2403,0.2497,0.1056,0.1118,0.1185,0.0476,0.0513,0.0552,0.0483,0.0521,0.0558,0.3423,0.3508,0.3593,0.0299,0.0328,0.036,0.0682,0.0729,0.0774
2012-01-15,0.0714,0.0766,0.0819,0.2315,0.2404,0.2486,0.103,0.109,0.1152,0.0467,0.0504,0.0541,0.0469,0.0508,0.0545,0.341,0.349,0.3569,0.0303,0.0332,0.0366,0.0693,0.0739,0.0783
2012-01-22,0.0733,0.0791,0.0844,0.2366,0.2456,0.2539,0.0996,0.1057,0.112,0.0463,0.05,0.0538,0.0469,0.0504,0.054,0.3373,0.3457,0.3538,0.0309,0.0337,0.0371,0.0692,0.0735,0.0782
2012-01-29,0.0733,0.079,0.0849,0.2457,0.2547,0.2634,0.096,0.1019,0.1084,0.0462,0.0501,0.0539,0.0468,0.0505,0.0543,0.3314,0.34,0.3486,0.0315,0.0346,0.0382,0.0679,0.0723,0.0769
2012-02-05,0.0721,0.0772,0.0827,0.2585,0.2671,0.2769,0.0916,0.0974,0.1033,0.0467,0.0501,0.0537,0.0474,0.0508,0.0547,0.3269,0.3341,0.342,0.0326,0.0355,0.0388,0.0665,0.0704,0.0746
2012-02-12,0.0689,0.0737,0.0788,0.2739,0.282,0.2906,0.0869,0.0923,0.0973,0.0469,0.0501,0.0534,0.0482,0.0513,0.0546,0.3212,0.3287,0.3363,0.0332,0.0362,0.0395,0.0648,0.0685,0.0724
2012-02-19,0.0661,0.0706,0.0751,0.2875,0.2973,0.3069,0.0827,0.0874,0.0924,0.0466,0.05,0.0537,0.0481,0.0516,0.055,0.3145,0.3222,0.3305,0.0335,0.0366,0.04,0.0637,0.0677,0.0714
2012-02-26,0.0631,0.0676,0.0725,0.3007,0.3098,0.3194,0.0795,0.0847,0.0896,0.046,0.0492,0.0527,0.0477,0.0512,0.0544,0.3094,0.3174,0.3246,0.033,0.0363,0.0395,0.0631,0.0671,0.071
2012-03-04,0.0606,0.0647,0.0692,0.3104,0.3198,0.3285,0.0789,0.0838,0.0885,0.045,0.0485,0.0518,0.0478,0.051,0.0545,0.3057,0.3134,0.3211,0.0326,0.0356,0.0386,0.0628,0.0666,0.0706
2012-03-11,0.0572,0.0614,0.066,0.322,0.3312,0.3408,0.078,0.0827,0.0882,0.0444,0.0475,0.051,0.0476,0.0509,0.0545,0.3012,0.3083,0.3159,0.0317,0.0347,0.0376,0.0623,0.066,0.0698
2012-03-18,0.0547,0.0586,0.0629,0.3328,0.343,0.3529,0.076,0.0818,0.087,0.043,0.0465,0.05,0.0468,0.0506,0.0541,0.2959,0.3036,0.312,0.0307,0.0337,0.0368,0.0615,0.0657,0.07
2012-03-25,0.0525,0.0567,0.0613,0.3394,0.3502,0.3619,0.0748,0.0802,0.0862,0.042,0.0456,0.049,0.0464,0.05,0.0537,0.2929,0.3012,0.31,0.0297,0.0332,0.0364,0.0617,0.066,0.0704
2012-04-01,0.0515,0.0555,0.0603,0.3439,0.3535,0.3642,0.0738,0.0791,0.0848,0.0418,0.0449,0.0483,0.0463,0.0495,0.0531,0.2929,0.3008,0.3089,0.0294,0.0328,0.0355,0.0628,0.0668,0.0712
2012-04-08,0.0507,0.0546,0.0589,0.348,0.3566,0.3659,0.0729,0.0777,0.0828,0.0417,0.0449,0.0481,0.0461,0.0493,0.0527,0.2928,0.3003,0.3078,0.0296,0.0325,0.0356,0.0629,0.0671,0.0715
2012-04-15,0.0498,0.0538,0.0578,0.3474,0.3568,0.3664,0.0724,0.0773,0.0824,0.0415,0.0451,0.0483,0.0464,0.0496,0.0531,0.2938,0.3009,0.3089,0.0295,0.0324,0.0353,0.0635,0.0673,0.0715
2012-04-22,0.0495,0.0533,0.0574,0.3466,0.357,0.3672,0.0717,0.0768,0.0822,0.0418,0.0452,0.0485,0.0468,0.0502,0.0538,0.2925,0.3006,0.3089,0.0296,0.0326,0.0353,0.0636,0.0676,0.0718
2012-04-29,0.0489,0.0529,0.0572,0.3492,0.3594,0.3697,0.0711,0.0762,0.0814,0.042,0.0454,0.049,0.0474,0.0507,0.0544,0.2904,0.298,0.3061,0.0303,0.033,0.0357,0.0633,0.0673,0.0713
2012-05-06,0.0488,0.0527,0.0568,0.3509,0.3603,0.3699,0.0703,0.0754,0.0805,0.0421,0.0456,0.0491,0.048,0.0511,0.0545,0.2886,0.2957,0.3029,0.0308,0.0334,0.0365,0.0645,0.0685,0.0725
2012-05-13,0.0488,0.0527,0.0567,0.3495,0.3597,0.3688,0.0701,0.0748,0.0797,0.0422,0.0457,0.0488,0.0481,0.0515,0.055,0.2875,0.2946,0.302,0.031,0.0339,0.0371,0.0665,0.0704,0.0745
2012-05-20,0.0492,0.0528,0.0569,0.3452,0.3543,0.3647,0.0704,0.0752,0.0799,0.0424,0.0457,0.049,0.0485,0.052,0.0554,0.289,0.296,0.3034,0.0309,0.034,0.0369,0.0681,0.0723,0.0766
2012-05-27,0.0489,0.0529,0.0572,0.3416,0.3505,0.3606,0.0708,0.0758,0.0805,0.0424,0.0457,0.0491,0.0484,0.052,0.0555,0.2908,0.2982,0.306,0.0306,0.0338,0.0368,0.0694,0.074,0.0789
2012-06-03,0.0484,0.0527,0.0575,0.3395,0.3496,0.3604,0.0713,0.0759,0.0807,0.0422,0.0457,0.0496,0.0484,0.0518,0.0553,0.2906,0.2987,0.3065,0.0306,0.0336,0.0366,0.07,0.0743,0.0789
2012-06-10,0.0474,0.0515,0.0554,0.3444,0.3544,0.3644,0.0704,0.0753,0.08,0.0429,0.0462,0.0498,0.0488,0.0521,0.0556,0.2876,0.2961,0.3037,0.0312,0.0339,0.0368,0.0695,0.0734,0.0775
2012-06-17,0.0473,0.0513,0.0554,0.3408,0.3507,0.361,0.0719,0.0765,0.0819,0.0432,0.0468,0.0504,0.0493,0.0528,0.0565,0.2892,0.2967,0.3044,0.0314,0.0341,0.0374,0.0691,0.0732,0.0778
2012-06-24,0.0474,0.0517,0.0562,0.3352,0.3455,0.3563,0.0727,0.0777,0.0838,0.0432,0.0467,0.0503,0.0497,0.0533,0.0573,0.2906,0.2992,0.3074,0.0309,0.0341,0.0375,0.0691,0.0738,0.0784
2012-07-01,0.0465,0.0511,0.0553,0.3362,0.3466,0.3574,0.0724,0.0778,0.084,0.0425,0.0462,0.0499,0.05,0.0537,0.0578,0.2912,0.2995,0.3081,0.0305,0.0337,0.0373,0.0691,0.0739,0.0786
2012-07-08,0.0458,0.0505,0.0552,0.3362,0.3496,0.3614,0.072,0.0776,0.0843,0.0419,0.0458,0.05,0.0496,0.0536,0.0579,0.289,0.2979,0.3079,0.03,0.0334,0.037,0.069,0.074,0.0792
2012-07-15,0.0455,0.0502,0.0551,0.3368,0.3505,0.3644,0.0717,0.078,0.0845,0.0416,0.0456,0.05,0.0492,0.0534,0.058,0.2863,0.2966,0.3076,0.0297,0.0332,0.037,0.0689,0.0744,0.08
2012-07-22,0.0453,0.0502,0.0554,0.3371,0.3516,0.3648,0.072,0.0782,0.0847,0.0414,0.0453,0.0499,0.0491,0.0531,0.0575,0.2857,0.2962,0.3068,0.0295,0.0329,0.0365,0.0696,0.0749,0.0809
2012-07-29,0.0457,0.0505,0.0554,0.3377,0.3512,0.3652,0.0723,0.0781,0.0846,0.0411,0.0452,0.0492,0.0487,0.0529,0.057,0.2857,0.2962,0.3063,0.0293,0.0327,0.036,0.0703,0.0758,0.0818
2012-08-05,0.0463,0.0509,0.0557,0.3377,0.3492,0.3613,0.0727,0.0784,0.0844,0.041,0.0445,0.0486,0.0483,0.0525,0.0566,0.2883,0.2975,0.306,0.0289,0.0322,0.0354,0.0714,0.0767,0.0821
2012-08-12,0.0474,0.0516,0.056,0.3378,0.3489,0.3603,0.0724,0.0777,0.0836,0.0407,0.0443,0.0483,0.0485,0.0524,0.0561,0.2897,0.298,0.3067,0.029,0.0321,0.0354,0.0722,0.0769,0.082
2012-08-19,0.0484,0.0525,0.0567,0.3367,0.3463,0.3563,0.0727,0.0776,0.0828,0.0409,0.0442,0.0477,0.0487,0.0522,0.0558,0.2913,0.2991,0.3068,0.0292,0.0322,0.0353,0.0732,0.0779,0.0826
2012-08-26,0.0489,0.0528,0.0569,0.3351,0.3449,0.3561,0.0719,0.077,0.0822,0.0404,0.0438,0.0474,0.0488,0.0521,0.0559,0.2918,0.2998,0.3082,0.0291,0.0321,0.0351,0.0747,0.0791,0.0836
2012-09-02,0.0489,0.0527,0.0569,0.3335,0.3435,0.3546,0.0718,0.0765,0.0814,0.0405,0.0435,0.047,0.0488,0.0521,0.0558,0.2922,0.3008,0.3089,0.0291,0.032,0.0349,0.076,0.0803,0.0851
2012-09-09,0.049,0.0528,0.0571,0.3295,0.3397,0.3489,0.0722,0.077,0.0821,0.0403,0.0432,0.0466,0.0487,0.0521,0.0558,0.2946,0.3025,0.3097,0.0288,0.0317,0.0345,0.0782,0.0827,0.0873
2012-09-16,0.049,0.053,0.0569,0.3263,0.3359,0.3463,0.0724,0.0776,0.0825,0.0395,0.0425,0.0458,0.0481,0.0519,0.0554,0.297,0.3048,0.3131,0.0282,0.0311,0.0339,0.0803,0.0851,0.0898
2012-09-23,0.0491,0.0531,0.0571,0.3232,0.3335,0.3443,0.0724,0.0775,0.0826,0.0388,0.0421,0.0453,0.0479,0.0514,0.0553,0.2981,0.3064,0.3143,0.028,0.0307,0.0336,0.0821,0.087,0.0923
2012-09-30,0.0498,0.0537,0.0582,0.3216,0.3319,0.3419,0.0709,0.0761,0.0811,0.0386,0.0422,0.0451,0.0478,0.0512,0.0549,0.2987,0.3068,0.3152,0.0282,0.0308,0.0338,0.0839,0.0888,0.0941
2012-10-07,0.0504,0.0547,0.0588,0.3213,0.3313,0.3405,0.0702,0.075,0.0798,0.039,0.0422,0.0454,0.0472,0.0504,0.0539,0.2976,0.3056,0.3126,0.0286,0.0314,0.0343,0.0866,0.0915,0.0965
2012-10-14,0.0506,0.055,0.0592,0.3226,0.3328,0.3434,0.0688,0.0734,0.0786,0.0389,0.0422,0.0453,0.0463,0.0496,0.0531,0.2944,0.3028,0.3106,0.0291,0.0318,0.0348,0.0887,0.0935,0.0993
2012-10-21,0.0502,0.0546,0.0589,0.3222,0.3337,0.345,0.0675,0.0723,0.0774,0.0387,0.0423,0.0458,0.0456,0.0492,0.0528,0.2925,0.3012,0.309,0.0294,0.0322,0.0355,0.0902,0.0955,0.1015
2012-10-28,0.0499,0.0544,0.0589,0.32,0.3323,0.3444,0.0677,0.0726,0.0778,0.0389,0.0424,0.0458,0.0455,0.049,0.0525,0.2914,0.3004,0.3088,0.0293,0.0323,0.0356,0.0926,0.0979,0.1035
2012-11-04,0.0491,0.0534,0.0576,0.3219,0.332,0.3427,0.068,0.0729,0.0774,0.0388,0.0422,0.0455,0.0458,0.0489,0.0522,0.2918,0.2996,0.3073,0.0293,0.0324,0.0353,0.0947,0.0997,0.1049
2012-11-11,0.0488,0.0523,0.0561,0.3237,0.3326,0.3419,0.0687,0.0735,0.078,0.0385,0.0416,0.0448,0.0454,0.0487,0.0519,0.2912,0.2985,0.3056,0.0292,0.0318,0.0345,0.0967,0.1016,0.1066
2012-11-18,0.0486,0.0521,0.056,0.3228,0.3317,0.3405,0.0693,0.0737,0.0786,0.0381,0.0409,0.0439,0.0453,0.0484,0.0517,0.292,0.2988,0.3061,0.0288,0.0313,0.0341,0.0989,0.1036,0.1085
2012-11-25,0.0483,0.0523,0.056,0.3189,0.3286,0.3392,0.0691,0.074,0.0791,0.0376,0.0407,0.0438,0.0452,0.0485,0.0516,0.2921,0.2998,0.3073,0.0288,0.0313,0.0339,0.1003,0.1054,0.1109
2012-12-02,0.048,0.0519,0.0561,0.3157,0.3252,0.3353,0.0693,0.0741,0.0793,0.0376,0.0406,0.0438,0.0455,0.0489,0.052,0.2937,0.301,0.3087,0.0287,0.0315,0.0342,0.1017,0.1072,0.1124
2012-12-09,0.0482,0.0519,0.056,0.314,0.3229,0.3327,0.07,0.0748,0.0796,0.0382,0.0412,0.0445,0.0458,0.049,0.0521,0.2922,0.2992,0.3069,0.0295,0.0322,0.0351,0.1038,0.1089,0.1144
2012-12-16,0.0479,0.0519,0.0562,0.3135,0.3235,0.3328,0.0696,0.0745,0.0795,0.0384,0.0415,0.0449,0.0456,0.0491,0.0527,0.2896,0.2972,0.3048,0.0301,0.0329,0.0358,0.1046,0.1099,0.1154
2012-12-23,0.0473,0.0517,0.0565,0.3121,0.325,0.336,0.0682,0.0739,0.08,0.0376,0.0409,0.0446,0.0457,0.0492,0.0531,0.2876,0.2967,0.3059,0.0299,0.0329,0.0361,0.1043,0.1104,0.1167
2012-12-30,0.047,0.0514,0.0563,0.3128,0.3247,0.3363,0.0679,0.0734,0.0791,0.0369,0.0404,0.0441,0.0458,0.0495,0.0534,0.2879,0.2972,0.3053,0.0294,0.0328,0.0361,0.1046,0.1111,0.1177
2013-01-06,0.0467,0.051,0.0556,0.3141,0.3241,0.3348,0.0681,0.073,0.0783,0.0365,0.0397,0.0432,0.0461,0.05,0.0539,0.2896,0.2981,0.3064,0.0296,0.0325,0.0356,0.1057,0.1118,0.118
2013-01-13,0.0467,0.0506,0.0547,0.3127,0.322,0.3314,0.0692,0.0736,0.0788,0.0356,0.0388,0.042,0.0469,0.0504,0.0541,0.2918,0.2996,0.3064,0.0291,0.0321,0.0352,0.1076,0.1133,0.1188
2013-01-20,0.0471,0.0511,0.0551,0.3074,0.3179,0.3285,0.0708,0.0755,0.0811,0.0349,0.0381,0.0414,0.0469,0.0506,0.0542,0.2931,0.3007,0.309,0.0286,0.0314,0.0345,0.1095,0.115,0.1208
2013-01-27,0.0475,0.0517,0.0561,0.3051,0.3163,0.3269,0.0712,0.0766,0.0826,0.0346,0.0377,0.0409,0.0467,0.0504,0.0542,0.2919,0.3006,0.309,0.0282,0.0311,0.0344,0.1103,0.1158,0.122
2013-02-03,0.0482,0.0524,0.0565,0.308,0.3185,0.3298,0.0713,0.0767,0.0818,0.0347,0.0375,0.0405,0.0467,0.0502,0.0538,0.2894,0.2974,0.3055,0.0285,0.0313,0.0342,0.1104,0.1161,0.1226
2013-02-10,0.0488,0.0528,0.0571,0.3104,0.319,0.3285,0.0729,0.0776,0.0824,0.0345,0.0375,0.0404,0.0466,0.0501,0.0536,0.2876,0.2951,0.303,0.0285,0.0312,0.034,0.1113,0.1163,0.1217
2013-02-17,0.0492,0.0534,0.0577,0.3115,0.3207,0.3299,0.0726,0.0774,0.083,0.0343,0.0373,0.0404,0.0463,0.0499,0.0534,0.2852,0.2927,0.3003,0.0285,0.0313,0.0344,0.1112,0.1167,0.1224
2013-02-24,0.0496,0.0537,0.0582,0.3144,0.3241,0.3341,0.0716,0.0766,0.0824,0.0344,0.0375,0.0406,0.0465,0.0502,0.054,0.2821,0.2898,0.2978,0.0288,0.0318,0.0349,0.1099,0.1155,0.1219
2013-03-03,0.0499,0.0539,0.0583,0.3163,0.3266,0.3368,0.0717,0.0765,0.0813,0.0343,0.0374,0.0404,0.0468,0.0504,0.0543,0.2802,0.288,0.2958,0.0288,0.032,0.035,0.1087,0.1146,0.1204
2013-03-10,0.0496,0.0536,0.0577,0.3218,0.3315,0.3409,0.0712,0.0763,0.0813,0.0345,0.0374,0.0404,0.0473,0.0507,0.054,0.2789,0.2858,0.2931,0.0291,0.032,0.035,0.1066,0.1122,0.1178
2013-03-17,0.0502,0.0544,0.0586,0.3198,0.3292,0.3395,0.0719,0.0772,0.0824,0.0347,0.0379,0.0409,0.0475,0.0509,0.0546,0.2784,0.2859,0.2939,0.0292,0.0322,0.0353,0.1054,0.1114,0.1173
2013-03-24,0.0505,0.0547,0.0592,0.3182,0.3286,0.3396,0.0719,0.0773,0.083,0.0349,0.0381,0.0411,0.0476,0.0513,0.0549,0.2782,0.2863,0.2944,0.0292,0.0323,0.0354,0.1046,0.1103,0.1158
2013-03-31,0.051,0.0553,0.0594,0.3217,0.3318,0.3425,0.0707,0.076,0.0808,0.0352,0.0381,0.0416,0.0476,0.0514,0.055,0.2773,0.2857,0.2933,0.0295,0.0326,0.0357,0.1028,0.1083,0.1138
2013-04-07,0.0518,0.056,0.0608,0.3254,0.3345,0.3436,0.0699,0.0747,0.0796,0.0352,0.0382,0.0413,0.0476,0.0511,0.0545,0.2779,0.2854,0.2923,0.0295,0.0323,0.0356,0.1012,0.1065,0.112
2013-04-14,0.0524,0.0567,0.0615,0.3248,0.3339,0.344,0.0704,0.0751,0.0799,0.035,0.0383,0.0414,0.0473,0.0507,0.0542,0.2779,0.2855,0.2928,0.0295,0.0323,0.0353,0.101,0.1064,0.1118
2013-04-21,0.0523,0.057,0.0614,0.3227,0.3341,0.3456,0.0701,0.0752,0.0807,0.0348,0.0381,0.0413,0.0467,0.0506,0.0542,0.2764,0.2853,0.2937,0.0291,0.032,0.0352,0.1011,0.1066,0.1125
2013-04-28,0.0523,0.0571,0.0619,0.3215,0.334,0.3466,0.0703,0.0757,0.0811,0.0341,0.0375,0.0408,0.0464,0.05,0.0536,0.2765,0.2856,0.294,0.0284,0.0313,0.0346,0.1012,0.1073,0.1137
2013-05-05,0.0526,0.0569,0.0614,0.3247,0.3342,0.3446,0.0716,0.0762,0.0813,0.0337,0.0368,0.04,0.0464,0.0499,0.0534,0.2779,0.2859,0.2939,0.0278,0.0308,0.0337,0.102,0.1076,0.1137
2013-05-12,0.0538,0.0579,0.062,0.3248,0.3335,0.3429,0.0734,0.0779,0.0829,0.034,0.037,0.0402,0.0469,0.0504,0.0536,0.2785,0.2854,0.2919,0.0278,0.0306,0.0335,0.1007,0.1055,0.1105
2013-05-19,0.0546,0.0591,0.0635,0.3223,0.3318,0.3423,0.0744,0.0791,0.0842,0.0345,0.0375,0.0406,0.0471,0.0507,0.0539,0.276,0.2837,0.2911,0.0282,0.0311,0.0341,0.1,0.105,0.1101
2013-05-26,0.0549,0.0598,0.0646,0.32,0.3309,0.3409,0.0742,0.0794,0.0849,0.0348,0.0379,0.041,0.0471,0.0504,0.0542,0.2735,0.2809,0.289,0.0288,0.0318,0.0347,0.1012,0.1067,0.1123
2013-06-02,0.0554,0.0596,0.0649,0.3193,0.3303,0.3415,0.0745,0.0801,0.0859,0.035,0.0382,0.0414,0.0467,0.0501,0.0541,0.2706,0.2784,0.2861,0.0292,0.0323,0.0355,0.1028,0.1083,0.1141
2013-06-09,0.0557,0.0603,0.0655,0.3168,0.3275,0.3382,0.0753,0.0806,0.0863,0.0356,0.0388,0.042,0.0465,0.0502,0.054,0.2704,0.2778,0.2857,0.0296,0.0328,0.0362,0.1039,0.109,0.1146
2013-06-16,0.0563,0.0607,0.0656,0.317,0.3275,0.337,0.0749,0.0801,0.0854,0.036,0.0392,0.0423,0.0465,0.05,0.0539,0.268,0.2758,0.2833,0.0303,0.0335,0.0369,0.1049,0.1105,0.116
2013-06-23,0.0561,0.0608,0.0664,0.3187,0.3294,0.3399,0.0739,0.0791,0.0847,0.0359,0.0391,0.0427,0.0455,0.0493,0.0532,0.2638,0.2729,0.2807,0.0302,0.0338,0.0375,0.1066,0.1125,0.119
2013-06-30,0.0562,0.0611,0.0667,0.3185,0.3298,0.3422,0.0727,0.0788,0.0848,0.0354,0.0388,0.0423,0.0444,0.0483,0.0524,0.262,0.271,0.2798,0.0299,0.0334,0.0371,0.1079,0.1151,0.122
2013-07-07,0.0558,0.061,0.0669,0.3159,0.3281,0.3403,0.073,0.0795,0.0858,0.0355,0.039,0.0427,0.044,0.0479,0.0521,0.2619,0.2711,0.2801,0.0296,0.0332,0.0371,0.1085,0.1159,0.1234
2013-07-14,0.0554,0.0605,0.0662,0.3161,0.328,0.3411,0.0742,0.08,0.0862,0.036,0.0394,0.0432,0.044,0.0478,0.052,0.2616,0.271,0.2798,0.0296,0.0333,0.0371,0.1085,0.1156,0.1229
2013-07-21,0.0551,0.0598,0.065,0.3183,0.3305,0.3437,0.0738,0.0797,0.0858,0.0365,0.0399,0.0437,0.0438,0.0478,0.0519,0.2604,0.2698,0.2785,0.0297,0.0334,0.0374,0.1081,0.1149,0.1223
2013-07-28,0.0544,0.0594,0.0644,0.3203,0.3323,0.3447,0.0728,0.0791,0.0854,0.037,0.0404,0.0443,0.0438,0.0476,0.0512,0.2591,0.2685,0.2773,0.0303,0.0336,0.0374,0.1077,0.1147,0.1216
2013-08-04,0.0545,0.0595,0.0645,0.3207,0.3332,0.3461,0.0722,0.0787,0.0843,0.0375,0.041,0.0448,0.0438,0.0474,0.0512,0.2576,0.2667,0.2761,0.0303,0.0339,0.0376,0.1078,0.1151,0.122
2013-08-11,0.055,0.06,0.0649,0.3198,0.3329,0.3451,0.0724,0.0781,0.0837,0.0381,0.0416,0.0454,0.0437,0.0473,0.0511,0.2569,0.2652,0.2736,0.0309,0.0343,0.038,0.1091,0.1159,0.1223
2013-08-18,0.0562,0.0606,0.065,0.3173,0.3268,0.3363,0.0739,0.0793,0.0846,0.0383,0.0418,0.0455,0.0436,0.0473,0.0509,0.2589,0.2664,0.2735,0.031,0.0343,0.0376,0.1127,0.1184,0.1246
2013-08-25,0.0562,0.0608,0.0655,0.3163,0.3265,0.3365,0.074,0.0791,0.0844,0.0383,0.0416,0.0452,0.0438,0.0473,0.0508,0.2583,0.2657,0.2734,0.0311,0.0341,0.0373,0.1138,0.1196,0.1256
2013-09-01,0.0554,0.06,0.065,0.318,0.329,0.339,0.0733,0.0785,0.084,0.0377,0.0414,0.0449,0.0435,0.0474,0.0511,0.2569,0.2645,0.2722,0.0308,0.034,0.0371,0.1146,0.1199,0.126
2013-09-08,0.0547,0.0591,0.0639,0.3219,0.3313,0.3413,0.0728,0.078,0.0833,0.0373,0.0406,0.0441,0.0433,0.047,0.0505,0.2564,0.2642,0.2723,0.0301,0.0334,0.0364,0.1155,0.1209,0.1273
2013-09-15,0.0541,0.0585,0.0629,0.3248,0.3347,0.3453,0.0718,0.0769,0.082,0.037,0.0403,0.0436,0.0429,0.0465,0.0499,0.2555,0.2634,0.2708,0.0299,0.033,0.0362,0.1152,0.1214,0.1277
2013-09-22,0.0536,0.0579,0.0624,0.3269,0.3378,0.3495,0.0701,0.0753,0.0807,0.0368,0.0401,0.0435,0.0424,0.046,0.0495,0.2543,0.2622,0.2698,0.0298,0.0328,0.036,0.115,0.1218,0.1281
2013-09-29,0.0534,0.0579,0.0624,0.3289,0.3397,0.3509,0.0688,0.074,0.0797,0.0363,0.0398,0.0431,0.042,0.0455,0.0495,0.2547,0.2624,0.2708,0.0293,0.0324,0.0358,0.1163,0.122,0.1285
2013-10-06,0.0528,0.0574,0.0618,0.3326,0.3428,0.3531,0.0678,0.0726,0.0781,0.036,0.0393,0.0428,0.042,0.0456,0.0492,0.2544,0.262,0.2696,0.029,0.0322,0.0354,0.1162,0.1221,0.1284
2013-10-13,0.0532,0.0578,0.0622,0.328,0.3395,0.35,0.0684,0.0734,0.079,0.0356,0.039,0.0424,0.0422,0.0458,0.0495,0.2558,0.2636,0.2719,0.0286,0.0316,0.0349,0.1168,0.1232,0.1296
2013-10-20,0.0541,0.0586,0.0633,0.3252,0.3359,0.346,0.0697,0.0749,0.08,0.0354,0.0389,0.0421,0.0424,0.0462,0.0499,0.2568,0.2649,0.2725,0.0284,0.0315,0.0346,0.1168,0.1234,0.1297
2013-10-27,0.0547,0.0592,0.064,0.3236,0.3345,0.345,0.0706,0.0756,0.0807,0.0358,0.0392,0.0423,0.0432,0.0468,0.0505,0.2559,0.2642,0.2721,0.0285,0.0317,0.0348,0.1162,0.1227,0.129
2013-11-03,0.0563,0.0607,0.065,0.3191,0.3297,0.341,0.0715,0.0769,0.0824,0.0363,0.0396,0.0429,0.0437,0.0472,0.0508,0.2558,0.2634,0.2712,0.0289,0.0322,0.0354,0.1168,0.1234,0.1298
2013-11-10,0.0576,0.0619,0.0664,0.3199,0.3292,0.3384,0.072,0.0767,0.0821,0.0375,0.0405,0.0436,0.0442,0.0478,0.051,0.2542,0.2618,0.2688,0.0299,0.033,0.036,0.1161,0.1221,0.1281
2013-11-17,0.0582,0.0623,0.0671,0.3216,0.3321,0.3424,0.0707,0.0756,0.0806,0.038,0.0411,0.0447,0.0445,0.0483,0.052,0.2509,0.2592,0.2666,0.0306,0.0338,0.0369,0.1141,0.1202,0.1263
2013-11-24,0.0582,0.0626,0.0676,0.3228,0.3329,0.3436,0.0699,0.0752,0.0804,0.038,0.0415,0.0448,0.0448,0.0485,0.0524,0.2493,0.2571,0.2648,0.0308,0.0339,0.0373,0.114,0.1201,0.1266
2013-12-01,0.0584,0.063,0.0676,0.3239,0.3335,0.3442,0.0696,0.0748,0.08,0.0382,0.0414,0.0448,0.0446,0.0482,0.0521,0.248,0.2556,0.2628,0.0307,0.0338,0.0374,0.115,0.121,0.1272
2013-12-08,0.0592,0.0638,0.0684,0.3216,0.3306,0.34,0.071,0.076,0.0811,0.0385,0.0417,0.0451,0.0442,0.0479,0.0518,0.2494,0.2566,0.2639,0.0303,0.0333,0.0364,0.1152,0.1212,0.1274
2013-12-15,0.0597,0.0644,0.0692,0.3203,0.3296,0.3403,0.0716,0.0769,0.0824,0.0384,0.0418,0.0453,0.0442,0.0476,0.0511,0.2493,0.2573,0.2649,0.0297,0.0328,0.0362,0.1144,0.1203,0.1272
2013-12-22,0.0597,0.0653,0.0706,0.3199,0.3318,0.3446,0.0705,0.0763,0.0822,0.0382,0.0418,0.0455,0.0436,0.0477,0.0515,0.2478,0.2565,0.2647,0.0292,0.0325,0.0363,0.1125,0.1189,0.126
2013-12-29,0.0604,0.066,0.0714,0.3213,0.3344,0.3479,0.0703,0.0758,0.0819,0.0378,0.0414,0.045,0.0433,0.0473,0.0511,0.2462,0.255,0.2638,0.029,0.0321,0.036,0.1116,0.1181,0.1257
2014-01-05,0.0611,0.0667,0.0727,0.3252,0.3366,0.3488,0.0701,0.0755,0.0816,0.0372,0.0409,0.0447,0.043,0.0469,0.0508,0.2445,0.2529,0.261,0.0287,0.0318,0.0356,0.1118,0.1184,0.1252
2014-01-12,0.0636,0.0689,0.0744,0.3247,0.336,0.3469,0.0702,0.0755,0.0808,0.0365,0.04,0.0435,0.0424,0.0461,0.05,0.2451,0.2525,0.2602,0.0281,0.0312,0.0345,0.1134,0.1195,0.1262
2014-01-19,0.0659,0.0712,0.0765,0.3226,0.3328,0.3431,0.0706,0.0758,0.081,0.0359,0.0392,0.0428,0.0422,0.0459,0.0498,0.2466,0.2541,0.2613,0.0276,0.0307,0.0337,0.1138,0.1199,0.1259
2014-01-26,0.0667,0.0718,0.0774,0.3236,0.333,0.3444,0.0707,0.0758,0.0815,0.0357,0.0391,0.0426,0.0421,0.0458,0.0496,0.2451,0.2533,0.262,0.0273,0.0306,0.034,0.113,0.1192,0.1254
2014-02-02,0.066,0.0715,0.0772,0.3255,0.3366,0.3478,0.0702,0.0753,0.081,0.036,0.0395,0.0429,0.0421,0.0458,0.0494,0.2435,0.2517,0.2597,0.0277,0.0309,0.0343,0.1115,0.1175,0.1239
2014-02-09,0.0659,0.0709,0.0762,0.3283,0.3387,0.3491,0.07,0.0752,0.0805,0.0359,0.0395,0.0427,0.0421,0.0456,0.0494,0.2419,0.25,0.2569,0.0276,0.0308,0.0342,0.1116,0.1177,0.1241
2014-02-16,0.0648,0.07,0.0749,0.3296,0.3397,0.3507,0.0708,0.0761,0.0818,0.0361,0.0394,0.0427,0.0423,0.0456,0.0492,0.2418,0.2496,0.2573,0.0272,0.0303,0.0338,0.1112,0.117,0.1234
2014-02-23,0.0631,0.0687,0.0742,0.3283,0.339,0.3501,0.0717,0.0774,0.0835,0.0365,0.0398,0.0434,0.0421,0.0461,0.0495,0.2424,0.25,0.2578,0.0271,0.0301,0.0336,0.111,0.1166,0.1227
2014-03-02,0.0622,0.0673,0.0725,0.3275,0.338,0.3486,0.0734,0.0789,0.0848,0.0369,0.0402,0.0437,0.0427,0.0464,0.0502,0.2415,0.2492,0.2573,0.0272,0.03,0.0331,0.1116,0.1175,0.1234
2014-03-09,0.061,0.0657,0.0706,0.3297,0.3394,0.3495,0.0737,0.0788,0.0844,0.0374,0.0408,0.0443,0.0434,0.0472,0.0508,0.2409,0.2481,0.2562,0.0275,0.0303,0.0335,0.1108,0.1167,0.1229
2014-03-16,0.0607,0.0652,0.0703,0.3307,0.3401,0.3507,0.0733,0.0784,0.0837,0.0374,0.0409,0.0444,0.0439,0.0477,0.0516,0.2401,0.2476,0.2558,0.0275,0.0304,0.0336,0.1104,0.1162,0.1224
2014-03-23,0.061,0.0659,0.0713,0.3275,0.3393,0.3509,0.0735,0.0789,0.0845,0.0371,0.0407,0.0447,0.0443,0.0482,0.0522,0.2388,0.2471,0.2552,0.0272,0.0304,0.0337,0.1099,0.1158,0.1222
2014-03-30,0.0625,0.0676,0.0725,0.3257,0.3373,0.3493,0.074,0.0798,0.0856,0.0371,0.0406,0.0446,0.0445,0.0483,0.0526,0.2389,0.2471,0.2551,0.027,0.0302,0.0335,0.1091,0.1151,0.1211
2014-04-06,0.0642,0.0691,0.0741,0.3247,0.3354,0.3457,0.0745,0.08,0.0858,0.0372,0.0404,0.0441,0.0445,0.0485,0.0524,0.2397,0.2477,0.2559,0.0269,0.03,0.0332,0.1087,0.1146,0.1204
2014-04-13,0.0655,0.0702,0.0759,0.3278,0.3382,0.3489,0.0731,0.0785,0.0845,0.0369,0.0403,0.0436,0.0442,0.0484,0.0524,0.238,0.2455,0.2535,0.0271,0.0301,0.0333,0.1078,0.114,0.1199
2014-04-20,0.0657,0.0712,0.0769,0.3292,0.3408,0.3521,0.0716,0.077,0.0826,0.037,0.0405,0.0438,0.044,0.0481,0.0524,0.2359,0.2439,0.2514,0.0272,0.0304,0.0338,0.1068,0.1133,0.1195
2014-04-27,0.0668,0.0723,0.0784,0.3274,0.34,0.3528,0.0705,0.0761,0.0817,0.0378,0.0411,0.0447,0.0439,0.0481,0.0525,0.2346,0.2427,0.251,0.0277,0.031,0.0345,0.1063,0.113,0.1198
2014-05-04,0.0671,0.073,0.0789,0.3253,0.3367,0.348,0.0707,0.0762,0.0816,0.0387,0.0424,0.0459,0.0444,0.0484,0.0531,0.2343,0.2424,0.2498,0.0285,0.0321,0.0357,0.1066,0.113,0.1194
2014-05-11,0.0681,0.0729,0.0784,0.3201,0.3298,0.3396,0.0731,0.0783,0.083,0.0403,0.0435,0.0472,0.0451,0.049,0.0529,0.2354,0.2427,0.2504,0.0297,0.0329,0.0362,0.1083,0.1139,0.1196
2014-05-18,0.0674,0.0728,0.078,0.3154,0.3253,0.3357,0.0755,0.0806,0.0864,0.0418,0.0452,0.0487,0.0455,0.0491,0.0531,0.2334,0.2407,0.2483,0.0305,0.0337,0.0372,0.1091,0.1147,0.1206
2014-05-25,0.0658,0.0716,0.0771,0.3123,0.3229,0.3337,0.0778,0.0836,0.0895,0.0435,0.0473,0.0511,0.0457,0.0496,0.0537,0.2287,0.2365,0.2443,0.0313,0.0348,0.0389,0.1092,0.1152,0.1221
2014-06-01,0.0631,0.0689,0.0743,0.3069,0.3179,0.3293,0.0825,0.0887,0.0957,0.0454,0.0493,0.0535,0.0462,0.0505,0.055,0.2251,0.2324,0.24,0.0318,0.0354,0.0393,0.1112,0.1174,0.1238
2014-06-08,0.0605,0.0655,0.0706,0.3036,0.3138,0.3244,0.0869,0.0933,0.1001,0.0462,0.0502,0.0545,0.0466,0.0511,0.0559,0.2238,0.2319,0.2397,0.0313,0.0348,0.0385,0.1131,0.1197,0.1265
2014-06-15,0.0582,0.063,0.0679,0.3043,0.3145,0.3249,0.088,0.0943,0.101,0.0462,0.0504,0.0548,0.0467,0.0514,0.0559,0.2236,0.2318,0.2396,0.0309,0.0344,0.0381,0.1144,0.1207,0.127
2014-06-22,0.0568,0.0622,0.0674,0.3033,0.3157,0.3276,0.0861,0.0932,0.1005,0.0463,0.0508,0.0553,0.0467,0.0513,0.0559,0.2225,0.2309,0.2393,0.031,0.0349,0.0389,0.1146,0.1212,0.1287
2014-06-29,0.0568,0.0624,0.0678,0.3029,0.3155,0.3281,0.0847,0.0922,0.1001,0.0469,0.0511,0.056,0.0469,0.0515,0.0563,0.2216,0.2302,0.2387,0.0313,0.0356,0.0398,0.1143,0.1211,0.1286
2014-07-06,0.0566,0.0624,0.0682,0.3051,0.3171,0.33,0.0819,0.089,0.0967,0.0473,0.0516,0.056,0.0472,0.0517,0.0569,0.2217,0.2306,0.2388,0.0322,0.0363,0.0407,0.1135,0.1213,0.1288
2014-07-13,0.0567,0.0624,0.0679,0.3058,0.3179,0.3302,0.0795,0.0858,0.0926,0.0479,0.0519,0.0559,0.0478,0.052,0.0566,0.2225,0.2313,0.2402,0.0331,0.037,0.0412,0.1142,0.1213,0.1287
2014-07-20,0.0566,0.0618,0.0678,0.3063,0.3178,0.3304,0.0779,0.0839,0.0902,0.0479,0.0522,0.0566,0.0482,0.0524,0.0569,0.2238,0.2322,0.2409,0.0335,0.0375,0.0416,0.1142,0.1213,0.1286
2014-07-27,0.0559,0.0607,0.0664,0.3061,0.3184,0.3316,0.0767,0.0829,0.0897,0.0481,0.0525,0.0569,0.049,0.0528,0.0571,0.2242,0.233,0.2412,0.0339,0.0375,0.0416,0.1146,0.1215,0.1283
2014-08-03,0.0556,0.0601,0.0652,0.306,0.3177,0.3296,0.0767,0.0825,0.0886,0.0484,0.0525,0.0568,0.0492,0.053,0.0573,0.2252,0.2335,0.2413,0.034,0.0374,0.0417,0.1154,0.1227,0.1291
2014-08-10,0.0554,0.0598,0.0648,0.3048,0.3149,0.3247,0.0767,0.0821,0.0876,0.0482,0.0517,0.0554,0.049,0.0529,0.057,0.2274,0.2347,0.2422,0.0339,0.0371,0.0407,0.1198,0.1261,0.132
2014-08-17,0.0557,0.06,0.0644,0.3025,0.3123,0.3214,0.0753,0.0806,0.086,0.0476,0.0512,0.0547,0.0486,0.0524,0.0565,0.2299,0.2365,0.2434,0.0339,0.0369,0.0402,0.1233,0.1297,0.1352
2014-08-24,0.0559,0.0602,0.0648,0.3034,0.3127,0.3219,0.072,0.0771,0.0821,0.0488,0.0523,0.0557,0.0485,0.0518,0.0553,0.2292,0.2354,0.2424,0.0355,0.0384,0.0416,0.1255,0.1315,0.1375
2014-08-31,0.0566,0.0604,0.0643,0.3021,0.3099,0.3179,0.0695,0.074,0.0783,0.0511,0.0542,0.0572,0.0488,0.0518,0.0548,0.2295,0.2355,0.2411,0.0378,0.0405,0.0435,0.1278,0.1327,0.1378
2014-09-07,0.0566,0.0596,0.0627,0.3024,0.3096,0.3169,0.0673,0.0706,0.074,0.0555,0.0581,0.0608,0.0509,0.0532,0.0555,0.2283,0.2332,0.238,0.0418,0.0442,0.0468,0.126,0.1304,0.1349
2014-09-14,0.0572,0.0572,0.0572,0.3101,0.3101,0.3101,0.0689,0.0689,0.0689,0.0611,0.0611,0.0611,0.0542,0.0542,0.0542,0.2333,0.2333,0.2333,0.0457,0.0457,0.0457,0.1286,0.1286,0.1286
2014-09-21,0.0548,0.0575,0.0599,0.2993,0.3065,0.314,0.0655,0.0691,0.0731,0.0582,0.0608,0.0635,0.0508,0.0535,0.0561,0.2299,0.2365,0.2427,0.0413,0.0438,0.0463,0.1269,0.1317,0.1367
2014-09-28,0.0546,0.0578,0.0611,0.293,0.3018,0.3115,0.0661,0.0706,0.0758,0.0566,0.0601,0.0633,0.0498,0.0531,0.0566,0.2311,0.239,0.2482,0.0395,0.0426,0.0457,0.1275,0.134,0.1405
2014-10-05,0.0547,0.0584,0.0618,0.2882,0.2975,0.3069,0.0682,0.0725,0.0778,0.0558,0.0593,0.063,0.0498,0.0531,0.0565,0.2335,0.2417,0.2499,0.0384,0.0415,0.0446,0.1291,0.1358,0.1427
2014-10-12,0.0556,0.0595,0.0633,0.2823,0.2915,0.3002,0.0702,0.0755,0.0806,0.055,0.0587,0.0625,0.0494,0.0532,0.0566,0.2344,0.2428,0.2509,0.0379,0.0409,0.0441,0.1317,0.1381,0.1445
2014-10-19,0.0562,0.0599,0.0636,0.2828,0.2914,0.2999,0.0706,0.0756,0.081,0.0553,0.0591,0.0631,0.0498,0.0533,0.0568,0.2352,0.2428,0.251,0.0373,0.0404,0.0436,0.1314,0.1377,0.1443
2014-10-26,0.0563,0.0601,0.0642,0.2831,0.293,0.3027,0.069,0.0741,0.0798,0.0558,0.0598,0.0639,0.0495,0.0535,0.0572,0.2349,0.2435,0.2514,0.0367,0.0401,0.0438,0.1305,0.1367,0.1434
2014-11-02,0.0571,0.0607,0.0648,0.2828,0.2918,0.3006,0.0677,0.0727,0.0776,0.0566,0.0604,0.0645,0.0499,0.0538,0.0573,0.2357,0.2442,0.2529,0.0364,0.0394,0.0429,0.1311,0.1378,0.1446
2014-11-09,0.0567,0.0604,0.0646,0.2821,0.2911,0.3001,0.0672,0.0719,0.077,0.057,0.0607,0.0653,0.0501,0.0537,0.0574,0.2362,0.2454,0.2551,0.0354,0.0389,0.0423,0.1321,0.1381,0.1449
2014-11-16,0.0565,0.0602,0.0642,0.2812,0.2898,0.298,0.0674,0.0723,0.0777,0.0569,0.0605,0.0648,0.05,0.0537,0.0574,0.2395,0.2474,0.2559,0.0347,0.038,0.0412,0.1328,0.1392,0.1457
2014-11-23,0.0559,0.0596,0.0635,0.2823,0.2905,0.2996,0.0669,0.072,0.077,0.0571,0.0605,0.0646,0.05,0.0536,0.0574,0.2414,0.2485,0.2573,0.0344,0.0373,0.0405,0.133,0.1389,0.1451
2014-11-30,0.0547,0.0584,0.0624,0.2863,0.294,0.3021,0.0662,0.0707,0.0753,0.0569,0.0604,0.0644,0.049,0.0524,0.0564,0.2409,0.2492,0.2566,0.0342,0.0374,0.0403,0.1335,0.1393,0.1452
2014-12-07,0.0514,0.055,0.0584,0.2977,0.3053,0.3135,0.0633,0.0676,0.0719,0.0565,0.0603,0.0638,0.0458,0.0491,0.0524,0.2402,0.2475,0.2548,0.035,0.038,0.0414,0.1336,0.1394,0.1458
2014-12-14,0.0502,0.0535,0.0566,0.3037,0.3111,0.3188,0.0612,0.0653,0.0694,0.0559,0.0592,0.0628,0.0434,0.047,0.0504,0.2407,0.2478,0.2549,0.0357,0.0387,0.0419,0.1349,0.1405,0.1466
2014-12-21,0.0498,0.0535,0.0572,0.3049,0.3141,0.3239,0.0596,0.0642,0.0692,0.0551,0.0588,0.0629,0.0428,0.046,0.0498,0.2376,0.2461,0.2545,0.0361,0.0399,0.0436,0.1338,0.1408,0.1474
2014-12-28,0.0498,0.0534,0.0576,0.3071,0.3169,0.3271,0.0583,0.0631,0.0679,0.0549,0.0588,0.0632,0.042,0.0455,0.0491,0.2337,0.2431,0.2518,0.0369,0.0407,0.0447,0.1355,0.1421,0.1494
2015-01-04,0.0502,0.0541,0.0579,0.3079,0.3168,0.3258,0.0581,0.0625,0.0672,0.0549,0.059,0.0628,0.0419,0.0453,0.0487,0.2327,0.241,0.2497,0.0371,0.041,0.0449,0.1378,0.1445,0.1518
2015-01-11,0.0509,0.0547,0.0584,0.3097,0.3175,0.3251,0.0576,0.062,0.0666,0.0553,0.0588,0.0625,0.042,0.0453,0.0485,0.2322,0.2399,0.2476,0.0378,0.0413,0.0449,0.1387,0.145,0.1517
2015-01-18,0.0525,0.0563,0.0601,0.305,0.3136,0.3228,0.0582,0.0626,0.0674,0.0549,0.0585,0.0625,0.0427,0.0461,0.0496,0.2305,0.2389,0.2469,0.0383,0.0419,0.0453,0.1401,0.147,0.1533
2015-01-25,0.0532,0.0571,0.0612,0.3018,0.3119,0.3214,0.0585,0.0634,0.0681,0.0552,0.0588,0.063,0.0428,0.0464,0.0504,0.2285,0.2371,0.2456,0.0388,0.0423,0.0459,0.1402,0.1479,0.1547
2015-02-01,0.0537,0.0578,0.0617,0.3012,0.3107,0.3206,0.0585,0.0635,0.0681,0.0557,0.0597,0.0634,0.0431,0.0466,0.0502,0.2273,0.2357,0.2442,0.0392,0.0429,0.0467,0.1405,0.1481,0.1556
2015-02-08,0.0547,0.0583,0.0619,0.301,0.309,0.3172,0.0598,0.0642,0.0686,0.0572,0.0608,0.0644,0.0437,0.0469,0.05,0.2267,0.2341,0.2409,0.0395,0.043,0.0463,0.143,0.1489,0.1549
2015-02-15,0.0546,0.0581,0.0618,0.2995,0.3088,0.3175,0.0596,0.0643,0.0689,0.0572,0.0611,0.0648,0.0436,0.0467,0.0502,0.2271,0.2355,0.2431,0.0392,0.0427,0.0461,0.1416,0.1484,0.1555
2015-02-22,0.0539,0.0576,0.0612,0.2997,0.3095,0.3197,0.0588,0.0637,0.0684,0.0571,0.0609,0.0649,0.0429,0.0464,0.0496,0.2286,0.2378,0.2459,0.0386,0.0421,0.0458,0.1407,0.1478,0.1549
2015-03-01,0.0538,0.0574,0.061,0.3011,0.31,0.3184,0.0581,0.0625,0.0672,0.0571,0.0609,0.065,0.0427,0.0462,0.0498,0.2308,0.2387,0.2473,0.0383,0.0417,0.0451,0.1418,0.148,0.1551
2015-03-08,0.0544,0.0584,0.0619,0.2976,0.3061,0.3141,0.0586,0.0627,0.0669,0.0569,0.0609,0.0645,0.0437,0.047,0.0505,0.2321,0.2397,0.2472,0.0387,0.0417,0.045,0.1434,0.1494,0.156
2015-03-15,0.0553,0.0589,0.0623,0.295,0.303,0.3112,0.0595,0.0634,0.0675,0.0567,0.0602,0.0638,0.0442,0.0474,0.0509,0.2335,0.2413,0.2488,0.0389,0.0422,0.0453,0.1435,0.1494,0.1556
2015-03-22,0.0557,0.0596,0.0638,0.2871,0.2975,0.3076,0.059,0.0636,0.0685,0.0559,0.0601,0.0643,0.0442,0.0478,0.0516,0.2348,0.2444,0.2544,0.0381,0.0413,0.0447,0.144,0.1512,0.1591
2015-03-29,0.0571,0.0611,0.0656,0.2791,0.289,0.2997,0.0596,0.0643,0.0688,0.0561,0.0603,0.065,0.0446,0.0485,0.0523,0.2371,0.2472,0.258,0.037,0.0404,0.0439,0.1465,0.1544,0.1623
2015-04-05,0.0584,0.062,0.066,0.2747,0.2839,0.2929,0.0599,0.0646,0.0693,0.0569,0.0607,0.0646,0.0452,0.0488,0.0525,0.2402,0.2499,0.2584,0.0365,0.0397,0.043,0.1492,0.1561,0.164
2015-04-12,0.0588,0.0624,0.0658,0.274,0.2818,0.2891,0.0609,0.0648,0.0691,0.0577,0.0613,0.0651,0.0454,0.0486,0.052,0.2438,0.2517,0.2594,0.0361,0.0393,0.0426,0.15,0.1563,0.1622
2015-04-19,0.0589,0.0624,0.066,0.272,0.2793,0.2873,0.0607,0.0648,0.0692,0.0583,0.062,0.0655,0.0455,0.0487,0.052,0.2449,0.2528,0.261,0.036,0.039,0.0422,0.1505,0.1568,0.1633
2015-04-26,0.0589,0.0625,0.0662,0.267,0.2759,0.284,0.0607,0.0653,0.0694,0.0589,0.0628,0.0667,0.0452,0.0488,0.0525,0.245,0.2523,0.2608,0.0354,0.0383,0.0416,0.1527,0.1599,0.1671
2015-05-03,0.0592,0.0628,0.0663,0.2667,0.2742,0.282,0.0604,0.0646,0.069,0.0606,0.0641,0.0678,0.0458,0.049,0.0523,0.2449,0.2526,0.2602,0.0349,0.0379,0.0411,0.1541,0.161,0.1676
2015-05-10,0.0601,0.0635,0.0674,0.2628,0.2708,0.2788,0.0603,0.0644,0.0689,0.0621,0.0659,0.0696,0.0463,0.0494,0.0529,0.2437,0.2511,0.2591,0.0344,0.0373,0.0403,0.1571,0.1634,0.1702
2015-05-17,0.0593,0.063,0.0667,0.2658,0.2734,0.2815,0.0587,0.0625,0.0667,0.064,0.0676,0.0715,0.0458,0.0489,0.0521,0.2429,0.2502,0.2576,0.034,0.0368,0.0395,0.1573,0.1638,0.1705
2015-05-24,0.0585,0.0625,0.0662,0.2667,0.2741,0.2822,0.0569,0.0608,0.0649,0.0647,0.0683,0.0726,0.045,0.0482,0.0514,0.2432,0.251,0.2588,0.0335,0.0364,0.0394,0.1585,0.1648,0.1712
2015-05-31,0.0583,0.0621,0.0661,0.2646,0.2728,0.2812,0.0564,0.0604,0.0651,0.0643,0.0683,0.0725,0.0443,0.0475,0.0511,0.2445,0.2523,0.2603,0.0331,0.0361,0.0391,0.1598,0.1669,0.1736
2015-06-07,0.0576,0.0615,0.0653,0.2653,0.2728,0.2811,0.0568,0.0607,0.0648,0.064,0.068,0.0722,0.0435,0.0467,0.0503,0.2447,0.2525,0.2609,0.033,0.0359,0.0393,0.1613,0.1682,0.1751
2015-06-14,0.057,0.0606,0.0646,0.2667,0.2749,0.2826,0.0568,0.061,0.0653,0.0643,0.0682,0.0723,0.0429,0.0461,0.0495,0.245,0.2522,0.2603,0.0325,0.0354,0.0388,0.1618,0.1683,0.1753
2015-06-21,0.056,0.0604,0.0647,0.2655,0.2745,0.2839,0.0569,0.0614,0.066,0.0647,0.0689,0.0737,0.0427,0.046,0.0496,0.2405,0.2492,0.2578,0.0317,0.0348,0.038,0.1641,0.1717,0.1799
2015-06-28,0.0562,0.0609,0.0656,0.2634,0.2726,0.2825,0.0567,0.0616,0.0667,0.065,0.0693,0.0741,0.0427,0.0465,0.0504,0.2347,0.2443,0.2534,0.0316,0.0348,0.0384,0.1691,0.1772,0.1861
2015-07-05,0.057,0.0616,0.0664,0.2583,0.2685,0.2786,0.0569,0.0624,0.0678,0.0645,0.0689,0.074,0.0434,0.0472,0.0515,0.2296,0.2394,0.2494,0.0321,0.0355,0.0394,0.1738,0.1836,0.1929
2015-07-12,0.0567,0.0618,0.0666,0.2556,0.2668,0.2783,0.0568,0.0625,0.0686,0.0642,0.0689,0.0747,0.043,0.0475,0.052,0.2262,0.2372,0.2477,0.0323,0.0357,0.0397,0.1769,0.1868,0.1976
2015-07-19,0.0565,0.0615,0.0664,0.2537,0.2661,0.2791,0.0567,0.0624,0.0686,0.0638,0.069,0.0751,0.0428,0.0477,0.0523,0.2245,0.2362,0.2463,0.0322,0.0359,0.0398,0.1788,0.1894,0.2001
2015-07-26,0.0565,0.0617,0.0667,0.2515,0.2641,0.2774,0.0566,0.0625,0.0687,0.0633,0.0687,0.0745,0.0431,0.0477,0.0525,0.2242,0.2356,0.2469,0.032,0.0357,0.0399,0.1806,0.1913,0.2022
2015-08-02,0.0571,0.0619,0.0671,0.2501,0.2619,0.2743,0.0568,0.0625,0.0687,0.0626,0.0681,0.0735,0.0438,0.0478,0.0524,0.2251,0.2364,0.2473,0.0318,0.0357,0.0397,0.1831,0.1934,0.2047
2015-08-09,0.058,0.0622,0.0669,0.2497,0.2595,0.2701,0.0577,0.0626,0.0678,0.0629,0.0673,0.0723,0.0442,0.0481,0.0522,0.2274,0.2368,0.2465,0.0319,0.0356,0.0392,0.1868,0.1956,0.2052
2015-08-16,0.0584,0.0623,0.0662,0.2503,0.2574,0.2652,0.0585,0.0628,0.0672,0.063,0.0669,0.0708,0.0447,0.048,0.0515,0.2301,0.2373,0.2441,0.0324,0.0355,0.0385,0.1909,0.198,0.2052
2015-08-23,0.0579,0.0616,0.0655,0.2516,0.2597,0.2684,0.0576,0.0615,0.0659,0.0631,0.0672,0.0711,0.0442,0.0478,0.0511,0.2285,0.2363,0.2441,0.0326,0.0354,0.0384,0.1916,0.199,0.2063
2015-08-30,0.0572,0.061,0.0649,0.2539,0.2627,0.2711,0.0554,0.0597,0.0641,0.0638,0.0681,0.0723,0.0441,0.0477,0.0512,0.2247,0.2333,0.2411,0.0327,0.0356,0.0385,0.1935,0.2011,0.2089
2015-09-06,0.0569,0.0605,0.0644,0.256,0.2642,0.2727,0.0547,0.0585,0.0624,0.0656,0.0696,0.0737,0.0443,0.0479,0.0513,0.2204,0.2285,0.2359,0.0324,0.0355,0.0385,0.1969,0.2041,0.2121
2015-09-13,0.0567,0.0602,0.0635,0.258,0.2657,0.2731,0.0547,0.0585,0.0625,0.0663,0.0703,0.0746,0.0444,0.0479,0.0512,0.22,0.2266,0.2339,0.0328,0.036,0.0389,0.1964,0.2036,0.2111
2015-09-20,0.0567,0.0603,0.0642,0.2574,0.2662,0.2743,0.0546,0.0588,0.0631,0.0667,0.071,0.0755,0.0448,0.0483,0.0519,0.2197,0.2271,0.2347,0.0329,0.036,0.039,0.1935,0.2014,0.2089
2015-09-27,0.0564,0.0605,0.0646,0.256,0.2651,0.2748,0.0541,0.0584,0.0631,0.0667,0.0715,0.0765,0.045,0.0487,0.0525,0.2183,0.2273,0.237,0.0328,0.0358,0.0391,0.1919,0.2016,0.2108
2015-10-04,0.0566,0.0604,0.0645,0.2566,0.2647,0.2731,0.0544,0.0586,0.0629,0.0672,0.0715,0.0755,0.0454,0.0489,0.0524,0.2207,0.2289,0.2374,0.0334,0.0363,0.0394,0.1917,0.1998,0.208
2015-10-11,0.0564,0.06,0.0636,0.2579,0.2655,0.2732,0.0548,0.0589,0.0627,0.0672,0.071,0.0747,0.0457,0.0493,0.0524,0.2233,0.2306,0.2378,0.0344,0.0372,0.04,0.1905,0.1967,0.2036
2015-10-18,0.0554,0.0589,0.0624,0.2618,0.2694,0.2774,0.0547,0.0589,0.0627,0.0674,0.0713,0.0753,0.0462,0.0497,0.0531,0.2205,0.2273,0.2349,0.0356,0.0388,0.042,0.1879,0.1948,0.2021
2015-10-25,0.0546,0.0584,0.0621,0.2607,0.2694,0.2792,0.0548,0.0588,0.0632,0.0672,0.0712,0.0751,0.0466,0.0499,0.0533,0.2187,0.2272,0.2355,0.0358,0.0389,0.0423,0.1875,0.1956,0.2035
2015-11-01,0.0552,0.0587,0.0624,0.2572,0.266,0.2747,0.0544,0.0585,0.0632,0.0666,0.0708,0.0748,0.0472,0.0508,0.0542,0.2188,0.2271,0.2357,0.0354,0.0386,0.0421,0.1907,0.1989,0.2072
2015-11-08,0.0559,0.0594,0.0631,0.2528,0.2617,0.269,0.0539,0.0578,0.0623,0.0665,0.0706,0.0742,0.0486,0.0519,0.0553,0.2191,0.2269,0.2352,0.0351,0.038,0.0411,0.1962,0.2037,0.2119
2015-11-15,0.0562,0.0597,0.0632,0.2535,0.2607,0.2674,0.0533,0.0568,0.0606,0.0663,0.0701,0.0737,0.0494,0.0527,0.0558,0.2216,0.2282,0.235,0.0353,0.0381,0.0414,0.197,0.2036,0.2101
2015-11-22,0.0566,0.0602,0.0638,0.2534,0.2608,0.2686,0.0522,0.056,0.0599,0.0658,0.0694,0.0737,0.0498,0.0533,0.0569,0.223,0.2306,0.2381,0.0348,0.0377,0.0411,0.1943,0.2017,0.2089
2015-11-29,0.0574,0.061,0.0645,0.2523,0.2604,0.2679,0.0511,0.055,0.0592,0.0664,0.0703,0.0743,0.0505,0.0543,0.0585,0.2193,0.2281,0.2358,0.0346,0.0376,0.0408,0.1953,0.2036,0.2112
2015-12-06,0.0581,0.0619,0.0655,0.2498,0.258,0.2663,0.0505,0.0542,0.0582,0.0667,0.0708,0.075,0.0512,0.0549,0.0589,0.2181,0.2268,0.2355,0.0339,0.0369,0.0401,0.1986,0.2063,0.2146
2015-12-13,0.0589,0.0625,0.0663,0.2481,0.2555,0.2627,0.0501,0.0535,0.057,0.0674,0.0714,0.0753,0.0519,0.0552,0.0587,0.2197,0.2265,0.2331,0.0331,0.036,0.039,0.2025,0.2096,0.2165
2015-12-20,0.0581,0.0624,0.0669,0.2472,0.2566,0.2663,0.049,0.0531,0.0569,0.0673,0.0718,0.0765,0.0512,0.0551,0.059,0.2197,0.228,0.2365,0.0324,0.0357,0.0389,0.1989,0.2074,0.2162
2015-12-27,0.0577,0.062,0.0668,0.2477,0.2579,0.2688,0.048,0.0525,0.0572,0.0667,0.0718,0.0771,0.0503,0.0546,0.0594,0.2199,0.2309,0.2415,0.0321,0.0356,0.0393,0.1944,0.2046,0.2147
2016-01-03,0.0576,0.0619,0.0663,0.2481,0.2582,0.269,0.0475,0.0518,0.0561,0.0669,0.0717,0.0772,0.0504,0.0545,0.0588,0.2215,0.2324,0.2422,0.0321,0.0355,0.0391,0.1946,0.2045,0.2148
2016-01-10,0.0574,0.0613,0.0651,0.251,0.2596,0.268,0.0473,0.0511,0.055,0.067,0.0714,0.0757,0.05,0.0538,0.0577,0.2271,0.2352,0.2431,0.0326,0.0354,0.0386,0.1948,0.2028,0.2108
2016-01-17,0.0588,0.0627,0.0664,0.2463,0.2535,0.2614,0.0475,0.0512,0.0548,0.0653,0.0693,0.0732,0.0506,0.0539,0.0576,0.2341,0.2414,0.248,0.0324,0.0351,0.0382,0.1958,0.2033,0.2109
2016-01-24,0.0595,0.0634,0.0677,0.2425,0.2517,0.2604,0.0477,0.0515,0.0554,0.063,0.067,0.0712,0.0502,0.0539,0.0574,0.2417,0.2502,0.2583,0.0321,0.035,0.038,0.1903,0.198,0.2061
2016-01-31,0.06,0.0639,0.0681,0.2424,0.251,0.2596,0.0472,0.0511,0.0554,0.0618,0.0657,0.07,0.05,0.0537,0.0579,0.2465,0.2553,0.2636,0.0319,0.0349,0.0383,0.187,0.1946,0.2033
2016-02-07,0.0605,0.0641,0.0683,0.2453,0.2533,0.2612,0.0477,0.0514,0.0554,0.062,0.0657,0.0699,0.0504,0.0539,0.0578,0.2443,0.2531,0.2614,0.0326,0.0356,0.0387,0.1861,0.1937,0.2009
2016-02-14,0.0609,0.0648,0.0687,0.2485,0.2555,0.263,0.0478,0.0514,0.0551,0.062,0.0658,0.0697,0.0508,0.0544,0.0579,0.2414,0.2488,0.2566,0.0338,0.0367,0.0397,0.1864,0.1934,0.2
2016-02-21,0.061,0.0648,0.0689,0.2506,0.259,0.2679,0.0475,0.0513,0.0552,0.0608,0.0646,0.0684,0.05,0.0536,0.0574,0.2426,0.2512,0.2598,0.0337,0.037,0.0403,0.182,0.1897,0.1975
2016-02-28,0.0603,0.0643,0.0685,0.2525,0.2617,0.27,0.0476,0.0515,0.0557,0.0595,0.0635,0.0672,0.0487,0.0523,0.056,0.2444,0.2526,0.2609,0.0339,0.037,0.0403,0.1808,0.1883,0.1959
2016-03-06,0.0595,0.0637,0.0675,0.255,0.2636,0.2718,0.0477,0.0518,0.0557,0.0583,0.0623,0.0662,0.0473,0.0506,0.0542,0.2481,0.2557,0.2641,0.0339,0.0368,0.04,0.1797,0.1869,0.1946
2016-03-13,0.0591,0.0631,0.0669,0.2585,0.2668,0.275,0.0472,0.0509,0.0552,0.058,0.0621,0.0658,0.0457,0.0493,0.0527,0.2498,0.2577,0.2666,0.0334,0.0367,0.0399,0.1774,0.1848,0.1922
2016-03-20,0.059,0.063,0.0672,0.2638,0.272,0.2813,0.0457,0.0494,0.0536,0.0592,0.063,0.0673,0.0454,0.0493,0.0526,0.2483,0.2564,0.2655,0.0337,0.0367,0.0399,0.174,0.1816,0.1894
2016-03-27,0.0595,0.0636,0.0679,0.2626,0.272,0.2822,0.0448,0.0485,0.0525,0.0598,0.064,0.0687,0.0461,0.05,0.054,0.2458,0.2559,0.2658,0.0332,0.0364,0.0398,0.1733,0.1812,0.1897
2016-04-03,0.0603,0.0644,0.0687,0.2623,0.2715,0.2808,0.0439,0.0477,0.0512,0.0601,0.0643,0.0685,0.0471,0.0506,0.0542,0.2499,0.259,0.2676,0.0328,0.036,0.0394,0.1706,0.1786,0.1862
2016-04-10,0.0614,0.0651,0.0689,0.2633,0.2708,0.2786,0.0432,0.0468,0.0505,0.0614,0.0652,0.0692,0.0478,0.0514,0.0548,0.2487,0.257,0.2655,0.033,0.0359,0.0388,0.1727,0.1799,0.1868
2016-04-17,0.0622,0.0658,0.0694,0.261,0.2689,0.2758,0.0422,0.0456,0.0493,0.0614,0.0652,0.0691,0.0482,0.0514,0.055,0.2504,0.2585,0.2665,0.0323,0.0353,0.0383,0.1744,0.1815,0.189
2016-04-24,0.0627,0.0664,0.0704,0.2595,0.2681,0.2769,0.0402,0.0437,0.0474,0.06,0.064,0.0678,0.0483,0.0516,0.0554,0.2554,0.2644,0.2732,0.0326,0.0355,0.0387,0.1707,0.1778,0.1857
2016-05-01,0.0635,0.0674,0.0712,0.262,0.2698,0.2772,0.0388,0.042,0.0452,0.0599,0.0637,0.0675,0.049,0.0525,0.056,0.2582,0.2653,0.2736,0.0335,0.0366,0.0396,0.1683,0.1749,0.1817
2016-05-08,0.064,0.0682,0.0724,0.2614,0.2699,0.278,0.0375,0.0408,0.044,0.0607,0.0644,0.0681,0.0496,0.053,0.0564,0.2548,0.2631,0.2718,0.034,0.037,0.0401,0.1693,0.1766,0.1832
2016-05-15,0.065,0.0689,0.073,0.2601,0.2676,0.2754,0.0369,0.0402,0.0433,0.0613,0.0652,0.0688,0.0499,0.0533,0.0567,0.253,0.2608,0.2687,0.0339,0.037,0.0398,0.1729,0.1799,0.1869
2016-05-22,0.064,0.0682,0.072,0.2626,0.2695,0.2771,0.0361,0.0389,0.0418,0.0634,0.0669,0.0706,0.0494,0.0527,0.0562,0.2515,0.2587,0.2663,0.0336,0.0363,0.0394,0.1743,0.1812,0.1883
2016-05-29,0.0626,0.0666,0.0712,0.2621,0.2714,0.2803,0.0351,0.0386,0.0418,0.0637,0.0677,0.0716,0.0476,0.051,0.0546,0.2527,0.262,0.2707,0.0322,0.0352,0.0385,0.1728,0.1803,0.1885
2016-06-05,0.0612,0.0652,0.0695,0.2662,0.2748,0.2836,0.0351,0.0385,0.042,0.065,0.0693,0.0732,0.0458,0.0494,0.053,0.2519,0.2607,0.2694,0.0316,0.0346,0.0377,0.1732,0.1803,0.1882
2016-06-12,0.0611,0.065,0.0689,0.2681,0.2756,0.284,0.0346,0.0382,0.0414,0.0651,0.0693,0.0736,0.0452,0.0484,0.0518,0.2555,0.2633,0.2706,0.0314,0.0342,0.0371,0.1718,0.179,0.1856
2016-06-19,0.0606,0.0646,0.0686,0.2684,0.2768,0.2853,0.0339,0.0373,0.0409,0.0652,0.0697,0.074,0.0442,0.0473,0.0505,0.2579,0.2662,0.2745,0.0308,0.0338,0.0369,0.1706,0.1775,0.1843
2016-06-26,0.0605,0.0651,0.0695,0.2669,0.2768,0.2872,0.0336,0.0371,0.041,0.0654,0.0706,0.0755,0.0441,0.0477,0.0514,0.2548,0.2651,0.2755,0.0304,0.0339,0.0374,0.1671,0.177,0.186
2016-07-03,0.0609,0.0655,0.0705,0.2665,0.2771,0.2884,0.0336,0.0371,0.0413,0.0668,0.072,0.0776,0.0444,0.0484,0.0523,0.2516,0.262,0.2723,0.0308,0.0343,0.0382,0.1674,0.1765,0.1856
2016-07-10,0.0608,0.0658,0.071,0.265,0.2773,0.2908,0.033,0.037,0.0415,0.0668,0.0725,0.0787,0.0438,0.0482,0.0527,0.2483,0.2615,0.2734,0.0304,0.0345,0.0387,0.1658,0.1762,0.187
2016-07-17,0.0603,0.0658,0.0714,0.2645,0.2777,0.2924,0.0324,0.0366,0.0412,0.0663,0.0727,0.0796,0.043,0.0479,0.053,0.2466,0.262,0.276,0.0303,0.0346,0.0389,0.1641,0.1761,0.1881
2016-07-24,0.0603,0.0658,0.0713,0.2651,0.278,0.2931,0.0323,0.0364,0.0409,0.0662,0.0729,0.0797,0.0428,0.0475,0.0527,0.2475,0.2623,0.2772,0.0305,0.0345,0.0387,0.1638,0.1759,0.1889
2016-07-31,0.0604,0.0657,0.0712,0.2657,0.2784,0.2922,0.0325,0.0361,0.0402,0.0672,0.0732,0.0796,0.043,0.0473,0.0517,0.2487,0.2625,0.2762,0.0307,0.0345,0.0385,0.1639,0.1756,0.1869
2016-08-07,0.061,0.0658,0.0711,0.2685,0.279,0.2901,0.0324,0.0358,0.0395,0.068,0.0734,0.079,0.0427,0.047,0.0508,0.2516,0.2627,0.2736,0.0312,0.0346,0.0381,0.1654,0.1756,0.185
2016-08-14,0.0618,0.066,0.0704,0.2704,0.2787,0.2871,0.0325,0.0356,0.0391,0.069,0.0737,0.0783,0.0432,0.0467,0.0499,0.253,0.2616,0.2699,0.0313,0.0345,0.0378,0.1699,0.1769,0.184
2016-08-21,0.0623,0.0665,0.0705,0.2695,0.2772,0.2851,0.0329,0.0358,0.0391,0.07,0.0744,0.0784,0.0436,0.0469,0.05,0.2512,0.2583,0.2661,0.0315,0.0345,0.0376,0.1735,0.1805,0.1873
2016-08-28,0.061,0.0656,0.07,0.2697,0.2797,0.2896,0.0331,0.0363,0.04,0.0697,0.0743,0.0788,0.0428,0.0465,0.05,0.2486,0.2578,0.2671,0.0314,0.0347,0.0379,0.1713,0.1788,0.1876
2016-09-04,0.0608,0.0653,0.0697,0.2719,0.2811,0.2902,0.0336,0.0369,0.0404,0.0695,0.0744,0.0788,0.043,0.0464,0.05,0.2463,0.2561,0.2661,0.0318,0.0347,0.0379,0.1714,0.1792,0.187
2016-09-11,0.0612,0.0652,0.0693,0.2711,0.2797,0.2879,0.0343,0.0373,0.0407,0.0703,0.0748,0.079,0.0439,0.0473,0.0505,0.2454,0.2532,0.2624,0.0319,0.0347,0.0378,0.1742,0.1817,0.1893
2016-09-18,0.0613,0.0654,0.0692,0.2698,0.2775,0.2851,0.0345,0.0377,0.0407,0.071,0.075,0.0794,0.0449,0.0481,0.0515,0.2441,0.2516,0.2593,0.0315,0.0345,0.0373,0.177,0.1846,0.1917
2016-09-25,0.0602,0.0646,0.069,0.2712,0.2811,0.2912,0.0341,0.0375,0.0407,0.0718,0.0764,0.0809,0.0448,0.0484,0.0519,0.2409,0.2498,0.2588,0.0311,0.0344,0.0375,0.1741,0.1823,0.1914
2016-10-02,0.0592,0.0637,0.068,0.276,0.2856,0.2961,0.0336,0.037,0.0404,0.0734,0.0783,0.083,0.0451,0.0487,0.0525,0.2376,0.2465,0.2553,0.0312,0.0342,0.0375,0.1716,0.1801,0.189
2016-10-09,0.061,0.065,0.0691,0.2723,0.2808,0.2895,0.0342,0.0372,0.0407,0.0741,0.0784,0.0831,0.0465,0.05,0.0535,0.2386,0.2467,0.2553,0.0304,0.0335,0.0368,0.1752,0.1827,0.1902
2016-10-16,0.0631,0.0671,0.0713,0.2651,0.273,0.2807,0.0347,0.0377,0.0411,0.0739,0.0782,0.0828,0.0483,0.0518,0.0557,0.2385,0.2463,0.2541,0.0297,0.0326,0.0357,0.1807,0.1874,0.195
2016-10-23,0.0636,0.0679,0.0721,0.2641,0.2729,0.28,0.0343,0.0376,0.0408,0.0744,0.0789,0.0837,0.049,0.0527,0.0567,0.2353,0.244,0.2521,0.0296,0.0325,0.0356,0.1812,0.1881,0.1958
2016-10-30,0.0622,0.0668,0.0712,0.2708,0.2792,0.2878,0.0342,0.0373,0.0407,0.0752,0.0797,0.0841,0.048,0.0518,0.0553,0.2358,0.2442,0.2528,0.0299,0.0328,0.0358,0.1754,0.1828,0.1904
2016-11-06,0.0617,0.066,0.0702,0.2721,0.2812,0.2899,0.0345,0.0376,0.0411,0.0756,0.0803,0.0845,0.0477,0.0515,0.0551,0.235,0.2436,0.252,0.0302,0.0331,0.0362,0.1742,0.1814,0.1891
2016-11-13,0.062,0.0659,0.0699,0.2717,0.2795,0.2877,0.035,0.038,0.0411,0.0771,0.0815,0.0854,0.0483,0.0518,0.0552,0.2337,0.241,0.2488,0.0303,0.0333,0.036,0.1767,0.1833,0.1904
2016-11-20,0.0615,0.0656,0.0693,0.273,0.2806,0.2889,0.0351,0.0381,0.0414,0.0787,0.083,0.0875,0.0482,0.0518,0.0553,0.2319,0.2394,0.2468,0.0308,0.0337,0.0364,0.1755,0.1825,0.1896
2016-11-27,0.0607,0.0648,0.069,0.2732,0.2829,0.2926,0.0352,0.0384,0.0418,0.0804,0.0853,0.0901,0.0479,0.0517,0.0553,0.2272,0.2361,0.2454,0.0309,0.0341,0.0372,0.1735,0.1815,0.1904
2016-12-04,0.0606,0.0645,0.0685,0.2746,0.2829,0.2915,0.0359,0.0388,0.0421,0.0827,0.0875,0.0926,0.0486,0.0519,0.0555,0.2253,0.2329,0.2409,0.0315,0.0344,0.0373,0.1737,0.181,0.1891
2016-12-11,0.0613,0.0651,0.0689,0.2755,0.2835,0.2908,0.0358,0.0388,0.0422,0.0847,0.0893,0.0939,0.0498,0.053,0.0563,0.2225,0.2295,0.2374,0.0322,0.0352,0.0382,0.1735,0.1803,0.1872
2016-12-18,0.0606,0.0646,0.0689,0.2769,0.2863,0.2951,0.035,0.0384,0.0416,0.0859,0.0909,0.0959,0.0491,0.0526,0.0567,0.2189,0.2278,0.2359,0.0325,0.0355,0.0387,0.1709,0.179,0.187
2016-12-25,0.0599,0.0641,0.0686,0.2772,0.2877,0.2991,0.0347,0.0379,0.0417,0.0864,0.0918,0.0972,0.048,0.0518,0.0561,0.2194,0.2295,0.2392,0.0316,0.0351,0.0389,0.1682,0.1769,0.1855
2017-01-01,0.0593,0.0638,0.0688,0.2765,0.2876,0.2992,0.0342,0.0377,0.0413,0.0867,0.0923,0.0978,0.047,0.051,0.0553,0.2236,0.2334,0.2434,0.0311,0.0345,0.0381,0.1658,0.1746,0.1837
2017-01-08,0.0596,0.0637,0.0681,0.2779,0.287,0.2959,0.0343,0.0376,0.0408,0.0876,0.0927,0.0976,0.0463,0.0502,0.0542,0.2284,0.2371,0.2456,0.0308,0.0338,0.0372,0.1657,0.1731,0.1816
2017-01-15,0.0608,0.0649,0.0688,0.274,0.2816,0.2886,0.0346,0.0379,0.0411,0.0895,0.094,0.0987,0.0477,0.0511,0.0546,0.2267,0.2336,0.2409,0.0309,0.0337,0.0366,0.1717,0.1783,0.1848
2017-01-22,0.061,0.0652,0.0694,0.2735,0.2823,0.2903,0.0343,0.0375,0.041,0.0924,0.0977,0.1028,0.0485,0.0521,0.0558,0.219,0.2278,0.2359,0.0315,0.0344,0.0376,0.1714,0.1788,0.1859
2017-01-29,0.0602,0.0645,0.0689,0.275,0.2851,0.295,0.0337,0.0369,0.0408,0.0974,0.1033,0.1094,0.0486,0.0523,0.056,0.2093,0.2181,0.2267,0.0319,0.0351,0.0383,0.1712,0.1796,0.1882
2017-02-05,0.0602,0.0642,0.0684,0.2772,0.2867,0.2952,0.0334,0.0365,0.0399,0.1031,0.1081,0.1135,0.049,0.0526,0.0559,0.2024,0.2102,0.2177,0.0325,0.0355,0.0388,0.1742,0.1817,0.1896
2017-02-12,0.0597,0.0635,0.0673,0.2773,0.2858,0.2939,0.0331,0.0362,0.0395,0.106,0.1115,0.1173,0.0486,0.0523,0.0558,0.1989,0.2062,0.2137,0.0324,0.0352,0.0383,0.1779,0.1848,0.1919
2017-02-19,0.0586,0.0625,0.0664,0.2786,0.2869,0.2952,0.0326,0.0355,0.0385,0.1095,0.1153,0.1209,0.0481,0.0517,0.0551,0.1948,0.202,0.2085,0.0319,0.0347,0.038,0.1802,0.1874,0.1948
2017-02-26,0.0578,0.062,0.0662,0.279,0.2889,0.2986,0.0315,0.0347,0.0381,0.1121,0.1182,0.1246,0.048,0.0517,0.0554,0.1889,0.1977,0.2054,0.0316,0.0346,0.038,0.1793,0.1881,0.1968
2017-03-05,0.0576,0.0616,0.066,0.2826,0.291,0.3001,0.0311,0.0343,0.0376,0.1153,0.1214,0.1274,0.0481,0.0519,0.0558,0.185,0.1929,0.2006,0.0314,0.0346,0.0381,0.1807,0.1883,0.1968
2017-03-12,0.058,0.0621,0.0662,0.281,0.2891,0.2969,0.0307,0.0338,0.037,0.1179,0.1237,0.1293,0.0489,0.0526,0.0561,0.1829,0.1894,0.1964,0.0314,0.0343,0.0374,0.1844,0.1913,0.1989
2017-03-19,0.0588,0.0629,0.0672,0.2791,0.2873,0.2958,0.0304,0.0337,0.0369,0.1199,0.1259,0.1314,0.0502,0.0538,0.0578,0.1797,0.187,0.194,0.0316,0.0344,0.0374,0.1846,0.1916,0.1989
2017-03-26,0.0576,0.0621,0.0667,0.2806,0.2916,0.3014,0.0299,0.0331,0.0367,0.1201,0.126,0.1329,0.0493,0.0531,0.0575,0.1779,0.1857,0.1936,0.032,0.0351,0.0383,0.1811,0.1896,0.1988
2017-04-02,0.057,0.0613,0.0654,0.286,0.2955,0.305,0.0293,0.0325,0.0358,0.12,0.1258,0.1325,0.0491,0.0523,0.0562,0.1782,0.1855,0.1934,0.0323,0.0355,0.0387,0.1795,0.188,0.1961
2017-04-09,0.0565,0.0606,0.0645,0.2914,0.2997,0.3078,0.0288,0.0314,0.0346,0.1193,0.1247,0.1306,0.0482,0.0515,0.0551,0.1791,0.1854,0.1923,0.033,0.0361,0.0391,0.1799,0.1875,0.1951
2017-04-16,0.0561,0.06,0.0635,0.2933,0.3017,0.3101,0.028,0.0306,0.0337,0.1192,0.1244,0.13,0.0477,0.0509,0.0543,0.1773,0.1841,0.1915,0.0334,0.0364,0.0395,0.1808,0.1888,0.1965
2017-04-23,0.056,0.0598,0.0638,0.2932,0.3021,0.3115,0.0281,0.0309,0.0341,0.1182,0.1243,0.1301,0.0475,0.0509,0.0547,0.1785,0.1857,0.1933,0.0331,0.0363,0.0396,0.1792,0.1872,0.1954
2017-04-30,0.0563,0.06,0.0639,0.2937,0.3017,0.3096,0.0285,0.0313,0.0344,0.1185,0.124,0.1296,0.0478,0.0511,0.0547,0.1791,0.1856,0.1928,0.0334,0.0365,0.0399,0.1796,0.1869,0.1943
2017-05-07,0.0564,0.0602,0.0639,0.2938,0.3019,0.3096,0.0284,0.0312,0.0342,0.1186,0.1237,0.1285,0.0482,0.0513,0.0545,0.1802,0.1868,0.1937,0.0334,0.0364,0.0391,0.1796,0.1863,0.1928
2017-05-14,0.0578,0.0618,0.0659,0.2897,0.2972,0.305,0.0279,0.0305,0.0334,0.1203,0.1258,0.1314,0.0495,0.0526,0.0559,0.1772,0.184,0.1909,0.0325,0.0357,0.0384,0.1828,0.1901,0.1972
2017-05-21,0.0581,0.0624,0.0664,0.2865,0.2945,0.3031,0.0278,0.0307,0.0336,0.1206,0.1265,0.1325,0.0497,0.0534,0.057,0.1745,0.1818,0.1902,0.0321,0.0352,0.0383,0.1855,0.1929,0.2006
2017-05-28,0.0578,0.0618,0.0663,0.2877,0.297,0.3066,0.0278,0.0308,0.0339,0.1189,0.1255,0.1315,0.0491,0.0526,0.0566,0.1746,0.1828,0.1908,0.0315,0.0347,0.038,0.1839,0.1925,0.2012
2017-06-04,0.0575,0.0619,0.066,0.2892,0.2987,0.3071,0.0278,0.0306,0.0335,0.1183,0.1244,0.1302,0.0488,0.0525,0.0558,0.1753,0.1828,0.1901,0.0312,0.0343,0.0375,0.1858,0.1932,0.2014
2017-06-11,0.0576,0.0612,0.065,0.2951,0.3023,0.3094,0.0281,0.0308,0.0335,0.1214,0.1264,0.1313,0.0501,0.0531,0.0563,0.172,0.1777,0.1841,0.0317,0.0346,0.0373,0.1859,0.1926,0.1987
2017-06-18,0.0579,0.0618,0.0657,0.2917,0.2988,0.3064,0.0291,0.0318,0.0347,0.1197,0.1249,0.1301,0.0509,0.0541,0.0573,0.1718,0.1782,0.1845,0.0318,0.0348,0.0377,0.1871,0.1938,0.2011
2017-06-25,0.0581,0.0621,0.0665,0.2864,0.2946,0.3033,0.0296,0.0325,0.0358,0.117,0.1228,0.1283,0.0507,0.0545,0.0582,0.1717,0.1791,0.1861,0.0317,0.0348,0.0379,0.1896,0.1979,0.2063
2017-07-02,0.0575,0.0622,0.0669,0.2836,0.2933,0.3024,0.0296,0.0329,0.0366,0.1165,0.1229,0.1292,0.0511,0.055,0.0597,0.169,0.1768,0.1845,0.0317,0.0351,0.0385,0.1911,0.2,0.2092
2017-07-09,0.0572,0.0621,0.0673,0.2816,0.2933,0.3046,0.0297,0.0331,0.0373,0.1159,0.1234,0.1309,0.051,0.0557,0.0606,0.1656,0.1745,0.1843,0.0323,0.036,0.04,0.1898,0.2001,0.2114
2017-07-16,0.0569,0.0616,0.0669,0.2813,0.2942,0.3064,0.0293,0.0333,0.0376,0.1153,0.1237,0.1321,0.0508,0.0558,0.0606,0.1633,0.1733,0.1829,0.0329,0.0372,0.0412,0.1891,0.1995,0.2112
2017-07-23,0.0558,0.0607,0.0656,0.2857,0.2977,0.3101,0.0295,0.0332,0.0372,0.115,0.1237,0.1322,0.0505,0.0552,0.0602,0.1631,0.1731,0.1829,0.0336,0.0381,0.042,0.186,0.1966,0.2087
2017-07-30,0.0545,0.0589,0.0637,0.293,0.3051,0.3172,0.0296,0.0329,0.0366,0.1154,0.1233,0.1313,0.0493,0.054,0.0589,0.1646,0.1745,0.1838,0.0349,0.039,0.043,0.1807,0.1912,0.202
2017-08-06,0.0534,0.0573,0.0614,0.3039,0.3124,0.3209,0.0296,0.0328,0.036,0.1167,0.1229,0.1292,0.0492,0.0528,0.0568,0.1686,0.1753,0.1825,0.036,0.04,0.0437,0.178,0.1854,0.193
2017-08-13,0.0524,0.0559,0.0592,0.3059,0.313,0.32,0.0302,0.0331,0.0361,0.1158,0.1207,0.1257,0.0482,0.0515,0.0547,0.1711,0.1773,0.1835,0.036,0.0392,0.0425,0.1821,0.1886,0.1951
2017-08-20,0.0515,0.0554,0.0589,0.3056,0.3143,0.3233,0.0308,0.0337,0.0369,0.1132,0.1187,0.1239,0.0469,0.0503,0.0536,0.174,0.1806,0.1872,0.0355,0.0388,0.0418,0.1803,0.1874,0.1949
2017-08-27,0.0511,0.0552,0.0594,0.3079,0.3177,0.3278,0.0304,0.0338,0.0372,0.1116,0.1178,0.1236,0.0455,0.0492,0.053,0.1757,0.1831,0.1911,0.0352,0.0388,0.0421,0.1748,0.1834,0.1916
2017-09-03,0.0514,0.0553,0.0593,0.3096,0.3195,0.3282,0.0307,0.0336,0.0369,0.1112,0.1171,0.1228,0.0447,0.0484,0.0519,0.1777,0.1857,0.1927,0.0351,0.0384,0.0418,0.1748,0.1819,0.1894
2017-09-10,0.0528,0.0564,0.06,0.3076,0.3152,0.3231,0.0307,0.0337,0.0367,0.1118,0.1171,0.1225,0.0456,0.0487,0.0518,0.18,0.1863,0.1924,0.035,0.0381,0.0414,0.1777,0.184,0.1907
2017-09-17,0.0538,0.0575,0.0615,0.3063,0.3149,0.3232,0.0301,0.0331,0.0364,0.1125,0.1178,0.1231,0.0463,0.0497,0.0529,0.1804,0.1871,0.1936,0.0348,0.0377,0.0411,0.1751,0.1817,0.1892
2017-09-24,0.0538,0.0577,0.0616,0.3116,0.3211,0.3302,0.029,0.0321,0.035,0.113,0.1189,0.125,0.0461,0.0497,0.0532,0.1812,0.1894,0.1969,0.0342,0.0379,0.0413,0.1654,0.1735,0.1813
2017-10-01,0.0533,0.0574,0.0615,0.3185,0.3278,0.3367,0.0279,0.0311,0.0342,0.1125,0.1184,0.1243,0.0454,0.0489,0.0525,0.1861,0.1937,0.2011,0.0343,0.0375,0.0409,0.1577,0.1652,0.1726
2017-10-08,0.0546,0.0583,0.0622,0.3173,0.3246,0.332,0.028,0.0306,0.0334,0.111,0.1155,0.1201,0.0457,0.0487,0.052,0.1954,0.2018,0.2078,0.0334,0.0363,0.0392,0.1589,0.164,0.1706
2017-10-15,0.0547,0.0584,0.0624,0.3131,0.3216,0.3298,0.028,0.0308,0.0338,0.1052,0.1104,0.1159,0.0449,0.0481,0.0514,0.2065,0.214,0.2214,0.0327,0.0357,0.0386,0.1549,0.161,0.1676
2017-10-22,0.0543,0.058,0.0621,0.3085,0.3179,0.3263,0.0285,0.0315,0.0348,0.0987,0.1041,0.1094,0.0436,0.0468,0.0503,0.2192,0.2272,0.2348,0.0322,0.0352,0.0385,0.1527,0.1593,0.1663
2017-10-29,0.0533,0.0573,0.0616,0.3067,0.3161,0.3247,0.0291,0.032,0.0351,0.0957,0.1009,0.1061,0.0426,0.0457,0.0496,0.2257,0.2338,0.2416,0.0318,0.0349,0.0382,0.1524,0.1597,0.1665
2017-11-05,0.0527,0.0563,0.0599,0.3097,0.3174,0.325,0.0297,0.0325,0.0357,0.0956,0.1003,0.1048,0.0421,0.0452,0.0486,0.2286,0.2359,0.2428,0.0322,0.0351,0.0381,0.1514,0.1576,0.1642
2017-11-12,0.0523,0.056,0.0598,0.3097,0.3175,0.3255,0.0303,0.0334,0.0364,0.0959,0.1008,0.1052,0.0417,0.0448,0.048,0.2285,0.236,0.2431,0.0323,0.0353,0.0384,0.1504,0.1566,0.1633
2017-11-19,0.0531,0.057,0.0611,0.3056,0.3139,0.322,0.0307,0.034,0.0371,0.0973,0.1023,0.1073,0.0426,0.0457,0.0491,0.2236,0.2312,0.239,0.0324,0.0356,0.0386,0.154,0.1607,0.1678
2017-11-26,0.0534,0.0575,0.0619,0.3022,0.3124,0.322,0.0302,0.0333,0.0368,0.0962,0.1018,0.1072,0.0425,0.0462,0.0498,0.2209,0.23,0.2396,0.0321,0.0355,0.0387,0.1555,0.1635,0.1711
2017-12-03,0.0544,0.0586,0.0628,0.2981,0.3075,0.3162,0.0297,0.0328,0.036,0.0949,0.1001,0.105,0.043,0.0466,0.0505,0.2247,0.2319,0.2397,0.0317,0.0349,0.0381,0.1607,0.1682,0.1764
2017-12-10,0.0536,0.0572,0.0611,0.3012,0.3088,0.3162,0.0293,0.0322,0.0351,0.0937,0.0983,0.1024,0.042,0.045,0.0486,0.2303,0.2373,0.2437,0.031,0.0339,0.0367,0.1614,0.168,0.1749
2017-12-17,0.0522,0.056,0.0602,0.3041,0.3122,0.3203,0.029,0.032,0.0351,0.0907,0.0954,0.1001,0.0405,0.0438,0.047,0.236,0.2437,0.2512,0.0307,0.0339,0.0369,0.1565,0.1641,0.1711
2017-12-24,0.0517,0.0559,0.0606,0.302,0.3129,0.324,0.0286,0.0319,0.0353,0.088,0.0939,0.0998,0.0397,0.0433,0.0474,0.2367,0.2467,0.2568,0.0306,0.0339,0.0374,0.154,0.1624,0.1719
2017-12-31,0.0517,0.0561,0.0607,0.3009,0.3115,0.3227,0.0287,0.0318,0.0354,0.087,0.0928,0.099,0.0393,0.0429,0.0467,0.2385,0.2493,0.2605,0.03,0.0336,0.0373,0.1536,0.1629,0.1718
2018-01-07,0.0525,0.0564,0.0604,0.3016,0.3105,0.3193,0.0285,0.0317,0.0351,0.0868,0.0916,0.0966,0.0392,0.0424,0.0459,0.2436,0.252,0.2607,0.0301,0.0333,0.0366,0.1561,0.1633,0.1702
2018-01-14,0.0535,0.0571,0.0609,0.2986,0.3057,0.3128,0.029,0.0318,0.035,0.0855,0.0898,0.0943,0.0395,0.0425,0.0456,0.2489,0.2562,0.263,0.03,0.033,0.0361,0.1581,0.165,0.1711
2018-01-21,0.0534,0.0572,0.0612,0.2969,0.3056,0.3142,0.0285,0.0315,0.0347,0.0848,0.0894,0.0941,0.0389,0.0423,0.0455,0.2526,0.2598,0.2679,0.0298,0.0327,0.0359,0.1551,0.1625,0.1702
2018-01-28,0.053,0.057,0.0613,0.2975,0.3072,0.3169,0.0282,0.0313,0.0347,0.0851,0.0902,0.0957,0.0384,0.042,0.0455,0.2516,0.2609,0.2698,0.0297,0.033,0.0361,0.1516,0.1599,0.1689
2018-02-04,0.0533,0.0572,0.0613,0.2995,0.3077,0.3161,0.0283,0.0314,0.0345,0.0868,0.0917,0.0966,0.0388,0.042,0.0453,0.2514,0.2595,0.2675,0.03,0.0333,0.0365,0.1514,0.1589,0.1659
2018-02-11,0.0545,0.0583,0.0623,0.2947,0.3021,0.3102,0.0284,0.0314,0.0347,0.0907,0.0955,0.1002,0.0397,0.0428,0.0461,0.2456,0.2532,0.2609,0.0298,0.0328,0.0358,0.1586,0.1651,0.1717
2018-02-18,0.056,0.0602,0.064,0.2907,0.2993,0.3081,0.028,0.031,0.034,0.0924,0.0968,0.1019,0.0403,0.0437,0.0471,0.2402,0.2479,0.2557,0.0303,0.0333,0.0365,0.1628,0.1695,0.1765
2018-02-25,0.0562,0.0606,0.065,0.2921,0.3013,0.3108,0.0276,0.0307,0.0341,0.089,0.0945,0.0999,0.0399,0.0433,0.0467,0.2387,0.2478,0.2573,0.0312,0.0346,0.0381,0.1607,0.1687,0.1778
2018-03-04,0.0565,0.0605,0.0648,0.2949,0.3037,0.3125,0.0277,0.0307,0.0335,0.0869,0.0914,0.0964,0.0392,0.0426,0.0458,0.2415,0.2494,0.2566,0.0326,0.036,0.0393,0.1607,0.1681,0.176
2018-03-11,0.056,0.0596,0.0634,0.3002,0.308,0.3154,0.0273,0.0303,0.0333,0.0876,0.0919,0.0967,0.0383,0.0413,0.0445,0.2397,0.2466,0.2535,0.0331,0.0362,0.0395,0.1618,0.1681,0.1748
2018-03-18,0.0568,0.0607,0.0646,0.2975,0.3057,0.3139,0.0276,0.0306,0.0337,0.0884,0.0928,0.0974,0.0386,0.0418,0.0451,0.2346,0.2428,0.2504,0.0334,0.0369,0.0404,0.1641,0.1711,0.1784
2018-03-25,0.0576,0.0618,0.0663,0.2912,0.3014,0.311,0.0282,0.0312,0.0345,0.0875,0.0923,0.0975,0.0387,0.0421,0.046,0.2349,0.2435,0.2518,0.0336,0.0373,0.0411,0.1639,0.1726,0.1811
2018-04-01,0.0575,0.0621,0.0666,0.2901,0.3,0.3091,0.0287,0.0318,0.035,0.0867,0.0919,0.097,0.0387,0.042,0.0455,0.2363,0.2449,0.2546,0.0341,0.0375,0.0411,0.1638,0.1719,0.1804
2018-04-08,0.0567,0.0609,0.0648,0.2989,0.3061,0.3141,0.0287,0.0318,0.0347,0.0871,0.0912,0.0953,0.0377,0.0408,0.0439,0.2416,0.2489,0.2559,0.0346,0.038,0.0411,0.1584,0.1649,0.1712
2018-04-15,0.0576,0.0616,0.0656,0.2957,0.3038,0.3127,0.0287,0.0318,0.035,0.0889,0.0938,0.0987,0.0381,0.0412,0.0445,0.2361,0.2437,0.2515,0.0341,0.0376,0.0411,0.1617,0.1689,0.1763
2018-04-22,0.0584,0.0626,0.067,0.2907,0.2998,0.3096,0.0288,0.0319,0.0354,0.0906,0.096,0.1014,0.0382,0.0417,0.0453,0.2284,0.2366,0.2458,0.0335,0.037,0.0407,0.1681,0.1764,0.1845
2018-04-29,0.0591,0.0632,0.0676,0.288,0.2976,0.3068,0.0289,0.0321,0.0354,0.0889,0.0938,0.0994,0.038,0.0416,0.0451,0.2289,0.2376,0.2464,0.0332,0.0367,0.0404,0.1722,0.1801,0.1886
2018-05-06,0.0599,0.0641,0.0686,0.2872,0.2956,0.3037,0.0292,0.0322,0.0355,0.0854,0.0904,0.0952,0.038,0.0414,0.0447,0.234,0.2414,0.2494,0.0335,0.0368,0.0401,0.1735,0.1807,0.1881
2018-05-13,0.063,0.0671,0.0714,0.2772,0.2849,0.2926,0.0294,0.0324,0.0358,0.0826,0.0873,0.0918,0.0386,0.042,0.0451,0.2371,0.2444,0.2517,0.0332,0.0365,0.04,0.1817,0.1882,0.1954
2018-05-20,0.0649,0.0694,0.0741,0.2668,0.276,0.2843,0.03,0.033,0.0368,0.082,0.087,0.0917,0.0392,0.0428,0.0462,0.2358,0.2434,0.2513,0.0321,0.0355,0.0388,0.1885,0.1963,0.2038
2018-05-27,0.0656,0.0701,0.0748,0.2662,0.2756,0.2849,0.0301,0.0334,0.0369,0.0844,0.0895,0.0946,0.04,0.0436,0.0472,0.23,0.2378,0.2466,0.0314,0.0348,0.0383,0.1902,0.1986,0.2072
2018-06-03,0.0666,0.0714,0.0758,0.266,0.2747,0.2834,0.0302,0.0334,0.0371,0.088,0.0928,0.0984,0.0413,0.0447,0.0485,0.2204,0.2292,0.238,0.031,0.0343,0.0379,0.1945,0.2028,0.2104
2018-06-10,0.0673,0.0714,0.0759,0.2722,0.2797,0.2871,0.0294,0.0325,0.0359,0.0919,0.0967,0.1015,0.0412,0.0445,0.048,0.2182,0.2254,0.2327,0.0298,0.0331,0.036,0.1935,0.2002,0.2072
2018-06-17,0.0681,0.0725,0.0769,0.2699,0.2782,0.287,0.0298,0.0331,0.0366,0.0904,0.0953,0.1005,0.0415,0.0449,0.0483,0.2153,0.2224,0.2297,0.0301,0.0333,0.0364,0.1956,0.2039,0.2114
2018-06-24,0.0685,0.0734,0.0785,0.2674,0.277,0.286,0.0309,0.0344,0.0381,0.087,0.0926,0.0979,0.0418,0.0454,0.0494,0.2136,0.2219,0.2307,0.0307,0.0345,0.0382,0.1962,0.2046,0.2133
2018-07-01,0.0691,0.0739,0.0792,0.2673,0.2769,0.2866,0.0318,0.0353,0.0389,0.0862,0.0915,0.0966,0.042,0.0457,0.0494,0.2136,0.2216,0.2301,0.0313,0.0351,0.0387,0.1952,0.2041,0.2124
2018-07-08,0.0698,0.0752,0.0804,0.2648,0.2742,0.2835,0.0332,0.0368,0.0407,0.0851,0.0908,0.0962,0.0426,0.0468,0.0507,0.2103,0.2198,0.2287,0.0323,0.036,0.0397,0.1951,0.2048,0.2144
2018-07-15,0.0708,0.0762,0.0817,0.2622,0.272,0.2817,0.0347,0.0385,0.0421,0.0853,0.091,0.0968,0.044,0.0481,0.0524,0.2073,0.2158,0.225,0.0334,0.0372,0.0413,0.1955,0.2047,0.2143
2018-07-22,0.0704,0.076,0.0818,0.2618,0.2719,0.2824,0.036,0.0398,0.0439,0.0845,0.0909,0.0969,0.0441,0.0483,0.0527,0.2068,0.2165,0.2265,0.0337,0.0377,0.0419,0.1925,0.2025,0.2133
2018-07-29,0.0702,0.0754,0.0805,0.2638,0.2735,0.2835,0.0369,0.0407,0.0449,0.086,0.0918,0.0977,0.0448,0.0486,0.0527,0.2066,0.2159,0.2255,0.0346,0.0383,0.0423,0.1902,0.1995,0.2091
2018-08-05,0.0698,0.0744,0.0795,0.2666,0.2758,0.2851,0.0385,0.0421,0.0462,0.0868,0.0927,0.0981,0.045,0.0488,0.0526,0.206,0.215,0.2233,0.0361,0.0398,0.0433,0.1869,0.196,0.2042
2018-08-12,0.0688,0.0729,0.0777,0.2712,0.2792,0.2873,0.0403,0.044,0.048,0.0877,0.0928,0.0976,0.0451,0.0488,0.0523,0.2061,0.2135,0.2209,0.0385,0.0421,0.0454,0.1833,0.1908,0.1983
2018-08-19,0.0687,0.0729,0.0769,0.2732,0.2807,0.2881,0.0424,0.0457,0.0494,0.0854,0.0902,0.0946,0.0458,0.0491,0.0522,0.2027,0.2095,0.2161,0.043,0.0464,0.0498,0.1834,0.1899,0.1971
2018-08-26,0.0718,0.0755,0.0788,0.2744,0.2809,0.2867,0.0426,0.0456,0.0485,0.0833,0.0873,0.091,0.0488,0.0517,0.0543,0.1944,0.2002,0.206,0.051,0.0542,0.0575,0.1837,0.1894,0.1953
2018-09-02,0.0775,0.0806,0.0839,0.2734,0.2789,0.2846,0.0424,0.0447,0.0471,0.0808,0.0841,0.0872,0.0517,0.0543,0.0565,0.1921,0.1974,0.203,0.0587,0.0618,0.0647,0.1774,0.1828,0.1884
2018-09-09,0.08,0.08,0.08,0.2826,0.2826,0.2826,0.0441,0.0441,0.0441,0.0861,0.0861,0.0861,0.0549,0.0549,0.0549,0.1984,0.1984,0.1984,0.0632,0.0632,0.0632,0.1753,0.1753,0.1753
2018-09-16,0.0751,0.0795,0.0839,0.2749,0.2851,0.2953,0.0405,0.0434,0.0465,0.0815,0.0854,0.0898,0.0497,0.0535,0.0572,0.1904,0.1966,0.203,0.0578,0.0627,0.0678,0.1711,0.1782,0.1857
2018-09-23,0.0743,0.0792,0.0842,0.2759,0.2875,0.2996,0.0393,0.0426,0.0463,0.08,0.085,0.0896,0.0477,0.0521,0.0566,0.1871,0.1946,0.2022,0.0566,0.0621,0.0681,0.1727,0.1816,0.1895
2018-09-30,0.0741,0.0788,0.0839,0.2802,0.2901,0.3012,0.0385,0.0418,0.0451,0.0795,0.0843,0.089,0.0466,0.0506,0.0547,0.1858,0.193,0.2002,0.0564,0.0616,0.0673,0.176,0.1844,0.1924
2018-10-07,0.0754,0.0791,0.0832,0.2804,0.2877,0.2955,0.0391,0.0421,0.0452,0.0812,0.0853,0.0891,0.0463,0.05,0.0533,0.1858,0.1913,0.1973,0.0573,0.0614,0.0662,0.1814,0.1879,0.1945
2018-10-14,0.0758,0.0791,0.0829,0.2775,0.2834,0.2902,0.0394,0.0421,0.045,0.0843,0.0884,0.0922,0.0458,0.0488,0.052,0.1855,0.1901,0.1952,0.0572,0.0611,0.0648,0.1863,0.1917,0.1972
2018-10-21,0.0744,0.0782,0.0822,0.2775,0.285,0.2924,0.0386,0.0417,0.0448,0.0853,0.0893,0.0939,0.0432,0.0466,0.0501,0.1848,0.19,0.1952,0.0552,0.0594,0.0636,0.189,0.195,0.2009
2018-10-28,0.0736,0.0777,0.0823,0.2795,0.2884,0.2972,0.0375,0.041,0.0443,0.0839,0.0886,0.0931,0.0414,0.0449,0.0488,0.1829,0.1886,0.1952,0.0541,0.0586,0.0634,0.1899,0.1976,0.2054
2018-11-04,0.0741,0.0782,0.0823,0.2804,0.288,0.2959,0.0374,0.0405,0.0437,0.0836,0.088,0.0924,0.0407,0.044,0.0474,0.1806,0.187,0.1928,0.0547,0.0586,0.0631,0.1943,0.201,0.208
2018-11-11,0.075,0.0782,0.082,0.2776,0.284,0.2901,0.0381,0.041,0.044,0.0854,0.089,0.0929,0.0416,0.0446,0.0481,0.1793,0.1843,0.1888,0.0587,0.0625,0.0663,0.1959,0.2014,0.2064
2018-11-18,0.0747,0.0785,0.0824,0.2749,0.2832,0.2914,0.0376,0.0407,0.0438,0.0841,0.0884,0.093,0.0406,0.044,0.0471,0.1787,0.1844,0.1896,0.0583,0.0628,0.0672,0.1965,0.2032,0.2103
2018-11-25,0.0741,0.0787,0.0834,0.2771,0.2863,0.2959,0.0366,0.04,0.0437,0.0812,0.0857,0.0907,0.0389,0.0422,0.0459,0.179,0.1852,0.1916,0.0574,0.0622,0.0672,0.1965,0.2043,0.2132
2018-12-02,0.0743,0.0782,0.0827,0.2825,0.29,0.2991,0.0366,0.04,0.0434,0.0785,0.0826,0.0867,0.0378,0.0411,0.0445,0.1797,0.1854,0.1911,0.0585,0.0631,0.068,0.197,0.2048,0.212
2018-12-09,0.0743,0.0781,0.0818,0.286,0.2925,0.2992,0.0371,0.0399,0.043,0.0764,0.0803,0.0838,0.0369,0.0397,0.0427,0.1798,0.1854,0.1904,0.062,0.066,0.0698,0.1978,0.2036,0.2092
2018-12-16,0.0734,0.0778,0.0818,0.2897,0.2984,0.307,0.0363,0.0394,0.043,0.0735,0.0775,0.0816,0.0358,0.0389,0.042,0.1784,0.1841,0.1903,0.0657,0.0703,0.0753,0.1919,0.1987,0.2054
2018-12-23,0.074,0.0788,0.0837,0.2895,0.2996,0.3094,0.036,0.0395,0.0434,0.0713,0.0757,0.0801,0.0353,0.0385,0.0419,0.176,0.1826,0.1891,0.0683,0.0739,0.0799,0.1885,0.1965,0.2045
2018-12-30,0.0744,0.0795,0.0847,0.2916,0.3016,0.3121,0.0353,0.0389,0.043,0.0695,0.0743,0.0788,0.0346,0.038,0.0415,0.1755,0.1826,0.1897,0.0681,0.0744,0.081,0.1874,0.1958,0.2046
2019-01-06,0.075,0.0801,0.085,0.294,0.3038,0.3135,0.0348,0.038,0.0418,0.0684,0.0731,0.0773,0.0339,0.0374,0.0409,0.1765,0.1832,0.19,0.0678,0.0736,0.0795,0.1887,0.1961,0.2038
2019-01-13,0.0774,0.0818,0.0862,0.2936,0.3018,0.3103,0.0342,0.0373,0.0406,0.0688,0.0732,0.0775,0.0334,0.0365,0.04,0.1795,0.1855,0.1915,0.0678,0.0732,0.0783,0.1888,0.1962,0.2028
2019-01-20,0.0827,0.0866,0.0901,0.2852,0.2914,0.2976,0.0347,0.0373,0.0402,0.0709,0.0742,0.0776,0.0332,0.0358,0.0386,0.182,0.1868,0.1915,0.0704,0.0744,0.0784,0.1934,0.1987,0.2048
2019-01-27,0.0847,0.0894,0.0942,0.2784,0.2865,0.2944,0.0343,0.0374,0.0404,0.0714,0.0753,0.0795,0.0323,0.0352,0.0387,0.1792,0.1849,0.1911,0.071,0.0765,0.0821,0.1924,0.1998,0.2068
2019-02-03,0.0866,0.0915,0.0969,0.2741,0.2829,0.2919,0.0347,0.0376,0.0407,0.0717,0.076,0.0804,0.0319,0.0349,0.038,0.1771,0.1834,0.1892,0.072,0.0777,0.0833,0.1935,0.2013,0.2092
2019-02-10,0.089,0.0932,0.098,0.2707,0.2775,0.2841,0.0362,0.0391,0.0421,0.0728,0.0768,0.0806,0.033,0.0356,0.0385,0.174,0.1791,0.1841,0.0787,0.0834,0.088,0.1944,0.2004,0.2061
2019-02-17,0.0897,0.0939,0.0982,0.2689,0.2754,0.2824,0.0358,0.0387,0.0417,0.0738,0.0775,0.0812,0.0321,0.0348,0.0377,0.173,0.1778,0.183,0.0833,0.088,0.0928,0.1927,0.1986,0.2049
2019-02-24,0.089,0.0942,0.0998,0.268,0.2772,0.2857,0.0344,0.0374,0.0405,0.0728,0.0768,0.0809,0.0307,0.0338,0.0367,0.1729,0.1791,0.1853,0.0847,0.0905,0.0972,0.1885,0.1959,0.2038
2019-03-03,0.0904,0.0954,0.1006,0.2649,0.2734,0.2813,0.0341,0.0372,0.0406,0.0736,0.0775,0.0818,0.0303,0.0334,0.0362,0.1726,0.1785,0.1846,0.0868,0.0933,0.0998,0.1894,0.1963,0.2037
2019-03-10,0.0919,0.0961,0.1004,0.2616,0.2685,0.276,0.0344,0.0372,0.0401,0.0764,0.0801,0.0839,0.0301,0.0329,0.0354,0.1735,0.1786,0.1835,0.0891,0.0941,0.099,0.1916,0.1975,0.2036
2019-03-17,0.0898,0.0942,0.099,0.2623,0.2699,0.2778,0.0349,0.0377,0.0404,0.0765,0.0805,0.0846,0.0305,0.0334,0.0362,0.1726,0.1778,0.1833,0.0922,0.0972,0.1025,0.1879,0.1943,0.2006
2019-03-24,0.0878,0.0922,0.0966,0.2629,0.2708,0.2792,0.0363,0.0389,0.042,0.0752,0.0789,0.0832,0.0317,0.0346,0.0377,0.1687,0.1741,0.1795,0.1,0.1069,0.1134,0.1814,0.188,0.1946
2019-03-31,0.0868,0.0913,0.0957,0.2596,0.2671,0.2749,0.0381,0.0409,0.0441,0.0744,0.0782,0.0824,0.0327,0.0357,0.0388,0.1623,0.1675,0.1729,0.111,0.1169,0.1233,0.1802,0.1861,0.1925
2019-04-07,0.0852,0.0895,0.0936,0.2604,0.2666,0.2733,0.0393,0.0423,0.0454,0.0741,0.0782,0.082,0.0327,0.0352,0.0381,0.16,0.1646,0.1695,0.1125,0.1179,0.1241,0.184,0.1899,0.1955
2019-04-14,0.0845,0.0887,0.0934,0.2596,0.2672,0.275,0.0391,0.0426,0.0459,0.0749,0.0788,0.0827,0.0326,0.0354,0.0385,0.1609,0.166,0.1712,0.1101,0.1168,0.1235,0.182,0.1885,0.1948
2019-04-21,0.085,0.0895,0.0946,0.257,0.2657,0.2749,0.0393,0.0429,0.0468,0.0753,0.0796,0.0842,0.033,0.0363,0.0396,0.1608,0.1668,0.1727,0.1081,0.1157,0.1231,0.1805,0.1873,0.1944
2019-04-28,0.0861,0.0907,0.096,0.2533,0.2618,0.2696,0.041,0.0439,0.0474,0.076,0.0804,0.0847,0.0337,0.0372,0.041,0.16,0.165,0.1705,0.1087,0.1157,0.1224,0.1812,0.1891,0.1963
2019-05-05,0.0852,0.09,0.0947,0.2532,0.2613,0.2686,0.0413,0.0445,0.0479,0.0761,0.0804,0.0848,0.0338,0.037,0.0403,0.1577,0.163,0.1683,0.1126,0.119,0.1266,0.1808,0.1882,0.1961
2019-05-12,0.0852,0.0891,0.0933,0.2554,0.2618,0.2681,0.0418,0.0449,0.0479,0.0776,0.081,0.0846,0.0341,0.0369,0.0397,0.1584,0.1632,0.1679,0.1151,0.1209,0.1267,0.1808,0.1862,0.1918
2019-05-19,0.0852,0.0892,0.0935,0.2548,0.2618,0.2685,0.0426,0.0454,0.0483,0.0786,0.0823,0.086,0.0342,0.0369,0.0396,0.1618,0.1668,0.172,0.1098,0.1157,0.1222,0.1801,0.186,0.1913
2019-05-26,0.0851,0.0889,0.0931,0.2551,0.262,0.2689,0.0429,0.0459,0.0492,0.0804,0.0845,0.0889,0.0341,0.0367,0.0395,0.1685,0.1736,0.1787,0.0982,0.1042,0.1098,0.1821,0.1882,0.1941
2019-06-02,0.0825,0.0871,0.092,0.2548,0.2636,0.2717,0.0441,0.0477,0.0512,0.082,0.0862,0.0909,0.034,0.0371,0.0402,0.1748,0.1802,0.1858,0.0859,0.0917,0.0976,0.1839,0.1906,0.1976
2019-06-09,0.0828,0.0867,0.0905,0.2552,0.262,0.2679,0.0451,0.0481,0.0515,0.0844,0.0881,0.0921,0.0346,0.0373,0.0401,0.1791,0.1839,0.1883,0.0852,0.0901,0.0949,0.1829,0.1884,0.1938
2019-06-16,0.082,0.0864,0.0909,0.2538,0.2609,0.2684,0.0455,0.0491,0.0526,0.0847,0.0888,0.0929,0.0348,0.038,0.041,0.1812,0.1867,0.1925,0.0797,0.0849,0.0908,0.1829,0.1894,0.1953
2019-06-23,0.081,0.0859,0.0908,0.2527,0.2615,0.2697,0.0461,0.0499,0.0537,0.0838,0.0886,0.0933,0.0351,0.0386,0.0421,0.1823,0.189,0.1955,0.0734,0.0788,0.0846,0.1848,0.1924,0.2
2019-06-30,0.0804,0.0855,0.0906,0.2524,0.2616,0.2703,0.0458,0.0498,0.0543,0.0826,0.0874,0.0927,0.0354,0.0393,0.043,0.1805,0.1876,0.1939,0.0722,0.0777,0.0841,0.1879,0.1952,0.2031
2019-07-07,0.0791,0.0857,0.0917,0.2496,0.2612,0.2742,0.0445,0.049,0.0542,0.0818,0.0872,0.0928,0.035,0.0393,0.0438,0.1783,0.1875,0.1952,0.072,0.0791,0.0866,0.1857,0.1953,0.2052
2019-07-14,0.0787,0.0857,0.0927,0.2481,0.261,0.2749,0.0433,0.0484,0.0539,0.0809,0.0872,0.0938,0.0346,0.0391,0.0436,0.179,0.1883,0.1971,0.0705,0.0791,0.0881,0.1845,0.1951,0.2066
2019-07-21,0.0794,0.086,0.0926,0.2471,0.2615,0.2763,0.0427,0.0475,0.0527,0.0806,0.0871,0.0939,0.0346,0.0389,0.0436,0.1803,0.1899,0.1994,0.0702,0.0785,0.0877,0.1835,0.195,0.2073
2019-07-28,0.08,0.086,0.0923,0.2485,0.2618,0.2745,0.0421,0.0467,0.0519,0.0807,0.0872,0.0939,0.0342,0.0384,0.0433,0.1828,0.1915,0.2005,0.0698,0.0775,0.0861,0.1842,0.1949,0.2063
2019-08-04,0.0808,0.0862,0.092,0.2515,0.2619,0.2726,0.0421,0.046,0.0504,0.0813,0.0871,0.093,0.0345,0.0382,0.0421,0.186,0.1936,0.2015,0.07,0.0767,0.0832,0.1858,0.1946,0.204
2019-08-11,0.0817,0.0859,0.0905,0.2555,0.2625,0.2697,0.0432,0.0462,0.0494,0.0827,0.0869,0.0913,0.0354,0.0382,0.0413,0.1888,0.1942,0.1997,0.0733,0.0779,0.0827,0.1858,0.1923,0.198
2019-08-18,0.0818,0.086,0.0904,0.2532,0.2607,0.2686,0.0446,0.0479,0.0513,0.0813,0.0855,0.0897,0.0368,0.0398,0.0431,0.1865,0.1925,0.1979,0.072,0.0769,0.0822,0.1885,0.1952,0.2016
2019-08-25,0.0817,0.0865,0.0913,0.2504,0.2578,0.2656,0.0451,0.0486,0.0521,0.0796,0.0839,0.0882,0.0381,0.0413,0.0449,0.1855,0.1912,0.1968,0.0678,0.0727,0.0774,0.196,0.2025,0.2093
2019-09-01,0.0823,0.0867,0.0915,0.2473,0.2549,0.2621,0.045,0.0484,0.052,0.0793,0.0834,0.0879,0.038,0.041,0.0445,0.1862,0.1923,0.1978,0.0654,0.0698,0.0746,0.2005,0.2075,0.2152
2019-09-08,0.082,0.0858,0.09,0.2479,0.2541,0.2605,0.0452,0.0484,0.0514,0.0802,0.0845,0.0882,0.0376,0.0404,0.0434,0.1884,0.1932,0.1986,0.0661,0.07,0.0743,0.2023,0.2083,0.2141
2019-09-15,0.0817,0.0856,0.09,0.2473,0.2543,0.2616,0.0443,0.0475,0.0511,0.0803,0.0843,0.088,0.0368,0.0398,0.043,0.1891,0.1945,0.2005,0.064,0.0684,0.0735,0.2032,0.2099,0.2161
2019-09-22,0.0818,0.0868,0.0918,0.2439,0.2523,0.2606,0.0433,0.0465,0.0498,0.0792,0.0835,0.0877,0.0356,0.0388,0.042,0.1875,0.1934,0.1993,0.0604,0.0646,0.0694,0.2114,0.219,0.2261
2019-09-29,0.0824,0.0871,0.0924,0.2424,0.2511,0.259,0.043,0.0465,0.0503,0.0784,0.0831,0.0874,0.0351,0.0382,0.0416,0.1857,0.1915,0.1974,0.0594,0.0638,0.0687,0.2152,0.2236,0.2313
2019-10-06,0.0819,0.0871,0.0919,0.2426,0.2509,0.2599,0.043,0.0467,0.0506,0.0788,0.0831,0.0875,0.0347,0.0377,0.0411,0.1837,0.1896,0.196,0.0603,0.0653,0.0707,0.2164,0.2242,0.2326
2019-10-13,0.0843,0.088,0.0918,0.2417,0.2475,0.2536,0.0439,0.047,0.0502,0.0802,0.0837,0.0873,0.0347,0.0372,0.0397,0.1817,0.1864,0.1912,0.0621,0.0659,0.0696,0.2234,0.2291,0.2354
2019-10-20,0.0846,0.0887,0.0929,0.2415,0.2485,0.2557,0.0437,0.0467,0.0502,0.0781,0.0821,0.0859,0.0346,0.0373,0.0402,0.1785,0.1836,0.1886,0.064,0.0686,0.0729,0.2219,0.2292,0.2368
2019-10-27,0.0835,0.0891,0.0947,0.242,0.2514,0.2616,0.0425,0.0459,0.0497,0.0759,0.0803,0.0847,0.0339,0.0371,0.0406,0.1771,0.1833,0.1898,0.0648,0.07,0.0763,0.2181,0.2271,0.2365
2019-11-03,0.0849,0.0903,0.096,0.2402,0.2499,0.2591,0.0419,0.0456,0.0496,0.0752,0.08,0.0842,0.0333,0.0365,0.04,0.1755,0.1816,0.1882,0.0664,0.0721,0.0778,0.2204,0.2291,0.2372
2019-11-10,0.0887,0.0931,0.0974,0.2369,0.2428,0.2497,0.0427,0.0457,0.0488,0.0768,0.0804,0.084,0.0331,0.0358,0.0387,0.1729,0.1785,0.1833,0.0698,0.074,0.0783,0.2286,0.2344,0.2407
2019-11-17,0.0862,0.0906,0.0948,0.2383,0.2449,0.2527,0.0423,0.0455,0.0486,0.0771,0.0809,0.0848,0.0322,0.0347,0.0375,0.1726,0.1777,0.1831,0.0657,0.0701,0.0747,0.2334,0.2402,0.2476
2019-11-24,0.0843,0.0889,0.0936,0.2381,0.2465,0.2551,0.0423,0.0455,0.0492,0.0764,0.0811,0.0852,0.0319,0.0348,0.0377,0.1721,0.178,0.1842,0.0601,0.0649,0.0704,0.2366,0.2453,0.2541
2019-12-01,0.0855,0.0902,0.0949,0.2369,0.2446,0.2527,0.042,0.0455,0.0494,0.0765,0.081,0.0852,0.0325,0.0357,0.0389,0.1726,0.1785,0.1847,0.0571,0.0615,0.0666,0.2401,0.2478,0.2569
2019-12-08,0.0885,0.0923,0.0965,0.2363,0.243,0.2495,0.0426,0.0456,0.0487,0.0767,0.0806,0.0845,0.034,0.0367,0.0395,0.1741,0.1789,0.1836,0.0562,0.0598,0.0636,0.2421,0.2486,0.2553
2019-12-15,0.0898,0.0941,0.0989,0.2332,0.2405,0.2477,0.0419,0.0453,0.0487,0.0767,0.081,0.0847,0.0339,0.037,0.0402,0.1731,0.1789,0.1845,0.0552,0.0595,0.064,0.2413,0.2489,0.2569
2019-12-22,0.0895,0.0952,0.1016,0.2296,0.2389,0.2489,0.0406,0.0446,0.0489,0.0768,0.082,0.0874,0.0327,0.0362,0.04,0.1724,0.1794,0.1865,0.0538,0.0596,0.0659,0.2386,0.2492,0.2601
2019-12-29,0.0895,0.0959,0.1024,0.2288,0.2389,0.2501,0.0401,0.0442,0.0482,0.0773,0.0825,0.0885,0.0322,0.0359,0.0396,0.1738,0.1805,0.1879,0.0539,0.0598,0.0661,0.2364,0.2475,0.2588
2020-01-05,0.0907,0.0968,0.1027,0.2304,0.2387,0.2483,0.0399,0.0436,0.0475,0.0786,0.0833,0.0883,0.0321,0.0353,0.0388,0.1754,0.1819,0.1881,0.0546,0.0599,0.0653,0.2372,0.2459,0.2543
2020-01-12,0.0937,0.0988,0.1036,0.2302,0.2373,0.2447,0.0395,0.0429,0.0463,0.0796,0.0838,0.0882,0.0323,0.0356,0.0387,0.1767,0.1826,0.1883,0.0572,0.0614,0.066,0.2354,0.2426,0.2502
2020-01-19,0.0952,0.1001,0.1046,0.2305,0.238,0.2448,0.0387,0.0417,0.0449,0.0797,0.0837,0.0879,0.0323,0.0355,0.0386,0.178,0.183,0.1886,0.0586,0.0629,0.0672,0.2333,0.2404,0.2473
2020-01-26,0.0955,0.1006,0.1057,0.2327,0.2405,0.2483,0.0371,0.0404,0.0435,0.0784,0.0828,0.0871,0.0319,0.0351,0.0381,0.1777,0.1839,0.1896,0.0581,0.0628,0.0673,0.2318,0.2398,0.2474
2020-02-02,0.0973,0.1023,0.107,0.2323,0.2401,0.2482,0.037,0.04,0.0433,0.0773,0.0814,0.0858,0.0327,0.0359,0.0388,0.1784,0.1845,0.1904,0.0566,0.0614,0.0659,0.2321,0.24,0.2481
2020-02-09,0.1023,0.1065,0.1113,0.2283,0.2348,0.2409,0.0375,0.0405,0.0435,0.077,0.0809,0.0843,0.0348,0.0376,0.0406,0.1795,0.1846,0.1897,0.0571,0.0608,0.0648,0.2331,0.2399,0.2457
2020-02-16,0.1034,0.1081,0.1134,0.2254,0.233,0.2397,0.037,0.0402,0.0433,0.0773,0.0813,0.0854,0.0344,0.0376,0.041,0.1801,0.1856,0.1913,0.0579,0.062,0.0665,0.2298,0.2375,0.2448
2020-02-23,0.1017,0.1072,0.1128,0.2278,0.2356,0.2438,0.0356,0.0388,0.0424,0.078,0.0824,0.0869,0.033,0.0359,0.039,0.1815,0.188,0.1949,0.0579,0.0626,0.0678,0.2264,0.2345,0.2426
2020-03-01,0.1017,0.1065,0.112,0.2303,0.2395,0.2475,0.0351,0.0383,0.0414,0.0775,0.0818,0.0863,0.0332,0.0363,0.0395,0.1821,0.1891,0.1951,0.0593,0.0643,0.0698,0.2218,0.2299,0.238
2020-03-08,0.1033,0.1071,0.1125,0.2321,0.2386,0.2457,0.0357,0.0387,0.0417,0.0777,0.0817,0.0856,0.0341,0.0372,0.0401,0.1831,0.1886,0.1939,0.0612,0.0652,0.0697,0.2213,0.2278,0.2343
2020-03-15,0.0995,0.1044,0.1092,0.2402,0.248,0.2554,0.0355,0.0385,0.0415,0.0757,0.0798,0.084,0.0339,0.0369,0.04,0.1845,0.1902,0.1962,0.0598,0.0641,0.0684,0.2161,0.2233,0.2301
2020-03-22,0.0937,0.099,0.1045,0.2533,0.2622,0.2712,0.0347,0.0378,0.0409,0.0735,0.0778,0.0823,0.0324,0.0357,0.0387,0.1867,0.1931,0.1999,0.0573,0.0622,0.0669,0.2101,0.2179,0.2254
2020-03-29,0.0883,0.0934,0.0982,0.2693,0.2784,0.288,0.0334,0.0366,0.0397,0.0716,0.0759,0.0802,0.0308,0.0338,0.037,0.1893,0.1953,0.2019,0.0557,0.0608,0.0659,0.2038,0.2113,0.2192
2020-04-05,0.0853,0.0896,0.0935,0.2899,0.2965,0.3036,0.0319,0.0346,0.0372,0.0683,0.072,0.0756,0.0302,0.033,0.0357,0.1933,0.1985,0.2038,0.0554,0.0589,0.0629,0.1965,0.2028,0.2087
2020-04-12,0.0833,0.0881,0.0927,0.2938,0.3022,0.3111,0.0313,0.0343,0.0373,0.0673,0.0711,0.0748,0.0298,0.0325,0.0353,0.1925,0.1982,0.204,0.0541,0.0583,0.0629,0.194,0.2012,0.2082
2020-04-19,0.0821,0.0869,0.0921,0.2935,0.3023,0.3121,0.032,0.0348,0.038,0.0671,0.0715,0.0758,0.0296,0.0323,0.0354,0.1912,0.1972,0.2034,0.0533,0.0577,0.0622,0.195,0.2027,0.2104
2020-04-26,0.0807,0.0857,0.0908,0.2967,0.3062,0.3165,0.032,0.0349,0.0382,0.0669,0.0714,0.0757,0.0291,0.032,0.0349,0.1915,0.1982,0.2047,0.0529,0.0576,0.0622,0.1913,0.2,0.2081
2020-05-03,0.0795,0.0841,0.0889,0.3051,0.3143,0.3236,0.0313,0.0341,0.0372,0.0667,0.0706,0.0747,0.0283,0.0311,0.0341,0.1948,0.201,0.208,0.053,0.0576,0.0621,0.1857,0.1929,0.2
2020-05-10,0.0806,0.0847,0.0886,0.3072,0.3142,0.3216,0.032,0.0345,0.0374,0.0667,0.0702,0.0734,0.0286,0.0311,0.0338,0.1948,0.2002,0.2054,0.0552,0.0586,0.0626,0.1862,0.1921,0.1979
2020-05-17,0.0811,0.0854,0.0896,0.305,0.3129,0.3206,0.0319,0.0346,0.0373,0.0668,0.0699,0.0734,0.0284,0.0309,0.0336,0.195,0.2008,0.2066,0.0557,0.0599,0.0639,0.1847,0.1915,0.1979
2020-05-24,0.081,0.0861,0.0909,0.3018,0.311,0.3201,0.0312,0.0341,0.0369,0.0664,0.0704,0.0744,0.0276,0.0303,0.0333,0.1972,0.2035,0.2102,0.055,0.0599,0.0648,0.1834,0.1907,0.1983
2020-05-31,0.0832,0.0879,0.0929,0.2952,0.3053,0.3147,0.0308,0.0337,0.0365,0.0675,0.0713,0.0752,0.0273,0.0302,0.0333,0.1984,0.205,0.2115,0.0557,0.0604,0.0652,0.1847,0.1921,0.1999
2020-06-07,0.0859,0.0898,0.0939,0.2954,0.3022,0.309,0.0308,0.0331,0.0359,0.0672,0.0707,0.074,0.0279,0.0306,0.0333,0.1993,0.2042,0.2097,0.0587,0.0625,0.0665,0.1866,0.1927,0.198
2020-06-14,0.0841,0.0885,0.0929,0.2955,0.3032,0.3111,0.0306,0.0332,0.0358,0.0669,0.0708,0.0747,0.028,0.0307,0.0335,0.199,0.2048,0.211,0.0577,0.0619,0.0665,0.186,0.1925,0.1998
2020-06-21,0.0809,0.0869,0.0926,0.2918,0.3028,0.314,0.0302,0.0336,0.0368,0.0672,0.0715,0.076,0.0272,0.0306,0.034,0.2,0.2076,0.2154,0.054,0.0592,0.0644,0.1851,0.1935,0.2026
2020-06-28,0.0799,0.0858,0.0918,0.2874,0.3,0.3133,0.0306,0.0343,0.0383,0.0676,0.0725,0.0775,0.0271,0.0307,0.0343,0.2005,0.2089,0.2174,0.0521,0.0576,0.0638,0.1865,0.1961,0.2062
2020-07-05,0.0793,0.0848,0.0908,0.2859,0.2969,0.3076,0.0313,0.0351,0.039,0.0682,0.0732,0.0785,0.0275,0.0308,0.0343,0.2023,0.2103,0.2182,0.0507,0.0558,0.0615,0.1899,0.1988,0.2082
2020-07-12,0.0787,0.0846,0.0907,0.2818,0.293,0.304,0.0318,0.0354,0.0394,0.0691,0.0741,0.0796,0.0272,0.0307,0.0344,0.204,0.2116,0.2204,0.0495,0.055,0.0606,0.192,0.2014,0.2106
2020-07-19,0.0784,0.0846,0.0911,0.2796,0.2918,0.3045,0.0312,0.0351,0.0391,0.0693,0.0742,0.08,0.0274,0.0309,0.0344,0.2045,0.2132,0.2222,0.0491,0.0549,0.0611,0.191,0.2009,0.2119
2020-07-26,0.0788,0.0846,0.0904,0.2804,0.291,0.3025,0.0309,0.0347,0.0384,0.0693,0.0743,0.0794,0.0274,0.0308,0.0344,0.207,0.2149,0.2234,0.0491,0.0549,0.0605,0.1914,0.2007,0.2101
2020-08-02,0.0788,0.0839,0.0891,0.281,0.29,0.2994,0.0311,0.0344,0.0378,0.0701,0.0748,0.0792,0.0277,0.031,0.0342,0.2084,0.2159,0.2236,0.0495,0.0545,0.0597,0.1931,0.2014,0.2102
2020-08-09,0.0803,0.0853,0.0901,0.2772,0.2866,0.2965,0.0316,0.0346,0.0379,0.0706,0.0747,0.0791,0.0283,0.0314,0.0346,0.2091,0.2161,0.2226,0.0511,0.056,0.0608,0.1932,0.2011,0.2089
2020-08-16,0.0834,0.088,0.0924,0.2739,0.2812,0.2879,0.0323,0.0351,0.038,0.0712,0.0749,0.0787,0.0297,0.0323,0.0353,0.2092,0.2149,0.2206,0.0542,0.0582,0.0624,0.1947,0.2012,0.208
2020-08-23,0.0838,0.088,0.0927,0.272,0.2799,0.288,0.0325,0.0354,0.0384,0.0714,0.0749,0.0789,0.0292,0.0321,0.035,0.2103,0.2158,0.2219,0.053,0.0572,0.0614,0.1958,0.2018,0.2085
2020-08-30,0.0824,0.0871,0.0919,0.2699,0.2785,0.2872,0.0327,0.0358,0.0389,0.0724,0.0762,0.0804,0.0286,0.0314,0.0346,0.2118,0.2177,0.2245,0.0503,0.0548,0.0591,0.1965,0.2044,0.2116
2020-09-06,0.0825,0.0872,0.0922,0.2676,0.2769,0.2868,0.0332,0.0365,0.0399,0.0728,0.0773,0.0819,0.0285,0.0313,0.0345,0.2113,0.2176,0.2252,0.0511,0.0555,0.06,0.1947,0.2031,0.2117
2020-09-13,0.0833,0.0876,0.0922,0.2686,0.2758,0.2836,0.0343,0.0373,0.0402,0.0742,0.078,0.0822,0.0287,0.0314,0.0343,0.2115,0.2172,0.2237,0.0532,0.057,0.0611,0.1941,0.2011,0.208
2020-09-20,0.0833,0.088,0.0923,0.2684,0.276,0.284,0.0351,0.0383,0.0416,0.0739,0.0778,0.0821,0.0287,0.0316,0.0345,0.2109,0.2169,0.2232,0.0534,0.0576,0.062,0.1922,0.199,0.2063
2020-09-27,0.085,0.0904,0.0954,0.2617,0.2718,0.2815,0.0357,0.039,0.0426,0.0742,0.0787,0.0832,0.0286,0.0314,0.0345,0.2095,0.2165,0.2238,0.0534,0.0578,0.0629,0.1916,0.1999,0.2074
2020-10-04,0.0883,0.0931,0.0979,0.2585,0.2679,0.277,0.0359,0.0392,0.0426,0.0746,0.079,0.0835,0.0282,0.031,0.0339,0.2103,0.2165,0.2234,0.0534,0.0579,0.063,0.1934,0.2007,0.2088
2020-10-11,0.0914,0.0956,0.0998,0.2583,0.2652,0.2721,0.0363,0.0391,0.0422,0.075,0.0789,0.0824,0.0276,0.0302,0.0327,0.2115,0.2169,0.2225,0.053,0.0566,0.0608,0.1974,0.2032,0.2094
2020-10-18,0.0924,0.0968,0.1014,0.2573,0.2647,0.272,0.0359,0.0385,0.0414,0.0759,0.0793,0.0831,0.0266,0.0292,0.0319,0.2127,0.2189,0.2248,0.0516,0.0553,0.0595,0.197,0.2033,0.2096
2020-10-25,0.0935,0.0986,0.1034,0.2562,0.2644,0.2722,0.0344,0.0373,0.0404,0.0752,0.0795,0.084,0.0258,0.0284,0.0311,0.2157,0.2223,0.2294,0.0506,0.0547,0.0591,0.1937,0.2008,0.2084
2020-11-01,0.0939,0.0989,0.1041,0.2576,0.2657,0.2734,0.0337,0.0367,0.0396,0.0744,0.0788,0.0832,0.0257,0.0281,0.0307,0.2168,0.2234,0.2302,0.0505,0.0546,0.059,0.1926,0.1995,0.2073
2020-11-08,0.0939,0.098,0.1024,0.2624,0.2688,0.2759,0.0343,0.0369,0.0398,0.074,0.0778,0.0813,0.0259,0.0282,0.0307,0.2171,0.2228,0.2282,0.0503,0.0539,0.0578,0.1938,0.1998,0.2055
2020-11-15,0.0924,0.0969,0.1012,0.2645,0.2721,0.28,0.0338,0.0365,0.0395,0.0737,0.0773,0.0812,0.0254,0.0278,0.0304,0.2175,0.2233,0.2295,0.0492,0.053,0.0568,0.1925,0.199,0.2057
2020-11-22,0.0915,0.0963,0.1009,0.2673,0.2757,0.2836,0.0328,0.0358,0.0387,0.0731,0.0771,0.0812,0.0246,0.0271,0.0298,0.221,0.2271,0.2341,0.048,0.0517,0.056,0.1882,0.1955,0.2024
2020-11-29,0.0922,0.0967,0.1011,0.2699,0.2769,0.2846,0.0325,0.0352,0.0381,0.0729,0.0766,0.0807,0.0243,0.0267,0.0291,0.2248,0.23,0.2359,0.0473,0.0509,0.0546,0.187,0.193,0.1995
2020-12-06,0.0932,0.0977,0.1024,0.2679,0.2757,0.283,0.0325,0.0351,0.0377,0.0728,0.0765,0.0802,0.024,0.0262,0.0289,0.2262,0.2318,0.2374,0.0461,0.05,0.0537,0.1873,0.1937,0.1999
2020-12-13,0.0924,0.0976,0.1031,0.266,0.2748,0.2844,0.032,0.0353,0.0383,0.0722,0.0766,0.0809,0.0236,0.0262,0.029,0.2259,0.2328,0.2397,0.0438,0.048,0.0526,0.1878,0.1951,0.2031
2020-12-20,0.09,0.0962,0.1026,0.2641,0.2756,0.2866,0.0323,0.0354,0.0388,0.0723,0.0774,0.0825,0.0234,0.0261,0.0288,0.2251,0.2327,0.2414,0.0429,0.0474,0.0522,0.1862,0.1955,0.2047
2020-12-27,0.0893,0.0959,0.1026,0.2623,0.2744,0.2873,0.0321,0.0359,0.0394,0.0729,0.0784,0.0838,0.0234,0.0261,0.0291,0.2241,0.2331,0.2414,0.0427,0.0472,0.052,0.1854,0.1954,0.2055
2021-01-03,0.0906,0.097,0.1035,0.261,0.2707,0.2819,0.0327,0.0364,0.0404,0.0749,0.0796,0.0848,0.0235,0.0263,0.0292,0.2253,0.2337,0.2414,0.0426,0.0473,0.0523,0.1863,0.1953,0.2043
2021-01-10,0.0917,0.0973,0.1032,0.2616,0.2704,0.2799,0.0329,0.0361,0.0401,0.0754,0.0802,0.0851,0.0239,0.0264,0.0296,0.2275,0.2348,0.2422,0.0429,0.0471,0.0517,0.1857,0.1939,0.202
2021-01-17,0.092,0.0963,0.1006,0.2678,0.2748,0.2819,0.0327,0.0355,0.0382,0.0757,0.0793,0.0834,0.0241,0.0267,0.0295,0.2312,0.2371,0.2433,0.043,0.0465,0.0502,0.184,0.1904,0.1965
2021-01-24,0.0916,0.096,0.1005,0.2687,0.2765,0.2844,0.0321,0.0349,0.0378,0.0753,0.0792,0.0829,0.0241,0.0265,0.0291,0.232,0.2385,0.2451,0.0425,0.0462,0.0501,0.1823,0.1888,0.1956
2021-01-31,0.0914,0.0962,0.1013,0.2685,0.2758,0.284,0.0319,0.0347,0.0375,0.0753,0.0795,0.0834,0.0237,0.0262,0.0289,0.2327,0.2392,0.2459,0.0422,0.0457,0.0495,0.1827,0.1888,0.1957
2021-02-07,0.0907,0.0949,0.0994,0.2687,0.2761,0.2835,0.0316,0.0342,0.0368,0.0763,0.0802,0.0841,0.0235,0.0259,0.0284,0.2383,0.2444,0.2501,0.0395,0.0427,0.0461,0.1825,0.1886,0.1946
2021-02-14,0.088,0.0925,0.0976,0.2703,0.2776,0.2864,0.0317,0.0346,0.0374,0.0774,0.0815,0.0855,0.0232,0.0258,0.0285,0.2403,0.2463,0.2529,0.0384,0.0419,0.0455,0.1795,0.1865,0.1927
2021-02-21,0.0864,0.0914,0.0966,0.2696,0.2786,0.2877,0.032,0.0351,0.0381,0.0783,0.0828,0.0874,0.0232,0.026,0.0286,0.2395,0.2467,0.2541,0.0388,0.0425,0.0466,0.1764,0.1837,0.1908
2021-02-28,0.0876,0.0926,0.0975,0.2679,0.2761,0.2843,0.0326,0.0354,0.0385,0.0799,0.084,0.0884,0.0237,0.0262,0.029,0.2387,0.2458,0.2529,0.0395,0.0433,0.0474,0.1769,0.1834,0.19
2021-03-07,0.0884,0.0927,0.0968,0.2671,0.274,0.2805,0.0335,0.0364,0.0395,0.0812,0.085,0.0889,0.0239,0.0262,0.0287,0.2383,0.244,0.2502,0.0391,0.042,0.0456,0.1805,0.1863,0.1923
2021-03-14,0.0872,0.0917,0.0962,0.2669,0.2752,0.2832,0.0341,0.0369,0.0401,0.0808,0.0849,0.0892,0.0239,0.0264,0.0291,0.2347,0.2407,0.2473,0.0381,0.0414,0.0448,0.1825,0.1893,0.1966
2021-03-21,0.0858,0.0909,0.0963,0.267,0.2762,0.2868,0.034,0.0371,0.0407,0.0797,0.0844,0.0895,0.0241,0.0268,0.0296,0.231,0.238,0.2458,0.0379,0.0416,0.0457,0.1828,0.1909,0.1992
2021-03-28,0.0842,0.0897,0.0957,0.2676,0.2779,0.2889,0.034,0.0374,0.0412,0.0794,0.0844,0.0894,0.0245,0.0273,0.0301,0.2279,0.2363,0.2441,0.0387,0.0426,0.0472,0.182,0.1907,0.1993
2021-04-04,0.0842,0.0892,0.0946,0.2687,0.278,0.2873,0.0345,0.0376,0.0409,0.0806,0.0853,0.09,0.0248,0.0275,0.0304,0.2271,0.2336,0.2411,0.0399,0.0439,0.0482,0.184,0.1913,0.199
2021-04-11,0.0844,0.0888,0.0935,0.2704,0.2776,0.2853,0.0351,0.0379,0.0409,0.0824,0.0864,0.0906,0.0248,0.0273,0.03,0.2259,0.2316,0.2376,0.0415,0.0451,0.0487,0.1852,0.1915,0.1978
2021-04-18,0.0842,0.0886,0.0933,0.269,0.2767,0.2848,0.0348,0.0378,0.0409,0.0833,0.0876,0.0918,0.0242,0.0268,0.0296,0.2261,0.2319,0.2378,0.0419,0.0459,0.0496,0.1839,0.1912,0.1977
2021-04-25,0.0834,0.0882,0.0934,0.2672,0.2759,0.2846,0.0342,0.0374,0.041,0.084,0.0888,0.0936,0.0237,0.0264,0.0294,0.2256,0.2329,0.2399,0.0426,0.0467,0.0507,0.1829,0.1904,0.1974
2021-05-02,0.0822,0.0869,0.0915,0.2664,0.2745,0.2829,0.0342,0.0372,0.0408,0.0864,0.091,0.0956,0.0233,0.0259,0.0286,0.2261,0.2332,0.2405,0.0428,0.0467,0.0509,0.1828,0.1908,0.1984
2021-05-09,0.0843,0.0885,0.0925,0.2655,0.2724,0.2792,0.0341,0.0368,0.0396,0.0877,0.0914,0.0956,0.023,0.0254,0.0277,0.2276,0.2331,0.239,0.0447,0.0476,0.0511,0.1852,0.1913,0.1968
2021-05-16,0.0859,0.09,0.0945,0.2626,0.2711,0.2782,0.0331,0.036,0.0388,0.0871,0.091,0.0953,0.0224,0.0249,0.0273,0.2272,0.2331,0.2392,0.0443,0.0479,0.0515,0.1865,0.1926,0.1993
2021-05-23,0.086,0.0907,0.0956,0.2624,0.2699,0.2793,0.0326,0.0355,0.039,0.0862,0.091,0.0955,0.022,0.0246,0.0272,0.2259,0.2329,0.2401,0.0444,0.0484,0.0527,0.1858,0.1934,0.2008
2021-05-30,0.0871,0.0919,0.0971,0.2578,0.2665,0.2758,0.0315,0.0348,0.0381,0.0874,0.092,0.0971,0.0215,0.0241,0.027,0.2269,0.2338,0.2409,0.0443,0.0487,0.0534,0.1872,0.1942,0.2015
2021-06-06,0.088,0.0933,0.0986,0.2551,0.2636,0.2734,0.0306,0.0336,0.0369,0.088,0.0929,0.0986,0.0205,0.023,0.0255,0.2279,0.2348,0.2422,0.0442,0.0484,0.0533,0.1885,0.1963,0.2039
2021-06-13,0.0899,0.095,0.0993,0.2539,0.2617,0.2692,0.0294,0.0322,0.035,0.0896,0.0937,0.0987,0.0194,0.0217,0.024,0.23,0.236,0.2425,0.044,0.0478,0.0515,0.1922,0.1989,0.2058
2021-06-20,0.0934,0.0987,0.1036,0.2517,0.2597,0.2678,0.029,0.0319,0.0346,0.0878,0.092,0.0969,0.0195,0.0218,0.0244,0.228,0.2346,0.2411,0.0448,0.0491,0.0534,0.1922,0.1993,0.2065
2021-06-27,0.0974,0.1025,0.1077,0.2515,0.259,0.2675,0.0297,0.0324,0.0353,0.0839,0.0886,0.0932,0.0206,0.0231,0.0258,0.2241,0.2311,0.2378,0.0464,0.051,0.0554,0.1922,0.1989,0.2063
2021-07-04,0.0964,0.1023,0.1079,0.2518,0.2612,0.2706,0.0301,0.0332,0.0366,0.0826,0.0877,0.0929,0.0209,0.0238,0.0271,0.2219,0.2293,0.2366,0.0471,0.0518,0.057,0.1891,0.1974,0.205
2021-07-11,0.0978,0.104,0.1105,0.2482,0.2591,0.2699,0.0303,0.0337,0.0373,0.0816,0.0873,0.093,0.0206,0.0237,0.027,0.2206,0.2289,0.2366,0.0452,0.0504,0.0564,0.1898,0.1997,0.2092
2021-07-18,0.1001,0.1072,0.1142,0.2429,0.255,0.2666,0.0302,0.0339,0.0377,0.081,0.0868,0.0934,0.0204,0.0232,0.0264,0.2204,0.229,0.2371,0.043,0.0484,0.0545,0.1932,0.2037,0.2133
2021-07-25,0.1038,0.1106,0.117,0.2397,0.2502,0.2604,0.0308,0.0342,0.0381,0.0809,0.0865,0.092,0.0202,0.023,0.0259,0.2204,0.2284,0.2363,0.0421,0.0464,0.0516,0.1986,0.2076,0.2169
2021-08-01,0.1023,0.1091,0.1164,0.2421,0.2529,0.2638,0.0311,0.0346,0.0384,0.0803,0.0859,0.0916,0.02,0.0227,0.0256,0.2225,0.2304,0.2392,0.0409,0.0457,0.051,0.1957,0.2052,0.2145
2021-08-08,0.102,0.1073,0.1129,0.2479,0.2568,0.2656,0.0318,0.035,0.0385,0.0805,0.0853,0.09,0.0202,0.0226,0.0253,0.2261,0.233,0.2403,0.0409,0.0449,0.0492,0.1939,0.2021,0.2102
2021-08-15,0.1034,0.1088,0.1141,0.2454,0.2528,0.2603,0.0333,0.0364,0.0396,0.0806,0.085,0.0893,0.0206,0.0231,0.0256,0.2268,0.2327,0.2392,0.0405,0.0441,0.0476,0.1978,0.2042,0.2107
2021-08-22,0.1008,0.1056,0.1115,0.2494,0.2576,0.2661,0.0334,0.0366,0.04,0.0796,0.0846,0.089,0.0206,0.0233,0.0259,0.2266,0.233,0.2399,0.0401,0.0436,0.0472,0.1952,0.2022,0.2103
2021-08-29,0.0956,0.1015,0.1077,0.2559,0.2654,0.276,0.0327,0.0361,0.0397,0.079,0.0837,0.0885,0.0205,0.0232,0.0259,0.226,0.2334,0.2416,0.0394,0.0437,0.0482,0.1911,0.1996,0.2077
2021-09-05,0.0935,0.0986,0.1043,0.2607,0.2699,0.2792,0.0325,0.0357,0.039,0.0791,0.0836,0.0886,0.0207,0.0232,0.0258,0.2261,0.2336,0.241,0.0398,0.0438,0.0481,0.1901,0.1985,0.2061
2021-09-12,0.0952,0.0992,0.1039,0.2602,0.2674,0.2751,0.0331,0.036,0.039,0.0802,0.0842,0.0884,0.0214,0.0238,0.0264,0.2281,0.2338,0.2395,0.0401,0.0436,0.0472,0.1926,0.1988,0.2054
2021-09-19,0.0954,0.0997,0.1047,0.258,0.2663,0.2743,0.0328,0.0358,0.039,0.0791,0.0834,0.088,0.0217,0.0242,0.0268,0.2283,0.2349,0.2413,0.0389,0.0427,0.0463,0.1933,0.1998,0.2071
2021-09-26,0.0936,0.0989,0.1042,0.2594,0.2695,0.2788,0.0319,0.0349,0.0382,0.0773,0.0819,0.0866,0.0215,0.024,0.0269,0.2283,0.2357,0.2432,0.0384,0.0423,0.0465,0.1916,0.1999,0.2083
2021-10-03,0.0921,0.0977,0.1032,0.2643,0.2734,0.282,0.0313,0.0341,0.0373,0.0758,0.0805,0.0849,0.0213,0.0239,0.0268,0.2278,0.2355,0.2431,0.039,0.0429,0.0472,0.1911,0.199,0.2067
2021-10-10,0.0944,0.099,0.1036,0.2644,0.2724,0.2794,0.0313,0.0341,0.037,0.0753,0.0794,0.0837,0.0218,0.0242,0.0266,0.2295,0.2354,0.2417,0.0398,0.0431,0.0469,0.1927,0.1991,0.206
2021-10-17,0.0957,0.1006,0.1053,0.2606,0.2682,0.2757,0.0321,0.0349,0.0382,0.0753,0.0794,0.0834,0.0222,0.0247,0.0274,0.2287,0.2358,0.2417,0.0389,0.0423,0.0459,0.1942,0.2012,0.2075
2021-10-24,0.0956,0.1008,0.1063,0.2602,0.2689,0.2774,0.0319,0.035,0.0386,0.0743,0.0789,0.0833,0.022,0.0249,0.0279,0.2283,0.2356,0.2433,0.0387,0.0426,0.0468,0.1925,0.2001,0.2081
2021-10-31,0.0922,0.0978,0.1046,0.2634,0.2743,0.2846,0.031,0.0344,0.0379,0.074,0.0789,0.0841,0.0216,0.0244,0.0276,0.2285,0.2363,0.2441,0.0388,0.0427,0.0466,0.1894,0.198,0.2068
2021-11-07,0.0887,0.0939,0.1,0.2722,0.2821,0.2917,0.0302,0.0334,0.0369,0.0742,0.0788,0.0835,0.0211,0.0237,0.0265,0.2279,0.2353,0.2434,0.0393,0.0432,0.0473,0.1885,0.1963,0.2042
2021-11-14,0.0876,0.0917,0.0961,0.2809,0.2884,0.2955,0.0297,0.0325,0.0355,0.0742,0.078,0.082,0.0204,0.023,0.0254,0.2264,0.2322,0.2381,0.0402,0.0436,0.0468,0.1914,0.1978,0.2041
2021-11-21,0.0878,0.0926,0.0976,0.2832,0.2908,0.2993,0.0292,0.032,0.0349,0.0725,0.0764,0.0806,0.0206,0.0231,0.0257,0.2231,0.2292,0.2355,0.0414,0.0454,0.049,0.1906,0.1972,0.204
2021-11-28,0.0868,0.0919,0.0974,0.2891,0.2985,0.3093,0.028,0.0311,0.0343,0.0692,0.0736,0.0782,0.0205,0.0234,0.0261,0.2206,0.2274,0.2347,0.0425,0.0467,0.0512,0.1853,0.1939,0.2026
2021-12-05,0.0854,0.0903,0.0954,0.2981,0.3079,0.3176,0.027,0.0299,0.0328,0.067,0.071,0.0748,0.0203,0.0231,0.0256,0.2191,0.2256,0.2324,0.0428,0.0473,0.052,0.1839,0.1922,0.2004
2021-12-12,0.0858,0.0901,0.0944,0.3037,0.3118,0.3196,0.0264,0.0292,0.032,0.0651,0.0688,0.0728,0.0205,0.0231,0.0255,0.2161,0.2218,0.2276,0.0438,0.0473,0.0514,0.1883,0.1951,0.2014
2021-12-19,0.0859,0.0906,0.0961,0.3033,0.3124,0.3212,0.0261,0.0289,0.0317,0.0641,0.0679,0.0717,0.0209,0.0235,0.0262,0.2138,0.2199,0.2262,0.0434,0.0476,0.0521,0.1886,0.1958,0.2036
2021-12-26,0.0857,0.0913,0.0976,0.3018,0.3128,0.325,0.0255,0.0285,0.0316,0.0632,0.0672,0.0715,0.021,0.0238,0.0267,0.2135,0.2209,0.2284,0.0433,0.0479,0.0531,0.1855,0.1941,0.2028
2022-01-02,0.0863,0.0916,0.0974,0.3022,0.3137,0.3247,0.0251,0.0281,0.0316,0.0624,0.0667,0.0715,0.0212,0.0243,0.0274,0.2157,0.2231,0.2311,0.043,0.0478,0.0529,0.1826,0.1912,0.2002
2022-01-09,0.0864,0.0915,0.0969,0.3025,0.3127,0.3234,0.025,0.0279,0.0309,0.0624,0.0668,0.0715,0.0216,0.0244,0.0274,0.2175,0.2251,0.2326,0.0422,0.0466,0.0514,0.1831,0.1918,0.2003
2022-01-16,0.0858,0.0902,0.0946,0.3067,0.3151,0.323,0.0246,0.0273,0.0299,0.0624,0.0664,0.0702,0.0217,0.0242,0.027,0.2213,0.2276,0.2337,0.0412,0.0447,0.0483,0.1851,0.1917,0.1983
2022-01-23,0.0852,0.0895,0.0946,0.3075,0.3155,0.3241,0.0246,0.0273,0.0301,0.0623,0.0662,0.0699,0.0217,0.0243,0.0271,0.2217,0.2284,0.2348,0.0417,0.0454,0.0494,0.183,0.1902,0.197
2022-01-30,0.0844,0.0896,0.095,0.3043,0.3142,0.3246,0.0249,0.0276,0.0307,0.0625,0.0668,0.0709,0.0215,0.0242,0.0271,0.2212,0.2283,0.2354,0.0425,0.0468,0.0515,0.1812,0.1893,0.1975
2022-02-06,0.0862,0.0911,0.0969,0.3013,0.3107,0.3204,0.0248,0.0274,0.0304,0.0627,0.0667,0.0706,0.0209,0.0237,0.0264,0.2208,0.2279,0.2351,0.0431,0.0473,0.052,0.1843,0.1917,0.1994
2022-02-13,0.0879,0.0923,0.0971,0.3,0.3079,0.3153,0.0248,0.0275,0.0302,0.0631,0.0669,0.0706,0.0205,0.0231,0.0255,0.2214,0.2279,0.2336,0.0438,0.0474,0.0511,0.188,0.1946,0.2007
2022-02-20,0.0841,0.0888,0.0936,0.3059,0.3146,0.3235,0.0242,0.0269,0.0299,0.0624,0.0663,0.0704,0.0199,0.0223,0.0247,0.2219,0.2288,0.2347,0.0437,0.0478,0.0522,0.1844,0.1918,0.1991
2022-02-27,0.0792,0.0842,0.0896,0.3146,0.3257,0.3369,0.023,0.0259,0.0288,0.0613,0.0652,0.0698,0.0189,0.0215,0.024,0.2221,0.23,0.2379,0.044,0.0487,0.0538,0.1765,0.1859,0.1951
2022-03-06,0.0766,0.0813,0.0864,0.322,0.3321,0.3426,0.0223,0.0251,0.0281,0.0608,0.065,0.0693,0.0185,0.021,0.0235,0.224,0.2315,0.2393,0.0454,0.0497,0.0545,0.1728,0.1812,0.1891
2022-03-13,0.0756,0.0797,0.0838,0.3259,0.334,0.3423,0.022,0.0245,0.0269,0.0615,0.0652,0.069,0.0179,0.0202,0.0226,0.2272,0.233,0.2387,0.0438,0.0474,0.0513,0.1768,0.1834,0.1902
2022-03-20,0.074,0.0784,0.0829,0.3266,0.3354,0.3444,0.022,0.0245,0.0271,0.0613,0.0651,0.0691,0.0178,0.0202,0.0225,0.2265,0.2328,0.2395,0.0435,0.0476,0.0516,0.1765,0.1836,0.1902
2022-03-27,0.0731,0.0779,0.0827,0.3273,0.3373,0.347,0.022,0.0249,0.0276,0.0606,0.0644,0.0687,0.0182,0.0207,0.0232,0.2257,0.2326,0.2403,0.0446,0.0488,0.0535,0.1732,0.1807,0.1882
2022-04-03,0.0737,0.0784,0.0832,0.327,0.3362,0.3468,0.0225,0.0253,0.0282,0.0602,0.0645,0.0686,0.0187,0.0214,0.0239,0.226,0.2334,0.2405,0.0448,0.0493,0.0539,0.171,0.1789,0.1862
2022-04-10,0.0733,0.0785,0.0835,0.3274,0.3368,0.3477,0.0224,0.025,0.028,0.0601,0.0641,0.0683,0.0192,0.0217,0.0243,0.2257,0.2332,0.2403,0.0448,0.0493,0.0537,0.1708,0.1784,0.1865
2022-04-17,0.0748,0.0787,0.0826,0.3274,0.3348,0.3426,0.0224,0.0249,0.0276,0.0609,0.0645,0.068,0.0196,0.0221,0.0243,0.2281,0.234,0.2393,0.0443,0.0479,0.0516,0.1746,0.1804,0.1868
2022-04-24,0.0751,0.0795,0.0839,0.3219,0.3305,0.3382,0.0229,0.0253,0.0279,0.0604,0.0641,0.0679,0.0212,0.0236,0.0261,0.2283,0.2345,0.2406,0.0452,0.0489,0.0529,0.1743,0.1806,0.1872
2022-05-01,0.0741,0.0787,0.0835,0.322,0.3315,0.341,0.023,0.0256,0.0283,0.0589,0.0628,0.0668,0.023,0.0257,0.0286,0.2262,0.2333,0.2405,0.0465,0.0509,0.0556,0.1712,0.1783,0.186
2022-05-08,0.0737,0.0778,0.0818,0.3262,0.3335,0.3409,0.0231,0.0255,0.0281,0.0576,0.061,0.0645,0.0248,0.0273,0.03,0.2256,0.2317,0.2379,0.0474,0.0511,0.0553,0.1724,0.1784,0.1849
2022-05-15,0.0742,0.0785,0.0828,0.3232,0.3318,0.3405,0.0232,0.026,0.0286,0.0562,0.0596,0.0632,0.0264,0.0291,0.0319,0.2246,0.2315,0.2382,0.048,0.0516,0.056,0.1714,0.1783,0.1855
2022-05-22,0.0745,0.079,0.0838,0.3209,0.3299,0.3385,0.0241,0.027,0.0297,0.0551,0.059,0.0628,0.0279,0.0309,0.0343,0.2232,0.2301,0.2373,0.0495,0.0539,0.0587,0.1689,0.1761,0.1841
2022-05-29,0.0742,0.0791,0.0846,0.3168,0.3278,0.3388,0.0252,0.0282,0.0314,0.0543,0.0585,0.0624,0.0301,0.0336,0.0374,0.2193,0.2269,0.2349,0.0504,0.0555,0.0607,0.1678,0.1761,0.185
2022-06-05,0.073,0.0778,0.0829,0.3196,0.3304,0.3403,0.0262,0.0292,0.0324,0.0534,0.0573,0.0616,0.0326,0.036,0.0397,0.2174,0.2239,0.2318,0.0511,0.056,0.061,0.1669,0.1746,0.1828
2022-06-12,0.0711,0.075,0.0789,0.3309,0.3384,0.3456,0.0269,0.0297,0.0324,0.0524,0.0556,0.0591,0.0348,0.038,0.041,0.2136,0.2192,0.2251,0.0528,0.0568,0.061,0.1665,0.1729,0.179
2022-06-19,0.0719,0.0762,0.0806,0.3248,0.3332,0.3419,0.0281,0.031,0.0339,0.0524,0.0557,0.0594,0.0367,0.0401,0.0438,0.2121,0.2182,0.2244,0.0522,0.0568,0.0612,0.167,0.1741,0.1813
2022-06-26,0.0725,0.0777,0.0831,0.3166,0.3268,0.3377,0.0295,0.0331,0.0366,0.0524,0.0562,0.0601,0.0381,0.0424,0.0469,0.2106,0.2185,0.2263,0.052,0.057,0.0623,0.1647,0.1733,0.1815
2022-07-03,0.0718,0.0777,0.0835,0.3123,0.3249,0.3374,0.0308,0.0348,0.0386,0.052,0.0561,0.0608,0.0395,0.0441,0.0488,0.209,0.2175,0.2263,0.0509,0.0566,0.0626,0.1631,0.1731,0.1831
2022-07-10,0.071,0.0771,0.0836,0.3106,0.3234,0.3369,0.0322,0.036,0.0402,0.0517,0.0561,0.0607,0.0406,0.0454,0.0502,0.2066,0.2155,0.2249,0.0511,0.0566,0.0625,0.1636,0.1744,0.1845
2022-07-17,0.0703,0.0763,0.0831,0.3065,0.3212,0.3355,0.0335,0.0379,0.0426,0.0523,0.0565,0.0611,0.0419,0.0465,0.0515,0.2046,0.2136,0.2239,0.0511,0.0568,0.063,0.1643,0.1752,0.1857
2022-07-24,0.0697,0.0758,0.0823,0.3037,0.3177,0.3318,0.0357,0.0399,0.0451,0.0526,0.0572,0.0617,0.0428,0.0478,0.0531,0.2034,0.2124,0.2222,0.0512,0.0572,0.0633,0.1652,0.176,0.1862
2022-07-31,0.0693,0.0748,0.0803,0.3042,0.3155,0.3276,0.0379,0.0422,0.0465,0.0536,0.0576,0.0618,0.0447,0.0491,0.0535,0.2028,0.2109,0.2191,0.0524,0.0575,0.063,0.1684,0.1768,0.1859
2022-08-07,0.0686,0.0727,0.0771,0.308,0.3172,0.325,0.0401,0.0437,0.0473,0.0543,0.0578,0.0615,0.0459,0.0495,0.0529,0.2032,0.2091,0.2156,0.0525,0.057,0.0615,0.1707,0.1775,0.1845
2022-08-14,0.0703,0.0738,0.0771,0.3112,0.3173,0.3234,0.0409,0.0439,0.047,0.0537,0.0567,0.0595,0.0471,0.0502,0.053,0.2067,0.2116,0.2166,0.0525,0.0564,0.0598,0.1697,0.175,0.1804
2022-08-21,0.0697,0.0724,0.0756,0.309,0.3145,0.3206,0.0443,0.0467,0.0493,0.0561,0.059,0.0617,0.0471,0.0498,0.0526,0.1998,0.2039,0.2081,0.0514,0.054,0.0569,0.1788,0.1839,0.1888
2022-08-28,0.069,0.0717,0.0744,0.3031,0.308,0.3135,0.0437,0.0459,0.0484,0.0582,0.061,0.0637,0.0451,0.0476,0.0501,0.193,0.1971,0.201,0.0503,0.0529,0.0557,0.1958,0.2001,0.2047
2022-09-04,0.0676,0.0701,0.0727,0.2967,0.302,0.3071,0.0461,0.0484,0.0508,0.0639,0.0665,0.0691,0.0452,0.0475,0.0497,0.1907,0.1945,0.1982,0.0527,0.0554,0.0581,0.1957,0.2,0.2045
2022-09-11,0.0675,0.0675,0.0675,0.3033,0.3033,0.3033,0.0508,0.0508,0.0508,0.0671,0.0671,0.0671,0.0461,0.0461,0.0461,0.191,0.191,0.191,0.0534,0.0534,0.0534,0.2054,0.2054,0.2054
2022-09-18,0.0658,0.0684,0.071,0.3003,0.3068,0.313,0.0466,0.0492,0.0516,0.0614,0.0647,0.0681,0.0432,0.0458,0.0484,0.1874,0.1916,0.1955,0.0496,0.052,0.0544,0.2011,0.2064,0.2118
2022-09-25,0.0663,0.0695,0.073,0.3023,0.3103,0.3173,0.0443,0.0475,0.0506,0.0584,0.0623,0.0663,0.0421,0.0454,0.0486,0.1877,0.1928,0.1977,0.0474,0.0506,0.054,0.2001,0.2065,0.2126
2022-10-02,0.0673,0.0708,0.0746,0.306,0.3132,0.3207,0.0422,0.0458,0.0491,0.0563,0.0604,0.0642,0.0415,0.0451,0.0486,0.1893,0.1945,0.1996,0.046,0.0494,0.0529,0.199,0.2056,0.2122
2022-10-09,0.0678,0.0714,0.0751,0.3096,0.3159,0.322,0.041,0.0444,0.0477,0.0556,0.0592,0.0626,0.0416,0.0447,0.0479,0.1904,0.1955,0.2007,0.0453,0.0486,0.052,0.1993,0.2053,0.2108
2022-10-16,0.0685,0.0725,0.0766,0.3078,0.3149,0.3221,0.0405,0.0441,0.0477,0.0563,0.0601,0.0643,0.0413,0.0446,0.0482,0.1897,0.1954,0.2013,0.0457,0.0489,0.0525,0.1976,0.204,0.2102
2022-10-23,0.0693,0.0735,0.0781,0.3094,0.3171,0.3253,0.04,0.0439,0.0475,0.0555,0.06,0.0642,0.0399,0.0437,0.0475,0.1894,0.1956,0.202,0.0453,0.0489,0.0528,0.1949,0.2018,0.2094
2022-10-30,0.0707,0.0752,0.08,0.3125,0.3207,0.3288,0.0397,0.0437,0.0474,0.0546,0.059,0.0633,0.0388,0.0426,0.0465,0.1892,0.1959,0.203,0.0449,0.0484,0.0526,0.1917,0.199,0.2065
2022-11-06,0.0716,0.0762,0.0809,0.3163,0.3241,0.3321,0.0401,0.0439,0.0475,0.054,0.0583,0.0629,0.0379,0.0414,0.0452,0.1897,0.1959,0.2018,0.0443,0.0481,0.0521,0.1899,0.1963,0.2033
2022-11-13,0.0733,0.0775,0.0817,0.3218,0.3284,0.3352,0.0409,0.0448,0.0481,0.054,0.0581,0.062,0.0367,0.0401,0.0432,0.1901,0.1959,0.2015,0.0443,0.0479,0.0517,0.1866,0.1923,0.1983
2022-11-20,0.0728,0.0769,0.0812,0.3263,0.3336,0.3408,0.041,0.0445,0.0482,0.054,0.0577,0.0615,0.0356,0.0388,0.042,0.1876,0.1938,0.1993,0.0434,0.047,0.0505,0.1856,0.1921,0.1985
2022-11-27,0.0714,0.0758,0.0803,0.3306,0.338,0.3461,0.0403,0.0439,0.0476,0.0533,0.0575,0.0617,0.0348,0.0384,0.0418,0.1852,0.1912,0.1971,0.0423,0.0462,0.0499,0.1867,0.1934,0.2003
2022-12-04,0.0707,0.075,0.0797,0.3333,0.3411,0.3491,0.04,0.0435,0.0469,0.0535,0.0576,0.0618,0.0349,0.0385,0.0424,0.1842,0.1898,0.1959,0.0417,0.0455,0.0493,0.1865,0.1931,0.2001
2022-12-11,0.0695,0.0734,0.0779,0.3394,0.3464,0.354,0.0395,0.0428,0.046,0.0537,0.0575,0.0611,0.0343,0.0376,0.0409,0.1812,0.1867,0.1925,0.0411,0.0446,0.048,0.1891,0.1947,0.201
2022-12-18,0.0687,0.0733,0.0775,0.3406,0.3483,0.3568,0.0389,0.0426,0.0463,0.0527,0.0571,0.0615,0.0336,0.037,0.0408,0.1798,0.1861,0.1924,0.0409,0.0444,0.048,0.1881,0.1952,0.2018
2022-12-25,0.069,0.074,0.079,0.3389,0.3491,0.3586,0.0385,0.0424,0.0463,0.0512,0.0561,0.0611,0.0334,0.0372,0.0413,0.1806,0.1874,0.1942,0.0405,0.0442,0.0484,0.1855,0.1936,0.2023
2023-01-01,0.0693,0.0745,0.0796,0.3392,0.35,0.3597,0.0382,0.042,0.0462,0.0508,0.0554,0.0606,0.0332,0.0371,0.0413,0.1813,0.1882,0.195,0.0401,0.0439,0.0484,0.1845,0.1929,0.2015
2023-01-08,0.0699,0.0745,0.0794,0.3428,0.3519,0.3607,0.038,0.0418,0.046,0.0501,0.0544,0.0593,0.033,0.0369,0.0405,0.1817,0.1884,0.1951,0.0399,0.0435,0.0476,0.185,0.1926,0.2002
2023-01-15,0.0698,0.074,0.0782,0.3472,0.3546,0.3616,0.0383,0.0421,0.0458,0.0494,0.0535,0.0573,0.0331,0.0365,0.0397,0.182,0.1879,0.1938,0.0395,0.0431,0.0468,0.1864,0.1928,0.1995
2023-01-22,0.0693,0.0739,0.0783,0.3503,0.3581,0.3663,0.0383,0.042,0.0458,0.0476,0.0517,0.0559,0.0329,0.0362,0.0396,0.1832,0.1891,0.195,0.0388,0.0423,0.0458,0.1846,0.1911,0.1979
2023-01-29,0.0694,0.0743,0.0792,0.3515,0.3602,0.3696,0.0381,0.0417,0.0458,0.0458,0.0503,0.0545,0.0323,0.036,0.0398,0.1848,0.1914,0.1979,0.0379,0.0416,0.0452,0.1819,0.1889,0.1961
2023-02-05,0.0695,0.0741,0.0791,0.352,0.3605,0.3695,0.0378,0.0416,0.0454,0.045,0.049,0.0533,0.0327,0.0362,0.04,0.186,0.1926,0.1994,0.0375,0.0411,0.0452,0.1822,0.1888,0.1964
2023-02-12,0.0697,0.074,0.0784,0.3532,0.3605,0.3679,0.0377,0.0414,0.0451,0.0444,0.048,0.0515,0.033,0.0363,0.04,0.1871,0.1933,0.199,0.0375,0.0409,0.0446,0.1836,0.1898,0.1963
2023-02-19,0.0691,0.0737,0.0783,0.3538,0.3619,0.37,0.0372,0.0409,0.0448,0.0435,0.0469,0.0507,0.0325,0.0362,0.0397,0.1882,0.194,0.2007,0.0369,0.0405,0.0444,0.1836,0.1903,0.197
2023-02-26,0.0691,0.0742,0.079,0.3538,0.3631,0.3721,0.0361,0.0404,0.0444,0.0417,0.0461,0.0504,0.0323,0.0362,0.0403,0.1883,0.1952,0.202,0.0364,0.0401,0.0441,0.1824,0.1898,0.1969
2023-03-05,0.0699,0.075,0.0803,0.3538,0.363,0.3725,0.0356,0.04,0.044,0.0413,0.0455,0.0495,0.0324,0.0363,0.0404,0.1889,0.1958,0.2032,0.0359,0.0398,0.0441,0.1817,0.1894,0.1968
2023-03-12,0.0705,0.0754,0.0806,0.3562,0.3641,0.3719,0.0358,0.0398,0.0437,0.0408,0.0446,0.0485,0.0323,0.0361,0.0401,0.189,0.1956,0.2019,0.0358,0.0395,0.0435,0.1833,0.1896,0.1965
2023-03-19,0.0708,0.0756,0.0803,0.3567,0.3647,0.3734,0.0363,0.0403,0.0444,0.0408,0.0448,0.0486,0.032,0.0356,0.0395,0.1882,0.1954,0.2019,0.0354,0.0393,0.0432,0.182,0.1889,0.1956
2023-03-26,0.07,0.0753,0.0805,0.3562,0.3651,0.3749,0.0361,0.0407,0.0448,0.0407,0.0451,0.0493,0.032,0.0356,0.0397,0.1886,0.1959,0.2036,0.035,0.0389,0.0427,0.1802,0.1879,0.1958
2023-04-02,0.0699,0.0747,0.0802,0.3565,0.366,0.3761,0.0364,0.0406,0.0449,0.0406,0.045,0.0492,0.0317,0.0356,0.0398,0.1884,0.1963,0.2041,0.0342,0.038,0.042,0.1799,0.1879,0.196
2023-04-09,0.0691,0.0741,0.0791,0.3582,0.3673,0.3759,0.0366,0.0407,0.0451,0.0409,0.0449,0.0487,0.0315,0.0352,0.0392,0.1882,0.1959,0.2034,0.0336,0.0375,0.0415,0.1815,0.189,0.1962
2023-04-16,0.0697,0.0749,0.0803,0.3578,0.3667,0.3751,0.0367,0.0408,0.0452,0.0411,0.0451,0.0493,0.0313,0.0353,0.0393,0.1886,0.1958,0.2033,0.0336,0.0374,0.0412,0.1805,0.1882,0.1959
2023-04-23,0.0714,0.0766,0.0818,0.3566,0.3656,0.3745,0.0366,0.041,0.0454,0.0411,0.0453,0.0499,0.031,0.0351,0.039,0.1887,0.1959,0.2035,0.0335,0.0376,0.0416,0.1798,0.1874,0.1953
2023-04-30,0.0717,0.0774,0.0829,0.3554,0.3658,0.3757,0.0365,0.0411,0.0457,0.0405,0.0452,0.0497,0.0301,0.0341,0.0383,0.1875,0.195,0.203,0.0337,0.0379,0.042,0.1802,0.1881,0.1962
2023-05-07,0.0729,0.078,0.0831,0.3559,0.365,0.373,0.0363,0.041,0.0456,0.0409,0.0452,0.0492,0.0296,0.0333,0.0374,0.1866,0.1938,0.2012,0.0341,0.0381,0.042,0.1832,0.1901,0.1978
2023-05-14,0.0725,0.0779,0.0833,0.3551,0.3636,0.373,0.0361,0.0408,0.0452,0.0412,0.0455,0.0498,0.0296,0.0334,0.0376,0.1852,0.1927,0.2002,0.0339,0.038,0.042,0.1847,0.1925,0.1997
2023-05-21,0.0722,0.0777,0.0837,0.3516,0.3619,0.3717,0.0355,0.0404,0.0451,0.0411,0.0461,0.0506,0.03,0.0343,0.0387,0.1845,0.1927,0.2008,0.0337,0.0378,0.0418,0.1855,0.1934,0.2015
2023-05-28,0.0717,0.0777,0.0833,0.35,0.3599,0.3691,0.0354,0.0401,0.0447,0.0421,0.0465,0.0511,0.0312,0.0355,0.0399,0.1864,0.1944,0.2025,0.0331,0.0373,0.0417,0.185,0.193,0.2016
2023-06-04,0.072,0.0778,0.0838,0.3489,0.359,0.3684,0.0353,0.0401,0.0448,0.0426,0.0469,0.0513,0.0318,0.036,0.041,0.1874,0.1957,0.2044,0.033,0.037,0.0413,0.1831,0.191,0.1989
2023-06-11,0.0723,0.0782,0.084,0.3493,0.36,0.3696,0.0353,0.0401,0.0449,0.0429,0.0475,0.0523,0.0313,0.036,0.0409,0.1871,0.1959,0.2045,0.0331,0.037,0.0414,0.1808,0.189,0.1973
2023-06-18,0.0723,0.0781,0.0844,0.3508,0.3611,0.3705,0.0349,0.04,0.0448,0.0432,0.0477,0.0524,0.0312,0.0358,0.0402,0.1862,0.1953,0.2037,0.0325,0.0369,0.0413,0.181,0.189,0.1974
2023-06-25,0.0722,0.0779,0.0844,0.3505,0.3615,0.3721,0.0353,0.0405,0.0455,0.0428,0.0477,0.0528,0.0305,0.035,0.0396,0.185,0.1942,0.203,0.0328,0.0368,0.0415,0.182,0.1899,0.1988
2023-07-02,0.0714,0.0773,0.0838,0.3521,0.3631,0.3744,0.0357,0.0409,0.0463,0.0421,0.0471,0.0524,0.0298,0.034,0.0391,0.1838,0.193,0.2024,0.0322,0.0365,0.041,0.1825,0.1911,0.2004
2023-07-09,0.0705,0.0768,0.0833,0.3542,0.3661,0.376,0.0358,0.041,0.0462,0.0417,0.0467,0.0518,0.0291,0.0337,0.0382,0.1835,0.1924,0.2017,0.0316,0.0358,0.0404,0.1833,0.1914,0.2008
2023-07-16,0.07,0.0765,0.083,0.3552,0.3672,0.3782,0.0359,0.0412,0.0467,0.0412,0.0463,0.0512,0.0287,0.0334,0.038,0.1827,0.1923,0.2015,0.031,0.0352,0.0399,0.1825,0.1912,0.2011
2023-07-23,0.0699,0.0762,0.0827,0.3578,0.3688,0.38,0.0363,0.0415,0.0471,0.0411,0.0459,0.051,0.0285,0.0334,0.0381,0.1824,0.192,0.2013,0.0301,0.0346,0.0392,0.1821,0.1908,0.1997
2023-07-30,0.0699,0.0766,0.083,0.359,0.3696,0.3809,0.0364,0.0421,0.0473,0.0409,0.046,0.0509,0.0285,0.033,0.038,0.1822,0.1918,0.2008,0.0302,0.0346,0.039,0.1805,0.1897,0.1984
2023-08-06,0.0707,0.0772,0.084,0.3586,0.3704,0.3823,0.0374,0.0431,0.0484,0.0408,0.0459,0.0512,0.0274,0.0323,0.0377,0.1804,0.1909,0.2003,0.0303,0.0349,0.0393,0.1791,0.1886,0.1975
2023-08-13,0.0712,0.0778,0.0847,0.3607,0.3716,0.3826,0.0386,0.0442,0.05,0.0408,0.046,0.0511,0.0271,0.0316,0.0364,0.1802,0.1902,0.2001,0.0303,0.035,0.0396,0.1779,0.187,0.1959
2023-08-20,0.0705,0.0772,0.0837,0.3598,0.3702,0.3808,0.039,0.0446,0.0504,0.0412,0.046,0.0511,0.0271,0.0317,0.0364,0.1796,0.1894,0.1987,0.0303,0.035,0.0396,0.18,0.1892,0.1976
2023-08-27,0.0696,0.0763,0.0821,0.3601,0.3709,0.3814,0.0386,0.0441,0.0498,0.0402,0.0448,0.0495,0.027,0.0317,0.0365,0.1789,0.1885,0.1976,0.0296,0.0342,0.0391,0.1849,0.1936,0.2019
2023-09-03,0.0695,0.0762,0.0824,0.3605,0.3716,0.3823,0.038,0.0438,0.0497,0.0388,0.0436,0.0483,0.0267,0.0314,0.0363,0.1772,0.1869,0.1968,0.0287,0.0336,0.0384,0.1875,0.1965,0.2058
2023-09-10,0.0703,0.0768,0.0832,0.3589,0.3704,0.3815,0.039,0.0447,0.0507,0.0389,0.0437,0.0486,0.0265,0.0311,0.0365,0.1756,0.1848,0.1949,0.0289,0.0337,0.0384,0.1883,0.1977,0.2073
2023-09-17,0.0703,0.0768,0.0832,0.3574,0.3682,0.3795,0.0396,0.0454,0.0512,0.0392,0.0443,0.049,0.0264,0.0312,0.0366,0.1726,0.1823,0.1925,0.0288,0.0337,0.0386,0.1924,0.2012,0.211
2023-09-24,0.0695,0.0765,0.0826,0.356,0.3676,0.3782,0.0396,0.0452,0.0511,0.0391,0.0443,0.0495,0.0263,0.0311,0.0361,0.1703,0.1799,0.1892,0.0286,0.0336,0.0386,0.1969,0.2056,0.2152
2023-10-01,0.0689,0.0761,0.0827,0.3562,0.367,0.3773,0.039,0.0446,0.0506,0.0387,0.044,0.049,0.0259,0.0308,0.036,0.1687,0.1784,0.1883,0.0281,0.0334,0.0384,0.1992,0.2089,0.2182
2023-10-08,0.0687,0.0759,0.0822,0.3538,0.3654,0.3767,0.0388,0.0447,0.0507,0.0391,0.0443,0.0495,0.0259,0.0309,0.0362,0.1671,0.1774,0.1872,0.0282,0.0333,0.0383,0.2021,0.212,0.2218
2023-10-15,0.0684,0.0755,0.0816,0.3537,0.3658,0.3774,0.0385,0.0445,0.0508,0.0384,0.0434,0.0485,0.0252,0.0303,0.0355,0.1655,0.1757,0.1862,0.0282,0.0332,0.038,0.2056,0.2155,0.2252
2023-10-22,0.0686,0.0754,0.0814,0.3561,0.3674,0.3784,0.0385,0.0443,0.0503,0.0368,0.0421,0.0471,0.0245,0.0296,0.0349,0.1648,0.1747,0.1849,0.0279,0.0329,0.0381,0.2082,0.2179,0.2274
2023-10-29,0.0682,0.0754,0.0818,0.3567,0.3685,0.3806,0.0376,0.0436,0.0497,0.0365,0.0413,0.0466,0.0241,0.0292,0.0345,0.1641,0.1741,0.1848,0.0276,0.0327,0.0378,0.2096,0.2191,0.2286
2023-11-05,0.0685,0.0755,0.0824,0.3552,0.3686,0.3804,0.0369,0.0432,0.0495,0.0362,0.0414,0.0466,0.0241,0.0293,0.0347,0.1627,0.1734,0.1841,0.0278,0.0329,0.0381,0.2102,0.2201,0.2304
2023-11-12,0.0682,0.0751,0.0821,0.3544,0.367,0.3791,0.0372,0.0432,0.0496,0.036,0.0416,0.0466,0.0243,0.0296,0.0352,0.1614,0.1722,0.1833,0.0278,0.033,0.0384,0.2125,0.2222,0.2327
2023-11-19,0.0679,0.0754,0.0827,0.3523,0.3646,0.3772,0.0374,0.0436,0.0499,0.0361,0.0419,0.0471,0.0246,0.0301,0.0358,0.1604,0.1716,0.1827,0.0282,0.0332,0.0383,0.2136,0.2235,0.2337
2023-11-26,0.0681,0.0751,0.0827,0.3494,0.3619,0.3744,0.0375,0.0439,0.0503,0.0367,0.0424,0.0476,0.0249,0.0304,0.0365,0.1602,0.171,0.1817,0.0286,0.0337,0.0393,0.2149,0.2252,0.236
2023-12-03,0.0678,0.0752,0.0825,0.3457,0.3587,0.3707,0.0374,0.0442,0.0502,0.0373,0.043,0.0482,0.0253,0.0309,0.0363,0.16,0.1704,0.182,0.0288,0.0339,0.0393,0.2175,0.228,0.2378
2023-12-10,0.0671,0.075,0.0823,0.344,0.3567,0.3692,0.0373,0.0439,0.0503,0.0376,0.0434,0.0486,0.0255,0.031,0.0371,0.1588,0.1696,0.1811,0.0288,0.034,0.0394,0.2204,0.2307,0.2401
2023-12-17,0.0665,0.0745,0.0821,0.343,0.3565,0.3697,0.0374,0.0439,0.0511,0.0374,0.0431,0.0484,0.0259,0.0311,0.0372,0.1588,0.17,0.182,0.0284,0.0338,0.0394,0.221,0.2317,0.2424
2023-12-24,0.0657,0.0739,0.082,0.3432,0.3566,0.3701,0.0371,0.0441,0.051,0.0369,0.0427,0.0484,0.0257,0.0312,0.0373,0.1603,0.1718,0.183,0.0281,0.0338,0.0395,0.219,0.2301,0.2411
2023-12-31,0.0659,0.0737,0.0813,0.3417,0.3552,0.3687,0.0374,0.0441,0.0508,0.0375,0.043,0.0485,0.0262,0.0318,0.0379,0.1622,0.1731,0.1846,0.0287,0.0341,0.0396,0.2185,0.2289,0.2399
2024-01-07,0.0665,0.0743,0.0817,0.3396,0.3535,0.3661,0.0371,0.0443,0.0509,0.0384,0.0436,0.0496,0.0267,0.0323,0.0388,0.1637,0.1751,0.1868,0.0287,0.0348,0.0401,0.2153,0.2263,0.2365
2024-01-14,0.0684,0.0762,0.0842,0.3359,0.3505,0.3635,0.0373,0.0443,0.0513,0.0387,0.0449,0.0508,0.0273,0.0332,0.0395,0.1653,0.177,0.189,0.0295,0.0352,0.0414,0.2111,0.2225,0.2339
2024-01-21,0.0694,0.0774,0.0852,0.333,0.3487,0.361,0.0373,0.0442,0.0516,0.0397,0.0457,0.0514,0.0276,0.0337,0.0407,0.1669,0.1789,0.1911,0.0297,0.0356,0.0416,0.2083,0.2199,0.2301
2024-01-28,0.0702,0.078,0.0859,0.3337,0.3483,0.3607,0.0373,0.0438,0.0511,0.04,0.0456,0.0511,0.0279,0.034,0.0407,0.1683,0.1805,0.1928,0.0296,0.0355,0.0415,0.2072,0.218,0.2283
2024-02-04,0.0691,0.0773,0.0852,0.3374,0.3525,0.3649,0.0363,0.0434,0.0505,0.0382,0.0439,0.0493,0.0272,0.0334,0.0401,0.1701,0.1821,0.1947,0.0285,0.0344,0.04,0.2061,0.2167,0.228
2024-02-11,0.0695,0.0776,0.0859,0.3376,0.3524,0.3653,0.0364,0.0437,0.0511,0.0378,0.0434,0.049,0.0269,0.0329,0.0396,0.1723,0.1845,0.1977,0.0285,0.0343,0.0405,0.2021,0.2141,0.2254
2024-02-18,0.0709,0.0791,0.0871,0.334,0.3478,0.3616,0.0375,0.0447,0.0519,0.0387,0.0446,0.0506,0.0272,0.0336,0.0403,0.1743,0.1869,0.1995,0.0292,0.035,0.0409,0.1998,0.2115,0.223
2024-02-25,0.0708,0.0794,0.0878,0.3305,0.3444,0.3591,0.0375,0.0452,0.0526,0.0393,0.0452,0.0515,0.0281,0.0341,0.0405,0.1753,0.1883,0.202,0.0292,0.0352,0.0414,0.1996,0.2111,0.2222
2024-03-03,0.0714,0.0799,0.0883,0.3282,0.3428,0.3576,0.038,0.0453,0.0524,0.0395,0.0455,0.0518,0.0287,0.0347,0.0415,0.1776,0.1901,0.2032,0.0289,0.0349,0.0413,0.1973,0.2098,0.2207
2024-03-10,0.0712,0.0795,0.0885,0.3287,0.3426,0.3575,0.038,0.0454,0.0527,0.04,0.0456,0.0522,0.0295,0.0354,0.0427,0.1784,0.1913,0.2046,0.0279,0.0344,0.0409,0.1959,0.2082,0.219
2024-03-17,0.0708,0.0797,0.0883,0.3295,0.344,0.358,0.0378,0.0452,0.0526,0.0387,0.0449,0.0515,0.0297,0.0359,0.0432,0.1805,0.1936,0.207,0.0273,0.0335,0.0399,0.1943,0.2066,0.2171
2024-03-24,0.0701,0.0793,0.0883,0.3292,0.3444,0.3582,0.0378,0.0452,0.0531,0.0378,0.0441,0.0507,0.0296,0.0357,0.0431,0.1818,0.1954,0.2091,0.027,0.0332,0.0399,0.1936,0.2054,0.2172
2024-03-31,0.0697,0.0789,0.0877,0.3286,0.3432,0.3575,0.0385,0.0459,0.0535,0.0382,0.0442,0.0507,0.0293,0.0356,0.043,0.1829,0.1968,0.2101,0.0273,0.0336,0.0399,0.1931,0.2053,0.2167
2024-04-07,0.0697,0.0789,0.0876,0.3247,0.3404,0.3545,0.04,0.0474,0.0549,0.0387,0.0449,0.0514,0.0287,0.0352,0.0428,0.1815,0.196,0.2094,0.0278,0.0343,0.0406,0.1939,0.2059,0.2179
2024-04-14,0.0694,0.079,0.0881,0.3202,0.3364,0.3513,0.0417,0.0497,0.0574,0.0395,0.0459,0.0526,0.0286,0.0351,0.0424,0.1804,0.194,0.2078,0.029,0.0353,0.0416,0.1946,0.2076,0.2198
2024-04-21,0.0692,0.0789,0.0877,0.3191,0.3346,0.349,0.0431,0.0509,0.0588,0.0399,0.0467,0.0533,0.0285,0.035,0.0419,0.1785,0.1926,0.207,0.0288,0.0358,0.0422,0.1964,0.2089,0.2209
2024-04-28,0.0686,0.0788,0.0876,0.3196,0.3356,0.3501,0.0431,0.0512,0.0589,0.0395,0.0461,0.0527,0.0283,0.0347,0.0418,0.1777,0.1917,0.2058,0.0284,0.0355,0.042,0.197,0.2093,0.2218
2024-05-05,0.0694,0.0793,0.0879,0.3215,0.3361,0.3508,0.0438,0.0517,0.0596,0.0391,0.0457,0.0526,0.0273,0.0338,0.0414,0.1765,0.1909,0.2055,0.0286,0.0353,0.0417,0.1978,0.2099,0.2226
2024-05-12,0.0711,0.0807,0.0899,0.3168,0.3336,0.3483,0.0454,0.0533,0.062,0.0397,0.0464,0.0531,0.0273,0.0337,0.0413,0.1765,0.1906,0.2051,0.0294,0.0362,0.043,0.1966,0.2085,0.2208
2024-05-19,0.0721,0.0822,0.0917,0.3126,0.3298,0.3451,0.0464,0.0547,0.0629,0.0406,0.0475,0.0544,0.0274,0.0341,0.0415,0.1765,0.1905,0.2055,0.0303,0.037,0.0437,0.1942,0.207,0.2199
2024-05-26,0.0733,0.0835,0.0935,0.3107,0.3273,0.3428,0.0464,0.0555,0.0641,0.0409,0.0485,0.055,0.0272,0.0342,0.0422,0.1748,0.1899,0.2052,0.0304,0.0374,0.0444,0.1936,0.2065,0.2193
2024-06-02,0.075,0.0852,0.0953,0.3082,0.3245,0.3401,0.0473,0.0565,0.0652,0.0423,0.0497,0.0566,0.0273,0.0343,0.042,0.1749,0.1897,0.2044,0.0313,0.0383,0.045,0.1918,0.2049,0.2166
2024-06-09,0.0767,0.0871,0.0967,0.3049,0.3208,0.3364,0.0492,0.0581,0.0671,0.0443,0.0514,0.0582,0.0275,0.0344,0.0424,0.1751,0.1893,0.2041,0.0322,0.0395,0.0465,0.1897,0.2019,0.214
2024-06-16,0.0781,0.0884,0.098,0.2977,0.3143,0.329,0.052,0.0612,0.0702,0.0467,0.054,0.0612,0.0283,0.0353,0.0435,0.1749,0.1892,0.2041,0.0333,0.0407,0.0477,0.187,0.1997,0.2116
2024-06-23,0.0777,0.0886,0.0992,0.2946,0.3116,0.3284,0.0529,0.0624,0.0719,0.0475,0.0547,0.0624,0.0281,0.0358,0.0444,0.1748,0.1898,0.205,0.0329,0.0407,0.048,0.1839,0.1984,0.2115
2024-06-30,0.0767,0.088,0.0996,0.2949,0.3127,0.3317,0.0523,0.0624,0.0726,0.0456,0.0542,0.0624,0.0281,0.0357,0.0442,0.1752,0.1903,0.2064,0.032,0.0402,0.0479,0.1839,0.1977,0.2121
2024-07-07,0.0755,0.0869,0.0983,0.2952,0.3151,0.3344,0.0517,0.0621,0.0718,0.0449,0.0534,0.0619,0.0275,0.0354,0.044,0.1746,0.1915,0.2071,0.0314,0.0395,0.0473,0.1836,0.1979,0.2132
2024-07-14,0.0749,0.086,0.0974,0.2978,0.3174,0.3371,0.0511,0.0617,0.0718,0.0442,0.0528,0.0614,0.0273,0.0351,0.0442,0.1756,0.1919,0.2077,0.0309,0.0388,0.0467,0.1823,0.1983,0.2138
2024-07-21,0.0741,0.0852,0.0961,0.3009,0.3198,0.34,0.0504,0.0609,0.0712,0.0437,0.0518,0.0604,0.0269,0.0348,0.0434,0.1762,0.1926,0.2082,0.03,0.0382,0.0457,0.183,0.1985,0.213
2024-07-28,0.073,0.0842,0.0957,0.3034,0.3223,0.34,0.0505,0.0603,0.0704,0.0429,0.0511,0.0596,0.027,0.0346,0.0433,0.1768,0.1932,0.2093,0.0295,0.0375,0.0449,0.1828,0.1983,0.2131
2024-08-04,0.0726,0.0836,0.0933,0.3073,0.3249,0.3417,0.0505,0.0599,0.07,0.0422,0.0503,0.0581,0.027,0.0342,0.0427,0.1774,0.1939,0.2093,0.029,0.0369,0.0442,0.1845,0.1989,0.2123
2024-08-11,0.072,0.0832,0.0926,0.3094,0.3268,0.3438,0.0505,0.0596,0.0699,0.0418,0.0494,0.057,0.0264,0.0339,0.0426,0.1782,0.1942,0.2102,0.0287,0.0363,0.0434,0.1848,0.1987,0.2123
2024-08-18,0.0722,0.0834,0.093,0.3093,0.3269,0.3437,0.0501,0.0597,0.0691,0.0412,0.0491,0.0567,0.0269,0.0345,0.0434,0.1778,0.1948,0.2111,0.0284,0.0358,0.043,0.1833,0.1978,0.2117
2024-08-25,0.0721,0.0832,0.0936,0.3086,0.3265,0.3435,0.0503,0.0598,0.0693,0.0413,0.0493,0.0566,0.0276,0.0352,0.0443,0.1789,0.1952,0.212,0.0278,0.0355,0.0429,0.1824,0.1971,0.2109
2024-09-01,0.0722,0.0831,0.0937,0.3077,0.3267,0.3438,0.0505,0.0594,0.0697,0.0412,0.0489,0.0569,0.0279,0.0354,0.0446,0.1787,0.196,0.2127,0.0273,0.0353,0.0428,0.1822,0.197,0.2114
2024-09-08,0.0716,0.0823,0.0929,0.3071,0.3247,0.342,0.0502,0.0597,0.0699,0.0419,0.0497,0.0576,0.0281,0.0356,0.0447,0.179,0.1949,0.212,0.0283,0.0359,0.0433,0.1844,0.1986,0.2119
2024-09-15,0.0702,0.0815,0.0921,0.3052,0.3234,0.3415,0.0503,0.0601,0.0697,0.0421,0.0502,0.0585,0.0282,0.0357,0.0446,0.1781,0.1942,0.2115,0.0288,0.0367,0.0445,0.1858,0.1994,0.2138
2024-09-22,0.0699,0.0815,0.0919,0.3056,0.3238,0.3419,0.0492,0.0594,0.0692,0.0424,0.0505,0.0583,0.0278,0.0355,0.0447,0.1777,0.1944,0.2124,0.0286,0.0371,0.0446,0.1842,0.1992,0.2135
2024-09-29,0.0699,0.0812,0.0923,0.3058,0.3251,0.3424,0.0492,0.0587,0.0692,0.0431,0.0502,0.0586,0.0274,0.0354,0.0445,0.1776,0.1946,0.2124,0.0294,0.0375,0.0453,0.1843,0.1991,0.2142
2024-10-06,0.0692,0.0807,0.0916,0.3051,0.3245,0.3427,0.0495,0.059,0.0698,0.0432,0.0506,0.059,0.0272,0.0354,0.0445,0.1764,0.1933,0.2114,0.03,0.038,0.0458,0.1856,0.2002,0.2141
2024-10-13,0.0664,0.0788,0.0894,0.3055,0.325,0.3424,0.0499,0.0595,0.0697,0.0433,0.0512,0.0592,0.0275,0.0357,0.0444,0.1758,0.1923,0.211,0.0302,0.0381,0.046,0.1861,0.2015,0.2163
2024-10-20,0.0654,0.0777,0.089,0.3062,0.3262,0.3442,0.0493,0.0595,0.0704,0.0425,0.0505,0.0587,0.0271,0.0355,0.0443,0.1746,0.192,0.2104,0.0296,0.0379,0.0462,0.1862,0.2026,0.218
2024-10-27,0.0656,0.0777,0.0886,0.3083,0.3284,0.3469,0.0487,0.0594,0.0699,0.0421,0.0499,0.0578,0.0271,0.0349,0.044,0.1749,0.1925,0.212,0.0291,0.0375,0.0456,0.1854,0.2015,0.2167
2024-11-03,0.0653,0.0773,0.0883,0.3111,0.3309,0.3495,0.0487,0.0589,0.0696,0.0409,0.049,0.0567,0.0267,0.0345,0.0435,0.1762,0.1932,0.2125,0.0287,0.0371,0.045,0.1854,0.2008,0.2168
2024-11-10,0.0655,0.0768,0.0884,0.3116,0.3309,0.349,0.0476,0.0581,0.0684,0.0412,0.0487,0.0568,0.0269,0.035,0.0443,0.176,0.1935,0.2131,0.0283,0.0366,0.0447,0.1873,0.2018,0.2172
2024-11-17,0.0651,0.0767,0.0883,0.308,0.3282,0.347,0.0476,0.0584,0.0689,0.0413,0.0489,0.0569,0.0275,0.0358,0.045,0.1765,0.1937,0.2134,0.028,0.0365,0.0448,0.1869,0.2031,0.2187
2024-11-24,0.0653,0.0766,0.0883,0.3064,0.3275,0.3475,0.0492,0.06,0.0709,0.0411,0.0491,0.0574,0.0271,0.0355,0.0449,0.1759,0.1941,0.2134,0.0278,0.0366,0.045,0.1864,0.2023,0.2179
2024-12-01,0.0647,0.0765,0.0882,0.307,0.3274,0.3466,0.0505,0.0609,0.0723,0.0414,0.0495,0.058,0.0264,0.0348,0.0443,0.1743,0.1925,0.2109,0.028,0.037,0.0451,0.187,0.2029,0.2189
2024-12-08,0.0641,0.0757,0.0873,0.3058,0.3274,0.3458,0.0504,0.0609,0.0718,0.0413,0.0501,0.0578,0.0262,0.0345,0.0438,0.1736,0.1913,0.2097,0.0281,0.0368,0.0454,0.1905,0.205,0.2202
2024-12-15,0.0626,0.0747,0.0863,0.3057,0.3272,0.3461,0.0501,0.0604,0.0715,0.042,0.0504,0.0585,0.0261,0.034,0.0437,0.1722,0.1902,0.2094,0.0282,0.0371,0.0452,0.1921,0.2076,0.2239
2024-12-22,0.062,0.0742,0.0863,0.3062,0.3277,0.3476,0.0496,0.0603,0.0718,0.0418,0.0502,0.0587,0.0253,0.0338,0.0434,0.1717,0.1898,0.2095,0.0283,0.037,0.0455,0.1928,0.2092,0.2258
2024-12-29,0.0612,0.0735,0.086,0.3087,0.3296,0.3491,0.0491,0.0599,0.0711,0.0405,0.0492,0.0579,0.0245,0.0332,0.0427,0.1716,0.1901,0.2098,0.028,0.0367,0.0453,0.1928,0.2095,0.2258
2025-01-05,0.061,0.0736,0.086,0.3092,0.3315,0.3514,0.0489,0.0595,0.0706,0.04,0.0485,0.0573,0.024,0.0326,0.042,0.1717,0.1902,0.2104,0.028,0.0365,0.0455,0.1925,0.2091,0.2252
2025-01-12,0.0606,0.0737,0.0862,0.3121,0.3332,0.3527,0.0479,0.0591,0.0707,0.0391,0.0478,0.0563,0.0233,0.0319,0.0415,0.1717,0.1908,0.2102,0.0277,0.0361,0.0447,0.1916,0.2085,0.2244
2025-01-19,0.0608,0.074,0.0866,0.3126,0.3352,0.3556,0.0479,0.059,0.0702,0.0386,0.0467,0.0558,0.0228,0.0315,0.0416,0.1723,0.1914,0.2111,0.027,0.0357,0.0444,0.1911,0.207,0.2238
2025-01-26,0.0616,0.0744,0.0867,0.3138,0.3365,0.3572,0.0473,0.0589,0.0695,0.0375,0.0461,0.0547,0.0223,0.0309,0.0412,0.172,0.1915,0.2123,0.027,0.0359,0.0447,0.1906,0.2071,0.2233
2025-02-02,0.0612,0.0745,0.0868,0.3158,0.338,0.3587,0.0474,0.0584,0.0695,0.0362,0.0449,0.054,0.0215,0.0305,0.0408,0.1725,0.1915,0.2119,0.027,0.0361,0.0451,0.1913,0.208,0.2238
2025-02-09,0.062,0.0749,0.0866,0.3178,0.34,0.3599,0.0465,0.0582,0.0695,0.0356,0.0445,0.0533,0.0214,0.0303,0.0403,0.1719,0.1914,0.2121,0.0268,0.0364,0.0451,0.1907,0.2068,0.2235
2025-02-16,0.0617,0.075,0.0871,0.3179,0.3409,0.3608,0.0457,0.058,0.0692,0.0363,0.0446,0.0532,0.0215,0.0303,0.0407,0.1723,0.1916,0.2124,0.0267,0.0363,0.0457,0.1887,0.2053,0.2218
2025-02-23,0.0631,0.0754,0.0878,0.3167,0.3393,0.3593,0.0461,0.0582,0.0698,0.0369,0.0455,0.0544,0.0218,0.0307,0.041,0.172,0.1914,0.2123,0.0274,0.037,0.0459,0.1879,0.2042,0.2203
2025-03-02,0.0637,0.0765,0.0888,0.3162,0.3393,0.3596,0.0462,0.0583,0.07,0.0371,0.0458,0.0545,0.0221,0.0305,0.0409,0.1728,0.1919,0.2134,0.0279,0.0374,0.0466,0.1846,0.2023,0.2185
2025-03-09,0.0636,0.0771,0.09,0.3176,0.3409,0.3615,0.0464,0.0577,0.0696,0.0367,0.0454,0.0543,0.0214,0.0301,0.0413,0.1727,0.1925,0.2155,0.0276,0.0372,0.0467,0.1834,0.2004,0.2171
2025-03-16,0.0646,0.0775,0.0907,0.3212,0.343,0.364,0.0449,0.0566,0.0686,0.036,0.0449,0.054,0.0208,0.0301,0.0413,0.1734,0.1928,0.2154,0.0273,0.0366,0.0461,0.1827,0.1992,0.2166
2025-03-23,0.0639,0.0778,0.0912,0.3227,0.3456,0.3653,0.0446,0.0561,0.0683,0.036,0.0446,0.0541,0.0208,0.0301,0.0411,0.173,0.1931,0.2146,0.0264,0.0361,0.0457,0.1814,0.1991,0.2163
2025-03-30,0.0631,0.0771,0.0901,0.3267,0.3492,0.3695,0.0433,0.0552,0.0669,0.0349,0.0436,0.0528,0.0198,0.0298,0.0409,0.1738,0.1947,0.2164,0.0253,0.035,0.0447,0.1792,0.1969,0.214
2025-04-06,0.0627,0.0767,0.0896,0.3305,0.3526,0.3733,0.0427,0.0547,0.0669,0.0343,0.0433,0.0525,0.0197,0.0292,0.0398,0.1747,0.1958,0.2174,0.0248,0.0345,0.0442,0.1765,0.1952,0.2126
2025-04-13,0.0625,0.0763,0.0901,0.331,0.3547,0.3757,0.0423,0.0545,0.0666,0.0348,0.044,0.0539,0.0189,0.0285,0.0394,0.1739,0.1948,0.2171,0.0247,0.0345,0.044,0.1761,0.194,0.2124
2025-04-20,0.0624,0.0761,0.0898,0.3304,0.3534,0.3753,0.0431,0.0549,0.0669,0.036,0.0455,0.0547,0.0187,0.0283,0.0393,0.1714,0.1936,0.2163,0.0253,0.035,0.0448,0.1765,0.1937,0.2108
2025-04-27,0.0624,0.0757,0.0889,0.3265,0.3503,0.3713,0.0433,0.0556,0.0678,0.0389,0.0484,0.0576,0.0196,0.0289,0.0397,0.1693,0.1909,0.2137,0.0262,0.0361,0.0457,0.1775,0.195,0.2133
2025-05-04,0.0606,0.0749,0.0887,0.3228,0.3461,0.3682,0.0436,0.0558,0.0685,0.0418,0.0514,0.0607,0.0196,0.0291,0.0402,0.1655,0.1874,0.2092,0.0269,0.0371,0.0471,0.1801,0.1981,0.2159
2025-05-11,0.0601,0.0739,0.0875,0.3212,0.3444,0.3671,0.0436,0.0558,0.0683,0.0429,0.0532,0.0626,0.0201,0.0292,0.0402,0.1639,0.1856,0.2077,0.0272,0.0372,0.0471,0.1827,0.2003,0.218
2025-05-18,0.0596,0.0736,0.087,0.3207,0.3449,0.3667,0.0438,0.0557,0.0681,0.0445,0.0544,0.0643,0.0195,0.0287,0.0398,0.1618,0.1838,0.2061,0.0282,0.0374,0.0476,0.1846,0.2018,0.2198
2025-05-25,0.0595,0.0736,0.0875,0.3199,0.3438,0.3665,0.044,0.0558,0.0681,0.0455,0.0555,0.0653,0.0184,0.0283,0.0397,0.1609,0.1829,0.2057,0.0281,0.0384,0.0484,0.1845,0.2017,0.2202
2025-06-01,0.0599,0.0737,0.088,0.3193,0.3442,0.3674,0.0435,0.0547,0.0674,0.0457,0.0558,0.066,0.0182,0.0283,0.0393,0.1617,0.1836,0.2061,0.0284,0.0385,0.0483,0.1829,0.2014,0.2204
2025-06-08,0.0596,0.0739,0.088,0.319,0.3453,0.3673,0.0425,0.0542,0.0669,0.0454,0.0551,0.0653,0.0183,0.0278,0.0396,0.1618,0.1839,0.2072,0.0284,0.0387,0.0485,0.1843,0.2014,0.2194
2025-06-15,0.0598,0.0738,0.0877,0.3197,0.3448,0.3683,0.0427,0.0546,0.067,0.0444,0.0545,0.0645,0.0184,0.0279,0.0399,0.1614,0.1837,0.2076,0.0286,0.039,0.0492,0.1844,0.2019,0.2209
2025-06-22,0.0593,0.0734,0.0885,0.3195,0.3452,0.3692,0.0417,0.0545,0.0673,0.0432,0.0539,0.0645,0.0183,0.0281,0.0406,0.1615,0.184,0.2079,0.028,0.039,0.0492,0.1839,0.2027,0.2217
2025-06-29,0.0595,0.0731,0.0889,0.3179,0.3448,0.3696,0.0414,0.0542,0.0673,0.0423,0.0533,0.0641,0.0184,0.0285,0.0405,0.1603,0.1843,0.2079,0.0274,0.0388,0.0493,0.1847,0.2047,0.2232
2025-07-06,0.0587,0.0729,0.0884,0.3188,0.3441,0.3699,0.0408,0.0542,0.0677,0.0409,0.0528,0.0635,0.0185,0.0288,0.041,0.1603,0.1839,0.208,0.0275,0.0387,0.0491,0.185,0.2056,0.2246
2025-07-13,0.058,0.0727,0.0883,0.318,0.3434,0.3694,0.0406,0.0541,0.0676,0.0407,0.0517,0.0623,0.0182,0.0288,0.0412,0.1611,0.1841,0.209,0.0272,0.0384,0.0486,0.1859,0.2063,0.227
2025-07-20,0.0577,0.0724,0.0882,0.3152,0.3427,0.369,0.0411,0.0541,0.0682,0.0414,0.0517,0.0628,0.0189,0.0291,0.0416,0.1605,0.184,0.2087,0.0271,0.0383,0.0485,0.1865,0.2077,0.2285
2025-07-27,0.0574,0.0718,0.0875,0.3145,0.3406,0.3668,0.0417,0.0549,0.0691,0.0414,0.0523,0.063,0.0187,0.0294,0.0417,0.1596,0.1836,0.2078,0.0271,0.0387,0.0484,0.1881,0.2083,0.2298
2025-08-03,0.0565,0.0715,0.0863,0.3135,0.3394,0.3657,0.0424,0.0554,0.0694,0.0414,0.0528,0.0636,0.0191,0.0296,0.0428,0.1592,0.1828,0.2078,0.0273,0.0385,0.0489,0.1897,0.2098,0.231
2025-08-10,0.0565,0.0709,0.0858,0.3121,0.3388,0.3631,0.0429,0.0558,0.0696,0.0426,0.0531,0.0636,0.0195,0.03,0.0425,0.1573,0.1823,0.2076,0.0274,0.0386,0.0492,0.1904,0.2113,0.2308
2025-08-17,0.0556,0.0704,0.0856,0.3118,0.3385,0.3625,0.043,0.0558,0.0694,0.0427,0.053,0.0633,0.0193,0.03,0.0425,0.1579,0.1817,0.2058,0.0276,0.0388,0.0494,0.1925,0.2125,0.231
2025-08-24,0.0552,0.0705,0.0852,0.3135,0.3393,0.3638,0.0429,0.0553,0.0693,0.042,0.0522,0.0628,0.0187,0.0293,0.0419,0.156,0.1809,0.2055,0.028,0.0393,0.0494,0.1935,0.2134,0.233
2025-08-31,0.0543,0.0698,0.0848,0.3158,0.3404,0.3645,0.0426,0.0548,0.0685,0.0418,0.0524,0.0628,0.0182,0.0286,0.0414,0.1562,0.1803,0.2055,0.0283,0.0395,0.0501,0.1943,0.2148,0.2329
2025-09-07,0.053,0.0688,0.0839,0.3152,0.3425,0.3657,0.0412,0.0538,0.068,0.0415,0.0521,0.0627,0.0177,0.0284,0.0414,0.1546,0.1798,0.2052,0.0278,0.0391,0.0504,0.1963,0.2166,0.2354
2025-09-14,0.0521,0.0676,0.0825,0.3165,0.3438,0.3676,0.039,0.0518,0.0657,0.0408,0.0516,0.0624,0.018,0.0285,0.0413,0.154,0.1791,0.2047,0.0278,0.0388,0.0498,0.2003,0.2203,0.2403
2025-09-21,0.0524,0.0678,0.0833,0.317,0.3437,0.3699,0.0382,0.0517,0.0655,0.0407,0.0512,0.0619,0.0172,0.0285,0.0412,0.1544,0.1795,0.2057,0.0281,0.0391,0.0502,0.2,0.22,0.2386
2025-09-28,0.0529,0.0687,0.0849,0.3166,0.3434,0.3683,0.0391,0.0525,0.0665,0.0408,0.0514,0.0621,0.017,0.0278,0.0408,0.1557,0.1804,0.2072,0.0281,0.04,0.0511,0.1963,0.2169,0.2365
2025-10-05,0.0526,0.0687,0.0844,0.314,0.3422,0.3671,0.0397,0.0531,0.067,0.0413,0.0516,0.0623,0.0166,0.0275,0.0401,0.1558,0.1807,0.2068,0.0288,0.0406,0.0514,0.1964,0.2168,0.2375
2025-10-12,0.0506,0.068,0.0831,0.3124,0.3401,0.3657,0.0395,0.0532,0.0672,0.0418,0.0521,0.0632,0.0165,0.0272,0.0402,0.1539,0.1805,0.2059,0.0294,0.0412,0.052,0.1988,0.2195,0.2399
2025-10-19,0.0508,0.0676,0.0836,0.3112,0.3389,0.364,0.0405,0.0544,0.0688,0.0419,0.0523,0.0633,0.0163,0.0267,0.0407,0.1553,0.1803,0.2064,0.0301,0.0417,0.0526,0.1988,0.2195,0.2388
2025-10-26,0.0523,0.0679,0.0843,0.3114,0.3381,0.3643,0.0428,0.0565,0.0703,0.0418,0.0521,0.0626,0.0152,0.0261,0.0395,0.1549,0.1807,0.2082,0.0302,0.0423,0.0532,0.1963,0.2175,0.2378
2025-11-02,0.0531,0.069,0.0847,0.3123,0.3393,0.3647,0.0439,0.0578,0.0724,0.0405,0.0514,0.0623,0.0148,0.0256,0.0394,0.1579,0.1824,0.2099,0.0306,0.0422,0.0535,0.1929,0.2137,0.2347
2025-11-09,0.0528,0.0686,0.0846,0.3158,0.3424,0.3677,0.0438,0.0578,0.0723,0.0394,0.0499,0.0605,0.014,0.025,0.0383,0.1577,0.1831,0.2094,0.0307,0.0421,0.0535,0.1915,0.2129,0.2337
2025-11-16,0.0515,0.0682,0.0838,0.3175,0.345,0.3699,0.0425,0.0569,0.0715,0.0376,0.0488,0.0599,0.0133,0.0244,0.0379,0.1566,0.1824,0.208,0.0302,0.042,0.0535,0.1943,0.2148,0.2355
2025-11-23,0.0517,0.0681,0.0839,0.3149,0.3439,0.3698,0.0422,0.0568,0.0718,0.0381,0.0486,0.0604,0.0135,0.0243,0.0378,0.1557,0.1813,0.2086,0.0307,0.0428,0.0542,0.1952,0.216,0.2373
2025-11-30,0.0517,0.068,0.0842,0.3142,0.3421,0.3691,0.0426,0.0577,0.0721,0.0382,0.0488,0.0602,0.0132,0.0242,0.0378,0.1539,0.1802,0.2086,0.0318,0.0436,0.0552,0.1956,0.2176,0.2383
2025-12-07,0.0518,0.0681,0.0841,0.3131,0.3419,0.3672,0.0427,0.0574,0.0721,0.0366,0.0485,0.0595,0.0128,0.024,0.037,0.1531,0.1791,0.2065,0.0312,0.0434,0.055,0.1986,0.2202,0.2408
2025-12-14,0.0526,0.0689,0.0846,0.3107,0.3396,0.3668,0.0431,0.0577,0.0728,0.0372,0.0484,0.0599,0.013,0.0239,0.0371,0.1525,0.1789,0.2066,0.0314,0.0435,0.0552,0.1986,0.2205,0.2427
2025-12-21,0.0527,0.07,0.0864,0.3091,0.3384,0.3646,0.0439,0.0586,0.0735,0.0375,0.049,0.0609,0.0124,0.0236,0.0373,0.1529,0.1791,0.2077,0.032,0.044,0.0562,0.1971,0.2186,0.24
2025-12-28,0.0534,0.0704,0.0862,0.3089,0.3384,0.3651,0.0441,0.0589,0.0742,0.0383,0.0496,0.0617,0.0121,0.0234,0.0372,0.1516,0.1787,0.2079,0.0318,0.0443,0.0557,0.1962,0.2189,0.2401
2026-01-04,0.0532,0.0706,0.0865,0.3081,0.3372,0.3635,0.0449,0.0592,0.0739,0.0388,0.0508,0.0621,0.0116,0.023,0.0366,0.1505,0.1771,0.2057,0.0322,0.0447,0.0567,0.1971,0.2192,0.2399
2026-01-11,0.0532,0.0706,0.0871,0.3088,0.3378,0.3642,0.0438,0.0581,0.0734,0.0391,0.0509,0.0625,0.0115,0.0229,0.0367,0.1503,0.1768,0.2043,0.0328,0.0447,0.0568,0.198,0.2201,0.2414
2026-01-18,0.0539,0.0715,0.0881,0.3102,0.3398,0.3665,0.0422,0.0566,0.072,0.0381,0.0501,0.0619,0.011,0.0225,0.0366,0.1506,0.1773,0.205,0.0322,0.0445,0.0569,0.1985,0.2189,0.2412
2026-01-25,0.0555,0.0722,0.0897,0.3107,0.3408,0.3674,0.0416,0.0564,0.0719,0.0379,0.05,0.0618,0.011,0.0225,0.0364,0.1519,0.1778,0.2063,0.032,0.0448,0.0564,0.1964,0.2173,0.2397
2026-02-01,0.0561,0.0731,0.0903,0.3098,0.34,0.368,0.0415,0.0565,0.0715,0.039,0.0504,0.0624,0.0109,0.0224,0.0364,0.1518,0.1787,0.2072,0.0323,0.0455,0.0573,0.1938,0.2152,0.2378
2026-02-08,0.0564,0.0734,0.0909,0.3102,0.3399,0.3661,0.0411,0.0562,0.0716,0.0391,0.051,0.0633,0.0109,0.0226,0.0371,0.1513,0.1782,0.2059,0.0322,0.0453,0.0573,0.1942,0.2158,0.2379
2026-02-15,0.0572,0.0743,0.0909,0.3071,0.3377,0.3653,0.0414,0.0566,0.0722,0.0406,0.0529,0.065,0.0114,0.023,0.0374,0.1503,0.1769,0.2049,0.0328,0.0456,0.0576,0.193,0.2155,0.2374
2026-02-22,0.0576,0.0751,0.0923,0.3006,0.3326,0.3598,0.0427,0.0584,0.0743,0.0433,0.0556,0.0675,0.0116,0.0236,0.0381,0.1501,0.1764,0.2052,0.0338,0.0469,0.0589,0.1906,0.2134,0.2358
2026-03-01,0.0578,0.0754,0.0922,0.2956,0.3263,0.3554,0.0453,0.06,0.0761,0.0463,0.0582,0.0705,0.0128,0.0243,0.0387,0.148,0.1754,0.2041,0.0356,0.0486,0.0613,0.1895,0.2129,0.2352
2026-03-08,0.0579,0.0751,0.0929,0.2925,0.3239,0.3521,0.0447,0.0605,0.0769,0.0479,0.0598,0.072,0.013,0.0249,0.0396,0.1479,0.1754,0.2044,0.0362,0.0494,0.0619,0.1889,0.2118,0.236
2026-03-15,0.0577,0.0756,0.0935,0.2929,0.3243,0.3523,0.045,0.0602,0.0766,0.0485,0.0605,0.0729,0.0138,0.0255,0.0399,0.1487,0.1763,0.2051,0.0364,0.049,0.0618,0.1852,0.2099,0.2333
2026-03-22,0.0576,0.0759,0.0937,0.2929,0.324,0.3524,0.0451,0.0602,0.0766,0.0491,0.061,0.0742,0.0137,0.0255,0.0404,0.1477,0.1771,0.2056,0.0366,0.0492,0.0619,0.1843,0.2076,0.23
2026-03-29,0.0573,0.0759,0.0934,0.2901,0.3217,0.3503,0.0454,0.0611,0.0775,0.0511,0.063,0.076,0.014,0.0258,0.0408,0.1478,0.1767,0.206,0.0376,0.0506,0.0629,0.1826,0.2065,0.2297
2026-04-05,0.0572,0.0757,0.0934,0.2888,0.3202,0.3499,0.046,0.0616,0.0777,0.052,0.0644,0.0775,0.0141,0.0263,0.0413,0.1474,0.1762,0.2057,0.0378,0.0511,0.0637,0.1812,0.2052,0.2292
2026-04-12,0.0571,0.0759,0.0944,0.2884,0.3199,0.3489,0.0466,0.0622,0.0783,0.0512,0.0639,0.0767,0.0149,0.027,0.0418,0.1489,0.1776,0.2079,0.0378,0.0507,0.0632,0.1792,0.2032,0.2273
2026-04-19,0.0582,0.0767,0.0945,0.2888,0.3203,0.3503,0.0487,0.0636,0.0802,0.0499,0.0627,0.0754,0.0145,0.0268,0.0418,0.1497,0.1787,0.2095,0.037,0.0504,0.0634,0.1781,0.2012,0.2242
2026-04-26,0.0596,0.0781,0.0958,0.2896,0.3213,0.3505,0.0503,0.0658,0.0827,0.0484,0.0613,0.0739,0.0134,0.0259,0.0407,0.1487,0.1784,0.2099,0.0377,0.0508,0.0641,0.1762,0.199,0.2223
2026-05-03,0.0603,0.0794,0.0982,0.2875,0.3199,0.3491,0.0516,0.0678,0.085,0.0479,0.0604,0.0728,0.0126,0.0249,0.0402,0.1484,0.1777,0.209,0.0379,0.0514,0.0643,0.1746,0.1982,0.2221
2026-05-10,0.0617,0.0807,0.1001,0.2859,0.3173,0.3471,0.0535,0.0687,0.0862,0.0482,0.0608,0.0732,0.0123,0.0246,0.0397,0.1475,0.1766,0.2088,0.0385,0.0527,0.0654,0.1743,0.1984,0.2219
2026-05-17,0.0619,0.0812,0.0993,0.2855,0.3171,0.3479,0.0525,0.0681,0.0846,0.0483,0.0606,0.0738,0.0117,0.0244,0.0399,0.1476,0.176,0.2072,0.0392,0.0533,0.0664,0.1761,0.1994,0.2232
2026-05-24,0.062,0.0813,0.0984,0.2864,0.3191,0.3493,0.0523,0.0681,0.0854,0.0477,0.0603,0.0734,0.0111,0.0237,0.0392,0.1458,0.1751,0.2069,0.0397,0.0536,0.0671,0.1763,0.2001,0.2245
2026-05-31,0.0633,0.0824,0.1008,0.2841,0.3173,0.3466,0.0532,0.069,0.0859,0.0476,0.0605,0.0736,0.0106,0.0228,0.0387,0.1442,0.1743,0.2056,0.042,0.0554,0.0685,0.1749,0.1992,0.2225
2026-06-07,0.0633,0.0828,0.1013,0.2844,0.3163,0.3468,0.0526,0.0692,0.0862,0.0479,0.0606,0.0736,0.0096,0.0223,0.0382,0.1434,0.1724,0.2042,0.043,0.0572,0.0703,0.1767,0.1998,0.2233
2026-06-14,0.0622,0.0818,0.1005,0.2838,0.3156,0.3468,0.0535,0.0692,0.0868,0.0498,0.0619,0.0753,0.0088,0.0219,0.0378,0.1415,0.1716,0.2032,0.0441,0.0581,0.071,0.1766,0.2,0.2247
2026-06-21,0.0607,0.0804,0.0988,0.2816,0.3144,0.345,0.054,0.0701,0.0887,0.0509,0.0633,0.0771,0.009,0.0219,0.0376,0.1411,0.1718,0.2028,0.0446,0.0592,0.072,0.1756,0.2002,0.2256
2026-06-28,0.0595,0.0793,0.0984,0.2811,0.3144,0.3463,0.0536,0.0701,0.089,0.0507,0.0636,0.0778,0.0086,0.0216,0.0374,0.1407,0.1716,0.2034,0.0446,0.0594,0.0733,0.1748,0.2009,0.2257
2026-07-05,0.0582,0.0781,0.0974,0.281,0.3146,0.3469,0.0534,0.0706,0.0896,0.051,0.0637,0.078,0.0089,0.0215,0.0375,0.1401,0.1713,0.2028,0.0447,0.0593,0.0731,0.1762,0.2022,0.2263
2026-07-12,0.0575,0.0775,0.0963,0.2811,0.3152,0.3468,0.0534,0.0707,0.0891,0.0508,0.0638,0.0772,0.0086,0.0213,0.0373,0.1406,0.1711,0.2037,0.0451,0.0596,0.0731,0.1776,0.2025,0.2274
2026-07-19,0.057,0.0771,0.0964,0.2781,0.3122,0.343,0.0541,0.0715,0.0886,0.0519,0.0653,0.0783,0.0089,0.0215,0.0377,0.1406,0.1715,0.2044,0.0463,0.0604,0.0747,0.1775,0.2024,0.2282
2026-07-26,0.0573,0.0761,0.0955,0.2732,0.3084,0.3396,0.0552,0.072,0.0901,0.0545,0.0673,0.0806,0.0094,0.0223,0.0387,0.1412,0.1719,0.2047,0.0462,0.0615,0.0764,0.1756,0.2013,0.2276
2026-08-02,0.0567,0.076,0.0957,0.2702,0.3043,0.335,0.0558,0.0726,0.0908,0.0562,0.0693,0.0836,0.0098,0.0231,0.0392,0.1422,0.1732,0.2062,0.0476,0.0624,0.0769,0.1737,0.2,0.2261
2026-08-09,0.0558,0.0764,0.0951,0.2662,0.3012,0.3322,0.0574,0.0734,0.0922,0.058,0.0711,0.0842,0.0105,0.0237,0.04,0.145,0.1745,0.2076,0.0483,0.0629,0.0775,0.1703,0.1972,0.2232
2026-08-16,0.0575,0.0773,0.0964,0.2654,0.298,0.3297,0.0562,0.0734,0.0915,0.057,0.071,0.0849,0.0115,0.0248,0.0413,0.1462,0.1761,0.2102,0.0477,0.0628,0.076,0.17,0.1961,0.2223
2026-08-23,0.0587,0.0788,0.0981,0.2589,0.2925,0.3244,0.0562,0.0732,0.0914,0.0587,0.0718,0.086,0.013,0.0268,0.0432,0.1452,0.1771,0.2118,0.0478,0.0628,0.0766,0.171,0.197,0.2224
2026-08-30,0.0586,0.08,0.0994,0.2436,0.2766,0.3082,0.0589,0.0762,0.0946,0.0649,0.0786,0.0926,0.0163,0.0298,0.0466,0.1443,0.1752,0.2091,0.0508,0.0653,0.0794,0.1723,0.1976,0.2225
2026-09-06,0.0595,0.08,0.0999,0.2387,0.2731,0.3055,0.0591,0.077,0.0957,0.0659,0.0798,0.0942,0.0177,0.0315,0.0484,0.1444,0.1755,0.2103,0.0495,0.0648,0.079,0.1714,0.1966,0.222
2026-09-13,0.0581,0.0796,0.1009,0.2367,0.2732,0.3056,0.0588,0.0773,0.0966,0.0653,0.0802,0.0953,0.0178,0.0317,0.0486,0.1444,0.1758,0.2103,0.0492,0.0648,0.0805,0.1695,0.1965,0.2243
2026-09-20,0.058,0.0797,0.1008,0.2351,0.2727,0.3073,0.0588,0.0771,0.0985,0.0643,0.0797,0.0965,0.0176,0.0317,0.0492,0.1438,0.1754,0.2109,0.0482,0.0647,0.0806,0.168,0.1965,0.2245
2026-09-27,0.0578,0.0799,0.102,0.2344,0.2722,0.3086,0.0584,0.0771,0.0986,0.064,0.0799,0.0975,0.0174,0.0321,0.0495,0.1437,0.1756,0.2103,0.0481,0.0649,0.0816,0.1677,0.1966,0.225
2026-10-04,0.0574,0.0797,0.1022,0.2328,0.2725,0.3083,0.0574,0.0772,0.0992,0.0635,0.0803,0.0982,0.0176,0.0318,0.0496,0.143,0.1754,0.2109,0.0477,0.065,0.0821,0.1647,0.1965,0.2256
2026-10-11,0.0578,0.0801,0.103,0.233,0.2724,0.3093,0.0575,0.0765,0.0996,0.0631,0.0802,0.0991,0.0172,0.0322,0.0498,0.1433,0.1759,0.2128,0.0476,0.0648,0.0818,0.1647,0.1961,0.2273
2026-10-18,0.0566,0.0797,0.103,0.2318,0.2726,0.3087,0.057,0.0765,0.0999,0.0622,0.0803,0.0996,0.0167,0.0323,0.0499,0.1429,0.1759,0.2124,0.047,0.0648,0.0827,0.1642,0.1961,0.2291
2026-10-25,0.0563,0.0794,0.1043,0.2301,0.2721,0.3102,0.0566,0.0769,0.0998,0.0615,0.0796,0.101,0.0164,0.0322,0.0497,0.1429,0.1759,0.2128,0.0476,0.0648,0.083,0.1633,0.1957,0.2292
2026-11-01,0.0543,0.0793,0.1054,0.2285,0.273,0.3111,0.0565,0.0768,0.1001,0.0609,0.08,0.1003,0.0162,0.0322,0.0507,0.142,0.1764,0.214,0.0467,0.0648,0.0833,0.1619,0.1954,0.2307
